sleeve,model,feature,weight
BTC_S6_60_150,ridge,mp_skew,-0.017226607189508518
BTC_S6_60_150,ridge,mp_weighted_skew,-0.07931089069196992
BTC_S6_60_150,ridge,mp_skew_change_500ms,-0.014755120808213174
BTC_S6_60_150,ridge,mp_up_dev_bps,-0.022959619334217186
BTC_S6_60_150,ridge,mp_dn_dev_bps,-0.0442621187888215
BTC_S6_60_150,ridge,mp_imbalance,-0.04270909614516626
BTC_S6_60_150,ridge,mp_weighted_imbalance,-0.06659565868882912
BTC_S6_60_150,ridge,L_stat,0.058983538061879996
BTC_S6_60_150,ridge,hawkes_lambda_imbalance,0.04096872751665161
BTC_S6_60_150,ridge,hawkes_lambda_total,0.006253093104009259
BTC_S6_60_150,ridge,rv_ratio_60_to_3600,-0.012170167153356408
BTC_S6_60_150,ridge,hurst_300s,-0.010072621974032041
BTC_S6_60_150,ridge,hurst_100s,0.015407348821049166
BTC_S6_60_150,ridge,hurst_900s,0.018975662949608122
BTC_S6_60_150,ridge,trend_slope_30m,0.04815911800341729
BTC_S6_60_150,ridge,rv_60s,-0.027275748442054586
BTC_S6_60_150,ridge,rv_300s,0.044590618826331516
BTC_S6_60_150,ridge,up_imb5,0.031063960089919327
BTC_S6_60_150,ridge,dn_imb5,-0.043100286411676555
BTC_S6_60_150,ridge,up_imb25,-0.03311457054174599
BTC_S6_60_150,ridge,dn_imb25,0.03518659219912613
BTC_S6_60_150,ridge,up_queue_top_bid,0.019018056624084883
BTC_S6_60_150,ridge,up_micro_dev_bps,0.013012050865514565
BTC_S6_60_150,ridge,dn_micro_dev_bps,0.029968520114013845
BTC_S6_60_150,ridge,up_bid_slope,0.04506159078755174
BTC_S6_60_150,ridge,up_ask_slope,0.008430970038391631
BTC_S6_60_150,ridge,dn_bid_slope,-0.005679692190271674
BTC_S6_60_150,ridge,dn_ask_slope,-0.04544369490755746
BTC_S6_60_150,ridge,up_imb5_change_500ms,0.02535128549090485
BTC_S6_60_150,ridge,up_quote_intensity_5s,-0.020038207563499333
BTC_S6_60_150,ridge,ribbon_alignment_pct,-0.012086364497977547
BTC_S6_60_150,ridge,ribbon_compression_bps,-0.08114912497263735
BTC_S6_60_150,ridge,adx_14,0.021820440179605133
BTC_S6_60_150,ridge,plus_di_14,-0.010514404191345956
BTC_S6_60_150,ridge,minus_di_14,-0.005437520638972517
BTC_S6_60_150,ridge,vwap_since_open_bps,0.0761963259580531
BTC_S6_60_150,ridge,mfi_60s,-0.0317025048486987
BTC_S6_60_150,ridge,stoch_k_60s,-0.03642063644783167
BTC_S6_60_150,ridge,stoch_d_60s,0.04956981833118055
BTC_S6_60_150,ridge,cci_60s,-0.09636073852403364
BTC_S6_60_150,ridge,bb_pos_60s,0.03611210083436452
BTC_S6_60_150,ridge,bb_width_60s,0.01135986714078484
BTC_S6_60_150,ridge,ofi_skew_l1_30s,0.01789999820548525
BTC_S6_60_150,ridge,mlofi_skew_l5_30s,-0.012083358028021053
BTC_S6_60_150,ridge,mlofi_skew_l5_60s,-0.004369777094760989
BTC_S6_60_150,ridge,mlofi_skew_l25_30s,0.02903430321829911
BTC_S6_60_150,ridge,rsi_14,0.04481411273307617
BTC_S6_60_150,ridge,cvd,0.08009417112606931
BTC_S6_60_150,ridge,vpin_value,-0.06411729110494192
BTC_S6_60_150,ridge,vpin_zscore,0.08159919037784115
BTC_S6_60_150,ridge,as_uncertainty,0.06639195156401918
BTC_S6_60_150,ridge,as_skew,-0.03176726712714629
BTC_S6_60_150,elastic_net,mp_skew,-0.0
BTC_S6_60_150,elastic_net,mp_weighted_skew,-0.06373083044332985
BTC_S6_60_150,elastic_net,mp_skew_change_500ms,-0.009810207566459951
BTC_S6_60_150,elastic_net,mp_up_dev_bps,-0.013745469340241913
BTC_S6_60_150,elastic_net,mp_dn_dev_bps,-0.00822022605482789
BTC_S6_60_150,elastic_net,mp_imbalance,-0.0348960240051784
BTC_S6_60_150,elastic_net,mp_weighted_imbalance,-0.05970404802794325
BTC_S6_60_150,elastic_net,L_stat,0.03864757278752496
BTC_S6_60_150,elastic_net,hawkes_lambda_imbalance,0.03794732750881371
BTC_S6_60_150,elastic_net,hawkes_lambda_total,0.0
BTC_S6_60_150,elastic_net,rv_ratio_60_to_3600,-0.005186771275125606
BTC_S6_60_150,elastic_net,hurst_300s,-0.0
BTC_S6_60_150,elastic_net,hurst_100s,0.006463430872626355
BTC_S6_60_150,elastic_net,hurst_900s,0.005092951466314186
BTC_S6_60_150,elastic_net,trend_slope_30m,0.04663527540705698
BTC_S6_60_150,elastic_net,rv_60s,-0.0
BTC_S6_60_150,elastic_net,rv_300s,0.002632248041261406
BTC_S6_60_150,elastic_net,up_imb5,0.0101251891640454
BTC_S6_60_150,elastic_net,dn_imb5,-0.04401129451741113
BTC_S6_60_150,elastic_net,up_imb25,-0.02660869813984707
BTC_S6_60_150,elastic_net,dn_imb25,0.027658422262666956
BTC_S6_60_150,elastic_net,up_queue_top_bid,0.0062809574759335575
BTC_S6_60_150,elastic_net,up_micro_dev_bps,0.0
BTC_S6_60_150,elastic_net,dn_micro_dev_bps,0.0
BTC_S6_60_150,elastic_net,up_bid_slope,0.029587054699502718
BTC_S6_60_150,elastic_net,up_ask_slope,-0.0
BTC_S6_60_150,elastic_net,dn_bid_slope,0.0
BTC_S6_60_150,elastic_net,dn_ask_slope,-0.03249705759471686
BTC_S6_60_150,elastic_net,up_imb5_change_500ms,0.019186227693033353
BTC_S6_60_150,elastic_net,up_quote_intensity_5s,-0.015499981188171093
BTC_S6_60_150,elastic_net,ribbon_alignment_pct,-0.007999638647770927
BTC_S6_60_150,elastic_net,ribbon_compression_bps,-0.005447497394740671
BTC_S6_60_150,elastic_net,adx_14,0.015015010812708894
BTC_S6_60_150,elastic_net,plus_di_14,-0.006637560888852081
BTC_S6_60_150,elastic_net,minus_di_14,0.0
BTC_S6_60_150,elastic_net,vwap_since_open_bps,0.036341327665797916
BTC_S6_60_150,elastic_net,mfi_60s,-0.023377435751239115
BTC_S6_60_150,elastic_net,stoch_k_60s,0.0
BTC_S6_60_150,elastic_net,stoch_d_60s,0.011928404553507452
BTC_S6_60_150,elastic_net,cci_60s,-0.07210251086886034
BTC_S6_60_150,elastic_net,bb_pos_60s,0.026807609367318373
BTC_S6_60_150,elastic_net,bb_width_60s,-0.0
BTC_S6_60_150,elastic_net,ofi_skew_l1_30s,0.009504246327147385
BTC_S6_60_150,elastic_net,mlofi_skew_l5_30s,0.0
BTC_S6_60_150,elastic_net,mlofi_skew_l5_60s,0.0013884044827058202
BTC_S6_60_150,elastic_net,mlofi_skew_l25_30s,0.009784113796964651
BTC_S6_60_150,elastic_net,rsi_14,0.0366758486934276
BTC_S6_60_150,elastic_net,cvd,0.0708467376100192
BTC_S6_60_150,elastic_net,vpin_value,-0.03149283145182993
BTC_S6_60_150,elastic_net,vpin_zscore,0.054817809010870126
BTC_S6_60_150,elastic_net,as_uncertainty,0.0
BTC_S6_60_150,elastic_net,as_skew,-0.0
BTC_S6_60_150,logistic_l2,mp_skew,-0.1400591879186949
BTC_S6_60_150,logistic_l2,mp_weighted_skew,-0.7080870800951378
BTC_S6_60_150,logistic_l2,mp_skew_change_500ms,-0.17856890474594303
BTC_S6_60_150,logistic_l2,mp_up_dev_bps,-0.23730113825765134
BTC_S6_60_150,logistic_l2,mp_dn_dev_bps,-0.2353016324659578
BTC_S6_60_150,logistic_l2,mp_imbalance,-0.39865152220878575
BTC_S6_60_150,logistic_l2,mp_weighted_imbalance,-0.43417667910190355
BTC_S6_60_150,logistic_l2,L_stat,0.6731646622576649
BTC_S6_60_150,logistic_l2,hawkes_lambda_imbalance,0.29429055833505025
BTC_S6_60_150,logistic_l2,hawkes_lambda_total,0.2707352364408949
BTC_S6_60_150,logistic_l2,rv_ratio_60_to_3600,-0.1262258018889329
BTC_S6_60_150,logistic_l2,hurst_300s,-0.09495490013793162
BTC_S6_60_150,logistic_l2,hurst_100s,0.0847820985335496
BTC_S6_60_150,logistic_l2,hurst_900s,0.17380330686325382
BTC_S6_60_150,logistic_l2,trend_slope_30m,0.4177620886447905
BTC_S6_60_150,logistic_l2,rv_60s,-0.3278246503224445
BTC_S6_60_150,logistic_l2,rv_300s,0.289151347356154
BTC_S6_60_150,logistic_l2,up_imb5,0.23353734345015678
BTC_S6_60_150,logistic_l2,dn_imb5,-0.31469768140774945
BTC_S6_60_150,logistic_l2,up_imb25,-0.1632678617015823
BTC_S6_60_150,logistic_l2,dn_imb25,0.180686153459766
BTC_S6_60_150,logistic_l2,up_queue_top_bid,0.37083682696071696
BTC_S6_60_150,logistic_l2,up_micro_dev_bps,0.13538320485304928
BTC_S6_60_150,logistic_l2,dn_micro_dev_bps,0.2628037774119218
BTC_S6_60_150,logistic_l2,up_bid_slope,0.27034896274593667
BTC_S6_60_150,logistic_l2,up_ask_slope,0.001500088246470465
BTC_S6_60_150,logistic_l2,dn_bid_slope,0.02245975752171543
BTC_S6_60_150,logistic_l2,dn_ask_slope,-0.27230475120996644
BTC_S6_60_150,logistic_l2,up_imb5_change_500ms,0.2043232075361522
BTC_S6_60_150,logistic_l2,up_quote_intensity_5s,-0.10397825309679515
BTC_S6_60_150,logistic_l2,ribbon_alignment_pct,-0.03337310179134697
BTC_S6_60_150,logistic_l2,ribbon_compression_bps,-0.6492753643483659
BTC_S6_60_150,logistic_l2,adx_14,0.22671453604460773
BTC_S6_60_150,logistic_l2,plus_di_14,0.07485856465374545
BTC_S6_60_150,logistic_l2,minus_di_14,0.14116927528602274
BTC_S6_60_150,logistic_l2,vwap_since_open_bps,0.49232569828788647
BTC_S6_60_150,logistic_l2,mfi_60s,-0.19103068345968213
BTC_S6_60_150,logistic_l2,stoch_k_60s,-0.40282938098286103
BTC_S6_60_150,logistic_l2,stoch_d_60s,0.43198400555902505
BTC_S6_60_150,logistic_l2,cci_60s,-0.7448685060600537
BTC_S6_60_150,logistic_l2,bb_pos_60s,0.2234370585143895
BTC_S6_60_150,logistic_l2,bb_width_60s,-0.01567357408809351
BTC_S6_60_150,logistic_l2,ofi_skew_l1_30s,-0.06500534904307972
BTC_S6_60_150,logistic_l2,mlofi_skew_l5_30s,0.27387305656670663
BTC_S6_60_150,logistic_l2,mlofi_skew_l5_60s,-0.06373544241030173
BTC_S6_60_150,logistic_l2,mlofi_skew_l25_30s,0.31574208288429934
BTC_S6_60_150,logistic_l2,rsi_14,0.3405759915588021
BTC_S6_60_150,logistic_l2,cvd,0.6881732299006439
BTC_S6_60_150,logistic_l2,vpin_value,-0.6288022028538104
BTC_S6_60_150,logistic_l2,vpin_zscore,0.7508137502377722
BTC_S6_60_150,logistic_l2,as_uncertainty,0.2791561670649676
BTC_S6_60_150,logistic_l2,as_skew,-0.16859917501191418
BTC_S6_60_150,logistic_poly2,mp_skew,-0.02298706391969539
BTC_S6_60_150,logistic_poly2,mp_weighted_skew,-0.18627401464574625
BTC_S6_60_150,logistic_poly2,mp_skew_change_500ms,-0.12605169892803808
BTC_S6_60_150,logistic_poly2,mp_up_dev_bps,0.05360324108708016
BTC_S6_60_150,logistic_poly2,mp_dn_dev_bps,-0.025326442511974544
BTC_S6_60_150,logistic_poly2,mp_imbalance,-0.22235555471540241
BTC_S6_60_150,logistic_poly2,mp_weighted_imbalance,-0.23295046554869994
BTC_S6_60_150,logistic_poly2,L_stat,0.15107902182727548
BTC_S6_60_150,logistic_poly2,hawkes_lambda_imbalance,0.16376458729009544
BTC_S6_60_150,logistic_poly2,hawkes_lambda_total,0.0912914892762138
BTC_S6_60_150,logistic_poly2,rv_ratio_60_to_3600,-0.028717601914109797
BTC_S6_60_150,logistic_poly2,hurst_300s,-0.013234719225250933
BTC_S6_60_150,logistic_poly2,hurst_100s,-0.05990856943201947
BTC_S6_60_150,logistic_poly2,hurst_900s,0.09279327742281163
BTC_S6_60_150,logistic_poly2,trend_slope_30m,0.36370488306267046
BTC_S6_60_150,logistic_poly2,rv_60s,-0.013557277832608449
BTC_S6_60_150,logistic_poly2,rv_300s,-0.012372633387907585
BTC_S6_60_150,logistic_poly2,up_imb5,-0.007989171055629263
BTC_S6_60_150,logistic_poly2,dn_imb5,0.005216934113296844
BTC_S6_60_150,logistic_poly2,up_imb25,-0.10717903309866607
BTC_S6_60_150,logistic_poly2,dn_imb25,0.10725922568568791
BTC_S6_60_150,logistic_poly2,up_queue_top_bid,0.11956635876542127
BTC_S6_60_150,logistic_poly2,up_micro_dev_bps,-0.03034945098061965
BTC_S6_60_150,logistic_poly2,dn_micro_dev_bps,0.009114870190466364
BTC_S6_60_150,logistic_poly2,up_bid_slope,0.025587135971001058
BTC_S6_60_150,logistic_poly2,up_ask_slope,-0.15508263121252383
BTC_S6_60_150,logistic_poly2,dn_bid_slope,0.15510434269366444
BTC_S6_60_150,logistic_poly2,dn_ask_slope,-0.026007241277334905
BTC_S6_60_150,logistic_poly2,up_imb5_change_500ms,-0.06312471155301529
BTC_S6_60_150,logistic_poly2,up_quote_intensity_5s,-0.09204284477169256
BTC_S6_60_150,logistic_poly2,ribbon_alignment_pct,-0.038596138041506876
BTC_S6_60_150,logistic_poly2,ribbon_compression_bps,0.02943941898578291
BTC_S6_60_150,logistic_poly2,adx_14,0.11647568142943676
BTC_S6_60_150,logistic_poly2,plus_di_14,-0.027759371179738822
BTC_S6_60_150,logistic_poly2,minus_di_14,0.12058051016800421
BTC_S6_60_150,logistic_poly2,vwap_since_open_bps,0.09251687977580568
BTC_S6_60_150,logistic_poly2,mfi_60s,-0.14466379474500368
BTC_S6_60_150,logistic_poly2,stoch_k_60s,-0.05747389651687846
BTC_S6_60_150,logistic_poly2,stoch_d_60s,0.004010025729523076
BTC_S6_60_150,logistic_poly2,cci_60s,-0.13117699280978193
BTC_S6_60_150,logistic_poly2,bb_pos_60s,0.002842236991160623
BTC_S6_60_150,logistic_poly2,bb_width_60s,-0.038362090161355215
BTC_S6_60_150,logistic_poly2,ofi_skew_l1_30s,0.059078758912022744
BTC_S6_60_150,logistic_poly2,mlofi_skew_l5_30s,0.11574330153123924
BTC_S6_60_150,logistic_poly2,mlofi_skew_l5_60s,0.1711694117234321
BTC_S6_60_150,logistic_poly2,mlofi_skew_l25_30s,0.24685641183555962
BTC_S6_60_150,logistic_poly2,rsi_14,0.3570510749569553
BTC_S6_60_150,logistic_poly2,cvd,0.3924191185333519
BTC_S6_60_150,logistic_poly2,vpin_value,-0.002925840751505001
BTC_S6_60_150,logistic_poly2,vpin_zscore,0.10916694937058928
BTC_S6_60_150,logistic_poly2,as_uncertainty,-0.003057344957564828
BTC_S6_60_150,logistic_poly2,as_skew,-0.007566541114177008
BTC_S6_60_150,logistic_poly2,mp_skew mp_weighted_skew,0.010505588556893842
BTC_S6_60_150,logistic_poly2,mp_skew mp_skew_change_500ms,-0.005967772600865403
BTC_S6_60_150,logistic_poly2,mp_skew mp_up_dev_bps,-0.025618853843738416
BTC_S6_60_150,logistic_poly2,mp_skew mp_dn_dev_bps,-0.116899987193851
BTC_S6_60_150,logistic_poly2,mp_skew mp_imbalance,-0.002640840415772742
BTC_S6_60_150,logistic_poly2,mp_skew mp_weighted_imbalance,-0.0807304465148258
BTC_S6_60_150,logistic_poly2,mp_skew L_stat,-0.037806686916969305
BTC_S6_60_150,logistic_poly2,mp_skew hawkes_lambda_imbalance,0.04467540914125505
BTC_S6_60_150,logistic_poly2,mp_skew hawkes_lambda_total,0.01792514070255544
BTC_S6_60_150,logistic_poly2,mp_skew rv_ratio_60_to_3600,-0.055925861017456495
BTC_S6_60_150,logistic_poly2,mp_skew hurst_300s,-0.046321781224509015
BTC_S6_60_150,logistic_poly2,mp_skew hurst_100s,0.02710641545773822
BTC_S6_60_150,logistic_poly2,mp_skew hurst_900s,0.02705094681777161
BTC_S6_60_150,logistic_poly2,mp_skew trend_slope_30m,-0.06439347029259807
BTC_S6_60_150,logistic_poly2,mp_skew rv_60s,0.005052584689778859
BTC_S6_60_150,logistic_poly2,mp_skew rv_300s,0.007033985481681467
BTC_S6_60_150,logistic_poly2,mp_skew up_imb5,0.00528115395443568
BTC_S6_60_150,logistic_poly2,mp_skew dn_imb5,-0.007023747998709679
BTC_S6_60_150,logistic_poly2,mp_skew up_imb25,-0.0376518422852306
BTC_S6_60_150,logistic_poly2,mp_skew dn_imb25,0.037545651423556
BTC_S6_60_150,logistic_poly2,mp_skew up_queue_top_bid,0.04691245033467116
BTC_S6_60_150,logistic_poly2,mp_skew up_micro_dev_bps,-0.0003369002661899476
BTC_S6_60_150,logistic_poly2,mp_skew dn_micro_dev_bps,-0.04054404176291761
BTC_S6_60_150,logistic_poly2,mp_skew up_bid_slope,0.0013356657239221293
BTC_S6_60_150,logistic_poly2,mp_skew up_ask_slope,0.004190060297844858
BTC_S6_60_150,logistic_poly2,mp_skew dn_bid_slope,-0.004291374203270473
BTC_S6_60_150,logistic_poly2,mp_skew dn_ask_slope,-0.0014976071279489906
BTC_S6_60_150,logistic_poly2,mp_skew up_imb5_change_500ms,-0.004087186940958302
BTC_S6_60_150,logistic_poly2,mp_skew up_quote_intensity_5s,0.016055959513189957
BTC_S6_60_150,logistic_poly2,mp_skew ribbon_alignment_pct,-0.020289262914199458
BTC_S6_60_150,logistic_poly2,mp_skew ribbon_compression_bps,0.0034708879434205138
BTC_S6_60_150,logistic_poly2,mp_skew adx_14,0.024491867086124736
BTC_S6_60_150,logistic_poly2,mp_skew plus_di_14,-0.012987693285362676
BTC_S6_60_150,logistic_poly2,mp_skew minus_di_14,0.02152510622311936
BTC_S6_60_150,logistic_poly2,mp_skew vwap_since_open_bps,-0.018278407713375414
BTC_S6_60_150,logistic_poly2,mp_skew mfi_60s,0.0341592101658589
BTC_S6_60_150,logistic_poly2,mp_skew stoch_k_60s,0.0834007278356341
BTC_S6_60_150,logistic_poly2,mp_skew stoch_d_60s,0.08520984520727606
BTC_S6_60_150,logistic_poly2,mp_skew cci_60s,0.023090165922072733
BTC_S6_60_150,logistic_poly2,mp_skew bb_pos_60s,-0.02114260581326851
BTC_S6_60_150,logistic_poly2,mp_skew bb_width_60s,0.04723464431950251
BTC_S6_60_150,logistic_poly2,mp_skew ofi_skew_l1_30s,0.019051725262612066
BTC_S6_60_150,logistic_poly2,mp_skew mlofi_skew_l5_30s,0.013462334069406926
BTC_S6_60_150,logistic_poly2,mp_skew mlofi_skew_l5_60s,0.00887834587831442
BTC_S6_60_150,logistic_poly2,mp_skew mlofi_skew_l25_30s,0.04427069766914455
BTC_S6_60_150,logistic_poly2,mp_skew rsi_14,-0.011766772323919894
BTC_S6_60_150,logistic_poly2,mp_skew cvd,0.007369511016200887
BTC_S6_60_150,logistic_poly2,mp_skew vpin_value,-0.03686734720139103
BTC_S6_60_150,logistic_poly2,mp_skew vpin_zscore,0.045325535061971844
BTC_S6_60_150,logistic_poly2,mp_skew as_uncertainty,0.003608645068453134
BTC_S6_60_150,logistic_poly2,mp_skew as_skew,0.003812177038241492
BTC_S6_60_150,logistic_poly2,mp_weighted_skew mp_skew_change_500ms,0.003755476464759704
BTC_S6_60_150,logistic_poly2,mp_weighted_skew mp_up_dev_bps,-0.013969186854310322
BTC_S6_60_150,logistic_poly2,mp_weighted_skew mp_dn_dev_bps,-0.03907722614962651
BTC_S6_60_150,logistic_poly2,mp_weighted_skew mp_imbalance,-0.035791977061759024
BTC_S6_60_150,logistic_poly2,mp_weighted_skew mp_weighted_imbalance,-0.05422539317309289
BTC_S6_60_150,logistic_poly2,mp_weighted_skew L_stat,0.020316197369782373
BTC_S6_60_150,logistic_poly2,mp_weighted_skew hawkes_lambda_imbalance,0.09537500787664283
BTC_S6_60_150,logistic_poly2,mp_weighted_skew hawkes_lambda_total,-0.051201725704871755
BTC_S6_60_150,logistic_poly2,mp_weighted_skew rv_ratio_60_to_3600,0.028169241417083532
BTC_S6_60_150,logistic_poly2,mp_weighted_skew hurst_300s,-0.0002575851829777884
BTC_S6_60_150,logistic_poly2,mp_weighted_skew hurst_100s,-0.02658076627492004
BTC_S6_60_150,logistic_poly2,mp_weighted_skew hurst_900s,-0.02938873502878346
BTC_S6_60_150,logistic_poly2,mp_weighted_skew trend_slope_30m,0.0928221460123463
BTC_S6_60_150,logistic_poly2,mp_weighted_skew rv_60s,0.020247319931416787
BTC_S6_60_150,logistic_poly2,mp_weighted_skew rv_300s,0.024877249768102485
BTC_S6_60_150,logistic_poly2,mp_weighted_skew up_imb5,0.16177197092341436
BTC_S6_60_150,logistic_poly2,mp_weighted_skew dn_imb5,-0.16506661787659777
BTC_S6_60_150,logistic_poly2,mp_weighted_skew up_imb25,-0.03901330462742195
BTC_S6_60_150,logistic_poly2,mp_weighted_skew dn_imb25,0.03850756930491094
BTC_S6_60_150,logistic_poly2,mp_weighted_skew up_queue_top_bid,0.04014573299152305
BTC_S6_60_150,logistic_poly2,mp_weighted_skew up_micro_dev_bps,0.03266386297668874
BTC_S6_60_150,logistic_poly2,mp_weighted_skew dn_micro_dev_bps,0.0079956068690029
BTC_S6_60_150,logistic_poly2,mp_weighted_skew up_bid_slope,0.03610631521620009
BTC_S6_60_150,logistic_poly2,mp_weighted_skew up_ask_slope,-0.0359425305847399
BTC_S6_60_150,logistic_poly2,mp_weighted_skew dn_bid_slope,0.03510363240045735
BTC_S6_60_150,logistic_poly2,mp_weighted_skew dn_ask_slope,-0.03657307267062717
BTC_S6_60_150,logistic_poly2,mp_weighted_skew up_imb5_change_500ms,0.0076718077231490815
BTC_S6_60_150,logistic_poly2,mp_weighted_skew up_quote_intensity_5s,-0.02294429592046978
BTC_S6_60_150,logistic_poly2,mp_weighted_skew ribbon_alignment_pct,0.028439598386721603
BTC_S6_60_150,logistic_poly2,mp_weighted_skew ribbon_compression_bps,0.07227812720162573
BTC_S6_60_150,logistic_poly2,mp_weighted_skew adx_14,-0.0027813221934903398
BTC_S6_60_150,logistic_poly2,mp_weighted_skew plus_di_14,-0.06660941244656168
BTC_S6_60_150,logistic_poly2,mp_weighted_skew minus_di_14,-0.017297304334186824
BTC_S6_60_150,logistic_poly2,mp_weighted_skew vwap_since_open_bps,0.07056859626927821
BTC_S6_60_150,logistic_poly2,mp_weighted_skew mfi_60s,-0.04918798286106688
BTC_S6_60_150,logistic_poly2,mp_weighted_skew stoch_k_60s,0.04588469526664076
BTC_S6_60_150,logistic_poly2,mp_weighted_skew stoch_d_60s,0.05124414166448974
BTC_S6_60_150,logistic_poly2,mp_weighted_skew cci_60s,-0.0427360400104734
BTC_S6_60_150,logistic_poly2,mp_weighted_skew bb_pos_60s,-0.04169423542631674
BTC_S6_60_150,logistic_poly2,mp_weighted_skew bb_width_60s,0.12009237306595179
BTC_S6_60_150,logistic_poly2,mp_weighted_skew ofi_skew_l1_30s,0.04991670740423349
BTC_S6_60_150,logistic_poly2,mp_weighted_skew mlofi_skew_l5_30s,0.06673364282156799
BTC_S6_60_150,logistic_poly2,mp_weighted_skew mlofi_skew_l5_60s,0.04366153034053747
BTC_S6_60_150,logistic_poly2,mp_weighted_skew mlofi_skew_l25_30s,0.03889685505609307
BTC_S6_60_150,logistic_poly2,mp_weighted_skew rsi_14,-0.008681440722622289
BTC_S6_60_150,logistic_poly2,mp_weighted_skew cvd,0.1445239971957678
BTC_S6_60_150,logistic_poly2,mp_weighted_skew vpin_value,-0.004060575826026034
BTC_S6_60_150,logistic_poly2,mp_weighted_skew vpin_zscore,-0.05658413830493453
BTC_S6_60_150,logistic_poly2,mp_weighted_skew as_uncertainty,0.004443115703619762
BTC_S6_60_150,logistic_poly2,mp_weighted_skew as_skew,-0.026534614747798647
BTC_S6_60_150,logistic_poly2,mp_skew_change_500ms mp_up_dev_bps,0.04025808841246169
BTC_S6_60_150,logistic_poly2,mp_skew_change_500ms mp_dn_dev_bps,-0.018684642620654553
BTC_S6_60_150,logistic_poly2,mp_skew_change_500ms mp_imbalance,-0.04864778956373936
BTC_S6_60_150,logistic_poly2,mp_skew_change_500ms mp_weighted_imbalance,0.0626896299629385
BTC_S6_60_150,logistic_poly2,mp_skew_change_500ms L_stat,0.002007596347292704
BTC_S6_60_150,logistic_poly2,mp_skew_change_500ms hawkes_lambda_imbalance,-0.0258450573350903
BTC_S6_60_150,logistic_poly2,mp_skew_change_500ms hawkes_lambda_total,0.015016664125893246
BTC_S6_60_150,logistic_poly2,mp_skew_change_500ms rv_ratio_60_to_3600,-0.058656350493473945
BTC_S6_60_150,logistic_poly2,mp_skew_change_500ms hurst_300s,-0.05414951753860378
BTC_S6_60_150,logistic_poly2,mp_skew_change_500ms hurst_100s,0.031147788162439856
BTC_S6_60_150,logistic_poly2,mp_skew_change_500ms hurst_900s,-0.0835394042743107
BTC_S6_60_150,logistic_poly2,mp_skew_change_500ms trend_slope_30m,0.007387381846116535
BTC_S6_60_150,logistic_poly2,mp_skew_change_500ms rv_60s,-0.00018811692820289706
BTC_S6_60_150,logistic_poly2,mp_skew_change_500ms rv_300s,0.0312086984524572
BTC_S6_60_150,logistic_poly2,mp_skew_change_500ms up_imb5,-0.063261589457603
BTC_S6_60_150,logistic_poly2,mp_skew_change_500ms dn_imb5,0.06348359949556168
BTC_S6_60_150,logistic_poly2,mp_skew_change_500ms up_imb25,0.014731577574964416
BTC_S6_60_150,logistic_poly2,mp_skew_change_500ms dn_imb25,-0.014694024607922834
BTC_S6_60_150,logistic_poly2,mp_skew_change_500ms up_queue_top_bid,0.0456111196758706
BTC_S6_60_150,logistic_poly2,mp_skew_change_500ms up_micro_dev_bps,-0.0025088126743752267
BTC_S6_60_150,logistic_poly2,mp_skew_change_500ms dn_micro_dev_bps,0.00584150663272566
BTC_S6_60_150,logistic_poly2,mp_skew_change_500ms up_bid_slope,-0.049717835822642706
BTC_S6_60_150,logistic_poly2,mp_skew_change_500ms up_ask_slope,0.034735998892536514
BTC_S6_60_150,logistic_poly2,mp_skew_change_500ms dn_bid_slope,-0.034695955143369345
BTC_S6_60_150,logistic_poly2,mp_skew_change_500ms dn_ask_slope,0.049491617916049814
BTC_S6_60_150,logistic_poly2,mp_skew_change_500ms up_imb5_change_500ms,0.09379746242767585
BTC_S6_60_150,logistic_poly2,mp_skew_change_500ms up_quote_intensity_5s,-0.022567710721380634
BTC_S6_60_150,logistic_poly2,mp_skew_change_500ms ribbon_alignment_pct,0.016776116296766123
BTC_S6_60_150,logistic_poly2,mp_skew_change_500ms ribbon_compression_bps,0.04895793840806065
BTC_S6_60_150,logistic_poly2,mp_skew_change_500ms adx_14,-0.05073537433501374
BTC_S6_60_150,logistic_poly2,mp_skew_change_500ms plus_di_14,0.0235519999838566
BTC_S6_60_150,logistic_poly2,mp_skew_change_500ms minus_di_14,0.015343174874907446
BTC_S6_60_150,logistic_poly2,mp_skew_change_500ms vwap_since_open_bps,0.02750716369433957
BTC_S6_60_150,logistic_poly2,mp_skew_change_500ms mfi_60s,0.06977038833234987
BTC_S6_60_150,logistic_poly2,mp_skew_change_500ms stoch_k_60s,-0.0773555571563571
BTC_S6_60_150,logistic_poly2,mp_skew_change_500ms stoch_d_60s,-0.08078942008403173
BTC_S6_60_150,logistic_poly2,mp_skew_change_500ms cci_60s,-0.016067081732922612
BTC_S6_60_150,logistic_poly2,mp_skew_change_500ms bb_pos_60s,0.013380063297612483
BTC_S6_60_150,logistic_poly2,mp_skew_change_500ms bb_width_60s,0.029581589593137503
BTC_S6_60_150,logistic_poly2,mp_skew_change_500ms ofi_skew_l1_30s,0.07685686604966599
BTC_S6_60_150,logistic_poly2,mp_skew_change_500ms mlofi_skew_l5_30s,0.07100357952826435
BTC_S6_60_150,logistic_poly2,mp_skew_change_500ms mlofi_skew_l5_60s,0.05528136999829019
BTC_S6_60_150,logistic_poly2,mp_skew_change_500ms mlofi_skew_l25_30s,0.051001728847426916
BTC_S6_60_150,logistic_poly2,mp_skew_change_500ms rsi_14,-0.047189053385945694
BTC_S6_60_150,logistic_poly2,mp_skew_change_500ms cvd,0.06583148689580699
BTC_S6_60_150,logistic_poly2,mp_skew_change_500ms vpin_value,-0.053150241456965036
BTC_S6_60_150,logistic_poly2,mp_skew_change_500ms vpin_zscore,-0.06739152370008812
BTC_S6_60_150,logistic_poly2,mp_skew_change_500ms as_uncertainty,0.011580771703349153
BTC_S6_60_150,logistic_poly2,mp_skew_change_500ms as_skew,0.024322298763725766
BTC_S6_60_150,logistic_poly2,mp_up_dev_bps mp_dn_dev_bps,-0.007291599534232639
BTC_S6_60_150,logistic_poly2,mp_up_dev_bps mp_imbalance,0.0474727092808662
BTC_S6_60_150,logistic_poly2,mp_up_dev_bps mp_weighted_imbalance,0.09454101468669665
BTC_S6_60_150,logistic_poly2,mp_up_dev_bps L_stat,-0.04504027258953739
BTC_S6_60_150,logistic_poly2,mp_up_dev_bps hawkes_lambda_imbalance,-0.07901448970334388
BTC_S6_60_150,logistic_poly2,mp_up_dev_bps hawkes_lambda_total,0.14081116309574035
BTC_S6_60_150,logistic_poly2,mp_up_dev_bps rv_ratio_60_to_3600,-0.03075026963653051
BTC_S6_60_150,logistic_poly2,mp_up_dev_bps hurst_300s,0.005263351436079308
BTC_S6_60_150,logistic_poly2,mp_up_dev_bps hurst_100s,0.07061169877756177
BTC_S6_60_150,logistic_poly2,mp_up_dev_bps hurst_900s,-0.0322396269911247
BTC_S6_60_150,logistic_poly2,mp_up_dev_bps trend_slope_30m,0.0036800121020522355
BTC_S6_60_150,logistic_poly2,mp_up_dev_bps rv_60s,0.02619874734662937
BTC_S6_60_150,logistic_poly2,mp_up_dev_bps rv_300s,0.042392847592679014
BTC_S6_60_150,logistic_poly2,mp_up_dev_bps up_imb5,0.05783624969472004
BTC_S6_60_150,logistic_poly2,mp_up_dev_bps dn_imb5,-0.06042297858910914
BTC_S6_60_150,logistic_poly2,mp_up_dev_bps up_imb25,0.08360239148748279
BTC_S6_60_150,logistic_poly2,mp_up_dev_bps dn_imb25,-0.08364509141592004
BTC_S6_60_150,logistic_poly2,mp_up_dev_bps up_queue_top_bid,0.027801978501035357
BTC_S6_60_150,logistic_poly2,mp_up_dev_bps up_micro_dev_bps,-0.09985172671639296
BTC_S6_60_150,logistic_poly2,mp_up_dev_bps dn_micro_dev_bps,-0.03256809349859733
BTC_S6_60_150,logistic_poly2,mp_up_dev_bps up_bid_slope,0.07535748286777713
BTC_S6_60_150,logistic_poly2,mp_up_dev_bps up_ask_slope,-0.012424400382913455
BTC_S6_60_150,logistic_poly2,mp_up_dev_bps dn_bid_slope,0.012287662764986444
BTC_S6_60_150,logistic_poly2,mp_up_dev_bps dn_ask_slope,-0.0752335917513306
BTC_S6_60_150,logistic_poly2,mp_up_dev_bps up_imb5_change_500ms,0.01673526009765374
BTC_S6_60_150,logistic_poly2,mp_up_dev_bps up_quote_intensity_5s,0.031270396743824536
BTC_S6_60_150,logistic_poly2,mp_up_dev_bps ribbon_alignment_pct,-0.03834838898374474
BTC_S6_60_150,logistic_poly2,mp_up_dev_bps ribbon_compression_bps,0.005748956485373963
BTC_S6_60_150,logistic_poly2,mp_up_dev_bps adx_14,-0.07202395240100351
BTC_S6_60_150,logistic_poly2,mp_up_dev_bps plus_di_14,0.01797353368627627
BTC_S6_60_150,logistic_poly2,mp_up_dev_bps minus_di_14,0.053911241514785
BTC_S6_60_150,logistic_poly2,mp_up_dev_bps vwap_since_open_bps,0.050065561845325936
BTC_S6_60_150,logistic_poly2,mp_up_dev_bps mfi_60s,0.05174475936931059
BTC_S6_60_150,logistic_poly2,mp_up_dev_bps stoch_k_60s,0.02961483837552949
BTC_S6_60_150,logistic_poly2,mp_up_dev_bps stoch_d_60s,-0.0055862280394984466
BTC_S6_60_150,logistic_poly2,mp_up_dev_bps cci_60s,-0.05106117173209637
BTC_S6_60_150,logistic_poly2,mp_up_dev_bps bb_pos_60s,-0.054655931253675856
BTC_S6_60_150,logistic_poly2,mp_up_dev_bps bb_width_60s,-0.004064604088381074
BTC_S6_60_150,logistic_poly2,mp_up_dev_bps ofi_skew_l1_30s,-0.030528293197819897
BTC_S6_60_150,logistic_poly2,mp_up_dev_bps mlofi_skew_l5_30s,-0.01898985940086383
BTC_S6_60_150,logistic_poly2,mp_up_dev_bps mlofi_skew_l5_60s,0.037530192013827006
BTC_S6_60_150,logistic_poly2,mp_up_dev_bps mlofi_skew_l25_30s,-0.02889309260291641
BTC_S6_60_150,logistic_poly2,mp_up_dev_bps rsi_14,0.019076704423886044
BTC_S6_60_150,logistic_poly2,mp_up_dev_bps cvd,-0.026058063090038625
BTC_S6_60_150,logistic_poly2,mp_up_dev_bps vpin_value,0.09221576905023847
BTC_S6_60_150,logistic_poly2,mp_up_dev_bps vpin_zscore,0.03515898529502812
BTC_S6_60_150,logistic_poly2,mp_up_dev_bps as_uncertainty,0.004496743827258058
BTC_S6_60_150,logistic_poly2,mp_up_dev_bps as_skew,0.021084797843935556
BTC_S6_60_150,logistic_poly2,mp_dn_dev_bps mp_imbalance,-0.07755168553341055
BTC_S6_60_150,logistic_poly2,mp_dn_dev_bps mp_weighted_imbalance,0.019690380301634322
BTC_S6_60_150,logistic_poly2,mp_dn_dev_bps L_stat,0.03904698637943096
BTC_S6_60_150,logistic_poly2,mp_dn_dev_bps hawkes_lambda_imbalance,-0.027472733545370526
BTC_S6_60_150,logistic_poly2,mp_dn_dev_bps hawkes_lambda_total,-0.05508107836379665
BTC_S6_60_150,logistic_poly2,mp_dn_dev_bps rv_ratio_60_to_3600,0.15363272418399251
BTC_S6_60_150,logistic_poly2,mp_dn_dev_bps hurst_300s,0.037134705129753975
BTC_S6_60_150,logistic_poly2,mp_dn_dev_bps hurst_100s,-0.10618956519886656
BTC_S6_60_150,logistic_poly2,mp_dn_dev_bps hurst_900s,0.02117918014429141
BTC_S6_60_150,logistic_poly2,mp_dn_dev_bps trend_slope_30m,-0.02802980921551364
BTC_S6_60_150,logistic_poly2,mp_dn_dev_bps rv_60s,0.013497445432667468
BTC_S6_60_150,logistic_poly2,mp_dn_dev_bps rv_300s,-0.005652414669383539
BTC_S6_60_150,logistic_poly2,mp_dn_dev_bps up_imb5,-0.12876893313876558
BTC_S6_60_150,logistic_poly2,mp_dn_dev_bps dn_imb5,0.12977801085286464
BTC_S6_60_150,logistic_poly2,mp_dn_dev_bps up_imb25,0.009176614027751516
BTC_S6_60_150,logistic_poly2,mp_dn_dev_bps dn_imb25,-0.009200379902165073
BTC_S6_60_150,logistic_poly2,mp_dn_dev_bps up_queue_top_bid,-0.03736936231424577
BTC_S6_60_150,logistic_poly2,mp_dn_dev_bps up_micro_dev_bps,-0.025302853621968786
BTC_S6_60_150,logistic_poly2,mp_dn_dev_bps dn_micro_dev_bps,0.12985425287045071
BTC_S6_60_150,logistic_poly2,mp_dn_dev_bps up_bid_slope,-0.04033658345938928
BTC_S6_60_150,logistic_poly2,mp_dn_dev_bps up_ask_slope,0.050445588535991806
BTC_S6_60_150,logistic_poly2,mp_dn_dev_bps dn_bid_slope,-0.05048549310676117
BTC_S6_60_150,logistic_poly2,mp_dn_dev_bps dn_ask_slope,0.04027414032402888
BTC_S6_60_150,logistic_poly2,mp_dn_dev_bps up_imb5_change_500ms,0.0021358720450811042
BTC_S6_60_150,logistic_poly2,mp_dn_dev_bps up_quote_intensity_5s,0.01837373865520209
BTC_S6_60_150,logistic_poly2,mp_dn_dev_bps ribbon_alignment_pct,-0.009947100430917523
BTC_S6_60_150,logistic_poly2,mp_dn_dev_bps ribbon_compression_bps,0.02932171677339468
BTC_S6_60_150,logistic_poly2,mp_dn_dev_bps adx_14,0.04724912916863137
BTC_S6_60_150,logistic_poly2,mp_dn_dev_bps plus_di_14,0.09090458806292533
BTC_S6_60_150,logistic_poly2,mp_dn_dev_bps minus_di_14,-0.10028456239185787
BTC_S6_60_150,logistic_poly2,mp_dn_dev_bps vwap_since_open_bps,-0.011183982709555906
BTC_S6_60_150,logistic_poly2,mp_dn_dev_bps mfi_60s,-0.02438225220177325
BTC_S6_60_150,logistic_poly2,mp_dn_dev_bps stoch_k_60s,0.06144916880674869
BTC_S6_60_150,logistic_poly2,mp_dn_dev_bps stoch_d_60s,0.05918358280626302
BTC_S6_60_150,logistic_poly2,mp_dn_dev_bps cci_60s,0.058919962483187066
BTC_S6_60_150,logistic_poly2,mp_dn_dev_bps bb_pos_60s,0.058065892961719226
BTC_S6_60_150,logistic_poly2,mp_dn_dev_bps bb_width_60s,0.021386188012757365
BTC_S6_60_150,logistic_poly2,mp_dn_dev_bps ofi_skew_l1_30s,0.027250833800961317
BTC_S6_60_150,logistic_poly2,mp_dn_dev_bps mlofi_skew_l5_30s,0.043700223479244946
BTC_S6_60_150,logistic_poly2,mp_dn_dev_bps mlofi_skew_l5_60s,-0.0007013862328422194
BTC_S6_60_150,logistic_poly2,mp_dn_dev_bps mlofi_skew_l25_30s,0.01083333597474421
BTC_S6_60_150,logistic_poly2,mp_dn_dev_bps rsi_14,-0.05302574357060824
BTC_S6_60_150,logistic_poly2,mp_dn_dev_bps cvd,0.04452034599625889
BTC_S6_60_150,logistic_poly2,mp_dn_dev_bps vpin_value,0.018814243180845135
BTC_S6_60_150,logistic_poly2,mp_dn_dev_bps vpin_zscore,-0.02259425053221559
BTC_S6_60_150,logistic_poly2,mp_dn_dev_bps as_uncertainty,-0.002795591354678959
BTC_S6_60_150,logistic_poly2,mp_dn_dev_bps as_skew,0.007273901017129346
BTC_S6_60_150,logistic_poly2,mp_imbalance mp_weighted_imbalance,-0.13685092462403753
BTC_S6_60_150,logistic_poly2,mp_imbalance L_stat,0.1326226283362714
BTC_S6_60_150,logistic_poly2,mp_imbalance hawkes_lambda_imbalance,0.01316345558595132
BTC_S6_60_150,logistic_poly2,mp_imbalance hawkes_lambda_total,-0.038378004542385866
BTC_S6_60_150,logistic_poly2,mp_imbalance rv_ratio_60_to_3600,0.00784093695840064
BTC_S6_60_150,logistic_poly2,mp_imbalance hurst_300s,0.1550044065852546
BTC_S6_60_150,logistic_poly2,mp_imbalance hurst_100s,-0.0075319296430189754
BTC_S6_60_150,logistic_poly2,mp_imbalance hurst_900s,0.06774253301454795
BTC_S6_60_150,logistic_poly2,mp_imbalance trend_slope_30m,0.01970003016826636
BTC_S6_60_150,logistic_poly2,mp_imbalance rv_60s,0.009451581077901304
BTC_S6_60_150,logistic_poly2,mp_imbalance rv_300s,-0.017370120062426535
BTC_S6_60_150,logistic_poly2,mp_imbalance up_imb5,-0.14505705494465537
BTC_S6_60_150,logistic_poly2,mp_imbalance dn_imb5,0.143175926103526
BTC_S6_60_150,logistic_poly2,mp_imbalance up_imb25,0.025292678666179288
BTC_S6_60_150,logistic_poly2,mp_imbalance dn_imb25,-0.02541313095273745
BTC_S6_60_150,logistic_poly2,mp_imbalance up_queue_top_bid,0.09608640232262781
BTC_S6_60_150,logistic_poly2,mp_imbalance up_micro_dev_bps,0.00510496280668052
BTC_S6_60_150,logistic_poly2,mp_imbalance dn_micro_dev_bps,0.006606800575613312
BTC_S6_60_150,logistic_poly2,mp_imbalance up_bid_slope,0.0026325755354788616
BTC_S6_60_150,logistic_poly2,mp_imbalance up_ask_slope,0.051901084246950724
BTC_S6_60_150,logistic_poly2,mp_imbalance dn_bid_slope,-0.05206449057951218
BTC_S6_60_150,logistic_poly2,mp_imbalance dn_ask_slope,-0.003115568302593494
BTC_S6_60_150,logistic_poly2,mp_imbalance up_imb5_change_500ms,0.005618302929170001
BTC_S6_60_150,logistic_poly2,mp_imbalance up_quote_intensity_5s,-0.05061416632067165
BTC_S6_60_150,logistic_poly2,mp_imbalance ribbon_alignment_pct,-0.026011605716436764
BTC_S6_60_150,logistic_poly2,mp_imbalance ribbon_compression_bps,0.05182904922151916
BTC_S6_60_150,logistic_poly2,mp_imbalance adx_14,0.1568417390041531
BTC_S6_60_150,logistic_poly2,mp_imbalance plus_di_14,0.08259671393517955
BTC_S6_60_150,logistic_poly2,mp_imbalance minus_di_14,0.07834925039486337
BTC_S6_60_150,logistic_poly2,mp_imbalance vwap_since_open_bps,0.025084158456185567
BTC_S6_60_150,logistic_poly2,mp_imbalance mfi_60s,0.07928890295390287
BTC_S6_60_150,logistic_poly2,mp_imbalance stoch_k_60s,-0.038510552576361934
BTC_S6_60_150,logistic_poly2,mp_imbalance stoch_d_60s,-0.1063170736683576
BTC_S6_60_150,logistic_poly2,mp_imbalance cci_60s,0.055590458726657896
BTC_S6_60_150,logistic_poly2,mp_imbalance bb_pos_60s,0.03714132206557654
BTC_S6_60_150,logistic_poly2,mp_imbalance bb_width_60s,0.06534745877091688
BTC_S6_60_150,logistic_poly2,mp_imbalance ofi_skew_l1_30s,-0.01784736207788442
BTC_S6_60_150,logistic_poly2,mp_imbalance mlofi_skew_l5_30s,-0.011083036795915761
BTC_S6_60_150,logistic_poly2,mp_imbalance mlofi_skew_l5_60s,0.03186204579547207
BTC_S6_60_150,logistic_poly2,mp_imbalance mlofi_skew_l25_30s,0.08285123693654664
BTC_S6_60_150,logistic_poly2,mp_imbalance rsi_14,0.0757765239534544
BTC_S6_60_150,logistic_poly2,mp_imbalance cvd,-0.029489522108646454
BTC_S6_60_150,logistic_poly2,mp_imbalance vpin_value,-0.1136797354273468
BTC_S6_60_150,logistic_poly2,mp_imbalance vpin_zscore,0.02718456300701988
BTC_S6_60_150,logistic_poly2,mp_imbalance as_uncertainty,0.013992876514681993
BTC_S6_60_150,logistic_poly2,mp_imbalance as_skew,0.0388427063227808
BTC_S6_60_150,logistic_poly2,mp_weighted_imbalance L_stat,-0.12874106573541177
BTC_S6_60_150,logistic_poly2,mp_weighted_imbalance hawkes_lambda_imbalance,0.08024976263001964
BTC_S6_60_150,logistic_poly2,mp_weighted_imbalance hawkes_lambda_total,-0.05259387085497939
BTC_S6_60_150,logistic_poly2,mp_weighted_imbalance rv_ratio_60_to_3600,0.042383277178074136
BTC_S6_60_150,logistic_poly2,mp_weighted_imbalance hurst_300s,-0.099016101157034
BTC_S6_60_150,logistic_poly2,mp_weighted_imbalance hurst_100s,0.13918875557186536
BTC_S6_60_150,logistic_poly2,mp_weighted_imbalance hurst_900s,0.14053865961568562
BTC_S6_60_150,logistic_poly2,mp_weighted_imbalance trend_slope_30m,0.0667165807349926
BTC_S6_60_150,logistic_poly2,mp_weighted_imbalance rv_60s,-0.022155018279511125
BTC_S6_60_150,logistic_poly2,mp_weighted_imbalance rv_300s,-3.964835930073325e-05
BTC_S6_60_150,logistic_poly2,mp_weighted_imbalance up_imb5,-0.11957722895728166
BTC_S6_60_150,logistic_poly2,mp_weighted_imbalance dn_imb5,0.11763754908561248
BTC_S6_60_150,logistic_poly2,mp_weighted_imbalance up_imb25,-0.029039153756937
BTC_S6_60_150,logistic_poly2,mp_weighted_imbalance dn_imb25,0.02923430208242769
BTC_S6_60_150,logistic_poly2,mp_weighted_imbalance up_queue_top_bid,0.0448522004500609
BTC_S6_60_150,logistic_poly2,mp_weighted_imbalance up_micro_dev_bps,-0.07387926543972041
BTC_S6_60_150,logistic_poly2,mp_weighted_imbalance dn_micro_dev_bps,0.05317666594162242
BTC_S6_60_150,logistic_poly2,mp_weighted_imbalance up_bid_slope,-0.125424970977774
BTC_S6_60_150,logistic_poly2,mp_weighted_imbalance up_ask_slope,0.03257640559132572
BTC_S6_60_150,logistic_poly2,mp_weighted_imbalance dn_bid_slope,-0.03274762735462495
BTC_S6_60_150,logistic_poly2,mp_weighted_imbalance dn_ask_slope,0.12484526208920993
BTC_S6_60_150,logistic_poly2,mp_weighted_imbalance up_imb5_change_500ms,0.012576030028440497
BTC_S6_60_150,logistic_poly2,mp_weighted_imbalance up_quote_intensity_5s,0.11833540376385313
BTC_S6_60_150,logistic_poly2,mp_weighted_imbalance ribbon_alignment_pct,0.09153014528063176
BTC_S6_60_150,logistic_poly2,mp_weighted_imbalance ribbon_compression_bps,0.041744197290377545
BTC_S6_60_150,logistic_poly2,mp_weighted_imbalance adx_14,-0.0016844811622108906
BTC_S6_60_150,logistic_poly2,mp_weighted_imbalance plus_di_14,-0.10078263490607867
BTC_S6_60_150,logistic_poly2,mp_weighted_imbalance minus_di_14,0.011341350164987014
BTC_S6_60_150,logistic_poly2,mp_weighted_imbalance vwap_since_open_bps,0.06967722916520877
BTC_S6_60_150,logistic_poly2,mp_weighted_imbalance mfi_60s,-0.08798638427368122
BTC_S6_60_150,logistic_poly2,mp_weighted_imbalance stoch_k_60s,0.07844153838204058
BTC_S6_60_150,logistic_poly2,mp_weighted_imbalance stoch_d_60s,0.06810291500838743
BTC_S6_60_150,logistic_poly2,mp_weighted_imbalance cci_60s,-0.04051836438861105
BTC_S6_60_150,logistic_poly2,mp_weighted_imbalance bb_pos_60s,-0.008890127383834703
BTC_S6_60_150,logistic_poly2,mp_weighted_imbalance bb_width_60s,0.039116587277438476
BTC_S6_60_150,logistic_poly2,mp_weighted_imbalance ofi_skew_l1_30s,-0.010385568595212363
BTC_S6_60_150,logistic_poly2,mp_weighted_imbalance mlofi_skew_l5_30s,-0.012584374127838865
BTC_S6_60_150,logistic_poly2,mp_weighted_imbalance mlofi_skew_l5_60s,-0.06627126484432311
BTC_S6_60_150,logistic_poly2,mp_weighted_imbalance mlofi_skew_l25_30s,-0.11331059272835746
BTC_S6_60_150,logistic_poly2,mp_weighted_imbalance rsi_14,0.01335372568575292
BTC_S6_60_150,logistic_poly2,mp_weighted_imbalance cvd,0.14850566269938553
BTC_S6_60_150,logistic_poly2,mp_weighted_imbalance vpin_value,0.0835158909644687
BTC_S6_60_150,logistic_poly2,mp_weighted_imbalance vpin_zscore,0.09012004767008829
BTC_S6_60_150,logistic_poly2,mp_weighted_imbalance as_uncertainty,-0.005487473722107289
BTC_S6_60_150,logistic_poly2,mp_weighted_imbalance as_skew,-0.07176714227101887
BTC_S6_60_150,logistic_poly2,L_stat hawkes_lambda_imbalance,0.08541977938641689
BTC_S6_60_150,logistic_poly2,L_stat hawkes_lambda_total,-0.1142628808416585
BTC_S6_60_150,logistic_poly2,L_stat rv_ratio_60_to_3600,0.13699301114275972
BTC_S6_60_150,logistic_poly2,L_stat hurst_300s,0.11500995565028395
BTC_S6_60_150,logistic_poly2,L_stat hurst_100s,0.015490414364585084
BTC_S6_60_150,logistic_poly2,L_stat hurst_900s,-0.056302099710336034
BTC_S6_60_150,logistic_poly2,L_stat trend_slope_30m,-0.18453727317563526
BTC_S6_60_150,logistic_poly2,L_stat rv_60s,-0.005233575516387655
BTC_S6_60_150,logistic_poly2,L_stat rv_300s,-0.06763863738588345
BTC_S6_60_150,logistic_poly2,L_stat up_imb5,0.13029367658174407
BTC_S6_60_150,logistic_poly2,L_stat dn_imb5,-0.13004761473879886
BTC_S6_60_150,logistic_poly2,L_stat up_imb25,-0.0060118319704479395
BTC_S6_60_150,logistic_poly2,L_stat dn_imb25,0.006413819996650841
BTC_S6_60_150,logistic_poly2,L_stat up_queue_top_bid,-0.016256411638431036
BTC_S6_60_150,logistic_poly2,L_stat up_micro_dev_bps,-0.02386775462297192
BTC_S6_60_150,logistic_poly2,L_stat dn_micro_dev_bps,0.03184674275211916
BTC_S6_60_150,logistic_poly2,L_stat up_bid_slope,-0.019881705092816816
BTC_S6_60_150,logistic_poly2,L_stat up_ask_slope,0.09772673787863582
BTC_S6_60_150,logistic_poly2,L_stat dn_bid_slope,-0.09727613571597206
BTC_S6_60_150,logistic_poly2,L_stat dn_ask_slope,0.019550930878287454
BTC_S6_60_150,logistic_poly2,L_stat up_imb5_change_500ms,0.04129435793458293
BTC_S6_60_150,logistic_poly2,L_stat up_quote_intensity_5s,0.028062158972416807
BTC_S6_60_150,logistic_poly2,L_stat ribbon_alignment_pct,-0.011617763672009429
BTC_S6_60_150,logistic_poly2,L_stat ribbon_compression_bps,-0.020534886657451245
BTC_S6_60_150,logistic_poly2,L_stat adx_14,-0.11394118434589774
BTC_S6_60_150,logistic_poly2,L_stat plus_di_14,-0.041252786793124004
BTC_S6_60_150,logistic_poly2,L_stat minus_di_14,-0.02637371962434267
BTC_S6_60_150,logistic_poly2,L_stat vwap_since_open_bps,-0.049846087105134274
BTC_S6_60_150,logistic_poly2,L_stat mfi_60s,0.06798543471289975
BTC_S6_60_150,logistic_poly2,L_stat stoch_k_60s,0.06870441407219349
BTC_S6_60_150,logistic_poly2,L_stat stoch_d_60s,0.06971058803523439
BTC_S6_60_150,logistic_poly2,L_stat cci_60s,0.06419004481640077
BTC_S6_60_150,logistic_poly2,L_stat bb_pos_60s,0.07719433421010713
BTC_S6_60_150,logistic_poly2,L_stat bb_width_60s,0.031903192216895804
BTC_S6_60_150,logistic_poly2,L_stat ofi_skew_l1_30s,-0.033957049937230144
BTC_S6_60_150,logistic_poly2,L_stat mlofi_skew_l5_30s,-0.04739477332533445
BTC_S6_60_150,logistic_poly2,L_stat mlofi_skew_l5_60s,0.02018923675914773
BTC_S6_60_150,logistic_poly2,L_stat mlofi_skew_l25_30s,-0.014079849507317863
BTC_S6_60_150,logistic_poly2,L_stat rsi_14,-0.029099909161767787
BTC_S6_60_150,logistic_poly2,L_stat cvd,-0.1343062808585184
BTC_S6_60_150,logistic_poly2,L_stat vpin_value,-0.06040095538672706
BTC_S6_60_150,logistic_poly2,L_stat vpin_zscore,0.01505169245055084
BTC_S6_60_150,logistic_poly2,L_stat as_uncertainty,-0.019395629699977508
BTC_S6_60_150,logistic_poly2,L_stat as_skew,-0.05396315494758377
BTC_S6_60_150,logistic_poly2,hawkes_lambda_imbalance hawkes_lambda_total,0.05151169228254271
BTC_S6_60_150,logistic_poly2,hawkes_lambda_imbalance rv_ratio_60_to_3600,-0.05535706409969615
BTC_S6_60_150,logistic_poly2,hawkes_lambda_imbalance hurst_300s,-0.020504443250154537
BTC_S6_60_150,logistic_poly2,hawkes_lambda_imbalance hurst_100s,0.12448588971070086
BTC_S6_60_150,logistic_poly2,hawkes_lambda_imbalance hurst_900s,-0.029122100329501036
BTC_S6_60_150,logistic_poly2,hawkes_lambda_imbalance trend_slope_30m,0.005010846887282056
BTC_S6_60_150,logistic_poly2,hawkes_lambda_imbalance rv_60s,-0.018786817138353847
BTC_S6_60_150,logistic_poly2,hawkes_lambda_imbalance rv_300s,-0.08776055190767301
BTC_S6_60_150,logistic_poly2,hawkes_lambda_imbalance up_imb5,0.0908870358831862
BTC_S6_60_150,logistic_poly2,hawkes_lambda_imbalance dn_imb5,-0.08756459429995359
BTC_S6_60_150,logistic_poly2,hawkes_lambda_imbalance up_imb25,0.04006540690763607
BTC_S6_60_150,logistic_poly2,hawkes_lambda_imbalance dn_imb25,-0.040460867669127154
BTC_S6_60_150,logistic_poly2,hawkes_lambda_imbalance up_queue_top_bid,-0.038480120622844144
BTC_S6_60_150,logistic_poly2,hawkes_lambda_imbalance up_micro_dev_bps,0.03758961681485166
BTC_S6_60_150,logistic_poly2,hawkes_lambda_imbalance dn_micro_dev_bps,-0.03155924929196525
BTC_S6_60_150,logistic_poly2,hawkes_lambda_imbalance up_bid_slope,-0.15206974155588163
BTC_S6_60_150,logistic_poly2,hawkes_lambda_imbalance up_ask_slope,0.10122692141699441
BTC_S6_60_150,logistic_poly2,hawkes_lambda_imbalance dn_bid_slope,-0.101487488986145
BTC_S6_60_150,logistic_poly2,hawkes_lambda_imbalance dn_ask_slope,0.15236722469362152
BTC_S6_60_150,logistic_poly2,hawkes_lambda_imbalance up_imb5_change_500ms,-0.061593780921870955
BTC_S6_60_150,logistic_poly2,hawkes_lambda_imbalance up_quote_intensity_5s,-0.05047555376895021
BTC_S6_60_150,logistic_poly2,hawkes_lambda_imbalance ribbon_alignment_pct,-0.06105179614867358
BTC_S6_60_150,logistic_poly2,hawkes_lambda_imbalance ribbon_compression_bps,-0.030989366621643
BTC_S6_60_150,logistic_poly2,hawkes_lambda_imbalance adx_14,0.10556532734816024
BTC_S6_60_150,logistic_poly2,hawkes_lambda_imbalance plus_di_14,0.006134003535459274
BTC_S6_60_150,logistic_poly2,hawkes_lambda_imbalance minus_di_14,0.13288730426506942
BTC_S6_60_150,logistic_poly2,hawkes_lambda_imbalance vwap_since_open_bps,-0.02549324209454986
BTC_S6_60_150,logistic_poly2,hawkes_lambda_imbalance mfi_60s,0.11835232844694565
BTC_S6_60_150,logistic_poly2,hawkes_lambda_imbalance stoch_k_60s,0.04142144560634108
BTC_S6_60_150,logistic_poly2,hawkes_lambda_imbalance stoch_d_60s,0.06288399062546153
BTC_S6_60_150,logistic_poly2,hawkes_lambda_imbalance cci_60s,-0.023201105977898685
BTC_S6_60_150,logistic_poly2,hawkes_lambda_imbalance bb_pos_60s,-0.00503908199976528
BTC_S6_60_150,logistic_poly2,hawkes_lambda_imbalance bb_width_60s,-0.06507970500536403
BTC_S6_60_150,logistic_poly2,hawkes_lambda_imbalance ofi_skew_l1_30s,0.034467320571764964
BTC_S6_60_150,logistic_poly2,hawkes_lambda_imbalance mlofi_skew_l5_30s,-0.032237175899337736
BTC_S6_60_150,logistic_poly2,hawkes_lambda_imbalance mlofi_skew_l5_60s,-0.036017926684420304
BTC_S6_60_150,logistic_poly2,hawkes_lambda_imbalance mlofi_skew_l25_30s,0.033701093052497785
BTC_S6_60_150,logistic_poly2,hawkes_lambda_imbalance rsi_14,-0.06480396455686892
BTC_S6_60_150,logistic_poly2,hawkes_lambda_imbalance cvd,-0.01905030261475398
BTC_S6_60_150,logistic_poly2,hawkes_lambda_imbalance vpin_value,0.16097709816930061
BTC_S6_60_150,logistic_poly2,hawkes_lambda_imbalance vpin_zscore,0.17063070635232594
BTC_S6_60_150,logistic_poly2,hawkes_lambda_imbalance as_uncertainty,-0.015467910654308605
BTC_S6_60_150,logistic_poly2,hawkes_lambda_imbalance as_skew,0.005887166746869972
BTC_S6_60_150,logistic_poly2,hawkes_lambda_total rv_ratio_60_to_3600,0.05206141768889636
BTC_S6_60_150,logistic_poly2,hawkes_lambda_total hurst_300s,0.08584728237932109
BTC_S6_60_150,logistic_poly2,hawkes_lambda_total hurst_100s,-0.00021961507941219437
BTC_S6_60_150,logistic_poly2,hawkes_lambda_total hurst_900s,-0.09143519101101304
BTC_S6_60_150,logistic_poly2,hawkes_lambda_total trend_slope_30m,0.04784732880079512
BTC_S6_60_150,logistic_poly2,hawkes_lambda_total rv_60s,-0.04013703524286249
BTC_S6_60_150,logistic_poly2,hawkes_lambda_total rv_300s,0.017495818097303068
BTC_S6_60_150,logistic_poly2,hawkes_lambda_total up_imb5,-0.028914445444206016
BTC_S6_60_150,logistic_poly2,hawkes_lambda_total dn_imb5,0.028760627468496777
BTC_S6_60_150,logistic_poly2,hawkes_lambda_total up_imb25,-0.09046020759480411
BTC_S6_60_150,logistic_poly2,hawkes_lambda_total dn_imb25,0.09122812308375727
BTC_S6_60_150,logistic_poly2,hawkes_lambda_total up_queue_top_bid,0.018555496893732197
BTC_S6_60_150,logistic_poly2,hawkes_lambda_total up_micro_dev_bps,-0.02080734630148259
BTC_S6_60_150,logistic_poly2,hawkes_lambda_total dn_micro_dev_bps,-0.03588664719398618
BTC_S6_60_150,logistic_poly2,hawkes_lambda_total up_bid_slope,-0.08785347951163652
BTC_S6_60_150,logistic_poly2,hawkes_lambda_total up_ask_slope,-0.027341723713279035
BTC_S6_60_150,logistic_poly2,hawkes_lambda_total dn_bid_slope,0.02800352067479653
BTC_S6_60_150,logistic_poly2,hawkes_lambda_total dn_ask_slope,0.08807365638354876
BTC_S6_60_150,logistic_poly2,hawkes_lambda_total up_imb5_change_500ms,-0.017231876512007485
BTC_S6_60_150,logistic_poly2,hawkes_lambda_total up_quote_intensity_5s,-0.0975134067015546
BTC_S6_60_150,logistic_poly2,hawkes_lambda_total ribbon_alignment_pct,0.036391539783792434
BTC_S6_60_150,logistic_poly2,hawkes_lambda_total ribbon_compression_bps,0.136362245807128
BTC_S6_60_150,logistic_poly2,hawkes_lambda_total adx_14,0.08077062298708874
BTC_S6_60_150,logistic_poly2,hawkes_lambda_total plus_di_14,0.024587218873011542
BTC_S6_60_150,logistic_poly2,hawkes_lambda_total minus_di_14,-0.0129488251035597
BTC_S6_60_150,logistic_poly2,hawkes_lambda_total vwap_since_open_bps,0.009404490795994197
BTC_S6_60_150,logistic_poly2,hawkes_lambda_total mfi_60s,0.053112765834065635
BTC_S6_60_150,logistic_poly2,hawkes_lambda_total stoch_k_60s,-0.08721830005403508
BTC_S6_60_150,logistic_poly2,hawkes_lambda_total stoch_d_60s,-0.06610779518024384
BTC_S6_60_150,logistic_poly2,hawkes_lambda_total cci_60s,0.047272394496550234
BTC_S6_60_150,logistic_poly2,hawkes_lambda_total bb_pos_60s,-0.1014234292975123
BTC_S6_60_150,logistic_poly2,hawkes_lambda_total bb_width_60s,0.11124931255027608
BTC_S6_60_150,logistic_poly2,hawkes_lambda_total ofi_skew_l1_30s,0.0449233672364599
BTC_S6_60_150,logistic_poly2,hawkes_lambda_total mlofi_skew_l5_30s,0.12285910655352711
BTC_S6_60_150,logistic_poly2,hawkes_lambda_total mlofi_skew_l5_60s,-0.07018304470508854
BTC_S6_60_150,logistic_poly2,hawkes_lambda_total mlofi_skew_l25_30s,0.06400490854567335
BTC_S6_60_150,logistic_poly2,hawkes_lambda_total rsi_14,0.043741517596398376
BTC_S6_60_150,logistic_poly2,hawkes_lambda_total cvd,0.06619289743929982
BTC_S6_60_150,logistic_poly2,hawkes_lambda_total vpin_value,-0.09710159226226213
BTC_S6_60_150,logistic_poly2,hawkes_lambda_total vpin_zscore,-0.044376876128245826
BTC_S6_60_150,logistic_poly2,hawkes_lambda_total as_uncertainty,0.0015645177434432229
BTC_S6_60_150,logistic_poly2,hawkes_lambda_total as_skew,-0.019701213187301576
BTC_S6_60_150,logistic_poly2,rv_ratio_60_to_3600 hurst_300s,0.08182936254638172
BTC_S6_60_150,logistic_poly2,rv_ratio_60_to_3600 hurst_100s,-0.044710575877327276
BTC_S6_60_150,logistic_poly2,rv_ratio_60_to_3600 hurst_900s,-0.1108748549565594
BTC_S6_60_150,logistic_poly2,rv_ratio_60_to_3600 trend_slope_30m,-0.050814869338738855
BTC_S6_60_150,logistic_poly2,rv_ratio_60_to_3600 rv_60s,-0.007707508835095994
BTC_S6_60_150,logistic_poly2,rv_ratio_60_to_3600 rv_300s,-0.035334054765741314
BTC_S6_60_150,logistic_poly2,rv_ratio_60_to_3600 up_imb5,-0.05479653300157055
BTC_S6_60_150,logistic_poly2,rv_ratio_60_to_3600 dn_imb5,0.056922509053101825
BTC_S6_60_150,logistic_poly2,rv_ratio_60_to_3600 up_imb25,-0.06250902261622773
BTC_S6_60_150,logistic_poly2,rv_ratio_60_to_3600 dn_imb25,0.06231931844270933
BTC_S6_60_150,logistic_poly2,rv_ratio_60_to_3600 up_queue_top_bid,-0.008026967398233923
BTC_S6_60_150,logistic_poly2,rv_ratio_60_to_3600 up_micro_dev_bps,-0.018496072883361154
BTC_S6_60_150,logistic_poly2,rv_ratio_60_to_3600 dn_micro_dev_bps,0.05798766324106662
BTC_S6_60_150,logistic_poly2,rv_ratio_60_to_3600 up_bid_slope,0.0500403933624306
BTC_S6_60_150,logistic_poly2,rv_ratio_60_to_3600 up_ask_slope,-0.09340272433891829
BTC_S6_60_150,logistic_poly2,rv_ratio_60_to_3600 dn_bid_slope,0.09305628122836115
BTC_S6_60_150,logistic_poly2,rv_ratio_60_to_3600 dn_ask_slope,-0.05032717694873202
BTC_S6_60_150,logistic_poly2,rv_ratio_60_to_3600 up_imb5_change_500ms,0.02880963989016057
BTC_S6_60_150,logistic_poly2,rv_ratio_60_to_3600 up_quote_intensity_5s,-0.04392112958458796
BTC_S6_60_150,logistic_poly2,rv_ratio_60_to_3600 ribbon_alignment_pct,-0.1814946250100351
BTC_S6_60_150,logistic_poly2,rv_ratio_60_to_3600 ribbon_compression_bps,-0.00438817480360107
BTC_S6_60_150,logistic_poly2,rv_ratio_60_to_3600 adx_14,0.044946014803581937
BTC_S6_60_150,logistic_poly2,rv_ratio_60_to_3600 plus_di_14,-0.11290223644279872
BTC_S6_60_150,logistic_poly2,rv_ratio_60_to_3600 minus_di_14,-0.038064341004552846
BTC_S6_60_150,logistic_poly2,rv_ratio_60_to_3600 vwap_since_open_bps,-0.024852484481102374
BTC_S6_60_150,logistic_poly2,rv_ratio_60_to_3600 mfi_60s,0.19719582761047139
BTC_S6_60_150,logistic_poly2,rv_ratio_60_to_3600 stoch_k_60s,-0.0985258165298995
BTC_S6_60_150,logistic_poly2,rv_ratio_60_to_3600 stoch_d_60s,-0.10901609161041802
BTC_S6_60_150,logistic_poly2,rv_ratio_60_to_3600 cci_60s,-0.04770976931510756
BTC_S6_60_150,logistic_poly2,rv_ratio_60_to_3600 bb_pos_60s,-0.12361496878556573
BTC_S6_60_150,logistic_poly2,rv_ratio_60_to_3600 bb_width_60s,0.15826048318810607
BTC_S6_60_150,logistic_poly2,rv_ratio_60_to_3600 ofi_skew_l1_30s,0.01317936383007888
BTC_S6_60_150,logistic_poly2,rv_ratio_60_to_3600 mlofi_skew_l5_30s,3.9635315134566495e-05
BTC_S6_60_150,logistic_poly2,rv_ratio_60_to_3600 mlofi_skew_l5_60s,0.024418257277124582
BTC_S6_60_150,logistic_poly2,rv_ratio_60_to_3600 mlofi_skew_l25_30s,0.036986901564053376
BTC_S6_60_150,logistic_poly2,rv_ratio_60_to_3600 rsi_14,-0.13375407605795392
BTC_S6_60_150,logistic_poly2,rv_ratio_60_to_3600 cvd,-0.08869290334591337
BTC_S6_60_150,logistic_poly2,rv_ratio_60_to_3600 vpin_value,-0.13657961554507078
BTC_S6_60_150,logistic_poly2,rv_ratio_60_to_3600 vpin_zscore,-0.017173678034149587
BTC_S6_60_150,logistic_poly2,rv_ratio_60_to_3600 as_uncertainty,-0.008444822863443693
BTC_S6_60_150,logistic_poly2,rv_ratio_60_to_3600 as_skew,-0.06416229446161485
BTC_S6_60_150,logistic_poly2,hurst_300s hurst_100s,0.13673113176723156
BTC_S6_60_150,logistic_poly2,hurst_300s hurst_900s,-0.022447430669762472
BTC_S6_60_150,logistic_poly2,hurst_300s trend_slope_30m,0.08956947482461883
BTC_S6_60_150,logistic_poly2,hurst_300s rv_60s,0.03972727240377969
BTC_S6_60_150,logistic_poly2,hurst_300s rv_300s,-0.04183810202409164
BTC_S6_60_150,logistic_poly2,hurst_300s up_imb5,0.061215591530063895
BTC_S6_60_150,logistic_poly2,hurst_300s dn_imb5,-0.06025136290997995
BTC_S6_60_150,logistic_poly2,hurst_300s up_imb25,-0.014811323663270407
BTC_S6_60_150,logistic_poly2,hurst_300s dn_imb25,0.015471132566478966
BTC_S6_60_150,logistic_poly2,hurst_300s up_queue_top_bid,-0.052779691121962034
BTC_S6_60_150,logistic_poly2,hurst_300s up_micro_dev_bps,-0.08210721591467376
BTC_S6_60_150,logistic_poly2,hurst_300s dn_micro_dev_bps,0.004811264366124562
BTC_S6_60_150,logistic_poly2,hurst_300s up_bid_slope,0.029507348677429622
BTC_S6_60_150,logistic_poly2,hurst_300s up_ask_slope,-0.0036363747756209255
BTC_S6_60_150,logistic_poly2,hurst_300s dn_bid_slope,0.004312375015369301
BTC_S6_60_150,logistic_poly2,hurst_300s dn_ask_slope,-0.029493695713424004
BTC_S6_60_150,logistic_poly2,hurst_300s up_imb5_change_500ms,0.01720841313445557
BTC_S6_60_150,logistic_poly2,hurst_300s up_quote_intensity_5s,-0.1410005306351553
BTC_S6_60_150,logistic_poly2,hurst_300s ribbon_alignment_pct,-0.0409894368253024
BTC_S6_60_150,logistic_poly2,hurst_300s ribbon_compression_bps,0.09035797378691275
BTC_S6_60_150,logistic_poly2,hurst_300s adx_14,-0.1920603971264961
BTC_S6_60_150,logistic_poly2,hurst_300s plus_di_14,-0.06459873892349
BTC_S6_60_150,logistic_poly2,hurst_300s minus_di_14,0.1611515873723085
BTC_S6_60_150,logistic_poly2,hurst_300s vwap_since_open_bps,-0.0029848964990024833
BTC_S6_60_150,logistic_poly2,hurst_300s mfi_60s,-0.05300764681520164
BTC_S6_60_150,logistic_poly2,hurst_300s stoch_k_60s,-0.03681360886367176
BTC_S6_60_150,logistic_poly2,hurst_300s stoch_d_60s,-0.013271170729198164
BTC_S6_60_150,logistic_poly2,hurst_300s cci_60s,0.12555922187431773
BTC_S6_60_150,logistic_poly2,hurst_300s bb_pos_60s,0.1076492150084397
BTC_S6_60_150,logistic_poly2,hurst_300s bb_width_60s,0.07109316191032523
BTC_S6_60_150,logistic_poly2,hurst_300s ofi_skew_l1_30s,-0.0009936273190339034
BTC_S6_60_150,logistic_poly2,hurst_300s mlofi_skew_l5_30s,-0.056597898156786876
BTC_S6_60_150,logistic_poly2,hurst_300s mlofi_skew_l5_60s,-0.04581555444904287
BTC_S6_60_150,logistic_poly2,hurst_300s mlofi_skew_l25_30s,-0.041880827121992835
BTC_S6_60_150,logistic_poly2,hurst_300s rsi_14,0.15421693819390764
BTC_S6_60_150,logistic_poly2,hurst_300s cvd,-0.008757130841765395
BTC_S6_60_150,logistic_poly2,hurst_300s vpin_value,-0.17137937477680473
BTC_S6_60_150,logistic_poly2,hurst_300s vpin_zscore,-0.04551284594250297
BTC_S6_60_150,logistic_poly2,hurst_300s as_uncertainty,-0.004778488275023504
BTC_S6_60_150,logistic_poly2,hurst_300s as_skew,-0.04044325009182565
BTC_S6_60_150,logistic_poly2,hurst_100s hurst_900s,0.1264314119368168
BTC_S6_60_150,logistic_poly2,hurst_100s trend_slope_30m,-0.14039625758657942
BTC_S6_60_150,logistic_poly2,hurst_100s rv_60s,0.007494739866493409
BTC_S6_60_150,logistic_poly2,hurst_100s rv_300s,0.07965088010836614
BTC_S6_60_150,logistic_poly2,hurst_100s up_imb5,-0.019908592425949806
BTC_S6_60_150,logistic_poly2,hurst_100s dn_imb5,0.019967919906353365
BTC_S6_60_150,logistic_poly2,hurst_100s up_imb25,0.06403476651608159
BTC_S6_60_150,logistic_poly2,hurst_100s dn_imb25,-0.06322849371454706
BTC_S6_60_150,logistic_poly2,hurst_100s up_queue_top_bid,0.054762128275756
BTC_S6_60_150,logistic_poly2,hurst_100s up_micro_dev_bps,-0.012348390449416099
BTC_S6_60_150,logistic_poly2,hurst_100s dn_micro_dev_bps,-0.04189751129108622
BTC_S6_60_150,logistic_poly2,hurst_100s up_bid_slope,0.0036051692637197935
BTC_S6_60_150,logistic_poly2,hurst_100s up_ask_slope,0.006983746064235616
BTC_S6_60_150,logistic_poly2,hurst_100s dn_bid_slope,-0.0064011087556104275
BTC_S6_60_150,logistic_poly2,hurst_100s dn_ask_slope,-0.0032931999999981
BTC_S6_60_150,logistic_poly2,hurst_100s up_imb5_change_500ms,0.02314006022757164
BTC_S6_60_150,logistic_poly2,hurst_100s up_quote_intensity_5s,-0.0671760490565705
BTC_S6_60_150,logistic_poly2,hurst_100s ribbon_alignment_pct,-0.242239578712386
BTC_S6_60_150,logistic_poly2,hurst_100s ribbon_compression_bps,0.07133562670289548
BTC_S6_60_150,logistic_poly2,hurst_100s adx_14,0.06183931697558295
BTC_S6_60_150,logistic_poly2,hurst_100s plus_di_14,-0.030475862490861563
BTC_S6_60_150,logistic_poly2,hurst_100s minus_di_14,0.009939661740632722
BTC_S6_60_150,logistic_poly2,hurst_100s vwap_since_open_bps,-0.003982207192706973
BTC_S6_60_150,logistic_poly2,hurst_100s mfi_60s,-0.08618823192590432
BTC_S6_60_150,logistic_poly2,hurst_100s stoch_k_60s,-0.09979224561798687
BTC_S6_60_150,logistic_poly2,hurst_100s stoch_d_60s,-0.20994174389482886
BTC_S6_60_150,logistic_poly2,hurst_100s cci_60s,0.11980983538290726
BTC_S6_60_150,logistic_poly2,hurst_100s bb_pos_60s,0.07481319254306842
BTC_S6_60_150,logistic_poly2,hurst_100s bb_width_60s,0.11181110427324016
BTC_S6_60_150,logistic_poly2,hurst_100s ofi_skew_l1_30s,0.046880309168842615
BTC_S6_60_150,logistic_poly2,hurst_100s mlofi_skew_l5_30s,0.051101920349740815
BTC_S6_60_150,logistic_poly2,hurst_100s mlofi_skew_l5_60s,-0.03139686433595532
BTC_S6_60_150,logistic_poly2,hurst_100s mlofi_skew_l25_30s,0.07017556275871899
BTC_S6_60_150,logistic_poly2,hurst_100s rsi_14,-0.10681929106587812
BTC_S6_60_150,logistic_poly2,hurst_100s cvd,0.011518095757352378
BTC_S6_60_150,logistic_poly2,hurst_100s vpin_value,-0.14655223269503243
BTC_S6_60_150,logistic_poly2,hurst_100s vpin_zscore,-0.031457282731791984
BTC_S6_60_150,logistic_poly2,hurst_100s as_uncertainty,0.01343996296082705
BTC_S6_60_150,logistic_poly2,hurst_100s as_skew,0.06359696874295957
BTC_S6_60_150,logistic_poly2,hurst_900s trend_slope_30m,-0.1729754340097481
BTC_S6_60_150,logistic_poly2,hurst_900s rv_60s,-0.003720531582607376
BTC_S6_60_150,logistic_poly2,hurst_900s rv_300s,-0.01404821624262729
BTC_S6_60_150,logistic_poly2,hurst_900s up_imb5,0.03652193296888808
BTC_S6_60_150,logistic_poly2,hurst_900s dn_imb5,-0.03862991398591096
BTC_S6_60_150,logistic_poly2,hurst_900s up_imb25,0.05149535531503686
BTC_S6_60_150,logistic_poly2,hurst_900s dn_imb25,-0.053228904750404885
BTC_S6_60_150,logistic_poly2,hurst_900s up_queue_top_bid,-0.09855197939467217
BTC_S6_60_150,logistic_poly2,hurst_900s up_micro_dev_bps,0.0662204385022268
BTC_S6_60_150,logistic_poly2,hurst_900s dn_micro_dev_bps,0.009013866887585794
BTC_S6_60_150,logistic_poly2,hurst_900s up_bid_slope,0.07842342287366302
BTC_S6_60_150,logistic_poly2,hurst_900s up_ask_slope,-0.040893552104071695
BTC_S6_60_150,logistic_poly2,hurst_900s dn_bid_slope,0.03885469625695107
BTC_S6_60_150,logistic_poly2,hurst_900s dn_ask_slope,-0.07845730910738558
BTC_S6_60_150,logistic_poly2,hurst_900s up_imb5_change_500ms,-0.02555790307981419
BTC_S6_60_150,logistic_poly2,hurst_900s up_quote_intensity_5s,0.09196722795026108
BTC_S6_60_150,logistic_poly2,hurst_900s ribbon_alignment_pct,-0.2466474476877296
BTC_S6_60_150,logistic_poly2,hurst_900s ribbon_compression_bps,0.08990603802024219
BTC_S6_60_150,logistic_poly2,hurst_900s adx_14,-0.11251329775471633
BTC_S6_60_150,logistic_poly2,hurst_900s plus_di_14,0.03041478896664117
BTC_S6_60_150,logistic_poly2,hurst_900s minus_di_14,-0.07529508730607729
BTC_S6_60_150,logistic_poly2,hurst_900s vwap_since_open_bps,0.1760746507726487
BTC_S6_60_150,logistic_poly2,hurst_900s mfi_60s,0.060793017854450467
BTC_S6_60_150,logistic_poly2,hurst_900s stoch_k_60s,0.011673041643721677
BTC_S6_60_150,logistic_poly2,hurst_900s stoch_d_60s,0.04009797612357162
BTC_S6_60_150,logistic_poly2,hurst_900s cci_60s,0.11542395021780559
BTC_S6_60_150,logistic_poly2,hurst_900s bb_pos_60s,-0.08296025628866228
BTC_S6_60_150,logistic_poly2,hurst_900s bb_width_60s,0.21010630829242846
BTC_S6_60_150,logistic_poly2,hurst_900s ofi_skew_l1_30s,0.12415167370218055
BTC_S6_60_150,logistic_poly2,hurst_900s mlofi_skew_l5_30s,0.08036870812883232
BTC_S6_60_150,logistic_poly2,hurst_900s mlofi_skew_l5_60s,-0.05759552860328211
BTC_S6_60_150,logistic_poly2,hurst_900s mlofi_skew_l25_30s,0.10778759232980695
BTC_S6_60_150,logistic_poly2,hurst_900s rsi_14,-0.13740735092232706
BTC_S6_60_150,logistic_poly2,hurst_900s cvd,-0.003833099926245933
BTC_S6_60_150,logistic_poly2,hurst_900s vpin_value,0.09912532286062664
BTC_S6_60_150,logistic_poly2,hurst_900s vpin_zscore,0.029136142721433212
BTC_S6_60_150,logistic_poly2,hurst_900s as_uncertainty,-0.006238409998024249
BTC_S6_60_150,logistic_poly2,hurst_900s as_skew,0.023055611898117924
BTC_S6_60_150,logistic_poly2,trend_slope_30m rv_60s,-0.007750661671283438
BTC_S6_60_150,logistic_poly2,trend_slope_30m rv_300s,-0.18679148464977274
BTC_S6_60_150,logistic_poly2,trend_slope_30m up_imb5,-0.09686593498024444
BTC_S6_60_150,logistic_poly2,trend_slope_30m dn_imb5,0.0991576649425023
BTC_S6_60_150,logistic_poly2,trend_slope_30m up_imb25,0.06017438587002097
BTC_S6_60_150,logistic_poly2,trend_slope_30m dn_imb25,-0.06054870507671159
BTC_S6_60_150,logistic_poly2,trend_slope_30m up_queue_top_bid,-0.03277728918401393
BTC_S6_60_150,logistic_poly2,trend_slope_30m up_micro_dev_bps,-0.0647516589172191
BTC_S6_60_150,logistic_poly2,trend_slope_30m dn_micro_dev_bps,0.03864756841802377
BTC_S6_60_150,logistic_poly2,trend_slope_30m up_bid_slope,-0.014658893806045752
BTC_S6_60_150,logistic_poly2,trend_slope_30m up_ask_slope,-0.047295053556951815
BTC_S6_60_150,logistic_poly2,trend_slope_30m dn_bid_slope,0.046649574486084276
BTC_S6_60_150,logistic_poly2,trend_slope_30m dn_ask_slope,0.014679872969521165
BTC_S6_60_150,logistic_poly2,trend_slope_30m up_imb5_change_500ms,0.02686860102114635
BTC_S6_60_150,logistic_poly2,trend_slope_30m up_quote_intensity_5s,-0.04064371642213621
BTC_S6_60_150,logistic_poly2,trend_slope_30m ribbon_alignment_pct,-0.0338668963024606
BTC_S6_60_150,logistic_poly2,trend_slope_30m ribbon_compression_bps,-0.0301581196199638
BTC_S6_60_150,logistic_poly2,trend_slope_30m adx_14,-0.03279920076677573
BTC_S6_60_150,logistic_poly2,trend_slope_30m plus_di_14,-0.02908554060118277
BTC_S6_60_150,logistic_poly2,trend_slope_30m minus_di_14,0.0638425010166222
BTC_S6_60_150,logistic_poly2,trend_slope_30m vwap_since_open_bps,-0.12787993056782931
BTC_S6_60_150,logistic_poly2,trend_slope_30m mfi_60s,0.0134406350595361
BTC_S6_60_150,logistic_poly2,trend_slope_30m stoch_k_60s,0.06511791977718753
BTC_S6_60_150,logistic_poly2,trend_slope_30m stoch_d_60s,0.15083787472037527
BTC_S6_60_150,logistic_poly2,trend_slope_30m cci_60s,-0.057433981842065156
BTC_S6_60_150,logistic_poly2,trend_slope_30m bb_pos_60s,-0.09944196643740999
BTC_S6_60_150,logistic_poly2,trend_slope_30m bb_width_60s,0.0320918502831447
BTC_S6_60_150,logistic_poly2,trend_slope_30m ofi_skew_l1_30s,-0.025006426239479688
BTC_S6_60_150,logistic_poly2,trend_slope_30m mlofi_skew_l5_30s,-0.05786244753925776
BTC_S6_60_150,logistic_poly2,trend_slope_30m mlofi_skew_l5_60s,-0.1345602563649204
BTC_S6_60_150,logistic_poly2,trend_slope_30m mlofi_skew_l25_30s,-0.08951629283928918
BTC_S6_60_150,logistic_poly2,trend_slope_30m rsi_14,0.012179804835856421
BTC_S6_60_150,logistic_poly2,trend_slope_30m cvd,0.0819217293612245
BTC_S6_60_150,logistic_poly2,trend_slope_30m vpin_value,-0.12244745292590863
BTC_S6_60_150,logistic_poly2,trend_slope_30m vpin_zscore,-0.1495753734161149
BTC_S6_60_150,logistic_poly2,trend_slope_30m as_uncertainty,-0.0456064854942373
BTC_S6_60_150,logistic_poly2,trend_slope_30m as_skew,0.0067134566120964564
BTC_S6_60_150,logistic_poly2,rv_60s rv_300s,-0.03405680622190866
BTC_S6_60_150,logistic_poly2,rv_60s up_imb5,-0.02741409563745674
BTC_S6_60_150,logistic_poly2,rv_60s dn_imb5,0.02765606526167456
BTC_S6_60_150,logistic_poly2,rv_60s up_imb25,-0.03360780364611141
BTC_S6_60_150,logistic_poly2,rv_60s dn_imb25,0.03345469122785042
BTC_S6_60_150,logistic_poly2,rv_60s up_queue_top_bid,0.011781457543191204
BTC_S6_60_150,logistic_poly2,rv_60s up_micro_dev_bps,0.006527123739819338
BTC_S6_60_150,logistic_poly2,rv_60s dn_micro_dev_bps,-0.002096462676242419
BTC_S6_60_150,logistic_poly2,rv_60s up_bid_slope,-0.026554810144995934
BTC_S6_60_150,logistic_poly2,rv_60s up_ask_slope,-0.005231163624823857
BTC_S6_60_150,logistic_poly2,rv_60s dn_bid_slope,0.005077743223229675
BTC_S6_60_150,logistic_poly2,rv_60s dn_ask_slope,0.026569047612046384
BTC_S6_60_150,logistic_poly2,rv_60s up_imb5_change_500ms,0.004939828287651345
BTC_S6_60_150,logistic_poly2,rv_60s up_quote_intensity_5s,-0.028307473396523477
BTC_S6_60_150,logistic_poly2,rv_60s ribbon_alignment_pct,0.01876448245576692
BTC_S6_60_150,logistic_poly2,rv_60s ribbon_compression_bps,-0.00527596959942974
BTC_S6_60_150,logistic_poly2,rv_60s adx_14,0.02966490384934141
BTC_S6_60_150,logistic_poly2,rv_60s plus_di_14,-0.011997382692878924
BTC_S6_60_150,logistic_poly2,rv_60s minus_di_14,-0.04396732902382823
BTC_S6_60_150,logistic_poly2,rv_60s vwap_since_open_bps,-0.07665290374681813
BTC_S6_60_150,logistic_poly2,rv_60s mfi_60s,0.024674799528621075
BTC_S6_60_150,logistic_poly2,rv_60s stoch_k_60s,-0.039251667960505665
BTC_S6_60_150,logistic_poly2,rv_60s stoch_d_60s,-0.02589375827100039
BTC_S6_60_150,logistic_poly2,rv_60s cci_60s,0.02001739039022468
BTC_S6_60_150,logistic_poly2,rv_60s bb_pos_60s,-0.022645720903759162
BTC_S6_60_150,logistic_poly2,rv_60s bb_width_60s,-0.0073696231042743
BTC_S6_60_150,logistic_poly2,rv_60s ofi_skew_l1_30s,0.0028584700784776334
BTC_S6_60_150,logistic_poly2,rv_60s mlofi_skew_l5_30s,0.016640016032190556
BTC_S6_60_150,logistic_poly2,rv_60s mlofi_skew_l5_60s,-0.05966329013271298
BTC_S6_60_150,logistic_poly2,rv_60s mlofi_skew_l25_30s,0.004683518324530397
BTC_S6_60_150,logistic_poly2,rv_60s rsi_14,-0.0054048358494871015
BTC_S6_60_150,logistic_poly2,rv_60s cvd,-0.018824287422458882
BTC_S6_60_150,logistic_poly2,rv_60s vpin_value,-0.006646305360715918
BTC_S6_60_150,logistic_poly2,rv_60s vpin_zscore,-0.024070175524662164
BTC_S6_60_150,logistic_poly2,rv_60s as_uncertainty,-0.011670344484648858
BTC_S6_60_150,logistic_poly2,rv_60s as_skew,-0.07245742170054417
BTC_S6_60_150,logistic_poly2,rv_300s up_imb5,0.03589045639146111
BTC_S6_60_150,logistic_poly2,rv_300s dn_imb5,-0.03613153849712518
BTC_S6_60_150,logistic_poly2,rv_300s up_imb25,-0.016993716399581613
BTC_S6_60_150,logistic_poly2,rv_300s dn_imb25,0.01702489754212957
BTC_S6_60_150,logistic_poly2,rv_300s up_queue_top_bid,0.018107315459371977
BTC_S6_60_150,logistic_poly2,rv_300s up_micro_dev_bps,0.01565698870102001
BTC_S6_60_150,logistic_poly2,rv_300s dn_micro_dev_bps,0.0013329920233944785
BTC_S6_60_150,logistic_poly2,rv_300s up_bid_slope,-0.01076018378023847
BTC_S6_60_150,logistic_poly2,rv_300s up_ask_slope,-0.02248383197031215
BTC_S6_60_150,logistic_poly2,rv_300s dn_bid_slope,0.022656252520880958
BTC_S6_60_150,logistic_poly2,rv_300s dn_ask_slope,0.010897954589830902
BTC_S6_60_150,logistic_poly2,rv_300s up_imb5_change_500ms,0.004421302861101184
BTC_S6_60_150,logistic_poly2,rv_300s up_quote_intensity_5s,-0.041972943353182954
BTC_S6_60_150,logistic_poly2,rv_300s ribbon_alignment_pct,0.013502988326390004
BTC_S6_60_150,logistic_poly2,rv_300s ribbon_compression_bps,0.04680345352953924
BTC_S6_60_150,logistic_poly2,rv_300s adx_14,0.13872112590688152
BTC_S6_60_150,logistic_poly2,rv_300s plus_di_14,0.08699259748607471
BTC_S6_60_150,logistic_poly2,rv_300s minus_di_14,-0.09280142633936943
BTC_S6_60_150,logistic_poly2,rv_300s vwap_since_open_bps,-0.06714417117193072
BTC_S6_60_150,logistic_poly2,rv_300s mfi_60s,-0.016564128379554968
BTC_S6_60_150,logistic_poly2,rv_300s stoch_k_60s,-0.015865490819412128
BTC_S6_60_150,logistic_poly2,rv_300s stoch_d_60s,0.011863578117020214
BTC_S6_60_150,logistic_poly2,rv_300s cci_60s,-0.010571990977836707
BTC_S6_60_150,logistic_poly2,rv_300s bb_pos_60s,-0.06073685842850083
BTC_S6_60_150,logistic_poly2,rv_300s bb_width_60s,0.00775113141546894
BTC_S6_60_150,logistic_poly2,rv_300s ofi_skew_l1_30s,-0.012373839847717893
BTC_S6_60_150,logistic_poly2,rv_300s mlofi_skew_l5_30s,0.0481695505204379
BTC_S6_60_150,logistic_poly2,rv_300s mlofi_skew_l5_60s,-0.08545495327784902
BTC_S6_60_150,logistic_poly2,rv_300s mlofi_skew_l25_30s,0.020133781296280157
BTC_S6_60_150,logistic_poly2,rv_300s rsi_14,-0.13280611409655227
BTC_S6_60_150,logistic_poly2,rv_300s cvd,0.07522324463185956
BTC_S6_60_150,logistic_poly2,rv_300s vpin_value,0.0506879732854896
BTC_S6_60_150,logistic_poly2,rv_300s vpin_zscore,0.03817220773641133
BTC_S6_60_150,logistic_poly2,rv_300s as_uncertainty,0.0005716951917126691
BTC_S6_60_150,logistic_poly2,rv_300s as_skew,-0.006769911958663208
BTC_S6_60_150,logistic_poly2,up_imb5 dn_imb5,-0.09156116215843418
BTC_S6_60_150,logistic_poly2,up_imb5 up_imb25,0.042130129959209874
BTC_S6_60_150,logistic_poly2,up_imb5 dn_imb25,-0.04261648700421208
BTC_S6_60_150,logistic_poly2,up_imb5 up_queue_top_bid,0.05900332511027448
BTC_S6_60_150,logistic_poly2,up_imb5 up_micro_dev_bps,0.006655867903642952
BTC_S6_60_150,logistic_poly2,up_imb5 dn_micro_dev_bps,-0.0022990646968758365
BTC_S6_60_150,logistic_poly2,up_imb5 up_bid_slope,0.027041009425431688
BTC_S6_60_150,logistic_poly2,up_imb5 up_ask_slope,0.009542878309603679
BTC_S6_60_150,logistic_poly2,up_imb5 dn_bid_slope,-0.010522276736394474
BTC_S6_60_150,logistic_poly2,up_imb5 dn_ask_slope,-0.027453145457119396
BTC_S6_60_150,logistic_poly2,up_imb5 up_imb5_change_500ms,-0.00495539065734764
BTC_S6_60_150,logistic_poly2,up_imb5 up_quote_intensity_5s,-0.041532038587515634
BTC_S6_60_150,logistic_poly2,up_imb5 ribbon_alignment_pct,-0.08277976144297203
BTC_S6_60_150,logistic_poly2,up_imb5 ribbon_compression_bps,-0.005072876276160499
BTC_S6_60_150,logistic_poly2,up_imb5 adx_14,0.11430226017338538
BTC_S6_60_150,logistic_poly2,up_imb5 plus_di_14,0.029614815774565723
BTC_S6_60_150,logistic_poly2,up_imb5 minus_di_14,-0.018452943437008068
BTC_S6_60_150,logistic_poly2,up_imb5 vwap_since_open_bps,-0.062247175302598906
BTC_S6_60_150,logistic_poly2,up_imb5 mfi_60s,0.03165309577294911
BTC_S6_60_150,logistic_poly2,up_imb5 stoch_k_60s,-0.004314181245021209
BTC_S6_60_150,logistic_poly2,up_imb5 stoch_d_60s,-0.019428405156402106
BTC_S6_60_150,logistic_poly2,up_imb5 cci_60s,0.03193035363306961
BTC_S6_60_150,logistic_poly2,up_imb5 bb_pos_60s,-0.005418716668701904
BTC_S6_60_150,logistic_poly2,up_imb5 bb_width_60s,-0.03130194240077451
BTC_S6_60_150,logistic_poly2,up_imb5 ofi_skew_l1_30s,0.01077156335564211
BTC_S6_60_150,logistic_poly2,up_imb5 mlofi_skew_l5_30s,-0.014738635109251727
BTC_S6_60_150,logistic_poly2,up_imb5 mlofi_skew_l5_60s,-0.009165255503547229
BTC_S6_60_150,logistic_poly2,up_imb5 mlofi_skew_l25_30s,-0.04243306849142881
BTC_S6_60_150,logistic_poly2,up_imb5 rsi_14,-0.18750121966332223
BTC_S6_60_150,logistic_poly2,up_imb5 cvd,0.18281009301883902
BTC_S6_60_150,logistic_poly2,up_imb5 vpin_value,0.04973991341388976
BTC_S6_60_150,logistic_poly2,up_imb5 vpin_zscore,-0.02437073166260494
BTC_S6_60_150,logistic_poly2,up_imb5 as_uncertainty,-0.00011091481486002005
BTC_S6_60_150,logistic_poly2,up_imb5 as_skew,-0.024145048088077943
BTC_S6_60_150,logistic_poly2,dn_imb5 up_imb25,-0.04550532038378726
BTC_S6_60_150,logistic_poly2,dn_imb5 dn_imb25,0.04591796860754561
BTC_S6_60_150,logistic_poly2,dn_imb5 up_queue_top_bid,-0.05889392577701975
BTC_S6_60_150,logistic_poly2,dn_imb5 up_micro_dev_bps,-0.00872470400545489
BTC_S6_60_150,logistic_poly2,dn_imb5 dn_micro_dev_bps,0.0031400927595916163
BTC_S6_60_150,logistic_poly2,dn_imb5 up_bid_slope,-0.025357163975521315
BTC_S6_60_150,logistic_poly2,dn_imb5 up_ask_slope,-0.0134418301544143
BTC_S6_60_150,logistic_poly2,dn_imb5 dn_bid_slope,0.014267995483853125
BTC_S6_60_150,logistic_poly2,dn_imb5 dn_ask_slope,0.025726622638468182
BTC_S6_60_150,logistic_poly2,dn_imb5 up_imb5_change_500ms,0.006991463799027554
BTC_S6_60_150,logistic_poly2,dn_imb5 up_quote_intensity_5s,0.040843566086871765
BTC_S6_60_150,logistic_poly2,dn_imb5 ribbon_alignment_pct,0.08355418462290151
BTC_S6_60_150,logistic_poly2,dn_imb5 ribbon_compression_bps,0.005548617213289062
BTC_S6_60_150,logistic_poly2,dn_imb5 adx_14,-0.11430511298712022
BTC_S6_60_150,logistic_poly2,dn_imb5 plus_di_14,-0.028484210022009415
BTC_S6_60_150,logistic_poly2,dn_imb5 minus_di_14,0.019015258983505125
BTC_S6_60_150,logistic_poly2,dn_imb5 vwap_since_open_bps,0.06430829521383553
BTC_S6_60_150,logistic_poly2,dn_imb5 mfi_60s,-0.03243796960132411
BTC_S6_60_150,logistic_poly2,dn_imb5 stoch_k_60s,0.0063957882901200585
BTC_S6_60_150,logistic_poly2,dn_imb5 stoch_d_60s,0.021662570147872595
BTC_S6_60_150,logistic_poly2,dn_imb5 cci_60s,-0.03111834452942913
BTC_S6_60_150,logistic_poly2,dn_imb5 bb_pos_60s,0.007107090578460337
BTC_S6_60_150,logistic_poly2,dn_imb5 bb_width_60s,0.031992056286106726
BTC_S6_60_150,logistic_poly2,dn_imb5 ofi_skew_l1_30s,-0.007345077822178864
BTC_S6_60_150,logistic_poly2,dn_imb5 mlofi_skew_l5_30s,0.017427197428422945
BTC_S6_60_150,logistic_poly2,dn_imb5 mlofi_skew_l5_60s,0.010250353157238467
BTC_S6_60_150,logistic_poly2,dn_imb5 mlofi_skew_l25_30s,0.04574395849062416
BTC_S6_60_150,logistic_poly2,dn_imb5 rsi_14,0.18885520665115915
BTC_S6_60_150,logistic_poly2,dn_imb5 cvd,-0.18806673889246597
BTC_S6_60_150,logistic_poly2,dn_imb5 vpin_value,-0.04849731657788519
BTC_S6_60_150,logistic_poly2,dn_imb5 vpin_zscore,0.02599192237716776
BTC_S6_60_150,logistic_poly2,dn_imb5 as_uncertainty,7.624895037128181e-05
BTC_S6_60_150,logistic_poly2,dn_imb5 as_skew,0.023569431160385162
BTC_S6_60_150,logistic_poly2,up_imb25 dn_imb25,-0.0930504650360354
BTC_S6_60_150,logistic_poly2,up_imb25 up_queue_top_bid,0.09160197405444541
BTC_S6_60_150,logistic_poly2,up_imb25 up_micro_dev_bps,-0.008659716550730437
BTC_S6_60_150,logistic_poly2,up_imb25 dn_micro_dev_bps,0.041494192465975355
BTC_S6_60_150,logistic_poly2,up_imb25 up_bid_slope,0.010566769322068625
BTC_S6_60_150,logistic_poly2,up_imb25 up_ask_slope,0.01661129977070805
BTC_S6_60_150,logistic_poly2,up_imb25 dn_bid_slope,-0.017226613295100692
BTC_S6_60_150,logistic_poly2,up_imb25 dn_ask_slope,-0.010969747448827668
BTC_S6_60_150,logistic_poly2,up_imb25 up_imb5_change_500ms,-0.0011304393029236517
BTC_S6_60_150,logistic_poly2,up_imb25 up_quote_intensity_5s,-0.013409052681330249
BTC_S6_60_150,logistic_poly2,up_imb25 ribbon_alignment_pct,0.02151067134631626
BTC_S6_60_150,logistic_poly2,up_imb25 ribbon_compression_bps,0.019010179685180355
BTC_S6_60_150,logistic_poly2,up_imb25 adx_14,-0.12126072032963195
BTC_S6_60_150,logistic_poly2,up_imb25 plus_di_14,-0.010410154140446666
BTC_S6_60_150,logistic_poly2,up_imb25 minus_di_14,0.02091800125904044
BTC_S6_60_150,logistic_poly2,up_imb25 vwap_since_open_bps,0.07634296992269082
BTC_S6_60_150,logistic_poly2,up_imb25 mfi_60s,0.08687716150586011
BTC_S6_60_150,logistic_poly2,up_imb25 stoch_k_60s,0.03433306210474365
BTC_S6_60_150,logistic_poly2,up_imb25 stoch_d_60s,-0.02824790358943478
BTC_S6_60_150,logistic_poly2,up_imb25 cci_60s,-0.05408676128483708
BTC_S6_60_150,logistic_poly2,up_imb25 bb_pos_60s,-0.10600152989245219
BTC_S6_60_150,logistic_poly2,up_imb25 bb_width_60s,0.03242974235565019
BTC_S6_60_150,logistic_poly2,up_imb25 ofi_skew_l1_30s,-0.04606035805492734
BTC_S6_60_150,logistic_poly2,up_imb25 mlofi_skew_l5_30s,0.016847895939844877
BTC_S6_60_150,logistic_poly2,up_imb25 mlofi_skew_l5_60s,0.08934774445215357
BTC_S6_60_150,logistic_poly2,up_imb25 mlofi_skew_l25_30s,-0.1314746076142825
BTC_S6_60_150,logistic_poly2,up_imb25 rsi_14,0.042974253098166416
BTC_S6_60_150,logistic_poly2,up_imb25 cvd,0.05229662002989956
BTC_S6_60_150,logistic_poly2,up_imb25 vpin_value,0.0923072764240309
BTC_S6_60_150,logistic_poly2,up_imb25 vpin_zscore,0.03946375250459535
BTC_S6_60_150,logistic_poly2,up_imb25 as_uncertainty,-0.011596624937271482
BTC_S6_60_150,logistic_poly2,up_imb25 as_skew,-0.06375479367557635
BTC_S6_60_150,logistic_poly2,dn_imb25 up_queue_top_bid,-0.09177227826250545
BTC_S6_60_150,logistic_poly2,dn_imb25 up_micro_dev_bps,0.008484982117445647
BTC_S6_60_150,logistic_poly2,dn_imb25 dn_micro_dev_bps,-0.041474431409275064
BTC_S6_60_150,logistic_poly2,dn_imb25 up_bid_slope,-0.010980967259974226
BTC_S6_60_150,logistic_poly2,dn_imb25 up_ask_slope,-0.016448518873425588
BTC_S6_60_150,logistic_poly2,dn_imb25 dn_bid_slope,0.01724182767047956
BTC_S6_60_150,logistic_poly2,dn_imb25 dn_ask_slope,0.011418795272932748
BTC_S6_60_150,logistic_poly2,dn_imb25 up_imb5_change_500ms,-0.00020942207477103289
BTC_S6_60_150,logistic_poly2,dn_imb25 up_quote_intensity_5s,0.013345923626771892
BTC_S6_60_150,logistic_poly2,dn_imb25 ribbon_alignment_pct,-0.0219951497565383
BTC_S6_60_150,logistic_poly2,dn_imb25 ribbon_compression_bps,-0.018959913167449875
BTC_S6_60_150,logistic_poly2,dn_imb25 adx_14,0.12128803217142105
BTC_S6_60_150,logistic_poly2,dn_imb25 plus_di_14,0.011034457072402231
BTC_S6_60_150,logistic_poly2,dn_imb25 minus_di_14,-0.02174147004956292
BTC_S6_60_150,logistic_poly2,dn_imb25 vwap_since_open_bps,-0.07623191300251107
BTC_S6_60_150,logistic_poly2,dn_imb25 mfi_60s,-0.08727147118340062
BTC_S6_60_150,logistic_poly2,dn_imb25 stoch_k_60s,-0.03525676362039656
BTC_S6_60_150,logistic_poly2,dn_imb25 stoch_d_60s,0.027317615757194835
BTC_S6_60_150,logistic_poly2,dn_imb25 cci_60s,0.05410439649801306
BTC_S6_60_150,logistic_poly2,dn_imb25 bb_pos_60s,0.10649303510051225
BTC_S6_60_150,logistic_poly2,dn_imb25 bb_width_60s,-0.032780200861900595
BTC_S6_60_150,logistic_poly2,dn_imb25 ofi_skew_l1_30s,0.04629607843682562
BTC_S6_60_150,logistic_poly2,dn_imb25 mlofi_skew_l5_30s,-0.0168893793973209
BTC_S6_60_150,logistic_poly2,dn_imb25 mlofi_skew_l5_60s,-0.08948422458348149
BTC_S6_60_150,logistic_poly2,dn_imb25 mlofi_skew_l25_30s,0.13145587613893908
BTC_S6_60_150,logistic_poly2,dn_imb25 rsi_14,-0.04358486254556226
BTC_S6_60_150,logistic_poly2,dn_imb25 cvd,-0.05178716912147774
BTC_S6_60_150,logistic_poly2,dn_imb25 vpin_value,-0.09221231657759829
BTC_S6_60_150,logistic_poly2,dn_imb25 vpin_zscore,-0.04005976269060369
BTC_S6_60_150,logistic_poly2,dn_imb25 as_uncertainty,0.011583718187573106
BTC_S6_60_150,logistic_poly2,dn_imb25 as_skew,0.06368669306321117
BTC_S6_60_150,logistic_poly2,up_queue_top_bid up_micro_dev_bps,-0.036484475372191065
BTC_S6_60_150,logistic_poly2,up_queue_top_bid dn_micro_dev_bps,-0.08229096107978534
BTC_S6_60_150,logistic_poly2,up_queue_top_bid up_bid_slope,0.01020526136008312
BTC_S6_60_150,logistic_poly2,up_queue_top_bid up_ask_slope,0.055229602560090504
BTC_S6_60_150,logistic_poly2,up_queue_top_bid dn_bid_slope,-0.055497719901929976
BTC_S6_60_150,logistic_poly2,up_queue_top_bid dn_ask_slope,-0.010105269521933767
BTC_S6_60_150,logistic_poly2,up_queue_top_bid up_imb5_change_500ms,-0.025417081994792687
BTC_S6_60_150,logistic_poly2,up_queue_top_bid up_quote_intensity_5s,0.08041188680868466
BTC_S6_60_150,logistic_poly2,up_queue_top_bid ribbon_alignment_pct,0.024093056082670934
BTC_S6_60_150,logistic_poly2,up_queue_top_bid ribbon_compression_bps,-0.008536263634899614
BTC_S6_60_150,logistic_poly2,up_queue_top_bid adx_14,-0.037216557827840516
BTC_S6_60_150,logistic_poly2,up_queue_top_bid plus_di_14,0.0956876892234962
BTC_S6_60_150,logistic_poly2,up_queue_top_bid minus_di_14,-0.04530333450467724
BTC_S6_60_150,logistic_poly2,up_queue_top_bid vwap_since_open_bps,0.0398540371916345
BTC_S6_60_150,logistic_poly2,up_queue_top_bid mfi_60s,-0.053495505046400174
BTC_S6_60_150,logistic_poly2,up_queue_top_bid stoch_k_60s,-0.03208327897690145
BTC_S6_60_150,logistic_poly2,up_queue_top_bid stoch_d_60s,-0.03162479986826295
BTC_S6_60_150,logistic_poly2,up_queue_top_bid cci_60s,-0.06169846922952959
BTC_S6_60_150,logistic_poly2,up_queue_top_bid bb_pos_60s,-0.07820272688163017
BTC_S6_60_150,logistic_poly2,up_queue_top_bid bb_width_60s,0.016893367978551982
BTC_S6_60_150,logistic_poly2,up_queue_top_bid ofi_skew_l1_30s,0.02541665934390499
BTC_S6_60_150,logistic_poly2,up_queue_top_bid mlofi_skew_l5_30s,-0.0011714791167531664
BTC_S6_60_150,logistic_poly2,up_queue_top_bid mlofi_skew_l5_60s,-0.028948899648352348
BTC_S6_60_150,logistic_poly2,up_queue_top_bid mlofi_skew_l25_30s,-0.04297985995369518
BTC_S6_60_150,logistic_poly2,up_queue_top_bid rsi_14,0.039063005109200875
BTC_S6_60_150,logistic_poly2,up_queue_top_bid cvd,-0.1724443310442743
BTC_S6_60_150,logistic_poly2,up_queue_top_bid vpin_value,0.19729158463324353
BTC_S6_60_150,logistic_poly2,up_queue_top_bid vpin_zscore,0.10358709132195705
BTC_S6_60_150,logistic_poly2,up_queue_top_bid as_uncertainty,-0.004040395618591372
BTC_S6_60_150,logistic_poly2,up_queue_top_bid as_skew,-0.012616490421803689
BTC_S6_60_150,logistic_poly2,up_micro_dev_bps dn_micro_dev_bps,-0.0040902561257623975
BTC_S6_60_150,logistic_poly2,up_micro_dev_bps up_bid_slope,-0.020588567684781702
BTC_S6_60_150,logistic_poly2,up_micro_dev_bps up_ask_slope,0.042756733881987107
BTC_S6_60_150,logistic_poly2,up_micro_dev_bps dn_bid_slope,-0.043050767523872144
BTC_S6_60_150,logistic_poly2,up_micro_dev_bps dn_ask_slope,0.020460028926110554
BTC_S6_60_150,logistic_poly2,up_micro_dev_bps up_imb5_change_500ms,-0.0013661640132332734
BTC_S6_60_150,logistic_poly2,up_micro_dev_bps up_quote_intensity_5s,0.006815661868966042
BTC_S6_60_150,logistic_poly2,up_micro_dev_bps ribbon_alignment_pct,-0.007560993242574171
BTC_S6_60_150,logistic_poly2,up_micro_dev_bps ribbon_compression_bps,-0.004011986956605479
BTC_S6_60_150,logistic_poly2,up_micro_dev_bps adx_14,0.07673442730159505
BTC_S6_60_150,logistic_poly2,up_micro_dev_bps plus_di_14,-0.03516978340827529
BTC_S6_60_150,logistic_poly2,up_micro_dev_bps minus_di_14,-0.03703854136570283
BTC_S6_60_150,logistic_poly2,up_micro_dev_bps vwap_since_open_bps,-0.02526977540770482
BTC_S6_60_150,logistic_poly2,up_micro_dev_bps mfi_60s,0.015740781166156317
BTC_S6_60_150,logistic_poly2,up_micro_dev_bps stoch_k_60s,0.12447327450208386
BTC_S6_60_150,logistic_poly2,up_micro_dev_bps stoch_d_60s,0.11479027606142143
BTC_S6_60_150,logistic_poly2,up_micro_dev_bps cci_60s,0.057730373722496064
BTC_S6_60_150,logistic_poly2,up_micro_dev_bps bb_pos_60s,-0.012330470757472274
BTC_S6_60_150,logistic_poly2,up_micro_dev_bps bb_width_60s,0.052011458049254784
BTC_S6_60_150,logistic_poly2,up_micro_dev_bps ofi_skew_l1_30s,0.00908205840232773
BTC_S6_60_150,logistic_poly2,up_micro_dev_bps mlofi_skew_l5_30s,-0.0005693854994762908
BTC_S6_60_150,logistic_poly2,up_micro_dev_bps mlofi_skew_l5_60s,-0.010314979454355507
BTC_S6_60_150,logistic_poly2,up_micro_dev_bps mlofi_skew_l25_30s,-0.004397169942589433
BTC_S6_60_150,logistic_poly2,up_micro_dev_bps rsi_14,0.011420538298927444
BTC_S6_60_150,logistic_poly2,up_micro_dev_bps cvd,0.06549052568479254
BTC_S6_60_150,logistic_poly2,up_micro_dev_bps vpin_value,0.002419512871084975
BTC_S6_60_150,logistic_poly2,up_micro_dev_bps vpin_zscore,0.04530831330495131
BTC_S6_60_150,logistic_poly2,up_micro_dev_bps as_uncertainty,0.003802171144337996
BTC_S6_60_150,logistic_poly2,up_micro_dev_bps as_skew,-0.005317163844569724
BTC_S6_60_150,logistic_poly2,dn_micro_dev_bps up_bid_slope,-0.014993645984375125
BTC_S6_60_150,logistic_poly2,dn_micro_dev_bps up_ask_slope,0.022426680011529018
BTC_S6_60_150,logistic_poly2,dn_micro_dev_bps dn_bid_slope,-0.022490218114385462
BTC_S6_60_150,logistic_poly2,dn_micro_dev_bps dn_ask_slope,0.01511303751760631
BTC_S6_60_150,logistic_poly2,dn_micro_dev_bps up_imb5_change_500ms,0.004228530604022643
BTC_S6_60_150,logistic_poly2,dn_micro_dev_bps up_quote_intensity_5s,-0.015673642023172285
BTC_S6_60_150,logistic_poly2,dn_micro_dev_bps ribbon_alignment_pct,0.020486688294623943
BTC_S6_60_150,logistic_poly2,dn_micro_dev_bps ribbon_compression_bps,-0.00693782364244033
BTC_S6_60_150,logistic_poly2,dn_micro_dev_bps adx_14,0.019018582630559017
BTC_S6_60_150,logistic_poly2,dn_micro_dev_bps plus_di_14,-0.006512378119959478
BTC_S6_60_150,logistic_poly2,dn_micro_dev_bps minus_di_14,-0.05089299709584826
BTC_S6_60_150,logistic_poly2,dn_micro_dev_bps vwap_since_open_bps,0.006511974870206682
BTC_S6_60_150,logistic_poly2,dn_micro_dev_bps mfi_60s,-0.03254316525504306
BTC_S6_60_150,logistic_poly2,dn_micro_dev_bps stoch_k_60s,-0.023777414828462608
BTC_S6_60_150,logistic_poly2,dn_micro_dev_bps stoch_d_60s,-0.032306283285349104
BTC_S6_60_150,logistic_poly2,dn_micro_dev_bps cci_60s,0.00847439314652794
BTC_S6_60_150,logistic_poly2,dn_micro_dev_bps bb_pos_60s,0.018467781944799685
BTC_S6_60_150,logistic_poly2,dn_micro_dev_bps bb_width_60s,-0.02542815073232829
BTC_S6_60_150,logistic_poly2,dn_micro_dev_bps ofi_skew_l1_30s,-0.017954394894651757
BTC_S6_60_150,logistic_poly2,dn_micro_dev_bps mlofi_skew_l5_30s,-0.01720820385421395
BTC_S6_60_150,logistic_poly2,dn_micro_dev_bps mlofi_skew_l5_60s,-0.017780575146413787
BTC_S6_60_150,logistic_poly2,dn_micro_dev_bps mlofi_skew_l25_30s,-0.05822270962671824
BTC_S6_60_150,logistic_poly2,dn_micro_dev_bps rsi_14,0.022109056320285262
BTC_S6_60_150,logistic_poly2,dn_micro_dev_bps cvd,0.03316063810634733
BTC_S6_60_150,logistic_poly2,dn_micro_dev_bps vpin_value,0.04768226795903878
BTC_S6_60_150,logistic_poly2,dn_micro_dev_bps vpin_zscore,-0.027377699532243303
BTC_S6_60_150,logistic_poly2,dn_micro_dev_bps as_uncertainty,-0.0020535890755823453
BTC_S6_60_150,logistic_poly2,dn_micro_dev_bps as_skew,-0.008209316772528502
BTC_S6_60_150,logistic_poly2,up_bid_slope up_ask_slope,-0.001501614797424918
BTC_S6_60_150,logistic_poly2,up_bid_slope dn_bid_slope,0.00106294409199882
BTC_S6_60_150,logistic_poly2,up_bid_slope dn_ask_slope,0.02040606852420065
BTC_S6_60_150,logistic_poly2,up_bid_slope up_imb5_change_500ms,0.04889645708018943
BTC_S6_60_150,logistic_poly2,up_bid_slope up_quote_intensity_5s,0.019715111070966428
BTC_S6_60_150,logistic_poly2,up_bid_slope ribbon_alignment_pct,0.06846730788184165
BTC_S6_60_150,logistic_poly2,up_bid_slope ribbon_compression_bps,-0.03281722240667571
BTC_S6_60_150,logistic_poly2,up_bid_slope adx_14,-0.008472154162481935
BTC_S6_60_150,logistic_poly2,up_bid_slope plus_di_14,0.018723015374175707
BTC_S6_60_150,logistic_poly2,up_bid_slope minus_di_14,-0.030418959102315336
BTC_S6_60_150,logistic_poly2,up_bid_slope vwap_since_open_bps,-0.040170693220789276
BTC_S6_60_150,logistic_poly2,up_bid_slope mfi_60s,0.042466434213547316
BTC_S6_60_150,logistic_poly2,up_bid_slope stoch_k_60s,0.01529848093877945
BTC_S6_60_150,logistic_poly2,up_bid_slope stoch_d_60s,0.0010834588746835127
BTC_S6_60_150,logistic_poly2,up_bid_slope cci_60s,0.03088583504003598
BTC_S6_60_150,logistic_poly2,up_bid_slope bb_pos_60s,-0.0908020566225123
BTC_S6_60_150,logistic_poly2,up_bid_slope bb_width_60s,-0.041768995276357586
BTC_S6_60_150,logistic_poly2,up_bid_slope ofi_skew_l1_30s,-0.07016819081624297
BTC_S6_60_150,logistic_poly2,up_bid_slope mlofi_skew_l5_30s,-0.043048516632961116
BTC_S6_60_150,logistic_poly2,up_bid_slope mlofi_skew_l5_60s,0.07646256040010002
BTC_S6_60_150,logistic_poly2,up_bid_slope mlofi_skew_l25_30s,-0.07639258318226376
BTC_S6_60_150,logistic_poly2,up_bid_slope rsi_14,-0.033022918779658496
BTC_S6_60_150,logistic_poly2,up_bid_slope cvd,0.026945805728005614
BTC_S6_60_150,logistic_poly2,up_bid_slope vpin_value,0.010201594827665436
BTC_S6_60_150,logistic_poly2,up_bid_slope vpin_zscore,0.04651438511383103
BTC_S6_60_150,logistic_poly2,up_bid_slope as_uncertainty,-0.009296043462207653
BTC_S6_60_150,logistic_poly2,up_bid_slope as_skew,0.014056076454496209
BTC_S6_60_150,logistic_poly2,up_ask_slope dn_bid_slope,-0.11089702368447647
BTC_S6_60_150,logistic_poly2,up_ask_slope dn_ask_slope,0.001904988804455392
BTC_S6_60_150,logistic_poly2,up_ask_slope up_imb5_change_500ms,-0.0656470392335342
BTC_S6_60_150,logistic_poly2,up_ask_slope up_quote_intensity_5s,-0.06814830795269214
BTC_S6_60_150,logistic_poly2,up_ask_slope ribbon_alignment_pct,0.03740612501168064
BTC_S6_60_150,logistic_poly2,up_ask_slope ribbon_compression_bps,0.0023944119976742383
BTC_S6_60_150,logistic_poly2,up_ask_slope adx_14,-0.06409291465214272
BTC_S6_60_150,logistic_poly2,up_ask_slope plus_di_14,-0.054262799405522935
BTC_S6_60_150,logistic_poly2,up_ask_slope minus_di_14,0.02296806397822628
BTC_S6_60_150,logistic_poly2,up_ask_slope vwap_since_open_bps,-0.000926021016146973
BTC_S6_60_150,logistic_poly2,up_ask_slope mfi_60s,-0.04232788360698904
BTC_S6_60_150,logistic_poly2,up_ask_slope stoch_k_60s,0.00891806719692375
BTC_S6_60_150,logistic_poly2,up_ask_slope stoch_d_60s,-0.02719496776268074
BTC_S6_60_150,logistic_poly2,up_ask_slope cci_60s,-0.07650425584377893
BTC_S6_60_150,logistic_poly2,up_ask_slope bb_pos_60s,0.06316457580450771
BTC_S6_60_150,logistic_poly2,up_ask_slope bb_width_60s,0.016914965411466438
BTC_S6_60_150,logistic_poly2,up_ask_slope ofi_skew_l1_30s,-0.011909552643127772
BTC_S6_60_150,logistic_poly2,up_ask_slope mlofi_skew_l5_30s,0.003495263841003725
BTC_S6_60_150,logistic_poly2,up_ask_slope mlofi_skew_l5_60s,-0.039593644638866554
BTC_S6_60_150,logistic_poly2,up_ask_slope mlofi_skew_l25_30s,-0.040275038912975486
BTC_S6_60_150,logistic_poly2,up_ask_slope rsi_14,0.021635152040890313
BTC_S6_60_150,logistic_poly2,up_ask_slope cvd,0.08904041410575113
BTC_S6_60_150,logistic_poly2,up_ask_slope vpin_value,0.037266745279802914
BTC_S6_60_150,logistic_poly2,up_ask_slope vpin_zscore,-0.012294179346455231
BTC_S6_60_150,logistic_poly2,up_ask_slope as_uncertainty,0.003744579724320015
BTC_S6_60_150,logistic_poly2,up_ask_slope as_skew,-0.05614245074001485
BTC_S6_60_150,logistic_poly2,dn_bid_slope dn_ask_slope,-0.0014041212950658502
BTC_S6_60_150,logistic_poly2,dn_bid_slope up_imb5_change_500ms,0.06314377722892713
BTC_S6_60_150,logistic_poly2,dn_bid_slope up_quote_intensity_5s,0.06805947259849685
BTC_S6_60_150,logistic_poly2,dn_bid_slope ribbon_alignment_pct,-0.03730753077324983
BTC_S6_60_150,logistic_poly2,dn_bid_slope ribbon_compression_bps,-0.0021514673949687363
BTC_S6_60_150,logistic_poly2,dn_bid_slope adx_14,0.06421170415074212
BTC_S6_60_150,logistic_poly2,dn_bid_slope plus_di_14,0.05602073953540381
BTC_S6_60_150,logistic_poly2,dn_bid_slope minus_di_14,-0.024827877303201937
BTC_S6_60_150,logistic_poly2,dn_bid_slope vwap_since_open_bps,0.0012789204434408012
BTC_S6_60_150,logistic_poly2,dn_bid_slope mfi_60s,0.04233261348020712
BTC_S6_60_150,logistic_poly2,dn_bid_slope stoch_k_60s,-0.009381553213115132
BTC_S6_60_150,logistic_poly2,dn_bid_slope stoch_d_60s,0.02675511136974748
BTC_S6_60_150,logistic_poly2,dn_bid_slope cci_60s,0.07685346090535632
BTC_S6_60_150,logistic_poly2,dn_bid_slope bb_pos_60s,-0.06231357009715762
BTC_S6_60_150,logistic_poly2,dn_bid_slope bb_width_60s,-0.01721753395162441
BTC_S6_60_150,logistic_poly2,dn_bid_slope ofi_skew_l1_30s,0.012417221372559512
BTC_S6_60_150,logistic_poly2,dn_bid_slope mlofi_skew_l5_30s,-0.0034033818492702527
BTC_S6_60_150,logistic_poly2,dn_bid_slope mlofi_skew_l5_60s,0.039576269233870115
BTC_S6_60_150,logistic_poly2,dn_bid_slope mlofi_skew_l25_30s,0.040370762780907926
BTC_S6_60_150,logistic_poly2,dn_bid_slope rsi_14,-0.022822347994664344
BTC_S6_60_150,logistic_poly2,dn_bid_slope cvd,-0.08895579187224928
BTC_S6_60_150,logistic_poly2,dn_bid_slope vpin_value,-0.03637851435185061
BTC_S6_60_150,logistic_poly2,dn_bid_slope vpin_zscore,0.011913872211667608
BTC_S6_60_150,logistic_poly2,dn_bid_slope as_uncertainty,-0.0037159366849790873
BTC_S6_60_150,logistic_poly2,dn_bid_slope as_skew,0.05626366643104692
BTC_S6_60_150,logistic_poly2,dn_ask_slope up_imb5_change_500ms,-0.049744083907951146
BTC_S6_60_150,logistic_poly2,dn_ask_slope up_quote_intensity_5s,-0.019638884964008174
BTC_S6_60_150,logistic_poly2,dn_ask_slope ribbon_alignment_pct,-0.06846912550736159
BTC_S6_60_150,logistic_poly2,dn_ask_slope ribbon_compression_bps,0.033061162553806575
BTC_S6_60_150,logistic_poly2,dn_ask_slope adx_14,0.0083992088141431
BTC_S6_60_150,logistic_poly2,dn_ask_slope plus_di_14,-0.018220118917285796
BTC_S6_60_150,logistic_poly2,dn_ask_slope minus_di_14,0.03014265460072114
BTC_S6_60_150,logistic_poly2,dn_ask_slope vwap_since_open_bps,0.040421278518858794
BTC_S6_60_150,logistic_poly2,dn_ask_slope mfi_60s,-0.0420472026320858
BTC_S6_60_150,logistic_poly2,dn_ask_slope stoch_k_60s,-0.015413030307550356
BTC_S6_60_150,logistic_poly2,dn_ask_slope stoch_d_60s,-0.0011050224340175962
BTC_S6_60_150,logistic_poly2,dn_ask_slope cci_60s,-0.03077996783446735
BTC_S6_60_150,logistic_poly2,dn_ask_slope bb_pos_60s,0.09068870527487306
BTC_S6_60_150,logistic_poly2,dn_ask_slope bb_width_60s,0.04191587886738648
BTC_S6_60_150,logistic_poly2,dn_ask_slope ofi_skew_l1_30s,0.07049464148222243
BTC_S6_60_150,logistic_poly2,dn_ask_slope mlofi_skew_l5_30s,0.043312365627563104
BTC_S6_60_150,logistic_poly2,dn_ask_slope mlofi_skew_l5_60s,-0.07610058977725158
BTC_S6_60_150,logistic_poly2,dn_ask_slope mlofi_skew_l25_30s,0.07675475969802259
BTC_S6_60_150,logistic_poly2,dn_ask_slope rsi_14,0.03293353698289087
BTC_S6_60_150,logistic_poly2,dn_ask_slope cvd,-0.026351997783129497
BTC_S6_60_150,logistic_poly2,dn_ask_slope vpin_value,-0.00998461384582116
BTC_S6_60_150,logistic_poly2,dn_ask_slope vpin_zscore,-0.04657480168095808
BTC_S6_60_150,logistic_poly2,dn_ask_slope as_uncertainty,0.00933879711016117
BTC_S6_60_150,logistic_poly2,dn_ask_slope as_skew,-0.013953007478694233
BTC_S6_60_150,logistic_poly2,up_imb5_change_500ms up_quote_intensity_5s,-0.04686230242153921
BTC_S6_60_150,logistic_poly2,up_imb5_change_500ms ribbon_alignment_pct,-0.04760764675717907
BTC_S6_60_150,logistic_poly2,up_imb5_change_500ms ribbon_compression_bps,-0.003804234702088687
BTC_S6_60_150,logistic_poly2,up_imb5_change_500ms adx_14,-0.018889572186724782
BTC_S6_60_150,logistic_poly2,up_imb5_change_500ms plus_di_14,-0.03897521116474124
BTC_S6_60_150,logistic_poly2,up_imb5_change_500ms minus_di_14,0.02471077345016885
BTC_S6_60_150,logistic_poly2,up_imb5_change_500ms vwap_since_open_bps,-0.018996435766513154
BTC_S6_60_150,logistic_poly2,up_imb5_change_500ms mfi_60s,-0.005110110222731759
BTC_S6_60_150,logistic_poly2,up_imb5_change_500ms stoch_k_60s,-0.08666219884942086
BTC_S6_60_150,logistic_poly2,up_imb5_change_500ms stoch_d_60s,-0.09591576398034195
BTC_S6_60_150,logistic_poly2,up_imb5_change_500ms cci_60s,-0.02280960101004557
BTC_S6_60_150,logistic_poly2,up_imb5_change_500ms bb_pos_60s,-0.025726686413604937
BTC_S6_60_150,logistic_poly2,up_imb5_change_500ms bb_width_60s,-0.0029638817951035137
BTC_S6_60_150,logistic_poly2,up_imb5_change_500ms ofi_skew_l1_30s,-0.027646260691822976
BTC_S6_60_150,logistic_poly2,up_imb5_change_500ms mlofi_skew_l5_30s,-0.022393944040681516
BTC_S6_60_150,logistic_poly2,up_imb5_change_500ms mlofi_skew_l5_60s,-0.014294168686551846
BTC_S6_60_150,logistic_poly2,up_imb5_change_500ms mlofi_skew_l25_30s,-0.030577563923497343
BTC_S6_60_150,logistic_poly2,up_imb5_change_500ms rsi_14,-0.003540978222934601
BTC_S6_60_150,logistic_poly2,up_imb5_change_500ms cvd,-0.02600179404370768
BTC_S6_60_150,logistic_poly2,up_imb5_change_500ms vpin_value,-0.032757362267442316
BTC_S6_60_150,logistic_poly2,up_imb5_change_500ms vpin_zscore,0.0015154205750871508
BTC_S6_60_150,logistic_poly2,up_imb5_change_500ms as_uncertainty,0.0039145096500815945
BTC_S6_60_150,logistic_poly2,up_imb5_change_500ms as_skew,0.0006666164118902121
BTC_S6_60_150,logistic_poly2,up_quote_intensity_5s ribbon_alignment_pct,-0.10523156421819015
BTC_S6_60_150,logistic_poly2,up_quote_intensity_5s ribbon_compression_bps,-0.014580515953579181
BTC_S6_60_150,logistic_poly2,up_quote_intensity_5s adx_14,0.020298652537353155
BTC_S6_60_150,logistic_poly2,up_quote_intensity_5s plus_di_14,-0.027118623141460452
BTC_S6_60_150,logistic_poly2,up_quote_intensity_5s minus_di_14,0.014052188320413774
BTC_S6_60_150,logistic_poly2,up_quote_intensity_5s vwap_since_open_bps,-0.08247888550588431
BTC_S6_60_150,logistic_poly2,up_quote_intensity_5s mfi_60s,-0.18076272420128217
BTC_S6_60_150,logistic_poly2,up_quote_intensity_5s stoch_k_60s,0.06847853196942191
BTC_S6_60_150,logistic_poly2,up_quote_intensity_5s stoch_d_60s,0.042261869725358336
BTC_S6_60_150,logistic_poly2,up_quote_intensity_5s cci_60s,-0.06691418165271862
BTC_S6_60_150,logistic_poly2,up_quote_intensity_5s bb_pos_60s,-0.012982082311964705
BTC_S6_60_150,logistic_poly2,up_quote_intensity_5s bb_width_60s,-0.08843610410266549
BTC_S6_60_150,logistic_poly2,up_quote_intensity_5s ofi_skew_l1_30s,0.10490641358965926
BTC_S6_60_150,logistic_poly2,up_quote_intensity_5s mlofi_skew_l5_30s,0.11162170261197453
BTC_S6_60_150,logistic_poly2,up_quote_intensity_5s mlofi_skew_l5_60s,0.01918367840318026
BTC_S6_60_150,logistic_poly2,up_quote_intensity_5s mlofi_skew_l25_30s,0.14533690245376807
BTC_S6_60_150,logistic_poly2,up_quote_intensity_5s rsi_14,-0.08770404524152775
BTC_S6_60_150,logistic_poly2,up_quote_intensity_5s cvd,0.11765279547565888
BTC_S6_60_150,logistic_poly2,up_quote_intensity_5s vpin_value,-0.046503923864509245
BTC_S6_60_150,logistic_poly2,up_quote_intensity_5s vpin_zscore,-0.09330871584558842
BTC_S6_60_150,logistic_poly2,up_quote_intensity_5s as_uncertainty,-0.0023812538266234605
BTC_S6_60_150,logistic_poly2,up_quote_intensity_5s as_skew,-0.013396357557436303
BTC_S6_60_150,logistic_poly2,ribbon_alignment_pct ribbon_compression_bps,-0.027369359217516896
BTC_S6_60_150,logistic_poly2,ribbon_alignment_pct adx_14,-0.10917676749647695
BTC_S6_60_150,logistic_poly2,ribbon_alignment_pct plus_di_14,-0.08172787369735497
BTC_S6_60_150,logistic_poly2,ribbon_alignment_pct minus_di_14,0.05714095314840722
BTC_S6_60_150,logistic_poly2,ribbon_alignment_pct vwap_since_open_bps,0.1073047361650987
BTC_S6_60_150,logistic_poly2,ribbon_alignment_pct mfi_60s,-0.034239223421663204
BTC_S6_60_150,logistic_poly2,ribbon_alignment_pct stoch_k_60s,-0.11145795002407272
BTC_S6_60_150,logistic_poly2,ribbon_alignment_pct stoch_d_60s,-0.05980079322680323
BTC_S6_60_150,logistic_poly2,ribbon_alignment_pct cci_60s,0.01594907137625004
BTC_S6_60_150,logistic_poly2,ribbon_alignment_pct bb_pos_60s,-0.053428516689775586
BTC_S6_60_150,logistic_poly2,ribbon_alignment_pct bb_width_60s,0.0441517908269987
BTC_S6_60_150,logistic_poly2,ribbon_alignment_pct ofi_skew_l1_30s,0.012302472302166557
BTC_S6_60_150,logistic_poly2,ribbon_alignment_pct mlofi_skew_l5_30s,0.057131835035434765
BTC_S6_60_150,logistic_poly2,ribbon_alignment_pct mlofi_skew_l5_60s,-0.07338602645686204
BTC_S6_60_150,logistic_poly2,ribbon_alignment_pct mlofi_skew_l25_30s,0.15971405361422972
BTC_S6_60_150,logistic_poly2,ribbon_alignment_pct rsi_14,0.21540747993356021
BTC_S6_60_150,logistic_poly2,ribbon_alignment_pct cvd,0.1866444023420287
BTC_S6_60_150,logistic_poly2,ribbon_alignment_pct vpin_value,-0.09682711355593333
BTC_S6_60_150,logistic_poly2,ribbon_alignment_pct vpin_zscore,-0.17818025102120927
BTC_S6_60_150,logistic_poly2,ribbon_alignment_pct as_uncertainty,0.012339516894179458
BTC_S6_60_150,logistic_poly2,ribbon_alignment_pct as_skew,0.02509064195391357
BTC_S6_60_150,logistic_poly2,ribbon_compression_bps adx_14,0.08879850730798165
BTC_S6_60_150,logistic_poly2,ribbon_compression_bps plus_di_14,0.03452754466313514
BTC_S6_60_150,logistic_poly2,ribbon_compression_bps minus_di_14,0.013618875277200012
BTC_S6_60_150,logistic_poly2,ribbon_compression_bps vwap_since_open_bps,0.048455778687293484
BTC_S6_60_150,logistic_poly2,ribbon_compression_bps mfi_60s,0.042842054141295605
BTC_S6_60_150,logistic_poly2,ribbon_compression_bps stoch_k_60s,0.030972947470388614
BTC_S6_60_150,logistic_poly2,ribbon_compression_bps stoch_d_60s,0.026814414471570132
BTC_S6_60_150,logistic_poly2,ribbon_compression_bps cci_60s,0.05805208469184309
BTC_S6_60_150,logistic_poly2,ribbon_compression_bps bb_pos_60s,0.0764846016462949
BTC_S6_60_150,logistic_poly2,ribbon_compression_bps bb_width_60s,0.06519299111846469
BTC_S6_60_150,logistic_poly2,ribbon_compression_bps ofi_skew_l1_30s,-0.037772545544443814
BTC_S6_60_150,logistic_poly2,ribbon_compression_bps mlofi_skew_l5_30s,0.019483712119241065
BTC_S6_60_150,logistic_poly2,ribbon_compression_bps mlofi_skew_l5_60s,-0.011150560916086311
BTC_S6_60_150,logistic_poly2,ribbon_compression_bps mlofi_skew_l25_30s,0.013968499617328515
BTC_S6_60_150,logistic_poly2,ribbon_compression_bps rsi_14,-0.02950522199898498
BTC_S6_60_150,logistic_poly2,ribbon_compression_bps cvd,-0.06802072580916282
BTC_S6_60_150,logistic_poly2,ribbon_compression_bps vpin_value,0.010905915766449005
BTC_S6_60_150,logistic_poly2,ribbon_compression_bps vpin_zscore,-0.015386954616666079
BTC_S6_60_150,logistic_poly2,ribbon_compression_bps as_uncertainty,0.008158069275918342
BTC_S6_60_150,logistic_poly2,ribbon_compression_bps as_skew,0.07439673903050072
BTC_S6_60_150,logistic_poly2,adx_14 plus_di_14,-0.14414939619568226
BTC_S6_60_150,logistic_poly2,adx_14 minus_di_14,0.08134639729585397
BTC_S6_60_150,logistic_poly2,adx_14 vwap_since_open_bps,0.17373438207046074
BTC_S6_60_150,logistic_poly2,adx_14 mfi_60s,-0.04389862818631737
BTC_S6_60_150,logistic_poly2,adx_14 stoch_k_60s,0.19916510420375236
BTC_S6_60_150,logistic_poly2,adx_14 stoch_d_60s,0.14608219747804457
BTC_S6_60_150,logistic_poly2,adx_14 cci_60s,0.10835174525875384
BTC_S6_60_150,logistic_poly2,adx_14 bb_pos_60s,-0.047461700733436814
BTC_S6_60_150,logistic_poly2,adx_14 bb_width_60s,0.11624695123867361
BTC_S6_60_150,logistic_poly2,adx_14 ofi_skew_l1_30s,-0.07017792511513296
BTC_S6_60_150,logistic_poly2,adx_14 mlofi_skew_l5_30s,-0.031021358107157244
BTC_S6_60_150,logistic_poly2,adx_14 mlofi_skew_l5_60s,0.0322269683460743
BTC_S6_60_150,logistic_poly2,adx_14 mlofi_skew_l25_30s,-0.05558482007718263
BTC_S6_60_150,logistic_poly2,adx_14 rsi_14,-0.004660754651451591
BTC_S6_60_150,logistic_poly2,adx_14 cvd,0.053215515892072865
BTC_S6_60_150,logistic_poly2,adx_14 vpin_value,0.014305578121056059
BTC_S6_60_150,logistic_poly2,adx_14 vpin_zscore,-0.02270452343834167
BTC_S6_60_150,logistic_poly2,adx_14 as_uncertainty,0.01541965900078441
BTC_S6_60_150,logistic_poly2,adx_14 as_skew,0.05774867592444185
BTC_S6_60_150,logistic_poly2,plus_di_14 minus_di_14,-0.055021786863635916
BTC_S6_60_150,logistic_poly2,plus_di_14 vwap_since_open_bps,0.055670405202335904
BTC_S6_60_150,logistic_poly2,plus_di_14 mfi_60s,-0.030150382885933656
BTC_S6_60_150,logistic_poly2,plus_di_14 stoch_k_60s,-0.1076477564081399
BTC_S6_60_150,logistic_poly2,plus_di_14 stoch_d_60s,-0.09120841976935445
BTC_S6_60_150,logistic_poly2,plus_di_14 cci_60s,-0.06577201137493088
BTC_S6_60_150,logistic_poly2,plus_di_14 bb_pos_60s,-0.13971321425597713
BTC_S6_60_150,logistic_poly2,plus_di_14 bb_width_60s,-0.0002035978836035688
BTC_S6_60_150,logistic_poly2,plus_di_14 ofi_skew_l1_30s,-0.02837957562972532
BTC_S6_60_150,logistic_poly2,plus_di_14 mlofi_skew_l5_30s,-0.02129365747183975
BTC_S6_60_150,logistic_poly2,plus_di_14 mlofi_skew_l5_60s,0.007714800842820061
BTC_S6_60_150,logistic_poly2,plus_di_14 mlofi_skew_l25_30s,0.03533264622864595
BTC_S6_60_150,logistic_poly2,plus_di_14 rsi_14,0.11844489135792431
BTC_S6_60_150,logistic_poly2,plus_di_14 cvd,-0.14932661834775093
BTC_S6_60_150,logistic_poly2,plus_di_14 vpin_value,0.03735590296787656
BTC_S6_60_150,logistic_poly2,plus_di_14 vpin_zscore,-0.06561719702293634
BTC_S6_60_150,logistic_poly2,plus_di_14 as_uncertainty,0.015099578600685259
BTC_S6_60_150,logistic_poly2,plus_di_14 as_skew,0.004561603254184434
BTC_S6_60_150,logistic_poly2,minus_di_14 vwap_since_open_bps,-0.04643544680500064
BTC_S6_60_150,logistic_poly2,minus_di_14 mfi_60s,0.13997174477643443
BTC_S6_60_150,logistic_poly2,minus_di_14 stoch_k_60s,-0.07354135445005489
BTC_S6_60_150,logistic_poly2,minus_di_14 stoch_d_60s,-0.02852670854972721
BTC_S6_60_150,logistic_poly2,minus_di_14 cci_60s,-0.008919766537986623
BTC_S6_60_150,logistic_poly2,minus_di_14 bb_pos_60s,-0.11234805234493456
BTC_S6_60_150,logistic_poly2,minus_di_14 bb_width_60s,0.055362706918852256
BTC_S6_60_150,logistic_poly2,minus_di_14 ofi_skew_l1_30s,-0.029634523044034973
BTC_S6_60_150,logistic_poly2,minus_di_14 mlofi_skew_l5_30s,0.008831097621816787
BTC_S6_60_150,logistic_poly2,minus_di_14 mlofi_skew_l5_60s,0.003205210059041635
BTC_S6_60_150,logistic_poly2,minus_di_14 mlofi_skew_l25_30s,-0.025378542476470766
BTC_S6_60_150,logistic_poly2,minus_di_14 rsi_14,0.029348642977821804
BTC_S6_60_150,logistic_poly2,minus_di_14 cvd,-0.05143083412507787
BTC_S6_60_150,logistic_poly2,minus_di_14 vpin_value,-0.14185792036084596
BTC_S6_60_150,logistic_poly2,minus_di_14 vpin_zscore,0.03439505937163917
BTC_S6_60_150,logistic_poly2,minus_di_14 as_uncertainty,-0.019612469117482927
BTC_S6_60_150,logistic_poly2,minus_di_14 as_skew,0.027889797165368393
BTC_S6_60_150,logistic_poly2,vwap_since_open_bps mfi_60s,-0.09809379230176003
BTC_S6_60_150,logistic_poly2,vwap_since_open_bps stoch_k_60s,-0.059589673328228406
BTC_S6_60_150,logistic_poly2,vwap_since_open_bps stoch_d_60s,-0.04862668726655634
BTC_S6_60_150,logistic_poly2,vwap_since_open_bps cci_60s,0.027972614133297928
BTC_S6_60_150,logistic_poly2,vwap_since_open_bps bb_pos_60s,-0.024045437675025476
BTC_S6_60_150,logistic_poly2,vwap_since_open_bps bb_width_60s,-0.021628392527442242
BTC_S6_60_150,logistic_poly2,vwap_since_open_bps ofi_skew_l1_30s,-0.12173328283463376
BTC_S6_60_150,logistic_poly2,vwap_since_open_bps mlofi_skew_l5_30s,-0.07731574757606595
BTC_S6_60_150,logistic_poly2,vwap_since_open_bps mlofi_skew_l5_60s,-0.11268893079980963
BTC_S6_60_150,logistic_poly2,vwap_since_open_bps mlofi_skew_l25_30s,-0.08975881756165766
BTC_S6_60_150,logistic_poly2,vwap_since_open_bps rsi_14,-0.0784598987689602
BTC_S6_60_150,logistic_poly2,vwap_since_open_bps cvd,0.05532241343175872
BTC_S6_60_150,logistic_poly2,vwap_since_open_bps vpin_value,0.003501863691792881
BTC_S6_60_150,logistic_poly2,vwap_since_open_bps vpin_zscore,0.033626692433334396
BTC_S6_60_150,logistic_poly2,vwap_since_open_bps as_uncertainty,-0.01638159670525657
BTC_S6_60_150,logistic_poly2,vwap_since_open_bps as_skew,-0.03374489614107136
BTC_S6_60_150,logistic_poly2,mfi_60s stoch_k_60s,0.007854709807477888
BTC_S6_60_150,logistic_poly2,mfi_60s stoch_d_60s,0.04943299723933556
BTC_S6_60_150,logistic_poly2,mfi_60s cci_60s,-0.07150729145375326
BTC_S6_60_150,logistic_poly2,mfi_60s bb_pos_60s,-0.01656796515043004
BTC_S6_60_150,logistic_poly2,mfi_60s bb_width_60s,-0.025718525917564006
BTC_S6_60_150,logistic_poly2,mfi_60s ofi_skew_l1_30s,-0.07104321102013902
BTC_S6_60_150,logistic_poly2,mfi_60s mlofi_skew_l5_30s,-0.07008974290711664
BTC_S6_60_150,logistic_poly2,mfi_60s mlofi_skew_l5_60s,0.06793808291557955
BTC_S6_60_150,logistic_poly2,mfi_60s mlofi_skew_l25_30s,-0.012302601755305415
BTC_S6_60_150,logistic_poly2,mfi_60s rsi_14,0.12680632060904198
BTC_S6_60_150,logistic_poly2,mfi_60s cvd,0.046269059634393525
BTC_S6_60_150,logistic_poly2,mfi_60s vpin_value,0.03047154970302377
BTC_S6_60_150,logistic_poly2,mfi_60s vpin_zscore,0.0829555867840015
BTC_S6_60_150,logistic_poly2,mfi_60s as_uncertainty,0.019794472450807517
BTC_S6_60_150,logistic_poly2,mfi_60s as_skew,0.06672227559509408
BTC_S6_60_150,logistic_poly2,stoch_k_60s stoch_d_60s,0.050946002978781095
BTC_S6_60_150,logistic_poly2,stoch_k_60s cci_60s,-0.02891219516081435
BTC_S6_60_150,logistic_poly2,stoch_k_60s bb_pos_60s,-0.008447397293721192
BTC_S6_60_150,logistic_poly2,stoch_k_60s bb_width_60s,0.02328548221847086
BTC_S6_60_150,logistic_poly2,stoch_k_60s ofi_skew_l1_30s,0.009686264154423205
BTC_S6_60_150,logistic_poly2,stoch_k_60s mlofi_skew_l5_30s,0.05477546854568188
BTC_S6_60_150,logistic_poly2,stoch_k_60s mlofi_skew_l5_60s,-0.13239725357965443
BTC_S6_60_150,logistic_poly2,stoch_k_60s mlofi_skew_l25_30s,0.14664806191974838
BTC_S6_60_150,logistic_poly2,stoch_k_60s rsi_14,0.08196172835547301
BTC_S6_60_150,logistic_poly2,stoch_k_60s cvd,-0.006947763868065155
BTC_S6_60_150,logistic_poly2,stoch_k_60s vpin_value,-0.019349776430791974
BTC_S6_60_150,logistic_poly2,stoch_k_60s vpin_zscore,-0.047249325323751964
BTC_S6_60_150,logistic_poly2,stoch_k_60s as_uncertainty,0.005216356104838044
BTC_S6_60_150,logistic_poly2,stoch_k_60s as_skew,-0.0020969913233468782
BTC_S6_60_150,logistic_poly2,stoch_d_60s cci_60s,-0.014727321648231699
BTC_S6_60_150,logistic_poly2,stoch_d_60s bb_pos_60s,-0.02184385295430076
BTC_S6_60_150,logistic_poly2,stoch_d_60s bb_width_60s,0.006589991663795305
BTC_S6_60_150,logistic_poly2,stoch_d_60s ofi_skew_l1_30s,-0.03283879766972499
BTC_S6_60_150,logistic_poly2,stoch_d_60s mlofi_skew_l5_30s,0.00327439610464606
BTC_S6_60_150,logistic_poly2,stoch_d_60s mlofi_skew_l5_60s,-0.14335828160422137
BTC_S6_60_150,logistic_poly2,stoch_d_60s mlofi_skew_l25_30s,0.09566515692696101
BTC_S6_60_150,logistic_poly2,stoch_d_60s rsi_14,0.12475050918599326
BTC_S6_60_150,logistic_poly2,stoch_d_60s cvd,-0.01491262909124787
BTC_S6_60_150,logistic_poly2,stoch_d_60s vpin_value,0.028852294661382824
BTC_S6_60_150,logistic_poly2,stoch_d_60s vpin_zscore,-0.027792957615831126
BTC_S6_60_150,logistic_poly2,stoch_d_60s as_uncertainty,0.010699864047831928
BTC_S6_60_150,logistic_poly2,stoch_d_60s as_skew,0.019694623149201194
BTC_S6_60_150,logistic_poly2,cci_60s bb_pos_60s,-0.155328886236568
BTC_S6_60_150,logistic_poly2,cci_60s bb_width_60s,0.11963252507463293
BTC_S6_60_150,logistic_poly2,cci_60s ofi_skew_l1_30s,0.007311711883014152
BTC_S6_60_150,logistic_poly2,cci_60s mlofi_skew_l5_30s,0.01629218538856001
BTC_S6_60_150,logistic_poly2,cci_60s mlofi_skew_l5_60s,-0.02019015852598248
BTC_S6_60_150,logistic_poly2,cci_60s mlofi_skew_l25_30s,0.08996657572450192
BTC_S6_60_150,logistic_poly2,cci_60s rsi_14,-0.04110414549060098
BTC_S6_60_150,logistic_poly2,cci_60s cvd,-0.21459165681285658
BTC_S6_60_150,logistic_poly2,cci_60s vpin_value,-0.01474279008605055
BTC_S6_60_150,logistic_poly2,cci_60s vpin_zscore,-0.04977064735045737
BTC_S6_60_150,logistic_poly2,cci_60s as_uncertainty,0.006622869581101556
BTC_S6_60_150,logistic_poly2,cci_60s as_skew,0.030981546480181366
BTC_S6_60_150,logistic_poly2,bb_pos_60s bb_width_60s,0.0785144996928853
BTC_S6_60_150,logistic_poly2,bb_pos_60s ofi_skew_l1_30s,0.001924992971880246
BTC_S6_60_150,logistic_poly2,bb_pos_60s mlofi_skew_l5_30s,0.01704985339252236
BTC_S6_60_150,logistic_poly2,bb_pos_60s mlofi_skew_l5_60s,-0.07496955620281648
BTC_S6_60_150,logistic_poly2,bb_pos_60s mlofi_skew_l25_30s,0.06579056995209352
BTC_S6_60_150,logistic_poly2,bb_pos_60s rsi_14,-0.022316424454174318
BTC_S6_60_150,logistic_poly2,bb_pos_60s cvd,0.039880630680017605
BTC_S6_60_150,logistic_poly2,bb_pos_60s vpin_value,0.10083424603081384
BTC_S6_60_150,logistic_poly2,bb_pos_60s vpin_zscore,0.1244327005831169
BTC_S6_60_150,logistic_poly2,bb_pos_60s as_uncertainty,-0.006277237400954427
BTC_S6_60_150,logistic_poly2,bb_pos_60s as_skew,-0.026044770342740522
BTC_S6_60_150,logistic_poly2,bb_width_60s ofi_skew_l1_30s,-0.05018663681053032
BTC_S6_60_150,logistic_poly2,bb_width_60s mlofi_skew_l5_30s,0.012826653985911424
BTC_S6_60_150,logistic_poly2,bb_width_60s mlofi_skew_l5_60s,-0.061129375431812086
BTC_S6_60_150,logistic_poly2,bb_width_60s mlofi_skew_l25_30s,0.0037535911359814845
BTC_S6_60_150,logistic_poly2,bb_width_60s rsi_14,0.06235777071801389
BTC_S6_60_150,logistic_poly2,bb_width_60s cvd,-0.07224116450365789
BTC_S6_60_150,logistic_poly2,bb_width_60s vpin_value,0.04498033172941227
BTC_S6_60_150,logistic_poly2,bb_width_60s vpin_zscore,-0.029459349175917953
BTC_S6_60_150,logistic_poly2,bb_width_60s as_uncertainty,-0.0010963110356216302
BTC_S6_60_150,logistic_poly2,bb_width_60s as_skew,-0.02346772373738432
BTC_S6_60_150,logistic_poly2,ofi_skew_l1_30s mlofi_skew_l5_30s,0.04958541340821738
BTC_S6_60_150,logistic_poly2,ofi_skew_l1_30s mlofi_skew_l5_60s,0.04458515069399317
BTC_S6_60_150,logistic_poly2,ofi_skew_l1_30s mlofi_skew_l25_30s,0.05948854704559085
BTC_S6_60_150,logistic_poly2,ofi_skew_l1_30s rsi_14,-0.06879412618875394
BTC_S6_60_150,logistic_poly2,ofi_skew_l1_30s cvd,0.21145292214758843
BTC_S6_60_150,logistic_poly2,ofi_skew_l1_30s vpin_value,0.006964082175759329
BTC_S6_60_150,logistic_poly2,ofi_skew_l1_30s vpin_zscore,-0.025736107499563326
BTC_S6_60_150,logistic_poly2,ofi_skew_l1_30s as_uncertainty,0.0032265960859542346
BTC_S6_60_150,logistic_poly2,ofi_skew_l1_30s as_skew,-0.013099861825854129
BTC_S6_60_150,logistic_poly2,mlofi_skew_l5_30s mlofi_skew_l5_60s,0.031739881146748736
BTC_S6_60_150,logistic_poly2,mlofi_skew_l5_30s mlofi_skew_l25_30s,0.05995105587102085
BTC_S6_60_150,logistic_poly2,mlofi_skew_l5_30s rsi_14,-0.08034554171777877
BTC_S6_60_150,logistic_poly2,mlofi_skew_l5_30s cvd,0.10958531941291941
BTC_S6_60_150,logistic_poly2,mlofi_skew_l5_30s vpin_value,0.015231599093181785
BTC_S6_60_150,logistic_poly2,mlofi_skew_l5_30s vpin_zscore,0.010150660987362486
BTC_S6_60_150,logistic_poly2,mlofi_skew_l5_30s as_uncertainty,0.011892249105001326
BTC_S6_60_150,logistic_poly2,mlofi_skew_l5_30s as_skew,0.040028809582315
BTC_S6_60_150,logistic_poly2,mlofi_skew_l5_60s mlofi_skew_l25_30s,0.011369735723789853
BTC_S6_60_150,logistic_poly2,mlofi_skew_l5_60s rsi_14,-0.061983518038340686
BTC_S6_60_150,logistic_poly2,mlofi_skew_l5_60s cvd,-0.01320044954127309
BTC_S6_60_150,logistic_poly2,mlofi_skew_l5_60s vpin_value,-0.07534692085948744
BTC_S6_60_150,logistic_poly2,mlofi_skew_l5_60s vpin_zscore,-0.060877590670584625
BTC_S6_60_150,logistic_poly2,mlofi_skew_l5_60s as_uncertainty,-0.014290095989700657
BTC_S6_60_150,logistic_poly2,mlofi_skew_l5_60s as_skew,0.0338443415266668
BTC_S6_60_150,logistic_poly2,mlofi_skew_l25_30s rsi_14,-0.07687927708867727
BTC_S6_60_150,logistic_poly2,mlofi_skew_l25_30s cvd,0.1272432595896557
BTC_S6_60_150,logistic_poly2,mlofi_skew_l25_30s vpin_value,0.010269718641286632
BTC_S6_60_150,logistic_poly2,mlofi_skew_l25_30s vpin_zscore,0.0074577469811295755
BTC_S6_60_150,logistic_poly2,mlofi_skew_l25_30s as_uncertainty,0.0010977270767922685
BTC_S6_60_150,logistic_poly2,mlofi_skew_l25_30s as_skew,-0.024334643573921462
BTC_S6_60_150,logistic_poly2,rsi_14 cvd,0.0023325295201579947
BTC_S6_60_150,logistic_poly2,rsi_14 vpin_value,0.14178547357489074
BTC_S6_60_150,logistic_poly2,rsi_14 vpin_zscore,0.052673175182573716
BTC_S6_60_150,logistic_poly2,rsi_14 as_uncertainty,-0.03653281162053123
BTC_S6_60_150,logistic_poly2,rsi_14 as_skew,0.0006820802421018701
BTC_S6_60_150,logistic_poly2,cvd vpin_value,-0.01676136606457558
BTC_S6_60_150,logistic_poly2,cvd vpin_zscore,0.10607681805995932
BTC_S6_60_150,logistic_poly2,cvd as_uncertainty,0.003715497121125435
BTC_S6_60_150,logistic_poly2,cvd as_skew,0.04997805857514185
BTC_S6_60_150,logistic_poly2,vpin_value vpin_zscore,0.05506306298608499
BTC_S6_60_150,logistic_poly2,vpin_value as_uncertainty,0.015055871927307219
BTC_S6_60_150,logistic_poly2,vpin_value as_skew,0.05300329700732406
BTC_S6_60_150,logistic_poly2,vpin_zscore as_uncertainty,0.0024140460979828614
BTC_S6_60_150,logistic_poly2,vpin_zscore as_skew,0.025778979990494378
BTC_S6_60_150,logistic_poly2,as_uncertainty as_skew,-0.007486473333759663
ETH_S6_60_150,ridge,mp_skew,-0.014226745123496221
ETH_S6_60_150,ridge,mp_weighted_skew,-0.06595128252022972
ETH_S6_60_150,ridge,mp_skew_change_500ms,-0.0005091026127375578
ETH_S6_60_150,ridge,mp_up_dev_bps,0.01578819131310574
ETH_S6_60_150,ridge,mp_dn_dev_bps,-0.05467787374664968
ETH_S6_60_150,ridge,mp_imbalance,-0.04326034389352495
ETH_S6_60_150,ridge,mp_weighted_imbalance,-0.028428604363267655
ETH_S6_60_150,ridge,L_stat,0.02593144159656215
ETH_S6_60_150,ridge,hawkes_lambda_imbalance,0.008277367219211627
ETH_S6_60_150,ridge,hawkes_lambda_total,-0.0485738286510544
ETH_S6_60_150,ridge,rv_ratio_60_to_3600,-0.022794543738581276
ETH_S6_60_150,ridge,hurst_300s,-0.06170204313915389
ETH_S6_60_150,ridge,hurst_100s,0.021534795349576665
ETH_S6_60_150,ridge,hurst_900s,0.02657630334391125
ETH_S6_60_150,ridge,trend_slope_30m,0.06708084612149055
ETH_S6_60_150,ridge,rv_60s,0.05823995309554703
ETH_S6_60_150,ridge,rv_300s,-0.001046221431874815
ETH_S6_60_150,ridge,up_imb5,0.06618693834772746
ETH_S6_60_150,ridge,dn_imb5,-0.042457746148122394
ETH_S6_60_150,ridge,up_imb25,-0.06687842625148428
ETH_S6_60_150,ridge,dn_imb25,0.05720181765585985
ETH_S6_60_150,ridge,up_queue_top_bid,-0.02628532800936071
ETH_S6_60_150,ridge,up_micro_dev_bps,0.046069965404763394
ETH_S6_60_150,ridge,dn_micro_dev_bps,0.03883670354133674
ETH_S6_60_150,ridge,up_bid_slope,0.06529140306929285
ETH_S6_60_150,ridge,up_ask_slope,-0.028448749546359748
ETH_S6_60_150,ridge,dn_bid_slope,-0.04354254960510817
ETH_S6_60_150,ridge,dn_ask_slope,-0.0426865788402143
ETH_S6_60_150,ridge,up_imb5_change_500ms,0.010333052096400659
ETH_S6_60_150,ridge,up_quote_intensity_5s,-0.011760444218217333
ETH_S6_60_150,ridge,ribbon_alignment_pct,0.05385731559266076
ETH_S6_60_150,ridge,ribbon_compression_bps,0.04834286558276237
ETH_S6_60_150,ridge,adx_14,-0.002651682324481519
ETH_S6_60_150,ridge,plus_di_14,0.00801659246145062
ETH_S6_60_150,ridge,minus_di_14,0.06749699518904326
ETH_S6_60_150,ridge,vwap_since_open_bps,-0.006889288279921168
ETH_S6_60_150,ridge,mfi_60s,0.02262335259703717
ETH_S6_60_150,ridge,stoch_k_60s,0.04368719164100955
ETH_S6_60_150,ridge,stoch_d_60s,-0.03616845174761437
ETH_S6_60_150,ridge,cci_60s,-0.10783293404171707
ETH_S6_60_150,ridge,bb_pos_60s,0.06442429654057329
ETH_S6_60_150,ridge,bb_width_60s,-0.027080281911262404
ETH_S6_60_150,ridge,ofi_skew_l1_30s,0.040724764643544686
ETH_S6_60_150,ridge,mlofi_skew_l5_30s,-0.004288762994553298
ETH_S6_60_150,ridge,mlofi_skew_l5_60s,-0.026820107730008272
ETH_S6_60_150,ridge,mlofi_skew_l25_30s,-0.019856436492511877
ETH_S6_60_150,ridge,rsi_14,0.052229072030317666
ETH_S6_60_150,ridge,cvd,0.0574573969962404
ETH_S6_60_150,ridge,vpin_value,0.07286108536431903
ETH_S6_60_150,ridge,vpin_zscore,-0.055465137964930536
ETH_S6_60_150,ridge,as_uncertainty,0.020056939601313113
ETH_S6_60_150,ridge,as_skew,0.002403625345131167
ETH_S6_60_150,elastic_net,mp_skew,-0.0
ETH_S6_60_150,elastic_net,mp_weighted_skew,-0.05654500014098533
ETH_S6_60_150,elastic_net,mp_skew_change_500ms,0.0
ETH_S6_60_150,elastic_net,mp_up_dev_bps,0.0
ETH_S6_60_150,elastic_net,mp_dn_dev_bps,-0.003614216848369361
ETH_S6_60_150,elastic_net,mp_imbalance,-0.029319864027685272
ETH_S6_60_150,elastic_net,mp_weighted_imbalance,-0.015055473254470738
ETH_S6_60_150,elastic_net,L_stat,0.022276555746946026
ETH_S6_60_150,elastic_net,hawkes_lambda_imbalance,0.007649711798660852
ETH_S6_60_150,elastic_net,hawkes_lambda_total,-0.006755248163637104
ETH_S6_60_150,elastic_net,rv_ratio_60_to_3600,0.0
ETH_S6_60_150,elastic_net,hurst_300s,-0.049344576275680584
ETH_S6_60_150,elastic_net,hurst_100s,0.012461436386540766
ETH_S6_60_150,elastic_net,hurst_900s,0.01895637502337926
ETH_S6_60_150,elastic_net,trend_slope_30m,0.06954399598139425
ETH_S6_60_150,elastic_net,rv_60s,0.0047442380813181775
ETH_S6_60_150,elastic_net,rv_300s,0.0
ETH_S6_60_150,elastic_net,up_imb5,0.09074050507195776
ETH_S6_60_150,elastic_net,dn_imb5,-0.0
ETH_S6_60_150,elastic_net,up_imb25,-0.09975909280762514
ETH_S6_60_150,elastic_net,dn_imb25,0.018425184313518694
ETH_S6_60_150,elastic_net,up_queue_top_bid,-0.003519751330164164
ETH_S6_60_150,elastic_net,up_micro_dev_bps,0.010217783373491484
ETH_S6_60_150,elastic_net,dn_micro_dev_bps,0.0
ETH_S6_60_150,elastic_net,up_bid_slope,0.07776365006073778
ETH_S6_60_150,elastic_net,up_ask_slope,-0.0
ETH_S6_60_150,elastic_net,dn_bid_slope,0.0
ETH_S6_60_150,elastic_net,dn_ask_slope,-0.0
ETH_S6_60_150,elastic_net,up_imb5_change_500ms,0.009667622058380197
ETH_S6_60_150,elastic_net,up_quote_intensity_5s,-0.003105975923495278
ETH_S6_60_150,elastic_net,ribbon_alignment_pct,0.037851735776180624
ETH_S6_60_150,elastic_net,ribbon_compression_bps,0.035963539217992134
ETH_S6_60_150,elastic_net,adx_14,-0.0
ETH_S6_60_150,elastic_net,plus_di_14,0.0
ETH_S6_60_150,elastic_net,minus_di_14,0.05340137806901766
ETH_S6_60_150,elastic_net,vwap_since_open_bps,-0.0
ETH_S6_60_150,elastic_net,mfi_60s,0.013143834744572033
ETH_S6_60_150,elastic_net,stoch_k_60s,0.0
ETH_S6_60_150,elastic_net,stoch_d_60s,0.0
ETH_S6_60_150,elastic_net,cci_60s,-0.08919787127958469
ETH_S6_60_150,elastic_net,bb_pos_60s,0.06041342952507549
ETH_S6_60_150,elastic_net,bb_width_60s,-0.0
ETH_S6_60_150,elastic_net,ofi_skew_l1_30s,0.01235377274629499
ETH_S6_60_150,elastic_net,mlofi_skew_l5_30s,-0.0
ETH_S6_60_150,elastic_net,mlofi_skew_l5_60s,-0.011989406691579085
ETH_S6_60_150,elastic_net,mlofi_skew_l25_30s,-0.011492435748931246
ETH_S6_60_150,elastic_net,rsi_14,0.04825249110905015
ETH_S6_60_150,elastic_net,cvd,0.049754475579126
ETH_S6_60_150,elastic_net,vpin_value,0.0480340350857724
ETH_S6_60_150,elastic_net,vpin_zscore,-0.03297208171064047
ETH_S6_60_150,elastic_net,as_uncertainty,0.0
ETH_S6_60_150,elastic_net,as_skew,0.0
ETH_S6_60_150,logistic_l2,mp_skew,-0.10181980143563897
ETH_S6_60_150,logistic_l2,mp_weighted_skew,-0.5783852391182704
ETH_S6_60_150,logistic_l2,mp_skew_change_500ms,0.036344765178484464
ETH_S6_60_150,logistic_l2,mp_up_dev_bps,0.008975896304368859
ETH_S6_60_150,logistic_l2,mp_dn_dev_bps,-0.4783368243386194
ETH_S6_60_150,logistic_l2,mp_imbalance,-0.29141812048028887
ETH_S6_60_150,logistic_l2,mp_weighted_imbalance,-0.15948641058257906
ETH_S6_60_150,logistic_l2,L_stat,0.24745501054981442
ETH_S6_60_150,logistic_l2,hawkes_lambda_imbalance,0.057933220585374465
ETH_S6_60_150,logistic_l2,hawkes_lambda_total,-0.42040925873363705
ETH_S6_60_150,logistic_l2,rv_ratio_60_to_3600,-0.06301884810354587
ETH_S6_60_150,logistic_l2,hurst_300s,-0.39992263237807435
ETH_S6_60_150,logistic_l2,hurst_100s,0.11217275979516093
ETH_S6_60_150,logistic_l2,hurst_900s,0.1502420927075559
ETH_S6_60_150,logistic_l2,trend_slope_30m,0.48251136765266184
ETH_S6_60_150,logistic_l2,rv_60s,0.43808326072607656
ETH_S6_60_150,logistic_l2,rv_300s,-0.030902613974163207
ETH_S6_60_150,logistic_l2,up_imb5,0.4935909162272685
ETH_S6_60_150,logistic_l2,dn_imb5,-0.22891393366198695
ETH_S6_60_150,logistic_l2,up_imb25,-0.4049381706125533
ETH_S6_60_150,logistic_l2,dn_imb25,0.3241082421988896
ETH_S6_60_150,logistic_l2,up_queue_top_bid,-0.20270688743076257
ETH_S6_60_150,logistic_l2,up_micro_dev_bps,0.38083818875741343
ETH_S6_60_150,logistic_l2,dn_micro_dev_bps,0.3019932988949369
ETH_S6_60_150,logistic_l2,up_bid_slope,0.4698904419871129
ETH_S6_60_150,logistic_l2,up_ask_slope,-0.232023408191693
ETH_S6_60_150,logistic_l2,dn_bid_slope,-0.4372858263499649
ETH_S6_60_150,logistic_l2,dn_ask_slope,-0.2718140715765059
ETH_S6_60_150,logistic_l2,up_imb5_change_500ms,0.0007194283945303659
ETH_S6_60_150,logistic_l2,up_quote_intensity_5s,-0.05570870853874229
ETH_S6_60_150,logistic_l2,ribbon_alignment_pct,0.29055665067813974
ETH_S6_60_150,logistic_l2,ribbon_compression_bps,0.3768077606425558
ETH_S6_60_150,logistic_l2,adx_14,0.028987129792432766
ETH_S6_60_150,logistic_l2,plus_di_14,0.16083442715115318
ETH_S6_60_150,logistic_l2,minus_di_14,0.5693101546855514
ETH_S6_60_150,logistic_l2,vwap_since_open_bps,-0.03569220408539933
ETH_S6_60_150,logistic_l2,mfi_60s,0.14952300055849949
ETH_S6_60_150,logistic_l2,stoch_k_60s,0.28714118084935236
ETH_S6_60_150,logistic_l2,stoch_d_60s,-0.23840923327629876
ETH_S6_60_150,logistic_l2,cci_60s,-0.8575569371454845
ETH_S6_60_150,logistic_l2,bb_pos_60s,0.48651560494999024
ETH_S6_60_150,logistic_l2,bb_width_60s,-0.33891431868501454
ETH_S6_60_150,logistic_l2,ofi_skew_l1_30s,0.2738668462973732
ETH_S6_60_150,logistic_l2,mlofi_skew_l5_30s,-0.00043843454261865977
ETH_S6_60_150,logistic_l2,mlofi_skew_l5_60s,-0.25159414184206735
ETH_S6_60_150,logistic_l2,mlofi_skew_l25_30s,-0.013347923054383329
ETH_S6_60_150,logistic_l2,rsi_14,0.26929563761645847
ETH_S6_60_150,logistic_l2,cvd,0.41464277027472934
ETH_S6_60_150,logistic_l2,vpin_value,0.5397300249979201
ETH_S6_60_150,logistic_l2,vpin_zscore,-0.494858548285505
ETH_S6_60_150,logistic_l2,as_uncertainty,0.17371083781407515
ETH_S6_60_150,logistic_l2,as_skew,0.07748393808936241
ETH_S6_60_150,logistic_poly2,mp_skew,0.06620516164303196
ETH_S6_60_150,logistic_poly2,mp_weighted_skew,-0.11606679836515069
ETH_S6_60_150,logistic_poly2,mp_skew_change_500ms,0.08789395626095992
ETH_S6_60_150,logistic_poly2,mp_up_dev_bps,-0.04364836983734836
ETH_S6_60_150,logistic_poly2,mp_dn_dev_bps,-0.05202002370713791
ETH_S6_60_150,logistic_poly2,mp_imbalance,-0.03056516527004937
ETH_S6_60_150,logistic_poly2,mp_weighted_imbalance,-0.10862900055290907
ETH_S6_60_150,logistic_poly2,L_stat,0.0469455034410764
ETH_S6_60_150,logistic_poly2,hawkes_lambda_imbalance,0.06274950820780839
ETH_S6_60_150,logistic_poly2,hawkes_lambda_total,0.03945131675580088
ETH_S6_60_150,logistic_poly2,rv_ratio_60_to_3600,-0.07322336636928588
ETH_S6_60_150,logistic_poly2,hurst_300s,-0.19724111553637982
ETH_S6_60_150,logistic_poly2,hurst_100s,0.02277651302122717
ETH_S6_60_150,logistic_poly2,hurst_900s,0.007575811515293602
ETH_S6_60_150,logistic_poly2,trend_slope_30m,0.2961837640325956
ETH_S6_60_150,logistic_poly2,rv_60s,0.037638290126641404
ETH_S6_60_150,logistic_poly2,rv_300s,0.08449443011144406
ETH_S6_60_150,logistic_poly2,up_imb5,0.0844525117904083
ETH_S6_60_150,logistic_poly2,dn_imb5,-0.07505970531153763
ETH_S6_60_150,logistic_poly2,up_imb25,-0.14561477924727914
ETH_S6_60_150,logistic_poly2,dn_imb25,0.14494668422850346
ETH_S6_60_150,logistic_poly2,up_queue_top_bid,-0.07113097946467205
ETH_S6_60_150,logistic_poly2,up_micro_dev_bps,0.08982835192574509
ETH_S6_60_150,logistic_poly2,dn_micro_dev_bps,-0.03765171576582673
ETH_S6_60_150,logistic_poly2,up_bid_slope,0.01342012775972409
ETH_S6_60_150,logistic_poly2,up_ask_slope,-0.034158053041436945
ETH_S6_60_150,logistic_poly2,dn_bid_slope,0.022163418892300158
ETH_S6_60_150,logistic_poly2,dn_ask_slope,-0.009640198786891443
ETH_S6_60_150,logistic_poly2,up_imb5_change_500ms,0.025160144546526875
ETH_S6_60_150,logistic_poly2,up_quote_intensity_5s,-0.037865182078564416
ETH_S6_60_150,logistic_poly2,ribbon_alignment_pct,0.040192876598734266
ETH_S6_60_150,logistic_poly2,ribbon_compression_bps,0.06724601862707284
ETH_S6_60_150,logistic_poly2,adx_14,0.007926857844974749
ETH_S6_60_150,logistic_poly2,plus_di_14,0.0073764528736457585
ETH_S6_60_150,logistic_poly2,minus_di_14,0.13361974467541735
ETH_S6_60_150,logistic_poly2,vwap_since_open_bps,0.040633029937453824
ETH_S6_60_150,logistic_poly2,mfi_60s,0.10166155348155838
ETH_S6_60_150,logistic_poly2,stoch_k_60s,-0.01909655382486534
ETH_S6_60_150,logistic_poly2,stoch_d_60s,-0.03314547474009761
ETH_S6_60_150,logistic_poly2,cci_60s,-0.11593771274601872
ETH_S6_60_150,logistic_poly2,bb_pos_60s,0.04885342978318777
ETH_S6_60_150,logistic_poly2,bb_width_60s,-0.07808921194007819
ETH_S6_60_150,logistic_poly2,ofi_skew_l1_30s,0.0789795057505361
ETH_S6_60_150,logistic_poly2,mlofi_skew_l5_30s,0.04121957860157934
ETH_S6_60_150,logistic_poly2,mlofi_skew_l5_60s,0.05919012456726162
ETH_S6_60_150,logistic_poly2,mlofi_skew_l25_30s,0.03433118483845342
ETH_S6_60_150,logistic_poly2,rsi_14,0.24699459081721195
ETH_S6_60_150,logistic_poly2,cvd,0.04556622584121376
ETH_S6_60_150,logistic_poly2,vpin_value,0.016752432387123598
ETH_S6_60_150,logistic_poly2,vpin_zscore,-0.07506191643032804
ETH_S6_60_150,logistic_poly2,as_uncertainty,0.049825735723216906
ETH_S6_60_150,logistic_poly2,as_skew,0.007855264652915325
ETH_S6_60_150,logistic_poly2,mp_skew mp_weighted_skew,0.018862450327756717
ETH_S6_60_150,logistic_poly2,mp_skew mp_skew_change_500ms,-0.007814227862060086
ETH_S6_60_150,logistic_poly2,mp_skew mp_up_dev_bps,-0.1082758976304772
ETH_S6_60_150,logistic_poly2,mp_skew mp_dn_dev_bps,-0.04010408115173728
ETH_S6_60_150,logistic_poly2,mp_skew mp_imbalance,0.03514729512099672
ETH_S6_60_150,logistic_poly2,mp_skew mp_weighted_imbalance,0.028793245292878664
ETH_S6_60_150,logistic_poly2,mp_skew L_stat,0.01468813698730616
ETH_S6_60_150,logistic_poly2,mp_skew hawkes_lambda_imbalance,0.05291619810503124
ETH_S6_60_150,logistic_poly2,mp_skew hawkes_lambda_total,-0.01731276463011022
ETH_S6_60_150,logistic_poly2,mp_skew rv_ratio_60_to_3600,-0.02315386850321671
ETH_S6_60_150,logistic_poly2,mp_skew hurst_300s,0.031205095139226896
ETH_S6_60_150,logistic_poly2,mp_skew hurst_100s,-0.0012267016495309264
ETH_S6_60_150,logistic_poly2,mp_skew hurst_900s,-0.018569616307619864
ETH_S6_60_150,logistic_poly2,mp_skew trend_slope_30m,0.06934433757737998
ETH_S6_60_150,logistic_poly2,mp_skew rv_60s,-0.0155051925068678
ETH_S6_60_150,logistic_poly2,mp_skew rv_300s,0.0027183689077592593
ETH_S6_60_150,logistic_poly2,mp_skew up_imb5,-0.0017452777644428653
ETH_S6_60_150,logistic_poly2,mp_skew dn_imb5,0.0006655234231038918
ETH_S6_60_150,logistic_poly2,mp_skew up_imb25,-0.02551618453850444
ETH_S6_60_150,logistic_poly2,mp_skew dn_imb25,0.028473485935153763
ETH_S6_60_150,logistic_poly2,mp_skew up_queue_top_bid,-0.03426998658969491
ETH_S6_60_150,logistic_poly2,mp_skew up_micro_dev_bps,0.08325206503377583
ETH_S6_60_150,logistic_poly2,mp_skew dn_micro_dev_bps,-0.017812877294344814
ETH_S6_60_150,logistic_poly2,mp_skew up_bid_slope,0.012438966551343598
ETH_S6_60_150,logistic_poly2,mp_skew up_ask_slope,0.03338376548420958
ETH_S6_60_150,logistic_poly2,mp_skew dn_bid_slope,-0.019338664598272843
ETH_S6_60_150,logistic_poly2,mp_skew dn_ask_slope,-0.016628267803578393
ETH_S6_60_150,logistic_poly2,mp_skew up_imb5_change_500ms,0.022276682293725696
ETH_S6_60_150,logistic_poly2,mp_skew up_quote_intensity_5s,-0.032601524202036075
ETH_S6_60_150,logistic_poly2,mp_skew ribbon_alignment_pct,-0.000579538795612002
ETH_S6_60_150,logistic_poly2,mp_skew ribbon_compression_bps,0.011069926002096754
ETH_S6_60_150,logistic_poly2,mp_skew adx_14,-0.040824325743104774
ETH_S6_60_150,logistic_poly2,mp_skew plus_di_14,0.017652900554722864
ETH_S6_60_150,logistic_poly2,mp_skew minus_di_14,-0.006493624921356182
ETH_S6_60_150,logistic_poly2,mp_skew vwap_since_open_bps,0.06086299426541291
ETH_S6_60_150,logistic_poly2,mp_skew mfi_60s,0.09351911276632144
ETH_S6_60_150,logistic_poly2,mp_skew stoch_k_60s,0.01856150365008637
ETH_S6_60_150,logistic_poly2,mp_skew stoch_d_60s,0.009006694607406369
ETH_S6_60_150,logistic_poly2,mp_skew cci_60s,0.044876142102219914
ETH_S6_60_150,logistic_poly2,mp_skew bb_pos_60s,0.01771543954261276
ETH_S6_60_150,logistic_poly2,mp_skew bb_width_60s,-0.003459121573104432
ETH_S6_60_150,logistic_poly2,mp_skew ofi_skew_l1_30s,-0.002554813806578419
ETH_S6_60_150,logistic_poly2,mp_skew mlofi_skew_l5_30s,-0.006261916095096078
ETH_S6_60_150,logistic_poly2,mp_skew mlofi_skew_l5_60s,0.030863692223477592
ETH_S6_60_150,logistic_poly2,mp_skew mlofi_skew_l25_30s,-0.00849683549895595
ETH_S6_60_150,logistic_poly2,mp_skew rsi_14,0.021826186709415156
ETH_S6_60_150,logistic_poly2,mp_skew cvd,0.04257331635538684
ETH_S6_60_150,logistic_poly2,mp_skew vpin_value,-0.0008486233491917199
ETH_S6_60_150,logistic_poly2,mp_skew vpin_zscore,0.0014962684643302388
ETH_S6_60_150,logistic_poly2,mp_skew as_uncertainty,-0.034394003098528726
ETH_S6_60_150,logistic_poly2,mp_skew as_skew,-0.050168957595761156
ETH_S6_60_150,logistic_poly2,mp_weighted_skew mp_skew_change_500ms,0.04930798028911067
ETH_S6_60_150,logistic_poly2,mp_weighted_skew mp_up_dev_bps,-0.02274765874881787
ETH_S6_60_150,logistic_poly2,mp_weighted_skew mp_dn_dev_bps,-0.008840004335062266
ETH_S6_60_150,logistic_poly2,mp_weighted_skew mp_imbalance,0.07832652094268948
ETH_S6_60_150,logistic_poly2,mp_weighted_skew mp_weighted_imbalance,0.050971367455411545
ETH_S6_60_150,logistic_poly2,mp_weighted_skew L_stat,-0.053384661657681416
ETH_S6_60_150,logistic_poly2,mp_weighted_skew hawkes_lambda_imbalance,0.07127633263086346
ETH_S6_60_150,logistic_poly2,mp_weighted_skew hawkes_lambda_total,0.06683683912221317
ETH_S6_60_150,logistic_poly2,mp_weighted_skew rv_ratio_60_to_3600,-0.0648816420543233
ETH_S6_60_150,logistic_poly2,mp_weighted_skew hurst_300s,0.0022887048797279597
ETH_S6_60_150,logistic_poly2,mp_weighted_skew hurst_100s,-0.030320833301249323
ETH_S6_60_150,logistic_poly2,mp_weighted_skew hurst_900s,-0.023157061898855014
ETH_S6_60_150,logistic_poly2,mp_weighted_skew trend_slope_30m,-0.06077882068868338
ETH_S6_60_150,logistic_poly2,mp_weighted_skew rv_60s,0.033591036283419105
ETH_S6_60_150,logistic_poly2,mp_weighted_skew rv_300s,0.04335873915410075
ETH_S6_60_150,logistic_poly2,mp_weighted_skew up_imb5,-0.010833981391899167
ETH_S6_60_150,logistic_poly2,mp_weighted_skew dn_imb5,0.01698488425254597
ETH_S6_60_150,logistic_poly2,mp_weighted_skew up_imb25,0.011747397649989645
ETH_S6_60_150,logistic_poly2,mp_weighted_skew dn_imb25,-0.011259995923571698
ETH_S6_60_150,logistic_poly2,mp_weighted_skew up_queue_top_bid,-0.07079933910587348
ETH_S6_60_150,logistic_poly2,mp_weighted_skew up_micro_dev_bps,0.07972637362279658
ETH_S6_60_150,logistic_poly2,mp_weighted_skew dn_micro_dev_bps,0.014732330492392585
ETH_S6_60_150,logistic_poly2,mp_weighted_skew up_bid_slope,0.10581069508278045
ETH_S6_60_150,logistic_poly2,mp_weighted_skew up_ask_slope,-0.028243984942710316
ETH_S6_60_150,logistic_poly2,mp_weighted_skew dn_bid_slope,0.0282449508030783
ETH_S6_60_150,logistic_poly2,mp_weighted_skew dn_ask_slope,-0.10559982995094433
ETH_S6_60_150,logistic_poly2,mp_weighted_skew up_imb5_change_500ms,0.0180402941681534
ETH_S6_60_150,logistic_poly2,mp_weighted_skew up_quote_intensity_5s,0.0018373593946141929
ETH_S6_60_150,logistic_poly2,mp_weighted_skew ribbon_alignment_pct,-0.07532415158394243
ETH_S6_60_150,logistic_poly2,mp_weighted_skew ribbon_compression_bps,0.05708601750752939
ETH_S6_60_150,logistic_poly2,mp_weighted_skew adx_14,-0.0743597106096498
ETH_S6_60_150,logistic_poly2,mp_weighted_skew plus_di_14,0.012315330483410046
ETH_S6_60_150,logistic_poly2,mp_weighted_skew minus_di_14,-0.03284441098240268
ETH_S6_60_150,logistic_poly2,mp_weighted_skew vwap_since_open_bps,-0.04924280007064591
ETH_S6_60_150,logistic_poly2,mp_weighted_skew mfi_60s,0.009586318565769815
ETH_S6_60_150,logistic_poly2,mp_weighted_skew stoch_k_60s,0.03537918938931657
ETH_S6_60_150,logistic_poly2,mp_weighted_skew stoch_d_60s,0.04006079513887944
ETH_S6_60_150,logistic_poly2,mp_weighted_skew cci_60s,0.009752509860451477
ETH_S6_60_150,logistic_poly2,mp_weighted_skew bb_pos_60s,-0.0018998555432150864
ETH_S6_60_150,logistic_poly2,mp_weighted_skew bb_width_60s,0.06712025756168229
ETH_S6_60_150,logistic_poly2,mp_weighted_skew ofi_skew_l1_30s,-0.007107205262506486
ETH_S6_60_150,logistic_poly2,mp_weighted_skew mlofi_skew_l5_30s,-0.039231596763528054
ETH_S6_60_150,logistic_poly2,mp_weighted_skew mlofi_skew_l5_60s,-0.07622311226536164
ETH_S6_60_150,logistic_poly2,mp_weighted_skew mlofi_skew_l25_30s,-0.0336304313655627
ETH_S6_60_150,logistic_poly2,mp_weighted_skew rsi_14,-0.0158626650068709
ETH_S6_60_150,logistic_poly2,mp_weighted_skew cvd,0.014170716352312296
ETH_S6_60_150,logistic_poly2,mp_weighted_skew vpin_value,0.007963420790749092
ETH_S6_60_150,logistic_poly2,mp_weighted_skew vpin_zscore,-0.058489545519776864
ETH_S6_60_150,logistic_poly2,mp_weighted_skew as_uncertainty,0.0636281155278961
ETH_S6_60_150,logistic_poly2,mp_weighted_skew as_skew,-0.0357334521266847
ETH_S6_60_150,logistic_poly2,mp_skew_change_500ms mp_up_dev_bps,0.030920660385780882
ETH_S6_60_150,logistic_poly2,mp_skew_change_500ms mp_dn_dev_bps,-0.014658470221568186
ETH_S6_60_150,logistic_poly2,mp_skew_change_500ms mp_imbalance,0.02200043267556238
ETH_S6_60_150,logistic_poly2,mp_skew_change_500ms mp_weighted_imbalance,0.0183242371434086
ETH_S6_60_150,logistic_poly2,mp_skew_change_500ms L_stat,0.020617684882690914
ETH_S6_60_150,logistic_poly2,mp_skew_change_500ms hawkes_lambda_imbalance,-0.01041838440793901
ETH_S6_60_150,logistic_poly2,mp_skew_change_500ms hawkes_lambda_total,0.00513350001755051
ETH_S6_60_150,logistic_poly2,mp_skew_change_500ms rv_ratio_60_to_3600,-0.025401514562810132
ETH_S6_60_150,logistic_poly2,mp_skew_change_500ms hurst_300s,-0.041139833167317515
ETH_S6_60_150,logistic_poly2,mp_skew_change_500ms hurst_100s,0.03258100378911634
ETH_S6_60_150,logistic_poly2,mp_skew_change_500ms hurst_900s,0.003052546620610181
ETH_S6_60_150,logistic_poly2,mp_skew_change_500ms trend_slope_30m,-0.015120344209875177
ETH_S6_60_150,logistic_poly2,mp_skew_change_500ms rv_60s,0.013255382534997084
ETH_S6_60_150,logistic_poly2,mp_skew_change_500ms rv_300s,0.02710129241766135
ETH_S6_60_150,logistic_poly2,mp_skew_change_500ms up_imb5,-0.04035270044254064
ETH_S6_60_150,logistic_poly2,mp_skew_change_500ms dn_imb5,0.04124712137669831
ETH_S6_60_150,logistic_poly2,mp_skew_change_500ms up_imb25,0.0185456681827897
ETH_S6_60_150,logistic_poly2,mp_skew_change_500ms dn_imb25,-0.02179139647593931
ETH_S6_60_150,logistic_poly2,mp_skew_change_500ms up_queue_top_bid,-0.035868806336360914
ETH_S6_60_150,logistic_poly2,mp_skew_change_500ms up_micro_dev_bps,-0.03790844876210901
ETH_S6_60_150,logistic_poly2,mp_skew_change_500ms dn_micro_dev_bps,-0.00839828637526495
ETH_S6_60_150,logistic_poly2,mp_skew_change_500ms up_bid_slope,0.05068227147105141
ETH_S6_60_150,logistic_poly2,mp_skew_change_500ms up_ask_slope,-0.02596173533982348
ETH_S6_60_150,logistic_poly2,mp_skew_change_500ms dn_bid_slope,0.010760806865303289
ETH_S6_60_150,logistic_poly2,mp_skew_change_500ms dn_ask_slope,-0.046232319539157254
ETH_S6_60_150,logistic_poly2,mp_skew_change_500ms up_imb5_change_500ms,0.16611966297241956
ETH_S6_60_150,logistic_poly2,mp_skew_change_500ms up_quote_intensity_5s,0.004354585642044787
ETH_S6_60_150,logistic_poly2,mp_skew_change_500ms ribbon_alignment_pct,0.019384189786722152
ETH_S6_60_150,logistic_poly2,mp_skew_change_500ms ribbon_compression_bps,0.08567705921639084
ETH_S6_60_150,logistic_poly2,mp_skew_change_500ms adx_14,0.02608079313473084
ETH_S6_60_150,logistic_poly2,mp_skew_change_500ms plus_di_14,0.03830862907499484
ETH_S6_60_150,logistic_poly2,mp_skew_change_500ms minus_di_14,-0.07896690050128599
ETH_S6_60_150,logistic_poly2,mp_skew_change_500ms vwap_since_open_bps,-0.02721686763135209
ETH_S6_60_150,logistic_poly2,mp_skew_change_500ms mfi_60s,-0.02861150965293415
ETH_S6_60_150,logistic_poly2,mp_skew_change_500ms stoch_k_60s,-0.006160230682197397
ETH_S6_60_150,logistic_poly2,mp_skew_change_500ms stoch_d_60s,0.00794187537168442
ETH_S6_60_150,logistic_poly2,mp_skew_change_500ms cci_60s,0.006855295804088479
ETH_S6_60_150,logistic_poly2,mp_skew_change_500ms bb_pos_60s,0.01722003776573651
ETH_S6_60_150,logistic_poly2,mp_skew_change_500ms bb_width_60s,0.1023779898911793
ETH_S6_60_150,logistic_poly2,mp_skew_change_500ms ofi_skew_l1_30s,-0.02775801561469549
ETH_S6_60_150,logistic_poly2,mp_skew_change_500ms mlofi_skew_l5_30s,-0.0019917910946518178
ETH_S6_60_150,logistic_poly2,mp_skew_change_500ms mlofi_skew_l5_60s,-0.04278202044574842
ETH_S6_60_150,logistic_poly2,mp_skew_change_500ms mlofi_skew_l25_30s,0.00665914754525746
ETH_S6_60_150,logistic_poly2,mp_skew_change_500ms rsi_14,-0.018675147655197222
ETH_S6_60_150,logistic_poly2,mp_skew_change_500ms cvd,0.017240616318217536
ETH_S6_60_150,logistic_poly2,mp_skew_change_500ms vpin_value,-0.04107244625673944
ETH_S6_60_150,logistic_poly2,mp_skew_change_500ms vpin_zscore,-0.043460298782072755
ETH_S6_60_150,logistic_poly2,mp_skew_change_500ms as_uncertainty,0.013721749634945943
ETH_S6_60_150,logistic_poly2,mp_skew_change_500ms as_skew,-0.07222510831453977
ETH_S6_60_150,logistic_poly2,mp_up_dev_bps mp_dn_dev_bps,-0.024705483851912617
ETH_S6_60_150,logistic_poly2,mp_up_dev_bps mp_imbalance,-0.13190198301729827
ETH_S6_60_150,logistic_poly2,mp_up_dev_bps mp_weighted_imbalance,0.011366368758179098
ETH_S6_60_150,logistic_poly2,mp_up_dev_bps L_stat,-0.00041137295260616644
ETH_S6_60_150,logistic_poly2,mp_up_dev_bps hawkes_lambda_imbalance,-0.012988089632184186
ETH_S6_60_150,logistic_poly2,mp_up_dev_bps hawkes_lambda_total,0.015115348490251274
ETH_S6_60_150,logistic_poly2,mp_up_dev_bps rv_ratio_60_to_3600,0.042230250110273315
ETH_S6_60_150,logistic_poly2,mp_up_dev_bps hurst_300s,0.026676871207057924
ETH_S6_60_150,logistic_poly2,mp_up_dev_bps hurst_100s,0.04076114723722866
ETH_S6_60_150,logistic_poly2,mp_up_dev_bps hurst_900s,0.06564314163017658
ETH_S6_60_150,logistic_poly2,mp_up_dev_bps trend_slope_30m,0.06344217769427678
ETH_S6_60_150,logistic_poly2,mp_up_dev_bps rv_60s,0.05959988595896074
ETH_S6_60_150,logistic_poly2,mp_up_dev_bps rv_300s,-0.028552349184858786
ETH_S6_60_150,logistic_poly2,mp_up_dev_bps up_imb5,-0.01913174611071157
ETH_S6_60_150,logistic_poly2,mp_up_dev_bps dn_imb5,0.028994383554523925
ETH_S6_60_150,logistic_poly2,mp_up_dev_bps up_imb25,-0.02913106080227337
ETH_S6_60_150,logistic_poly2,mp_up_dev_bps dn_imb25,0.03246184641184771
ETH_S6_60_150,logistic_poly2,mp_up_dev_bps up_queue_top_bid,-0.04648033644971538
ETH_S6_60_150,logistic_poly2,mp_up_dev_bps up_micro_dev_bps,-0.25479391020892983
ETH_S6_60_150,logistic_poly2,mp_up_dev_bps dn_micro_dev_bps,0.0108390437015727
ETH_S6_60_150,logistic_poly2,mp_up_dev_bps up_bid_slope,-0.07673098144700143
ETH_S6_60_150,logistic_poly2,mp_up_dev_bps up_ask_slope,0.05153875665492781
ETH_S6_60_150,logistic_poly2,mp_up_dev_bps dn_bid_slope,-0.04315360698590665
ETH_S6_60_150,logistic_poly2,mp_up_dev_bps dn_ask_slope,0.07447718425410528
ETH_S6_60_150,logistic_poly2,mp_up_dev_bps up_imb5_change_500ms,-0.019079675081266068
ETH_S6_60_150,logistic_poly2,mp_up_dev_bps up_quote_intensity_5s,-0.058691098158455024
ETH_S6_60_150,logistic_poly2,mp_up_dev_bps ribbon_alignment_pct,0.06082008098120196
ETH_S6_60_150,logistic_poly2,mp_up_dev_bps ribbon_compression_bps,-0.10119322649158059
ETH_S6_60_150,logistic_poly2,mp_up_dev_bps adx_14,-0.046821182463338766
ETH_S6_60_150,logistic_poly2,mp_up_dev_bps plus_di_14,0.13335389442361895
ETH_S6_60_150,logistic_poly2,mp_up_dev_bps minus_di_14,-0.02940600779845594
ETH_S6_60_150,logistic_poly2,mp_up_dev_bps vwap_since_open_bps,-0.05654726299146229
ETH_S6_60_150,logistic_poly2,mp_up_dev_bps mfi_60s,-0.004857873943725922
ETH_S6_60_150,logistic_poly2,mp_up_dev_bps stoch_k_60s,0.040141926876794236
ETH_S6_60_150,logistic_poly2,mp_up_dev_bps stoch_d_60s,0.037521256843627955
ETH_S6_60_150,logistic_poly2,mp_up_dev_bps cci_60s,-0.03939136176724038
ETH_S6_60_150,logistic_poly2,mp_up_dev_bps bb_pos_60s,0.052898372515170156
ETH_S6_60_150,logistic_poly2,mp_up_dev_bps bb_width_60s,-0.10760643780437065
ETH_S6_60_150,logistic_poly2,mp_up_dev_bps ofi_skew_l1_30s,0.06464289043484026
ETH_S6_60_150,logistic_poly2,mp_up_dev_bps mlofi_skew_l5_30s,0.0348366954168952
ETH_S6_60_150,logistic_poly2,mp_up_dev_bps mlofi_skew_l5_60s,-0.01960703109360674
ETH_S6_60_150,logistic_poly2,mp_up_dev_bps mlofi_skew_l25_30s,0.00539997234911479
ETH_S6_60_150,logistic_poly2,mp_up_dev_bps rsi_14,-0.0011906329087436566
ETH_S6_60_150,logistic_poly2,mp_up_dev_bps cvd,-0.008188358774840249
ETH_S6_60_150,logistic_poly2,mp_up_dev_bps vpin_value,0.09659611100930472
ETH_S6_60_150,logistic_poly2,mp_up_dev_bps vpin_zscore,0.06599083876438952
ETH_S6_60_150,logistic_poly2,mp_up_dev_bps as_uncertainty,0.007599365616053008
ETH_S6_60_150,logistic_poly2,mp_up_dev_bps as_skew,-0.019715990783798053
ETH_S6_60_150,logistic_poly2,mp_dn_dev_bps mp_imbalance,-0.019359478217126247
ETH_S6_60_150,logistic_poly2,mp_dn_dev_bps mp_weighted_imbalance,0.00038213827442902347
ETH_S6_60_150,logistic_poly2,mp_dn_dev_bps L_stat,-0.01994664591535881
ETH_S6_60_150,logistic_poly2,mp_dn_dev_bps hawkes_lambda_imbalance,-0.0305952928823285
ETH_S6_60_150,logistic_poly2,mp_dn_dev_bps hawkes_lambda_total,0.04438445076787505
ETH_S6_60_150,logistic_poly2,mp_dn_dev_bps rv_ratio_60_to_3600,-0.037234615968435164
ETH_S6_60_150,logistic_poly2,mp_dn_dev_bps hurst_300s,-0.03183945290317793
ETH_S6_60_150,logistic_poly2,mp_dn_dev_bps hurst_100s,-0.06742649594566724
ETH_S6_60_150,logistic_poly2,mp_dn_dev_bps hurst_900s,0.009439350695411982
ETH_S6_60_150,logistic_poly2,mp_dn_dev_bps trend_slope_30m,-0.04706676677310644
ETH_S6_60_150,logistic_poly2,mp_dn_dev_bps rv_60s,0.010895039905725674
ETH_S6_60_150,logistic_poly2,mp_dn_dev_bps rv_300s,0.042601357284590885
ETH_S6_60_150,logistic_poly2,mp_dn_dev_bps up_imb5,-0.047399431103437334
ETH_S6_60_150,logistic_poly2,mp_dn_dev_bps dn_imb5,0.04533382451441514
ETH_S6_60_150,logistic_poly2,mp_dn_dev_bps up_imb25,0.04305955830788568
ETH_S6_60_150,logistic_poly2,mp_dn_dev_bps dn_imb25,-0.04579739320482252
ETH_S6_60_150,logistic_poly2,mp_dn_dev_bps up_queue_top_bid,0.032718271414845866
ETH_S6_60_150,logistic_poly2,mp_dn_dev_bps up_micro_dev_bps,0.024679137102023928
ETH_S6_60_150,logistic_poly2,mp_dn_dev_bps dn_micro_dev_bps,0.060006163584376014
ETH_S6_60_150,logistic_poly2,mp_dn_dev_bps up_bid_slope,0.0210106747624918
ETH_S6_60_150,logistic_poly2,mp_dn_dev_bps up_ask_slope,-0.023184715489617536
ETH_S6_60_150,logistic_poly2,mp_dn_dev_bps dn_bid_slope,0.011865966332930227
ETH_S6_60_150,logistic_poly2,mp_dn_dev_bps dn_ask_slope,-0.01761118813885198
ETH_S6_60_150,logistic_poly2,mp_dn_dev_bps up_imb5_change_500ms,0.023646276377684898
ETH_S6_60_150,logistic_poly2,mp_dn_dev_bps up_quote_intensity_5s,0.08795276825438124
ETH_S6_60_150,logistic_poly2,mp_dn_dev_bps ribbon_alignment_pct,-0.06411834954271155
ETH_S6_60_150,logistic_poly2,mp_dn_dev_bps ribbon_compression_bps,-0.02696015776641216
ETH_S6_60_150,logistic_poly2,mp_dn_dev_bps adx_14,0.02538555004989642
ETH_S6_60_150,logistic_poly2,mp_dn_dev_bps plus_di_14,-0.059168047269975356
ETH_S6_60_150,logistic_poly2,mp_dn_dev_bps minus_di_14,0.020626937604304778
ETH_S6_60_150,logistic_poly2,mp_dn_dev_bps vwap_since_open_bps,-0.04354865101932514
ETH_S6_60_150,logistic_poly2,mp_dn_dev_bps mfi_60s,-0.09389311133964408
ETH_S6_60_150,logistic_poly2,mp_dn_dev_bps stoch_k_60s,-0.004479730781747975
ETH_S6_60_150,logistic_poly2,mp_dn_dev_bps stoch_d_60s,-0.006004450283101744
ETH_S6_60_150,logistic_poly2,mp_dn_dev_bps cci_60s,-0.020955266182341652
ETH_S6_60_150,logistic_poly2,mp_dn_dev_bps bb_pos_60s,-0.003991453486993704
ETH_S6_60_150,logistic_poly2,mp_dn_dev_bps bb_width_60s,0.022316992278193948
ETH_S6_60_150,logistic_poly2,mp_dn_dev_bps ofi_skew_l1_30s,-0.05036821451449716
ETH_S6_60_150,logistic_poly2,mp_dn_dev_bps mlofi_skew_l5_30s,-0.06338663733980432
ETH_S6_60_150,logistic_poly2,mp_dn_dev_bps mlofi_skew_l5_60s,-0.05201131043054786
ETH_S6_60_150,logistic_poly2,mp_dn_dev_bps mlofi_skew_l25_30s,-0.049295920249160734
ETH_S6_60_150,logistic_poly2,mp_dn_dev_bps rsi_14,-0.03196043268036053
ETH_S6_60_150,logistic_poly2,mp_dn_dev_bps cvd,-0.007405519702533648
ETH_S6_60_150,logistic_poly2,mp_dn_dev_bps vpin_value,-0.052574796887263214
ETH_S6_60_150,logistic_poly2,mp_dn_dev_bps vpin_zscore,-0.05181302622543121
ETH_S6_60_150,logistic_poly2,mp_dn_dev_bps as_uncertainty,0.04468966273334647
ETH_S6_60_150,logistic_poly2,mp_dn_dev_bps as_skew,0.029817702620707855
ETH_S6_60_150,logistic_poly2,mp_imbalance mp_weighted_imbalance,0.13478235663571855
ETH_S6_60_150,logistic_poly2,mp_imbalance L_stat,0.020937732692807208
ETH_S6_60_150,logistic_poly2,mp_imbalance hawkes_lambda_imbalance,-0.02545877406217287
ETH_S6_60_150,logistic_poly2,mp_imbalance hawkes_lambda_total,0.039185995917432985
ETH_S6_60_150,logistic_poly2,mp_imbalance rv_ratio_60_to_3600,-0.07627211479050977
ETH_S6_60_150,logistic_poly2,mp_imbalance hurst_300s,0.08272956268860897
ETH_S6_60_150,logistic_poly2,mp_imbalance hurst_100s,-0.019867867252214816
ETH_S6_60_150,logistic_poly2,mp_imbalance hurst_900s,-0.1546135067014181
ETH_S6_60_150,logistic_poly2,mp_imbalance trend_slope_30m,0.015297414791739369
ETH_S6_60_150,logistic_poly2,mp_imbalance rv_60s,0.033315548294288816
ETH_S6_60_150,logistic_poly2,mp_imbalance rv_300s,0.019632453193516825
ETH_S6_60_150,logistic_poly2,mp_imbalance up_imb5,0.0021406834978250685
ETH_S6_60_150,logistic_poly2,mp_imbalance dn_imb5,-0.00773260913373614
ETH_S6_60_150,logistic_poly2,mp_imbalance up_imb25,0.08845357651621952
ETH_S6_60_150,logistic_poly2,mp_imbalance dn_imb25,-0.08625827566619344
ETH_S6_60_150,logistic_poly2,mp_imbalance up_queue_top_bid,-0.07225722638810332
ETH_S6_60_150,logistic_poly2,mp_imbalance up_micro_dev_bps,0.08161458480279508
ETH_S6_60_150,logistic_poly2,mp_imbalance dn_micro_dev_bps,-0.00403284130741663
ETH_S6_60_150,logistic_poly2,mp_imbalance up_bid_slope,-0.03772833419719772
ETH_S6_60_150,logistic_poly2,mp_imbalance up_ask_slope,0.11850490542559909
ETH_S6_60_150,logistic_poly2,mp_imbalance dn_bid_slope,-0.10638029558856621
ETH_S6_60_150,logistic_poly2,mp_imbalance dn_ask_slope,0.03401691056577015
ETH_S6_60_150,logistic_poly2,mp_imbalance up_imb5_change_500ms,0.03401793622344252
ETH_S6_60_150,logistic_poly2,mp_imbalance up_quote_intensity_5s,0.0191277883131606
ETH_S6_60_150,logistic_poly2,mp_imbalance ribbon_alignment_pct,-0.028162122042658996
ETH_S6_60_150,logistic_poly2,mp_imbalance ribbon_compression_bps,-0.006520379306956022
ETH_S6_60_150,logistic_poly2,mp_imbalance adx_14,-0.05008563719884186
ETH_S6_60_150,logistic_poly2,mp_imbalance plus_di_14,0.056654107992908646
ETH_S6_60_150,logistic_poly2,mp_imbalance minus_di_14,-0.02731072624137493
ETH_S6_60_150,logistic_poly2,mp_imbalance vwap_since_open_bps,0.04522693121595046
ETH_S6_60_150,logistic_poly2,mp_imbalance mfi_60s,0.001250443779773913
ETH_S6_60_150,logistic_poly2,mp_imbalance stoch_k_60s,0.06452327764299913
ETH_S6_60_150,logistic_poly2,mp_imbalance stoch_d_60s,0.007220393298307733
ETH_S6_60_150,logistic_poly2,mp_imbalance cci_60s,0.025168427455365714
ETH_S6_60_150,logistic_poly2,mp_imbalance bb_pos_60s,-0.0651968968989882
ETH_S6_60_150,logistic_poly2,mp_imbalance bb_width_60s,0.018161259923874348
ETH_S6_60_150,logistic_poly2,mp_imbalance ofi_skew_l1_30s,-0.06829597415297206
ETH_S6_60_150,logistic_poly2,mp_imbalance mlofi_skew_l5_30s,-0.04267253984520736
ETH_S6_60_150,logistic_poly2,mp_imbalance mlofi_skew_l5_60s,0.03657992547439103
ETH_S6_60_150,logistic_poly2,mp_imbalance mlofi_skew_l25_30s,-0.16479559022255572
ETH_S6_60_150,logistic_poly2,mp_imbalance rsi_14,-0.0024715472144348862
ETH_S6_60_150,logistic_poly2,mp_imbalance cvd,0.10926187820840079
ETH_S6_60_150,logistic_poly2,mp_imbalance vpin_value,0.010267225105925416
ETH_S6_60_150,logistic_poly2,mp_imbalance vpin_zscore,0.04500891006508756
ETH_S6_60_150,logistic_poly2,mp_imbalance as_uncertainty,-0.054708497014451185
ETH_S6_60_150,logistic_poly2,mp_imbalance as_skew,-0.11750837521544075
ETH_S6_60_150,logistic_poly2,mp_weighted_imbalance L_stat,0.03710722745663098
ETH_S6_60_150,logistic_poly2,mp_weighted_imbalance hawkes_lambda_imbalance,-0.005168271459682256
ETH_S6_60_150,logistic_poly2,mp_weighted_imbalance hawkes_lambda_total,-0.004472743477741277
ETH_S6_60_150,logistic_poly2,mp_weighted_imbalance rv_ratio_60_to_3600,0.0046989102952857045
ETH_S6_60_150,logistic_poly2,mp_weighted_imbalance hurst_300s,0.07584974323106396
ETH_S6_60_150,logistic_poly2,mp_weighted_imbalance hurst_100s,-0.1526373994985118
ETH_S6_60_150,logistic_poly2,mp_weighted_imbalance hurst_900s,0.08466222504291901
ETH_S6_60_150,logistic_poly2,mp_weighted_imbalance trend_slope_30m,0.001615483079786138
ETH_S6_60_150,logistic_poly2,mp_weighted_imbalance rv_60s,-0.06815271095501593
ETH_S6_60_150,logistic_poly2,mp_weighted_imbalance rv_300s,-0.0140901244388805
ETH_S6_60_150,logistic_poly2,mp_weighted_imbalance up_imb5,0.06791540804651296
ETH_S6_60_150,logistic_poly2,mp_weighted_imbalance dn_imb5,-0.060357720180804854
ETH_S6_60_150,logistic_poly2,mp_weighted_imbalance up_imb25,-0.06385132867973636
ETH_S6_60_150,logistic_poly2,mp_weighted_imbalance dn_imb25,0.0644919747490756
ETH_S6_60_150,logistic_poly2,mp_weighted_imbalance up_queue_top_bid,0.019484686523463423
ETH_S6_60_150,logistic_poly2,mp_weighted_imbalance up_micro_dev_bps,0.09578700665082598
ETH_S6_60_150,logistic_poly2,mp_weighted_imbalance dn_micro_dev_bps,0.010300955146114132
ETH_S6_60_150,logistic_poly2,mp_weighted_imbalance up_bid_slope,0.03708097899155825
ETH_S6_60_150,logistic_poly2,mp_weighted_imbalance up_ask_slope,-0.04746322382519135
ETH_S6_60_150,logistic_poly2,mp_weighted_imbalance dn_bid_slope,0.04690481461970303
ETH_S6_60_150,logistic_poly2,mp_weighted_imbalance dn_ask_slope,-0.03641782350836914
ETH_S6_60_150,logistic_poly2,mp_weighted_imbalance up_imb5_change_500ms,-0.006752755654502042
ETH_S6_60_150,logistic_poly2,mp_weighted_imbalance up_quote_intensity_5s,-0.09994165477553257
ETH_S6_60_150,logistic_poly2,mp_weighted_imbalance ribbon_alignment_pct,-0.09609621182498652
ETH_S6_60_150,logistic_poly2,mp_weighted_imbalance ribbon_compression_bps,0.08525539359658783
ETH_S6_60_150,logistic_poly2,mp_weighted_imbalance adx_14,0.01285314481677182
ETH_S6_60_150,logistic_poly2,mp_weighted_imbalance plus_di_14,-0.09457800381032637
ETH_S6_60_150,logistic_poly2,mp_weighted_imbalance minus_di_14,0.10859312204471902
ETH_S6_60_150,logistic_poly2,mp_weighted_imbalance vwap_since_open_bps,-0.054394659802504526
ETH_S6_60_150,logistic_poly2,mp_weighted_imbalance mfi_60s,0.030102874667453785
ETH_S6_60_150,logistic_poly2,mp_weighted_imbalance stoch_k_60s,0.12898749211425678
ETH_S6_60_150,logistic_poly2,mp_weighted_imbalance stoch_d_60s,0.07185596205250039
ETH_S6_60_150,logistic_poly2,mp_weighted_imbalance cci_60s,-0.0453461078070963
ETH_S6_60_150,logistic_poly2,mp_weighted_imbalance bb_pos_60s,0.009917843814306979
ETH_S6_60_150,logistic_poly2,mp_weighted_imbalance bb_width_60s,0.015897327808738898
ETH_S6_60_150,logistic_poly2,mp_weighted_imbalance ofi_skew_l1_30s,-0.07386444885463725
ETH_S6_60_150,logistic_poly2,mp_weighted_imbalance mlofi_skew_l5_30s,-0.05406248066487631
ETH_S6_60_150,logistic_poly2,mp_weighted_imbalance mlofi_skew_l5_60s,-0.09241778264244672
ETH_S6_60_150,logistic_poly2,mp_weighted_imbalance mlofi_skew_l25_30s,0.036931855926924544
ETH_S6_60_150,logistic_poly2,mp_weighted_imbalance rsi_14,-0.13109010207158647
ETH_S6_60_150,logistic_poly2,mp_weighted_imbalance cvd,0.05219964186581429
ETH_S6_60_150,logistic_poly2,mp_weighted_imbalance vpin_value,-0.05514088869367563
ETH_S6_60_150,logistic_poly2,mp_weighted_imbalance vpin_zscore,-0.08070013199326095
ETH_S6_60_150,logistic_poly2,mp_weighted_imbalance as_uncertainty,-0.022216111984335873
ETH_S6_60_150,logistic_poly2,mp_weighted_imbalance as_skew,-0.04930340106323469
ETH_S6_60_150,logistic_poly2,L_stat hawkes_lambda_imbalance,0.012535748728829248
ETH_S6_60_150,logistic_poly2,L_stat hawkes_lambda_total,-0.11479098991873919
ETH_S6_60_150,logistic_poly2,L_stat rv_ratio_60_to_3600,-0.010226360881489566
ETH_S6_60_150,logistic_poly2,L_stat hurst_300s,0.10268526568045949
ETH_S6_60_150,logistic_poly2,L_stat hurst_100s,-0.009483618994770234
ETH_S6_60_150,logistic_poly2,L_stat hurst_900s,-0.015452050803471793
ETH_S6_60_150,logistic_poly2,L_stat trend_slope_30m,0.015572335362966754
ETH_S6_60_150,logistic_poly2,L_stat rv_60s,-0.10010445349707058
ETH_S6_60_150,logistic_poly2,L_stat rv_300s,-0.14930357191402804
ETH_S6_60_150,logistic_poly2,L_stat up_imb5,-0.03223272593465918
ETH_S6_60_150,logistic_poly2,L_stat dn_imb5,0.027303194023400548
ETH_S6_60_150,logistic_poly2,L_stat up_imb25,0.05037704109271963
ETH_S6_60_150,logistic_poly2,L_stat dn_imb25,-0.051230839699836196
ETH_S6_60_150,logistic_poly2,L_stat up_queue_top_bid,-0.07972890842292792
ETH_S6_60_150,logistic_poly2,L_stat up_micro_dev_bps,0.027006741349081327
ETH_S6_60_150,logistic_poly2,L_stat dn_micro_dev_bps,-0.0050246397146474
ETH_S6_60_150,logistic_poly2,L_stat up_bid_slope,0.023672288903781365
ETH_S6_60_150,logistic_poly2,L_stat up_ask_slope,-0.033658639739444135
ETH_S6_60_150,logistic_poly2,L_stat dn_bid_slope,0.033857951920349065
ETH_S6_60_150,logistic_poly2,L_stat dn_ask_slope,-0.024137123697713005
ETH_S6_60_150,logistic_poly2,L_stat up_imb5_change_500ms,0.02140042348762327
ETH_S6_60_150,logistic_poly2,L_stat up_quote_intensity_5s,0.01968596281390202
ETH_S6_60_150,logistic_poly2,L_stat ribbon_alignment_pct,-0.008477496451556226
ETH_S6_60_150,logistic_poly2,L_stat ribbon_compression_bps,-0.05901773041091769
ETH_S6_60_150,logistic_poly2,L_stat adx_14,0.056122879467414885
ETH_S6_60_150,logistic_poly2,L_stat plus_di_14,-0.1229881417495327
ETH_S6_60_150,logistic_poly2,L_stat minus_di_14,0.06114111543979972
ETH_S6_60_150,logistic_poly2,L_stat vwap_since_open_bps,-0.049847561995413514
ETH_S6_60_150,logistic_poly2,L_stat mfi_60s,-0.017660183279071998
ETH_S6_60_150,logistic_poly2,L_stat stoch_k_60s,-0.01126206828698266
ETH_S6_60_150,logistic_poly2,L_stat stoch_d_60s,0.0064088194231197255
ETH_S6_60_150,logistic_poly2,L_stat cci_60s,0.007736056868573732
ETH_S6_60_150,logistic_poly2,L_stat bb_pos_60s,0.07057379425072417
ETH_S6_60_150,logistic_poly2,L_stat bb_width_60s,0.007105077504442547
ETH_S6_60_150,logistic_poly2,L_stat ofi_skew_l1_30s,0.0008542083289632328
ETH_S6_60_150,logistic_poly2,L_stat mlofi_skew_l5_30s,0.010140274985534173
ETH_S6_60_150,logistic_poly2,L_stat mlofi_skew_l5_60s,-0.04050804432651207
ETH_S6_60_150,logistic_poly2,L_stat mlofi_skew_l25_30s,-0.02225748023558208
ETH_S6_60_150,logistic_poly2,L_stat rsi_14,-0.009279335698757035
ETH_S6_60_150,logistic_poly2,L_stat cvd,-0.035067534487559865
ETH_S6_60_150,logistic_poly2,L_stat vpin_value,0.09274981787529178
ETH_S6_60_150,logistic_poly2,L_stat vpin_zscore,0.1404810285028687
ETH_S6_60_150,logistic_poly2,L_stat as_uncertainty,-0.10690902576689781
ETH_S6_60_150,logistic_poly2,L_stat as_skew,-0.0988491262855425
ETH_S6_60_150,logistic_poly2,hawkes_lambda_imbalance hawkes_lambda_total,0.01943365521762139
ETH_S6_60_150,logistic_poly2,hawkes_lambda_imbalance rv_ratio_60_to_3600,-0.01887779561431912
ETH_S6_60_150,logistic_poly2,hawkes_lambda_imbalance hurst_300s,-0.05765574999182817
ETH_S6_60_150,logistic_poly2,hawkes_lambda_imbalance hurst_100s,-0.032338938276000796
ETH_S6_60_150,logistic_poly2,hawkes_lambda_imbalance hurst_900s,0.11150446969647149
ETH_S6_60_150,logistic_poly2,hawkes_lambda_imbalance trend_slope_30m,-0.041505235784705205
ETH_S6_60_150,logistic_poly2,hawkes_lambda_imbalance rv_60s,0.007459979685207905
ETH_S6_60_150,logistic_poly2,hawkes_lambda_imbalance rv_300s,0.03184470258038272
ETH_S6_60_150,logistic_poly2,hawkes_lambda_imbalance up_imb5,-0.0452057376148598
ETH_S6_60_150,logistic_poly2,hawkes_lambda_imbalance dn_imb5,0.04186416069682559
ETH_S6_60_150,logistic_poly2,hawkes_lambda_imbalance up_imb25,0.04240330207389724
ETH_S6_60_150,logistic_poly2,hawkes_lambda_imbalance dn_imb25,-0.04095247281827202
ETH_S6_60_150,logistic_poly2,hawkes_lambda_imbalance up_queue_top_bid,-0.03712373901253603
ETH_S6_60_150,logistic_poly2,hawkes_lambda_imbalance up_micro_dev_bps,0.017102013793785547
ETH_S6_60_150,logistic_poly2,hawkes_lambda_imbalance dn_micro_dev_bps,-0.05581815521347152
ETH_S6_60_150,logistic_poly2,hawkes_lambda_imbalance up_bid_slope,0.04127664681481934
ETH_S6_60_150,logistic_poly2,hawkes_lambda_imbalance up_ask_slope,0.029150887896258505
ETH_S6_60_150,logistic_poly2,hawkes_lambda_imbalance dn_bid_slope,-0.020252778388289823
ETH_S6_60_150,logistic_poly2,hawkes_lambda_imbalance dn_ask_slope,-0.04474543350907413
ETH_S6_60_150,logistic_poly2,hawkes_lambda_imbalance up_imb5_change_500ms,0.018931020182531566
ETH_S6_60_150,logistic_poly2,hawkes_lambda_imbalance up_quote_intensity_5s,0.00825393236773585
ETH_S6_60_150,logistic_poly2,hawkes_lambda_imbalance ribbon_alignment_pct,0.12802358966885405
ETH_S6_60_150,logistic_poly2,hawkes_lambda_imbalance ribbon_compression_bps,0.05039122800369718
ETH_S6_60_150,logistic_poly2,hawkes_lambda_imbalance adx_14,0.07026548018109047
ETH_S6_60_150,logistic_poly2,hawkes_lambda_imbalance plus_di_14,-0.05711686558842341
ETH_S6_60_150,logistic_poly2,hawkes_lambda_imbalance minus_di_14,0.08735871485372126
ETH_S6_60_150,logistic_poly2,hawkes_lambda_imbalance vwap_since_open_bps,0.04763180082310625
ETH_S6_60_150,logistic_poly2,hawkes_lambda_imbalance mfi_60s,-0.0741390670299913
ETH_S6_60_150,logistic_poly2,hawkes_lambda_imbalance stoch_k_60s,-0.05723427059888425
ETH_S6_60_150,logistic_poly2,hawkes_lambda_imbalance stoch_d_60s,0.03416847425770322
ETH_S6_60_150,logistic_poly2,hawkes_lambda_imbalance cci_60s,0.022548012448923394
ETH_S6_60_150,logistic_poly2,hawkes_lambda_imbalance bb_pos_60s,-0.020642233428046365
ETH_S6_60_150,logistic_poly2,hawkes_lambda_imbalance bb_width_60s,0.11186364164389463
ETH_S6_60_150,logistic_poly2,hawkes_lambda_imbalance ofi_skew_l1_30s,-0.06720266948218569
ETH_S6_60_150,logistic_poly2,hawkes_lambda_imbalance mlofi_skew_l5_30s,0.008153431195452608
ETH_S6_60_150,logistic_poly2,hawkes_lambda_imbalance mlofi_skew_l5_60s,-0.012583925019617439
ETH_S6_60_150,logistic_poly2,hawkes_lambda_imbalance mlofi_skew_l25_30s,0.06975203650085927
ETH_S6_60_150,logistic_poly2,hawkes_lambda_imbalance rsi_14,-0.013330794279950296
ETH_S6_60_150,logistic_poly2,hawkes_lambda_imbalance cvd,-0.003214032291171956
ETH_S6_60_150,logistic_poly2,hawkes_lambda_imbalance vpin_value,0.06487583722169
ETH_S6_60_150,logistic_poly2,hawkes_lambda_imbalance vpin_zscore,0.015549953993853366
ETH_S6_60_150,logistic_poly2,hawkes_lambda_imbalance as_uncertainty,0.026342252383065725
ETH_S6_60_150,logistic_poly2,hawkes_lambda_imbalance as_skew,0.004582679477480064
ETH_S6_60_150,logistic_poly2,hawkes_lambda_total rv_ratio_60_to_3600,-0.03797737918086162
ETH_S6_60_150,logistic_poly2,hawkes_lambda_total hurst_300s,0.09960529478512448
ETH_S6_60_150,logistic_poly2,hawkes_lambda_total hurst_100s,-0.014906366694022089
ETH_S6_60_150,logistic_poly2,hawkes_lambda_total hurst_900s,-0.09121706696189408
ETH_S6_60_150,logistic_poly2,hawkes_lambda_total trend_slope_30m,-0.05718587792894738
ETH_S6_60_150,logistic_poly2,hawkes_lambda_total rv_60s,-0.030163165593469654
ETH_S6_60_150,logistic_poly2,hawkes_lambda_total rv_300s,-0.08434505664050462
ETH_S6_60_150,logistic_poly2,hawkes_lambda_total up_imb5,0.06728403780012598
ETH_S6_60_150,logistic_poly2,hawkes_lambda_total dn_imb5,-0.06374044739160407
ETH_S6_60_150,logistic_poly2,hawkes_lambda_total up_imb25,0.10691080688408303
ETH_S6_60_150,logistic_poly2,hawkes_lambda_total dn_imb25,-0.10611655328055947
ETH_S6_60_150,logistic_poly2,hawkes_lambda_total up_queue_top_bid,-0.10955442942734535
ETH_S6_60_150,logistic_poly2,hawkes_lambda_total up_micro_dev_bps,0.012323442447475012
ETH_S6_60_150,logistic_poly2,hawkes_lambda_total dn_micro_dev_bps,0.026689626492097267
ETH_S6_60_150,logistic_poly2,hawkes_lambda_total up_bid_slope,0.014176236862345254
ETH_S6_60_150,logistic_poly2,hawkes_lambda_total up_ask_slope,0.040235711110666164
ETH_S6_60_150,logistic_poly2,hawkes_lambda_total dn_bid_slope,-0.03829165934949477
ETH_S6_60_150,logistic_poly2,hawkes_lambda_total dn_ask_slope,-0.01483747995899525
ETH_S6_60_150,logistic_poly2,hawkes_lambda_total up_imb5_change_500ms,-0.01379583449471004
ETH_S6_60_150,logistic_poly2,hawkes_lambda_total up_quote_intensity_5s,-0.11810071291665443
ETH_S6_60_150,logistic_poly2,hawkes_lambda_total ribbon_alignment_pct,-0.0018384394138794336
ETH_S6_60_150,logistic_poly2,hawkes_lambda_total ribbon_compression_bps,0.027315243821142556
ETH_S6_60_150,logistic_poly2,hawkes_lambda_total adx_14,0.019903761839613027
ETH_S6_60_150,logistic_poly2,hawkes_lambda_total plus_di_14,-0.06801330890607789
ETH_S6_60_150,logistic_poly2,hawkes_lambda_total minus_di_14,0.10249012801022672
ETH_S6_60_150,logistic_poly2,hawkes_lambda_total vwap_since_open_bps,-0.04604455006245641
ETH_S6_60_150,logistic_poly2,hawkes_lambda_total mfi_60s,-0.052169374283309825
ETH_S6_60_150,logistic_poly2,hawkes_lambda_total stoch_k_60s,-0.005826689031919378
ETH_S6_60_150,logistic_poly2,hawkes_lambda_total stoch_d_60s,-0.001323703413116786
ETH_S6_60_150,logistic_poly2,hawkes_lambda_total cci_60s,0.0730536919030886
ETH_S6_60_150,logistic_poly2,hawkes_lambda_total bb_pos_60s,0.04347144293183493
ETH_S6_60_150,logistic_poly2,hawkes_lambda_total bb_width_60s,-0.05835328579191085
ETH_S6_60_150,logistic_poly2,hawkes_lambda_total ofi_skew_l1_30s,0.07847633142091667
ETH_S6_60_150,logistic_poly2,hawkes_lambda_total mlofi_skew_l5_30s,0.01904765301087569
ETH_S6_60_150,logistic_poly2,hawkes_lambda_total mlofi_skew_l5_60s,-0.040164942684815234
ETH_S6_60_150,logistic_poly2,hawkes_lambda_total mlofi_skew_l25_30s,-0.00627337181881541
ETH_S6_60_150,logistic_poly2,hawkes_lambda_total rsi_14,-0.0023161518585777113
ETH_S6_60_150,logistic_poly2,hawkes_lambda_total cvd,-0.017201236919159396
ETH_S6_60_150,logistic_poly2,hawkes_lambda_total vpin_value,0.02953619730849641
ETH_S6_60_150,logistic_poly2,hawkes_lambda_total vpin_zscore,0.054326788599323536
ETH_S6_60_150,logistic_poly2,hawkes_lambda_total as_uncertainty,-0.06194342073081289
ETH_S6_60_150,logistic_poly2,hawkes_lambda_total as_skew,-0.05519896873129793
ETH_S6_60_150,logistic_poly2,rv_ratio_60_to_3600 hurst_300s,0.11119091849751196
ETH_S6_60_150,logistic_poly2,rv_ratio_60_to_3600 hurst_100s,0.02461298865076379
ETH_S6_60_150,logistic_poly2,rv_ratio_60_to_3600 hurst_900s,0.038117272004201584
ETH_S6_60_150,logistic_poly2,rv_ratio_60_to_3600 trend_slope_30m,0.08276308226152006
ETH_S6_60_150,logistic_poly2,rv_ratio_60_to_3600 rv_60s,0.025820186980214967
ETH_S6_60_150,logistic_poly2,rv_ratio_60_to_3600 rv_300s,-0.07828324693117694
ETH_S6_60_150,logistic_poly2,rv_ratio_60_to_3600 up_imb5,-0.04029838690069607
ETH_S6_60_150,logistic_poly2,rv_ratio_60_to_3600 dn_imb5,0.03984942772752809
ETH_S6_60_150,logistic_poly2,rv_ratio_60_to_3600 up_imb25,-0.0012070704946920577
ETH_S6_60_150,logistic_poly2,rv_ratio_60_to_3600 dn_imb25,0.0029675013827649365
ETH_S6_60_150,logistic_poly2,rv_ratio_60_to_3600 up_queue_top_bid,0.008697708344476978
ETH_S6_60_150,logistic_poly2,rv_ratio_60_to_3600 up_micro_dev_bps,-0.0380204922296325
ETH_S6_60_150,logistic_poly2,rv_ratio_60_to_3600 dn_micro_dev_bps,0.010061528061223499
ETH_S6_60_150,logistic_poly2,rv_ratio_60_to_3600 up_bid_slope,-0.04444992772987467
ETH_S6_60_150,logistic_poly2,rv_ratio_60_to_3600 up_ask_slope,-0.005332881907250095
ETH_S6_60_150,logistic_poly2,rv_ratio_60_to_3600 dn_bid_slope,0.015059809443638994
ETH_S6_60_150,logistic_poly2,rv_ratio_60_to_3600 dn_ask_slope,0.041360111021838515
ETH_S6_60_150,logistic_poly2,rv_ratio_60_to_3600 up_imb5_change_500ms,0.10974156837039914
ETH_S6_60_150,logistic_poly2,rv_ratio_60_to_3600 up_quote_intensity_5s,-0.1279940409046686
ETH_S6_60_150,logistic_poly2,rv_ratio_60_to_3600 ribbon_alignment_pct,-0.1187408460567761
ETH_S6_60_150,logistic_poly2,rv_ratio_60_to_3600 ribbon_compression_bps,0.07719361493180756
ETH_S6_60_150,logistic_poly2,rv_ratio_60_to_3600 adx_14,0.019171327229512872
ETH_S6_60_150,logistic_poly2,rv_ratio_60_to_3600 plus_di_14,-0.0030434315024080306
ETH_S6_60_150,logistic_poly2,rv_ratio_60_to_3600 minus_di_14,-0.037631989258075114
ETH_S6_60_150,logistic_poly2,rv_ratio_60_to_3600 vwap_since_open_bps,0.010992102618530425
ETH_S6_60_150,logistic_poly2,rv_ratio_60_to_3600 mfi_60s,-0.03762296440606812
ETH_S6_60_150,logistic_poly2,rv_ratio_60_to_3600 stoch_k_60s,-0.1049903113116991
ETH_S6_60_150,logistic_poly2,rv_ratio_60_to_3600 stoch_d_60s,-0.07369537112016117
ETH_S6_60_150,logistic_poly2,rv_ratio_60_to_3600 cci_60s,-0.0369143457452971
ETH_S6_60_150,logistic_poly2,rv_ratio_60_to_3600 bb_pos_60s,-0.1254395476815468
ETH_S6_60_150,logistic_poly2,rv_ratio_60_to_3600 bb_width_60s,0.0956285694251053
ETH_S6_60_150,logistic_poly2,rv_ratio_60_to_3600 ofi_skew_l1_30s,0.0487257991349429
ETH_S6_60_150,logistic_poly2,rv_ratio_60_to_3600 mlofi_skew_l5_30s,0.01705387476231717
ETH_S6_60_150,logistic_poly2,rv_ratio_60_to_3600 mlofi_skew_l5_60s,0.012730618871104262
ETH_S6_60_150,logistic_poly2,rv_ratio_60_to_3600 mlofi_skew_l25_30s,-0.0001166691097028915
ETH_S6_60_150,logistic_poly2,rv_ratio_60_to_3600 rsi_14,0.030271779706736366
ETH_S6_60_150,logistic_poly2,rv_ratio_60_to_3600 cvd,0.007345665872799415
ETH_S6_60_150,logistic_poly2,rv_ratio_60_to_3600 vpin_value,0.016936560101358366
ETH_S6_60_150,logistic_poly2,rv_ratio_60_to_3600 vpin_zscore,0.026313173056142544
ETH_S6_60_150,logistic_poly2,rv_ratio_60_to_3600 as_uncertainty,0.00033372597348566105
ETH_S6_60_150,logistic_poly2,rv_ratio_60_to_3600 as_skew,-0.05644356280946104
ETH_S6_60_150,logistic_poly2,hurst_300s hurst_100s,0.17712972359855292
ETH_S6_60_150,logistic_poly2,hurst_300s hurst_900s,-0.14319397766628558
ETH_S6_60_150,logistic_poly2,hurst_300s trend_slope_30m,0.15465952186602624
ETH_S6_60_150,logistic_poly2,hurst_300s rv_60s,0.0965456343571873
ETH_S6_60_150,logistic_poly2,hurst_300s rv_300s,0.0808472475988295
ETH_S6_60_150,logistic_poly2,hurst_300s up_imb5,0.01200160947859565
ETH_S6_60_150,logistic_poly2,hurst_300s dn_imb5,-0.016685175533544084
ETH_S6_60_150,logistic_poly2,hurst_300s up_imb25,-0.002887013209794442
ETH_S6_60_150,logistic_poly2,hurst_300s dn_imb25,0.0036792379807826818
ETH_S6_60_150,logistic_poly2,hurst_300s up_queue_top_bid,-0.03489298678174386
ETH_S6_60_150,logistic_poly2,hurst_300s up_micro_dev_bps,-0.006674017667452677
ETH_S6_60_150,logistic_poly2,hurst_300s dn_micro_dev_bps,-0.040798467682308395
ETH_S6_60_150,logistic_poly2,hurst_300s up_bid_slope,-0.028806346799229467
ETH_S6_60_150,logistic_poly2,hurst_300s up_ask_slope,0.02624742193979464
ETH_S6_60_150,logistic_poly2,hurst_300s dn_bid_slope,-0.02166159738245672
ETH_S6_60_150,logistic_poly2,hurst_300s dn_ask_slope,0.027304316463570833
ETH_S6_60_150,logistic_poly2,hurst_300s up_imb5_change_500ms,0.016112196269940184
ETH_S6_60_150,logistic_poly2,hurst_300s up_quote_intensity_5s,-0.15873353002421456
ETH_S6_60_150,logistic_poly2,hurst_300s ribbon_alignment_pct,-0.01548076818047528
ETH_S6_60_150,logistic_poly2,hurst_300s ribbon_compression_bps,0.10988178507883542
ETH_S6_60_150,logistic_poly2,hurst_300s adx_14,-0.1228504732594985
ETH_S6_60_150,logistic_poly2,hurst_300s plus_di_14,0.02135200823895748
ETH_S6_60_150,logistic_poly2,hurst_300s minus_di_14,-0.044771104208881085
ETH_S6_60_150,logistic_poly2,hurst_300s vwap_since_open_bps,0.09697976381131826
ETH_S6_60_150,logistic_poly2,hurst_300s mfi_60s,0.014373034989526015
ETH_S6_60_150,logistic_poly2,hurst_300s stoch_k_60s,-0.05579207434944634
ETH_S6_60_150,logistic_poly2,hurst_300s stoch_d_60s,-0.01798698931341482
ETH_S6_60_150,logistic_poly2,hurst_300s cci_60s,0.05038650030033136
ETH_S6_60_150,logistic_poly2,hurst_300s bb_pos_60s,0.04660040642584261
ETH_S6_60_150,logistic_poly2,hurst_300s bb_width_60s,0.1341049517911201
ETH_S6_60_150,logistic_poly2,hurst_300s ofi_skew_l1_30s,0.05525432203869557
ETH_S6_60_150,logistic_poly2,hurst_300s mlofi_skew_l5_30s,0.09353641363531244
ETH_S6_60_150,logistic_poly2,hurst_300s mlofi_skew_l5_60s,-0.10601092574937356
ETH_S6_60_150,logistic_poly2,hurst_300s mlofi_skew_l25_30s,0.1343876782053916
ETH_S6_60_150,logistic_poly2,hurst_300s rsi_14,-0.03807171487142066
ETH_S6_60_150,logistic_poly2,hurst_300s cvd,-0.05536961933687228
ETH_S6_60_150,logistic_poly2,hurst_300s vpin_value,0.009783275928828177
ETH_S6_60_150,logistic_poly2,hurst_300s vpin_zscore,-0.05935169511347252
ETH_S6_60_150,logistic_poly2,hurst_300s as_uncertainty,0.05356249461225923
ETH_S6_60_150,logistic_poly2,hurst_300s as_skew,0.12276139267601048
ETH_S6_60_150,logistic_poly2,hurst_100s hurst_900s,-0.04267656366667009
ETH_S6_60_150,logistic_poly2,hurst_100s trend_slope_30m,-0.0489029216179848
ETH_S6_60_150,logistic_poly2,hurst_100s rv_60s,-0.06885033202623769
ETH_S6_60_150,logistic_poly2,hurst_100s rv_300s,0.01488242973387591
ETH_S6_60_150,logistic_poly2,hurst_100s up_imb5,-0.05125079054753375
ETH_S6_60_150,logistic_poly2,hurst_100s dn_imb5,0.04452592677259016
ETH_S6_60_150,logistic_poly2,hurst_100s up_imb25,-0.04480313604880366
ETH_S6_60_150,logistic_poly2,hurst_100s dn_imb25,0.04186193308436792
ETH_S6_60_150,logistic_poly2,hurst_100s up_queue_top_bid,-0.006714602941190715
ETH_S6_60_150,logistic_poly2,hurst_100s up_micro_dev_bps,-0.03339560234068532
ETH_S6_60_150,logistic_poly2,hurst_100s dn_micro_dev_bps,-0.01422593602866576
ETH_S6_60_150,logistic_poly2,hurst_100s up_bid_slope,-0.0655509904256379
ETH_S6_60_150,logistic_poly2,hurst_100s up_ask_slope,-0.015127960918906891
ETH_S6_60_150,logistic_poly2,hurst_100s dn_bid_slope,0.008330752129268244
ETH_S6_60_150,logistic_poly2,hurst_100s dn_ask_slope,0.06743116114450513
ETH_S6_60_150,logistic_poly2,hurst_100s up_imb5_change_500ms,0.03235778999257611
ETH_S6_60_150,logistic_poly2,hurst_100s up_quote_intensity_5s,0.05874944345626531
ETH_S6_60_150,logistic_poly2,hurst_100s ribbon_alignment_pct,-0.10134070670934592
ETH_S6_60_150,logistic_poly2,hurst_100s ribbon_compression_bps,0.13684716391515137
ETH_S6_60_150,logistic_poly2,hurst_100s adx_14,-0.21113847309302197
ETH_S6_60_150,logistic_poly2,hurst_100s plus_di_14,0.08449588983415267
ETH_S6_60_150,logistic_poly2,hurst_100s minus_di_14,-0.0999442823846995
ETH_S6_60_150,logistic_poly2,hurst_100s vwap_since_open_bps,-0.07886127076311779
ETH_S6_60_150,logistic_poly2,hurst_100s mfi_60s,0.16984743674760278
ETH_S6_60_150,logistic_poly2,hurst_100s stoch_k_60s,-0.09996554324989818
ETH_S6_60_150,logistic_poly2,hurst_100s stoch_d_60s,-0.07589196940983356
ETH_S6_60_150,logistic_poly2,hurst_100s cci_60s,0.058190863391978216
ETH_S6_60_150,logistic_poly2,hurst_100s bb_pos_60s,-0.053164662515701094
ETH_S6_60_150,logistic_poly2,hurst_100s bb_width_60s,-0.033738770365927505
ETH_S6_60_150,logistic_poly2,hurst_100s ofi_skew_l1_30s,-0.03436504268855898
ETH_S6_60_150,logistic_poly2,hurst_100s mlofi_skew_l5_30s,0.010576064934388738
ETH_S6_60_150,logistic_poly2,hurst_100s mlofi_skew_l5_60s,-0.003103016960102918
ETH_S6_60_150,logistic_poly2,hurst_100s mlofi_skew_l25_30s,-0.08394197029507333
ETH_S6_60_150,logistic_poly2,hurst_100s rsi_14,-0.08770042444920795
ETH_S6_60_150,logistic_poly2,hurst_100s cvd,0.057197033393466004
ETH_S6_60_150,logistic_poly2,hurst_100s vpin_value,0.12060986551280813
ETH_S6_60_150,logistic_poly2,hurst_100s vpin_zscore,0.003340897508796791
ETH_S6_60_150,logistic_poly2,hurst_100s as_uncertainty,-0.02134296271121153
ETH_S6_60_150,logistic_poly2,hurst_100s as_skew,-0.0669277030744952
ETH_S6_60_150,logistic_poly2,hurst_900s trend_slope_30m,-0.13480701859959485
ETH_S6_60_150,logistic_poly2,hurst_900s rv_60s,0.011408646313636842
ETH_S6_60_150,logistic_poly2,hurst_900s rv_300s,-0.01058919871270634
ETH_S6_60_150,logistic_poly2,hurst_900s up_imb5,0.12034208787632399
ETH_S6_60_150,logistic_poly2,hurst_900s dn_imb5,-0.12739898879385048
ETH_S6_60_150,logistic_poly2,hurst_900s up_imb25,0.07470862856610763
ETH_S6_60_150,logistic_poly2,hurst_900s dn_imb25,-0.07577720878348791
ETH_S6_60_150,logistic_poly2,hurst_900s up_queue_top_bid,-0.13699820836845641
ETH_S6_60_150,logistic_poly2,hurst_900s up_micro_dev_bps,-0.07215517254489492
ETH_S6_60_150,logistic_poly2,hurst_900s dn_micro_dev_bps,-0.011524903942701505
ETH_S6_60_150,logistic_poly2,hurst_900s up_bid_slope,-0.024352789884501267
ETH_S6_60_150,logistic_poly2,hurst_900s up_ask_slope,0.04140626986600649
ETH_S6_60_150,logistic_poly2,hurst_900s dn_bid_slope,-0.04308182344823371
ETH_S6_60_150,logistic_poly2,hurst_900s dn_ask_slope,0.024541790590548933
ETH_S6_60_150,logistic_poly2,hurst_900s up_imb5_change_500ms,0.0700478293272136
ETH_S6_60_150,logistic_poly2,hurst_900s up_quote_intensity_5s,-0.022516385415682724
ETH_S6_60_150,logistic_poly2,hurst_900s ribbon_alignment_pct,-0.09092060368559364
ETH_S6_60_150,logistic_poly2,hurst_900s ribbon_compression_bps,-0.03585081843415893
ETH_S6_60_150,logistic_poly2,hurst_900s adx_14,-0.042386501843918845
ETH_S6_60_150,logistic_poly2,hurst_900s plus_di_14,-0.01981005164774596
ETH_S6_60_150,logistic_poly2,hurst_900s minus_di_14,-0.05365894742120724
ETH_S6_60_150,logistic_poly2,hurst_900s vwap_since_open_bps,0.022740774339847284
ETH_S6_60_150,logistic_poly2,hurst_900s mfi_60s,0.05488099212803515
ETH_S6_60_150,logistic_poly2,hurst_900s stoch_k_60s,-0.08429069403630958
ETH_S6_60_150,logistic_poly2,hurst_900s stoch_d_60s,-0.04275574878100492
ETH_S6_60_150,logistic_poly2,hurst_900s cci_60s,0.043067789784505095
ETH_S6_60_150,logistic_poly2,hurst_900s bb_pos_60s,-0.05690435562353269
ETH_S6_60_150,logistic_poly2,hurst_900s bb_width_60s,0.0034326813148329713
ETH_S6_60_150,logistic_poly2,hurst_900s ofi_skew_l1_30s,-0.06081884632559064
ETH_S6_60_150,logistic_poly2,hurst_900s mlofi_skew_l5_30s,-0.025096801833935457
ETH_S6_60_150,logistic_poly2,hurst_900s mlofi_skew_l5_60s,-0.11226219983245571
ETH_S6_60_150,logistic_poly2,hurst_900s mlofi_skew_l25_30s,-0.04951724858341509
ETH_S6_60_150,logistic_poly2,hurst_900s rsi_14,-0.180604337432709
ETH_S6_60_150,logistic_poly2,hurst_900s cvd,-0.008198251334167895
ETH_S6_60_150,logistic_poly2,hurst_900s vpin_value,-0.026022852871744537
ETH_S6_60_150,logistic_poly2,hurst_900s vpin_zscore,0.02876883991196034
ETH_S6_60_150,logistic_poly2,hurst_900s as_uncertainty,0.0038394616362975166
ETH_S6_60_150,logistic_poly2,hurst_900s as_skew,-0.05632098454909214
ETH_S6_60_150,logistic_poly2,trend_slope_30m rv_60s,0.018169243568830172
ETH_S6_60_150,logistic_poly2,trend_slope_30m rv_300s,-0.052667188198514646
ETH_S6_60_150,logistic_poly2,trend_slope_30m up_imb5,-0.03682545831427336
ETH_S6_60_150,logistic_poly2,trend_slope_30m dn_imb5,0.025735719170202998
ETH_S6_60_150,logistic_poly2,trend_slope_30m up_imb25,0.010249450389515646
ETH_S6_60_150,logistic_poly2,trend_slope_30m dn_imb25,-0.015928491011724423
ETH_S6_60_150,logistic_poly2,trend_slope_30m up_queue_top_bid,0.048663568069625414
ETH_S6_60_150,logistic_poly2,trend_slope_30m up_micro_dev_bps,0.058154809388580385
ETH_S6_60_150,logistic_poly2,trend_slope_30m dn_micro_dev_bps,-0.05633666631708825
ETH_S6_60_150,logistic_poly2,trend_slope_30m up_bid_slope,-0.04913675860040887
ETH_S6_60_150,logistic_poly2,trend_slope_30m up_ask_slope,0.01154151354411375
ETH_S6_60_150,logistic_poly2,trend_slope_30m dn_bid_slope,-0.03175542107417743
ETH_S6_60_150,logistic_poly2,trend_slope_30m dn_ask_slope,0.0552594774015144
ETH_S6_60_150,logistic_poly2,trend_slope_30m up_imb5_change_500ms,0.012870444548817802
ETH_S6_60_150,logistic_poly2,trend_slope_30m up_quote_intensity_5s,0.04560620804531927
ETH_S6_60_150,logistic_poly2,trend_slope_30m ribbon_alignment_pct,0.036760623201604024
ETH_S6_60_150,logistic_poly2,trend_slope_30m ribbon_compression_bps,-0.0621868083502899
ETH_S6_60_150,logistic_poly2,trend_slope_30m adx_14,0.10130900372260024
ETH_S6_60_150,logistic_poly2,trend_slope_30m plus_di_14,0.033940345179354896
ETH_S6_60_150,logistic_poly2,trend_slope_30m minus_di_14,0.028656892420956797
ETH_S6_60_150,logistic_poly2,trend_slope_30m vwap_since_open_bps,-0.02771004460800701
ETH_S6_60_150,logistic_poly2,trend_slope_30m mfi_60s,0.008962047508387068
ETH_S6_60_150,logistic_poly2,trend_slope_30m stoch_k_60s,0.0851248410920077
ETH_S6_60_150,logistic_poly2,trend_slope_30m stoch_d_60s,0.023957867665641813
ETH_S6_60_150,logistic_poly2,trend_slope_30m cci_60s,-0.09510809704617776
ETH_S6_60_150,logistic_poly2,trend_slope_30m bb_pos_60s,0.009033455206436197
ETH_S6_60_150,logistic_poly2,trend_slope_30m bb_width_60s,-0.05268724347889195
ETH_S6_60_150,logistic_poly2,trend_slope_30m ofi_skew_l1_30s,-0.09866146748545807
ETH_S6_60_150,logistic_poly2,trend_slope_30m mlofi_skew_l5_30s,-0.07598891591402382
ETH_S6_60_150,logistic_poly2,trend_slope_30m mlofi_skew_l5_60s,-0.03087701063376349
ETH_S6_60_150,logistic_poly2,trend_slope_30m mlofi_skew_l25_30s,-0.00019223089829581186
ETH_S6_60_150,logistic_poly2,trend_slope_30m rsi_14,-0.0956630799786377
ETH_S6_60_150,logistic_poly2,trend_slope_30m cvd,-0.13648448575755776
ETH_S6_60_150,logistic_poly2,trend_slope_30m vpin_value,-0.00832470030365733
ETH_S6_60_150,logistic_poly2,trend_slope_30m vpin_zscore,-0.0363503135687499
ETH_S6_60_150,logistic_poly2,trend_slope_30m as_uncertainty,-0.07180962245705462
ETH_S6_60_150,logistic_poly2,trend_slope_30m as_skew,-0.039154924566742105
ETH_S6_60_150,logistic_poly2,rv_60s rv_300s,-0.027651565237820298
ETH_S6_60_150,logistic_poly2,rv_60s up_imb5,-0.017021147224974765
ETH_S6_60_150,logistic_poly2,rv_60s dn_imb5,0.022768084347233552
ETH_S6_60_150,logistic_poly2,rv_60s up_imb25,0.03501174807012089
ETH_S6_60_150,logistic_poly2,rv_60s dn_imb25,-0.031901811980098845
ETH_S6_60_150,logistic_poly2,rv_60s up_queue_top_bid,-0.04348802071896222
ETH_S6_60_150,logistic_poly2,rv_60s up_micro_dev_bps,-0.01592113923744833
ETH_S6_60_150,logistic_poly2,rv_60s dn_micro_dev_bps,0.011224393483271882
ETH_S6_60_150,logistic_poly2,rv_60s up_bid_slope,0.0026069957064207617
ETH_S6_60_150,logistic_poly2,rv_60s up_ask_slope,0.01097934839167545
ETH_S6_60_150,logistic_poly2,rv_60s dn_bid_slope,0.0007298770939853422
ETH_S6_60_150,logistic_poly2,rv_60s dn_ask_slope,-0.006132172102425153
ETH_S6_60_150,logistic_poly2,rv_60s up_imb5_change_500ms,0.010923637188615908
ETH_S6_60_150,logistic_poly2,rv_60s up_quote_intensity_5s,-0.07210627779565368
ETH_S6_60_150,logistic_poly2,rv_60s ribbon_alignment_pct,-0.06868446310265909
ETH_S6_60_150,logistic_poly2,rv_60s ribbon_compression_bps,0.026315756703904777
ETH_S6_60_150,logistic_poly2,rv_60s adx_14,0.040818956286541905
ETH_S6_60_150,logistic_poly2,rv_60s plus_di_14,-0.029408992593647907
ETH_S6_60_150,logistic_poly2,rv_60s minus_di_14,0.02503436303997486
ETH_S6_60_150,logistic_poly2,rv_60s vwap_since_open_bps,0.015132390325617329
ETH_S6_60_150,logistic_poly2,rv_60s mfi_60s,-0.013599957269066666
ETH_S6_60_150,logistic_poly2,rv_60s stoch_k_60s,-0.0688211331305328
ETH_S6_60_150,logistic_poly2,rv_60s stoch_d_60s,-0.05464824884615292
ETH_S6_60_150,logistic_poly2,rv_60s cci_60s,0.07003133916638705
ETH_S6_60_150,logistic_poly2,rv_60s bb_pos_60s,-0.036560420970451916
ETH_S6_60_150,logistic_poly2,rv_60s bb_width_60s,0.023977770225658137
ETH_S6_60_150,logistic_poly2,rv_60s ofi_skew_l1_30s,0.10415185079014477
ETH_S6_60_150,logistic_poly2,rv_60s mlofi_skew_l5_30s,0.04536356163701025
ETH_S6_60_150,logistic_poly2,rv_60s mlofi_skew_l5_60s,-0.007157074172393199
ETH_S6_60_150,logistic_poly2,rv_60s mlofi_skew_l25_30s,0.007611653701888105
ETH_S6_60_150,logistic_poly2,rv_60s rsi_14,0.05328589108751411
ETH_S6_60_150,logistic_poly2,rv_60s cvd,0.01239094313542767
ETH_S6_60_150,logistic_poly2,rv_60s vpin_value,0.03861965021881961
ETH_S6_60_150,logistic_poly2,rv_60s vpin_zscore,0.05369655845701819
ETH_S6_60_150,logistic_poly2,rv_60s as_uncertainty,0.022604364245210645
ETH_S6_60_150,logistic_poly2,rv_60s as_skew,0.017921143801009204
ETH_S6_60_150,logistic_poly2,rv_300s up_imb5,0.09932502479708266
ETH_S6_60_150,logistic_poly2,rv_300s dn_imb5,-0.09662472526281941
ETH_S6_60_150,logistic_poly2,rv_300s up_imb25,0.10979414027941306
ETH_S6_60_150,logistic_poly2,rv_300s dn_imb25,-0.11209432890792108
ETH_S6_60_150,logistic_poly2,rv_300s up_queue_top_bid,-0.06482126576892198
ETH_S6_60_150,logistic_poly2,rv_300s up_micro_dev_bps,0.016017248107401225
ETH_S6_60_150,logistic_poly2,rv_300s dn_micro_dev_bps,0.004252472894983354
ETH_S6_60_150,logistic_poly2,rv_300s up_bid_slope,0.005191573846116805
ETH_S6_60_150,logistic_poly2,rv_300s up_ask_slope,0.015365744489400507
ETH_S6_60_150,logistic_poly2,rv_300s dn_bid_slope,-0.02726421754103103
ETH_S6_60_150,logistic_poly2,rv_300s dn_ask_slope,-0.0016406560956097938
ETH_S6_60_150,logistic_poly2,rv_300s up_imb5_change_500ms,-0.022267723785164988
ETH_S6_60_150,logistic_poly2,rv_300s up_quote_intensity_5s,0.01706460464500273
ETH_S6_60_150,logistic_poly2,rv_300s ribbon_alignment_pct,0.07505967516214683
ETH_S6_60_150,logistic_poly2,rv_300s ribbon_compression_bps,0.0077933419580388415
ETH_S6_60_150,logistic_poly2,rv_300s adx_14,0.046759959597217605
ETH_S6_60_150,logistic_poly2,rv_300s plus_di_14,-0.051395624189441984
ETH_S6_60_150,logistic_poly2,rv_300s minus_di_14,0.12119576300970683
ETH_S6_60_150,logistic_poly2,rv_300s vwap_since_open_bps,0.002250727771377788
ETH_S6_60_150,logistic_poly2,rv_300s mfi_60s,-0.08299700301999842
ETH_S6_60_150,logistic_poly2,rv_300s stoch_k_60s,-0.02368946007252848
ETH_S6_60_150,logistic_poly2,rv_300s stoch_d_60s,-0.02173835523889344
ETH_S6_60_150,logistic_poly2,rv_300s cci_60s,0.01698946158257791
ETH_S6_60_150,logistic_poly2,rv_300s bb_pos_60s,0.0006850216133296579
ETH_S6_60_150,logistic_poly2,rv_300s bb_width_60s,-0.056718279020635864
ETH_S6_60_150,logistic_poly2,rv_300s ofi_skew_l1_30s,0.08637179296594352
ETH_S6_60_150,logistic_poly2,rv_300s mlofi_skew_l5_30s,0.006077046168741591
ETH_S6_60_150,logistic_poly2,rv_300s mlofi_skew_l5_60s,-0.00826623320822466
ETH_S6_60_150,logistic_poly2,rv_300s mlofi_skew_l25_30s,-0.020756758300517566
ETH_S6_60_150,logistic_poly2,rv_300s rsi_14,-0.0476660073509228
ETH_S6_60_150,logistic_poly2,rv_300s cvd,-0.08437542585805559
ETH_S6_60_150,logistic_poly2,rv_300s vpin_value,0.0206001299509225
ETH_S6_60_150,logistic_poly2,rv_300s vpin_zscore,0.04802849268042233
ETH_S6_60_150,logistic_poly2,rv_300s as_uncertainty,0.010473816418801537
ETH_S6_60_150,logistic_poly2,rv_300s as_skew,0.055928293964611235
ETH_S6_60_150,logistic_poly2,up_imb5 dn_imb5,0.072941021644358
ETH_S6_60_150,logistic_poly2,up_imb5 up_imb25,-0.047801097218874045
ETH_S6_60_150,logistic_poly2,up_imb5 dn_imb25,0.052122494059002475
ETH_S6_60_150,logistic_poly2,up_imb5 up_queue_top_bid,0.05092809199877484
ETH_S6_60_150,logistic_poly2,up_imb5 up_micro_dev_bps,0.019168380222758415
ETH_S6_60_150,logistic_poly2,up_imb5 dn_micro_dev_bps,0.011121402378323113
ETH_S6_60_150,logistic_poly2,up_imb5 up_bid_slope,0.07376841279059723
ETH_S6_60_150,logistic_poly2,up_imb5 up_ask_slope,-0.009589782026903465
ETH_S6_60_150,logistic_poly2,up_imb5 dn_bid_slope,0.0261635011040327
ETH_S6_60_150,logistic_poly2,up_imb5 dn_ask_slope,-0.07778254277886562
ETH_S6_60_150,logistic_poly2,up_imb5 up_imb5_change_500ms,-0.04749838486214738
ETH_S6_60_150,logistic_poly2,up_imb5 up_quote_intensity_5s,-0.05036179287978417
ETH_S6_60_150,logistic_poly2,up_imb5 ribbon_alignment_pct,-0.044974612822315206
ETH_S6_60_150,logistic_poly2,up_imb5 ribbon_compression_bps,0.07075494501436973
ETH_S6_60_150,logistic_poly2,up_imb5 adx_14,-0.047770466390261515
ETH_S6_60_150,logistic_poly2,up_imb5 plus_di_14,0.04100231761406185
ETH_S6_60_150,logistic_poly2,up_imb5 minus_di_14,-0.005678544148565537
ETH_S6_60_150,logistic_poly2,up_imb5 vwap_since_open_bps,0.004314328163770821
ETH_S6_60_150,logistic_poly2,up_imb5 mfi_60s,0.07626931663480332
ETH_S6_60_150,logistic_poly2,up_imb5 stoch_k_60s,-0.019858281865637414
ETH_S6_60_150,logistic_poly2,up_imb5 stoch_d_60s,-0.02485132002233821
ETH_S6_60_150,logistic_poly2,up_imb5 cci_60s,0.08404100680414651
ETH_S6_60_150,logistic_poly2,up_imb5 bb_pos_60s,0.10578963299218555
ETH_S6_60_150,logistic_poly2,up_imb5 bb_width_60s,-0.058878867426749415
ETH_S6_60_150,logistic_poly2,up_imb5 ofi_skew_l1_30s,-0.0033060431625096
ETH_S6_60_150,logistic_poly2,up_imb5 mlofi_skew_l5_30s,-0.024905404405328676
ETH_S6_60_150,logistic_poly2,up_imb5 mlofi_skew_l5_60s,-0.004169543287100795
ETH_S6_60_150,logistic_poly2,up_imb5 mlofi_skew_l25_30s,-0.027919160853310736
ETH_S6_60_150,logistic_poly2,up_imb5 rsi_14,-0.08413137184182277
ETH_S6_60_150,logistic_poly2,up_imb5 cvd,0.011029776051618858
ETH_S6_60_150,logistic_poly2,up_imb5 vpin_value,0.026948883757716285
ETH_S6_60_150,logistic_poly2,up_imb5 vpin_zscore,-0.03335230844435153
ETH_S6_60_150,logistic_poly2,up_imb5 as_uncertainty,0.03256398298456522
ETH_S6_60_150,logistic_poly2,up_imb5 as_skew,-0.052432901077437054
ETH_S6_60_150,logistic_poly2,dn_imb5 up_imb25,0.05332447352531645
ETH_S6_60_150,logistic_poly2,dn_imb5 dn_imb25,-0.05892893147840851
ETH_S6_60_150,logistic_poly2,dn_imb5 up_queue_top_bid,-0.0445902928582417
ETH_S6_60_150,logistic_poly2,dn_imb5 up_micro_dev_bps,-0.024465607795560455
ETH_S6_60_150,logistic_poly2,dn_imb5 dn_micro_dev_bps,-0.012309662863063045
ETH_S6_60_150,logistic_poly2,dn_imb5 up_bid_slope,-0.06673002057709704
ETH_S6_60_150,logistic_poly2,dn_imb5 up_ask_slope,0.006854227974176093
ETH_S6_60_150,logistic_poly2,dn_imb5 dn_bid_slope,-0.02768861869050099
ETH_S6_60_150,logistic_poly2,dn_imb5 dn_ask_slope,0.07199314154878467
ETH_S6_60_150,logistic_poly2,dn_imb5 up_imb5_change_500ms,0.04938958815968756
ETH_S6_60_150,logistic_poly2,dn_imb5 up_quote_intensity_5s,0.05094138334977375
ETH_S6_60_150,logistic_poly2,dn_imb5 ribbon_alignment_pct,0.041553578864210516
ETH_S6_60_150,logistic_poly2,dn_imb5 ribbon_compression_bps,-0.06534979146559278
ETH_S6_60_150,logistic_poly2,dn_imb5 adx_14,0.0579356079250201
ETH_S6_60_150,logistic_poly2,dn_imb5 plus_di_14,-0.057129944984833585
ETH_S6_60_150,logistic_poly2,dn_imb5 minus_di_14,0.014540827038266455
ETH_S6_60_150,logistic_poly2,dn_imb5 vwap_since_open_bps,0.003603102122794696
ETH_S6_60_150,logistic_poly2,dn_imb5 mfi_60s,-0.0752917420646886
ETH_S6_60_150,logistic_poly2,dn_imb5 stoch_k_60s,0.021537887924562304
ETH_S6_60_150,logistic_poly2,dn_imb5 stoch_d_60s,0.030127548699036534
ETH_S6_60_150,logistic_poly2,dn_imb5 cci_60s,-0.085042485313538
ETH_S6_60_150,logistic_poly2,dn_imb5 bb_pos_60s,-0.105177438894379
ETH_S6_60_150,logistic_poly2,dn_imb5 bb_width_60s,0.06400158035312865
ETH_S6_60_150,logistic_poly2,dn_imb5 ofi_skew_l1_30s,0.0031858698705447283
ETH_S6_60_150,logistic_poly2,dn_imb5 mlofi_skew_l5_30s,0.026094098441164892
ETH_S6_60_150,logistic_poly2,dn_imb5 mlofi_skew_l5_60s,-0.0003401328237950705
ETH_S6_60_150,logistic_poly2,dn_imb5 mlofi_skew_l25_30s,0.027692083414516743
ETH_S6_60_150,logistic_poly2,dn_imb5 rsi_14,0.08018852004963502
ETH_S6_60_150,logistic_poly2,dn_imb5 cvd,-0.0040660767443410056
ETH_S6_60_150,logistic_poly2,dn_imb5 vpin_value,-0.03805530168377871
ETH_S6_60_150,logistic_poly2,dn_imb5 vpin_zscore,0.025157378854632914
ETH_S6_60_150,logistic_poly2,dn_imb5 as_uncertainty,-0.03168193222968566
ETH_S6_60_150,logistic_poly2,dn_imb5 as_skew,0.054354658251322865
ETH_S6_60_150,logistic_poly2,up_imb25 dn_imb25,0.009603245602939804
ETH_S6_60_150,logistic_poly2,up_imb25 up_queue_top_bid,-0.0015265503267386628
ETH_S6_60_150,logistic_poly2,up_imb25 up_micro_dev_bps,0.06376837175514564
ETH_S6_60_150,logistic_poly2,up_imb25 dn_micro_dev_bps,0.06078504602294147
ETH_S6_60_150,logistic_poly2,up_imb25 up_bid_slope,-0.031709424951099595
ETH_S6_60_150,logistic_poly2,up_imb25 up_ask_slope,0.008216528254672863
ETH_S6_60_150,logistic_poly2,up_imb25 dn_bid_slope,-0.016275655214087772
ETH_S6_60_150,logistic_poly2,up_imb25 dn_ask_slope,0.034349254977442546
ETH_S6_60_150,logistic_poly2,up_imb25 up_imb5_change_500ms,-0.003774764493723354
ETH_S6_60_150,logistic_poly2,up_imb25 up_quote_intensity_5s,0.0348867552645207
ETH_S6_60_150,logistic_poly2,up_imb25 ribbon_alignment_pct,0.026823749103298024
ETH_S6_60_150,logistic_poly2,up_imb25 ribbon_compression_bps,-0.014802423816004034
ETH_S6_60_150,logistic_poly2,up_imb25 adx_14,-0.08963305202650423
ETH_S6_60_150,logistic_poly2,up_imb25 plus_di_14,0.09870789865261635
ETH_S6_60_150,logistic_poly2,up_imb25 minus_di_14,-0.009867894174256263
ETH_S6_60_150,logistic_poly2,up_imb25 vwap_since_open_bps,0.04251802988787366
ETH_S6_60_150,logistic_poly2,up_imb25 mfi_60s,-0.011398646984201935
ETH_S6_60_150,logistic_poly2,up_imb25 stoch_k_60s,0.027117070936410036
ETH_S6_60_150,logistic_poly2,up_imb25 stoch_d_60s,-0.011856306460133347
ETH_S6_60_150,logistic_poly2,up_imb25 cci_60s,-0.010963114961986825
ETH_S6_60_150,logistic_poly2,up_imb25 bb_pos_60s,0.018886298577555
ETH_S6_60_150,logistic_poly2,up_imb25 bb_width_60s,0.026027113577876407
ETH_S6_60_150,logistic_poly2,up_imb25 ofi_skew_l1_30s,-0.005952269054834184
ETH_S6_60_150,logistic_poly2,up_imb25 mlofi_skew_l5_30s,-0.04801221106267638
ETH_S6_60_150,logistic_poly2,up_imb25 mlofi_skew_l5_60s,-0.002995176812708666
ETH_S6_60_150,logistic_poly2,up_imb25 mlofi_skew_l25_30s,0.04543833850353981
ETH_S6_60_150,logistic_poly2,up_imb25 rsi_14,0.05246718643198224
ETH_S6_60_150,logistic_poly2,up_imb25 cvd,0.03742178359257493
ETH_S6_60_150,logistic_poly2,up_imb25 vpin_value,0.03901819705093486
ETH_S6_60_150,logistic_poly2,up_imb25 vpin_zscore,0.05694670045402027
ETH_S6_60_150,logistic_poly2,up_imb25 as_uncertainty,0.10461039118384956
ETH_S6_60_150,logistic_poly2,up_imb25 as_skew,0.06696139057535178
ETH_S6_60_150,logistic_poly2,dn_imb25 up_queue_top_bid,0.004602722894749072
ETH_S6_60_150,logistic_poly2,dn_imb25 up_micro_dev_bps,-0.0623291059317264
ETH_S6_60_150,logistic_poly2,dn_imb25 dn_micro_dev_bps,-0.06367713436054682
ETH_S6_60_150,logistic_poly2,dn_imb25 up_bid_slope,0.036665035188709706
ETH_S6_60_150,logistic_poly2,dn_imb25 up_ask_slope,-0.015554963003039043
ETH_S6_60_150,logistic_poly2,dn_imb25 dn_bid_slope,0.018610251331527675
ETH_S6_60_150,logistic_poly2,dn_imb25 dn_ask_slope,-0.03781681989753407
ETH_S6_60_150,logistic_poly2,dn_imb25 up_imb5_change_500ms,0.001588745012723215
ETH_S6_60_150,logistic_poly2,dn_imb25 up_quote_intensity_5s,-0.03660648758925482
ETH_S6_60_150,logistic_poly2,dn_imb25 ribbon_alignment_pct,-0.025193204056274354
ETH_S6_60_150,logistic_poly2,dn_imb25 ribbon_compression_bps,0.019470448854823783
ETH_S6_60_150,logistic_poly2,dn_imb25 adx_14,0.08982673996689959
ETH_S6_60_150,logistic_poly2,dn_imb25 plus_di_14,-0.10600773219681928
ETH_S6_60_150,logistic_poly2,dn_imb25 minus_di_14,0.015297032036545725
ETH_S6_60_150,logistic_poly2,dn_imb25 vwap_since_open_bps,-0.03784296488448361
ETH_S6_60_150,logistic_poly2,dn_imb25 mfi_60s,0.012396173247689464
ETH_S6_60_150,logistic_poly2,dn_imb25 stoch_k_60s,-0.023026119476705877
ETH_S6_60_150,logistic_poly2,dn_imb25 stoch_d_60s,0.018007967596212614
ETH_S6_60_150,logistic_poly2,dn_imb25 cci_60s,0.012381265893262335
ETH_S6_60_150,logistic_poly2,dn_imb25 bb_pos_60s,-0.017689659398190626
ETH_S6_60_150,logistic_poly2,dn_imb25 bb_width_60s,-0.02247772353731814
ETH_S6_60_150,logistic_poly2,dn_imb25 ofi_skew_l1_30s,0.00426166578473162
ETH_S6_60_150,logistic_poly2,dn_imb25 mlofi_skew_l5_30s,0.044604260065710555
ETH_S6_60_150,logistic_poly2,dn_imb25 mlofi_skew_l5_60s,-8.865501269946438e-05
ETH_S6_60_150,logistic_poly2,dn_imb25 mlofi_skew_l25_30s,-0.0468286518526811
ETH_S6_60_150,logistic_poly2,dn_imb25 rsi_14,-0.05699076363317644
ETH_S6_60_150,logistic_poly2,dn_imb25 cvd,-0.04018996967544937
ETH_S6_60_150,logistic_poly2,dn_imb25 vpin_value,-0.04488748979920189
ETH_S6_60_150,logistic_poly2,dn_imb25 vpin_zscore,-0.06066990901708023
ETH_S6_60_150,logistic_poly2,dn_imb25 as_uncertainty,-0.10673413144607846
ETH_S6_60_150,logistic_poly2,dn_imb25 as_skew,-0.06592258721981757
ETH_S6_60_150,logistic_poly2,up_queue_top_bid up_micro_dev_bps,-0.06520445523235013
ETH_S6_60_150,logistic_poly2,up_queue_top_bid dn_micro_dev_bps,0.010691958737227154
ETH_S6_60_150,logistic_poly2,up_queue_top_bid up_bid_slope,0.07692357265728812
ETH_S6_60_150,logistic_poly2,up_queue_top_bid up_ask_slope,-0.08342495622644908
ETH_S6_60_150,logistic_poly2,up_queue_top_bid dn_bid_slope,0.09186441919974955
ETH_S6_60_150,logistic_poly2,up_queue_top_bid dn_ask_slope,-0.07927051682170201
ETH_S6_60_150,logistic_poly2,up_queue_top_bid up_imb5_change_500ms,-0.06042886247893901
ETH_S6_60_150,logistic_poly2,up_queue_top_bid up_quote_intensity_5s,-0.11537562650185493
ETH_S6_60_150,logistic_poly2,up_queue_top_bid ribbon_alignment_pct,0.010446710629394371
ETH_S6_60_150,logistic_poly2,up_queue_top_bid ribbon_compression_bps,-0.05747802849350541
ETH_S6_60_150,logistic_poly2,up_queue_top_bid adx_14,-0.16090453373941416
ETH_S6_60_150,logistic_poly2,up_queue_top_bid plus_di_14,0.07471960574286518
ETH_S6_60_150,logistic_poly2,up_queue_top_bid minus_di_14,-0.03677086084573714
ETH_S6_60_150,logistic_poly2,up_queue_top_bid vwap_since_open_bps,-0.011785881112456782
ETH_S6_60_150,logistic_poly2,up_queue_top_bid mfi_60s,0.09080668263741463
ETH_S6_60_150,logistic_poly2,up_queue_top_bid stoch_k_60s,0.04595833715043002
ETH_S6_60_150,logistic_poly2,up_queue_top_bid stoch_d_60s,0.06948097725026402
ETH_S6_60_150,logistic_poly2,up_queue_top_bid cci_60s,-0.033304420995607785
ETH_S6_60_150,logistic_poly2,up_queue_top_bid bb_pos_60s,-0.0031809615758590457
ETH_S6_60_150,logistic_poly2,up_queue_top_bid bb_width_60s,-0.00456794854865656
ETH_S6_60_150,logistic_poly2,up_queue_top_bid ofi_skew_l1_30s,0.07863183210455264
ETH_S6_60_150,logistic_poly2,up_queue_top_bid mlofi_skew_l5_30s,0.031265896780210405
ETH_S6_60_150,logistic_poly2,up_queue_top_bid mlofi_skew_l5_60s,-0.009594403803538395
ETH_S6_60_150,logistic_poly2,up_queue_top_bid mlofi_skew_l25_30s,-0.05822520538581252
ETH_S6_60_150,logistic_poly2,up_queue_top_bid rsi_14,-0.010458783928029779
ETH_S6_60_150,logistic_poly2,up_queue_top_bid cvd,0.027466313800161363
ETH_S6_60_150,logistic_poly2,up_queue_top_bid vpin_value,0.05564223252536339
ETH_S6_60_150,logistic_poly2,up_queue_top_bid vpin_zscore,-0.009316513738994545
ETH_S6_60_150,logistic_poly2,up_queue_top_bid as_uncertainty,0.008631018237638585
ETH_S6_60_150,logistic_poly2,up_queue_top_bid as_skew,0.004276499340015007
ETH_S6_60_150,logistic_poly2,up_micro_dev_bps dn_micro_dev_bps,-0.008758488814258076
ETH_S6_60_150,logistic_poly2,up_micro_dev_bps up_bid_slope,0.057594036267920035
ETH_S6_60_150,logistic_poly2,up_micro_dev_bps up_ask_slope,0.03779490438897775
ETH_S6_60_150,logistic_poly2,up_micro_dev_bps dn_bid_slope,-0.02715356863737983
ETH_S6_60_150,logistic_poly2,up_micro_dev_bps dn_ask_slope,-0.06109497712086656
ETH_S6_60_150,logistic_poly2,up_micro_dev_bps up_imb5_change_500ms,0.054703266764644445
ETH_S6_60_150,logistic_poly2,up_micro_dev_bps up_quote_intensity_5s,-0.040723688911699314
ETH_S6_60_150,logistic_poly2,up_micro_dev_bps ribbon_alignment_pct,-0.08510214449064253
ETH_S6_60_150,logistic_poly2,up_micro_dev_bps ribbon_compression_bps,-0.025831081362513778
ETH_S6_60_150,logistic_poly2,up_micro_dev_bps adx_14,-0.05633922890281125
ETH_S6_60_150,logistic_poly2,up_micro_dev_bps plus_di_14,-0.028559864835694285
ETH_S6_60_150,logistic_poly2,up_micro_dev_bps minus_di_14,0.00454216338242952
ETH_S6_60_150,logistic_poly2,up_micro_dev_bps vwap_since_open_bps,0.035450017641637785
ETH_S6_60_150,logistic_poly2,up_micro_dev_bps mfi_60s,0.0500437421604357
ETH_S6_60_150,logistic_poly2,up_micro_dev_bps stoch_k_60s,0.0046219379762017015
ETH_S6_60_150,logistic_poly2,up_micro_dev_bps stoch_d_60s,-0.001662979696639816
ETH_S6_60_150,logistic_poly2,up_micro_dev_bps cci_60s,0.03476706353931218
ETH_S6_60_150,logistic_poly2,up_micro_dev_bps bb_pos_60s,-0.009809167567856292
ETH_S6_60_150,logistic_poly2,up_micro_dev_bps bb_width_60s,0.015604883156275074
ETH_S6_60_150,logistic_poly2,up_micro_dev_bps ofi_skew_l1_30s,-0.05878507839347285
ETH_S6_60_150,logistic_poly2,up_micro_dev_bps mlofi_skew_l5_30s,-0.01959289656198753
ETH_S6_60_150,logistic_poly2,up_micro_dev_bps mlofi_skew_l5_60s,0.03352266738812453
ETH_S6_60_150,logistic_poly2,up_micro_dev_bps mlofi_skew_l25_30s,-0.03269716181188204
ETH_S6_60_150,logistic_poly2,up_micro_dev_bps rsi_14,0.0004765782802974282
ETH_S6_60_150,logistic_poly2,up_micro_dev_bps cvd,0.05325421630197701
ETH_S6_60_150,logistic_poly2,up_micro_dev_bps vpin_value,-0.009495038512175856
ETH_S6_60_150,logistic_poly2,up_micro_dev_bps vpin_zscore,0.032697798207377345
ETH_S6_60_150,logistic_poly2,up_micro_dev_bps as_uncertainty,-0.03108052397265093
ETH_S6_60_150,logistic_poly2,up_micro_dev_bps as_skew,-0.07036608500915269
ETH_S6_60_150,logistic_poly2,dn_micro_dev_bps up_bid_slope,0.01207533969732334
ETH_S6_60_150,logistic_poly2,dn_micro_dev_bps up_ask_slope,-0.02251348570581551
ETH_S6_60_150,logistic_poly2,dn_micro_dev_bps dn_bid_slope,0.010568033192237236
ETH_S6_60_150,logistic_poly2,dn_micro_dev_bps dn_ask_slope,-0.0086660548009765
ETH_S6_60_150,logistic_poly2,dn_micro_dev_bps up_imb5_change_500ms,-0.001156785801029785
ETH_S6_60_150,logistic_poly2,dn_micro_dev_bps up_quote_intensity_5s,0.02019200067424527
ETH_S6_60_150,logistic_poly2,dn_micro_dev_bps ribbon_alignment_pct,-0.03932519323989003
ETH_S6_60_150,logistic_poly2,dn_micro_dev_bps ribbon_compression_bps,-0.025508323582948418
ETH_S6_60_150,logistic_poly2,dn_micro_dev_bps adx_14,0.0227714320659916
ETH_S6_60_150,logistic_poly2,dn_micro_dev_bps plus_di_14,-0.03473630935178638
ETH_S6_60_150,logistic_poly2,dn_micro_dev_bps minus_di_14,0.009973010240352959
ETH_S6_60_150,logistic_poly2,dn_micro_dev_bps vwap_since_open_bps,-0.05677937997035064
ETH_S6_60_150,logistic_poly2,dn_micro_dev_bps mfi_60s,-0.08932651684261302
ETH_S6_60_150,logistic_poly2,dn_micro_dev_bps stoch_k_60s,-0.020227031487718594
ETH_S6_60_150,logistic_poly2,dn_micro_dev_bps stoch_d_60s,-0.011651770053224444
ETH_S6_60_150,logistic_poly2,dn_micro_dev_bps cci_60s,-0.03780699044497045
ETH_S6_60_150,logistic_poly2,dn_micro_dev_bps bb_pos_60s,-0.025993096186290608
ETH_S6_60_150,logistic_poly2,dn_micro_dev_bps bb_width_60s,0.011513782342532652
ETH_S6_60_150,logistic_poly2,dn_micro_dev_bps ofi_skew_l1_30s,-0.024564104205996515
ETH_S6_60_150,logistic_poly2,dn_micro_dev_bps mlofi_skew_l5_30s,-0.001657646511675
ETH_S6_60_150,logistic_poly2,dn_micro_dev_bps mlofi_skew_l5_60s,-0.021481444113729768
ETH_S6_60_150,logistic_poly2,dn_micro_dev_bps mlofi_skew_l25_30s,-0.005123553847263196
ETH_S6_60_150,logistic_poly2,dn_micro_dev_bps rsi_14,-0.026116600004380208
ETH_S6_60_150,logistic_poly2,dn_micro_dev_bps cvd,-0.026333106013719795
ETH_S6_60_150,logistic_poly2,dn_micro_dev_bps vpin_value,-0.0034414819474476127
ETH_S6_60_150,logistic_poly2,dn_micro_dev_bps vpin_zscore,0.013572425673690726
ETH_S6_60_150,logistic_poly2,dn_micro_dev_bps as_uncertainty,0.026890539264032554
ETH_S6_60_150,logistic_poly2,dn_micro_dev_bps as_skew,0.02745191239567169
ETH_S6_60_150,logistic_poly2,up_bid_slope up_ask_slope,0.0153375965308689
ETH_S6_60_150,logistic_poly2,up_bid_slope dn_bid_slope,-0.0018807275720420548
ETH_S6_60_150,logistic_poly2,up_bid_slope dn_ask_slope,-0.030727190787057133
ETH_S6_60_150,logistic_poly2,up_bid_slope up_imb5_change_500ms,0.0768993571885247
ETH_S6_60_150,logistic_poly2,up_bid_slope up_quote_intensity_5s,0.08377506943289507
ETH_S6_60_150,logistic_poly2,up_bid_slope ribbon_alignment_pct,-0.020328408301533193
ETH_S6_60_150,logistic_poly2,up_bid_slope ribbon_compression_bps,-0.09396400038125527
ETH_S6_60_150,logistic_poly2,up_bid_slope adx_14,-0.04712061734367785
ETH_S6_60_150,logistic_poly2,up_bid_slope plus_di_14,0.05613709345384987
ETH_S6_60_150,logistic_poly2,up_bid_slope minus_di_14,-0.01627092264237113
ETH_S6_60_150,logistic_poly2,up_bid_slope vwap_since_open_bps,-0.011954809285883368
ETH_S6_60_150,logistic_poly2,up_bid_slope mfi_60s,-0.03529260628509748
ETH_S6_60_150,logistic_poly2,up_bid_slope stoch_k_60s,-0.0017856954717177802
ETH_S6_60_150,logistic_poly2,up_bid_slope stoch_d_60s,-0.011446754556030688
ETH_S6_60_150,logistic_poly2,up_bid_slope cci_60s,-0.03189345199015398
ETH_S6_60_150,logistic_poly2,up_bid_slope bb_pos_60s,-0.09363301847014027
ETH_S6_60_150,logistic_poly2,up_bid_slope bb_width_60s,0.029545362100948682
ETH_S6_60_150,logistic_poly2,up_bid_slope ofi_skew_l1_30s,-0.04716958057494875
ETH_S6_60_150,logistic_poly2,up_bid_slope mlofi_skew_l5_30s,-0.018584077566145756
ETH_S6_60_150,logistic_poly2,up_bid_slope mlofi_skew_l5_60s,-0.04387346259321523
ETH_S6_60_150,logistic_poly2,up_bid_slope mlofi_skew_l25_30s,-0.01789126395831415
ETH_S6_60_150,logistic_poly2,up_bid_slope rsi_14,0.0602961554736308
ETH_S6_60_150,logistic_poly2,up_bid_slope cvd,-0.06701001996416937
ETH_S6_60_150,logistic_poly2,up_bid_slope vpin_value,0.017055824092717723
ETH_S6_60_150,logistic_poly2,up_bid_slope vpin_zscore,-0.09404715333366512
ETH_S6_60_150,logistic_poly2,up_bid_slope as_uncertainty,-0.03218083055151979
ETH_S6_60_150,logistic_poly2,up_bid_slope as_skew,-0.02867994304346375
ETH_S6_60_150,logistic_poly2,up_ask_slope dn_bid_slope,-0.01713778634987804
ETH_S6_60_150,logistic_poly2,up_ask_slope dn_ask_slope,-0.006770539200762184
ETH_S6_60_150,logistic_poly2,up_ask_slope up_imb5_change_500ms,-0.030824780827946794
ETH_S6_60_150,logistic_poly2,up_ask_slope up_quote_intensity_5s,-0.03162779258539607
ETH_S6_60_150,logistic_poly2,up_ask_slope ribbon_alignment_pct,-0.0031635048751967342
ETH_S6_60_150,logistic_poly2,up_ask_slope ribbon_compression_bps,0.08943543928332304
ETH_S6_60_150,logistic_poly2,up_ask_slope adx_14,0.02856656943257804
ETH_S6_60_150,logistic_poly2,up_ask_slope plus_di_14,-0.044298464104503645
ETH_S6_60_150,logistic_poly2,up_ask_slope minus_di_14,0.00040182453944219166
ETH_S6_60_150,logistic_poly2,up_ask_slope vwap_since_open_bps,0.05519624779576458
ETH_S6_60_150,logistic_poly2,up_ask_slope mfi_60s,0.07178870750558165
ETH_S6_60_150,logistic_poly2,up_ask_slope stoch_k_60s,0.02650447650958045
ETH_S6_60_150,logistic_poly2,up_ask_slope stoch_d_60s,0.020961338659085935
ETH_S6_60_150,logistic_poly2,up_ask_slope cci_60s,0.042650522126280566
ETH_S6_60_150,logistic_poly2,up_ask_slope bb_pos_60s,0.1288629165312499
ETH_S6_60_150,logistic_poly2,up_ask_slope bb_width_60s,-0.04276662846947342
ETH_S6_60_150,logistic_poly2,up_ask_slope ofi_skew_l1_30s,0.02477114007647427
ETH_S6_60_150,logistic_poly2,up_ask_slope mlofi_skew_l5_30s,-0.027513985352731606
ETH_S6_60_150,logistic_poly2,up_ask_slope mlofi_skew_l5_60s,0.03414833288971844
ETH_S6_60_150,logistic_poly2,up_ask_slope mlofi_skew_l25_30s,-0.026715785338072815
ETH_S6_60_150,logistic_poly2,up_ask_slope rsi_14,-0.05384638915002074
ETH_S6_60_150,logistic_poly2,up_ask_slope cvd,0.04600683797914688
ETH_S6_60_150,logistic_poly2,up_ask_slope vpin_value,-0.07210264468309494
ETH_S6_60_150,logistic_poly2,up_ask_slope vpin_zscore,0.046747048481572115
ETH_S6_60_150,logistic_poly2,up_ask_slope as_uncertainty,0.04963877107372269
ETH_S6_60_150,logistic_poly2,up_ask_slope as_skew,0.07033621132764689
ETH_S6_60_150,logistic_poly2,dn_bid_slope dn_ask_slope,-0.000618863358945271
ETH_S6_60_150,logistic_poly2,dn_bid_slope up_imb5_change_500ms,0.021386850381724835
ETH_S6_60_150,logistic_poly2,dn_bid_slope up_quote_intensity_5s,0.021151570409384726
ETH_S6_60_150,logistic_poly2,dn_bid_slope ribbon_alignment_pct,0.013158114035587589
ETH_S6_60_150,logistic_poly2,dn_bid_slope ribbon_compression_bps,-0.07255915219417747
ETH_S6_60_150,logistic_poly2,dn_bid_slope adx_14,-0.036307222944146435
ETH_S6_60_150,logistic_poly2,dn_bid_slope plus_di_14,0.02331970470573468
ETH_S6_60_150,logistic_poly2,dn_bid_slope minus_di_14,0.01893857895968009
ETH_S6_60_150,logistic_poly2,dn_bid_slope vwap_since_open_bps,-0.03964117962968836
ETH_S6_60_150,logistic_poly2,dn_bid_slope mfi_60s,-0.06772978609336508
ETH_S6_60_150,logistic_poly2,dn_bid_slope stoch_k_60s,-0.01091912998925139
ETH_S6_60_150,logistic_poly2,dn_bid_slope stoch_d_60s,0.0020669630672575726
ETH_S6_60_150,logistic_poly2,dn_bid_slope cci_60s,-0.03520684270074671
ETH_S6_60_150,logistic_poly2,dn_bid_slope bb_pos_60s,-0.1260753624186225
ETH_S6_60_150,logistic_poly2,dn_bid_slope bb_width_60s,0.057078847982759966
ETH_S6_60_150,logistic_poly2,dn_bid_slope ofi_skew_l1_30s,-0.033909458853016064
ETH_S6_60_150,logistic_poly2,dn_bid_slope mlofi_skew_l5_30s,0.009998629309655921
ETH_S6_60_150,logistic_poly2,dn_bid_slope mlofi_skew_l5_60s,-0.046662767463869166
ETH_S6_60_150,logistic_poly2,dn_bid_slope mlofi_skew_l25_30s,0.02092021381586513
ETH_S6_60_150,logistic_poly2,dn_bid_slope rsi_14,0.03387895647205509
ETH_S6_60_150,logistic_poly2,dn_bid_slope cvd,-0.05862575911846609
ETH_S6_60_150,logistic_poly2,dn_bid_slope vpin_value,0.053858318294929014
ETH_S6_60_150,logistic_poly2,dn_bid_slope vpin_zscore,-0.05914302096303716
ETH_S6_60_150,logistic_poly2,dn_bid_slope as_uncertainty,-0.05932633961835444
ETH_S6_60_150,logistic_poly2,dn_bid_slope as_skew,-0.06675946246018283
ETH_S6_60_150,logistic_poly2,dn_ask_slope up_imb5_change_500ms,-0.07424305241119802
ETH_S6_60_150,logistic_poly2,dn_ask_slope up_quote_intensity_5s,-0.08083412528502755
ETH_S6_60_150,logistic_poly2,dn_ask_slope ribbon_alignment_pct,0.01775403705783171
ETH_S6_60_150,logistic_poly2,dn_ask_slope ribbon_compression_bps,0.08838398263908692
ETH_S6_60_150,logistic_poly2,dn_ask_slope adx_14,0.049377028391247565
ETH_S6_60_150,logistic_poly2,dn_ask_slope plus_di_14,-0.04997871409021264
ETH_S6_60_150,logistic_poly2,dn_ask_slope minus_di_14,0.01041917444496033
ETH_S6_60_150,logistic_poly2,dn_ask_slope vwap_since_open_bps,0.0068048829586052845
ETH_S6_60_150,logistic_poly2,dn_ask_slope mfi_60s,0.033230332165854526
ETH_S6_60_150,logistic_poly2,dn_ask_slope stoch_k_60s,-0.0027495977988035566
ETH_S6_60_150,logistic_poly2,dn_ask_slope stoch_d_60s,0.004584902747430056
ETH_S6_60_150,logistic_poly2,dn_ask_slope cci_60s,0.029156004479345164
ETH_S6_60_150,logistic_poly2,dn_ask_slope bb_pos_60s,0.09229530779380438
ETH_S6_60_150,logistic_poly2,dn_ask_slope bb_width_60s,-0.03384505248381157
ETH_S6_60_150,logistic_poly2,dn_ask_slope ofi_skew_l1_30s,0.050031637098171426
ETH_S6_60_150,logistic_poly2,dn_ask_slope mlofi_skew_l5_30s,0.023850433452992734
ETH_S6_60_150,logistic_poly2,dn_ask_slope mlofi_skew_l5_60s,0.04749219369310065
ETH_S6_60_150,logistic_poly2,dn_ask_slope mlofi_skew_l25_30s,0.019469223058748115
ETH_S6_60_150,logistic_poly2,dn_ask_slope rsi_14,-0.05439721553795234
ETH_S6_60_150,logistic_poly2,dn_ask_slope cvd,0.06998403612895678
ETH_S6_60_150,logistic_poly2,dn_ask_slope vpin_value,-0.011511447379916879
ETH_S6_60_150,logistic_poly2,dn_ask_slope vpin_zscore,0.09792260238449683
ETH_S6_60_150,logistic_poly2,dn_ask_slope as_uncertainty,0.034921288563488126
ETH_S6_60_150,logistic_poly2,dn_ask_slope as_skew,0.027337625549416007
ETH_S6_60_150,logistic_poly2,up_imb5_change_500ms up_quote_intensity_5s,0.0033816660611723486
ETH_S6_60_150,logistic_poly2,up_imb5_change_500ms ribbon_alignment_pct,-0.12166884972919893
ETH_S6_60_150,logistic_poly2,up_imb5_change_500ms ribbon_compression_bps,-0.03316062233334415
ETH_S6_60_150,logistic_poly2,up_imb5_change_500ms adx_14,-0.018950010046591616
ETH_S6_60_150,logistic_poly2,up_imb5_change_500ms plus_di_14,0.013661166512394116
ETH_S6_60_150,logistic_poly2,up_imb5_change_500ms minus_di_14,0.038722004955146876
ETH_S6_60_150,logistic_poly2,up_imb5_change_500ms vwap_since_open_bps,-0.0274799960089914
ETH_S6_60_150,logistic_poly2,up_imb5_change_500ms mfi_60s,-0.04610204529362727
ETH_S6_60_150,logistic_poly2,up_imb5_change_500ms stoch_k_60s,-0.06607489199090502
ETH_S6_60_150,logistic_poly2,up_imb5_change_500ms stoch_d_60s,-0.051350427566882004
ETH_S6_60_150,logistic_poly2,up_imb5_change_500ms cci_60s,-0.01982740448078966
ETH_S6_60_150,logistic_poly2,up_imb5_change_500ms bb_pos_60s,0.053120468719807405
ETH_S6_60_150,logistic_poly2,up_imb5_change_500ms bb_width_60s,-0.002330228284072554
ETH_S6_60_150,logistic_poly2,up_imb5_change_500ms ofi_skew_l1_30s,-0.06923850473606484
ETH_S6_60_150,logistic_poly2,up_imb5_change_500ms mlofi_skew_l5_30s,-0.04901614863833444
ETH_S6_60_150,logistic_poly2,up_imb5_change_500ms mlofi_skew_l5_60s,-0.05646680940862131
ETH_S6_60_150,logistic_poly2,up_imb5_change_500ms mlofi_skew_l25_30s,-0.02304371819517844
ETH_S6_60_150,logistic_poly2,up_imb5_change_500ms rsi_14,0.07649230550051997
ETH_S6_60_150,logistic_poly2,up_imb5_change_500ms cvd,-0.04966773623666363
ETH_S6_60_150,logistic_poly2,up_imb5_change_500ms vpin_value,-0.0033894159104271297
ETH_S6_60_150,logistic_poly2,up_imb5_change_500ms vpin_zscore,-0.043135186341137347
ETH_S6_60_150,logistic_poly2,up_imb5_change_500ms as_uncertainty,-0.038070890150103356
ETH_S6_60_150,logistic_poly2,up_imb5_change_500ms as_skew,-0.037741115740203016
ETH_S6_60_150,logistic_poly2,up_quote_intensity_5s ribbon_alignment_pct,-0.07074454782009897
ETH_S6_60_150,logistic_poly2,up_quote_intensity_5s ribbon_compression_bps,0.031043700546635383
ETH_S6_60_150,logistic_poly2,up_quote_intensity_5s adx_14,-0.02704563013093093
ETH_S6_60_150,logistic_poly2,up_quote_intensity_5s plus_di_14,-0.10327162433361609
ETH_S6_60_150,logistic_poly2,up_quote_intensity_5s minus_di_14,0.1550713789986765
ETH_S6_60_150,logistic_poly2,up_quote_intensity_5s vwap_since_open_bps,-0.03223035421239454
ETH_S6_60_150,logistic_poly2,up_quote_intensity_5s mfi_60s,-0.07339121760542568
ETH_S6_60_150,logistic_poly2,up_quote_intensity_5s stoch_k_60s,0.04681577690423946
ETH_S6_60_150,logistic_poly2,up_quote_intensity_5s stoch_d_60s,0.04133324942771269
ETH_S6_60_150,logistic_poly2,up_quote_intensity_5s cci_60s,0.10194449077375953
ETH_S6_60_150,logistic_poly2,up_quote_intensity_5s bb_pos_60s,-0.02439648796804796
ETH_S6_60_150,logistic_poly2,up_quote_intensity_5s bb_width_60s,0.11198957104631702
ETH_S6_60_150,logistic_poly2,up_quote_intensity_5s ofi_skew_l1_30s,-0.03622498802336414
ETH_S6_60_150,logistic_poly2,up_quote_intensity_5s mlofi_skew_l5_30s,0.02833086871636089
ETH_S6_60_150,logistic_poly2,up_quote_intensity_5s mlofi_skew_l5_60s,-0.030718013192274688
ETH_S6_60_150,logistic_poly2,up_quote_intensity_5s mlofi_skew_l25_30s,0.010190242004600046
ETH_S6_60_150,logistic_poly2,up_quote_intensity_5s rsi_14,-0.014568260326900472
ETH_S6_60_150,logistic_poly2,up_quote_intensity_5s cvd,-0.18208665431140902
ETH_S6_60_150,logistic_poly2,up_quote_intensity_5s vpin_value,-0.07058652131021853
ETH_S6_60_150,logistic_poly2,up_quote_intensity_5s vpin_zscore,0.032576802257733066
ETH_S6_60_150,logistic_poly2,up_quote_intensity_5s as_uncertainty,0.02925117060952519
ETH_S6_60_150,logistic_poly2,up_quote_intensity_5s as_skew,0.012317730097177938
ETH_S6_60_150,logistic_poly2,ribbon_alignment_pct ribbon_compression_bps,-0.06796532951656009
ETH_S6_60_150,logistic_poly2,ribbon_alignment_pct adx_14,0.17883688015394147
ETH_S6_60_150,logistic_poly2,ribbon_alignment_pct plus_di_14,-0.08472991604626917
ETH_S6_60_150,logistic_poly2,ribbon_alignment_pct minus_di_14,0.10156493241037921
ETH_S6_60_150,logistic_poly2,ribbon_alignment_pct vwap_since_open_bps,0.024301504431710773
ETH_S6_60_150,logistic_poly2,ribbon_alignment_pct mfi_60s,-0.01478236407541634
ETH_S6_60_150,logistic_poly2,ribbon_alignment_pct stoch_k_60s,0.060422708316143575
ETH_S6_60_150,logistic_poly2,ribbon_alignment_pct stoch_d_60s,0.007914208301187931
ETH_S6_60_150,logistic_poly2,ribbon_alignment_pct cci_60s,-0.028797729686417622
ETH_S6_60_150,logistic_poly2,ribbon_alignment_pct bb_pos_60s,0.04874880578646257
ETH_S6_60_150,logistic_poly2,ribbon_alignment_pct bb_width_60s,-0.03048125805172868
ETH_S6_60_150,logistic_poly2,ribbon_alignment_pct ofi_skew_l1_30s,-0.0686244253943459
ETH_S6_60_150,logistic_poly2,ribbon_alignment_pct mlofi_skew_l5_30s,-0.048488260540043134
ETH_S6_60_150,logistic_poly2,ribbon_alignment_pct mlofi_skew_l5_60s,0.02494077420439024
ETH_S6_60_150,logistic_poly2,ribbon_alignment_pct mlofi_skew_l25_30s,-0.13174341277795407
ETH_S6_60_150,logistic_poly2,ribbon_alignment_pct rsi_14,-0.0548277658260947
ETH_S6_60_150,logistic_poly2,ribbon_alignment_pct cvd,0.162351538992562
ETH_S6_60_150,logistic_poly2,ribbon_alignment_pct vpin_value,0.004742556205779644
ETH_S6_60_150,logistic_poly2,ribbon_alignment_pct vpin_zscore,-0.02015456411646176
ETH_S6_60_150,logistic_poly2,ribbon_alignment_pct as_uncertainty,0.1395257771261181
ETH_S6_60_150,logistic_poly2,ribbon_alignment_pct as_skew,0.03873157287838894
ETH_S6_60_150,logistic_poly2,ribbon_compression_bps adx_14,0.04582499395287401
ETH_S6_60_150,logistic_poly2,ribbon_compression_bps plus_di_14,0.107065957203742
ETH_S6_60_150,logistic_poly2,ribbon_compression_bps minus_di_14,-0.056438585458163
ETH_S6_60_150,logistic_poly2,ribbon_compression_bps vwap_since_open_bps,-0.020040540251989966
ETH_S6_60_150,logistic_poly2,ribbon_compression_bps mfi_60s,-0.049683886979692796
ETH_S6_60_150,logistic_poly2,ribbon_compression_bps stoch_k_60s,0.006269625773192564
ETH_S6_60_150,logistic_poly2,ribbon_compression_bps stoch_d_60s,0.006896696750144333
ETH_S6_60_150,logistic_poly2,ribbon_compression_bps cci_60s,0.12348218470327307
ETH_S6_60_150,logistic_poly2,ribbon_compression_bps bb_pos_60s,0.017852382966256866
ETH_S6_60_150,logistic_poly2,ribbon_compression_bps bb_width_60s,-0.06361076738407115
ETH_S6_60_150,logistic_poly2,ribbon_compression_bps ofi_skew_l1_30s,0.011360060419427158
ETH_S6_60_150,logistic_poly2,ribbon_compression_bps mlofi_skew_l5_30s,-0.01667533792351657
ETH_S6_60_150,logistic_poly2,ribbon_compression_bps mlofi_skew_l5_60s,0.025083125254182055
ETH_S6_60_150,logistic_poly2,ribbon_compression_bps mlofi_skew_l25_30s,-0.04733464023133183
ETH_S6_60_150,logistic_poly2,ribbon_compression_bps rsi_14,-0.016463067510745416
ETH_S6_60_150,logistic_poly2,ribbon_compression_bps cvd,-0.0637135693000824
ETH_S6_60_150,logistic_poly2,ribbon_compression_bps vpin_value,0.03203203254908465
ETH_S6_60_150,logistic_poly2,ribbon_compression_bps vpin_zscore,0.07473877448059926
ETH_S6_60_150,logistic_poly2,ribbon_compression_bps as_uncertainty,0.048801916449681466
ETH_S6_60_150,logistic_poly2,ribbon_compression_bps as_skew,0.08766037857653812
ETH_S6_60_150,logistic_poly2,adx_14 plus_di_14,-0.045552618461535486
ETH_S6_60_150,logistic_poly2,adx_14 minus_di_14,0.0756687001611444
ETH_S6_60_150,logistic_poly2,adx_14 vwap_since_open_bps,-0.03633167513029348
ETH_S6_60_150,logistic_poly2,adx_14 mfi_60s,-0.06136269537102432
ETH_S6_60_150,logistic_poly2,adx_14 stoch_k_60s,0.09923929076595589
ETH_S6_60_150,logistic_poly2,adx_14 stoch_d_60s,0.04971464920656214
ETH_S6_60_150,logistic_poly2,adx_14 cci_60s,0.14087745230731677
ETH_S6_60_150,logistic_poly2,adx_14 bb_pos_60s,0.06342344955291478
ETH_S6_60_150,logistic_poly2,adx_14 bb_width_60s,0.05185587268475373
ETH_S6_60_150,logistic_poly2,adx_14 ofi_skew_l1_30s,0.027425273422732904
ETH_S6_60_150,logistic_poly2,adx_14 mlofi_skew_l5_30s,0.0027962993329565234
ETH_S6_60_150,logistic_poly2,adx_14 mlofi_skew_l5_60s,0.017583615419045868
ETH_S6_60_150,logistic_poly2,adx_14 mlofi_skew_l25_30s,-0.07626363983112613
ETH_S6_60_150,logistic_poly2,adx_14 rsi_14,-0.013409669841950848
ETH_S6_60_150,logistic_poly2,adx_14 cvd,-0.034709152968316254
ETH_S6_60_150,logistic_poly2,adx_14 vpin_value,0.13687768281917842
ETH_S6_60_150,logistic_poly2,adx_14 vpin_zscore,0.2447798547663106
ETH_S6_60_150,logistic_poly2,adx_14 as_uncertainty,0.11007417314470729
ETH_S6_60_150,logistic_poly2,adx_14 as_skew,0.04313391775508487
ETH_S6_60_150,logistic_poly2,plus_di_14 minus_di_14,-0.027353872473221196
ETH_S6_60_150,logistic_poly2,plus_di_14 vwap_since_open_bps,0.105617452855349
ETH_S6_60_150,logistic_poly2,plus_di_14 mfi_60s,0.03170505282912142
ETH_S6_60_150,logistic_poly2,plus_di_14 stoch_k_60s,-0.06323068343548578
ETH_S6_60_150,logistic_poly2,plus_di_14 stoch_d_60s,0.026291731156844193
ETH_S6_60_150,logistic_poly2,plus_di_14 cci_60s,0.023416666033549208
ETH_S6_60_150,logistic_poly2,plus_di_14 bb_pos_60s,-0.028064614623174906
ETH_S6_60_150,logistic_poly2,plus_di_14 bb_width_60s,0.1190698475206531
ETH_S6_60_150,logistic_poly2,plus_di_14 ofi_skew_l1_30s,0.02548483464824091
ETH_S6_60_150,logistic_poly2,plus_di_14 mlofi_skew_l5_30s,0.011144225472450937
ETH_S6_60_150,logistic_poly2,plus_di_14 mlofi_skew_l5_60s,-0.008570763869718645
ETH_S6_60_150,logistic_poly2,plus_di_14 mlofi_skew_l25_30s,-0.0277246573102568
ETH_S6_60_150,logistic_poly2,plus_di_14 rsi_14,0.09893293157783647
ETH_S6_60_150,logistic_poly2,plus_di_14 cvd,0.08708990205679887
ETH_S6_60_150,logistic_poly2,plus_di_14 vpin_value,0.07656386829234689
ETH_S6_60_150,logistic_poly2,plus_di_14 vpin_zscore,0.01826777103489185
ETH_S6_60_150,logistic_poly2,plus_di_14 as_uncertainty,-0.061242773569684564
ETH_S6_60_150,logistic_poly2,plus_di_14 as_skew,-0.02092884335468341
ETH_S6_60_150,logistic_poly2,minus_di_14 vwap_since_open_bps,0.013106726960388913
ETH_S6_60_150,logistic_poly2,minus_di_14 mfi_60s,0.01934290110279668
ETH_S6_60_150,logistic_poly2,minus_di_14 stoch_k_60s,0.0374098412232745
ETH_S6_60_150,logistic_poly2,minus_di_14 stoch_d_60s,-0.0036658955111749823
ETH_S6_60_150,logistic_poly2,minus_di_14 cci_60s,0.016050986134514424
ETH_S6_60_150,logistic_poly2,minus_di_14 bb_pos_60s,-0.010692903124037126
ETH_S6_60_150,logistic_poly2,minus_di_14 bb_width_60s,0.000844397857641587
ETH_S6_60_150,logistic_poly2,minus_di_14 ofi_skew_l1_30s,0.07409208944296497
ETH_S6_60_150,logistic_poly2,minus_di_14 mlofi_skew_l5_30s,0.06997166250159752
ETH_S6_60_150,logistic_poly2,minus_di_14 mlofi_skew_l5_60s,0.04992075078811454
ETH_S6_60_150,logistic_poly2,minus_di_14 mlofi_skew_l25_30s,0.06298600376624129
ETH_S6_60_150,logistic_poly2,minus_di_14 rsi_14,-0.023558508787106823
ETH_S6_60_150,logistic_poly2,minus_di_14 cvd,-0.06110232042612343
ETH_S6_60_150,logistic_poly2,minus_di_14 vpin_value,-0.06729841920118
ETH_S6_60_150,logistic_poly2,minus_di_14 vpin_zscore,-0.03453534628744422
ETH_S6_60_150,logistic_poly2,minus_di_14 as_uncertainty,0.1044926580308962
ETH_S6_60_150,logistic_poly2,minus_di_14 as_skew,0.08912878134270127
ETH_S6_60_150,logistic_poly2,vwap_since_open_bps mfi_60s,-0.07351361827147028
ETH_S6_60_150,logistic_poly2,vwap_since_open_bps stoch_k_60s,0.003671617661810304
ETH_S6_60_150,logistic_poly2,vwap_since_open_bps stoch_d_60s,0.05229097266745446
ETH_S6_60_150,logistic_poly2,vwap_since_open_bps cci_60s,0.05020676480619217
ETH_S6_60_150,logistic_poly2,vwap_since_open_bps bb_pos_60s,0.011551120733557121
ETH_S6_60_150,logistic_poly2,vwap_since_open_bps bb_width_60s,-0.0014394922872679
ETH_S6_60_150,logistic_poly2,vwap_since_open_bps ofi_skew_l1_30s,-0.06592990327405253
ETH_S6_60_150,logistic_poly2,vwap_since_open_bps mlofi_skew_l5_30s,-0.0779554681663897
ETH_S6_60_150,logistic_poly2,vwap_since_open_bps mlofi_skew_l5_60s,-0.05568364759505908
ETH_S6_60_150,logistic_poly2,vwap_since_open_bps mlofi_skew_l25_30s,-0.083781568764141
ETH_S6_60_150,logistic_poly2,vwap_since_open_bps rsi_14,-0.008078043002402658
ETH_S6_60_150,logistic_poly2,vwap_since_open_bps cvd,-0.08806012186533296
ETH_S6_60_150,logistic_poly2,vwap_since_open_bps vpin_value,0.06675816873961843
ETH_S6_60_150,logistic_poly2,vwap_since_open_bps vpin_zscore,0.0024777435552041714
ETH_S6_60_150,logistic_poly2,vwap_since_open_bps as_uncertainty,0.025001348223849692
ETH_S6_60_150,logistic_poly2,vwap_since_open_bps as_skew,0.06640195286748067
ETH_S6_60_150,logistic_poly2,mfi_60s stoch_k_60s,0.07028742208417126
ETH_S6_60_150,logistic_poly2,mfi_60s stoch_d_60s,0.09240468006822812
ETH_S6_60_150,logistic_poly2,mfi_60s cci_60s,0.005397073026322709
ETH_S6_60_150,logistic_poly2,mfi_60s bb_pos_60s,0.016096332739783694
ETH_S6_60_150,logistic_poly2,mfi_60s bb_width_60s,0.040613993602068875
ETH_S6_60_150,logistic_poly2,mfi_60s ofi_skew_l1_30s,0.04222310264125214
ETH_S6_60_150,logistic_poly2,mfi_60s mlofi_skew_l5_30s,0.00769320089545414
ETH_S6_60_150,logistic_poly2,mfi_60s mlofi_skew_l5_60s,0.06987774228828929
ETH_S6_60_150,logistic_poly2,mfi_60s mlofi_skew_l25_30s,0.0786737258058782
ETH_S6_60_150,logistic_poly2,mfi_60s rsi_14,-0.01704790639304515
ETH_S6_60_150,logistic_poly2,mfi_60s cvd,0.13154596711070765
ETH_S6_60_150,logistic_poly2,mfi_60s vpin_value,-0.03175684932720313
ETH_S6_60_150,logistic_poly2,mfi_60s vpin_zscore,0.05506162501482924
ETH_S6_60_150,logistic_poly2,mfi_60s as_uncertainty,-0.10283495689910338
ETH_S6_60_150,logistic_poly2,mfi_60s as_skew,-0.07308143332533625
ETH_S6_60_150,logistic_poly2,stoch_k_60s stoch_d_60s,0.1518073444340553
ETH_S6_60_150,logistic_poly2,stoch_k_60s cci_60s,-0.01639883808968619
ETH_S6_60_150,logistic_poly2,stoch_k_60s bb_pos_60s,0.05403677618643962
ETH_S6_60_150,logistic_poly2,stoch_k_60s bb_width_60s,-0.048410178612670905
ETH_S6_60_150,logistic_poly2,stoch_k_60s ofi_skew_l1_30s,-0.073282830394212
ETH_S6_60_150,logistic_poly2,stoch_k_60s mlofi_skew_l5_30s,-0.06318095333986169
ETH_S6_60_150,logistic_poly2,stoch_k_60s mlofi_skew_l5_60s,-0.04677313013945426
ETH_S6_60_150,logistic_poly2,stoch_k_60s mlofi_skew_l25_30s,-0.07014136715039744
ETH_S6_60_150,logistic_poly2,stoch_k_60s rsi_14,0.07743660947199664
ETH_S6_60_150,logistic_poly2,stoch_k_60s cvd,-0.12306642867626423
ETH_S6_60_150,logistic_poly2,stoch_k_60s vpin_value,0.02582201664142145
ETH_S6_60_150,logistic_poly2,stoch_k_60s vpin_zscore,-0.013345476835723614
ETH_S6_60_150,logistic_poly2,stoch_k_60s as_uncertainty,-0.00966953428699783
ETH_S6_60_150,logistic_poly2,stoch_k_60s as_skew,0.021692671362015966
ETH_S6_60_150,logistic_poly2,stoch_d_60s cci_60s,0.01204644940681413
ETH_S6_60_150,logistic_poly2,stoch_d_60s bb_pos_60s,0.10797598655520199
ETH_S6_60_150,logistic_poly2,stoch_d_60s bb_width_60s,-0.057229914251250784
ETH_S6_60_150,logistic_poly2,stoch_d_60s ofi_skew_l1_30s,-0.07171180565718253
ETH_S6_60_150,logistic_poly2,stoch_d_60s mlofi_skew_l5_30s,-0.05117667112539868
ETH_S6_60_150,logistic_poly2,stoch_d_60s mlofi_skew_l5_60s,-0.009673204477845447
ETH_S6_60_150,logistic_poly2,stoch_d_60s mlofi_skew_l25_30s,-0.037371685197963245
ETH_S6_60_150,logistic_poly2,stoch_d_60s rsi_14,0.05637305758101959
ETH_S6_60_150,logistic_poly2,stoch_d_60s cvd,-0.09045539815722428
ETH_S6_60_150,logistic_poly2,stoch_d_60s vpin_value,0.044414376850293306
ETH_S6_60_150,logistic_poly2,stoch_d_60s vpin_zscore,-0.056043980710003855
ETH_S6_60_150,logistic_poly2,stoch_d_60s as_uncertainty,-0.00800669489595168
ETH_S6_60_150,logistic_poly2,stoch_d_60s as_skew,0.037212557709497496
ETH_S6_60_150,logistic_poly2,cci_60s bb_pos_60s,-0.07169215948913497
ETH_S6_60_150,logistic_poly2,cci_60s bb_width_60s,0.17216528208888662
ETH_S6_60_150,logistic_poly2,cci_60s ofi_skew_l1_30s,-0.07027694444218434
ETH_S6_60_150,logistic_poly2,cci_60s mlofi_skew_l5_30s,-0.026964787121955044
ETH_S6_60_150,logistic_poly2,cci_60s mlofi_skew_l5_60s,-0.006419176804548622
ETH_S6_60_150,logistic_poly2,cci_60s mlofi_skew_l25_30s,-0.033572945959211564
ETH_S6_60_150,logistic_poly2,cci_60s rsi_14,-0.062395888298292304
ETH_S6_60_150,logistic_poly2,cci_60s cvd,-0.028053156826697158
ETH_S6_60_150,logistic_poly2,cci_60s vpin_value,0.07768724498945427
ETH_S6_60_150,logistic_poly2,cci_60s vpin_zscore,0.06584770710271332
ETH_S6_60_150,logistic_poly2,cci_60s as_uncertainty,0.02662186127880836
ETH_S6_60_150,logistic_poly2,cci_60s as_skew,0.06568390584474182
ETH_S6_60_150,logistic_poly2,bb_pos_60s bb_width_60s,0.04619241075137477
ETH_S6_60_150,logistic_poly2,bb_pos_60s ofi_skew_l1_30s,-0.038926183938566214
ETH_S6_60_150,logistic_poly2,bb_pos_60s mlofi_skew_l5_30s,-0.002939728328059171
ETH_S6_60_150,logistic_poly2,bb_pos_60s mlofi_skew_l5_60s,-0.03753183481484502
ETH_S6_60_150,logistic_poly2,bb_pos_60s mlofi_skew_l25_30s,-0.03128204649310006
ETH_S6_60_150,logistic_poly2,bb_pos_60s rsi_14,-0.013953463322426448
ETH_S6_60_150,logistic_poly2,bb_pos_60s cvd,0.03838345338983829
ETH_S6_60_150,logistic_poly2,bb_pos_60s vpin_value,0.034105170323599825
ETH_S6_60_150,logistic_poly2,bb_pos_60s vpin_zscore,0.012028292100586018
ETH_S6_60_150,logistic_poly2,bb_pos_60s as_uncertainty,0.014817134799818162
ETH_S6_60_150,logistic_poly2,bb_pos_60s as_skew,0.05522866577739554
ETH_S6_60_150,logistic_poly2,bb_width_60s ofi_skew_l1_30s,0.12268015426975774
ETH_S6_60_150,logistic_poly2,bb_width_60s mlofi_skew_l5_30s,0.02090577488837036
ETH_S6_60_150,logistic_poly2,bb_width_60s mlofi_skew_l5_60s,-0.013406245000590063
ETH_S6_60_150,logistic_poly2,bb_width_60s mlofi_skew_l25_30s,0.03270582373324286
ETH_S6_60_150,logistic_poly2,bb_width_60s rsi_14,-0.012223393380378625
ETH_S6_60_150,logistic_poly2,bb_width_60s cvd,0.016585184246249596
ETH_S6_60_150,logistic_poly2,bb_width_60s vpin_value,0.1054377449053874
ETH_S6_60_150,logistic_poly2,bb_width_60s vpin_zscore,0.11292190979333208
ETH_S6_60_150,logistic_poly2,bb_width_60s as_uncertainty,-0.008118865848235766
ETH_S6_60_150,logistic_poly2,bb_width_60s as_skew,0.02463432065279283
ETH_S6_60_150,logistic_poly2,ofi_skew_l1_30s mlofi_skew_l5_30s,0.025705535022049884
ETH_S6_60_150,logistic_poly2,ofi_skew_l1_30s mlofi_skew_l5_60s,-0.09459725598329088
ETH_S6_60_150,logistic_poly2,ofi_skew_l1_30s mlofi_skew_l25_30s,0.0869729674296832
ETH_S6_60_150,logistic_poly2,ofi_skew_l1_30s rsi_14,-0.0447865326547056
ETH_S6_60_150,logistic_poly2,ofi_skew_l1_30s cvd,0.005494543005132662
ETH_S6_60_150,logistic_poly2,ofi_skew_l1_30s vpin_value,0.023020527442171198
ETH_S6_60_150,logistic_poly2,ofi_skew_l1_30s vpin_zscore,0.004781455779974522
ETH_S6_60_150,logistic_poly2,ofi_skew_l1_30s as_uncertainty,0.045255728495639386
ETH_S6_60_150,logistic_poly2,ofi_skew_l1_30s as_skew,0.038675330316410565
ETH_S6_60_150,logistic_poly2,mlofi_skew_l5_30s mlofi_skew_l5_60s,0.02183191342433146
ETH_S6_60_150,logistic_poly2,mlofi_skew_l5_30s mlofi_skew_l25_30s,0.05519102412140828
ETH_S6_60_150,logistic_poly2,mlofi_skew_l5_30s rsi_14,-0.03932270280332991
ETH_S6_60_150,logistic_poly2,mlofi_skew_l5_30s cvd,-0.0054369556162058704
ETH_S6_60_150,logistic_poly2,mlofi_skew_l5_30s vpin_value,-0.0028882289415656293
ETH_S6_60_150,logistic_poly2,mlofi_skew_l5_30s vpin_zscore,-0.020282306481162558
ETH_S6_60_150,logistic_poly2,mlofi_skew_l5_30s as_uncertainty,-0.00764580983985233
ETH_S6_60_150,logistic_poly2,mlofi_skew_l5_30s as_skew,-0.0008008020073133193
ETH_S6_60_150,logistic_poly2,mlofi_skew_l5_60s mlofi_skew_l25_30s,-0.03809868311000826
ETH_S6_60_150,logistic_poly2,mlofi_skew_l5_60s rsi_14,-0.04029306133014255
ETH_S6_60_150,logistic_poly2,mlofi_skew_l5_60s cvd,-0.025617459594319034
ETH_S6_60_150,logistic_poly2,mlofi_skew_l5_60s vpin_value,0.015538286084848531
ETH_S6_60_150,logistic_poly2,mlofi_skew_l5_60s vpin_zscore,-0.05252183238974752
ETH_S6_60_150,logistic_poly2,mlofi_skew_l5_60s as_uncertainty,-0.029738472935082975
ETH_S6_60_150,logistic_poly2,mlofi_skew_l5_60s as_skew,-0.03247910358542989
ETH_S6_60_150,logistic_poly2,mlofi_skew_l25_30s rsi_14,0.03897282294248388
ETH_S6_60_150,logistic_poly2,mlofi_skew_l25_30s cvd,0.04810658418487712
ETH_S6_60_150,logistic_poly2,mlofi_skew_l25_30s vpin_value,0.008439787136364698
ETH_S6_60_150,logistic_poly2,mlofi_skew_l25_30s vpin_zscore,0.022989718925940563
ETH_S6_60_150,logistic_poly2,mlofi_skew_l25_30s as_uncertainty,-0.024797701823080498
ETH_S6_60_150,logistic_poly2,mlofi_skew_l25_30s as_skew,-0.04572965524055204
ETH_S6_60_150,logistic_poly2,rsi_14 cvd,-0.1797349293772336
ETH_S6_60_150,logistic_poly2,rsi_14 vpin_value,-0.06892289567364132
ETH_S6_60_150,logistic_poly2,rsi_14 vpin_zscore,-0.019079702065820246
ETH_S6_60_150,logistic_poly2,rsi_14 as_uncertainty,-0.03044710305098219
ETH_S6_60_150,logistic_poly2,rsi_14 as_skew,0.022093199582736697
ETH_S6_60_150,logistic_poly2,cvd vpin_value,-0.142073897670311
ETH_S6_60_150,logistic_poly2,cvd vpin_zscore,0.03375784877561039
ETH_S6_60_150,logistic_poly2,cvd as_uncertainty,-0.021005328564655687
ETH_S6_60_150,logistic_poly2,cvd as_skew,-0.017887598071039637
ETH_S6_60_150,logistic_poly2,vpin_value vpin_zscore,0.034221673659800965
ETH_S6_60_150,logistic_poly2,vpin_value as_uncertainty,0.05207513685462894
ETH_S6_60_150,logistic_poly2,vpin_value as_skew,0.040599742973315534
ETH_S6_60_150,logistic_poly2,vpin_zscore as_uncertainty,0.051119101284084284
ETH_S6_60_150,logistic_poly2,vpin_zscore as_skew,0.027772289780796506
ETH_S6_60_150,logistic_poly2,as_uncertainty as_skew,0.087323451476216
SOL_S6_60_150,ridge,mp_skew,0.01800390168743575
SOL_S6_60_150,ridge,mp_weighted_skew,-0.0008957321419397376
SOL_S6_60_150,ridge,mp_skew_change_500ms,-0.0034580657494816935
SOL_S6_60_150,ridge,mp_up_dev_bps,-0.0058149381208101435
SOL_S6_60_150,ridge,mp_dn_dev_bps,0.008915504638692211
SOL_S6_60_150,ridge,mp_imbalance,-0.036613752558273274
SOL_S6_60_150,ridge,mp_weighted_imbalance,-0.014324133697389019
SOL_S6_60_150,ridge,L_stat,0.015363475406436166
SOL_S6_60_150,ridge,hawkes_lambda_imbalance,-0.03848064970743277
SOL_S6_60_150,ridge,hawkes_lambda_total,-0.0005963215948298714
SOL_S6_60_150,ridge,rv_ratio_60_to_3600,-0.056956042631715734
SOL_S6_60_150,ridge,hurst_300s,-0.022307901929597942
SOL_S6_60_150,ridge,hurst_100s,-0.006423494130274777
SOL_S6_60_150,ridge,hurst_900s,-0.005836501094603818
SOL_S6_60_150,ridge,trend_slope_30m,0.03754473648678374
SOL_S6_60_150,ridge,rv_60s,0.023014065101596665
SOL_S6_60_150,ridge,rv_300s,-0.009190141640141663
SOL_S6_60_150,ridge,up_imb5,-0.03218930335787868
SOL_S6_60_150,ridge,dn_imb5,0.02900417432024757
SOL_S6_60_150,ridge,up_imb25,-0.06855129781808975
SOL_S6_60_150,ridge,dn_imb25,0.06831743290118503
SOL_S6_60_150,ridge,up_queue_top_bid,0.005360218553649426
SOL_S6_60_150,ridge,up_micro_dev_bps,0.005653015697596085
SOL_S6_60_150,ridge,dn_micro_dev_bps,-0.019474413373350697
SOL_S6_60_150,ridge,up_bid_slope,0.005926522622752788
SOL_S6_60_150,ridge,up_ask_slope,0.06318632419014988
SOL_S6_60_150,ridge,dn_bid_slope,-0.06290652619491402
SOL_S6_60_150,ridge,dn_ask_slope,-0.005689190228015709
SOL_S6_60_150,ridge,up_imb5_change_500ms,-0.013882236522870293
SOL_S6_60_150,ridge,up_quote_intensity_5s,-0.0012386905056904155
SOL_S6_60_150,ridge,ribbon_alignment_pct,-0.0445276019051807
SOL_S6_60_150,ridge,ribbon_compression_bps,-0.012454570824425621
SOL_S6_60_150,ridge,adx_14,0.05877262119861661
SOL_S6_60_150,ridge,plus_di_14,-0.005332513835439309
SOL_S6_60_150,ridge,minus_di_14,0.020757491906303424
SOL_S6_60_150,ridge,vwap_since_open_bps,0.11982967301772525
SOL_S6_60_150,ridge,mfi_60s,-0.015273054121019453
SOL_S6_60_150,ridge,stoch_k_60s,0.00231056951013953
SOL_S6_60_150,ridge,stoch_d_60s,0.008281894034584071
SOL_S6_60_150,ridge,cci_60s,-0.04280252234206021
SOL_S6_60_150,ridge,bb_pos_60s,0.08553937065765513
SOL_S6_60_150,ridge,bb_width_60s,-0.02895992637409694
SOL_S6_60_150,ridge,ofi_skew_l1_30s,0.01383796558933369
SOL_S6_60_150,ridge,mlofi_skew_l5_30s,-0.06283306879033015
SOL_S6_60_150,ridge,mlofi_skew_l5_60s,0.06483789307538025
SOL_S6_60_150,ridge,mlofi_skew_l25_30s,0.010638872368531409
SOL_S6_60_150,ridge,rsi_14,0.07016568698384616
SOL_S6_60_150,ridge,cvd,-0.025728172813825893
SOL_S6_60_150,ridge,vpin_value,-0.014704908512424135
SOL_S6_60_150,ridge,vpin_zscore,0.013335282787891882
SOL_S6_60_150,ridge,as_uncertainty,-0.08113567886138573
SOL_S6_60_150,ridge,as_skew,0.052996742902667975
SOL_S6_60_150,elastic_net,mp_skew,0.02185777510989175
SOL_S6_60_150,elastic_net,mp_weighted_skew,0.0
SOL_S6_60_150,elastic_net,mp_skew_change_500ms,-0.0
SOL_S6_60_150,elastic_net,mp_up_dev_bps,-0.0
SOL_S6_60_150,elastic_net,mp_dn_dev_bps,-0.0
SOL_S6_60_150,elastic_net,mp_imbalance,-0.028969903206959576
SOL_S6_60_150,elastic_net,mp_weighted_imbalance,-0.0071090209291588624
SOL_S6_60_150,elastic_net,L_stat,0.0034567641988993837
SOL_S6_60_150,elastic_net,hawkes_lambda_imbalance,-0.02922506659596918
SOL_S6_60_150,elastic_net,hawkes_lambda_total,-0.0
SOL_S6_60_150,elastic_net,rv_ratio_60_to_3600,-0.03148702758616057
SOL_S6_60_150,elastic_net,hurst_300s,-0.017174583593224903
SOL_S6_60_150,elastic_net,hurst_100s,-0.008385122663186579
SOL_S6_60_150,elastic_net,hurst_900s,-0.0
SOL_S6_60_150,elastic_net,trend_slope_30m,0.027974778327867843
SOL_S6_60_150,elastic_net,rv_60s,-0.0
SOL_S6_60_150,elastic_net,rv_300s,-0.0
SOL_S6_60_150,elastic_net,up_imb5,-0.04741034864354466
SOL_S6_60_150,elastic_net,dn_imb5,0.009506054532051625
SOL_S6_60_150,elastic_net,up_imb25,-0.06263825352064051
SOL_S6_60_150,elastic_net,dn_imb25,0.05850516191089675
SOL_S6_60_150,elastic_net,up_queue_top_bid,0.0
SOL_S6_60_150,elastic_net,up_micro_dev_bps,0.0
SOL_S6_60_150,elastic_net,dn_micro_dev_bps,-0.004066547496944645
SOL_S6_60_150,elastic_net,up_bid_slope,0.0
SOL_S6_60_150,elastic_net,up_ask_slope,0.05577154133779408
SOL_S6_60_150,elastic_net,dn_bid_slope,-0.04955621015975732
SOL_S6_60_150,elastic_net,dn_ask_slope,-0.0
SOL_S6_60_150,elastic_net,up_imb5_change_500ms,-0.009147947239168813
SOL_S6_60_150,elastic_net,up_quote_intensity_5s,0.0
SOL_S6_60_150,elastic_net,ribbon_alignment_pct,-0.03866517905477361
SOL_S6_60_150,elastic_net,ribbon_compression_bps,-0.0
SOL_S6_60_150,elastic_net,adx_14,0.053279900643213
SOL_S6_60_150,elastic_net,plus_di_14,-0.0
SOL_S6_60_150,elastic_net,minus_di_14,0.02101367387942545
SOL_S6_60_150,elastic_net,vwap_since_open_bps,0.10952955933618418
SOL_S6_60_150,elastic_net,mfi_60s,-0.005545011906696462
SOL_S6_60_150,elastic_net,stoch_k_60s,0.0
SOL_S6_60_150,elastic_net,stoch_d_60s,0.0
SOL_S6_60_150,elastic_net,cci_60s,-0.03252387531978406
SOL_S6_60_150,elastic_net,bb_pos_60s,0.08582651681880582
SOL_S6_60_150,elastic_net,bb_width_60s,-0.013438935074004017
SOL_S6_60_150,elastic_net,ofi_skew_l1_30s,0.0014668263094449693
SOL_S6_60_150,elastic_net,mlofi_skew_l5_30s,-0.03208445515724265
SOL_S6_60_150,elastic_net,mlofi_skew_l5_60s,0.04757770657788646
SOL_S6_60_150,elastic_net,mlofi_skew_l25_30s,-0.0
SOL_S6_60_150,elastic_net,rsi_14,0.06675837115887968
SOL_S6_60_150,elastic_net,cvd,-0.019826246316971996
SOL_S6_60_150,elastic_net,vpin_value,0.0
SOL_S6_60_150,elastic_net,vpin_zscore,0.0
SOL_S6_60_150,elastic_net,as_uncertainty,-0.07396494436569974
SOL_S6_60_150,elastic_net,as_skew,0.03013249955662775
SOL_S6_60_150,logistic_l2,mp_skew,0.1872201320202382
SOL_S6_60_150,logistic_l2,mp_weighted_skew,-0.003038586408110751
SOL_S6_60_150,logistic_l2,mp_skew_change_500ms,0.0945471817948767
SOL_S6_60_150,logistic_l2,mp_up_dev_bps,0.07104914670963079
SOL_S6_60_150,logistic_l2,mp_dn_dev_bps,0.007324341300868456
SOL_S6_60_150,logistic_l2,mp_imbalance,-0.21187881016433172
SOL_S6_60_150,logistic_l2,mp_weighted_imbalance,-0.0070305473881132905
SOL_S6_60_150,logistic_l2,L_stat,0.49725956972839647
SOL_S6_60_150,logistic_l2,hawkes_lambda_imbalance,-0.4393626198813661
SOL_S6_60_150,logistic_l2,hawkes_lambda_total,0.20046697794646137
SOL_S6_60_150,logistic_l2,rv_ratio_60_to_3600,-0.3395123817924213
SOL_S6_60_150,logistic_l2,hurst_300s,-0.1117675617655854
SOL_S6_60_150,logistic_l2,hurst_100s,0.03616052248126133
SOL_S6_60_150,logistic_l2,hurst_900s,0.06250150508782003
SOL_S6_60_150,logistic_l2,trend_slope_30m,0.5925733572597538
SOL_S6_60_150,logistic_l2,rv_60s,0.3147381064754994
SOL_S6_60_150,logistic_l2,rv_300s,-0.3120283745437939
SOL_S6_60_150,logistic_l2,up_imb5,-0.39387661495278603
SOL_S6_60_150,logistic_l2,dn_imb5,0.37009558741898396
SOL_S6_60_150,logistic_l2,up_imb25,-0.5313511893715978
SOL_S6_60_150,logistic_l2,dn_imb25,0.528836653609626
SOL_S6_60_150,logistic_l2,up_queue_top_bid,-0.46518649653381217
SOL_S6_60_150,logistic_l2,up_micro_dev_bps,0.053397933709521034
SOL_S6_60_150,logistic_l2,dn_micro_dev_bps,-0.2069135469969797
SOL_S6_60_150,logistic_l2,up_bid_slope,-0.04386060768071336
SOL_S6_60_150,logistic_l2,up_ask_slope,0.4772545081969195
SOL_S6_60_150,logistic_l2,dn_bid_slope,-0.4756055542141439
SOL_S6_60_150,logistic_l2,dn_ask_slope,0.04026984468985775
SOL_S6_60_150,logistic_l2,up_imb5_change_500ms,-0.232120189982283
SOL_S6_60_150,logistic_l2,up_quote_intensity_5s,0.035684423802320744
SOL_S6_60_150,logistic_l2,ribbon_alignment_pct,-0.3952721207155823
SOL_S6_60_150,logistic_l2,ribbon_compression_bps,-0.007367122521431326
SOL_S6_60_150,logistic_l2,adx_14,0.7199646585630715
SOL_S6_60_150,logistic_l2,plus_di_14,0.017038463605427843
SOL_S6_60_150,logistic_l2,minus_di_14,0.2007895809989826
SOL_S6_60_150,logistic_l2,vwap_since_open_bps,1.1660173935744909
SOL_S6_60_150,logistic_l2,mfi_60s,-0.2869580615457888
SOL_S6_60_150,logistic_l2,stoch_k_60s,0.06561810131831504
SOL_S6_60_150,logistic_l2,stoch_d_60s,0.08575900559920958
SOL_S6_60_150,logistic_l2,cci_60s,-0.3212973145311719
SOL_S6_60_150,logistic_l2,bb_pos_60s,0.5056532933098671
SOL_S6_60_150,logistic_l2,bb_width_60s,-0.5355894055185425
SOL_S6_60_150,logistic_l2,ofi_skew_l1_30s,0.22763933809960163
SOL_S6_60_150,logistic_l2,mlofi_skew_l5_30s,-0.17636631857449958
SOL_S6_60_150,logistic_l2,mlofi_skew_l5_60s,0.4880118323890179
SOL_S6_60_150,logistic_l2,mlofi_skew_l25_30s,0.1277113352897209
SOL_S6_60_150,logistic_l2,rsi_14,0.7530491295905759
SOL_S6_60_150,logistic_l2,cvd,-0.3483965504963787
SOL_S6_60_150,logistic_l2,vpin_value,-0.2593266556578438
SOL_S6_60_150,logistic_l2,vpin_zscore,0.3331070004156917
SOL_S6_60_150,logistic_l2,as_uncertainty,-1.0014559072441238
SOL_S6_60_150,logistic_l2,as_skew,1.047968157323994
SOL_S6_60_150,logistic_poly2,mp_skew,-0.030823203362046563
SOL_S6_60_150,logistic_poly2,mp_weighted_skew,-0.12708495605623069
SOL_S6_60_150,logistic_poly2,mp_skew_change_500ms,0.053851084489408355
SOL_S6_60_150,logistic_poly2,mp_up_dev_bps,-0.002899828583780859
SOL_S6_60_150,logistic_poly2,mp_dn_dev_bps,0.04827741266207835
SOL_S6_60_150,logistic_poly2,mp_imbalance,-0.04154823588938912
SOL_S6_60_150,logistic_poly2,mp_weighted_imbalance,-0.050106337545539094
SOL_S6_60_150,logistic_poly2,L_stat,0.08853066944714659
SOL_S6_60_150,logistic_poly2,hawkes_lambda_imbalance,0.02676192089763436
SOL_S6_60_150,logistic_poly2,hawkes_lambda_total,0.08576706051477052
SOL_S6_60_150,logistic_poly2,rv_ratio_60_to_3600,-0.06867955303756328
SOL_S6_60_150,logistic_poly2,hurst_300s,0.04021770940659017
SOL_S6_60_150,logistic_poly2,hurst_100s,-0.0254467144597522
SOL_S6_60_150,logistic_poly2,hurst_900s,-0.04010920618105433
SOL_S6_60_150,logistic_poly2,trend_slope_30m,0.23514186091519915
SOL_S6_60_150,logistic_poly2,rv_60s,0.0005908367304439003
SOL_S6_60_150,logistic_poly2,rv_300s,-0.022157774419204662
SOL_S6_60_150,logistic_poly2,up_imb5,-0.16597564447226756
SOL_S6_60_150,logistic_poly2,dn_imb5,0.165422225767473
SOL_S6_60_150,logistic_poly2,up_imb25,-0.13072682822051337
SOL_S6_60_150,logistic_poly2,dn_imb25,0.13063756704734802
SOL_S6_60_150,logistic_poly2,up_queue_top_bid,-0.027500154854177856
SOL_S6_60_150,logistic_poly2,up_micro_dev_bps,0.0033282870590816216
SOL_S6_60_150,logistic_poly2,dn_micro_dev_bps,0.043968394100721245
SOL_S6_60_150,logistic_poly2,up_bid_slope,-0.07994143894628182
SOL_S6_60_150,logistic_poly2,up_ask_slope,0.003955749889469126
SOL_S6_60_150,logistic_poly2,dn_bid_slope,-0.003848476487372969
SOL_S6_60_150,logistic_poly2,dn_ask_slope,0.07941026809600628
SOL_S6_60_150,logistic_poly2,up_imb5_change_500ms,-0.028591206000919876
SOL_S6_60_150,logistic_poly2,up_quote_intensity_5s,0.017827619788465636
SOL_S6_60_150,logistic_poly2,ribbon_alignment_pct,-0.027208646839014042
SOL_S6_60_150,logistic_poly2,ribbon_compression_bps,0.09390261828819042
SOL_S6_60_150,logistic_poly2,adx_14,0.14862169802865163
SOL_S6_60_150,logistic_poly2,plus_di_14,0.013209117434136067
SOL_S6_60_150,logistic_poly2,minus_di_14,0.08791118503507456
SOL_S6_60_150,logistic_poly2,vwap_since_open_bps,0.14199847853479883
SOL_S6_60_150,logistic_poly2,mfi_60s,0.02345408209596547
SOL_S6_60_150,logistic_poly2,stoch_k_60s,0.028511667011150772
SOL_S6_60_150,logistic_poly2,stoch_d_60s,0.03182457276863611
SOL_S6_60_150,logistic_poly2,cci_60s,-0.000353872620027168
SOL_S6_60_150,logistic_poly2,bb_pos_60s,0.14372616887252282
SOL_S6_60_150,logistic_poly2,bb_width_60s,0.010119518939901848
SOL_S6_60_150,logistic_poly2,ofi_skew_l1_30s,0.012227851673609324
SOL_S6_60_150,logistic_poly2,mlofi_skew_l5_30s,0.01946521456189869
SOL_S6_60_150,logistic_poly2,mlofi_skew_l5_60s,0.027149868378644113
SOL_S6_60_150,logistic_poly2,mlofi_skew_l25_30s,0.09143860212911646
SOL_S6_60_150,logistic_poly2,rsi_14,0.21389042674530045
SOL_S6_60_150,logistic_poly2,cvd,-0.08174666709668794
SOL_S6_60_150,logistic_poly2,vpin_value,0.05718553195849369
SOL_S6_60_150,logistic_poly2,vpin_zscore,0.06681279226193053
SOL_S6_60_150,logistic_poly2,as_uncertainty,-0.011315904150171953
SOL_S6_60_150,logistic_poly2,as_skew,0.049223479802568505
SOL_S6_60_150,logistic_poly2,mp_skew mp_weighted_skew,0.02119267713115261
SOL_S6_60_150,logistic_poly2,mp_skew mp_skew_change_500ms,0.01883136572070153
SOL_S6_60_150,logistic_poly2,mp_skew mp_up_dev_bps,-0.052047987125077785
SOL_S6_60_150,logistic_poly2,mp_skew mp_dn_dev_bps,-0.0023302960718951725
SOL_S6_60_150,logistic_poly2,mp_skew mp_imbalance,0.02066718999856611
SOL_S6_60_150,logistic_poly2,mp_skew mp_weighted_imbalance,0.01678797937641521
SOL_S6_60_150,logistic_poly2,mp_skew L_stat,0.02373392799061842
SOL_S6_60_150,logistic_poly2,mp_skew hawkes_lambda_imbalance,-0.005423545196877253
SOL_S6_60_150,logistic_poly2,mp_skew hawkes_lambda_total,-0.0005724959639401414
SOL_S6_60_150,logistic_poly2,mp_skew rv_ratio_60_to_3600,-0.006606156950098991
SOL_S6_60_150,logistic_poly2,mp_skew hurst_300s,0.003590888343355356
SOL_S6_60_150,logistic_poly2,mp_skew hurst_100s,0.003901638061546097
SOL_S6_60_150,logistic_poly2,mp_skew hurst_900s,-0.04825865102281533
SOL_S6_60_150,logistic_poly2,mp_skew trend_slope_30m,0.004929144681041676
SOL_S6_60_150,logistic_poly2,mp_skew rv_60s,-0.011449271896051029
SOL_S6_60_150,logistic_poly2,mp_skew rv_300s,-0.037496913060149725
SOL_S6_60_150,logistic_poly2,mp_skew up_imb5,-0.012937340456275193
SOL_S6_60_150,logistic_poly2,mp_skew dn_imb5,0.012500983244056215
SOL_S6_60_150,logistic_poly2,mp_skew up_imb25,-0.008266469879276272
SOL_S6_60_150,logistic_poly2,mp_skew dn_imb25,0.008203562799908238
SOL_S6_60_150,logistic_poly2,mp_skew up_queue_top_bid,0.0033243203176959025
SOL_S6_60_150,logistic_poly2,mp_skew up_micro_dev_bps,0.04550703480785337
SOL_S6_60_150,logistic_poly2,mp_skew dn_micro_dev_bps,-0.00126984693615571
SOL_S6_60_150,logistic_poly2,mp_skew up_bid_slope,-0.021475611565705825
SOL_S6_60_150,logistic_poly2,mp_skew up_ask_slope,0.008203031086766984
SOL_S6_60_150,logistic_poly2,mp_skew dn_bid_slope,-0.00816317483578561
SOL_S6_60_150,logistic_poly2,mp_skew dn_ask_slope,0.021153959531325154
SOL_S6_60_150,logistic_poly2,mp_skew up_imb5_change_500ms,0.014799386873379405
SOL_S6_60_150,logistic_poly2,mp_skew up_quote_intensity_5s,-0.031158708500538746
SOL_S6_60_150,logistic_poly2,mp_skew ribbon_alignment_pct,-0.08314587039991689
SOL_S6_60_150,logistic_poly2,mp_skew ribbon_compression_bps,-0.0061952057855271985
SOL_S6_60_150,logistic_poly2,mp_skew adx_14,0.034245232927317217
SOL_S6_60_150,logistic_poly2,mp_skew plus_di_14,-0.021047324099114226
SOL_S6_60_150,logistic_poly2,mp_skew minus_di_14,0.03341554052742105
SOL_S6_60_150,logistic_poly2,mp_skew vwap_since_open_bps,-0.013040705268024885
SOL_S6_60_150,logistic_poly2,mp_skew mfi_60s,-0.007439290961147245
SOL_S6_60_150,logistic_poly2,mp_skew stoch_k_60s,-0.0235778058879541
SOL_S6_60_150,logistic_poly2,mp_skew stoch_d_60s,-0.031876326524525725
SOL_S6_60_150,logistic_poly2,mp_skew cci_60s,0.021344100995050092
SOL_S6_60_150,logistic_poly2,mp_skew bb_pos_60s,0.0716808866045138
SOL_S6_60_150,logistic_poly2,mp_skew bb_width_60s,-0.02152451639773542
SOL_S6_60_150,logistic_poly2,mp_skew ofi_skew_l1_30s,-0.0016360781350138458
SOL_S6_60_150,logistic_poly2,mp_skew mlofi_skew_l5_30s,0.010210185377399133
SOL_S6_60_150,logistic_poly2,mp_skew mlofi_skew_l5_60s,0.004817565407992031
SOL_S6_60_150,logistic_poly2,mp_skew mlofi_skew_l25_30s,0.03269701393579474
SOL_S6_60_150,logistic_poly2,mp_skew rsi_14,0.021047299929448118
SOL_S6_60_150,logistic_poly2,mp_skew cvd,-0.04460171990050343
SOL_S6_60_150,logistic_poly2,mp_skew vpin_value,0.04300747826059608
SOL_S6_60_150,logistic_poly2,mp_skew vpin_zscore,0.023013921118876807
SOL_S6_60_150,logistic_poly2,mp_skew as_uncertainty,-0.0391341218745441
SOL_S6_60_150,logistic_poly2,mp_skew as_skew,0.0005818742023305895
SOL_S6_60_150,logistic_poly2,mp_weighted_skew mp_skew_change_500ms,0.034020188183214
SOL_S6_60_150,logistic_poly2,mp_weighted_skew mp_up_dev_bps,-0.024232616655824962
SOL_S6_60_150,logistic_poly2,mp_weighted_skew mp_dn_dev_bps,0.025277872512603043
SOL_S6_60_150,logistic_poly2,mp_weighted_skew mp_imbalance,0.029304471216148834
SOL_S6_60_150,logistic_poly2,mp_weighted_skew mp_weighted_imbalance,0.004665056363008607
SOL_S6_60_150,logistic_poly2,mp_weighted_skew L_stat,-0.003471164152910226
SOL_S6_60_150,logistic_poly2,mp_weighted_skew hawkes_lambda_imbalance,0.05080270087330215
SOL_S6_60_150,logistic_poly2,mp_weighted_skew hawkes_lambda_total,-0.011623637764679126
SOL_S6_60_150,logistic_poly2,mp_weighted_skew rv_ratio_60_to_3600,-0.034060625361109764
SOL_S6_60_150,logistic_poly2,mp_weighted_skew hurst_300s,0.03852503877889359
SOL_S6_60_150,logistic_poly2,mp_weighted_skew hurst_100s,-0.02397949982029941
SOL_S6_60_150,logistic_poly2,mp_weighted_skew hurst_900s,-0.10427418249395826
SOL_S6_60_150,logistic_poly2,mp_weighted_skew trend_slope_30m,0.08837753569798487
SOL_S6_60_150,logistic_poly2,mp_weighted_skew rv_60s,-0.03736985326171988
SOL_S6_60_150,logistic_poly2,mp_weighted_skew rv_300s,-0.05350548894214592
SOL_S6_60_150,logistic_poly2,mp_weighted_skew up_imb5,0.04748277294370983
SOL_S6_60_150,logistic_poly2,mp_weighted_skew dn_imb5,-0.04829498562002894
SOL_S6_60_150,logistic_poly2,mp_weighted_skew up_imb25,-0.061345210387060006
SOL_S6_60_150,logistic_poly2,mp_weighted_skew dn_imb25,0.06133424533712102
SOL_S6_60_150,logistic_poly2,mp_weighted_skew up_queue_top_bid,0.05706288038060838
SOL_S6_60_150,logistic_poly2,mp_weighted_skew up_micro_dev_bps,0.05432404777703116
SOL_S6_60_150,logistic_poly2,mp_weighted_skew dn_micro_dev_bps,0.016027681488758567
SOL_S6_60_150,logistic_poly2,mp_weighted_skew up_bid_slope,-0.03901106281137409
SOL_S6_60_150,logistic_poly2,mp_weighted_skew up_ask_slope,-0.059220617714712626
SOL_S6_60_150,logistic_poly2,mp_weighted_skew dn_bid_slope,0.059262146953980806
SOL_S6_60_150,logistic_poly2,mp_weighted_skew dn_ask_slope,0.03879914230055229
SOL_S6_60_150,logistic_poly2,mp_weighted_skew up_imb5_change_500ms,0.0033494525870229816
SOL_S6_60_150,logistic_poly2,mp_weighted_skew up_quote_intensity_5s,0.0898930630031742
SOL_S6_60_150,logistic_poly2,mp_weighted_skew ribbon_alignment_pct,-0.09053845695533544
SOL_S6_60_150,logistic_poly2,mp_weighted_skew ribbon_compression_bps,-0.0057744447639627725
SOL_S6_60_150,logistic_poly2,mp_weighted_skew adx_14,0.03613444418525348
SOL_S6_60_150,logistic_poly2,mp_weighted_skew plus_di_14,0.02395579144177971
SOL_S6_60_150,logistic_poly2,mp_weighted_skew minus_di_14,0.05573781299426003
SOL_S6_60_150,logistic_poly2,mp_weighted_skew vwap_since_open_bps,-0.00023634206469644328
SOL_S6_60_150,logistic_poly2,mp_weighted_skew mfi_60s,-0.0024882958393015182
SOL_S6_60_150,logistic_poly2,mp_weighted_skew stoch_k_60s,0.010888187071799324
SOL_S6_60_150,logistic_poly2,mp_weighted_skew stoch_d_60s,0.019919579106235735
SOL_S6_60_150,logistic_poly2,mp_weighted_skew cci_60s,-0.029153998147327973
SOL_S6_60_150,logistic_poly2,mp_weighted_skew bb_pos_60s,0.09749573666607694
SOL_S6_60_150,logistic_poly2,mp_weighted_skew bb_width_60s,-0.034569967703102326
SOL_S6_60_150,logistic_poly2,mp_weighted_skew ofi_skew_l1_30s,0.010611042222389047
SOL_S6_60_150,logistic_poly2,mp_weighted_skew mlofi_skew_l5_30s,0.01322287348175501
SOL_S6_60_150,logistic_poly2,mp_weighted_skew mlofi_skew_l5_60s,0.016670272077415615
SOL_S6_60_150,logistic_poly2,mp_weighted_skew mlofi_skew_l25_30s,-0.019525806950020385
SOL_S6_60_150,logistic_poly2,mp_weighted_skew rsi_14,0.08738567188644074
SOL_S6_60_150,logistic_poly2,mp_weighted_skew cvd,0.02500659330335598
SOL_S6_60_150,logistic_poly2,mp_weighted_skew vpin_value,0.02535531372062653
SOL_S6_60_150,logistic_poly2,mp_weighted_skew vpin_zscore,0.021525538807432073
SOL_S6_60_150,logistic_poly2,mp_weighted_skew as_uncertainty,-0.029527437919749697
SOL_S6_60_150,logistic_poly2,mp_weighted_skew as_skew,0.012499446061153977
SOL_S6_60_150,logistic_poly2,mp_skew_change_500ms mp_up_dev_bps,0.02311628305802963
SOL_S6_60_150,logistic_poly2,mp_skew_change_500ms mp_dn_dev_bps,-0.044513821115276755
SOL_S6_60_150,logistic_poly2,mp_skew_change_500ms mp_imbalance,-0.020406689256004702
SOL_S6_60_150,logistic_poly2,mp_skew_change_500ms mp_weighted_imbalance,0.037826438176192634
SOL_S6_60_150,logistic_poly2,mp_skew_change_500ms L_stat,-0.0007224217982091346
SOL_S6_60_150,logistic_poly2,mp_skew_change_500ms hawkes_lambda_imbalance,0.006259349998202417
SOL_S6_60_150,logistic_poly2,mp_skew_change_500ms hawkes_lambda_total,-0.011879797547128144
SOL_S6_60_150,logistic_poly2,mp_skew_change_500ms rv_ratio_60_to_3600,0.0024642597473529828
SOL_S6_60_150,logistic_poly2,mp_skew_change_500ms hurst_300s,-0.035829671860639505
SOL_S6_60_150,logistic_poly2,mp_skew_change_500ms hurst_100s,-0.01587271980098827
SOL_S6_60_150,logistic_poly2,mp_skew_change_500ms hurst_900s,-0.0591895307109039
SOL_S6_60_150,logistic_poly2,mp_skew_change_500ms trend_slope_30m,-0.01238873162866945
SOL_S6_60_150,logistic_poly2,mp_skew_change_500ms rv_60s,-0.006252578160916241
SOL_S6_60_150,logistic_poly2,mp_skew_change_500ms rv_300s,0.0347366414051721
SOL_S6_60_150,logistic_poly2,mp_skew_change_500ms up_imb5,0.03048522163254977
SOL_S6_60_150,logistic_poly2,mp_skew_change_500ms dn_imb5,-0.030555689770024024
SOL_S6_60_150,logistic_poly2,mp_skew_change_500ms up_imb25,0.016553251332210573
SOL_S6_60_150,logistic_poly2,mp_skew_change_500ms dn_imb25,-0.016544143432460547
SOL_S6_60_150,logistic_poly2,mp_skew_change_500ms up_queue_top_bid,0.013050545029722343
SOL_S6_60_150,logistic_poly2,mp_skew_change_500ms up_micro_dev_bps,-0.008272155360175705
SOL_S6_60_150,logistic_poly2,mp_skew_change_500ms dn_micro_dev_bps,-0.03196011287792583
SOL_S6_60_150,logistic_poly2,mp_skew_change_500ms up_bid_slope,-0.0019712567823262942
SOL_S6_60_150,logistic_poly2,mp_skew_change_500ms up_ask_slope,-0.0047713179147583105
SOL_S6_60_150,logistic_poly2,mp_skew_change_500ms dn_bid_slope,0.004771000762498617
SOL_S6_60_150,logistic_poly2,mp_skew_change_500ms dn_ask_slope,0.0019434492225378916
SOL_S6_60_150,logistic_poly2,mp_skew_change_500ms up_imb5_change_500ms,0.08053216391603643
SOL_S6_60_150,logistic_poly2,mp_skew_change_500ms up_quote_intensity_5s,0.030936645541164234
SOL_S6_60_150,logistic_poly2,mp_skew_change_500ms ribbon_alignment_pct,0.026442950870534096
SOL_S6_60_150,logistic_poly2,mp_skew_change_500ms ribbon_compression_bps,-0.02606413692804449
SOL_S6_60_150,logistic_poly2,mp_skew_change_500ms adx_14,0.04139108068193977
SOL_S6_60_150,logistic_poly2,mp_skew_change_500ms plus_di_14,-0.0704924479919981
SOL_S6_60_150,logistic_poly2,mp_skew_change_500ms minus_di_14,0.03767161425493868
SOL_S6_60_150,logistic_poly2,mp_skew_change_500ms vwap_since_open_bps,-0.027337927077554988
SOL_S6_60_150,logistic_poly2,mp_skew_change_500ms mfi_60s,-0.06286478894537562
SOL_S6_60_150,logistic_poly2,mp_skew_change_500ms stoch_k_60s,-0.028012366718011474
SOL_S6_60_150,logistic_poly2,mp_skew_change_500ms stoch_d_60s,-0.03092934057401079
SOL_S6_60_150,logistic_poly2,mp_skew_change_500ms cci_60s,-0.02982552728352001
SOL_S6_60_150,logistic_poly2,mp_skew_change_500ms bb_pos_60s,9.25924013525458e-05
SOL_S6_60_150,logistic_poly2,mp_skew_change_500ms bb_width_60s,-0.007515112300180496
SOL_S6_60_150,logistic_poly2,mp_skew_change_500ms ofi_skew_l1_30s,-0.007801709889256184
SOL_S6_60_150,logistic_poly2,mp_skew_change_500ms mlofi_skew_l5_30s,-0.022973341748748766
SOL_S6_60_150,logistic_poly2,mp_skew_change_500ms mlofi_skew_l5_60s,-0.026478247443536145
SOL_S6_60_150,logistic_poly2,mp_skew_change_500ms mlofi_skew_l25_30s,-0.02812893354353363
SOL_S6_60_150,logistic_poly2,mp_skew_change_500ms rsi_14,0.03184586592691088
SOL_S6_60_150,logistic_poly2,mp_skew_change_500ms cvd,0.013154020306194695
SOL_S6_60_150,logistic_poly2,mp_skew_change_500ms vpin_value,0.04454554828418121
SOL_S6_60_150,logistic_poly2,mp_skew_change_500ms vpin_zscore,0.04666472453374076
SOL_S6_60_150,logistic_poly2,mp_skew_change_500ms as_uncertainty,0.02825592298990584
SOL_S6_60_150,logistic_poly2,mp_skew_change_500ms as_skew,-0.002598407008151019
SOL_S6_60_150,logistic_poly2,mp_up_dev_bps mp_dn_dev_bps,-0.004733363757671796
SOL_S6_60_150,logistic_poly2,mp_up_dev_bps mp_imbalance,-0.03207290247120682
SOL_S6_60_150,logistic_poly2,mp_up_dev_bps mp_weighted_imbalance,0.038093449392990676
SOL_S6_60_150,logistic_poly2,mp_up_dev_bps L_stat,0.028110043226602394
SOL_S6_60_150,logistic_poly2,mp_up_dev_bps hawkes_lambda_imbalance,-0.04951991884622647
SOL_S6_60_150,logistic_poly2,mp_up_dev_bps hawkes_lambda_total,0.0028699513205661994
SOL_S6_60_150,logistic_poly2,mp_up_dev_bps rv_ratio_60_to_3600,0.0454807938138251
SOL_S6_60_150,logistic_poly2,mp_up_dev_bps hurst_300s,0.021964484959417493
SOL_S6_60_150,logistic_poly2,mp_up_dev_bps hurst_100s,-0.020751053577129117
SOL_S6_60_150,logistic_poly2,mp_up_dev_bps hurst_900s,-0.04737335358022508
SOL_S6_60_150,logistic_poly2,mp_up_dev_bps trend_slope_30m,-0.02150811951013569
SOL_S6_60_150,logistic_poly2,mp_up_dev_bps rv_60s,0.01912606088197826
SOL_S6_60_150,logistic_poly2,mp_up_dev_bps rv_300s,0.005676691029269397
SOL_S6_60_150,logistic_poly2,mp_up_dev_bps up_imb5,0.05217854066732687
SOL_S6_60_150,logistic_poly2,mp_up_dev_bps dn_imb5,-0.05234250791418845
SOL_S6_60_150,logistic_poly2,mp_up_dev_bps up_imb25,0.0300774336433409
SOL_S6_60_150,logistic_poly2,mp_up_dev_bps dn_imb25,-0.030079658527541662
SOL_S6_60_150,logistic_poly2,mp_up_dev_bps up_queue_top_bid,0.00960629583883481
SOL_S6_60_150,logistic_poly2,mp_up_dev_bps up_micro_dev_bps,-0.08931972446690449
SOL_S6_60_150,logistic_poly2,mp_up_dev_bps dn_micro_dev_bps,-0.003331099310121196
SOL_S6_60_150,logistic_poly2,mp_up_dev_bps up_bid_slope,-0.0002492650765067598
SOL_S6_60_150,logistic_poly2,mp_up_dev_bps up_ask_slope,-0.016289104469252542
SOL_S6_60_150,logistic_poly2,mp_up_dev_bps dn_bid_slope,0.016273762372929653
SOL_S6_60_150,logistic_poly2,mp_up_dev_bps dn_ask_slope,0.0002095132499171633
SOL_S6_60_150,logistic_poly2,mp_up_dev_bps up_imb5_change_500ms,-0.0016205830880186031
SOL_S6_60_150,logistic_poly2,mp_up_dev_bps up_quote_intensity_5s,0.04743998126450613
SOL_S6_60_150,logistic_poly2,mp_up_dev_bps ribbon_alignment_pct,-0.01890865423167735
SOL_S6_60_150,logistic_poly2,mp_up_dev_bps ribbon_compression_bps,-0.004762874911448636
SOL_S6_60_150,logistic_poly2,mp_up_dev_bps adx_14,-0.028849284739798628
SOL_S6_60_150,logistic_poly2,mp_up_dev_bps plus_di_14,-0.011656043127488207
SOL_S6_60_150,logistic_poly2,mp_up_dev_bps minus_di_14,0.0022192989339766553
SOL_S6_60_150,logistic_poly2,mp_up_dev_bps vwap_since_open_bps,0.009577290689021332
SOL_S6_60_150,logistic_poly2,mp_up_dev_bps mfi_60s,-0.06773521187952243
SOL_S6_60_150,logistic_poly2,mp_up_dev_bps stoch_k_60s,0.04919608401706646
SOL_S6_60_150,logistic_poly2,mp_up_dev_bps stoch_d_60s,0.04261248653590557
SOL_S6_60_150,logistic_poly2,mp_up_dev_bps cci_60s,0.020544372665101607
SOL_S6_60_150,logistic_poly2,mp_up_dev_bps bb_pos_60s,0.004806863682664667
SOL_S6_60_150,logistic_poly2,mp_up_dev_bps bb_width_60s,0.02226113399541559
SOL_S6_60_150,logistic_poly2,mp_up_dev_bps ofi_skew_l1_30s,0.0037953732232842556
SOL_S6_60_150,logistic_poly2,mp_up_dev_bps mlofi_skew_l5_30s,0.005244588988871233
SOL_S6_60_150,logistic_poly2,mp_up_dev_bps mlofi_skew_l5_60s,0.00638029724110905
SOL_S6_60_150,logistic_poly2,mp_up_dev_bps mlofi_skew_l25_30s,0.017937345848935745
SOL_S6_60_150,logistic_poly2,mp_up_dev_bps rsi_14,-0.03120522146879659
SOL_S6_60_150,logistic_poly2,mp_up_dev_bps cvd,0.014207432161252356
SOL_S6_60_150,logistic_poly2,mp_up_dev_bps vpin_value,-0.012201155483435793
SOL_S6_60_150,logistic_poly2,mp_up_dev_bps vpin_zscore,-0.00806767730129591
SOL_S6_60_150,logistic_poly2,mp_up_dev_bps as_uncertainty,0.006063716533506673
SOL_S6_60_150,logistic_poly2,mp_up_dev_bps as_skew,0.003719237961956599
SOL_S6_60_150,logistic_poly2,mp_dn_dev_bps mp_imbalance,-0.03126366637291204
SOL_S6_60_150,logistic_poly2,mp_dn_dev_bps mp_weighted_imbalance,-0.017849617435723688
SOL_S6_60_150,logistic_poly2,mp_dn_dev_bps L_stat,-0.05362087004659869
SOL_S6_60_150,logistic_poly2,mp_dn_dev_bps hawkes_lambda_imbalance,0.017567267298545564
SOL_S6_60_150,logistic_poly2,mp_dn_dev_bps hawkes_lambda_total,-0.034148079462589284
SOL_S6_60_150,logistic_poly2,mp_dn_dev_bps rv_ratio_60_to_3600,-0.015996849225949055
SOL_S6_60_150,logistic_poly2,mp_dn_dev_bps hurst_300s,-0.032500278658586214
SOL_S6_60_150,logistic_poly2,mp_dn_dev_bps hurst_100s,0.027270323358810446
SOL_S6_60_150,logistic_poly2,mp_dn_dev_bps hurst_900s,0.054434596371257984
SOL_S6_60_150,logistic_poly2,mp_dn_dev_bps trend_slope_30m,-0.01417716785688232
SOL_S6_60_150,logistic_poly2,mp_dn_dev_bps rv_60s,-0.01664709054115858
SOL_S6_60_150,logistic_poly2,mp_dn_dev_bps rv_300s,-0.001628300302787587
SOL_S6_60_150,logistic_poly2,mp_dn_dev_bps up_imb5,-0.01223861144696403
SOL_S6_60_150,logistic_poly2,mp_dn_dev_bps dn_imb5,0.012649026814522712
SOL_S6_60_150,logistic_poly2,mp_dn_dev_bps up_imb25,0.028332181510102677
SOL_S6_60_150,logistic_poly2,mp_dn_dev_bps dn_imb25,-0.02825673143189843
SOL_S6_60_150,logistic_poly2,mp_dn_dev_bps up_queue_top_bid,-0.011088441632285855
SOL_S6_60_150,logistic_poly2,mp_dn_dev_bps up_micro_dev_bps,0.0034737383433783623
SOL_S6_60_150,logistic_poly2,mp_dn_dev_bps dn_micro_dev_bps,0.005956910041368523
SOL_S6_60_150,logistic_poly2,mp_dn_dev_bps up_bid_slope,0.03400888477450049
SOL_S6_60_150,logistic_poly2,mp_dn_dev_bps up_ask_slope,0.021081479416592382
SOL_S6_60_150,logistic_poly2,mp_dn_dev_bps dn_bid_slope,-0.021100618161262505
SOL_S6_60_150,logistic_poly2,mp_dn_dev_bps dn_ask_slope,-0.033644108476345025
SOL_S6_60_150,logistic_poly2,mp_dn_dev_bps up_imb5_change_500ms,0.002161207610740507
SOL_S6_60_150,logistic_poly2,mp_dn_dev_bps up_quote_intensity_5s,-0.03097805605426148
SOL_S6_60_150,logistic_poly2,mp_dn_dev_bps ribbon_alignment_pct,0.06776625176465154
SOL_S6_60_150,logistic_poly2,mp_dn_dev_bps ribbon_compression_bps,-0.018118252850081323
SOL_S6_60_150,logistic_poly2,mp_dn_dev_bps adx_14,-0.025860026588185207
SOL_S6_60_150,logistic_poly2,mp_dn_dev_bps plus_di_14,0.02063606260642395
SOL_S6_60_150,logistic_poly2,mp_dn_dev_bps minus_di_14,-0.03520739284113519
SOL_S6_60_150,logistic_poly2,mp_dn_dev_bps vwap_since_open_bps,-0.030594092167429424
SOL_S6_60_150,logistic_poly2,mp_dn_dev_bps mfi_60s,0.05295605665111314
SOL_S6_60_150,logistic_poly2,mp_dn_dev_bps stoch_k_60s,-0.006407340076115678
SOL_S6_60_150,logistic_poly2,mp_dn_dev_bps stoch_d_60s,0.003176402008810233
SOL_S6_60_150,logistic_poly2,mp_dn_dev_bps cci_60s,-0.040622900991153316
SOL_S6_60_150,logistic_poly2,mp_dn_dev_bps bb_pos_60s,-0.0776467661632384
SOL_S6_60_150,logistic_poly2,mp_dn_dev_bps bb_width_60s,-0.005958882806228619
SOL_S6_60_150,logistic_poly2,mp_dn_dev_bps ofi_skew_l1_30s,-0.0033675699229398764
SOL_S6_60_150,logistic_poly2,mp_dn_dev_bps mlofi_skew_l5_30s,-0.018300229422016707
SOL_S6_60_150,logistic_poly2,mp_dn_dev_bps mlofi_skew_l5_60s,-0.014951261361703879
SOL_S6_60_150,logistic_poly2,mp_dn_dev_bps mlofi_skew_l25_30s,-0.054842580955396736
SOL_S6_60_150,logistic_poly2,mp_dn_dev_bps rsi_14,-0.02469652664230438
SOL_S6_60_150,logistic_poly2,mp_dn_dev_bps cvd,0.04861300294803232
SOL_S6_60_150,logistic_poly2,mp_dn_dev_bps vpin_value,-0.03666272318406851
SOL_S6_60_150,logistic_poly2,mp_dn_dev_bps vpin_zscore,-0.021711123027174293
SOL_S6_60_150,logistic_poly2,mp_dn_dev_bps as_uncertainty,-0.002351612099046684
SOL_S6_60_150,logistic_poly2,mp_dn_dev_bps as_skew,-0.019857586446915532
SOL_S6_60_150,logistic_poly2,mp_imbalance mp_weighted_imbalance,-0.005641659165260229
SOL_S6_60_150,logistic_poly2,mp_imbalance L_stat,-0.017218940615655307
SOL_S6_60_150,logistic_poly2,mp_imbalance hawkes_lambda_imbalance,-0.0616248654775638
SOL_S6_60_150,logistic_poly2,mp_imbalance hawkes_lambda_total,-0.03633914776762009
SOL_S6_60_150,logistic_poly2,mp_imbalance rv_ratio_60_to_3600,0.0539112465193957
SOL_S6_60_150,logistic_poly2,mp_imbalance hurst_300s,0.0552629005751726
SOL_S6_60_150,logistic_poly2,mp_imbalance hurst_100s,0.007033328407300532
SOL_S6_60_150,logistic_poly2,mp_imbalance hurst_900s,-0.12893157835797037
SOL_S6_60_150,logistic_poly2,mp_imbalance trend_slope_30m,0.007370840844562622
SOL_S6_60_150,logistic_poly2,mp_imbalance rv_60s,-0.03064457012490687
SOL_S6_60_150,logistic_poly2,mp_imbalance rv_300s,-0.012243744873335257
SOL_S6_60_150,logistic_poly2,mp_imbalance up_imb5,-0.028829385706395535
SOL_S6_60_150,logistic_poly2,mp_imbalance dn_imb5,0.027888213471496545
SOL_S6_60_150,logistic_poly2,mp_imbalance up_imb25,-0.06587540985364271
SOL_S6_60_150,logistic_poly2,mp_imbalance dn_imb25,0.06579354955826412
SOL_S6_60_150,logistic_poly2,mp_imbalance up_queue_top_bid,0.0038288556311615453
SOL_S6_60_150,logistic_poly2,mp_imbalance up_micro_dev_bps,0.012519235033154885
SOL_S6_60_150,logistic_poly2,mp_imbalance dn_micro_dev_bps,-0.01742809518105374
SOL_S6_60_150,logistic_poly2,mp_imbalance up_bid_slope,0.028269973285149453
SOL_S6_60_150,logistic_poly2,mp_imbalance up_ask_slope,-0.02002051364583234
SOL_S6_60_150,logistic_poly2,mp_imbalance dn_bid_slope,0.020112876513802575
SOL_S6_60_150,logistic_poly2,mp_imbalance dn_ask_slope,-0.02870044210413072
SOL_S6_60_150,logistic_poly2,mp_imbalance up_imb5_change_500ms,0.0572004719975915
SOL_S6_60_150,logistic_poly2,mp_imbalance up_quote_intensity_5s,0.05721566924433522
SOL_S6_60_150,logistic_poly2,mp_imbalance ribbon_alignment_pct,-0.26904700894654077
SOL_S6_60_150,logistic_poly2,mp_imbalance ribbon_compression_bps,-0.023242125373379836
SOL_S6_60_150,logistic_poly2,mp_imbalance adx_14,-0.008585922244078809
SOL_S6_60_150,logistic_poly2,mp_imbalance plus_di_14,-0.010795502574878445
SOL_S6_60_150,logistic_poly2,mp_imbalance minus_di_14,0.007097954294708722
SOL_S6_60_150,logistic_poly2,mp_imbalance vwap_since_open_bps,-0.048392424392252185
SOL_S6_60_150,logistic_poly2,mp_imbalance mfi_60s,0.05005630872245591
SOL_S6_60_150,logistic_poly2,mp_imbalance stoch_k_60s,-0.09832235257465867
SOL_S6_60_150,logistic_poly2,mp_imbalance stoch_d_60s,-0.10497331704416368
SOL_S6_60_150,logistic_poly2,mp_imbalance cci_60s,0.007420355697334112
SOL_S6_60_150,logistic_poly2,mp_imbalance bb_pos_60s,0.0038938556932036936
SOL_S6_60_150,logistic_poly2,mp_imbalance bb_width_60s,0.01976619060019125
SOL_S6_60_150,logistic_poly2,mp_imbalance ofi_skew_l1_30s,0.0014041960828600098
SOL_S6_60_150,logistic_poly2,mp_imbalance mlofi_skew_l5_30s,0.019179717321727723
SOL_S6_60_150,logistic_poly2,mp_imbalance mlofi_skew_l5_60s,-0.0004747206710203159
SOL_S6_60_150,logistic_poly2,mp_imbalance mlofi_skew_l25_30s,0.05623694467382953
SOL_S6_60_150,logistic_poly2,mp_imbalance rsi_14,0.02018326881935914
SOL_S6_60_150,logistic_poly2,mp_imbalance cvd,-0.05627998109585504
SOL_S6_60_150,logistic_poly2,mp_imbalance vpin_value,0.02041825063786329
SOL_S6_60_150,logistic_poly2,mp_imbalance vpin_zscore,-0.0017450715506537808
SOL_S6_60_150,logistic_poly2,mp_imbalance as_uncertainty,-0.03147216181675434
SOL_S6_60_150,logistic_poly2,mp_imbalance as_skew,0.010737406193524826
SOL_S6_60_150,logistic_poly2,mp_weighted_imbalance L_stat,-0.08870003332189796
SOL_S6_60_150,logistic_poly2,mp_weighted_imbalance hawkes_lambda_imbalance,0.015801037125345047
SOL_S6_60_150,logistic_poly2,mp_weighted_imbalance hawkes_lambda_total,-0.06966386749095163
SOL_S6_60_150,logistic_poly2,mp_weighted_imbalance rv_ratio_60_to_3600,-0.014736918770010932
SOL_S6_60_150,logistic_poly2,mp_weighted_imbalance hurst_300s,0.03999157199732828
SOL_S6_60_150,logistic_poly2,mp_weighted_imbalance hurst_100s,0.09879027551787159
SOL_S6_60_150,logistic_poly2,mp_weighted_imbalance hurst_900s,-0.03453761727264515
SOL_S6_60_150,logistic_poly2,mp_weighted_imbalance trend_slope_30m,-0.007396743706822676
SOL_S6_60_150,logistic_poly2,mp_weighted_imbalance rv_60s,-0.014796723438171374
SOL_S6_60_150,logistic_poly2,mp_weighted_imbalance rv_300s,-0.053778691081139106
SOL_S6_60_150,logistic_poly2,mp_weighted_imbalance up_imb5,-0.03954282245228995
SOL_S6_60_150,logistic_poly2,mp_weighted_imbalance dn_imb5,0.039422576493778144
SOL_S6_60_150,logistic_poly2,mp_weighted_imbalance up_imb25,-0.0291057301583391
SOL_S6_60_150,logistic_poly2,mp_weighted_imbalance dn_imb25,0.029164016610019293
SOL_S6_60_150,logistic_poly2,mp_weighted_imbalance up_queue_top_bid,0.03364604779364952
SOL_S6_60_150,logistic_poly2,mp_weighted_imbalance up_micro_dev_bps,0.02317489579856095
SOL_S6_60_150,logistic_poly2,mp_weighted_imbalance dn_micro_dev_bps,-0.003529967602164747
SOL_S6_60_150,logistic_poly2,mp_weighted_imbalance up_bid_slope,-0.017072462915006404
SOL_S6_60_150,logistic_poly2,mp_weighted_imbalance up_ask_slope,0.006642309071875784
SOL_S6_60_150,logistic_poly2,mp_weighted_imbalance dn_bid_slope,-0.006674868656190981
SOL_S6_60_150,logistic_poly2,mp_weighted_imbalance dn_ask_slope,0.017239975319421025
SOL_S6_60_150,logistic_poly2,mp_weighted_imbalance up_imb5_change_500ms,0.08294033810809684
SOL_S6_60_150,logistic_poly2,mp_weighted_imbalance up_quote_intensity_5s,-0.05404100991288484
SOL_S6_60_150,logistic_poly2,mp_weighted_imbalance ribbon_alignment_pct,-0.056010565522518874
SOL_S6_60_150,logistic_poly2,mp_weighted_imbalance ribbon_compression_bps,-0.021044036823314433
SOL_S6_60_150,logistic_poly2,mp_weighted_imbalance adx_14,0.03842006893235923
SOL_S6_60_150,logistic_poly2,mp_weighted_imbalance plus_di_14,0.053227254466436245
SOL_S6_60_150,logistic_poly2,mp_weighted_imbalance minus_di_14,0.00847903434453365
SOL_S6_60_150,logistic_poly2,mp_weighted_imbalance vwap_since_open_bps,-0.05933131144989168
SOL_S6_60_150,logistic_poly2,mp_weighted_imbalance mfi_60s,-0.0853369519717989
SOL_S6_60_150,logistic_poly2,mp_weighted_imbalance stoch_k_60s,0.0063247958093141515
SOL_S6_60_150,logistic_poly2,mp_weighted_imbalance stoch_d_60s,0.011786641953481225
SOL_S6_60_150,logistic_poly2,mp_weighted_imbalance cci_60s,-0.12728503204095634
SOL_S6_60_150,logistic_poly2,mp_weighted_imbalance bb_pos_60s,-0.05584427535410093
SOL_S6_60_150,logistic_poly2,mp_weighted_imbalance bb_width_60s,-0.024770699651686205
SOL_S6_60_150,logistic_poly2,mp_weighted_imbalance ofi_skew_l1_30s,-0.0008450584844943727
SOL_S6_60_150,logistic_poly2,mp_weighted_imbalance mlofi_skew_l5_30s,-0.006807373655131256
SOL_S6_60_150,logistic_poly2,mp_weighted_imbalance mlofi_skew_l5_60s,0.0065566752510300055
SOL_S6_60_150,logistic_poly2,mp_weighted_imbalance mlofi_skew_l25_30s,-0.06742952867318398
SOL_S6_60_150,logistic_poly2,mp_weighted_imbalance rsi_14,-0.008232945320946223
SOL_S6_60_150,logistic_poly2,mp_weighted_imbalance cvd,0.0881083074344798
SOL_S6_60_150,logistic_poly2,mp_weighted_imbalance vpin_value,0.026168159729900362
SOL_S6_60_150,logistic_poly2,mp_weighted_imbalance vpin_zscore,0.03097266271717248
SOL_S6_60_150,logistic_poly2,mp_weighted_imbalance as_uncertainty,-0.024289102842445186
SOL_S6_60_150,logistic_poly2,mp_weighted_imbalance as_skew,-0.002047167942068305
SOL_S6_60_150,logistic_poly2,L_stat hawkes_lambda_imbalance,0.08414921657186077
SOL_S6_60_150,logistic_poly2,L_stat hawkes_lambda_total,-0.028565374809638753
SOL_S6_60_150,logistic_poly2,L_stat rv_ratio_60_to_3600,0.033291214228554515
SOL_S6_60_150,logistic_poly2,L_stat hurst_300s,-0.01832625352554901
SOL_S6_60_150,logistic_poly2,L_stat hurst_100s,0.03607533098015397
SOL_S6_60_150,logistic_poly2,L_stat hurst_900s,0.08431497162439372
SOL_S6_60_150,logistic_poly2,L_stat trend_slope_30m,-0.06298410663408532
SOL_S6_60_150,logistic_poly2,L_stat rv_60s,0.042816550110448645
SOL_S6_60_150,logistic_poly2,L_stat rv_300s,-0.01776202031922793
SOL_S6_60_150,logistic_poly2,L_stat up_imb5,0.033690226664771485
SOL_S6_60_150,logistic_poly2,L_stat dn_imb5,-0.03349850621293821
SOL_S6_60_150,logistic_poly2,L_stat up_imb25,0.048740419745191554
SOL_S6_60_150,logistic_poly2,L_stat dn_imb25,-0.04871103778727791
SOL_S6_60_150,logistic_poly2,L_stat up_queue_top_bid,-0.0036280144656838965
SOL_S6_60_150,logistic_poly2,L_stat up_micro_dev_bps,-0.009826699809629977
SOL_S6_60_150,logistic_poly2,L_stat dn_micro_dev_bps,-0.039791144361138904
SOL_S6_60_150,logistic_poly2,L_stat up_bid_slope,0.04477171380504796
SOL_S6_60_150,logistic_poly2,L_stat up_ask_slope,0.042926144642482705
SOL_S6_60_150,logistic_poly2,L_stat dn_bid_slope,-0.04281825481950664
SOL_S6_60_150,logistic_poly2,L_stat dn_ask_slope,-0.04464238244863805
SOL_S6_60_150,logistic_poly2,L_stat up_imb5_change_500ms,0.03275048908199379
SOL_S6_60_150,logistic_poly2,L_stat up_quote_intensity_5s,-0.09753521429574391
SOL_S6_60_150,logistic_poly2,L_stat ribbon_alignment_pct,-0.045587149574024745
SOL_S6_60_150,logistic_poly2,L_stat ribbon_compression_bps,0.0015934834837927072
SOL_S6_60_150,logistic_poly2,L_stat adx_14,-0.0012203279269042834
SOL_S6_60_150,logistic_poly2,L_stat plus_di_14,-0.027756033458581676
SOL_S6_60_150,logistic_poly2,L_stat minus_di_14,-0.07656575833984322
SOL_S6_60_150,logistic_poly2,L_stat vwap_since_open_bps,0.019413888248675935
SOL_S6_60_150,logistic_poly2,L_stat mfi_60s,0.02545231742535052
SOL_S6_60_150,logistic_poly2,L_stat stoch_k_60s,0.032659535060731
SOL_S6_60_150,logistic_poly2,L_stat stoch_d_60s,0.02808540101806996
SOL_S6_60_150,logistic_poly2,L_stat cci_60s,0.02780668999268973
SOL_S6_60_150,logistic_poly2,L_stat bb_pos_60s,-0.03615671013556907
SOL_S6_60_150,logistic_poly2,L_stat bb_width_60s,0.003627834442348682
SOL_S6_60_150,logistic_poly2,L_stat ofi_skew_l1_30s,-0.01251045066939018
SOL_S6_60_150,logistic_poly2,L_stat mlofi_skew_l5_30s,-0.013555103925465916
SOL_S6_60_150,logistic_poly2,L_stat mlofi_skew_l5_60s,-0.00423165522738867
SOL_S6_60_150,logistic_poly2,L_stat mlofi_skew_l25_30s,-0.042396131263748665
SOL_S6_60_150,logistic_poly2,L_stat rsi_14,-0.10564858722106837
SOL_S6_60_150,logistic_poly2,L_stat cvd,0.015134232545593321
SOL_S6_60_150,logistic_poly2,L_stat vpin_value,0.03244160418726434
SOL_S6_60_150,logistic_poly2,L_stat vpin_zscore,0.029335646047238265
SOL_S6_60_150,logistic_poly2,L_stat as_uncertainty,-0.02011616138088024
SOL_S6_60_150,logistic_poly2,L_stat as_skew,-0.023941112330545824
SOL_S6_60_150,logistic_poly2,hawkes_lambda_imbalance hawkes_lambda_total,-0.01999496478876226
SOL_S6_60_150,logistic_poly2,hawkes_lambda_imbalance rv_ratio_60_to_3600,-0.02020252988117268
SOL_S6_60_150,logistic_poly2,hawkes_lambda_imbalance hurst_300s,-0.03306075062515222
SOL_S6_60_150,logistic_poly2,hawkes_lambda_imbalance hurst_100s,-0.013933045669414886
SOL_S6_60_150,logistic_poly2,hawkes_lambda_imbalance hurst_900s,-0.009884518408309784
SOL_S6_60_150,logistic_poly2,hawkes_lambda_imbalance trend_slope_30m,0.09951243735022743
SOL_S6_60_150,logistic_poly2,hawkes_lambda_imbalance rv_60s,-0.008425829630940592
SOL_S6_60_150,logistic_poly2,hawkes_lambda_imbalance rv_300s,0.05635979093884964
SOL_S6_60_150,logistic_poly2,hawkes_lambda_imbalance up_imb5,-0.002246163353906843
SOL_S6_60_150,logistic_poly2,hawkes_lambda_imbalance dn_imb5,0.0036331414141008047
SOL_S6_60_150,logistic_poly2,hawkes_lambda_imbalance up_imb25,-0.04363425411899147
SOL_S6_60_150,logistic_poly2,hawkes_lambda_imbalance dn_imb25,0.04368643648426661
SOL_S6_60_150,logistic_poly2,hawkes_lambda_imbalance up_queue_top_bid,-0.012760327760852251
SOL_S6_60_150,logistic_poly2,hawkes_lambda_imbalance up_micro_dev_bps,-0.0005824966294830022
SOL_S6_60_150,logistic_poly2,hawkes_lambda_imbalance dn_micro_dev_bps,0.006782040219988298
SOL_S6_60_150,logistic_poly2,hawkes_lambda_imbalance up_bid_slope,0.025107879961812497
SOL_S6_60_150,logistic_poly2,hawkes_lambda_imbalance up_ask_slope,-0.03247027244818075
SOL_S6_60_150,logistic_poly2,hawkes_lambda_imbalance dn_bid_slope,0.03238056150386254
SOL_S6_60_150,logistic_poly2,hawkes_lambda_imbalance dn_ask_slope,-0.02450915401252598
SOL_S6_60_150,logistic_poly2,hawkes_lambda_imbalance up_imb5_change_500ms,0.013993864597868055
SOL_S6_60_150,logistic_poly2,hawkes_lambda_imbalance up_quote_intensity_5s,0.030553829171700242
SOL_S6_60_150,logistic_poly2,hawkes_lambda_imbalance ribbon_alignment_pct,0.08990828688751337
SOL_S6_60_150,logistic_poly2,hawkes_lambda_imbalance ribbon_compression_bps,-0.023170805701282233
SOL_S6_60_150,logistic_poly2,hawkes_lambda_imbalance adx_14,-0.0913407709160549
SOL_S6_60_150,logistic_poly2,hawkes_lambda_imbalance plus_di_14,-0.09651724833229647
SOL_S6_60_150,logistic_poly2,hawkes_lambda_imbalance minus_di_14,0.08811098271957774
SOL_S6_60_150,logistic_poly2,hawkes_lambda_imbalance vwap_since_open_bps,-0.007919245387977282
SOL_S6_60_150,logistic_poly2,hawkes_lambda_imbalance mfi_60s,-0.031158282049809274
SOL_S6_60_150,logistic_poly2,hawkes_lambda_imbalance stoch_k_60s,-0.0660473898556638
SOL_S6_60_150,logistic_poly2,hawkes_lambda_imbalance stoch_d_60s,-0.09678424061231448
SOL_S6_60_150,logistic_poly2,hawkes_lambda_imbalance cci_60s,-0.03104021350636856
SOL_S6_60_150,logistic_poly2,hawkes_lambda_imbalance bb_pos_60s,-0.08970740825959439
SOL_S6_60_150,logistic_poly2,hawkes_lambda_imbalance bb_width_60s,0.013207821143606949
SOL_S6_60_150,logistic_poly2,hawkes_lambda_imbalance ofi_skew_l1_30s,0.010904982274633629
SOL_S6_60_150,logistic_poly2,hawkes_lambda_imbalance mlofi_skew_l5_30s,0.01761824446797518
SOL_S6_60_150,logistic_poly2,hawkes_lambda_imbalance mlofi_skew_l5_60s,0.024932043968018135
SOL_S6_60_150,logistic_poly2,hawkes_lambda_imbalance mlofi_skew_l25_30s,0.03664494134712521
SOL_S6_60_150,logistic_poly2,hawkes_lambda_imbalance rsi_14,0.0063069070010247676
SOL_S6_60_150,logistic_poly2,hawkes_lambda_imbalance cvd,0.04369262475164078
SOL_S6_60_150,logistic_poly2,hawkes_lambda_imbalance vpin_value,0.10746213953894966
SOL_S6_60_150,logistic_poly2,hawkes_lambda_imbalance vpin_zscore,0.07254674250473081
SOL_S6_60_150,logistic_poly2,hawkes_lambda_imbalance as_uncertainty,0.022562095626708075
SOL_S6_60_150,logistic_poly2,hawkes_lambda_imbalance as_skew,0.007590675130934655
SOL_S6_60_150,logistic_poly2,hawkes_lambda_total rv_ratio_60_to_3600,-0.002957143597715685
SOL_S6_60_150,logistic_poly2,hawkes_lambda_total hurst_300s,0.04454842761724581
SOL_S6_60_150,logistic_poly2,hawkes_lambda_total hurst_100s,0.051684729222090005
SOL_S6_60_150,logistic_poly2,hawkes_lambda_total hurst_900s,0.02099724216813113
SOL_S6_60_150,logistic_poly2,hawkes_lambda_total trend_slope_30m,-0.04027384133930926
SOL_S6_60_150,logistic_poly2,hawkes_lambda_total rv_60s,0.005915887223944804
SOL_S6_60_150,logistic_poly2,hawkes_lambda_total rv_300s,0.07839077772623823
SOL_S6_60_150,logistic_poly2,hawkes_lambda_total up_imb5,-0.05585330562196676
SOL_S6_60_150,logistic_poly2,hawkes_lambda_total dn_imb5,0.05577721840149568
SOL_S6_60_150,logistic_poly2,hawkes_lambda_total up_imb25,-0.018922742404711004
SOL_S6_60_150,logistic_poly2,hawkes_lambda_total dn_imb25,0.018907216495064487
SOL_S6_60_150,logistic_poly2,hawkes_lambda_total up_queue_top_bid,-0.01422778373263159
SOL_S6_60_150,logistic_poly2,hawkes_lambda_total up_micro_dev_bps,-0.024939972982539235
SOL_S6_60_150,logistic_poly2,hawkes_lambda_total dn_micro_dev_bps,-0.019612489308752108
SOL_S6_60_150,logistic_poly2,hawkes_lambda_total up_bid_slope,0.011496299305930732
SOL_S6_60_150,logistic_poly2,hawkes_lambda_total up_ask_slope,-0.048318543445110516
SOL_S6_60_150,logistic_poly2,hawkes_lambda_total dn_bid_slope,0.04825507262940768
SOL_S6_60_150,logistic_poly2,hawkes_lambda_total dn_ask_slope,-0.011555259151690629
SOL_S6_60_150,logistic_poly2,hawkes_lambda_total up_imb5_change_500ms,0.05963659482204707
SOL_S6_60_150,logistic_poly2,hawkes_lambda_total up_quote_intensity_5s,0.03600373933389648
SOL_S6_60_150,logistic_poly2,hawkes_lambda_total ribbon_alignment_pct,0.028626246353273918
SOL_S6_60_150,logistic_poly2,hawkes_lambda_total ribbon_compression_bps,0.025473099151213416
SOL_S6_60_150,logistic_poly2,hawkes_lambda_total adx_14,-0.011347901000868998
SOL_S6_60_150,logistic_poly2,hawkes_lambda_total plus_di_14,0.007506867989644567
SOL_S6_60_150,logistic_poly2,hawkes_lambda_total minus_di_14,0.02535808863669269
SOL_S6_60_150,logistic_poly2,hawkes_lambda_total vwap_since_open_bps,0.005458649161541816
SOL_S6_60_150,logistic_poly2,hawkes_lambda_total mfi_60s,-0.026480441116281398
SOL_S6_60_150,logistic_poly2,hawkes_lambda_total stoch_k_60s,0.07505416879930997
SOL_S6_60_150,logistic_poly2,hawkes_lambda_total stoch_d_60s,0.06027571919743373
SOL_S6_60_150,logistic_poly2,hawkes_lambda_total cci_60s,0.022203390594350135
SOL_S6_60_150,logistic_poly2,hawkes_lambda_total bb_pos_60s,0.012690124572765665
SOL_S6_60_150,logistic_poly2,hawkes_lambda_total bb_width_60s,0.026456215005110927
SOL_S6_60_150,logistic_poly2,hawkes_lambda_total ofi_skew_l1_30s,-0.01071040870107611
SOL_S6_60_150,logistic_poly2,hawkes_lambda_total mlofi_skew_l5_30s,-0.013964100770352365
SOL_S6_60_150,logistic_poly2,hawkes_lambda_total mlofi_skew_l5_60s,-0.02526544987074903
SOL_S6_60_150,logistic_poly2,hawkes_lambda_total mlofi_skew_l25_30s,-0.025538347774425294
SOL_S6_60_150,logistic_poly2,hawkes_lambda_total rsi_14,-0.09397156095264649
SOL_S6_60_150,logistic_poly2,hawkes_lambda_total cvd,0.04862915485634637
SOL_S6_60_150,logistic_poly2,hawkes_lambda_total vpin_value,0.020516387039445486
SOL_S6_60_150,logistic_poly2,hawkes_lambda_total vpin_zscore,0.003279973624726435
SOL_S6_60_150,logistic_poly2,hawkes_lambda_total as_uncertainty,0.01688742251382876
SOL_S6_60_150,logistic_poly2,hawkes_lambda_total as_skew,0.00731185688685572
SOL_S6_60_150,logistic_poly2,rv_ratio_60_to_3600 hurst_300s,-0.0780538770136779
SOL_S6_60_150,logistic_poly2,rv_ratio_60_to_3600 hurst_100s,-0.004686823312578638
SOL_S6_60_150,logistic_poly2,rv_ratio_60_to_3600 hurst_900s,0.06660416176295023
SOL_S6_60_150,logistic_poly2,rv_ratio_60_to_3600 trend_slope_30m,0.03870045309893348
SOL_S6_60_150,logistic_poly2,rv_ratio_60_to_3600 rv_60s,0.08424949534642547
SOL_S6_60_150,logistic_poly2,rv_ratio_60_to_3600 rv_300s,0.03699994268259191
SOL_S6_60_150,logistic_poly2,rv_ratio_60_to_3600 up_imb5,0.0029732725547539193
SOL_S6_60_150,logistic_poly2,rv_ratio_60_to_3600 dn_imb5,-0.0023432744877254275
SOL_S6_60_150,logistic_poly2,rv_ratio_60_to_3600 up_imb25,0.0037272100736925177
SOL_S6_60_150,logistic_poly2,rv_ratio_60_to_3600 dn_imb25,-0.003705178743615595
SOL_S6_60_150,logistic_poly2,rv_ratio_60_to_3600 up_queue_top_bid,0.0106436745801065
SOL_S6_60_150,logistic_poly2,rv_ratio_60_to_3600 up_micro_dev_bps,-0.027604091130350405
SOL_S6_60_150,logistic_poly2,rv_ratio_60_to_3600 dn_micro_dev_bps,-0.013714875527222168
SOL_S6_60_150,logistic_poly2,rv_ratio_60_to_3600 up_bid_slope,0.009595085319868451
SOL_S6_60_150,logistic_poly2,rv_ratio_60_to_3600 up_ask_slope,-0.047498232104433116
SOL_S6_60_150,logistic_poly2,rv_ratio_60_to_3600 dn_bid_slope,0.047377835190421776
SOL_S6_60_150,logistic_poly2,rv_ratio_60_to_3600 dn_ask_slope,-0.009306748606679686
SOL_S6_60_150,logistic_poly2,rv_ratio_60_to_3600 up_imb5_change_500ms,0.0771096675983569
SOL_S6_60_150,logistic_poly2,rv_ratio_60_to_3600 up_quote_intensity_5s,-0.003990573816542826
SOL_S6_60_150,logistic_poly2,rv_ratio_60_to_3600 ribbon_alignment_pct,0.029856514847709667
SOL_S6_60_150,logistic_poly2,rv_ratio_60_to_3600 ribbon_compression_bps,0.06895589843485173
SOL_S6_60_150,logistic_poly2,rv_ratio_60_to_3600 adx_14,0.019872081103578274
SOL_S6_60_150,logistic_poly2,rv_ratio_60_to_3600 plus_di_14,-0.06695245429551011
SOL_S6_60_150,logistic_poly2,rv_ratio_60_to_3600 minus_di_14,0.03556664056027216
SOL_S6_60_150,logistic_poly2,rv_ratio_60_to_3600 vwap_since_open_bps,0.07023150677422071
SOL_S6_60_150,logistic_poly2,rv_ratio_60_to_3600 mfi_60s,0.020252150719948497
SOL_S6_60_150,logistic_poly2,rv_ratio_60_to_3600 stoch_k_60s,0.022912457511186004
SOL_S6_60_150,logistic_poly2,rv_ratio_60_to_3600 stoch_d_60s,0.01596961829005021
SOL_S6_60_150,logistic_poly2,rv_ratio_60_to_3600 cci_60s,0.045021811875672495
SOL_S6_60_150,logistic_poly2,rv_ratio_60_to_3600 bb_pos_60s,-0.020188571844341474
SOL_S6_60_150,logistic_poly2,rv_ratio_60_to_3600 bb_width_60s,0.05889226050167506
SOL_S6_60_150,logistic_poly2,rv_ratio_60_to_3600 ofi_skew_l1_30s,0.008773449693284408
SOL_S6_60_150,logistic_poly2,rv_ratio_60_to_3600 mlofi_skew_l5_30s,0.012962078144647938
SOL_S6_60_150,logistic_poly2,rv_ratio_60_to_3600 mlofi_skew_l5_60s,0.013645352431369896
SOL_S6_60_150,logistic_poly2,rv_ratio_60_to_3600 mlofi_skew_l25_30s,0.005117767231532913
SOL_S6_60_150,logistic_poly2,rv_ratio_60_to_3600 rsi_14,0.013816142161746356
SOL_S6_60_150,logistic_poly2,rv_ratio_60_to_3600 cvd,0.027907196703443316
SOL_S6_60_150,logistic_poly2,rv_ratio_60_to_3600 vpin_value,0.02317403250908078
SOL_S6_60_150,logistic_poly2,rv_ratio_60_to_3600 vpin_zscore,0.05148059002584274
SOL_S6_60_150,logistic_poly2,rv_ratio_60_to_3600 as_uncertainty,0.023789843145732358
SOL_S6_60_150,logistic_poly2,rv_ratio_60_to_3600 as_skew,0.03701973987577361
SOL_S6_60_150,logistic_poly2,hurst_300s hurst_100s,0.06533280546369608
SOL_S6_60_150,logistic_poly2,hurst_300s hurst_900s,0.029144830279095583
SOL_S6_60_150,logistic_poly2,hurst_300s trend_slope_30m,-0.06535186252147741
SOL_S6_60_150,logistic_poly2,hurst_300s rv_60s,-0.0056911551033216635
SOL_S6_60_150,logistic_poly2,hurst_300s rv_300s,-0.02381965857618978
SOL_S6_60_150,logistic_poly2,hurst_300s up_imb5,-0.014305533048621385
SOL_S6_60_150,logistic_poly2,hurst_300s dn_imb5,0.012775307131210133
SOL_S6_60_150,logistic_poly2,hurst_300s up_imb25,-0.0077681747338415805
SOL_S6_60_150,logistic_poly2,hurst_300s dn_imb25,0.00765895801656843
SOL_S6_60_150,logistic_poly2,hurst_300s up_queue_top_bid,-0.007799676017906478
SOL_S6_60_150,logistic_poly2,hurst_300s up_micro_dev_bps,-0.03164859437978882
SOL_S6_60_150,logistic_poly2,hurst_300s dn_micro_dev_bps,-0.03066575591267222
SOL_S6_60_150,logistic_poly2,hurst_300s up_bid_slope,-0.028261971667513985
SOL_S6_60_150,logistic_poly2,hurst_300s up_ask_slope,0.06034707971758468
SOL_S6_60_150,logistic_poly2,hurst_300s dn_bid_slope,-0.060218143007469006
SOL_S6_60_150,logistic_poly2,hurst_300s dn_ask_slope,0.02737750019176894
SOL_S6_60_150,logistic_poly2,hurst_300s up_imb5_change_500ms,0.0026184989923178654
SOL_S6_60_150,logistic_poly2,hurst_300s up_quote_intensity_5s,-0.03429733440187804
SOL_S6_60_150,logistic_poly2,hurst_300s ribbon_alignment_pct,0.05558942629350997
SOL_S6_60_150,logistic_poly2,hurst_300s ribbon_compression_bps,0.04719367017673066
SOL_S6_60_150,logistic_poly2,hurst_300s adx_14,0.11922459297846147
SOL_S6_60_150,logistic_poly2,hurst_300s plus_di_14,0.0787785003754895
SOL_S6_60_150,logistic_poly2,hurst_300s minus_di_14,-0.022886104140039148
SOL_S6_60_150,logistic_poly2,hurst_300s vwap_since_open_bps,-0.003207009731200397
SOL_S6_60_150,logistic_poly2,hurst_300s mfi_60s,0.07598209026390397
SOL_S6_60_150,logistic_poly2,hurst_300s stoch_k_60s,0.020845766986238048
SOL_S6_60_150,logistic_poly2,hurst_300s stoch_d_60s,-0.0038622934289545357
SOL_S6_60_150,logistic_poly2,hurst_300s cci_60s,-0.09106141089885328
SOL_S6_60_150,logistic_poly2,hurst_300s bb_pos_60s,-0.05447402499901208
SOL_S6_60_150,logistic_poly2,hurst_300s bb_width_60s,0.007189713446260904
SOL_S6_60_150,logistic_poly2,hurst_300s ofi_skew_l1_30s,-0.005866028055705569
SOL_S6_60_150,logistic_poly2,hurst_300s mlofi_skew_l5_30s,-0.008515458117720842
SOL_S6_60_150,logistic_poly2,hurst_300s mlofi_skew_l5_60s,-0.013740477513745849
SOL_S6_60_150,logistic_poly2,hurst_300s mlofi_skew_l25_30s,0.013819347211352426
SOL_S6_60_150,logistic_poly2,hurst_300s rsi_14,-0.03899829773887307
SOL_S6_60_150,logistic_poly2,hurst_300s cvd,0.04430963082135845
SOL_S6_60_150,logistic_poly2,hurst_300s vpin_value,-0.04187448569284133
SOL_S6_60_150,logistic_poly2,hurst_300s vpin_zscore,0.006025617749765951
SOL_S6_60_150,logistic_poly2,hurst_300s as_uncertainty,-0.009391787910291414
SOL_S6_60_150,logistic_poly2,hurst_300s as_skew,0.011280159640526618
SOL_S6_60_150,logistic_poly2,hurst_100s hurst_900s,-0.07837886412387624
SOL_S6_60_150,logistic_poly2,hurst_100s trend_slope_30m,-0.024149939133457053
SOL_S6_60_150,logistic_poly2,hurst_100s rv_60s,0.02619735609415372
SOL_S6_60_150,logistic_poly2,hurst_100s rv_300s,-0.03257177326726915
SOL_S6_60_150,logistic_poly2,hurst_100s up_imb5,-0.049259570047001454
SOL_S6_60_150,logistic_poly2,hurst_100s dn_imb5,0.048688574599217244
SOL_S6_60_150,logistic_poly2,hurst_100s up_imb25,0.017215123105489522
SOL_S6_60_150,logistic_poly2,hurst_100s dn_imb25,-0.01724269661163748
SOL_S6_60_150,logistic_poly2,hurst_100s up_queue_top_bid,-0.027260752949287727
SOL_S6_60_150,logistic_poly2,hurst_100s up_micro_dev_bps,0.014739061949509009
SOL_S6_60_150,logistic_poly2,hurst_100s dn_micro_dev_bps,0.006822064324384784
SOL_S6_60_150,logistic_poly2,hurst_100s up_bid_slope,0.014481987317618265
SOL_S6_60_150,logistic_poly2,hurst_100s up_ask_slope,0.05276087102284814
SOL_S6_60_150,logistic_poly2,hurst_100s dn_bid_slope,-0.05259421759134415
SOL_S6_60_150,logistic_poly2,hurst_100s dn_ask_slope,-0.014503834455733923
SOL_S6_60_150,logistic_poly2,hurst_100s up_imb5_change_500ms,-0.009327245350608904
SOL_S6_60_150,logistic_poly2,hurst_100s up_quote_intensity_5s,0.2014442630469065
SOL_S6_60_150,logistic_poly2,hurst_100s ribbon_alignment_pct,0.04835477191683236
SOL_S6_60_150,logistic_poly2,hurst_100s ribbon_compression_bps,-0.004590263901457905
SOL_S6_60_150,logistic_poly2,hurst_100s adx_14,0.03836049700004611
SOL_S6_60_150,logistic_poly2,hurst_100s plus_di_14,0.11506803358816327
SOL_S6_60_150,logistic_poly2,hurst_100s minus_di_14,-0.12313832838164879
SOL_S6_60_150,logistic_poly2,hurst_100s vwap_since_open_bps,-0.02548251670892536
SOL_S6_60_150,logistic_poly2,hurst_100s mfi_60s,-0.014912086649022134
SOL_S6_60_150,logistic_poly2,hurst_100s stoch_k_60s,-0.02401054869355102
SOL_S6_60_150,logistic_poly2,hurst_100s stoch_d_60s,-0.06166814212322583
SOL_S6_60_150,logistic_poly2,hurst_100s cci_60s,-0.1447864928802291
SOL_S6_60_150,logistic_poly2,hurst_100s bb_pos_60s,-0.12748947621712273
SOL_S6_60_150,logistic_poly2,hurst_100s bb_width_60s,0.0032764127323133556
SOL_S6_60_150,logistic_poly2,hurst_100s ofi_skew_l1_30s,0.01106309140391583
SOL_S6_60_150,logistic_poly2,hurst_100s mlofi_skew_l5_30s,-0.007275149185041959
SOL_S6_60_150,logistic_poly2,hurst_100s mlofi_skew_l5_60s,0.014827485734053613
SOL_S6_60_150,logistic_poly2,hurst_100s mlofi_skew_l25_30s,0.047036356764508784
SOL_S6_60_150,logistic_poly2,hurst_100s rsi_14,-0.03671760719827467
SOL_S6_60_150,logistic_poly2,hurst_100s cvd,0.11953638070174463
SOL_S6_60_150,logistic_poly2,hurst_100s vpin_value,-0.08812475697435615
SOL_S6_60_150,logistic_poly2,hurst_100s vpin_zscore,-0.03167724339319755
SOL_S6_60_150,logistic_poly2,hurst_100s as_uncertainty,-0.016762009779006142
SOL_S6_60_150,logistic_poly2,hurst_100s as_skew,0.0033288425469513924
SOL_S6_60_150,logistic_poly2,hurst_900s trend_slope_30m,0.13814770450490643
SOL_S6_60_150,logistic_poly2,hurst_900s rv_60s,0.0064598842288392825
SOL_S6_60_150,logistic_poly2,hurst_900s rv_300s,0.006555562110166291
SOL_S6_60_150,logistic_poly2,hurst_900s up_imb5,-0.08395610762053121
SOL_S6_60_150,logistic_poly2,hurst_900s dn_imb5,0.08331682804970544
SOL_S6_60_150,logistic_poly2,hurst_900s up_imb25,-0.043196347887685116
SOL_S6_60_150,logistic_poly2,hurst_900s dn_imb25,0.04307901083879372
SOL_S6_60_150,logistic_poly2,hurst_900s up_queue_top_bid,0.01563326957182866
SOL_S6_60_150,logistic_poly2,hurst_900s up_micro_dev_bps,-0.015469787741106108
SOL_S6_60_150,logistic_poly2,hurst_900s dn_micro_dev_bps,0.05194116030881636
SOL_S6_60_150,logistic_poly2,hurst_900s up_bid_slope,-0.012554782630530396
SOL_S6_60_150,logistic_poly2,hurst_900s up_ask_slope,-0.025374779958145435
SOL_S6_60_150,logistic_poly2,hurst_900s dn_bid_slope,0.025379671853989354
SOL_S6_60_150,logistic_poly2,hurst_900s dn_ask_slope,0.011951226227128953
SOL_S6_60_150,logistic_poly2,hurst_900s up_imb5_change_500ms,-0.011828398485087589
SOL_S6_60_150,logistic_poly2,hurst_900s up_quote_intensity_5s,0.05718360177519858
SOL_S6_60_150,logistic_poly2,hurst_900s ribbon_alignment_pct,0.017353811639081188
SOL_S6_60_150,logistic_poly2,hurst_900s ribbon_compression_bps,0.001392893410907402
SOL_S6_60_150,logistic_poly2,hurst_900s adx_14,-0.04105270217822305
SOL_S6_60_150,logistic_poly2,hurst_900s plus_di_14,0.0934417067675989
SOL_S6_60_150,logistic_poly2,hurst_900s minus_di_14,-0.03506463327706532
SOL_S6_60_150,logistic_poly2,hurst_900s vwap_since_open_bps,-0.018390093048737413
SOL_S6_60_150,logistic_poly2,hurst_900s mfi_60s,0.13392922980743022
SOL_S6_60_150,logistic_poly2,hurst_900s stoch_k_60s,-0.004022244774355458
SOL_S6_60_150,logistic_poly2,hurst_900s stoch_d_60s,-0.016201502636655783
SOL_S6_60_150,logistic_poly2,hurst_900s cci_60s,0.037071716922679576
SOL_S6_60_150,logistic_poly2,hurst_900s bb_pos_60s,-0.0038980086311644364
SOL_S6_60_150,logistic_poly2,hurst_900s bb_width_60s,-0.032773954838241894
SOL_S6_60_150,logistic_poly2,hurst_900s ofi_skew_l1_30s,0.008811649400967271
SOL_S6_60_150,logistic_poly2,hurst_900s mlofi_skew_l5_30s,0.022819576605732785
SOL_S6_60_150,logistic_poly2,hurst_900s mlofi_skew_l5_60s,-0.0015058235805381465
SOL_S6_60_150,logistic_poly2,hurst_900s mlofi_skew_l25_30s,0.011791631831571565
SOL_S6_60_150,logistic_poly2,hurst_900s rsi_14,0.13863184403426274
SOL_S6_60_150,logistic_poly2,hurst_900s cvd,0.0857880234478259
SOL_S6_60_150,logistic_poly2,hurst_900s vpin_value,-0.07256585308227613
SOL_S6_60_150,logistic_poly2,hurst_900s vpin_zscore,-0.04803754792107622
SOL_S6_60_150,logistic_poly2,hurst_900s as_uncertainty,0.021552671941842762
SOL_S6_60_150,logistic_poly2,hurst_900s as_skew,0.020061903754946063
SOL_S6_60_150,logistic_poly2,trend_slope_30m rv_60s,-0.0037373260742041975
SOL_S6_60_150,logistic_poly2,trend_slope_30m rv_300s,-0.08989325148763312
SOL_S6_60_150,logistic_poly2,trend_slope_30m up_imb5,-0.016253215821810777
SOL_S6_60_150,logistic_poly2,trend_slope_30m dn_imb5,0.017142441101923554
SOL_S6_60_150,logistic_poly2,trend_slope_30m up_imb25,-0.028997346989385237
SOL_S6_60_150,logistic_poly2,trend_slope_30m dn_imb25,0.02918360262927434
SOL_S6_60_150,logistic_poly2,trend_slope_30m up_queue_top_bid,0.026344835420609287
SOL_S6_60_150,logistic_poly2,trend_slope_30m up_micro_dev_bps,-0.007461297051997131
SOL_S6_60_150,logistic_poly2,trend_slope_30m dn_micro_dev_bps,-0.012693053896396097
SOL_S6_60_150,logistic_poly2,trend_slope_30m up_bid_slope,0.02908541451605298
SOL_S6_60_150,logistic_poly2,trend_slope_30m up_ask_slope,0.003247253563583474
SOL_S6_60_150,logistic_poly2,trend_slope_30m dn_bid_slope,-0.003188367671752979
SOL_S6_60_150,logistic_poly2,trend_slope_30m dn_ask_slope,-0.028418545894443127
SOL_S6_60_150,logistic_poly2,trend_slope_30m up_imb5_change_500ms,0.049021541086848745
SOL_S6_60_150,logistic_poly2,trend_slope_30m up_quote_intensity_5s,0.09876689004151658
SOL_S6_60_150,logistic_poly2,trend_slope_30m ribbon_alignment_pct,-0.007596494208307742
SOL_S6_60_150,logistic_poly2,trend_slope_30m ribbon_compression_bps,0.004302907842376539
SOL_S6_60_150,logistic_poly2,trend_slope_30m adx_14,-0.09493004358814026
SOL_S6_60_150,logistic_poly2,trend_slope_30m plus_di_14,0.13472797818619253
SOL_S6_60_150,logistic_poly2,trend_slope_30m minus_di_14,-0.06302537248014164
SOL_S6_60_150,logistic_poly2,trend_slope_30m vwap_since_open_bps,0.0076812529321206935
SOL_S6_60_150,logistic_poly2,trend_slope_30m mfi_60s,0.04724528904474229
SOL_S6_60_150,logistic_poly2,trend_slope_30m stoch_k_60s,0.04254836946574011
SOL_S6_60_150,logistic_poly2,trend_slope_30m stoch_d_60s,0.038069654827365
SOL_S6_60_150,logistic_poly2,trend_slope_30m cci_60s,0.029004495165751935
SOL_S6_60_150,logistic_poly2,trend_slope_30m bb_pos_60s,0.019293169019977813
SOL_S6_60_150,logistic_poly2,trend_slope_30m bb_width_60s,0.01434244876638844
SOL_S6_60_150,logistic_poly2,trend_slope_30m ofi_skew_l1_30s,-0.035566524940393356
SOL_S6_60_150,logistic_poly2,trend_slope_30m mlofi_skew_l5_30s,-0.03881261702951078
SOL_S6_60_150,logistic_poly2,trend_slope_30m mlofi_skew_l5_60s,-0.040701486144173446
SOL_S6_60_150,logistic_poly2,trend_slope_30m mlofi_skew_l25_30s,-0.07089341515998383
SOL_S6_60_150,logistic_poly2,trend_slope_30m rsi_14,-0.053076612885478686
SOL_S6_60_150,logistic_poly2,trend_slope_30m cvd,0.10557560753214366
SOL_S6_60_150,logistic_poly2,trend_slope_30m vpin_value,-0.010985557947472708
SOL_S6_60_150,logistic_poly2,trend_slope_30m vpin_zscore,-0.00273179331702204
SOL_S6_60_150,logistic_poly2,trend_slope_30m as_uncertainty,-0.11260710096397064
SOL_S6_60_150,logistic_poly2,trend_slope_30m as_skew,-0.0650254049892744
SOL_S6_60_150,logistic_poly2,rv_60s rv_300s,0.05136839807967085
SOL_S6_60_150,logistic_poly2,rv_60s up_imb5,-0.03131225095716802
SOL_S6_60_150,logistic_poly2,rv_60s dn_imb5,0.03196902740584668
SOL_S6_60_150,logistic_poly2,rv_60s up_imb25,0.011154305330944938
SOL_S6_60_150,logistic_poly2,rv_60s dn_imb25,-0.011116932290501823
SOL_S6_60_150,logistic_poly2,rv_60s up_queue_top_bid,0.0068078186246721874
SOL_S6_60_150,logistic_poly2,rv_60s up_micro_dev_bps,-0.02804453268803844
SOL_S6_60_150,logistic_poly2,rv_60s dn_micro_dev_bps,-0.007593515791310095
SOL_S6_60_150,logistic_poly2,rv_60s up_bid_slope,-0.0014953011532489063
SOL_S6_60_150,logistic_poly2,rv_60s up_ask_slope,-0.019467497250955142
SOL_S6_60_150,logistic_poly2,rv_60s dn_bid_slope,0.01934403724609242
SOL_S6_60_150,logistic_poly2,rv_60s dn_ask_slope,0.0017271550911650106
SOL_S6_60_150,logistic_poly2,rv_60s up_imb5_change_500ms,0.051780814756686576
SOL_S6_60_150,logistic_poly2,rv_60s up_quote_intensity_5s,0.021719258273294385
SOL_S6_60_150,logistic_poly2,rv_60s ribbon_alignment_pct,0.039137184572487285
SOL_S6_60_150,logistic_poly2,rv_60s ribbon_compression_bps,0.0457000165706163
SOL_S6_60_150,logistic_poly2,rv_60s adx_14,-0.026167205960270522
SOL_S6_60_150,logistic_poly2,rv_60s plus_di_14,-0.023193818768004578
SOL_S6_60_150,logistic_poly2,rv_60s minus_di_14,0.014390541496367317
SOL_S6_60_150,logistic_poly2,rv_60s vwap_since_open_bps,0.03335286194779306
SOL_S6_60_150,logistic_poly2,rv_60s mfi_60s,0.03981501192367892
SOL_S6_60_150,logistic_poly2,rv_60s stoch_k_60s,0.055339439270838904
SOL_S6_60_150,logistic_poly2,rv_60s stoch_d_60s,0.052624720653663276
SOL_S6_60_150,logistic_poly2,rv_60s cci_60s,0.07152692655202146
SOL_S6_60_150,logistic_poly2,rv_60s bb_pos_60s,0.023870983384678426
SOL_S6_60_150,logistic_poly2,rv_60s bb_width_60s,0.03696463597109218
SOL_S6_60_150,logistic_poly2,rv_60s ofi_skew_l1_30s,0.0022509662808318635
SOL_S6_60_150,logistic_poly2,rv_60s mlofi_skew_l5_30s,0.0019929775281991797
SOL_S6_60_150,logistic_poly2,rv_60s mlofi_skew_l5_60s,-0.008370743713906757
SOL_S6_60_150,logistic_poly2,rv_60s mlofi_skew_l25_30s,-0.0093556421596282
SOL_S6_60_150,logistic_poly2,rv_60s rsi_14,-0.020587959028716
SOL_S6_60_150,logistic_poly2,rv_60s cvd,0.043055219961437165
SOL_S6_60_150,logistic_poly2,rv_60s vpin_value,0.011172059428753338
SOL_S6_60_150,logistic_poly2,rv_60s vpin_zscore,0.012622058222940163
SOL_S6_60_150,logistic_poly2,rv_60s as_uncertainty,0.022190502068598923
SOL_S6_60_150,logistic_poly2,rv_60s as_skew,0.027190741414565008
SOL_S6_60_150,logistic_poly2,rv_300s up_imb5,-0.0958980171744866
SOL_S6_60_150,logistic_poly2,rv_300s dn_imb5,0.0957646595793311
SOL_S6_60_150,logistic_poly2,rv_300s up_imb25,0.005475874219373654
SOL_S6_60_150,logistic_poly2,rv_300s dn_imb25,-0.005446651457655238
SOL_S6_60_150,logistic_poly2,rv_300s up_queue_top_bid,0.01944395210828433
SOL_S6_60_150,logistic_poly2,rv_300s up_micro_dev_bps,-0.04380013561491325
SOL_S6_60_150,logistic_poly2,rv_300s dn_micro_dev_bps,0.014390452741520501
SOL_S6_60_150,logistic_poly2,rv_300s up_bid_slope,0.005695208813315534
SOL_S6_60_150,logistic_poly2,rv_300s up_ask_slope,-0.05215003271238638
SOL_S6_60_150,logistic_poly2,rv_300s dn_bid_slope,0.05216283469077053
SOL_S6_60_150,logistic_poly2,rv_300s dn_ask_slope,-0.00556061063079572
SOL_S6_60_150,logistic_poly2,rv_300s up_imb5_change_500ms,0.05195965375116782
SOL_S6_60_150,logistic_poly2,rv_300s up_quote_intensity_5s,0.023039190960340555
SOL_S6_60_150,logistic_poly2,rv_300s ribbon_alignment_pct,-0.00011627174167834375
SOL_S6_60_150,logistic_poly2,rv_300s ribbon_compression_bps,0.06251617839365621
SOL_S6_60_150,logistic_poly2,rv_300s adx_14,0.05056603309446043
SOL_S6_60_150,logistic_poly2,rv_300s plus_di_14,0.04019868694980961
SOL_S6_60_150,logistic_poly2,rv_300s minus_di_14,0.013626082246710242
SOL_S6_60_150,logistic_poly2,rv_300s vwap_since_open_bps,0.0596558052634218
SOL_S6_60_150,logistic_poly2,rv_300s mfi_60s,-0.01689569306357727
SOL_S6_60_150,logistic_poly2,rv_300s stoch_k_60s,0.05561197740681708
SOL_S6_60_150,logistic_poly2,rv_300s stoch_d_60s,0.03843727065386202
SOL_S6_60_150,logistic_poly2,rv_300s cci_60s,-0.025542945185609348
SOL_S6_60_150,logistic_poly2,rv_300s bb_pos_60s,0.013655065325256831
SOL_S6_60_150,logistic_poly2,rv_300s bb_width_60s,0.059143637899345534
SOL_S6_60_150,logistic_poly2,rv_300s ofi_skew_l1_30s,-0.005403789244679739
SOL_S6_60_150,logistic_poly2,rv_300s mlofi_skew_l5_30s,-0.0038016595070838794
SOL_S6_60_150,logistic_poly2,rv_300s mlofi_skew_l5_60s,-0.007358711504358036
SOL_S6_60_150,logistic_poly2,rv_300s mlofi_skew_l25_30s,-0.017747837638948626
SOL_S6_60_150,logistic_poly2,rv_300s rsi_14,-0.11594038096833556
SOL_S6_60_150,logistic_poly2,rv_300s cvd,-0.028379847442607
SOL_S6_60_150,logistic_poly2,rv_300s vpin_value,-0.038864997567374056
SOL_S6_60_150,logistic_poly2,rv_300s vpin_zscore,-0.017484037580707965
SOL_S6_60_150,logistic_poly2,rv_300s as_uncertainty,-0.0376830802228654
SOL_S6_60_150,logistic_poly2,rv_300s as_skew,0.020630273978351384
SOL_S6_60_150,logistic_poly2,up_imb5 dn_imb5,0.0007798004120525394
SOL_S6_60_150,logistic_poly2,up_imb5 up_imb25,-0.03320704216388785
SOL_S6_60_150,logistic_poly2,up_imb5 dn_imb25,0.033125552313255646
SOL_S6_60_150,logistic_poly2,up_imb5 up_queue_top_bid,0.01939622448582952
SOL_S6_60_150,logistic_poly2,up_imb5 up_micro_dev_bps,-0.008508438735838656
SOL_S6_60_150,logistic_poly2,up_imb5 dn_micro_dev_bps,0.010360955031033818
SOL_S6_60_150,logistic_poly2,up_imb5 up_bid_slope,-0.058349270768346596
SOL_S6_60_150,logistic_poly2,up_imb5 up_ask_slope,0.029875143101819945
SOL_S6_60_150,logistic_poly2,up_imb5 dn_bid_slope,-0.02976854464729752
SOL_S6_60_150,logistic_poly2,up_imb5 dn_ask_slope,0.05790384718166653
SOL_S6_60_150,logistic_poly2,up_imb5 up_imb5_change_500ms,0.053312806382983365
SOL_S6_60_150,logistic_poly2,up_imb5 up_quote_intensity_5s,0.032018683723332275
SOL_S6_60_150,logistic_poly2,up_imb5 ribbon_alignment_pct,-0.023607514591027955
SOL_S6_60_150,logistic_poly2,up_imb5 ribbon_compression_bps,-0.011828377788527262
SOL_S6_60_150,logistic_poly2,up_imb5 adx_14,0.027477221061369444
SOL_S6_60_150,logistic_poly2,up_imb5 plus_di_14,-0.035734317329486356
SOL_S6_60_150,logistic_poly2,up_imb5 minus_di_14,0.07270490779162149
SOL_S6_60_150,logistic_poly2,up_imb5 vwap_since_open_bps,-0.011969654533008583
SOL_S6_60_150,logistic_poly2,up_imb5 mfi_60s,0.11235761313982864
SOL_S6_60_150,logistic_poly2,up_imb5 stoch_k_60s,-0.07975235492026735
SOL_S6_60_150,logistic_poly2,up_imb5 stoch_d_60s,-0.05938358486246206
SOL_S6_60_150,logistic_poly2,up_imb5 cci_60s,-0.017571311855122576
SOL_S6_60_150,logistic_poly2,up_imb5 bb_pos_60s,0.07244639709197129
SOL_S6_60_150,logistic_poly2,up_imb5 bb_width_60s,-0.016693514421197722
SOL_S6_60_150,logistic_poly2,up_imb5 ofi_skew_l1_30s,0.0017277960597621262
SOL_S6_60_150,logistic_poly2,up_imb5 mlofi_skew_l5_30s,0.002489149299312123
SOL_S6_60_150,logistic_poly2,up_imb5 mlofi_skew_l5_60s,0.027871443564921397
SOL_S6_60_150,logistic_poly2,up_imb5 mlofi_skew_l25_30s,0.019427429458471267
SOL_S6_60_150,logistic_poly2,up_imb5 rsi_14,0.08065536312491897
SOL_S6_60_150,logistic_poly2,up_imb5 cvd,0.05141709238450747
SOL_S6_60_150,logistic_poly2,up_imb5 vpin_value,-0.02773772900417442
SOL_S6_60_150,logistic_poly2,up_imb5 vpin_zscore,-0.008508639209506416
SOL_S6_60_150,logistic_poly2,up_imb5 as_uncertainty,-0.07974291358225018
SOL_S6_60_150,logistic_poly2,up_imb5 as_skew,0.004011344841009294
SOL_S6_60_150,logistic_poly2,dn_imb5 up_imb25,0.032852024645417414
SOL_S6_60_150,logistic_poly2,dn_imb5 dn_imb25,-0.03277603087713745
SOL_S6_60_150,logistic_poly2,dn_imb5 up_queue_top_bid,-0.020628974024358163
SOL_S6_60_150,logistic_poly2,dn_imb5 up_micro_dev_bps,0.00824731820028071
SOL_S6_60_150,logistic_poly2,dn_imb5 dn_micro_dev_bps,-0.009990367996297394
SOL_S6_60_150,logistic_poly2,dn_imb5 up_bid_slope,0.05895218788080753
SOL_S6_60_150,logistic_poly2,dn_imb5 up_ask_slope,-0.030606226556444523
SOL_S6_60_150,logistic_poly2,dn_imb5 dn_bid_slope,0.030506432184215802
SOL_S6_60_150,logistic_poly2,dn_imb5 dn_ask_slope,-0.05851281416257593
SOL_S6_60_150,logistic_poly2,dn_imb5 up_imb5_change_500ms,-0.05346974093079188
SOL_S6_60_150,logistic_poly2,dn_imb5 up_quote_intensity_5s,-0.03363038299392213
SOL_S6_60_150,logistic_poly2,dn_imb5 ribbon_alignment_pct,0.023451830072625558
SOL_S6_60_150,logistic_poly2,dn_imb5 ribbon_compression_bps,0.0121747494945532
SOL_S6_60_150,logistic_poly2,dn_imb5 adx_14,-0.028060295715230988
SOL_S6_60_150,logistic_poly2,dn_imb5 plus_di_14,0.0357025245394929
SOL_S6_60_150,logistic_poly2,dn_imb5 minus_di_14,-0.07382261220903662
SOL_S6_60_150,logistic_poly2,dn_imb5 vwap_since_open_bps,0.012162452914150019
SOL_S6_60_150,logistic_poly2,dn_imb5 mfi_60s,-0.11327228405491717
SOL_S6_60_150,logistic_poly2,dn_imb5 stoch_k_60s,0.08087464680417367
SOL_S6_60_150,logistic_poly2,dn_imb5 stoch_d_60s,0.06022397710690955
SOL_S6_60_150,logistic_poly2,dn_imb5 cci_60s,0.018431791329986583
SOL_S6_60_150,logistic_poly2,dn_imb5 bb_pos_60s,-0.07218426090669595
SOL_S6_60_150,logistic_poly2,dn_imb5 bb_width_60s,0.017352301462741228
SOL_S6_60_150,logistic_poly2,dn_imb5 ofi_skew_l1_30s,-0.0019068875660808945
SOL_S6_60_150,logistic_poly2,dn_imb5 mlofi_skew_l5_30s,-0.002349560702282525
SOL_S6_60_150,logistic_poly2,dn_imb5 mlofi_skew_l5_60s,-0.027792660165237997
SOL_S6_60_150,logistic_poly2,dn_imb5 mlofi_skew_l25_30s,-0.019230892637908167
SOL_S6_60_150,logistic_poly2,dn_imb5 rsi_14,-0.08007063426313679
SOL_S6_60_150,logistic_poly2,dn_imb5 cvd,-0.05271392200018181
SOL_S6_60_150,logistic_poly2,dn_imb5 vpin_value,0.028370953504414508
SOL_S6_60_150,logistic_poly2,dn_imb5 vpin_zscore,0.009245972685926281
SOL_S6_60_150,logistic_poly2,dn_imb5 as_uncertainty,0.07950892314065655
SOL_S6_60_150,logistic_poly2,dn_imb5 as_skew,-0.0037823909926388687
SOL_S6_60_150,logistic_poly2,up_imb25 dn_imb25,0.01737026501237323
SOL_S6_60_150,logistic_poly2,up_imb25 up_queue_top_bid,0.07143641908714758
SOL_S6_60_150,logistic_poly2,up_imb25 up_micro_dev_bps,0.024475608147088126
SOL_S6_60_150,logistic_poly2,up_imb25 dn_micro_dev_bps,0.031061706577971502
SOL_S6_60_150,logistic_poly2,up_imb25 up_bid_slope,0.004229056863446177
SOL_S6_60_150,logistic_poly2,up_imb25 up_ask_slope,-0.002596673474398767
SOL_S6_60_150,logistic_poly2,up_imb25 dn_bid_slope,0.0027544193359512357
SOL_S6_60_150,logistic_poly2,up_imb25 dn_ask_slope,-0.0039078774492314295
SOL_S6_60_150,logistic_poly2,up_imb25 up_imb5_change_500ms,0.013166713312433647
SOL_S6_60_150,logistic_poly2,up_imb25 up_quote_intensity_5s,0.05614807363826552
SOL_S6_60_150,logistic_poly2,up_imb25 ribbon_alignment_pct,-0.038954856742540137
SOL_S6_60_150,logistic_poly2,up_imb25 ribbon_compression_bps,0.027120570861871324
SOL_S6_60_150,logistic_poly2,up_imb25 adx_14,0.07520527313494899
SOL_S6_60_150,logistic_poly2,up_imb25 plus_di_14,0.03975073160186962
SOL_S6_60_150,logistic_poly2,up_imb25 minus_di_14,0.04506740339624224
SOL_S6_60_150,logistic_poly2,up_imb25 vwap_since_open_bps,0.03214795942997954
SOL_S6_60_150,logistic_poly2,up_imb25 mfi_60s,-0.011155464763903339
SOL_S6_60_150,logistic_poly2,up_imb25 stoch_k_60s,0.014169494027393042
SOL_S6_60_150,logistic_poly2,up_imb25 stoch_d_60s,0.014631338071303127
SOL_S6_60_150,logistic_poly2,up_imb25 cci_60s,-0.05922450429243284
SOL_S6_60_150,logistic_poly2,up_imb25 bb_pos_60s,0.04804211452262799
SOL_S6_60_150,logistic_poly2,up_imb25 bb_width_60s,0.01346084546166635
SOL_S6_60_150,logistic_poly2,up_imb25 ofi_skew_l1_30s,0.020387863294687638
SOL_S6_60_150,logistic_poly2,up_imb25 mlofi_skew_l5_30s,0.022140471478659364
SOL_S6_60_150,logistic_poly2,up_imb25 mlofi_skew_l5_60s,0.03171536773808295
SOL_S6_60_150,logistic_poly2,up_imb25 mlofi_skew_l25_30s,-0.011391436508487111
SOL_S6_60_150,logistic_poly2,up_imb25 rsi_14,0.02993760336496597
SOL_S6_60_150,logistic_poly2,up_imb25 cvd,0.09062222372894363
SOL_S6_60_150,logistic_poly2,up_imb25 vpin_value,-0.02906303077393439
SOL_S6_60_150,logistic_poly2,up_imb25 vpin_zscore,-0.0046165052061496875
SOL_S6_60_150,logistic_poly2,up_imb25 as_uncertainty,0.021503624683465103
SOL_S6_60_150,logistic_poly2,up_imb25 as_skew,0.034236297058344946
SOL_S6_60_150,logistic_poly2,dn_imb25 up_queue_top_bid,-0.07157981877208595
SOL_S6_60_150,logistic_poly2,dn_imb25 up_micro_dev_bps,-0.024491135007633173
SOL_S6_60_150,logistic_poly2,dn_imb25 dn_micro_dev_bps,-0.030990208947177602
SOL_S6_60_150,logistic_poly2,dn_imb25 up_bid_slope,-0.004094860103579527
SOL_S6_60_150,logistic_poly2,dn_imb25 up_ask_slope,0.002534882729559825
SOL_S6_60_150,logistic_poly2,dn_imb25 dn_bid_slope,-0.0026924540136497206
SOL_S6_60_150,logistic_poly2,dn_imb25 dn_ask_slope,0.0037713330817245906
SOL_S6_60_150,logistic_poly2,dn_imb25 up_imb5_change_500ms,-0.013171614627938043
SOL_S6_60_150,logistic_poly2,dn_imb25 up_quote_intensity_5s,-0.05623813579991117
SOL_S6_60_150,logistic_poly2,dn_imb25 ribbon_alignment_pct,0.03883391295302141
SOL_S6_60_150,logistic_poly2,dn_imb25 ribbon_compression_bps,-0.027133393870849745
SOL_S6_60_150,logistic_poly2,dn_imb25 adx_14,-0.07518056348495128
SOL_S6_60_150,logistic_poly2,dn_imb25 plus_di_14,-0.03967314501314326
SOL_S6_60_150,logistic_poly2,dn_imb25 minus_di_14,-0.045191243286910134
SOL_S6_60_150,logistic_poly2,dn_imb25 vwap_since_open_bps,-0.03217880759112592
SOL_S6_60_150,logistic_poly2,dn_imb25 mfi_60s,0.011023576330815526
SOL_S6_60_150,logistic_poly2,dn_imb25 stoch_k_60s,-0.014184383321816143
SOL_S6_60_150,logistic_poly2,dn_imb25 stoch_d_60s,-0.014660642066443711
SOL_S6_60_150,logistic_poly2,dn_imb25 cci_60s,0.05925959440746094
SOL_S6_60_150,logistic_poly2,dn_imb25 bb_pos_60s,-0.04799980846382457
SOL_S6_60_150,logistic_poly2,dn_imb25 bb_width_60s,-0.013460972401746487
SOL_S6_60_150,logistic_poly2,dn_imb25 ofi_skew_l1_30s,-0.020408683436383794
SOL_S6_60_150,logistic_poly2,dn_imb25 mlofi_skew_l5_30s,-0.022150369557895396
SOL_S6_60_150,logistic_poly2,dn_imb25 mlofi_skew_l5_60s,-0.031718096436990056
SOL_S6_60_150,logistic_poly2,dn_imb25 mlofi_skew_l25_30s,0.011382993004530075
SOL_S6_60_150,logistic_poly2,dn_imb25 rsi_14,-0.029743963074483452
SOL_S6_60_150,logistic_poly2,dn_imb25 cvd,-0.09076992685288336
SOL_S6_60_150,logistic_poly2,dn_imb25 vpin_value,0.029109611734221708
SOL_S6_60_150,logistic_poly2,dn_imb25 vpin_zscore,0.004681392804839154
SOL_S6_60_150,logistic_poly2,dn_imb25 as_uncertainty,-0.021467576218201084
SOL_S6_60_150,logistic_poly2,dn_imb25 as_skew,-0.034223353555352345
SOL_S6_60_150,logistic_poly2,up_queue_top_bid up_micro_dev_bps,-0.008030540956586148
SOL_S6_60_150,logistic_poly2,up_queue_top_bid dn_micro_dev_bps,-0.011010547749288831
SOL_S6_60_150,logistic_poly2,up_queue_top_bid up_bid_slope,0.09306670827665546
SOL_S6_60_150,logistic_poly2,up_queue_top_bid up_ask_slope,0.027137104968747577
SOL_S6_60_150,logistic_poly2,up_queue_top_bid dn_bid_slope,-0.027169894209736218
SOL_S6_60_150,logistic_poly2,up_queue_top_bid dn_ask_slope,-0.09351542895912987
SOL_S6_60_150,logistic_poly2,up_queue_top_bid up_imb5_change_500ms,0.010487051040803807
SOL_S6_60_150,logistic_poly2,up_queue_top_bid up_quote_intensity_5s,-0.016460633033800114
SOL_S6_60_150,logistic_poly2,up_queue_top_bid ribbon_alignment_pct,-0.017698105315224043
SOL_S6_60_150,logistic_poly2,up_queue_top_bid ribbon_compression_bps,-0.031310669561674956
SOL_S6_60_150,logistic_poly2,up_queue_top_bid adx_14,-0.021638268163269293
SOL_S6_60_150,logistic_poly2,up_queue_top_bid plus_di_14,0.010605655146617654
SOL_S6_60_150,logistic_poly2,up_queue_top_bid minus_di_14,-0.07356001350516417
SOL_S6_60_150,logistic_poly2,up_queue_top_bid vwap_since_open_bps,-0.031147461279049018
SOL_S6_60_150,logistic_poly2,up_queue_top_bid mfi_60s,-0.06966389096310101
SOL_S6_60_150,logistic_poly2,up_queue_top_bid stoch_k_60s,-0.0053851664674837525
SOL_S6_60_150,logistic_poly2,up_queue_top_bid stoch_d_60s,-0.006677369036341918
SOL_S6_60_150,logistic_poly2,up_queue_top_bid cci_60s,0.009394101776140912
SOL_S6_60_150,logistic_poly2,up_queue_top_bid bb_pos_60s,-0.008766621225987712
SOL_S6_60_150,logistic_poly2,up_queue_top_bid bb_width_60s,-0.005999785950463862
SOL_S6_60_150,logistic_poly2,up_queue_top_bid ofi_skew_l1_30s,-0.0017793313294647492
SOL_S6_60_150,logistic_poly2,up_queue_top_bid mlofi_skew_l5_30s,-9.84666071780901e-05
SOL_S6_60_150,logistic_poly2,up_queue_top_bid mlofi_skew_l5_60s,0.004673051144079659
SOL_S6_60_150,logistic_poly2,up_queue_top_bid mlofi_skew_l25_30s,-0.012039166584784655
SOL_S6_60_150,logistic_poly2,up_queue_top_bid rsi_14,0.01629796208937868
SOL_S6_60_150,logistic_poly2,up_queue_top_bid cvd,0.012023198115616794
SOL_S6_60_150,logistic_poly2,up_queue_top_bid vpin_value,0.00691399676701264
SOL_S6_60_150,logistic_poly2,up_queue_top_bid vpin_zscore,0.0046149907575770525
SOL_S6_60_150,logistic_poly2,up_queue_top_bid as_uncertainty,0.013029760931368258
SOL_S6_60_150,logistic_poly2,up_queue_top_bid as_skew,-0.0053668337892952165
SOL_S6_60_150,logistic_poly2,up_micro_dev_bps dn_micro_dev_bps,0.002100388662051714
SOL_S6_60_150,logistic_poly2,up_micro_dev_bps up_bid_slope,0.001806477032400388
SOL_S6_60_150,logistic_poly2,up_micro_dev_bps up_ask_slope,0.047833819971208426
SOL_S6_60_150,logistic_poly2,up_micro_dev_bps dn_bid_slope,-0.04778531869594399
SOL_S6_60_150,logistic_poly2,up_micro_dev_bps dn_ask_slope,-0.0018998447891045505
SOL_S6_60_150,logistic_poly2,up_micro_dev_bps up_imb5_change_500ms,0.013840658763074942
SOL_S6_60_150,logistic_poly2,up_micro_dev_bps up_quote_intensity_5s,-0.04390476144944679
SOL_S6_60_150,logistic_poly2,up_micro_dev_bps ribbon_alignment_pct,-0.032285910589007615
SOL_S6_60_150,logistic_poly2,up_micro_dev_bps ribbon_compression_bps,-0.02585280126145651
SOL_S6_60_150,logistic_poly2,up_micro_dev_bps adx_14,0.025102704613326827
SOL_S6_60_150,logistic_poly2,up_micro_dev_bps plus_di_14,-0.005182128109701275
SOL_S6_60_150,logistic_poly2,up_micro_dev_bps minus_di_14,0.009220920031649605
SOL_S6_60_150,logistic_poly2,up_micro_dev_bps vwap_since_open_bps,-0.04081168568161403
SOL_S6_60_150,logistic_poly2,up_micro_dev_bps mfi_60s,0.015023349028037243
SOL_S6_60_150,logistic_poly2,up_micro_dev_bps stoch_k_60s,-0.0324195297089629
SOL_S6_60_150,logistic_poly2,up_micro_dev_bps stoch_d_60s,-0.03574041862924252
SOL_S6_60_150,logistic_poly2,up_micro_dev_bps cci_60s,-0.013201133228230624
SOL_S6_60_150,logistic_poly2,up_micro_dev_bps bb_pos_60s,0.020366346507552344
SOL_S6_60_150,logistic_poly2,up_micro_dev_bps bb_width_60s,-0.03304275844076162
SOL_S6_60_150,logistic_poly2,up_micro_dev_bps ofi_skew_l1_30s,-0.004606821368228634
SOL_S6_60_150,logistic_poly2,up_micro_dev_bps mlofi_skew_l5_30s,-0.002632114534644256
SOL_S6_60_150,logistic_poly2,up_micro_dev_bps mlofi_skew_l5_60s,-0.007994874595519005
SOL_S6_60_150,logistic_poly2,up_micro_dev_bps mlofi_skew_l25_30s,-0.006483885861057503
SOL_S6_60_150,logistic_poly2,up_micro_dev_bps rsi_14,0.0038709441323309494
SOL_S6_60_150,logistic_poly2,up_micro_dev_bps cvd,-0.0004380532718719044
SOL_S6_60_150,logistic_poly2,up_micro_dev_bps vpin_value,0.004717391723632714
SOL_S6_60_150,logistic_poly2,up_micro_dev_bps vpin_zscore,-0.011177816106560544
SOL_S6_60_150,logistic_poly2,up_micro_dev_bps as_uncertainty,-0.04413028392409949
SOL_S6_60_150,logistic_poly2,up_micro_dev_bps as_skew,-0.015271533682909032
SOL_S6_60_150,logistic_poly2,dn_micro_dev_bps up_bid_slope,0.03021559615901652
SOL_S6_60_150,logistic_poly2,dn_micro_dev_bps up_ask_slope,0.028107728160838754
SOL_S6_60_150,logistic_poly2,dn_micro_dev_bps dn_bid_slope,-0.02812143463870143
SOL_S6_60_150,logistic_poly2,dn_micro_dev_bps dn_ask_slope,-0.029861440154821856
SOL_S6_60_150,logistic_poly2,dn_micro_dev_bps up_imb5_change_500ms,-0.008495824848698071
SOL_S6_60_150,logistic_poly2,dn_micro_dev_bps up_quote_intensity_5s,0.005822926693784478
SOL_S6_60_150,logistic_poly2,dn_micro_dev_bps ribbon_alignment_pct,0.08488804312664348
SOL_S6_60_150,logistic_poly2,dn_micro_dev_bps ribbon_compression_bps,-0.012833835422273236
SOL_S6_60_150,logistic_poly2,dn_micro_dev_bps adx_14,-0.025316727406045212
SOL_S6_60_150,logistic_poly2,dn_micro_dev_bps plus_di_14,0.02393200692142624
SOL_S6_60_150,logistic_poly2,dn_micro_dev_bps minus_di_14,-0.03718351732174956
SOL_S6_60_150,logistic_poly2,dn_micro_dev_bps vwap_since_open_bps,-0.015895926656692684
SOL_S6_60_150,logistic_poly2,dn_micro_dev_bps mfi_60s,0.02223123619222035
SOL_S6_60_150,logistic_poly2,dn_micro_dev_bps stoch_k_60s,0.005062526577818403
SOL_S6_60_150,logistic_poly2,dn_micro_dev_bps stoch_d_60s,0.013454412968409355
SOL_S6_60_150,logistic_poly2,dn_micro_dev_bps cci_60s,-0.03935025663529836
SOL_S6_60_150,logistic_poly2,dn_micro_dev_bps bb_pos_60s,-0.07928470823169545
SOL_S6_60_150,logistic_poly2,dn_micro_dev_bps bb_width_60s,0.001805488979593965
SOL_S6_60_150,logistic_poly2,dn_micro_dev_bps ofi_skew_l1_30s,-0.0015748015501027405
SOL_S6_60_150,logistic_poly2,dn_micro_dev_bps mlofi_skew_l5_30s,-0.01581439228703145
SOL_S6_60_150,logistic_poly2,dn_micro_dev_bps mlofi_skew_l5_60s,-0.012979724043743542
SOL_S6_60_150,logistic_poly2,dn_micro_dev_bps mlofi_skew_l25_30s,-0.04905446318836548
SOL_S6_60_150,logistic_poly2,dn_micro_dev_bps rsi_14,-0.025003352156727148
SOL_S6_60_150,logistic_poly2,dn_micro_dev_bps cvd,0.0593298458780629
SOL_S6_60_150,logistic_poly2,dn_micro_dev_bps vpin_value,-0.05369969146226895
SOL_S6_60_150,logistic_poly2,dn_micro_dev_bps vpin_zscore,-0.03993160929959694
SOL_S6_60_150,logistic_poly2,dn_micro_dev_bps as_uncertainty,0.01631166371934088
SOL_S6_60_150,logistic_poly2,dn_micro_dev_bps as_skew,-0.013257163796680233
SOL_S6_60_150,logistic_poly2,up_bid_slope up_ask_slope,0.05624321373322967
SOL_S6_60_150,logistic_poly2,up_bid_slope dn_bid_slope,-0.05620438244559508
SOL_S6_60_150,logistic_poly2,up_bid_slope dn_ask_slope,0.022648509994872626
SOL_S6_60_150,logistic_poly2,up_bid_slope up_imb5_change_500ms,-0.004867883033984971
SOL_S6_60_150,logistic_poly2,up_bid_slope up_quote_intensity_5s,0.011994745846471776
SOL_S6_60_150,logistic_poly2,up_bid_slope ribbon_alignment_pct,0.0002754290464975551
SOL_S6_60_150,logistic_poly2,up_bid_slope ribbon_compression_bps,0.03966361931245147
SOL_S6_60_150,logistic_poly2,up_bid_slope adx_14,0.0008092607004406219
SOL_S6_60_150,logistic_poly2,up_bid_slope plus_di_14,0.03156146441899048
SOL_S6_60_150,logistic_poly2,up_bid_slope minus_di_14,0.03506181430041988
SOL_S6_60_150,logistic_poly2,up_bid_slope vwap_since_open_bps,0.06253588668580139
SOL_S6_60_150,logistic_poly2,up_bid_slope mfi_60s,0.029573982760214286
SOL_S6_60_150,logistic_poly2,up_bid_slope stoch_k_60s,0.03219683400079924
SOL_S6_60_150,logistic_poly2,up_bid_slope stoch_d_60s,0.0627424224905407
SOL_S6_60_150,logistic_poly2,up_bid_slope cci_60s,0.02800044264666076
SOL_S6_60_150,logistic_poly2,up_bid_slope bb_pos_60s,0.0965218014572653
SOL_S6_60_150,logistic_poly2,up_bid_slope bb_width_60s,0.0008273657961219375
SOL_S6_60_150,logistic_poly2,up_bid_slope ofi_skew_l1_30s,0.026521004139464788
SOL_S6_60_150,logistic_poly2,up_bid_slope mlofi_skew_l5_30s,0.035665822765006086
SOL_S6_60_150,logistic_poly2,up_bid_slope mlofi_skew_l5_60s,0.02936549087716758
SOL_S6_60_150,logistic_poly2,up_bid_slope mlofi_skew_l25_30s,0.022770943843526646
SOL_S6_60_150,logistic_poly2,up_bid_slope rsi_14,0.03916742955746009
SOL_S6_60_150,logistic_poly2,up_bid_slope cvd,0.04874943995233455
SOL_S6_60_150,logistic_poly2,up_bid_slope vpin_value,0.03252924482457064
SOL_S6_60_150,logistic_poly2,up_bid_slope vpin_zscore,0.05488915145656624
SOL_S6_60_150,logistic_poly2,up_bid_slope as_uncertainty,0.00865065881625756
SOL_S6_60_150,logistic_poly2,up_bid_slope as_skew,0.024170926101911683
SOL_S6_60_150,logistic_poly2,up_ask_slope dn_bid_slope,0.029687728526533712
SOL_S6_60_150,logistic_poly2,up_ask_slope dn_ask_slope,-0.056241789323970066
SOL_S6_60_150,logistic_poly2,up_ask_slope up_imb5_change_500ms,0.014303182164736349
SOL_S6_60_150,logistic_poly2,up_ask_slope up_quote_intensity_5s,0.04031054234024038
SOL_S6_60_150,logistic_poly2,up_ask_slope ribbon_alignment_pct,-0.0675920135458789
SOL_S6_60_150,logistic_poly2,up_ask_slope ribbon_compression_bps,0.04025224644727804
SOL_S6_60_150,logistic_poly2,up_ask_slope adx_14,-0.04867180966534205
SOL_S6_60_150,logistic_poly2,up_ask_slope plus_di_14,0.017307887489078015
SOL_S6_60_150,logistic_poly2,up_ask_slope minus_di_14,0.04667898390708727
SOL_S6_60_150,logistic_poly2,up_ask_slope vwap_since_open_bps,0.021354829210627074
SOL_S6_60_150,logistic_poly2,up_ask_slope mfi_60s,-0.040651895058187906
SOL_S6_60_150,logistic_poly2,up_ask_slope stoch_k_60s,0.019826444535291782
SOL_S6_60_150,logistic_poly2,up_ask_slope stoch_d_60s,-0.01070650242461026
SOL_S6_60_150,logistic_poly2,up_ask_slope cci_60s,0.004515699863640985
SOL_S6_60_150,logistic_poly2,up_ask_slope bb_pos_60s,0.06456095800938601
SOL_S6_60_150,logistic_poly2,up_ask_slope bb_width_60s,0.02626257227317132
SOL_S6_60_150,logistic_poly2,up_ask_slope ofi_skew_l1_30s,-0.005099785374670252
SOL_S6_60_150,logistic_poly2,up_ask_slope mlofi_skew_l5_30s,-0.007006077723794023
SOL_S6_60_150,logistic_poly2,up_ask_slope mlofi_skew_l5_60s,0.003465842132107438
SOL_S6_60_150,logistic_poly2,up_ask_slope mlofi_skew_l25_30s,-0.003970345324406793
SOL_S6_60_150,logistic_poly2,up_ask_slope rsi_14,0.027350475010266845
SOL_S6_60_150,logistic_poly2,up_ask_slope cvd,-0.05934316271259481
SOL_S6_60_150,logistic_poly2,up_ask_slope vpin_value,-0.02118361353196253
SOL_S6_60_150,logistic_poly2,up_ask_slope vpin_zscore,-0.01421730532275259
SOL_S6_60_150,logistic_poly2,up_ask_slope as_uncertainty,-0.015834692608025624
SOL_S6_60_150,logistic_poly2,up_ask_slope as_skew,0.02586237931905435
SOL_S6_60_150,logistic_poly2,dn_bid_slope dn_ask_slope,0.05620289899888345
SOL_S6_60_150,logistic_poly2,dn_bid_slope up_imb5_change_500ms,-0.014293769550170149
SOL_S6_60_150,logistic_poly2,dn_bid_slope up_quote_intensity_5s,-0.040325188445281795
SOL_S6_60_150,logistic_poly2,dn_bid_slope ribbon_alignment_pct,0.0674290794198575
SOL_S6_60_150,logistic_poly2,dn_bid_slope ribbon_compression_bps,-0.04030903337111977
SOL_S6_60_150,logistic_poly2,dn_bid_slope adx_14,0.048753850318854555
SOL_S6_60_150,logistic_poly2,dn_bid_slope plus_di_14,-0.017125787047447986
SOL_S6_60_150,logistic_poly2,dn_bid_slope minus_di_14,-0.04674788370906108
SOL_S6_60_150,logistic_poly2,dn_bid_slope vwap_since_open_bps,-0.02143099393069648
SOL_S6_60_150,logistic_poly2,dn_bid_slope mfi_60s,0.04056003225642035
SOL_S6_60_150,logistic_poly2,dn_bid_slope stoch_k_60s,-0.020015650068748492
SOL_S6_60_150,logistic_poly2,dn_bid_slope stoch_d_60s,0.010515134915520153
SOL_S6_60_150,logistic_poly2,dn_bid_slope cci_60s,-0.004616628309335285
SOL_S6_60_150,logistic_poly2,dn_bid_slope bb_pos_60s,-0.06449650329772301
SOL_S6_60_150,logistic_poly2,dn_bid_slope bb_width_60s,-0.026380130474187313
SOL_S6_60_150,logistic_poly2,dn_bid_slope ofi_skew_l1_30s,0.005076511421440184
SOL_S6_60_150,logistic_poly2,dn_bid_slope mlofi_skew_l5_30s,0.006967789727323966
SOL_S6_60_150,logistic_poly2,dn_bid_slope mlofi_skew_l5_60s,-0.003489651346050755
SOL_S6_60_150,logistic_poly2,dn_bid_slope mlofi_skew_l25_30s,0.003960045256268667
SOL_S6_60_150,logistic_poly2,dn_bid_slope rsi_14,-0.02732436114897531
SOL_S6_60_150,logistic_poly2,dn_bid_slope cvd,0.05932139764222856
SOL_S6_60_150,logistic_poly2,dn_bid_slope vpin_value,0.021088509199867905
SOL_S6_60_150,logistic_poly2,dn_bid_slope vpin_zscore,0.014106262323953636
SOL_S6_60_150,logistic_poly2,dn_bid_slope as_uncertainty,0.015879126246146864
SOL_S6_60_150,logistic_poly2,dn_bid_slope as_skew,-0.02593125840833329
SOL_S6_60_150,logistic_poly2,dn_ask_slope up_imb5_change_500ms,0.0048428555091167445
SOL_S6_60_150,logistic_poly2,dn_ask_slope up_quote_intensity_5s,-0.012791280903830981
SOL_S6_60_150,logistic_poly2,dn_ask_slope ribbon_alignment_pct,-0.0005672522905492933
SOL_S6_60_150,logistic_poly2,dn_ask_slope ribbon_compression_bps,-0.03953204592358475
SOL_S6_60_150,logistic_poly2,dn_ask_slope adx_14,-0.000926052867828505
SOL_S6_60_150,logistic_poly2,dn_ask_slope plus_di_14,-0.031179537907417707
SOL_S6_60_150,logistic_poly2,dn_ask_slope minus_di_14,-0.0357314833778137
SOL_S6_60_150,logistic_poly2,dn_ask_slope vwap_since_open_bps,-0.06248698749198794
SOL_S6_60_150,logistic_poly2,dn_ask_slope mfi_60s,-0.030357469411722095
SOL_S6_60_150,logistic_poly2,dn_ask_slope stoch_k_60s,-0.032236978909715684
SOL_S6_60_150,logistic_poly2,dn_ask_slope stoch_d_60s,-0.06275733854159476
SOL_S6_60_150,logistic_poly2,dn_ask_slope cci_60s,-0.027664727926126235
SOL_S6_60_150,logistic_poly2,dn_ask_slope bb_pos_60s,-0.0964450936774876
SOL_S6_60_150,logistic_poly2,dn_ask_slope bb_width_60s,-0.0006305366867708286
SOL_S6_60_150,logistic_poly2,dn_ask_slope ofi_skew_l1_30s,-0.02657571995809724
SOL_S6_60_150,logistic_poly2,dn_ask_slope mlofi_skew_l5_30s,-0.03560778495128635
SOL_S6_60_150,logistic_poly2,dn_ask_slope mlofi_skew_l5_60s,-0.029321383346805584
SOL_S6_60_150,logistic_poly2,dn_ask_slope mlofi_skew_l25_30s,-0.022750552572165097
SOL_S6_60_150,logistic_poly2,dn_ask_slope rsi_14,-0.038498901590311434
SOL_S6_60_150,logistic_poly2,dn_ask_slope cvd,-0.04911692188989101
SOL_S6_60_150,logistic_poly2,dn_ask_slope vpin_value,-0.032334700015682255
SOL_S6_60_150,logistic_poly2,dn_ask_slope vpin_zscore,-0.054582485185004845
SOL_S6_60_150,logistic_poly2,dn_ask_slope as_uncertainty,-0.008493782611689564
SOL_S6_60_150,logistic_poly2,dn_ask_slope as_skew,-0.024093841633949082
SOL_S6_60_150,logistic_poly2,up_imb5_change_500ms up_quote_intensity_5s,-0.05963401216184129
SOL_S6_60_150,logistic_poly2,up_imb5_change_500ms ribbon_alignment_pct,0.0147801662024829
SOL_S6_60_150,logistic_poly2,up_imb5_change_500ms ribbon_compression_bps,0.046323793738622256
SOL_S6_60_150,logistic_poly2,up_imb5_change_500ms adx_14,-0.02736559614920954
SOL_S6_60_150,logistic_poly2,up_imb5_change_500ms plus_di_14,-0.002383408675953805
SOL_S6_60_150,logistic_poly2,up_imb5_change_500ms minus_di_14,0.026343976300814916
SOL_S6_60_150,logistic_poly2,up_imb5_change_500ms vwap_since_open_bps,0.03772879375291329
SOL_S6_60_150,logistic_poly2,up_imb5_change_500ms mfi_60s,-0.0109828982971724
SOL_S6_60_150,logistic_poly2,up_imb5_change_500ms stoch_k_60s,0.01836774905118367
SOL_S6_60_150,logistic_poly2,up_imb5_change_500ms stoch_d_60s,0.01599978302869414
SOL_S6_60_150,logistic_poly2,up_imb5_change_500ms cci_60s,-0.01168789723487236
SOL_S6_60_150,logistic_poly2,up_imb5_change_500ms bb_pos_60s,0.028166124426131683
SOL_S6_60_150,logistic_poly2,up_imb5_change_500ms bb_width_60s,0.05859309189053454
SOL_S6_60_150,logistic_poly2,up_imb5_change_500ms ofi_skew_l1_30s,0.006303761214717654
SOL_S6_60_150,logistic_poly2,up_imb5_change_500ms mlofi_skew_l5_30s,0.010812815606930605
SOL_S6_60_150,logistic_poly2,up_imb5_change_500ms mlofi_skew_l5_60s,0.014878009789688935
SOL_S6_60_150,logistic_poly2,up_imb5_change_500ms mlofi_skew_l25_30s,0.01868974621993488
SOL_S6_60_150,logistic_poly2,up_imb5_change_500ms rsi_14,-0.015125210750206237
SOL_S6_60_150,logistic_poly2,up_imb5_change_500ms cvd,-0.0912404676015277
SOL_S6_60_150,logistic_poly2,up_imb5_change_500ms vpin_value,0.02674256498842864
SOL_S6_60_150,logistic_poly2,up_imb5_change_500ms vpin_zscore,0.036661275769853806
SOL_S6_60_150,logistic_poly2,up_imb5_change_500ms as_uncertainty,0.04959107239886988
SOL_S6_60_150,logistic_poly2,up_imb5_change_500ms as_skew,0.03781980096062618
SOL_S6_60_150,logistic_poly2,up_quote_intensity_5s ribbon_alignment_pct,-0.04753490946986415
SOL_S6_60_150,logistic_poly2,up_quote_intensity_5s ribbon_compression_bps,-0.0021875906829976763
SOL_S6_60_150,logistic_poly2,up_quote_intensity_5s adx_14,0.056041153983913766
SOL_S6_60_150,logistic_poly2,up_quote_intensity_5s plus_di_14,-0.08491059962593323
SOL_S6_60_150,logistic_poly2,up_quote_intensity_5s minus_di_14,-0.03521666142295027
SOL_S6_60_150,logistic_poly2,up_quote_intensity_5s vwap_since_open_bps,-0.04675873846908927
SOL_S6_60_150,logistic_poly2,up_quote_intensity_5s mfi_60s,-0.08827947597578975
SOL_S6_60_150,logistic_poly2,up_quote_intensity_5s stoch_k_60s,-0.06419153771779938
SOL_S6_60_150,logistic_poly2,up_quote_intensity_5s stoch_d_60s,-0.051275015426551815
SOL_S6_60_150,logistic_poly2,up_quote_intensity_5s cci_60s,-0.0663872659385675
SOL_S6_60_150,logistic_poly2,up_quote_intensity_5s bb_pos_60s,-0.01823254225969987
SOL_S6_60_150,logistic_poly2,up_quote_intensity_5s bb_width_60s,-0.04233853932545465
SOL_S6_60_150,logistic_poly2,up_quote_intensity_5s ofi_skew_l1_30s,-0.011651297479801549
SOL_S6_60_150,logistic_poly2,up_quote_intensity_5s mlofi_skew_l5_30s,-0.026098883403829563
SOL_S6_60_150,logistic_poly2,up_quote_intensity_5s mlofi_skew_l5_60s,-0.03319293668585577
SOL_S6_60_150,logistic_poly2,up_quote_intensity_5s mlofi_skew_l25_30s,-0.05791533791724765
SOL_S6_60_150,logistic_poly2,up_quote_intensity_5s rsi_14,0.03764469524595726
SOL_S6_60_150,logistic_poly2,up_quote_intensity_5s cvd,-0.09657368348507846
SOL_S6_60_150,logistic_poly2,up_quote_intensity_5s vpin_value,0.1480490216069854
SOL_S6_60_150,logistic_poly2,up_quote_intensity_5s vpin_zscore,0.07582596693789978
SOL_S6_60_150,logistic_poly2,up_quote_intensity_5s as_uncertainty,0.040528981263717984
SOL_S6_60_150,logistic_poly2,up_quote_intensity_5s as_skew,-0.0026406144587525202
SOL_S6_60_150,logistic_poly2,ribbon_alignment_pct ribbon_compression_bps,0.07604240813445752
SOL_S6_60_150,logistic_poly2,ribbon_alignment_pct adx_14,0.011474564013206404
SOL_S6_60_150,logistic_poly2,ribbon_alignment_pct plus_di_14,0.05661058223978029
SOL_S6_60_150,logistic_poly2,ribbon_alignment_pct minus_di_14,0.009695239097042006
SOL_S6_60_150,logistic_poly2,ribbon_alignment_pct vwap_since_open_bps,0.030077689945115674
SOL_S6_60_150,logistic_poly2,ribbon_alignment_pct mfi_60s,-0.06919853661632039
SOL_S6_60_150,logistic_poly2,ribbon_alignment_pct stoch_k_60s,-0.01718368990209972
SOL_S6_60_150,logistic_poly2,ribbon_alignment_pct stoch_d_60s,-0.029747802890160026
SOL_S6_60_150,logistic_poly2,ribbon_alignment_pct cci_60s,7.837249749296958e-05
SOL_S6_60_150,logistic_poly2,ribbon_alignment_pct bb_pos_60s,-0.060250811961559785
SOL_S6_60_150,logistic_poly2,ribbon_alignment_pct bb_width_60s,0.07956591091899361
SOL_S6_60_150,logistic_poly2,ribbon_alignment_pct ofi_skew_l1_30s,-0.016027059304560946
SOL_S6_60_150,logistic_poly2,ribbon_alignment_pct mlofi_skew_l5_30s,-0.0086815104547906
SOL_S6_60_150,logistic_poly2,ribbon_alignment_pct mlofi_skew_l5_60s,0.0011539655220737706
SOL_S6_60_150,logistic_poly2,ribbon_alignment_pct mlofi_skew_l25_30s,0.05653596080671016
SOL_S6_60_150,logistic_poly2,ribbon_alignment_pct rsi_14,-0.031202198850721875
SOL_S6_60_150,logistic_poly2,ribbon_alignment_pct cvd,-0.009646404482775314
SOL_S6_60_150,logistic_poly2,ribbon_alignment_pct vpin_value,0.008202404016449947
SOL_S6_60_150,logistic_poly2,ribbon_alignment_pct vpin_zscore,-0.0028758960441918075
SOL_S6_60_150,logistic_poly2,ribbon_alignment_pct as_uncertainty,0.007229117514643599
SOL_S6_60_150,logistic_poly2,ribbon_alignment_pct as_skew,0.010188017782926845
SOL_S6_60_150,logistic_poly2,ribbon_compression_bps adx_14,-0.049536469379972546
SOL_S6_60_150,logistic_poly2,ribbon_compression_bps plus_di_14,-0.034669372110461866
SOL_S6_60_150,logistic_poly2,ribbon_compression_bps minus_di_14,0.006642360870542734
SOL_S6_60_150,logistic_poly2,ribbon_compression_bps vwap_since_open_bps,0.021615983613294698
SOL_S6_60_150,logistic_poly2,ribbon_compression_bps mfi_60s,-0.007164883014068818
SOL_S6_60_150,logistic_poly2,ribbon_compression_bps stoch_k_60s,0.005877790112730763
SOL_S6_60_150,logistic_poly2,ribbon_compression_bps stoch_d_60s,-0.0005850285517924822
SOL_S6_60_150,logistic_poly2,ribbon_compression_bps cci_60s,-0.0007876769413011787
SOL_S6_60_150,logistic_poly2,ribbon_compression_bps bb_pos_60s,-0.08833037981546689
SOL_S6_60_150,logistic_poly2,ribbon_compression_bps bb_width_60s,0.06431576629726282
SOL_S6_60_150,logistic_poly2,ribbon_compression_bps ofi_skew_l1_30s,-0.004613753133190856
SOL_S6_60_150,logistic_poly2,ribbon_compression_bps mlofi_skew_l5_30s,-0.0032252957261858016
SOL_S6_60_150,logistic_poly2,ribbon_compression_bps mlofi_skew_l5_60s,-0.008606878863923377
SOL_S6_60_150,logistic_poly2,ribbon_compression_bps mlofi_skew_l25_30s,0.0372624176096789
SOL_S6_60_150,logistic_poly2,ribbon_compression_bps rsi_14,-0.03372430149210474
SOL_S6_60_150,logistic_poly2,ribbon_compression_bps cvd,0.05983347041860147
SOL_S6_60_150,logistic_poly2,ribbon_compression_bps vpin_value,0.0036393353706874803
SOL_S6_60_150,logistic_poly2,ribbon_compression_bps vpin_zscore,0.0014072916106142857
SOL_S6_60_150,logistic_poly2,ribbon_compression_bps as_uncertainty,0.0305874638238995
SOL_S6_60_150,logistic_poly2,ribbon_compression_bps as_skew,0.0113762242317309
SOL_S6_60_150,logistic_poly2,adx_14 plus_di_14,0.006384468488879917
SOL_S6_60_150,logistic_poly2,adx_14 minus_di_14,-0.04053574422009065
SOL_S6_60_150,logistic_poly2,adx_14 vwap_since_open_bps,-0.07974317953224129
SOL_S6_60_150,logistic_poly2,adx_14 mfi_60s,0.009965998481684587
SOL_S6_60_150,logistic_poly2,adx_14 stoch_k_60s,-0.07162885587743728
SOL_S6_60_150,logistic_poly2,adx_14 stoch_d_60s,-0.06509390379534645
SOL_S6_60_150,logistic_poly2,adx_14 cci_60s,0.07167640911601875
SOL_S6_60_150,logistic_poly2,adx_14 bb_pos_60s,-0.05176044032982011
SOL_S6_60_150,logistic_poly2,adx_14 bb_width_60s,0.02821737113601757
SOL_S6_60_150,logistic_poly2,adx_14 ofi_skew_l1_30s,-0.024833068961230984
SOL_S6_60_150,logistic_poly2,adx_14 mlofi_skew_l5_30s,-0.043711823800646914
SOL_S6_60_150,logistic_poly2,adx_14 mlofi_skew_l5_60s,-0.053251811193129876
SOL_S6_60_150,logistic_poly2,adx_14 mlofi_skew_l25_30s,-0.05285870934692075
SOL_S6_60_150,logistic_poly2,adx_14 rsi_14,0.001967254753273711
SOL_S6_60_150,logistic_poly2,adx_14 cvd,-0.0037944861232270233
SOL_S6_60_150,logistic_poly2,adx_14 vpin_value,0.019136871224675604
SOL_S6_60_150,logistic_poly2,adx_14 vpin_zscore,-0.014245410606334568
SOL_S6_60_150,logistic_poly2,adx_14 as_uncertainty,-0.014722777292104503
SOL_S6_60_150,logistic_poly2,adx_14 as_skew,-0.042332154433959185
SOL_S6_60_150,logistic_poly2,plus_di_14 minus_di_14,-0.09919172472004643
SOL_S6_60_150,logistic_poly2,plus_di_14 vwap_since_open_bps,0.004459502506206393
SOL_S6_60_150,logistic_poly2,plus_di_14 mfi_60s,-0.06214160639713701
SOL_S6_60_150,logistic_poly2,plus_di_14 stoch_k_60s,0.005063118121945573
SOL_S6_60_150,logistic_poly2,plus_di_14 stoch_d_60s,-0.015486167904561015
SOL_S6_60_150,logistic_poly2,plus_di_14 cci_60s,-0.04110891168074096
SOL_S6_60_150,logistic_poly2,plus_di_14 bb_pos_60s,-0.03664402756762789
SOL_S6_60_150,logistic_poly2,plus_di_14 bb_width_60s,-0.0020749550323733864
SOL_S6_60_150,logistic_poly2,plus_di_14 ofi_skew_l1_30s,0.01117381067563591
SOL_S6_60_150,logistic_poly2,plus_di_14 mlofi_skew_l5_30s,0.01019385321710468
SOL_S6_60_150,logistic_poly2,plus_di_14 mlofi_skew_l5_60s,0.009062435508239906
SOL_S6_60_150,logistic_poly2,plus_di_14 mlofi_skew_l25_30s,0.003909714188605143
SOL_S6_60_150,logistic_poly2,plus_di_14 rsi_14,0.0691227275978089
SOL_S6_60_150,logistic_poly2,plus_di_14 cvd,-0.04145765916530143
SOL_S6_60_150,logistic_poly2,plus_di_14 vpin_value,-0.051538097285923234
SOL_S6_60_150,logistic_poly2,plus_di_14 vpin_zscore,-0.057182686702003924
SOL_S6_60_150,logistic_poly2,plus_di_14 as_uncertainty,0.019075187225138967
SOL_S6_60_150,logistic_poly2,plus_di_14 as_skew,0.020663776210133288
SOL_S6_60_150,logistic_poly2,minus_di_14 vwap_since_open_bps,-0.04220892839267364
SOL_S6_60_150,logistic_poly2,minus_di_14 mfi_60s,-0.1256914023945528
SOL_S6_60_150,logistic_poly2,minus_di_14 stoch_k_60s,-0.05183197214016374
SOL_S6_60_150,logistic_poly2,minus_di_14 stoch_d_60s,-0.025231715210812813
SOL_S6_60_150,logistic_poly2,minus_di_14 cci_60s,-0.007495983956069623
SOL_S6_60_150,logistic_poly2,minus_di_14 bb_pos_60s,-0.06246750523198284
SOL_S6_60_150,logistic_poly2,minus_di_14 bb_width_60s,0.004211332349916227
SOL_S6_60_150,logistic_poly2,minus_di_14 ofi_skew_l1_30s,-0.02652184265969585
SOL_S6_60_150,logistic_poly2,minus_di_14 mlofi_skew_l5_30s,-0.032708760898167544
SOL_S6_60_150,logistic_poly2,minus_di_14 mlofi_skew_l5_60s,-0.03456840557289115
SOL_S6_60_150,logistic_poly2,minus_di_14 mlofi_skew_l25_30s,-0.042359526122105466
SOL_S6_60_150,logistic_poly2,minus_di_14 rsi_14,0.004334541125148843
SOL_S6_60_150,logistic_poly2,minus_di_14 cvd,0.03644078670520499
SOL_S6_60_150,logistic_poly2,minus_di_14 vpin_value,0.006550283781628789
SOL_S6_60_150,logistic_poly2,minus_di_14 vpin_zscore,0.01700372502397104
SOL_S6_60_150,logistic_poly2,minus_di_14 as_uncertainty,-0.005884435972529347
SOL_S6_60_150,logistic_poly2,minus_di_14 as_skew,-0.04734190127779606
SOL_S6_60_150,logistic_poly2,vwap_since_open_bps mfi_60s,0.017704766105013175
SOL_S6_60_150,logistic_poly2,vwap_since_open_bps stoch_k_60s,0.04962207059725196
SOL_S6_60_150,logistic_poly2,vwap_since_open_bps stoch_d_60s,0.04399981667525727
SOL_S6_60_150,logistic_poly2,vwap_since_open_bps cci_60s,0.053887204060974164
SOL_S6_60_150,logistic_poly2,vwap_since_open_bps bb_pos_60s,-0.024448535648281138
SOL_S6_60_150,logistic_poly2,vwap_since_open_bps bb_width_60s,0.034662768147168656
SOL_S6_60_150,logistic_poly2,vwap_since_open_bps ofi_skew_l1_30s,-0.013072825533699012
SOL_S6_60_150,logistic_poly2,vwap_since_open_bps mlofi_skew_l5_30s,-0.01914246540632739
SOL_S6_60_150,logistic_poly2,vwap_since_open_bps mlofi_skew_l5_60s,-0.02336251647206831
SOL_S6_60_150,logistic_poly2,vwap_since_open_bps mlofi_skew_l25_30s,-0.010768956221489536
SOL_S6_60_150,logistic_poly2,vwap_since_open_bps rsi_14,-0.053773412819918556
SOL_S6_60_150,logistic_poly2,vwap_since_open_bps cvd,0.018934432647963195
SOL_S6_60_150,logistic_poly2,vwap_since_open_bps vpin_value,-0.01242637832186969
SOL_S6_60_150,logistic_poly2,vwap_since_open_bps vpin_zscore,-0.0036006686189336877
SOL_S6_60_150,logistic_poly2,vwap_since_open_bps as_uncertainty,0.026322334751782542
SOL_S6_60_150,logistic_poly2,vwap_since_open_bps as_skew,-0.000971566196772663
SOL_S6_60_150,logistic_poly2,mfi_60s stoch_k_60s,-0.057007991533634506
SOL_S6_60_150,logistic_poly2,mfi_60s stoch_d_60s,-0.10076775825051687
SOL_S6_60_150,logistic_poly2,mfi_60s cci_60s,0.015916562841785737
SOL_S6_60_150,logistic_poly2,mfi_60s bb_pos_60s,-0.036583699792012245
SOL_S6_60_150,logistic_poly2,mfi_60s bb_width_60s,0.04810313853239003
SOL_S6_60_150,logistic_poly2,mfi_60s ofi_skew_l1_30s,-0.004876245649978988
SOL_S6_60_150,logistic_poly2,mfi_60s mlofi_skew_l5_30s,-0.0037504104135817774
SOL_S6_60_150,logistic_poly2,mfi_60s mlofi_skew_l5_60s,-6.695649713032436e-05
SOL_S6_60_150,logistic_poly2,mfi_60s mlofi_skew_l25_30s,0.05427016163352288
SOL_S6_60_150,logistic_poly2,mfi_60s rsi_14,-0.00966093966278183
SOL_S6_60_150,logistic_poly2,mfi_60s cvd,0.01816822797085104
SOL_S6_60_150,logistic_poly2,mfi_60s vpin_value,0.2004744654352877
SOL_S6_60_150,logistic_poly2,mfi_60s vpin_zscore,0.16158902118297627
SOL_S6_60_150,logistic_poly2,mfi_60s as_uncertainty,-0.04064410828403745
SOL_S6_60_150,logistic_poly2,mfi_60s as_skew,-0.02418568266541766
SOL_S6_60_150,logistic_poly2,stoch_k_60s stoch_d_60s,-0.014406892517396188
SOL_S6_60_150,logistic_poly2,stoch_k_60s cci_60s,-0.031168970746563652
SOL_S6_60_150,logistic_poly2,stoch_k_60s bb_pos_60s,0.0035743931555372284
SOL_S6_60_150,logistic_poly2,stoch_k_60s bb_width_60s,0.040112786312454234
SOL_S6_60_150,logistic_poly2,stoch_k_60s ofi_skew_l1_30s,0.0021934279212653908
SOL_S6_60_150,logistic_poly2,stoch_k_60s mlofi_skew_l5_30s,0.010117608079854934
SOL_S6_60_150,logistic_poly2,stoch_k_60s mlofi_skew_l5_60s,0.005718789775725388
SOL_S6_60_150,logistic_poly2,stoch_k_60s mlofi_skew_l25_30s,0.05879920453898788
SOL_S6_60_150,logistic_poly2,stoch_k_60s rsi_14,-0.02711072186750881
SOL_S6_60_150,logistic_poly2,stoch_k_60s cvd,-0.02487108079719917
SOL_S6_60_150,logistic_poly2,stoch_k_60s vpin_value,-0.04239702491026104
SOL_S6_60_150,logistic_poly2,stoch_k_60s vpin_zscore,-0.031768955500434515
SOL_S6_60_150,logistic_poly2,stoch_k_60s as_uncertainty,0.025092372840221124
SOL_S6_60_150,logistic_poly2,stoch_k_60s as_skew,-0.0024348445745650356
SOL_S6_60_150,logistic_poly2,stoch_d_60s cci_60s,-0.03371149157494327
SOL_S6_60_150,logistic_poly2,stoch_d_60s bb_pos_60s,-0.019895533213465967
SOL_S6_60_150,logistic_poly2,stoch_d_60s bb_width_60s,0.03330875977023191
SOL_S6_60_150,logistic_poly2,stoch_d_60s ofi_skew_l1_30s,-0.0022754576515415822
SOL_S6_60_150,logistic_poly2,stoch_d_60s mlofi_skew_l5_30s,0.004760922743778331
SOL_S6_60_150,logistic_poly2,stoch_d_60s mlofi_skew_l5_60s,0.0014291760644942295
SOL_S6_60_150,logistic_poly2,stoch_d_60s mlofi_skew_l25_30s,0.057716686810095646
SOL_S6_60_150,logistic_poly2,stoch_d_60s rsi_14,-0.040553450793160264
SOL_S6_60_150,logistic_poly2,stoch_d_60s cvd,-0.06569661593218998
SOL_S6_60_150,logistic_poly2,stoch_d_60s vpin_value,-0.08236107006728512
SOL_S6_60_150,logistic_poly2,stoch_d_60s vpin_zscore,-0.06007570623301087
SOL_S6_60_150,logistic_poly2,stoch_d_60s as_uncertainty,0.012614947464145983
SOL_S6_60_150,logistic_poly2,stoch_d_60s as_skew,-0.002337447496781442
SOL_S6_60_150,logistic_poly2,cci_60s bb_pos_60s,-0.08121074421208076
SOL_S6_60_150,logistic_poly2,cci_60s bb_width_60s,0.0387815432778838
SOL_S6_60_150,logistic_poly2,cci_60s ofi_skew_l1_30s,-0.0007120144485550911
SOL_S6_60_150,logistic_poly2,cci_60s mlofi_skew_l5_30s,-0.001176188284142713
SOL_S6_60_150,logistic_poly2,cci_60s mlofi_skew_l5_60s,-0.0038589869246829804
SOL_S6_60_150,logistic_poly2,cci_60s mlofi_skew_l25_30s,0.016237457860008533
SOL_S6_60_150,logistic_poly2,cci_60s rsi_14,-0.06446127178202697
SOL_S6_60_150,logistic_poly2,cci_60s cvd,0.007465400294285319
SOL_S6_60_150,logistic_poly2,cci_60s vpin_value,-0.08238609878474368
SOL_S6_60_150,logistic_poly2,cci_60s vpin_zscore,-0.02588362137151916
SOL_S6_60_150,logistic_poly2,cci_60s as_uncertainty,-0.027617062020960856
SOL_S6_60_150,logistic_poly2,cci_60s as_skew,-0.011248805234780149
SOL_S6_60_150,logistic_poly2,bb_pos_60s bb_width_60s,-0.04103344401018455
SOL_S6_60_150,logistic_poly2,bb_pos_60s ofi_skew_l1_30s,-0.020748735435833207
SOL_S6_60_150,logistic_poly2,bb_pos_60s mlofi_skew_l5_30s,-0.037471820049460196
SOL_S6_60_150,logistic_poly2,bb_pos_60s mlofi_skew_l5_60s,-0.0156976196502433
SOL_S6_60_150,logistic_poly2,bb_pos_60s mlofi_skew_l25_30s,-0.025326399612349164
SOL_S6_60_150,logistic_poly2,bb_pos_60s rsi_14,-0.11547943502364963
SOL_S6_60_150,logistic_poly2,bb_pos_60s cvd,-0.00789625169449525
SOL_S6_60_150,logistic_poly2,bb_pos_60s vpin_value,-0.04079642491133469
SOL_S6_60_150,logistic_poly2,bb_pos_60s vpin_zscore,0.00628616420433322
SOL_S6_60_150,logistic_poly2,bb_pos_60s as_uncertainty,-0.008397952272375024
SOL_S6_60_150,logistic_poly2,bb_pos_60s as_skew,-0.05065173631389267
SOL_S6_60_150,logistic_poly2,bb_width_60s ofi_skew_l1_30s,0.003986903866983985
SOL_S6_60_150,logistic_poly2,bb_width_60s mlofi_skew_l5_30s,0.010838012070367347
SOL_S6_60_150,logistic_poly2,bb_width_60s mlofi_skew_l5_60s,-0.0049233129375046945
SOL_S6_60_150,logistic_poly2,bb_width_60s mlofi_skew_l25_30s,0.024835546530169283
SOL_S6_60_150,logistic_poly2,bb_width_60s rsi_14,0.003730681330784313
SOL_S6_60_150,logistic_poly2,bb_width_60s cvd,0.057633140127624584
SOL_S6_60_150,logistic_poly2,bb_width_60s vpin_value,0.028461827727790594
SOL_S6_60_150,logistic_poly2,bb_width_60s vpin_zscore,0.03006884716284366
SOL_S6_60_150,logistic_poly2,bb_width_60s as_uncertainty,0.041381308707319105
SOL_S6_60_150,logistic_poly2,bb_width_60s as_skew,0.029001117322414716
SOL_S6_60_150,logistic_poly2,ofi_skew_l1_30s mlofi_skew_l5_30s,0.0097509864970223
SOL_S6_60_150,logistic_poly2,ofi_skew_l1_30s mlofi_skew_l5_60s,0.011420539266108212
SOL_S6_60_150,logistic_poly2,ofi_skew_l1_30s mlofi_skew_l25_30s,0.0036637920901347043
SOL_S6_60_150,logistic_poly2,ofi_skew_l1_30s rsi_14,-0.04168064915081517
SOL_S6_60_150,logistic_poly2,ofi_skew_l1_30s cvd,-0.01740820601292284
SOL_S6_60_150,logistic_poly2,ofi_skew_l1_30s vpin_value,-0.006113338276485402
SOL_S6_60_150,logistic_poly2,ofi_skew_l1_30s vpin_zscore,-0.008637264890489011
SOL_S6_60_150,logistic_poly2,ofi_skew_l1_30s as_uncertainty,-0.009636903133883566
SOL_S6_60_150,logistic_poly2,ofi_skew_l1_30s as_skew,-0.010673606467902419
SOL_S6_60_150,logistic_poly2,mlofi_skew_l5_30s mlofi_skew_l5_60s,0.013179733649758265
SOL_S6_60_150,logistic_poly2,mlofi_skew_l5_30s mlofi_skew_l25_30s,0.01927205186703336
SOL_S6_60_150,logistic_poly2,mlofi_skew_l5_30s rsi_14,-0.04884897073040826
SOL_S6_60_150,logistic_poly2,mlofi_skew_l5_30s cvd,-0.01355786863212809
SOL_S6_60_150,logistic_poly2,mlofi_skew_l5_30s vpin_value,-0.004122280479005445
SOL_S6_60_150,logistic_poly2,mlofi_skew_l5_30s vpin_zscore,-0.008309161628506187
SOL_S6_60_150,logistic_poly2,mlofi_skew_l5_30s as_uncertainty,-0.010176884301085171
SOL_S6_60_150,logistic_poly2,mlofi_skew_l5_30s as_skew,-0.013723418122007263
SOL_S6_60_150,logistic_poly2,mlofi_skew_l5_60s mlofi_skew_l25_30s,0.004719672681143336
SOL_S6_60_150,logistic_poly2,mlofi_skew_l5_60s rsi_14,-0.05394464432437639
SOL_S6_60_150,logistic_poly2,mlofi_skew_l5_60s cvd,0.0024996336158207436
SOL_S6_60_150,logistic_poly2,mlofi_skew_l5_60s vpin_value,-0.0050475975030939745
SOL_S6_60_150,logistic_poly2,mlofi_skew_l5_60s vpin_zscore,-0.01074938755473075
SOL_S6_60_150,logistic_poly2,mlofi_skew_l5_60s as_uncertainty,-0.013405669827374324
SOL_S6_60_150,logistic_poly2,mlofi_skew_l5_60s as_skew,-0.017169941389800346
SOL_S6_60_150,logistic_poly2,mlofi_skew_l25_30s rsi_14,-0.053678894071721044
SOL_S6_60_150,logistic_poly2,mlofi_skew_l25_30s cvd,-0.00864250683692087
SOL_S6_60_150,logistic_poly2,mlofi_skew_l25_30s vpin_value,0.03658912478447157
SOL_S6_60_150,logistic_poly2,mlofi_skew_l25_30s vpin_zscore,0.03310303919024312
SOL_S6_60_150,logistic_poly2,mlofi_skew_l25_30s as_uncertainty,-0.020742285962770883
SOL_S6_60_150,logistic_poly2,mlofi_skew_l25_30s as_skew,-0.018689148688918238
SOL_S6_60_150,logistic_poly2,rsi_14 cvd,0.04047588672180556
SOL_S6_60_150,logistic_poly2,rsi_14 vpin_value,-0.11802629364397181
SOL_S6_60_150,logistic_poly2,rsi_14 vpin_zscore,-0.08558136030667012
SOL_S6_60_150,logistic_poly2,rsi_14 as_uncertainty,-0.12477270637690768
SOL_S6_60_150,logistic_poly2,rsi_14 as_skew,-0.07470106888017183
SOL_S6_60_150,logistic_poly2,cvd vpin_value,0.10885955701527429
SOL_S6_60_150,logistic_poly2,cvd vpin_zscore,0.10154189585642963
SOL_S6_60_150,logistic_poly2,cvd as_uncertainty,-0.0034540803445233135
SOL_S6_60_150,logistic_poly2,cvd as_skew,0.02224614022740265
SOL_S6_60_150,logistic_poly2,vpin_value vpin_zscore,0.14682428771547967
SOL_S6_60_150,logistic_poly2,vpin_value as_uncertainty,-0.02998268139746462
SOL_S6_60_150,logistic_poly2,vpin_value as_skew,-0.006557259815802992
SOL_S6_60_150,logistic_poly2,vpin_zscore as_uncertainty,-0.015524938868262029
SOL_S6_60_150,logistic_poly2,vpin_zscore as_skew,-0.0023046746652800594
SOL_S6_60_150,logistic_poly2,as_uncertainty as_skew,-0.021348294250005416
BTC_S15_150_240,ridge,mp_skew,0.04242053222903442
BTC_S15_150_240,ridge,mp_weighted_skew,-0.06628939199054729
BTC_S15_150_240,ridge,mp_skew_change_500ms,-0.0021462896102205946
BTC_S15_150_240,ridge,mp_up_dev_bps,-0.01754698241376109
BTC_S15_150_240,ridge,mp_dn_dev_bps,0.09628292568155752
BTC_S15_150_240,ridge,mp_imbalance,0.00966803023006461
BTC_S15_150_240,ridge,mp_weighted_imbalance,-0.01228463531458698
BTC_S15_150_240,ridge,L_stat,0.004842062957649177
BTC_S15_150_240,ridge,hawkes_lambda_imbalance,0.0211534400511594
BTC_S15_150_240,ridge,hawkes_lambda_total,-0.028278080588085872
BTC_S15_150_240,ridge,rv_ratio_60_to_3600,-0.0014570635384711823
BTC_S15_150_240,ridge,hurst_300s,-0.0042175587881997795
BTC_S15_150_240,ridge,hurst_100s,0.007714967723402758
BTC_S15_150_240,ridge,hurst_900s,0.007181782500896054
BTC_S15_150_240,ridge,trend_slope_30m,0.04462304309459662
BTC_S15_150_240,ridge,rv_60s,0.002687677524509214
BTC_S15_150_240,ridge,rv_300s,0.021547445224143494
BTC_S15_150_240,ridge,up_imb5,0.012955397955207854
BTC_S15_150_240,ridge,dn_imb5,-0.008324343126248836
BTC_S15_150_240,ridge,up_imb25,-0.008853694874430641
BTC_S15_150_240,ridge,dn_imb25,0.0031375345212222745
BTC_S15_150_240,ridge,up_queue_top_bid,0.021363371602779426
BTC_S15_150_240,ridge,up_micro_dev_bps,-0.023208825160310562
BTC_S15_150_240,ridge,dn_micro_dev_bps,-0.08200595076997227
BTC_S15_150_240,ridge,up_bid_slope,-0.006957756274572306
BTC_S15_150_240,ridge,up_ask_slope,-0.010043842475107846
BTC_S15_150_240,ridge,dn_bid_slope,0.013967819681242768
BTC_S15_150_240,ridge,dn_ask_slope,0.010976009820878546
BTC_S15_150_240,ridge,up_imb5_change_500ms,0.0035062394914412353
BTC_S15_150_240,ridge,up_quote_intensity_5s,-0.010633996624253848
BTC_S15_150_240,ridge,ribbon_alignment_pct,0.002088317936970932
BTC_S15_150_240,ridge,ribbon_compression_bps,-0.041940247390903275
BTC_S15_150_240,ridge,adx_14,0.007996300330022585
BTC_S15_150_240,ridge,plus_di_14,-0.0067296220281886365
BTC_S15_150_240,ridge,minus_di_14,-0.01237967388684716
BTC_S15_150_240,ridge,vwap_since_open_bps,0.05942801552046332
BTC_S15_150_240,ridge,mfi_60s,-0.02041766502762053
BTC_S15_150_240,ridge,stoch_k_60s,0.022043506475292032
BTC_S15_150_240,ridge,stoch_d_60s,-0.04268088488740153
BTC_S15_150_240,ridge,cci_60s,-0.029050065399596568
BTC_S15_150_240,ridge,bb_pos_60s,0.0150289036069671
BTC_S15_150_240,ridge,bb_width_60s,0.0012079825617225203
BTC_S15_150_240,ridge,ofi_skew_l1_30s,0.006182906175386675
BTC_S15_150_240,ridge,mlofi_skew_l5_30s,0.02252944630453186
BTC_S15_150_240,ridge,mlofi_skew_l5_60s,0.03504655422108764
BTC_S15_150_240,ridge,mlofi_skew_l25_30s,-0.011136209243283636
BTC_S15_150_240,ridge,rsi_14,0.0022297535950858032
BTC_S15_150_240,ridge,cvd,0.0010916505654022517
BTC_S15_150_240,ridge,vpin_value,-0.009924219363922172
BTC_S15_150_240,ridge,vpin_zscore,-0.004205164782282213
BTC_S15_150_240,ridge,as_uncertainty,-0.031063516238428884
BTC_S15_150_240,ridge,as_skew,0.018103797090083418
BTC_S15_150_240,elastic_net,mp_skew,0.002610793037879041
BTC_S15_150_240,elastic_net,mp_weighted_skew,-0.0418110784525627
BTC_S15_150_240,elastic_net,mp_skew_change_500ms,0.0
BTC_S15_150_240,elastic_net,mp_up_dev_bps,-0.0011867381761139744
BTC_S15_150_240,elastic_net,mp_dn_dev_bps,-0.0
BTC_S15_150_240,elastic_net,mp_imbalance,0.01989602336466726
BTC_S15_150_240,elastic_net,mp_weighted_imbalance,-0.012743266525986764
BTC_S15_150_240,elastic_net,L_stat,0.001255724755464883
BTC_S15_150_240,elastic_net,hawkes_lambda_imbalance,0.015336481835396435
BTC_S15_150_240,elastic_net,hawkes_lambda_total,-0.008301991358064656
BTC_S15_150_240,elastic_net,rv_ratio_60_to_3600,-0.0
BTC_S15_150_240,elastic_net,hurst_300s,-0.0
BTC_S15_150_240,elastic_net,hurst_100s,0.002943023291029766
BTC_S15_150_240,elastic_net,hurst_900s,0.0018218803944886823
BTC_S15_150_240,elastic_net,trend_slope_30m,0.03816504088983173
BTC_S15_150_240,elastic_net,rv_60s,-0.0
BTC_S15_150_240,elastic_net,rv_300s,-0.0
BTC_S15_150_240,elastic_net,up_imb5,0.0005924214151732833
BTC_S15_150_240,elastic_net,dn_imb5,-0.0
BTC_S15_150_240,elastic_net,up_imb25,-0.0
BTC_S15_150_240,elastic_net,dn_imb25,0.0
BTC_S15_150_240,elastic_net,up_queue_top_bid,0.006788844139202826
BTC_S15_150_240,elastic_net,up_micro_dev_bps,0.0
BTC_S15_150_240,elastic_net,dn_micro_dev_bps,-0.0
BTC_S15_150_240,elastic_net,up_bid_slope,-0.00656409295213082
BTC_S15_150_240,elastic_net,up_ask_slope,-0.008420339547567877
BTC_S15_150_240,elastic_net,dn_bid_slope,0.011144936993702732
BTC_S15_150_240,elastic_net,dn_ask_slope,0.009078346752707852
BTC_S15_150_240,elastic_net,up_imb5_change_500ms,0.0009638351841666618
BTC_S15_150_240,elastic_net,up_quote_intensity_5s,-0.005587923884807785
BTC_S15_150_240,elastic_net,ribbon_alignment_pct,0.0
BTC_S15_150_240,elastic_net,ribbon_compression_bps,-0.0
BTC_S15_150_240,elastic_net,adx_14,0.0
BTC_S15_150_240,elastic_net,plus_di_14,-0.0
BTC_S15_150_240,elastic_net,minus_di_14,-0.0016020015641310665
BTC_S15_150_240,elastic_net,vwap_since_open_bps,0.02843165926033193
BTC_S15_150_240,elastic_net,mfi_60s,-0.013908630391693391
BTC_S15_150_240,elastic_net,stoch_k_60s,-0.0
BTC_S15_150_240,elastic_net,stoch_d_60s,-0.014608271878014126
BTC_S15_150_240,elastic_net,cci_60s,-0.013342622446457113
BTC_S15_150_240,elastic_net,bb_pos_60s,0.0
BTC_S15_150_240,elastic_net,bb_width_60s,-0.012436199073376666
BTC_S15_150_240,elastic_net,ofi_skew_l1_30s,0.010722418099745485
BTC_S15_150_240,elastic_net,mlofi_skew_l5_30s,0.0
BTC_S15_150_240,elastic_net,mlofi_skew_l5_60s,0.033273814256130754
BTC_S15_150_240,elastic_net,mlofi_skew_l25_30s,0.0
BTC_S15_150_240,elastic_net,rsi_14,0.0
BTC_S15_150_240,elastic_net,cvd,0.0
BTC_S15_150_240,elastic_net,vpin_value,-0.008724623037831183
BTC_S15_150_240,elastic_net,vpin_zscore,-0.0014094610307942804
BTC_S15_150_240,elastic_net,as_uncertainty,-0.0
BTC_S15_150_240,elastic_net,as_skew,-0.0
BTC_S15_150_240,logistic_l2,mp_skew,0.4896447707106156
BTC_S15_150_240,logistic_l2,mp_weighted_skew,-0.7757018686419235
BTC_S15_150_240,logistic_l2,mp_skew_change_500ms,-0.03705563508039634
BTC_S15_150_240,logistic_l2,mp_up_dev_bps,-0.11728777550289955
BTC_S15_150_240,logistic_l2,mp_dn_dev_bps,0.9575161253088409
BTC_S15_150_240,logistic_l2,mp_imbalance,0.07930997332781073
BTC_S15_150_240,logistic_l2,mp_weighted_imbalance,-0.016365060063747775
BTC_S15_150_240,logistic_l2,L_stat,0.0807603995301449
BTC_S15_150_240,logistic_l2,hawkes_lambda_imbalance,0.2214779436761158
BTC_S15_150_240,logistic_l2,hawkes_lambda_total,-0.35497744787642965
BTC_S15_150_240,logistic_l2,rv_ratio_60_to_3600,-0.030558493771379827
BTC_S15_150_240,logistic_l2,hurst_300s,-0.05674381451811326
BTC_S15_150_240,logistic_l2,hurst_100s,0.06822545853058606
BTC_S15_150_240,logistic_l2,hurst_900s,0.08684122279362741
BTC_S15_150_240,logistic_l2,trend_slope_30m,0.7210763552383176
BTC_S15_150_240,logistic_l2,rv_60s,0.07003161606860875
BTC_S15_150_240,logistic_l2,rv_300s,0.18292827915439464
BTC_S15_150_240,logistic_l2,up_imb5,0.1115843317756508
BTC_S15_150_240,logistic_l2,dn_imb5,-0.014584924904170302
BTC_S15_150_240,logistic_l2,up_imb25,-0.04326198915129483
BTC_S15_150_240,logistic_l2,dn_imb25,0.006825863700735
BTC_S15_150_240,logistic_l2,up_queue_top_bid,0.41207741646785834
BTC_S15_150_240,logistic_l2,up_micro_dev_bps,-0.09271226980912436
BTC_S15_150_240,logistic_l2,dn_micro_dev_bps,-0.7768583400798008
BTC_S15_150_240,logistic_l2,up_bid_slope,-0.03532124089908683
BTC_S15_150_240,logistic_l2,up_ask_slope,-0.07337647268646752
BTC_S15_150_240,logistic_l2,dn_bid_slope,0.10517360120623348
BTC_S15_150_240,logistic_l2,dn_ask_slope,0.07385508813560296
BTC_S15_150_240,logistic_l2,up_imb5_change_500ms,0.02212703166671757
BTC_S15_150_240,logistic_l2,up_quote_intensity_5s,-0.13955678517228012
BTC_S15_150_240,logistic_l2,ribbon_alignment_pct,-0.03859294318437436
BTC_S15_150_240,logistic_l2,ribbon_compression_bps,-0.3669128784365907
BTC_S15_150_240,logistic_l2,adx_14,0.0889214742022864
BTC_S15_150_240,logistic_l2,plus_di_14,-0.029150157975341057
BTC_S15_150_240,logistic_l2,minus_di_14,-0.05764650628311974
BTC_S15_150_240,logistic_l2,vwap_since_open_bps,0.7087199314193057
BTC_S15_150_240,logistic_l2,mfi_60s,-0.23855287572001493
BTC_S15_150_240,logistic_l2,stoch_k_60s,0.26172165324491153
BTC_S15_150_240,logistic_l2,stoch_d_60s,-0.5821231734512012
BTC_S15_150_240,logistic_l2,cci_60s,-0.32429929686930237
BTC_S15_150_240,logistic_l2,bb_pos_60s,0.23733932089969417
BTC_S15_150_240,logistic_l2,bb_width_60s,0.015592734047257393
BTC_S15_150_240,logistic_l2,ofi_skew_l1_30s,-0.0236934307766266
BTC_S15_150_240,logistic_l2,mlofi_skew_l5_30s,0.6324669476869801
BTC_S15_150_240,logistic_l2,mlofi_skew_l5_60s,0.4184559376299858
BTC_S15_150_240,logistic_l2,mlofi_skew_l25_30s,-0.4403402279495223
BTC_S15_150_240,logistic_l2,rsi_14,-0.004590910114557414
BTC_S15_150_240,logistic_l2,cvd,0.021831354163039426
BTC_S15_150_240,logistic_l2,vpin_value,-0.12695371881738102
BTC_S15_150_240,logistic_l2,vpin_zscore,-0.044582061113763435
BTC_S15_150_240,logistic_l2,as_uncertainty,-0.3624706632246992
BTC_S15_150_240,logistic_l2,as_skew,0.23258830200051436
BTC_S15_150_240,logistic_poly2,mp_skew,0.04231584169234588
BTC_S15_150_240,logistic_poly2,mp_weighted_skew,-0.2762420975218759
BTC_S15_150_240,logistic_poly2,mp_skew_change_500ms,0.003382913817371443
BTC_S15_150_240,logistic_poly2,mp_up_dev_bps,-0.03495108992257143
BTC_S15_150_240,logistic_poly2,mp_dn_dev_bps,0.03710306740263548
BTC_S15_150_240,logistic_poly2,mp_imbalance,-0.02284387807582962
BTC_S15_150_240,logistic_poly2,mp_weighted_imbalance,-0.1847773459723731
BTC_S15_150_240,logistic_poly2,L_stat,0.03111754662913118
BTC_S15_150_240,logistic_poly2,hawkes_lambda_imbalance,0.038597087485711244
BTC_S15_150_240,logistic_poly2,hawkes_lambda_total,-0.1595029824569945
BTC_S15_150_240,logistic_poly2,rv_ratio_60_to_3600,-0.05125981289836137
BTC_S15_150_240,logistic_poly2,hurst_300s,0.011833839688665446
BTC_S15_150_240,logistic_poly2,hurst_100s,-0.14893819259171187
BTC_S15_150_240,logistic_poly2,hurst_900s,0.06683980254090745
BTC_S15_150_240,logistic_poly2,trend_slope_30m,0.8245671521944924
BTC_S15_150_240,logistic_poly2,rv_60s,-0.12392684277806991
BTC_S15_150_240,logistic_poly2,rv_300s,0.03058554760757056
BTC_S15_150_240,logistic_poly2,up_imb5,-0.06440851069078395
BTC_S15_150_240,logistic_poly2,dn_imb5,0.06666658029757384
BTC_S15_150_240,logistic_poly2,up_imb25,0.2276464746963162
BTC_S15_150_240,logistic_poly2,dn_imb25,-0.22550319134131055
BTC_S15_150_240,logistic_poly2,up_queue_top_bid,0.06243501083787742
BTC_S15_150_240,logistic_poly2,up_micro_dev_bps,0.03362144106708373
BTC_S15_150_240,logistic_poly2,dn_micro_dev_bps,-0.02680405445605047
BTC_S15_150_240,logistic_poly2,up_bid_slope,-0.06742098557282998
BTC_S15_150_240,logistic_poly2,up_ask_slope,-0.1781786764505205
BTC_S15_150_240,logistic_poly2,dn_bid_slope,0.18044353633935784
BTC_S15_150_240,logistic_poly2,dn_ask_slope,0.07032797999732443
BTC_S15_150_240,logistic_poly2,up_imb5_change_500ms,-0.041756119558368075
BTC_S15_150_240,logistic_poly2,up_quote_intensity_5s,-0.2758843234603865
BTC_S15_150_240,logistic_poly2,ribbon_alignment_pct,0.05883376216493124
BTC_S15_150_240,logistic_poly2,ribbon_compression_bps,-0.016664366917353377
BTC_S15_150_240,logistic_poly2,adx_14,0.15310455883299243
BTC_S15_150_240,logistic_poly2,plus_di_14,0.10316532059105266
BTC_S15_150_240,logistic_poly2,minus_di_14,0.009676137682009254
BTC_S15_150_240,logistic_poly2,vwap_since_open_bps,0.2751015139652081
BTC_S15_150_240,logistic_poly2,mfi_60s,-0.21305669417357384
BTC_S15_150_240,logistic_poly2,stoch_k_60s,-0.04152281797155517
BTC_S15_150_240,logistic_poly2,stoch_d_60s,-0.10441788127557702
BTC_S15_150_240,logistic_poly2,cci_60s,-0.04405160352130661
BTC_S15_150_240,logistic_poly2,bb_pos_60s,-0.025199185513128337
BTC_S15_150_240,logistic_poly2,bb_width_60s,-0.055061678835763156
BTC_S15_150_240,logistic_poly2,ofi_skew_l1_30s,0.22057012582908933
BTC_S15_150_240,logistic_poly2,mlofi_skew_l5_30s,0.08532889969912323
BTC_S15_150_240,logistic_poly2,mlofi_skew_l5_60s,0.07978692106456182
BTC_S15_150_240,logistic_poly2,mlofi_skew_l25_30s,-0.15276211206499316
BTC_S15_150_240,logistic_poly2,rsi_14,0.9386899959224553
BTC_S15_150_240,logistic_poly2,cvd,0.07375904794266026
BTC_S15_150_240,logistic_poly2,vpin_value,-0.18320881313319198
BTC_S15_150_240,logistic_poly2,vpin_zscore,0.004629388041052026
BTC_S15_150_240,logistic_poly2,as_uncertainty,0.051621089280381866
BTC_S15_150_240,logistic_poly2,as_skew,0.03025058498726767
BTC_S15_150_240,logistic_poly2,mp_skew mp_weighted_skew,-0.014159704740471344
BTC_S15_150_240,logistic_poly2,mp_skew mp_skew_change_500ms,0.02917010313199826
BTC_S15_150_240,logistic_poly2,mp_skew mp_up_dev_bps,-0.17338201384406254
BTC_S15_150_240,logistic_poly2,mp_skew mp_dn_dev_bps,-0.1358325220032729
BTC_S15_150_240,logistic_poly2,mp_skew mp_imbalance,0.11010439050406785
BTC_S15_150_240,logistic_poly2,mp_skew mp_weighted_imbalance,0.006787397589623254
BTC_S15_150_240,logistic_poly2,mp_skew L_stat,0.1093647933248349
BTC_S15_150_240,logistic_poly2,mp_skew hawkes_lambda_imbalance,0.0012173146107045698
BTC_S15_150_240,logistic_poly2,mp_skew hawkes_lambda_total,-0.059906963458339964
BTC_S15_150_240,logistic_poly2,mp_skew rv_ratio_60_to_3600,0.0007101418403100987
BTC_S15_150_240,logistic_poly2,mp_skew hurst_300s,0.06369150770767958
BTC_S15_150_240,logistic_poly2,mp_skew hurst_100s,0.021670660467402604
BTC_S15_150_240,logistic_poly2,mp_skew hurst_900s,-0.02664883423465743
BTC_S15_150_240,logistic_poly2,mp_skew trend_slope_30m,-0.1207249099705445
BTC_S15_150_240,logistic_poly2,mp_skew rv_60s,-0.02345330045682048
BTC_S15_150_240,logistic_poly2,mp_skew rv_300s,-0.07701819164208294
BTC_S15_150_240,logistic_poly2,mp_skew up_imb5,-0.01798258129056781
BTC_S15_150_240,logistic_poly2,mp_skew dn_imb5,0.018629678821146776
BTC_S15_150_240,logistic_poly2,mp_skew up_imb25,0.0991624747522526
BTC_S15_150_240,logistic_poly2,mp_skew dn_imb25,-0.0981329738945202
BTC_S15_150_240,logistic_poly2,mp_skew up_queue_top_bid,-0.0446178147763849
BTC_S15_150_240,logistic_poly2,mp_skew up_micro_dev_bps,0.12629740656368757
BTC_S15_150_240,logistic_poly2,mp_skew dn_micro_dev_bps,-0.14314591692964634
BTC_S15_150_240,logistic_poly2,mp_skew up_bid_slope,-0.0018449274229646343
BTC_S15_150_240,logistic_poly2,mp_skew up_ask_slope,-0.004155490358263735
BTC_S15_150_240,logistic_poly2,mp_skew dn_bid_slope,0.005387690613119523
BTC_S15_150_240,logistic_poly2,mp_skew dn_ask_slope,0.0011506475872514028
BTC_S15_150_240,logistic_poly2,mp_skew up_imb5_change_500ms,0.023336616704445135
BTC_S15_150_240,logistic_poly2,mp_skew up_quote_intensity_5s,-0.028157594127404404
BTC_S15_150_240,logistic_poly2,mp_skew ribbon_alignment_pct,-0.07745687941504031
BTC_S15_150_240,logistic_poly2,mp_skew ribbon_compression_bps,-0.008158533889922843
BTC_S15_150_240,logistic_poly2,mp_skew adx_14,0.10631186245230435
BTC_S15_150_240,logistic_poly2,mp_skew plus_di_14,-0.030652020729894407
BTC_S15_150_240,logistic_poly2,mp_skew minus_di_14,-0.03656276288397592
BTC_S15_150_240,logistic_poly2,mp_skew vwap_since_open_bps,0.06394373829805015
BTC_S15_150_240,logistic_poly2,mp_skew mfi_60s,-0.06737532491097378
BTC_S15_150_240,logistic_poly2,mp_skew stoch_k_60s,-0.0514772517772665
BTC_S15_150_240,logistic_poly2,mp_skew stoch_d_60s,-0.10507135164117104
BTC_S15_150_240,logistic_poly2,mp_skew cci_60s,-0.03810375600122902
BTC_S15_150_240,logistic_poly2,mp_skew bb_pos_60s,0.08877657086337856
BTC_S15_150_240,logistic_poly2,mp_skew bb_width_60s,0.028913427337138732
BTC_S15_150_240,logistic_poly2,mp_skew ofi_skew_l1_30s,0.1415813973063179
BTC_S15_150_240,logistic_poly2,mp_skew mlofi_skew_l5_30s,0.014767221645192138
BTC_S15_150_240,logistic_poly2,mp_skew mlofi_skew_l5_60s,0.09424170605770484
BTC_S15_150_240,logistic_poly2,mp_skew mlofi_skew_l25_30s,0.10788147086675348
BTC_S15_150_240,logistic_poly2,mp_skew rsi_14,-0.038489001517331006
BTC_S15_150_240,logistic_poly2,mp_skew cvd,-0.0275575455985415
BTC_S15_150_240,logistic_poly2,mp_skew vpin_value,-0.0272033158985801
BTC_S15_150_240,logistic_poly2,mp_skew vpin_zscore,0.05974842557371371
BTC_S15_150_240,logistic_poly2,mp_skew as_uncertainty,-0.006569351739847793
BTC_S15_150_240,logistic_poly2,mp_skew as_skew,-0.003506978197633559
BTC_S15_150_240,logistic_poly2,mp_weighted_skew mp_skew_change_500ms,-0.008150831393690095
BTC_S15_150_240,logistic_poly2,mp_weighted_skew mp_up_dev_bps,0.043905658101958366
BTC_S15_150_240,logistic_poly2,mp_weighted_skew mp_dn_dev_bps,0.04315527676268633
BTC_S15_150_240,logistic_poly2,mp_weighted_skew mp_imbalance,0.17534375253633716
BTC_S15_150_240,logistic_poly2,mp_weighted_skew mp_weighted_imbalance,0.07757138598816703
BTC_S15_150_240,logistic_poly2,mp_weighted_skew L_stat,0.046784826459267057
BTC_S15_150_240,logistic_poly2,mp_weighted_skew hawkes_lambda_imbalance,-0.10011161413132137
BTC_S15_150_240,logistic_poly2,mp_weighted_skew hawkes_lambda_total,-0.20948350758975812
BTC_S15_150_240,logistic_poly2,mp_weighted_skew rv_ratio_60_to_3600,-0.14266279654755004
BTC_S15_150_240,logistic_poly2,mp_weighted_skew hurst_300s,-0.4293106265106551
BTC_S15_150_240,logistic_poly2,mp_weighted_skew hurst_100s,0.04210643090157878
BTC_S15_150_240,logistic_poly2,mp_weighted_skew hurst_900s,0.12030483632332539
BTC_S15_150_240,logistic_poly2,mp_weighted_skew trend_slope_30m,0.3215063174007558
BTC_S15_150_240,logistic_poly2,mp_weighted_skew rv_60s,-0.03316991304156695
BTC_S15_150_240,logistic_poly2,mp_weighted_skew rv_300s,-0.11480680137134813
BTC_S15_150_240,logistic_poly2,mp_weighted_skew up_imb5,0.15102491896219788
BTC_S15_150_240,logistic_poly2,mp_weighted_skew dn_imb5,-0.14752650705063391
BTC_S15_150_240,logistic_poly2,mp_weighted_skew up_imb25,-0.1594938725223404
BTC_S15_150_240,logistic_poly2,mp_weighted_skew dn_imb25,0.15773161668891722
BTC_S15_150_240,logistic_poly2,mp_weighted_skew up_queue_top_bid,0.06213397558766956
BTC_S15_150_240,logistic_poly2,mp_weighted_skew up_micro_dev_bps,-0.023093991722270522
BTC_S15_150_240,logistic_poly2,mp_weighted_skew dn_micro_dev_bps,-0.002504473245811428
BTC_S15_150_240,logistic_poly2,mp_weighted_skew up_bid_slope,0.15907375842980104
BTC_S15_150_240,logistic_poly2,mp_weighted_skew up_ask_slope,-0.01824237363501358
BTC_S15_150_240,logistic_poly2,mp_weighted_skew dn_bid_slope,0.018494431794427516
BTC_S15_150_240,logistic_poly2,mp_weighted_skew dn_ask_slope,-0.16243911854284868
BTC_S15_150_240,logistic_poly2,mp_weighted_skew up_imb5_change_500ms,0.003542089702410043
BTC_S15_150_240,logistic_poly2,mp_weighted_skew up_quote_intensity_5s,0.013146333506097282
BTC_S15_150_240,logistic_poly2,mp_weighted_skew ribbon_alignment_pct,-0.10502088966331682
BTC_S15_150_240,logistic_poly2,mp_weighted_skew ribbon_compression_bps,0.05566413715649364
BTC_S15_150_240,logistic_poly2,mp_weighted_skew adx_14,-0.044692906909275215
BTC_S15_150_240,logistic_poly2,mp_weighted_skew plus_di_14,0.11087234816307179
BTC_S15_150_240,logistic_poly2,mp_weighted_skew minus_di_14,0.02828855489972346
BTC_S15_150_240,logistic_poly2,mp_weighted_skew vwap_since_open_bps,0.09719429289367532
BTC_S15_150_240,logistic_poly2,mp_weighted_skew mfi_60s,0.10899350738628846
BTC_S15_150_240,logistic_poly2,mp_weighted_skew stoch_k_60s,0.11273774926802563
BTC_S15_150_240,logistic_poly2,mp_weighted_skew stoch_d_60s,0.04683743069308364
BTC_S15_150_240,logistic_poly2,mp_weighted_skew cci_60s,-0.12020006634486775
BTC_S15_150_240,logistic_poly2,mp_weighted_skew bb_pos_60s,-0.02083989839912374
BTC_S15_150_240,logistic_poly2,mp_weighted_skew bb_width_60s,-0.05792604513362061
BTC_S15_150_240,logistic_poly2,mp_weighted_skew ofi_skew_l1_30s,-0.08983101805233004
BTC_S15_150_240,logistic_poly2,mp_weighted_skew mlofi_skew_l5_30s,-0.03907652896451158
BTC_S15_150_240,logistic_poly2,mp_weighted_skew mlofi_skew_l5_60s,0.13935416057345767
BTC_S15_150_240,logistic_poly2,mp_weighted_skew mlofi_skew_l25_30s,-0.08214783049261487
BTC_S15_150_240,logistic_poly2,mp_weighted_skew rsi_14,0.24067902926964735
BTC_S15_150_240,logistic_poly2,mp_weighted_skew cvd,-0.16875655348946914
BTC_S15_150_240,logistic_poly2,mp_weighted_skew vpin_value,-0.09296029666433364
BTC_S15_150_240,logistic_poly2,mp_weighted_skew vpin_zscore,0.1881158736770749
BTC_S15_150_240,logistic_poly2,mp_weighted_skew as_uncertainty,-0.017991818886492175
BTC_S15_150_240,logistic_poly2,mp_weighted_skew as_skew,0.017494924258792913
BTC_S15_150_240,logistic_poly2,mp_skew_change_500ms mp_up_dev_bps,-0.024591612041604025
BTC_S15_150_240,logistic_poly2,mp_skew_change_500ms mp_dn_dev_bps,-0.01359441757731701
BTC_S15_150_240,logistic_poly2,mp_skew_change_500ms mp_imbalance,0.0165074608589731
BTC_S15_150_240,logistic_poly2,mp_skew_change_500ms mp_weighted_imbalance,0.00887336411694086
BTC_S15_150_240,logistic_poly2,mp_skew_change_500ms L_stat,-0.023327057937508052
BTC_S15_150_240,logistic_poly2,mp_skew_change_500ms hawkes_lambda_imbalance,-0.05023737950176651
BTC_S15_150_240,logistic_poly2,mp_skew_change_500ms hawkes_lambda_total,0.012391781682386067
BTC_S15_150_240,logistic_poly2,mp_skew_change_500ms rv_ratio_60_to_3600,-0.059237957566244115
BTC_S15_150_240,logistic_poly2,mp_skew_change_500ms hurst_300s,-0.013139632122854766
BTC_S15_150_240,logistic_poly2,mp_skew_change_500ms hurst_100s,0.016123063531600153
BTC_S15_150_240,logistic_poly2,mp_skew_change_500ms hurst_900s,0.01887628917263508
BTC_S15_150_240,logistic_poly2,mp_skew_change_500ms trend_slope_30m,-0.010419514802432554
BTC_S15_150_240,logistic_poly2,mp_skew_change_500ms rv_60s,-0.013255207827078548
BTC_S15_150_240,logistic_poly2,mp_skew_change_500ms rv_300s,0.024280986247383476
BTC_S15_150_240,logistic_poly2,mp_skew_change_500ms up_imb5,0.009319252860051539
BTC_S15_150_240,logistic_poly2,mp_skew_change_500ms dn_imb5,-0.01020599807272704
BTC_S15_150_240,logistic_poly2,mp_skew_change_500ms up_imb25,-0.0005916546927681686
BTC_S15_150_240,logistic_poly2,mp_skew_change_500ms dn_imb25,-0.00033274322469454816
BTC_S15_150_240,logistic_poly2,mp_skew_change_500ms up_queue_top_bid,-0.0033925192394225747
BTC_S15_150_240,logistic_poly2,mp_skew_change_500ms up_micro_dev_bps,0.027644704556857174
BTC_S15_150_240,logistic_poly2,mp_skew_change_500ms dn_micro_dev_bps,-0.014148722666560868
BTC_S15_150_240,logistic_poly2,mp_skew_change_500ms up_bid_slope,-0.020521141142892288
BTC_S15_150_240,logistic_poly2,mp_skew_change_500ms up_ask_slope,0.03645831053220632
BTC_S15_150_240,logistic_poly2,mp_skew_change_500ms dn_bid_slope,-0.036483627404896905
BTC_S15_150_240,logistic_poly2,mp_skew_change_500ms dn_ask_slope,0.020365775496431534
BTC_S15_150_240,logistic_poly2,mp_skew_change_500ms up_imb5_change_500ms,0.07925195423736899
BTC_S15_150_240,logistic_poly2,mp_skew_change_500ms up_quote_intensity_5s,-0.010770632588367262
BTC_S15_150_240,logistic_poly2,mp_skew_change_500ms ribbon_alignment_pct,0.03441905756892074
BTC_S15_150_240,logistic_poly2,mp_skew_change_500ms ribbon_compression_bps,-0.014761520961265002
BTC_S15_150_240,logistic_poly2,mp_skew_change_500ms adx_14,0.030274783882743735
BTC_S15_150_240,logistic_poly2,mp_skew_change_500ms plus_di_14,-0.015919536017369076
BTC_S15_150_240,logistic_poly2,mp_skew_change_500ms minus_di_14,-0.0182523542988853
BTC_S15_150_240,logistic_poly2,mp_skew_change_500ms vwap_since_open_bps,0.005007403293846827
BTC_S15_150_240,logistic_poly2,mp_skew_change_500ms mfi_60s,0.05328436845816007
BTC_S15_150_240,logistic_poly2,mp_skew_change_500ms stoch_k_60s,-0.029843232506130295
BTC_S15_150_240,logistic_poly2,mp_skew_change_500ms stoch_d_60s,-0.03619150014972383
BTC_S15_150_240,logistic_poly2,mp_skew_change_500ms cci_60s,-0.05140841497587159
BTC_S15_150_240,logistic_poly2,mp_skew_change_500ms bb_pos_60s,-0.0225855301766227
BTC_S15_150_240,logistic_poly2,mp_skew_change_500ms bb_width_60s,-0.002905902198654985
BTC_S15_150_240,logistic_poly2,mp_skew_change_500ms ofi_skew_l1_30s,0.005609908648095448
BTC_S15_150_240,logistic_poly2,mp_skew_change_500ms mlofi_skew_l5_30s,0.01700837969679354
BTC_S15_150_240,logistic_poly2,mp_skew_change_500ms mlofi_skew_l5_60s,0.00900979521717704
BTC_S15_150_240,logistic_poly2,mp_skew_change_500ms mlofi_skew_l25_30s,0.029996488693070318
BTC_S15_150_240,logistic_poly2,mp_skew_change_500ms rsi_14,-0.0019721748451500243
BTC_S15_150_240,logistic_poly2,mp_skew_change_500ms cvd,0.031464557113514216
BTC_S15_150_240,logistic_poly2,mp_skew_change_500ms vpin_value,0.03643858009452009
BTC_S15_150_240,logistic_poly2,mp_skew_change_500ms vpin_zscore,0.03783480243390828
BTC_S15_150_240,logistic_poly2,mp_skew_change_500ms as_uncertainty,0.009134151714201351
BTC_S15_150_240,logistic_poly2,mp_skew_change_500ms as_skew,0.0027277322856183403
BTC_S15_150_240,logistic_poly2,mp_up_dev_bps mp_dn_dev_bps,0.0009287864039885755
BTC_S15_150_240,logistic_poly2,mp_up_dev_bps mp_imbalance,-0.0941275417228056
BTC_S15_150_240,logistic_poly2,mp_up_dev_bps mp_weighted_imbalance,0.012926972110966368
BTC_S15_150_240,logistic_poly2,mp_up_dev_bps L_stat,-0.0005307680128078295
BTC_S15_150_240,logistic_poly2,mp_up_dev_bps hawkes_lambda_imbalance,-0.09380921367864209
BTC_S15_150_240,logistic_poly2,mp_up_dev_bps hawkes_lambda_total,0.09209642203031596
BTC_S15_150_240,logistic_poly2,mp_up_dev_bps rv_ratio_60_to_3600,0.057031311506366145
BTC_S15_150_240,logistic_poly2,mp_up_dev_bps hurst_300s,-0.09825499822234664
BTC_S15_150_240,logistic_poly2,mp_up_dev_bps hurst_100s,-0.05175619419668542
BTC_S15_150_240,logistic_poly2,mp_up_dev_bps hurst_900s,-0.016738773486893
BTC_S15_150_240,logistic_poly2,mp_up_dev_bps trend_slope_30m,0.011180875095097131
BTC_S15_150_240,logistic_poly2,mp_up_dev_bps rv_60s,0.12101245094962416
BTC_S15_150_240,logistic_poly2,mp_up_dev_bps rv_300s,0.21405020413551468
BTC_S15_150_240,logistic_poly2,mp_up_dev_bps up_imb5,-0.00041443357699013045
BTC_S15_150_240,logistic_poly2,mp_up_dev_bps dn_imb5,-0.0010418216431612923
BTC_S15_150_240,logistic_poly2,mp_up_dev_bps up_imb25,-0.01397415626124315
BTC_S15_150_240,logistic_poly2,mp_up_dev_bps dn_imb25,0.012319094861624176
BTC_S15_150_240,logistic_poly2,mp_up_dev_bps up_queue_top_bid,-0.02671601463536297
BTC_S15_150_240,logistic_poly2,mp_up_dev_bps up_micro_dev_bps,-0.24443377681467351
BTC_S15_150_240,logistic_poly2,mp_up_dev_bps dn_micro_dev_bps,0.006481820865972875
BTC_S15_150_240,logistic_poly2,mp_up_dev_bps up_bid_slope,0.022011135432194254
BTC_S15_150_240,logistic_poly2,mp_up_dev_bps up_ask_slope,-0.049733940024623086
BTC_S15_150_240,logistic_poly2,mp_up_dev_bps dn_bid_slope,0.04849849494623926
BTC_S15_150_240,logistic_poly2,mp_up_dev_bps dn_ask_slope,-0.022687687999224212
BTC_S15_150_240,logistic_poly2,mp_up_dev_bps up_imb5_change_500ms,0.007169909857530185
BTC_S15_150_240,logistic_poly2,mp_up_dev_bps up_quote_intensity_5s,-0.06035789031007869
BTC_S15_150_240,logistic_poly2,mp_up_dev_bps ribbon_alignment_pct,0.06491633985113891
BTC_S15_150_240,logistic_poly2,mp_up_dev_bps ribbon_compression_bps,0.020480233201154188
BTC_S15_150_240,logistic_poly2,mp_up_dev_bps adx_14,-0.2535894066643291
BTC_S15_150_240,logistic_poly2,mp_up_dev_bps plus_di_14,-0.04750490927210931
BTC_S15_150_240,logistic_poly2,mp_up_dev_bps minus_di_14,0.015045183787253313
BTC_S15_150_240,logistic_poly2,mp_up_dev_bps vwap_since_open_bps,0.03463444339669633
BTC_S15_150_240,logistic_poly2,mp_up_dev_bps mfi_60s,0.07559059965356721
BTC_S15_150_240,logistic_poly2,mp_up_dev_bps stoch_k_60s,0.0571152354927155
BTC_S15_150_240,logistic_poly2,mp_up_dev_bps stoch_d_60s,0.10124459220464797
BTC_S15_150_240,logistic_poly2,mp_up_dev_bps cci_60s,0.18631520492068965
BTC_S15_150_240,logistic_poly2,mp_up_dev_bps bb_pos_60s,-0.04148445594313663
BTC_S15_150_240,logistic_poly2,mp_up_dev_bps bb_width_60s,0.017448367784765936
BTC_S15_150_240,logistic_poly2,mp_up_dev_bps ofi_skew_l1_30s,-0.1274905665574188
BTC_S15_150_240,logistic_poly2,mp_up_dev_bps mlofi_skew_l5_30s,0.028619570080012095
BTC_S15_150_240,logistic_poly2,mp_up_dev_bps mlofi_skew_l5_60s,0.016028850598071652
BTC_S15_150_240,logistic_poly2,mp_up_dev_bps mlofi_skew_l25_30s,-0.032843689031160465
BTC_S15_150_240,logistic_poly2,mp_up_dev_bps rsi_14,-0.015715026870595356
BTC_S15_150_240,logistic_poly2,mp_up_dev_bps cvd,-0.040363532852689295
BTC_S15_150_240,logistic_poly2,mp_up_dev_bps vpin_value,0.036621677577307526
BTC_S15_150_240,logistic_poly2,mp_up_dev_bps vpin_zscore,-0.0971066668846395
BTC_S15_150_240,logistic_poly2,mp_up_dev_bps as_uncertainty,0.0374356397151634
BTC_S15_150_240,logistic_poly2,mp_up_dev_bps as_skew,-0.017590936117806495
BTC_S15_150_240,logistic_poly2,mp_dn_dev_bps mp_imbalance,-0.1928513032173848
BTC_S15_150_240,logistic_poly2,mp_dn_dev_bps mp_weighted_imbalance,0.03994859187792938
BTC_S15_150_240,logistic_poly2,mp_dn_dev_bps L_stat,-0.04931898295111397
BTC_S15_150_240,logistic_poly2,mp_dn_dev_bps hawkes_lambda_imbalance,0.012461439247591875
BTC_S15_150_240,logistic_poly2,mp_dn_dev_bps hawkes_lambda_total,0.03344137885118852
BTC_S15_150_240,logistic_poly2,mp_dn_dev_bps rv_ratio_60_to_3600,0.08186694762568561
BTC_S15_150_240,logistic_poly2,mp_dn_dev_bps hurst_300s,-0.0648568759301533
BTC_S15_150_240,logistic_poly2,mp_dn_dev_bps hurst_100s,-0.04137129647717412
BTC_S15_150_240,logistic_poly2,mp_dn_dev_bps hurst_900s,0.005535176400634831
BTC_S15_150_240,logistic_poly2,mp_dn_dev_bps trend_slope_30m,0.11822569538682637
BTC_S15_150_240,logistic_poly2,mp_dn_dev_bps rv_60s,-0.0003524531527542548
BTC_S15_150_240,logistic_poly2,mp_dn_dev_bps rv_300s,-0.03800802906816214
BTC_S15_150_240,logistic_poly2,mp_dn_dev_bps up_imb5,0.016648728564370444
BTC_S15_150_240,logistic_poly2,mp_dn_dev_bps dn_imb5,-0.015475532981131437
BTC_S15_150_240,logistic_poly2,mp_dn_dev_bps up_imb25,-0.06858309001785083
BTC_S15_150_240,logistic_poly2,mp_dn_dev_bps dn_imb25,0.0690370788695173
BTC_S15_150_240,logistic_poly2,mp_dn_dev_bps up_queue_top_bid,0.031201035693402247
BTC_S15_150_240,logistic_poly2,mp_dn_dev_bps up_micro_dev_bps,-0.0025424310008292025
BTC_S15_150_240,logistic_poly2,mp_dn_dev_bps dn_micro_dev_bps,0.1881296047721817
BTC_S15_150_240,logistic_poly2,mp_dn_dev_bps up_bid_slope,0.0954473182580759
BTC_S15_150_240,logistic_poly2,mp_dn_dev_bps up_ask_slope,0.01477567084872865
BTC_S15_150_240,logistic_poly2,mp_dn_dev_bps dn_bid_slope,-0.015119740421118898
BTC_S15_150_240,logistic_poly2,mp_dn_dev_bps dn_ask_slope,-0.09447578180506366
BTC_S15_150_240,logistic_poly2,mp_dn_dev_bps up_imb5_change_500ms,-0.0397255702174258
BTC_S15_150_240,logistic_poly2,mp_dn_dev_bps up_quote_intensity_5s,0.0012878244673545911
BTC_S15_150_240,logistic_poly2,mp_dn_dev_bps ribbon_alignment_pct,-0.0365853159160146
BTC_S15_150_240,logistic_poly2,mp_dn_dev_bps ribbon_compression_bps,0.022617373505402046
BTC_S15_150_240,logistic_poly2,mp_dn_dev_bps adx_14,0.017898367551820938
BTC_S15_150_240,logistic_poly2,mp_dn_dev_bps plus_di_14,0.08803378361855603
BTC_S15_150_240,logistic_poly2,mp_dn_dev_bps minus_di_14,0.0004060884634107924
BTC_S15_150_240,logistic_poly2,mp_dn_dev_bps vwap_since_open_bps,-0.14163571488327295
BTC_S15_150_240,logistic_poly2,mp_dn_dev_bps mfi_60s,0.02524311948068245
BTC_S15_150_240,logistic_poly2,mp_dn_dev_bps stoch_k_60s,0.03762449208060256
BTC_S15_150_240,logistic_poly2,mp_dn_dev_bps stoch_d_60s,0.06393936152452952
BTC_S15_150_240,logistic_poly2,mp_dn_dev_bps cci_60s,-0.12174394233053502
BTC_S15_150_240,logistic_poly2,mp_dn_dev_bps bb_pos_60s,-0.04705305530180234
BTC_S15_150_240,logistic_poly2,mp_dn_dev_bps bb_width_60s,-0.0040462324793001285
BTC_S15_150_240,logistic_poly2,mp_dn_dev_bps ofi_skew_l1_30s,-0.10579087283280876
BTC_S15_150_240,logistic_poly2,mp_dn_dev_bps mlofi_skew_l5_30s,-0.09180090380898388
BTC_S15_150_240,logistic_poly2,mp_dn_dev_bps mlofi_skew_l5_60s,-0.1670786357722729
BTC_S15_150_240,logistic_poly2,mp_dn_dev_bps mlofi_skew_l25_30s,-0.14176462069649504
BTC_S15_150_240,logistic_poly2,mp_dn_dev_bps rsi_14,0.06662151811844741
BTC_S15_150_240,logistic_poly2,mp_dn_dev_bps cvd,-0.02519791699339174
BTC_S15_150_240,logistic_poly2,mp_dn_dev_bps vpin_value,-0.0030995991594805978
BTC_S15_150_240,logistic_poly2,mp_dn_dev_bps vpin_zscore,0.01471435594600315
BTC_S15_150_240,logistic_poly2,mp_dn_dev_bps as_uncertainty,-0.001705150420733696
BTC_S15_150_240,logistic_poly2,mp_dn_dev_bps as_skew,0.028275523609605165
BTC_S15_150_240,logistic_poly2,mp_imbalance mp_weighted_imbalance,-0.06805421049870689
BTC_S15_150_240,logistic_poly2,mp_imbalance L_stat,-0.1261589322160574
BTC_S15_150_240,logistic_poly2,mp_imbalance hawkes_lambda_imbalance,-0.2322293282368443
BTC_S15_150_240,logistic_poly2,mp_imbalance hawkes_lambda_total,0.047541173441828226
BTC_S15_150_240,logistic_poly2,mp_imbalance rv_ratio_60_to_3600,0.03213611875397238
BTC_S15_150_240,logistic_poly2,mp_imbalance hurst_300s,-0.13458823950606058
BTC_S15_150_240,logistic_poly2,mp_imbalance hurst_100s,0.14353862426892344
BTC_S15_150_240,logistic_poly2,mp_imbalance hurst_900s,-0.0050024420514263555
BTC_S15_150_240,logistic_poly2,mp_imbalance trend_slope_30m,0.051942466415010505
BTC_S15_150_240,logistic_poly2,mp_imbalance rv_60s,0.07030517882580864
BTC_S15_150_240,logistic_poly2,mp_imbalance rv_300s,0.1413723795785422
BTC_S15_150_240,logistic_poly2,mp_imbalance up_imb5,-0.05352746519190673
BTC_S15_150_240,logistic_poly2,mp_imbalance dn_imb5,0.04872522290112116
BTC_S15_150_240,logistic_poly2,mp_imbalance up_imb25,0.17546167247455563
BTC_S15_150_240,logistic_poly2,mp_imbalance dn_imb25,-0.17502174332714274
BTC_S15_150_240,logistic_poly2,mp_imbalance up_queue_top_bid,0.002826448062866562
BTC_S15_150_240,logistic_poly2,mp_imbalance up_micro_dev_bps,0.018874929196126825
BTC_S15_150_240,logistic_poly2,mp_imbalance dn_micro_dev_bps,-0.1362070232705089
BTC_S15_150_240,logistic_poly2,mp_imbalance up_bid_slope,-0.030910049795122692
BTC_S15_150_240,logistic_poly2,mp_imbalance up_ask_slope,-0.05388109773371885
BTC_S15_150_240,logistic_poly2,mp_imbalance dn_bid_slope,0.05557206387080297
BTC_S15_150_240,logistic_poly2,mp_imbalance dn_ask_slope,0.026690931876094406
BTC_S15_150_240,logistic_poly2,mp_imbalance up_imb5_change_500ms,0.08118514059759174
BTC_S15_150_240,logistic_poly2,mp_imbalance up_quote_intensity_5s,0.04741076326742569
BTC_S15_150_240,logistic_poly2,mp_imbalance ribbon_alignment_pct,0.09986596041284637
BTC_S15_150_240,logistic_poly2,mp_imbalance ribbon_compression_bps,-0.053556235758803056
BTC_S15_150_240,logistic_poly2,mp_imbalance adx_14,-0.14475172579685147
BTC_S15_150_240,logistic_poly2,mp_imbalance plus_di_14,0.021521687978815183
BTC_S15_150_240,logistic_poly2,mp_imbalance minus_di_14,-0.0804245562406519
BTC_S15_150_240,logistic_poly2,mp_imbalance vwap_since_open_bps,-0.09524310886365048
BTC_S15_150_240,logistic_poly2,mp_imbalance mfi_60s,0.12781278541261212
BTC_S15_150_240,logistic_poly2,mp_imbalance stoch_k_60s,0.16155950074960565
BTC_S15_150_240,logistic_poly2,mp_imbalance stoch_d_60s,0.09072291076456765
BTC_S15_150_240,logistic_poly2,mp_imbalance cci_60s,-0.345423338989615
BTC_S15_150_240,logistic_poly2,mp_imbalance bb_pos_60s,0.05757121997216762
BTC_S15_150_240,logistic_poly2,mp_imbalance bb_width_60s,0.10415971991363465
BTC_S15_150_240,logistic_poly2,mp_imbalance ofi_skew_l1_30s,0.05335874896062807
BTC_S15_150_240,logistic_poly2,mp_imbalance mlofi_skew_l5_30s,-0.12183386041026216
BTC_S15_150_240,logistic_poly2,mp_imbalance mlofi_skew_l5_60s,-0.30397941603372036
BTC_S15_150_240,logistic_poly2,mp_imbalance mlofi_skew_l25_30s,-0.059068992127951
BTC_S15_150_240,logistic_poly2,mp_imbalance rsi_14,-0.002590047339433696
BTC_S15_150_240,logistic_poly2,mp_imbalance cvd,-0.10661220638304252
BTC_S15_150_240,logistic_poly2,mp_imbalance vpin_value,0.022544466279964266
BTC_S15_150_240,logistic_poly2,mp_imbalance vpin_zscore,-0.08443570014259734
BTC_S15_150_240,logistic_poly2,mp_imbalance as_uncertainty,0.09002655747568745
BTC_S15_150_240,logistic_poly2,mp_imbalance as_skew,0.018784488933228725
BTC_S15_150_240,logistic_poly2,mp_weighted_imbalance L_stat,-0.062274403459717596
BTC_S15_150_240,logistic_poly2,mp_weighted_imbalance hawkes_lambda_imbalance,-0.04039135381670181
BTC_S15_150_240,logistic_poly2,mp_weighted_imbalance hawkes_lambda_total,0.06351979948207678
BTC_S15_150_240,logistic_poly2,mp_weighted_imbalance rv_ratio_60_to_3600,0.04667114815199243
BTC_S15_150_240,logistic_poly2,mp_weighted_imbalance hurst_300s,0.15407959621317763
BTC_S15_150_240,logistic_poly2,mp_weighted_imbalance hurst_100s,0.13253268333664803
BTC_S15_150_240,logistic_poly2,mp_weighted_imbalance hurst_900s,-0.18084970784338522
BTC_S15_150_240,logistic_poly2,mp_weighted_imbalance trend_slope_30m,0.12322157010528711
BTC_S15_150_240,logistic_poly2,mp_weighted_imbalance rv_60s,0.03838762049160373
BTC_S15_150_240,logistic_poly2,mp_weighted_imbalance rv_300s,-0.05880171440743916
BTC_S15_150_240,logistic_poly2,mp_weighted_imbalance up_imb5,-0.07847098017753497
BTC_S15_150_240,logistic_poly2,mp_weighted_imbalance dn_imb5,0.09756223792929891
BTC_S15_150_240,logistic_poly2,mp_weighted_imbalance up_imb25,-0.027226103911039846
BTC_S15_150_240,logistic_poly2,mp_weighted_imbalance dn_imb25,0.02994495899918908
BTC_S15_150_240,logistic_poly2,mp_weighted_imbalance up_queue_top_bid,-0.007271368546867419
BTC_S15_150_240,logistic_poly2,mp_weighted_imbalance up_micro_dev_bps,-0.017257488129511563
BTC_S15_150_240,logistic_poly2,mp_weighted_imbalance dn_micro_dev_bps,-0.02624209566641204
BTC_S15_150_240,logistic_poly2,mp_weighted_imbalance up_bid_slope,-0.11330460778905696
BTC_S15_150_240,logistic_poly2,mp_weighted_imbalance up_ask_slope,0.2209824268341659
BTC_S15_150_240,logistic_poly2,mp_weighted_imbalance dn_bid_slope,-0.21977437343033995
BTC_S15_150_240,logistic_poly2,mp_weighted_imbalance dn_ask_slope,0.11164785151168476
BTC_S15_150_240,logistic_poly2,mp_weighted_imbalance up_imb5_change_500ms,-0.028588468186762285
BTC_S15_150_240,logistic_poly2,mp_weighted_imbalance up_quote_intensity_5s,0.2515420055800931
BTC_S15_150_240,logistic_poly2,mp_weighted_imbalance ribbon_alignment_pct,-0.14211386266599266
BTC_S15_150_240,logistic_poly2,mp_weighted_imbalance ribbon_compression_bps,0.01460191271857598
BTC_S15_150_240,logistic_poly2,mp_weighted_imbalance adx_14,-0.045622811922552756
BTC_S15_150_240,logistic_poly2,mp_weighted_imbalance plus_di_14,0.09325655160673929
BTC_S15_150_240,logistic_poly2,mp_weighted_imbalance minus_di_14,0.04327878647932658
BTC_S15_150_240,logistic_poly2,mp_weighted_imbalance vwap_since_open_bps,-0.012032778116654564
BTC_S15_150_240,logistic_poly2,mp_weighted_imbalance mfi_60s,-0.07733009231379788
BTC_S15_150_240,logistic_poly2,mp_weighted_imbalance stoch_k_60s,-0.12324016853505002
BTC_S15_150_240,logistic_poly2,mp_weighted_imbalance stoch_d_60s,-0.10218382802330055
BTC_S15_150_240,logistic_poly2,mp_weighted_imbalance cci_60s,-0.09046534037936309
BTC_S15_150_240,logistic_poly2,mp_weighted_imbalance bb_pos_60s,0.039108775588785366
BTC_S15_150_240,logistic_poly2,mp_weighted_imbalance bb_width_60s,0.24510461041045237
BTC_S15_150_240,logistic_poly2,mp_weighted_imbalance ofi_skew_l1_30s,-0.13469964965376843
BTC_S15_150_240,logistic_poly2,mp_weighted_imbalance mlofi_skew_l5_30s,0.0821814581854738
BTC_S15_150_240,logistic_poly2,mp_weighted_imbalance mlofi_skew_l5_60s,-0.011886583357486385
BTC_S15_150_240,logistic_poly2,mp_weighted_imbalance mlofi_skew_l25_30s,-0.03899647656659025
BTC_S15_150_240,logistic_poly2,mp_weighted_imbalance rsi_14,0.013286664556480468
BTC_S15_150_240,logistic_poly2,mp_weighted_imbalance cvd,-0.06323700012036589
BTC_S15_150_240,logistic_poly2,mp_weighted_imbalance vpin_value,-0.0097332582829023
BTC_S15_150_240,logistic_poly2,mp_weighted_imbalance vpin_zscore,-0.1592525732434704
BTC_S15_150_240,logistic_poly2,mp_weighted_imbalance as_uncertainty,-0.006332661637827176
BTC_S15_150_240,logistic_poly2,mp_weighted_imbalance as_skew,-0.010371365284426509
BTC_S15_150_240,logistic_poly2,L_stat hawkes_lambda_imbalance,-0.08556292559215423
BTC_S15_150_240,logistic_poly2,L_stat hawkes_lambda_total,-0.03498808987729983
BTC_S15_150_240,logistic_poly2,L_stat rv_ratio_60_to_3600,-0.012281576439867999
BTC_S15_150_240,logistic_poly2,L_stat hurst_300s,-0.11399864565724815
BTC_S15_150_240,logistic_poly2,L_stat hurst_100s,0.04474287528049546
BTC_S15_150_240,logistic_poly2,L_stat hurst_900s,-0.12899404770946557
BTC_S15_150_240,logistic_poly2,L_stat trend_slope_30m,-0.21429665571700374
BTC_S15_150_240,logistic_poly2,L_stat rv_60s,-0.024978303333257453
BTC_S15_150_240,logistic_poly2,L_stat rv_300s,-0.03165982803207667
BTC_S15_150_240,logistic_poly2,L_stat up_imb5,0.02034459989082665
BTC_S15_150_240,logistic_poly2,L_stat dn_imb5,-0.02406369545222774
BTC_S15_150_240,logistic_poly2,L_stat up_imb25,-0.03316248622803016
BTC_S15_150_240,logistic_poly2,L_stat dn_imb25,0.029609965970901046
BTC_S15_150_240,logistic_poly2,L_stat up_queue_top_bid,-0.026761260918473646
BTC_S15_150_240,logistic_poly2,L_stat up_micro_dev_bps,0.1638911759992473
BTC_S15_150_240,logistic_poly2,L_stat dn_micro_dev_bps,0.005316962463374205
BTC_S15_150_240,logistic_poly2,L_stat up_bid_slope,-0.04310400608698924
BTC_S15_150_240,logistic_poly2,L_stat up_ask_slope,-0.06461023768060685
BTC_S15_150_240,logistic_poly2,L_stat dn_bid_slope,0.06330861502855509
BTC_S15_150_240,logistic_poly2,L_stat dn_ask_slope,0.04163984331770358
BTC_S15_150_240,logistic_poly2,L_stat up_imb5_change_500ms,0.10754901499618502
BTC_S15_150_240,logistic_poly2,L_stat up_quote_intensity_5s,0.0011048047930947375
BTC_S15_150_240,logistic_poly2,L_stat ribbon_alignment_pct,0.054993223692898524
BTC_S15_150_240,logistic_poly2,L_stat ribbon_compression_bps,0.043088121006201165
BTC_S15_150_240,logistic_poly2,L_stat adx_14,-0.1489228386988837
BTC_S15_150_240,logistic_poly2,L_stat plus_di_14,-0.007415618380117963
BTC_S15_150_240,logistic_poly2,L_stat minus_di_14,-0.047874124650146406
BTC_S15_150_240,logistic_poly2,L_stat vwap_since_open_bps,0.19720493276532172
BTC_S15_150_240,logistic_poly2,L_stat mfi_60s,-0.05282651877363555
BTC_S15_150_240,logistic_poly2,L_stat stoch_k_60s,0.036099839165342464
BTC_S15_150_240,logistic_poly2,L_stat stoch_d_60s,-0.04425328943187094
BTC_S15_150_240,logistic_poly2,L_stat cci_60s,-0.01573270636189498
BTC_S15_150_240,logistic_poly2,L_stat bb_pos_60s,0.0575633724901652
BTC_S15_150_240,logistic_poly2,L_stat bb_width_60s,-0.06149934531615627
BTC_S15_150_240,logistic_poly2,L_stat ofi_skew_l1_30s,-0.04703872180918952
BTC_S15_150_240,logistic_poly2,L_stat mlofi_skew_l5_30s,0.06310866642841416
BTC_S15_150_240,logistic_poly2,L_stat mlofi_skew_l5_60s,-0.15052515934119207
BTC_S15_150_240,logistic_poly2,L_stat mlofi_skew_l25_30s,-0.06133743671485136
BTC_S15_150_240,logistic_poly2,L_stat rsi_14,0.0095865968367904
BTC_S15_150_240,logistic_poly2,L_stat cvd,-0.17137813893089812
BTC_S15_150_240,logistic_poly2,L_stat vpin_value,0.06022034801539693
BTC_S15_150_240,logistic_poly2,L_stat vpin_zscore,0.03438123728758917
BTC_S15_150_240,logistic_poly2,L_stat as_uncertainty,-0.010090083042779327
BTC_S15_150_240,logistic_poly2,L_stat as_skew,-0.006223707965267584
BTC_S15_150_240,logistic_poly2,hawkes_lambda_imbalance hawkes_lambda_total,0.19533405556745073
BTC_S15_150_240,logistic_poly2,hawkes_lambda_imbalance rv_ratio_60_to_3600,-0.37353313182244907
BTC_S15_150_240,logistic_poly2,hawkes_lambda_imbalance hurst_300s,-0.04359207651879795
BTC_S15_150_240,logistic_poly2,hawkes_lambda_imbalance hurst_100s,-0.11648078924423336
BTC_S15_150_240,logistic_poly2,hawkes_lambda_imbalance hurst_900s,-0.004773081214437062
BTC_S15_150_240,logistic_poly2,hawkes_lambda_imbalance trend_slope_30m,0.06324404379138769
BTC_S15_150_240,logistic_poly2,hawkes_lambda_imbalance rv_60s,-0.15761485417642743
BTC_S15_150_240,logistic_poly2,hawkes_lambda_imbalance rv_300s,0.1916632602291825
BTC_S15_150_240,logistic_poly2,hawkes_lambda_imbalance up_imb5,0.037674387184848536
BTC_S15_150_240,logistic_poly2,hawkes_lambda_imbalance dn_imb5,-0.04314308226077278
BTC_S15_150_240,logistic_poly2,hawkes_lambda_imbalance up_imb25,0.01608655285741204
BTC_S15_150_240,logistic_poly2,hawkes_lambda_imbalance dn_imb25,-0.018021348643278146
BTC_S15_150_240,logistic_poly2,hawkes_lambda_imbalance up_queue_top_bid,-0.09974650697978647
BTC_S15_150_240,logistic_poly2,hawkes_lambda_imbalance up_micro_dev_bps,0.014319084465380211
BTC_S15_150_240,logistic_poly2,hawkes_lambda_imbalance dn_micro_dev_bps,0.01216371647307152
BTC_S15_150_240,logistic_poly2,hawkes_lambda_imbalance up_bid_slope,0.02658890512652724
BTC_S15_150_240,logistic_poly2,hawkes_lambda_imbalance up_ask_slope,0.06104905808372905
BTC_S15_150_240,logistic_poly2,hawkes_lambda_imbalance dn_bid_slope,-0.06259334507544395
BTC_S15_150_240,logistic_poly2,hawkes_lambda_imbalance dn_ask_slope,-0.025420096385977784
BTC_S15_150_240,logistic_poly2,hawkes_lambda_imbalance up_imb5_change_500ms,-0.14117328139529828
BTC_S15_150_240,logistic_poly2,hawkes_lambda_imbalance up_quote_intensity_5s,-0.0427391305910575
BTC_S15_150_240,logistic_poly2,hawkes_lambda_imbalance ribbon_alignment_pct,0.01565428849295529
BTC_S15_150_240,logistic_poly2,hawkes_lambda_imbalance ribbon_compression_bps,0.10701171005641448
BTC_S15_150_240,logistic_poly2,hawkes_lambda_imbalance adx_14,-0.19002792103494454
BTC_S15_150_240,logistic_poly2,hawkes_lambda_imbalance plus_di_14,-0.048907245871648096
BTC_S15_150_240,logistic_poly2,hawkes_lambda_imbalance minus_di_14,0.222045353059736
BTC_S15_150_240,logistic_poly2,hawkes_lambda_imbalance vwap_since_open_bps,-0.00952410035758485
BTC_S15_150_240,logistic_poly2,hawkes_lambda_imbalance mfi_60s,0.23557322599651712
BTC_S15_150_240,logistic_poly2,hawkes_lambda_imbalance stoch_k_60s,0.16199548884133658
BTC_S15_150_240,logistic_poly2,hawkes_lambda_imbalance stoch_d_60s,0.2485368459065407
BTC_S15_150_240,logistic_poly2,hawkes_lambda_imbalance cci_60s,0.014057563142394546
BTC_S15_150_240,logistic_poly2,hawkes_lambda_imbalance bb_pos_60s,-0.03179014254433397
BTC_S15_150_240,logistic_poly2,hawkes_lambda_imbalance bb_width_60s,0.06305632387505287
BTC_S15_150_240,logistic_poly2,hawkes_lambda_imbalance ofi_skew_l1_30s,-0.15499124114424714
BTC_S15_150_240,logistic_poly2,hawkes_lambda_imbalance mlofi_skew_l5_30s,-0.04211052036818054
BTC_S15_150_240,logistic_poly2,hawkes_lambda_imbalance mlofi_skew_l5_60s,-0.20714202677134141
BTC_S15_150_240,logistic_poly2,hawkes_lambda_imbalance mlofi_skew_l25_30s,-0.06047756200758958
BTC_S15_150_240,logistic_poly2,hawkes_lambda_imbalance rsi_14,0.04437845144695121
BTC_S15_150_240,logistic_poly2,hawkes_lambda_imbalance cvd,0.04445149938038394
BTC_S15_150_240,logistic_poly2,hawkes_lambda_imbalance vpin_value,-0.056915931260847534
BTC_S15_150_240,logistic_poly2,hawkes_lambda_imbalance vpin_zscore,-0.10444466468278142
BTC_S15_150_240,logistic_poly2,hawkes_lambda_imbalance as_uncertainty,0.05483455006352719
BTC_S15_150_240,logistic_poly2,hawkes_lambda_imbalance as_skew,0.0169763737205748
BTC_S15_150_240,logistic_poly2,hawkes_lambda_total rv_ratio_60_to_3600,-0.0394771744918236
BTC_S15_150_240,logistic_poly2,hawkes_lambda_total hurst_300s,0.2205375096854596
BTC_S15_150_240,logistic_poly2,hawkes_lambda_total hurst_100s,-0.16745725114668572
BTC_S15_150_240,logistic_poly2,hawkes_lambda_total hurst_900s,0.027888364472540117
BTC_S15_150_240,logistic_poly2,hawkes_lambda_total trend_slope_30m,-0.048054633693043615
BTC_S15_150_240,logistic_poly2,hawkes_lambda_total rv_60s,0.04380767445102449
BTC_S15_150_240,logistic_poly2,hawkes_lambda_total rv_300s,0.01366963267275121
BTC_S15_150_240,logistic_poly2,hawkes_lambda_total up_imb5,-0.15060478482467107
BTC_S15_150_240,logistic_poly2,hawkes_lambda_total dn_imb5,0.12699233335679352
BTC_S15_150_240,logistic_poly2,hawkes_lambda_total up_imb25,0.04614911124263991
BTC_S15_150_240,logistic_poly2,hawkes_lambda_total dn_imb25,-0.05377976890587178
BTC_S15_150_240,logistic_poly2,hawkes_lambda_total up_queue_top_bid,-0.013327224354628912
BTC_S15_150_240,logistic_poly2,hawkes_lambda_total up_micro_dev_bps,-0.04635108593543857
BTC_S15_150_240,logistic_poly2,hawkes_lambda_total dn_micro_dev_bps,0.03915493912892446
BTC_S15_150_240,logistic_poly2,hawkes_lambda_total up_bid_slope,0.07810994954298618
BTC_S15_150_240,logistic_poly2,hawkes_lambda_total up_ask_slope,-0.016827893167713794
BTC_S15_150_240,logistic_poly2,hawkes_lambda_total dn_bid_slope,0.015866591077512197
BTC_S15_150_240,logistic_poly2,hawkes_lambda_total dn_ask_slope,-0.08021367113593017
BTC_S15_150_240,logistic_poly2,hawkes_lambda_total up_imb5_change_500ms,0.07576814000615335
BTC_S15_150_240,logistic_poly2,hawkes_lambda_total up_quote_intensity_5s,-0.097097424469699
BTC_S15_150_240,logistic_poly2,hawkes_lambda_total ribbon_alignment_pct,-0.028809994527685956
BTC_S15_150_240,logistic_poly2,hawkes_lambda_total ribbon_compression_bps,-0.041523727498588375
BTC_S15_150_240,logistic_poly2,hawkes_lambda_total adx_14,0.013986742770275054
BTC_S15_150_240,logistic_poly2,hawkes_lambda_total plus_di_14,0.3085602388135523
BTC_S15_150_240,logistic_poly2,hawkes_lambda_total minus_di_14,0.024475120338892088
BTC_S15_150_240,logistic_poly2,hawkes_lambda_total vwap_since_open_bps,0.035716558029989715
BTC_S15_150_240,logistic_poly2,hawkes_lambda_total mfi_60s,-0.23358724931984054
BTC_S15_150_240,logistic_poly2,hawkes_lambda_total stoch_k_60s,0.0067943313740595375
BTC_S15_150_240,logistic_poly2,hawkes_lambda_total stoch_d_60s,-0.0459262720880214
BTC_S15_150_240,logistic_poly2,hawkes_lambda_total cci_60s,0.003068129573342839
BTC_S15_150_240,logistic_poly2,hawkes_lambda_total bb_pos_60s,-0.15139520125132386
BTC_S15_150_240,logistic_poly2,hawkes_lambda_total bb_width_60s,-0.06799826371743004
BTC_S15_150_240,logistic_poly2,hawkes_lambda_total ofi_skew_l1_30s,0.13979231443379586
BTC_S15_150_240,logistic_poly2,hawkes_lambda_total mlofi_skew_l5_30s,0.11154948741612676
BTC_S15_150_240,logistic_poly2,hawkes_lambda_total mlofi_skew_l5_60s,0.020188208478493376
BTC_S15_150_240,logistic_poly2,hawkes_lambda_total mlofi_skew_l25_30s,0.1658371956999483
BTC_S15_150_240,logistic_poly2,hawkes_lambda_total rsi_14,-0.013926768305117732
BTC_S15_150_240,logistic_poly2,hawkes_lambda_total cvd,0.1581894626757702
BTC_S15_150_240,logistic_poly2,hawkes_lambda_total vpin_value,-0.005174742338964333
BTC_S15_150_240,logistic_poly2,hawkes_lambda_total vpin_zscore,0.09471516318650246
BTC_S15_150_240,logistic_poly2,hawkes_lambda_total as_uncertainty,0.039379990341641365
BTC_S15_150_240,logistic_poly2,hawkes_lambda_total as_skew,0.0017455937717692576
BTC_S15_150_240,logistic_poly2,rv_ratio_60_to_3600 hurst_300s,-0.06700645464788758
BTC_S15_150_240,logistic_poly2,rv_ratio_60_to_3600 hurst_100s,0.03882567409162945
BTC_S15_150_240,logistic_poly2,rv_ratio_60_to_3600 hurst_900s,0.03889524267612909
BTC_S15_150_240,logistic_poly2,rv_ratio_60_to_3600 trend_slope_30m,-0.08475235331637397
BTC_S15_150_240,logistic_poly2,rv_ratio_60_to_3600 rv_60s,0.027049000625240897
BTC_S15_150_240,logistic_poly2,rv_ratio_60_to_3600 rv_300s,-0.11042403141563642
BTC_S15_150_240,logistic_poly2,rv_ratio_60_to_3600 up_imb5,-0.03780753801491644
BTC_S15_150_240,logistic_poly2,rv_ratio_60_to_3600 dn_imb5,0.03221679897754759
BTC_S15_150_240,logistic_poly2,rv_ratio_60_to_3600 up_imb25,-0.022197870604980612
BTC_S15_150_240,logistic_poly2,rv_ratio_60_to_3600 dn_imb25,0.019865442289147585
BTC_S15_150_240,logistic_poly2,rv_ratio_60_to_3600 up_queue_top_bid,-0.0968092158566086
BTC_S15_150_240,logistic_poly2,rv_ratio_60_to_3600 up_micro_dev_bps,0.037245928106704705
BTC_S15_150_240,logistic_poly2,rv_ratio_60_to_3600 dn_micro_dev_bps,0.03508600710589898
BTC_S15_150_240,logistic_poly2,rv_ratio_60_to_3600 up_bid_slope,-0.0480584062527497
BTC_S15_150_240,logistic_poly2,rv_ratio_60_to_3600 up_ask_slope,0.026124970368627157
BTC_S15_150_240,logistic_poly2,rv_ratio_60_to_3600 dn_bid_slope,-0.02653292973477317
BTC_S15_150_240,logistic_poly2,rv_ratio_60_to_3600 dn_ask_slope,0.04976669395698327
BTC_S15_150_240,logistic_poly2,rv_ratio_60_to_3600 up_imb5_change_500ms,0.04398017411059256
BTC_S15_150_240,logistic_poly2,rv_ratio_60_to_3600 up_quote_intensity_5s,0.05183729768855491
BTC_S15_150_240,logistic_poly2,rv_ratio_60_to_3600 ribbon_alignment_pct,0.01368214452221732
BTC_S15_150_240,logistic_poly2,rv_ratio_60_to_3600 ribbon_compression_bps,-0.06403452397843881
BTC_S15_150_240,logistic_poly2,rv_ratio_60_to_3600 adx_14,0.011299680522439393
BTC_S15_150_240,logistic_poly2,rv_ratio_60_to_3600 plus_di_14,0.022156371799567587
BTC_S15_150_240,logistic_poly2,rv_ratio_60_to_3600 minus_di_14,0.004580797327681962
BTC_S15_150_240,logistic_poly2,rv_ratio_60_to_3600 vwap_since_open_bps,0.11817954441379151
BTC_S15_150_240,logistic_poly2,rv_ratio_60_to_3600 mfi_60s,0.004889082134836203
BTC_S15_150_240,logistic_poly2,rv_ratio_60_to_3600 stoch_k_60s,-0.09725953011489231
BTC_S15_150_240,logistic_poly2,rv_ratio_60_to_3600 stoch_d_60s,-0.15073854680617912
BTC_S15_150_240,logistic_poly2,rv_ratio_60_to_3600 cci_60s,0.060162457286627335
BTC_S15_150_240,logistic_poly2,rv_ratio_60_to_3600 bb_pos_60s,-0.08782396438112774
BTC_S15_150_240,logistic_poly2,rv_ratio_60_to_3600 bb_width_60s,-0.006988882034734986
BTC_S15_150_240,logistic_poly2,rv_ratio_60_to_3600 ofi_skew_l1_30s,-0.08854091329725296
BTC_S15_150_240,logistic_poly2,rv_ratio_60_to_3600 mlofi_skew_l5_30s,0.18947485109405568
BTC_S15_150_240,logistic_poly2,rv_ratio_60_to_3600 mlofi_skew_l5_60s,-0.14332105158748418
BTC_S15_150_240,logistic_poly2,rv_ratio_60_to_3600 mlofi_skew_l25_30s,0.029007850280972438
BTC_S15_150_240,logistic_poly2,rv_ratio_60_to_3600 rsi_14,-0.05861619806056782
BTC_S15_150_240,logistic_poly2,rv_ratio_60_to_3600 cvd,0.17639309908166942
BTC_S15_150_240,logistic_poly2,rv_ratio_60_to_3600 vpin_value,0.10803265188153491
BTC_S15_150_240,logistic_poly2,rv_ratio_60_to_3600 vpin_zscore,-0.33337887072425176
BTC_S15_150_240,logistic_poly2,rv_ratio_60_to_3600 as_uncertainty,-0.0008232403682313326
BTC_S15_150_240,logistic_poly2,rv_ratio_60_to_3600 as_skew,0.005930110894314761
BTC_S15_150_240,logistic_poly2,hurst_300s hurst_100s,-0.1603230502440289
BTC_S15_150_240,logistic_poly2,hurst_300s hurst_900s,0.08498917930197064
BTC_S15_150_240,logistic_poly2,hurst_300s trend_slope_30m,0.11982348962849151
BTC_S15_150_240,logistic_poly2,hurst_300s rv_60s,-0.04140323240700694
BTC_S15_150_240,logistic_poly2,hurst_300s rv_300s,-0.010898582997121363
BTC_S15_150_240,logistic_poly2,hurst_300s up_imb5,-0.016396971008846222
BTC_S15_150_240,logistic_poly2,hurst_300s dn_imb5,0.04675369106074622
BTC_S15_150_240,logistic_poly2,hurst_300s up_imb25,-0.019193349309708035
BTC_S15_150_240,logistic_poly2,hurst_300s dn_imb25,0.029032287789617993
BTC_S15_150_240,logistic_poly2,hurst_300s up_queue_top_bid,-0.008031544080075882
BTC_S15_150_240,logistic_poly2,hurst_300s up_micro_dev_bps,0.04075813954245782
BTC_S15_150_240,logistic_poly2,hurst_300s dn_micro_dev_bps,-0.04988343417565104
BTC_S15_150_240,logistic_poly2,hurst_300s up_bid_slope,0.10499103000351807
BTC_S15_150_240,logistic_poly2,hurst_300s up_ask_slope,0.00041001072810165496
BTC_S15_150_240,logistic_poly2,hurst_300s dn_bid_slope,0.00044255881506466286
BTC_S15_150_240,logistic_poly2,hurst_300s dn_ask_slope,-0.10639848861961551
BTC_S15_150_240,logistic_poly2,hurst_300s up_imb5_change_500ms,0.03158751477357843
BTC_S15_150_240,logistic_poly2,hurst_300s up_quote_intensity_5s,-0.06467491207816252
BTC_S15_150_240,logistic_poly2,hurst_300s ribbon_alignment_pct,0.07490271252594269
BTC_S15_150_240,logistic_poly2,hurst_300s ribbon_compression_bps,0.11708511298375321
BTC_S15_150_240,logistic_poly2,hurst_300s adx_14,0.034495796510942034
BTC_S15_150_240,logistic_poly2,hurst_300s plus_di_14,0.1509107560634647
BTC_S15_150_240,logistic_poly2,hurst_300s minus_di_14,0.04728831907492263
BTC_S15_150_240,logistic_poly2,hurst_300s vwap_since_open_bps,-0.013261137465099779
BTC_S15_150_240,logistic_poly2,hurst_300s mfi_60s,-0.19870417445734959
BTC_S15_150_240,logistic_poly2,hurst_300s stoch_k_60s,0.00993140976006492
BTC_S15_150_240,logistic_poly2,hurst_300s stoch_d_60s,0.10266793599172981
BTC_S15_150_240,logistic_poly2,hurst_300s cci_60s,-0.19541491825633134
BTC_S15_150_240,logistic_poly2,hurst_300s bb_pos_60s,-0.13890826122611064
BTC_S15_150_240,logistic_poly2,hurst_300s bb_width_60s,-0.026824925090673597
BTC_S15_150_240,logistic_poly2,hurst_300s ofi_skew_l1_30s,0.04450689229348128
BTC_S15_150_240,logistic_poly2,hurst_300s mlofi_skew_l5_30s,0.045335138709861285
BTC_S15_150_240,logistic_poly2,hurst_300s mlofi_skew_l5_60s,-0.2261198738246494
BTC_S15_150_240,logistic_poly2,hurst_300s mlofi_skew_l25_30s,0.15871270395609585
BTC_S15_150_240,logistic_poly2,hurst_300s rsi_14,-0.09783139471245676
BTC_S15_150_240,logistic_poly2,hurst_300s cvd,-0.17765650107413447
BTC_S15_150_240,logistic_poly2,hurst_300s vpin_value,0.06184548216247639
BTC_S15_150_240,logistic_poly2,hurst_300s vpin_zscore,-0.08809717568903379
BTC_S15_150_240,logistic_poly2,hurst_300s as_uncertainty,0.020359552969698394
BTC_S15_150_240,logistic_poly2,hurst_300s as_skew,-0.002091841907138566
BTC_S15_150_240,logistic_poly2,hurst_100s hurst_900s,0.08697120354459889
BTC_S15_150_240,logistic_poly2,hurst_100s trend_slope_30m,-0.027899874424504135
BTC_S15_150_240,logistic_poly2,hurst_100s rv_60s,-0.017397847575958934
BTC_S15_150_240,logistic_poly2,hurst_100s rv_300s,-0.08156178282029168
BTC_S15_150_240,logistic_poly2,hurst_100s up_imb5,-0.053625132080040175
BTC_S15_150_240,logistic_poly2,hurst_100s dn_imb5,0.05226813737054263
BTC_S15_150_240,logistic_poly2,hurst_100s up_imb25,-0.0729221384177206
BTC_S15_150_240,logistic_poly2,hurst_100s dn_imb25,0.07232648308594594
BTC_S15_150_240,logistic_poly2,hurst_100s up_queue_top_bid,0.1235617819967081
BTC_S15_150_240,logistic_poly2,hurst_100s up_micro_dev_bps,-0.03892112084297569
BTC_S15_150_240,logistic_poly2,hurst_100s dn_micro_dev_bps,-0.068112363030459
BTC_S15_150_240,logistic_poly2,hurst_100s up_bid_slope,0.08284971221503364
BTC_S15_150_240,logistic_poly2,hurst_100s up_ask_slope,0.003373440032844631
BTC_S15_150_240,logistic_poly2,hurst_100s dn_bid_slope,-0.004525479632275309
BTC_S15_150_240,logistic_poly2,hurst_100s dn_ask_slope,-0.08240266288582869
BTC_S15_150_240,logistic_poly2,hurst_100s up_imb5_change_500ms,-0.15893011617570044
BTC_S15_150_240,logistic_poly2,hurst_100s up_quote_intensity_5s,-0.04099073336203631
BTC_S15_150_240,logistic_poly2,hurst_100s ribbon_alignment_pct,0.1678170616738424
BTC_S15_150_240,logistic_poly2,hurst_100s ribbon_compression_bps,0.09746877751357581
BTC_S15_150_240,logistic_poly2,hurst_100s adx_14,0.09417311677583243
BTC_S15_150_240,logistic_poly2,hurst_100s plus_di_14,0.11125971480167951
BTC_S15_150_240,logistic_poly2,hurst_100s minus_di_14,-0.036785966792252746
BTC_S15_150_240,logistic_poly2,hurst_100s vwap_since_open_bps,-0.011612025666063676
BTC_S15_150_240,logistic_poly2,hurst_100s mfi_60s,0.03514873283870817
BTC_S15_150_240,logistic_poly2,hurst_100s stoch_k_60s,0.04967468509745143
BTC_S15_150_240,logistic_poly2,hurst_100s stoch_d_60s,-0.14574790119793873
BTC_S15_150_240,logistic_poly2,hurst_100s cci_60s,-0.22955265889273693
BTC_S15_150_240,logistic_poly2,hurst_100s bb_pos_60s,-0.022666950447311308
BTC_S15_150_240,logistic_poly2,hurst_100s bb_width_60s,0.25982454489077744
BTC_S15_150_240,logistic_poly2,hurst_100s ofi_skew_l1_30s,-0.06857651127598827
BTC_S15_150_240,logistic_poly2,hurst_100s mlofi_skew_l5_30s,-0.034444885540881626
BTC_S15_150_240,logistic_poly2,hurst_100s mlofi_skew_l5_60s,-0.264745832518005
BTC_S15_150_240,logistic_poly2,hurst_100s mlofi_skew_l25_30s,0.09610648593034689
BTC_S15_150_240,logistic_poly2,hurst_100s rsi_14,-0.21096600674618113
BTC_S15_150_240,logistic_poly2,hurst_100s cvd,-0.012968029026271536
BTC_S15_150_240,logistic_poly2,hurst_100s vpin_value,-0.08585944449006096
BTC_S15_150_240,logistic_poly2,hurst_100s vpin_zscore,0.0479385273189984
BTC_S15_150_240,logistic_poly2,hurst_100s as_uncertainty,-0.058874520434218376
BTC_S15_150_240,logistic_poly2,hurst_100s as_skew,-0.04471558516411017
BTC_S15_150_240,logistic_poly2,hurst_900s trend_slope_30m,0.2322854527875238
BTC_S15_150_240,logistic_poly2,hurst_900s rv_60s,-0.01069321220934543
BTC_S15_150_240,logistic_poly2,hurst_900s rv_300s,-0.024447258700366382
BTC_S15_150_240,logistic_poly2,hurst_900s up_imb5,0.05187747879293556
BTC_S15_150_240,logistic_poly2,hurst_900s dn_imb5,-0.023057379614794732
BTC_S15_150_240,logistic_poly2,hurst_900s up_imb25,-0.01299701795770673
BTC_S15_150_240,logistic_poly2,hurst_900s dn_imb25,0.018823745165682342
BTC_S15_150_240,logistic_poly2,hurst_900s up_queue_top_bid,-0.08507297494191193
BTC_S15_150_240,logistic_poly2,hurst_900s up_micro_dev_bps,-0.04918842010228732
BTC_S15_150_240,logistic_poly2,hurst_900s dn_micro_dev_bps,-0.01025971336980161
BTC_S15_150_240,logistic_poly2,hurst_900s up_bid_slope,0.018065869862961888
BTC_S15_150_240,logistic_poly2,hurst_900s up_ask_slope,-0.06356129159041454
BTC_S15_150_240,logistic_poly2,hurst_900s dn_bid_slope,0.0631353148096779
BTC_S15_150_240,logistic_poly2,hurst_900s dn_ask_slope,-0.018171042299069268
BTC_S15_150_240,logistic_poly2,hurst_900s up_imb5_change_500ms,0.0792306900492269
BTC_S15_150_240,logistic_poly2,hurst_900s up_quote_intensity_5s,-0.1462731820717528
BTC_S15_150_240,logistic_poly2,hurst_900s ribbon_alignment_pct,-0.06166401371797983
BTC_S15_150_240,logistic_poly2,hurst_900s ribbon_compression_bps,-0.07258399973311495
BTC_S15_150_240,logistic_poly2,hurst_900s adx_14,0.2196539470347496
BTC_S15_150_240,logistic_poly2,hurst_900s plus_di_14,-0.05016590831270319
BTC_S15_150_240,logistic_poly2,hurst_900s minus_di_14,-0.19178126300523518
BTC_S15_150_240,logistic_poly2,hurst_900s vwap_since_open_bps,-0.09594156780778787
BTC_S15_150_240,logistic_poly2,hurst_900s mfi_60s,-0.013497303021051081
BTC_S15_150_240,logistic_poly2,hurst_900s stoch_k_60s,0.0387310894472458
BTC_S15_150_240,logistic_poly2,hurst_900s stoch_d_60s,0.027529941810349137
BTC_S15_150_240,logistic_poly2,hurst_900s cci_60s,0.0729404367110785
BTC_S15_150_240,logistic_poly2,hurst_900s bb_pos_60s,0.15531359424547975
BTC_S15_150_240,logistic_poly2,hurst_900s bb_width_60s,0.19188726525784638
BTC_S15_150_240,logistic_poly2,hurst_900s ofi_skew_l1_30s,0.11397457802162507
BTC_S15_150_240,logistic_poly2,hurst_900s mlofi_skew_l5_30s,0.06376828465453765
BTC_S15_150_240,logistic_poly2,hurst_900s mlofi_skew_l5_60s,0.01614237821106611
BTC_S15_150_240,logistic_poly2,hurst_900s mlofi_skew_l25_30s,-0.07323793716623689
BTC_S15_150_240,logistic_poly2,hurst_900s rsi_14,0.011660566402472122
BTC_S15_150_240,logistic_poly2,hurst_900s cvd,0.038689811900611944
BTC_S15_150_240,logistic_poly2,hurst_900s vpin_value,0.102975737888238
BTC_S15_150_240,logistic_poly2,hurst_900s vpin_zscore,0.10824685595755537
BTC_S15_150_240,logistic_poly2,hurst_900s as_uncertainty,-0.046933586501464716
BTC_S15_150_240,logistic_poly2,hurst_900s as_skew,-0.05712591277076671
BTC_S15_150_240,logistic_poly2,trend_slope_30m rv_60s,0.05318029602554192
BTC_S15_150_240,logistic_poly2,trend_slope_30m rv_300s,-0.0561939762974775
BTC_S15_150_240,logistic_poly2,trend_slope_30m up_imb5,0.011373292587647127
BTC_S15_150_240,logistic_poly2,trend_slope_30m dn_imb5,-0.016900979436690375
BTC_S15_150_240,logistic_poly2,trend_slope_30m up_imb25,-0.10449592175506858
BTC_S15_150_240,logistic_poly2,trend_slope_30m dn_imb25,0.100890730450471
BTC_S15_150_240,logistic_poly2,trend_slope_30m up_queue_top_bid,-0.12538263447803377
BTC_S15_150_240,logistic_poly2,trend_slope_30m up_micro_dev_bps,-0.040994874839507825
BTC_S15_150_240,logistic_poly2,trend_slope_30m dn_micro_dev_bps,0.12968018153345842
BTC_S15_150_240,logistic_poly2,trend_slope_30m up_bid_slope,-0.09290269418640298
BTC_S15_150_240,logistic_poly2,trend_slope_30m up_ask_slope,-0.0329662240541567
BTC_S15_150_240,logistic_poly2,trend_slope_30m dn_bid_slope,0.03036619578586748
BTC_S15_150_240,logistic_poly2,trend_slope_30m dn_ask_slope,0.09419984274134009
BTC_S15_150_240,logistic_poly2,trend_slope_30m up_imb5_change_500ms,0.03056860426823098
BTC_S15_150_240,logistic_poly2,trend_slope_30m up_quote_intensity_5s,0.01851557169302953
BTC_S15_150_240,logistic_poly2,trend_slope_30m ribbon_alignment_pct,-0.14880476061505749
BTC_S15_150_240,logistic_poly2,trend_slope_30m ribbon_compression_bps,0.044525607954145195
BTC_S15_150_240,logistic_poly2,trend_slope_30m adx_14,0.30132187828313567
BTC_S15_150_240,logistic_poly2,trend_slope_30m plus_di_14,-0.06532877580785003
BTC_S15_150_240,logistic_poly2,trend_slope_30m minus_di_14,0.13593927566463002
BTC_S15_150_240,logistic_poly2,trend_slope_30m vwap_since_open_bps,0.046590946292767124
BTC_S15_150_240,logistic_poly2,trend_slope_30m mfi_60s,-0.15377143884211877
BTC_S15_150_240,logistic_poly2,trend_slope_30m stoch_k_60s,0.12424351814501519
BTC_S15_150_240,logistic_poly2,trend_slope_30m stoch_d_60s,0.13386227071993695
BTC_S15_150_240,logistic_poly2,trend_slope_30m cci_60s,-0.0032913162677338605
BTC_S15_150_240,logistic_poly2,trend_slope_30m bb_pos_60s,-0.08713195883178895
BTC_S15_150_240,logistic_poly2,trend_slope_30m bb_width_60s,0.05971831051955502
BTC_S15_150_240,logistic_poly2,trend_slope_30m ofi_skew_l1_30s,-0.035428567471704794
BTC_S15_150_240,logistic_poly2,trend_slope_30m mlofi_skew_l5_30s,-0.1009848540700627
BTC_S15_150_240,logistic_poly2,trend_slope_30m mlofi_skew_l5_60s,0.07757976871274272
BTC_S15_150_240,logistic_poly2,trend_slope_30m mlofi_skew_l25_30s,-0.1302298730760572
BTC_S15_150_240,logistic_poly2,trend_slope_30m rsi_14,-0.07548464152128594
BTC_S15_150_240,logistic_poly2,trend_slope_30m cvd,-0.11874811491099944
BTC_S15_150_240,logistic_poly2,trend_slope_30m vpin_value,0.22344392989347242
BTC_S15_150_240,logistic_poly2,trend_slope_30m vpin_zscore,-0.2355957723679801
BTC_S15_150_240,logistic_poly2,trend_slope_30m as_uncertainty,-0.13924899718606057
BTC_S15_150_240,logistic_poly2,trend_slope_30m as_skew,-0.11987795697282742
BTC_S15_150_240,logistic_poly2,rv_60s rv_300s,-0.06405661296133994
BTC_S15_150_240,logistic_poly2,rv_60s up_imb5,0.08876357792860506
BTC_S15_150_240,logistic_poly2,rv_60s dn_imb5,-0.0997765044539849
BTC_S15_150_240,logistic_poly2,rv_60s up_imb25,0.047276731643250886
BTC_S15_150_240,logistic_poly2,rv_60s dn_imb25,-0.052164589849259986
BTC_S15_150_240,logistic_poly2,rv_60s up_queue_top_bid,-0.05799625708729764
BTC_S15_150_240,logistic_poly2,rv_60s up_micro_dev_bps,-0.014226469469501592
BTC_S15_150_240,logistic_poly2,rv_60s dn_micro_dev_bps,0.019126299951638757
BTC_S15_150_240,logistic_poly2,rv_60s up_bid_slope,0.1076256454353193
BTC_S15_150_240,logistic_poly2,rv_60s up_ask_slope,-0.06466777846242197
BTC_S15_150_240,logistic_poly2,rv_60s dn_bid_slope,0.06336033097153633
BTC_S15_150_240,logistic_poly2,rv_60s dn_ask_slope,-0.1069895457297446
BTC_S15_150_240,logistic_poly2,rv_60s up_imb5_change_500ms,0.016688468415314052
BTC_S15_150_240,logistic_poly2,rv_60s up_quote_intensity_5s,0.1245549017322807
BTC_S15_150_240,logistic_poly2,rv_60s ribbon_alignment_pct,-0.15579875362286796
BTC_S15_150_240,logistic_poly2,rv_60s ribbon_compression_bps,-0.0202646191731518
BTC_S15_150_240,logistic_poly2,rv_60s adx_14,-0.010652292833227384
BTC_S15_150_240,logistic_poly2,rv_60s plus_di_14,0.03876133521188176
BTC_S15_150_240,logistic_poly2,rv_60s minus_di_14,-0.06352808167439374
BTC_S15_150_240,logistic_poly2,rv_60s vwap_since_open_bps,0.053030902769164175
BTC_S15_150_240,logistic_poly2,rv_60s mfi_60s,-0.09404402137373273
BTC_S15_150_240,logistic_poly2,rv_60s stoch_k_60s,0.06449181081157387
BTC_S15_150_240,logistic_poly2,rv_60s stoch_d_60s,-0.005345648047151962
BTC_S15_150_240,logistic_poly2,rv_60s cci_60s,-0.02698427057588109
BTC_S15_150_240,logistic_poly2,rv_60s bb_pos_60s,-0.14334782005859284
BTC_S15_150_240,logistic_poly2,rv_60s bb_width_60s,0.1392299596433358
BTC_S15_150_240,logistic_poly2,rv_60s ofi_skew_l1_30s,0.09849615767722904
BTC_S15_150_240,logistic_poly2,rv_60s mlofi_skew_l5_30s,0.11472191757745477
BTC_S15_150_240,logistic_poly2,rv_60s mlofi_skew_l5_60s,-0.1177033725587673
BTC_S15_150_240,logistic_poly2,rv_60s mlofi_skew_l25_30s,0.07323622772936757
BTC_S15_150_240,logistic_poly2,rv_60s rsi_14,0.09732671211668906
BTC_S15_150_240,logistic_poly2,rv_60s cvd,-0.15688617282619594
BTC_S15_150_240,logistic_poly2,rv_60s vpin_value,-0.05945354319285832
BTC_S15_150_240,logistic_poly2,rv_60s vpin_zscore,-0.04969734505478293
BTC_S15_150_240,logistic_poly2,rv_60s as_uncertainty,0.01449997191904198
BTC_S15_150_240,logistic_poly2,rv_60s as_skew,0.02209992770431237
BTC_S15_150_240,logistic_poly2,rv_300s up_imb5,-0.0010868271992500208
BTC_S15_150_240,logistic_poly2,rv_300s dn_imb5,-0.01755578969223985
BTC_S15_150_240,logistic_poly2,rv_300s up_imb25,-0.007068120299752991
BTC_S15_150_240,logistic_poly2,rv_300s dn_imb25,0.001510912598327995
BTC_S15_150_240,logistic_poly2,rv_300s up_queue_top_bid,0.03569820652975848
BTC_S15_150_240,logistic_poly2,rv_300s up_micro_dev_bps,-0.14208858782216613
BTC_S15_150_240,logistic_poly2,rv_300s dn_micro_dev_bps,-0.029582390788313644
BTC_S15_150_240,logistic_poly2,rv_300s up_bid_slope,0.020859080902646182
BTC_S15_150_240,logistic_poly2,rv_300s up_ask_slope,0.0193056296739539
BTC_S15_150_240,logistic_poly2,rv_300s dn_bid_slope,-0.020170780559253802
BTC_S15_150_240,logistic_poly2,rv_300s dn_ask_slope,-0.022049851798283806
BTC_S15_150_240,logistic_poly2,rv_300s up_imb5_change_500ms,-0.06610959632337084
BTC_S15_150_240,logistic_poly2,rv_300s up_quote_intensity_5s,-0.055040484849210015
BTC_S15_150_240,logistic_poly2,rv_300s ribbon_alignment_pct,-0.054493024741365345
BTC_S15_150_240,logistic_poly2,rv_300s ribbon_compression_bps,-0.0459200810416726
BTC_S15_150_240,logistic_poly2,rv_300s adx_14,0.02989890660204606
BTC_S15_150_240,logistic_poly2,rv_300s plus_di_14,-0.04212618511201476
BTC_S15_150_240,logistic_poly2,rv_300s minus_di_14,0.2853446487510733
BTC_S15_150_240,logistic_poly2,rv_300s vwap_since_open_bps,0.01737509229648289
BTC_S15_150_240,logistic_poly2,rv_300s mfi_60s,-0.0636308490599335
BTC_S15_150_240,logistic_poly2,rv_300s stoch_k_60s,0.05617111940808851
BTC_S15_150_240,logistic_poly2,rv_300s stoch_d_60s,0.003845223567833228
BTC_S15_150_240,logistic_poly2,rv_300s cci_60s,0.04333015970985003
BTC_S15_150_240,logistic_poly2,rv_300s bb_pos_60s,-0.057353318442925995
BTC_S15_150_240,logistic_poly2,rv_300s bb_width_60s,-0.10172324862990477
BTC_S15_150_240,logistic_poly2,rv_300s ofi_skew_l1_30s,0.09415085059365425
BTC_S15_150_240,logistic_poly2,rv_300s mlofi_skew_l5_30s,-0.005778854750207268
BTC_S15_150_240,logistic_poly2,rv_300s mlofi_skew_l5_60s,-0.04290796594247376
BTC_S15_150_240,logistic_poly2,rv_300s mlofi_skew_l25_30s,-0.00941715282007813
BTC_S15_150_240,logistic_poly2,rv_300s rsi_14,-0.11757883848261855
BTC_S15_150_240,logistic_poly2,rv_300s cvd,0.052785644547805266
BTC_S15_150_240,logistic_poly2,rv_300s vpin_value,-0.036932868191512924
BTC_S15_150_240,logistic_poly2,rv_300s vpin_zscore,-0.013852621271193334
BTC_S15_150_240,logistic_poly2,rv_300s as_uncertainty,0.17480157896393247
BTC_S15_150_240,logistic_poly2,rv_300s as_skew,0.08695579202194889
BTC_S15_150_240,logistic_poly2,up_imb5 dn_imb5,-0.16526580241311256
BTC_S15_150_240,logistic_poly2,up_imb5 up_imb25,-0.03164024587553931
BTC_S15_150_240,logistic_poly2,up_imb5 dn_imb25,0.031854510323137915
BTC_S15_150_240,logistic_poly2,up_imb5 up_queue_top_bid,0.19769593054005893
BTC_S15_150_240,logistic_poly2,up_imb5 up_micro_dev_bps,0.011763280209040246
BTC_S15_150_240,logistic_poly2,up_imb5 dn_micro_dev_bps,0.03662797306584155
BTC_S15_150_240,logistic_poly2,up_imb5 up_bid_slope,0.005058134337255654
BTC_S15_150_240,logistic_poly2,up_imb5 up_ask_slope,-0.05287922761211989
BTC_S15_150_240,logistic_poly2,up_imb5 dn_bid_slope,0.05365176191512056
BTC_S15_150_240,logistic_poly2,up_imb5 dn_ask_slope,-0.010720853510570765
BTC_S15_150_240,logistic_poly2,up_imb5 up_imb5_change_500ms,0.04976035786673785
BTC_S15_150_240,logistic_poly2,up_imb5 up_quote_intensity_5s,-0.05403658553834789
BTC_S15_150_240,logistic_poly2,up_imb5 ribbon_alignment_pct,0.07332577141348919
BTC_S15_150_240,logistic_poly2,up_imb5 ribbon_compression_bps,0.012353661169441182
BTC_S15_150_240,logistic_poly2,up_imb5 adx_14,-0.024605061545226237
BTC_S15_150_240,logistic_poly2,up_imb5 plus_di_14,-0.11493282617433466
BTC_S15_150_240,logistic_poly2,up_imb5 minus_di_14,-0.004721131960850072
BTC_S15_150_240,logistic_poly2,up_imb5 vwap_since_open_bps,-0.10818228501950991
BTC_S15_150_240,logistic_poly2,up_imb5 mfi_60s,0.019599587447865992
BTC_S15_150_240,logistic_poly2,up_imb5 stoch_k_60s,0.073899182416863
BTC_S15_150_240,logistic_poly2,up_imb5 stoch_d_60s,-0.05267482748374594
BTC_S15_150_240,logistic_poly2,up_imb5 cci_60s,-0.013035210882241669
BTC_S15_150_240,logistic_poly2,up_imb5 bb_pos_60s,0.08443503023429832
BTC_S15_150_240,logistic_poly2,up_imb5 bb_width_60s,-0.03730165170880856
BTC_S15_150_240,logistic_poly2,up_imb5 ofi_skew_l1_30s,-0.011740264231212705
BTC_S15_150_240,logistic_poly2,up_imb5 mlofi_skew_l5_30s,-0.08759197786796555
BTC_S15_150_240,logistic_poly2,up_imb5 mlofi_skew_l5_60s,0.03329569025537397
BTC_S15_150_240,logistic_poly2,up_imb5 mlofi_skew_l25_30s,-0.036147895150185266
BTC_S15_150_240,logistic_poly2,up_imb5 rsi_14,-0.06645122201350395
BTC_S15_150_240,logistic_poly2,up_imb5 cvd,-0.01664028474509071
BTC_S15_150_240,logistic_poly2,up_imb5 vpin_value,-0.13957753165478143
BTC_S15_150_240,logistic_poly2,up_imb5 vpin_zscore,0.059187562600228096
BTC_S15_150_240,logistic_poly2,up_imb5 as_uncertainty,-0.01216172205698289
BTC_S15_150_240,logistic_poly2,up_imb5 as_skew,-0.014705578194888992
BTC_S15_150_240,logistic_poly2,dn_imb5 up_imb25,0.017397927169221384
BTC_S15_150_240,logistic_poly2,dn_imb5 dn_imb25,-0.0188028973073755
BTC_S15_150_240,logistic_poly2,dn_imb5 up_queue_top_bid,-0.19798242105825822
BTC_S15_150_240,logistic_poly2,dn_imb5 up_micro_dev_bps,-0.010429949100862422
BTC_S15_150_240,logistic_poly2,dn_imb5 dn_micro_dev_bps,-0.036244263747123286
BTC_S15_150_240,logistic_poly2,dn_imb5 up_bid_slope,-0.017679984822040123
BTC_S15_150_240,logistic_poly2,dn_imb5 up_ask_slope,0.053194597444719834
BTC_S15_150_240,logistic_poly2,dn_imb5 dn_bid_slope,-0.05403748427992319
BTC_S15_150_240,logistic_poly2,dn_imb5 dn_ask_slope,0.022768077982847128
BTC_S15_150_240,logistic_poly2,dn_imb5 up_imb5_change_500ms,-0.048804614227982795
BTC_S15_150_240,logistic_poly2,dn_imb5 up_quote_intensity_5s,0.04395710818738587
BTC_S15_150_240,logistic_poly2,dn_imb5 ribbon_alignment_pct,-0.06350410387636687
BTC_S15_150_240,logistic_poly2,dn_imb5 ribbon_compression_bps,-0.03410664036007687
BTC_S15_150_240,logistic_poly2,dn_imb5 adx_14,-0.0013471307834884167
BTC_S15_150_240,logistic_poly2,dn_imb5 plus_di_14,0.13172077978337152
BTC_S15_150_240,logistic_poly2,dn_imb5 minus_di_14,-0.014727517841106322
BTC_S15_150_240,logistic_poly2,dn_imb5 vwap_since_open_bps,0.08895436658111905
BTC_S15_150_240,logistic_poly2,dn_imb5 mfi_60s,-0.020093840160383517
BTC_S15_150_240,logistic_poly2,dn_imb5 stoch_k_60s,-0.08045378978448077
BTC_S15_150_240,logistic_poly2,dn_imb5 stoch_d_60s,0.04759312201668397
BTC_S15_150_240,logistic_poly2,dn_imb5 cci_60s,-0.008175651005152915
BTC_S15_150_240,logistic_poly2,dn_imb5 bb_pos_60s,-0.10384772564006199
BTC_S15_150_240,logistic_poly2,dn_imb5 bb_width_60s,0.025229233762976273
BTC_S15_150_240,logistic_poly2,dn_imb5 ofi_skew_l1_30s,0.002282797142353569
BTC_S15_150_240,logistic_poly2,dn_imb5 mlofi_skew_l5_30s,0.07408330401897299
BTC_S15_150_240,logistic_poly2,dn_imb5 mlofi_skew_l5_60s,-0.04589773874129673
BTC_S15_150_240,logistic_poly2,dn_imb5 mlofi_skew_l25_30s,0.008254138486478027
BTC_S15_150_240,logistic_poly2,dn_imb5 rsi_14,0.06511183049302899
BTC_S15_150_240,logistic_poly2,dn_imb5 cvd,0.024711826295362557
BTC_S15_150_240,logistic_poly2,dn_imb5 vpin_value,0.13486831184773046
BTC_S15_150_240,logistic_poly2,dn_imb5 vpin_zscore,-0.06599094935449595
BTC_S15_150_240,logistic_poly2,dn_imb5 as_uncertainty,0.0057143619507442275
BTC_S15_150_240,logistic_poly2,dn_imb5 as_skew,0.01100706052580991
BTC_S15_150_240,logistic_poly2,up_imb25 dn_imb25,0.14108456802199704
BTC_S15_150_240,logistic_poly2,up_imb25 up_queue_top_bid,0.20590472553844166
BTC_S15_150_240,logistic_poly2,up_imb25 up_micro_dev_bps,0.01955529786803066
BTC_S15_150_240,logistic_poly2,up_imb25 dn_micro_dev_bps,-0.12019482237051883
BTC_S15_150_240,logistic_poly2,up_imb25 up_bid_slope,-0.020469852390866707
BTC_S15_150_240,logistic_poly2,up_imb25 up_ask_slope,0.023133856796662196
BTC_S15_150_240,logistic_poly2,up_imb25 dn_bid_slope,-0.025491418018131665
BTC_S15_150_240,logistic_poly2,up_imb25 dn_ask_slope,0.014489861921721393
BTC_S15_150_240,logistic_poly2,up_imb25 up_imb5_change_500ms,-0.031223898880844272
BTC_S15_150_240,logistic_poly2,up_imb25 up_quote_intensity_5s,0.07595023241056224
BTC_S15_150_240,logistic_poly2,up_imb25 ribbon_alignment_pct,0.09522921612964574
BTC_S15_150_240,logistic_poly2,up_imb25 ribbon_compression_bps,0.03509143932725872
BTC_S15_150_240,logistic_poly2,up_imb25 adx_14,-0.0502079656987403
BTC_S15_150_240,logistic_poly2,up_imb25 plus_di_14,0.10222118456474169
BTC_S15_150_240,logistic_poly2,up_imb25 minus_di_14,0.05804622976251215
BTC_S15_150_240,logistic_poly2,up_imb25 vwap_since_open_bps,0.06980636190358669
BTC_S15_150_240,logistic_poly2,up_imb25 mfi_60s,0.02787075312166296
BTC_S15_150_240,logistic_poly2,up_imb25 stoch_k_60s,-0.030546023414583623
BTC_S15_150_240,logistic_poly2,up_imb25 stoch_d_60s,0.05007799264642694
BTC_S15_150_240,logistic_poly2,up_imb25 cci_60s,0.018577177069546088
BTC_S15_150_240,logistic_poly2,up_imb25 bb_pos_60s,-0.037588129464612645
BTC_S15_150_240,logistic_poly2,up_imb25 bb_width_60s,-0.05101242919913004
BTC_S15_150_240,logistic_poly2,up_imb25 ofi_skew_l1_30s,0.06777081873080078
BTC_S15_150_240,logistic_poly2,up_imb25 mlofi_skew_l5_30s,0.1846692959130925
BTC_S15_150_240,logistic_poly2,up_imb25 mlofi_skew_l5_60s,0.01163705493295137
BTC_S15_150_240,logistic_poly2,up_imb25 mlofi_skew_l25_30s,0.03690964256625335
BTC_S15_150_240,logistic_poly2,up_imb25 rsi_14,-0.10395125056822142
BTC_S15_150_240,logistic_poly2,up_imb25 cvd,0.08715806683079037
BTC_S15_150_240,logistic_poly2,up_imb25 vpin_value,0.029059545259828425
BTC_S15_150_240,logistic_poly2,up_imb25 vpin_zscore,-0.057382186040456
BTC_S15_150_240,logistic_poly2,up_imb25 as_uncertainty,-0.050097499109545446
BTC_S15_150_240,logistic_poly2,up_imb25 as_skew,-0.0513992069389225
BTC_S15_150_240,logistic_poly2,dn_imb25 up_queue_top_bid,-0.20610531239354127
BTC_S15_150_240,logistic_poly2,dn_imb25 up_micro_dev_bps,-0.01824715326575271
BTC_S15_150_240,logistic_poly2,dn_imb25 dn_micro_dev_bps,0.12001756495027846
BTC_S15_150_240,logistic_poly2,dn_imb25 up_bid_slope,0.012992849293721836
BTC_S15_150_240,logistic_poly2,dn_imb25 up_ask_slope,-0.02088214695708473
BTC_S15_150_240,logistic_poly2,dn_imb25 dn_bid_slope,0.023250855351490393
BTC_S15_150_240,logistic_poly2,dn_imb25 dn_ask_slope,-0.007115586882733844
BTC_S15_150_240,logistic_poly2,dn_imb25 up_imb5_change_500ms,0.032003561793978993
BTC_S15_150_240,logistic_poly2,dn_imb25 up_quote_intensity_5s,-0.07815265071214261
BTC_S15_150_240,logistic_poly2,dn_imb25 ribbon_alignment_pct,-0.09105235210481087
BTC_S15_150_240,logistic_poly2,dn_imb25 ribbon_compression_bps,-0.042037307438116685
BTC_S15_150_240,logistic_poly2,dn_imb25 adx_14,0.036681839610566806
BTC_S15_150_240,logistic_poly2,dn_imb25 plus_di_14,-0.09436249847730759
BTC_S15_150_240,logistic_poly2,dn_imb25 minus_di_14,-0.06743239500414805
BTC_S15_150_240,logistic_poly2,dn_imb25 vwap_since_open_bps,-0.0758716882840277
BTC_S15_150_240,logistic_poly2,dn_imb25 mfi_60s,-0.02663742759015671
BTC_S15_150_240,logistic_poly2,dn_imb25 stoch_k_60s,0.027519448202131893
BTC_S15_150_240,logistic_poly2,dn_imb25 stoch_d_60s,-0.05282519160716946
BTC_S15_150_240,logistic_poly2,dn_imb25 cci_60s,-0.025658875005131657
BTC_S15_150_240,logistic_poly2,dn_imb25 bb_pos_60s,0.03108383823637847
BTC_S15_150_240,logistic_poly2,dn_imb25 bb_width_60s,0.04699510223694101
BTC_S15_150_240,logistic_poly2,dn_imb25 ofi_skew_l1_30s,-0.0694546263803607
BTC_S15_150_240,logistic_poly2,dn_imb25 mlofi_skew_l5_30s,-0.1870922936344152
BTC_S15_150_240,logistic_poly2,dn_imb25 mlofi_skew_l5_60s,-0.011819218575843345
BTC_S15_150_240,logistic_poly2,dn_imb25 mlofi_skew_l25_30s,-0.04352997513850537
BTC_S15_150_240,logistic_poly2,dn_imb25 rsi_14,0.09785312330240904
BTC_S15_150_240,logistic_poly2,dn_imb25 cvd,-0.08517679704930235
BTC_S15_150_240,logistic_poly2,dn_imb25 vpin_value,-0.030291041934137543
BTC_S15_150_240,logistic_poly2,dn_imb25 vpin_zscore,0.05485249870661847
BTC_S15_150_240,logistic_poly2,dn_imb25 as_uncertainty,0.04792214366730646
BTC_S15_150_240,logistic_poly2,dn_imb25 as_skew,0.05007014920329654
BTC_S15_150_240,logistic_poly2,up_queue_top_bid up_micro_dev_bps,-0.020600721304833477
BTC_S15_150_240,logistic_poly2,up_queue_top_bid dn_micro_dev_bps,0.042648032699690495
BTC_S15_150_240,logistic_poly2,up_queue_top_bid up_bid_slope,0.08490015336904126
BTC_S15_150_240,logistic_poly2,up_queue_top_bid up_ask_slope,0.06988712191004973
BTC_S15_150_240,logistic_poly2,up_queue_top_bid dn_bid_slope,-0.0705920142264399
BTC_S15_150_240,logistic_poly2,up_queue_top_bid dn_ask_slope,-0.08601122486590679
BTC_S15_150_240,logistic_poly2,up_queue_top_bid up_imb5_change_500ms,0.04136431109679579
BTC_S15_150_240,logistic_poly2,up_queue_top_bid up_quote_intensity_5s,0.04266534911769452
BTC_S15_150_240,logistic_poly2,up_queue_top_bid ribbon_alignment_pct,0.09735217244508847
BTC_S15_150_240,logistic_poly2,up_queue_top_bid ribbon_compression_bps,-0.06524697051337863
BTC_S15_150_240,logistic_poly2,up_queue_top_bid adx_14,0.029785633446572618
BTC_S15_150_240,logistic_poly2,up_queue_top_bid plus_di_14,-0.021172364541438032
BTC_S15_150_240,logistic_poly2,up_queue_top_bid minus_di_14,-0.025012393852795745
BTC_S15_150_240,logistic_poly2,up_queue_top_bid vwap_since_open_bps,-0.01603436448237178
BTC_S15_150_240,logistic_poly2,up_queue_top_bid mfi_60s,0.015207065669143665
BTC_S15_150_240,logistic_poly2,up_queue_top_bid stoch_k_60s,-0.05625595317681014
BTC_S15_150_240,logistic_poly2,up_queue_top_bid stoch_d_60s,-0.03198897610104896
BTC_S15_150_240,logistic_poly2,up_queue_top_bid cci_60s,0.10607508011750955
BTC_S15_150_240,logistic_poly2,up_queue_top_bid bb_pos_60s,-0.05921433597472204
BTC_S15_150_240,logistic_poly2,up_queue_top_bid bb_width_60s,-0.054495017462305506
BTC_S15_150_240,logistic_poly2,up_queue_top_bid ofi_skew_l1_30s,-0.041279250217219295
BTC_S15_150_240,logistic_poly2,up_queue_top_bid mlofi_skew_l5_30s,-0.06936044580912931
BTC_S15_150_240,logistic_poly2,up_queue_top_bid mlofi_skew_l5_60s,-0.07254734268763162
BTC_S15_150_240,logistic_poly2,up_queue_top_bid mlofi_skew_l25_30s,-0.13942841823606827
BTC_S15_150_240,logistic_poly2,up_queue_top_bid rsi_14,-0.22392709916146727
BTC_S15_150_240,logistic_poly2,up_queue_top_bid cvd,-0.008607846560085425
BTC_S15_150_240,logistic_poly2,up_queue_top_bid vpin_value,0.007049327603553015
BTC_S15_150_240,logistic_poly2,up_queue_top_bid vpin_zscore,-0.05697127020121478
BTC_S15_150_240,logistic_poly2,up_queue_top_bid as_uncertainty,-0.056634728007089456
BTC_S15_150_240,logistic_poly2,up_queue_top_bid as_skew,-0.08702038371724574
BTC_S15_150_240,logistic_poly2,up_micro_dev_bps dn_micro_dev_bps,-0.007999560586789797
BTC_S15_150_240,logistic_poly2,up_micro_dev_bps up_bid_slope,0.013317337558367465
BTC_S15_150_240,logistic_poly2,up_micro_dev_bps up_ask_slope,0.018900016452947668
BTC_S15_150_240,logistic_poly2,up_micro_dev_bps dn_bid_slope,-0.017662099521208837
BTC_S15_150_240,logistic_poly2,up_micro_dev_bps dn_ask_slope,-0.013286849552006985
BTC_S15_150_240,logistic_poly2,up_micro_dev_bps up_imb5_change_500ms,0.0021602703764698706
BTC_S15_150_240,logistic_poly2,up_micro_dev_bps up_quote_intensity_5s,-0.03266475170050384
BTC_S15_150_240,logistic_poly2,up_micro_dev_bps ribbon_alignment_pct,-0.07488206713415359
BTC_S15_150_240,logistic_poly2,up_micro_dev_bps ribbon_compression_bps,0.02072019229168447
BTC_S15_150_240,logistic_poly2,up_micro_dev_bps adx_14,0.1902630865451962
BTC_S15_150_240,logistic_poly2,up_micro_dev_bps plus_di_14,0.05162656961253184
BTC_S15_150_240,logistic_poly2,up_micro_dev_bps minus_di_14,-0.05977124072511434
BTC_S15_150_240,logistic_poly2,up_micro_dev_bps vwap_since_open_bps,0.006156794770527626
BTC_S15_150_240,logistic_poly2,up_micro_dev_bps mfi_60s,-0.08355080703833041
BTC_S15_150_240,logistic_poly2,up_micro_dev_bps stoch_k_60s,-0.03991837806212848
BTC_S15_150_240,logistic_poly2,up_micro_dev_bps stoch_d_60s,-0.08736073921407309
BTC_S15_150_240,logistic_poly2,up_micro_dev_bps cci_60s,-0.07330950463251891
BTC_S15_150_240,logistic_poly2,up_micro_dev_bps bb_pos_60s,0.12762035740454367
BTC_S15_150_240,logistic_poly2,up_micro_dev_bps bb_width_60s,0.020595072704096544
BTC_S15_150_240,logistic_poly2,up_micro_dev_bps ofi_skew_l1_30s,0.12379004803833132
BTC_S15_150_240,logistic_poly2,up_micro_dev_bps mlofi_skew_l5_30s,-0.01881231248294875
BTC_S15_150_240,logistic_poly2,up_micro_dev_bps mlofi_skew_l5_60s,0.01605556469787034
BTC_S15_150_240,logistic_poly2,up_micro_dev_bps mlofi_skew_l25_30s,0.03815634908859576
BTC_S15_150_240,logistic_poly2,up_micro_dev_bps rsi_14,0.022212998679097068
BTC_S15_150_240,logistic_poly2,up_micro_dev_bps cvd,-0.017946360146264998
BTC_S15_150_240,logistic_poly2,up_micro_dev_bps vpin_value,-0.01615745597648681
BTC_S15_150_240,logistic_poly2,up_micro_dev_bps vpin_zscore,0.102359706453147
BTC_S15_150_240,logistic_poly2,up_micro_dev_bps as_uncertainty,-0.008294098035589814
BTC_S15_150_240,logistic_poly2,up_micro_dev_bps as_skew,0.030996425537806727
BTC_S15_150_240,logistic_poly2,dn_micro_dev_bps up_bid_slope,0.015490029314912683
BTC_S15_150_240,logistic_poly2,dn_micro_dev_bps up_ask_slope,0.024140369270125504
BTC_S15_150_240,logistic_poly2,dn_micro_dev_bps dn_bid_slope,-0.024670077069616544
BTC_S15_150_240,logistic_poly2,dn_micro_dev_bps dn_ask_slope,-0.014486318970295252
BTC_S15_150_240,logistic_poly2,dn_micro_dev_bps up_imb5_change_500ms,-0.030651850567590337
BTC_S15_150_240,logistic_poly2,dn_micro_dev_bps up_quote_intensity_5s,0.00786479579437051
BTC_S15_150_240,logistic_poly2,dn_micro_dev_bps ribbon_alignment_pct,0.03614027247295695
BTC_S15_150_240,logistic_poly2,dn_micro_dev_bps ribbon_compression_bps,0.03152053370075579
BTC_S15_150_240,logistic_poly2,dn_micro_dev_bps adx_14,0.03514876859301349
BTC_S15_150_240,logistic_poly2,dn_micro_dev_bps plus_di_14,0.09302306209703654
BTC_S15_150_240,logistic_poly2,dn_micro_dev_bps minus_di_14,-0.00660127600474401
BTC_S15_150_240,logistic_poly2,dn_micro_dev_bps vwap_since_open_bps,-0.08375781682591864
BTC_S15_150_240,logistic_poly2,dn_micro_dev_bps mfi_60s,0.013596452252489316
BTC_S15_150_240,logistic_poly2,dn_micro_dev_bps stoch_k_60s,0.03355860080913962
BTC_S15_150_240,logistic_poly2,dn_micro_dev_bps stoch_d_60s,0.06279849608587221
BTC_S15_150_240,logistic_poly2,dn_micro_dev_bps cci_60s,-0.017554395600920186
BTC_S15_150_240,logistic_poly2,dn_micro_dev_bps bb_pos_60s,-0.0009325821332504096
BTC_S15_150_240,logistic_poly2,dn_micro_dev_bps bb_width_60s,-0.020617984721886556
BTC_S15_150_240,logistic_poly2,dn_micro_dev_bps ofi_skew_l1_30s,-0.07873602604178923
BTC_S15_150_240,logistic_poly2,dn_micro_dev_bps mlofi_skew_l5_30s,-0.038945194191748085
BTC_S15_150_240,logistic_poly2,dn_micro_dev_bps mlofi_skew_l5_60s,-0.11668068270798496
BTC_S15_150_240,logistic_poly2,dn_micro_dev_bps mlofi_skew_l25_30s,-0.11440884025018035
BTC_S15_150_240,logistic_poly2,dn_micro_dev_bps rsi_14,0.07552472744140916
BTC_S15_150_240,logistic_poly2,dn_micro_dev_bps cvd,0.021281459109278398
BTC_S15_150_240,logistic_poly2,dn_micro_dev_bps vpin_value,0.022517446079933178
BTC_S15_150_240,logistic_poly2,dn_micro_dev_bps vpin_zscore,0.015326533666427196
BTC_S15_150_240,logistic_poly2,dn_micro_dev_bps as_uncertainty,0.0011827410693551477
BTC_S15_150_240,logistic_poly2,dn_micro_dev_bps as_skew,0.034948954231455734
BTC_S15_150_240,logistic_poly2,up_bid_slope up_ask_slope,0.07086643277741583
BTC_S15_150_240,logistic_poly2,up_bid_slope dn_bid_slope,-0.07063822080074966
BTC_S15_150_240,logistic_poly2,up_bid_slope dn_ask_slope,-0.27744305477419184
BTC_S15_150_240,logistic_poly2,up_bid_slope up_imb5_change_500ms,0.003920633595599774
BTC_S15_150_240,logistic_poly2,up_bid_slope up_quote_intensity_5s,-0.1023257513387381
BTC_S15_150_240,logistic_poly2,up_bid_slope ribbon_alignment_pct,0.15088851924690722
BTC_S15_150_240,logistic_poly2,up_bid_slope ribbon_compression_bps,0.07189270114563934
BTC_S15_150_240,logistic_poly2,up_bid_slope adx_14,-0.06244728870535861
BTC_S15_150_240,logistic_poly2,up_bid_slope plus_di_14,0.09309169146947865
BTC_S15_150_240,logistic_poly2,up_bid_slope minus_di_14,-0.07214261721871279
BTC_S15_150_240,logistic_poly2,up_bid_slope vwap_since_open_bps,0.0010280235796791136
BTC_S15_150_240,logistic_poly2,up_bid_slope mfi_60s,0.05497696325014287
BTC_S15_150_240,logistic_poly2,up_bid_slope stoch_k_60s,-0.0491252816733595
BTC_S15_150_240,logistic_poly2,up_bid_slope stoch_d_60s,-0.04301112081666935
BTC_S15_150_240,logistic_poly2,up_bid_slope cci_60s,0.07126044416290386
BTC_S15_150_240,logistic_poly2,up_bid_slope bb_pos_60s,-0.015293622306073342
BTC_S15_150_240,logistic_poly2,up_bid_slope bb_width_60s,-0.01786142011592301
BTC_S15_150_240,logistic_poly2,up_bid_slope ofi_skew_l1_30s,-0.1213321568293122
BTC_S15_150_240,logistic_poly2,up_bid_slope mlofi_skew_l5_30s,0.06894612516771415
BTC_S15_150_240,logistic_poly2,up_bid_slope mlofi_skew_l5_60s,0.026338013583548724
BTC_S15_150_240,logistic_poly2,up_bid_slope mlofi_skew_l25_30s,0.03487186632971462
BTC_S15_150_240,logistic_poly2,up_bid_slope rsi_14,0.08672819733463251
BTC_S15_150_240,logistic_poly2,up_bid_slope cvd,0.1611164701362124
BTC_S15_150_240,logistic_poly2,up_bid_slope vpin_value,-0.0809372599103555
BTC_S15_150_240,logistic_poly2,up_bid_slope vpin_zscore,0.001168519220902715
BTC_S15_150_240,logistic_poly2,up_bid_slope as_uncertainty,-0.007453911122430679
BTC_S15_150_240,logistic_poly2,up_bid_slope as_skew,0.006797629646284926
BTC_S15_150_240,logistic_poly2,up_ask_slope dn_bid_slope,-0.021480723733405833
BTC_S15_150_240,logistic_poly2,up_ask_slope dn_ask_slope,-0.06868248546783762
BTC_S15_150_240,logistic_poly2,up_ask_slope up_imb5_change_500ms,-0.0019244088412011028
BTC_S15_150_240,logistic_poly2,up_ask_slope up_quote_intensity_5s,-0.03224730523180011
BTC_S15_150_240,logistic_poly2,up_ask_slope ribbon_alignment_pct,-0.11070157055342958
BTC_S15_150_240,logistic_poly2,up_ask_slope ribbon_compression_bps,-0.040310287625107445
BTC_S15_150_240,logistic_poly2,up_ask_slope adx_14,-0.20265376134183513
BTC_S15_150_240,logistic_poly2,up_ask_slope plus_di_14,-0.04906570141270704
BTC_S15_150_240,logistic_poly2,up_ask_slope minus_di_14,0.04271635530320821
BTC_S15_150_240,logistic_poly2,up_ask_slope vwap_since_open_bps,0.09144646642543484
BTC_S15_150_240,logistic_poly2,up_ask_slope mfi_60s,0.006509595622570023
BTC_S15_150_240,logistic_poly2,up_ask_slope stoch_k_60s,-0.04265154077060139
BTC_S15_150_240,logistic_poly2,up_ask_slope stoch_d_60s,-0.04067080879853622
BTC_S15_150_240,logistic_poly2,up_ask_slope cci_60s,0.02879025888612653
BTC_S15_150_240,logistic_poly2,up_ask_slope bb_pos_60s,-0.03505750456715512
BTC_S15_150_240,logistic_poly2,up_ask_slope bb_width_60s,0.08651440251425203
BTC_S15_150_240,logistic_poly2,up_ask_slope ofi_skew_l1_30s,0.025118392981471067
BTC_S15_150_240,logistic_poly2,up_ask_slope mlofi_skew_l5_30s,-0.06416571491125804
BTC_S15_150_240,logistic_poly2,up_ask_slope mlofi_skew_l5_60s,0.049919307911462804
BTC_S15_150_240,logistic_poly2,up_ask_slope mlofi_skew_l25_30s,-0.10415031170975761
BTC_S15_150_240,logistic_poly2,up_ask_slope rsi_14,-0.0122667034246163
BTC_S15_150_240,logistic_poly2,up_ask_slope cvd,0.04359259728967988
BTC_S15_150_240,logistic_poly2,up_ask_slope vpin_value,0.012121035038423714
BTC_S15_150_240,logistic_poly2,up_ask_slope vpin_zscore,0.002351666120318353
BTC_S15_150_240,logistic_poly2,up_ask_slope as_uncertainty,0.07655199552939544
BTC_S15_150_240,logistic_poly2,up_ask_slope as_skew,0.05480192791250606
BTC_S15_150_240,logistic_poly2,dn_bid_slope dn_ask_slope,0.0684064008727507
BTC_S15_150_240,logistic_poly2,dn_bid_slope up_imb5_change_500ms,0.0016894332990243534
BTC_S15_150_240,logistic_poly2,dn_bid_slope up_quote_intensity_5s,0.03289215825386305
BTC_S15_150_240,logistic_poly2,dn_bid_slope ribbon_alignment_pct,0.10927197154849767
BTC_S15_150_240,logistic_poly2,dn_bid_slope ribbon_compression_bps,0.03886282702246227
BTC_S15_150_240,logistic_poly2,dn_bid_slope adx_14,0.20065626857679092
BTC_S15_150_240,logistic_poly2,dn_bid_slope plus_di_14,0.05026137896896973
BTC_S15_150_240,logistic_poly2,dn_bid_slope minus_di_14,-0.04574942713996193
BTC_S15_150_240,logistic_poly2,dn_bid_slope vwap_since_open_bps,-0.092634477743817
BTC_S15_150_240,logistic_poly2,dn_bid_slope mfi_60s,-0.006941129648032493
BTC_S15_150_240,logistic_poly2,dn_bid_slope stoch_k_60s,0.041606501317077396
BTC_S15_150_240,logistic_poly2,dn_bid_slope stoch_d_60s,0.03968766544718794
BTC_S15_150_240,logistic_poly2,dn_bid_slope cci_60s,-0.029093633457283455
BTC_S15_150_240,logistic_poly2,dn_bid_slope bb_pos_60s,0.03450244862415223
BTC_S15_150_240,logistic_poly2,dn_bid_slope bb_width_60s,-0.0877605578695696
BTC_S15_150_240,logistic_poly2,dn_bid_slope ofi_skew_l1_30s,-0.024483288574752196
BTC_S15_150_240,logistic_poly2,dn_bid_slope mlofi_skew_l5_30s,0.06489001036585117
BTC_S15_150_240,logistic_poly2,dn_bid_slope mlofi_skew_l5_60s,-0.0506004084263306
BTC_S15_150_240,logistic_poly2,dn_bid_slope mlofi_skew_l25_30s,0.10464127870771149
BTC_S15_150_240,logistic_poly2,dn_bid_slope rsi_14,0.00805920692861434
BTC_S15_150_240,logistic_poly2,dn_bid_slope cvd,-0.044031580361257365
BTC_S15_150_240,logistic_poly2,dn_bid_slope vpin_value,-0.012624808209352568
BTC_S15_150_240,logistic_poly2,dn_bid_slope vpin_zscore,-0.002475960623418046
BTC_S15_150_240,logistic_poly2,dn_bid_slope as_uncertainty,-0.07704891496854485
BTC_S15_150_240,logistic_poly2,dn_bid_slope as_skew,-0.055179430911918764
BTC_S15_150_240,logistic_poly2,dn_ask_slope up_imb5_change_500ms,-0.0030331848502745157
BTC_S15_150_240,logistic_poly2,dn_ask_slope up_quote_intensity_5s,0.10121344571969693
BTC_S15_150_240,logistic_poly2,dn_ask_slope ribbon_alignment_pct,-0.14485000907762044
BTC_S15_150_240,logistic_poly2,dn_ask_slope ribbon_compression_bps,-0.07229982911846927
BTC_S15_150_240,logistic_poly2,dn_ask_slope adx_14,0.053756735109071994
BTC_S15_150_240,logistic_poly2,dn_ask_slope plus_di_14,-0.08356217322791244
BTC_S15_150_240,logistic_poly2,dn_ask_slope minus_di_14,0.064545298587263
BTC_S15_150_240,logistic_poly2,dn_ask_slope vwap_since_open_bps,-0.0020448131375904737
BTC_S15_150_240,logistic_poly2,dn_ask_slope mfi_60s,-0.05249958352017554
BTC_S15_150_240,logistic_poly2,dn_ask_slope stoch_k_60s,0.04874167299782297
BTC_S15_150_240,logistic_poly2,dn_ask_slope stoch_d_60s,0.04253075503853876
BTC_S15_150_240,logistic_poly2,dn_ask_slope cci_60s,-0.07111559145215707
BTC_S15_150_240,logistic_poly2,dn_ask_slope bb_pos_60s,0.013083939592283449
BTC_S15_150_240,logistic_poly2,dn_ask_slope bb_width_60s,0.018832103715633892
BTC_S15_150_240,logistic_poly2,dn_ask_slope ofi_skew_l1_30s,0.11791292418494814
BTC_S15_150_240,logistic_poly2,dn_ask_slope mlofi_skew_l5_30s,-0.07224040595377289
BTC_S15_150_240,logistic_poly2,dn_ask_slope mlofi_skew_l5_60s,-0.027456584254650154
BTC_S15_150_240,logistic_poly2,dn_ask_slope mlofi_skew_l25_30s,-0.03864921756059562
BTC_S15_150_240,logistic_poly2,dn_ask_slope rsi_14,-0.08733636019985748
BTC_S15_150_240,logistic_poly2,dn_ask_slope cvd,-0.15708932113258464
BTC_S15_150_240,logistic_poly2,dn_ask_slope vpin_value,0.07827988027725216
BTC_S15_150_240,logistic_poly2,dn_ask_slope vpin_zscore,-0.005443174784527057
BTC_S15_150_240,logistic_poly2,dn_ask_slope as_uncertainty,0.006839221147069634
BTC_S15_150_240,logistic_poly2,dn_ask_slope as_skew,-0.007167389588999715
BTC_S15_150_240,logistic_poly2,up_imb5_change_500ms up_quote_intensity_5s,-0.004820085102123738
BTC_S15_150_240,logistic_poly2,up_imb5_change_500ms ribbon_alignment_pct,0.11237490108260119
BTC_S15_150_240,logistic_poly2,up_imb5_change_500ms ribbon_compression_bps,0.010904917585629205
BTC_S15_150_240,logistic_poly2,up_imb5_change_500ms adx_14,0.01638515235982658
BTC_S15_150_240,logistic_poly2,up_imb5_change_500ms plus_di_14,-0.01481034015778555
BTC_S15_150_240,logistic_poly2,up_imb5_change_500ms minus_di_14,-0.035014397316662296
BTC_S15_150_240,logistic_poly2,up_imb5_change_500ms vwap_since_open_bps,-0.030481517172237516
BTC_S15_150_240,logistic_poly2,up_imb5_change_500ms mfi_60s,0.014932775134891113
BTC_S15_150_240,logistic_poly2,up_imb5_change_500ms stoch_k_60s,-0.08698742169703885
BTC_S15_150_240,logistic_poly2,up_imb5_change_500ms stoch_d_60s,-0.058901725097281296
BTC_S15_150_240,logistic_poly2,up_imb5_change_500ms cci_60s,0.14245850469458407
BTC_S15_150_240,logistic_poly2,up_imb5_change_500ms bb_pos_60s,0.0021935944945712382
BTC_S15_150_240,logistic_poly2,up_imb5_change_500ms bb_width_60s,-0.006642680807886413
BTC_S15_150_240,logistic_poly2,up_imb5_change_500ms ofi_skew_l1_30s,-0.013951024905959807
BTC_S15_150_240,logistic_poly2,up_imb5_change_500ms mlofi_skew_l5_30s,-0.02307112951852464
BTC_S15_150_240,logistic_poly2,up_imb5_change_500ms mlofi_skew_l5_60s,0.0033247798701462306
BTC_S15_150_240,logistic_poly2,up_imb5_change_500ms mlofi_skew_l25_30s,0.034409539091582696
BTC_S15_150_240,logistic_poly2,up_imb5_change_500ms rsi_14,0.0011955988994290286
BTC_S15_150_240,logistic_poly2,up_imb5_change_500ms cvd,0.11399015480740553
BTC_S15_150_240,logistic_poly2,up_imb5_change_500ms vpin_value,-0.060513477943667675
BTC_S15_150_240,logistic_poly2,up_imb5_change_500ms vpin_zscore,0.12583879837972703
BTC_S15_150_240,logistic_poly2,up_imb5_change_500ms as_uncertainty,-0.01808232519039546
BTC_S15_150_240,logistic_poly2,up_imb5_change_500ms as_skew,-0.0029698847257717082
BTC_S15_150_240,logistic_poly2,up_quote_intensity_5s ribbon_alignment_pct,0.04586331673711422
BTC_S15_150_240,logistic_poly2,up_quote_intensity_5s ribbon_compression_bps,-0.10417714472684848
BTC_S15_150_240,logistic_poly2,up_quote_intensity_5s adx_14,0.07189936067267529
BTC_S15_150_240,logistic_poly2,up_quote_intensity_5s plus_di_14,-0.06501312354842922
BTC_S15_150_240,logistic_poly2,up_quote_intensity_5s minus_di_14,-0.10881647949813701
BTC_S15_150_240,logistic_poly2,up_quote_intensity_5s vwap_since_open_bps,-0.05682188245459463
BTC_S15_150_240,logistic_poly2,up_quote_intensity_5s mfi_60s,-0.08620010046304417
BTC_S15_150_240,logistic_poly2,up_quote_intensity_5s stoch_k_60s,0.01073412580994295
BTC_S15_150_240,logistic_poly2,up_quote_intensity_5s stoch_d_60s,0.03635439174387715
BTC_S15_150_240,logistic_poly2,up_quote_intensity_5s cci_60s,-0.038533570556714386
BTC_S15_150_240,logistic_poly2,up_quote_intensity_5s bb_pos_60s,-0.0585789878389278
BTC_S15_150_240,logistic_poly2,up_quote_intensity_5s bb_width_60s,-0.08975724191724611
BTC_S15_150_240,logistic_poly2,up_quote_intensity_5s ofi_skew_l1_30s,0.034633427422143426
BTC_S15_150_240,logistic_poly2,up_quote_intensity_5s mlofi_skew_l5_30s,0.07181603669696035
BTC_S15_150_240,logistic_poly2,up_quote_intensity_5s mlofi_skew_l5_60s,0.2579193345231161
BTC_S15_150_240,logistic_poly2,up_quote_intensity_5s mlofi_skew_l25_30s,-0.08281255725145473
BTC_S15_150_240,logistic_poly2,up_quote_intensity_5s rsi_14,0.039114522008801146
BTC_S15_150_240,logistic_poly2,up_quote_intensity_5s cvd,0.023180722764080546
BTC_S15_150_240,logistic_poly2,up_quote_intensity_5s vpin_value,0.007598825451381142
BTC_S15_150_240,logistic_poly2,up_quote_intensity_5s vpin_zscore,0.1393925856010545
BTC_S15_150_240,logistic_poly2,up_quote_intensity_5s as_uncertainty,-0.00276704973265804
BTC_S15_150_240,logistic_poly2,up_quote_intensity_5s as_skew,0.01826861163596684
BTC_S15_150_240,logistic_poly2,ribbon_alignment_pct ribbon_compression_bps,0.10623840369072443
BTC_S15_150_240,logistic_poly2,ribbon_alignment_pct adx_14,0.01569503154837546
BTC_S15_150_240,logistic_poly2,ribbon_alignment_pct plus_di_14,-0.6484787706215033
BTC_S15_150_240,logistic_poly2,ribbon_alignment_pct minus_di_14,0.34328278111137367
BTC_S15_150_240,logistic_poly2,ribbon_alignment_pct vwap_since_open_bps,-0.08691612727838255
BTC_S15_150_240,logistic_poly2,ribbon_alignment_pct mfi_60s,0.0651461189178188
BTC_S15_150_240,logistic_poly2,ribbon_alignment_pct stoch_k_60s,-0.0672687748124803
BTC_S15_150_240,logistic_poly2,ribbon_alignment_pct stoch_d_60s,-0.01698864437235109
BTC_S15_150_240,logistic_poly2,ribbon_alignment_pct cci_60s,0.08393827313261261
BTC_S15_150_240,logistic_poly2,ribbon_alignment_pct bb_pos_60s,0.04703772991217539
BTC_S15_150_240,logistic_poly2,ribbon_alignment_pct bb_width_60s,0.162105661650568
BTC_S15_150_240,logistic_poly2,ribbon_alignment_pct ofi_skew_l1_30s,0.23019961800338584
BTC_S15_150_240,logistic_poly2,ribbon_alignment_pct mlofi_skew_l5_30s,0.0189447644778315
BTC_S15_150_240,logistic_poly2,ribbon_alignment_pct mlofi_skew_l5_60s,0.05049294395310357
BTC_S15_150_240,logistic_poly2,ribbon_alignment_pct mlofi_skew_l25_30s,0.03950785470124664
BTC_S15_150_240,logistic_poly2,ribbon_alignment_pct rsi_14,-0.030964637669410773
BTC_S15_150_240,logistic_poly2,ribbon_alignment_pct cvd,0.005463759090588888
BTC_S15_150_240,logistic_poly2,ribbon_alignment_pct vpin_value,-0.11078493983745744
BTC_S15_150_240,logistic_poly2,ribbon_alignment_pct vpin_zscore,-0.1356245321711946
BTC_S15_150_240,logistic_poly2,ribbon_alignment_pct as_uncertainty,-0.001245139048284525
BTC_S15_150_240,logistic_poly2,ribbon_alignment_pct as_skew,-0.003287859579841753
BTC_S15_150_240,logistic_poly2,ribbon_compression_bps adx_14,-0.13325895873282056
BTC_S15_150_240,logistic_poly2,ribbon_compression_bps plus_di_14,0.019830516424351963
BTC_S15_150_240,logistic_poly2,ribbon_compression_bps minus_di_14,-0.009919721149235217
BTC_S15_150_240,logistic_poly2,ribbon_compression_bps vwap_since_open_bps,0.1186559360623023
BTC_S15_150_240,logistic_poly2,ribbon_compression_bps mfi_60s,0.16997043717602417
BTC_S15_150_240,logistic_poly2,ribbon_compression_bps stoch_k_60s,0.02094058325922816
BTC_S15_150_240,logistic_poly2,ribbon_compression_bps stoch_d_60s,-0.027159888232468347
BTC_S15_150_240,logistic_poly2,ribbon_compression_bps cci_60s,0.09104525921372114
BTC_S15_150_240,logistic_poly2,ribbon_compression_bps bb_pos_60s,-0.02838540472160131
BTC_S15_150_240,logistic_poly2,ribbon_compression_bps bb_width_60s,0.011496374628550571
BTC_S15_150_240,logistic_poly2,ribbon_compression_bps ofi_skew_l1_30s,-0.17012733490344012
BTC_S15_150_240,logistic_poly2,ribbon_compression_bps mlofi_skew_l5_30s,-0.09676203509021164
BTC_S15_150_240,logistic_poly2,ribbon_compression_bps mlofi_skew_l5_60s,-0.08654443455693231
BTC_S15_150_240,logistic_poly2,ribbon_compression_bps mlofi_skew_l25_30s,-0.2103385255371692
BTC_S15_150_240,logistic_poly2,ribbon_compression_bps rsi_14,-0.0070520681371961675
BTC_S15_150_240,logistic_poly2,ribbon_compression_bps cvd,-0.03948402212257956
BTC_S15_150_240,logistic_poly2,ribbon_compression_bps vpin_value,0.14044198233572544
BTC_S15_150_240,logistic_poly2,ribbon_compression_bps vpin_zscore,0.06728871355419755
BTC_S15_150_240,logistic_poly2,ribbon_compression_bps as_uncertainty,0.01769426101995421
BTC_S15_150_240,logistic_poly2,ribbon_compression_bps as_skew,0.050723616731057186
BTC_S15_150_240,logistic_poly2,adx_14 plus_di_14,-0.07072392648005488
BTC_S15_150_240,logistic_poly2,adx_14 minus_di_14,-0.10222916595783256
BTC_S15_150_240,logistic_poly2,adx_14 vwap_since_open_bps,0.036241519225962096
BTC_S15_150_240,logistic_poly2,adx_14 mfi_60s,0.04854090370878698
BTC_S15_150_240,logistic_poly2,adx_14 stoch_k_60s,-0.07630424851543656
BTC_S15_150_240,logistic_poly2,adx_14 stoch_d_60s,-0.08803574626998982
BTC_S15_150_240,logistic_poly2,adx_14 cci_60s,-0.1133809160277243
BTC_S15_150_240,logistic_poly2,adx_14 bb_pos_60s,-0.052952677453355614
BTC_S15_150_240,logistic_poly2,adx_14 bb_width_60s,-0.0292221019232908
BTC_S15_150_240,logistic_poly2,adx_14 ofi_skew_l1_30s,-0.0432340393008183
BTC_S15_150_240,logistic_poly2,adx_14 mlofi_skew_l5_30s,0.026126530888472246
BTC_S15_150_240,logistic_poly2,adx_14 mlofi_skew_l5_60s,0.08338619044688562
BTC_S15_150_240,logistic_poly2,adx_14 mlofi_skew_l25_30s,0.03466092934108684
BTC_S15_150_240,logistic_poly2,adx_14 rsi_14,0.016719770457728794
BTC_S15_150_240,logistic_poly2,adx_14 cvd,0.052235026640737495
BTC_S15_150_240,logistic_poly2,adx_14 vpin_value,-0.23472628647430896
BTC_S15_150_240,logistic_poly2,adx_14 vpin_zscore,0.1683339753930144
BTC_S15_150_240,logistic_poly2,adx_14 as_uncertainty,0.02408755895970668
BTC_S15_150_240,logistic_poly2,adx_14 as_skew,-0.010765522339773131
BTC_S15_150_240,logistic_poly2,plus_di_14 minus_di_14,0.02794900209346537
BTC_S15_150_240,logistic_poly2,plus_di_14 vwap_since_open_bps,0.016688072712847224
BTC_S15_150_240,logistic_poly2,plus_di_14 mfi_60s,0.023729718550448423
BTC_S15_150_240,logistic_poly2,plus_di_14 stoch_k_60s,0.1534262437445464
BTC_S15_150_240,logistic_poly2,plus_di_14 stoch_d_60s,0.16671420063956766
BTC_S15_150_240,logistic_poly2,plus_di_14 cci_60s,-0.26565602246152364
BTC_S15_150_240,logistic_poly2,plus_di_14 bb_pos_60s,-0.004951309622193048
BTC_S15_150_240,logistic_poly2,plus_di_14 bb_width_60s,0.02016574398302341
BTC_S15_150_240,logistic_poly2,plus_di_14 ofi_skew_l1_30s,-0.19897564169315865
BTC_S15_150_240,logistic_poly2,plus_di_14 mlofi_skew_l5_30s,-0.06183765967140472
BTC_S15_150_240,logistic_poly2,plus_di_14 mlofi_skew_l5_60s,-0.023993064695118197
BTC_S15_150_240,logistic_poly2,plus_di_14 mlofi_skew_l25_30s,0.12700724286411091
BTC_S15_150_240,logistic_poly2,plus_di_14 rsi_14,0.13748249233777257
BTC_S15_150_240,logistic_poly2,plus_di_14 cvd,-0.19047297827436227
BTC_S15_150_240,logistic_poly2,plus_di_14 vpin_value,0.27287185722710067
BTC_S15_150_240,logistic_poly2,plus_di_14 vpin_zscore,-0.09786408088421562
BTC_S15_150_240,logistic_poly2,plus_di_14 as_uncertainty,-0.03551468165932988
BTC_S15_150_240,logistic_poly2,plus_di_14 as_skew,0.005262919977748278
BTC_S15_150_240,logistic_poly2,minus_di_14 vwap_since_open_bps,-0.07746749670353191
BTC_S15_150_240,logistic_poly2,minus_di_14 mfi_60s,-0.04472541988937638
BTC_S15_150_240,logistic_poly2,minus_di_14 stoch_k_60s,-0.06630816593199668
BTC_S15_150_240,logistic_poly2,minus_di_14 stoch_d_60s,-0.03606241070932342
BTC_S15_150_240,logistic_poly2,minus_di_14 cci_60s,0.03667368314738598
BTC_S15_150_240,logistic_poly2,minus_di_14 bb_pos_60s,-0.012861519063726744
BTC_S15_150_240,logistic_poly2,minus_di_14 bb_width_60s,0.011322120670670944
BTC_S15_150_240,logistic_poly2,minus_di_14 ofi_skew_l1_30s,0.09991878858233427
BTC_S15_150_240,logistic_poly2,minus_di_14 mlofi_skew_l5_30s,0.0488973877322955
BTC_S15_150_240,logistic_poly2,minus_di_14 mlofi_skew_l5_60s,-0.05925657377120423
BTC_S15_150_240,logistic_poly2,minus_di_14 mlofi_skew_l25_30s,-0.19707909130664697
BTC_S15_150_240,logistic_poly2,minus_di_14 rsi_14,-0.05413146270846618
BTC_S15_150_240,logistic_poly2,minus_di_14 cvd,0.09330633962204489
BTC_S15_150_240,logistic_poly2,minus_di_14 vpin_value,0.050352900630561595
BTC_S15_150_240,logistic_poly2,minus_di_14 vpin_zscore,0.24288913770551607
BTC_S15_150_240,logistic_poly2,minus_di_14 as_uncertainty,0.10275546600971906
BTC_S15_150_240,logistic_poly2,minus_di_14 as_skew,-0.012107558426480168
BTC_S15_150_240,logistic_poly2,vwap_since_open_bps mfi_60s,0.026158326494811233
BTC_S15_150_240,logistic_poly2,vwap_since_open_bps stoch_k_60s,0.02601040413610293
BTC_S15_150_240,logistic_poly2,vwap_since_open_bps stoch_d_60s,0.0015526277997781528
BTC_S15_150_240,logistic_poly2,vwap_since_open_bps cci_60s,0.09049527726631018
BTC_S15_150_240,logistic_poly2,vwap_since_open_bps bb_pos_60s,0.03569408014857227
BTC_S15_150_240,logistic_poly2,vwap_since_open_bps bb_width_60s,0.16053052392266068
BTC_S15_150_240,logistic_poly2,vwap_since_open_bps ofi_skew_l1_30s,-0.03810929284286159
BTC_S15_150_240,logistic_poly2,vwap_since_open_bps mlofi_skew_l5_30s,0.03517159258147715
BTC_S15_150_240,logistic_poly2,vwap_since_open_bps mlofi_skew_l5_60s,-0.24103445263956094
BTC_S15_150_240,logistic_poly2,vwap_since_open_bps mlofi_skew_l25_30s,-0.05648827089205376
BTC_S15_150_240,logistic_poly2,vwap_since_open_bps rsi_14,0.0027442403516458116
BTC_S15_150_240,logistic_poly2,vwap_since_open_bps cvd,-0.13050531492907105
BTC_S15_150_240,logistic_poly2,vwap_since_open_bps vpin_value,0.10124762197570708
BTC_S15_150_240,logistic_poly2,vwap_since_open_bps vpin_zscore,0.1233924023832626
BTC_S15_150_240,logistic_poly2,vwap_since_open_bps as_uncertainty,-0.01831261362561303
BTC_S15_150_240,logistic_poly2,vwap_since_open_bps as_skew,0.07999500944216277
BTC_S15_150_240,logistic_poly2,mfi_60s stoch_k_60s,-0.005462510800434125
BTC_S15_150_240,logistic_poly2,mfi_60s stoch_d_60s,0.04015818512793838
BTC_S15_150_240,logistic_poly2,mfi_60s cci_60s,0.025121408451141764
BTC_S15_150_240,logistic_poly2,mfi_60s bb_pos_60s,-0.01999753268003775
BTC_S15_150_240,logistic_poly2,mfi_60s bb_width_60s,0.2594539466413423
BTC_S15_150_240,logistic_poly2,mfi_60s ofi_skew_l1_30s,0.12374822047405361
BTC_S15_150_240,logistic_poly2,mfi_60s mlofi_skew_l5_30s,0.16748816624006718
BTC_S15_150_240,logistic_poly2,mfi_60s mlofi_skew_l5_60s,-0.04258546530186374
BTC_S15_150_240,logistic_poly2,mfi_60s mlofi_skew_l25_30s,-0.007158397501619285
BTC_S15_150_240,logistic_poly2,mfi_60s rsi_14,0.02638134568889648
BTC_S15_150_240,logistic_poly2,mfi_60s cvd,-0.19437207167822393
BTC_S15_150_240,logistic_poly2,mfi_60s vpin_value,-0.13152584446571441
BTC_S15_150_240,logistic_poly2,mfi_60s vpin_zscore,-0.20783883899765776
BTC_S15_150_240,logistic_poly2,mfi_60s as_uncertainty,0.015553737238669601
BTC_S15_150_240,logistic_poly2,mfi_60s as_skew,0.053418217907156014
BTC_S15_150_240,logistic_poly2,stoch_k_60s stoch_d_60s,-0.19182310887406478
BTC_S15_150_240,logistic_poly2,stoch_k_60s cci_60s,-0.026053526083157575
BTC_S15_150_240,logistic_poly2,stoch_k_60s bb_pos_60s,0.18539953327681907
BTC_S15_150_240,logistic_poly2,stoch_k_60s bb_width_60s,0.15548482096851943
BTC_S15_150_240,logistic_poly2,stoch_k_60s ofi_skew_l1_30s,0.13875381763335595
BTC_S15_150_240,logistic_poly2,stoch_k_60s mlofi_skew_l5_30s,0.08905238719372453
BTC_S15_150_240,logistic_poly2,stoch_k_60s mlofi_skew_l5_60s,-0.04736836062547816
BTC_S15_150_240,logistic_poly2,stoch_k_60s mlofi_skew_l25_30s,-0.11216863564527456
BTC_S15_150_240,logistic_poly2,stoch_k_60s rsi_14,0.07525738968608725
BTC_S15_150_240,logistic_poly2,stoch_k_60s cvd,-0.13316411604058973
BTC_S15_150_240,logistic_poly2,stoch_k_60s vpin_value,0.01436711765874174
BTC_S15_150_240,logistic_poly2,stoch_k_60s vpin_zscore,-0.009172712500583777
BTC_S15_150_240,logistic_poly2,stoch_k_60s as_uncertainty,-0.016867450297109187
BTC_S15_150_240,logistic_poly2,stoch_k_60s as_skew,-0.018523483521249273
BTC_S15_150_240,logistic_poly2,stoch_d_60s cci_60s,-0.036122448422623174
BTC_S15_150_240,logistic_poly2,stoch_d_60s bb_pos_60s,0.0779247764605036
BTC_S15_150_240,logistic_poly2,stoch_d_60s bb_width_60s,0.06664304710506597
BTC_S15_150_240,logistic_poly2,stoch_d_60s ofi_skew_l1_30s,0.141187648583671
BTC_S15_150_240,logistic_poly2,stoch_d_60s mlofi_skew_l5_30s,0.12392084217404248
BTC_S15_150_240,logistic_poly2,stoch_d_60s mlofi_skew_l5_60s,-0.026595710261413705
BTC_S15_150_240,logistic_poly2,stoch_d_60s mlofi_skew_l25_30s,-0.07512259865129577
BTC_S15_150_240,logistic_poly2,stoch_d_60s rsi_14,0.12237405104073551
BTC_S15_150_240,logistic_poly2,stoch_d_60s cvd,-0.0707701145090435
BTC_S15_150_240,logistic_poly2,stoch_d_60s vpin_value,0.07005947281704408
BTC_S15_150_240,logistic_poly2,stoch_d_60s vpin_zscore,0.03405774734521628
BTC_S15_150_240,logistic_poly2,stoch_d_60s as_uncertainty,-0.0288850127537334
BTC_S15_150_240,logistic_poly2,stoch_d_60s as_skew,-0.02094864874707062
BTC_S15_150_240,logistic_poly2,cci_60s bb_pos_60s,-0.17714553227435043
BTC_S15_150_240,logistic_poly2,cci_60s bb_width_60s,-0.015016604703624408
BTC_S15_150_240,logistic_poly2,cci_60s ofi_skew_l1_30s,0.017894637302455486
BTC_S15_150_240,logistic_poly2,cci_60s mlofi_skew_l5_30s,0.09239217757153023
BTC_S15_150_240,logistic_poly2,cci_60s mlofi_skew_l5_60s,0.014293355247318833
BTC_S15_150_240,logistic_poly2,cci_60s mlofi_skew_l25_30s,0.04447026116551109
BTC_S15_150_240,logistic_poly2,cci_60s rsi_14,-0.051407973527124166
BTC_S15_150_240,logistic_poly2,cci_60s cvd,-0.1250863848626421
BTC_S15_150_240,logistic_poly2,cci_60s vpin_value,0.03464883486143342
BTC_S15_150_240,logistic_poly2,cci_60s vpin_zscore,0.14877484219928827
BTC_S15_150_240,logistic_poly2,cci_60s as_uncertainty,0.01890035575295262
BTC_S15_150_240,logistic_poly2,cci_60s as_skew,0.02513668344633964
BTC_S15_150_240,logistic_poly2,bb_pos_60s bb_width_60s,-0.06626804255153583
BTC_S15_150_240,logistic_poly2,bb_pos_60s ofi_skew_l1_30s,0.04378089589929196
BTC_S15_150_240,logistic_poly2,bb_pos_60s mlofi_skew_l5_30s,0.0004358398596828383
BTC_S15_150_240,logistic_poly2,bb_pos_60s mlofi_skew_l5_60s,-0.1487699700446207
BTC_S15_150_240,logistic_poly2,bb_pos_60s mlofi_skew_l25_30s,-0.13079480989597148
BTC_S15_150_240,logistic_poly2,bb_pos_60s rsi_14,0.06233711550886705
BTC_S15_150_240,logistic_poly2,bb_pos_60s cvd,0.16341374822277668
BTC_S15_150_240,logistic_poly2,bb_pos_60s vpin_value,0.0262755024100259
BTC_S15_150_240,logistic_poly2,bb_pos_60s vpin_zscore,-0.08162487670027574
BTC_S15_150_240,logistic_poly2,bb_pos_60s as_uncertainty,-0.05960830156789745
BTC_S15_150_240,logistic_poly2,bb_pos_60s as_skew,-0.01605840809402217
BTC_S15_150_240,logistic_poly2,bb_width_60s ofi_skew_l1_30s,-0.10239550377566364
BTC_S15_150_240,logistic_poly2,bb_width_60s mlofi_skew_l5_30s,-0.03654824748797808
BTC_S15_150_240,logistic_poly2,bb_width_60s mlofi_skew_l5_60s,-0.003795540223506246
BTC_S15_150_240,logistic_poly2,bb_width_60s mlofi_skew_l25_30s,-0.06889085151019388
BTC_S15_150_240,logistic_poly2,bb_width_60s rsi_14,0.1562440145336713
BTC_S15_150_240,logistic_poly2,bb_width_60s cvd,-0.1579016741536236
BTC_S15_150_240,logistic_poly2,bb_width_60s vpin_value,-0.1344089228429815
BTC_S15_150_240,logistic_poly2,bb_width_60s vpin_zscore,-0.1603937189327221
BTC_S15_150_240,logistic_poly2,bb_width_60s as_uncertainty,0.017593357545209253
BTC_S15_150_240,logistic_poly2,bb_width_60s as_skew,0.03945795871312409
BTC_S15_150_240,logistic_poly2,ofi_skew_l1_30s mlofi_skew_l5_30s,0.07278239289365658
BTC_S15_150_240,logistic_poly2,ofi_skew_l1_30s mlofi_skew_l5_60s,0.034151774224290665
BTC_S15_150_240,logistic_poly2,ofi_skew_l1_30s mlofi_skew_l25_30s,0.08460628151741639
BTC_S15_150_240,logistic_poly2,ofi_skew_l1_30s rsi_14,-0.0010685715695112597
BTC_S15_150_240,logistic_poly2,ofi_skew_l1_30s cvd,0.05188476687742104
BTC_S15_150_240,logistic_poly2,ofi_skew_l1_30s vpin_value,0.0600805797251972
BTC_S15_150_240,logistic_poly2,ofi_skew_l1_30s vpin_zscore,-0.017275079962692202
BTC_S15_150_240,logistic_poly2,ofi_skew_l1_30s as_uncertainty,0.005061743771305799
BTC_S15_150_240,logistic_poly2,ofi_skew_l1_30s as_skew,0.0029637749154791345
BTC_S15_150_240,logistic_poly2,mlofi_skew_l5_30s mlofi_skew_l5_60s,0.017772499938909843
BTC_S15_150_240,logistic_poly2,mlofi_skew_l5_30s mlofi_skew_l25_30s,-0.10029359535883339
BTC_S15_150_240,logistic_poly2,mlofi_skew_l5_30s rsi_14,0.011991082716240935
BTC_S15_150_240,logistic_poly2,mlofi_skew_l5_30s cvd,-0.1851440332893524
BTC_S15_150_240,logistic_poly2,mlofi_skew_l5_30s vpin_value,0.030391608982564728
BTC_S15_150_240,logistic_poly2,mlofi_skew_l5_30s vpin_zscore,0.05812083315969618
BTC_S15_150_240,logistic_poly2,mlofi_skew_l5_30s as_uncertainty,-0.04919833196538157
BTC_S15_150_240,logistic_poly2,mlofi_skew_l5_30s as_skew,-0.029214487019674506
BTC_S15_150_240,logistic_poly2,mlofi_skew_l5_60s mlofi_skew_l25_30s,-0.0992675053624241
BTC_S15_150_240,logistic_poly2,mlofi_skew_l5_60s rsi_14,-0.04014514424856339
BTC_S15_150_240,logistic_poly2,mlofi_skew_l5_60s cvd,0.21150112736687274
BTC_S15_150_240,logistic_poly2,mlofi_skew_l5_60s vpin_value,-0.02636192550387105
BTC_S15_150_240,logistic_poly2,mlofi_skew_l5_60s vpin_zscore,-0.026328834809851147
BTC_S15_150_240,logistic_poly2,mlofi_skew_l5_60s as_uncertainty,-0.032240928804670124
BTC_S15_150_240,logistic_poly2,mlofi_skew_l5_60s as_skew,-0.02025190935198927
BTC_S15_150_240,logistic_poly2,mlofi_skew_l25_30s rsi_14,0.13314812343095025
BTC_S15_150_240,logistic_poly2,mlofi_skew_l25_30s cvd,-0.18740226851882003
BTC_S15_150_240,logistic_poly2,mlofi_skew_l25_30s vpin_value,-0.08712246992778518
BTC_S15_150_240,logistic_poly2,mlofi_skew_l25_30s vpin_zscore,-0.026872435075972523
BTC_S15_150_240,logistic_poly2,mlofi_skew_l25_30s as_uncertainty,-0.011569143199230745
BTC_S15_150_240,logistic_poly2,mlofi_skew_l25_30s as_skew,-0.020829048900284156
BTC_S15_150_240,logistic_poly2,rsi_14 cvd,0.09993862157718177
BTC_S15_150_240,logistic_poly2,rsi_14 vpin_value,-0.06333789362171963
BTC_S15_150_240,logistic_poly2,rsi_14 vpin_zscore,-6.223851529528769e-05
BTC_S15_150_240,logistic_poly2,rsi_14 as_uncertainty,-0.258432255946493
BTC_S15_150_240,logistic_poly2,rsi_14 as_skew,-0.18985730061917494
BTC_S15_150_240,logistic_poly2,cvd vpin_value,0.1646733153625551
BTC_S15_150_240,logistic_poly2,cvd vpin_zscore,0.011352236129133173
BTC_S15_150_240,logistic_poly2,cvd as_uncertainty,0.21339809429403403
BTC_S15_150_240,logistic_poly2,cvd as_skew,0.12244412861938754
BTC_S15_150_240,logistic_poly2,vpin_value vpin_zscore,-0.09141896928264029
BTC_S15_150_240,logistic_poly2,vpin_value as_uncertainty,-0.04871393715010482
BTC_S15_150_240,logistic_poly2,vpin_value as_skew,-0.002789841577971692
BTC_S15_150_240,logistic_poly2,vpin_zscore as_uncertainty,-0.04353891309265104
BTC_S15_150_240,logistic_poly2,vpin_zscore as_skew,-0.014936587580383137
BTC_S15_150_240,logistic_poly2,as_uncertainty as_skew,0.02720946170218131
ETH_S15_150_240,ridge,mp_skew,-0.00198360403555218
ETH_S15_150_240,ridge,mp_weighted_skew,-0.074525398261173
ETH_S15_150_240,ridge,mp_skew_change_500ms,0.004526214176223382
ETH_S15_150_240,ridge,mp_up_dev_bps,-0.0168753578718225
ETH_S15_150_240,ridge,mp_dn_dev_bps,-0.03702984348523135
ETH_S15_150_240,ridge,mp_imbalance,0.00829326027480009
ETH_S15_150_240,ridge,mp_weighted_imbalance,-0.02051482127688837
ETH_S15_150_240,ridge,L_stat,0.002150327093839549
ETH_S15_150_240,ridge,hawkes_lambda_imbalance,0.024011271824232284
ETH_S15_150_240,ridge,hawkes_lambda_total,-0.03410917405711342
ETH_S15_150_240,ridge,rv_ratio_60_to_3600,-0.012715497254081934
ETH_S15_150_240,ridge,hurst_300s,-0.0018360887784688233
ETH_S15_150_240,ridge,hurst_100s,-0.0023692181742870893
ETH_S15_150_240,ridge,hurst_900s,-0.006670445006908452
ETH_S15_150_240,ridge,trend_slope_30m,0.03699220029214605
ETH_S15_150_240,ridge,rv_60s,-0.01706006396864093
ETH_S15_150_240,ridge,rv_300s,0.02695911776227933
ETH_S15_150_240,ridge,up_imb5,-0.010515049743937115
ETH_S15_150_240,ridge,dn_imb5,-0.03362365433837008
ETH_S15_150_240,ridge,up_imb25,-0.03695039300188135
ETH_S15_150_240,ridge,dn_imb25,-0.004835536947052387
ETH_S15_150_240,ridge,up_queue_top_bid,0.01919550651959339
ETH_S15_150_240,ridge,up_micro_dev_bps,0.014079921701225444
ETH_S15_150_240,ridge,dn_micro_dev_bps,0.01961111654522215
ETH_S15_150_240,ridge,up_bid_slope,-0.007743643323614497
ETH_S15_150_240,ridge,up_ask_slope,0.010018108089120226
ETH_S15_150_240,ridge,dn_bid_slope,0.019141461958785574
ETH_S15_150_240,ridge,dn_ask_slope,-0.01604509007497361
ETH_S15_150_240,ridge,up_imb5_change_500ms,-0.013253041882640655
ETH_S15_150_240,ridge,up_quote_intensity_5s,-0.008634654007446061
ETH_S15_150_240,ridge,ribbon_alignment_pct,0.00818026046660513
ETH_S15_150_240,ridge,ribbon_compression_bps,-0.04136394166803982
ETH_S15_150_240,ridge,adx_14,0.0005636870386441235
ETH_S15_150_240,ridge,plus_di_14,-0.0006460941566014101
ETH_S15_150_240,ridge,minus_di_14,-0.0005562723151538228
ETH_S15_150_240,ridge,vwap_since_open_bps,0.06096459322001132
ETH_S15_150_240,ridge,mfi_60s,0.0031851877470756972
ETH_S15_150_240,ridge,stoch_k_60s,0.01976525439562086
ETH_S15_150_240,ridge,stoch_d_60s,-0.0307641194270995
ETH_S15_150_240,ridge,cci_60s,-0.0019440545349199408
ETH_S15_150_240,ridge,bb_pos_60s,0.0010508859853839486
ETH_S15_150_240,ridge,bb_width_60s,0.02966578358279818
ETH_S15_150_240,ridge,ofi_skew_l1_30s,0.014424843684693057
ETH_S15_150_240,ridge,mlofi_skew_l5_30s,0.0051510072296513
ETH_S15_150_240,ridge,mlofi_skew_l5_60s,0.03607314680861954
ETH_S15_150_240,ridge,mlofi_skew_l25_30s,-0.010748402932514679
ETH_S15_150_240,ridge,rsi_14,0.019840145764248918
ETH_S15_150_240,ridge,cvd,0.0026341961781119463
ETH_S15_150_240,ridge,vpin_value,0.0025324999363726757
ETH_S15_150_240,ridge,vpin_zscore,0.0076779474167748725
ETH_S15_150_240,ridge,as_uncertainty,0.016633415221263388
ETH_S15_150_240,ridge,as_skew,-0.012599991454840536
ETH_S15_150_240,elastic_net,mp_skew,0.01020173606513472
ETH_S15_150_240,elastic_net,mp_weighted_skew,-0.05387568228261538
ETH_S15_150_240,elastic_net,mp_skew_change_500ms,0.0
ETH_S15_150_240,elastic_net,mp_up_dev_bps,-0.002724007534578424
ETH_S15_150_240,elastic_net,mp_dn_dev_bps,-0.0
ETH_S15_150_240,elastic_net,mp_imbalance,0.010815589163256634
ETH_S15_150_240,elastic_net,mp_weighted_imbalance,-0.024378765934525367
ETH_S15_150_240,elastic_net,L_stat,0.0
ETH_S15_150_240,elastic_net,hawkes_lambda_imbalance,0.019430468406291937
ETH_S15_150_240,elastic_net,hawkes_lambda_total,-0.00663834368010301
ETH_S15_150_240,elastic_net,rv_ratio_60_to_3600,-0.010044369825844487
ETH_S15_150_240,elastic_net,hurst_300s,-0.00166704846539276
ETH_S15_150_240,elastic_net,hurst_100s,-0.0
ETH_S15_150_240,elastic_net,hurst_900s,-0.0010607890518929202
ETH_S15_150_240,elastic_net,trend_slope_30m,0.035182122468071834
ETH_S15_150_240,elastic_net,rv_60s,-0.0
ETH_S15_150_240,elastic_net,rv_300s,0.0
ETH_S15_150_240,elastic_net,up_imb5,0.0
ETH_S15_150_240,elastic_net,dn_imb5,-0.005480737866573696
ETH_S15_150_240,elastic_net,up_imb25,-0.020226170039259497
ETH_S15_150_240,elastic_net,dn_imb25,0.0
ETH_S15_150_240,elastic_net,up_queue_top_bid,0.002696407027286842
ETH_S15_150_240,elastic_net,up_micro_dev_bps,0.0
ETH_S15_150_240,elastic_net,dn_micro_dev_bps,-0.0
ETH_S15_150_240,elastic_net,up_bid_slope,-0.0
ETH_S15_150_240,elastic_net,up_ask_slope,-0.0
ETH_S15_150_240,elastic_net,dn_bid_slope,0.007333067968278364
ETH_S15_150_240,elastic_net,dn_ask_slope,0.0
ETH_S15_150_240,elastic_net,up_imb5_change_500ms,-0.006178646974289259
ETH_S15_150_240,elastic_net,up_quote_intensity_5s,-0.007721445477559104
ETH_S15_150_240,elastic_net,ribbon_alignment_pct,0.0
ETH_S15_150_240,elastic_net,ribbon_compression_bps,-0.0
ETH_S15_150_240,elastic_net,adx_14,0.0
ETH_S15_150_240,elastic_net,plus_di_14,0.0
ETH_S15_150_240,elastic_net,minus_di_14,0.0
ETH_S15_150_240,elastic_net,vwap_since_open_bps,0.029212432518113958
ETH_S15_150_240,elastic_net,mfi_60s,0.0
ETH_S15_150_240,elastic_net,stoch_k_60s,-0.0
ETH_S15_150_240,elastic_net,stoch_d_60s,-0.00778255912961443
ETH_S15_150_240,elastic_net,cci_60s,-0.0
ETH_S15_150_240,elastic_net,bb_pos_60s,-0.0
ETH_S15_150_240,elastic_net,bb_width_60s,-0.0
ETH_S15_150_240,elastic_net,ofi_skew_l1_30s,0.00917417823405666
ETH_S15_150_240,elastic_net,mlofi_skew_l5_30s,0.0
ETH_S15_150_240,elastic_net,mlofi_skew_l5_60s,0.036756995905296394
ETH_S15_150_240,elastic_net,mlofi_skew_l25_30s,-0.0
ETH_S15_150_240,elastic_net,rsi_14,0.016342282257982992
ETH_S15_150_240,elastic_net,cvd,0.0
ETH_S15_150_240,elastic_net,vpin_value,0.0
ETH_S15_150_240,elastic_net,vpin_zscore,0.001071977586749135
ETH_S15_150_240,elastic_net,as_uncertainty,0.0008712168866353171
ETH_S15_150_240,elastic_net,as_skew,0.0
ETH_S15_150_240,logistic_l2,mp_skew,0.1022303719704893
ETH_S15_150_240,logistic_l2,mp_weighted_skew,-0.7828628637359455
ETH_S15_150_240,logistic_l2,mp_skew_change_500ms,0.16260551727250386
ETH_S15_150_240,logistic_l2,mp_up_dev_bps,-0.029315116894585817
ETH_S15_150_240,logistic_l2,mp_dn_dev_bps,-0.14243680438980283
ETH_S15_150_240,logistic_l2,mp_imbalance,0.04120670095602143
ETH_S15_150_240,logistic_l2,mp_weighted_imbalance,-0.03223568776032305
ETH_S15_150_240,logistic_l2,L_stat,0.08143455700423502
ETH_S15_150_240,logistic_l2,hawkes_lambda_imbalance,0.19980885744011942
ETH_S15_150_240,logistic_l2,hawkes_lambda_total,-0.22009547691536474
ETH_S15_150_240,logistic_l2,rv_ratio_60_to_3600,0.005251837161369758
ETH_S15_150_240,logistic_l2,hurst_300s,-0.019039385880455575
ETH_S15_150_240,logistic_l2,hurst_100s,-0.032125188165594634
ETH_S15_150_240,logistic_l2,hurst_900s,-0.05080612661626116
ETH_S15_150_240,logistic_l2,trend_slope_30m,0.3774863947476592
ETH_S15_150_240,logistic_l2,rv_60s,-0.3102279356791796
ETH_S15_150_240,logistic_l2,rv_300s,0.2693573792200952
ETH_S15_150_240,logistic_l2,up_imb5,-0.06933442511640134
ETH_S15_150_240,logistic_l2,dn_imb5,-0.17823627317630977
ETH_S15_150_240,logistic_l2,up_imb25,-0.20610940954812002
ETH_S15_150_240,logistic_l2,dn_imb25,-0.025022474083089143
ETH_S15_150_240,logistic_l2,up_queue_top_bid,0.19442467292798013
ETH_S15_150_240,logistic_l2,up_micro_dev_bps,0.2382829975593563
ETH_S15_150_240,logistic_l2,dn_micro_dev_bps,0.09459692897655113
ETH_S15_150_240,logistic_l2,up_bid_slope,0.021940727093856395
ETH_S15_150_240,logistic_l2,up_ask_slope,0.0750684945526323
ETH_S15_150_240,logistic_l2,dn_bid_slope,0.02834107744587595
ETH_S15_150_240,logistic_l2,dn_ask_slope,-0.15617096134293992
ETH_S15_150_240,logistic_l2,up_imb5_change_500ms,-0.10800417827348056
ETH_S15_150_240,logistic_l2,up_quote_intensity_5s,-0.08931288750575019
ETH_S15_150_240,logistic_l2,ribbon_alignment_pct,0.05831444958024894
ETH_S15_150_240,logistic_l2,ribbon_compression_bps,-0.45479958681245264
ETH_S15_150_240,logistic_l2,adx_14,0.014586944761961766
ETH_S15_150_240,logistic_l2,plus_di_14,0.10443456353604881
ETH_S15_150_240,logistic_l2,minus_di_14,0.12618967154079902
ETH_S15_150_240,logistic_l2,vwap_since_open_bps,0.6400349259284318
ETH_S15_150_240,logistic_l2,mfi_60s,0.02010576969202862
ETH_S15_150_240,logistic_l2,stoch_k_60s,0.34782094420247067
ETH_S15_150_240,logistic_l2,stoch_d_60s,-0.4383976185479713
ETH_S15_150_240,logistic_l2,cci_60s,-0.09409209281893609
ETH_S15_150_240,logistic_l2,bb_pos_60s,0.07994502881024129
ETH_S15_150_240,logistic_l2,bb_width_60s,0.45435591104753775
ETH_S15_150_240,logistic_l2,ofi_skew_l1_30s,0.02596345119114653
ETH_S15_150_240,logistic_l2,mlofi_skew_l5_30s,0.5195675396598249
ETH_S15_150_240,logistic_l2,mlofi_skew_l5_60s,0.3532449182985492
ETH_S15_150_240,logistic_l2,mlofi_skew_l25_30s,-0.28394993280526837
ETH_S15_150_240,logistic_l2,rsi_14,0.18538959270905356
ETH_S15_150_240,logistic_l2,cvd,0.0031758670305172152
ETH_S15_150_240,logistic_l2,vpin_value,0.09353054588258095
ETH_S15_150_240,logistic_l2,vpin_zscore,0.012188802398484723
ETH_S15_150_240,logistic_l2,as_uncertainty,0.16458125195378523
ETH_S15_150_240,logistic_l2,as_skew,-0.17699798444362222
ETH_S15_150_240,logistic_poly2,mp_skew,0.1392883664963894
ETH_S15_150_240,logistic_poly2,mp_weighted_skew,-0.37564615650207034
ETH_S15_150_240,logistic_poly2,mp_skew_change_500ms,0.030606072880848375
ETH_S15_150_240,logistic_poly2,mp_up_dev_bps,-0.07510312279455415
ETH_S15_150_240,logistic_poly2,mp_dn_dev_bps,-0.11053058405577157
ETH_S15_150_240,logistic_poly2,mp_imbalance,-0.18073036110607976
ETH_S15_150_240,logistic_poly2,mp_weighted_imbalance,0.0039744111764742854
ETH_S15_150_240,logistic_poly2,L_stat,0.2592098667784247
ETH_S15_150_240,logistic_poly2,hawkes_lambda_imbalance,0.11977458859604612
ETH_S15_150_240,logistic_poly2,hawkes_lambda_total,0.00505918197327452
ETH_S15_150_240,logistic_poly2,rv_ratio_60_to_3600,0.18032273487109543
ETH_S15_150_240,logistic_poly2,hurst_300s,-0.044155141946541035
ETH_S15_150_240,logistic_poly2,hurst_100s,-0.20050092106803458
ETH_S15_150_240,logistic_poly2,hurst_900s,-0.05701586177117584
ETH_S15_150_240,logistic_poly2,trend_slope_30m,0.5816776610875218
ETH_S15_150_240,logistic_poly2,rv_60s,0.08453421582533863
ETH_S15_150_240,logistic_poly2,rv_300s,0.2020621259630652
ETH_S15_150_240,logistic_poly2,up_imb5,-0.13407237767431832
ETH_S15_150_240,logistic_poly2,dn_imb5,0.09050220738342751
ETH_S15_150_240,logistic_poly2,up_imb25,0.033187542440863096
ETH_S15_150_240,logistic_poly2,dn_imb25,-0.06486923362684487
ETH_S15_150_240,logistic_poly2,up_queue_top_bid,0.05964739041474364
ETH_S15_150_240,logistic_poly2,up_micro_dev_bps,0.08899446005075039
ETH_S15_150_240,logistic_poly2,dn_micro_dev_bps,-0.11166479363243245
ETH_S15_150_240,logistic_poly2,up_bid_slope,-0.009650340407860312
ETH_S15_150_240,logistic_poly2,up_ask_slope,-0.15455352992190538
ETH_S15_150_240,logistic_poly2,dn_bid_slope,0.1403997798312134
ETH_S15_150_240,logistic_poly2,dn_ask_slope,0.0002219046902871278
ETH_S15_150_240,logistic_poly2,up_imb5_change_500ms,-0.04437112911899032
ETH_S15_150_240,logistic_poly2,up_quote_intensity_5s,-0.16184986009278154
ETH_S15_150_240,logistic_poly2,ribbon_alignment_pct,-0.05649120415422261
ETH_S15_150_240,logistic_poly2,ribbon_compression_bps,-0.12430082900311303
ETH_S15_150_240,logistic_poly2,adx_14,-0.04692162165419301
ETH_S15_150_240,logistic_poly2,plus_di_14,0.27897344314719413
ETH_S15_150_240,logistic_poly2,minus_di_14,-0.11552149212100295
ETH_S15_150_240,logistic_poly2,vwap_since_open_bps,0.3085750179008157
ETH_S15_150_240,logistic_poly2,mfi_60s,0.13748803688736222
ETH_S15_150_240,logistic_poly2,stoch_k_60s,0.0917647112600184
ETH_S15_150_240,logistic_poly2,stoch_d_60s,-0.0009427340030783997
ETH_S15_150_240,logistic_poly2,cci_60s,-0.09151979155716804
ETH_S15_150_240,logistic_poly2,bb_pos_60s,-0.08142709364351888
ETH_S15_150_240,logistic_poly2,bb_width_60s,0.1746927383527988
ETH_S15_150_240,logistic_poly2,ofi_skew_l1_30s,0.08067985265191667
ETH_S15_150_240,logistic_poly2,mlofi_skew_l5_30s,0.06816801668602915
ETH_S15_150_240,logistic_poly2,mlofi_skew_l5_60s,0.23169915467722238
ETH_S15_150_240,logistic_poly2,mlofi_skew_l25_30s,0.03626272001307165
ETH_S15_150_240,logistic_poly2,rsi_14,1.1360262158274612
ETH_S15_150_240,logistic_poly2,cvd,0.09060872346165755
ETH_S15_150_240,logistic_poly2,vpin_value,0.07076708423566253
ETH_S15_150_240,logistic_poly2,vpin_zscore,-0.07732639975116752
ETH_S15_150_240,logistic_poly2,as_uncertainty,0.07456388072171365
ETH_S15_150_240,logistic_poly2,as_skew,0.04830318922459971
ETH_S15_150_240,logistic_poly2,mp_skew mp_weighted_skew,0.17482103666991225
ETH_S15_150_240,logistic_poly2,mp_skew mp_skew_change_500ms,0.010718953745986227
ETH_S15_150_240,logistic_poly2,mp_skew mp_up_dev_bps,-0.12306972782687424
ETH_S15_150_240,logistic_poly2,mp_skew mp_dn_dev_bps,-0.18155968073499376
ETH_S15_150_240,logistic_poly2,mp_skew mp_imbalance,-0.0020589878030450957
ETH_S15_150_240,logistic_poly2,mp_skew mp_weighted_imbalance,-0.08497079459969731
ETH_S15_150_240,logistic_poly2,mp_skew L_stat,-0.11057755079488205
ETH_S15_150_240,logistic_poly2,mp_skew hawkes_lambda_imbalance,-0.03651532947877833
ETH_S15_150_240,logistic_poly2,mp_skew hawkes_lambda_total,-0.011998987313143606
ETH_S15_150_240,logistic_poly2,mp_skew rv_ratio_60_to_3600,0.056672986406638655
ETH_S15_150_240,logistic_poly2,mp_skew hurst_300s,-0.042449594944751486
ETH_S15_150_240,logistic_poly2,mp_skew hurst_100s,-0.047784994069264224
ETH_S15_150_240,logistic_poly2,mp_skew hurst_900s,-0.11853281409351371
ETH_S15_150_240,logistic_poly2,mp_skew trend_slope_30m,0.026658451625424844
ETH_S15_150_240,logistic_poly2,mp_skew rv_60s,0.003651439015597384
ETH_S15_150_240,logistic_poly2,mp_skew rv_300s,0.033581014076088926
ETH_S15_150_240,logistic_poly2,mp_skew up_imb5,-0.006648487978063923
ETH_S15_150_240,logistic_poly2,mp_skew dn_imb5,0.0012911870086717426
ETH_S15_150_240,logistic_poly2,mp_skew up_imb25,-0.11025253279898577
ETH_S15_150_240,logistic_poly2,mp_skew dn_imb25,0.10577158998504947
ETH_S15_150_240,logistic_poly2,mp_skew up_queue_top_bid,0.04950660126873819
ETH_S15_150_240,logistic_poly2,mp_skew up_micro_dev_bps,0.07021726727353539
ETH_S15_150_240,logistic_poly2,mp_skew dn_micro_dev_bps,-0.10237506735457859
ETH_S15_150_240,logistic_poly2,mp_skew up_bid_slope,-0.023681277199120176
ETH_S15_150_240,logistic_poly2,mp_skew up_ask_slope,-0.007328674405787186
ETH_S15_150_240,logistic_poly2,mp_skew dn_bid_slope,1.5795600179606027e-05
ETH_S15_150_240,logistic_poly2,mp_skew dn_ask_slope,0.02513726199716706
ETH_S15_150_240,logistic_poly2,mp_skew up_imb5_change_500ms,0.046712909138467686
ETH_S15_150_240,logistic_poly2,mp_skew up_quote_intensity_5s,-0.056756523306808124
ETH_S15_150_240,logistic_poly2,mp_skew ribbon_alignment_pct,-0.00550693033734368
ETH_S15_150_240,logistic_poly2,mp_skew ribbon_compression_bps,0.027671885144875542
ETH_S15_150_240,logistic_poly2,mp_skew adx_14,0.03828156104910403
ETH_S15_150_240,logistic_poly2,mp_skew plus_di_14,-0.013738889241931992
ETH_S15_150_240,logistic_poly2,mp_skew minus_di_14,0.010801392512452374
ETH_S15_150_240,logistic_poly2,mp_skew vwap_since_open_bps,0.026455569645804797
ETH_S15_150_240,logistic_poly2,mp_skew mfi_60s,-0.025542187213327124
ETH_S15_150_240,logistic_poly2,mp_skew stoch_k_60s,0.12123912193636893
ETH_S15_150_240,logistic_poly2,mp_skew stoch_d_60s,0.13687703481312125
ETH_S15_150_240,logistic_poly2,mp_skew cci_60s,-0.14387601095369412
ETH_S15_150_240,logistic_poly2,mp_skew bb_pos_60s,-0.06953982350183363
ETH_S15_150_240,logistic_poly2,mp_skew bb_width_60s,0.020694207911643583
ETH_S15_150_240,logistic_poly2,mp_skew ofi_skew_l1_30s,0.015789356598560986
ETH_S15_150_240,logistic_poly2,mp_skew mlofi_skew_l5_30s,-0.014852084699406009
ETH_S15_150_240,logistic_poly2,mp_skew mlofi_skew_l5_60s,-0.01751070722847293
ETH_S15_150_240,logistic_poly2,mp_skew mlofi_skew_l25_30s,0.022122262579660722
ETH_S15_150_240,logistic_poly2,mp_skew rsi_14,0.14293945918499287
ETH_S15_150_240,logistic_poly2,mp_skew cvd,0.008611623558609255
ETH_S15_150_240,logistic_poly2,mp_skew vpin_value,-0.04805453406053525
ETH_S15_150_240,logistic_poly2,mp_skew vpin_zscore,-0.09650779468339596
ETH_S15_150_240,logistic_poly2,mp_skew as_uncertainty,-0.005616688074725318
ETH_S15_150_240,logistic_poly2,mp_skew as_skew,-0.02125078622020676
ETH_S15_150_240,logistic_poly2,mp_weighted_skew mp_skew_change_500ms,-0.0866869618921808
ETH_S15_150_240,logistic_poly2,mp_weighted_skew mp_up_dev_bps,-0.06993582061048778
ETH_S15_150_240,logistic_poly2,mp_weighted_skew mp_dn_dev_bps,-0.209397502238134
ETH_S15_150_240,logistic_poly2,mp_weighted_skew mp_imbalance,0.3082074688175518
ETH_S15_150_240,logistic_poly2,mp_weighted_skew mp_weighted_imbalance,0.011509243013555884
ETH_S15_150_240,logistic_poly2,mp_weighted_skew L_stat,-0.024443196305486557
ETH_S15_150_240,logistic_poly2,mp_weighted_skew hawkes_lambda_imbalance,0.003460318036756595
ETH_S15_150_240,logistic_poly2,mp_weighted_skew hawkes_lambda_total,-0.02437297934335531
ETH_S15_150_240,logistic_poly2,mp_weighted_skew rv_ratio_60_to_3600,-0.1703292529995626
ETH_S15_150_240,logistic_poly2,mp_weighted_skew hurst_300s,-0.16507030310271073
ETH_S15_150_240,logistic_poly2,mp_weighted_skew hurst_100s,-0.08296539784542827
ETH_S15_150_240,logistic_poly2,mp_weighted_skew hurst_900s,-0.045477534654793254
ETH_S15_150_240,logistic_poly2,mp_weighted_skew trend_slope_30m,0.03866262388693
ETH_S15_150_240,logistic_poly2,mp_weighted_skew rv_60s,-0.10572076203344437
ETH_S15_150_240,logistic_poly2,mp_weighted_skew rv_300s,-0.21427876591062706
ETH_S15_150_240,logistic_poly2,mp_weighted_skew up_imb5,0.01574721791390403
ETH_S15_150_240,logistic_poly2,mp_weighted_skew dn_imb5,-0.051912584462182026
ETH_S15_150_240,logistic_poly2,mp_weighted_skew up_imb25,-0.1408600402592137
ETH_S15_150_240,logistic_poly2,mp_weighted_skew dn_imb25,0.1190739364829004
ETH_S15_150_240,logistic_poly2,mp_weighted_skew up_queue_top_bid,0.10398306638484303
ETH_S15_150_240,logistic_poly2,mp_weighted_skew up_micro_dev_bps,0.05905875625716338
ETH_S15_150_240,logistic_poly2,mp_weighted_skew dn_micro_dev_bps,-0.18750194471890008
ETH_S15_150_240,logistic_poly2,mp_weighted_skew up_bid_slope,-0.11165650772783844
ETH_S15_150_240,logistic_poly2,mp_weighted_skew up_ask_slope,0.12255785635754511
ETH_S15_150_240,logistic_poly2,mp_weighted_skew dn_bid_slope,-0.11948025111315579
ETH_S15_150_240,logistic_poly2,mp_weighted_skew dn_ask_slope,0.1065365882865871
ETH_S15_150_240,logistic_poly2,mp_weighted_skew up_imb5_change_500ms,-0.186308219098481
ETH_S15_150_240,logistic_poly2,mp_weighted_skew up_quote_intensity_5s,-0.07194499545931018
ETH_S15_150_240,logistic_poly2,mp_weighted_skew ribbon_alignment_pct,-0.07973684965969276
ETH_S15_150_240,logistic_poly2,mp_weighted_skew ribbon_compression_bps,0.08813391595105417
ETH_S15_150_240,logistic_poly2,mp_weighted_skew adx_14,0.01393342822543848
ETH_S15_150_240,logistic_poly2,mp_weighted_skew plus_di_14,-0.10951564560736153
ETH_S15_150_240,logistic_poly2,mp_weighted_skew minus_di_14,0.03293410527498326
ETH_S15_150_240,logistic_poly2,mp_weighted_skew vwap_since_open_bps,0.13805234543789988
ETH_S15_150_240,logistic_poly2,mp_weighted_skew mfi_60s,-0.14197612755080788
ETH_S15_150_240,logistic_poly2,mp_weighted_skew stoch_k_60s,-0.06081940546616882
ETH_S15_150_240,logistic_poly2,mp_weighted_skew stoch_d_60s,0.07314710752298792
ETH_S15_150_240,logistic_poly2,mp_weighted_skew cci_60s,0.1206184635950918
ETH_S15_150_240,logistic_poly2,mp_weighted_skew bb_pos_60s,0.16428817683307873
ETH_S15_150_240,logistic_poly2,mp_weighted_skew bb_width_60s,0.021765616200532054
ETH_S15_150_240,logistic_poly2,mp_weighted_skew ofi_skew_l1_30s,0.17856738406911596
ETH_S15_150_240,logistic_poly2,mp_weighted_skew mlofi_skew_l5_30s,0.13833503435100877
ETH_S15_150_240,logistic_poly2,mp_weighted_skew mlofi_skew_l5_60s,0.04732375310680114
ETH_S15_150_240,logistic_poly2,mp_weighted_skew mlofi_skew_l25_30s,-0.0020251882832417072
ETH_S15_150_240,logistic_poly2,mp_weighted_skew rsi_14,0.2900054648742141
ETH_S15_150_240,logistic_poly2,mp_weighted_skew cvd,-0.13703303213856546
ETH_S15_150_240,logistic_poly2,mp_weighted_skew vpin_value,0.12668726333610655
ETH_S15_150_240,logistic_poly2,mp_weighted_skew vpin_zscore,0.16621318741352245
ETH_S15_150_240,logistic_poly2,mp_weighted_skew as_uncertainty,-0.137865262609737
ETH_S15_150_240,logistic_poly2,mp_weighted_skew as_skew,-0.1332688842252612
ETH_S15_150_240,logistic_poly2,mp_skew_change_500ms mp_up_dev_bps,0.029347446247269017
ETH_S15_150_240,logistic_poly2,mp_skew_change_500ms mp_dn_dev_bps,-0.023868500602079786
ETH_S15_150_240,logistic_poly2,mp_skew_change_500ms mp_imbalance,0.13391966121736554
ETH_S15_150_240,logistic_poly2,mp_skew_change_500ms mp_weighted_imbalance,-0.08374344620116407
ETH_S15_150_240,logistic_poly2,mp_skew_change_500ms L_stat,0.1679745729072042
ETH_S15_150_240,logistic_poly2,mp_skew_change_500ms hawkes_lambda_imbalance,0.03887929058111289
ETH_S15_150_240,logistic_poly2,mp_skew_change_500ms hawkes_lambda_total,-0.038640367385579084
ETH_S15_150_240,logistic_poly2,mp_skew_change_500ms rv_ratio_60_to_3600,-0.07058359955107095
ETH_S15_150_240,logistic_poly2,mp_skew_change_500ms hurst_300s,0.04975470367224005
ETH_S15_150_240,logistic_poly2,mp_skew_change_500ms hurst_100s,-0.06972892264201602
ETH_S15_150_240,logistic_poly2,mp_skew_change_500ms hurst_900s,-0.045988610680041446
ETH_S15_150_240,logistic_poly2,mp_skew_change_500ms trend_slope_30m,0.129257744553407
ETH_S15_150_240,logistic_poly2,mp_skew_change_500ms rv_60s,0.10318286896896454
ETH_S15_150_240,logistic_poly2,mp_skew_change_500ms rv_300s,-0.017067053282820772
ETH_S15_150_240,logistic_poly2,mp_skew_change_500ms up_imb5,0.04471652482973987
ETH_S15_150_240,logistic_poly2,mp_skew_change_500ms dn_imb5,-0.037007593601619704
ETH_S15_150_240,logistic_poly2,mp_skew_change_500ms up_imb25,-0.111815330322056
ETH_S15_150_240,logistic_poly2,mp_skew_change_500ms dn_imb25,0.11317921541064555
ETH_S15_150_240,logistic_poly2,mp_skew_change_500ms up_queue_top_bid,0.1042377563954755
ETH_S15_150_240,logistic_poly2,mp_skew_change_500ms up_micro_dev_bps,-0.003886367087658276
ETH_S15_150_240,logistic_poly2,mp_skew_change_500ms dn_micro_dev_bps,-0.018217928118505037
ETH_S15_150_240,logistic_poly2,mp_skew_change_500ms up_bid_slope,-0.08203133697974851
ETH_S15_150_240,logistic_poly2,mp_skew_change_500ms up_ask_slope,-0.01723958403914857
ETH_S15_150_240,logistic_poly2,mp_skew_change_500ms dn_bid_slope,0.02035394442748527
ETH_S15_150_240,logistic_poly2,mp_skew_change_500ms dn_ask_slope,0.08256081204634796
ETH_S15_150_240,logistic_poly2,mp_skew_change_500ms up_imb5_change_500ms,0.1313965578032285
ETH_S15_150_240,logistic_poly2,mp_skew_change_500ms up_quote_intensity_5s,0.005650178178221891
ETH_S15_150_240,logistic_poly2,mp_skew_change_500ms ribbon_alignment_pct,-0.012001683463038912
ETH_S15_150_240,logistic_poly2,mp_skew_change_500ms ribbon_compression_bps,0.06213860183526418
ETH_S15_150_240,logistic_poly2,mp_skew_change_500ms adx_14,-0.049908290081051576
ETH_S15_150_240,logistic_poly2,mp_skew_change_500ms plus_di_14,-0.006535467708120229
ETH_S15_150_240,logistic_poly2,mp_skew_change_500ms minus_di_14,-0.09017005101981612
ETH_S15_150_240,logistic_poly2,mp_skew_change_500ms vwap_since_open_bps,0.27365788980299466
ETH_S15_150_240,logistic_poly2,mp_skew_change_500ms mfi_60s,0.07121961245617339
ETH_S15_150_240,logistic_poly2,mp_skew_change_500ms stoch_k_60s,-0.06420240243571276
ETH_S15_150_240,logistic_poly2,mp_skew_change_500ms stoch_d_60s,-0.039421993523946264
ETH_S15_150_240,logistic_poly2,mp_skew_change_500ms cci_60s,-0.04173967075596746
ETH_S15_150_240,logistic_poly2,mp_skew_change_500ms bb_pos_60s,0.1172005984259814
ETH_S15_150_240,logistic_poly2,mp_skew_change_500ms bb_width_60s,-0.03924182267004851
ETH_S15_150_240,logistic_poly2,mp_skew_change_500ms ofi_skew_l1_30s,0.1001333351018081
ETH_S15_150_240,logistic_poly2,mp_skew_change_500ms mlofi_skew_l5_30s,-0.012373407508907476
ETH_S15_150_240,logistic_poly2,mp_skew_change_500ms mlofi_skew_l5_60s,0.0018149273964524135
ETH_S15_150_240,logistic_poly2,mp_skew_change_500ms mlofi_skew_l25_30s,-0.16930501251972982
ETH_S15_150_240,logistic_poly2,mp_skew_change_500ms rsi_14,0.18942959818992247
ETH_S15_150_240,logistic_poly2,mp_skew_change_500ms cvd,0.1408903878030886
ETH_S15_150_240,logistic_poly2,mp_skew_change_500ms vpin_value,-0.18748020583256578
ETH_S15_150_240,logistic_poly2,mp_skew_change_500ms vpin_zscore,-0.18734959599212805
ETH_S15_150_240,logistic_poly2,mp_skew_change_500ms as_uncertainty,-0.05326007600296771
ETH_S15_150_240,logistic_poly2,mp_skew_change_500ms as_skew,-0.008189569968541182
ETH_S15_150_240,logistic_poly2,mp_up_dev_bps mp_dn_dev_bps,0.023352741805200045
ETH_S15_150_240,logistic_poly2,mp_up_dev_bps mp_imbalance,-0.12640971468710535
ETH_S15_150_240,logistic_poly2,mp_up_dev_bps mp_weighted_imbalance,-0.03398487429700205
ETH_S15_150_240,logistic_poly2,mp_up_dev_bps L_stat,0.089380984110882
ETH_S15_150_240,logistic_poly2,mp_up_dev_bps hawkes_lambda_imbalance,-0.023062053977876466
ETH_S15_150_240,logistic_poly2,mp_up_dev_bps hawkes_lambda_total,-0.06590459662225122
ETH_S15_150_240,logistic_poly2,mp_up_dev_bps rv_ratio_60_to_3600,-0.04629041627333637
ETH_S15_150_240,logistic_poly2,mp_up_dev_bps hurst_300s,-0.04796043623777108
ETH_S15_150_240,logistic_poly2,mp_up_dev_bps hurst_100s,-0.008510899688394689
ETH_S15_150_240,logistic_poly2,mp_up_dev_bps hurst_900s,-0.0396087499043953
ETH_S15_150_240,logistic_poly2,mp_up_dev_bps trend_slope_30m,-0.08199805051392979
ETH_S15_150_240,logistic_poly2,mp_up_dev_bps rv_60s,0.02014447073933268
ETH_S15_150_240,logistic_poly2,mp_up_dev_bps rv_300s,-0.0001557401114674571
ETH_S15_150_240,logistic_poly2,mp_up_dev_bps up_imb5,-0.1726010059230388
ETH_S15_150_240,logistic_poly2,mp_up_dev_bps dn_imb5,0.18017245776598276
ETH_S15_150_240,logistic_poly2,mp_up_dev_bps up_imb25,0.0909047549683762
ETH_S15_150_240,logistic_poly2,mp_up_dev_bps dn_imb25,-0.07734475519382669
ETH_S15_150_240,logistic_poly2,mp_up_dev_bps up_queue_top_bid,-0.0842956689298239
ETH_S15_150_240,logistic_poly2,mp_up_dev_bps up_micro_dev_bps,-0.1948811761351806
ETH_S15_150_240,logistic_poly2,mp_up_dev_bps dn_micro_dev_bps,-0.005032275793702661
ETH_S15_150_240,logistic_poly2,mp_up_dev_bps up_bid_slope,0.004540612367457469
ETH_S15_150_240,logistic_poly2,mp_up_dev_bps up_ask_slope,0.14570917286068277
ETH_S15_150_240,logistic_poly2,mp_up_dev_bps dn_bid_slope,-0.13282322333527932
ETH_S15_150_240,logistic_poly2,mp_up_dev_bps dn_ask_slope,-0.0031082113404751004
ETH_S15_150_240,logistic_poly2,mp_up_dev_bps up_imb5_change_500ms,-0.08230132554526831
ETH_S15_150_240,logistic_poly2,mp_up_dev_bps up_quote_intensity_5s,0.13027110516474522
ETH_S15_150_240,logistic_poly2,mp_up_dev_bps ribbon_alignment_pct,0.10042952708287212
ETH_S15_150_240,logistic_poly2,mp_up_dev_bps ribbon_compression_bps,-0.12821579273519515
ETH_S15_150_240,logistic_poly2,mp_up_dev_bps adx_14,-0.018031213516769343
ETH_S15_150_240,logistic_poly2,mp_up_dev_bps plus_di_14,0.09291997389005265
ETH_S15_150_240,logistic_poly2,mp_up_dev_bps minus_di_14,0.01064009945211369
ETH_S15_150_240,logistic_poly2,mp_up_dev_bps vwap_since_open_bps,-0.10515405030361362
ETH_S15_150_240,logistic_poly2,mp_up_dev_bps mfi_60s,0.09748602793030844
ETH_S15_150_240,logistic_poly2,mp_up_dev_bps stoch_k_60s,-0.13946131314108723
ETH_S15_150_240,logistic_poly2,mp_up_dev_bps stoch_d_60s,-0.11860653605599045
ETH_S15_150_240,logistic_poly2,mp_up_dev_bps cci_60s,0.008425732021649332
ETH_S15_150_240,logistic_poly2,mp_up_dev_bps bb_pos_60s,-0.038927452103145535
ETH_S15_150_240,logistic_poly2,mp_up_dev_bps bb_width_60s,-0.03793715941152533
ETH_S15_150_240,logistic_poly2,mp_up_dev_bps ofi_skew_l1_30s,0.12615279802921925
ETH_S15_150_240,logistic_poly2,mp_up_dev_bps mlofi_skew_l5_30s,0.02783770920821737
ETH_S15_150_240,logistic_poly2,mp_up_dev_bps mlofi_skew_l5_60s,-0.06377007649222431
ETH_S15_150_240,logistic_poly2,mp_up_dev_bps mlofi_skew_l25_30s,0.05394353120023018
ETH_S15_150_240,logistic_poly2,mp_up_dev_bps rsi_14,0.002957503682720649
ETH_S15_150_240,logistic_poly2,mp_up_dev_bps cvd,-0.008276662902456981
ETH_S15_150_240,logistic_poly2,mp_up_dev_bps vpin_value,-0.026329472891818525
ETH_S15_150_240,logistic_poly2,mp_up_dev_bps vpin_zscore,0.03489363156852936
ETH_S15_150_240,logistic_poly2,mp_up_dev_bps as_uncertainty,0.0021321896828733855
ETH_S15_150_240,logistic_poly2,mp_up_dev_bps as_skew,0.001990849291378393
ETH_S15_150_240,logistic_poly2,mp_dn_dev_bps mp_imbalance,-0.209562103765066
ETH_S15_150_240,logistic_poly2,mp_dn_dev_bps mp_weighted_imbalance,0.10014008586888241
ETH_S15_150_240,logistic_poly2,mp_dn_dev_bps L_stat,0.09359077157341707
ETH_S15_150_240,logistic_poly2,mp_dn_dev_bps hawkes_lambda_imbalance,0.13387184241743208
ETH_S15_150_240,logistic_poly2,mp_dn_dev_bps hawkes_lambda_total,0.11140297401343444
ETH_S15_150_240,logistic_poly2,mp_dn_dev_bps rv_ratio_60_to_3600,0.03086763327175483
ETH_S15_150_240,logistic_poly2,mp_dn_dev_bps hurst_300s,0.0721197058492485
ETH_S15_150_240,logistic_poly2,mp_dn_dev_bps hurst_100s,0.07046620199456016
ETH_S15_150_240,logistic_poly2,mp_dn_dev_bps hurst_900s,0.12985086569057502
ETH_S15_150_240,logistic_poly2,mp_dn_dev_bps trend_slope_30m,0.047565958736835785
ETH_S15_150_240,logistic_poly2,mp_dn_dev_bps rv_60s,0.0638123479717547
ETH_S15_150_240,logistic_poly2,mp_dn_dev_bps rv_300s,0.04106655992091053
ETH_S15_150_240,logistic_poly2,mp_dn_dev_bps up_imb5,-0.046076239925276215
ETH_S15_150_240,logistic_poly2,mp_dn_dev_bps dn_imb5,0.04293410329465026
ETH_S15_150_240,logistic_poly2,mp_dn_dev_bps up_imb25,-0.09096780515153678
ETH_S15_150_240,logistic_poly2,mp_dn_dev_bps dn_imb25,0.08521356441633177
ETH_S15_150_240,logistic_poly2,mp_dn_dev_bps up_queue_top_bid,0.04373958516765654
ETH_S15_150_240,logistic_poly2,mp_dn_dev_bps up_micro_dev_bps,-0.027225126073713656
ETH_S15_150_240,logistic_poly2,mp_dn_dev_bps dn_micro_dev_bps,0.22524297756816314
ETH_S15_150_240,logistic_poly2,mp_dn_dev_bps up_bid_slope,0.04544265412519794
ETH_S15_150_240,logistic_poly2,mp_dn_dev_bps up_ask_slope,-0.05639396562352639
ETH_S15_150_240,logistic_poly2,mp_dn_dev_bps dn_bid_slope,0.050836773730356895
ETH_S15_150_240,logistic_poly2,mp_dn_dev_bps dn_ask_slope,-0.04651090685879241
ETH_S15_150_240,logistic_poly2,mp_dn_dev_bps up_imb5_change_500ms,-0.03068828005459267
ETH_S15_150_240,logistic_poly2,mp_dn_dev_bps up_quote_intensity_5s,-0.017294730749901167
ETH_S15_150_240,logistic_poly2,mp_dn_dev_bps ribbon_alignment_pct,-0.1112638649349537
ETH_S15_150_240,logistic_poly2,mp_dn_dev_bps ribbon_compression_bps,0.10765908875350352
ETH_S15_150_240,logistic_poly2,mp_dn_dev_bps adx_14,-0.177495252449037
ETH_S15_150_240,logistic_poly2,mp_dn_dev_bps plus_di_14,-0.11034237080764218
ETH_S15_150_240,logistic_poly2,mp_dn_dev_bps minus_di_14,-0.027543573831718286
ETH_S15_150_240,logistic_poly2,mp_dn_dev_bps vwap_since_open_bps,0.08120512973933078
ETH_S15_150_240,logistic_poly2,mp_dn_dev_bps mfi_60s,0.0024690571418683515
ETH_S15_150_240,logistic_poly2,mp_dn_dev_bps stoch_k_60s,-0.020978262171124487
ETH_S15_150_240,logistic_poly2,mp_dn_dev_bps stoch_d_60s,-0.08476098633673004
ETH_S15_150_240,logistic_poly2,mp_dn_dev_bps cci_60s,0.15115601913919932
ETH_S15_150_240,logistic_poly2,mp_dn_dev_bps bb_pos_60s,0.17535447976498292
ETH_S15_150_240,logistic_poly2,mp_dn_dev_bps bb_width_60s,0.06353028892520816
ETH_S15_150_240,logistic_poly2,mp_dn_dev_bps ofi_skew_l1_30s,-0.2249570408624086
ETH_S15_150_240,logistic_poly2,mp_dn_dev_bps mlofi_skew_l5_30s,-0.07037373602578297
ETH_S15_150_240,logistic_poly2,mp_dn_dev_bps mlofi_skew_l5_60s,0.004974973322258108
ETH_S15_150_240,logistic_poly2,mp_dn_dev_bps mlofi_skew_l25_30s,-0.19294675410560339
ETH_S15_150_240,logistic_poly2,mp_dn_dev_bps rsi_14,-0.23530589840153532
ETH_S15_150_240,logistic_poly2,mp_dn_dev_bps cvd,-0.12548497391695565
ETH_S15_150_240,logistic_poly2,mp_dn_dev_bps vpin_value,0.013062045873660168
ETH_S15_150_240,logistic_poly2,mp_dn_dev_bps vpin_zscore,0.0018470943428495336
ETH_S15_150_240,logistic_poly2,mp_dn_dev_bps as_uncertainty,0.06497382967543495
ETH_S15_150_240,logistic_poly2,mp_dn_dev_bps as_skew,0.06470941150251716
ETH_S15_150_240,logistic_poly2,mp_imbalance mp_weighted_imbalance,-0.030735223370740035
ETH_S15_150_240,logistic_poly2,mp_imbalance L_stat,-0.1174330867081618
ETH_S15_150_240,logistic_poly2,mp_imbalance hawkes_lambda_imbalance,-0.07506779462427496
ETH_S15_150_240,logistic_poly2,mp_imbalance hawkes_lambda_total,-0.07127622896276468
ETH_S15_150_240,logistic_poly2,mp_imbalance rv_ratio_60_to_3600,-0.021080345542578368
ETH_S15_150_240,logistic_poly2,mp_imbalance hurst_300s,-0.011134961730116584
ETH_S15_150_240,logistic_poly2,mp_imbalance hurst_100s,0.026834983735195262
ETH_S15_150_240,logistic_poly2,mp_imbalance hurst_900s,-0.02065877038082237
ETH_S15_150_240,logistic_poly2,mp_imbalance trend_slope_30m,0.11701114737496256
ETH_S15_150_240,logistic_poly2,mp_imbalance rv_60s,-0.0041348873658125914
ETH_S15_150_240,logistic_poly2,mp_imbalance rv_300s,0.08479877803431936
ETH_S15_150_240,logistic_poly2,mp_imbalance up_imb5,-0.1001175806170433
ETH_S15_150_240,logistic_poly2,mp_imbalance dn_imb5,0.1209206203798112
ETH_S15_150_240,logistic_poly2,mp_imbalance up_imb25,0.04983479202271076
ETH_S15_150_240,logistic_poly2,mp_imbalance dn_imb25,-0.035088840902925564
ETH_S15_150_240,logistic_poly2,mp_imbalance up_queue_top_bid,0.1556766713475491
ETH_S15_150_240,logistic_poly2,mp_imbalance up_micro_dev_bps,-0.020474853637275622
ETH_S15_150_240,logistic_poly2,mp_imbalance dn_micro_dev_bps,-0.015511394766003205
ETH_S15_150_240,logistic_poly2,mp_imbalance up_bid_slope,0.06747970277620999
ETH_S15_150_240,logistic_poly2,mp_imbalance up_ask_slope,0.0553187580739139
ETH_S15_150_240,logistic_poly2,mp_imbalance dn_bid_slope,-0.05885677380079775
ETH_S15_150_240,logistic_poly2,mp_imbalance dn_ask_slope,-0.05779725751673366
ETH_S15_150_240,logistic_poly2,mp_imbalance up_imb5_change_500ms,-0.15389283019204478
ETH_S15_150_240,logistic_poly2,mp_imbalance up_quote_intensity_5s,-0.02681256588732194
ETH_S15_150_240,logistic_poly2,mp_imbalance ribbon_alignment_pct,-0.02263004555376247
ETH_S15_150_240,logistic_poly2,mp_imbalance ribbon_compression_bps,0.007742238885935248
ETH_S15_150_240,logistic_poly2,mp_imbalance adx_14,-0.022800511343964384
ETH_S15_150_240,logistic_poly2,mp_imbalance plus_di_14,-0.040117851777801056
ETH_S15_150_240,logistic_poly2,mp_imbalance minus_di_14,-0.10578265774841526
ETH_S15_150_240,logistic_poly2,mp_imbalance vwap_since_open_bps,0.06543032892788342
ETH_S15_150_240,logistic_poly2,mp_imbalance mfi_60s,0.09452593549761233
ETH_S15_150_240,logistic_poly2,mp_imbalance stoch_k_60s,-0.19279170989456776
ETH_S15_150_240,logistic_poly2,mp_imbalance stoch_d_60s,-0.09454697635608011
ETH_S15_150_240,logistic_poly2,mp_imbalance cci_60s,-0.10122370050162273
ETH_S15_150_240,logistic_poly2,mp_imbalance bb_pos_60s,0.3549444939626848
ETH_S15_150_240,logistic_poly2,mp_imbalance bb_width_60s,-0.0697954734487904
ETH_S15_150_240,logistic_poly2,mp_imbalance ofi_skew_l1_30s,0.03494689391511253
ETH_S15_150_240,logistic_poly2,mp_imbalance mlofi_skew_l5_30s,-0.049702939416036734
ETH_S15_150_240,logistic_poly2,mp_imbalance mlofi_skew_l5_60s,-0.14643710508576266
ETH_S15_150_240,logistic_poly2,mp_imbalance mlofi_skew_l25_30s,-0.34504308996497396
ETH_S15_150_240,logistic_poly2,mp_imbalance rsi_14,0.020383660531178474
ETH_S15_150_240,logistic_poly2,mp_imbalance cvd,0.003439916847108111
ETH_S15_150_240,logistic_poly2,mp_imbalance vpin_value,0.13599528741435865
ETH_S15_150_240,logistic_poly2,mp_imbalance vpin_zscore,0.04278049550817065
ETH_S15_150_240,logistic_poly2,mp_imbalance as_uncertainty,-0.15593330440283587
ETH_S15_150_240,logistic_poly2,mp_imbalance as_skew,-0.06930231496082218
ETH_S15_150_240,logistic_poly2,mp_weighted_imbalance L_stat,-0.14318353597350483
ETH_S15_150_240,logistic_poly2,mp_weighted_imbalance hawkes_lambda_imbalance,0.0723369350953181
ETH_S15_150_240,logistic_poly2,mp_weighted_imbalance hawkes_lambda_total,-0.009529129011939454
ETH_S15_150_240,logistic_poly2,mp_weighted_imbalance rv_ratio_60_to_3600,0.06822471541758672
ETH_S15_150_240,logistic_poly2,mp_weighted_imbalance hurst_300s,0.09032635888002372
ETH_S15_150_240,logistic_poly2,mp_weighted_imbalance hurst_100s,0.11741318753118168
ETH_S15_150_240,logistic_poly2,mp_weighted_imbalance hurst_900s,-0.047663304659389234
ETH_S15_150_240,logistic_poly2,mp_weighted_imbalance trend_slope_30m,0.16766216470537829
ETH_S15_150_240,logistic_poly2,mp_weighted_imbalance rv_60s,-0.07054352611350753
ETH_S15_150_240,logistic_poly2,mp_weighted_imbalance rv_300s,0.10215386688018867
ETH_S15_150_240,logistic_poly2,mp_weighted_imbalance up_imb5,-0.047899796515275705
ETH_S15_150_240,logistic_poly2,mp_weighted_imbalance dn_imb5,-0.006567599472959358
ETH_S15_150_240,logistic_poly2,mp_weighted_imbalance up_imb25,-0.0383921082250303
ETH_S15_150_240,logistic_poly2,mp_weighted_imbalance dn_imb25,0.006852546380464184
ETH_S15_150_240,logistic_poly2,mp_weighted_imbalance up_queue_top_bid,-0.11526555180228798
ETH_S15_150_240,logistic_poly2,mp_weighted_imbalance up_micro_dev_bps,-0.06685902310907207
ETH_S15_150_240,logistic_poly2,mp_weighted_imbalance dn_micro_dev_bps,0.057250207443109075
ETH_S15_150_240,logistic_poly2,mp_weighted_imbalance up_bid_slope,-0.007281879866426285
ETH_S15_150_240,logistic_poly2,mp_weighted_imbalance up_ask_slope,-0.05313327755349137
ETH_S15_150_240,logistic_poly2,mp_weighted_imbalance dn_bid_slope,0.04264491740905143
ETH_S15_150_240,logistic_poly2,mp_weighted_imbalance dn_ask_slope,0.011081981817822132
ETH_S15_150_240,logistic_poly2,mp_weighted_imbalance up_imb5_change_500ms,0.12381387133777881
ETH_S15_150_240,logistic_poly2,mp_weighted_imbalance up_quote_intensity_5s,0.25437431726120535
ETH_S15_150_240,logistic_poly2,mp_weighted_imbalance ribbon_alignment_pct,-0.1323883778907774
ETH_S15_150_240,logistic_poly2,mp_weighted_imbalance ribbon_compression_bps,-0.033192594716020984
ETH_S15_150_240,logistic_poly2,mp_weighted_imbalance adx_14,0.16751975974463765
ETH_S15_150_240,logistic_poly2,mp_weighted_imbalance plus_di_14,-0.3354340803953097
ETH_S15_150_240,logistic_poly2,mp_weighted_imbalance minus_di_14,-0.1681149332625493
ETH_S15_150_240,logistic_poly2,mp_weighted_imbalance vwap_since_open_bps,0.014923466511261842
ETH_S15_150_240,logistic_poly2,mp_weighted_imbalance mfi_60s,-0.011373318943319903
ETH_S15_150_240,logistic_poly2,mp_weighted_imbalance stoch_k_60s,-0.11956790253202403
ETH_S15_150_240,logistic_poly2,mp_weighted_imbalance stoch_d_60s,-0.10946162442935232
ETH_S15_150_240,logistic_poly2,mp_weighted_imbalance cci_60s,-0.0011185024301240754
ETH_S15_150_240,logistic_poly2,mp_weighted_imbalance bb_pos_60s,-0.19466312474304667
ETH_S15_150_240,logistic_poly2,mp_weighted_imbalance bb_width_60s,-0.07100178917818221
ETH_S15_150_240,logistic_poly2,mp_weighted_imbalance ofi_skew_l1_30s,0.15514954233606787
ETH_S15_150_240,logistic_poly2,mp_weighted_imbalance mlofi_skew_l5_30s,-0.001557785810661468
ETH_S15_150_240,logistic_poly2,mp_weighted_imbalance mlofi_skew_l5_60s,0.07686766240811316
ETH_S15_150_240,logistic_poly2,mp_weighted_imbalance mlofi_skew_l25_30s,-0.2553788294359783
ETH_S15_150_240,logistic_poly2,mp_weighted_imbalance rsi_14,-0.0012700343072748349
ETH_S15_150_240,logistic_poly2,mp_weighted_imbalance cvd,-0.1508723457714647
ETH_S15_150_240,logistic_poly2,mp_weighted_imbalance vpin_value,0.09632521291581926
ETH_S15_150_240,logistic_poly2,mp_weighted_imbalance vpin_zscore,-0.2112735383320252
ETH_S15_150_240,logistic_poly2,mp_weighted_imbalance as_uncertainty,0.06501875715315955
ETH_S15_150_240,logistic_poly2,mp_weighted_imbalance as_skew,-0.11614122857135131
ETH_S15_150_240,logistic_poly2,L_stat hawkes_lambda_imbalance,0.22481084996085982
ETH_S15_150_240,logistic_poly2,L_stat hawkes_lambda_total,-0.015166679851680357
ETH_S15_150_240,logistic_poly2,L_stat rv_ratio_60_to_3600,-0.0631494291825752
ETH_S15_150_240,logistic_poly2,L_stat hurst_300s,0.11212701251502441
ETH_S15_150_240,logistic_poly2,L_stat hurst_100s,-0.1265912122219858
ETH_S15_150_240,logistic_poly2,L_stat hurst_900s,0.13127684560075167
ETH_S15_150_240,logistic_poly2,L_stat trend_slope_30m,0.06409479399530904
ETH_S15_150_240,logistic_poly2,L_stat rv_60s,-0.07001464227354574
ETH_S15_150_240,logistic_poly2,L_stat rv_300s,-0.1754093944758084
ETH_S15_150_240,logistic_poly2,L_stat up_imb5,-0.11376054898497155
ETH_S15_150_240,logistic_poly2,L_stat dn_imb5,0.13163003067324705
ETH_S15_150_240,logistic_poly2,L_stat up_imb25,-0.01711747640134165
ETH_S15_150_240,logistic_poly2,L_stat dn_imb25,0.03512593292605733
ETH_S15_150_240,logistic_poly2,L_stat up_queue_top_bid,-0.08523210747247692
ETH_S15_150_240,logistic_poly2,L_stat up_micro_dev_bps,-0.09662539645121991
ETH_S15_150_240,logistic_poly2,L_stat dn_micro_dev_bps,0.06604908966981686
ETH_S15_150_240,logistic_poly2,L_stat up_bid_slope,0.1145644705722746
ETH_S15_150_240,logistic_poly2,L_stat up_ask_slope,0.048183869005668935
ETH_S15_150_240,logistic_poly2,L_stat dn_bid_slope,-0.029066980957089223
ETH_S15_150_240,logistic_poly2,L_stat dn_ask_slope,-0.11046737762935163
ETH_S15_150_240,logistic_poly2,L_stat up_imb5_change_500ms,-0.08091359765541005
ETH_S15_150_240,logistic_poly2,L_stat up_quote_intensity_5s,0.1817666919286003
ETH_S15_150_240,logistic_poly2,L_stat ribbon_alignment_pct,0.1734242202151394
ETH_S15_150_240,logistic_poly2,L_stat ribbon_compression_bps,0.16664614076484427
ETH_S15_150_240,logistic_poly2,L_stat adx_14,0.06656855762191488
ETH_S15_150_240,logistic_poly2,L_stat plus_di_14,0.06317304542088069
ETH_S15_150_240,logistic_poly2,L_stat minus_di_14,-0.07964357307588224
ETH_S15_150_240,logistic_poly2,L_stat vwap_since_open_bps,0.05731165218841968
ETH_S15_150_240,logistic_poly2,L_stat mfi_60s,-0.10335874420391349
ETH_S15_150_240,logistic_poly2,L_stat stoch_k_60s,0.07978650508916552
ETH_S15_150_240,logistic_poly2,L_stat stoch_d_60s,0.16335480279366654
ETH_S15_150_240,logistic_poly2,L_stat cci_60s,0.045917201329722844
ETH_S15_150_240,logistic_poly2,L_stat bb_pos_60s,-0.01906864032565716
ETH_S15_150_240,logistic_poly2,L_stat bb_width_60s,0.1707152848804308
ETH_S15_150_240,logistic_poly2,L_stat ofi_skew_l1_30s,0.048075963561043364
ETH_S15_150_240,logistic_poly2,L_stat mlofi_skew_l5_30s,-0.051916013674886595
ETH_S15_150_240,logistic_poly2,L_stat mlofi_skew_l5_60s,-0.011900329261069485
ETH_S15_150_240,logistic_poly2,L_stat mlofi_skew_l25_30s,-0.15406727290945293
ETH_S15_150_240,logistic_poly2,L_stat rsi_14,-0.08233485565941052
ETH_S15_150_240,logistic_poly2,L_stat cvd,0.019778658116890634
ETH_S15_150_240,logistic_poly2,L_stat vpin_value,-0.009773444695558457
ETH_S15_150_240,logistic_poly2,L_stat vpin_zscore,0.08281338913500047
ETH_S15_150_240,logistic_poly2,L_stat as_uncertainty,-0.12601142092480247
ETH_S15_150_240,logistic_poly2,L_stat as_skew,-0.01521079628407634
ETH_S15_150_240,logistic_poly2,hawkes_lambda_imbalance hawkes_lambda_total,-0.18515620613483935
ETH_S15_150_240,logistic_poly2,hawkes_lambda_imbalance rv_ratio_60_to_3600,0.036683577244419625
ETH_S15_150_240,logistic_poly2,hawkes_lambda_imbalance hurst_300s,-0.21621456802164926
ETH_S15_150_240,logistic_poly2,hawkes_lambda_imbalance hurst_100s,-0.13210600055586422
ETH_S15_150_240,logistic_poly2,hawkes_lambda_imbalance hurst_900s,0.08339903949712328
ETH_S15_150_240,logistic_poly2,hawkes_lambda_imbalance trend_slope_30m,0.12346898672875076
ETH_S15_150_240,logistic_poly2,hawkes_lambda_imbalance rv_60s,-0.00011047598548370643
ETH_S15_150_240,logistic_poly2,hawkes_lambda_imbalance rv_300s,0.02727121822562899
ETH_S15_150_240,logistic_poly2,hawkes_lambda_imbalance up_imb5,-0.008027836406504668
ETH_S15_150_240,logistic_poly2,hawkes_lambda_imbalance dn_imb5,-0.028059774963746092
ETH_S15_150_240,logistic_poly2,hawkes_lambda_imbalance up_imb25,-0.07882319916900653
ETH_S15_150_240,logistic_poly2,hawkes_lambda_imbalance dn_imb25,0.08009907787196174
ETH_S15_150_240,logistic_poly2,hawkes_lambda_imbalance up_queue_top_bid,-0.07012280384062548
ETH_S15_150_240,logistic_poly2,hawkes_lambda_imbalance up_micro_dev_bps,0.0001504853904382574
ETH_S15_150_240,logistic_poly2,hawkes_lambda_imbalance dn_micro_dev_bps,0.05007325460436194
ETH_S15_150_240,logistic_poly2,hawkes_lambda_imbalance up_bid_slope,0.03062811180467733
ETH_S15_150_240,logistic_poly2,hawkes_lambda_imbalance up_ask_slope,0.03407936600067816
ETH_S15_150_240,logistic_poly2,hawkes_lambda_imbalance dn_bid_slope,-0.04605634094030789
ETH_S15_150_240,logistic_poly2,hawkes_lambda_imbalance dn_ask_slope,-0.02171978685352629
ETH_S15_150_240,logistic_poly2,hawkes_lambda_imbalance up_imb5_change_500ms,0.05165365301325296
ETH_S15_150_240,logistic_poly2,hawkes_lambda_imbalance up_quote_intensity_5s,-0.14009164385800246
ETH_S15_150_240,logistic_poly2,hawkes_lambda_imbalance ribbon_alignment_pct,0.08822287825916494
ETH_S15_150_240,logistic_poly2,hawkes_lambda_imbalance ribbon_compression_bps,0.20093530465310194
ETH_S15_150_240,logistic_poly2,hawkes_lambda_imbalance adx_14,0.0657490743931009
ETH_S15_150_240,logistic_poly2,hawkes_lambda_imbalance plus_di_14,0.12938690436801795
ETH_S15_150_240,logistic_poly2,hawkes_lambda_imbalance minus_di_14,-0.05671962050095526
ETH_S15_150_240,logistic_poly2,hawkes_lambda_imbalance vwap_since_open_bps,0.006362220097819532
ETH_S15_150_240,logistic_poly2,hawkes_lambda_imbalance mfi_60s,-0.14587871724677876
ETH_S15_150_240,logistic_poly2,hawkes_lambda_imbalance stoch_k_60s,-0.0518691814905176
ETH_S15_150_240,logistic_poly2,hawkes_lambda_imbalance stoch_d_60s,-0.21343184794167502
ETH_S15_150_240,logistic_poly2,hawkes_lambda_imbalance cci_60s,0.012821863500399305
ETH_S15_150_240,logistic_poly2,hawkes_lambda_imbalance bb_pos_60s,0.05077059627193651
ETH_S15_150_240,logistic_poly2,hawkes_lambda_imbalance bb_width_60s,0.10860873344909854
ETH_S15_150_240,logistic_poly2,hawkes_lambda_imbalance ofi_skew_l1_30s,0.058778676423672155
ETH_S15_150_240,logistic_poly2,hawkes_lambda_imbalance mlofi_skew_l5_30s,-0.023180434080911912
ETH_S15_150_240,logistic_poly2,hawkes_lambda_imbalance mlofi_skew_l5_60s,0.19184116766247888
ETH_S15_150_240,logistic_poly2,hawkes_lambda_imbalance mlofi_skew_l25_30s,-0.10028392675921126
ETH_S15_150_240,logistic_poly2,hawkes_lambda_imbalance rsi_14,-0.2981862470168755
ETH_S15_150_240,logistic_poly2,hawkes_lambda_imbalance cvd,0.049316047043831274
ETH_S15_150_240,logistic_poly2,hawkes_lambda_imbalance vpin_value,-0.18398321144082141
ETH_S15_150_240,logistic_poly2,hawkes_lambda_imbalance vpin_zscore,0.20469049670758013
ETH_S15_150_240,logistic_poly2,hawkes_lambda_imbalance as_uncertainty,0.11187721267820895
ETH_S15_150_240,logistic_poly2,hawkes_lambda_imbalance as_skew,0.006468417174213918
ETH_S15_150_240,logistic_poly2,hawkes_lambda_total rv_ratio_60_to_3600,-0.16082354101661633
ETH_S15_150_240,logistic_poly2,hawkes_lambda_total hurst_300s,-0.047704485222155917
ETH_S15_150_240,logistic_poly2,hawkes_lambda_total hurst_100s,0.10530085789185784
ETH_S15_150_240,logistic_poly2,hawkes_lambda_total hurst_900s,0.035502158340807326
ETH_S15_150_240,logistic_poly2,hawkes_lambda_total trend_slope_30m,-0.011884143814198262
ETH_S15_150_240,logistic_poly2,hawkes_lambda_total rv_60s,-0.07499398977230878
ETH_S15_150_240,logistic_poly2,hawkes_lambda_total rv_300s,0.2617772465100223
ETH_S15_150_240,logistic_poly2,hawkes_lambda_total up_imb5,-0.08201042636823487
ETH_S15_150_240,logistic_poly2,hawkes_lambda_total dn_imb5,0.05749228604674778
ETH_S15_150_240,logistic_poly2,hawkes_lambda_total up_imb25,-0.04488115547697592
ETH_S15_150_240,logistic_poly2,hawkes_lambda_total dn_imb25,0.009949284197243445
ETH_S15_150_240,logistic_poly2,hawkes_lambda_total up_queue_top_bid,0.06871720784546913
ETH_S15_150_240,logistic_poly2,hawkes_lambda_total up_micro_dev_bps,0.02477354796228645
ETH_S15_150_240,logistic_poly2,hawkes_lambda_total dn_micro_dev_bps,0.0395527263213342
ETH_S15_150_240,logistic_poly2,hawkes_lambda_total up_bid_slope,0.0582751660110795
ETH_S15_150_240,logistic_poly2,hawkes_lambda_total up_ask_slope,0.004301570537056905
ETH_S15_150_240,logistic_poly2,hawkes_lambda_total dn_bid_slope,-0.044094750017091136
ETH_S15_150_240,logistic_poly2,hawkes_lambda_total dn_ask_slope,-0.05654355005739172
ETH_S15_150_240,logistic_poly2,hawkes_lambda_total up_imb5_change_500ms,0.04504025598986732
ETH_S15_150_240,logistic_poly2,hawkes_lambda_total up_quote_intensity_5s,-0.10901215934278799
ETH_S15_150_240,logistic_poly2,hawkes_lambda_total ribbon_alignment_pct,0.22282580144957878
ETH_S15_150_240,logistic_poly2,hawkes_lambda_total ribbon_compression_bps,-0.10454124462325672
ETH_S15_150_240,logistic_poly2,hawkes_lambda_total adx_14,-0.07777627716839573
ETH_S15_150_240,logistic_poly2,hawkes_lambda_total plus_di_14,0.12576630679009385
ETH_S15_150_240,logistic_poly2,hawkes_lambda_total minus_di_14,-0.2527794107985834
ETH_S15_150_240,logistic_poly2,hawkes_lambda_total vwap_since_open_bps,0.08868820715340155
ETH_S15_150_240,logistic_poly2,hawkes_lambda_total mfi_60s,0.009403539757764152
ETH_S15_150_240,logistic_poly2,hawkes_lambda_total stoch_k_60s,-0.11446171755884586
ETH_S15_150_240,logistic_poly2,hawkes_lambda_total stoch_d_60s,-0.014450479726739187
ETH_S15_150_240,logistic_poly2,hawkes_lambda_total cci_60s,-0.12269438495999699
ETH_S15_150_240,logistic_poly2,hawkes_lambda_total bb_pos_60s,-0.07973906778670099
ETH_S15_150_240,logistic_poly2,hawkes_lambda_total bb_width_60s,-0.19356466758348725
ETH_S15_150_240,logistic_poly2,hawkes_lambda_total ofi_skew_l1_30s,0.16953372625620383
ETH_S15_150_240,logistic_poly2,hawkes_lambda_total mlofi_skew_l5_30s,0.10894011855353855
ETH_S15_150_240,logistic_poly2,hawkes_lambda_total mlofi_skew_l5_60s,0.07413173735268276
ETH_S15_150_240,logistic_poly2,hawkes_lambda_total mlofi_skew_l25_30s,0.1701291519199142
ETH_S15_150_240,logistic_poly2,hawkes_lambda_total rsi_14,0.012682956554702082
ETH_S15_150_240,logistic_poly2,hawkes_lambda_total cvd,-0.04619178019738137
ETH_S15_150_240,logistic_poly2,hawkes_lambda_total vpin_value,-0.11827338625889947
ETH_S15_150_240,logistic_poly2,hawkes_lambda_total vpin_zscore,-0.08591903197190956
ETH_S15_150_240,logistic_poly2,hawkes_lambda_total as_uncertainty,0.018836921460826397
ETH_S15_150_240,logistic_poly2,hawkes_lambda_total as_skew,-0.026978149060321685
ETH_S15_150_240,logistic_poly2,rv_ratio_60_to_3600 hurst_300s,0.044566485483498154
ETH_S15_150_240,logistic_poly2,rv_ratio_60_to_3600 hurst_100s,-0.013069671968029828
ETH_S15_150_240,logistic_poly2,rv_ratio_60_to_3600 hurst_900s,-0.23847861245487204
ETH_S15_150_240,logistic_poly2,rv_ratio_60_to_3600 trend_slope_30m,-0.045780856226077034
ETH_S15_150_240,logistic_poly2,rv_ratio_60_to_3600 rv_60s,0.1617632667549246
ETH_S15_150_240,logistic_poly2,rv_ratio_60_to_3600 rv_300s,-0.13388711555949245
ETH_S15_150_240,logistic_poly2,rv_ratio_60_to_3600 up_imb5,0.05494026699438863
ETH_S15_150_240,logistic_poly2,rv_ratio_60_to_3600 dn_imb5,-0.04221745192461981
ETH_S15_150_240,logistic_poly2,rv_ratio_60_to_3600 up_imb25,-0.034955106517201476
ETH_S15_150_240,logistic_poly2,rv_ratio_60_to_3600 dn_imb25,0.0370385806352685
ETH_S15_150_240,logistic_poly2,rv_ratio_60_to_3600 up_queue_top_bid,-0.16686811657595493
ETH_S15_150_240,logistic_poly2,rv_ratio_60_to_3600 up_micro_dev_bps,0.034896924671031525
ETH_S15_150_240,logistic_poly2,rv_ratio_60_to_3600 dn_micro_dev_bps,-0.04553745939365767
ETH_S15_150_240,logistic_poly2,rv_ratio_60_to_3600 up_bid_slope,-0.008746560652283065
ETH_S15_150_240,logistic_poly2,rv_ratio_60_to_3600 up_ask_slope,0.06806918984209862
ETH_S15_150_240,logistic_poly2,rv_ratio_60_to_3600 dn_bid_slope,-0.079320657074485
ETH_S15_150_240,logistic_poly2,rv_ratio_60_to_3600 dn_ask_slope,0.01590608458398066
ETH_S15_150_240,logistic_poly2,rv_ratio_60_to_3600 up_imb5_change_500ms,-0.006298096380129692
ETH_S15_150_240,logistic_poly2,rv_ratio_60_to_3600 up_quote_intensity_5s,-0.13484540342560417
ETH_S15_150_240,logistic_poly2,rv_ratio_60_to_3600 ribbon_alignment_pct,0.13665545576351298
ETH_S15_150_240,logistic_poly2,rv_ratio_60_to_3600 ribbon_compression_bps,0.1100954013201747
ETH_S15_150_240,logistic_poly2,rv_ratio_60_to_3600 adx_14,0.008335299667054822
ETH_S15_150_240,logistic_poly2,rv_ratio_60_to_3600 plus_di_14,0.1240029072418344
ETH_S15_150_240,logistic_poly2,rv_ratio_60_to_3600 minus_di_14,-0.11498073894996728
ETH_S15_150_240,logistic_poly2,rv_ratio_60_to_3600 vwap_since_open_bps,0.22723624466389178
ETH_S15_150_240,logistic_poly2,rv_ratio_60_to_3600 mfi_60s,0.0472409664992468
ETH_S15_150_240,logistic_poly2,rv_ratio_60_to_3600 stoch_k_60s,-0.002823843215206636
ETH_S15_150_240,logistic_poly2,rv_ratio_60_to_3600 stoch_d_60s,0.03819901551590813
ETH_S15_150_240,logistic_poly2,rv_ratio_60_to_3600 cci_60s,-0.021316580865177022
ETH_S15_150_240,logistic_poly2,rv_ratio_60_to_3600 bb_pos_60s,-0.14195394852043725
ETH_S15_150_240,logistic_poly2,rv_ratio_60_to_3600 bb_width_60s,-0.0003943723915061311
ETH_S15_150_240,logistic_poly2,rv_ratio_60_to_3600 ofi_skew_l1_30s,0.005731566433048191
ETH_S15_150_240,logistic_poly2,rv_ratio_60_to_3600 mlofi_skew_l5_30s,-0.11267897054623277
ETH_S15_150_240,logistic_poly2,rv_ratio_60_to_3600 mlofi_skew_l5_60s,-0.1326904121224924
ETH_S15_150_240,logistic_poly2,rv_ratio_60_to_3600 mlofi_skew_l25_30s,0.17997497524564607
ETH_S15_150_240,logistic_poly2,rv_ratio_60_to_3600 rsi_14,-0.0854182376597441
ETH_S15_150_240,logistic_poly2,rv_ratio_60_to_3600 cvd,-0.0634574416733184
ETH_S15_150_240,logistic_poly2,rv_ratio_60_to_3600 vpin_value,0.188978035517376
ETH_S15_150_240,logistic_poly2,rv_ratio_60_to_3600 vpin_zscore,0.06307383694493762
ETH_S15_150_240,logistic_poly2,rv_ratio_60_to_3600 as_uncertainty,-0.09206144398816736
ETH_S15_150_240,logistic_poly2,rv_ratio_60_to_3600 as_skew,0.08417366237650735
ETH_S15_150_240,logistic_poly2,hurst_300s hurst_100s,-0.15569639715347508
ETH_S15_150_240,logistic_poly2,hurst_300s hurst_900s,0.06659464187260107
ETH_S15_150_240,logistic_poly2,hurst_300s trend_slope_30m,0.09906514489773455
ETH_S15_150_240,logistic_poly2,hurst_300s rv_60s,0.2119781177320603
ETH_S15_150_240,logistic_poly2,hurst_300s rv_300s,-0.07759634556169247
ETH_S15_150_240,logistic_poly2,hurst_300s up_imb5,0.0290087693157652
ETH_S15_150_240,logistic_poly2,hurst_300s dn_imb5,0.025662990170634503
ETH_S15_150_240,logistic_poly2,hurst_300s up_imb25,-0.000434101465284944
ETH_S15_150_240,logistic_poly2,hurst_300s dn_imb25,0.0482687746361106
ETH_S15_150_240,logistic_poly2,hurst_300s up_queue_top_bid,0.08852101437620882
ETH_S15_150_240,logistic_poly2,hurst_300s up_micro_dev_bps,0.02658676226379142
ETH_S15_150_240,logistic_poly2,hurst_300s dn_micro_dev_bps,0.08248455102532308
ETH_S15_150_240,logistic_poly2,hurst_300s up_bid_slope,0.01545532133974418
ETH_S15_150_240,logistic_poly2,hurst_300s up_ask_slope,0.1233247070474286
ETH_S15_150_240,logistic_poly2,hurst_300s dn_bid_slope,-0.0739943688665969
ETH_S15_150_240,logistic_poly2,hurst_300s dn_ask_slope,-0.02024472768938823
ETH_S15_150_240,logistic_poly2,hurst_300s up_imb5_change_500ms,0.11146207925505541
ETH_S15_150_240,logistic_poly2,hurst_300s up_quote_intensity_5s,0.010473394638376321
ETH_S15_150_240,logistic_poly2,hurst_300s ribbon_alignment_pct,-0.032639052550010525
ETH_S15_150_240,logistic_poly2,hurst_300s ribbon_compression_bps,-0.049596270999165464
ETH_S15_150_240,logistic_poly2,hurst_300s adx_14,0.2654845937232703
ETH_S15_150_240,logistic_poly2,hurst_300s plus_di_14,-0.16544753066462334
ETH_S15_150_240,logistic_poly2,hurst_300s minus_di_14,-0.1529461468946157
ETH_S15_150_240,logistic_poly2,hurst_300s vwap_since_open_bps,-0.01804400645189633
ETH_S15_150_240,logistic_poly2,hurst_300s mfi_60s,0.1772355485652318
ETH_S15_150_240,logistic_poly2,hurst_300s stoch_k_60s,0.09778875991746802
ETH_S15_150_240,logistic_poly2,hurst_300s stoch_d_60s,0.016190352756717517
ETH_S15_150_240,logistic_poly2,hurst_300s cci_60s,0.027897530363329138
ETH_S15_150_240,logistic_poly2,hurst_300s bb_pos_60s,-0.054338709959972725
ETH_S15_150_240,logistic_poly2,hurst_300s bb_width_60s,-0.058807700883279065
ETH_S15_150_240,logistic_poly2,hurst_300s ofi_skew_l1_30s,0.05381789084278305
ETH_S15_150_240,logistic_poly2,hurst_300s mlofi_skew_l5_30s,0.08727985505188186
ETH_S15_150_240,logistic_poly2,hurst_300s mlofi_skew_l5_60s,-0.0441120795835241
ETH_S15_150_240,logistic_poly2,hurst_300s mlofi_skew_l25_30s,-0.06066788943082424
ETH_S15_150_240,logistic_poly2,hurst_300s rsi_14,-0.06769491155437214
ETH_S15_150_240,logistic_poly2,hurst_300s cvd,-0.34098498557090273
ETH_S15_150_240,logistic_poly2,hurst_300s vpin_value,0.15964115266819637
ETH_S15_150_240,logistic_poly2,hurst_300s vpin_zscore,0.013025723661960226
ETH_S15_150_240,logistic_poly2,hurst_300s as_uncertainty,-0.12852024357871294
ETH_S15_150_240,logistic_poly2,hurst_300s as_skew,-0.1089029109246597
ETH_S15_150_240,logistic_poly2,hurst_100s hurst_900s,0.23662248739036873
ETH_S15_150_240,logistic_poly2,hurst_100s trend_slope_30m,-0.09008642981755062
ETH_S15_150_240,logistic_poly2,hurst_100s rv_60s,0.02232726534270553
ETH_S15_150_240,logistic_poly2,hurst_100s rv_300s,-0.018680938770484747
ETH_S15_150_240,logistic_poly2,hurst_100s up_imb5,-0.06560212613513355
ETH_S15_150_240,logistic_poly2,hurst_100s dn_imb5,0.039292779746596174
ETH_S15_150_240,logistic_poly2,hurst_100s up_imb25,-0.14286304964612775
ETH_S15_150_240,logistic_poly2,hurst_100s dn_imb25,0.11585299897705423
ETH_S15_150_240,logistic_poly2,hurst_100s up_queue_top_bid,-0.021730101507357547
ETH_S15_150_240,logistic_poly2,hurst_100s up_micro_dev_bps,-0.06129360454896262
ETH_S15_150_240,logistic_poly2,hurst_100s dn_micro_dev_bps,0.010877915591877323
ETH_S15_150_240,logistic_poly2,hurst_100s up_bid_slope,0.005302145060523231
ETH_S15_150_240,logistic_poly2,hurst_100s up_ask_slope,0.029252522918895255
ETH_S15_150_240,logistic_poly2,hurst_100s dn_bid_slope,-0.04772507398637104
ETH_S15_150_240,logistic_poly2,hurst_100s dn_ask_slope,-0.012273683909205408
ETH_S15_150_240,logistic_poly2,hurst_100s up_imb5_change_500ms,0.15462065947920878
ETH_S15_150_240,logistic_poly2,hurst_100s up_quote_intensity_5s,-0.10133083716352485
ETH_S15_150_240,logistic_poly2,hurst_100s ribbon_alignment_pct,-0.12547156299412904
ETH_S15_150_240,logistic_poly2,hurst_100s ribbon_compression_bps,-0.006430833389497196
ETH_S15_150_240,logistic_poly2,hurst_100s adx_14,-0.018507197032403305
ETH_S15_150_240,logistic_poly2,hurst_100s plus_di_14,-0.010802100531916669
ETH_S15_150_240,logistic_poly2,hurst_100s minus_di_14,-0.23023116560721732
ETH_S15_150_240,logistic_poly2,hurst_100s vwap_since_open_bps,0.04248945925391775
ETH_S15_150_240,logistic_poly2,hurst_100s mfi_60s,-0.037440670725010484
ETH_S15_150_240,logistic_poly2,hurst_100s stoch_k_60s,0.12118913970863052
ETH_S15_150_240,logistic_poly2,hurst_100s stoch_d_60s,0.13132355812676902
ETH_S15_150_240,logistic_poly2,hurst_100s cci_60s,-0.04265257297717729
ETH_S15_150_240,logistic_poly2,hurst_100s bb_pos_60s,-0.004432512761064857
ETH_S15_150_240,logistic_poly2,hurst_100s bb_width_60s,-0.018623886543852927
ETH_S15_150_240,logistic_poly2,hurst_100s ofi_skew_l1_30s,0.09397406524154231
ETH_S15_150_240,logistic_poly2,hurst_100s mlofi_skew_l5_30s,0.15936325765093504
ETH_S15_150_240,logistic_poly2,hurst_100s mlofi_skew_l5_60s,-0.04816470095931839
ETH_S15_150_240,logistic_poly2,hurst_100s mlofi_skew_l25_30s,-0.0069285356775022604
ETH_S15_150_240,logistic_poly2,hurst_100s rsi_14,-0.03462694002402963
ETH_S15_150_240,logistic_poly2,hurst_100s cvd,-0.05589755875917926
ETH_S15_150_240,logistic_poly2,hurst_100s vpin_value,0.15501147220312958
ETH_S15_150_240,logistic_poly2,hurst_100s vpin_zscore,0.03078820349743301
ETH_S15_150_240,logistic_poly2,hurst_100s as_uncertainty,0.030326379443935122
ETH_S15_150_240,logistic_poly2,hurst_100s as_skew,-0.07780777521749847
ETH_S15_150_240,logistic_poly2,hurst_900s trend_slope_30m,-0.11105307842052038
ETH_S15_150_240,logistic_poly2,hurst_900s rv_60s,0.3269361269526263
ETH_S15_150_240,logistic_poly2,hurst_900s rv_300s,-0.009440123969935835
ETH_S15_150_240,logistic_poly2,hurst_900s up_imb5,0.07314814000423994
ETH_S15_150_240,logistic_poly2,hurst_900s dn_imb5,-0.028262961216572836
ETH_S15_150_240,logistic_poly2,hurst_900s up_imb25,-0.10917186425940338
ETH_S15_150_240,logistic_poly2,hurst_900s dn_imb25,0.125764249341752
ETH_S15_150_240,logistic_poly2,hurst_900s up_queue_top_bid,-0.07188635201314435
ETH_S15_150_240,logistic_poly2,hurst_900s up_micro_dev_bps,-0.041361445073090496
ETH_S15_150_240,logistic_poly2,hurst_900s dn_micro_dev_bps,0.12574085264333232
ETH_S15_150_240,logistic_poly2,hurst_900s up_bid_slope,-0.02916279551469908
ETH_S15_150_240,logistic_poly2,hurst_900s up_ask_slope,0.10953928320746056
ETH_S15_150_240,logistic_poly2,hurst_900s dn_bid_slope,-0.09278839274667293
ETH_S15_150_240,logistic_poly2,hurst_900s dn_ask_slope,0.02165019495219986
ETH_S15_150_240,logistic_poly2,hurst_900s up_imb5_change_500ms,-0.003499271514291905
ETH_S15_150_240,logistic_poly2,hurst_900s up_quote_intensity_5s,0.017215197908995297
ETH_S15_150_240,logistic_poly2,hurst_900s ribbon_alignment_pct,-0.031950904192745044
ETH_S15_150_240,logistic_poly2,hurst_900s ribbon_compression_bps,-0.03447441652780462
ETH_S15_150_240,logistic_poly2,hurst_900s adx_14,-0.1643206486448188
ETH_S15_150_240,logistic_poly2,hurst_900s plus_di_14,0.03437852217384414
ETH_S15_150_240,logistic_poly2,hurst_900s minus_di_14,0.018958574255018214
ETH_S15_150_240,logistic_poly2,hurst_900s vwap_since_open_bps,0.20997963228327074
ETH_S15_150_240,logistic_poly2,hurst_900s mfi_60s,-0.09300121040560157
ETH_S15_150_240,logistic_poly2,hurst_900s stoch_k_60s,-0.0644477153299067
ETH_S15_150_240,logistic_poly2,hurst_900s stoch_d_60s,-0.009520094612139257
ETH_S15_150_240,logistic_poly2,hurst_900s cci_60s,-0.07775885508911558
ETH_S15_150_240,logistic_poly2,hurst_900s bb_pos_60s,0.16761843294010376
ETH_S15_150_240,logistic_poly2,hurst_900s bb_width_60s,-0.10326666598574338
ETH_S15_150_240,logistic_poly2,hurst_900s ofi_skew_l1_30s,-0.009741737260256006
ETH_S15_150_240,logistic_poly2,hurst_900s mlofi_skew_l5_30s,0.06539592007313313
ETH_S15_150_240,logistic_poly2,hurst_900s mlofi_skew_l5_60s,0.17677640196367891
ETH_S15_150_240,logistic_poly2,hurst_900s mlofi_skew_l25_30s,0.136881650375233
ETH_S15_150_240,logistic_poly2,hurst_900s rsi_14,-0.06413330452039666
ETH_S15_150_240,logistic_poly2,hurst_900s cvd,-0.06609905927635584
ETH_S15_150_240,logistic_poly2,hurst_900s vpin_value,-0.02717653744131767
ETH_S15_150_240,logistic_poly2,hurst_900s vpin_zscore,0.028652426668443837
ETH_S15_150_240,logistic_poly2,hurst_900s as_uncertainty,-0.07540587866514509
ETH_S15_150_240,logistic_poly2,hurst_900s as_skew,-0.058107702891225174
ETH_S15_150_240,logistic_poly2,trend_slope_30m rv_60s,0.18174814589966617
ETH_S15_150_240,logistic_poly2,trend_slope_30m rv_300s,0.02282136985425095
ETH_S15_150_240,logistic_poly2,trend_slope_30m up_imb5,-0.041988619660988435
ETH_S15_150_240,logistic_poly2,trend_slope_30m dn_imb5,0.07586695385152366
ETH_S15_150_240,logistic_poly2,trend_slope_30m up_imb25,-0.023803561072817326
ETH_S15_150_240,logistic_poly2,trend_slope_30m dn_imb25,0.05783936803596729
ETH_S15_150_240,logistic_poly2,trend_slope_30m up_queue_top_bid,0.10376440972913531
ETH_S15_150_240,logistic_poly2,trend_slope_30m up_micro_dev_bps,0.09375242486846093
ETH_S15_150_240,logistic_poly2,trend_slope_30m dn_micro_dev_bps,0.046962358037290396
ETH_S15_150_240,logistic_poly2,trend_slope_30m up_bid_slope,-0.10337715126514574
ETH_S15_150_240,logistic_poly2,trend_slope_30m up_ask_slope,-0.10657309659332455
ETH_S15_150_240,logistic_poly2,trend_slope_30m dn_bid_slope,0.14124830010781853
ETH_S15_150_240,logistic_poly2,trend_slope_30m dn_ask_slope,0.10650893476987994
ETH_S15_150_240,logistic_poly2,trend_slope_30m up_imb5_change_500ms,-0.04985481710981697
ETH_S15_150_240,logistic_poly2,trend_slope_30m up_quote_intensity_5s,0.12121584221363957
ETH_S15_150_240,logistic_poly2,trend_slope_30m ribbon_alignment_pct,-0.0670347255880689
ETH_S15_150_240,logistic_poly2,trend_slope_30m ribbon_compression_bps,-0.021807990104754548
ETH_S15_150_240,logistic_poly2,trend_slope_30m adx_14,0.10162076984352988
ETH_S15_150_240,logistic_poly2,trend_slope_30m plus_di_14,-0.13850912139012078
ETH_S15_150_240,logistic_poly2,trend_slope_30m minus_di_14,-0.23755636882529452
ETH_S15_150_240,logistic_poly2,trend_slope_30m vwap_since_open_bps,-0.1397014600407379
ETH_S15_150_240,logistic_poly2,trend_slope_30m mfi_60s,0.14209261772851164
ETH_S15_150_240,logistic_poly2,trend_slope_30m stoch_k_60s,0.12900200908501355
ETH_S15_150_240,logistic_poly2,trend_slope_30m stoch_d_60s,0.049497287004800335
ETH_S15_150_240,logistic_poly2,trend_slope_30m cci_60s,-0.03736012705239526
ETH_S15_150_240,logistic_poly2,trend_slope_30m bb_pos_60s,-0.005654785392691897
ETH_S15_150_240,logistic_poly2,trend_slope_30m bb_width_60s,0.05584068945159903
ETH_S15_150_240,logistic_poly2,trend_slope_30m ofi_skew_l1_30s,0.05973775668164776
ETH_S15_150_240,logistic_poly2,trend_slope_30m mlofi_skew_l5_30s,-0.16445444818351607
ETH_S15_150_240,logistic_poly2,trend_slope_30m mlofi_skew_l5_60s,-0.08511960390670488
ETH_S15_150_240,logistic_poly2,trend_slope_30m mlofi_skew_l25_30s,0.0625263715739782
ETH_S15_150_240,logistic_poly2,trend_slope_30m rsi_14,-0.14015995778313944
ETH_S15_150_240,logistic_poly2,trend_slope_30m cvd,0.1304977529968297
ETH_S15_150_240,logistic_poly2,trend_slope_30m vpin_value,-0.05387747388743778
ETH_S15_150_240,logistic_poly2,trend_slope_30m vpin_zscore,0.035397940332988605
ETH_S15_150_240,logistic_poly2,trend_slope_30m as_uncertainty,0.16179277650699525
ETH_S15_150_240,logistic_poly2,trend_slope_30m as_skew,0.10777965672516236
ETH_S15_150_240,logistic_poly2,rv_60s rv_300s,0.08168244504194967
ETH_S15_150_240,logistic_poly2,rv_60s up_imb5,0.01763612861860479
ETH_S15_150_240,logistic_poly2,rv_60s dn_imb5,-0.029899176439672572
ETH_S15_150_240,logistic_poly2,rv_60s up_imb25,0.06752699816446128
ETH_S15_150_240,logistic_poly2,rv_60s dn_imb25,-0.08238875168260089
ETH_S15_150_240,logistic_poly2,rv_60s up_queue_top_bid,0.05103604312782024
ETH_S15_150_240,logistic_poly2,rv_60s up_micro_dev_bps,-0.016730880766638735
ETH_S15_150_240,logistic_poly2,rv_60s dn_micro_dev_bps,-0.018663052427046
ETH_S15_150_240,logistic_poly2,rv_60s up_bid_slope,0.2063764784903736
ETH_S15_150_240,logistic_poly2,rv_60s up_ask_slope,-0.10292506096786512
ETH_S15_150_240,logistic_poly2,rv_60s dn_bid_slope,0.08092128665941309
ETH_S15_150_240,logistic_poly2,rv_60s dn_ask_slope,-0.20326850746573466
ETH_S15_150_240,logistic_poly2,rv_60s up_imb5_change_500ms,0.03974307443510137
ETH_S15_150_240,logistic_poly2,rv_60s up_quote_intensity_5s,-0.12920222506013992
ETH_S15_150_240,logistic_poly2,rv_60s ribbon_alignment_pct,0.14299716660477937
ETH_S15_150_240,logistic_poly2,rv_60s ribbon_compression_bps,0.012195151678968163
ETH_S15_150_240,logistic_poly2,rv_60s adx_14,0.1273919566252374
ETH_S15_150_240,logistic_poly2,rv_60s plus_di_14,-0.018240439039048383
ETH_S15_150_240,logistic_poly2,rv_60s minus_di_14,0.017519601847012022
ETH_S15_150_240,logistic_poly2,rv_60s vwap_since_open_bps,-0.0010243754937898615
ETH_S15_150_240,logistic_poly2,rv_60s mfi_60s,0.021746392399520784
ETH_S15_150_240,logistic_poly2,rv_60s stoch_k_60s,0.09535766528387905
ETH_S15_150_240,logistic_poly2,rv_60s stoch_d_60s,0.12490398296882327
ETH_S15_150_240,logistic_poly2,rv_60s cci_60s,0.11433976115728942
ETH_S15_150_240,logistic_poly2,rv_60s bb_pos_60s,0.0693842277371633
ETH_S15_150_240,logistic_poly2,rv_60s bb_width_60s,0.039795230260419194
ETH_S15_150_240,logistic_poly2,rv_60s ofi_skew_l1_30s,0.12279049451125294
ETH_S15_150_240,logistic_poly2,rv_60s mlofi_skew_l5_30s,0.0035942929380838665
ETH_S15_150_240,logistic_poly2,rv_60s mlofi_skew_l5_60s,-0.1766202897391603
ETH_S15_150_240,logistic_poly2,rv_60s mlofi_skew_l25_30s,0.00797595849882628
ETH_S15_150_240,logistic_poly2,rv_60s rsi_14,0.0015468171462836456
ETH_S15_150_240,logistic_poly2,rv_60s cvd,-0.09410884422827495
ETH_S15_150_240,logistic_poly2,rv_60s vpin_value,-0.12473174048269442
ETH_S15_150_240,logistic_poly2,rv_60s vpin_zscore,-0.00198611242901219
ETH_S15_150_240,logistic_poly2,rv_60s as_uncertainty,-0.024630611955542156
ETH_S15_150_240,logistic_poly2,rv_60s as_skew,0.06002514852923762
ETH_S15_150_240,logistic_poly2,rv_300s up_imb5,0.016347715854143238
ETH_S15_150_240,logistic_poly2,rv_300s dn_imb5,-0.020372511329602758
ETH_S15_150_240,logistic_poly2,rv_300s up_imb25,-0.06241235880836321
ETH_S15_150_240,logistic_poly2,rv_300s dn_imb25,0.039085943747849905
ETH_S15_150_240,logistic_poly2,rv_300s up_queue_top_bid,0.03089788399817585
ETH_S15_150_240,logistic_poly2,rv_300s up_micro_dev_bps,-0.016350621521062078
ETH_S15_150_240,logistic_poly2,rv_300s dn_micro_dev_bps,-0.05988264952935341
ETH_S15_150_240,logistic_poly2,rv_300s up_bid_slope,-0.08414081223448279
ETH_S15_150_240,logistic_poly2,rv_300s up_ask_slope,0.05643454475621353
ETH_S15_150_240,logistic_poly2,rv_300s dn_bid_slope,-0.08580355349830479
ETH_S15_150_240,logistic_poly2,rv_300s dn_ask_slope,0.08636649389560729
ETH_S15_150_240,logistic_poly2,rv_300s up_imb5_change_500ms,-0.09269096392373187
ETH_S15_150_240,logistic_poly2,rv_300s up_quote_intensity_5s,0.1374173686528844
ETH_S15_150_240,logistic_poly2,rv_300s ribbon_alignment_pct,0.024812591578925285
ETH_S15_150_240,logistic_poly2,rv_300s ribbon_compression_bps,0.10259490235619763
ETH_S15_150_240,logistic_poly2,rv_300s adx_14,-0.1425527601567764
ETH_S15_150_240,logistic_poly2,rv_300s plus_di_14,-0.2496366156896534
ETH_S15_150_240,logistic_poly2,rv_300s minus_di_14,0.02635974424669594
ETH_S15_150_240,logistic_poly2,rv_300s vwap_since_open_bps,0.08579565088603969
ETH_S15_150_240,logistic_poly2,rv_300s mfi_60s,-0.04021087032829383
ETH_S15_150_240,logistic_poly2,rv_300s stoch_k_60s,-0.04990324302314207
ETH_S15_150_240,logistic_poly2,rv_300s stoch_d_60s,0.044293031576371135
ETH_S15_150_240,logistic_poly2,rv_300s cci_60s,-0.10674294520146052
ETH_S15_150_240,logistic_poly2,rv_300s bb_pos_60s,-0.0906487914032239
ETH_S15_150_240,logistic_poly2,rv_300s bb_width_60s,0.04647995602048353
ETH_S15_150_240,logistic_poly2,rv_300s ofi_skew_l1_30s,0.19747509774473476
ETH_S15_150_240,logistic_poly2,rv_300s mlofi_skew_l5_30s,0.15459392638049105
ETH_S15_150_240,logistic_poly2,rv_300s mlofi_skew_l5_60s,0.026752570278418798
ETH_S15_150_240,logistic_poly2,rv_300s mlofi_skew_l25_30s,0.18189560278548397
ETH_S15_150_240,logistic_poly2,rv_300s rsi_14,-0.278337336015971
ETH_S15_150_240,logistic_poly2,rv_300s cvd,-0.3211606911349173
ETH_S15_150_240,logistic_poly2,rv_300s vpin_value,0.02994606437646743
ETH_S15_150_240,logistic_poly2,rv_300s vpin_zscore,0.04492160016728903
ETH_S15_150_240,logistic_poly2,rv_300s as_uncertainty,0.17009312932742984
ETH_S15_150_240,logistic_poly2,rv_300s as_skew,0.03239362694215049
ETH_S15_150_240,logistic_poly2,up_imb5 dn_imb5,0.036685625976547745
ETH_S15_150_240,logistic_poly2,up_imb5 up_imb25,0.00035820303629940464
ETH_S15_150_240,logistic_poly2,up_imb5 dn_imb25,-0.008730742529778
ETH_S15_150_240,logistic_poly2,up_imb5 up_queue_top_bid,-0.05048847549465371
ETH_S15_150_240,logistic_poly2,up_imb5 up_micro_dev_bps,0.001047143670313801
ETH_S15_150_240,logistic_poly2,up_imb5 dn_micro_dev_bps,0.009573454071533557
ETH_S15_150_240,logistic_poly2,up_imb5 up_bid_slope,-0.015706030473529482
ETH_S15_150_240,logistic_poly2,up_imb5 up_ask_slope,-0.013286189344378163
ETH_S15_150_240,logistic_poly2,up_imb5 dn_bid_slope,0.008044190810372668
ETH_S15_150_240,logistic_poly2,up_imb5 dn_ask_slope,0.021176874908364486
ETH_S15_150_240,logistic_poly2,up_imb5 up_imb5_change_500ms,0.07461131442797352
ETH_S15_150_240,logistic_poly2,up_imb5 up_quote_intensity_5s,-0.00036883390773684527
ETH_S15_150_240,logistic_poly2,up_imb5 ribbon_alignment_pct,0.026133512862361243
ETH_S15_150_240,logistic_poly2,up_imb5 ribbon_compression_bps,-0.025028926573614333
ETH_S15_150_240,logistic_poly2,up_imb5 adx_14,0.03720776191586201
ETH_S15_150_240,logistic_poly2,up_imb5 plus_di_14,-0.015629469494131694
ETH_S15_150_240,logistic_poly2,up_imb5 minus_di_14,-0.011498095994908064
ETH_S15_150_240,logistic_poly2,up_imb5 vwap_since_open_bps,-0.0028465803856136266
ETH_S15_150_240,logistic_poly2,up_imb5 mfi_60s,-0.06913756746065464
ETH_S15_150_240,logistic_poly2,up_imb5 stoch_k_60s,-0.08524980184788836
ETH_S15_150_240,logistic_poly2,up_imb5 stoch_d_60s,-0.020817141318004478
ETH_S15_150_240,logistic_poly2,up_imb5 cci_60s,-0.10513493040039266
ETH_S15_150_240,logistic_poly2,up_imb5 bb_pos_60s,0.1285122544052885
ETH_S15_150_240,logistic_poly2,up_imb5 bb_width_60s,0.049649156183880806
ETH_S15_150_240,logistic_poly2,up_imb5 ofi_skew_l1_30s,0.11356883895950687
ETH_S15_150_240,logistic_poly2,up_imb5 mlofi_skew_l5_30s,-0.02209915767795685
ETH_S15_150_240,logistic_poly2,up_imb5 mlofi_skew_l5_60s,0.036833847639138766
ETH_S15_150_240,logistic_poly2,up_imb5 mlofi_skew_l25_30s,-0.0024426476545833828
ETH_S15_150_240,logistic_poly2,up_imb5 rsi_14,-0.10423866815636541
ETH_S15_150_240,logistic_poly2,up_imb5 cvd,0.1643471554037535
ETH_S15_150_240,logistic_poly2,up_imb5 vpin_value,-0.12793224420206215
ETH_S15_150_240,logistic_poly2,up_imb5 vpin_zscore,-0.03299932903828417
ETH_S15_150_240,logistic_poly2,up_imb5 as_uncertainty,0.0945158017669687
ETH_S15_150_240,logistic_poly2,up_imb5 as_skew,-0.02928435471006128
ETH_S15_150_240,logistic_poly2,dn_imb5 up_imb25,0.010628053530310797
ETH_S15_150_240,logistic_poly2,dn_imb5 dn_imb25,-0.009137914851334092
ETH_S15_150_240,logistic_poly2,dn_imb5 up_queue_top_bid,0.06888368016515954
ETH_S15_150_240,logistic_poly2,dn_imb5 up_micro_dev_bps,-0.008871677182501344
ETH_S15_150_240,logistic_poly2,dn_imb5 dn_micro_dev_bps,-0.009200796726424897
ETH_S15_150_240,logistic_poly2,dn_imb5 up_bid_slope,-0.045721871686920046
ETH_S15_150_240,logistic_poly2,dn_imb5 up_ask_slope,0.052387443284658684
ETH_S15_150_240,logistic_poly2,dn_imb5 dn_bid_slope,-0.0591572404343636
ETH_S15_150_240,logistic_poly2,dn_imb5 dn_ask_slope,0.040218357117494954
ETH_S15_150_240,logistic_poly2,dn_imb5 up_imb5_change_500ms,-0.08873498586225885
ETH_S15_150_240,logistic_poly2,dn_imb5 up_quote_intensity_5s,-0.03311251821931328
ETH_S15_150_240,logistic_poly2,dn_imb5 ribbon_alignment_pct,0.030659278077380166
ETH_S15_150_240,logistic_poly2,dn_imb5 ribbon_compression_bps,-0.008230676306138406
ETH_S15_150_240,logistic_poly2,dn_imb5 adx_14,0.009579570561842504
ETH_S15_150_240,logistic_poly2,dn_imb5 plus_di_14,0.006071245002924034
ETH_S15_150_240,logistic_poly2,dn_imb5 minus_di_14,0.015889768225180994
ETH_S15_150_240,logistic_poly2,dn_imb5 vwap_since_open_bps,-0.002438982835530836
ETH_S15_150_240,logistic_poly2,dn_imb5 mfi_60s,0.057542940470975565
ETH_S15_150_240,logistic_poly2,dn_imb5 stoch_k_60s,0.056678875114100316
ETH_S15_150_240,logistic_poly2,dn_imb5 stoch_d_60s,-0.016933728806394557
ETH_S15_150_240,logistic_poly2,dn_imb5 cci_60s,0.09009559825905489
ETH_S15_150_240,logistic_poly2,dn_imb5 bb_pos_60s,-0.15419024801946055
ETH_S15_150_240,logistic_poly2,dn_imb5 bb_width_60s,-0.08393620641012886
ETH_S15_150_240,logistic_poly2,dn_imb5 ofi_skew_l1_30s,-0.09904957356396704
ETH_S15_150_240,logistic_poly2,dn_imb5 mlofi_skew_l5_30s,0.03393149265595267
ETH_S15_150_240,logistic_poly2,dn_imb5 mlofi_skew_l5_60s,-0.014693929029113581
ETH_S15_150_240,logistic_poly2,dn_imb5 mlofi_skew_l25_30s,-0.003953640104398212
ETH_S15_150_240,logistic_poly2,dn_imb5 rsi_14,0.10969315601126126
ETH_S15_150_240,logistic_poly2,dn_imb5 cvd,-0.11654846880766004
ETH_S15_150_240,logistic_poly2,dn_imb5 vpin_value,0.0996391185370467
ETH_S15_150_240,logistic_poly2,dn_imb5 vpin_zscore,-0.020434792369577667
ETH_S15_150_240,logistic_poly2,dn_imb5 as_uncertainty,-0.09424379755331837
ETH_S15_150_240,logistic_poly2,dn_imb5 as_skew,0.03285440921368179
ETH_S15_150_240,logistic_poly2,up_imb25 dn_imb25,-0.15747796084196103
ETH_S15_150_240,logistic_poly2,up_imb25 up_queue_top_bid,0.2218137188857347
ETH_S15_150_240,logistic_poly2,up_imb25 up_micro_dev_bps,-0.13727875242485543
ETH_S15_150_240,logistic_poly2,up_imb25 dn_micro_dev_bps,0.0283776374794427
ETH_S15_150_240,logistic_poly2,up_imb25 up_bid_slope,0.026263478274160652
ETH_S15_150_240,logistic_poly2,up_imb25 up_ask_slope,-0.09775720058818764
ETH_S15_150_240,logistic_poly2,up_imb25 dn_bid_slope,0.10211973365217109
ETH_S15_150_240,logistic_poly2,up_imb25 dn_ask_slope,-0.024167644468865802
ETH_S15_150_240,logistic_poly2,up_imb25 up_imb5_change_500ms,-0.08359453178689273
ETH_S15_150_240,logistic_poly2,up_imb25 up_quote_intensity_5s,-0.010445279194367598
ETH_S15_150_240,logistic_poly2,up_imb25 ribbon_alignment_pct,-0.028824694292560234
ETH_S15_150_240,logistic_poly2,up_imb25 ribbon_compression_bps,-0.00236961464662773
ETH_S15_150_240,logistic_poly2,up_imb25 adx_14,-0.06647533884255442
ETH_S15_150_240,logistic_poly2,up_imb25 plus_di_14,0.11442373370666123
ETH_S15_150_240,logistic_poly2,up_imb25 minus_di_14,0.016185102929170227
ETH_S15_150_240,logistic_poly2,up_imb25 vwap_since_open_bps,0.1350664970991049
ETH_S15_150_240,logistic_poly2,up_imb25 mfi_60s,0.02365039711656109
ETH_S15_150_240,logistic_poly2,up_imb25 stoch_k_60s,-0.013505442163223686
ETH_S15_150_240,logistic_poly2,up_imb25 stoch_d_60s,0.01825958886702442
ETH_S15_150_240,logistic_poly2,up_imb25 cci_60s,0.09913545303202753
ETH_S15_150_240,logistic_poly2,up_imb25 bb_pos_60s,0.0766655192749947
ETH_S15_150_240,logistic_poly2,up_imb25 bb_width_60s,-0.23357561631022467
ETH_S15_150_240,logistic_poly2,up_imb25 ofi_skew_l1_30s,0.031013532876557327
ETH_S15_150_240,logistic_poly2,up_imb25 mlofi_skew_l5_30s,0.14389847392143945
ETH_S15_150_240,logistic_poly2,up_imb25 mlofi_skew_l5_60s,0.02261183024553756
ETH_S15_150_240,logistic_poly2,up_imb25 mlofi_skew_l25_30s,-0.10598291313128956
ETH_S15_150_240,logistic_poly2,up_imb25 rsi_14,-0.010570549708866221
ETH_S15_150_240,logistic_poly2,up_imb25 cvd,0.08823210377248977
ETH_S15_150_240,logistic_poly2,up_imb25 vpin_value,-0.016766186903681958
ETH_S15_150_240,logistic_poly2,up_imb25 vpin_zscore,-0.01178684762318321
ETH_S15_150_240,logistic_poly2,up_imb25 as_uncertainty,-0.0075069804420410495
ETH_S15_150_240,logistic_poly2,up_imb25 as_skew,-0.14027928214687238
ETH_S15_150_240,logistic_poly2,dn_imb25 up_queue_top_bid,-0.2070095707294928
ETH_S15_150_240,logistic_poly2,dn_imb25 up_micro_dev_bps,0.12884258840921867
ETH_S15_150_240,logistic_poly2,dn_imb25 dn_micro_dev_bps,-0.02975757839739461
ETH_S15_150_240,logistic_poly2,dn_imb25 up_bid_slope,-0.05502777833678306
ETH_S15_150_240,logistic_poly2,dn_imb25 up_ask_slope,0.10309258988989446
ETH_S15_150_240,logistic_poly2,dn_imb25 dn_bid_slope,-0.12069343219714199
ETH_S15_150_240,logistic_poly2,dn_imb25 dn_ask_slope,0.054701028038288725
ETH_S15_150_240,logistic_poly2,dn_imb25 up_imb5_change_500ms,0.08235878901034417
ETH_S15_150_240,logistic_poly2,dn_imb25 up_quote_intensity_5s,0.01726476073512424
ETH_S15_150_240,logistic_poly2,dn_imb25 ribbon_alignment_pct,0.041474437965251014
ETH_S15_150_240,logistic_poly2,dn_imb25 ribbon_compression_bps,-0.011636409770485285
ETH_S15_150_240,logistic_poly2,dn_imb25 adx_14,0.11877266645010473
ETH_S15_150_240,logistic_poly2,dn_imb25 plus_di_14,-0.13017420938503366
ETH_S15_150_240,logistic_poly2,dn_imb25 minus_di_14,0.0016182985468458626
ETH_S15_150_240,logistic_poly2,dn_imb25 vwap_since_open_bps,-0.1363221866762916
ETH_S15_150_240,logistic_poly2,dn_imb25 mfi_60s,-0.014105424851606246
ETH_S15_150_240,logistic_poly2,dn_imb25 stoch_k_60s,0.009197790783684478
ETH_S15_150_240,logistic_poly2,dn_imb25 stoch_d_60s,-0.025965456701744372
ETH_S15_150_240,logistic_poly2,dn_imb25 cci_60s,-0.09836995316024738
ETH_S15_150_240,logistic_poly2,dn_imb25 bb_pos_60s,-0.07220404252884498
ETH_S15_150_240,logistic_poly2,dn_imb25 bb_width_60s,0.20592545602249623
ETH_S15_150_240,logistic_poly2,dn_imb25 ofi_skew_l1_30s,-0.0176391501753389
ETH_S15_150_240,logistic_poly2,dn_imb25 mlofi_skew_l5_30s,-0.13608642396018122
ETH_S15_150_240,logistic_poly2,dn_imb25 mlofi_skew_l5_60s,-0.0038884311952611826
ETH_S15_150_240,logistic_poly2,dn_imb25 mlofi_skew_l25_30s,0.09739975177191011
ETH_S15_150_240,logistic_poly2,dn_imb25 rsi_14,0.029098079913003862
ETH_S15_150_240,logistic_poly2,dn_imb25 cvd,-0.06474292094453396
ETH_S15_150_240,logistic_poly2,dn_imb25 vpin_value,0.007778730892599935
ETH_S15_150_240,logistic_poly2,dn_imb25 vpin_zscore,0.0012794013665544353
ETH_S15_150_240,logistic_poly2,dn_imb25 as_uncertainty,-0.003524290386520081
ETH_S15_150_240,logistic_poly2,dn_imb25 as_skew,0.1403935401484209
ETH_S15_150_240,logistic_poly2,up_queue_top_bid up_micro_dev_bps,0.10142915102382143
ETH_S15_150_240,logistic_poly2,up_queue_top_bid dn_micro_dev_bps,0.022487947732521482
ETH_S15_150_240,logistic_poly2,up_queue_top_bid up_bid_slope,0.04951994620167014
ETH_S15_150_240,logistic_poly2,up_queue_top_bid up_ask_slope,-0.021838943263742038
ETH_S15_150_240,logistic_poly2,up_queue_top_bid dn_bid_slope,0.030548726986866902
ETH_S15_150_240,logistic_poly2,up_queue_top_bid dn_ask_slope,-0.045890551305862136
ETH_S15_150_240,logistic_poly2,up_queue_top_bid up_imb5_change_500ms,-0.056807450859595154
ETH_S15_150_240,logistic_poly2,up_queue_top_bid up_quote_intensity_5s,0.01404970025651838
ETH_S15_150_240,logistic_poly2,up_queue_top_bid ribbon_alignment_pct,-0.06956222632463188
ETH_S15_150_240,logistic_poly2,up_queue_top_bid ribbon_compression_bps,0.10759600048618284
ETH_S15_150_240,logistic_poly2,up_queue_top_bid adx_14,0.021471479543414388
ETH_S15_150_240,logistic_poly2,up_queue_top_bid plus_di_14,-0.018889483207356603
ETH_S15_150_240,logistic_poly2,up_queue_top_bid minus_di_14,0.08678418824582565
ETH_S15_150_240,logistic_poly2,up_queue_top_bid vwap_since_open_bps,0.07342704026589854
ETH_S15_150_240,logistic_poly2,up_queue_top_bid mfi_60s,-0.19950537554193426
ETH_S15_150_240,logistic_poly2,up_queue_top_bid stoch_k_60s,-0.09674552337856988
ETH_S15_150_240,logistic_poly2,up_queue_top_bid stoch_d_60s,-0.0780486751212358
ETH_S15_150_240,logistic_poly2,up_queue_top_bid cci_60s,-0.020832063396119573
ETH_S15_150_240,logistic_poly2,up_queue_top_bid bb_pos_60s,-0.13706582677573598
ETH_S15_150_240,logistic_poly2,up_queue_top_bid bb_width_60s,0.04814653282355888
ETH_S15_150_240,logistic_poly2,up_queue_top_bid ofi_skew_l1_30s,-0.07229998943049601
ETH_S15_150_240,logistic_poly2,up_queue_top_bid mlofi_skew_l5_30s,-0.09740664028291815
ETH_S15_150_240,logistic_poly2,up_queue_top_bid mlofi_skew_l5_60s,-0.11721390107699449
ETH_S15_150_240,logistic_poly2,up_queue_top_bid mlofi_skew_l25_30s,-0.12136235678566008
ETH_S15_150_240,logistic_poly2,up_queue_top_bid rsi_14,0.056930773557932426
ETH_S15_150_240,logistic_poly2,up_queue_top_bid cvd,0.011785892888750142
ETH_S15_150_240,logistic_poly2,up_queue_top_bid vpin_value,0.02380040032092982
ETH_S15_150_240,logistic_poly2,up_queue_top_bid vpin_zscore,0.03885068112811897
ETH_S15_150_240,logistic_poly2,up_queue_top_bid as_uncertainty,-0.010481809570270192
ETH_S15_150_240,logistic_poly2,up_queue_top_bid as_skew,0.029642457809356162
ETH_S15_150_240,logistic_poly2,up_micro_dev_bps dn_micro_dev_bps,0.0013731994526735073
ETH_S15_150_240,logistic_poly2,up_micro_dev_bps up_bid_slope,-0.038482056950555926
ETH_S15_150_240,logistic_poly2,up_micro_dev_bps up_ask_slope,-0.06551819287265279
ETH_S15_150_240,logistic_poly2,up_micro_dev_bps dn_bid_slope,0.05376265650588422
ETH_S15_150_240,logistic_poly2,up_micro_dev_bps dn_ask_slope,0.03910860273102183
ETH_S15_150_240,logistic_poly2,up_micro_dev_bps up_imb5_change_500ms,0.10769131288991708
ETH_S15_150_240,logistic_poly2,up_micro_dev_bps up_quote_intensity_5s,-0.22080529896343568
ETH_S15_150_240,logistic_poly2,up_micro_dev_bps ribbon_alignment_pct,-0.11008934828912861
ETH_S15_150_240,logistic_poly2,up_micro_dev_bps ribbon_compression_bps,0.06016469261662522
ETH_S15_150_240,logistic_poly2,up_micro_dev_bps adx_14,-0.03627750788780168
ETH_S15_150_240,logistic_poly2,up_micro_dev_bps plus_di_14,-0.09768624716155987
ETH_S15_150_240,logistic_poly2,up_micro_dev_bps minus_di_14,0.013119535507849488
ETH_S15_150_240,logistic_poly2,up_micro_dev_bps vwap_since_open_bps,0.06775621771776769
ETH_S15_150_240,logistic_poly2,up_micro_dev_bps mfi_60s,-0.14378468090339655
ETH_S15_150_240,logistic_poly2,up_micro_dev_bps stoch_k_60s,0.09409704453752583
ETH_S15_150_240,logistic_poly2,up_micro_dev_bps stoch_d_60s,0.07459013661403217
ETH_S15_150_240,logistic_poly2,up_micro_dev_bps cci_60s,-0.13802634157389337
ETH_S15_150_240,logistic_poly2,up_micro_dev_bps bb_pos_60s,-0.037791989147770606
ETH_S15_150_240,logistic_poly2,up_micro_dev_bps bb_width_60s,0.0013657704636657636
ETH_S15_150_240,logistic_poly2,up_micro_dev_bps ofi_skew_l1_30s,-0.12575866589528434
ETH_S15_150_240,logistic_poly2,up_micro_dev_bps mlofi_skew_l5_30s,-0.05880762799450901
ETH_S15_150_240,logistic_poly2,up_micro_dev_bps mlofi_skew_l5_60s,-0.020323750241133972
ETH_S15_150_240,logistic_poly2,up_micro_dev_bps mlofi_skew_l25_30s,-0.09973794920533477
ETH_S15_150_240,logistic_poly2,up_micro_dev_bps rsi_14,-0.0352431970980145
ETH_S15_150_240,logistic_poly2,up_micro_dev_bps cvd,-0.0070762215531760785
ETH_S15_150_240,logistic_poly2,up_micro_dev_bps vpin_value,-0.03906260916553653
ETH_S15_150_240,logistic_poly2,up_micro_dev_bps vpin_zscore,-0.10524683416435637
ETH_S15_150_240,logistic_poly2,up_micro_dev_bps as_uncertainty,-0.014827623525035924
ETH_S15_150_240,logistic_poly2,up_micro_dev_bps as_skew,-0.027889121904174263
ETH_S15_150_240,logistic_poly2,dn_micro_dev_bps up_bid_slope,-0.0018658687686432575
ETH_S15_150_240,logistic_poly2,dn_micro_dev_bps up_ask_slope,-0.04825344338074455
ETH_S15_150_240,logistic_poly2,dn_micro_dev_bps dn_bid_slope,0.04779902169844113
ETH_S15_150_240,logistic_poly2,dn_micro_dev_bps dn_ask_slope,0.0004247357510302042
ETH_S15_150_240,logistic_poly2,dn_micro_dev_bps up_imb5_change_500ms,0.03204867528340923
ETH_S15_150_240,logistic_poly2,dn_micro_dev_bps up_quote_intensity_5s,-0.11993962218789071
ETH_S15_150_240,logistic_poly2,dn_micro_dev_bps ribbon_alignment_pct,-0.09086488093457162
ETH_S15_150_240,logistic_poly2,dn_micro_dev_bps ribbon_compression_bps,0.016666024040162795
ETH_S15_150_240,logistic_poly2,dn_micro_dev_bps adx_14,-0.08499405569424531
ETH_S15_150_240,logistic_poly2,dn_micro_dev_bps plus_di_14,-0.06878680512595507
ETH_S15_150_240,logistic_poly2,dn_micro_dev_bps minus_di_14,-0.002634107885484249
ETH_S15_150_240,logistic_poly2,dn_micro_dev_bps vwap_since_open_bps,0.023778505552997306
ETH_S15_150_240,logistic_poly2,dn_micro_dev_bps mfi_60s,-0.09350846500556602
ETH_S15_150_240,logistic_poly2,dn_micro_dev_bps stoch_k_60s,-0.0824543814150897
ETH_S15_150_240,logistic_poly2,dn_micro_dev_bps stoch_d_60s,-0.12136969391792525
ETH_S15_150_240,logistic_poly2,dn_micro_dev_bps cci_60s,0.07451443507560336
ETH_S15_150_240,logistic_poly2,dn_micro_dev_bps bb_pos_60s,0.062218420879709115
ETH_S15_150_240,logistic_poly2,dn_micro_dev_bps bb_width_60s,-0.026197244851748118
ETH_S15_150_240,logistic_poly2,dn_micro_dev_bps ofi_skew_l1_30s,-0.13436910305280642
ETH_S15_150_240,logistic_poly2,dn_micro_dev_bps mlofi_skew_l5_30s,-0.032396683209984366
ETH_S15_150_240,logistic_poly2,dn_micro_dev_bps mlofi_skew_l5_60s,0.005604622702701145
ETH_S15_150_240,logistic_poly2,dn_micro_dev_bps mlofi_skew_l25_30s,-0.11988210605195758
ETH_S15_150_240,logistic_poly2,dn_micro_dev_bps rsi_14,-0.2284135197105615
ETH_S15_150_240,logistic_poly2,dn_micro_dev_bps cvd,-0.01799836552214491
ETH_S15_150_240,logistic_poly2,dn_micro_dev_bps vpin_value,0.031082232572619422
ETH_S15_150_240,logistic_poly2,dn_micro_dev_bps vpin_zscore,0.03869848920731375
ETH_S15_150_240,logistic_poly2,dn_micro_dev_bps as_uncertainty,-0.00487949019072
ETH_S15_150_240,logistic_poly2,dn_micro_dev_bps as_skew,0.004223585380552489
ETH_S15_150_240,logistic_poly2,up_bid_slope up_ask_slope,-0.00670227003555445
ETH_S15_150_240,logistic_poly2,up_bid_slope dn_bid_slope,-0.03469492223584411
ETH_S15_150_240,logistic_poly2,up_bid_slope dn_ask_slope,0.05314085825655573
ETH_S15_150_240,logistic_poly2,up_bid_slope up_imb5_change_500ms,-0.0011051656399494946
ETH_S15_150_240,logistic_poly2,up_bid_slope up_quote_intensity_5s,-0.05164775729931988
ETH_S15_150_240,logistic_poly2,up_bid_slope ribbon_alignment_pct,0.1901142169348151
ETH_S15_150_240,logistic_poly2,up_bid_slope ribbon_compression_bps,0.06931020329404815
ETH_S15_150_240,logistic_poly2,up_bid_slope adx_14,-0.07375873147508255
ETH_S15_150_240,logistic_poly2,up_bid_slope plus_di_14,-0.09271738227390672
ETH_S15_150_240,logistic_poly2,up_bid_slope minus_di_14,-0.12456478444088996
ETH_S15_150_240,logistic_poly2,up_bid_slope vwap_since_open_bps,0.0015561334237677205
ETH_S15_150_240,logistic_poly2,up_bid_slope mfi_60s,0.04769912617489428
ETH_S15_150_240,logistic_poly2,up_bid_slope stoch_k_60s,0.037475656696690424
ETH_S15_150_240,logistic_poly2,up_bid_slope stoch_d_60s,0.031166024647476337
ETH_S15_150_240,logistic_poly2,up_bid_slope cci_60s,-0.11601180836214878
ETH_S15_150_240,logistic_poly2,up_bid_slope bb_pos_60s,0.030249948348756907
ETH_S15_150_240,logistic_poly2,up_bid_slope bb_width_60s,-0.07068560961047272
ETH_S15_150_240,logistic_poly2,up_bid_slope ofi_skew_l1_30s,0.05069206028680653
ETH_S15_150_240,logistic_poly2,up_bid_slope mlofi_skew_l5_30s,0.012670081503048714
ETH_S15_150_240,logistic_poly2,up_bid_slope mlofi_skew_l5_60s,-0.024457284397947508
ETH_S15_150_240,logistic_poly2,up_bid_slope mlofi_skew_l25_30s,0.00020098854606627258
ETH_S15_150_240,logistic_poly2,up_bid_slope rsi_14,0.1074074360275338
ETH_S15_150_240,logistic_poly2,up_bid_slope cvd,-0.0363769061789057
ETH_S15_150_240,logistic_poly2,up_bid_slope vpin_value,-0.04067883122122032
ETH_S15_150_240,logistic_poly2,up_bid_slope vpin_zscore,0.013132601392787085
ETH_S15_150_240,logistic_poly2,up_bid_slope as_uncertainty,0.0751462029598878
ETH_S15_150_240,logistic_poly2,up_bid_slope as_skew,-0.08416899753536204
ETH_S15_150_240,logistic_poly2,up_ask_slope dn_bid_slope,-0.19884276222179245
ETH_S15_150_240,logistic_poly2,up_ask_slope dn_ask_slope,-0.010287007606081843
ETH_S15_150_240,logistic_poly2,up_ask_slope up_imb5_change_500ms,-0.02446930414964576
ETH_S15_150_240,logistic_poly2,up_ask_slope up_quote_intensity_5s,0.019449173551779064
ETH_S15_150_240,logistic_poly2,up_ask_slope ribbon_alignment_pct,-0.14716989312598922
ETH_S15_150_240,logistic_poly2,up_ask_slope ribbon_compression_bps,0.03143319165738502
ETH_S15_150_240,logistic_poly2,up_ask_slope adx_14,0.019039377429472936
ETH_S15_150_240,logistic_poly2,up_ask_slope plus_di_14,-0.12791430679147345
ETH_S15_150_240,logistic_poly2,up_ask_slope minus_di_14,0.05486860061949845
ETH_S15_150_240,logistic_poly2,up_ask_slope vwap_since_open_bps,-0.013294216214183316
ETH_S15_150_240,logistic_poly2,up_ask_slope mfi_60s,-0.023068943980581375
ETH_S15_150_240,logistic_poly2,up_ask_slope stoch_k_60s,-0.017552347282896525
ETH_S15_150_240,logistic_poly2,up_ask_slope stoch_d_60s,-0.05766299865663944
ETH_S15_150_240,logistic_poly2,up_ask_slope cci_60s,-0.10620381375138123
ETH_S15_150_240,logistic_poly2,up_ask_slope bb_pos_60s,-0.00283674181001556
ETH_S15_150_240,logistic_poly2,up_ask_slope bb_width_60s,0.04655922185225209
ETH_S15_150_240,logistic_poly2,up_ask_slope ofi_skew_l1_30s,-0.13919063692136702
ETH_S15_150_240,logistic_poly2,up_ask_slope mlofi_skew_l5_30s,-0.028936822919027147
ETH_S15_150_240,logistic_poly2,up_ask_slope mlofi_skew_l5_60s,-0.13050397648322581
ETH_S15_150_240,logistic_poly2,up_ask_slope mlofi_skew_l25_30s,0.017377349567388393
ETH_S15_150_240,logistic_poly2,up_ask_slope rsi_14,-0.20002298705106983
ETH_S15_150_240,logistic_poly2,up_ask_slope cvd,0.08939338331635853
ETH_S15_150_240,logistic_poly2,up_ask_slope vpin_value,0.004087190373349954
ETH_S15_150_240,logistic_poly2,up_ask_slope vpin_zscore,0.04081276348245714
ETH_S15_150_240,logistic_poly2,up_ask_slope as_uncertainty,-0.052026386365189616
ETH_S15_150_240,logistic_poly2,up_ask_slope as_skew,-0.01056295746092626
ETH_S15_150_240,logistic_poly2,dn_bid_slope dn_ask_slope,0.05169309061430706
ETH_S15_150_240,logistic_poly2,dn_bid_slope up_imb5_change_500ms,0.023121874472288268
ETH_S15_150_240,logistic_poly2,dn_bid_slope up_quote_intensity_5s,-0.01723616642334855
ETH_S15_150_240,logistic_poly2,dn_bid_slope ribbon_alignment_pct,0.17657760694401223
ETH_S15_150_240,logistic_poly2,dn_bid_slope ribbon_compression_bps,-0.05100904862679451
ETH_S15_150_240,logistic_poly2,dn_bid_slope adx_14,0.032150429222371116
ETH_S15_150_240,logistic_poly2,dn_bid_slope plus_di_14,0.11143160182474927
ETH_S15_150_240,logistic_poly2,dn_bid_slope minus_di_14,-0.04024365384741475
ETH_S15_150_240,logistic_poly2,dn_bid_slope vwap_since_open_bps,0.0029446249809370584
ETH_S15_150_240,logistic_poly2,dn_bid_slope mfi_60s,0.04023354713229462
ETH_S15_150_240,logistic_poly2,dn_bid_slope stoch_k_60s,0.022099272655281284
ETH_S15_150_240,logistic_poly2,dn_bid_slope stoch_d_60s,0.056567886683397094
ETH_S15_150_240,logistic_poly2,dn_bid_slope cci_60s,0.11512608491526367
ETH_S15_150_240,logistic_poly2,dn_bid_slope bb_pos_60s,0.017801167537835793
ETH_S15_150_240,logistic_poly2,dn_bid_slope bb_width_60s,-0.07652626765680522
ETH_S15_150_240,logistic_poly2,dn_bid_slope ofi_skew_l1_30s,0.1428232638875501
ETH_S15_150_240,logistic_poly2,dn_bid_slope mlofi_skew_l5_30s,0.02850520049349668
ETH_S15_150_240,logistic_poly2,dn_bid_slope mlofi_skew_l5_60s,0.12901187064477332
ETH_S15_150_240,logistic_poly2,dn_bid_slope mlofi_skew_l25_30s,-0.031082481576875647
ETH_S15_150_240,logistic_poly2,dn_bid_slope rsi_14,0.21800630409503835
ETH_S15_150_240,logistic_poly2,dn_bid_slope cvd,-0.06221140557406617
ETH_S15_150_240,logistic_poly2,dn_bid_slope vpin_value,-0.026579500102616265
ETH_S15_150_240,logistic_poly2,dn_bid_slope vpin_zscore,-0.0702381569431118
ETH_S15_150_240,logistic_poly2,dn_bid_slope as_uncertainty,0.03583439043928535
ETH_S15_150_240,logistic_poly2,dn_bid_slope as_skew,0.00406641925892398
ETH_S15_150_240,logistic_poly2,dn_ask_slope up_imb5_change_500ms,0.00027370577065112414
ETH_S15_150_240,logistic_poly2,dn_ask_slope up_quote_intensity_5s,0.05380265024197161
ETH_S15_150_240,logistic_poly2,dn_ask_slope ribbon_alignment_pct,-0.1987768000694327
ETH_S15_150_240,logistic_poly2,dn_ask_slope ribbon_compression_bps,-0.06178917310101038
ETH_S15_150_240,logistic_poly2,dn_ask_slope adx_14,0.07768488040638438
ETH_S15_150_240,logistic_poly2,dn_ask_slope plus_di_14,0.0955725045577823
ETH_S15_150_240,logistic_poly2,dn_ask_slope minus_di_14,0.12533947597992665
ETH_S15_150_240,logistic_poly2,dn_ask_slope vwap_since_open_bps,0.008933733822886291
ETH_S15_150_240,logistic_poly2,dn_ask_slope mfi_60s,-0.047242544425193184
ETH_S15_150_240,logistic_poly2,dn_ask_slope stoch_k_60s,-0.03688921810819837
ETH_S15_150_240,logistic_poly2,dn_ask_slope stoch_d_60s,-0.031881486762033825
ETH_S15_150_240,logistic_poly2,dn_ask_slope cci_60s,0.12069819667947436
ETH_S15_150_240,logistic_poly2,dn_ask_slope bb_pos_60s,-0.026386263641071675
ETH_S15_150_240,logistic_poly2,dn_ask_slope bb_width_60s,0.07372144953284895
ETH_S15_150_240,logistic_poly2,dn_ask_slope ofi_skew_l1_30s,-0.04487441572514987
ETH_S15_150_240,logistic_poly2,dn_ask_slope mlofi_skew_l5_30s,-0.007043484743925138
ETH_S15_150_240,logistic_poly2,dn_ask_slope mlofi_skew_l5_60s,0.031172251995394154
ETH_S15_150_240,logistic_poly2,dn_ask_slope mlofi_skew_l25_30s,0.005962450858570699
ETH_S15_150_240,logistic_poly2,dn_ask_slope rsi_14,-0.11131121813311327
ETH_S15_150_240,logistic_poly2,dn_ask_slope cvd,0.03356733949852621
ETH_S15_150_240,logistic_poly2,dn_ask_slope vpin_value,0.04583506560367197
ETH_S15_150_240,logistic_poly2,dn_ask_slope vpin_zscore,-0.008351906381015819
ETH_S15_150_240,logistic_poly2,dn_ask_slope as_uncertainty,-0.07291465378115934
ETH_S15_150_240,logistic_poly2,dn_ask_slope as_skew,0.0875507451207066
ETH_S15_150_240,logistic_poly2,up_imb5_change_500ms up_quote_intensity_5s,-0.17065571070408608
ETH_S15_150_240,logistic_poly2,up_imb5_change_500ms ribbon_alignment_pct,-0.06129255503540864
ETH_S15_150_240,logistic_poly2,up_imb5_change_500ms ribbon_compression_bps,-0.0753775493267414
ETH_S15_150_240,logistic_poly2,up_imb5_change_500ms adx_14,-0.27294797535679494
ETH_S15_150_240,logistic_poly2,up_imb5_change_500ms plus_di_14,0.12051826823255675
ETH_S15_150_240,logistic_poly2,up_imb5_change_500ms minus_di_14,0.09853907152046444
ETH_S15_150_240,logistic_poly2,up_imb5_change_500ms vwap_since_open_bps,-0.12644295329143046
ETH_S15_150_240,logistic_poly2,up_imb5_change_500ms mfi_60s,0.16906814789628952
ETH_S15_150_240,logistic_poly2,up_imb5_change_500ms stoch_k_60s,-0.09911327854384659
ETH_S15_150_240,logistic_poly2,up_imb5_change_500ms stoch_d_60s,-0.057818225184321524
ETH_S15_150_240,logistic_poly2,up_imb5_change_500ms cci_60s,-0.10574113478941632
ETH_S15_150_240,logistic_poly2,up_imb5_change_500ms bb_pos_60s,0.2325898673662413
ETH_S15_150_240,logistic_poly2,up_imb5_change_500ms bb_width_60s,0.0882587193434412
ETH_S15_150_240,logistic_poly2,up_imb5_change_500ms ofi_skew_l1_30s,0.018497245187166073
ETH_S15_150_240,logistic_poly2,up_imb5_change_500ms mlofi_skew_l5_30s,0.09749508192535936
ETH_S15_150_240,logistic_poly2,up_imb5_change_500ms mlofi_skew_l5_60s,-0.07135776614200068
ETH_S15_150_240,logistic_poly2,up_imb5_change_500ms mlofi_skew_l25_30s,-0.1286825172446994
ETH_S15_150_240,logistic_poly2,up_imb5_change_500ms rsi_14,0.10148139575098908
ETH_S15_150_240,logistic_poly2,up_imb5_change_500ms cvd,0.18786587772351535
ETH_S15_150_240,logistic_poly2,up_imb5_change_500ms vpin_value,-0.06407325216537454
ETH_S15_150_240,logistic_poly2,up_imb5_change_500ms vpin_zscore,-0.010692746869664545
ETH_S15_150_240,logistic_poly2,up_imb5_change_500ms as_uncertainty,0.01160428892855156
ETH_S15_150_240,logistic_poly2,up_imb5_change_500ms as_skew,0.0013893770508755763
ETH_S15_150_240,logistic_poly2,up_quote_intensity_5s ribbon_alignment_pct,-0.35257768620884183
ETH_S15_150_240,logistic_poly2,up_quote_intensity_5s ribbon_compression_bps,-0.1606376167535705
ETH_S15_150_240,logistic_poly2,up_quote_intensity_5s adx_14,-0.18276199603413265
ETH_S15_150_240,logistic_poly2,up_quote_intensity_5s plus_di_14,-0.0393829043029889
ETH_S15_150_240,logistic_poly2,up_quote_intensity_5s minus_di_14,-0.02463182877131796
ETH_S15_150_240,logistic_poly2,up_quote_intensity_5s vwap_since_open_bps,0.053590421068917635
ETH_S15_150_240,logistic_poly2,up_quote_intensity_5s mfi_60s,-0.07856365235369553
ETH_S15_150_240,logistic_poly2,up_quote_intensity_5s stoch_k_60s,0.08476715117971068
ETH_S15_150_240,logistic_poly2,up_quote_intensity_5s stoch_d_60s,0.06571306333957444
ETH_S15_150_240,logistic_poly2,up_quote_intensity_5s cci_60s,0.09326645423697742
ETH_S15_150_240,logistic_poly2,up_quote_intensity_5s bb_pos_60s,-0.2617125731166819
ETH_S15_150_240,logistic_poly2,up_quote_intensity_5s bb_width_60s,0.1907066409043077
ETH_S15_150_240,logistic_poly2,up_quote_intensity_5s ofi_skew_l1_30s,0.11234509224320657
ETH_S15_150_240,logistic_poly2,up_quote_intensity_5s mlofi_skew_l5_30s,0.009811613161538479
ETH_S15_150_240,logistic_poly2,up_quote_intensity_5s mlofi_skew_l5_60s,0.07393265028879717
ETH_S15_150_240,logistic_poly2,up_quote_intensity_5s mlofi_skew_l25_30s,-0.06730389051523378
ETH_S15_150_240,logistic_poly2,up_quote_intensity_5s rsi_14,-0.044851544352854975
ETH_S15_150_240,logistic_poly2,up_quote_intensity_5s cvd,0.1106264040407281
ETH_S15_150_240,logistic_poly2,up_quote_intensity_5s vpin_value,0.04239962322829984
ETH_S15_150_240,logistic_poly2,up_quote_intensity_5s vpin_zscore,0.04865733026896544
ETH_S15_150_240,logistic_poly2,up_quote_intensity_5s as_uncertainty,-0.10610262126365386
ETH_S15_150_240,logistic_poly2,up_quote_intensity_5s as_skew,0.016421843474094013
ETH_S15_150_240,logistic_poly2,ribbon_alignment_pct ribbon_compression_bps,0.013336275996040467
ETH_S15_150_240,logistic_poly2,ribbon_alignment_pct adx_14,-0.024303510705246736
ETH_S15_150_240,logistic_poly2,ribbon_alignment_pct plus_di_14,-0.5776122425670928
ETH_S15_150_240,logistic_poly2,ribbon_alignment_pct minus_di_14,0.3720696140757258
ETH_S15_150_240,logistic_poly2,ribbon_alignment_pct vwap_since_open_bps,0.05068080209089341
ETH_S15_150_240,logistic_poly2,ribbon_alignment_pct mfi_60s,-0.031874249423679744
ETH_S15_150_240,logistic_poly2,ribbon_alignment_pct stoch_k_60s,0.08587793891533549
ETH_S15_150_240,logistic_poly2,ribbon_alignment_pct stoch_d_60s,0.15700658775000573
ETH_S15_150_240,logistic_poly2,ribbon_alignment_pct cci_60s,0.177572289536899
ETH_S15_150_240,logistic_poly2,ribbon_alignment_pct bb_pos_60s,-0.025259695789884132
ETH_S15_150_240,logistic_poly2,ribbon_alignment_pct bb_width_60s,0.01114800673737568
ETH_S15_150_240,logistic_poly2,ribbon_alignment_pct ofi_skew_l1_30s,0.06356863357342685
ETH_S15_150_240,logistic_poly2,ribbon_alignment_pct mlofi_skew_l5_30s,0.013615302211308881
ETH_S15_150_240,logistic_poly2,ribbon_alignment_pct mlofi_skew_l5_60s,0.08601253376554596
ETH_S15_150_240,logistic_poly2,ribbon_alignment_pct mlofi_skew_l25_30s,-0.059877236859845695
ETH_S15_150_240,logistic_poly2,ribbon_alignment_pct rsi_14,0.042619238838259334
ETH_S15_150_240,logistic_poly2,ribbon_alignment_pct cvd,-0.004068906244601952
ETH_S15_150_240,logistic_poly2,ribbon_alignment_pct vpin_value,-0.11481791268422574
ETH_S15_150_240,logistic_poly2,ribbon_alignment_pct vpin_zscore,-0.07118101538760205
ETH_S15_150_240,logistic_poly2,ribbon_alignment_pct as_uncertainty,0.02018896942745964
ETH_S15_150_240,logistic_poly2,ribbon_alignment_pct as_skew,0.16116702962642757
ETH_S15_150_240,logistic_poly2,ribbon_compression_bps adx_14,-0.14855375934437853
ETH_S15_150_240,logistic_poly2,ribbon_compression_bps plus_di_14,0.0206624578874757
ETH_S15_150_240,logistic_poly2,ribbon_compression_bps minus_di_14,0.039966091691983875
ETH_S15_150_240,logistic_poly2,ribbon_compression_bps vwap_since_open_bps,0.07449306049917655
ETH_S15_150_240,logistic_poly2,ribbon_compression_bps mfi_60s,0.11533531757880305
ETH_S15_150_240,logistic_poly2,ribbon_compression_bps stoch_k_60s,0.15545312563149566
ETH_S15_150_240,logistic_poly2,ribbon_compression_bps stoch_d_60s,0.1686960760123881
ETH_S15_150_240,logistic_poly2,ribbon_compression_bps cci_60s,-0.024974933871765827
ETH_S15_150_240,logistic_poly2,ribbon_compression_bps bb_pos_60s,-0.045669094498156385
ETH_S15_150_240,logistic_poly2,ribbon_compression_bps bb_width_60s,0.03339099761840839
ETH_S15_150_240,logistic_poly2,ribbon_compression_bps ofi_skew_l1_30s,0.008683545721982018
ETH_S15_150_240,logistic_poly2,ribbon_compression_bps mlofi_skew_l5_30s,-0.03441791229976591
ETH_S15_150_240,logistic_poly2,ribbon_compression_bps mlofi_skew_l5_60s,0.05619342686386439
ETH_S15_150_240,logistic_poly2,ribbon_compression_bps mlofi_skew_l25_30s,-0.20575970725176204
ETH_S15_150_240,logistic_poly2,ribbon_compression_bps rsi_14,0.03130772806226195
ETH_S15_150_240,logistic_poly2,ribbon_compression_bps cvd,0.026631226116970337
ETH_S15_150_240,logistic_poly2,ribbon_compression_bps vpin_value,-0.11544918634675307
ETH_S15_150_240,logistic_poly2,ribbon_compression_bps vpin_zscore,-0.0832144458944327
ETH_S15_150_240,logistic_poly2,ribbon_compression_bps as_uncertainty,-0.026186541821930937
ETH_S15_150_240,logistic_poly2,ribbon_compression_bps as_skew,0.07361537926144665
ETH_S15_150_240,logistic_poly2,adx_14 plus_di_14,0.10393125281588715
ETH_S15_150_240,logistic_poly2,adx_14 minus_di_14,-0.00043828570270890334
ETH_S15_150_240,logistic_poly2,adx_14 vwap_since_open_bps,0.03989735843727291
ETH_S15_150_240,logistic_poly2,adx_14 mfi_60s,0.13992419052660227
ETH_S15_150_240,logistic_poly2,adx_14 stoch_k_60s,0.08600880174249598
ETH_S15_150_240,logistic_poly2,adx_14 stoch_d_60s,0.2002960823363734
ETH_S15_150_240,logistic_poly2,adx_14 cci_60s,0.05477851247483278
ETH_S15_150_240,logistic_poly2,adx_14 bb_pos_60s,0.009065230200390299
ETH_S15_150_240,logistic_poly2,adx_14 bb_width_60s,0.3971419105407389
ETH_S15_150_240,logistic_poly2,adx_14 ofi_skew_l1_30s,-0.07862600580014042
ETH_S15_150_240,logistic_poly2,adx_14 mlofi_skew_l5_30s,0.0036238400278373883
ETH_S15_150_240,logistic_poly2,adx_14 mlofi_skew_l5_60s,-0.12273523672477303
ETH_S15_150_240,logistic_poly2,adx_14 mlofi_skew_l25_30s,-0.027087603021610836
ETH_S15_150_240,logistic_poly2,adx_14 rsi_14,-0.005530073563130472
ETH_S15_150_240,logistic_poly2,adx_14 cvd,0.32812864447816253
ETH_S15_150_240,logistic_poly2,adx_14 vpin_value,0.3350158879998842
ETH_S15_150_240,logistic_poly2,adx_14 vpin_zscore,0.01610444681956294
ETH_S15_150_240,logistic_poly2,adx_14 as_uncertainty,-0.25411376195584007
ETH_S15_150_240,logistic_poly2,adx_14 as_skew,-0.10531572116303779
ETH_S15_150_240,logistic_poly2,plus_di_14 minus_di_14,-0.16663030128205555
ETH_S15_150_240,logistic_poly2,plus_di_14 vwap_since_open_bps,-0.01617164719830136
ETH_S15_150_240,logistic_poly2,plus_di_14 mfi_60s,0.059721422634917885
ETH_S15_150_240,logistic_poly2,plus_di_14 stoch_k_60s,0.09399998775109439
ETH_S15_150_240,logistic_poly2,plus_di_14 stoch_d_60s,-0.105708988662528
ETH_S15_150_240,logistic_poly2,plus_di_14 cci_60s,-0.10220394126606505
ETH_S15_150_240,logistic_poly2,plus_di_14 bb_pos_60s,0.07095650270279007
ETH_S15_150_240,logistic_poly2,plus_di_14 bb_width_60s,0.23120695230292296
ETH_S15_150_240,logistic_poly2,plus_di_14 ofi_skew_l1_30s,-0.050428507570683775
ETH_S15_150_240,logistic_poly2,plus_di_14 mlofi_skew_l5_30s,0.014421006189150059
ETH_S15_150_240,logistic_poly2,plus_di_14 mlofi_skew_l5_60s,-0.06163263017812081
ETH_S15_150_240,logistic_poly2,plus_di_14 mlofi_skew_l25_30s,-0.009460188502301735
ETH_S15_150_240,logistic_poly2,plus_di_14 rsi_14,-0.07290408994519963
ETH_S15_150_240,logistic_poly2,plus_di_14 cvd,-0.11204010468905691
ETH_S15_150_240,logistic_poly2,plus_di_14 vpin_value,-0.08462381356689616
ETH_S15_150_240,logistic_poly2,plus_di_14 vpin_zscore,-0.24472040234070372
ETH_S15_150_240,logistic_poly2,plus_di_14 as_uncertainty,-0.3060620913892382
ETH_S15_150_240,logistic_poly2,plus_di_14 as_skew,-0.29162449111816463
ETH_S15_150_240,logistic_poly2,minus_di_14 vwap_since_open_bps,-0.08700479402077121
ETH_S15_150_240,logistic_poly2,minus_di_14 mfi_60s,0.05175410074078839
ETH_S15_150_240,logistic_poly2,minus_di_14 stoch_k_60s,0.011081644927617634
ETH_S15_150_240,logistic_poly2,minus_di_14 stoch_d_60s,0.24230072086832852
ETH_S15_150_240,logistic_poly2,minus_di_14 cci_60s,0.06583901737563987
ETH_S15_150_240,logistic_poly2,minus_di_14 bb_pos_60s,-0.04120083605666444
ETH_S15_150_240,logistic_poly2,minus_di_14 bb_width_60s,0.01271692120335981
ETH_S15_150_240,logistic_poly2,minus_di_14 ofi_skew_l1_30s,-0.018471496680374226
ETH_S15_150_240,logistic_poly2,minus_di_14 mlofi_skew_l5_30s,0.036576432252488626
ETH_S15_150_240,logistic_poly2,minus_di_14 mlofi_skew_l5_60s,-0.09449468576153852
ETH_S15_150_240,logistic_poly2,minus_di_14 mlofi_skew_l25_30s,0.08038490649180062
ETH_S15_150_240,logistic_poly2,minus_di_14 rsi_14,0.1843852653725219
ETH_S15_150_240,logistic_poly2,minus_di_14 cvd,0.1397247420176119
ETH_S15_150_240,logistic_poly2,minus_di_14 vpin_value,-0.03795392109866064
ETH_S15_150_240,logistic_poly2,minus_di_14 vpin_zscore,-0.2403028037544629
ETH_S15_150_240,logistic_poly2,minus_di_14 as_uncertainty,-0.03328984317995832
ETH_S15_150_240,logistic_poly2,minus_di_14 as_skew,0.03223264174836821
ETH_S15_150_240,logistic_poly2,vwap_since_open_bps mfi_60s,-0.014970618948558287
ETH_S15_150_240,logistic_poly2,vwap_since_open_bps stoch_k_60s,-0.02246337258865259
ETH_S15_150_240,logistic_poly2,vwap_since_open_bps stoch_d_60s,-0.05476033860890926
ETH_S15_150_240,logistic_poly2,vwap_since_open_bps cci_60s,0.02495214309111901
ETH_S15_150_240,logistic_poly2,vwap_since_open_bps bb_pos_60s,-0.0716213475781972
ETH_S15_150_240,logistic_poly2,vwap_since_open_bps bb_width_60s,-0.05740940585711971
ETH_S15_150_240,logistic_poly2,vwap_since_open_bps ofi_skew_l1_30s,0.1000229985008323
ETH_S15_150_240,logistic_poly2,vwap_since_open_bps mlofi_skew_l5_30s,-0.0666180701227516
ETH_S15_150_240,logistic_poly2,vwap_since_open_bps mlofi_skew_l5_60s,0.14225117890121472
ETH_S15_150_240,logistic_poly2,vwap_since_open_bps mlofi_skew_l25_30s,-0.17234652110657914
ETH_S15_150_240,logistic_poly2,vwap_since_open_bps rsi_14,-0.01816776122728305
ETH_S15_150_240,logistic_poly2,vwap_since_open_bps cvd,-0.05897966471669539
ETH_S15_150_240,logistic_poly2,vwap_since_open_bps vpin_value,0.01403094506159499
ETH_S15_150_240,logistic_poly2,vwap_since_open_bps vpin_zscore,0.15295150238286492
ETH_S15_150_240,logistic_poly2,vwap_since_open_bps as_uncertainty,-0.1130837776960452
ETH_S15_150_240,logistic_poly2,vwap_since_open_bps as_skew,-0.01472980397962587
ETH_S15_150_240,logistic_poly2,mfi_60s stoch_k_60s,0.0026832002831442474
ETH_S15_150_240,logistic_poly2,mfi_60s stoch_d_60s,-0.031439838988541614
ETH_S15_150_240,logistic_poly2,mfi_60s cci_60s,-0.003921785521339355
ETH_S15_150_240,logistic_poly2,mfi_60s bb_pos_60s,0.08110442378963312
ETH_S15_150_240,logistic_poly2,mfi_60s bb_width_60s,0.0172759163598894
ETH_S15_150_240,logistic_poly2,mfi_60s ofi_skew_l1_30s,-0.07099539506888383
ETH_S15_150_240,logistic_poly2,mfi_60s mlofi_skew_l5_30s,0.01603838720830698
ETH_S15_150_240,logistic_poly2,mfi_60s mlofi_skew_l5_60s,0.09472284101199654
ETH_S15_150_240,logistic_poly2,mfi_60s mlofi_skew_l25_30s,-0.019020483766837064
ETH_S15_150_240,logistic_poly2,mfi_60s rsi_14,-0.04331041626594204
ETH_S15_150_240,logistic_poly2,mfi_60s cvd,-0.04622139756737002
ETH_S15_150_240,logistic_poly2,mfi_60s vpin_value,-0.0767105611599092
ETH_S15_150_240,logistic_poly2,mfi_60s vpin_zscore,-0.22455838776212328
ETH_S15_150_240,logistic_poly2,mfi_60s as_uncertainty,0.13371394824617625
ETH_S15_150_240,logistic_poly2,mfi_60s as_skew,-0.07906928275093482
ETH_S15_150_240,logistic_poly2,stoch_k_60s stoch_d_60s,0.23434284136479483
ETH_S15_150_240,logistic_poly2,stoch_k_60s cci_60s,-0.17802731518793014
ETH_S15_150_240,logistic_poly2,stoch_k_60s bb_pos_60s,-0.08348699414677649
ETH_S15_150_240,logistic_poly2,stoch_k_60s bb_width_60s,0.03378226106380269
ETH_S15_150_240,logistic_poly2,stoch_k_60s ofi_skew_l1_30s,-0.08695993497293021
ETH_S15_150_240,logistic_poly2,stoch_k_60s mlofi_skew_l5_30s,-0.01423525983382849
ETH_S15_150_240,logistic_poly2,stoch_k_60s mlofi_skew_l5_60s,0.09597334298774243
ETH_S15_150_240,logistic_poly2,stoch_k_60s mlofi_skew_l25_30s,-0.06894304669532907
ETH_S15_150_240,logistic_poly2,stoch_k_60s rsi_14,0.10461803560376387
ETH_S15_150_240,logistic_poly2,stoch_k_60s cvd,0.029059994801309337
ETH_S15_150_240,logistic_poly2,stoch_k_60s vpin_value,-0.03623293682728378
ETH_S15_150_240,logistic_poly2,stoch_k_60s vpin_zscore,0.05147482883493409
ETH_S15_150_240,logistic_poly2,stoch_k_60s as_uncertainty,-0.0691022828713159
ETH_S15_150_240,logistic_poly2,stoch_k_60s as_skew,-0.037110312302522944
ETH_S15_150_240,logistic_poly2,stoch_d_60s cci_60s,0.012368277652147283
ETH_S15_150_240,logistic_poly2,stoch_d_60s bb_pos_60s,-0.06477544733116451
ETH_S15_150_240,logistic_poly2,stoch_d_60s bb_width_60s,0.09138629055372756
ETH_S15_150_240,logistic_poly2,stoch_d_60s ofi_skew_l1_30s,-0.03270143693612334
ETH_S15_150_240,logistic_poly2,stoch_d_60s mlofi_skew_l5_30s,0.007659436528302647
ETH_S15_150_240,logistic_poly2,stoch_d_60s mlofi_skew_l5_60s,0.07212846822022914
ETH_S15_150_240,logistic_poly2,stoch_d_60s mlofi_skew_l25_30s,-0.030165830100341073
ETH_S15_150_240,logistic_poly2,stoch_d_60s rsi_14,-0.036674172172631796
ETH_S15_150_240,logistic_poly2,stoch_d_60s cvd,0.1455573109607333
ETH_S15_150_240,logistic_poly2,stoch_d_60s vpin_value,0.026524558118343707
ETH_S15_150_240,logistic_poly2,stoch_d_60s vpin_zscore,0.028304088178774185
ETH_S15_150_240,logistic_poly2,stoch_d_60s as_uncertainty,0.010268518480612793
ETH_S15_150_240,logistic_poly2,stoch_d_60s as_skew,-0.0011717106765743034
ETH_S15_150_240,logistic_poly2,cci_60s bb_pos_60s,0.07037000860377818
ETH_S15_150_240,logistic_poly2,cci_60s bb_width_60s,-0.0011618055971339245
ETH_S15_150_240,logistic_poly2,cci_60s ofi_skew_l1_30s,-0.07846431021312329
ETH_S15_150_240,logistic_poly2,cci_60s mlofi_skew_l5_30s,0.05776977000329884
ETH_S15_150_240,logistic_poly2,cci_60s mlofi_skew_l5_60s,-0.08376328424702853
ETH_S15_150_240,logistic_poly2,cci_60s mlofi_skew_l25_30s,0.1132594157368077
ETH_S15_150_240,logistic_poly2,cci_60s rsi_14,-0.18427999723066807
ETH_S15_150_240,logistic_poly2,cci_60s cvd,-0.058585332011175585
ETH_S15_150_240,logistic_poly2,cci_60s vpin_value,0.08365117667685538
ETH_S15_150_240,logistic_poly2,cci_60s vpin_zscore,0.025470852534779466
ETH_S15_150_240,logistic_poly2,cci_60s as_uncertainty,0.0044314026692515995
ETH_S15_150_240,logistic_poly2,cci_60s as_skew,0.12725193537884347
ETH_S15_150_240,logistic_poly2,bb_pos_60s bb_width_60s,0.09534935435440184
ETH_S15_150_240,logistic_poly2,bb_pos_60s ofi_skew_l1_30s,0.005510317093194442
ETH_S15_150_240,logistic_poly2,bb_pos_60s mlofi_skew_l5_30s,-0.0029512314143403293
ETH_S15_150_240,logistic_poly2,bb_pos_60s mlofi_skew_l5_60s,-0.13482479492325594
ETH_S15_150_240,logistic_poly2,bb_pos_60s mlofi_skew_l25_30s,-0.1519687671853821
ETH_S15_150_240,logistic_poly2,bb_pos_60s rsi_14,-0.05720152092988465
ETH_S15_150_240,logistic_poly2,bb_pos_60s cvd,8.753790987509921e-05
ETH_S15_150_240,logistic_poly2,bb_pos_60s vpin_value,-0.18437113650325648
ETH_S15_150_240,logistic_poly2,bb_pos_60s vpin_zscore,-0.006748600133870483
ETH_S15_150_240,logistic_poly2,bb_pos_60s as_uncertainty,-0.056013354229394755
ETH_S15_150_240,logistic_poly2,bb_pos_60s as_skew,0.05330478373329374
ETH_S15_150_240,logistic_poly2,bb_width_60s ofi_skew_l1_30s,0.027132078664261615
ETH_S15_150_240,logistic_poly2,bb_width_60s mlofi_skew_l5_30s,-0.04969299024302209
ETH_S15_150_240,logistic_poly2,bb_width_60s mlofi_skew_l5_60s,-0.15916516730526925
ETH_S15_150_240,logistic_poly2,bb_width_60s mlofi_skew_l25_30s,-0.1311208038745533
ETH_S15_150_240,logistic_poly2,bb_width_60s rsi_14,0.036503474354378236
ETH_S15_150_240,logistic_poly2,bb_width_60s cvd,-0.031612057871011554
ETH_S15_150_240,logistic_poly2,bb_width_60s vpin_value,-0.18856995875773747
ETH_S15_150_240,logistic_poly2,bb_width_60s vpin_zscore,-0.040988079682451016
ETH_S15_150_240,logistic_poly2,bb_width_60s as_uncertainty,-0.02330653860040659
ETH_S15_150_240,logistic_poly2,bb_width_60s as_skew,-0.030685910172095772
ETH_S15_150_240,logistic_poly2,ofi_skew_l1_30s mlofi_skew_l5_30s,0.08058289799793675
ETH_S15_150_240,logistic_poly2,ofi_skew_l1_30s mlofi_skew_l5_60s,-0.06590647038115245
ETH_S15_150_240,logistic_poly2,ofi_skew_l1_30s mlofi_skew_l25_30s,0.10235591456214574
ETH_S15_150_240,logistic_poly2,ofi_skew_l1_30s rsi_14,-0.024260067933392113
ETH_S15_150_240,logistic_poly2,ofi_skew_l1_30s cvd,-0.1189392885684699
ETH_S15_150_240,logistic_poly2,ofi_skew_l1_30s vpin_value,0.16394411720886973
ETH_S15_150_240,logistic_poly2,ofi_skew_l1_30s vpin_zscore,-0.1010354570966793
ETH_S15_150_240,logistic_poly2,ofi_skew_l1_30s as_uncertainty,0.048359864166791305
ETH_S15_150_240,logistic_poly2,ofi_skew_l1_30s as_skew,0.03195635426793292
ETH_S15_150_240,logistic_poly2,mlofi_skew_l5_30s mlofi_skew_l5_60s,0.09699396737649728
ETH_S15_150_240,logistic_poly2,mlofi_skew_l5_30s mlofi_skew_l25_30s,0.14176117283348103
ETH_S15_150_240,logistic_poly2,mlofi_skew_l5_30s rsi_14,-0.04604850880687939
ETH_S15_150_240,logistic_poly2,mlofi_skew_l5_30s cvd,0.006351366095177113
ETH_S15_150_240,logistic_poly2,mlofi_skew_l5_30s vpin_value,0.10754493883463925
ETH_S15_150_240,logistic_poly2,mlofi_skew_l5_30s vpin_zscore,-0.11751421617109478
ETH_S15_150_240,logistic_poly2,mlofi_skew_l5_30s as_uncertainty,0.008808215836652106
ETH_S15_150_240,logistic_poly2,mlofi_skew_l5_30s as_skew,-0.019308588418006357
ETH_S15_150_240,logistic_poly2,mlofi_skew_l5_60s mlofi_skew_l25_30s,-0.11103616238396266
ETH_S15_150_240,logistic_poly2,mlofi_skew_l5_60s rsi_14,-0.05139202908209708
ETH_S15_150_240,logistic_poly2,mlofi_skew_l5_60s cvd,0.13458307708470446
ETH_S15_150_240,logistic_poly2,mlofi_skew_l5_60s vpin_value,0.029607387931092594
ETH_S15_150_240,logistic_poly2,mlofi_skew_l5_60s vpin_zscore,-0.1783862023539622
ETH_S15_150_240,logistic_poly2,mlofi_skew_l5_60s as_uncertainty,-0.044219792723572994
ETH_S15_150_240,logistic_poly2,mlofi_skew_l5_60s as_skew,0.0074125121703516005
ETH_S15_150_240,logistic_poly2,mlofi_skew_l25_30s rsi_14,0.1676210672429236
ETH_S15_150_240,logistic_poly2,mlofi_skew_l25_30s cvd,0.03406482227320851
ETH_S15_150_240,logistic_poly2,mlofi_skew_l25_30s vpin_value,0.0042382594771785565
ETH_S15_150_240,logistic_poly2,mlofi_skew_l25_30s vpin_zscore,0.043350955532562165
ETH_S15_150_240,logistic_poly2,mlofi_skew_l25_30s as_uncertainty,0.020186379596920746
ETH_S15_150_240,logistic_poly2,mlofi_skew_l25_30s as_skew,-0.02046155804299028
ETH_S15_150_240,logistic_poly2,rsi_14 cvd,0.3064421996132489
ETH_S15_150_240,logistic_poly2,rsi_14 vpin_value,-0.041571158592719495
ETH_S15_150_240,logistic_poly2,rsi_14 vpin_zscore,-0.09108611122814535
ETH_S15_150_240,logistic_poly2,rsi_14 as_uncertainty,0.06307321525230457
ETH_S15_150_240,logistic_poly2,rsi_14 as_skew,0.1013336236755393
ETH_S15_150_240,logistic_poly2,cvd vpin_value,-0.1595639484077926
ETH_S15_150_240,logistic_poly2,cvd vpin_zscore,0.04938001820824459
ETH_S15_150_240,logistic_poly2,cvd as_uncertainty,-0.05492218820323218
ETH_S15_150_240,logistic_poly2,cvd as_skew,0.14914861596889872
ETH_S15_150_240,logistic_poly2,vpin_value vpin_zscore,0.0694026517326359
ETH_S15_150_240,logistic_poly2,vpin_value as_uncertainty,0.11554580287344811
ETH_S15_150_240,logistic_poly2,vpin_value as_skew,0.06625238102430765
ETH_S15_150_240,logistic_poly2,vpin_zscore as_uncertainty,0.04404453512747728
ETH_S15_150_240,logistic_poly2,vpin_zscore as_skew,-0.01175521494719895
ETH_S15_150_240,logistic_poly2,as_uncertainty as_skew,-0.10380176163697397
S7_BTC_5m_base,ridge,mp_skew,0.023559993888932783
S7_BTC_5m_base,ridge,mp_weighted_skew,-0.06213167295276814
S7_BTC_5m_base,ridge,mp_skew_change_500ms,-0.002051435689696404
S7_BTC_5m_base,ridge,mp_up_dev_bps,-0.02566766101847177
S7_BTC_5m_base,ridge,mp_dn_dev_bps,0.06102708069327002
S7_BTC_5m_base,ridge,mp_imbalance,-0.004333305947927487
S7_BTC_5m_base,ridge,mp_weighted_imbalance,-0.018872887678991934
S7_BTC_5m_base,ridge,L_stat,0.0032237698936767897
S7_BTC_5m_base,ridge,hawkes_lambda_imbalance,0.023070392298078942
S7_BTC_5m_base,ridge,hawkes_lambda_total,-0.0033031703590899104
S7_BTC_5m_base,ridge,rv_ratio_60_to_3600,0.009353929332788247
S7_BTC_5m_base,ridge,hurst_300s,0.0046200313397889905
S7_BTC_5m_base,ridge,hurst_100s,0.009911174118627247
S7_BTC_5m_base,ridge,hurst_900s,-0.002757611836998025
S7_BTC_5m_base,ridge,trend_slope_30m,0.04549326037628953
S7_BTC_5m_base,ridge,rv_60s,-0.028146167754736676
S7_BTC_5m_base,ridge,rv_300s,0.004437469597616476
S7_BTC_5m_base,ridge,up_imb5,-0.009938847274241562
S7_BTC_5m_base,ridge,dn_imb5,-0.027548597837839955
S7_BTC_5m_base,ridge,up_imb25,0.001813524141642309
S7_BTC_5m_base,ridge,dn_imb25,0.01160265961102263
S7_BTC_5m_base,ridge,up_queue_top_bid,0.035110094644530174
S7_BTC_5m_base,ridge,up_micro_dev_bps,-0.010180803837623263
S7_BTC_5m_base,ridge,dn_micro_dev_bps,-0.060858129133541
S7_BTC_5m_base,ridge,up_bid_slope,0.002188422842543941
S7_BTC_5m_base,ridge,up_ask_slope,-0.01870030612501266
S7_BTC_5m_base,ridge,dn_bid_slope,0.02449402782008543
S7_BTC_5m_base,ridge,dn_ask_slope,0.03419491511711576
S7_BTC_5m_base,ridge,up_imb5_change_500ms,-0.004811910677423607
S7_BTC_5m_base,ridge,up_quote_intensity_5s,-0.014434000989325829
S7_BTC_5m_base,ridge,ribbon_alignment_pct,-3.1020883419359463e-06
S7_BTC_5m_base,ridge,ribbon_compression_bps,-0.023513046032871174
S7_BTC_5m_base,ridge,adx_14,0.013418436378496209
S7_BTC_5m_base,ridge,plus_di_14,-0.004667624952939057
S7_BTC_5m_base,ridge,minus_di_14,-0.00922014590087209
S7_BTC_5m_base,ridge,vwap_since_open_bps,0.05466065485697835
S7_BTC_5m_base,ridge,mfi_60s,-0.011485323965872254
S7_BTC_5m_base,ridge,stoch_k_60s,0.019847921154697575
S7_BTC_5m_base,ridge,stoch_d_60s,-0.04490128758106751
S7_BTC_5m_base,ridge,cci_60s,-0.005619014392890005
S7_BTC_5m_base,ridge,bb_pos_60s,0.001337277887737404
S7_BTC_5m_base,ridge,bb_width_60s,-0.016766531228731965
S7_BTC_5m_base,ridge,ofi_skew_l1_30s,-0.005830224666696846
S7_BTC_5m_base,ridge,mlofi_skew_l5_30s,-0.011181375558864295
S7_BTC_5m_base,ridge,mlofi_skew_l5_60s,0.03810773612308469
S7_BTC_5m_base,ridge,mlofi_skew_l25_30s,0.02948686731148476
S7_BTC_5m_base,ridge,rsi_14,0.012005207691626276
S7_BTC_5m_base,ridge,cvd,0.013436491805903273
S7_BTC_5m_base,ridge,vpin_value,-0.0164283395464548
S7_BTC_5m_base,ridge,vpin_zscore,0.01758249659701106
S7_BTC_5m_base,ridge,as_uncertainty,0.011169210554547757
S7_BTC_5m_base,ridge,as_skew,-0.002678841457602359
S7_BTC_5m_base,elastic_net,mp_skew,0.009713221213611976
S7_BTC_5m_base,elastic_net,mp_weighted_skew,-0.04346662469367209
S7_BTC_5m_base,elastic_net,mp_skew_change_500ms,-0.0
S7_BTC_5m_base,elastic_net,mp_up_dev_bps,-0.008832787280307149
S7_BTC_5m_base,elastic_net,mp_dn_dev_bps,-0.0
S7_BTC_5m_base,elastic_net,mp_imbalance,0.002227449091562738
S7_BTC_5m_base,elastic_net,mp_weighted_imbalance,-0.02100892641250657
S7_BTC_5m_base,elastic_net,L_stat,0.0
S7_BTC_5m_base,elastic_net,hawkes_lambda_imbalance,0.018723356506018238
S7_BTC_5m_base,elastic_net,hawkes_lambda_total,-0.0
S7_BTC_5m_base,elastic_net,rv_ratio_60_to_3600,-0.0
S7_BTC_5m_base,elastic_net,hurst_300s,0.0
S7_BTC_5m_base,elastic_net,hurst_100s,0.005543086912499177
S7_BTC_5m_base,elastic_net,hurst_900s,0.0
S7_BTC_5m_base,elastic_net,trend_slope_30m,0.04190905157817816
S7_BTC_5m_base,elastic_net,rv_60s,-0.005183535902112993
S7_BTC_5m_base,elastic_net,rv_300s,-0.0
S7_BTC_5m_base,elastic_net,up_imb5,0.0
S7_BTC_5m_base,elastic_net,dn_imb5,-0.0
S7_BTC_5m_base,elastic_net,up_imb25,-0.0
S7_BTC_5m_base,elastic_net,dn_imb25,0.0
S7_BTC_5m_base,elastic_net,up_queue_top_bid,0.020872119138818392
S7_BTC_5m_base,elastic_net,up_micro_dev_bps,0.0
S7_BTC_5m_base,elastic_net,dn_micro_dev_bps,-0.0
S7_BTC_5m_base,elastic_net,up_bid_slope,-0.0061563575168042005
S7_BTC_5m_base,elastic_net,up_ask_slope,-0.01787756653176823
S7_BTC_5m_base,elastic_net,dn_bid_slope,0.01828873476829677
S7_BTC_5m_base,elastic_net,dn_ask_slope,0.02056097226160546
S7_BTC_5m_base,elastic_net,up_imb5_change_500ms,-0.0
S7_BTC_5m_base,elastic_net,up_quote_intensity_5s,-0.010108892400829479
S7_BTC_5m_base,elastic_net,ribbon_alignment_pct,0.0
S7_BTC_5m_base,elastic_net,ribbon_compression_bps,-0.0
S7_BTC_5m_base,elastic_net,adx_14,0.003164414470795533
S7_BTC_5m_base,elastic_net,plus_di_14,-0.0
S7_BTC_5m_base,elastic_net,minus_di_14,-0.0
S7_BTC_5m_base,elastic_net,vwap_since_open_bps,0.029955701410338827
S7_BTC_5m_base,elastic_net,mfi_60s,-0.0014030875269154643
S7_BTC_5m_base,elastic_net,stoch_k_60s,-0.0
S7_BTC_5m_base,elastic_net,stoch_d_60s,-0.023150511848311246
S7_BTC_5m_base,elastic_net,cci_60s,-0.0
S7_BTC_5m_base,elastic_net,bb_pos_60s,-0.0
S7_BTC_5m_base,elastic_net,bb_width_60s,-0.02272137544511984
S7_BTC_5m_base,elastic_net,ofi_skew_l1_30s,0.0
S7_BTC_5m_base,elastic_net,mlofi_skew_l5_30s,0.0
S7_BTC_5m_base,elastic_net,mlofi_skew_l5_60s,0.0353141495820148
S7_BTC_5m_base,elastic_net,mlofi_skew_l25_30s,0.010043726825968262
S7_BTC_5m_base,elastic_net,rsi_14,0.009842750993996188
S7_BTC_5m_base,elastic_net,cvd,0.007008252092753228
S7_BTC_5m_base,elastic_net,vpin_value,-0.0
S7_BTC_5m_base,elastic_net,vpin_zscore,0.0
S7_BTC_5m_base,elastic_net,as_uncertainty,0.0
S7_BTC_5m_base,elastic_net,as_skew,0.0
S7_BTC_5m_base,logistic_l2,mp_skew,0.28211352480808777
S7_BTC_5m_base,logistic_l2,mp_weighted_skew,-0.640219517970913
S7_BTC_5m_base,logistic_l2,mp_skew_change_500ms,-0.025947149156749113
S7_BTC_5m_base,logistic_l2,mp_up_dev_bps,-0.19915808801002183
S7_BTC_5m_base,logistic_l2,mp_dn_dev_bps,0.6089098189155423
S7_BTC_5m_base,logistic_l2,mp_imbalance,-0.05216285777108054
S7_BTC_5m_base,logistic_l2,mp_weighted_imbalance,-0.04944602065449233
S7_BTC_5m_base,logistic_l2,L_stat,0.0920227422792081
S7_BTC_5m_base,logistic_l2,hawkes_lambda_imbalance,0.19056338039959989
S7_BTC_5m_base,logistic_l2,hawkes_lambda_total,0.053691933467204155
S7_BTC_5m_base,logistic_l2,rv_ratio_60_to_3600,0.21505734713219354
S7_BTC_5m_base,logistic_l2,hurst_300s,0.033551715399664735
S7_BTC_5m_base,logistic_l2,hurst_100s,0.10471903337064706
S7_BTC_5m_base,logistic_l2,hurst_900s,-0.012972631162020392
S7_BTC_5m_base,logistic_l2,trend_slope_30m,0.5298979257196582
S7_BTC_5m_base,logistic_l2,rv_60s,-0.36035007077794307
S7_BTC_5m_base,logistic_l2,rv_300s,0.011056494538804836
S7_BTC_5m_base,logistic_l2,up_imb5,-0.03823767000362182
S7_BTC_5m_base,logistic_l2,dn_imb5,-0.15512359183126356
S7_BTC_5m_base,logistic_l2,up_imb25,0.05540786713046948
S7_BTC_5m_base,logistic_l2,dn_imb25,-0.025998216586024206
S7_BTC_5m_base,logistic_l2,up_queue_top_bid,0.6079933621310836
S7_BTC_5m_base,logistic_l2,up_micro_dev_bps,-0.06926107334442994
S7_BTC_5m_base,logistic_l2,dn_micro_dev_bps,-0.4736141216915193
S7_BTC_5m_base,logistic_l2,up_bid_slope,-0.10579709947337237
S7_BTC_5m_base,logistic_l2,up_ask_slope,-0.2004203556099185
S7_BTC_5m_base,logistic_l2,dn_bid_slope,0.2357705507087057
S7_BTC_5m_base,logistic_l2,dn_ask_slope,0.23781546293338743
S7_BTC_5m_base,logistic_l2,up_imb5_change_500ms,-0.04732885735666485
S7_BTC_5m_base,logistic_l2,up_quote_intensity_5s,-0.1474185702964751
S7_BTC_5m_base,logistic_l2,ribbon_alignment_pct,-0.0531050953044579
S7_BTC_5m_base,logistic_l2,ribbon_compression_bps,-0.18103148983833994
S7_BTC_5m_base,logistic_l2,adx_14,0.14246749219313037
S7_BTC_5m_base,logistic_l2,plus_di_14,0.07137466079875629
S7_BTC_5m_base,logistic_l2,minus_di_14,0.02042406132698149
S7_BTC_5m_base,logistic_l2,vwap_since_open_bps,0.5350239085476636
S7_BTC_5m_base,logistic_l2,mfi_60s,-0.126727247826631
S7_BTC_5m_base,logistic_l2,stoch_k_60s,0.21109585836777933
S7_BTC_5m_base,logistic_l2,stoch_d_60s,-0.4773874771067216
S7_BTC_5m_base,logistic_l2,cci_60s,-0.055990162134443966
S7_BTC_5m_base,logistic_l2,bb_pos_60s,0.022209487424350288
S7_BTC_5m_base,logistic_l2,bb_width_60s,-0.17732447424049375
S7_BTC_5m_base,logistic_l2,ofi_skew_l1_30s,-0.2627168094382243
S7_BTC_5m_base,logistic_l2,mlofi_skew_l5_30s,0.2622534999546922
S7_BTC_5m_base,logistic_l2,mlofi_skew_l5_60s,0.3625915528675791
S7_BTC_5m_base,logistic_l2,mlofi_skew_l25_30s,0.1475144636624236
S7_BTC_5m_base,logistic_l2,rsi_14,0.0881116190056033
S7_BTC_5m_base,logistic_l2,cvd,0.13802563632417242
S7_BTC_5m_base,logistic_l2,vpin_value,-0.15765536874299782
S7_BTC_5m_base,logistic_l2,vpin_zscore,0.1861657789496322
S7_BTC_5m_base,logistic_l2,as_uncertainty,0.22477101076902362
S7_BTC_5m_base,logistic_l2,as_skew,-0.00875365954988462
S7_BTC_5m_base,logistic_poly2,mp_skew,0.04678104362211469
S7_BTC_5m_base,logistic_poly2,mp_weighted_skew,-0.4571958674656184
S7_BTC_5m_base,logistic_poly2,mp_skew_change_500ms,-0.03661778700616275
S7_BTC_5m_base,logistic_poly2,mp_up_dev_bps,-0.09183529644842468
S7_BTC_5m_base,logistic_poly2,mp_dn_dev_bps,-0.054376050194601365
S7_BTC_5m_base,logistic_poly2,mp_imbalance,-0.30600314967350095
S7_BTC_5m_base,logistic_poly2,mp_weighted_imbalance,-0.34862813148196115
S7_BTC_5m_base,logistic_poly2,L_stat,0.0146396786318493
S7_BTC_5m_base,logistic_poly2,hawkes_lambda_imbalance,0.0152625511402057
S7_BTC_5m_base,logistic_poly2,hawkes_lambda_total,-0.16417946147714557
S7_BTC_5m_base,logistic_poly2,rv_ratio_60_to_3600,-0.06838304224316182
S7_BTC_5m_base,logistic_poly2,hurst_300s,0.035153030680395166
S7_BTC_5m_base,logistic_poly2,hurst_100s,-0.15736227590048082
S7_BTC_5m_base,logistic_poly2,hurst_900s,0.05279012166100014
S7_BTC_5m_base,logistic_poly2,trend_slope_30m,0.9348128696236513
S7_BTC_5m_base,logistic_poly2,rv_60s,-0.2036658614464752
S7_BTC_5m_base,logistic_poly2,rv_300s,0.026159009387293975
S7_BTC_5m_base,logistic_poly2,up_imb5,0.07685025762039728
S7_BTC_5m_base,logistic_poly2,dn_imb5,-0.19016599598516815
S7_BTC_5m_base,logistic_poly2,up_imb25,0.10892896212954907
S7_BTC_5m_base,logistic_poly2,dn_imb25,-0.13101314202720005
S7_BTC_5m_base,logistic_poly2,up_queue_top_bid,0.10050360854542792
S7_BTC_5m_base,logistic_poly2,up_micro_dev_bps,0.010403774531960645
S7_BTC_5m_base,logistic_poly2,dn_micro_dev_bps,-0.0535474081191862
S7_BTC_5m_base,logistic_poly2,up_bid_slope,-0.17519161906813158
S7_BTC_5m_base,logistic_poly2,up_ask_slope,-0.2683786118561072
S7_BTC_5m_base,logistic_poly2,dn_bid_slope,0.25945806435111385
S7_BTC_5m_base,logistic_poly2,dn_ask_slope,0.19536688350713305
S7_BTC_5m_base,logistic_poly2,up_imb5_change_500ms,-0.09110051133200371
S7_BTC_5m_base,logistic_poly2,up_quote_intensity_5s,-0.3381535640168546
S7_BTC_5m_base,logistic_poly2,ribbon_alignment_pct,-0.0779228032855524
S7_BTC_5m_base,logistic_poly2,ribbon_compression_bps,-8.083392491304632e-06
S7_BTC_5m_base,logistic_poly2,adx_14,0.09878339884649708
S7_BTC_5m_base,logistic_poly2,plus_di_14,0.24138759671372198
S7_BTC_5m_base,logistic_poly2,minus_di_14,0.17269762887490728
S7_BTC_5m_base,logistic_poly2,vwap_since_open_bps,0.5659419021715849
S7_BTC_5m_base,logistic_poly2,mfi_60s,-0.13838693928234116
S7_BTC_5m_base,logistic_poly2,stoch_k_60s,-0.052468348810779726
S7_BTC_5m_base,logistic_poly2,stoch_d_60s,-0.18022983959633035
S7_BTC_5m_base,logistic_poly2,cci_60s,0.006834754826803053
S7_BTC_5m_base,logistic_poly2,bb_pos_60s,0.15280455165707196
S7_BTC_5m_base,logistic_poly2,bb_width_60s,-0.26653390603408217
S7_BTC_5m_base,logistic_poly2,ofi_skew_l1_30s,-0.04460441797257261
S7_BTC_5m_base,logistic_poly2,mlofi_skew_l5_30s,0.09142420868792374
S7_BTC_5m_base,logistic_poly2,mlofi_skew_l5_60s,0.16735937538084186
S7_BTC_5m_base,logistic_poly2,mlofi_skew_l25_30s,-0.040966300913637475
S7_BTC_5m_base,logistic_poly2,rsi_14,1.6315190948166136
S7_BTC_5m_base,logistic_poly2,cvd,0.2167491786406118
S7_BTC_5m_base,logistic_poly2,vpin_value,-0.15725054158301865
S7_BTC_5m_base,logistic_poly2,vpin_zscore,0.08544353644871368
S7_BTC_5m_base,logistic_poly2,as_uncertainty,0.010848160079041939
S7_BTC_5m_base,logistic_poly2,as_skew,0.018969914217824693
S7_BTC_5m_base,logistic_poly2,mp_skew mp_weighted_skew,-0.03952754448810775
S7_BTC_5m_base,logistic_poly2,mp_skew mp_skew_change_500ms,0.054150363088818626
S7_BTC_5m_base,logistic_poly2,mp_skew mp_up_dev_bps,-0.18780795504335296
S7_BTC_5m_base,logistic_poly2,mp_skew mp_dn_dev_bps,-0.0823996080149971
S7_BTC_5m_base,logistic_poly2,mp_skew mp_imbalance,0.09480412074016631
S7_BTC_5m_base,logistic_poly2,mp_skew mp_weighted_imbalance,-0.046161419996558685
S7_BTC_5m_base,logistic_poly2,mp_skew L_stat,0.035298277298113315
S7_BTC_5m_base,logistic_poly2,mp_skew hawkes_lambda_imbalance,0.10433402778314171
S7_BTC_5m_base,logistic_poly2,mp_skew hawkes_lambda_total,-0.0085020787845304
S7_BTC_5m_base,logistic_poly2,mp_skew rv_ratio_60_to_3600,-0.03381011307027386
S7_BTC_5m_base,logistic_poly2,mp_skew hurst_300s,-0.09226857389425117
S7_BTC_5m_base,logistic_poly2,mp_skew hurst_100s,0.023696822616130018
S7_BTC_5m_base,logistic_poly2,mp_skew hurst_900s,0.019684904122959347
S7_BTC_5m_base,logistic_poly2,mp_skew trend_slope_30m,-0.1804002292923441
S7_BTC_5m_base,logistic_poly2,mp_skew rv_60s,-0.046989149089685885
S7_BTC_5m_base,logistic_poly2,mp_skew rv_300s,0.08760900843177083
S7_BTC_5m_base,logistic_poly2,mp_skew up_imb5,-0.12726405558901063
S7_BTC_5m_base,logistic_poly2,mp_skew dn_imb5,0.0964065545647228
S7_BTC_5m_base,logistic_poly2,mp_skew up_imb25,0.08108401156914308
S7_BTC_5m_base,logistic_poly2,mp_skew dn_imb25,-0.08300098508149797
S7_BTC_5m_base,logistic_poly2,mp_skew up_queue_top_bid,-0.04312910493855009
S7_BTC_5m_base,logistic_poly2,mp_skew up_micro_dev_bps,0.0547984228778593
S7_BTC_5m_base,logistic_poly2,mp_skew dn_micro_dev_bps,0.054157861041356614
S7_BTC_5m_base,logistic_poly2,mp_skew up_bid_slope,0.06346233157914781
S7_BTC_5m_base,logistic_poly2,mp_skew up_ask_slope,0.010874243814901844
S7_BTC_5m_base,logistic_poly2,mp_skew dn_bid_slope,-0.0105339025614388
S7_BTC_5m_base,logistic_poly2,mp_skew dn_ask_slope,-0.055202003957471386
S7_BTC_5m_base,logistic_poly2,mp_skew up_imb5_change_500ms,0.028053776814155607
S7_BTC_5m_base,logistic_poly2,mp_skew up_quote_intensity_5s,-0.11418703715011598
S7_BTC_5m_base,logistic_poly2,mp_skew ribbon_alignment_pct,-0.09859579575507374
S7_BTC_5m_base,logistic_poly2,mp_skew ribbon_compression_bps,-0.05559634198189442
S7_BTC_5m_base,logistic_poly2,mp_skew adx_14,-0.07993654147263125
S7_BTC_5m_base,logistic_poly2,mp_skew plus_di_14,0.04481981571279998
S7_BTC_5m_base,logistic_poly2,mp_skew minus_di_14,-0.04626468783381321
S7_BTC_5m_base,logistic_poly2,mp_skew vwap_since_open_bps,-0.04366987741895277
S7_BTC_5m_base,logistic_poly2,mp_skew mfi_60s,-0.05153283859955897
S7_BTC_5m_base,logistic_poly2,mp_skew stoch_k_60s,-0.09103585976147838
S7_BTC_5m_base,logistic_poly2,mp_skew stoch_d_60s,-0.04737274377583437
S7_BTC_5m_base,logistic_poly2,mp_skew cci_60s,-0.019257790542311734
S7_BTC_5m_base,logistic_poly2,mp_skew bb_pos_60s,0.07411221415457192
S7_BTC_5m_base,logistic_poly2,mp_skew bb_width_60s,0.162675036442054
S7_BTC_5m_base,logistic_poly2,mp_skew ofi_skew_l1_30s,0.02884336599976157
S7_BTC_5m_base,logistic_poly2,mp_skew mlofi_skew_l5_30s,0.027948611115892554
S7_BTC_5m_base,logistic_poly2,mp_skew mlofi_skew_l5_60s,0.04479480414574801
S7_BTC_5m_base,logistic_poly2,mp_skew mlofi_skew_l25_30s,0.1498728257047749
S7_BTC_5m_base,logistic_poly2,mp_skew rsi_14,-0.060010586394129525
S7_BTC_5m_base,logistic_poly2,mp_skew cvd,0.005519692049342946
S7_BTC_5m_base,logistic_poly2,mp_skew vpin_value,0.019731852667237284
S7_BTC_5m_base,logistic_poly2,mp_skew vpin_zscore,0.06873916714207529
S7_BTC_5m_base,logistic_poly2,mp_skew as_uncertainty,0.06321505463379991
S7_BTC_5m_base,logistic_poly2,mp_skew as_skew,-0.05752928594788402
S7_BTC_5m_base,logistic_poly2,mp_weighted_skew mp_skew_change_500ms,-0.015496314408353749
S7_BTC_5m_base,logistic_poly2,mp_weighted_skew mp_up_dev_bps,0.001900873156958962
S7_BTC_5m_base,logistic_poly2,mp_weighted_skew mp_dn_dev_bps,0.000667037486473245
S7_BTC_5m_base,logistic_poly2,mp_weighted_skew mp_imbalance,0.12082999818321735
S7_BTC_5m_base,logistic_poly2,mp_weighted_skew mp_weighted_imbalance,0.311731467472944
S7_BTC_5m_base,logistic_poly2,mp_weighted_skew L_stat,0.11395590021679491
S7_BTC_5m_base,logistic_poly2,mp_weighted_skew hawkes_lambda_imbalance,-0.00908450132558705
S7_BTC_5m_base,logistic_poly2,mp_weighted_skew hawkes_lambda_total,-0.04982456001853716
S7_BTC_5m_base,logistic_poly2,mp_weighted_skew rv_ratio_60_to_3600,-0.10337856108400408
S7_BTC_5m_base,logistic_poly2,mp_weighted_skew hurst_300s,-0.3063602178701783
S7_BTC_5m_base,logistic_poly2,mp_weighted_skew hurst_100s,-0.04747177411354652
S7_BTC_5m_base,logistic_poly2,mp_weighted_skew hurst_900s,0.12913485872359345
S7_BTC_5m_base,logistic_poly2,mp_weighted_skew trend_slope_30m,0.14801960041495163
S7_BTC_5m_base,logistic_poly2,mp_weighted_skew rv_60s,-0.08020009011492672
S7_BTC_5m_base,logistic_poly2,mp_weighted_skew rv_300s,-0.2853841757555586
S7_BTC_5m_base,logistic_poly2,mp_weighted_skew up_imb5,0.10737483269548033
S7_BTC_5m_base,logistic_poly2,mp_weighted_skew dn_imb5,-0.1871860956659906
S7_BTC_5m_base,logistic_poly2,mp_weighted_skew up_imb25,-0.21440536135030863
S7_BTC_5m_base,logistic_poly2,mp_weighted_skew dn_imb25,0.19737545750564262
S7_BTC_5m_base,logistic_poly2,mp_weighted_skew up_queue_top_bid,0.07271499485623467
S7_BTC_5m_base,logistic_poly2,mp_weighted_skew up_micro_dev_bps,0.020638511928112863
S7_BTC_5m_base,logistic_poly2,mp_weighted_skew dn_micro_dev_bps,0.07591136656463943
S7_BTC_5m_base,logistic_poly2,mp_weighted_skew up_bid_slope,0.05524777946056036
S7_BTC_5m_base,logistic_poly2,mp_weighted_skew up_ask_slope,0.0377884139647778
S7_BTC_5m_base,logistic_poly2,mp_weighted_skew dn_bid_slope,-0.04470586472980305
S7_BTC_5m_base,logistic_poly2,mp_weighted_skew dn_ask_slope,-0.028357765871956923
S7_BTC_5m_base,logistic_poly2,mp_weighted_skew up_imb5_change_500ms,0.03406538496635303
S7_BTC_5m_base,logistic_poly2,mp_weighted_skew up_quote_intensity_5s,0.28041343939327823
S7_BTC_5m_base,logistic_poly2,mp_weighted_skew ribbon_alignment_pct,-0.24633636445236248
S7_BTC_5m_base,logistic_poly2,mp_weighted_skew ribbon_compression_bps,-0.01566376527646468
S7_BTC_5m_base,logistic_poly2,mp_weighted_skew adx_14,0.05509354178526366
S7_BTC_5m_base,logistic_poly2,mp_weighted_skew plus_di_14,0.015778618325916226
S7_BTC_5m_base,logistic_poly2,mp_weighted_skew minus_di_14,0.200839501217966
S7_BTC_5m_base,logistic_poly2,mp_weighted_skew vwap_since_open_bps,0.16458720910786576
S7_BTC_5m_base,logistic_poly2,mp_weighted_skew mfi_60s,-0.28063906657247106
S7_BTC_5m_base,logistic_poly2,mp_weighted_skew stoch_k_60s,0.10772448226677672
S7_BTC_5m_base,logistic_poly2,mp_weighted_skew stoch_d_60s,0.06687884752114424
S7_BTC_5m_base,logistic_poly2,mp_weighted_skew cci_60s,0.09044091899064684
S7_BTC_5m_base,logistic_poly2,mp_weighted_skew bb_pos_60s,-0.04512123090620158
S7_BTC_5m_base,logistic_poly2,mp_weighted_skew bb_width_60s,-0.09613501421840265
S7_BTC_5m_base,logistic_poly2,mp_weighted_skew ofi_skew_l1_30s,-0.16743639615491365
S7_BTC_5m_base,logistic_poly2,mp_weighted_skew mlofi_skew_l5_30s,-0.032942591428281216
S7_BTC_5m_base,logistic_poly2,mp_weighted_skew mlofi_skew_l5_60s,-0.048224162418228196
S7_BTC_5m_base,logistic_poly2,mp_weighted_skew mlofi_skew_l25_30s,0.11699639898604594
S7_BTC_5m_base,logistic_poly2,mp_weighted_skew rsi_14,0.2496772920077826
S7_BTC_5m_base,logistic_poly2,mp_weighted_skew cvd,-0.12933457043989915
S7_BTC_5m_base,logistic_poly2,mp_weighted_skew vpin_value,-0.05603678962691799
S7_BTC_5m_base,logistic_poly2,mp_weighted_skew vpin_zscore,0.2521206262724114
S7_BTC_5m_base,logistic_poly2,mp_weighted_skew as_uncertainty,0.05959679127329298
S7_BTC_5m_base,logistic_poly2,mp_weighted_skew as_skew,0.08591096790993989
S7_BTC_5m_base,logistic_poly2,mp_skew_change_500ms mp_up_dev_bps,-0.031638088132282936
S7_BTC_5m_base,logistic_poly2,mp_skew_change_500ms mp_dn_dev_bps,-0.05006960895754718
S7_BTC_5m_base,logistic_poly2,mp_skew_change_500ms mp_imbalance,0.026657243595518174
S7_BTC_5m_base,logistic_poly2,mp_skew_change_500ms mp_weighted_imbalance,-0.025896795907970765
S7_BTC_5m_base,logistic_poly2,mp_skew_change_500ms L_stat,-0.004807320098603502
S7_BTC_5m_base,logistic_poly2,mp_skew_change_500ms hawkes_lambda_imbalance,-0.07632895011698401
S7_BTC_5m_base,logistic_poly2,mp_skew_change_500ms hawkes_lambda_total,-0.021396047543332707
S7_BTC_5m_base,logistic_poly2,mp_skew_change_500ms rv_ratio_60_to_3600,-0.04365420469127674
S7_BTC_5m_base,logistic_poly2,mp_skew_change_500ms hurst_300s,0.08040135635711874
S7_BTC_5m_base,logistic_poly2,mp_skew_change_500ms hurst_100s,0.041619637279920886
S7_BTC_5m_base,logistic_poly2,mp_skew_change_500ms hurst_900s,0.010826443651113911
S7_BTC_5m_base,logistic_poly2,mp_skew_change_500ms trend_slope_30m,0.07307786243799694
S7_BTC_5m_base,logistic_poly2,mp_skew_change_500ms rv_60s,-0.006706381663794446
S7_BTC_5m_base,logistic_poly2,mp_skew_change_500ms rv_300s,0.10687808341804095
S7_BTC_5m_base,logistic_poly2,mp_skew_change_500ms up_imb5,-0.06644234291158894
S7_BTC_5m_base,logistic_poly2,mp_skew_change_500ms dn_imb5,0.06518145130320287
S7_BTC_5m_base,logistic_poly2,mp_skew_change_500ms up_imb25,0.018381123129374104
S7_BTC_5m_base,logistic_poly2,mp_skew_change_500ms dn_imb25,-0.02009644289119219
S7_BTC_5m_base,logistic_poly2,mp_skew_change_500ms up_queue_top_bid,0.08503886330743034
S7_BTC_5m_base,logistic_poly2,mp_skew_change_500ms up_micro_dev_bps,0.06652395212829988
S7_BTC_5m_base,logistic_poly2,mp_skew_change_500ms dn_micro_dev_bps,-0.011205221426147008
S7_BTC_5m_base,logistic_poly2,mp_skew_change_500ms up_bid_slope,-0.1553948703608783
S7_BTC_5m_base,logistic_poly2,mp_skew_change_500ms up_ask_slope,0.10263244516158448
S7_BTC_5m_base,logistic_poly2,mp_skew_change_500ms dn_bid_slope,-0.10394217502681515
S7_BTC_5m_base,logistic_poly2,mp_skew_change_500ms dn_ask_slope,0.15575096654860462
S7_BTC_5m_base,logistic_poly2,mp_skew_change_500ms up_imb5_change_500ms,-0.014595610308085183
S7_BTC_5m_base,logistic_poly2,mp_skew_change_500ms up_quote_intensity_5s,0.08820481506822511
S7_BTC_5m_base,logistic_poly2,mp_skew_change_500ms ribbon_alignment_pct,-0.00313102731081029
S7_BTC_5m_base,logistic_poly2,mp_skew_change_500ms ribbon_compression_bps,-0.02438151693076568
S7_BTC_5m_base,logistic_poly2,mp_skew_change_500ms adx_14,0.023485075421284335
S7_BTC_5m_base,logistic_poly2,mp_skew_change_500ms plus_di_14,-0.02874460935519947
S7_BTC_5m_base,logistic_poly2,mp_skew_change_500ms minus_di_14,-0.04155759972070034
S7_BTC_5m_base,logistic_poly2,mp_skew_change_500ms vwap_since_open_bps,-0.04588528549858622
S7_BTC_5m_base,logistic_poly2,mp_skew_change_500ms mfi_60s,0.2257372424092282
S7_BTC_5m_base,logistic_poly2,mp_skew_change_500ms stoch_k_60s,-0.03056712611437646
S7_BTC_5m_base,logistic_poly2,mp_skew_change_500ms stoch_d_60s,-0.0371101238366006
S7_BTC_5m_base,logistic_poly2,mp_skew_change_500ms cci_60s,-0.15881152045853766
S7_BTC_5m_base,logistic_poly2,mp_skew_change_500ms bb_pos_60s,-0.021487596951262095
S7_BTC_5m_base,logistic_poly2,mp_skew_change_500ms bb_width_60s,0.01653627013073565
S7_BTC_5m_base,logistic_poly2,mp_skew_change_500ms ofi_skew_l1_30s,0.06053971191337868
S7_BTC_5m_base,logistic_poly2,mp_skew_change_500ms mlofi_skew_l5_30s,0.05139846694344923
S7_BTC_5m_base,logistic_poly2,mp_skew_change_500ms mlofi_skew_l5_60s,-0.06362647965118036
S7_BTC_5m_base,logistic_poly2,mp_skew_change_500ms mlofi_skew_l25_30s,0.10906750946023853
S7_BTC_5m_base,logistic_poly2,mp_skew_change_500ms rsi_14,-0.01041229023910617
S7_BTC_5m_base,logistic_poly2,mp_skew_change_500ms cvd,-0.03028343294135215
S7_BTC_5m_base,logistic_poly2,mp_skew_change_500ms vpin_value,-0.12453423125450248
S7_BTC_5m_base,logistic_poly2,mp_skew_change_500ms vpin_zscore,-0.047562241181253975
S7_BTC_5m_base,logistic_poly2,mp_skew_change_500ms as_uncertainty,0.06791199068029753
S7_BTC_5m_base,logistic_poly2,mp_skew_change_500ms as_skew,0.06633956259673224
S7_BTC_5m_base,logistic_poly2,mp_up_dev_bps mp_dn_dev_bps,0.03687966252340465
S7_BTC_5m_base,logistic_poly2,mp_up_dev_bps mp_imbalance,-0.2806813830155761
S7_BTC_5m_base,logistic_poly2,mp_up_dev_bps mp_weighted_imbalance,0.12769031533764202
S7_BTC_5m_base,logistic_poly2,mp_up_dev_bps L_stat,-0.012596170730883498
S7_BTC_5m_base,logistic_poly2,mp_up_dev_bps hawkes_lambda_imbalance,-0.0920693541595797
S7_BTC_5m_base,logistic_poly2,mp_up_dev_bps hawkes_lambda_total,0.10643425731368836
S7_BTC_5m_base,logistic_poly2,mp_up_dev_bps rv_ratio_60_to_3600,-0.02933922096061743
S7_BTC_5m_base,logistic_poly2,mp_up_dev_bps hurst_300s,0.07771795068514556
S7_BTC_5m_base,logistic_poly2,mp_up_dev_bps hurst_100s,-0.010885761942030343
S7_BTC_5m_base,logistic_poly2,mp_up_dev_bps hurst_900s,0.0904989400622227
S7_BTC_5m_base,logistic_poly2,mp_up_dev_bps trend_slope_30m,0.02976952678490501
S7_BTC_5m_base,logistic_poly2,mp_up_dev_bps rv_60s,0.06410078016763293
S7_BTC_5m_base,logistic_poly2,mp_up_dev_bps rv_300s,0.15046565092033928
S7_BTC_5m_base,logistic_poly2,mp_up_dev_bps up_imb5,-0.14037150056847617
S7_BTC_5m_base,logistic_poly2,mp_up_dev_bps dn_imb5,0.15177545976700008
S7_BTC_5m_base,logistic_poly2,mp_up_dev_bps up_imb25,-0.041744781688096484
S7_BTC_5m_base,logistic_poly2,mp_up_dev_bps dn_imb25,0.044907800873196985
S7_BTC_5m_base,logistic_poly2,mp_up_dev_bps up_queue_top_bid,0.012707918444744611
S7_BTC_5m_base,logistic_poly2,mp_up_dev_bps up_micro_dev_bps,-0.27278460316858755
S7_BTC_5m_base,logistic_poly2,mp_up_dev_bps dn_micro_dev_bps,-0.006398932264091604
S7_BTC_5m_base,logistic_poly2,mp_up_dev_bps up_bid_slope,-0.006052121609910769
S7_BTC_5m_base,logistic_poly2,mp_up_dev_bps up_ask_slope,-0.052162742634849955
S7_BTC_5m_base,logistic_poly2,mp_up_dev_bps dn_bid_slope,0.05353559940988862
S7_BTC_5m_base,logistic_poly2,mp_up_dev_bps dn_ask_slope,0.00647143641031205
S7_BTC_5m_base,logistic_poly2,mp_up_dev_bps up_imb5_change_500ms,-0.06872711737648034
S7_BTC_5m_base,logistic_poly2,mp_up_dev_bps up_quote_intensity_5s,0.01410308898836588
S7_BTC_5m_base,logistic_poly2,mp_up_dev_bps ribbon_alignment_pct,0.04888623812805587
S7_BTC_5m_base,logistic_poly2,mp_up_dev_bps ribbon_compression_bps,0.02437434651273146
S7_BTC_5m_base,logistic_poly2,mp_up_dev_bps adx_14,-0.10840203945414927
S7_BTC_5m_base,logistic_poly2,mp_up_dev_bps plus_di_14,-0.025507664083144078
S7_BTC_5m_base,logistic_poly2,mp_up_dev_bps minus_di_14,0.08829727343658542
S7_BTC_5m_base,logistic_poly2,mp_up_dev_bps vwap_since_open_bps,0.06161926731724513
S7_BTC_5m_base,logistic_poly2,mp_up_dev_bps mfi_60s,0.06957101981263077
S7_BTC_5m_base,logistic_poly2,mp_up_dev_bps stoch_k_60s,0.0699687817952134
S7_BTC_5m_base,logistic_poly2,mp_up_dev_bps stoch_d_60s,0.09305613131039686
S7_BTC_5m_base,logistic_poly2,mp_up_dev_bps cci_60s,0.14766080410999494
S7_BTC_5m_base,logistic_poly2,mp_up_dev_bps bb_pos_60s,-0.08245256069215111
S7_BTC_5m_base,logistic_poly2,mp_up_dev_bps bb_width_60s,-0.07097192520404452
S7_BTC_5m_base,logistic_poly2,mp_up_dev_bps ofi_skew_l1_30s,-0.026341685964598044
S7_BTC_5m_base,logistic_poly2,mp_up_dev_bps mlofi_skew_l5_30s,0.039291890105682625
S7_BTC_5m_base,logistic_poly2,mp_up_dev_bps mlofi_skew_l5_60s,-0.07428359852746333
S7_BTC_5m_base,logistic_poly2,mp_up_dev_bps mlofi_skew_l25_30s,-0.001157695192624064
S7_BTC_5m_base,logistic_poly2,mp_up_dev_bps rsi_14,-0.05570610102298394
S7_BTC_5m_base,logistic_poly2,mp_up_dev_bps cvd,-0.0942131197759479
S7_BTC_5m_base,logistic_poly2,mp_up_dev_bps vpin_value,0.08113389448029758
S7_BTC_5m_base,logistic_poly2,mp_up_dev_bps vpin_zscore,-0.02965175603335216
S7_BTC_5m_base,logistic_poly2,mp_up_dev_bps as_uncertainty,-0.005916497369723818
S7_BTC_5m_base,logistic_poly2,mp_up_dev_bps as_skew,-0.03784870086946401
S7_BTC_5m_base,logistic_poly2,mp_dn_dev_bps mp_imbalance,-0.5462913437738736
S7_BTC_5m_base,logistic_poly2,mp_dn_dev_bps mp_weighted_imbalance,-0.03316345915762416
S7_BTC_5m_base,logistic_poly2,mp_dn_dev_bps L_stat,-0.08180641149807533
S7_BTC_5m_base,logistic_poly2,mp_dn_dev_bps hawkes_lambda_imbalance,-0.033974836130744035
S7_BTC_5m_base,logistic_poly2,mp_dn_dev_bps hawkes_lambda_total,0.051814410522857325
S7_BTC_5m_base,logistic_poly2,mp_dn_dev_bps rv_ratio_60_to_3600,-0.06891264200461246
S7_BTC_5m_base,logistic_poly2,mp_dn_dev_bps hurst_300s,-0.11283676571295849
S7_BTC_5m_base,logistic_poly2,mp_dn_dev_bps hurst_100s,-0.14851019507059537
S7_BTC_5m_base,logistic_poly2,mp_dn_dev_bps hurst_900s,-0.03091073416858794
S7_BTC_5m_base,logistic_poly2,mp_dn_dev_bps trend_slope_30m,0.06983843692088881
S7_BTC_5m_base,logistic_poly2,mp_dn_dev_bps rv_60s,-0.06489315933439409
S7_BTC_5m_base,logistic_poly2,mp_dn_dev_bps rv_300s,-0.09905976487186298
S7_BTC_5m_base,logistic_poly2,mp_dn_dev_bps up_imb5,-0.040238322279814324
S7_BTC_5m_base,logistic_poly2,mp_dn_dev_bps dn_imb5,0.06274707747444465
S7_BTC_5m_base,logistic_poly2,mp_dn_dev_bps up_imb25,-0.03594721205521044
S7_BTC_5m_base,logistic_poly2,mp_dn_dev_bps dn_imb25,0.03769246505993722
S7_BTC_5m_base,logistic_poly2,mp_dn_dev_bps up_queue_top_bid,0.07133567590872708
S7_BTC_5m_base,logistic_poly2,mp_dn_dev_bps up_micro_dev_bps,-0.029087832426465135
S7_BTC_5m_base,logistic_poly2,mp_dn_dev_bps dn_micro_dev_bps,0.08827782030248052
S7_BTC_5m_base,logistic_poly2,mp_dn_dev_bps up_bid_slope,0.0633451370726783
S7_BTC_5m_base,logistic_poly2,mp_dn_dev_bps up_ask_slope,0.06307774044593495
S7_BTC_5m_base,logistic_poly2,mp_dn_dev_bps dn_bid_slope,-0.06413607126202259
S7_BTC_5m_base,logistic_poly2,mp_dn_dev_bps dn_ask_slope,-0.07059811470931661
S7_BTC_5m_base,logistic_poly2,mp_dn_dev_bps up_imb5_change_500ms,0.060307611303289765
S7_BTC_5m_base,logistic_poly2,mp_dn_dev_bps up_quote_intensity_5s,0.029121747770168807
S7_BTC_5m_base,logistic_poly2,mp_dn_dev_bps ribbon_alignment_pct,-0.03656116975795194
S7_BTC_5m_base,logistic_poly2,mp_dn_dev_bps ribbon_compression_bps,0.07944298674393849
S7_BTC_5m_base,logistic_poly2,mp_dn_dev_bps adx_14,0.09028970294859227
S7_BTC_5m_base,logistic_poly2,mp_dn_dev_bps plus_di_14,0.06155171984010063
S7_BTC_5m_base,logistic_poly2,mp_dn_dev_bps minus_di_14,-0.10025000754539214
S7_BTC_5m_base,logistic_poly2,mp_dn_dev_bps vwap_since_open_bps,-0.14387472230943035
S7_BTC_5m_base,logistic_poly2,mp_dn_dev_bps mfi_60s,0.04143250212266023
S7_BTC_5m_base,logistic_poly2,mp_dn_dev_bps stoch_k_60s,0.04407533355881807
S7_BTC_5m_base,logistic_poly2,mp_dn_dev_bps stoch_d_60s,-0.022174630823542162
S7_BTC_5m_base,logistic_poly2,mp_dn_dev_bps cci_60s,-0.17341585109138574
S7_BTC_5m_base,logistic_poly2,mp_dn_dev_bps bb_pos_60s,-0.08447635439453667
S7_BTC_5m_base,logistic_poly2,mp_dn_dev_bps bb_width_60s,-0.13600006619986468
S7_BTC_5m_base,logistic_poly2,mp_dn_dev_bps ofi_skew_l1_30s,0.09894486635152158
S7_BTC_5m_base,logistic_poly2,mp_dn_dev_bps mlofi_skew_l5_30s,0.05168647800765529
S7_BTC_5m_base,logistic_poly2,mp_dn_dev_bps mlofi_skew_l5_60s,-0.03390540438962373
S7_BTC_5m_base,logistic_poly2,mp_dn_dev_bps mlofi_skew_l25_30s,-0.1051058737143
S7_BTC_5m_base,logistic_poly2,mp_dn_dev_bps rsi_14,-0.002128640348902981
S7_BTC_5m_base,logistic_poly2,mp_dn_dev_bps cvd,0.07968019008544884
S7_BTC_5m_base,logistic_poly2,mp_dn_dev_bps vpin_value,0.051260895271198745
S7_BTC_5m_base,logistic_poly2,mp_dn_dev_bps vpin_zscore,0.09996126315608761
S7_BTC_5m_base,logistic_poly2,mp_dn_dev_bps as_uncertainty,0.03398203844134792
S7_BTC_5m_base,logistic_poly2,mp_dn_dev_bps as_skew,0.15586357456931066
S7_BTC_5m_base,logistic_poly2,mp_imbalance mp_weighted_imbalance,-0.043260652009153695
S7_BTC_5m_base,logistic_poly2,mp_imbalance L_stat,-0.1377098854396421
S7_BTC_5m_base,logistic_poly2,mp_imbalance hawkes_lambda_imbalance,-0.10626750202556244
S7_BTC_5m_base,logistic_poly2,mp_imbalance hawkes_lambda_total,0.2547526544765042
S7_BTC_5m_base,logistic_poly2,mp_imbalance rv_ratio_60_to_3600,-0.05593343900726553
S7_BTC_5m_base,logistic_poly2,mp_imbalance hurst_300s,0.00709708996039725
S7_BTC_5m_base,logistic_poly2,mp_imbalance hurst_100s,-0.06408142954158892
S7_BTC_5m_base,logistic_poly2,mp_imbalance hurst_900s,0.20955500583291084
S7_BTC_5m_base,logistic_poly2,mp_imbalance trend_slope_30m,-0.008016043717252334
S7_BTC_5m_base,logistic_poly2,mp_imbalance rv_60s,-0.21335774749434613
S7_BTC_5m_base,logistic_poly2,mp_imbalance rv_300s,0.18255058546265432
S7_BTC_5m_base,logistic_poly2,mp_imbalance up_imb5,-0.11456685037098231
S7_BTC_5m_base,logistic_poly2,mp_imbalance dn_imb5,0.06385247825634796
S7_BTC_5m_base,logistic_poly2,mp_imbalance up_imb25,0.08062141920964609
S7_BTC_5m_base,logistic_poly2,mp_imbalance dn_imb25,-0.07149721872161229
S7_BTC_5m_base,logistic_poly2,mp_imbalance up_queue_top_bid,0.050419042896984116
S7_BTC_5m_base,logistic_poly2,mp_imbalance up_micro_dev_bps,-0.06641859035933712
S7_BTC_5m_base,logistic_poly2,mp_imbalance dn_micro_dev_bps,-0.1972816872669224
S7_BTC_5m_base,logistic_poly2,mp_imbalance up_bid_slope,0.008662401749400897
S7_BTC_5m_base,logistic_poly2,mp_imbalance up_ask_slope,-0.03740579645080567
S7_BTC_5m_base,logistic_poly2,mp_imbalance dn_bid_slope,0.04308295515377595
S7_BTC_5m_base,logistic_poly2,mp_imbalance dn_ask_slope,0.013995737403560549
S7_BTC_5m_base,logistic_poly2,mp_imbalance up_imb5_change_500ms,0.04171205029921812
S7_BTC_5m_base,logistic_poly2,mp_imbalance up_quote_intensity_5s,0.07709163441775913
S7_BTC_5m_base,logistic_poly2,mp_imbalance ribbon_alignment_pct,0.10293135708805846
S7_BTC_5m_base,logistic_poly2,mp_imbalance ribbon_compression_bps,-0.030330854492215398
S7_BTC_5m_base,logistic_poly2,mp_imbalance adx_14,-0.02111410750160469
S7_BTC_5m_base,logistic_poly2,mp_imbalance plus_di_14,0.052661883671821536
S7_BTC_5m_base,logistic_poly2,mp_imbalance minus_di_14,-0.019171866576988637
S7_BTC_5m_base,logistic_poly2,mp_imbalance vwap_since_open_bps,-0.10900688758077527
S7_BTC_5m_base,logistic_poly2,mp_imbalance mfi_60s,0.16008705448457558
S7_BTC_5m_base,logistic_poly2,mp_imbalance stoch_k_60s,0.019757345961558592
S7_BTC_5m_base,logistic_poly2,mp_imbalance stoch_d_60s,0.1436549507131463
S7_BTC_5m_base,logistic_poly2,mp_imbalance cci_60s,-0.14552439729796968
S7_BTC_5m_base,logistic_poly2,mp_imbalance bb_pos_60s,-0.07006382701177202
S7_BTC_5m_base,logistic_poly2,mp_imbalance bb_width_60s,0.22771120719877616
S7_BTC_5m_base,logistic_poly2,mp_imbalance ofi_skew_l1_30s,0.07570998768604917
S7_BTC_5m_base,logistic_poly2,mp_imbalance mlofi_skew_l5_30s,-0.12070283304482109
S7_BTC_5m_base,logistic_poly2,mp_imbalance mlofi_skew_l5_60s,-0.28643340023640856
S7_BTC_5m_base,logistic_poly2,mp_imbalance mlofi_skew_l25_30s,0.04799253356483371
S7_BTC_5m_base,logistic_poly2,mp_imbalance rsi_14,0.08740444347117646
S7_BTC_5m_base,logistic_poly2,mp_imbalance cvd,-0.1110836249824991
S7_BTC_5m_base,logistic_poly2,mp_imbalance vpin_value,-0.10889340012011013
S7_BTC_5m_base,logistic_poly2,mp_imbalance vpin_zscore,0.014121815217984413
S7_BTC_5m_base,logistic_poly2,mp_imbalance as_uncertainty,-0.07472362492618784
S7_BTC_5m_base,logistic_poly2,mp_imbalance as_skew,-0.17718718204933154
S7_BTC_5m_base,logistic_poly2,mp_weighted_imbalance L_stat,-0.26557604867124385
S7_BTC_5m_base,logistic_poly2,mp_weighted_imbalance hawkes_lambda_imbalance,-0.12278667523399243
S7_BTC_5m_base,logistic_poly2,mp_weighted_imbalance hawkes_lambda_total,0.05913789852717432
S7_BTC_5m_base,logistic_poly2,mp_weighted_imbalance rv_ratio_60_to_3600,0.13767769984824987
S7_BTC_5m_base,logistic_poly2,mp_weighted_imbalance hurst_300s,-0.019483567035678155
S7_BTC_5m_base,logistic_poly2,mp_weighted_imbalance hurst_100s,0.0744978349970493
S7_BTC_5m_base,logistic_poly2,mp_weighted_imbalance hurst_900s,-0.12136555243746022
S7_BTC_5m_base,logistic_poly2,mp_weighted_imbalance trend_slope_30m,0.05627477607580011
S7_BTC_5m_base,logistic_poly2,mp_weighted_imbalance rv_60s,-0.07932896277048072
S7_BTC_5m_base,logistic_poly2,mp_weighted_imbalance rv_300s,-0.03654037501315629
S7_BTC_5m_base,logistic_poly2,mp_weighted_imbalance up_imb5,-0.08293807324350624
S7_BTC_5m_base,logistic_poly2,mp_weighted_imbalance dn_imb5,-0.04004842102197984
S7_BTC_5m_base,logistic_poly2,mp_weighted_imbalance up_imb25,0.05043354673205011
S7_BTC_5m_base,logistic_poly2,mp_weighted_imbalance dn_imb25,-0.057261476064409504
S7_BTC_5m_base,logistic_poly2,mp_weighted_imbalance up_queue_top_bid,-0.06481990656756262
S7_BTC_5m_base,logistic_poly2,mp_weighted_imbalance up_micro_dev_bps,-0.053246404392728534
S7_BTC_5m_base,logistic_poly2,mp_weighted_imbalance dn_micro_dev_bps,0.011305249895763505
S7_BTC_5m_base,logistic_poly2,mp_weighted_imbalance up_bid_slope,-0.12450780920236006
S7_BTC_5m_base,logistic_poly2,mp_weighted_imbalance up_ask_slope,-0.01432726947901627
S7_BTC_5m_base,logistic_poly2,mp_weighted_imbalance dn_bid_slope,0.012804227892371076
S7_BTC_5m_base,logistic_poly2,mp_weighted_imbalance dn_ask_slope,0.18019385448427153
S7_BTC_5m_base,logistic_poly2,mp_weighted_imbalance up_imb5_change_500ms,0.017507102425186997
S7_BTC_5m_base,logistic_poly2,mp_weighted_imbalance up_quote_intensity_5s,0.15953021095136358
S7_BTC_5m_base,logistic_poly2,mp_weighted_imbalance ribbon_alignment_pct,0.008468545837420129
S7_BTC_5m_base,logistic_poly2,mp_weighted_imbalance ribbon_compression_bps,0.23846558679139537
S7_BTC_5m_base,logistic_poly2,mp_weighted_imbalance adx_14,-0.024444406578017965
S7_BTC_5m_base,logistic_poly2,mp_weighted_imbalance plus_di_14,-0.0959178550844151
S7_BTC_5m_base,logistic_poly2,mp_weighted_imbalance minus_di_14,-0.2513766131702275
S7_BTC_5m_base,logistic_poly2,mp_weighted_imbalance vwap_since_open_bps,-0.06763403589619653
S7_BTC_5m_base,logistic_poly2,mp_weighted_imbalance mfi_60s,0.0700143768028469
S7_BTC_5m_base,logistic_poly2,mp_weighted_imbalance stoch_k_60s,-0.09019673579431622
S7_BTC_5m_base,logistic_poly2,mp_weighted_imbalance stoch_d_60s,0.019972189236473644
S7_BTC_5m_base,logistic_poly2,mp_weighted_imbalance cci_60s,-0.0303081725290808
S7_BTC_5m_base,logistic_poly2,mp_weighted_imbalance bb_pos_60s,0.04439728789592593
S7_BTC_5m_base,logistic_poly2,mp_weighted_imbalance bb_width_60s,-0.13593039910179414
S7_BTC_5m_base,logistic_poly2,mp_weighted_imbalance ofi_skew_l1_30s,-0.06362862667967413
S7_BTC_5m_base,logistic_poly2,mp_weighted_imbalance mlofi_skew_l5_30s,0.0720120888980878
S7_BTC_5m_base,logistic_poly2,mp_weighted_imbalance mlofi_skew_l5_60s,0.0834268207145441
S7_BTC_5m_base,logistic_poly2,mp_weighted_imbalance mlofi_skew_l25_30s,-0.12736607122020174
S7_BTC_5m_base,logistic_poly2,mp_weighted_imbalance rsi_14,0.05897765042449964
S7_BTC_5m_base,logistic_poly2,mp_weighted_imbalance cvd,0.0927577390818675
S7_BTC_5m_base,logistic_poly2,mp_weighted_imbalance vpin_value,0.08935764056775591
S7_BTC_5m_base,logistic_poly2,mp_weighted_imbalance vpin_zscore,-0.04395717822337916
S7_BTC_5m_base,logistic_poly2,mp_weighted_imbalance as_uncertainty,0.029124085434659466
S7_BTC_5m_base,logistic_poly2,mp_weighted_imbalance as_skew,-0.15528594255719827
S7_BTC_5m_base,logistic_poly2,L_stat hawkes_lambda_imbalance,0.11764665773958621
S7_BTC_5m_base,logistic_poly2,L_stat hawkes_lambda_total,-0.07655971547330719
S7_BTC_5m_base,logistic_poly2,L_stat rv_ratio_60_to_3600,0.09665608706192914
S7_BTC_5m_base,logistic_poly2,L_stat hurst_300s,0.03163442468433987
S7_BTC_5m_base,logistic_poly2,L_stat hurst_100s,0.07044799944347817
S7_BTC_5m_base,logistic_poly2,L_stat hurst_900s,-0.09784401978034077
S7_BTC_5m_base,logistic_poly2,L_stat trend_slope_30m,-0.1836799099528129
S7_BTC_5m_base,logistic_poly2,L_stat rv_60s,0.06119364271081996
S7_BTC_5m_base,logistic_poly2,L_stat rv_300s,0.06096560089546216
S7_BTC_5m_base,logistic_poly2,L_stat up_imb5,0.1819757295346537
S7_BTC_5m_base,logistic_poly2,L_stat dn_imb5,-0.17802216511867833
S7_BTC_5m_base,logistic_poly2,L_stat up_imb25,0.026586041717241864
S7_BTC_5m_base,logistic_poly2,L_stat dn_imb25,-0.02965547880133697
S7_BTC_5m_base,logistic_poly2,L_stat up_queue_top_bid,-0.10804565316434969
S7_BTC_5m_base,logistic_poly2,L_stat up_micro_dev_bps,0.05514382578384534
S7_BTC_5m_base,logistic_poly2,L_stat dn_micro_dev_bps,0.0018251598179799286
S7_BTC_5m_base,logistic_poly2,L_stat up_bid_slope,0.04337510749304912
S7_BTC_5m_base,logistic_poly2,L_stat up_ask_slope,-0.052350957613083476
S7_BTC_5m_base,logistic_poly2,L_stat dn_bid_slope,0.04594078752607074
S7_BTC_5m_base,logistic_poly2,L_stat dn_ask_slope,-0.04202286756882955
S7_BTC_5m_base,logistic_poly2,L_stat up_imb5_change_500ms,-0.04484404301677224
S7_BTC_5m_base,logistic_poly2,L_stat up_quote_intensity_5s,0.08789339177459768
S7_BTC_5m_base,logistic_poly2,L_stat ribbon_alignment_pct,0.11408951697430224
S7_BTC_5m_base,logistic_poly2,L_stat ribbon_compression_bps,-0.11529338872806962
S7_BTC_5m_base,logistic_poly2,L_stat adx_14,-0.08659938067784889
S7_BTC_5m_base,logistic_poly2,L_stat plus_di_14,0.07277377012374982
S7_BTC_5m_base,logistic_poly2,L_stat minus_di_14,0.18312635821788467
S7_BTC_5m_base,logistic_poly2,L_stat vwap_since_open_bps,-0.08595877103639767
S7_BTC_5m_base,logistic_poly2,L_stat mfi_60s,0.10112518050224058
S7_BTC_5m_base,logistic_poly2,L_stat stoch_k_60s,-0.09282265317963243
S7_BTC_5m_base,logistic_poly2,L_stat stoch_d_60s,-0.2005640702388494
S7_BTC_5m_base,logistic_poly2,L_stat cci_60s,0.004858660508874675
S7_BTC_5m_base,logistic_poly2,L_stat bb_pos_60s,0.08632131475287963
S7_BTC_5m_base,logistic_poly2,L_stat bb_width_60s,-0.04958934755634856
S7_BTC_5m_base,logistic_poly2,L_stat ofi_skew_l1_30s,0.00973940818846821
S7_BTC_5m_base,logistic_poly2,L_stat mlofi_skew_l5_30s,-0.10488917580134194
S7_BTC_5m_base,logistic_poly2,L_stat mlofi_skew_l5_60s,0.05994557196891847
S7_BTC_5m_base,logistic_poly2,L_stat mlofi_skew_l25_30s,0.08046677383263127
S7_BTC_5m_base,logistic_poly2,L_stat rsi_14,0.13247120407780585
S7_BTC_5m_base,logistic_poly2,L_stat cvd,-0.19375871970277686
S7_BTC_5m_base,logistic_poly2,L_stat vpin_value,-0.18029427115056404
S7_BTC_5m_base,logistic_poly2,L_stat vpin_zscore,0.21870719105651987
S7_BTC_5m_base,logistic_poly2,L_stat as_uncertainty,-0.07898313368130445
S7_BTC_5m_base,logistic_poly2,L_stat as_skew,-0.13208069031385788
S7_BTC_5m_base,logistic_poly2,hawkes_lambda_imbalance hawkes_lambda_total,0.05566694718848046
S7_BTC_5m_base,logistic_poly2,hawkes_lambda_imbalance rv_ratio_60_to_3600,-0.0978588738775242
S7_BTC_5m_base,logistic_poly2,hawkes_lambda_imbalance hurst_300s,0.06541727272112298
S7_BTC_5m_base,logistic_poly2,hawkes_lambda_imbalance hurst_100s,-0.19968758136800924
S7_BTC_5m_base,logistic_poly2,hawkes_lambda_imbalance hurst_900s,-0.13834606864862758
S7_BTC_5m_base,logistic_poly2,hawkes_lambda_imbalance trend_slope_30m,-0.05433989479927083
S7_BTC_5m_base,logistic_poly2,hawkes_lambda_imbalance rv_60s,-0.04866089045995019
S7_BTC_5m_base,logistic_poly2,hawkes_lambda_imbalance rv_300s,0.09343797023343105
S7_BTC_5m_base,logistic_poly2,hawkes_lambda_imbalance up_imb5,0.0707741647157466
S7_BTC_5m_base,logistic_poly2,hawkes_lambda_imbalance dn_imb5,-0.013430451285221228
S7_BTC_5m_base,logistic_poly2,hawkes_lambda_imbalance up_imb25,-0.05589598555413301
S7_BTC_5m_base,logistic_poly2,hawkes_lambda_imbalance dn_imb25,0.05110992988235016
S7_BTC_5m_base,logistic_poly2,hawkes_lambda_imbalance up_queue_top_bid,-0.06764493390300687
S7_BTC_5m_base,logistic_poly2,hawkes_lambda_imbalance up_micro_dev_bps,0.059991386182099295
S7_BTC_5m_base,logistic_poly2,hawkes_lambda_imbalance dn_micro_dev_bps,-0.09169703412167522
S7_BTC_5m_base,logistic_poly2,hawkes_lambda_imbalance up_bid_slope,0.05726355883192403
S7_BTC_5m_base,logistic_poly2,hawkes_lambda_imbalance up_ask_slope,0.09012919281789566
S7_BTC_5m_base,logistic_poly2,hawkes_lambda_imbalance dn_bid_slope,-0.11187650875078606
S7_BTC_5m_base,logistic_poly2,hawkes_lambda_imbalance dn_ask_slope,-0.03450558233635811
S7_BTC_5m_base,logistic_poly2,hawkes_lambda_imbalance up_imb5_change_500ms,-0.07890370370164519
S7_BTC_5m_base,logistic_poly2,hawkes_lambda_imbalance up_quote_intensity_5s,-0.04825288195277233
S7_BTC_5m_base,logistic_poly2,hawkes_lambda_imbalance ribbon_alignment_pct,-0.000377388240765861
S7_BTC_5m_base,logistic_poly2,hawkes_lambda_imbalance ribbon_compression_bps,0.22826001581706915
S7_BTC_5m_base,logistic_poly2,hawkes_lambda_imbalance adx_14,-0.13788230162947043
S7_BTC_5m_base,logistic_poly2,hawkes_lambda_imbalance plus_di_14,0.2652961453424189
S7_BTC_5m_base,logistic_poly2,hawkes_lambda_imbalance minus_di_14,0.2704333713641646
S7_BTC_5m_base,logistic_poly2,hawkes_lambda_imbalance vwap_since_open_bps,0.10504041328928022
S7_BTC_5m_base,logistic_poly2,hawkes_lambda_imbalance mfi_60s,0.15047168099382593
S7_BTC_5m_base,logistic_poly2,hawkes_lambda_imbalance stoch_k_60s,0.020811173691517713
S7_BTC_5m_base,logistic_poly2,hawkes_lambda_imbalance stoch_d_60s,0.0550485657555079
S7_BTC_5m_base,logistic_poly2,hawkes_lambda_imbalance cci_60s,-0.07787280414847425
S7_BTC_5m_base,logistic_poly2,hawkes_lambda_imbalance bb_pos_60s,0.00828740437958138
S7_BTC_5m_base,logistic_poly2,hawkes_lambda_imbalance bb_width_60s,-0.23261771546261822
S7_BTC_5m_base,logistic_poly2,hawkes_lambda_imbalance ofi_skew_l1_30s,0.0357100661281117
S7_BTC_5m_base,logistic_poly2,hawkes_lambda_imbalance mlofi_skew_l5_30s,0.026750873263494367
S7_BTC_5m_base,logistic_poly2,hawkes_lambda_imbalance mlofi_skew_l5_60s,-0.04943336599291077
S7_BTC_5m_base,logistic_poly2,hawkes_lambda_imbalance mlofi_skew_l25_30s,-0.03640896322716078
S7_BTC_5m_base,logistic_poly2,hawkes_lambda_imbalance rsi_14,0.1296718124270421
S7_BTC_5m_base,logistic_poly2,hawkes_lambda_imbalance cvd,0.09403346892084802
S7_BTC_5m_base,logistic_poly2,hawkes_lambda_imbalance vpin_value,0.13190924614022745
S7_BTC_5m_base,logistic_poly2,hawkes_lambda_imbalance vpin_zscore,-0.23460385108071127
S7_BTC_5m_base,logistic_poly2,hawkes_lambda_imbalance as_uncertainty,-0.09867001459475691
S7_BTC_5m_base,logistic_poly2,hawkes_lambda_imbalance as_skew,0.0488572244366954
S7_BTC_5m_base,logistic_poly2,hawkes_lambda_total rv_ratio_60_to_3600,0.019548451356822875
S7_BTC_5m_base,logistic_poly2,hawkes_lambda_total hurst_300s,0.1437265759847715
S7_BTC_5m_base,logistic_poly2,hawkes_lambda_total hurst_100s,-0.062019014844713456
S7_BTC_5m_base,logistic_poly2,hawkes_lambda_total hurst_900s,-0.0525112859243389
S7_BTC_5m_base,logistic_poly2,hawkes_lambda_total trend_slope_30m,-0.3929733742781365
S7_BTC_5m_base,logistic_poly2,hawkes_lambda_total rv_60s,0.25194362665038217
S7_BTC_5m_base,logistic_poly2,hawkes_lambda_total rv_300s,-0.19343590524423962
S7_BTC_5m_base,logistic_poly2,hawkes_lambda_total up_imb5,-0.023351565419490596
S7_BTC_5m_base,logistic_poly2,hawkes_lambda_total dn_imb5,-0.01055803974783907
S7_BTC_5m_base,logistic_poly2,hawkes_lambda_total up_imb25,-0.07222407784949901
S7_BTC_5m_base,logistic_poly2,hawkes_lambda_total dn_imb25,0.060030701917601084
S7_BTC_5m_base,logistic_poly2,hawkes_lambda_total up_queue_top_bid,0.010168750964854829
S7_BTC_5m_base,logistic_poly2,hawkes_lambda_total up_micro_dev_bps,-0.043801568567596726
S7_BTC_5m_base,logistic_poly2,hawkes_lambda_total dn_micro_dev_bps,-0.026989916244070423
S7_BTC_5m_base,logistic_poly2,hawkes_lambda_total up_bid_slope,0.16952679240898608
S7_BTC_5m_base,logistic_poly2,hawkes_lambda_total up_ask_slope,0.0018639386876368041
S7_BTC_5m_base,logistic_poly2,hawkes_lambda_total dn_bid_slope,-0.011691616434133663
S7_BTC_5m_base,logistic_poly2,hawkes_lambda_total dn_ask_slope,-0.16839003951212833
S7_BTC_5m_base,logistic_poly2,hawkes_lambda_total up_imb5_change_500ms,0.14087679979461518
S7_BTC_5m_base,logistic_poly2,hawkes_lambda_total up_quote_intensity_5s,-0.03772104260730488
S7_BTC_5m_base,logistic_poly2,hawkes_lambda_total ribbon_alignment_pct,-0.024036858520322796
S7_BTC_5m_base,logistic_poly2,hawkes_lambda_total ribbon_compression_bps,0.07445485047263531
S7_BTC_5m_base,logistic_poly2,hawkes_lambda_total adx_14,-0.04977203629063151
S7_BTC_5m_base,logistic_poly2,hawkes_lambda_total plus_di_14,0.3385450515090421
S7_BTC_5m_base,logistic_poly2,hawkes_lambda_total minus_di_14,0.1977621310887265
S7_BTC_5m_base,logistic_poly2,hawkes_lambda_total vwap_since_open_bps,-0.004337682386934377
S7_BTC_5m_base,logistic_poly2,hawkes_lambda_total mfi_60s,-0.17266515868641183
S7_BTC_5m_base,logistic_poly2,hawkes_lambda_total stoch_k_60s,0.03918744756693331
S7_BTC_5m_base,logistic_poly2,hawkes_lambda_total stoch_d_60s,-0.013282026494388428
S7_BTC_5m_base,logistic_poly2,hawkes_lambda_total cci_60s,-0.009237728028191668
S7_BTC_5m_base,logistic_poly2,hawkes_lambda_total bb_pos_60s,0.16589481982665694
S7_BTC_5m_base,logistic_poly2,hawkes_lambda_total bb_width_60s,-0.13532991624628277
S7_BTC_5m_base,logistic_poly2,hawkes_lambda_total ofi_skew_l1_30s,0.08414794279539008
S7_BTC_5m_base,logistic_poly2,hawkes_lambda_total mlofi_skew_l5_30s,0.17100745820881247
S7_BTC_5m_base,logistic_poly2,hawkes_lambda_total mlofi_skew_l5_60s,-0.06774886623907449
S7_BTC_5m_base,logistic_poly2,hawkes_lambda_total mlofi_skew_l25_30s,-0.15307094373462463
S7_BTC_5m_base,logistic_poly2,hawkes_lambda_total rsi_14,0.10744392807715061
S7_BTC_5m_base,logistic_poly2,hawkes_lambda_total cvd,0.1836906323879974
S7_BTC_5m_base,logistic_poly2,hawkes_lambda_total vpin_value,0.008147922355819669
S7_BTC_5m_base,logistic_poly2,hawkes_lambda_total vpin_zscore,-0.05469405767529941
S7_BTC_5m_base,logistic_poly2,hawkes_lambda_total as_uncertainty,0.06567514881402618
S7_BTC_5m_base,logistic_poly2,hawkes_lambda_total as_skew,-0.010990398076634548
S7_BTC_5m_base,logistic_poly2,rv_ratio_60_to_3600 hurst_300s,0.020105615960805488
S7_BTC_5m_base,logistic_poly2,rv_ratio_60_to_3600 hurst_100s,0.008417289624358185
S7_BTC_5m_base,logistic_poly2,rv_ratio_60_to_3600 hurst_900s,-0.057548441675260215
S7_BTC_5m_base,logistic_poly2,rv_ratio_60_to_3600 trend_slope_30m,0.0013887684372680042
S7_BTC_5m_base,logistic_poly2,rv_ratio_60_to_3600 rv_60s,-0.07410209294854081
S7_BTC_5m_base,logistic_poly2,rv_ratio_60_to_3600 rv_300s,-0.06894711085754653
S7_BTC_5m_base,logistic_poly2,rv_ratio_60_to_3600 up_imb5,0.0778241668911197
S7_BTC_5m_base,logistic_poly2,rv_ratio_60_to_3600 dn_imb5,-0.045588570339434906
S7_BTC_5m_base,logistic_poly2,rv_ratio_60_to_3600 up_imb25,-0.10785230508900584
S7_BTC_5m_base,logistic_poly2,rv_ratio_60_to_3600 dn_imb25,0.10368156341129187
S7_BTC_5m_base,logistic_poly2,rv_ratio_60_to_3600 up_queue_top_bid,-0.11635222376064555
S7_BTC_5m_base,logistic_poly2,rv_ratio_60_to_3600 up_micro_dev_bps,-0.00981879809142293
S7_BTC_5m_base,logistic_poly2,rv_ratio_60_to_3600 dn_micro_dev_bps,0.03755386663087452
S7_BTC_5m_base,logistic_poly2,rv_ratio_60_to_3600 up_bid_slope,-0.09433452095679874
S7_BTC_5m_base,logistic_poly2,rv_ratio_60_to_3600 up_ask_slope,-0.10378233332320594
S7_BTC_5m_base,logistic_poly2,rv_ratio_60_to_3600 dn_bid_slope,0.10732410557054443
S7_BTC_5m_base,logistic_poly2,rv_ratio_60_to_3600 dn_ask_slope,0.06617776633116437
S7_BTC_5m_base,logistic_poly2,rv_ratio_60_to_3600 up_imb5_change_500ms,-0.06209843050715958
S7_BTC_5m_base,logistic_poly2,rv_ratio_60_to_3600 up_quote_intensity_5s,-0.18543965962581493
S7_BTC_5m_base,logistic_poly2,rv_ratio_60_to_3600 ribbon_alignment_pct,-0.06316457646598708
S7_BTC_5m_base,logistic_poly2,rv_ratio_60_to_3600 ribbon_compression_bps,0.06254031896179361
S7_BTC_5m_base,logistic_poly2,rv_ratio_60_to_3600 adx_14,0.09376776910257968
S7_BTC_5m_base,logistic_poly2,rv_ratio_60_to_3600 plus_di_14,-0.1608144508612889
S7_BTC_5m_base,logistic_poly2,rv_ratio_60_to_3600 minus_di_14,-0.1434046724238898
S7_BTC_5m_base,logistic_poly2,rv_ratio_60_to_3600 vwap_since_open_bps,0.04128779387198397
S7_BTC_5m_base,logistic_poly2,rv_ratio_60_to_3600 mfi_60s,-0.04005623597000812
S7_BTC_5m_base,logistic_poly2,rv_ratio_60_to_3600 stoch_k_60s,-0.04612330048528886
S7_BTC_5m_base,logistic_poly2,rv_ratio_60_to_3600 stoch_d_60s,0.011214439669395495
S7_BTC_5m_base,logistic_poly2,rv_ratio_60_to_3600 cci_60s,0.06823498780615936
S7_BTC_5m_base,logistic_poly2,rv_ratio_60_to_3600 bb_pos_60s,-0.10671291305265902
S7_BTC_5m_base,logistic_poly2,rv_ratio_60_to_3600 bb_width_60s,0.16689133187068217
S7_BTC_5m_base,logistic_poly2,rv_ratio_60_to_3600 ofi_skew_l1_30s,-0.1861928365999794
S7_BTC_5m_base,logistic_poly2,rv_ratio_60_to_3600 mlofi_skew_l5_30s,0.017404249357824145
S7_BTC_5m_base,logistic_poly2,rv_ratio_60_to_3600 mlofi_skew_l5_60s,-0.14714021335299474
S7_BTC_5m_base,logistic_poly2,rv_ratio_60_to_3600 mlofi_skew_l25_30s,-0.025936512881792356
S7_BTC_5m_base,logistic_poly2,rv_ratio_60_to_3600 rsi_14,-0.45686449100996
S7_BTC_5m_base,logistic_poly2,rv_ratio_60_to_3600 cvd,0.17543229838279809
S7_BTC_5m_base,logistic_poly2,rv_ratio_60_to_3600 vpin_value,-0.01973621220010633
S7_BTC_5m_base,logistic_poly2,rv_ratio_60_to_3600 vpin_zscore,-0.13032662149321173
S7_BTC_5m_base,logistic_poly2,rv_ratio_60_to_3600 as_uncertainty,-0.06784046785659019
S7_BTC_5m_base,logistic_poly2,rv_ratio_60_to_3600 as_skew,-0.22095285490457703
S7_BTC_5m_base,logistic_poly2,hurst_300s hurst_100s,-0.0415884382676304
S7_BTC_5m_base,logistic_poly2,hurst_300s hurst_900s,0.03154411513053776
S7_BTC_5m_base,logistic_poly2,hurst_300s trend_slope_30m,-0.026922360762716247
S7_BTC_5m_base,logistic_poly2,hurst_300s rv_60s,0.23460467029047433
S7_BTC_5m_base,logistic_poly2,hurst_300s rv_300s,-0.15482600840827343
S7_BTC_5m_base,logistic_poly2,hurst_300s up_imb5,-0.013997824961403876
S7_BTC_5m_base,logistic_poly2,hurst_300s dn_imb5,-0.034430017628929784
S7_BTC_5m_base,logistic_poly2,hurst_300s up_imb25,-0.013931289973564579
S7_BTC_5m_base,logistic_poly2,hurst_300s dn_imb25,0.025362134780132897
S7_BTC_5m_base,logistic_poly2,hurst_300s up_queue_top_bid,0.06034609129642062
S7_BTC_5m_base,logistic_poly2,hurst_300s up_micro_dev_bps,-0.02421290667298209
S7_BTC_5m_base,logistic_poly2,hurst_300s dn_micro_dev_bps,0.10295127527005336
S7_BTC_5m_base,logistic_poly2,hurst_300s up_bid_slope,0.13425940694619415
S7_BTC_5m_base,logistic_poly2,hurst_300s up_ask_slope,0.0392025295115174
S7_BTC_5m_base,logistic_poly2,hurst_300s dn_bid_slope,-0.05407010828739557
S7_BTC_5m_base,logistic_poly2,hurst_300s dn_ask_slope,-0.10314236991402366
S7_BTC_5m_base,logistic_poly2,hurst_300s up_imb5_change_500ms,-0.03826053483517372
S7_BTC_5m_base,logistic_poly2,hurst_300s up_quote_intensity_5s,-0.004215661842243387
S7_BTC_5m_base,logistic_poly2,hurst_300s ribbon_alignment_pct,-0.009326826477568348
S7_BTC_5m_base,logistic_poly2,hurst_300s ribbon_compression_bps,0.3455194129805299
S7_BTC_5m_base,logistic_poly2,hurst_300s adx_14,0.06080348894844027
S7_BTC_5m_base,logistic_poly2,hurst_300s plus_di_14,-0.04583177024659218
S7_BTC_5m_base,logistic_poly2,hurst_300s minus_di_14,0.002312390885108842
S7_BTC_5m_base,logistic_poly2,hurst_300s vwap_since_open_bps,-0.2441775706112085
S7_BTC_5m_base,logistic_poly2,hurst_300s mfi_60s,0.042707008738013454
S7_BTC_5m_base,logistic_poly2,hurst_300s stoch_k_60s,-0.07812533137276843
S7_BTC_5m_base,logistic_poly2,hurst_300s stoch_d_60s,0.04113603219982301
S7_BTC_5m_base,logistic_poly2,hurst_300s cci_60s,-0.0046289324908642526
S7_BTC_5m_base,logistic_poly2,hurst_300s bb_pos_60s,-0.08597448895981338
S7_BTC_5m_base,logistic_poly2,hurst_300s bb_width_60s,-0.2902854679712371
S7_BTC_5m_base,logistic_poly2,hurst_300s ofi_skew_l1_30s,-0.03793625725722511
S7_BTC_5m_base,logistic_poly2,hurst_300s mlofi_skew_l5_30s,0.12124064378220861
S7_BTC_5m_base,logistic_poly2,hurst_300s mlofi_skew_l5_60s,-0.2019353485929481
S7_BTC_5m_base,logistic_poly2,hurst_300s mlofi_skew_l25_30s,-0.015043052831628424
S7_BTC_5m_base,logistic_poly2,hurst_300s rsi_14,0.02678566297407347
S7_BTC_5m_base,logistic_poly2,hurst_300s cvd,9.650852333122658e-05
S7_BTC_5m_base,logistic_poly2,hurst_300s vpin_value,0.10087984860331821
S7_BTC_5m_base,logistic_poly2,hurst_300s vpin_zscore,-0.1997297288756086
S7_BTC_5m_base,logistic_poly2,hurst_300s as_uncertainty,-0.09272714933826945
S7_BTC_5m_base,logistic_poly2,hurst_300s as_skew,-4.714115304135079e-05
S7_BTC_5m_base,logistic_poly2,hurst_100s hurst_900s,0.11963089268167398
S7_BTC_5m_base,logistic_poly2,hurst_100s trend_slope_30m,-0.0442681188667143
S7_BTC_5m_base,logistic_poly2,hurst_100s rv_60s,-0.19473824177040336
S7_BTC_5m_base,logistic_poly2,hurst_100s rv_300s,-0.11437081877024967
S7_BTC_5m_base,logistic_poly2,hurst_100s up_imb5,0.0354205431466589
S7_BTC_5m_base,logistic_poly2,hurst_100s dn_imb5,0.03258055393810206
S7_BTC_5m_base,logistic_poly2,hurst_100s up_imb25,-0.04668572360585233
S7_BTC_5m_base,logistic_poly2,hurst_100s dn_imb25,0.06974117368129507
S7_BTC_5m_base,logistic_poly2,hurst_100s up_queue_top_bid,0.02065749502246266
S7_BTC_5m_base,logistic_poly2,hurst_100s up_micro_dev_bps,-0.026009253420297487
S7_BTC_5m_base,logistic_poly2,hurst_100s dn_micro_dev_bps,-0.060030872346910624
S7_BTC_5m_base,logistic_poly2,hurst_100s up_bid_slope,0.13579544480367875
S7_BTC_5m_base,logistic_poly2,hurst_100s up_ask_slope,0.0017460072153661706
S7_BTC_5m_base,logistic_poly2,hurst_100s dn_bid_slope,0.009736892770827591
S7_BTC_5m_base,logistic_poly2,hurst_100s dn_ask_slope,-0.127208908720684
S7_BTC_5m_base,logistic_poly2,hurst_100s up_imb5_change_500ms,-0.010556914332046244
S7_BTC_5m_base,logistic_poly2,hurst_100s up_quote_intensity_5s,-0.08939777849323506
S7_BTC_5m_base,logistic_poly2,hurst_100s ribbon_alignment_pct,0.14157295288824304
S7_BTC_5m_base,logistic_poly2,hurst_100s ribbon_compression_bps,0.23507870561572397
S7_BTC_5m_base,logistic_poly2,hurst_100s adx_14,0.006515232330540009
S7_BTC_5m_base,logistic_poly2,hurst_100s plus_di_14,-0.08987371803053983
S7_BTC_5m_base,logistic_poly2,hurst_100s minus_di_14,-0.18594333319962855
S7_BTC_5m_base,logistic_poly2,hurst_100s vwap_since_open_bps,-0.26439228237640233
S7_BTC_5m_base,logistic_poly2,hurst_100s mfi_60s,0.07328669873835646
S7_BTC_5m_base,logistic_poly2,hurst_100s stoch_k_60s,0.021792158153948464
S7_BTC_5m_base,logistic_poly2,hurst_100s stoch_d_60s,-0.14418173720799785
S7_BTC_5m_base,logistic_poly2,hurst_100s cci_60s,-0.20252928478521412
S7_BTC_5m_base,logistic_poly2,hurst_100s bb_pos_60s,0.10700845155112887
S7_BTC_5m_base,logistic_poly2,hurst_100s bb_width_60s,0.19300356196959054
S7_BTC_5m_base,logistic_poly2,hurst_100s ofi_skew_l1_30s,0.09932884087606442
S7_BTC_5m_base,logistic_poly2,hurst_100s mlofi_skew_l5_30s,-0.021340990630785497
S7_BTC_5m_base,logistic_poly2,hurst_100s mlofi_skew_l5_60s,-0.21470201452164717
S7_BTC_5m_base,logistic_poly2,hurst_100s mlofi_skew_l25_30s,-0.0690274526206077
S7_BTC_5m_base,logistic_poly2,hurst_100s rsi_14,-0.203724744112771
S7_BTC_5m_base,logistic_poly2,hurst_100s cvd,0.007134607112652194
S7_BTC_5m_base,logistic_poly2,hurst_100s vpin_value,-0.13522229079620085
S7_BTC_5m_base,logistic_poly2,hurst_100s vpin_zscore,0.11886228273195205
S7_BTC_5m_base,logistic_poly2,hurst_100s as_uncertainty,-0.042428206015420626
S7_BTC_5m_base,logistic_poly2,hurst_100s as_skew,-0.06986950602504292
S7_BTC_5m_base,logistic_poly2,hurst_900s trend_slope_30m,0.089280320274327
S7_BTC_5m_base,logistic_poly2,hurst_900s rv_60s,-0.14508181229455464
S7_BTC_5m_base,logistic_poly2,hurst_900s rv_300s,0.1995702192883642
S7_BTC_5m_base,logistic_poly2,hurst_900s up_imb5,-0.07170819487271014
S7_BTC_5m_base,logistic_poly2,hurst_900s dn_imb5,0.07110081497762574
S7_BTC_5m_base,logistic_poly2,hurst_900s up_imb25,0.06863141798452821
S7_BTC_5m_base,logistic_poly2,hurst_900s dn_imb25,-0.07134897208739349
S7_BTC_5m_base,logistic_poly2,hurst_900s up_queue_top_bid,-0.017743675562426522
S7_BTC_5m_base,logistic_poly2,hurst_900s up_micro_dev_bps,-0.006774344649982797
S7_BTC_5m_base,logistic_poly2,hurst_900s dn_micro_dev_bps,-0.03907643435275084
S7_BTC_5m_base,logistic_poly2,hurst_900s up_bid_slope,-0.05999570809100586
S7_BTC_5m_base,logistic_poly2,hurst_900s up_ask_slope,-0.0937964846413591
S7_BTC_5m_base,logistic_poly2,hurst_900s dn_bid_slope,0.07405457448105403
S7_BTC_5m_base,logistic_poly2,hurst_900s dn_ask_slope,0.06530236928669411
S7_BTC_5m_base,logistic_poly2,hurst_900s up_imb5_change_500ms,0.11619953648862139
S7_BTC_5m_base,logistic_poly2,hurst_900s up_quote_intensity_5s,-0.08030923671812923
S7_BTC_5m_base,logistic_poly2,hurst_900s ribbon_alignment_pct,0.0911737562160078
S7_BTC_5m_base,logistic_poly2,hurst_900s ribbon_compression_bps,-0.15155029338306114
S7_BTC_5m_base,logistic_poly2,hurst_900s adx_14,0.0673601848754464
S7_BTC_5m_base,logistic_poly2,hurst_900s plus_di_14,-0.0294858149190287
S7_BTC_5m_base,logistic_poly2,hurst_900s minus_di_14,-0.0563768056720168
S7_BTC_5m_base,logistic_poly2,hurst_900s vwap_since_open_bps,0.18063174024291956
S7_BTC_5m_base,logistic_poly2,hurst_900s mfi_60s,0.0845876702859732
S7_BTC_5m_base,logistic_poly2,hurst_900s stoch_k_60s,0.09593394701123352
S7_BTC_5m_base,logistic_poly2,hurst_900s stoch_d_60s,0.04079217838445435
S7_BTC_5m_base,logistic_poly2,hurst_900s cci_60s,0.027735709564639385
S7_BTC_5m_base,logistic_poly2,hurst_900s bb_pos_60s,-0.10559744942038307
S7_BTC_5m_base,logistic_poly2,hurst_900s bb_width_60s,0.16671725794589415
S7_BTC_5m_base,logistic_poly2,hurst_900s ofi_skew_l1_30s,0.06093025691987768
S7_BTC_5m_base,logistic_poly2,hurst_900s mlofi_skew_l5_30s,0.23306510551521986
S7_BTC_5m_base,logistic_poly2,hurst_900s mlofi_skew_l5_60s,-0.12874228474493501
S7_BTC_5m_base,logistic_poly2,hurst_900s mlofi_skew_l25_30s,-0.06586290390794015
S7_BTC_5m_base,logistic_poly2,hurst_900s rsi_14,0.021394476652072184
S7_BTC_5m_base,logistic_poly2,hurst_900s cvd,-0.07119233988331333
S7_BTC_5m_base,logistic_poly2,hurst_900s vpin_value,0.09363839150145103
S7_BTC_5m_base,logistic_poly2,hurst_900s vpin_zscore,0.0834364466509109
S7_BTC_5m_base,logistic_poly2,hurst_900s as_uncertainty,-0.06695118393547396
S7_BTC_5m_base,logistic_poly2,hurst_900s as_skew,0.11552432392831034
S7_BTC_5m_base,logistic_poly2,trend_slope_30m rv_60s,0.14371719505245364
S7_BTC_5m_base,logistic_poly2,trend_slope_30m rv_300s,-0.1517795024968229
S7_BTC_5m_base,logistic_poly2,trend_slope_30m up_imb5,0.05154619823902757
S7_BTC_5m_base,logistic_poly2,trend_slope_30m dn_imb5,-0.0773120609225343
S7_BTC_5m_base,logistic_poly2,trend_slope_30m up_imb25,0.023320356353450627
S7_BTC_5m_base,logistic_poly2,trend_slope_30m dn_imb25,-0.031296324438970596
S7_BTC_5m_base,logistic_poly2,trend_slope_30m up_queue_top_bid,0.026573641252930845
S7_BTC_5m_base,logistic_poly2,trend_slope_30m up_micro_dev_bps,-0.01811803515875129
S7_BTC_5m_base,logistic_poly2,trend_slope_30m dn_micro_dev_bps,0.2427258248773886
S7_BTC_5m_base,logistic_poly2,trend_slope_30m up_bid_slope,-0.09128994006515789
S7_BTC_5m_base,logistic_poly2,trend_slope_30m up_ask_slope,-0.05028612516930112
S7_BTC_5m_base,logistic_poly2,trend_slope_30m dn_bid_slope,0.040036925824766256
S7_BTC_5m_base,logistic_poly2,trend_slope_30m dn_ask_slope,0.09061870795493072
S7_BTC_5m_base,logistic_poly2,trend_slope_30m up_imb5_change_500ms,-0.019606580804435298
S7_BTC_5m_base,logistic_poly2,trend_slope_30m up_quote_intensity_5s,-0.007632464786481622
S7_BTC_5m_base,logistic_poly2,trend_slope_30m ribbon_alignment_pct,-0.09694669246313012
S7_BTC_5m_base,logistic_poly2,trend_slope_30m ribbon_compression_bps,0.11937535677041142
S7_BTC_5m_base,logistic_poly2,trend_slope_30m adx_14,0.14067775793641613
S7_BTC_5m_base,logistic_poly2,trend_slope_30m plus_di_14,0.1173116867101063
S7_BTC_5m_base,logistic_poly2,trend_slope_30m minus_di_14,0.0038156093997983673
S7_BTC_5m_base,logistic_poly2,trend_slope_30m vwap_since_open_bps,-0.05457657968663141
S7_BTC_5m_base,logistic_poly2,trend_slope_30m mfi_60s,-0.1841993695795489
S7_BTC_5m_base,logistic_poly2,trend_slope_30m stoch_k_60s,0.021569844684642653
S7_BTC_5m_base,logistic_poly2,trend_slope_30m stoch_d_60s,0.04140690848858663
S7_BTC_5m_base,logistic_poly2,trend_slope_30m cci_60s,-0.03810556811795859
S7_BTC_5m_base,logistic_poly2,trend_slope_30m bb_pos_60s,-0.008004094169229566
S7_BTC_5m_base,logistic_poly2,trend_slope_30m bb_width_60s,0.038526988766198006
S7_BTC_5m_base,logistic_poly2,trend_slope_30m ofi_skew_l1_30s,-0.03272895884711861
S7_BTC_5m_base,logistic_poly2,trend_slope_30m mlofi_skew_l5_30s,-0.12105219245640882
S7_BTC_5m_base,logistic_poly2,trend_slope_30m mlofi_skew_l5_60s,0.3306816369907201
S7_BTC_5m_base,logistic_poly2,trend_slope_30m mlofi_skew_l25_30s,0.04136602958789329
S7_BTC_5m_base,logistic_poly2,trend_slope_30m rsi_14,0.0034140539226051965
S7_BTC_5m_base,logistic_poly2,trend_slope_30m cvd,0.020625600318395814
S7_BTC_5m_base,logistic_poly2,trend_slope_30m vpin_value,0.31892586539093914
S7_BTC_5m_base,logistic_poly2,trend_slope_30m vpin_zscore,-0.2505070579777017
S7_BTC_5m_base,logistic_poly2,trend_slope_30m as_uncertainty,-0.1049886801808074
S7_BTC_5m_base,logistic_poly2,trend_slope_30m as_skew,0.0245929288221445
S7_BTC_5m_base,logistic_poly2,rv_60s rv_300s,0.15225191022101453
S7_BTC_5m_base,logistic_poly2,rv_60s up_imb5,-0.09883597351148989
S7_BTC_5m_base,logistic_poly2,rv_60s dn_imb5,0.09002587073203844
S7_BTC_5m_base,logistic_poly2,rv_60s up_imb25,0.013188407776215591
S7_BTC_5m_base,logistic_poly2,rv_60s dn_imb25,-0.01814133238882393
S7_BTC_5m_base,logistic_poly2,rv_60s up_queue_top_bid,0.06835234452327765
S7_BTC_5m_base,logistic_poly2,rv_60s up_micro_dev_bps,-0.03206464879550236
S7_BTC_5m_base,logistic_poly2,rv_60s dn_micro_dev_bps,0.03778970894454325
S7_BTC_5m_base,logistic_poly2,rv_60s up_bid_slope,0.09593906359101664
S7_BTC_5m_base,logistic_poly2,rv_60s up_ask_slope,0.0885516654384123
S7_BTC_5m_base,logistic_poly2,rv_60s dn_bid_slope,-0.09282107305071895
S7_BTC_5m_base,logistic_poly2,rv_60s dn_ask_slope,-0.09836064253506677
S7_BTC_5m_base,logistic_poly2,rv_60s up_imb5_change_500ms,0.08174527618064915
S7_BTC_5m_base,logistic_poly2,rv_60s up_quote_intensity_5s,0.018272490131303366
S7_BTC_5m_base,logistic_poly2,rv_60s ribbon_alignment_pct,-0.09516923322601326
S7_BTC_5m_base,logistic_poly2,rv_60s ribbon_compression_bps,0.03548998958516969
S7_BTC_5m_base,logistic_poly2,rv_60s adx_14,0.04359742869491652
S7_BTC_5m_base,logistic_poly2,rv_60s plus_di_14,-0.0859087812047325
S7_BTC_5m_base,logistic_poly2,rv_60s minus_di_14,-0.16418310471914196
S7_BTC_5m_base,logistic_poly2,rv_60s vwap_since_open_bps,-0.07500050902624028
S7_BTC_5m_base,logistic_poly2,rv_60s mfi_60s,0.0852943716875096
S7_BTC_5m_base,logistic_poly2,rv_60s stoch_k_60s,-0.023341745562827896
S7_BTC_5m_base,logistic_poly2,rv_60s stoch_d_60s,0.03663776406755023
S7_BTC_5m_base,logistic_poly2,rv_60s cci_60s,-0.07674496803497166
S7_BTC_5m_base,logistic_poly2,rv_60s bb_pos_60s,-0.23079007949667213
S7_BTC_5m_base,logistic_poly2,rv_60s bb_width_60s,0.07636299466722533
S7_BTC_5m_base,logistic_poly2,rv_60s ofi_skew_l1_30s,0.1830488158600557
S7_BTC_5m_base,logistic_poly2,rv_60s mlofi_skew_l5_30s,0.14955303971251277
S7_BTC_5m_base,logistic_poly2,rv_60s mlofi_skew_l5_60s,-0.05926330127979615
S7_BTC_5m_base,logistic_poly2,rv_60s mlofi_skew_l25_30s,0.1478332113963671
S7_BTC_5m_base,logistic_poly2,rv_60s rsi_14,0.43145749664339056
S7_BTC_5m_base,logistic_poly2,rv_60s cvd,-0.003080868889729187
S7_BTC_5m_base,logistic_poly2,rv_60s vpin_value,0.130803321430078
S7_BTC_5m_base,logistic_poly2,rv_60s vpin_zscore,0.026765633670521868
S7_BTC_5m_base,logistic_poly2,rv_60s as_uncertainty,-0.08271794095322467
S7_BTC_5m_base,logistic_poly2,rv_60s as_skew,-0.15755427724052537
S7_BTC_5m_base,logistic_poly2,rv_300s up_imb5,-0.047159620435959344
S7_BTC_5m_base,logistic_poly2,rv_300s dn_imb5,0.036351481050447616
S7_BTC_5m_base,logistic_poly2,rv_300s up_imb25,0.09372937675759824
S7_BTC_5m_base,logistic_poly2,rv_300s dn_imb25,-0.10336311770879665
S7_BTC_5m_base,logistic_poly2,rv_300s up_queue_top_bid,0.1499237634767759
S7_BTC_5m_base,logistic_poly2,rv_300s up_micro_dev_bps,-0.06816709014578635
S7_BTC_5m_base,logistic_poly2,rv_300s dn_micro_dev_bps,-0.19001318590458907
S7_BTC_5m_base,logistic_poly2,rv_300s up_bid_slope,0.0758913615123502
S7_BTC_5m_base,logistic_poly2,rv_300s up_ask_slope,0.05076749796896981
S7_BTC_5m_base,logistic_poly2,rv_300s dn_bid_slope,-0.05831508711458868
S7_BTC_5m_base,logistic_poly2,rv_300s dn_ask_slope,-0.07556573772247946
S7_BTC_5m_base,logistic_poly2,rv_300s up_imb5_change_500ms,-0.020164886752301967
S7_BTC_5m_base,logistic_poly2,rv_300s up_quote_intensity_5s,0.03977981126719278
S7_BTC_5m_base,logistic_poly2,rv_300s ribbon_alignment_pct,-0.06563378840279795
S7_BTC_5m_base,logistic_poly2,rv_300s ribbon_compression_bps,0.07327671334538675
S7_BTC_5m_base,logistic_poly2,rv_300s adx_14,-0.08478429345457705
S7_BTC_5m_base,logistic_poly2,rv_300s plus_di_14,0.030394125107219738
S7_BTC_5m_base,logistic_poly2,rv_300s minus_di_14,0.20360951734206448
S7_BTC_5m_base,logistic_poly2,rv_300s vwap_since_open_bps,-0.10980015664506537
S7_BTC_5m_base,logistic_poly2,rv_300s mfi_60s,0.09275434619196748
S7_BTC_5m_base,logistic_poly2,rv_300s stoch_k_60s,-0.08310448769188945
S7_BTC_5m_base,logistic_poly2,rv_300s stoch_d_60s,-0.03694590885228133
S7_BTC_5m_base,logistic_poly2,rv_300s cci_60s,-0.19010725173797627
S7_BTC_5m_base,logistic_poly2,rv_300s bb_pos_60s,-0.04218141388947049
S7_BTC_5m_base,logistic_poly2,rv_300s bb_width_60s,-0.060468674066438126
S7_BTC_5m_base,logistic_poly2,rv_300s ofi_skew_l1_30s,0.1080052115713738
S7_BTC_5m_base,logistic_poly2,rv_300s mlofi_skew_l5_30s,-0.00821513313993408
S7_BTC_5m_base,logistic_poly2,rv_300s mlofi_skew_l5_60s,0.08032237038144477
S7_BTC_5m_base,logistic_poly2,rv_300s mlofi_skew_l25_30s,0.01069927818240766
S7_BTC_5m_base,logistic_poly2,rv_300s rsi_14,-0.2425617049877721
S7_BTC_5m_base,logistic_poly2,rv_300s cvd,0.18346050136595463
S7_BTC_5m_base,logistic_poly2,rv_300s vpin_value,-0.0024188003606639944
S7_BTC_5m_base,logistic_poly2,rv_300s vpin_zscore,-0.11181704345012577
S7_BTC_5m_base,logistic_poly2,rv_300s as_uncertainty,0.12291312601997631
S7_BTC_5m_base,logistic_poly2,rv_300s as_skew,0.06515258395292163
S7_BTC_5m_base,logistic_poly2,up_imb5 dn_imb5,-0.10501471907332206
S7_BTC_5m_base,logistic_poly2,up_imb5 up_imb25,-0.03152718991844157
S7_BTC_5m_base,logistic_poly2,up_imb5 dn_imb25,0.027420565899628185
S7_BTC_5m_base,logistic_poly2,up_imb5 up_queue_top_bid,0.2955092303152318
S7_BTC_5m_base,logistic_poly2,up_imb5 up_micro_dev_bps,-0.060303438420905325
S7_BTC_5m_base,logistic_poly2,up_imb5 dn_micro_dev_bps,0.12439513217639896
S7_BTC_5m_base,logistic_poly2,up_imb5 up_bid_slope,-0.0209776224189953
S7_BTC_5m_base,logistic_poly2,up_imb5 up_ask_slope,-0.08441878817342607
S7_BTC_5m_base,logistic_poly2,up_imb5 dn_bid_slope,0.07802421288637244
S7_BTC_5m_base,logistic_poly2,up_imb5 dn_ask_slope,0.06535047699900276
S7_BTC_5m_base,logistic_poly2,up_imb5 up_imb5_change_500ms,-0.047389022444257745
S7_BTC_5m_base,logistic_poly2,up_imb5 up_quote_intensity_5s,-0.17140415239638965
S7_BTC_5m_base,logistic_poly2,up_imb5 ribbon_alignment_pct,-0.09695841148982966
S7_BTC_5m_base,logistic_poly2,up_imb5 ribbon_compression_bps,-0.027575977185537285
S7_BTC_5m_base,logistic_poly2,up_imb5 adx_14,-0.03738575038417074
S7_BTC_5m_base,logistic_poly2,up_imb5 plus_di_14,-0.03993302934831586
S7_BTC_5m_base,logistic_poly2,up_imb5 minus_di_14,-0.03812568300156832
S7_BTC_5m_base,logistic_poly2,up_imb5 vwap_since_open_bps,0.07757171965154781
S7_BTC_5m_base,logistic_poly2,up_imb5 mfi_60s,0.08719339163558416
S7_BTC_5m_base,logistic_poly2,up_imb5 stoch_k_60s,0.05200195106688846
S7_BTC_5m_base,logistic_poly2,up_imb5 stoch_d_60s,-0.06456683732560921
S7_BTC_5m_base,logistic_poly2,up_imb5 cci_60s,-0.02261344227702612
S7_BTC_5m_base,logistic_poly2,up_imb5 bb_pos_60s,-0.07032268195225658
S7_BTC_5m_base,logistic_poly2,up_imb5 bb_width_60s,0.009249503667576427
S7_BTC_5m_base,logistic_poly2,up_imb5 ofi_skew_l1_30s,0.07322742834877455
S7_BTC_5m_base,logistic_poly2,up_imb5 mlofi_skew_l5_30s,-0.19046602455753867
S7_BTC_5m_base,logistic_poly2,up_imb5 mlofi_skew_l5_60s,-0.05441325618164895
S7_BTC_5m_base,logistic_poly2,up_imb5 mlofi_skew_l25_30s,0.04813508989791328
S7_BTC_5m_base,logistic_poly2,up_imb5 rsi_14,-0.13283830884206957
S7_BTC_5m_base,logistic_poly2,up_imb5 cvd,-0.011186191155315366
S7_BTC_5m_base,logistic_poly2,up_imb5 vpin_value,0.03711412560187596
S7_BTC_5m_base,logistic_poly2,up_imb5 vpin_zscore,0.007312660002888476
S7_BTC_5m_base,logistic_poly2,up_imb5 as_uncertainty,-0.08443841961209564
S7_BTC_5m_base,logistic_poly2,up_imb5 as_skew,0.025707667193834365
S7_BTC_5m_base,logistic_poly2,dn_imb5 up_imb25,-0.00032257126668201454
S7_BTC_5m_base,logistic_poly2,dn_imb5 dn_imb25,-0.002994353752190393
S7_BTC_5m_base,logistic_poly2,dn_imb5 up_queue_top_bid,-0.2961837044138692
S7_BTC_5m_base,logistic_poly2,dn_imb5 up_micro_dev_bps,0.036480660563189195
S7_BTC_5m_base,logistic_poly2,dn_imb5 dn_micro_dev_bps,-0.10398561790434269
S7_BTC_5m_base,logistic_poly2,dn_imb5 up_bid_slope,0.06951987120639082
S7_BTC_5m_base,logistic_poly2,dn_imb5 up_ask_slope,0.004931424497942431
S7_BTC_5m_base,logistic_poly2,dn_imb5 dn_bid_slope,-0.008457444855952767
S7_BTC_5m_base,logistic_poly2,dn_imb5 dn_ask_slope,-0.0933131579927661
S7_BTC_5m_base,logistic_poly2,dn_imb5 up_imb5_change_500ms,0.06679238732561896
S7_BTC_5m_base,logistic_poly2,dn_imb5 up_quote_intensity_5s,0.12188530230386319
S7_BTC_5m_base,logistic_poly2,dn_imb5 ribbon_alignment_pct,0.018391423240474113
S7_BTC_5m_base,logistic_poly2,dn_imb5 ribbon_compression_bps,-0.00602625390782887
S7_BTC_5m_base,logistic_poly2,dn_imb5 adx_14,0.0676024627197656
S7_BTC_5m_base,logistic_poly2,dn_imb5 plus_di_14,0.0635785144364322
S7_BTC_5m_base,logistic_poly2,dn_imb5 minus_di_14,0.034120281074261925
S7_BTC_5m_base,logistic_poly2,dn_imb5 vwap_since_open_bps,-0.060293547175912066
S7_BTC_5m_base,logistic_poly2,dn_imb5 mfi_60s,0.003924010984166557
S7_BTC_5m_base,logistic_poly2,dn_imb5 stoch_k_60s,-0.07787897300655225
S7_BTC_5m_base,logistic_poly2,dn_imb5 stoch_d_60s,0.03393422711796334
S7_BTC_5m_base,logistic_poly2,dn_imb5 cci_60s,-0.034988526095295035
S7_BTC_5m_base,logistic_poly2,dn_imb5 bb_pos_60s,0.022294149613034442
S7_BTC_5m_base,logistic_poly2,dn_imb5 bb_width_60s,-0.037380633966088296
S7_BTC_5m_base,logistic_poly2,dn_imb5 ofi_skew_l1_30s,-0.13318580713111045
S7_BTC_5m_base,logistic_poly2,dn_imb5 mlofi_skew_l5_30s,0.14955625847796117
S7_BTC_5m_base,logistic_poly2,dn_imb5 mlofi_skew_l5_60s,0.058288913730840525
S7_BTC_5m_base,logistic_poly2,dn_imb5 mlofi_skew_l25_30s,-0.09501078687231203
S7_BTC_5m_base,logistic_poly2,dn_imb5 rsi_14,0.12983288081924924
S7_BTC_5m_base,logistic_poly2,dn_imb5 cvd,0.021290260713253267
S7_BTC_5m_base,logistic_poly2,dn_imb5 vpin_value,0.03631141000016805
S7_BTC_5m_base,logistic_poly2,dn_imb5 vpin_zscore,0.04343451458432848
S7_BTC_5m_base,logistic_poly2,dn_imb5 as_uncertainty,0.09150179895233407
S7_BTC_5m_base,logistic_poly2,dn_imb5 as_skew,-0.015983603666675106
S7_BTC_5m_base,logistic_poly2,up_imb25 dn_imb25,-0.04213717615879187
S7_BTC_5m_base,logistic_poly2,up_imb25 up_queue_top_bid,0.1399772170284718
S7_BTC_5m_base,logistic_poly2,up_imb25 up_micro_dev_bps,0.07451540466591684
S7_BTC_5m_base,logistic_poly2,up_imb25 dn_micro_dev_bps,-0.03524113429643882
S7_BTC_5m_base,logistic_poly2,up_imb25 up_bid_slope,-0.015178506891030778
S7_BTC_5m_base,logistic_poly2,up_imb25 up_ask_slope,-0.022230979672135595
S7_BTC_5m_base,logistic_poly2,up_imb25 dn_bid_slope,0.03062232855054424
S7_BTC_5m_base,logistic_poly2,up_imb25 dn_ask_slope,0.042888957826313676
S7_BTC_5m_base,logistic_poly2,up_imb25 up_imb5_change_500ms,0.046644106499734515
S7_BTC_5m_base,logistic_poly2,up_imb25 up_quote_intensity_5s,-0.09528721484112418
S7_BTC_5m_base,logistic_poly2,up_imb25 ribbon_alignment_pct,0.04102281389239112
S7_BTC_5m_base,logistic_poly2,up_imb25 ribbon_compression_bps,0.005953792620321211
S7_BTC_5m_base,logistic_poly2,up_imb25 adx_14,-0.16822595943477825
S7_BTC_5m_base,logistic_poly2,up_imb25 plus_di_14,0.04740859107519426
S7_BTC_5m_base,logistic_poly2,up_imb25 minus_di_14,0.04186708498024733
S7_BTC_5m_base,logistic_poly2,up_imb25 vwap_since_open_bps,0.1650950667023659
S7_BTC_5m_base,logistic_poly2,up_imb25 mfi_60s,0.014878716528598247
S7_BTC_5m_base,logistic_poly2,up_imb25 stoch_k_60s,0.055280696391597904
S7_BTC_5m_base,logistic_poly2,up_imb25 stoch_d_60s,-0.06656441902948818
S7_BTC_5m_base,logistic_poly2,up_imb25 cci_60s,0.019963524535675754
S7_BTC_5m_base,logistic_poly2,up_imb25 bb_pos_60s,0.04354152957782714
S7_BTC_5m_base,logistic_poly2,up_imb25 bb_width_60s,-0.06630065224204441
S7_BTC_5m_base,logistic_poly2,up_imb25 ofi_skew_l1_30s,0.08453536564809538
S7_BTC_5m_base,logistic_poly2,up_imb25 mlofi_skew_l5_30s,0.24035291465416078
S7_BTC_5m_base,logistic_poly2,up_imb25 mlofi_skew_l5_60s,-0.04401513604688974
S7_BTC_5m_base,logistic_poly2,up_imb25 mlofi_skew_l25_30s,-0.1363581002659663
S7_BTC_5m_base,logistic_poly2,up_imb25 rsi_14,-0.07614262307054147
S7_BTC_5m_base,logistic_poly2,up_imb25 cvd,0.06392015733679694
S7_BTC_5m_base,logistic_poly2,up_imb25 vpin_value,0.1725503872901937
S7_BTC_5m_base,logistic_poly2,up_imb25 vpin_zscore,-0.11797547791163336
S7_BTC_5m_base,logistic_poly2,up_imb25 as_uncertainty,-0.02421010729665926
S7_BTC_5m_base,logistic_poly2,up_imb25 as_skew,-0.23984165179993025
S7_BTC_5m_base,logistic_poly2,dn_imb25 up_queue_top_bid,-0.13247516015199182
S7_BTC_5m_base,logistic_poly2,dn_imb25 up_micro_dev_bps,-0.07643175463080508
S7_BTC_5m_base,logistic_poly2,dn_imb25 dn_micro_dev_bps,0.03608238330518235
S7_BTC_5m_base,logistic_poly2,dn_imb25 up_bid_slope,0.018280335275773555
S7_BTC_5m_base,logistic_poly2,dn_imb25 up_ask_slope,0.03262890244982527
S7_BTC_5m_base,logistic_poly2,dn_imb25 dn_bid_slope,-0.036498407546680434
S7_BTC_5m_base,logistic_poly2,dn_imb25 dn_ask_slope,-0.04438291058665508
S7_BTC_5m_base,logistic_poly2,dn_imb25 up_imb5_change_500ms,-0.05552172296345683
S7_BTC_5m_base,logistic_poly2,dn_imb25 up_quote_intensity_5s,0.08324319573809641
S7_BTC_5m_base,logistic_poly2,dn_imb25 ribbon_alignment_pct,-0.043465829109642036
S7_BTC_5m_base,logistic_poly2,dn_imb25 ribbon_compression_bps,-0.0183251994835331
S7_BTC_5m_base,logistic_poly2,dn_imb25 adx_14,0.13066333457606258
S7_BTC_5m_base,logistic_poly2,dn_imb25 plus_di_14,-0.039208346549815386
S7_BTC_5m_base,logistic_poly2,dn_imb25 minus_di_14,-0.059673104788318325
S7_BTC_5m_base,logistic_poly2,dn_imb25 vwap_since_open_bps,-0.16515839729320797
S7_BTC_5m_base,logistic_poly2,dn_imb25 mfi_60s,-0.005506070997246967
S7_BTC_5m_base,logistic_poly2,dn_imb25 stoch_k_60s,-0.06582809651463524
S7_BTC_5m_base,logistic_poly2,dn_imb25 stoch_d_60s,0.05550818290057511
S7_BTC_5m_base,logistic_poly2,dn_imb25 cci_60s,-0.02789737860843627
S7_BTC_5m_base,logistic_poly2,dn_imb25 bb_pos_60s,-0.057221566249370026
S7_BTC_5m_base,logistic_poly2,dn_imb25 bb_width_60s,0.057015220772060775
S7_BTC_5m_base,logistic_poly2,dn_imb25 ofi_skew_l1_30s,-0.07321390515086658
S7_BTC_5m_base,logistic_poly2,dn_imb25 mlofi_skew_l5_30s,-0.23025689099414307
S7_BTC_5m_base,logistic_poly2,dn_imb25 mlofi_skew_l5_60s,0.06768309757412126
S7_BTC_5m_base,logistic_poly2,dn_imb25 mlofi_skew_l25_30s,0.13842283421310078
S7_BTC_5m_base,logistic_poly2,dn_imb25 rsi_14,0.05392898248663404
S7_BTC_5m_base,logistic_poly2,dn_imb25 cvd,-0.0676285818332777
S7_BTC_5m_base,logistic_poly2,dn_imb25 vpin_value,-0.1559897044578923
S7_BTC_5m_base,logistic_poly2,dn_imb25 vpin_zscore,0.12693373125636628
S7_BTC_5m_base,logistic_poly2,dn_imb25 as_uncertainty,0.024080495491477037
S7_BTC_5m_base,logistic_poly2,dn_imb25 as_skew,0.24121151081785294
S7_BTC_5m_base,logistic_poly2,up_queue_top_bid up_micro_dev_bps,-0.03224789144960953
S7_BTC_5m_base,logistic_poly2,up_queue_top_bid dn_micro_dev_bps,0.04046435534509868
S7_BTC_5m_base,logistic_poly2,up_queue_top_bid up_bid_slope,0.042658645298143893
S7_BTC_5m_base,logistic_poly2,up_queue_top_bid up_ask_slope,0.08771702463317774
S7_BTC_5m_base,logistic_poly2,up_queue_top_bid dn_bid_slope,-0.08563716879877126
S7_BTC_5m_base,logistic_poly2,up_queue_top_bid dn_ask_slope,-0.03539475026988148
S7_BTC_5m_base,logistic_poly2,up_queue_top_bid up_imb5_change_500ms,-0.05731516632604441
S7_BTC_5m_base,logistic_poly2,up_queue_top_bid up_quote_intensity_5s,-0.07131417164678046
S7_BTC_5m_base,logistic_poly2,up_queue_top_bid ribbon_alignment_pct,0.0053815497847133145
S7_BTC_5m_base,logistic_poly2,up_queue_top_bid ribbon_compression_bps,-0.018215886583916777
S7_BTC_5m_base,logistic_poly2,up_queue_top_bid adx_14,0.1659793750957232
S7_BTC_5m_base,logistic_poly2,up_queue_top_bid plus_di_14,0.10685193824046933
S7_BTC_5m_base,logistic_poly2,up_queue_top_bid minus_di_14,0.022309649228125287
S7_BTC_5m_base,logistic_poly2,up_queue_top_bid vwap_since_open_bps,0.040848191839034924
S7_BTC_5m_base,logistic_poly2,up_queue_top_bid mfi_60s,0.08753396940921968
S7_BTC_5m_base,logistic_poly2,up_queue_top_bid stoch_k_60s,-0.11011866111424501
S7_BTC_5m_base,logistic_poly2,up_queue_top_bid stoch_d_60s,-0.07747732664571186
S7_BTC_5m_base,logistic_poly2,up_queue_top_bid cci_60s,0.19427617168867886
S7_BTC_5m_base,logistic_poly2,up_queue_top_bid bb_pos_60s,-0.1974478308495922
S7_BTC_5m_base,logistic_poly2,up_queue_top_bid bb_width_60s,-0.08269213891975062
S7_BTC_5m_base,logistic_poly2,up_queue_top_bid ofi_skew_l1_30s,0.0897170257126073
S7_BTC_5m_base,logistic_poly2,up_queue_top_bid mlofi_skew_l5_30s,-0.10163473598369561
S7_BTC_5m_base,logistic_poly2,up_queue_top_bid mlofi_skew_l5_60s,-0.08622695761526873
S7_BTC_5m_base,logistic_poly2,up_queue_top_bid mlofi_skew_l25_30s,-0.1922391766330991
S7_BTC_5m_base,logistic_poly2,up_queue_top_bid rsi_14,-0.21543744912439658
S7_BTC_5m_base,logistic_poly2,up_queue_top_bid cvd,-0.09919209337478042
S7_BTC_5m_base,logistic_poly2,up_queue_top_bid vpin_value,0.04730391842955288
S7_BTC_5m_base,logistic_poly2,up_queue_top_bid vpin_zscore,-0.0978748072620451
S7_BTC_5m_base,logistic_poly2,up_queue_top_bid as_uncertainty,-0.023958195239756664
S7_BTC_5m_base,logistic_poly2,up_queue_top_bid as_skew,-0.08005356268301544
S7_BTC_5m_base,logistic_poly2,up_micro_dev_bps dn_micro_dev_bps,0.0137219223056218
S7_BTC_5m_base,logistic_poly2,up_micro_dev_bps up_bid_slope,0.04095365050048179
S7_BTC_5m_base,logistic_poly2,up_micro_dev_bps up_ask_slope,0.08618804391946427
S7_BTC_5m_base,logistic_poly2,up_micro_dev_bps dn_bid_slope,-0.08668167054622401
S7_BTC_5m_base,logistic_poly2,up_micro_dev_bps dn_ask_slope,-0.03586422031256794
S7_BTC_5m_base,logistic_poly2,up_micro_dev_bps up_imb5_change_500ms,0.043552543960216794
S7_BTC_5m_base,logistic_poly2,up_micro_dev_bps up_quote_intensity_5s,-0.07101966163238417
S7_BTC_5m_base,logistic_poly2,up_micro_dev_bps ribbon_alignment_pct,-0.11475990566955642
S7_BTC_5m_base,logistic_poly2,up_micro_dev_bps ribbon_compression_bps,0.03327431625551304
S7_BTC_5m_base,logistic_poly2,up_micro_dev_bps adx_14,0.06666063515791902
S7_BTC_5m_base,logistic_poly2,up_micro_dev_bps plus_di_14,0.00587836011389859
S7_BTC_5m_base,logistic_poly2,up_micro_dev_bps minus_di_14,-0.03871217722231924
S7_BTC_5m_base,logistic_poly2,up_micro_dev_bps vwap_since_open_bps,-0.05578887450443131
S7_BTC_5m_base,logistic_poly2,up_micro_dev_bps mfi_60s,-0.08155541683428055
S7_BTC_5m_base,logistic_poly2,up_micro_dev_bps stoch_k_60s,-0.09136714277522713
S7_BTC_5m_base,logistic_poly2,up_micro_dev_bps stoch_d_60s,-0.08997769488300869
S7_BTC_5m_base,logistic_poly2,up_micro_dev_bps cci_60s,-0.14684556954371678
S7_BTC_5m_base,logistic_poly2,up_micro_dev_bps bb_pos_60s,0.032253650713109795
S7_BTC_5m_base,logistic_poly2,up_micro_dev_bps bb_width_60s,0.18405861519683628
S7_BTC_5m_base,logistic_poly2,up_micro_dev_bps ofi_skew_l1_30s,0.049846626975588115
S7_BTC_5m_base,logistic_poly2,up_micro_dev_bps mlofi_skew_l5_30s,0.0016848498313332455
S7_BTC_5m_base,logistic_poly2,up_micro_dev_bps mlofi_skew_l5_60s,0.07131897488180967
S7_BTC_5m_base,logistic_poly2,up_micro_dev_bps mlofi_skew_l25_30s,0.004727985792275175
S7_BTC_5m_base,logistic_poly2,up_micro_dev_bps rsi_14,0.04669019790056103
S7_BTC_5m_base,logistic_poly2,up_micro_dev_bps cvd,0.0005310319202763536
S7_BTC_5m_base,logistic_poly2,up_micro_dev_bps vpin_value,0.0033180456919917763
S7_BTC_5m_base,logistic_poly2,up_micro_dev_bps vpin_zscore,0.10858651106763136
S7_BTC_5m_base,logistic_poly2,up_micro_dev_bps as_uncertainty,0.05491596935637697
S7_BTC_5m_base,logistic_poly2,up_micro_dev_bps as_skew,0.03753195837314861
S7_BTC_5m_base,logistic_poly2,dn_micro_dev_bps up_bid_slope,-0.04970874421265761
S7_BTC_5m_base,logistic_poly2,dn_micro_dev_bps up_ask_slope,0.06949529212822356
S7_BTC_5m_base,logistic_poly2,dn_micro_dev_bps dn_bid_slope,-0.07046328683842014
S7_BTC_5m_base,logistic_poly2,dn_micro_dev_bps dn_ask_slope,0.04297582472334632
S7_BTC_5m_base,logistic_poly2,dn_micro_dev_bps up_imb5_change_500ms,0.0031848961869809776
S7_BTC_5m_base,logistic_poly2,dn_micro_dev_bps up_quote_intensity_5s,0.09464777483634579
S7_BTC_5m_base,logistic_poly2,dn_micro_dev_bps ribbon_alignment_pct,0.022760623338160892
S7_BTC_5m_base,logistic_poly2,dn_micro_dev_bps ribbon_compression_bps,0.11139180395774725
S7_BTC_5m_base,logistic_poly2,dn_micro_dev_bps adx_14,0.18194652507594533
S7_BTC_5m_base,logistic_poly2,dn_micro_dev_bps plus_di_14,-0.06286879299708711
S7_BTC_5m_base,logistic_poly2,dn_micro_dev_bps minus_di_14,0.03196855166652897
S7_BTC_5m_base,logistic_poly2,dn_micro_dev_bps vwap_since_open_bps,0.007037532844204831
S7_BTC_5m_base,logistic_poly2,dn_micro_dev_bps mfi_60s,-0.005709132466464806
S7_BTC_5m_base,logistic_poly2,dn_micro_dev_bps stoch_k_60s,0.040651943154332494
S7_BTC_5m_base,logistic_poly2,dn_micro_dev_bps stoch_d_60s,-0.02002404787495191
S7_BTC_5m_base,logistic_poly2,dn_micro_dev_bps cci_60s,-0.1167299823819822
S7_BTC_5m_base,logistic_poly2,dn_micro_dev_bps bb_pos_60s,-0.07348384384466229
S7_BTC_5m_base,logistic_poly2,dn_micro_dev_bps bb_width_60s,-0.04915336635565694
S7_BTC_5m_base,logistic_poly2,dn_micro_dev_bps ofi_skew_l1_30s,0.006453893131806022
S7_BTC_5m_base,logistic_poly2,dn_micro_dev_bps mlofi_skew_l5_30s,-0.03992816036732513
S7_BTC_5m_base,logistic_poly2,dn_micro_dev_bps mlofi_skew_l5_60s,0.003568015350356578
S7_BTC_5m_base,logistic_poly2,dn_micro_dev_bps mlofi_skew_l25_30s,-0.20933173363101884
S7_BTC_5m_base,logistic_poly2,dn_micro_dev_bps rsi_14,0.13756696084099002
S7_BTC_5m_base,logistic_poly2,dn_micro_dev_bps cvd,-0.01025596375673489
S7_BTC_5m_base,logistic_poly2,dn_micro_dev_bps vpin_value,-0.019859569579930136
S7_BTC_5m_base,logistic_poly2,dn_micro_dev_bps vpin_zscore,0.01531453684894615
S7_BTC_5m_base,logistic_poly2,dn_micro_dev_bps as_uncertainty,-0.03586420534053377
S7_BTC_5m_base,logistic_poly2,dn_micro_dev_bps as_skew,0.11880841628314585
S7_BTC_5m_base,logistic_poly2,up_bid_slope up_ask_slope,0.06490129713749108
S7_BTC_5m_base,logistic_poly2,up_bid_slope dn_bid_slope,-0.06052281551975723
S7_BTC_5m_base,logistic_poly2,up_bid_slope dn_ask_slope,-0.27675605170077544
S7_BTC_5m_base,logistic_poly2,up_bid_slope up_imb5_change_500ms,-0.024875616850135628
S7_BTC_5m_base,logistic_poly2,up_bid_slope up_quote_intensity_5s,-0.025522438354101767
S7_BTC_5m_base,logistic_poly2,up_bid_slope ribbon_alignment_pct,0.221944036227874
S7_BTC_5m_base,logistic_poly2,up_bid_slope ribbon_compression_bps,-0.1356783128777666
S7_BTC_5m_base,logistic_poly2,up_bid_slope adx_14,0.03705100884448184
S7_BTC_5m_base,logistic_poly2,up_bid_slope plus_di_14,0.05753952106663679
S7_BTC_5m_base,logistic_poly2,up_bid_slope minus_di_14,-0.17908596463531945
S7_BTC_5m_base,logistic_poly2,up_bid_slope vwap_since_open_bps,-0.028503716064440573
S7_BTC_5m_base,logistic_poly2,up_bid_slope mfi_60s,0.04496774037529848
S7_BTC_5m_base,logistic_poly2,up_bid_slope stoch_k_60s,-0.0495468919237748
S7_BTC_5m_base,logistic_poly2,up_bid_slope stoch_d_60s,-0.013025940247812505
S7_BTC_5m_base,logistic_poly2,up_bid_slope cci_60s,-0.022703960433822338
S7_BTC_5m_base,logistic_poly2,up_bid_slope bb_pos_60s,-0.06993528939130034
S7_BTC_5m_base,logistic_poly2,up_bid_slope bb_width_60s,0.1381495364385464
S7_BTC_5m_base,logistic_poly2,up_bid_slope ofi_skew_l1_30s,-0.0709556046566349
S7_BTC_5m_base,logistic_poly2,up_bid_slope mlofi_skew_l5_30s,0.13062300232556479
S7_BTC_5m_base,logistic_poly2,up_bid_slope mlofi_skew_l5_60s,-0.12329702453402389
S7_BTC_5m_base,logistic_poly2,up_bid_slope mlofi_skew_l25_30s,0.09940416251780942
S7_BTC_5m_base,logistic_poly2,up_bid_slope rsi_14,-0.06560972062099256
S7_BTC_5m_base,logistic_poly2,up_bid_slope cvd,0.009452785375733295
S7_BTC_5m_base,logistic_poly2,up_bid_slope vpin_value,-0.1677018350489959
S7_BTC_5m_base,logistic_poly2,up_bid_slope vpin_zscore,-0.02064103288721974
S7_BTC_5m_base,logistic_poly2,up_bid_slope as_uncertainty,0.12860817887223744
S7_BTC_5m_base,logistic_poly2,up_bid_slope as_skew,0.013417247469578467
S7_BTC_5m_base,logistic_poly2,up_ask_slope dn_bid_slope,-0.08922507584389353
S7_BTC_5m_base,logistic_poly2,up_ask_slope dn_ask_slope,-0.029540728085079702
S7_BTC_5m_base,logistic_poly2,up_ask_slope up_imb5_change_500ms,-0.08444032559498724
S7_BTC_5m_base,logistic_poly2,up_ask_slope up_quote_intensity_5s,-0.029297402331794616
S7_BTC_5m_base,logistic_poly2,up_ask_slope ribbon_alignment_pct,-0.055160261349191046
S7_BTC_5m_base,logistic_poly2,up_ask_slope ribbon_compression_bps,-0.13457964897262895
S7_BTC_5m_base,logistic_poly2,up_ask_slope adx_14,-0.0015630166674603359
S7_BTC_5m_base,logistic_poly2,up_ask_slope plus_di_14,-0.13513629169436925
S7_BTC_5m_base,logistic_poly2,up_ask_slope minus_di_14,0.09720793742528296
S7_BTC_5m_base,logistic_poly2,up_ask_slope vwap_since_open_bps,0.005019512120334202
S7_BTC_5m_base,logistic_poly2,up_ask_slope mfi_60s,0.0636149855299502
S7_BTC_5m_base,logistic_poly2,up_ask_slope stoch_k_60s,0.02128893675723528
S7_BTC_5m_base,logistic_poly2,up_ask_slope stoch_d_60s,-0.08330167700682548
S7_BTC_5m_base,logistic_poly2,up_ask_slope cci_60s,0.015621568329246913
S7_BTC_5m_base,logistic_poly2,up_ask_slope bb_pos_60s,-0.007140949798299826
S7_BTC_5m_base,logistic_poly2,up_ask_slope bb_width_60s,0.12514294881046706
S7_BTC_5m_base,logistic_poly2,up_ask_slope ofi_skew_l1_30s,0.05060267059965142
S7_BTC_5m_base,logistic_poly2,up_ask_slope mlofi_skew_l5_30s,-0.14704480973195644
S7_BTC_5m_base,logistic_poly2,up_ask_slope mlofi_skew_l5_60s,0.01605870216596104
S7_BTC_5m_base,logistic_poly2,up_ask_slope mlofi_skew_l25_30s,0.017464282245746747
S7_BTC_5m_base,logistic_poly2,up_ask_slope rsi_14,-0.1637729999210148
S7_BTC_5m_base,logistic_poly2,up_ask_slope cvd,-0.09191516261177185
S7_BTC_5m_base,logistic_poly2,up_ask_slope vpin_value,-0.07628172776890818
S7_BTC_5m_base,logistic_poly2,up_ask_slope vpin_zscore,0.0792587958630101
S7_BTC_5m_base,logistic_poly2,up_ask_slope as_uncertainty,0.08613757925572929
S7_BTC_5m_base,logistic_poly2,up_ask_slope as_skew,0.03138759307048449
S7_BTC_5m_base,logistic_poly2,dn_bid_slope dn_ask_slope,0.029035408364421252
S7_BTC_5m_base,logistic_poly2,dn_bid_slope up_imb5_change_500ms,0.06678434996961158
S7_BTC_5m_base,logistic_poly2,dn_bid_slope up_quote_intensity_5s,0.0259957831363072
S7_BTC_5m_base,logistic_poly2,dn_bid_slope ribbon_alignment_pct,0.049919555126881766
S7_BTC_5m_base,logistic_poly2,dn_bid_slope ribbon_compression_bps,0.12461205525164272
S7_BTC_5m_base,logistic_poly2,dn_bid_slope adx_14,-0.013511136241527224
S7_BTC_5m_base,logistic_poly2,dn_bid_slope plus_di_14,0.13783194852246336
S7_BTC_5m_base,logistic_poly2,dn_bid_slope minus_di_14,-0.11095919845754641
S7_BTC_5m_base,logistic_poly2,dn_bid_slope vwap_since_open_bps,-0.004423366610742903
S7_BTC_5m_base,logistic_poly2,dn_bid_slope mfi_60s,-0.055898265168773144
S7_BTC_5m_base,logistic_poly2,dn_bid_slope stoch_k_60s,-0.033359556355183284
S7_BTC_5m_base,logistic_poly2,dn_bid_slope stoch_d_60s,0.07106668557566323
S7_BTC_5m_base,logistic_poly2,dn_bid_slope cci_60s,-0.0018897452255569479
S7_BTC_5m_base,logistic_poly2,dn_bid_slope bb_pos_60s,0.0021523716036715088
S7_BTC_5m_base,logistic_poly2,dn_bid_slope bb_width_60s,-0.13567396580328012
S7_BTC_5m_base,logistic_poly2,dn_bid_slope ofi_skew_l1_30s,-0.043133225863683455
S7_BTC_5m_base,logistic_poly2,dn_bid_slope mlofi_skew_l5_30s,0.1515979697172528
S7_BTC_5m_base,logistic_poly2,dn_bid_slope mlofi_skew_l5_60s,-0.013215044563972244
S7_BTC_5m_base,logistic_poly2,dn_bid_slope mlofi_skew_l25_30s,-0.01464090773062049
S7_BTC_5m_base,logistic_poly2,dn_bid_slope rsi_14,0.1448059460565419
S7_BTC_5m_base,logistic_poly2,dn_bid_slope cvd,0.08678987758535893
S7_BTC_5m_base,logistic_poly2,dn_bid_slope vpin_value,0.09812894542569216
S7_BTC_5m_base,logistic_poly2,dn_bid_slope vpin_zscore,-0.0632233687526753
S7_BTC_5m_base,logistic_poly2,dn_bid_slope as_uncertainty,-0.08824424636750018
S7_BTC_5m_base,logistic_poly2,dn_bid_slope as_skew,-0.031513157826622354
S7_BTC_5m_base,logistic_poly2,dn_ask_slope up_imb5_change_500ms,0.021812907297754643
S7_BTC_5m_base,logistic_poly2,dn_ask_slope up_quote_intensity_5s,0.027334914629198303
S7_BTC_5m_base,logistic_poly2,dn_ask_slope ribbon_alignment_pct,-0.19344935647333134
S7_BTC_5m_base,logistic_poly2,dn_ask_slope ribbon_compression_bps,0.13315723239276592
S7_BTC_5m_base,logistic_poly2,dn_ask_slope adx_14,-0.07799800041525869
S7_BTC_5m_base,logistic_poly2,dn_ask_slope plus_di_14,-0.04839747882604428
S7_BTC_5m_base,logistic_poly2,dn_ask_slope minus_di_14,0.16120315408144156
S7_BTC_5m_base,logistic_poly2,dn_ask_slope vwap_since_open_bps,0.01366323525425023
S7_BTC_5m_base,logistic_poly2,dn_ask_slope mfi_60s,-0.05165958973516113
S7_BTC_5m_base,logistic_poly2,dn_ask_slope stoch_k_60s,0.05916401580153252
S7_BTC_5m_base,logistic_poly2,dn_ask_slope stoch_d_60s,0.021791082127630743
S7_BTC_5m_base,logistic_poly2,dn_ask_slope cci_60s,0.029768083414502107
S7_BTC_5m_base,logistic_poly2,dn_ask_slope bb_pos_60s,0.08023927939752676
S7_BTC_5m_base,logistic_poly2,dn_ask_slope bb_width_60s,-0.14197391790736255
S7_BTC_5m_base,logistic_poly2,dn_ask_slope ofi_skew_l1_30s,0.08422575175310085
S7_BTC_5m_base,logistic_poly2,dn_ask_slope mlofi_skew_l5_30s,-0.11598413289138507
S7_BTC_5m_base,logistic_poly2,dn_ask_slope mlofi_skew_l5_60s,0.13403449484859906
S7_BTC_5m_base,logistic_poly2,dn_ask_slope mlofi_skew_l25_30s,-0.09332193811135807
S7_BTC_5m_base,logistic_poly2,dn_ask_slope rsi_14,0.061962735728691015
S7_BTC_5m_base,logistic_poly2,dn_ask_slope cvd,-0.008789941823053994
S7_BTC_5m_base,logistic_poly2,dn_ask_slope vpin_value,0.1362288067912927
S7_BTC_5m_base,logistic_poly2,dn_ask_slope vpin_zscore,-0.016156213538547893
S7_BTC_5m_base,logistic_poly2,dn_ask_slope as_uncertainty,-0.1279386224902128
S7_BTC_5m_base,logistic_poly2,dn_ask_slope as_skew,-0.014790914811067488
S7_BTC_5m_base,logistic_poly2,up_imb5_change_500ms up_quote_intensity_5s,0.101735100028518
S7_BTC_5m_base,logistic_poly2,up_imb5_change_500ms ribbon_alignment_pct,-0.09835877170350464
S7_BTC_5m_base,logistic_poly2,up_imb5_change_500ms ribbon_compression_bps,-0.04347030847797386
S7_BTC_5m_base,logistic_poly2,up_imb5_change_500ms adx_14,0.09111461868928451
S7_BTC_5m_base,logistic_poly2,up_imb5_change_500ms plus_di_14,0.02460804318807252
S7_BTC_5m_base,logistic_poly2,up_imb5_change_500ms minus_di_14,-0.07986398831465569
S7_BTC_5m_base,logistic_poly2,up_imb5_change_500ms vwap_since_open_bps,-0.2236441827136799
S7_BTC_5m_base,logistic_poly2,up_imb5_change_500ms mfi_60s,0.037542948611129626
S7_BTC_5m_base,logistic_poly2,up_imb5_change_500ms stoch_k_60s,-0.12344041304157274
S7_BTC_5m_base,logistic_poly2,up_imb5_change_500ms stoch_d_60s,-0.14159851832124978
S7_BTC_5m_base,logistic_poly2,up_imb5_change_500ms cci_60s,0.09063049291591964
S7_BTC_5m_base,logistic_poly2,up_imb5_change_500ms bb_pos_60s,-0.007576113976515255
S7_BTC_5m_base,logistic_poly2,up_imb5_change_500ms bb_width_60s,0.09668860438379846
S7_BTC_5m_base,logistic_poly2,up_imb5_change_500ms ofi_skew_l1_30s,-0.021197621462011266
S7_BTC_5m_base,logistic_poly2,up_imb5_change_500ms mlofi_skew_l5_30s,0.07632203768836525
S7_BTC_5m_base,logistic_poly2,up_imb5_change_500ms mlofi_skew_l5_60s,0.012317673375152976
S7_BTC_5m_base,logistic_poly2,up_imb5_change_500ms mlofi_skew_l25_30s,0.05637786466829505
S7_BTC_5m_base,logistic_poly2,up_imb5_change_500ms rsi_14,0.09669582299316498
S7_BTC_5m_base,logistic_poly2,up_imb5_change_500ms cvd,0.25049639892336567
S7_BTC_5m_base,logistic_poly2,up_imb5_change_500ms vpin_value,-0.09060153949711236
S7_BTC_5m_base,logistic_poly2,up_imb5_change_500ms vpin_zscore,0.24285829118415983
S7_BTC_5m_base,logistic_poly2,up_imb5_change_500ms as_uncertainty,-0.16906926579378195
S7_BTC_5m_base,logistic_poly2,up_imb5_change_500ms as_skew,-0.11466546670960107
S7_BTC_5m_base,logistic_poly2,up_quote_intensity_5s ribbon_alignment_pct,0.04111077609455016
S7_BTC_5m_base,logistic_poly2,up_quote_intensity_5s ribbon_compression_bps,-0.08522803430511719
S7_BTC_5m_base,logistic_poly2,up_quote_intensity_5s adx_14,0.044923259458828926
S7_BTC_5m_base,logistic_poly2,up_quote_intensity_5s plus_di_14,-0.08531697480048359
S7_BTC_5m_base,logistic_poly2,up_quote_intensity_5s minus_di_14,-0.016280930422196152
S7_BTC_5m_base,logistic_poly2,up_quote_intensity_5s vwap_since_open_bps,-0.005508613797337313
S7_BTC_5m_base,logistic_poly2,up_quote_intensity_5s mfi_60s,0.009653568259512704
S7_BTC_5m_base,logistic_poly2,up_quote_intensity_5s stoch_k_60s,0.06899792248884758
S7_BTC_5m_base,logistic_poly2,up_quote_intensity_5s stoch_d_60s,0.07842050633263815
S7_BTC_5m_base,logistic_poly2,up_quote_intensity_5s cci_60s,-0.021386456520199645
S7_BTC_5m_base,logistic_poly2,up_quote_intensity_5s bb_pos_60s,-0.07818995248977202
S7_BTC_5m_base,logistic_poly2,up_quote_intensity_5s bb_width_60s,-0.07133068337963659
S7_BTC_5m_base,logistic_poly2,up_quote_intensity_5s ofi_skew_l1_30s,-0.03732100549946251
S7_BTC_5m_base,logistic_poly2,up_quote_intensity_5s mlofi_skew_l5_30s,0.0866729297888056
S7_BTC_5m_base,logistic_poly2,up_quote_intensity_5s mlofi_skew_l5_60s,0.08607615813220691
S7_BTC_5m_base,logistic_poly2,up_quote_intensity_5s mlofi_skew_l25_30s,-0.016593457241741088
S7_BTC_5m_base,logistic_poly2,up_quote_intensity_5s rsi_14,-0.07188071674405133
S7_BTC_5m_base,logistic_poly2,up_quote_intensity_5s cvd,0.12465720559378055
S7_BTC_5m_base,logistic_poly2,up_quote_intensity_5s vpin_value,0.09185109085898627
S7_BTC_5m_base,logistic_poly2,up_quote_intensity_5s vpin_zscore,0.06634925340848362
S7_BTC_5m_base,logistic_poly2,up_quote_intensity_5s as_uncertainty,0.02576375748158522
S7_BTC_5m_base,logistic_poly2,up_quote_intensity_5s as_skew,0.07429528965710087
S7_BTC_5m_base,logistic_poly2,ribbon_alignment_pct ribbon_compression_bps,0.3123851866887276
S7_BTC_5m_base,logistic_poly2,ribbon_alignment_pct adx_14,0.044504911702507484
S7_BTC_5m_base,logistic_poly2,ribbon_alignment_pct plus_di_14,-0.7649524618946167
S7_BTC_5m_base,logistic_poly2,ribbon_alignment_pct minus_di_14,0.5638840764810764
S7_BTC_5m_base,logistic_poly2,ribbon_alignment_pct vwap_since_open_bps,-0.22942572857833482
S7_BTC_5m_base,logistic_poly2,ribbon_alignment_pct mfi_60s,0.05732072080692976
S7_BTC_5m_base,logistic_poly2,ribbon_alignment_pct stoch_k_60s,-0.06884040182802893
S7_BTC_5m_base,logistic_poly2,ribbon_alignment_pct stoch_d_60s,0.081105910196542
S7_BTC_5m_base,logistic_poly2,ribbon_alignment_pct cci_60s,-0.23702950040281442
S7_BTC_5m_base,logistic_poly2,ribbon_alignment_pct bb_pos_60s,0.07680545326429698
S7_BTC_5m_base,logistic_poly2,ribbon_alignment_pct bb_width_60s,0.06627136356273046
S7_BTC_5m_base,logistic_poly2,ribbon_alignment_pct ofi_skew_l1_30s,0.21731673366366444
S7_BTC_5m_base,logistic_poly2,ribbon_alignment_pct mlofi_skew_l5_30s,-0.05519566695164273
S7_BTC_5m_base,logistic_poly2,ribbon_alignment_pct mlofi_skew_l5_60s,-0.23819160798532846
S7_BTC_5m_base,logistic_poly2,ribbon_alignment_pct mlofi_skew_l25_30s,0.05623914794649321
S7_BTC_5m_base,logistic_poly2,ribbon_alignment_pct rsi_14,0.16001103547704984
S7_BTC_5m_base,logistic_poly2,ribbon_alignment_pct cvd,-0.01077033008130806
S7_BTC_5m_base,logistic_poly2,ribbon_alignment_pct vpin_value,0.047495334688102686
S7_BTC_5m_base,logistic_poly2,ribbon_alignment_pct vpin_zscore,-0.23570094081940826
S7_BTC_5m_base,logistic_poly2,ribbon_alignment_pct as_uncertainty,0.09226246206619901
S7_BTC_5m_base,logistic_poly2,ribbon_alignment_pct as_skew,0.14706297083665237
S7_BTC_5m_base,logistic_poly2,ribbon_compression_bps adx_14,-0.07981605850747744
S7_BTC_5m_base,logistic_poly2,ribbon_compression_bps plus_di_14,0.15567685832081177
S7_BTC_5m_base,logistic_poly2,ribbon_compression_bps minus_di_14,0.22324464311282308
S7_BTC_5m_base,logistic_poly2,ribbon_compression_bps vwap_since_open_bps,0.13282750866850573
S7_BTC_5m_base,logistic_poly2,ribbon_compression_bps mfi_60s,0.05966330806563256
S7_BTC_5m_base,logistic_poly2,ribbon_compression_bps stoch_k_60s,-0.286425212374292
S7_BTC_5m_base,logistic_poly2,ribbon_compression_bps stoch_d_60s,-0.1748194087928953
S7_BTC_5m_base,logistic_poly2,ribbon_compression_bps cci_60s,0.07485981269877635
S7_BTC_5m_base,logistic_poly2,ribbon_compression_bps bb_pos_60s,0.04987442068497103
S7_BTC_5m_base,logistic_poly2,ribbon_compression_bps bb_width_60s,-0.14337537383957988
S7_BTC_5m_base,logistic_poly2,ribbon_compression_bps ofi_skew_l1_30s,-0.16931442193029952
S7_BTC_5m_base,logistic_poly2,ribbon_compression_bps mlofi_skew_l5_30s,0.0436842830138333
S7_BTC_5m_base,logistic_poly2,ribbon_compression_bps mlofi_skew_l5_60s,-0.038443336175085246
S7_BTC_5m_base,logistic_poly2,ribbon_compression_bps mlofi_skew_l25_30s,0.08947888113072916
S7_BTC_5m_base,logistic_poly2,ribbon_compression_bps rsi_14,-0.003840020365955214
S7_BTC_5m_base,logistic_poly2,ribbon_compression_bps cvd,-0.06048202762269734
S7_BTC_5m_base,logistic_poly2,ribbon_compression_bps vpin_value,0.05567125928483581
S7_BTC_5m_base,logistic_poly2,ribbon_compression_bps vpin_zscore,0.3709484504662607
S7_BTC_5m_base,logistic_poly2,ribbon_compression_bps as_uncertainty,-0.08731408034514566
S7_BTC_5m_base,logistic_poly2,ribbon_compression_bps as_skew,0.10909962361451621
S7_BTC_5m_base,logistic_poly2,adx_14 plus_di_14,-0.10126303137163646
S7_BTC_5m_base,logistic_poly2,adx_14 minus_di_14,-0.19082100197566637
S7_BTC_5m_base,logistic_poly2,adx_14 vwap_since_open_bps,0.182153916240002
S7_BTC_5m_base,logistic_poly2,adx_14 mfi_60s,-0.06575772855721708
S7_BTC_5m_base,logistic_poly2,adx_14 stoch_k_60s,0.004166728179961357
S7_BTC_5m_base,logistic_poly2,adx_14 stoch_d_60s,-0.08430774359916396
S7_BTC_5m_base,logistic_poly2,adx_14 cci_60s,0.03130648283017612
S7_BTC_5m_base,logistic_poly2,adx_14 bb_pos_60s,-0.0018058837095981549
S7_BTC_5m_base,logistic_poly2,adx_14 bb_width_60s,0.08409300457126309
S7_BTC_5m_base,logistic_poly2,adx_14 ofi_skew_l1_30s,-0.021686558302908856
S7_BTC_5m_base,logistic_poly2,adx_14 mlofi_skew_l5_30s,0.06802903967719631
S7_BTC_5m_base,logistic_poly2,adx_14 mlofi_skew_l5_60s,-0.003113491993064343
S7_BTC_5m_base,logistic_poly2,adx_14 mlofi_skew_l25_30s,-0.11310648291120039
S7_BTC_5m_base,logistic_poly2,adx_14 rsi_14,-0.03974198966684788
S7_BTC_5m_base,logistic_poly2,adx_14 cvd,0.007815834195859638
S7_BTC_5m_base,logistic_poly2,adx_14 vpin_value,-0.3891939340163175
S7_BTC_5m_base,logistic_poly2,adx_14 vpin_zscore,0.2126728782952114
S7_BTC_5m_base,logistic_poly2,adx_14 as_uncertainty,0.27668133096727465
S7_BTC_5m_base,logistic_poly2,adx_14 as_skew,0.12195404201768138
S7_BTC_5m_base,logistic_poly2,plus_di_14 minus_di_14,-0.027484385034784415
S7_BTC_5m_base,logistic_poly2,plus_di_14 vwap_since_open_bps,-0.17015245564638432
S7_BTC_5m_base,logistic_poly2,plus_di_14 mfi_60s,-0.04095804843171238
S7_BTC_5m_base,logistic_poly2,plus_di_14 stoch_k_60s,0.047910359038061325
S7_BTC_5m_base,logistic_poly2,plus_di_14 stoch_d_60s,0.2006200538984692
S7_BTC_5m_base,logistic_poly2,plus_di_14 cci_60s,-0.04175582126158509
S7_BTC_5m_base,logistic_poly2,plus_di_14 bb_pos_60s,-0.10432325685031066
S7_BTC_5m_base,logistic_poly2,plus_di_14 bb_width_60s,0.03260948415061619
S7_BTC_5m_base,logistic_poly2,plus_di_14 ofi_skew_l1_30s,-0.004564250835615963
S7_BTC_5m_base,logistic_poly2,plus_di_14 mlofi_skew_l5_30s,-0.12477053471997857
S7_BTC_5m_base,logistic_poly2,plus_di_14 mlofi_skew_l5_60s,0.0042627050991076105
S7_BTC_5m_base,logistic_poly2,plus_di_14 mlofi_skew_l25_30s,0.035194544266900434
S7_BTC_5m_base,logistic_poly2,plus_di_14 rsi_14,0.16198965525802028
S7_BTC_5m_base,logistic_poly2,plus_di_14 cvd,-0.07322147159249333
S7_BTC_5m_base,logistic_poly2,plus_di_14 vpin_value,0.3923489690004389
S7_BTC_5m_base,logistic_poly2,plus_di_14 vpin_zscore,-0.26664813206942634
S7_BTC_5m_base,logistic_poly2,plus_di_14 as_uncertainty,0.003134497818712573
S7_BTC_5m_base,logistic_poly2,plus_di_14 as_skew,0.02669154987237291
S7_BTC_5m_base,logistic_poly2,minus_di_14 vwap_since_open_bps,-0.22162676342680698
S7_BTC_5m_base,logistic_poly2,minus_di_14 mfi_60s,0.06754633851414862
S7_BTC_5m_base,logistic_poly2,minus_di_14 stoch_k_60s,0.08372438225603868
S7_BTC_5m_base,logistic_poly2,minus_di_14 stoch_d_60s,-0.004063563041624545
S7_BTC_5m_base,logistic_poly2,minus_di_14 cci_60s,-0.07194710772903541
S7_BTC_5m_base,logistic_poly2,minus_di_14 bb_pos_60s,-0.0624693229095816
S7_BTC_5m_base,logistic_poly2,minus_di_14 bb_width_60s,0.14607439251782667
S7_BTC_5m_base,logistic_poly2,minus_di_14 ofi_skew_l1_30s,-0.010918544490728814
S7_BTC_5m_base,logistic_poly2,minus_di_14 mlofi_skew_l5_30s,-0.00947798462076399
S7_BTC_5m_base,logistic_poly2,minus_di_14 mlofi_skew_l5_60s,-0.03101755420321925
S7_BTC_5m_base,logistic_poly2,minus_di_14 mlofi_skew_l25_30s,-0.06174342542428718
S7_BTC_5m_base,logistic_poly2,minus_di_14 rsi_14,0.15262583817949846
S7_BTC_5m_base,logistic_poly2,minus_di_14 cvd,-0.06431754274842555
S7_BTC_5m_base,logistic_poly2,minus_di_14 vpin_value,-0.11347915451834799
S7_BTC_5m_base,logistic_poly2,minus_di_14 vpin_zscore,0.14877073344710043
S7_BTC_5m_base,logistic_poly2,minus_di_14 as_uncertainty,0.09890370730721589
S7_BTC_5m_base,logistic_poly2,minus_di_14 as_skew,-0.15903730397007668
S7_BTC_5m_base,logistic_poly2,vwap_since_open_bps mfi_60s,-0.08990265751402736
S7_BTC_5m_base,logistic_poly2,vwap_since_open_bps stoch_k_60s,0.03278184087460248
S7_BTC_5m_base,logistic_poly2,vwap_since_open_bps stoch_d_60s,0.09265466416101444
S7_BTC_5m_base,logistic_poly2,vwap_since_open_bps cci_60s,-0.01307567797487625
S7_BTC_5m_base,logistic_poly2,vwap_since_open_bps bb_pos_60s,0.14360895622494838
S7_BTC_5m_base,logistic_poly2,vwap_since_open_bps bb_width_60s,0.137530925879434
S7_BTC_5m_base,logistic_poly2,vwap_since_open_bps ofi_skew_l1_30s,-0.11100633858299618
S7_BTC_5m_base,logistic_poly2,vwap_since_open_bps mlofi_skew_l5_30s,0.021653438944098023
S7_BTC_5m_base,logistic_poly2,vwap_since_open_bps mlofi_skew_l5_60s,-0.37021556128294936
S7_BTC_5m_base,logistic_poly2,vwap_since_open_bps mlofi_skew_l25_30s,-0.03687196270999547
S7_BTC_5m_base,logistic_poly2,vwap_since_open_bps rsi_14,-0.057197931444405936
S7_BTC_5m_base,logistic_poly2,vwap_since_open_bps cvd,-0.05071657247572714
S7_BTC_5m_base,logistic_poly2,vwap_since_open_bps vpin_value,-0.15333516661898383
S7_BTC_5m_base,logistic_poly2,vwap_since_open_bps vpin_zscore,-0.029630120306616426
S7_BTC_5m_base,logistic_poly2,vwap_since_open_bps as_uncertainty,-0.2367606910587176
S7_BTC_5m_base,logistic_poly2,vwap_since_open_bps as_skew,-0.002053448020523406
S7_BTC_5m_base,logistic_poly2,mfi_60s stoch_k_60s,-0.00021656809177870594
S7_BTC_5m_base,logistic_poly2,mfi_60s stoch_d_60s,0.024033000009745852
S7_BTC_5m_base,logistic_poly2,mfi_60s cci_60s,-0.234558163300678
S7_BTC_5m_base,logistic_poly2,mfi_60s bb_pos_60s,0.05027313205550077
S7_BTC_5m_base,logistic_poly2,mfi_60s bb_width_60s,0.3346749091269995
S7_BTC_5m_base,logistic_poly2,mfi_60s ofi_skew_l1_30s,0.24832871140879956
S7_BTC_5m_base,logistic_poly2,mfi_60s mlofi_skew_l5_30s,-0.09181816268501783
S7_BTC_5m_base,logistic_poly2,mfi_60s mlofi_skew_l5_60s,-0.18489143354249357
S7_BTC_5m_base,logistic_poly2,mfi_60s mlofi_skew_l25_30s,-0.07085559444966423
S7_BTC_5m_base,logistic_poly2,mfi_60s rsi_14,-0.04057920934433772
S7_BTC_5m_base,logistic_poly2,mfi_60s cvd,-0.1204712243535551
S7_BTC_5m_base,logistic_poly2,mfi_60s vpin_value,0.01528876433552393
S7_BTC_5m_base,logistic_poly2,mfi_60s vpin_zscore,-0.13351667880789542
S7_BTC_5m_base,logistic_poly2,mfi_60s as_uncertainty,-0.09604560461574647
S7_BTC_5m_base,logistic_poly2,mfi_60s as_skew,-0.06954253206548712
S7_BTC_5m_base,logistic_poly2,stoch_k_60s stoch_d_60s,-0.10979577664967499
S7_BTC_5m_base,logistic_poly2,stoch_k_60s cci_60s,0.02591415771191027
S7_BTC_5m_base,logistic_poly2,stoch_k_60s bb_pos_60s,0.22148757633275865
S7_BTC_5m_base,logistic_poly2,stoch_k_60s bb_width_60s,0.10195571298430742
S7_BTC_5m_base,logistic_poly2,stoch_k_60s ofi_skew_l1_30s,-0.00877554332308218
S7_BTC_5m_base,logistic_poly2,stoch_k_60s mlofi_skew_l5_30s,0.06172922227798541
S7_BTC_5m_base,logistic_poly2,stoch_k_60s mlofi_skew_l5_60s,0.08380087960860096
S7_BTC_5m_base,logistic_poly2,stoch_k_60s mlofi_skew_l25_30s,-0.12143647047871671
S7_BTC_5m_base,logistic_poly2,stoch_k_60s rsi_14,0.08729009137131667
S7_BTC_5m_base,logistic_poly2,stoch_k_60s cvd,-0.20212503824213873
S7_BTC_5m_base,logistic_poly2,stoch_k_60s vpin_value,0.021295074987078437
S7_BTC_5m_base,logistic_poly2,stoch_k_60s vpin_zscore,0.13855293408510416
S7_BTC_5m_base,logistic_poly2,stoch_k_60s as_uncertainty,0.0682797371252196
S7_BTC_5m_base,logistic_poly2,stoch_k_60s as_skew,0.08458261225735117
S7_BTC_5m_base,logistic_poly2,stoch_d_60s cci_60s,0.06932297507990844
S7_BTC_5m_base,logistic_poly2,stoch_d_60s bb_pos_60s,0.018941021100285324
S7_BTC_5m_base,logistic_poly2,stoch_d_60s bb_width_60s,0.07939612386862752
S7_BTC_5m_base,logistic_poly2,stoch_d_60s ofi_skew_l1_30s,-0.04979769750841778
S7_BTC_5m_base,logistic_poly2,stoch_d_60s mlofi_skew_l5_30s,0.10541541103148226
S7_BTC_5m_base,logistic_poly2,stoch_d_60s mlofi_skew_l5_60s,0.12301536566742469
S7_BTC_5m_base,logistic_poly2,stoch_d_60s mlofi_skew_l25_30s,-0.010462290609709188
S7_BTC_5m_base,logistic_poly2,stoch_d_60s rsi_14,0.25243313135837
S7_BTC_5m_base,logistic_poly2,stoch_d_60s cvd,0.034248989285841726
S7_BTC_5m_base,logistic_poly2,stoch_d_60s vpin_value,-0.12412100848740999
S7_BTC_5m_base,logistic_poly2,stoch_d_60s vpin_zscore,-0.12924026547103387
S7_BTC_5m_base,logistic_poly2,stoch_d_60s as_uncertainty,0.11970292737255606
S7_BTC_5m_base,logistic_poly2,stoch_d_60s as_skew,0.1571413004512628
S7_BTC_5m_base,logistic_poly2,cci_60s bb_pos_60s,-0.20718380801883157
S7_BTC_5m_base,logistic_poly2,cci_60s bb_width_60s,0.08027967430078843
S7_BTC_5m_base,logistic_poly2,cci_60s ofi_skew_l1_30s,0.006722712617958317
S7_BTC_5m_base,logistic_poly2,cci_60s mlofi_skew_l5_30s,0.010379321237254843
S7_BTC_5m_base,logistic_poly2,cci_60s mlofi_skew_l5_60s,0.022851656592009027
S7_BTC_5m_base,logistic_poly2,cci_60s mlofi_skew_l25_30s,0.00819272582771849
S7_BTC_5m_base,logistic_poly2,cci_60s rsi_14,-0.2239372003031341
S7_BTC_5m_base,logistic_poly2,cci_60s cvd,-0.09917913733718141
S7_BTC_5m_base,logistic_poly2,cci_60s vpin_value,-0.01925385644514651
S7_BTC_5m_base,logistic_poly2,cci_60s vpin_zscore,0.0039610340858227755
S7_BTC_5m_base,logistic_poly2,cci_60s as_uncertainty,-0.08644864045548348
S7_BTC_5m_base,logistic_poly2,cci_60s as_skew,-0.12747850991036713
S7_BTC_5m_base,logistic_poly2,bb_pos_60s bb_width_60s,0.026540033715533085
S7_BTC_5m_base,logistic_poly2,bb_pos_60s ofi_skew_l1_30s,0.05244263807618
S7_BTC_5m_base,logistic_poly2,bb_pos_60s mlofi_skew_l5_30s,-0.04136308711021554
S7_BTC_5m_base,logistic_poly2,bb_pos_60s mlofi_skew_l5_60s,-0.06638857612059251
S7_BTC_5m_base,logistic_poly2,bb_pos_60s mlofi_skew_l25_30s,-0.07633522586174363
S7_BTC_5m_base,logistic_poly2,bb_pos_60s rsi_14,0.14069176175640635
S7_BTC_5m_base,logistic_poly2,bb_pos_60s cvd,0.20946302086231933
S7_BTC_5m_base,logistic_poly2,bb_pos_60s vpin_value,0.15275632575086337
S7_BTC_5m_base,logistic_poly2,bb_pos_60s vpin_zscore,-0.019404807933826592
S7_BTC_5m_base,logistic_poly2,bb_pos_60s as_uncertainty,0.018259320073673164
S7_BTC_5m_base,logistic_poly2,bb_pos_60s as_skew,-0.04724055640479454
S7_BTC_5m_base,logistic_poly2,bb_width_60s ofi_skew_l1_30s,-0.176514138378227
S7_BTC_5m_base,logistic_poly2,bb_width_60s mlofi_skew_l5_30s,-0.06581113618473654
S7_BTC_5m_base,logistic_poly2,bb_width_60s mlofi_skew_l5_60s,0.1719718399651164
S7_BTC_5m_base,logistic_poly2,bb_width_60s mlofi_skew_l25_30s,-0.08541580890967956
S7_BTC_5m_base,logistic_poly2,bb_width_60s rsi_14,0.1371956322713757
S7_BTC_5m_base,logistic_poly2,bb_width_60s cvd,-0.07920831668304908
S7_BTC_5m_base,logistic_poly2,bb_width_60s vpin_value,-0.056525815661766066
S7_BTC_5m_base,logistic_poly2,bb_width_60s vpin_zscore,-0.20557240763643772
S7_BTC_5m_base,logistic_poly2,bb_width_60s as_uncertainty,-0.13580358970425338
S7_BTC_5m_base,logistic_poly2,bb_width_60s as_skew,0.10158447681201077
S7_BTC_5m_base,logistic_poly2,ofi_skew_l1_30s mlofi_skew_l5_30s,0.026118575675185683
S7_BTC_5m_base,logistic_poly2,ofi_skew_l1_30s mlofi_skew_l5_60s,0.04505978006979192
S7_BTC_5m_base,logistic_poly2,ofi_skew_l1_30s mlofi_skew_l25_30s,0.18890819256297098
S7_BTC_5m_base,logistic_poly2,ofi_skew_l1_30s rsi_14,0.03468526864792614
S7_BTC_5m_base,logistic_poly2,ofi_skew_l1_30s cvd,0.09030147673542302
S7_BTC_5m_base,logistic_poly2,ofi_skew_l1_30s vpin_value,0.10056352082997376
S7_BTC_5m_base,logistic_poly2,ofi_skew_l1_30s vpin_zscore,-0.0001503215259397506
S7_BTC_5m_base,logistic_poly2,ofi_skew_l1_30s as_uncertainty,-0.08636914753611977
S7_BTC_5m_base,logistic_poly2,ofi_skew_l1_30s as_skew,0.09455397329324242
S7_BTC_5m_base,logistic_poly2,mlofi_skew_l5_30s mlofi_skew_l5_60s,0.04270463688615856
S7_BTC_5m_base,logistic_poly2,mlofi_skew_l5_30s mlofi_skew_l25_30s,-0.18143378985321784
S7_BTC_5m_base,logistic_poly2,mlofi_skew_l5_30s rsi_14,-0.08019823945466814
S7_BTC_5m_base,logistic_poly2,mlofi_skew_l5_30s cvd,-0.11479173529904467
S7_BTC_5m_base,logistic_poly2,mlofi_skew_l5_30s vpin_value,-0.07175797740244025
S7_BTC_5m_base,logistic_poly2,mlofi_skew_l5_30s vpin_zscore,-0.016423906374730343
S7_BTC_5m_base,logistic_poly2,mlofi_skew_l5_30s as_uncertainty,-0.2008649654477243
S7_BTC_5m_base,logistic_poly2,mlofi_skew_l5_30s as_skew,0.02744313422254121
S7_BTC_5m_base,logistic_poly2,mlofi_skew_l5_60s mlofi_skew_l25_30s,-0.008886808507424064
S7_BTC_5m_base,logistic_poly2,mlofi_skew_l5_60s rsi_14,-0.05570598880239115
S7_BTC_5m_base,logistic_poly2,mlofi_skew_l5_60s cvd,0.23238776335499198
S7_BTC_5m_base,logistic_poly2,mlofi_skew_l5_60s vpin_value,0.02465983461959268
S7_BTC_5m_base,logistic_poly2,mlofi_skew_l5_60s vpin_zscore,0.10070377257305586
S7_BTC_5m_base,logistic_poly2,mlofi_skew_l5_60s as_uncertainty,-0.048588363479818514
S7_BTC_5m_base,logistic_poly2,mlofi_skew_l5_60s as_skew,0.00913495859065379
S7_BTC_5m_base,logistic_poly2,mlofi_skew_l25_30s rsi_14,-0.06350866912272964
S7_BTC_5m_base,logistic_poly2,mlofi_skew_l25_30s cvd,0.04188092273736623
S7_BTC_5m_base,logistic_poly2,mlofi_skew_l25_30s vpin_value,-0.08621581295171354
S7_BTC_5m_base,logistic_poly2,mlofi_skew_l25_30s vpin_zscore,-0.012649353949994268
S7_BTC_5m_base,logistic_poly2,mlofi_skew_l25_30s as_uncertainty,-0.08979137606017867
S7_BTC_5m_base,logistic_poly2,mlofi_skew_l25_30s as_skew,0.09966392361854996
S7_BTC_5m_base,logistic_poly2,rsi_14 cvd,0.06154087802585107
S7_BTC_5m_base,logistic_poly2,rsi_14 vpin_value,-0.06247152985214322
S7_BTC_5m_base,logistic_poly2,rsi_14 vpin_zscore,0.04861094598881665
S7_BTC_5m_base,logistic_poly2,rsi_14 as_uncertainty,-0.16182561490397981
S7_BTC_5m_base,logistic_poly2,rsi_14 as_skew,-0.03262516650853838
S7_BTC_5m_base,logistic_poly2,cvd vpin_value,0.24327557839444008
S7_BTC_5m_base,logistic_poly2,cvd vpin_zscore,-0.0862856191628728
S7_BTC_5m_base,logistic_poly2,cvd as_uncertainty,0.2663062184905731
S7_BTC_5m_base,logistic_poly2,cvd as_skew,0.3986253380524512
S7_BTC_5m_base,logistic_poly2,vpin_value vpin_zscore,0.022841436555337113
S7_BTC_5m_base,logistic_poly2,vpin_value as_uncertainty,0.169203391351307
S7_BTC_5m_base,logistic_poly2,vpin_value as_skew,0.02735447904172946
S7_BTC_5m_base,logistic_poly2,vpin_zscore as_uncertainty,0.14264852053683041
S7_BTC_5m_base,logistic_poly2,vpin_zscore as_skew,0.03188202254509439
S7_BTC_5m_base,logistic_poly2,as_uncertainty as_skew,0.054640724571621786
SOL_S15_60_150,ridge,mp_skew,0.019166766588145978
SOL_S15_60_150,ridge,mp_weighted_skew,-0.02932528724538967
SOL_S15_60_150,ridge,mp_skew_change_500ms,0.0012542036256835698
SOL_S15_60_150,ridge,mp_up_dev_bps,0.047250688493974194
SOL_S15_60_150,ridge,mp_dn_dev_bps,-0.005418641827519266
SOL_S15_60_150,ridge,mp_imbalance,-0.01439105686708238
SOL_S15_60_150,ridge,mp_weighted_imbalance,3.1828024551717214e-05
SOL_S15_60_150,ridge,L_stat,0.0016663982012377167
SOL_S15_60_150,ridge,hawkes_lambda_imbalance,-0.03362730277337671
SOL_S15_60_150,ridge,hawkes_lambda_total,-0.02723246130665816
SOL_S15_60_150,ridge,rv_ratio_60_to_3600,-0.02575395493401929
SOL_S15_60_150,ridge,hurst_300s,0.0001846198511873616
SOL_S15_60_150,ridge,hurst_100s,-0.014497922075876699
SOL_S15_60_150,ridge,hurst_900s,-0.03836269778155588
SOL_S15_60_150,ridge,trend_slope_30m,0.04655178068290693
SOL_S15_60_150,ridge,rv_60s,-0.030801905431890098
SOL_S15_60_150,ridge,rv_300s,0.033501779716107564
SOL_S15_60_150,ridge,up_imb5,-0.0062344002284088805
SOL_S15_60_150,ridge,dn_imb5,-0.0036228016078884303
SOL_S15_60_150,ridge,up_imb25,-0.03934139632159949
SOL_S15_60_150,ridge,dn_imb25,0.04160426980694422
SOL_S15_60_150,ridge,up_queue_top_bid,0.006928316183154459
SOL_S15_60_150,ridge,up_micro_dev_bps,0.0475127118898432
SOL_S15_60_150,ridge,dn_micro_dev_bps,0.010974090163257752
SOL_S15_60_150,ridge,up_bid_slope,0.00981814427883759
SOL_S15_60_150,ridge,up_ask_slope,0.017792772045086676
SOL_S15_60_150,ridge,dn_bid_slope,-0.013730898355174848
SOL_S15_60_150,ridge,dn_ask_slope,-0.01414278568368173
SOL_S15_60_150,ridge,up_imb5_change_500ms,-0.00927142146180064
SOL_S15_60_150,ridge,up_quote_intensity_5s,-0.018735563093850133
SOL_S15_60_150,ridge,ribbon_alignment_pct,-0.018074580209953787
SOL_S15_60_150,ridge,ribbon_compression_bps,-0.010018373503403736
SOL_S15_60_150,ridge,adx_14,0.008628619207734292
SOL_S15_60_150,ridge,plus_di_14,0.029188768450823466
SOL_S15_60_150,ridge,minus_di_14,0.03747171067022613
SOL_S15_60_150,ridge,vwap_since_open_bps,0.10839623506988896
SOL_S15_60_150,ridge,mfi_60s,-0.009469225380435011
SOL_S15_60_150,ridge,stoch_k_60s,-0.028551452649035445
SOL_S15_60_150,ridge,stoch_d_60s,0.02682079905435954
SOL_S15_60_150,ridge,cci_60s,-0.021822310589078873
SOL_S15_60_150,ridge,bb_pos_60s,0.028736654098496538
SOL_S15_60_150,ridge,bb_width_60s,-0.006714110931518971
SOL_S15_60_150,ridge,ofi_skew_l1_30s,0.010657048084447535
SOL_S15_60_150,ridge,mlofi_skew_l5_30s,-0.026567717185399943
SOL_S15_60_150,ridge,mlofi_skew_l5_60s,0.012276041868991203
SOL_S15_60_150,ridge,mlofi_skew_l25_30s,0.035799760323994706
SOL_S15_60_150,ridge,rsi_14,0.0385809546049645
SOL_S15_60_150,ridge,cvd,0.007422023279165941
SOL_S15_60_150,ridge,vpin_value,0.025314487368313012
SOL_S15_60_150,ridge,vpin_zscore,-0.013712297185838098
SOL_S15_60_150,ridge,as_uncertainty,-0.001098404373917524
SOL_S15_60_150,ridge,as_skew,-0.0176075083049657
SOL_S15_60_150,elastic_net,mp_skew,0.0
SOL_S15_60_150,elastic_net,mp_weighted_skew,-0.020675541059237686
SOL_S15_60_150,elastic_net,mp_skew_change_500ms,0.0
SOL_S15_60_150,elastic_net,mp_up_dev_bps,0.0
SOL_S15_60_150,elastic_net,mp_dn_dev_bps,-0.006697806586360539
SOL_S15_60_150,elastic_net,mp_imbalance,-0.0
SOL_S15_60_150,elastic_net,mp_weighted_imbalance,-0.0
SOL_S15_60_150,elastic_net,L_stat,0.0
SOL_S15_60_150,elastic_net,hawkes_lambda_imbalance,-0.020494330874646943
SOL_S15_60_150,elastic_net,hawkes_lambda_total,-0.0
SOL_S15_60_150,elastic_net,rv_ratio_60_to_3600,-0.02471688307094146
SOL_S15_60_150,elastic_net,hurst_300s,0.0
SOL_S15_60_150,elastic_net,hurst_100s,-0.0065697717542933685
SOL_S15_60_150,elastic_net,hurst_900s,-0.028198418239275685
SOL_S15_60_150,elastic_net,trend_slope_30m,0.04190807807509743
SOL_S15_60_150,elastic_net,rv_60s,-0.007132712031618399
SOL_S15_60_150,elastic_net,rv_300s,0.0
SOL_S15_60_150,elastic_net,up_imb5,-0.0055755598685054185
SOL_S15_60_150,elastic_net,dn_imb5,0.0012582654022777905
SOL_S15_60_150,elastic_net,up_imb25,-0.02821222624677499
SOL_S15_60_150,elastic_net,dn_imb25,0.03148300510927696
SOL_S15_60_150,elastic_net,up_queue_top_bid,0.0
SOL_S15_60_150,elastic_net,up_micro_dev_bps,0.0
SOL_S15_60_150,elastic_net,dn_micro_dev_bps,-0.0
SOL_S15_60_150,elastic_net,up_bid_slope,0.0
SOL_S15_60_150,elastic_net,up_ask_slope,0.0038110398449147966
SOL_S15_60_150,elastic_net,dn_bid_slope,-0.0
SOL_S15_60_150,elastic_net,dn_ask_slope,-0.0006023314366517715
SOL_S15_60_150,elastic_net,up_imb5_change_500ms,-0.004003381210897223
SOL_S15_60_150,elastic_net,up_quote_intensity_5s,-0.013620333934910502
SOL_S15_60_150,elastic_net,ribbon_alignment_pct,-0.0036577574145742874
SOL_S15_60_150,elastic_net,ribbon_compression_bps,0.0
SOL_S15_60_150,elastic_net,adx_14,0.0035663618674771024
SOL_S15_60_150,elastic_net,plus_di_14,0.0048504636732614485
SOL_S15_60_150,elastic_net,minus_di_14,0.012301271891025974
SOL_S15_60_150,elastic_net,vwap_since_open_bps,0.06676845497944962
SOL_S15_60_150,elastic_net,mfi_60s,-0.00038281244342325385
SOL_S15_60_150,elastic_net,stoch_k_60s,-0.0
SOL_S15_60_150,elastic_net,stoch_d_60s,0.0
SOL_S15_60_150,elastic_net,cci_60s,-0.005900030153289189
SOL_S15_60_150,elastic_net,bb_pos_60s,0.011379878935267027
SOL_S15_60_150,elastic_net,bb_width_60s,-0.0062660498917663995
SOL_S15_60_150,elastic_net,ofi_skew_l1_30s,0.0
SOL_S15_60_150,elastic_net,mlofi_skew_l5_30s,-0.0
SOL_S15_60_150,elastic_net,mlofi_skew_l5_60s,-0.0
SOL_S15_60_150,elastic_net,mlofi_skew_l25_30s,0.023561932644760978
SOL_S15_60_150,elastic_net,rsi_14,0.03700704863669068
SOL_S15_60_150,elastic_net,cvd,-0.0
SOL_S15_60_150,elastic_net,vpin_value,0.004825045200981185
SOL_S15_60_150,elastic_net,vpin_zscore,0.0
SOL_S15_60_150,elastic_net,as_uncertainty,-0.0
SOL_S15_60_150,elastic_net,as_skew,-0.0
SOL_S15_60_150,logistic_l2,mp_skew,0.10191964942493921
SOL_S15_60_150,logistic_l2,mp_weighted_skew,-0.22516946953247746
SOL_S15_60_150,logistic_l2,mp_skew_change_500ms,0.02630288561591273
SOL_S15_60_150,logistic_l2,mp_up_dev_bps,0.3869160238266719
SOL_S15_60_150,logistic_l2,mp_dn_dev_bps,-0.04975774429278564
SOL_S15_60_150,logistic_l2,mp_imbalance,-0.07570208910989314
SOL_S15_60_150,logistic_l2,mp_weighted_imbalance,0.02168823287898191
SOL_S15_60_150,logistic_l2,L_stat,0.03992750329559399
SOL_S15_60_150,logistic_l2,hawkes_lambda_imbalance,-0.27892297879719746
SOL_S15_60_150,logistic_l2,hawkes_lambda_total,-0.03317530321399231
SOL_S15_60_150,logistic_l2,rv_ratio_60_to_3600,-0.22174624880397237
SOL_S15_60_150,logistic_l2,hurst_300s,0.027728395333183924
SOL_S15_60_150,logistic_l2,hurst_100s,-0.12370215258342138
SOL_S15_60_150,logistic_l2,hurst_900s,-0.3008142964871323
SOL_S15_60_150,logistic_l2,trend_slope_30m,0.42829199993092704
SOL_S15_60_150,logistic_l2,rv_60s,-0.23723937035738246
SOL_S15_60_150,logistic_l2,rv_300s,0.15251042100839274
SOL_S15_60_150,logistic_l2,up_imb5,-0.051316856175032344
SOL_S15_60_150,logistic_l2,dn_imb5,-0.04992534396860779
SOL_S15_60_150,logistic_l2,up_imb25,-0.24414283361591202
SOL_S15_60_150,logistic_l2,dn_imb25,0.2545243051750488
SOL_S15_60_150,logistic_l2,up_queue_top_bid,-0.12974477666643297
SOL_S15_60_150,logistic_l2,up_micro_dev_bps,0.34039042351377835
SOL_S15_60_150,logistic_l2,dn_micro_dev_bps,0.12570904106745165
SOL_S15_60_150,logistic_l2,up_bid_slope,0.08145307723539957
SOL_S15_60_150,logistic_l2,up_ask_slope,0.11781129929362637
SOL_S15_60_150,logistic_l2,dn_bid_slope,-0.09834901264108141
SOL_S15_60_150,logistic_l2,dn_ask_slope,-0.1117242997454301
SOL_S15_60_150,logistic_l2,up_imb5_change_500ms,-0.06237581722139055
SOL_S15_60_150,logistic_l2,up_quote_intensity_5s,-0.17889419030284093
SOL_S15_60_150,logistic_l2,ribbon_alignment_pct,-0.12737467986581286
SOL_S15_60_150,logistic_l2,ribbon_compression_bps,0.0414172106713532
SOL_S15_60_150,logistic_l2,adx_14,0.03703966652409556
SOL_S15_60_150,logistic_l2,plus_di_14,0.2992154993074949
SOL_S15_60_150,logistic_l2,minus_di_14,0.35931945129326465
SOL_S15_60_150,logistic_l2,vwap_since_open_bps,0.8801764235590797
SOL_S15_60_150,logistic_l2,mfi_60s,-0.08209470588563914
SOL_S15_60_150,logistic_l2,stoch_k_60s,-0.22645766247328544
SOL_S15_60_150,logistic_l2,stoch_d_60s,0.17568333699599942
SOL_S15_60_150,logistic_l2,cci_60s,-0.14054221637010417
SOL_S15_60_150,logistic_l2,bb_pos_60s,0.17164113366600822
SOL_S15_60_150,logistic_l2,bb_width_60s,-0.17006967618911997
SOL_S15_60_150,logistic_l2,ofi_skew_l1_30s,0.627845407393613
SOL_S15_60_150,logistic_l2,mlofi_skew_l5_30s,0.16273980086539336
SOL_S15_60_150,logistic_l2,mlofi_skew_l5_60s,0.206350347725109
SOL_S15_60_150,logistic_l2,mlofi_skew_l25_30s,0.3313422634363375
SOL_S15_60_150,logistic_l2,rsi_14,0.27715803184963134
SOL_S15_60_150,logistic_l2,cvd,0.07166127680290581
SOL_S15_60_150,logistic_l2,vpin_value,0.16296345762749398
SOL_S15_60_150,logistic_l2,vpin_zscore,-0.0715554153850002
SOL_S15_60_150,logistic_l2,as_uncertainty,-0.10750608895703496
SOL_S15_60_150,logistic_l2,as_skew,0.3955353283062363
SOL_S15_60_150,logistic_poly2,mp_skew,-0.028661742525247672
SOL_S15_60_150,logistic_poly2,mp_weighted_skew,-0.4575516311841458
SOL_S15_60_150,logistic_poly2,mp_skew_change_500ms,0.08025519605392593
SOL_S15_60_150,logistic_poly2,mp_up_dev_bps,0.0883523175576951
SOL_S15_60_150,logistic_poly2,mp_dn_dev_bps,0.025085570593612275
SOL_S15_60_150,logistic_poly2,mp_imbalance,0.059690046179119244
SOL_S15_60_150,logistic_poly2,mp_weighted_imbalance,-0.2642925936209409
SOL_S15_60_150,logistic_poly2,L_stat,0.1944434182174305
SOL_S15_60_150,logistic_poly2,hawkes_lambda_imbalance,-0.16480888135615449
SOL_S15_60_150,logistic_poly2,hawkes_lambda_total,-0.008301920944683067
SOL_S15_60_150,logistic_poly2,rv_ratio_60_to_3600,-0.23562060306607457
SOL_S15_60_150,logistic_poly2,hurst_300s,0.06594355916649683
SOL_S15_60_150,logistic_poly2,hurst_100s,-0.20844084993882633
SOL_S15_60_150,logistic_poly2,hurst_900s,-0.2697302754427526
SOL_S15_60_150,logistic_poly2,trend_slope_30m,0.7769225619150034
SOL_S15_60_150,logistic_poly2,rv_60s,-0.07125887898962675
SOL_S15_60_150,logistic_poly2,rv_300s,0.07596986533250898
SOL_S15_60_150,logistic_poly2,up_imb5,-0.032104403264874896
SOL_S15_60_150,logistic_poly2,dn_imb5,0.017400312280030965
SOL_S15_60_150,logistic_poly2,up_imb25,-0.15459933306546772
SOL_S15_60_150,logistic_poly2,dn_imb25,0.15769641258956685
SOL_S15_60_150,logistic_poly2,up_queue_top_bid,0.03442235489384095
SOL_S15_60_150,logistic_poly2,up_micro_dev_bps,-0.027428933476799575
SOL_S15_60_150,logistic_poly2,dn_micro_dev_bps,0.0170751207168967
SOL_S15_60_150,logistic_poly2,up_bid_slope,-0.05320529531981387
SOL_S15_60_150,logistic_poly2,up_ask_slope,-0.1339863718290877
SOL_S15_60_150,logistic_poly2,dn_bid_slope,0.13704745698626036
SOL_S15_60_150,logistic_poly2,dn_ask_slope,0.050930705977835104
SOL_S15_60_150,logistic_poly2,up_imb5_change_500ms,-0.22033347649007415
SOL_S15_60_150,logistic_poly2,up_quote_intensity_5s,-0.275430226635598
SOL_S15_60_150,logistic_poly2,ribbon_alignment_pct,-0.07505755709917816
SOL_S15_60_150,logistic_poly2,ribbon_compression_bps,0.17550800149490536
SOL_S15_60_150,logistic_poly2,adx_14,0.14562997329357416
SOL_S15_60_150,logistic_poly2,plus_di_14,0.014530610962121271
SOL_S15_60_150,logistic_poly2,minus_di_14,0.3548273343630034
SOL_S15_60_150,logistic_poly2,vwap_since_open_bps,0.2450838326150577
SOL_S15_60_150,logistic_poly2,mfi_60s,0.024663166993224666
SOL_S15_60_150,logistic_poly2,stoch_k_60s,0.11816296711740576
SOL_S15_60_150,logistic_poly2,stoch_d_60s,0.15840610531274482
SOL_S15_60_150,logistic_poly2,cci_60s,-0.06389307639696956
SOL_S15_60_150,logistic_poly2,bb_pos_60s,0.03893129947015797
SOL_S15_60_150,logistic_poly2,bb_width_60s,-0.0707658983244226
SOL_S15_60_150,logistic_poly2,ofi_skew_l1_30s,0.1082606145211996
SOL_S15_60_150,logistic_poly2,mlofi_skew_l5_30s,0.1289470558816813
SOL_S15_60_150,logistic_poly2,mlofi_skew_l5_60s,0.03886770759350844
SOL_S15_60_150,logistic_poly2,mlofi_skew_l25_30s,0.3325200196453249
SOL_S15_60_150,logistic_poly2,rsi_14,1.0074629895104168
SOL_S15_60_150,logistic_poly2,cvd,0.09821134883978565
SOL_S15_60_150,logistic_poly2,vpin_value,0.0256193580640737
SOL_S15_60_150,logistic_poly2,vpin_zscore,0.008638723481602854
SOL_S15_60_150,logistic_poly2,as_uncertainty,0.07480328932351649
SOL_S15_60_150,logistic_poly2,as_skew,0.029576308091197597
SOL_S15_60_150,logistic_poly2,mp_skew mp_weighted_skew,0.0818031466492343
SOL_S15_60_150,logistic_poly2,mp_skew mp_skew_change_500ms,0.05358371596723931
SOL_S15_60_150,logistic_poly2,mp_skew mp_up_dev_bps,-0.12601266236279243
SOL_S15_60_150,logistic_poly2,mp_skew mp_dn_dev_bps,0.003509872158440367
SOL_S15_60_150,logistic_poly2,mp_skew mp_imbalance,-0.0005304133490573185
SOL_S15_60_150,logistic_poly2,mp_skew mp_weighted_imbalance,0.049149851126796755
SOL_S15_60_150,logistic_poly2,mp_skew L_stat,-0.053085815855005596
SOL_S15_60_150,logistic_poly2,mp_skew hawkes_lambda_imbalance,0.051379224309968496
SOL_S15_60_150,logistic_poly2,mp_skew hawkes_lambda_total,-0.0315539568983499
SOL_S15_60_150,logistic_poly2,mp_skew rv_ratio_60_to_3600,0.08236577288009961
SOL_S15_60_150,logistic_poly2,mp_skew hurst_300s,-0.0004830199310112282
SOL_S15_60_150,logistic_poly2,mp_skew hurst_100s,-0.05270538364417785
SOL_S15_60_150,logistic_poly2,mp_skew hurst_900s,0.12602089775657302
SOL_S15_60_150,logistic_poly2,mp_skew trend_slope_30m,0.09980339402996444
SOL_S15_60_150,logistic_poly2,mp_skew rv_60s,0.0205939398005252
SOL_S15_60_150,logistic_poly2,mp_skew rv_300s,0.0989824614004361
SOL_S15_60_150,logistic_poly2,mp_skew up_imb5,-0.11077675482743134
SOL_S15_60_150,logistic_poly2,mp_skew dn_imb5,0.12363348909840269
SOL_S15_60_150,logistic_poly2,mp_skew up_imb25,0.01413106229801282
SOL_S15_60_150,logistic_poly2,mp_skew dn_imb25,-0.015657385888575896
SOL_S15_60_150,logistic_poly2,mp_skew up_queue_top_bid,0.0053837536285182095
SOL_S15_60_150,logistic_poly2,mp_skew up_micro_dev_bps,-0.09796712674105
SOL_S15_60_150,logistic_poly2,mp_skew dn_micro_dev_bps,0.02372828461508591
SOL_S15_60_150,logistic_poly2,mp_skew up_bid_slope,0.005515509505266686
SOL_S15_60_150,logistic_poly2,mp_skew up_ask_slope,-0.010185413598504478
SOL_S15_60_150,logistic_poly2,mp_skew dn_bid_slope,0.009034127555606081
SOL_S15_60_150,logistic_poly2,mp_skew dn_ask_slope,-0.007405694597213029
SOL_S15_60_150,logistic_poly2,mp_skew up_imb5_change_500ms,0.040832705023910926
SOL_S15_60_150,logistic_poly2,mp_skew up_quote_intensity_5s,-0.062119046390800105
SOL_S15_60_150,logistic_poly2,mp_skew ribbon_alignment_pct,-0.00388506462507621
SOL_S15_60_150,logistic_poly2,mp_skew ribbon_compression_bps,0.016616312049699312
SOL_S15_60_150,logistic_poly2,mp_skew adx_14,0.08200541747339309
SOL_S15_60_150,logistic_poly2,mp_skew plus_di_14,-0.0916647120685572
SOL_S15_60_150,logistic_poly2,mp_skew minus_di_14,0.010698072462909734
SOL_S15_60_150,logistic_poly2,mp_skew vwap_since_open_bps,-0.06132491955513692
SOL_S15_60_150,logistic_poly2,mp_skew mfi_60s,0.03904162163629908
SOL_S15_60_150,logistic_poly2,mp_skew stoch_k_60s,-0.22629122914616365
SOL_S15_60_150,logistic_poly2,mp_skew stoch_d_60s,0.02461541789119069
SOL_S15_60_150,logistic_poly2,mp_skew cci_60s,0.039231908299274115
SOL_S15_60_150,logistic_poly2,mp_skew bb_pos_60s,-0.0008671277579046693
SOL_S15_60_150,logistic_poly2,mp_skew bb_width_60s,-0.0383698919695957
SOL_S15_60_150,logistic_poly2,mp_skew ofi_skew_l1_30s,-0.018424559730700472
SOL_S15_60_150,logistic_poly2,mp_skew mlofi_skew_l5_30s,-0.08265135033531218
SOL_S15_60_150,logistic_poly2,mp_skew mlofi_skew_l5_60s,-0.03966466788990098
SOL_S15_60_150,logistic_poly2,mp_skew mlofi_skew_l25_30s,0.06560696443616887
SOL_S15_60_150,logistic_poly2,mp_skew rsi_14,0.05288468166047365
SOL_S15_60_150,logistic_poly2,mp_skew cvd,-0.0229035184028876
SOL_S15_60_150,logistic_poly2,mp_skew vpin_value,0.026032557384217753
SOL_S15_60_150,logistic_poly2,mp_skew vpin_zscore,0.09269396048751237
SOL_S15_60_150,logistic_poly2,mp_skew as_uncertainty,0.00868185953854368
SOL_S15_60_150,logistic_poly2,mp_skew as_skew,-0.032795956460452684
SOL_S15_60_150,logistic_poly2,mp_weighted_skew mp_skew_change_500ms,0.09337511050660367
SOL_S15_60_150,logistic_poly2,mp_weighted_skew mp_up_dev_bps,0.3093532168093104
SOL_S15_60_150,logistic_poly2,mp_weighted_skew mp_dn_dev_bps,-0.152396470272109
SOL_S15_60_150,logistic_poly2,mp_weighted_skew mp_imbalance,0.01976505965375622
SOL_S15_60_150,logistic_poly2,mp_weighted_skew mp_weighted_imbalance,0.1735569279847593
SOL_S15_60_150,logistic_poly2,mp_weighted_skew L_stat,-0.06999764451128887
SOL_S15_60_150,logistic_poly2,mp_weighted_skew hawkes_lambda_imbalance,-0.07889939230614809
SOL_S15_60_150,logistic_poly2,mp_weighted_skew hawkes_lambda_total,0.09430001897926427
SOL_S15_60_150,logistic_poly2,mp_weighted_skew rv_ratio_60_to_3600,0.1602792436573948
SOL_S15_60_150,logistic_poly2,mp_weighted_skew hurst_300s,-0.17326384266194986
SOL_S15_60_150,logistic_poly2,mp_weighted_skew hurst_100s,0.08576842313102906
SOL_S15_60_150,logistic_poly2,mp_weighted_skew hurst_900s,-0.1244204807146997
SOL_S15_60_150,logistic_poly2,mp_weighted_skew trend_slope_30m,-0.09511995808599055
SOL_S15_60_150,logistic_poly2,mp_weighted_skew rv_60s,0.0654934637971454
SOL_S15_60_150,logistic_poly2,mp_weighted_skew rv_300s,-0.025368351902869495
SOL_S15_60_150,logistic_poly2,mp_weighted_skew up_imb5,0.1269551041119658
SOL_S15_60_150,logistic_poly2,mp_weighted_skew dn_imb5,-0.12172424030468103
SOL_S15_60_150,logistic_poly2,mp_weighted_skew up_imb25,-0.13163003431181564
SOL_S15_60_150,logistic_poly2,mp_weighted_skew dn_imb25,0.1365933276707561
SOL_S15_60_150,logistic_poly2,mp_weighted_skew up_queue_top_bid,0.19774270069994884
SOL_S15_60_150,logistic_poly2,mp_weighted_skew up_micro_dev_bps,-0.023534482556238887
SOL_S15_60_150,logistic_poly2,mp_weighted_skew dn_micro_dev_bps,-0.12689530443254782
SOL_S15_60_150,logistic_poly2,mp_weighted_skew up_bid_slope,0.08594559358570389
SOL_S15_60_150,logistic_poly2,mp_weighted_skew up_ask_slope,-0.04311803897483141
SOL_S15_60_150,logistic_poly2,mp_weighted_skew dn_bid_slope,0.04350706884186059
SOL_S15_60_150,logistic_poly2,mp_weighted_skew dn_ask_slope,-0.08972622467986109
SOL_S15_60_150,logistic_poly2,mp_weighted_skew up_imb5_change_500ms,0.08633036355471278
SOL_S15_60_150,logistic_poly2,mp_weighted_skew up_quote_intensity_5s,0.0849316277939279
SOL_S15_60_150,logistic_poly2,mp_weighted_skew ribbon_alignment_pct,-0.019255807020146804
SOL_S15_60_150,logistic_poly2,mp_weighted_skew ribbon_compression_bps,-0.0901041431728385
SOL_S15_60_150,logistic_poly2,mp_weighted_skew adx_14,0.01245599520860459
SOL_S15_60_150,logistic_poly2,mp_weighted_skew plus_di_14,0.09575772110924335
SOL_S15_60_150,logistic_poly2,mp_weighted_skew minus_di_14,0.2532160347731428
SOL_S15_60_150,logistic_poly2,mp_weighted_skew vwap_since_open_bps,0.07283471353850188
SOL_S15_60_150,logistic_poly2,mp_weighted_skew mfi_60s,-0.05141091957559169
SOL_S15_60_150,logistic_poly2,mp_weighted_skew stoch_k_60s,-0.25323610839749694
SOL_S15_60_150,logistic_poly2,mp_weighted_skew stoch_d_60s,-0.058651851352060164
SOL_S15_60_150,logistic_poly2,mp_weighted_skew cci_60s,0.23570998012110844
SOL_S15_60_150,logistic_poly2,mp_weighted_skew bb_pos_60s,0.03243079316744884
SOL_S15_60_150,logistic_poly2,mp_weighted_skew bb_width_60s,-0.04889217704415805
SOL_S15_60_150,logistic_poly2,mp_weighted_skew ofi_skew_l1_30s,0.0021178801681059015
SOL_S15_60_150,logistic_poly2,mp_weighted_skew mlofi_skew_l5_30s,0.0035759152984957375
SOL_S15_60_150,logistic_poly2,mp_weighted_skew mlofi_skew_l5_60s,0.06197702725527108
SOL_S15_60_150,logistic_poly2,mp_weighted_skew mlofi_skew_l25_30s,-0.03007996065431079
SOL_S15_60_150,logistic_poly2,mp_weighted_skew rsi_14,0.15995357666883692
SOL_S15_60_150,logistic_poly2,mp_weighted_skew cvd,0.1776531869127323
SOL_S15_60_150,logistic_poly2,mp_weighted_skew vpin_value,0.05857820148948128
SOL_S15_60_150,logistic_poly2,mp_weighted_skew vpin_zscore,-0.160374808961374
SOL_S15_60_150,logistic_poly2,mp_weighted_skew as_uncertainty,0.0068820753371474225
SOL_S15_60_150,logistic_poly2,mp_weighted_skew as_skew,-0.003142935608068631
SOL_S15_60_150,logistic_poly2,mp_skew_change_500ms mp_up_dev_bps,-0.02246223124112119
SOL_S15_60_150,logistic_poly2,mp_skew_change_500ms mp_dn_dev_bps,-0.049120966631472834
SOL_S15_60_150,logistic_poly2,mp_skew_change_500ms mp_imbalance,0.07662656308734908
SOL_S15_60_150,logistic_poly2,mp_skew_change_500ms mp_weighted_imbalance,0.24144634136647367
SOL_S15_60_150,logistic_poly2,mp_skew_change_500ms L_stat,0.2255380542989947
SOL_S15_60_150,logistic_poly2,mp_skew_change_500ms hawkes_lambda_imbalance,0.12334736329631998
SOL_S15_60_150,logistic_poly2,mp_skew_change_500ms hawkes_lambda_total,-0.04184855988655942
SOL_S15_60_150,logistic_poly2,mp_skew_change_500ms rv_ratio_60_to_3600,-0.0388589786103971
SOL_S15_60_150,logistic_poly2,mp_skew_change_500ms hurst_300s,0.026770237537306944
SOL_S15_60_150,logistic_poly2,mp_skew_change_500ms hurst_100s,0.17562919940263402
SOL_S15_60_150,logistic_poly2,mp_skew_change_500ms hurst_900s,-0.04161712448291824
SOL_S15_60_150,logistic_poly2,mp_skew_change_500ms trend_slope_30m,0.027269245548501093
SOL_S15_60_150,logistic_poly2,mp_skew_change_500ms rv_60s,-0.017066948302253707
SOL_S15_60_150,logistic_poly2,mp_skew_change_500ms rv_300s,-0.03655904322702906
SOL_S15_60_150,logistic_poly2,mp_skew_change_500ms up_imb5,-0.07287212630173098
SOL_S15_60_150,logistic_poly2,mp_skew_change_500ms dn_imb5,0.07349156794765903
SOL_S15_60_150,logistic_poly2,mp_skew_change_500ms up_imb25,-0.1121269467292955
SOL_S15_60_150,logistic_poly2,mp_skew_change_500ms dn_imb25,0.11209520014336401
SOL_S15_60_150,logistic_poly2,mp_skew_change_500ms up_queue_top_bid,0.013868998248815056
SOL_S15_60_150,logistic_poly2,mp_skew_change_500ms up_micro_dev_bps,0.031248202539160608
SOL_S15_60_150,logistic_poly2,mp_skew_change_500ms dn_micro_dev_bps,-0.047298891473159084
SOL_S15_60_150,logistic_poly2,mp_skew_change_500ms up_bid_slope,-0.08323256062319405
SOL_S15_60_150,logistic_poly2,mp_skew_change_500ms up_ask_slope,0.04982608392522347
SOL_S15_60_150,logistic_poly2,mp_skew_change_500ms dn_bid_slope,-0.04987669283963233
SOL_S15_60_150,logistic_poly2,mp_skew_change_500ms dn_ask_slope,0.0831437217532487
SOL_S15_60_150,logistic_poly2,mp_skew_change_500ms up_imb5_change_500ms,-0.0013234004328219497
SOL_S15_60_150,logistic_poly2,mp_skew_change_500ms up_quote_intensity_5s,0.24048577176887667
SOL_S15_60_150,logistic_poly2,mp_skew_change_500ms ribbon_alignment_pct,-0.19188023191071657
SOL_S15_60_150,logistic_poly2,mp_skew_change_500ms ribbon_compression_bps,0.030933586718593087
SOL_S15_60_150,logistic_poly2,mp_skew_change_500ms adx_14,-0.0636039365683139
SOL_S15_60_150,logistic_poly2,mp_skew_change_500ms plus_di_14,0.001587802286807594
SOL_S15_60_150,logistic_poly2,mp_skew_change_500ms minus_di_14,-0.10327582083234071
SOL_S15_60_150,logistic_poly2,mp_skew_change_500ms vwap_since_open_bps,-0.006821890285293102
SOL_S15_60_150,logistic_poly2,mp_skew_change_500ms mfi_60s,0.12904880931727122
SOL_S15_60_150,logistic_poly2,mp_skew_change_500ms stoch_k_60s,0.11237057676801743
SOL_S15_60_150,logistic_poly2,mp_skew_change_500ms stoch_d_60s,0.18313411147967115
SOL_S15_60_150,logistic_poly2,mp_skew_change_500ms cci_60s,-0.07067095243714126
SOL_S15_60_150,logistic_poly2,mp_skew_change_500ms bb_pos_60s,-0.0027884885445038973
SOL_S15_60_150,logistic_poly2,mp_skew_change_500ms bb_width_60s,0.09818899427539929
SOL_S15_60_150,logistic_poly2,mp_skew_change_500ms ofi_skew_l1_30s,-0.00395928663253645
SOL_S15_60_150,logistic_poly2,mp_skew_change_500ms mlofi_skew_l5_30s,0.015342101563761222
SOL_S15_60_150,logistic_poly2,mp_skew_change_500ms mlofi_skew_l5_60s,0.005617242439498811
SOL_S15_60_150,logistic_poly2,mp_skew_change_500ms mlofi_skew_l25_30s,-0.10606773578571373
SOL_S15_60_150,logistic_poly2,mp_skew_change_500ms rsi_14,0.08955191019989363
SOL_S15_60_150,logistic_poly2,mp_skew_change_500ms cvd,0.026185860138699793
SOL_S15_60_150,logistic_poly2,mp_skew_change_500ms vpin_value,0.09016966380156537
SOL_S15_60_150,logistic_poly2,mp_skew_change_500ms vpin_zscore,0.19314118346496104
SOL_S15_60_150,logistic_poly2,mp_skew_change_500ms as_uncertainty,0.025253817749256377
SOL_S15_60_150,logistic_poly2,mp_skew_change_500ms as_skew,-0.01045785622918049
SOL_S15_60_150,logistic_poly2,mp_up_dev_bps mp_dn_dev_bps,0.07199945654773188
SOL_S15_60_150,logistic_poly2,mp_up_dev_bps mp_imbalance,-0.38736822814526556
SOL_S15_60_150,logistic_poly2,mp_up_dev_bps mp_weighted_imbalance,-0.12292621014854499
SOL_S15_60_150,logistic_poly2,mp_up_dev_bps L_stat,0.03395323693258789
SOL_S15_60_150,logistic_poly2,mp_up_dev_bps hawkes_lambda_imbalance,-0.24405380291710665
SOL_S15_60_150,logistic_poly2,mp_up_dev_bps hawkes_lambda_total,0.06542145975339984
SOL_S15_60_150,logistic_poly2,mp_up_dev_bps rv_ratio_60_to_3600,0.03985260634972643
SOL_S15_60_150,logistic_poly2,mp_up_dev_bps hurst_300s,-0.013523980120976942
SOL_S15_60_150,logistic_poly2,mp_up_dev_bps hurst_100s,0.013775580065815064
SOL_S15_60_150,logistic_poly2,mp_up_dev_bps hurst_900s,0.02738573310665769
SOL_S15_60_150,logistic_poly2,mp_up_dev_bps trend_slope_30m,-0.02883214077625199
SOL_S15_60_150,logistic_poly2,mp_up_dev_bps rv_60s,0.01824061754086387
SOL_S15_60_150,logistic_poly2,mp_up_dev_bps rv_300s,-0.044772776083172455
SOL_S15_60_150,logistic_poly2,mp_up_dev_bps up_imb5,0.035188313807196
SOL_S15_60_150,logistic_poly2,mp_up_dev_bps dn_imb5,-0.04750883410127752
SOL_S15_60_150,logistic_poly2,mp_up_dev_bps up_imb25,0.07626137556433434
SOL_S15_60_150,logistic_poly2,mp_up_dev_bps dn_imb25,-0.07737537694811789
SOL_S15_60_150,logistic_poly2,mp_up_dev_bps up_queue_top_bid,0.030401947014990407
SOL_S15_60_150,logistic_poly2,mp_up_dev_bps up_micro_dev_bps,-0.11907192510174673
SOL_S15_60_150,logistic_poly2,mp_up_dev_bps dn_micro_dev_bps,0.07623886531516817
SOL_S15_60_150,logistic_poly2,mp_up_dev_bps up_bid_slope,0.06981599838976682
SOL_S15_60_150,logistic_poly2,mp_up_dev_bps up_ask_slope,0.03716516752976903
SOL_S15_60_150,logistic_poly2,mp_up_dev_bps dn_bid_slope,-0.03554401130326282
SOL_S15_60_150,logistic_poly2,mp_up_dev_bps dn_ask_slope,-0.07011082486259351
SOL_S15_60_150,logistic_poly2,mp_up_dev_bps up_imb5_change_500ms,-0.06558788324288167
SOL_S15_60_150,logistic_poly2,mp_up_dev_bps up_quote_intensity_5s,0.12093428481239729
SOL_S15_60_150,logistic_poly2,mp_up_dev_bps ribbon_alignment_pct,-0.03129373970866941
SOL_S15_60_150,logistic_poly2,mp_up_dev_bps ribbon_compression_bps,-0.013887761241855442
SOL_S15_60_150,logistic_poly2,mp_up_dev_bps adx_14,-0.047968082934023534
SOL_S15_60_150,logistic_poly2,mp_up_dev_bps plus_di_14,-0.10526528779727003
SOL_S15_60_150,logistic_poly2,mp_up_dev_bps minus_di_14,0.13745992966142326
SOL_S15_60_150,logistic_poly2,mp_up_dev_bps vwap_since_open_bps,-0.025491988976625777
SOL_S15_60_150,logistic_poly2,mp_up_dev_bps mfi_60s,-0.172586746261346
SOL_S15_60_150,logistic_poly2,mp_up_dev_bps stoch_k_60s,0.0680521221382311
SOL_S15_60_150,logistic_poly2,mp_up_dev_bps stoch_d_60s,0.030438675927706202
SOL_S15_60_150,logistic_poly2,mp_up_dev_bps cci_60s,0.12276507172217688
SOL_S15_60_150,logistic_poly2,mp_up_dev_bps bb_pos_60s,0.02819482231324489
SOL_S15_60_150,logistic_poly2,mp_up_dev_bps bb_width_60s,0.04989235881251195
SOL_S15_60_150,logistic_poly2,mp_up_dev_bps ofi_skew_l1_30s,0.03513169011177654
SOL_S15_60_150,logistic_poly2,mp_up_dev_bps mlofi_skew_l5_30s,0.12094665712300397
SOL_S15_60_150,logistic_poly2,mp_up_dev_bps mlofi_skew_l5_60s,0.04838578440886938
SOL_S15_60_150,logistic_poly2,mp_up_dev_bps mlofi_skew_l25_30s,-0.030058380307433213
SOL_S15_60_150,logistic_poly2,mp_up_dev_bps rsi_14,-0.1278123128396681
SOL_S15_60_150,logistic_poly2,mp_up_dev_bps cvd,0.017355391534344837
SOL_S15_60_150,logistic_poly2,mp_up_dev_bps vpin_value,0.034641170209353984
SOL_S15_60_150,logistic_poly2,mp_up_dev_bps vpin_zscore,-0.04118338862375147
SOL_S15_60_150,logistic_poly2,mp_up_dev_bps as_uncertainty,-0.013860157774546451
SOL_S15_60_150,logistic_poly2,mp_up_dev_bps as_skew,-0.001351458873612023
SOL_S15_60_150,logistic_poly2,mp_dn_dev_bps mp_imbalance,0.029438942593961393
SOL_S15_60_150,logistic_poly2,mp_dn_dev_bps mp_weighted_imbalance,0.17491137013255853
SOL_S15_60_150,logistic_poly2,mp_dn_dev_bps L_stat,-0.060143567971926826
SOL_S15_60_150,logistic_poly2,mp_dn_dev_bps hawkes_lambda_imbalance,0.13111472734663898
SOL_S15_60_150,logistic_poly2,mp_dn_dev_bps hawkes_lambda_total,-0.004372283799256375
SOL_S15_60_150,logistic_poly2,mp_dn_dev_bps rv_ratio_60_to_3600,-0.1307417983948859
SOL_S15_60_150,logistic_poly2,mp_dn_dev_bps hurst_300s,0.09237412274259202
SOL_S15_60_150,logistic_poly2,mp_dn_dev_bps hurst_100s,0.16987738668673072
SOL_S15_60_150,logistic_poly2,mp_dn_dev_bps hurst_900s,-0.06400165483452573
SOL_S15_60_150,logistic_poly2,mp_dn_dev_bps trend_slope_30m,0.018551613837574924
SOL_S15_60_150,logistic_poly2,mp_dn_dev_bps rv_60s,-0.05824827191770739
SOL_S15_60_150,logistic_poly2,mp_dn_dev_bps rv_300s,-0.05519740569388224
SOL_S15_60_150,logistic_poly2,mp_dn_dev_bps up_imb5,0.08990267638524696
SOL_S15_60_150,logistic_poly2,mp_dn_dev_bps dn_imb5,-0.09382822441227784
SOL_S15_60_150,logistic_poly2,mp_dn_dev_bps up_imb25,0.05948834337818355
SOL_S15_60_150,logistic_poly2,mp_dn_dev_bps dn_imb25,-0.05844315972293692
SOL_S15_60_150,logistic_poly2,mp_dn_dev_bps up_queue_top_bid,-0.08996242233928221
SOL_S15_60_150,logistic_poly2,mp_dn_dev_bps up_micro_dev_bps,0.09561999764070246
SOL_S15_60_150,logistic_poly2,mp_dn_dev_bps dn_micro_dev_bps,0.06873321885235938
SOL_S15_60_150,logistic_poly2,mp_dn_dev_bps up_bid_slope,-0.006684284376159759
SOL_S15_60_150,logistic_poly2,mp_dn_dev_bps up_ask_slope,0.00564643116668606
SOL_S15_60_150,logistic_poly2,mp_dn_dev_bps dn_bid_slope,-0.006315019183818541
SOL_S15_60_150,logistic_poly2,mp_dn_dev_bps dn_ask_slope,0.00867642864097702
SOL_S15_60_150,logistic_poly2,mp_dn_dev_bps up_imb5_change_500ms,0.044507036695862236
SOL_S15_60_150,logistic_poly2,mp_dn_dev_bps up_quote_intensity_5s,-0.03350175598923149
SOL_S15_60_150,logistic_poly2,mp_dn_dev_bps ribbon_alignment_pct,-0.009027893562617106
SOL_S15_60_150,logistic_poly2,mp_dn_dev_bps ribbon_compression_bps,-0.011855913557762774
SOL_S15_60_150,logistic_poly2,mp_dn_dev_bps adx_14,0.006780042619278714
SOL_S15_60_150,logistic_poly2,mp_dn_dev_bps plus_di_14,0.09102503031797121
SOL_S15_60_150,logistic_poly2,mp_dn_dev_bps minus_di_14,-0.14467044950456004
SOL_S15_60_150,logistic_poly2,mp_dn_dev_bps vwap_since_open_bps,0.0446568617260948
SOL_S15_60_150,logistic_poly2,mp_dn_dev_bps mfi_60s,-0.018731332536336465
SOL_S15_60_150,logistic_poly2,mp_dn_dev_bps stoch_k_60s,0.24643700128693946
SOL_S15_60_150,logistic_poly2,mp_dn_dev_bps stoch_d_60s,0.07979320418792613
SOL_S15_60_150,logistic_poly2,mp_dn_dev_bps cci_60s,-0.1291817145294308
SOL_S15_60_150,logistic_poly2,mp_dn_dev_bps bb_pos_60s,-0.030550367147043157
SOL_S15_60_150,logistic_poly2,mp_dn_dev_bps bb_width_60s,0.02240952496667803
SOL_S15_60_150,logistic_poly2,mp_dn_dev_bps ofi_skew_l1_30s,-0.01670083553084593
SOL_S15_60_150,logistic_poly2,mp_dn_dev_bps mlofi_skew_l5_30s,-0.013512298765182973
SOL_S15_60_150,logistic_poly2,mp_dn_dev_bps mlofi_skew_l5_60s,-0.004075370977134455
SOL_S15_60_150,logistic_poly2,mp_dn_dev_bps mlofi_skew_l25_30s,-0.037281567990810976
SOL_S15_60_150,logistic_poly2,mp_dn_dev_bps rsi_14,-0.019499455117596157
SOL_S15_60_150,logistic_poly2,mp_dn_dev_bps cvd,0.06009553799297178
SOL_S15_60_150,logistic_poly2,mp_dn_dev_bps vpin_value,0.06495367017027827
SOL_S15_60_150,logistic_poly2,mp_dn_dev_bps vpin_zscore,0.06579880170951126
SOL_S15_60_150,logistic_poly2,mp_dn_dev_bps as_uncertainty,-0.03755001133893945
SOL_S15_60_150,logistic_poly2,mp_dn_dev_bps as_skew,0.018041596292299577
SOL_S15_60_150,logistic_poly2,mp_imbalance mp_weighted_imbalance,-0.1733848243667876
SOL_S15_60_150,logistic_poly2,mp_imbalance L_stat,-0.39412714034429724
SOL_S15_60_150,logistic_poly2,mp_imbalance hawkes_lambda_imbalance,0.04028016313032032
SOL_S15_60_150,logistic_poly2,mp_imbalance hawkes_lambda_total,-0.01109900374242397
SOL_S15_60_150,logistic_poly2,mp_imbalance rv_ratio_60_to_3600,-0.11631114436955341
SOL_S15_60_150,logistic_poly2,mp_imbalance hurst_300s,-0.09663974892175256
SOL_S15_60_150,logistic_poly2,mp_imbalance hurst_100s,0.09417481841530144
SOL_S15_60_150,logistic_poly2,mp_imbalance hurst_900s,-0.10799222231932777
SOL_S15_60_150,logistic_poly2,mp_imbalance trend_slope_30m,-0.03305742595052057
SOL_S15_60_150,logistic_poly2,mp_imbalance rv_60s,-0.27640130758154147
SOL_S15_60_150,logistic_poly2,mp_imbalance rv_300s,0.07736219021447907
SOL_S15_60_150,logistic_poly2,mp_imbalance up_imb5,-0.09280385310465748
SOL_S15_60_150,logistic_poly2,mp_imbalance dn_imb5,0.13442937912533684
SOL_S15_60_150,logistic_poly2,mp_imbalance up_imb25,0.00913170290372422
SOL_S15_60_150,logistic_poly2,mp_imbalance dn_imb25,-0.017005284374350192
SOL_S15_60_150,logistic_poly2,mp_imbalance up_queue_top_bid,0.02232498662725981
SOL_S15_60_150,logistic_poly2,mp_imbalance up_micro_dev_bps,0.03960984513397296
SOL_S15_60_150,logistic_poly2,mp_imbalance dn_micro_dev_bps,0.031112140337808576
SOL_S15_60_150,logistic_poly2,mp_imbalance up_bid_slope,-0.011549876040762025
SOL_S15_60_150,logistic_poly2,mp_imbalance up_ask_slope,-0.06432051227582548
SOL_S15_60_150,logistic_poly2,mp_imbalance dn_bid_slope,0.06179746372073474
SOL_S15_60_150,logistic_poly2,mp_imbalance dn_ask_slope,0.005847222999922936
SOL_S15_60_150,logistic_poly2,mp_imbalance up_imb5_change_500ms,0.04860462555700347
SOL_S15_60_150,logistic_poly2,mp_imbalance up_quote_intensity_5s,0.19833647527329823
SOL_S15_60_150,logistic_poly2,mp_imbalance ribbon_alignment_pct,0.049279576336135195
SOL_S15_60_150,logistic_poly2,mp_imbalance ribbon_compression_bps,0.006315822633466068
SOL_S15_60_150,logistic_poly2,mp_imbalance adx_14,-0.05524130772976782
SOL_S15_60_150,logistic_poly2,mp_imbalance plus_di_14,-0.0315420661710564
SOL_S15_60_150,logistic_poly2,mp_imbalance minus_di_14,0.01905300463159114
SOL_S15_60_150,logistic_poly2,mp_imbalance vwap_since_open_bps,-0.11560569068725249
SOL_S15_60_150,logistic_poly2,mp_imbalance mfi_60s,-0.013673518776626212
SOL_S15_60_150,logistic_poly2,mp_imbalance stoch_k_60s,-0.07891368078046437
SOL_S15_60_150,logistic_poly2,mp_imbalance stoch_d_60s,0.35416834780794654
SOL_S15_60_150,logistic_poly2,mp_imbalance cci_60s,0.03768186301074445
SOL_S15_60_150,logistic_poly2,mp_imbalance bb_pos_60s,-0.003416668799681996
SOL_S15_60_150,logistic_poly2,mp_imbalance bb_width_60s,0.04836026962993026
SOL_S15_60_150,logistic_poly2,mp_imbalance ofi_skew_l1_30s,-0.011146501417689
SOL_S15_60_150,logistic_poly2,mp_imbalance mlofi_skew_l5_30s,-0.034647726372388554
SOL_S15_60_150,logistic_poly2,mp_imbalance mlofi_skew_l5_60s,-0.014463695567437328
SOL_S15_60_150,logistic_poly2,mp_imbalance mlofi_skew_l25_30s,0.12605751093752446
SOL_S15_60_150,logistic_poly2,mp_imbalance rsi_14,-0.04333014488688487
SOL_S15_60_150,logistic_poly2,mp_imbalance cvd,-0.11031173506790122
SOL_S15_60_150,logistic_poly2,mp_imbalance vpin_value,-0.005639979976009634
SOL_S15_60_150,logistic_poly2,mp_imbalance vpin_zscore,0.07059460750857256
SOL_S15_60_150,logistic_poly2,mp_imbalance as_uncertainty,-0.04273988072772773
SOL_S15_60_150,logistic_poly2,mp_imbalance as_skew,-0.07664685882584767
SOL_S15_60_150,logistic_poly2,mp_weighted_imbalance L_stat,0.1015871970525416
SOL_S15_60_150,logistic_poly2,mp_weighted_imbalance hawkes_lambda_imbalance,0.08336671237717783
SOL_S15_60_150,logistic_poly2,mp_weighted_imbalance hawkes_lambda_total,0.19574603598210868
SOL_S15_60_150,logistic_poly2,mp_weighted_imbalance rv_ratio_60_to_3600,-0.06319241317798226
SOL_S15_60_150,logistic_poly2,mp_weighted_imbalance hurst_300s,0.02030886660056862
SOL_S15_60_150,logistic_poly2,mp_weighted_imbalance hurst_100s,0.03917742573925108
SOL_S15_60_150,logistic_poly2,mp_weighted_imbalance hurst_900s,0.14935851296360994
SOL_S15_60_150,logistic_poly2,mp_weighted_imbalance trend_slope_30m,0.13640401085478593
SOL_S15_60_150,logistic_poly2,mp_weighted_imbalance rv_60s,-0.1074458677113048
SOL_S15_60_150,logistic_poly2,mp_weighted_imbalance rv_300s,-0.013926074143794607
SOL_S15_60_150,logistic_poly2,mp_weighted_imbalance up_imb5,0.03771376722693041
SOL_S15_60_150,logistic_poly2,mp_weighted_imbalance dn_imb5,-0.019355282137435394
SOL_S15_60_150,logistic_poly2,mp_weighted_imbalance up_imb25,0.016334613949096827
SOL_S15_60_150,logistic_poly2,mp_weighted_imbalance dn_imb25,-0.004210697406403725
SOL_S15_60_150,logistic_poly2,mp_weighted_imbalance up_queue_top_bid,0.09553569834077699
SOL_S15_60_150,logistic_poly2,mp_weighted_imbalance up_micro_dev_bps,0.21690840990484692
SOL_S15_60_150,logistic_poly2,mp_weighted_imbalance dn_micro_dev_bps,0.10112184662204869
SOL_S15_60_150,logistic_poly2,mp_weighted_imbalance up_bid_slope,0.09433789762966105
SOL_S15_60_150,logistic_poly2,mp_weighted_imbalance up_ask_slope,0.09258746937444688
SOL_S15_60_150,logistic_poly2,mp_weighted_imbalance dn_bid_slope,-0.09458598444289225
SOL_S15_60_150,logistic_poly2,mp_weighted_imbalance dn_ask_slope,-0.09209418356449843
SOL_S15_60_150,logistic_poly2,mp_weighted_imbalance up_imb5_change_500ms,0.1324495434757999
SOL_S15_60_150,logistic_poly2,mp_weighted_imbalance up_quote_intensity_5s,-0.09194662963491307
SOL_S15_60_150,logistic_poly2,mp_weighted_imbalance ribbon_alignment_pct,-0.2887103846120282
SOL_S15_60_150,logistic_poly2,mp_weighted_imbalance ribbon_compression_bps,-0.1468150605640601
SOL_S15_60_150,logistic_poly2,mp_weighted_imbalance adx_14,0.26311799359197335
SOL_S15_60_150,logistic_poly2,mp_weighted_imbalance plus_di_14,-0.02127292535067732
SOL_S15_60_150,logistic_poly2,mp_weighted_imbalance minus_di_14,-0.14041046809947189
SOL_S15_60_150,logistic_poly2,mp_weighted_imbalance vwap_since_open_bps,-0.18103293082730168
SOL_S15_60_150,logistic_poly2,mp_weighted_imbalance mfi_60s,-0.057906895623813605
SOL_S15_60_150,logistic_poly2,mp_weighted_imbalance stoch_k_60s,-0.032376378506209516
SOL_S15_60_150,logistic_poly2,mp_weighted_imbalance stoch_d_60s,-0.07299858212956319
SOL_S15_60_150,logistic_poly2,mp_weighted_imbalance cci_60s,-0.1413299205449225
SOL_S15_60_150,logistic_poly2,mp_weighted_imbalance bb_pos_60s,0.026904309210837137
SOL_S15_60_150,logistic_poly2,mp_weighted_imbalance bb_width_60s,-0.07796691630360349
SOL_S15_60_150,logistic_poly2,mp_weighted_imbalance ofi_skew_l1_30s,-0.03836639662142415
SOL_S15_60_150,logistic_poly2,mp_weighted_imbalance mlofi_skew_l5_30s,-0.03491482382982512
SOL_S15_60_150,logistic_poly2,mp_weighted_imbalance mlofi_skew_l5_60s,0.12445643035383921
SOL_S15_60_150,logistic_poly2,mp_weighted_imbalance mlofi_skew_l25_30s,0.15216698027558684
SOL_S15_60_150,logistic_poly2,mp_weighted_imbalance rsi_14,-0.2189867606267931
SOL_S15_60_150,logistic_poly2,mp_weighted_imbalance cvd,0.16688672474771185
SOL_S15_60_150,logistic_poly2,mp_weighted_imbalance vpin_value,0.047581813149797286
SOL_S15_60_150,logistic_poly2,mp_weighted_imbalance vpin_zscore,-0.15397262175117513
SOL_S15_60_150,logistic_poly2,mp_weighted_imbalance as_uncertainty,0.04534897800848738
SOL_S15_60_150,logistic_poly2,mp_weighted_imbalance as_skew,0.00906221231757549
SOL_S15_60_150,logistic_poly2,L_stat hawkes_lambda_imbalance,0.10122387369163018
SOL_S15_60_150,logistic_poly2,L_stat hawkes_lambda_total,0.13739276214424823
SOL_S15_60_150,logistic_poly2,L_stat rv_ratio_60_to_3600,-0.028643775914722423
SOL_S15_60_150,logistic_poly2,L_stat hurst_300s,0.15888479830287336
SOL_S15_60_150,logistic_poly2,L_stat hurst_100s,-0.02718467244700545
SOL_S15_60_150,logistic_poly2,L_stat hurst_900s,0.016724161293792925
SOL_S15_60_150,logistic_poly2,L_stat trend_slope_30m,-0.05622656690764935
SOL_S15_60_150,logistic_poly2,L_stat rv_60s,0.06530390047703104
SOL_S15_60_150,logistic_poly2,L_stat rv_300s,-0.1802406463483373
SOL_S15_60_150,logistic_poly2,L_stat up_imb5,0.059343047617980045
SOL_S15_60_150,logistic_poly2,L_stat dn_imb5,-0.042162748855352865
SOL_S15_60_150,logistic_poly2,L_stat up_imb25,0.06520920434160361
SOL_S15_60_150,logistic_poly2,L_stat dn_imb25,-0.06432961741236096
SOL_S15_60_150,logistic_poly2,L_stat up_queue_top_bid,-0.18045395640617762
SOL_S15_60_150,logistic_poly2,L_stat up_micro_dev_bps,-0.06471077524735537
SOL_S15_60_150,logistic_poly2,L_stat dn_micro_dev_bps,0.020948958565830688
SOL_S15_60_150,logistic_poly2,L_stat up_bid_slope,-0.07155473936763321
SOL_S15_60_150,logistic_poly2,L_stat up_ask_slope,0.09023477298664179
SOL_S15_60_150,logistic_poly2,L_stat dn_bid_slope,-0.08809169649965813
SOL_S15_60_150,logistic_poly2,L_stat dn_ask_slope,0.07395785334761645
SOL_S15_60_150,logistic_poly2,L_stat up_imb5_change_500ms,0.07407186690540069
SOL_S15_60_150,logistic_poly2,L_stat up_quote_intensity_5s,-0.26462033066707163
SOL_S15_60_150,logistic_poly2,L_stat ribbon_alignment_pct,0.022252035324163442
SOL_S15_60_150,logistic_poly2,L_stat ribbon_compression_bps,0.005765934337617115
SOL_S15_60_150,logistic_poly2,L_stat adx_14,0.051026229666668727
SOL_S15_60_150,logistic_poly2,L_stat plus_di_14,-0.05765276445640311
SOL_S15_60_150,logistic_poly2,L_stat minus_di_14,-0.10448211096261557
SOL_S15_60_150,logistic_poly2,L_stat vwap_since_open_bps,0.20453296750222286
SOL_S15_60_150,logistic_poly2,L_stat mfi_60s,-0.1835383687411375
SOL_S15_60_150,logistic_poly2,L_stat stoch_k_60s,0.0756869787472055
SOL_S15_60_150,logistic_poly2,L_stat stoch_d_60s,-0.023937791774822945
SOL_S15_60_150,logistic_poly2,L_stat cci_60s,-0.0013300670710625882
SOL_S15_60_150,logistic_poly2,L_stat bb_pos_60s,0.01111049459136784
SOL_S15_60_150,logistic_poly2,L_stat bb_width_60s,0.12374620639836549
SOL_S15_60_150,logistic_poly2,L_stat ofi_skew_l1_30s,-0.042220705622000365
SOL_S15_60_150,logistic_poly2,L_stat mlofi_skew_l5_30s,-0.017293805050873138
SOL_S15_60_150,logistic_poly2,L_stat mlofi_skew_l5_60s,0.01596965658134473
SOL_S15_60_150,logistic_poly2,L_stat mlofi_skew_l25_30s,0.0928649683306068
SOL_S15_60_150,logistic_poly2,L_stat rsi_14,-0.010134587437531317
SOL_S15_60_150,logistic_poly2,L_stat cvd,-0.07581760629869369
SOL_S15_60_150,logistic_poly2,L_stat vpin_value,-0.060123067651747804
SOL_S15_60_150,logistic_poly2,L_stat vpin_zscore,-0.18782354396400688
SOL_S15_60_150,logistic_poly2,L_stat as_uncertainty,-0.15329849248539254
SOL_S15_60_150,logistic_poly2,L_stat as_skew,0.007457328109556045
SOL_S15_60_150,logistic_poly2,hawkes_lambda_imbalance hawkes_lambda_total,-0.07106905062455068
SOL_S15_60_150,logistic_poly2,hawkes_lambda_imbalance rv_ratio_60_to_3600,-0.19056956310892656
SOL_S15_60_150,logistic_poly2,hawkes_lambda_imbalance hurst_300s,0.05488904364783028
SOL_S15_60_150,logistic_poly2,hawkes_lambda_imbalance hurst_100s,0.05088085286414265
SOL_S15_60_150,logistic_poly2,hawkes_lambda_imbalance hurst_900s,0.32657323453732723
SOL_S15_60_150,logistic_poly2,hawkes_lambda_imbalance trend_slope_30m,0.2424217724606279
SOL_S15_60_150,logistic_poly2,hawkes_lambda_imbalance rv_60s,-0.090472747537671
SOL_S15_60_150,logistic_poly2,hawkes_lambda_imbalance rv_300s,-0.10247415963408688
SOL_S15_60_150,logistic_poly2,hawkes_lambda_imbalance up_imb5,-0.11518915100870575
SOL_S15_60_150,logistic_poly2,hawkes_lambda_imbalance dn_imb5,0.10149688164963719
SOL_S15_60_150,logistic_poly2,hawkes_lambda_imbalance up_imb25,0.007231719753831815
SOL_S15_60_150,logistic_poly2,hawkes_lambda_imbalance dn_imb25,-0.003911052392024794
SOL_S15_60_150,logistic_poly2,hawkes_lambda_imbalance up_queue_top_bid,0.25022019006969276
SOL_S15_60_150,logistic_poly2,hawkes_lambda_imbalance up_micro_dev_bps,0.14424945451541263
SOL_S15_60_150,logistic_poly2,hawkes_lambda_imbalance dn_micro_dev_bps,0.04237930496004232
SOL_S15_60_150,logistic_poly2,hawkes_lambda_imbalance up_bid_slope,0.084853653836949
SOL_S15_60_150,logistic_poly2,hawkes_lambda_imbalance up_ask_slope,0.12472879053324114
SOL_S15_60_150,logistic_poly2,hawkes_lambda_imbalance dn_bid_slope,-0.12255227411436705
SOL_S15_60_150,logistic_poly2,hawkes_lambda_imbalance dn_ask_slope,-0.08096878132641958
SOL_S15_60_150,logistic_poly2,hawkes_lambda_imbalance up_imb5_change_500ms,-0.16873338522911918
SOL_S15_60_150,logistic_poly2,hawkes_lambda_imbalance up_quote_intensity_5s,0.0422007148698433
SOL_S15_60_150,logistic_poly2,hawkes_lambda_imbalance ribbon_alignment_pct,0.17898521045814986
SOL_S15_60_150,logistic_poly2,hawkes_lambda_imbalance ribbon_compression_bps,-0.03257435612286114
SOL_S15_60_150,logistic_poly2,hawkes_lambda_imbalance adx_14,0.11218751162417984
SOL_S15_60_150,logistic_poly2,hawkes_lambda_imbalance plus_di_14,0.18317757910802934
SOL_S15_60_150,logistic_poly2,hawkes_lambda_imbalance minus_di_14,0.10875395305397637
SOL_S15_60_150,logistic_poly2,hawkes_lambda_imbalance vwap_since_open_bps,0.07247097339535202
SOL_S15_60_150,logistic_poly2,hawkes_lambda_imbalance mfi_60s,0.03844083462998485
SOL_S15_60_150,logistic_poly2,hawkes_lambda_imbalance stoch_k_60s,0.10998828143828514
SOL_S15_60_150,logistic_poly2,hawkes_lambda_imbalance stoch_d_60s,-0.1484849247023573
SOL_S15_60_150,logistic_poly2,hawkes_lambda_imbalance cci_60s,-0.18812545820914003
SOL_S15_60_150,logistic_poly2,hawkes_lambda_imbalance bb_pos_60s,0.11165118063581882
SOL_S15_60_150,logistic_poly2,hawkes_lambda_imbalance bb_width_60s,0.08875430890171544
SOL_S15_60_150,logistic_poly2,hawkes_lambda_imbalance ofi_skew_l1_30s,0.053704539960203225
SOL_S15_60_150,logistic_poly2,hawkes_lambda_imbalance mlofi_skew_l5_30s,0.071038510248792
SOL_S15_60_150,logistic_poly2,hawkes_lambda_imbalance mlofi_skew_l5_60s,0.05149151702080384
SOL_S15_60_150,logistic_poly2,hawkes_lambda_imbalance mlofi_skew_l25_30s,0.05431634940953263
SOL_S15_60_150,logistic_poly2,hawkes_lambda_imbalance rsi_14,0.05816579978030063
SOL_S15_60_150,logistic_poly2,hawkes_lambda_imbalance cvd,0.14182502031024832
SOL_S15_60_150,logistic_poly2,hawkes_lambda_imbalance vpin_value,0.23042323122545955
SOL_S15_60_150,logistic_poly2,hawkes_lambda_imbalance vpin_zscore,0.24321604202883876
SOL_S15_60_150,logistic_poly2,hawkes_lambda_imbalance as_uncertainty,-0.08491178800601376
SOL_S15_60_150,logistic_poly2,hawkes_lambda_imbalance as_skew,0.03493739172883524
SOL_S15_60_150,logistic_poly2,hawkes_lambda_total rv_ratio_60_to_3600,0.013240802112010095
SOL_S15_60_150,logistic_poly2,hawkes_lambda_total hurst_300s,-0.05341587407850099
SOL_S15_60_150,logistic_poly2,hawkes_lambda_total hurst_100s,0.03125845139898571
SOL_S15_60_150,logistic_poly2,hawkes_lambda_total hurst_900s,0.14177658078891298
SOL_S15_60_150,logistic_poly2,hawkes_lambda_total trend_slope_30m,-0.14669378356446403
SOL_S15_60_150,logistic_poly2,hawkes_lambda_total rv_60s,0.21647772392714265
SOL_S15_60_150,logistic_poly2,hawkes_lambda_total rv_300s,0.12334511145690764
SOL_S15_60_150,logistic_poly2,hawkes_lambda_total up_imb5,0.05643751356666071
SOL_S15_60_150,logistic_poly2,hawkes_lambda_total dn_imb5,-0.04985179818117775
SOL_S15_60_150,logistic_poly2,hawkes_lambda_total up_imb25,0.06351773584982455
SOL_S15_60_150,logistic_poly2,hawkes_lambda_total dn_imb25,-0.06593298212870483
SOL_S15_60_150,logistic_poly2,hawkes_lambda_total up_queue_top_bid,-0.048746219403540375
SOL_S15_60_150,logistic_poly2,hawkes_lambda_total up_micro_dev_bps,-0.016493698528751682
SOL_S15_60_150,logistic_poly2,hawkes_lambda_total dn_micro_dev_bps,0.029317288661555953
SOL_S15_60_150,logistic_poly2,hawkes_lambda_total up_bid_slope,0.018109610324220347
SOL_S15_60_150,logistic_poly2,hawkes_lambda_total up_ask_slope,0.04541416582172253
SOL_S15_60_150,logistic_poly2,hawkes_lambda_total dn_bid_slope,-0.04726735994456242
SOL_S15_60_150,logistic_poly2,hawkes_lambda_total dn_ask_slope,-0.017985377659154762
SOL_S15_60_150,logistic_poly2,hawkes_lambda_total up_imb5_change_500ms,0.003630650502840379
SOL_S15_60_150,logistic_poly2,hawkes_lambda_total up_quote_intensity_5s,0.22552778731425596
SOL_S15_60_150,logistic_poly2,hawkes_lambda_total ribbon_alignment_pct,-0.1161792134785742
SOL_S15_60_150,logistic_poly2,hawkes_lambda_total ribbon_compression_bps,0.040624213618605104
SOL_S15_60_150,logistic_poly2,hawkes_lambda_total adx_14,0.26441068398126566
SOL_S15_60_150,logistic_poly2,hawkes_lambda_total plus_di_14,-0.09354609790830629
SOL_S15_60_150,logistic_poly2,hawkes_lambda_total minus_di_14,0.24751314195371577
SOL_S15_60_150,logistic_poly2,hawkes_lambda_total vwap_since_open_bps,0.17470795038350004
SOL_S15_60_150,logistic_poly2,hawkes_lambda_total mfi_60s,0.22660812721474044
SOL_S15_60_150,logistic_poly2,hawkes_lambda_total stoch_k_60s,0.11999045956027306
SOL_S15_60_150,logistic_poly2,hawkes_lambda_total stoch_d_60s,0.07320391381471343
SOL_S15_60_150,logistic_poly2,hawkes_lambda_total cci_60s,0.12295354190473402
SOL_S15_60_150,logistic_poly2,hawkes_lambda_total bb_pos_60s,0.0972203233374188
SOL_S15_60_150,logistic_poly2,hawkes_lambda_total bb_width_60s,0.058873674361045285
SOL_S15_60_150,logistic_poly2,hawkes_lambda_total ofi_skew_l1_30s,0.02203634455228135
SOL_S15_60_150,logistic_poly2,hawkes_lambda_total mlofi_skew_l5_30s,-0.0036341613927226538
SOL_S15_60_150,logistic_poly2,hawkes_lambda_total mlofi_skew_l5_60s,0.05136916106262945
SOL_S15_60_150,logistic_poly2,hawkes_lambda_total mlofi_skew_l25_30s,-0.04458680959034971
SOL_S15_60_150,logistic_poly2,hawkes_lambda_total rsi_14,-0.27600637675816525
SOL_S15_60_150,logistic_poly2,hawkes_lambda_total cvd,0.1004013959342033
SOL_S15_60_150,logistic_poly2,hawkes_lambda_total vpin_value,0.1766245749434608
SOL_S15_60_150,logistic_poly2,hawkes_lambda_total vpin_zscore,0.15734968252961884
SOL_S15_60_150,logistic_poly2,hawkes_lambda_total as_uncertainty,-0.030846338601703507
SOL_S15_60_150,logistic_poly2,hawkes_lambda_total as_skew,-0.005989531223930734
SOL_S15_60_150,logistic_poly2,rv_ratio_60_to_3600 hurst_300s,0.10196259169434602
SOL_S15_60_150,logistic_poly2,rv_ratio_60_to_3600 hurst_100s,0.08496656977424474
SOL_S15_60_150,logistic_poly2,rv_ratio_60_to_3600 hurst_900s,0.048421001934474496
SOL_S15_60_150,logistic_poly2,rv_ratio_60_to_3600 trend_slope_30m,-0.026276300472522135
SOL_S15_60_150,logistic_poly2,rv_ratio_60_to_3600 rv_60s,-0.009346743767535887
SOL_S15_60_150,logistic_poly2,rv_ratio_60_to_3600 rv_300s,-0.12526343523689804
SOL_S15_60_150,logistic_poly2,rv_ratio_60_to_3600 up_imb5,-0.11245280361230803
SOL_S15_60_150,logistic_poly2,rv_ratio_60_to_3600 dn_imb5,0.11011001109794942
SOL_S15_60_150,logistic_poly2,rv_ratio_60_to_3600 up_imb25,0.06028207247068224
SOL_S15_60_150,logistic_poly2,rv_ratio_60_to_3600 dn_imb25,-0.06179811207348385
SOL_S15_60_150,logistic_poly2,rv_ratio_60_to_3600 up_queue_top_bid,-0.06395241365059051
SOL_S15_60_150,logistic_poly2,rv_ratio_60_to_3600 up_micro_dev_bps,0.0006928755494746081
SOL_S15_60_150,logistic_poly2,rv_ratio_60_to_3600 dn_micro_dev_bps,-0.10904568267712764
SOL_S15_60_150,logistic_poly2,rv_ratio_60_to_3600 up_bid_slope,-0.014013476763020904
SOL_S15_60_150,logistic_poly2,rv_ratio_60_to_3600 up_ask_slope,-0.0959419140465518
SOL_S15_60_150,logistic_poly2,rv_ratio_60_to_3600 dn_bid_slope,0.09429010700087556
SOL_S15_60_150,logistic_poly2,rv_ratio_60_to_3600 dn_ask_slope,0.014219744597088005
SOL_S15_60_150,logistic_poly2,rv_ratio_60_to_3600 up_imb5_change_500ms,0.15723788831433871
SOL_S15_60_150,logistic_poly2,rv_ratio_60_to_3600 up_quote_intensity_5s,0.03133943572454717
SOL_S15_60_150,logistic_poly2,rv_ratio_60_to_3600 ribbon_alignment_pct,0.004346015792265856
SOL_S15_60_150,logistic_poly2,rv_ratio_60_to_3600 ribbon_compression_bps,0.020980870643797014
SOL_S15_60_150,logistic_poly2,rv_ratio_60_to_3600 adx_14,0.1835488782070559
SOL_S15_60_150,logistic_poly2,rv_ratio_60_to_3600 plus_di_14,0.0074284651066051505
SOL_S15_60_150,logistic_poly2,rv_ratio_60_to_3600 minus_di_14,0.0860916577022276
SOL_S15_60_150,logistic_poly2,rv_ratio_60_to_3600 vwap_since_open_bps,0.08486197746779049
SOL_S15_60_150,logistic_poly2,rv_ratio_60_to_3600 mfi_60s,0.16957856564423437
SOL_S15_60_150,logistic_poly2,rv_ratio_60_to_3600 stoch_k_60s,0.015744166983627992
SOL_S15_60_150,logistic_poly2,rv_ratio_60_to_3600 stoch_d_60s,-0.09638561522239789
SOL_S15_60_150,logistic_poly2,rv_ratio_60_to_3600 cci_60s,0.0613293452778131
SOL_S15_60_150,logistic_poly2,rv_ratio_60_to_3600 bb_pos_60s,-0.0667797269875411
SOL_S15_60_150,logistic_poly2,rv_ratio_60_to_3600 bb_width_60s,0.24311366709797577
SOL_S15_60_150,logistic_poly2,rv_ratio_60_to_3600 ofi_skew_l1_30s,0.030871606933622984
SOL_S15_60_150,logistic_poly2,rv_ratio_60_to_3600 mlofi_skew_l5_30s,-0.0012845874724684808
SOL_S15_60_150,logistic_poly2,rv_ratio_60_to_3600 mlofi_skew_l5_60s,0.029893684633538347
SOL_S15_60_150,logistic_poly2,rv_ratio_60_to_3600 mlofi_skew_l25_30s,0.02577327997723573
SOL_S15_60_150,logistic_poly2,rv_ratio_60_to_3600 rsi_14,-0.05107085649610432
SOL_S15_60_150,logistic_poly2,rv_ratio_60_to_3600 cvd,-0.19963084366909375
SOL_S15_60_150,logistic_poly2,rv_ratio_60_to_3600 vpin_value,0.18703115090508188
SOL_S15_60_150,logistic_poly2,rv_ratio_60_to_3600 vpin_zscore,-0.07680255740801269
SOL_S15_60_150,logistic_poly2,rv_ratio_60_to_3600 as_uncertainty,-0.0884181123153507
SOL_S15_60_150,logistic_poly2,rv_ratio_60_to_3600 as_skew,0.020708346092171037
SOL_S15_60_150,logistic_poly2,hurst_300s hurst_100s,0.10204757862017401
SOL_S15_60_150,logistic_poly2,hurst_300s hurst_900s,0.20715845241256814
SOL_S15_60_150,logistic_poly2,hurst_300s trend_slope_30m,-0.08334321143211593
SOL_S15_60_150,logistic_poly2,hurst_300s rv_60s,0.15250759547545634
SOL_S15_60_150,logistic_poly2,hurst_300s rv_300s,-0.10579079925840959
SOL_S15_60_150,logistic_poly2,hurst_300s up_imb5,0.058858684051130386
SOL_S15_60_150,logistic_poly2,hurst_300s dn_imb5,-0.05296737081644457
SOL_S15_60_150,logistic_poly2,hurst_300s up_imb25,0.0030001052679686996
SOL_S15_60_150,logistic_poly2,hurst_300s dn_imb25,-0.0050645946707307135
SOL_S15_60_150,logistic_poly2,hurst_300s up_queue_top_bid,-0.06554235102302691
SOL_S15_60_150,logistic_poly2,hurst_300s up_micro_dev_bps,0.04390810027027994
SOL_S15_60_150,logistic_poly2,hurst_300s dn_micro_dev_bps,0.03434864397110583
SOL_S15_60_150,logistic_poly2,hurst_300s up_bid_slope,-0.01819395132387033
SOL_S15_60_150,logistic_poly2,hurst_300s up_ask_slope,0.02848846427285654
SOL_S15_60_150,logistic_poly2,hurst_300s dn_bid_slope,-0.025654477878286196
SOL_S15_60_150,logistic_poly2,hurst_300s dn_ask_slope,0.013001018749514854
SOL_S15_60_150,logistic_poly2,hurst_300s up_imb5_change_500ms,0.13234098236212152
SOL_S15_60_150,logistic_poly2,hurst_300s up_quote_intensity_5s,-0.06507823436404812
SOL_S15_60_150,logistic_poly2,hurst_300s ribbon_alignment_pct,-0.116522578646867
SOL_S15_60_150,logistic_poly2,hurst_300s ribbon_compression_bps,-0.05063905818019593
SOL_S15_60_150,logistic_poly2,hurst_300s adx_14,0.25600201082643154
SOL_S15_60_150,logistic_poly2,hurst_300s plus_di_14,-0.13733114809170374
SOL_S15_60_150,logistic_poly2,hurst_300s minus_di_14,0.04720317326048776
SOL_S15_60_150,logistic_poly2,hurst_300s vwap_since_open_bps,0.05013694014627669
SOL_S15_60_150,logistic_poly2,hurst_300s mfi_60s,0.01695340688936841
SOL_S15_60_150,logistic_poly2,hurst_300s stoch_k_60s,-0.05898193354727252
SOL_S15_60_150,logistic_poly2,hurst_300s stoch_d_60s,0.039764978589840516
SOL_S15_60_150,logistic_poly2,hurst_300s cci_60s,-0.3349679193024541
SOL_S15_60_150,logistic_poly2,hurst_300s bb_pos_60s,-0.014935204879235265
SOL_S15_60_150,logistic_poly2,hurst_300s bb_width_60s,-0.16778642546106226
SOL_S15_60_150,logistic_poly2,hurst_300s ofi_skew_l1_30s,0.0743085286918461
SOL_S15_60_150,logistic_poly2,hurst_300s mlofi_skew_l5_30s,-0.019209003501365486
SOL_S15_60_150,logistic_poly2,hurst_300s mlofi_skew_l5_60s,0.03712237321647379
SOL_S15_60_150,logistic_poly2,hurst_300s mlofi_skew_l25_30s,-0.0029195130532507557
SOL_S15_60_150,logistic_poly2,hurst_300s rsi_14,0.00804088013606821
SOL_S15_60_150,logistic_poly2,hurst_300s cvd,-0.07793658394247105
SOL_S15_60_150,logistic_poly2,hurst_300s vpin_value,0.1613517801534302
SOL_S15_60_150,logistic_poly2,hurst_300s vpin_zscore,-0.24104860969334257
SOL_S15_60_150,logistic_poly2,hurst_300s as_uncertainty,-0.17127193478259192
SOL_S15_60_150,logistic_poly2,hurst_300s as_skew,-0.03196984066217471
SOL_S15_60_150,logistic_poly2,hurst_100s hurst_900s,-0.30405242720728376
SOL_S15_60_150,logistic_poly2,hurst_100s trend_slope_30m,-0.008327670923753784
SOL_S15_60_150,logistic_poly2,hurst_100s rv_60s,-0.039814906848880637
SOL_S15_60_150,logistic_poly2,hurst_100s rv_300s,0.08549199612855829
SOL_S15_60_150,logistic_poly2,hurst_100s up_imb5,-0.057418430159431565
SOL_S15_60_150,logistic_poly2,hurst_100s dn_imb5,0.04783036932105489
SOL_S15_60_150,logistic_poly2,hurst_100s up_imb25,-0.029179673270923343
SOL_S15_60_150,logistic_poly2,hurst_100s dn_imb25,0.026016809306577224
SOL_S15_60_150,logistic_poly2,hurst_100s up_queue_top_bid,-0.23934609983274585
SOL_S15_60_150,logistic_poly2,hurst_100s up_micro_dev_bps,-0.01627472150662552
SOL_S15_60_150,logistic_poly2,hurst_100s dn_micro_dev_bps,0.05762476791479753
SOL_S15_60_150,logistic_poly2,hurst_100s up_bid_slope,-0.008696679210730298
SOL_S15_60_150,logistic_poly2,hurst_100s up_ask_slope,0.06537167937311326
SOL_S15_60_150,logistic_poly2,hurst_100s dn_bid_slope,-0.06324881212691454
SOL_S15_60_150,logistic_poly2,hurst_100s dn_ask_slope,0.013276966538662019
SOL_S15_60_150,logistic_poly2,hurst_100s up_imb5_change_500ms,-0.16147555882578266
SOL_S15_60_150,logistic_poly2,hurst_100s up_quote_intensity_5s,-0.006067820427564298
SOL_S15_60_150,logistic_poly2,hurst_100s ribbon_alignment_pct,0.030763069172616377
SOL_S15_60_150,logistic_poly2,hurst_100s ribbon_compression_bps,0.02258236958333864
SOL_S15_60_150,logistic_poly2,hurst_100s adx_14,0.01595063172764641
SOL_S15_60_150,logistic_poly2,hurst_100s plus_di_14,0.2637198461225525
SOL_S15_60_150,logistic_poly2,hurst_100s minus_di_14,-0.022335856572081668
SOL_S15_60_150,logistic_poly2,hurst_100s vwap_since_open_bps,-0.03967423549374672
SOL_S15_60_150,logistic_poly2,hurst_100s mfi_60s,0.14905139653369134
SOL_S15_60_150,logistic_poly2,hurst_100s stoch_k_60s,0.11710058161558128
SOL_S15_60_150,logistic_poly2,hurst_100s stoch_d_60s,-0.06772548742321877
SOL_S15_60_150,logistic_poly2,hurst_100s cci_60s,-0.062460540111354164
SOL_S15_60_150,logistic_poly2,hurst_100s bb_pos_60s,0.03273765177923906
SOL_S15_60_150,logistic_poly2,hurst_100s bb_width_60s,-0.224889745793023
SOL_S15_60_150,logistic_poly2,hurst_100s ofi_skew_l1_30s,0.18367253911345574
SOL_S15_60_150,logistic_poly2,hurst_100s mlofi_skew_l5_30s,0.007844413248746589
SOL_S15_60_150,logistic_poly2,hurst_100s mlofi_skew_l5_60s,0.08161930216830404
SOL_S15_60_150,logistic_poly2,hurst_100s mlofi_skew_l25_30s,0.10204385203601508
SOL_S15_60_150,logistic_poly2,hurst_100s rsi_14,-0.07444489225710318
SOL_S15_60_150,logistic_poly2,hurst_100s cvd,0.03529387704428656
SOL_S15_60_150,logistic_poly2,hurst_100s vpin_value,0.02543451916896074
SOL_S15_60_150,logistic_poly2,hurst_100s vpin_zscore,0.14493387849989178
SOL_S15_60_150,logistic_poly2,hurst_100s as_uncertainty,0.0556727215365026
SOL_S15_60_150,logistic_poly2,hurst_100s as_skew,0.022744450628372433
SOL_S15_60_150,logistic_poly2,hurst_900s trend_slope_30m,-0.04439878716007246
SOL_S15_60_150,logistic_poly2,hurst_900s rv_60s,0.0018671969336604552
SOL_S15_60_150,logistic_poly2,hurst_900s rv_300s,-0.12678217813170714
SOL_S15_60_150,logistic_poly2,hurst_900s up_imb5,-0.054492199121374214
SOL_S15_60_150,logistic_poly2,hurst_900s dn_imb5,0.06724193166183369
SOL_S15_60_150,logistic_poly2,hurst_900s up_imb25,-0.04830198044879005
SOL_S15_60_150,logistic_poly2,hurst_900s dn_imb25,0.04887301429776775
SOL_S15_60_150,logistic_poly2,hurst_900s up_queue_top_bid,-0.0990353679511452
SOL_S15_60_150,logistic_poly2,hurst_900s up_micro_dev_bps,0.04494061607207233
SOL_S15_60_150,logistic_poly2,hurst_900s dn_micro_dev_bps,-0.13315670730887524
SOL_S15_60_150,logistic_poly2,hurst_900s up_bid_slope,-0.051584795833431396
SOL_S15_60_150,logistic_poly2,hurst_900s up_ask_slope,0.17316694857543494
SOL_S15_60_150,logistic_poly2,hurst_900s dn_bid_slope,-0.17111160033674064
SOL_S15_60_150,logistic_poly2,hurst_900s dn_ask_slope,0.05271864221449322
SOL_S15_60_150,logistic_poly2,hurst_900s up_imb5_change_500ms,0.09317153484243731
SOL_S15_60_150,logistic_poly2,hurst_900s up_quote_intensity_5s,-0.13278814718439497
SOL_S15_60_150,logistic_poly2,hurst_900s ribbon_alignment_pct,-0.10249065693409364
SOL_S15_60_150,logistic_poly2,hurst_900s ribbon_compression_bps,0.0017758915642231996
SOL_S15_60_150,logistic_poly2,hurst_900s adx_14,0.0011823125990376572
SOL_S15_60_150,logistic_poly2,hurst_900s plus_di_14,0.23953257812671652
SOL_S15_60_150,logistic_poly2,hurst_900s minus_di_14,-0.1418063764877642
SOL_S15_60_150,logistic_poly2,hurst_900s vwap_since_open_bps,0.18726064538699727
SOL_S15_60_150,logistic_poly2,hurst_900s mfi_60s,-0.03610022889969601
SOL_S15_60_150,logistic_poly2,hurst_900s stoch_k_60s,-0.10024764294416527
SOL_S15_60_150,logistic_poly2,hurst_900s stoch_d_60s,0.09172924077003594
SOL_S15_60_150,logistic_poly2,hurst_900s cci_60s,-0.04512185768771466
SOL_S15_60_150,logistic_poly2,hurst_900s bb_pos_60s,-0.03860720802179174
SOL_S15_60_150,logistic_poly2,hurst_900s bb_width_60s,-0.11117182372498763
SOL_S15_60_150,logistic_poly2,hurst_900s ofi_skew_l1_30s,0.05005214569365726
SOL_S15_60_150,logistic_poly2,hurst_900s mlofi_skew_l5_30s,0.01745646364198842
SOL_S15_60_150,logistic_poly2,hurst_900s mlofi_skew_l5_60s,0.05934656398310572
SOL_S15_60_150,logistic_poly2,hurst_900s mlofi_skew_l25_30s,0.10550996362714096
SOL_S15_60_150,logistic_poly2,hurst_900s rsi_14,0.2083713544729257
SOL_S15_60_150,logistic_poly2,hurst_900s cvd,-0.14262701862260926
SOL_S15_60_150,logistic_poly2,hurst_900s vpin_value,0.08059076902790617
SOL_S15_60_150,logistic_poly2,hurst_900s vpin_zscore,0.051100487283482786
SOL_S15_60_150,logistic_poly2,hurst_900s as_uncertainty,-0.10711126418136988
SOL_S15_60_150,logistic_poly2,hurst_900s as_skew,0.0024412168895673937
SOL_S15_60_150,logistic_poly2,trend_slope_30m rv_60s,0.2088719786134592
SOL_S15_60_150,logistic_poly2,trend_slope_30m rv_300s,0.0005613428999647342
SOL_S15_60_150,logistic_poly2,trend_slope_30m up_imb5,-0.11017870932609096
SOL_S15_60_150,logistic_poly2,trend_slope_30m dn_imb5,0.12289676590943482
SOL_S15_60_150,logistic_poly2,trend_slope_30m up_imb25,-0.08772689368472858
SOL_S15_60_150,logistic_poly2,trend_slope_30m dn_imb25,0.08913724409518414
SOL_S15_60_150,logistic_poly2,trend_slope_30m up_queue_top_bid,-0.07605806506491788
SOL_S15_60_150,logistic_poly2,trend_slope_30m up_micro_dev_bps,0.1081868153347467
SOL_S15_60_150,logistic_poly2,trend_slope_30m dn_micro_dev_bps,-0.04972659776397166
SOL_S15_60_150,logistic_poly2,trend_slope_30m up_bid_slope,0.1017415239063118
SOL_S15_60_150,logistic_poly2,trend_slope_30m up_ask_slope,-0.011581107506989367
SOL_S15_60_150,logistic_poly2,trend_slope_30m dn_bid_slope,0.008805545380784673
SOL_S15_60_150,logistic_poly2,trend_slope_30m dn_ask_slope,-0.10157585209146604
SOL_S15_60_150,logistic_poly2,trend_slope_30m up_imb5_change_500ms,-0.20555606086870162
SOL_S15_60_150,logistic_poly2,trend_slope_30m up_quote_intensity_5s,-0.16446448783444112
SOL_S15_60_150,logistic_poly2,trend_slope_30m ribbon_alignment_pct,-0.09863517267917064
SOL_S15_60_150,logistic_poly2,trend_slope_30m ribbon_compression_bps,-0.08267419161394716
SOL_S15_60_150,logistic_poly2,trend_slope_30m adx_14,0.09591199929740103
SOL_S15_60_150,logistic_poly2,trend_slope_30m plus_di_14,0.01918734026196542
SOL_S15_60_150,logistic_poly2,trend_slope_30m minus_di_14,0.010354616148198294
SOL_S15_60_150,logistic_poly2,trend_slope_30m vwap_since_open_bps,0.14848989046585392
SOL_S15_60_150,logistic_poly2,trend_slope_30m mfi_60s,-0.056214377742668756
SOL_S15_60_150,logistic_poly2,trend_slope_30m stoch_k_60s,-0.14139638183948758
SOL_S15_60_150,logistic_poly2,trend_slope_30m stoch_d_60s,0.05483919687575492
SOL_S15_60_150,logistic_poly2,trend_slope_30m cci_60s,0.2059916088383977
SOL_S15_60_150,logistic_poly2,trend_slope_30m bb_pos_60s,-0.02009889273344054
SOL_S15_60_150,logistic_poly2,trend_slope_30m bb_width_60s,0.1553109257081506
SOL_S15_60_150,logistic_poly2,trend_slope_30m ofi_skew_l1_30s,-0.05725946551363719
SOL_S15_60_150,logistic_poly2,trend_slope_30m mlofi_skew_l5_30s,-0.09918720336662029
SOL_S15_60_150,logistic_poly2,trend_slope_30m mlofi_skew_l5_60s,-0.08532106956115587
SOL_S15_60_150,logistic_poly2,trend_slope_30m mlofi_skew_l25_30s,-0.16871612714459613
SOL_S15_60_150,logistic_poly2,trend_slope_30m rsi_14,0.18168045306834577
SOL_S15_60_150,logistic_poly2,trend_slope_30m cvd,0.22290671233255296
SOL_S15_60_150,logistic_poly2,trend_slope_30m vpin_value,-0.0027792421065354015
SOL_S15_60_150,logistic_poly2,trend_slope_30m vpin_zscore,-0.15576037972592974
SOL_S15_60_150,logistic_poly2,trend_slope_30m as_uncertainty,-0.0301266392774276
SOL_S15_60_150,logistic_poly2,trend_slope_30m as_skew,0.020826772522557987
SOL_S15_60_150,logistic_poly2,rv_60s rv_300s,-0.044196166120844184
SOL_S15_60_150,logistic_poly2,rv_60s up_imb5,0.0036728411022115405
SOL_S15_60_150,logistic_poly2,rv_60s dn_imb5,-0.0064272681050866875
SOL_S15_60_150,logistic_poly2,rv_60s up_imb25,-0.04606944710448148
SOL_S15_60_150,logistic_poly2,rv_60s dn_imb25,0.044565366348789916
SOL_S15_60_150,logistic_poly2,rv_60s up_queue_top_bid,-0.0359742008309201
SOL_S15_60_150,logistic_poly2,rv_60s up_micro_dev_bps,-0.01818956892796937
SOL_S15_60_150,logistic_poly2,rv_60s dn_micro_dev_bps,-0.04136093276997457
SOL_S15_60_150,logistic_poly2,rv_60s up_bid_slope,-0.032994312486662306
SOL_S15_60_150,logistic_poly2,rv_60s up_ask_slope,-0.018767946066978052
SOL_S15_60_150,logistic_poly2,rv_60s dn_bid_slope,0.016560988332919135
SOL_S15_60_150,logistic_poly2,rv_60s dn_ask_slope,0.03336214800942503
SOL_S15_60_150,logistic_poly2,rv_60s up_imb5_change_500ms,0.12347209937002168
SOL_S15_60_150,logistic_poly2,rv_60s up_quote_intensity_5s,-0.1485251793677236
SOL_S15_60_150,logistic_poly2,rv_60s ribbon_alignment_pct,0.11710358917597306
SOL_S15_60_150,logistic_poly2,rv_60s ribbon_compression_bps,-0.006679996364688249
SOL_S15_60_150,logistic_poly2,rv_60s adx_14,0.12119495055162306
SOL_S15_60_150,logistic_poly2,rv_60s plus_di_14,0.06642883067892409
SOL_S15_60_150,logistic_poly2,rv_60s minus_di_14,0.17791038219597338
SOL_S15_60_150,logistic_poly2,rv_60s vwap_since_open_bps,0.03753185869325634
SOL_S15_60_150,logistic_poly2,rv_60s mfi_60s,-0.027057129877644873
SOL_S15_60_150,logistic_poly2,rv_60s stoch_k_60s,0.04337407678172264
SOL_S15_60_150,logistic_poly2,rv_60s stoch_d_60s,0.03296858607052208
SOL_S15_60_150,logistic_poly2,rv_60s cci_60s,0.17911168995759968
SOL_S15_60_150,logistic_poly2,rv_60s bb_pos_60s,0.0676703539223983
SOL_S15_60_150,logistic_poly2,rv_60s bb_width_60s,0.12346341386424423
SOL_S15_60_150,logistic_poly2,rv_60s ofi_skew_l1_30s,0.04840923475723523
SOL_S15_60_150,logistic_poly2,rv_60s mlofi_skew_l5_30s,-0.003628587495952368
SOL_S15_60_150,logistic_poly2,rv_60s mlofi_skew_l5_60s,0.028300851550615125
SOL_S15_60_150,logistic_poly2,rv_60s mlofi_skew_l25_30s,0.08591574605427406
SOL_S15_60_150,logistic_poly2,rv_60s rsi_14,0.16396651897921571
SOL_S15_60_150,logistic_poly2,rv_60s cvd,0.05747273882231972
SOL_S15_60_150,logistic_poly2,rv_60s vpin_value,0.03725339623709872
SOL_S15_60_150,logistic_poly2,rv_60s vpin_zscore,-0.004470679678026472
SOL_S15_60_150,logistic_poly2,rv_60s as_uncertainty,-0.08227830194644323
SOL_S15_60_150,logistic_poly2,rv_60s as_skew,-0.030950865794414643
SOL_S15_60_150,logistic_poly2,rv_300s up_imb5,0.041091897514927665
SOL_S15_60_150,logistic_poly2,rv_300s dn_imb5,-0.03163861477558729
SOL_S15_60_150,logistic_poly2,rv_300s up_imb25,-0.014851087684139333
SOL_S15_60_150,logistic_poly2,rv_300s dn_imb25,0.01288501607214696
SOL_S15_60_150,logistic_poly2,rv_300s up_queue_top_bid,0.013767680314316072
SOL_S15_60_150,logistic_poly2,rv_300s up_micro_dev_bps,0.060360955325473864
SOL_S15_60_150,logistic_poly2,rv_300s dn_micro_dev_bps,-0.08534796017446983
SOL_S15_60_150,logistic_poly2,rv_300s up_bid_slope,0.004529929325775378
SOL_S15_60_150,logistic_poly2,rv_300s up_ask_slope,-0.05944716230895545
SOL_S15_60_150,logistic_poly2,rv_300s dn_bid_slope,0.056869154221831524
SOL_S15_60_150,logistic_poly2,rv_300s dn_ask_slope,-0.004727795883017217
SOL_S15_60_150,logistic_poly2,rv_300s up_imb5_change_500ms,0.04815805157351643
SOL_S15_60_150,logistic_poly2,rv_300s up_quote_intensity_5s,-0.0696831468772672
SOL_S15_60_150,logistic_poly2,rv_300s ribbon_alignment_pct,-0.08068896992875543
SOL_S15_60_150,logistic_poly2,rv_300s ribbon_compression_bps,0.021521432925195056
SOL_S15_60_150,logistic_poly2,rv_300s adx_14,-0.19180676961283505
SOL_S15_60_150,logistic_poly2,rv_300s plus_di_14,0.10873247303718896
SOL_S15_60_150,logistic_poly2,rv_300s minus_di_14,0.0484467525845791
SOL_S15_60_150,logistic_poly2,rv_300s vwap_since_open_bps,-0.004259402393538648
SOL_S15_60_150,logistic_poly2,rv_300s mfi_60s,-0.012869943339688394
SOL_S15_60_150,logistic_poly2,rv_300s stoch_k_60s,-0.06304071209892768
SOL_S15_60_150,logistic_poly2,rv_300s stoch_d_60s,-0.03218841282546822
SOL_S15_60_150,logistic_poly2,rv_300s cci_60s,0.0002983881544506094
SOL_S15_60_150,logistic_poly2,rv_300s bb_pos_60s,-0.08286565638275759
SOL_S15_60_150,logistic_poly2,rv_300s bb_width_60s,-0.09218615411301453
SOL_S15_60_150,logistic_poly2,rv_300s ofi_skew_l1_30s,0.0358916195556084
SOL_S15_60_150,logistic_poly2,rv_300s mlofi_skew_l5_30s,0.02006246120291972
SOL_S15_60_150,logistic_poly2,rv_300s mlofi_skew_l5_60s,0.07733826898929949
SOL_S15_60_150,logistic_poly2,rv_300s mlofi_skew_l25_30s,0.03895335028673175
SOL_S15_60_150,logistic_poly2,rv_300s rsi_14,-0.035560596459442755
SOL_S15_60_150,logistic_poly2,rv_300s cvd,0.08146438179902955
SOL_S15_60_150,logistic_poly2,rv_300s vpin_value,-0.11592697106770732
SOL_S15_60_150,logistic_poly2,rv_300s vpin_zscore,-0.0006476182595181654
SOL_S15_60_150,logistic_poly2,rv_300s as_uncertainty,0.10361755805332538
SOL_S15_60_150,logistic_poly2,rv_300s as_skew,-0.04599047611636483
SOL_S15_60_150,logistic_poly2,up_imb5 dn_imb5,-0.17467903487200304
SOL_S15_60_150,logistic_poly2,up_imb5 up_imb25,-0.025327305220554933
SOL_S15_60_150,logistic_poly2,up_imb5 dn_imb25,0.03501300421149832
SOL_S15_60_150,logistic_poly2,up_imb5 up_queue_top_bid,-0.014047363888231596
SOL_S15_60_150,logistic_poly2,up_imb5 up_micro_dev_bps,-0.0514533892124449
SOL_S15_60_150,logistic_poly2,up_imb5 dn_micro_dev_bps,0.10787671391054549
SOL_S15_60_150,logistic_poly2,up_imb5 up_bid_slope,0.023531642569292924
SOL_S15_60_150,logistic_poly2,up_imb5 up_ask_slope,0.09895385299602644
SOL_S15_60_150,logistic_poly2,up_imb5 dn_bid_slope,-0.09789254408789112
SOL_S15_60_150,logistic_poly2,up_imb5 dn_ask_slope,-0.02443663065490877
SOL_S15_60_150,logistic_poly2,up_imb5 up_imb5_change_500ms,0.1113152380850434
SOL_S15_60_150,logistic_poly2,up_imb5 up_quote_intensity_5s,0.0654328621403766
SOL_S15_60_150,logistic_poly2,up_imb5 ribbon_alignment_pct,-0.04698162613873322
SOL_S15_60_150,logistic_poly2,up_imb5 ribbon_compression_bps,-0.07198995891454295
SOL_S15_60_150,logistic_poly2,up_imb5 adx_14,-0.0366015029972432
SOL_S15_60_150,logistic_poly2,up_imb5 plus_di_14,-0.0376224226240886
SOL_S15_60_150,logistic_poly2,up_imb5 minus_di_14,-0.1375107288835661
SOL_S15_60_150,logistic_poly2,up_imb5 vwap_since_open_bps,0.15332765035103327
SOL_S15_60_150,logistic_poly2,up_imb5 mfi_60s,0.09803514843266202
SOL_S15_60_150,logistic_poly2,up_imb5 stoch_k_60s,-0.11189581492874638
SOL_S15_60_150,logistic_poly2,up_imb5 stoch_d_60s,0.13985122151532292
SOL_S15_60_150,logistic_poly2,up_imb5 cci_60s,-0.07237063565836298
SOL_S15_60_150,logistic_poly2,up_imb5 bb_pos_60s,-0.06109269325341223
SOL_S15_60_150,logistic_poly2,up_imb5 bb_width_60s,-0.056124829884495686
SOL_S15_60_150,logistic_poly2,up_imb5 ofi_skew_l1_30s,-0.015140751925768041
SOL_S15_60_150,logistic_poly2,up_imb5 mlofi_skew_l5_30s,-0.042378405951684336
SOL_S15_60_150,logistic_poly2,up_imb5 mlofi_skew_l5_60s,0.07037889815031226
SOL_S15_60_150,logistic_poly2,up_imb5 mlofi_skew_l25_30s,0.0994805827859284
SOL_S15_60_150,logistic_poly2,up_imb5 rsi_14,0.03117330261586464
SOL_S15_60_150,logistic_poly2,up_imb5 cvd,-0.01440793297319734
SOL_S15_60_150,logistic_poly2,up_imb5 vpin_value,-0.01236122130685883
SOL_S15_60_150,logistic_poly2,up_imb5 vpin_zscore,-0.09685950909691356
SOL_S15_60_150,logistic_poly2,up_imb5 as_uncertainty,-0.0861107661668307
SOL_S15_60_150,logistic_poly2,up_imb5 as_skew,-0.06944642948622662
SOL_S15_60_150,logistic_poly2,dn_imb5 up_imb25,-0.0015249885004181116
SOL_S15_60_150,logistic_poly2,dn_imb5 dn_imb25,-0.006503007246844747
SOL_S15_60_150,logistic_poly2,dn_imb5 up_queue_top_bid,0.017997662677733024
SOL_S15_60_150,logistic_poly2,dn_imb5 up_micro_dev_bps,0.06315959672418603
SOL_S15_60_150,logistic_poly2,dn_imb5 dn_micro_dev_bps,-0.11599475545676514
SOL_S15_60_150,logistic_poly2,dn_imb5 up_bid_slope,-0.06831460594700386
SOL_S15_60_150,logistic_poly2,dn_imb5 up_ask_slope,-0.08027707016978966
SOL_S15_60_150,logistic_poly2,dn_imb5 dn_bid_slope,0.07944213982576019
SOL_S15_60_150,logistic_poly2,dn_imb5 dn_ask_slope,0.06948908584664983
SOL_S15_60_150,logistic_poly2,dn_imb5 up_imb5_change_500ms,-0.11142364878387115
SOL_S15_60_150,logistic_poly2,dn_imb5 up_quote_intensity_5s,-0.04850472146458327
SOL_S15_60_150,logistic_poly2,dn_imb5 ribbon_alignment_pct,0.0716467774232178
SOL_S15_60_150,logistic_poly2,dn_imb5 ribbon_compression_bps,0.06346743793399039
SOL_S15_60_150,logistic_poly2,dn_imb5 adx_14,0.046993384718127564
SOL_S15_60_150,logistic_poly2,dn_imb5 plus_di_14,0.04781074368088419
SOL_S15_60_150,logistic_poly2,dn_imb5 minus_di_14,0.14364247844532416
SOL_S15_60_150,logistic_poly2,dn_imb5 vwap_since_open_bps,-0.14796203826238585
SOL_S15_60_150,logistic_poly2,dn_imb5 mfi_60s,-0.10908749349154147
SOL_S15_60_150,logistic_poly2,dn_imb5 stoch_k_60s,0.10812519069091306
SOL_S15_60_150,logistic_poly2,dn_imb5 stoch_d_60s,-0.14206030101897774
SOL_S15_60_150,logistic_poly2,dn_imb5 cci_60s,0.09681875403778055
SOL_S15_60_150,logistic_poly2,dn_imb5 bb_pos_60s,0.0721792170291817
SOL_S15_60_150,logistic_poly2,dn_imb5 bb_width_60s,0.05818781487008278
SOL_S15_60_150,logistic_poly2,dn_imb5 ofi_skew_l1_30s,0.01904408034250044
SOL_S15_60_150,logistic_poly2,dn_imb5 mlofi_skew_l5_30s,0.04813031067234627
SOL_S15_60_150,logistic_poly2,dn_imb5 mlofi_skew_l5_60s,-0.06811688919114398
SOL_S15_60_150,logistic_poly2,dn_imb5 mlofi_skew_l25_30s,-0.07473184793854194
SOL_S15_60_150,logistic_poly2,dn_imb5 rsi_14,-0.01951154498961721
SOL_S15_60_150,logistic_poly2,dn_imb5 cvd,0.026272258245928992
SOL_S15_60_150,logistic_poly2,dn_imb5 vpin_value,-0.04153942926337789
SOL_S15_60_150,logistic_poly2,dn_imb5 vpin_zscore,0.039629826678258574
SOL_S15_60_150,logistic_poly2,dn_imb5 as_uncertainty,0.09216373473397409
SOL_S15_60_150,logistic_poly2,dn_imb5 as_skew,0.07227515528571597
SOL_S15_60_150,logistic_poly2,up_imb25 dn_imb25,0.10169664410683488
SOL_S15_60_150,logistic_poly2,up_imb25 up_queue_top_bid,0.008373084202024102
SOL_S15_60_150,logistic_poly2,up_imb25 up_micro_dev_bps,0.022719405405461204
SOL_S15_60_150,logistic_poly2,up_imb25 dn_micro_dev_bps,-0.0013590994938430616
SOL_S15_60_150,logistic_poly2,up_imb25 up_bid_slope,-0.013706589454355083
SOL_S15_60_150,logistic_poly2,up_imb25 up_ask_slope,0.047970127261881164
SOL_S15_60_150,logistic_poly2,up_imb25 dn_bid_slope,-0.0523214671034286
SOL_S15_60_150,logistic_poly2,up_imb25 dn_ask_slope,0.013827357571577168
SOL_S15_60_150,logistic_poly2,up_imb25 up_imb5_change_500ms,-0.06144296463445565
SOL_S15_60_150,logistic_poly2,up_imb25 up_quote_intensity_5s,0.060909257073137775
SOL_S15_60_150,logistic_poly2,up_imb25 ribbon_alignment_pct,0.03314093815753543
SOL_S15_60_150,logistic_poly2,up_imb25 ribbon_compression_bps,-0.035924021208762556
SOL_S15_60_150,logistic_poly2,up_imb25 adx_14,-0.10194095437021704
SOL_S15_60_150,logistic_poly2,up_imb25 plus_di_14,0.03394856881000801
SOL_S15_60_150,logistic_poly2,up_imb25 minus_di_14,-0.08621624706916897
SOL_S15_60_150,logistic_poly2,up_imb25 vwap_since_open_bps,0.04260614256370569
SOL_S15_60_150,logistic_poly2,up_imb25 mfi_60s,-0.06415224646473118
SOL_S15_60_150,logistic_poly2,up_imb25 stoch_k_60s,0.023435874235830993
SOL_S15_60_150,logistic_poly2,up_imb25 stoch_d_60s,0.10746905381319903
SOL_S15_60_150,logistic_poly2,up_imb25 cci_60s,-0.05369356838598588
SOL_S15_60_150,logistic_poly2,up_imb25 bb_pos_60s,0.0012625790817845151
SOL_S15_60_150,logistic_poly2,up_imb25 bb_width_60s,0.05388420017110245
SOL_S15_60_150,logistic_poly2,up_imb25 ofi_skew_l1_30s,-0.11224421664637312
SOL_S15_60_150,logistic_poly2,up_imb25 mlofi_skew_l5_30s,-0.07892726928786108
SOL_S15_60_150,logistic_poly2,up_imb25 mlofi_skew_l5_60s,-0.01971217688088387
SOL_S15_60_150,logistic_poly2,up_imb25 mlofi_skew_l25_30s,-0.03303246193589462
SOL_S15_60_150,logistic_poly2,up_imb25 rsi_14,0.014949614085918335
SOL_S15_60_150,logistic_poly2,up_imb25 cvd,0.017850973599519065
SOL_S15_60_150,logistic_poly2,up_imb25 vpin_value,0.03364486532459362
SOL_S15_60_150,logistic_poly2,up_imb25 vpin_zscore,0.0853696494077802
SOL_S15_60_150,logistic_poly2,up_imb25 as_uncertainty,0.014150738913156012
SOL_S15_60_150,logistic_poly2,up_imb25 as_skew,-0.0007871767336455803
SOL_S15_60_150,logistic_poly2,dn_imb25 up_queue_top_bid,-0.010279964943482598
SOL_S15_60_150,logistic_poly2,dn_imb25 up_micro_dev_bps,-0.023664819553877624
SOL_S15_60_150,logistic_poly2,dn_imb25 dn_micro_dev_bps,0.002663939011275315
SOL_S15_60_150,logistic_poly2,dn_imb25 up_bid_slope,0.01294862042164509
SOL_S15_60_150,logistic_poly2,dn_imb25 up_ask_slope,-0.04330358294364778
SOL_S15_60_150,logistic_poly2,dn_imb25 dn_bid_slope,0.04766939734458428
SOL_S15_60_150,logistic_poly2,dn_imb25 dn_ask_slope,-0.012986169182113127
SOL_S15_60_150,logistic_poly2,dn_imb25 up_imb5_change_500ms,0.06159475237112754
SOL_S15_60_150,logistic_poly2,dn_imb25 up_quote_intensity_5s,-0.06239535018166779
SOL_S15_60_150,logistic_poly2,dn_imb25 ribbon_alignment_pct,-0.029015873829583698
SOL_S15_60_150,logistic_poly2,dn_imb25 ribbon_compression_bps,0.03763435584129391
SOL_S15_60_150,logistic_poly2,dn_imb25 adx_14,0.09874721701595686
SOL_S15_60_150,logistic_poly2,dn_imb25 plus_di_14,-0.029560055830965867
SOL_S15_60_150,logistic_poly2,dn_imb25 minus_di_14,0.08591377379324397
SOL_S15_60_150,logistic_poly2,dn_imb25 vwap_since_open_bps,-0.044871859991525126
SOL_S15_60_150,logistic_poly2,dn_imb25 mfi_60s,0.06390214791561584
SOL_S15_60_150,logistic_poly2,dn_imb25 stoch_k_60s,-0.016469839331847733
SOL_S15_60_150,logistic_poly2,dn_imb25 stoch_d_60s,-0.10099136329269429
SOL_S15_60_150,logistic_poly2,dn_imb25 cci_60s,0.055221670111641315
SOL_S15_60_150,logistic_poly2,dn_imb25 bb_pos_60s,0.0015799179214487581
SOL_S15_60_150,logistic_poly2,dn_imb25 bb_width_60s,-0.05319849281276429
SOL_S15_60_150,logistic_poly2,dn_imb25 ofi_skew_l1_30s,0.11125631840175812
SOL_S15_60_150,logistic_poly2,dn_imb25 mlofi_skew_l5_30s,0.07734545635070288
SOL_S15_60_150,logistic_poly2,dn_imb25 mlofi_skew_l5_60s,0.01907683578629134
SOL_S15_60_150,logistic_poly2,dn_imb25 mlofi_skew_l25_30s,0.0254741742562698
SOL_S15_60_150,logistic_poly2,dn_imb25 rsi_14,-0.012580893041364387
SOL_S15_60_150,logistic_poly2,dn_imb25 cvd,-0.014950213334567504
SOL_S15_60_150,logistic_poly2,dn_imb25 vpin_value,-0.028102218315110453
SOL_S15_60_150,logistic_poly2,dn_imb25 vpin_zscore,-0.07944566730797732
SOL_S15_60_150,logistic_poly2,dn_imb25 as_uncertainty,-0.015177728346811168
SOL_S15_60_150,logistic_poly2,dn_imb25 as_skew,0.00014936348408209555
SOL_S15_60_150,logistic_poly2,up_queue_top_bid up_micro_dev_bps,-0.11810363706292597
SOL_S15_60_150,logistic_poly2,up_queue_top_bid dn_micro_dev_bps,-0.0978246599062636
SOL_S15_60_150,logistic_poly2,up_queue_top_bid up_bid_slope,0.050545077133042265
SOL_S15_60_150,logistic_poly2,up_queue_top_bid up_ask_slope,0.08050804730017687
SOL_S15_60_150,logistic_poly2,up_queue_top_bid dn_bid_slope,-0.0811016670090955
SOL_S15_60_150,logistic_poly2,up_queue_top_bid dn_ask_slope,-0.0521360389336836
SOL_S15_60_150,logistic_poly2,up_queue_top_bid up_imb5_change_500ms,0.043022399694684126
SOL_S15_60_150,logistic_poly2,up_queue_top_bid up_quote_intensity_5s,-0.11974587124983818
SOL_S15_60_150,logistic_poly2,up_queue_top_bid ribbon_alignment_pct,0.13119223083003356
SOL_S15_60_150,logistic_poly2,up_queue_top_bid ribbon_compression_bps,0.03257987972315025
SOL_S15_60_150,logistic_poly2,up_queue_top_bid adx_14,-0.06988410715251345
SOL_S15_60_150,logistic_poly2,up_queue_top_bid plus_di_14,0.015029563542415266
SOL_S15_60_150,logistic_poly2,up_queue_top_bid minus_di_14,-0.07284544314483894
SOL_S15_60_150,logistic_poly2,up_queue_top_bid vwap_since_open_bps,-0.044741014668415104
SOL_S15_60_150,logistic_poly2,up_queue_top_bid mfi_60s,0.10743351577515362
SOL_S15_60_150,logistic_poly2,up_queue_top_bid stoch_k_60s,-0.06890090683915062
SOL_S15_60_150,logistic_poly2,up_queue_top_bid stoch_d_60s,0.02300713243514862
SOL_S15_60_150,logistic_poly2,up_queue_top_bid cci_60s,-0.02510301074258497
SOL_S15_60_150,logistic_poly2,up_queue_top_bid bb_pos_60s,-0.03849753044520708
SOL_S15_60_150,logistic_poly2,up_queue_top_bid bb_width_60s,0.00947028965366817
SOL_S15_60_150,logistic_poly2,up_queue_top_bid ofi_skew_l1_30s,0.05530809244735057
SOL_S15_60_150,logistic_poly2,up_queue_top_bid mlofi_skew_l5_30s,0.030175359973059007
SOL_S15_60_150,logistic_poly2,up_queue_top_bid mlofi_skew_l5_60s,0.059726083155133516
SOL_S15_60_150,logistic_poly2,up_queue_top_bid mlofi_skew_l25_30s,-0.0071445776818583225
SOL_S15_60_150,logistic_poly2,up_queue_top_bid rsi_14,0.05103214540260794
SOL_S15_60_150,logistic_poly2,up_queue_top_bid cvd,-0.007821918239699929
SOL_S15_60_150,logistic_poly2,up_queue_top_bid vpin_value,0.05804067356718879
SOL_S15_60_150,logistic_poly2,up_queue_top_bid vpin_zscore,0.1444866185208602
SOL_S15_60_150,logistic_poly2,up_queue_top_bid as_uncertainty,-0.01265649772891797
SOL_S15_60_150,logistic_poly2,up_queue_top_bid as_skew,0.013313743537350268
SOL_S15_60_150,logistic_poly2,up_micro_dev_bps dn_micro_dev_bps,0.09124040822901687
SOL_S15_60_150,logistic_poly2,up_micro_dev_bps up_bid_slope,-0.01358209790700137
SOL_S15_60_150,logistic_poly2,up_micro_dev_bps up_ask_slope,0.06153071089681398
SOL_S15_60_150,logistic_poly2,up_micro_dev_bps dn_bid_slope,-0.06327295087610231
SOL_S15_60_150,logistic_poly2,up_micro_dev_bps dn_ask_slope,0.01288950109020342
SOL_S15_60_150,logistic_poly2,up_micro_dev_bps up_imb5_change_500ms,0.06280351474732862
SOL_S15_60_150,logistic_poly2,up_micro_dev_bps up_quote_intensity_5s,-0.0766920164069043
SOL_S15_60_150,logistic_poly2,up_micro_dev_bps ribbon_alignment_pct,0.05758815691086209
SOL_S15_60_150,logistic_poly2,up_micro_dev_bps ribbon_compression_bps,0.002791174146178007
SOL_S15_60_150,logistic_poly2,up_micro_dev_bps adx_14,0.07937730033057977
SOL_S15_60_150,logistic_poly2,up_micro_dev_bps plus_di_14,-0.025506200032774966
SOL_S15_60_150,logistic_poly2,up_micro_dev_bps minus_di_14,-0.037544131680641586
SOL_S15_60_150,logistic_poly2,up_micro_dev_bps vwap_since_open_bps,-0.03219977969954838
SOL_S15_60_150,logistic_poly2,up_micro_dev_bps mfi_60s,-0.05168886708810023
SOL_S15_60_150,logistic_poly2,up_micro_dev_bps stoch_k_60s,-0.2034370192410155
SOL_S15_60_150,logistic_poly2,up_micro_dev_bps stoch_d_60s,-0.03550880663254568
SOL_S15_60_150,logistic_poly2,up_micro_dev_bps cci_60s,-0.07408337039018902
SOL_S15_60_150,logistic_poly2,up_micro_dev_bps bb_pos_60s,-0.03462720014433986
SOL_S15_60_150,logistic_poly2,up_micro_dev_bps bb_width_60s,-0.024253781076434895
SOL_S15_60_150,logistic_poly2,up_micro_dev_bps ofi_skew_l1_30s,-0.04209621377168489
SOL_S15_60_150,logistic_poly2,up_micro_dev_bps mlofi_skew_l5_30s,-0.14537768714554236
SOL_S15_60_150,logistic_poly2,up_micro_dev_bps mlofi_skew_l5_60s,-0.06059077321816303
SOL_S15_60_150,logistic_poly2,up_micro_dev_bps mlofi_skew_l25_30s,0.06949330168864523
SOL_S15_60_150,logistic_poly2,up_micro_dev_bps rsi_14,0.07197561487375667
SOL_S15_60_150,logistic_poly2,up_micro_dev_bps cvd,0.04105224163680835
SOL_S15_60_150,logistic_poly2,up_micro_dev_bps vpin_value,-0.03530585443031707
SOL_S15_60_150,logistic_poly2,up_micro_dev_bps vpin_zscore,-0.005718826725451747
SOL_S15_60_150,logistic_poly2,up_micro_dev_bps as_uncertainty,-0.015477266162138023
SOL_S15_60_150,logistic_poly2,up_micro_dev_bps as_skew,-0.019228666927248235
SOL_S15_60_150,logistic_poly2,dn_micro_dev_bps up_bid_slope,-0.017764004549421075
SOL_S15_60_150,logistic_poly2,dn_micro_dev_bps up_ask_slope,0.060784483725523114
SOL_S15_60_150,logistic_poly2,dn_micro_dev_bps dn_bid_slope,-0.060590268914834114
SOL_S15_60_150,logistic_poly2,dn_micro_dev_bps dn_ask_slope,0.019746992388525883
SOL_S15_60_150,logistic_poly2,dn_micro_dev_bps up_imb5_change_500ms,-0.006111804163415263
SOL_S15_60_150,logistic_poly2,dn_micro_dev_bps up_quote_intensity_5s,0.023769167360284085
SOL_S15_60_150,logistic_poly2,dn_micro_dev_bps ribbon_alignment_pct,0.04937614055784544
SOL_S15_60_150,logistic_poly2,dn_micro_dev_bps ribbon_compression_bps,-0.019963322848139335
SOL_S15_60_150,logistic_poly2,dn_micro_dev_bps adx_14,-0.0481641896783871
SOL_S15_60_150,logistic_poly2,dn_micro_dev_bps plus_di_14,0.10236883786109305
SOL_S15_60_150,logistic_poly2,dn_micro_dev_bps minus_di_14,-0.04305322038206946
SOL_S15_60_150,logistic_poly2,dn_micro_dev_bps vwap_since_open_bps,0.05686713627728425
SOL_S15_60_150,logistic_poly2,dn_micro_dev_bps mfi_60s,-0.09161904314428397
SOL_S15_60_150,logistic_poly2,dn_micro_dev_bps stoch_k_60s,0.1448843621207914
SOL_S15_60_150,logistic_poly2,dn_micro_dev_bps stoch_d_60s,-0.06000612626901152
SOL_S15_60_150,logistic_poly2,dn_micro_dev_bps cci_60s,-0.10906333259526649
SOL_S15_60_150,logistic_poly2,dn_micro_dev_bps bb_pos_60s,-0.02542795662242509
SOL_S15_60_150,logistic_poly2,dn_micro_dev_bps bb_width_60s,0.032428029163574686
SOL_S15_60_150,logistic_poly2,dn_micro_dev_bps ofi_skew_l1_30s,-0.007803531654585405
SOL_S15_60_150,logistic_poly2,dn_micro_dev_bps mlofi_skew_l5_30s,-0.0016416606566777496
SOL_S15_60_150,logistic_poly2,dn_micro_dev_bps mlofi_skew_l5_60s,0.006256484507194635
SOL_S15_60_150,logistic_poly2,dn_micro_dev_bps mlofi_skew_l25_30s,-0.03393550697814294
SOL_S15_60_150,logistic_poly2,dn_micro_dev_bps rsi_14,-0.015104521355339807
SOL_S15_60_150,logistic_poly2,dn_micro_dev_bps cvd,0.061984070627015685
SOL_S15_60_150,logistic_poly2,dn_micro_dev_bps vpin_value,-0.06173566050022449
SOL_S15_60_150,logistic_poly2,dn_micro_dev_bps vpin_zscore,-0.12770801284489058
SOL_S15_60_150,logistic_poly2,dn_micro_dev_bps as_uncertainty,-0.023431270857282742
SOL_S15_60_150,logistic_poly2,dn_micro_dev_bps as_skew,0.028870118904992637
SOL_S15_60_150,logistic_poly2,up_bid_slope up_ask_slope,0.03330729377061085
SOL_S15_60_150,logistic_poly2,up_bid_slope dn_bid_slope,-0.034106075294413576
SOL_S15_60_150,logistic_poly2,up_bid_slope dn_ask_slope,-0.00226938824330536
SOL_S15_60_150,logistic_poly2,up_bid_slope up_imb5_change_500ms,-0.018876617041876438
SOL_S15_60_150,logistic_poly2,up_bid_slope up_quote_intensity_5s,0.10277391647839243
SOL_S15_60_150,logistic_poly2,up_bid_slope ribbon_alignment_pct,0.025908558744238263
SOL_S15_60_150,logistic_poly2,up_bid_slope ribbon_compression_bps,0.029630741216659044
SOL_S15_60_150,logistic_poly2,up_bid_slope adx_14,-0.02458214785184064
SOL_S15_60_150,logistic_poly2,up_bid_slope plus_di_14,-0.03457374310936219
SOL_S15_60_150,logistic_poly2,up_bid_slope minus_di_14,0.13478076586392349
SOL_S15_60_150,logistic_poly2,up_bid_slope vwap_since_open_bps,0.0006482769551066136
SOL_S15_60_150,logistic_poly2,up_bid_slope mfi_60s,0.04533914785472515
SOL_S15_60_150,logistic_poly2,up_bid_slope stoch_k_60s,-0.08532787402478748
SOL_S15_60_150,logistic_poly2,up_bid_slope stoch_d_60s,0.02243806518940533
SOL_S15_60_150,logistic_poly2,up_bid_slope cci_60s,-0.0008651186312534649
SOL_S15_60_150,logistic_poly2,up_bid_slope bb_pos_60s,0.06948838640978112
SOL_S15_60_150,logistic_poly2,up_bid_slope bb_width_60s,-0.07023246013726887
SOL_S15_60_150,logistic_poly2,up_bid_slope ofi_skew_l1_30s,0.0028632791587363715
SOL_S15_60_150,logistic_poly2,up_bid_slope mlofi_skew_l5_30s,0.004705499092830038
SOL_S15_60_150,logistic_poly2,up_bid_slope mlofi_skew_l5_60s,0.020382718123671827
SOL_S15_60_150,logistic_poly2,up_bid_slope mlofi_skew_l25_30s,0.09955777700994085
SOL_S15_60_150,logistic_poly2,up_bid_slope rsi_14,-0.0779187203302936
SOL_S15_60_150,logistic_poly2,up_bid_slope cvd,-0.0464816901522355
SOL_S15_60_150,logistic_poly2,up_bid_slope vpin_value,-0.0095441065770872
SOL_S15_60_150,logistic_poly2,up_bid_slope vpin_zscore,-0.0597477613930758
SOL_S15_60_150,logistic_poly2,up_bid_slope as_uncertainty,-0.023610927609728764
SOL_S15_60_150,logistic_poly2,up_bid_slope as_skew,-0.02389061793870969
SOL_S15_60_150,logistic_poly2,up_ask_slope dn_bid_slope,-0.04374489810233595
SOL_S15_60_150,logistic_poly2,up_ask_slope dn_ask_slope,-0.03433522561478028
SOL_S15_60_150,logistic_poly2,up_ask_slope up_imb5_change_500ms,-0.006014749612499808
SOL_S15_60_150,logistic_poly2,up_ask_slope up_quote_intensity_5s,-0.06575762658749788
SOL_S15_60_150,logistic_poly2,up_ask_slope ribbon_alignment_pct,-0.12788498003450743
SOL_S15_60_150,logistic_poly2,up_ask_slope ribbon_compression_bps,0.0785396541101295
SOL_S15_60_150,logistic_poly2,up_ask_slope adx_14,-0.07907358132461687
SOL_S15_60_150,logistic_poly2,up_ask_slope plus_di_14,-0.02455804147657059
SOL_S15_60_150,logistic_poly2,up_ask_slope minus_di_14,0.2217601274315022
SOL_S15_60_150,logistic_poly2,up_ask_slope vwap_since_open_bps,0.03545388490910188
SOL_S15_60_150,logistic_poly2,up_ask_slope mfi_60s,0.020493725274921434
SOL_S15_60_150,logistic_poly2,up_ask_slope stoch_k_60s,-0.10297384397165653
SOL_S15_60_150,logistic_poly2,up_ask_slope stoch_d_60s,-0.095371893819284
SOL_S15_60_150,logistic_poly2,up_ask_slope cci_60s,0.18125659601579885
SOL_S15_60_150,logistic_poly2,up_ask_slope bb_pos_60s,-0.013035295577373035
SOL_S15_60_150,logistic_poly2,up_ask_slope bb_width_60s,0.1254402611835314
SOL_S15_60_150,logistic_poly2,up_ask_slope ofi_skew_l1_30s,-0.05457811370449111
SOL_S15_60_150,logistic_poly2,up_ask_slope mlofi_skew_l5_30s,0.01491976143582092
SOL_S15_60_150,logistic_poly2,up_ask_slope mlofi_skew_l5_60s,-0.0023679995030734206
SOL_S15_60_150,logistic_poly2,up_ask_slope mlofi_skew_l25_30s,-0.06717559143948885
SOL_S15_60_150,logistic_poly2,up_ask_slope rsi_14,0.0016985218514097976
SOL_S15_60_150,logistic_poly2,up_ask_slope cvd,0.012292188099276288
SOL_S15_60_150,logistic_poly2,up_ask_slope vpin_value,-0.07935942218722128
SOL_S15_60_150,logistic_poly2,up_ask_slope vpin_zscore,-0.03897127352530202
SOL_S15_60_150,logistic_poly2,up_ask_slope as_uncertainty,0.09140897194477131
SOL_S15_60_150,logistic_poly2,up_ask_slope as_skew,0.07291065745326504
SOL_S15_60_150,logistic_poly2,dn_bid_slope dn_ask_slope,0.03512408268675155
SOL_S15_60_150,logistic_poly2,dn_bid_slope up_imb5_change_500ms,0.0061650346451851915
SOL_S15_60_150,logistic_poly2,dn_bid_slope up_quote_intensity_5s,0.06688797713895518
SOL_S15_60_150,logistic_poly2,dn_bid_slope ribbon_alignment_pct,0.12532044420292007
SOL_S15_60_150,logistic_poly2,dn_bid_slope ribbon_compression_bps,-0.07761627957263274
SOL_S15_60_150,logistic_poly2,dn_bid_slope adx_14,0.08122952567510454
SOL_S15_60_150,logistic_poly2,dn_bid_slope plus_di_14,0.027103119063381816
SOL_S15_60_150,logistic_poly2,dn_bid_slope minus_di_14,-0.2248404896977288
SOL_S15_60_150,logistic_poly2,dn_bid_slope vwap_since_open_bps,-0.03567981554730518
SOL_S15_60_150,logistic_poly2,dn_bid_slope mfi_60s,-0.01578847195725544
SOL_S15_60_150,logistic_poly2,dn_bid_slope stoch_k_60s,0.10822156693699134
SOL_S15_60_150,logistic_poly2,dn_bid_slope stoch_d_60s,0.10015749566634408
SOL_S15_60_150,logistic_poly2,dn_bid_slope cci_60s,-0.17995545275971542
SOL_S15_60_150,logistic_poly2,dn_bid_slope bb_pos_60s,0.017560587306007146
SOL_S15_60_150,logistic_poly2,dn_bid_slope bb_width_60s,-0.12482149610730381
SOL_S15_60_150,logistic_poly2,dn_bid_slope ofi_skew_l1_30s,0.05441915931720694
SOL_S15_60_150,logistic_poly2,dn_bid_slope mlofi_skew_l5_30s,-0.014624803259834661
SOL_S15_60_150,logistic_poly2,dn_bid_slope mlofi_skew_l5_60s,0.0025838576662295812
SOL_S15_60_150,logistic_poly2,dn_bid_slope mlofi_skew_l25_30s,0.0709170140812452
SOL_S15_60_150,logistic_poly2,dn_bid_slope rsi_14,-0.0067033514707012165
SOL_S15_60_150,logistic_poly2,dn_bid_slope cvd,-0.012364910748476425
SOL_S15_60_150,logistic_poly2,dn_bid_slope vpin_value,0.07823171008944593
SOL_S15_60_150,logistic_poly2,dn_bid_slope vpin_zscore,0.037018975471897766
SOL_S15_60_150,logistic_poly2,dn_bid_slope as_uncertainty,-0.09293701089265934
SOL_S15_60_150,logistic_poly2,dn_bid_slope as_skew,-0.07342804461786721
SOL_S15_60_150,logistic_poly2,dn_ask_slope up_imb5_change_500ms,0.01884203334768048
SOL_S15_60_150,logistic_poly2,dn_ask_slope up_quote_intensity_5s,-0.10307462964902919
SOL_S15_60_150,logistic_poly2,dn_ask_slope ribbon_alignment_pct,-0.02809091157789735
SOL_S15_60_150,logistic_poly2,dn_ask_slope ribbon_compression_bps,-0.02694630486401472
SOL_S15_60_150,logistic_poly2,dn_ask_slope adx_14,0.0246002225469192
SOL_S15_60_150,logistic_poly2,dn_ask_slope plus_di_14,0.03421095173657397
SOL_S15_60_150,logistic_poly2,dn_ask_slope minus_di_14,-0.13271699036027698
SOL_S15_60_150,logistic_poly2,dn_ask_slope vwap_since_open_bps,0.002103618332656216
SOL_S15_60_150,logistic_poly2,dn_ask_slope mfi_60s,-0.04994738207188566
SOL_S15_60_150,logistic_poly2,dn_ask_slope stoch_k_60s,0.08617640371625719
SOL_S15_60_150,logistic_poly2,dn_ask_slope stoch_d_60s,-0.02172353505503356
SOL_S15_60_150,logistic_poly2,dn_ask_slope cci_60s,0.005739472258729476
SOL_S15_60_150,logistic_poly2,dn_ask_slope bb_pos_60s,-0.06848595811851128
SOL_S15_60_150,logistic_poly2,dn_ask_slope bb_width_60s,0.07419475632715766
SOL_S15_60_150,logistic_poly2,dn_ask_slope ofi_skew_l1_30s,-0.003036706895645868
SOL_S15_60_150,logistic_poly2,dn_ask_slope mlofi_skew_l5_30s,-0.004725231331029377
SOL_S15_60_150,logistic_poly2,dn_ask_slope mlofi_skew_l5_60s,-0.020654061559969884
SOL_S15_60_150,logistic_poly2,dn_ask_slope mlofi_skew_l25_30s,-0.09935232032549375
SOL_S15_60_150,logistic_poly2,dn_ask_slope rsi_14,0.07680364589274616
SOL_S15_60_150,logistic_poly2,dn_ask_slope cvd,0.04308324401885506
SOL_S15_60_150,logistic_poly2,dn_ask_slope vpin_value,0.005637470092901972
SOL_S15_60_150,logistic_poly2,dn_ask_slope vpin_zscore,0.05462569898040798
SOL_S15_60_150,logistic_poly2,dn_ask_slope as_uncertainty,0.023686131847685688
SOL_S15_60_150,logistic_poly2,dn_ask_slope as_skew,0.024416354752613494
SOL_S15_60_150,logistic_poly2,up_imb5_change_500ms up_quote_intensity_5s,-0.17261873008479495
SOL_S15_60_150,logistic_poly2,up_imb5_change_500ms ribbon_alignment_pct,0.13430352894919056
SOL_S15_60_150,logistic_poly2,up_imb5_change_500ms ribbon_compression_bps,-0.09287285165648933
SOL_S15_60_150,logistic_poly2,up_imb5_change_500ms adx_14,0.011349529800022755
SOL_S15_60_150,logistic_poly2,up_imb5_change_500ms plus_di_14,-0.046694124718504836
SOL_S15_60_150,logistic_poly2,up_imb5_change_500ms minus_di_14,-0.03470665307399387
SOL_S15_60_150,logistic_poly2,up_imb5_change_500ms vwap_since_open_bps,0.1829618013697822
SOL_S15_60_150,logistic_poly2,up_imb5_change_500ms mfi_60s,0.03369103865612027
SOL_S15_60_150,logistic_poly2,up_imb5_change_500ms stoch_k_60s,-0.047462964896049106
SOL_S15_60_150,logistic_poly2,up_imb5_change_500ms stoch_d_60s,-0.11311558450291145
SOL_S15_60_150,logistic_poly2,up_imb5_change_500ms cci_60s,0.05153245251052524
SOL_S15_60_150,logistic_poly2,up_imb5_change_500ms bb_pos_60s,0.05430273839441686
SOL_S15_60_150,logistic_poly2,up_imb5_change_500ms bb_width_60s,-0.07243851949978
SOL_S15_60_150,logistic_poly2,up_imb5_change_500ms ofi_skew_l1_30s,0.04197166704005936
SOL_S15_60_150,logistic_poly2,up_imb5_change_500ms mlofi_skew_l5_30s,0.06418223311953458
SOL_S15_60_150,logistic_poly2,up_imb5_change_500ms mlofi_skew_l5_60s,0.02833736222069344
SOL_S15_60_150,logistic_poly2,up_imb5_change_500ms mlofi_skew_l25_30s,-0.08078363865028151
SOL_S15_60_150,logistic_poly2,up_imb5_change_500ms rsi_14,0.012305987557375468
SOL_S15_60_150,logistic_poly2,up_imb5_change_500ms cvd,0.0038502407672887833
SOL_S15_60_150,logistic_poly2,up_imb5_change_500ms vpin_value,-0.07065376248283023
SOL_S15_60_150,logistic_poly2,up_imb5_change_500ms vpin_zscore,-0.07446717522208188
SOL_S15_60_150,logistic_poly2,up_imb5_change_500ms as_uncertainty,-0.07117908580921066
SOL_S15_60_150,logistic_poly2,up_imb5_change_500ms as_skew,0.0019276784433674625
SOL_S15_60_150,logistic_poly2,up_quote_intensity_5s ribbon_alignment_pct,0.008169930442398566
SOL_S15_60_150,logistic_poly2,up_quote_intensity_5s ribbon_compression_bps,-0.04563285856131371
SOL_S15_60_150,logistic_poly2,up_quote_intensity_5s adx_14,-0.037146588850789156
SOL_S15_60_150,logistic_poly2,up_quote_intensity_5s plus_di_14,-0.010305967043892701
SOL_S15_60_150,logistic_poly2,up_quote_intensity_5s minus_di_14,0.0712598923991823
SOL_S15_60_150,logistic_poly2,up_quote_intensity_5s vwap_since_open_bps,-0.021308643081774426
SOL_S15_60_150,logistic_poly2,up_quote_intensity_5s mfi_60s,0.23071568552574043
SOL_S15_60_150,logistic_poly2,up_quote_intensity_5s stoch_k_60s,0.127016234741405
SOL_S15_60_150,logistic_poly2,up_quote_intensity_5s stoch_d_60s,0.021214163149532873
SOL_S15_60_150,logistic_poly2,up_quote_intensity_5s cci_60s,0.06499055576371184
SOL_S15_60_150,logistic_poly2,up_quote_intensity_5s bb_pos_60s,-0.004644761855179291
SOL_S15_60_150,logistic_poly2,up_quote_intensity_5s bb_width_60s,-0.1316233021293547
SOL_S15_60_150,logistic_poly2,up_quote_intensity_5s ofi_skew_l1_30s,0.020640282014446013
SOL_S15_60_150,logistic_poly2,up_quote_intensity_5s mlofi_skew_l5_30s,0.0032080069603122757
SOL_S15_60_150,logistic_poly2,up_quote_intensity_5s mlofi_skew_l5_60s,0.10078998616627305
SOL_S15_60_150,logistic_poly2,up_quote_intensity_5s mlofi_skew_l25_30s,-0.11801804430048647
SOL_S15_60_150,logistic_poly2,up_quote_intensity_5s rsi_14,0.16682151729544958
SOL_S15_60_150,logistic_poly2,up_quote_intensity_5s cvd,0.09602643365535313
SOL_S15_60_150,logistic_poly2,up_quote_intensity_5s vpin_value,0.0781620559665068
SOL_S15_60_150,logistic_poly2,up_quote_intensity_5s vpin_zscore,-0.021368595893068762
SOL_S15_60_150,logistic_poly2,up_quote_intensity_5s as_uncertainty,-0.008937863449484459
SOL_S15_60_150,logistic_poly2,up_quote_intensity_5s as_skew,0.03447223295849597
SOL_S15_60_150,logistic_poly2,ribbon_alignment_pct ribbon_compression_bps,-0.15379466699071379
SOL_S15_60_150,logistic_poly2,ribbon_alignment_pct adx_14,-0.21396056269508035
SOL_S15_60_150,logistic_poly2,ribbon_alignment_pct plus_di_14,-0.3615172479641215
SOL_S15_60_150,logistic_poly2,ribbon_alignment_pct minus_di_14,0.5163982554213218
SOL_S15_60_150,logistic_poly2,ribbon_alignment_pct vwap_since_open_bps,-0.1492618199356894
SOL_S15_60_150,logistic_poly2,ribbon_alignment_pct mfi_60s,-0.16277499761686812
SOL_S15_60_150,logistic_poly2,ribbon_alignment_pct stoch_k_60s,0.14596104197723203
SOL_S15_60_150,logistic_poly2,ribbon_alignment_pct stoch_d_60s,-0.06402815807964787
SOL_S15_60_150,logistic_poly2,ribbon_alignment_pct cci_60s,-0.044667116371617493
SOL_S15_60_150,logistic_poly2,ribbon_alignment_pct bb_pos_60s,-0.02328929458994426
SOL_S15_60_150,logistic_poly2,ribbon_alignment_pct bb_width_60s,-0.02212839624065598
SOL_S15_60_150,logistic_poly2,ribbon_alignment_pct ofi_skew_l1_30s,-0.08406324045083773
SOL_S15_60_150,logistic_poly2,ribbon_alignment_pct mlofi_skew_l5_30s,0.014127880747703868
SOL_S15_60_150,logistic_poly2,ribbon_alignment_pct mlofi_skew_l5_60s,-0.05728164951817707
SOL_S15_60_150,logistic_poly2,ribbon_alignment_pct mlofi_skew_l25_30s,-0.08630032687010683
SOL_S15_60_150,logistic_poly2,ribbon_alignment_pct rsi_14,-0.09469837351801007
SOL_S15_60_150,logistic_poly2,ribbon_alignment_pct cvd,0.0931588858797145
SOL_S15_60_150,logistic_poly2,ribbon_alignment_pct vpin_value,-0.005768462261656784
SOL_S15_60_150,logistic_poly2,ribbon_alignment_pct vpin_zscore,0.02398285066067906
SOL_S15_60_150,logistic_poly2,ribbon_alignment_pct as_uncertainty,0.016640525013343097
SOL_S15_60_150,logistic_poly2,ribbon_alignment_pct as_skew,0.06593889321134437
SOL_S15_60_150,logistic_poly2,ribbon_compression_bps adx_14,0.015608901288168657
SOL_S15_60_150,logistic_poly2,ribbon_compression_bps plus_di_14,-0.040856133234022964
SOL_S15_60_150,logistic_poly2,ribbon_compression_bps minus_di_14,0.052228910468338066
SOL_S15_60_150,logistic_poly2,ribbon_compression_bps vwap_since_open_bps,0.01607031997424465
SOL_S15_60_150,logistic_poly2,ribbon_compression_bps mfi_60s,-0.07139758409359599
SOL_S15_60_150,logistic_poly2,ribbon_compression_bps stoch_k_60s,0.04094045697698916
SOL_S15_60_150,logistic_poly2,ribbon_compression_bps stoch_d_60s,0.049279873128664664
SOL_S15_60_150,logistic_poly2,ribbon_compression_bps cci_60s,-0.19416931991037745
SOL_S15_60_150,logistic_poly2,ribbon_compression_bps bb_pos_60s,-0.18248090838991948
SOL_S15_60_150,logistic_poly2,ribbon_compression_bps bb_width_60s,0.08621813920204631
SOL_S15_60_150,logistic_poly2,ribbon_compression_bps ofi_skew_l1_30s,0.017758939793294456
SOL_S15_60_150,logistic_poly2,ribbon_compression_bps mlofi_skew_l5_30s,-0.0406393991132915
SOL_S15_60_150,logistic_poly2,ribbon_compression_bps mlofi_skew_l5_60s,0.008419626389718781
SOL_S15_60_150,logistic_poly2,ribbon_compression_bps mlofi_skew_l25_30s,0.11578579809737977
SOL_S15_60_150,logistic_poly2,ribbon_compression_bps rsi_14,-0.2121488487543116
SOL_S15_60_150,logistic_poly2,ribbon_compression_bps cvd,-0.09206142085826523
SOL_S15_60_150,logistic_poly2,ribbon_compression_bps vpin_value,-0.050509195290386756
SOL_S15_60_150,logistic_poly2,ribbon_compression_bps vpin_zscore,-0.1480093031643478
SOL_S15_60_150,logistic_poly2,ribbon_compression_bps as_uncertainty,-0.043376065070593696
SOL_S15_60_150,logistic_poly2,ribbon_compression_bps as_skew,-0.005522998473757044
SOL_S15_60_150,logistic_poly2,adx_14 plus_di_14,0.30691067807266015
SOL_S15_60_150,logistic_poly2,adx_14 minus_di_14,-0.08468940190969725
SOL_S15_60_150,logistic_poly2,adx_14 vwap_since_open_bps,-0.09449785846013532
SOL_S15_60_150,logistic_poly2,adx_14 mfi_60s,-0.0017709178780205366
SOL_S15_60_150,logistic_poly2,adx_14 stoch_k_60s,-0.13390209137735834
SOL_S15_60_150,logistic_poly2,adx_14 stoch_d_60s,0.2366856766488596
SOL_S15_60_150,logistic_poly2,adx_14 cci_60s,-0.1483441610418517
SOL_S15_60_150,logistic_poly2,adx_14 bb_pos_60s,0.08678762697049762
SOL_S15_60_150,logistic_poly2,adx_14 bb_width_60s,0.09415677325633125
SOL_S15_60_150,logistic_poly2,adx_14 ofi_skew_l1_30s,-0.03676246658891718
SOL_S15_60_150,logistic_poly2,adx_14 mlofi_skew_l5_30s,-0.08149077760126365
SOL_S15_60_150,logistic_poly2,adx_14 mlofi_skew_l5_60s,-0.06034988980715485
SOL_S15_60_150,logistic_poly2,adx_14 mlofi_skew_l25_30s,-0.006911885899211902
SOL_S15_60_150,logistic_poly2,adx_14 rsi_14,0.0614285140120274
SOL_S15_60_150,logistic_poly2,adx_14 cvd,0.17867205950855408
SOL_S15_60_150,logistic_poly2,adx_14 vpin_value,-0.0629428439637384
SOL_S15_60_150,logistic_poly2,adx_14 vpin_zscore,0.030357072542311455
SOL_S15_60_150,logistic_poly2,adx_14 as_uncertainty,-0.10061530435233747
SOL_S15_60_150,logistic_poly2,adx_14 as_skew,-0.07408051337848565
SOL_S15_60_150,logistic_poly2,plus_di_14 minus_di_14,-0.10177242059901148
SOL_S15_60_150,logistic_poly2,plus_di_14 vwap_since_open_bps,0.05560083672008731
SOL_S15_60_150,logistic_poly2,plus_di_14 mfi_60s,0.02072339109968933
SOL_S15_60_150,logistic_poly2,plus_di_14 stoch_k_60s,-0.030874492306558154
SOL_S15_60_150,logistic_poly2,plus_di_14 stoch_d_60s,0.015615593672833415
SOL_S15_60_150,logistic_poly2,plus_di_14 cci_60s,0.16382289782231907
SOL_S15_60_150,logistic_poly2,plus_di_14 bb_pos_60s,0.08197000149069225
SOL_S15_60_150,logistic_poly2,plus_di_14 bb_width_60s,-0.25831198522125975
SOL_S15_60_150,logistic_poly2,plus_di_14 ofi_skew_l1_30s,-2.7853650646758374e-05
SOL_S15_60_150,logistic_poly2,plus_di_14 mlofi_skew_l5_30s,-0.04955819628247638
SOL_S15_60_150,logistic_poly2,plus_di_14 mlofi_skew_l5_60s,-0.04204576854623771
SOL_S15_60_150,logistic_poly2,plus_di_14 mlofi_skew_l25_30s,-0.040663488246848734
SOL_S15_60_150,logistic_poly2,plus_di_14 rsi_14,-0.055193936971040754
SOL_S15_60_150,logistic_poly2,plus_di_14 cvd,-0.0028347714566067323
SOL_S15_60_150,logistic_poly2,plus_di_14 vpin_value,-0.06227756826046809
SOL_S15_60_150,logistic_poly2,plus_di_14 vpin_zscore,0.002767770283032776
SOL_S15_60_150,logistic_poly2,plus_di_14 as_uncertainty,0.1412811861499037
SOL_S15_60_150,logistic_poly2,plus_di_14 as_skew,0.03769546705887629
SOL_S15_60_150,logistic_poly2,minus_di_14 vwap_since_open_bps,-0.09586419017741625
SOL_S15_60_150,logistic_poly2,minus_di_14 mfi_60s,-0.2397213934200578
SOL_S15_60_150,logistic_poly2,minus_di_14 stoch_k_60s,0.0032888799476212018
SOL_S15_60_150,logistic_poly2,minus_di_14 stoch_d_60s,0.08276789281031881
SOL_S15_60_150,logistic_poly2,minus_di_14 cci_60s,-0.03605172402177
SOL_S15_60_150,logistic_poly2,minus_di_14 bb_pos_60s,0.10516562144299196
SOL_S15_60_150,logistic_poly2,minus_di_14 bb_width_60s,0.1917038879622458
SOL_S15_60_150,logistic_poly2,minus_di_14 ofi_skew_l1_30s,-0.03068669117552804
SOL_S15_60_150,logistic_poly2,minus_di_14 mlofi_skew_l5_30s,-0.03610600938435826
SOL_S15_60_150,logistic_poly2,minus_di_14 mlofi_skew_l5_60s,-0.051313768381754
SOL_S15_60_150,logistic_poly2,minus_di_14 mlofi_skew_l25_30s,0.04788196543221815
SOL_S15_60_150,logistic_poly2,minus_di_14 rsi_14,0.0353568319983631
SOL_S15_60_150,logistic_poly2,minus_di_14 cvd,0.28344139968405113
SOL_S15_60_150,logistic_poly2,minus_di_14 vpin_value,-0.06072800520662617
SOL_S15_60_150,logistic_poly2,minus_di_14 vpin_zscore,-0.14108831896395968
SOL_S15_60_150,logistic_poly2,minus_di_14 as_uncertainty,-0.03740913257644414
SOL_S15_60_150,logistic_poly2,minus_di_14 as_skew,-0.07556225422071663
SOL_S15_60_150,logistic_poly2,vwap_since_open_bps mfi_60s,-0.09593551640533263
SOL_S15_60_150,logistic_poly2,vwap_since_open_bps stoch_k_60s,-0.215168239051908
SOL_S15_60_150,logistic_poly2,vwap_since_open_bps stoch_d_60s,-0.1562451774819851
SOL_S15_60_150,logistic_poly2,vwap_since_open_bps cci_60s,0.0181103626489231
SOL_S15_60_150,logistic_poly2,vwap_since_open_bps bb_pos_60s,-0.016645117670911504
SOL_S15_60_150,logistic_poly2,vwap_since_open_bps bb_width_60s,0.08040170094018147
SOL_S15_60_150,logistic_poly2,vwap_since_open_bps ofi_skew_l1_30s,-0.003582512970628849
SOL_S15_60_150,logistic_poly2,vwap_since_open_bps mlofi_skew_l5_30s,-0.05199520488526027
SOL_S15_60_150,logistic_poly2,vwap_since_open_bps mlofi_skew_l5_60s,0.004528050920667786
SOL_S15_60_150,logistic_poly2,vwap_since_open_bps mlofi_skew_l25_30s,0.029817318615778875
SOL_S15_60_150,logistic_poly2,vwap_since_open_bps rsi_14,0.01046691806954973
SOL_S15_60_150,logistic_poly2,vwap_since_open_bps cvd,-0.1343082973013324
SOL_S15_60_150,logistic_poly2,vwap_since_open_bps vpin_value,-0.0920982410793036
SOL_S15_60_150,logistic_poly2,vwap_since_open_bps vpin_zscore,0.044549902619294195
SOL_S15_60_150,logistic_poly2,vwap_since_open_bps as_uncertainty,-0.09535502015712709
SOL_S15_60_150,logistic_poly2,vwap_since_open_bps as_skew,-0.021358375521582956
SOL_S15_60_150,logistic_poly2,mfi_60s stoch_k_60s,-0.023333022665138373
SOL_S15_60_150,logistic_poly2,mfi_60s stoch_d_60s,-0.12199802707352216
SOL_S15_60_150,logistic_poly2,mfi_60s cci_60s,0.004132094907834188
SOL_S15_60_150,logistic_poly2,mfi_60s bb_pos_60s,-0.09624273163220298
SOL_S15_60_150,logistic_poly2,mfi_60s bb_width_60s,0.08510849260284153
SOL_S15_60_150,logistic_poly2,mfi_60s ofi_skew_l1_30s,-0.06917878134481001
SOL_S15_60_150,logistic_poly2,mfi_60s mlofi_skew_l5_30s,-0.08353168922199909
SOL_S15_60_150,logistic_poly2,mfi_60s mlofi_skew_l5_60s,-0.08214993783355205
SOL_S15_60_150,logistic_poly2,mfi_60s mlofi_skew_l25_30s,0.07291482426662693
SOL_S15_60_150,logistic_poly2,mfi_60s rsi_14,0.015046261421622282
SOL_S15_60_150,logistic_poly2,mfi_60s cvd,0.2802489140535637
SOL_S15_60_150,logistic_poly2,mfi_60s vpin_value,-0.16532573274596282
SOL_S15_60_150,logistic_poly2,mfi_60s vpin_zscore,0.10086702847887133
SOL_S15_60_150,logistic_poly2,mfi_60s as_uncertainty,-0.06542855419440186
SOL_S15_60_150,logistic_poly2,mfi_60s as_skew,-0.010328573564890762
SOL_S15_60_150,logistic_poly2,stoch_k_60s stoch_d_60s,0.16365486009585167
SOL_S15_60_150,logistic_poly2,stoch_k_60s cci_60s,0.09413106534168729
SOL_S15_60_150,logistic_poly2,stoch_k_60s bb_pos_60s,0.08423433274743301
SOL_S15_60_150,logistic_poly2,stoch_k_60s bb_width_60s,0.08112212096030515
SOL_S15_60_150,logistic_poly2,stoch_k_60s ofi_skew_l1_30s,-0.07184724407639806
SOL_S15_60_150,logistic_poly2,stoch_k_60s mlofi_skew_l5_30s,-0.04377733604241367
SOL_S15_60_150,logistic_poly2,stoch_k_60s mlofi_skew_l5_60s,-0.039511686194603234
SOL_S15_60_150,logistic_poly2,stoch_k_60s mlofi_skew_l25_30s,0.01714536606334182
SOL_S15_60_150,logistic_poly2,stoch_k_60s rsi_14,0.0317903591649444
SOL_S15_60_150,logistic_poly2,stoch_k_60s cvd,0.2882519621742708
SOL_S15_60_150,logistic_poly2,stoch_k_60s vpin_value,-0.12035689358714567
SOL_S15_60_150,logistic_poly2,stoch_k_60s vpin_zscore,0.18847292192379028
SOL_S15_60_150,logistic_poly2,stoch_k_60s as_uncertainty,-0.011229449912514396
SOL_S15_60_150,logistic_poly2,stoch_k_60s as_skew,-0.052215684205223156
SOL_S15_60_150,logistic_poly2,stoch_d_60s cci_60s,-0.07082174971541859
SOL_S15_60_150,logistic_poly2,stoch_d_60s bb_pos_60s,-0.054503226525697064
SOL_S15_60_150,logistic_poly2,stoch_d_60s bb_width_60s,0.05205696710397906
SOL_S15_60_150,logistic_poly2,stoch_d_60s ofi_skew_l1_30s,-0.09216051818182815
SOL_S15_60_150,logistic_poly2,stoch_d_60s mlofi_skew_l5_30s,-0.07849084855488617
SOL_S15_60_150,logistic_poly2,stoch_d_60s mlofi_skew_l5_60s,-0.07563651430167785
SOL_S15_60_150,logistic_poly2,stoch_d_60s mlofi_skew_l25_30s,-0.06752287288133031
SOL_S15_60_150,logistic_poly2,stoch_d_60s rsi_14,0.18878118229535182
SOL_S15_60_150,logistic_poly2,stoch_d_60s cvd,-0.057719358552430704
SOL_S15_60_150,logistic_poly2,stoch_d_60s vpin_value,-0.26658659701100423
SOL_S15_60_150,logistic_poly2,stoch_d_60s vpin_zscore,0.057316974261841964
SOL_S15_60_150,logistic_poly2,stoch_d_60s as_uncertainty,-0.010850335947872911
SOL_S15_60_150,logistic_poly2,stoch_d_60s as_skew,-0.05741201398963662
SOL_S15_60_150,logistic_poly2,cci_60s bb_pos_60s,-0.006194395652478791
SOL_S15_60_150,logistic_poly2,cci_60s bb_width_60s,0.0010092428804974155
SOL_S15_60_150,logistic_poly2,cci_60s ofi_skew_l1_30s,0.0011617692938191407
SOL_S15_60_150,logistic_poly2,cci_60s mlofi_skew_l5_30s,0.048242551375575995
SOL_S15_60_150,logistic_poly2,cci_60s mlofi_skew_l5_60s,0.08699543581640738
SOL_S15_60_150,logistic_poly2,cci_60s mlofi_skew_l25_30s,-0.07536625984497348
SOL_S15_60_150,logistic_poly2,cci_60s rsi_14,0.010432687481239164
SOL_S15_60_150,logistic_poly2,cci_60s cvd,-0.22861027007487136
SOL_S15_60_150,logistic_poly2,cci_60s vpin_value,0.019009426566074218
SOL_S15_60_150,logistic_poly2,cci_60s vpin_zscore,0.0804075156791605
SOL_S15_60_150,logistic_poly2,cci_60s as_uncertainty,0.050616137669649806
SOL_S15_60_150,logistic_poly2,cci_60s as_skew,-0.02464898753190818
SOL_S15_60_150,logistic_poly2,bb_pos_60s bb_width_60s,-0.10561857608201082
SOL_S15_60_150,logistic_poly2,bb_pos_60s ofi_skew_l1_30s,-0.02276711967883407
SOL_S15_60_150,logistic_poly2,bb_pos_60s mlofi_skew_l5_30s,0.013191181200716082
SOL_S15_60_150,logistic_poly2,bb_pos_60s mlofi_skew_l5_60s,0.08249288927747342
SOL_S15_60_150,logistic_poly2,bb_pos_60s mlofi_skew_l25_30s,0.02141842191938345
SOL_S15_60_150,logistic_poly2,bb_pos_60s rsi_14,-0.13652701173209353
SOL_S15_60_150,logistic_poly2,bb_pos_60s cvd,-0.09478903624548966
SOL_S15_60_150,logistic_poly2,bb_pos_60s vpin_value,0.01618000887829578
SOL_S15_60_150,logistic_poly2,bb_pos_60s vpin_zscore,0.08146121237800147
SOL_S15_60_150,logistic_poly2,bb_pos_60s as_uncertainty,-0.08624210033699109
SOL_S15_60_150,logistic_poly2,bb_pos_60s as_skew,-0.053319334097923964
SOL_S15_60_150,logistic_poly2,bb_width_60s ofi_skew_l1_30s,0.020177618759105155
SOL_S15_60_150,logistic_poly2,bb_width_60s mlofi_skew_l5_30s,-0.044068860977709325
SOL_S15_60_150,logistic_poly2,bb_width_60s mlofi_skew_l5_60s,0.015871022668374382
SOL_S15_60_150,logistic_poly2,bb_width_60s mlofi_skew_l25_30s,0.12279019794638243
SOL_S15_60_150,logistic_poly2,bb_width_60s rsi_14,-0.0313466408482087
SOL_S15_60_150,logistic_poly2,bb_width_60s cvd,0.13417568303225766
SOL_S15_60_150,logistic_poly2,bb_width_60s vpin_value,-0.02005720213701414
SOL_S15_60_150,logistic_poly2,bb_width_60s vpin_zscore,0.026853175608614877
SOL_S15_60_150,logistic_poly2,bb_width_60s as_uncertainty,-0.09857131255966908
SOL_S15_60_150,logistic_poly2,bb_width_60s as_skew,-0.007765531141731589
SOL_S15_60_150,logistic_poly2,ofi_skew_l1_30s mlofi_skew_l5_30s,0.013409527623983536
SOL_S15_60_150,logistic_poly2,ofi_skew_l1_30s mlofi_skew_l5_60s,0.010269953965616165
SOL_S15_60_150,logistic_poly2,ofi_skew_l1_30s mlofi_skew_l25_30s,0.10675269332961106
SOL_S15_60_150,logistic_poly2,ofi_skew_l1_30s rsi_14,-0.07474994872595407
SOL_S15_60_150,logistic_poly2,ofi_skew_l1_30s cvd,-0.06079845829962832
SOL_S15_60_150,logistic_poly2,ofi_skew_l1_30s vpin_value,-0.015017626463130459
SOL_S15_60_150,logistic_poly2,ofi_skew_l1_30s vpin_zscore,-0.035615437824157256
SOL_S15_60_150,logistic_poly2,ofi_skew_l1_30s as_uncertainty,0.019535823806435967
SOL_S15_60_150,logistic_poly2,ofi_skew_l1_30s as_skew,-0.009723944209234591
SOL_S15_60_150,logistic_poly2,mlofi_skew_l5_30s mlofi_skew_l5_60s,0.023497670138957167
SOL_S15_60_150,logistic_poly2,mlofi_skew_l5_30s mlofi_skew_l25_30s,0.16682545884455038
SOL_S15_60_150,logistic_poly2,mlofi_skew_l5_30s rsi_14,-0.15672081733913024
SOL_S15_60_150,logistic_poly2,mlofi_skew_l5_30s cvd,-0.05168713501373116
SOL_S15_60_150,logistic_poly2,mlofi_skew_l5_30s vpin_value,-0.04911268528138811
SOL_S15_60_150,logistic_poly2,mlofi_skew_l5_30s vpin_zscore,-0.03594992459429817
SOL_S15_60_150,logistic_poly2,mlofi_skew_l5_30s as_uncertainty,0.009328080384001548
SOL_S15_60_150,logistic_poly2,mlofi_skew_l5_30s as_skew,-0.016473123296767537
SOL_S15_60_150,logistic_poly2,mlofi_skew_l5_60s mlofi_skew_l25_30s,0.03894664942959624
SOL_S15_60_150,logistic_poly2,mlofi_skew_l5_60s rsi_14,-0.1940268929353878
SOL_S15_60_150,logistic_poly2,mlofi_skew_l5_60s cvd,-0.06335054716292148
SOL_S15_60_150,logistic_poly2,mlofi_skew_l5_60s vpin_value,-0.00033069650163191386
SOL_S15_60_150,logistic_poly2,mlofi_skew_l5_60s vpin_zscore,0.018362136391617784
SOL_S15_60_150,logistic_poly2,mlofi_skew_l5_60s as_uncertainty,0.045913179394144785
SOL_S15_60_150,logistic_poly2,mlofi_skew_l5_60s as_skew,0.017095085768056368
SOL_S15_60_150,logistic_poly2,mlofi_skew_l25_30s rsi_14,-0.2077041035465856
SOL_S15_60_150,logistic_poly2,mlofi_skew_l25_30s cvd,0.16053375407885556
SOL_S15_60_150,logistic_poly2,mlofi_skew_l25_30s vpin_value,-0.01704437560104549
SOL_S15_60_150,logistic_poly2,mlofi_skew_l25_30s vpin_zscore,-0.08588942986008725
SOL_S15_60_150,logistic_poly2,mlofi_skew_l25_30s as_uncertainty,0.024513939108690604
SOL_S15_60_150,logistic_poly2,mlofi_skew_l25_30s as_skew,0.02844437795471866
SOL_S15_60_150,logistic_poly2,rsi_14 cvd,-0.06458008353450563
SOL_S15_60_150,logistic_poly2,rsi_14 vpin_value,-0.03627641032636481
SOL_S15_60_150,logistic_poly2,rsi_14 vpin_zscore,-0.15337566873777697
SOL_S15_60_150,logistic_poly2,rsi_14 as_uncertainty,-0.02859326748082675
SOL_S15_60_150,logistic_poly2,rsi_14 as_skew,-0.026606222847470634
SOL_S15_60_150,logistic_poly2,cvd vpin_value,0.035362323173240715
SOL_S15_60_150,logistic_poly2,cvd vpin_zscore,0.07327731995554349
SOL_S15_60_150,logistic_poly2,cvd as_uncertainty,0.11469298372850419
SOL_S15_60_150,logistic_poly2,cvd as_skew,0.03316926895794185
SOL_S15_60_150,logistic_poly2,vpin_value vpin_zscore,-0.08298156376281292
SOL_S15_60_150,logistic_poly2,vpin_value as_uncertainty,-0.0712031142701215
SOL_S15_60_150,logistic_poly2,vpin_value as_skew,-0.05208251929355447
SOL_S15_60_150,logistic_poly2,vpin_zscore as_uncertainty,-0.011492550050478037
SOL_S15_60_150,logistic_poly2,vpin_zscore as_skew,-0.029391540900099985
SOL_S15_60_150,logistic_poly2,as_uncertainty as_skew,-0.08120650456779331
