fid,slug,outcome,ts,price,size
0,btc-updown-5m-1783977900,Down,1783977953,0.85,35.11
1,btc-updown-5m-1783977600,Up,1783977829,0.94,45.0
2,btc-updown-5m-1783977600,Down,1783977784,0.07,40.0
3,btc-updown-5m-1783977600,Down,1783977784,0.07,50.0
4,btc-updown-5m-1783977600,Up,1783977779,0.93,50.0
5,btc-updown-5m-1783977600,Up,1783977619,0.72,50.0
6,btc-updown-5m-1783977300,Up,1783977578,0.5,50.0
7,btc-updown-5m-1783977300,Up,1783977577,0.49,47.9
8,btc-updown-5m-1783977300,Down,1783977464,0.68,16.82
9,btc-updown-5m-1783977000,Down,1783977251,0.95,50.0
10,btc-updown-5m-1783977000,Down,1783977137,0.85,50.0
11,btc-updown-5m-1783976700,Down,1783976966,0.97,50.0
12,btc-updown-5m-1783976700,Down,1783976921,0.54,50.0
13,btc-updown-5m-1783976700,Down,1783976921,0.54,50.0
14,btc-updown-5m-1783976700,Up,1783976839,0.48,50.0
15,btc-updown-5m-1783976700,Up,1783976837,0.47,20.0
16,btc-updown-5m-1783976700,Down,1783976753,0.6,50.0
17,btc-updown-5m-1783976400,Down,1783976630,0.89,50.0
18,btc-updown-5m-1783976400,Down,1783976626,0.87,1.98
19,btc-updown-5m-1783976400,Up,1783976620,0.05,50.0
20,btc-updown-5m-1783976400,Down,1783976594,0.9,50.0
21,btc-updown-5m-1783976400,Down,1783976548,0.48,45.03
22,btc-updown-5m-1783976100,Down,1783976353,0.01,100.0
23,btc-updown-5m-1783975800,Up,1783976059,0.98,50.0
24,btc-updown-5m-1783975800,Up,1783976059,0.98,50.0
25,btc-updown-5m-1783975800,Up,1783976002,0.91,50.0
26,btc-updown-5m-1783975800,Up,1783975988,0.77,25.0
27,btc-updown-5m-1783975800,Up,1783975988,0.77,50.0
28,btc-updown-5m-1783975800,Down,1783975987,0.24,50.0
29,btc-updown-5m-1783975800,Up,1783975871,0.149999985,53.333332
30,btc-updown-5m-1783975800,Up,1783975871,0.149999985,53.333332
31,btc-updown-5m-1783975500,Down,1783975639,0.86,50.0
32,btc-updown-5m-1783975500,Up,1783975636,0.14,15.0
33,btc-updown-5m-1783975500,Up,1783975627,0.13,50.0
34,btc-updown-5m-1783975500,Down,1783975555,0.77,48.49
35,btc-updown-5m-1783975200,Down,1783975447,0.89,40.0
36,btc-updown-5m-1783975200,Down,1783975447,0.89,20.0
37,btc-updown-5m-1783975200,Down,1783975445,0.89,40.0
38,btc-updown-5m-1783975200,Up,1783975424,0.51,4.03
39,btc-updown-5m-1783975200,Up,1783975387,0.68,50.0
40,btc-updown-5m-1783975200,Down,1783975379,0.35,50.0
41,btc-updown-5m-1783975200,Up,1783975295,0.53,40.01
42,btc-updown-5m-1783974900,Up,1783975096,0.66,25.7
43,btc-updown-5m-1783974900,Up,1783975009,0.57,15.0
44,btc-updown-5m-1783974900,Down,1783975009,0.42,50.0
45,btc-updown-5m-1783974900,Down,1783975009,0.42,50.0
46,btc-updown-5m-1783974600,Up,1783974829,0.74,50.0
47,btc-updown-5m-1783974600,Down,1783974817,0.41,42.34
48,btc-updown-5m-1783974600,Up,1783974769,0.51,50.0
49,btc-updown-5m-1783974600,Down,1783974742,0.49,25.0
50,btc-updown-5m-1783974600,Down,1783974740,0.48,50.0
51,btc-updown-5m-1783974600,Down,1783974665,0.51,50.0
52,btc-updown-5m-1783974600,Down,1783974662,0.51,50.0
53,btc-updown-5m-1783974300,Up,1783974421,0.6,37.5
54,btc-updown-5m-1783974000,Down,1783974037,0.49,50.0
55,btc-updown-5m-1783974000,Down,1783974035,0.49,50.0
56,btc-updown-5m-1783973700,Up,1783973885,0.02,50.0
57,btc-updown-5m-1783973700,Down,1783973813,0.78,50.0
58,btc-updown-5m-1783973400,Down,1783973666,0.76,25.3
59,btc-updown-5m-1783973400,Up,1783973656,0.3,50.0
60,btc-updown-5m-1783973400,Up,1783973617,0.51,26.0
61,btc-updown-5m-1783973400,Up,1783973536,0.36,50.0
62,btc-updown-5m-1783973100,Down,1783973212,0.78,50.0
63,btc-updown-5m-1783973100,Down,1783973144,0.6,25.0
64,btc-updown-5m-1783972800,Down,1783973060,0.72,42.68
65,btc-updown-5m-1783972800,Up,1783973047,0.22,50.0
66,btc-updown-5m-1783972800,Down,1783972807,0.69,27.25
67,btc-updown-5m-1783972800,Down,1783972807,0.69,50.0
68,btc-updown-5m-1783972500,Up,1783972745,0.95,50.0
69,btc-updown-5m-1783972500,Up,1783972745,0.95,50.0
70,btc-updown-5m-1783972200,Up,1783972433,0.94,50.5851
71,btc-updown-5m-1783972200,Down,1783972403,0.012,50.0
72,btc-updown-5m-1783972200,Up,1783972289,0.84,50.0
73,btc-updown-5m-1783971900,Down,1783972082,0.91,50.0
74,btc-updown-5m-1783971900,Down,1783972013,0.74,50.0
75,btc-updown-5m-1783971600,Up,1783971814,0.85,50.0
76,btc-updown-5m-1783971600,Up,1783971809,0.88,16.59
77,btc-updown-5m-1783971600,Up,1783971809,0.88,50.0
78,btc-updown-5m-1783971600,Down,1783971784,0.05,50.0
79,btc-updown-5m-1783971300,Down,1783971476,0.49,50.0
80,btc-updown-5m-1783971300,Down,1783971379,0.7,16.71
81,btc-updown-5m-1783965300,Down,1783965515,0.86,50.0
82,btc-updown-5m-1783965300,Down,1783965460,0.5,39.31
83,btc-updown-5m-1783965300,Down,1783965460,0.5,50.0
84,btc-updown-5m-1783965000,Down,1783965287,0.74,51.35135
85,btc-updown-5m-1783965000,Down,1783965286,0.7546737683,30.04
86,btc-updown-5m-1783965000,Up,1783965277,0.05,50.0
87,btc-updown-5m-1783965000,Up,1783965269,0.04,50.0
88,btc-updown-5m-1783965000,Down,1783965262,0.86,15.0
89,btc-updown-5m-1783965000,Down,1783965262,0.86,50.0
90,btc-updown-5m-1783965000,Down,1783965259,0.83,9.78
91,btc-updown-5m-1783965000,Down,1783965259,0.819999998,50.609755
92,btc-updown-5m-1783965000,Down,1783965254,0.89,50.0
93,btc-updown-5m-1783964400,Down,1783964686,0.09,20.54
94,btc-updown-5m-1783964400,Up,1783964678,0.7599999968,50.657891
95,btc-updown-15m-1783963800,Down,1783964629,0.9809999995,25.025473
96,btc-updown-15m-1783963800,Down,1783964518,0.95,10.0
97,btc-updown-15m-1783963800,Down,1783964479,0.95,30.0
98,btc-updown-15m-1783963800,Down,1783964467,0.96,30.0
99,btc-updown-5m-1783964400,Down,1783964405,0.47,10.0
100,btc-updown-5m-1783964400,Down,1783964405,0.47,50.0
101,btc-updown-5m-1783964400,Down,1783964405,0.47,50.0
102,btc-updown-15m-1783963800,Down,1783964390,0.85,20.0
103,btc-updown-15m-1783963800,Up,1783964365,0.1,30.0
104,btc-updown-15m-1783963800,Down,1783964356,0.85,5.0
105,btc-updown-5m-1783964100,Up,1783964299,0.02,50.0
106,btc-updown-5m-1783964100,Up,1783964255,0.03,50.0
107,btc-updown-15m-1783963800,Up,1783964218,0.04,30.0
108,btc-updown-15m-1783963800,Up,1783964218,0.04,30.0
109,btc-updown-15m-1783963800,Up,1783964144,0.36,30.0
110,btc-updown-15m-1783963800,Down,1783964107,0.64,28.43
111,btc-updown-5m-1783963800,Down,1783964075,0.71,45.0
112,btc-updown-5m-1783963800,Up,1783964074,0.34,50.0
113,btc-updown-5m-1783963800,Up,1783964074,0.34,45.0
114,btc-updown-5m-1783963800,Down,1783964068,0.43,20.96
115,btc-updown-5m-1783963800,Up,1783963865,0.81,50.0
116,btc-updown-5m-1783963800,Up,1783963858,0.77,50.0
117,btc-updown-5m-1783963800,Up,1783963856,0.76,50.0
118,btc-updown-15m-1783963800,Up,1783963835,0.53,10.0
119,btc-updown-5m-1783963500,Up,1783963787,0.0599999842,58.333332
120,btc-updown-5m-1783963500,Up,1783963784,0.05,50.0
121,btc-updown-5m-1783963500,Down,1783963783,0.86,46.97
122,btc-updown-5m-1783963500,Up,1783963777,0.06,50.0
123,btc-updown-5m-1783963500,Up,1783963775,0.06,20.0
124,btc-updown-5m-1783963500,Up,1783963774,0.13,50.0
125,btc-updown-5m-1783963500,Up,1783963760,0.2099999864,52.380951
126,btc-updown-5m-1783963500,Up,1783963760,0.21,50.0
127,btc-updown-5m-1783963500,Up,1783963711,0.5,50.0
128,btc-updown-5m-1783963500,Down,1783963685,0.34,50.0
129,btc-updown-5m-1783963500,Down,1783963685,0.3399999887,51.470587
130,btc-updown-15m-1783962900,Up,1783963531,0.01,100.0
131,btc-updown-5m-1783963200,Up,1783963402,0.18,50.0
132,btc-updown-5m-1783963200,Up,1783963402,0.18,50.0
133,btc-updown-15m-1783962900,Up,1783963325,0.17,21.27
134,btc-updown-15m-1783962900,Down,1783963313,0.81,30.0
135,btc-updown-15m-1783962900,Up,1783963211,0.15,32.0
136,btc-updown-15m-1783962900,Up,1783963207,0.23,30.0
137,btc-updown-5m-1783962900,Down,1783963078,0.85,50.0
138,btc-updown-5m-1783962900,Down,1783963073,0.89,50.0
139,btc-updown-5m-1783962900,Down,1783963072,0.9,50.0
140,btc-updown-5m-1783962900,Up,1783963054,0.04,50.0
141,btc-updown-5m-1783962900,Up,1783963054,0.04,45.0
142,btc-updown-5m-1783962900,Down,1783963040,0.79,23.96
143,btc-updown-5m-1783962600,Up,1783962886,0.04,50.0
144,btc-updown-15m-1783962000,Down,1783962884,0.02,37.5
145,btc-updown-5m-1783962600,Up,1783962883,0.04,50.0
146,btc-updown-5m-1783962600,Up,1783962883,0.04,50.0
147,btc-updown-15m-1783962000,Down,1783962877,0.02,50.0
148,btc-updown-15m-1783962000,Up,1783962866,0.96,15.98
149,btc-updown-15m-1783962000,Up,1783962854,0.91,19.64
150,btc-updown-15m-1783962000,Up,1783962854,0.91,30.0
151,btc-updown-15m-1783962000,Down,1783962851,0.1,20.0
152,btc-updown-15m-1783962000,Down,1783962851,0.1,30.0
153,btc-updown-15m-1783962000,Down,1783962851,0.1,30.0
154,btc-updown-15m-1783962000,Up,1783962847,0.91,30.0
155,btc-updown-15m-1783962000,Up,1783962847,0.91,30.0
156,btc-updown-5m-1783962600,Down,1783962845,0.76,50.0
157,btc-updown-5m-1783962600,Down,1783962845,0.76,50.0
158,btc-updown-15m-1783962000,Up,1783962832,0.94,25.0
159,btc-updown-15m-1783962000,Up,1783962824,0.92,30.0
160,btc-updown-15m-1783962000,Down,1783962821,0.06,30.0
161,btc-updown-15m-1783962000,Up,1783962815,0.94,30.0
162,btc-updown-15m-1783962000,Down,1783962803,0.08,30.0
163,btc-updown-15m-1783962000,Up,1783962793,0.91,30.0
164,btc-updown-15m-1783962000,Up,1783962784,0.9,30.0
165,btc-updown-15m-1783962000,Up,1783962718,0.81,5.0
166,btc-updown-15m-1783962000,Up,1783962718,0.8,2.0
167,btc-updown-15m-1783962000,Up,1783962718,0.8,10.0
168,btc-updown-5m-1783962600,Down,1783962712,0.64,50.0
169,btc-updown-15m-1783962000,Up,1783962653,0.86,5.0
170,btc-updown-15m-1783962000,Up,1783962653,0.86,5.0
171,btc-updown-15m-1783962000,Up,1783962653,0.86,5.0
172,btc-updown-15m-1783962000,Up,1783962647,0.89,30.0
173,btc-updown-15m-1783962000,Up,1783962647,0.89,30.0
174,btc-updown-15m-1783962000,Down,1783962631,0.07,30.0
175,btc-updown-15m-1783962000,Up,1783962620,0.85,30.0
176,btc-updown-5m-1783962300,Down,1783962566,0.06,50.0
177,btc-updown-5m-1783962300,Down,1783962566,0.06,50.0
178,btc-updown-15m-1783962000,Down,1783962527,0.23,0.48
179,btc-updown-15m-1783962000,Up,1783962502,0.75,30.0
180,btc-updown-5m-1783962300,Up,1783962493,0.82,50.0
181,btc-updown-15m-1783962000,Down,1783962476,0.15,30.0
182,btc-updown-15m-1783962000,Down,1783962472,0.14,25.0
183,btc-updown-5m-1783962300,Up,1783962443,0.78,45.0
184,btc-updown-5m-1783962300,Up,1783962442,0.78,50.0
185,btc-updown-5m-1783962300,Up,1783962427,0.72,50.0
186,btc-updown-5m-1783962300,Up,1783962394,0.58,50.0
187,btc-updown-15m-1783962000,Up,1783962392,0.58,30.0
188,btc-updown-15m-1783962000,Up,1783962322,0.48,4.68
189,btc-updown-15m-1783962000,Up,1783962320,0.47,0.83
190,btc-updown-5m-1783962000,Down,1783962256,0.11,50.0
191,btc-updown-5m-1783962000,Down,1783962256,0.11,50.0
192,btc-updown-5m-1783962000,Down,1783962250,0.05,30.0
193,btc-updown-5m-1783962000,Down,1783962250,0.05,50.0
194,btc-updown-5m-1783962000,Up,1783962247,0.91,50.0
195,btc-updown-5m-1783962000,Up,1783962178,0.71,50.0
196,btc-updown-5m-1783962000,Up,1783962176,0.71,50.0
197,btc-updown-15m-1783962000,Down,1783962166,0.3,30.0
198,btc-updown-15m-1783962000,Up,1783962134,0.72,30.0
199,btc-updown-5m-1783961700,Down,1783961986,0.7099999982,39.436617
200,btc-updown-5m-1783961700,Down,1783961984,0.87,50.0
201,btc-updown-5m-1783961700,Up,1783961978,0.16,35.0
202,btc-updown-5m-1783961700,Down,1783961977,0.8399999985,52.976187
203,btc-updown-5m-1783961700,Down,1783961977,0.829999997,53.614452
204,btc-updown-5m-1783961700,Up,1783961954,0.2,38.26
205,btc-updown-5m-1783961700,Up,1783961951,0.21,50.0
206,btc-updown-15m-1783961100,Down,1783961905,0.99,30.0
207,btc-updown-15m-1783961100,Down,1783961752,0.93,20.0
208,btc-updown-15m-1783961100,Down,1783961741,0.94,30.0
209,btc-updown-15m-1783961100,Down,1783961741,0.94,25.0
210,btc-updown-15m-1783961100,Down,1783961741,0.9383537643,30.372333
211,btc-updown-15m-1783961100,Down,1783961740,0.94,30.0
212,btc-updown-15m-1783961100,Down,1783961627,0.67,1.55
213,btc-updown-15m-1783961100,Down,1783961627,0.67,10.0
214,btc-updown-15m-1783961100,Down,1783961585,0.72,25.0
215,btc-updown-15m-1783961100,Down,1783961581,0.72,5.0
216,btc-updown-15m-1783961100,Up,1783961572,0.27,24.81
217,btc-updown-5m-1783961400,Up,1783961567,0.06,50.0
218,btc-updown-5m-1783961400,Down,1783961560,0.91,50.0
219,btc-updown-5m-1783961400,Down,1783961491,0.89,34.94
220,btc-updown-15m-1783961100,Down,1783961471,0.77,30.0
221,btc-updown-15m-1783961100,Down,1783961456,0.75,30.0
222,btc-updown-15m-1783961100,Down,1783961449,0.78,30.0
223,btc-updown-15m-1783961100,Down,1783961437,0.6,25.89
224,btc-updown-15m-1783961100,Up,1783961405,0.54,30.0
225,btc-updown-5m-1783961100,Up,1783961384,0.92,50.0
226,btc-updown-15m-1783961100,Up,1783961351,0.54,30.0
227,btc-updown-5m-1783961100,Down,1783961338,0.4,50.0
228,btc-updown-5m-1783961100,Down,1783961329,0.53,10.54
229,btc-updown-5m-1783961100,Down,1783961326,0.56,45.0
230,btc-updown-5m-1783961100,Down,1783961324,0.6899999948,40.579709
231,btc-updown-5m-1783961100,Down,1783961324,0.7,50.0
232,btc-updown-5m-1783961100,Up,1783961320,0.4599999944,28.804346
233,btc-updown-5m-1783961100,Down,1783961314,0.42,50.0
234,btc-updown-5m-1783961100,Up,1783961309,0.7447086488,51.026664
235,btc-updown-5m-1783961100,Down,1783961282,0.15,50.0
236,btc-updown-15m-1783961100,Up,1783961281,0.64,3.25
237,btc-updown-5m-1783961100,Up,1783961251,0.74,50.0
238,btc-updown-5m-1783961100,Up,1783961243,0.58,19.0
239,btc-updown-15m-1783961100,Up,1783961182,0.63,4.0
240,btc-updown-5m-1783961100,Up,1783961170,0.58,35.27
241,btc-updown-15m-1783961100,Down,1783961161,0.38,27.46
242,btc-updown-15m-1783960200,Up,1783961086,0.91,30.0
243,btc-updown-15m-1783960200,Down,1783961084,0.07,30.0
244,btc-updown-15m-1783960200,Down,1783961084,0.07,30.0
245,btc-updown-15m-1783960200,Up,1783961077,0.84,30.0
246,btc-updown-15m-1783960200,Up,1783961075,0.83,3.79
247,btc-updown-15m-1783960200,Down,1783961075,0.18,30.0
248,btc-updown-15m-1783960200,Up,1783961074,0.83,30.0
249,btc-updown-15m-1783960200,Down,1783961057,0.07,30.0
250,btc-updown-15m-1783960200,Down,1783961057,0.07,30.0
251,btc-updown-15m-1783960200,Up,1783961042,0.87,30.0
252,btc-updown-15m-1783960200,Up,1783961038,0.87,30.0
253,btc-updown-15m-1783960200,Up,1783961038,0.87,30.0
254,btc-updown-15m-1783960200,Up,1783961030,0.82,30.0
255,btc-updown-15m-1783960200,Up,1783961030,0.82,30.0
256,btc-updown-15m-1783960200,Up,1783961024,0.89,30.0
257,btc-updown-15m-1783960200,Up,1783961006,0.83,12.0
258,btc-updown-15m-1783960200,Down,1783961003,0.17,12.23
259,btc-updown-15m-1783960200,Down,1783961003,0.17,25.0
260,btc-updown-15m-1783960200,Up,1783961002,0.82,0.12
261,btc-updown-5m-1783960800,Up,1783960955,0.85,50.0
262,btc-updown-5m-1783960800,Up,1783960955,0.84,0.53
263,btc-updown-15m-1783960200,Up,1783960954,0.47,11.1
264,btc-updown-15m-1783960200,Down,1783960948,0.54,30.0
265,btc-updown-15m-1783960200,Up,1783960927,0.58,30.0
266,btc-updown-15m-1783960200,Up,1783960901,0.49,12.0
267,btc-updown-15m-1783960200,Up,1783960900,0.48,30.0
268,btc-updown-15m-1783960200,Down,1783960894,0.51,30.0
269,btc-updown-5m-1783960800,Up,1783960889,0.77,50.0
270,btc-updown-15m-1783960200,Up,1783960873,0.26,13.0
271,btc-updown-15m-1783960200,Down,1783960870,0.74,30.0
272,btc-updown-15m-1783960200,Up,1783960867,0.26,10.0
273,btc-updown-15m-1783960200,Up,1783960867,0.26,30.0
274,btc-updown-15m-1783960200,Up,1783960820,0.37,30.0
275,btc-updown-5m-1783960500,Up,1783960780,0.2,50.0
276,btc-updown-5m-1783960500,Up,1783960774,0.16,45.0
277,btc-updown-5m-1783960500,Up,1783960774,0.16,50.0
278,btc-updown-15m-1783960200,Down,1783960759,0.88,30.0
279,btc-updown-15m-1783960200,Down,1783960756,0.88,30.0
280,btc-updown-5m-1783960500,Down,1783960753,0.86,50.0
281,btc-updown-5m-1783960500,Down,1783960753,0.8299999983,51.807223
282,btc-updown-15m-1783960200,Down,1783960634,0.89,9.75
283,btc-updown-5m-1783960500,Down,1783960631,0.76,50.0
284,btc-updown-15m-1783960200,Up,1783960517,0.24,10.0
285,btc-updown-5m-1783960200,Up,1783960448,0.06,45.05
286,btc-updown-5m-1783960200,Up,1783960448,0.06,50.0
287,btc-updown-15m-1783960200,Down,1783960444,0.59,12.0
288,btc-updown-15m-1783960200,Up,1783960222,0.43,17.0
289,btc-updown-5m-1783959900,Down,1783960163,0.05,50.0
290,btc-updown-5m-1783959900,Down,1783960163,0.05,50.0
291,btc-updown-5m-1783959900,Up,1783960126,0.75,50.0
292,btc-updown-5m-1783959900,Up,1783960084,0.72,50.0
293,btc-updown-5m-1783959900,Up,1783960082,0.72,50.0
294,btc-updown-15m-1783959300,Down,1783959710,0.97,30.0
295,btc-updown-15m-1783959300,Up,1783959500,0.15,30.0
296,btc-updown-5m-1783959300,Up,1783959436,0.05,50.0
297,btc-updown-5m-1783959300,Up,1783959434,0.05,50.0
298,btc-updown-5m-1783959300,Down,1783959376,0.8,50.0
299,btc-updown-15m-1783959300,Down,1783959376,0.65,30.0
300,btc-updown-5m-1783959000,Down,1783959256,0.88,8.83
301,btc-updown-15m-1783958400,Down,1783959196,0.94,12.0
302,btc-updown-5m-1783959000,Up,1783959167,0.55,50.0
303,btc-updown-15m-1783958400,Up,1783959167,0.1,8.0
304,btc-updown-15m-1783958400,Down,1783959164,0.9,30.0
305,btc-updown-15m-1783958400,Down,1783959161,0.9,30.0
306,btc-updown-15m-1783958400,Down,1783959158,0.88,8.58
307,btc-updown-15m-1783958400,Down,1783959158,0.88,30.0
308,btc-updown-15m-1783958400,Down,1783959157,0.8899999974,30.337072
309,btc-updown-15m-1783958400,Down,1783959157,0.89,30.0
310,btc-updown-15m-1783958400,Down,1783959157,0.88,30.0
311,btc-updown-5m-1783959000,Up,1783959155,0.32,50.0
312,btc-updown-15m-1783958400,Down,1783959143,0.89,7.0
313,btc-updown-15m-1783958400,Down,1783959128,0.89,30.0
314,btc-updown-15m-1783958400,Up,1783959122,0.11,30.0
315,btc-updown-15m-1783958400,Up,1783959122,0.11,30.0
316,btc-updown-15m-1783958400,Up,1783959121,0.11,30.0
317,btc-updown-15m-1783958400,Down,1783959103,0.75,30.0
318,btc-updown-5m-1783959000,Up,1783959092,0.67,35.0
319,btc-updown-15m-1783958400,Up,1783959073,0.18,30.0
320,btc-updown-15m-1783958400,Up,1783959073,0.18,30.0
321,btc-updown-15m-1783958400,Up,1783959041,0.24,30.0
322,btc-updown-15m-1783958400,Up,1783959020,0.19,6.88
323,btc-updown-15m-1783958400,Up,1783958998,0.17,18.0
324,btc-updown-15m-1783958400,Up,1783958996,0.17,30.0
325,btc-updown-15m-1783958400,Down,1783958978,0.78,30.0
326,btc-updown-5m-1783958700,Up,1783958972,0.03,50.0
327,btc-updown-5m-1783958700,Down,1783958965,0.9,51.11111
328,btc-updown-5m-1783958700,Down,1783958965,0.9,51.11111
329,btc-updown-15m-1783958400,Up,1783958947,0.19,30.0
330,btc-updown-5m-1783958700,Down,1783958929,0.91,35.0
331,btc-updown-5m-1783958700,Down,1783958911,0.9,40.8
332,btc-updown-15m-1783958400,Down,1783958900,0.74,30.0
333,btc-updown-15m-1783958400,Down,1783958900,0.74,30.0
334,btc-updown-15m-1783958400,Down,1783958891,0.76,30.0
335,btc-updown-15m-1783958400,Down,1783958891,0.76,30.0
336,btc-updown-5m-1783958700,Down,1783958885,0.88,50.0
337,btc-updown-15m-1783958400,Up,1783958800,0.24,30.0
338,btc-updown-15m-1783958400,Down,1783958753,0.6,30.0
339,btc-updown-15m-1783958400,Down,1783958738,0.57,20.0
340,btc-updown-15m-1783958400,Up,1783958723,0.55,11.0
341,btc-updown-15m-1783958400,Down,1783958690,0.5,10.2
342,btc-updown-15m-1783958400,Up,1783958687,0.49,30.0
343,btc-updown-5m-1783958400,Up,1783958674,0.5599999952,41.42857
344,btc-updown-5m-1783958400,Up,1783958674,0.5689210058,50.973683
345,btc-updown-5m-1783958400,Up,1783958668,0.74,10.0
346,btc-updown-5m-1783958400,Down,1783958666,0.5,50.0
347,btc-updown-5m-1783958400,Down,1783958665,0.49,29.51
348,btc-updown-5m-1783958400,Down,1783958614,0.72,50.0
349,btc-updown-5m-1783958400,Down,1783958614,0.72,50.0
350,btc-updown-5m-1783958100,Down,1783958386,0.45,45.0
351,btc-updown-5m-1783958100,Down,1783958386,0.45,50.0
352,btc-updown-5m-1783958100,Up,1783958377,0.78,50.0
353,btc-updown-5m-1783958100,Up,1783958377,0.78,35.0
354,btc-updown-5m-1783958100,Up,1783958375,0.77,13.53
355,btc-updown-15m-1783957500,Down,1783958333,0.94,5.0
356,btc-updown-15m-1783957500,Down,1783958330,0.93,15.0
357,btc-updown-5m-1783958100,Up,1783958327,0.71,50.0
358,btc-updown-5m-1783958100,Up,1783958327,0.71,50.0
359,btc-updown-15m-1783957500,Down,1783958327,0.93,30.0
360,btc-updown-15m-1783957500,Up,1783958323,0.06,30.0
361,btc-updown-15m-1783957500,Up,1783958323,0.06,30.0
362,btc-updown-15m-1783957500,Up,1783958311,0.04,18.0
363,btc-updown-15m-1783957500,Down,1783958300,0.93,30.0
364,btc-updown-15m-1783957500,Down,1783958300,0.93,30.0
365,btc-updown-15m-1783957500,Down,1783958294,0.96,30.0
366,btc-updown-15m-1783957500,Down,1783958245,0.92,30.0
367,btc-updown-15m-1783957500,Down,1783958228,0.83,30.0
368,btc-updown-15m-1783957500,Up,1783958216,0.14,30.0
369,btc-updown-15m-1783957500,Down,1783958215,0.85,10.37
370,btc-updown-15m-1783957500,Up,1783958189,0.14,7.76
371,btc-updown-15m-1783957500,Up,1783958180,0.12,30.0
372,btc-updown-15m-1783957500,Down,1783958152,0.83,30.0
373,btc-updown-15m-1783957500,Up,1783958125,0.17,30.0
374,btc-updown-15m-1783957500,Up,1783958125,0.16,11.68
375,btc-updown-15m-1783957500,Down,1783958108,0.81,20.0
376,btc-updown-15m-1783957500,Down,1783958108,0.81,20.0
377,btc-updown-15m-1783957500,Down,1783958105,0.8,24.15
378,btc-updown-15m-1783957500,Up,1783957621,0.5,30.0
379,btc-updown-15m-1783957500,Down,1783957510,0.53,9.64
380,btc-updown-5m-1783957200,Up,1783957480,0.08,20.0
381,btc-updown-5m-1783957200,Up,1783957442,0.1,20.0
382,btc-updown-5m-1783957200,Down,1783957387,0.91,20.0
383,btc-updown-5m-1783957200,Down,1783957385,0.91,20.0
384,btc-updown-15m-1783956600,Down,1783957375,0.992,25.94
385,btc-updown-15m-1783956600,Up,1783957232,0.02,50.0
386,btc-updown-15m-1783956600,Down,1783957181,0.94,30.0
387,btc-updown-15m-1783956600,Down,1783957181,0.92,30.0
388,btc-updown-15m-1783956600,Down,1783957171,0.96,4.91
389,btc-updown-15m-1783956600,Down,1783957019,0.84,12.0
390,btc-updown-15m-1783956600,Down,1783956994,0.81,18.42
391,btc-updown-15m-1783956600,Up,1783956958,0.12,30.0
392,btc-updown-15m-1783956600,Up,1783956958,0.12,30.0
393,btc-updown-15m-1783956600,Down,1783956952,0.82,30.0
394,btc-updown-15m-1783956600,Up,1783956884,0.22,30.0
395,btc-updown-15m-1783956600,Up,1783956884,0.22,30.0
396,btc-updown-15m-1783956600,Down,1783956781,0.59,12.0
397,btc-updown-15m-1783955700,Up,1783956577,0.95,26.0
398,btc-updown-15m-1783955700,Up,1783956577,0.93,7.73
399,btc-updown-15m-1783955700,Up,1783956535,0.65,30.0
400,btc-updown-15m-1783955700,Down,1783956530,0.32,15.35
401,btc-updown-15m-1783955700,Down,1783956529,0.2799999864,35.357141
402,btc-updown-15m-1783955700,Up,1783956509,0.78,8.0
403,btc-updown-15m-1783955700,Up,1783956505,0.8,30.0
404,btc-updown-15m-1783955700,Up,1783956505,0.8,30.0
405,btc-updown-15m-1783955700,Up,1783956482,0.52,30.0
406,btc-updown-15m-1783955700,Up,1783956481,0.52,30.0
407,btc-updown-15m-1783955700,Down,1783956469,0.47,8.0
408,btc-updown-15m-1783955700,Up,1783956439,0.67,30.0
409,btc-updown-15m-1783955700,Up,1783956437,0.67,30.0
410,btc-updown-15m-1783955700,Up,1783956430,0.64,30.0
411,btc-updown-15m-1783955700,Up,1783956430,0.64,30.0
412,btc-updown-15m-1783955700,Down,1783956356,0.23,12.0
413,btc-updown-15m-1783955700,Down,1783956334,0.1968233799,15.74
414,btc-updown-15m-1783955700,Down,1783956329,0.23,1.56
415,btc-updown-15m-1783955700,Up,1783956323,0.78,30.0
416,btc-updown-15m-1783955700,Down,1783956317,0.12,30.0
417,btc-updown-15m-1783955700,Down,1783956317,0.12,30.0
418,btc-updown-15m-1783955700,Up,1783956308,0.8728885038,17.31
419,btc-updown-15m-1783955700,Up,1783956308,0.8699999964,30.689653
420,btc-updown-15m-1783955700,Up,1783956265,0.83,6.0
421,btc-updown-15m-1783955700,Down,1783956229,0.14,12.0
422,btc-updown-15m-1783955700,Down,1783956206,0.2,16.21
423,btc-updown-15m-1783955700,Up,1783956043,0.71,12.0
424,btc-updown-15m-1783955700,Down,1783955930,0.15,30.0
425,btc-updown-15m-1783955700,Up,1783955905,0.86,30.0
426,btc-updown-15m-1783955700,Up,1783955873,0.7,30.0
427,btc-updown-15m-1783955700,Up,1783955830,0.62,30.0
428,btc-updown-15m-1783955700,Down,1783955738,0.5,30.0
429,btc-updown-15m-1783954800,Up,1783955687,0.81,7.58
430,btc-updown-15m-1783954800,Up,1783955683,0.75,0.84
431,btc-updown-15m-1783954800,Up,1783955683,0.77,20.0
432,btc-updown-15m-1783954800,Up,1783955683,0.76,3.73
433,btc-updown-15m-1783954800,Up,1783955681,0.73,10.0
434,btc-updown-15m-1783954800,Up,1783955672,0.7,30.0
435,btc-updown-15m-1783954800,Up,1783955672,0.7,30.0
436,btc-updown-15m-1783954800,Up,1783955669,0.7,30.0
437,btc-updown-15m-1783954800,Up,1783955638,0.7,30.0
438,btc-updown-15m-1783954800,Up,1783955633,0.68,6.0
439,btc-updown-15m-1783954800,Down,1783955620,0.29,30.0
440,btc-updown-15m-1783954800,Down,1783955618,0.28,30.0
441,btc-updown-15m-1783954800,Up,1783955596,0.32,30.0
442,btc-updown-15m-1783954800,Up,1783955596,0.32,30.0
443,btc-updown-15m-1783954800,Down,1783955584,0.6,30.0
444,btc-updown-15m-1783954800,Up,1783955555,0.41,30.0
445,btc-updown-15m-1783954800,Up,1783955513,0.61,30.0
446,btc-updown-15m-1783954800,Up,1783955513,0.61,30.0
447,btc-updown-15m-1783954800,Up,1783955447,0.55,30.0
448,btc-updown-15m-1783954800,Up,1783955446,0.55,15.36
449,btc-updown-15m-1783954800,Up,1783955440,0.5,33.0
450,btc-updown-15m-1783954800,Down,1783955434,0.47,30.0
451,btc-updown-15m-1783954800,Up,1783955366,0.24,29.58
452,btc-updown-15m-1783954800,Down,1783955341,0.75,30.0
453,btc-updown-5m-1783954800,Down,1783954951,0.8,20.0
454,btc-updown-5m-1783954800,Down,1783954942,0.72,7.0
455,btc-updown-5m-1783954800,Up,1783954879,0.69,19.47
456,btc-updown-5m-1783954200,Up,1783954382,0.06,20.0
457,btc-updown-5m-1783954200,Down,1783954271,0.9,20.0
458,btc-updown-5m-1783954200,Down,1783954268,0.86,1.4
459,btc-updown-5m-1783949700,Down,1783949843,0.75,20.0
460,btc-updown-5m-1783949100,Up,1783949342,0.87,19.35
461,btc-updown-5m-1783949100,Down,1783949296,0.1,20.0
462,btc-updown-5m-1783949100,Down,1783949104,0.66,20.0
463,btc-updown-5m-1783948800,Up,1783949017,0.89,20.0
464,btc-updown-5m-1783948800,Down,1783948817,0.79,20.0
465,btc-updown-5m-1783948500,Down,1783948775,0.94,20.0
466,btc-updown-5m-1783948500,Down,1783948772,0.84,20.0
467,btc-updown-5m-1783948500,Down,1783948772,0.83,20.0
468,btc-updown-5m-1783948500,Down,1783948766,0.91,20.0
469,btc-updown-5m-1783948500,Down,1783948766,0.9099999965,20.219777
470,btc-updown-5m-1783948500,Up,1783948763,0.04,25.0
471,btc-updown-5m-1783948500,Up,1783948762,0.04,25.0
472,btc-updown-5m-1783948500,Down,1783948747,0.47,20.0
473,btc-updown-5m-1783948500,Down,1783948709,0.5,20.0
474,btc-updown-5m-1783947900,Down,1783948186,0.93,1.51
475,btc-updown-5m-1783947900,Down,1783948186,0.93,20.0
476,btc-updown-5m-1783947900,Up,1783948175,0.12,20.0
477,btc-updown-5m-1783947900,Up,1783948175,0.14,15.23
478,btc-updown-5m-1783947900,Up,1783948172,0.2699999744,20.740739
479,btc-updown-5m-1783947900,Down,1783948171,0.7,20.0
480,btc-updown-5m-1783947900,Down,1783948165,0.07,13.97
481,btc-updown-5m-1783947900,Up,1783948156,0.92,20.0
482,btc-updown-5m-1783947900,Down,1783948145,0.08,12.0
483,btc-updown-5m-1783947900,Up,1783948141,0.84,20.0
484,btc-updown-5m-1783947900,Up,1783948141,0.84,20.0
485,btc-updown-5m-1783947600,Down,1783947884,0.79,20.0
486,btc-updown-5m-1783947600,Down,1783947884,0.79,20.0
487,btc-updown-5m-1783947600,Up,1783947877,0.57,3.17
488,btc-updown-5m-1783947600,Down,1783947874,0.31,20.0
489,btc-updown-5m-1783947600,Up,1783947841,0.5099999975,20.392155
490,btc-updown-5m-1783947600,Up,1783947835,0.25,20.0
491,btc-updown-5m-1783947600,Up,1783947835,0.25,20.0
492,btc-updown-5m-1783947600,Down,1783947826,0.65,12.23
493,btc-updown-5m-1783947600,Down,1783947775,0.3,20.0
494,btc-updown-5m-1783947600,Down,1783947773,0.3,20.0
495,btc-updown-5m-1783947600,Down,1783947739,0.32,20.0
496,btc-updown-5m-1783947300,Down,1783947578,0.02,50.0
497,btc-updown-5m-1783947300,Down,1783947578,0.02,50.0
498,btc-updown-5m-1783947300,Up,1783947533,0.72,20.0
499,btc-updown-5m-1783947300,Up,1783947533,0.72,7.02
500,btc-updown-5m-1783947300,Up,1783947533,0.72,20.0
501,btc-updown-5m-1783947300,Up,1783947533,0.72,7.02
502,btc-updown-5m-1783947300,Up,1783947521,0.5,20.0
503,btc-updown-5m-1783947300,Down,1783947512,0.56,20.0
504,btc-updown-5m-1783947300,Down,1783947512,0.55,0.55
505,btc-updown-5m-1783947300,Down,1783947500,0.53,20.0
506,btc-updown-5m-1783947300,Down,1783947500,0.53,20.0
507,btc-updown-5m-1783947300,Down,1783947421,0.53,20.0
508,btc-updown-5m-1783947300,Down,1783947421,0.53,20.0
509,btc-updown-5m-1783947300,Up,1783947407,0.53,20.0
510,btc-updown-5m-1783947300,Up,1783947407,0.53,20.0
511,btc-updown-5m-1783947300,Down,1783947395,0.71,20.0
512,btc-updown-5m-1783947000,Down,1783947236,0.85,20.0
513,btc-updown-5m-1783947000,Up,1783947190,0.5,20.0
514,btc-updown-5m-1783947000,Up,1783947190,0.5,20.0
515,btc-updown-5m-1783946700,Up,1783946969,0.86,20.0
516,btc-updown-5m-1783946700,Up,1783946968,0.86,20.0
517,btc-updown-5m-1783946700,Down,1783946948,0.08,20.0
518,btc-updown-5m-1783946700,Up,1783946944,0.86,3.03
519,btc-updown-5m-1783946700,Up,1783946944,0.86,20.0
520,btc-updown-5m-1783946400,Down,1783946686,0.02,50.0
521,btc-updown-5m-1783946400,Down,1783946686,0.02,50.0
522,btc-updown-5m-1783946400,Down,1783946663,0.12,14.0
523,btc-updown-5m-1783946400,Up,1783946657,0.95,20.0
524,btc-updown-5m-1783946400,Up,1783946657,0.95,20.0
525,btc-updown-5m-1783946400,Up,1783946609,0.85,20.0
526,btc-updown-5m-1783946100,Down,1783946317,0.96,20.0
527,btc-updown-5m-1783946100,Up,1783946266,0.03,35.0
528,btc-updown-5m-1783945800,Up,1783946071,0.2299999655,20.869564
529,btc-updown-5m-1783945800,Up,1783946071,0.2299999655,20.869564
530,btc-updown-5m-1783945800,Up,1783946068,0.55,20.0
531,btc-updown-5m-1783945800,Up,1783946068,0.55,20.0
532,btc-updown-5m-1783945800,Down,1783945946,0.47,0.85
533,btc-updown-5m-1783945500,Up,1783945781,0.02,50.0
534,btc-updown-5m-1783945500,Up,1783945765,0.05,20.0
535,btc-updown-5m-1783945500,Up,1783945765,0.07,20.0
536,btc-updown-5m-1783945500,Down,1783945706,0.05,20.0
537,btc-updown-5m-1783945500,Down,1783945705,0.04,10.0
538,btc-updown-5m-1783945500,Up,1783945598,0.94,20.0
539,btc-updown-5m-1783945200,Down,1783945445,0.97,20.0
540,btc-updown-5m-1783945200,Down,1783945355,0.87,3.31
541,btc-updown-5m-1783945200,Down,1783945340,0.89,20.0
542,btc-updown-5m-1783945200,Down,1783945340,0.89,20.0
543,btc-updown-5m-1783944900,Down,1783945187,0.23,20.0
544,btc-updown-5m-1783944900,Down,1783945187,0.23,20.0
545,btc-updown-5m-1783944900,Up,1783945187,0.7,4.0
546,btc-updown-5m-1783944900,Up,1783945186,0.7,20.0
547,btc-updown-5m-1783944900,Up,1783945186,0.6499999926,20.307691
548,btc-updown-5m-1783944900,Up,1783945186,0.6299999835,20.634918
549,btc-updown-5m-1783944900,Down,1783945177,0.04,25.0
550,btc-updown-5m-1783944900,Up,1783945141,0.78,5.36
551,btc-updown-5m-1783944900,Up,1783945139,0.78,20.0
552,btc-updown-5m-1783944900,Down,1783945025,0.45,20.0
553,btc-updown-5m-1783944900,Down,1783945025,0.45,20.0
554,btc-updown-5m-1783944600,Down,1783944886,0.77,17.47
555,btc-updown-5m-1783944600,Down,1783944886,0.77,20.0
556,btc-updown-5m-1783944600,Down,1783944886,0.77,20.0
557,btc-updown-5m-1783944600,Up,1783944883,0.5,20.0
558,btc-updown-5m-1783944600,Up,1783944881,0.5,20.0
559,btc-updown-5m-1783944600,Up,1783944881,0.4,20.0
560,btc-updown-5m-1783944600,Up,1783944881,0.4,20.0
561,btc-updown-5m-1783944600,Down,1783944878,0.7,20.0
562,btc-updown-5m-1783944600,Down,1783944878,0.7,6.0
563,btc-updown-5m-1783944600,Up,1783944862,0.89,20.0
564,btc-updown-5m-1783944600,Down,1783944835,0.22,20.0
565,btc-updown-5m-1783944600,Up,1783944820,0.66,20.0
566,btc-updown-5m-1783944600,Up,1783944818,0.66,20.0
567,btc-updown-5m-1783944600,Down,1783944751,0.75,20.0
568,btc-updown-5m-1783944600,Down,1783944743,0.68,20.0
569,btc-updown-5m-1783944600,Down,1783944739,0.68,20.0
570,btc-updown-5m-1783944600,Down,1783944725,0.5,1.73
571,btc-updown-5m-1783944600,Up,1783944668,0.86,20.0
572,btc-updown-5m-1783944600,Up,1783944668,0.8550288975,20.116278
573,btc-updown-5m-1783944600,Up,1783944668,0.85,6.0
574,btc-updown-5m-1783944600,Up,1783944667,0.85,20.0
575,btc-updown-5m-1783944600,Up,1783944667,0.85,20.0
576,btc-updown-5m-1783944600,Up,1783944665,0.85,20.0
577,btc-updown-5m-1783944300,Up,1783944563,0.03,35.0
578,btc-updown-5m-1783944300,Down,1783944553,0.93,10.23
579,btc-updown-5m-1783944300,Up,1783944550,0.06,20.0
580,btc-updown-5m-1783944300,Down,1783944542,0.8899999971,20.674154
581,btc-updown-5m-1783944300,Down,1783944542,0.8899999971,20.674154
582,btc-updown-5m-1783944300,Up,1783944538,0.05,20.0
583,btc-updown-5m-1783944300,Up,1783944538,0.05,20.0
584,btc-updown-5m-1783944300,Down,1783944517,0.93,20.0
585,btc-updown-5m-1783944300,Down,1783944517,0.93,12.0
586,btc-updown-5m-1783944300,Up,1783944515,0.04,25.0
587,btc-updown-5m-1783944300,Down,1783944409,0.35,20.0
588,btc-updown-5m-1783944300,Up,1783944397,0.61,20.0
589,btc-updown-5m-1783944300,Down,1783944388,0.45,20.0
590,btc-updown-5m-1783944300,Down,1783944388,0.45,20.0
591,btc-updown-5m-1783944300,Down,1783944367,0.35,20.0
592,btc-updown-5m-1783944300,Up,1783944337,0.59,20.0
593,btc-updown-5m-1783944300,Up,1783944337,0.59,20.0
594,btc-updown-5m-1783944300,Down,1783944305,0.47,20.0
595,btc-updown-5m-1783944300,Down,1783944305,0.47,20.0
596,btc-updown-5m-1783944000,Up,1783944286,0.0251612911,41.730768
597,btc-updown-5m-1783944000,Up,1783944286,0.022258065,47.173912
598,btc-updown-5m-1783944000,Up,1783944262,0.0750011719,21.333
599,btc-updown-5m-1783944000,Up,1783944254,0.13,2.75
600,btc-updown-5m-1783944000,Up,1783944250,0.1309999643,21.374044
601,btc-updown-5m-1783944000,Up,1783944250,0.1309999643,21.374044
602,btc-updown-5m-1783944000,Up,1783944227,0.39,18.17
603,btc-updown-5m-1783944000,Up,1783944116,0.75,20.0
604,btc-updown-5m-1783944000,Up,1783944116,0.75,20.0
605,btc-updown-5m-1783944000,Up,1783944080,0.24,20.0
606,btc-updown-5m-1783943700,Up,1783943980,0.22,20.0
607,btc-updown-5m-1783943700,Up,1783943978,0.22,20.0
608,btc-updown-5m-1783943700,Down,1783943974,0.64,12.33
609,btc-updown-5m-1783943700,Down,1783943972,0.64,20.0
610,btc-updown-5m-1783943700,Down,1783943972,0.64,20.0
611,btc-updown-5m-1783943700,Up,1783943962,0.2,20.0
612,btc-updown-5m-1783943700,Up,1783943962,0.2,20.0
613,btc-updown-5m-1783943700,Up,1783943957,0.21,20.0
614,btc-updown-5m-1783943700,Up,1783943957,0.21,20.0
615,btc-updown-5m-1783943700,Down,1783943957,0.79,20.0
616,btc-updown-5m-1783943700,Down,1783943956,0.66,5.0
617,btc-updown-5m-1783943700,Down,1783943956,0.64,3.43
618,btc-updown-5m-1783943700,Down,1783943954,0.61,10.41
619,btc-updown-5m-1783943700,Up,1783943953,0.26,6.72
620,btc-updown-5m-1783943700,Up,1783943953,0.25,20.0
621,btc-updown-5m-1783943700,Up,1783943947,0.31,20.0
622,btc-updown-5m-1783943700,Down,1783943942,0.58,17.14
623,btc-updown-5m-1783943700,Down,1783943941,0.58,20.0
624,btc-updown-5m-1783943700,Up,1783943930,0.38,3.71
625,btc-updown-5m-1783943700,Up,1783943921,0.38,20.0
626,btc-updown-5m-1783943700,Up,1783943921,0.38,20.0
627,btc-updown-5m-1783943700,Up,1783943920,0.38,20.0
628,btc-updown-5m-1783943700,Down,1783943918,0.62,20.0
629,btc-updown-5m-1783943700,Down,1783943918,0.62,20.0
630,btc-updown-5m-1783943700,Down,1783943890,0.67,20.0
631,btc-updown-5m-1783943700,Down,1783943890,0.67,20.0
632,btc-updown-5m-1783943400,Down,1783943558,0.49,20.0
633,btc-updown-5m-1783943400,Down,1783943558,0.49,20.0
634,btc-updown-5m-1783943400,Down,1783943557,0.49,20.0
635,btc-updown-5m-1783943400,Down,1783943500,0.29,20.0
636,btc-updown-5m-1783943400,Up,1783943494,0.67,20.0
637,btc-updown-5m-1783943400,Up,1783943494,0.67,20.0
638,btc-updown-5m-1783943400,Up,1783943491,0.57,20.0
639,btc-updown-5m-1783941300,Down,1783941479,0.85,20.0
640,btc-updown-5m-1783941000,Down,1783941272,0.97,20.0
641,btc-updown-5m-1783941000,Down,1783941272,0.97,20.0
642,btc-updown-5m-1783941000,Down,1783941260,0.9,20.0
643,btc-updown-5m-1783941000,Down,1783941259,0.9,20.0
644,btc-updown-5m-1783941000,Down,1783941251,0.9,20.0
645,btc-updown-5m-1783941000,Down,1783941251,0.9,20.0
646,btc-updown-5m-1783941000,Down,1783941248,0.87,20.0
647,btc-updown-5m-1783941000,Down,1783941247,0.87,20.0
648,btc-updown-5m-1783941000,Down,1783941101,0.78,20.0
649,btc-updown-5m-1783941000,Down,1783941100,0.78,20.0
650,btc-updown-5m-1783940700,Up,1783940825,0.94,20.0
651,btc-updown-5m-1783940700,Up,1783940825,0.94,20.0
652,btc-updown-5m-1783940400,Up,1783940545,0.91,20.0
653,btc-updown-5m-1783940400,Down,1783940533,0.04,25.0
654,btc-updown-5m-1783940400,Down,1783940533,0.04,25.0
655,btc-updown-5m-1783940100,Up,1783940206,0.34,20.0
656,btc-updown-5m-1783940100,Up,1783940206,0.34,20.0
657,btc-updown-5m-1783940100,Up,1783940149,0.29,20.0
658,btc-updown-5m-1783939800,Down,1783940074,0.1,18.63
659,btc-updown-5m-1783939800,Up,1783940071,0.84,20.0
660,btc-updown-5m-1783939800,Up,1783940060,0.76,3.09
661,btc-updown-5m-1783939800,Down,1783940032,0.32,20.0
662,btc-updown-5m-1783939800,Up,1783940000,0.58,5.0
663,btc-updown-5m-1783939800,Up,1783940000,0.55,20.0
664,btc-updown-5m-1783939800,Up,1783939907,0.68,20.0
665,btc-updown-5m-1783939800,Up,1783939907,0.68,20.0
666,btc-updown-5m-1783939500,Up,1783939787,0.87,1.6
667,btc-updown-5m-1783939500,Up,1783939787,0.87,20.0
668,btc-updown-5m-1783939500,Down,1783939781,0.1,20.0
669,btc-updown-5m-1783939500,Down,1783939781,0.12,25.0
670,btc-updown-5m-1783939500,Down,1783939780,0.1,30.0
671,btc-updown-5m-1783939500,Up,1783939780,0.76,20.0
672,btc-updown-5m-1783939500,Up,1783939780,0.76,20.0
673,btc-updown-5m-1783939500,Up,1783939769,0.9,20.0
674,btc-updown-5m-1783939500,Up,1783939769,0.9,20.22222
675,btc-updown-5m-1783939500,Down,1783939768,0.04,25.0
676,btc-updown-5m-1783939500,Down,1783939765,0.05,20.0
677,btc-updown-5m-1783939500,Up,1783939760,0.9,20.0
678,btc-updown-5m-1783939500,Up,1783939760,0.8919427809,20.18066
679,btc-updown-5m-1783939500,Up,1783939757,0.95,20.0
680,btc-updown-5m-1783939500,Down,1783939748,0.05,20.0
681,btc-updown-5m-1783939500,Up,1783939747,0.94,20.0
682,btc-updown-5m-1783939500,Up,1783939747,0.94,20.0
683,btc-updown-5m-1783939500,Up,1783939745,0.93,20.0
684,btc-updown-5m-1783939500,Down,1783939666,0.43,14.42
685,btc-updown-5m-1783939500,Down,1783939666,0.44,3.59
686,btc-updown-5m-1783939500,Down,1783939645,0.43,17.0
687,btc-updown-5m-1783939500,Down,1783939627,0.71,20.0
688,btc-updown-5m-1783939500,Up,1783939529,0.79,20.0
689,btc-updown-5m-1783939500,Up,1783939529,0.79,20.0
690,btc-updown-5m-1783939200,Down,1783939298,0.95,20.0
691,btc-updown-5m-1783939200,Down,1783939298,0.95,20.0
692,btc-updown-5m-1783939200,Up,1783939277,0.35,20.0
693,btc-updown-5m-1783939200,Down,1783939262,0.6,20.0
694,btc-updown-5m-1783939200,Down,1783939262,0.6,20.0
695,btc-updown-5m-1783939200,Down,1783939261,0.6,20.0
696,btc-updown-5m-1783939200,Up,1783939243,0.58,20.0
697,btc-updown-5m-1783939200,Up,1783939243,0.58,20.0
698,btc-updown-5m-1783939200,Up,1783939207,0.54,20.0
699,btc-updown-5m-1783939200,Up,1783939207,0.54,20.0
700,btc-updown-5m-1783938900,Up,1783939184,0.11,20.0
701,btc-updown-5m-1783938900,Up,1783939129,0.21,20.0
702,btc-updown-5m-1783938900,Down,1783939124,0.66,13.39
703,btc-updown-5m-1783938900,Down,1783939120,0.55,50.0
704,btc-updown-5m-1783938900,Down,1783939120,0.55,50.0
705,btc-updown-5m-1783938900,Up,1783939088,0.72,30.0
706,btc-updown-5m-1783938900,Up,1783939087,0.67,4.39
707,btc-updown-5m-1783938900,Up,1783939087,0.67,50.0
708,btc-updown-5m-1783938900,Down,1783939067,0.42,50.0
709,btc-updown-5m-1783938900,Up,1783939021,0.74,28.08
710,btc-updown-5m-1783938900,Up,1783939018,0.68,32.47
711,btc-updown-5m-1783938900,Up,1783939013,0.66,10.0
712,btc-updown-5m-1783938900,Up,1783939013,0.67,10.25
713,btc-updown-5m-1783717200,Down,1783717268,0.31,15.0
714,btc-updown-5m-1783717200,Down,1783717268,0.31,50.0
715,btc-updown-5m-1783716900,Down,1783717124,0.93,50.0
716,btc-updown-5m-1783716900,Up,1783717081,0.09,43.55
717,btc-updown-5m-1783716900,Up,1783717040,0.09,33.0
718,btc-updown-5m-1783716900,Down,1783716950,0.66,37.92
719,btc-updown-5m-1783716900,Down,1783716950,0.6558009128,51.082573
720,btc-updown-5m-1783716600,Down,1783716887,0.86,45.2
721,btc-updown-5m-1783716600,Down,1783716848,0.73,35.78
722,btc-updown-5m-1783716600,Up,1783716791,0.46,45.0
723,btc-updown-5m-1783716600,Up,1783716790,0.45,30.0
724,btc-updown-5m-1783716600,Up,1783716788,0.4321428537,50.909089
725,btc-updown-5m-1783716600,Up,1783716788,0.4284019817,51.353635
726,btc-updown-5m-1783716600,Down,1783716760,0.77,50.0
727,btc-updown-5m-1783716600,Down,1783716760,0.76,10.0
728,btc-updown-5m-1783716300,Up,1783716583,0.11,50.0
729,btc-updown-5m-1783716300,Up,1783716583,0.11,26.99
730,btc-updown-5m-1783716300,Up,1783716562,0.17,15.94
731,btc-updown-5m-1783716300,Down,1783716479,0.88,32.68
732,btc-updown-5m-1783716300,Down,1783716334,0.72,25.0
733,btc-updown-5m-1783716300,Down,1783716328,0.68,50.0
734,btc-updown-5m-1783716300,Down,1783716308,0.62,50.0
735,btc-updown-5m-1783716300,Down,1783716308,0.62,50.0
736,btc-updown-5m-1783716000,Up,1783716281,0.76,50.0
737,btc-updown-5m-1783716000,Up,1783716244,0.57,44.01
738,btc-updown-5m-1783716000,Up,1783716244,0.56,37.83
739,btc-updown-5m-1783716000,Up,1783716190,0.56,50.0
740,btc-updown-5m-1783716000,Up,1783716190,0.56,50.0
741,btc-updown-5m-1783716000,Up,1783716145,0.43,50.0
742,btc-updown-5m-1783716000,Up,1783716143,0.43,50.0
743,btc-updown-5m-1783715700,Up,1783715713,0.62,50.0
744,btc-updown-5m-1783715400,Up,1783715663,0.97,50.0
745,btc-updown-5m-1783715400,Up,1783715581,0.92,50.0
746,btc-updown-5m-1783715400,Up,1783715581,0.92,1.35
747,btc-updown-5m-1783715100,Down,1783715387,0.95,50.0
748,btc-updown-5m-1783714800,Up,1783715078,0.18,32.22
749,btc-updown-5m-1783714800,Up,1783715065,0.3899999902,51.28205
750,btc-updown-5m-1783714800,Up,1783715060,0.4099999932,40.975608
751,btc-updown-5m-1783714800,Down,1783715059,0.47,10.61
752,btc-updown-5m-1783714800,Up,1783714969,0.9,50.0
753,btc-updown-5m-1783714800,Up,1783714966,0.9,15.0
754,btc-updown-5m-1783714800,Up,1783714966,0.9,50.0
755,btc-updown-5m-1783714800,Up,1783714963,0.8672089813,50.160915
756,btc-updown-5m-1783714800,Down,1783714957,0.04,50.0
757,btc-updown-5m-1783714800,Down,1783714955,0.04,62.5
758,btc-updown-5m-1783714800,Up,1783714904,0.67,50.0
759,btc-updown-5m-1783714800,Down,1783714885,0.85,45.0
760,btc-updown-5m-1783714800,Down,1783714885,0.85,50.0
761,btc-updown-5m-1783714800,Down,1783714865,0.8,50.0
762,btc-updown-5m-1783714800,Down,1783714805,0.64,42.23
763,btc-updown-5m-1783714500,Down,1783714741,0.38,50.0
764,btc-updown-5m-1783714500,Down,1783714705,0.37,50.0
765,btc-updown-5m-1783714500,Down,1783714705,0.3699999903,51.35135
766,btc-updown-5m-1783714500,Up,1783714672,0.91,50.0
767,btc-updown-5m-1783714500,Down,1783714624,0.0683333333,30.0
768,btc-updown-5m-1783714500,Up,1783714597,0.95,50.0
769,btc-updown-5m-1783714500,Up,1783714597,0.95,20.0
770,btc-updown-5m-1783714500,Up,1783714592,0.72,25.0
771,btc-updown-5m-1783714500,Up,1783714592,0.7099999992,50.704224
772,btc-updown-5m-1783714500,Up,1783714589,0.74,50.0
773,btc-updown-5m-1783714200,Up,1783714324,0.27,50.0
774,btc-updown-5m-1783714200,Down,1783714316,0.71,50.0
775,btc-updown-5m-1783713900,Up,1783714183,0.0599999842,58.333332
776,btc-updown-5m-1783713900,Up,1783714183,0.06,30.0
777,btc-updown-5m-1783713900,Down,1783714178,0.89,49.38
778,btc-updown-5m-1783713900,Up,1783714166,0.16,53.125
779,btc-updown-5m-1783713900,Up,1783714166,0.16,53.125
780,btc-updown-5m-1783713900,Up,1783714117,0.47,50.0
781,btc-updown-5m-1783713600,Down,1783713724,0.84,5.02
782,btc-updown-5m-1783713300,Down,1783713559,0.978,19.31
783,btc-updown-5m-1783713300,Up,1783713496,0.03,50.0
784,btc-updown-5m-1783713300,Down,1783713407,0.87,50.0
785,btc-updown-5m-1783713300,Down,1783713407,0.87,50.0
786,btc-updown-5m-1783713000,Down,1783713254,0.02,50.0
787,btc-updown-5m-1783713000,Down,1783713254,0.02,50.0
788,btc-updown-5m-1783713000,Up,1783713233,0.89,10.0
789,btc-updown-5m-1783713000,Up,1783713233,0.88,10.0
790,btc-updown-5m-1783713000,Up,1783713136,0.77,50.0
791,btc-updown-5m-1783713000,Up,1783713083,0.77,15.0
792,btc-updown-5m-1783713000,Up,1783713083,0.77,50.0
793,btc-updown-5m-1783713000,Up,1783713082,0.7299999966,50.684929
794,btc-updown-5m-1783713000,Down,1783713076,0.49,50.0
795,btc-updown-5m-1783713000,Down,1783713073,0.48,50.0
796,btc-updown-5m-1783712700,Down,1783712987,0.9,28.72
797,btc-updown-5m-1783712700,Down,1783712957,0.57,50.0
798,btc-updown-5m-1783712700,Down,1783712878,0.51,50.0
799,btc-updown-5m-1783712700,Down,1783712878,0.5,0.31
800,btc-updown-5m-1783712700,Up,1783712854,0.45,50.0
801,btc-updown-5m-1783712700,Up,1783712816,0.49,45.0
802,btc-updown-5m-1783712700,Up,1783712815,0.49,50.0
803,btc-updown-5m-1783712700,Down,1783712800,0.41,26.42
804,btc-updown-5m-1783712400,Down,1783712423,0.67,50.0
805,btc-updown-5m-1783712400,Down,1783712423,0.67,50.0
806,btc-updown-5m-1783712100,Up,1783712344,0.94,50.0
807,btc-updown-5m-1783712100,Down,1783712344,0.02,50.0
808,btc-updown-5m-1783712100,Down,1783712269,0.04,50.0
809,btc-updown-5m-1783712100,Down,1783712254,0.07,50.0
810,btc-updown-5m-1783712100,Down,1783712254,0.07,42.73
811,btc-updown-5m-1783712100,Up,1783712134,0.69,29.25
812,btc-updown-5m-1783712100,Up,1783712132,0.69,50.0
813,btc-updown-5m-1783711800,Down,1783711918,0.18,50.0
814,btc-updown-5m-1783711500,Up,1783711613,0.78,50.0
815,btc-updown-5m-1783711500,Up,1783711613,0.78,50.0
816,btc-updown-5m-1783711500,Down,1783711588,0.3,50.0
817,btc-updown-5m-1783711500,Up,1783711562,0.58,30.0
818,btc-updown-5m-1783711500,Up,1783711559,0.48,50.0
819,btc-updown-5m-1783711200,Down,1783711453,0.96,40.73
820,btc-updown-5m-1783710900,Up,1783711163,0.02,50.0
821,btc-updown-5m-1783710900,Up,1783711153,0.07,50.0
822,btc-updown-5m-1783710900,Down,1783711127,0.37,50.0
823,btc-updown-5m-1783710900,Up,1783711117,0.42,50.0
824,btc-updown-5m-1783710900,Down,1783711093,0.62,17.31
825,btc-updown-5m-1783710900,Down,1783711084,0.55,46.04
826,btc-updown-5m-1783710900,Down,1783711084,0.55,50.0
827,btc-updown-5m-1783710900,Down,1783711051,0.73,27.0
828,btc-updown-5m-1783710900,Down,1783711039,0.49,50.0
829,btc-updown-5m-1783710600,Up,1783710872,0.97,50.0
830,btc-updown-5m-1783710600,Up,1783710857,0.91,50.0
831,btc-updown-5m-1783710600,Up,1783710845,0.8,50.0
832,btc-updown-5m-1783710600,Up,1783710838,0.82,11.4
833,btc-updown-5m-1783710600,Up,1783710826,0.68,45.0
834,btc-updown-5m-1783710600,Up,1783710824,0.68,50.0
835,btc-updown-5m-1783710600,Down,1783710815,0.31,50.0
836,btc-updown-5m-1783710600,Up,1783710814,0.7,50.0
837,btc-updown-5m-1783710600,Up,1783710689,0.71,50.0
838,btc-updown-5m-1783710600,Up,1783710610,0.6,3.01
839,btc-updown-5m-1783710600,Up,1783710604,0.57,5.0
840,btc-updown-5m-1783710300,Up,1783710545,0.93,40.0
841,btc-updown-5m-1783710300,Down,1783710542,0.07,38.74
842,btc-updown-5m-1783710300,Up,1783710523,0.86,16.18
843,btc-updown-5m-1783710300,Up,1783710521,0.8380165289,30.25
844,btc-updown-5m-1783710300,Up,1783710518,0.82,6.18
845,btc-updown-5m-1783710300,Down,1783710499,0.09,40.52
846,btc-updown-5m-1783710300,Down,1783710331,0.75,50.0
847,btc-updown-5m-1783710000,Up,1783710253,0.85,24.66
848,btc-updown-5m-1783710000,Up,1783710232,0.73,50.0
849,btc-updown-5m-1783710000,Up,1783710232,0.7,15.0
850,btc-updown-5m-1783710000,Down,1783710163,0.25,23.57
851,btc-updown-5m-1783710000,Up,1783710043,0.3,50.0
852,btc-updown-5m-1783709700,Up,1783709863,0.86,2.62
853,btc-updown-5m-1783709700,Down,1783709851,0.11,50.0
854,btc-updown-5m-1783709700,Down,1783709851,0.11,50.0
855,btc-updown-5m-1783709700,Up,1783709740,0.72,50.0
856,btc-updown-5m-1783709700,Up,1783709740,0.72,0.19
857,btc-updown-5m-1783709400,Down,1783709629,0.92,50.0
858,btc-updown-5m-1783709400,Down,1783709629,0.92,50.0
859,btc-updown-5m-1783709400,Up,1783709602,0.07,50.0
860,btc-updown-5m-1783709400,Down,1783709518,0.74,50.0
861,btc-updown-5m-1783709400,Down,1783709510,0.74,50.0
862,btc-updown-5m-1783709100,Up,1783709338,0.3,50.0
863,btc-updown-5m-1783709100,Down,1783709338,0.7,50.0
864,btc-updown-5m-1783709100,Up,1783709300,0.11,50.0
865,btc-updown-5m-1783709100,Down,1783709296,0.85,50.0
866,btc-updown-5m-1783709100,Down,1783709296,0.85,50.0
867,btc-updown-5m-1783709100,Down,1783709263,0.75,50.0
868,btc-updown-5m-1783709100,Down,1783709263,0.75,50.0
869,btc-updown-5m-1783709100,Down,1783709204,0.75,50.0
870,btc-updown-5m-1783709100,Down,1783709204,0.75,50.0
871,btc-updown-5m-1783708800,Up,1783709003,0.33,50.0
872,btc-updown-5m-1783708800,Down,1783708967,0.83,50.0
873,btc-updown-5m-1783708800,Down,1783708925,0.76,50.0
874,btc-updown-5m-1783708500,Down,1783708786,0.96,50.0
875,btc-updown-5m-1783708500,Up,1783708781,0.02,65.0
876,btc-updown-5m-1783708500,Up,1783708774,0.02,50.0
877,btc-updown-5m-1783708500,Down,1783708760,0.91,50.0
878,btc-updown-5m-1783708500,Down,1783708735,0.95,29.81
879,btc-updown-5m-1783708500,Up,1783708712,0.09,5.0
880,btc-updown-5m-1783708500,Up,1783708684,0.11,45.0
881,btc-updown-5m-1783708500,Up,1783708682,0.11,50.0
882,btc-updown-5m-1783708500,Up,1783708673,0.12,11.72
883,btc-updown-5m-1783708500,Down,1783708586,0.7,9.77
884,btc-updown-5m-1783708500,Up,1783708573,0.52,37.0
885,btc-updown-5m-1783708200,Down,1783708481,0.8,40.0
886,btc-updown-5m-1783708200,Up,1783708478,0.16,1.12
887,btc-updown-5m-1783708200,Down,1783708460,0.57,50.0
888,btc-updown-5m-1783708200,Down,1783708460,0.57,50.0
889,btc-updown-5m-1783707900,Down,1783708175,0.91,32.8
890,btc-updown-5m-1783707900,Up,1783708174,0.07,25.0
891,btc-updown-5m-1783707900,Up,1783708156,0.13,5.0
892,btc-updown-5m-1783707900,Down,1783708132,0.59,49.99
893,btc-updown-5m-1783707900,Down,1783708129,0.32,10.0
894,btc-updown-5m-1783707900,Up,1783708106,0.48,11.18
895,btc-updown-5m-1783707900,Up,1783708096,0.5,50.0
896,btc-updown-5m-1783707900,Up,1783708093,0.49,15.59
897,btc-updown-5m-1783707900,Up,1783708093,0.48,11.14
898,btc-updown-5m-1783707900,Down,1783707997,0.75,50.0
899,btc-updown-5m-1783707900,Down,1783707997,0.74,28.28
900,btc-updown-5m-1783707900,Down,1783707967,0.58,21.0
901,btc-updown-5m-1783707900,Down,1783707925,0.31,11.09
902,btc-updown-5m-1783707600,Up,1783707842,0.92,17.66
903,btc-updown-5m-1783707600,Up,1783707811,0.89,50.0
904,btc-updown-5m-1783707600,Down,1783707784,0.07,50.0
905,btc-updown-5m-1783707600,Up,1783707697,0.61,5.0
906,btc-updown-5m-1783707300,Down,1783707574,0.88,25.0
907,btc-updown-5m-1783707300,Down,1783707574,0.88,50.0
908,btc-updown-5m-1783707300,Up,1783707571,0.11,50.0
909,btc-updown-5m-1783707300,Down,1783707563,0.87,50.0
910,btc-updown-5m-1783707300,Down,1783707545,0.91,35.0
911,btc-updown-5m-1783707300,Down,1783707545,0.91,50.0
912,btc-updown-5m-1783707300,Down,1783707539,0.92,50.0
913,btc-updown-5m-1783707300,Down,1783707539,0.92,28.71
914,btc-updown-5m-1783707300,Up,1783707514,0.11,50.0
915,btc-updown-5m-1783707300,Up,1783707449,0.18,29.45
916,btc-updown-5m-1783707300,Up,1783707449,0.18,50.0
917,btc-updown-5m-1783707000,Down,1783707218,0.95,50.0
918,btc-updown-5m-1783707000,Up,1783707205,0.03,50.0
919,btc-updown-5m-1783707000,Up,1783707191,0.15,50.0
920,btc-updown-5m-1783707000,Up,1783707166,0.2,50.0
921,btc-updown-5m-1783707000,Down,1783707158,0.75,50.0
922,btc-updown-5m-1783707000,Down,1783707158,0.75,50.0
923,btc-updown-5m-1783707000,Up,1783707026,0.7390275933,51.418915
924,btc-updown-5m-1783707000,Up,1783707025,0.7299999953,52.739725
925,btc-updown-5m-1783706700,Down,1783706980,0.02,18.12
926,btc-updown-5m-1783706700,Down,1783706971,0.02,50.0
927,btc-updown-5m-1783706700,Down,1783706966,0.03,50.0
928,btc-updown-5m-1783706700,Up,1783706962,0.93,10.0
929,btc-updown-5m-1783706700,Up,1783706962,0.93,50.0
930,btc-updown-5m-1783706700,Down,1783706962,0.08,35.86
931,btc-updown-5m-1783706700,Up,1783706954,0.85,50.0
932,btc-updown-5m-1783706700,Up,1783706924,0.82,50.0
933,btc-updown-5m-1783706700,Up,1783706891,0.57,8.82
934,btc-updown-5m-1783706700,Down,1783706800,0.49,30.0
935,btc-updown-5m-1783706700,Down,1783706707,0.39,22.54
936,btc-updown-5m-1783706400,Down,1783706552,0.02,50.0
937,btc-updown-5m-1783706400,Up,1783706531,0.9423896499,32.85
938,btc-updown-5m-1783706400,Up,1783706467,0.92,50.0
939,btc-updown-5m-1783706400,Up,1783706446,0.89,50.0
940,btc-updown-5m-1783706400,Up,1783706429,0.81,1.32
941,btc-updown-5m-1783706400,Up,1783706428,0.79,50.0
942,btc-updown-5m-1783706100,Up,1783706344,0.04,50.0
943,btc-updown-15m-1783705500,Down,1783706335,0.96,30.0
944,btc-updown-15m-1783705500,Up,1783706329,0.04,30.0
945,btc-updown-5m-1783706100,Up,1783706324,0.05,50.0
946,btc-updown-15m-1783705500,Down,1783706308,0.67,30.0
947,btc-updown-15m-1783705500,Down,1783706308,0.67,30.0
948,btc-updown-15m-1783705500,Down,1783706251,0.41,1.63
949,btc-updown-15m-1783705500,Up,1783706230,0.81,25.0
950,btc-updown-15m-1783705500,Up,1783706228,0.81,30.0
951,btc-updown-15m-1783705500,Up,1783706228,0.81,30.0
952,btc-updown-15m-1783705500,Down,1783706224,0.17,30.0
953,btc-updown-5m-1783706100,Down,1783706219,0.1,49.92
954,btc-updown-15m-1783705500,Down,1783706219,0.14,30.0
955,btc-updown-15m-1783705500,Up,1783706218,0.86,15.0
956,btc-updown-15m-1783705500,Down,1783706177,0.22,30.0
957,btc-updown-15m-1783705500,Up,1783706156,0.7,25.0
958,btc-updown-5m-1783706100,Up,1783706156,0.77,40.0
959,btc-updown-15m-1783705500,Up,1783706152,0.65,10.0
960,btc-updown-15m-1783705500,Up,1783706152,0.65,30.0
961,btc-updown-15m-1783705500,Up,1783706105,0.44,3.83
962,btc-updown-5m-1783705800,Down,1783706044,0.94,15.0
963,btc-updown-5m-1783705800,Down,1783706038,0.91,12.8
964,btc-updown-5m-1783705800,Down,1783706005,0.85,40.0
965,btc-updown-5m-1783705800,Up,1783705976,0.17,19.87
966,btc-updown-5m-1783705800,Up,1783705976,0.17,40.0
967,btc-updown-15m-1783705500,Up,1783705969,0.59,9.0
968,btc-updown-15m-1783705500,Up,1783705912,0.48,11.5
969,btc-updown-15m-1783705500,Up,1783705910,0.48,30.0
970,btc-updown-15m-1783705500,Up,1783705910,0.48,30.0
971,btc-updown-15m-1783705500,Down,1783705900,0.48,30.0
972,btc-updown-15m-1783705500,Down,1783705900,0.48,30.0
973,btc-updown-5m-1783705800,Down,1783705871,0.75,40.0
974,btc-updown-15m-1783705500,Down,1783705870,0.43,7.0
975,btc-updown-5m-1783705800,Down,1783705870,0.74,15.49
976,btc-updown-15m-1783705500,Down,1783705823,0.24,30.0
977,btc-updown-15m-1783705500,Up,1783705801,0.68,9.0
978,btc-updown-15m-1783705500,Up,1783705769,0.67,30.0
979,btc-updown-15m-1783705500,Up,1783705760,0.67,30.0
980,btc-updown-5m-1783705500,Up,1783705759,0.85,2.4
981,btc-updown-5m-1783705500,Up,1783705757,0.85,40.0
982,btc-updown-5m-1783705500,Up,1783705756,0.85,40.0
983,btc-updown-5m-1783705500,Up,1783705756,0.85,40.0
984,btc-updown-15m-1783705500,Up,1783705754,0.54,14.0
985,btc-updown-5m-1783705500,Up,1783705736,0.76,40.0
986,btc-updown-15m-1783705500,Up,1783705727,0.6,30.0
987,btc-updown-5m-1783705500,Up,1783705727,0.76,17.86
988,btc-updown-15m-1783705500,Up,1783705726,0.6,30.0
989,btc-updown-5m-1783705500,Up,1783705726,0.75,31.0
990,btc-updown-15m-1783705500,Up,1783705726,0.58,1.0
991,btc-updown-15m-1783705500,Down,1783705649,0.63,30.0
992,btc-updown-15m-1783705500,Down,1783705648,0.63,13.03
993,btc-updown-5m-1783705500,Down,1783705601,0.65,40.0
994,btc-updown-15m-1783705500,Down,1783705505,0.46,22.0
995,btc-updown-5m-1783705200,Up,1783705480,0.76,1.48
996,btc-updown-5m-1783705200,Down,1783705471,0.17,40.0
997,btc-updown-5m-1783705200,Down,1783705471,0.17,40.0
998,btc-updown-5m-1783705200,Up,1783705457,0.67,10.0
999,btc-updown-5m-1783705200,Up,1783705457,0.68,40.0
1000,btc-updown-5m-1783705200,Up,1783705457,0.68,40.0
1001,btc-updown-5m-1783705200,Up,1783705453,0.4,40.0
1002,btc-updown-5m-1783705200,Up,1783705409,0.76,40.0
1003,btc-updown-15m-1783704600,Down,1783705268,0.98,30.0
1004,btc-updown-15m-1783704600,Down,1783705264,0.98,30.0
1005,btc-updown-15m-1783704600,Up,1783705235,0.03,15.44
1006,btc-updown-15m-1783704600,Up,1783705175,0.04,30.0
1007,btc-updown-15m-1783704600,Down,1783705111,0.93,30.0
1008,btc-updown-15m-1783704600,Down,1783705111,0.93,30.0
1009,btc-updown-15m-1783704600,Down,1783705025,0.87,25.0
1010,btc-updown-15m-1783704600,Down,1783705001,0.81,5.0
1011,btc-updown-5m-1783704900,Down,1783705001,0.41,40.0
1012,btc-updown-15m-1783704600,Down,1783705001,0.81,30.0
1013,btc-updown-15m-1783704600,Down,1783705000,0.81,30.0
1014,btc-updown-15m-1783704600,Up,1783704986,0.15,10.0
1015,btc-updown-5m-1783704900,Up,1783704934,0.51,25.0
1016,btc-updown-15m-1783704600,Down,1783704854,0.84,25.0
1017,btc-updown-15m-1783704600,Down,1783704802,0.83,29.0
1018,btc-updown-15m-1783704600,Down,1783704751,0.76,22.0
1019,btc-updown-15m-1783704600,Down,1783704746,0.75,15.05
1020,btc-updown-15m-1783704600,Down,1783704662,0.58,14.85
1021,btc-updown-15m-1783704600,Down,1783704662,0.56,9.0
1022,btc-updown-15m-1783704600,Down,1783704661,0.55,12.1
1023,btc-updown-15m-1783704600,Down,1783704623,0.61,5.0
1024,btc-updown-15m-1783703700,Up,1783704587,0.97,0.12
1025,btc-updown-5m-1783704300,Down,1783704586,0.06,17.14
1026,btc-updown-5m-1783704300,Down,1783704586,0.06,40.0
1027,btc-updown-5m-1783704300,Up,1783704583,0.92,40.0
1028,btc-updown-15m-1783703700,Up,1783704581,0.95,7.02
1029,btc-updown-15m-1783703700,Up,1783704577,0.94,4.57
1030,btc-updown-5m-1783704300,Up,1783704574,0.91,33.4
1031,btc-updown-15m-1783703700,Down,1783704571,0.09,30.0
1032,btc-updown-15m-1783703700,Down,1783704571,0.09,30.0
1033,btc-updown-15m-1783703700,Up,1783704568,0.91,20.0
1034,btc-updown-15m-1783703700,Up,1783704568,0.91,29.04
1035,btc-updown-15m-1783703700,Up,1783704566,0.91,25.0
1036,btc-updown-15m-1783703700,Up,1783704565,0.91,30.0
1037,btc-updown-15m-1783703700,Up,1783704563,0.91,30.0
1038,btc-updown-5m-1783704300,Up,1783704563,0.88,20.0
1039,btc-updown-5m-1783704300,Up,1783704563,0.88,40.0
1040,btc-updown-15m-1783703700,Up,1783704563,0.91,10.0
1041,btc-updown-5m-1783704300,Up,1783704563,0.88,40.0
1042,btc-updown-15m-1783703700,Down,1783704562,0.09,30.0
1043,btc-updown-15m-1783703700,Down,1783704562,0.09,30.0
1044,btc-updown-15m-1783703700,Down,1783704560,0.08,15.0
1045,btc-updown-15m-1783703700,Up,1783704557,0.94,30.0
1046,btc-updown-15m-1783703700,Up,1783704554,0.94,30.0
1047,btc-updown-15m-1783703700,Down,1783704544,0.07,8.0
1048,btc-updown-15m-1783703700,Down,1783704544,0.06,21.21
1049,btc-updown-15m-1783703700,Up,1783704541,0.95,30.0
1050,btc-updown-15m-1783703700,Up,1783704536,0.95,30.0
1051,btc-updown-15m-1783703700,Down,1783704535,0.05,30.0
1052,btc-updown-15m-1783703700,Down,1783704535,0.05,30.0
1053,btc-updown-15m-1783703700,Up,1783704532,0.93,20.0
1054,btc-updown-15m-1783703700,Up,1783704532,0.93,20.0
1055,btc-updown-15m-1783703700,Up,1783704527,0.93,30.0
1056,btc-updown-15m-1783703700,Up,1783704515,0.91,30.0
1057,btc-updown-15m-1783703700,Up,1783704515,0.91,30.0
1058,btc-updown-15m-1783703700,Up,1783704514,0.91,10.0
1059,btc-updown-15m-1783703700,Up,1783704514,0.91,25.0
1060,btc-updown-15m-1783703700,Up,1783704476,0.89,30.0
1061,btc-updown-15m-1783703700,Up,1783704454,0.87,30.0
1062,btc-updown-15m-1783703700,Up,1783704454,0.87,30.0
1063,btc-updown-15m-1783703700,Down,1783704445,0.12,30.0
1064,btc-updown-15m-1783703700,Down,1783704445,0.12,30.0
1065,btc-updown-15m-1783703700,Up,1783704428,0.85,13.87
1066,btc-updown-15m-1783703700,Down,1783704427,0.15,13.0
1067,btc-updown-15m-1783703700,Down,1783704427,0.15,30.0
1068,btc-updown-15m-1783703700,Up,1783704422,0.83,5.0
1069,btc-updown-15m-1783703700,Up,1783704422,0.82,22.28
1070,btc-updown-15m-1783703700,Up,1783704413,0.71,20.0
1071,btc-updown-15m-1783703700,Down,1783704404,0.28,12.0
1072,btc-updown-15m-1783703700,Up,1783704391,0.76,26.0
1073,btc-updown-15m-1783703700,Up,1783704389,0.74,30.0
1074,btc-updown-15m-1783703700,Up,1783704374,0.81,30.0
1075,btc-updown-15m-1783703700,Down,1783704346,0.3,24.66
1076,btc-updown-15m-1783703700,Up,1783704284,0.46,30.0
1077,btc-updown-15m-1783703700,Up,1783704284,0.45,7.0
1078,btc-updown-15m-1783703700,Up,1783704284,0.44,7.0
1079,btc-updown-15m-1783703700,Down,1783704278,0.67,30.0
1080,btc-updown-5m-1783704000,Up,1783704266,0.93,40.0
1081,btc-updown-5m-1783704000,Up,1783704266,0.93,40.0
1082,btc-updown-5m-1783704000,Up,1783704265,0.94,13.05
1083,btc-updown-15m-1783703700,Up,1783704250,0.22,30.0
1084,btc-updown-5m-1783704000,Up,1783704142,0.88,8.89
1085,btc-updown-15m-1783703700,Up,1783704134,0.31,0.77
1086,btc-updown-5m-1783703700,Down,1783703947,0.85,29.28
1087,btc-updown-15m-1783703700,Up,1783703945,0.38,22.0
1088,btc-updown-5m-1783703700,Down,1783703926,0.78,31.0
1089,btc-updown-15m-1783703700,Up,1783703707,0.51,30.0
1090,btc-updown-15m-1783702800,Down,1783703584,0.992,30.0
1091,btc-updown-15m-1783702800,Up,1783703428,0.01,100.0
1092,btc-updown-5m-1783703100,Down,1783703336,0.97,40.0
1093,btc-updown-15m-1783702800,Down,1783703332,0.85,30.0
1094,btc-updown-5m-1783703100,Down,1783703330,0.97,14.32
1095,btc-updown-15m-1783702800,Up,1783703270,0.15,30.0
1096,btc-updown-15m-1783702800,Up,1783703270,0.15,30.0
1097,btc-updown-15m-1783702800,Down,1783703198,0.71,23.75
1098,btc-updown-5m-1783702800,Up,1783703081,0.56,22.14
1099,btc-updown-5m-1783702800,Up,1783703072,0.1,40.0
1100,btc-updown-5m-1783702800,Down,1783703069,0.88,40.0
1101,btc-updown-5m-1783702800,Down,1783703069,0.88,40.0
1102,btc-updown-15m-1783702800,Down,1783702931,0.6,16.65
1103,btc-updown-5m-1783702800,Up,1783702925,0.36,15.0
1104,btc-updown-15m-1783702800,Up,1783702834,0.46,4.65
1105,btc-updown-5m-1783702500,Up,1783702639,0.9,40.0
1106,btc-updown-15m-1783701900,Down,1783702573,0.015,18.0
1107,btc-updown-15m-1783701900,Up,1783702556,0.97,5.0
1108,btc-updown-5m-1783702500,Up,1783702556,0.39,9.0
1109,btc-updown-15m-1783701900,Up,1783702544,0.962,10.0
1110,btc-updown-15m-1783701900,Up,1783702543,0.97,20.0
1111,btc-updown-15m-1783701900,Up,1783702496,0.96,10.0
1112,btc-updown-15m-1783701900,Up,1783702490,0.97,1.93
1113,btc-updown-15m-1783701900,Up,1783702490,0.97,20.0
1114,btc-updown-15m-1783701900,Up,1783702489,0.97,30.0
1115,btc-updown-15m-1783701900,Up,1783702297,0.93,30.0
1116,btc-updown-15m-1783701900,Up,1783702297,0.93,30.0
1117,btc-updown-15m-1783701900,Down,1783702256,0.1,10.11
1118,btc-updown-15m-1783701900,Down,1783702256,0.1,30.0
1119,btc-updown-15m-1783701900,Down,1783702255,0.1,30.0
1120,btc-updown-15m-1783701900,Up,1783702160,0.69,14.0
1121,btc-updown-15m-1783701900,Up,1783702093,0.64,10.0
1122,btc-updown-15m-1783701900,Down,1783702061,0.47,24.0
1123,btc-updown-15m-1783701900,Down,1783702006,0.39,5.0
1124,btc-updown-15m-1783701900,Up,1783701995,0.67,30.0
1125,btc-updown-15m-1783701900,Up,1783701995,0.67,30.0
1126,btc-updown-15m-1783701900,Up,1783701970,0.54,23.0
1127,btc-updown-15m-1783701900,Down,1783701929,0.51,30.0
1128,btc-updown-15m-1783701900,Up,1783701908,0.51,30.0
1129,btc-updown-15m-1783701000,Up,1783701850,0.015,18.0
1130,btc-updown-15m-1783701000,Down,1783701847,0.96,30.0
1131,btc-updown-15m-1783701000,Down,1783701847,0.96,30.0
1132,btc-updown-15m-1783701000,Up,1783701841,0.04,31.5
1133,btc-updown-15m-1783701000,Down,1783701838,0.92,4.48
1134,btc-updown-15m-1783701000,Up,1783701826,0.073,18.0
1135,btc-updown-15m-1783701000,Up,1783701821,0.073,18.0
1136,btc-updown-15m-1783701000,Up,1783701814,0.05,30.0
1137,btc-updown-15m-1783701000,Up,1783701814,0.04,20.0
1138,btc-updown-15m-1783701000,Up,1783701809,0.05,30.0
1139,btc-updown-15m-1783701000,Down,1783701794,0.97,30.0
1140,btc-updown-15m-1783701000,Up,1783701790,0.02,52.5
1141,btc-updown-15m-1783701000,Up,1783701763,0.023,39.0
1142,btc-updown-15m-1783701000,Up,1783701754,0.032,18.0
1143,btc-updown-15m-1783701000,Up,1783701727,0.08,27.0
1144,btc-updown-15m-1783701000,Up,1783701725,0.06,10.62
1145,btc-updown-15m-1783701000,Up,1783701719,0.07,30.0
1146,btc-updown-15m-1783701000,Up,1783701712,0.05,11.0
1147,btc-updown-15m-1783701000,Down,1783701697,0.92,30.0
1148,btc-updown-15m-1783701000,Down,1783701683,0.88,6.98
1149,btc-updown-15m-1783701000,Down,1783701673,0.901,25.0
1150,btc-updown-15m-1783701000,Up,1783701670,0.06,5.0
1151,btc-updown-15m-1783701000,Up,1783701640,0.03,15.0
1152,btc-updown-15m-1783701000,Up,1783701608,0.03,20.0
1153,btc-updown-15m-1783701000,Down,1783701269,0.45,3.03
1154,btc-updown-15m-1783700100,Up,1783700942,0.02,50.0
1155,btc-updown-15m-1783700100,Up,1783700942,0.02,52.5
1156,btc-updown-15m-1783700100,Down,1783700939,0.96,30.0
1157,btc-updown-15m-1783700100,Up,1783700923,0.06,30.0
1158,btc-updown-15m-1783700100,Up,1783700923,0.06,30.0
1159,btc-updown-15m-1783700100,Down,1783700905,0.76,10.0
1160,btc-updown-15m-1783700100,Down,1783700845,0.85,9.0
1161,btc-updown-15m-1783700100,Down,1783700845,0.84,5.0
1162,btc-updown-15m-1783700100,Up,1783700837,0.15,25.42
1163,btc-updown-15m-1783700100,Up,1783700825,0.19,7.0
1164,btc-updown-15m-1783700100,Down,1783700822,0.82,10.0
1165,btc-updown-15m-1783700100,Down,1783700822,0.82,10.0
1166,btc-updown-15m-1783700100,Down,1783700822,0.82,5.0
1167,btc-updown-15m-1783700100,Up,1783700807,0.14,30.0
1168,btc-updown-15m-1783700100,Down,1783700798,0.81,15.0
1169,btc-updown-15m-1783700100,Down,1783700797,0.81,30.0
1170,btc-updown-15m-1783700100,Down,1783700797,0.8,5.0
1171,btc-updown-15m-1783700100,Up,1783700795,0.17,30.0
1172,btc-updown-15m-1783700100,Down,1783700773,0.82,25.0
1173,btc-updown-15m-1783700100,Up,1783700765,0.12,30.0
1174,btc-updown-15m-1783700100,Down,1783700713,0.76,30.0
1175,btc-updown-15m-1783700100,Up,1783700711,0.25,30.0
1176,btc-updown-15m-1783700100,Up,1783700710,0.24,12.18
1177,btc-updown-15m-1783700100,Down,1783700696,0.76,3.36
1178,btc-updown-15m-1783700100,Down,1783700434,0.45,7.0
1179,btc-updown-15m-1783700100,Down,1783700314,0.46,30.0
1180,btc-updown-15m-1783700100,Down,1783700275,0.39,30.0
1181,btc-updown-15m-1783700100,Up,1783700195,0.75,30.0
1182,btc-updown-15m-1783699200,Down,1783700071,0.06,6.33
1183,btc-updown-15m-1783699200,Down,1783700071,0.05,30.0
1184,btc-updown-15m-1783699200,Down,1783700071,0.05,30.0
1185,btc-updown-15m-1783699200,Down,1783700045,0.25,1.51
1186,btc-updown-15m-1783699200,Down,1783700039,0.35,30.0
1187,btc-updown-15m-1783699200,Down,1783700039,0.35,30.0
1188,btc-updown-15m-1783699200,Up,1783700033,0.47,30.0
1189,btc-updown-15m-1783699200,Up,1783700023,0.57,12.27
1190,btc-updown-15m-1783699200,Up,1783699999,0.69,30.0
1191,btc-updown-15m-1783699200,Up,1783699972,0.36,30.0
1192,btc-updown-15m-1783699200,Up,1783699958,0.41,30.0
1193,btc-updown-15m-1783699200,Down,1783699949,0.58,30.0
1194,btc-updown-15m-1783699200,Up,1783699918,0.23,1.77
1195,btc-updown-15m-1783699200,Up,1783699918,0.23,30.0
1196,btc-updown-15m-1783699200,Up,1783699859,0.46,16.49
1197,btc-updown-15m-1783699200,Down,1783699816,0.77,20.0
1198,btc-updown-15m-1783699200,Down,1783699816,0.77,20.0
1199,btc-updown-15m-1783699200,Up,1783699780,0.33,10.0
1200,btc-updown-15m-1783699200,Down,1783699774,0.71,30.0
1201,btc-updown-15m-1783699200,Up,1783699714,0.32,5.0
1202,btc-updown-15m-1783699200,Down,1783699538,0.62,30.0
1203,btc-updown-15m-1783699200,Down,1783699378,0.67,30.0
1204,btc-updown-15m-1783699200,Down,1783699376,0.67,14.49
1205,btc-updown-15m-1783698300,Up,1783699136,0.97,5.0
1206,btc-updown-15m-1783698300,Up,1783699135,0.97,30.0
1207,btc-updown-15m-1783698300,Up,1783699135,0.97,30.0
1208,btc-updown-15m-1783698300,Up,1783699132,0.97,30.0
1209,btc-updown-15m-1783698300,Down,1783699124,0.04,30.0
1210,btc-updown-15m-1783698300,Up,1783699120,0.96,30.0
1211,btc-updown-15m-1783698300,Up,1783699120,0.96,30.0
1212,btc-updown-15m-1783698300,Down,1783699102,0.09,30.0
1213,btc-updown-15m-1783698300,Down,1783699102,0.07,20.0
1214,btc-updown-15m-1783698300,Down,1783699082,0.04,30.0
1215,btc-updown-15m-1783698300,Up,1783699073,0.94,1.72
1216,btc-updown-15m-1783698300,Up,1783699073,0.94,10.0
1217,btc-updown-15m-1783698300,Up,1783699072,0.91,25.0
1218,btc-updown-15m-1783698300,Up,1783699061,0.87,20.08
1219,btc-updown-15m-1783698300,Up,1783699061,0.87,30.0
1220,btc-updown-15m-1783698300,Down,1783699046,0.07,19.0
1221,btc-updown-15m-1783698300,Down,1783699046,0.07,30.0
1222,btc-updown-15m-1783698300,Down,1783699046,0.07,30.0
1223,btc-updown-15m-1783698300,Down,1783699045,0.06,4.33
1224,btc-updown-15m-1783698300,Up,1783699030,0.94,15.0
1225,btc-updown-15m-1783698300,Up,1783699025,0.94,25.0
1226,btc-updown-15m-1783698300,Up,1783699025,0.94,20.0
1227,btc-updown-15m-1783698300,Up,1783699024,0.93,4.29
1228,btc-updown-15m-1783698300,Up,1783699022,0.9,5.0
1229,btc-updown-15m-1783698300,Up,1783699000,0.88,29.56
1230,btc-updown-15m-1783698300,Down,1783698979,0.05,30.0
1231,btc-updown-15m-1783698300,Up,1783698968,0.9,30.0
1232,btc-updown-15m-1783698300,Up,1783698959,0.91,1.12
1233,btc-updown-15m-1783698300,Up,1783698952,0.93,30.0
1234,btc-updown-15m-1783698300,Down,1783698949,0.07,30.0
1235,btc-updown-15m-1783698300,Down,1783698920,0.12,30.0
1236,btc-updown-15m-1783698300,Up,1783698755,0.77,29.77
1237,btc-updown-15m-1783698300,Up,1783698745,0.72,17.16
1238,btc-updown-15m-1783698300,Up,1783698743,0.71,30.0
1239,btc-updown-15m-1783698300,Down,1783698617,0.36,10.55
1240,btc-updown-15m-1783698300,Down,1783698608,0.33,8.0
1241,btc-updown-15m-1783698300,Up,1783698601,0.67,5.0
1242,btc-updown-15m-1783698300,Up,1783698491,0.62,30.0
1243,btc-updown-15m-1783698300,Up,1783698380,0.62,5.0
1244,btc-updown-15m-1783697400,Up,1783697938,0.08,0.06
1245,btc-updown-15m-1783697400,Down,1783697918,0.86,10.4
1246,btc-updown-15m-1783697400,Down,1783697818,0.87,30.0
1247,btc-updown-15m-1783697400,Down,1783697726,0.68,30.0
1248,btc-updown-15m-1783697400,Down,1783697725,0.68,30.0
1249,btc-updown-15m-1783697400,Down,1783697714,0.72,10.0
1250,btc-updown-15m-1783696500,Up,1783697069,0.95,30.0
1251,btc-updown-15m-1783696500,Up,1783697021,0.9,30.0
1252,btc-updown-15m-1783696500,Up,1783696990,0.87,0.16
1253,btc-updown-15m-1783696500,Up,1783696963,0.91,30.0
1254,btc-updown-15m-1783696500,Up,1783696942,0.92,30.0
1255,btc-updown-15m-1783696500,Up,1783696940,0.92,30.0
1256,btc-updown-15m-1783696500,Up,1783696816,0.74,30.0
1257,btc-updown-15m-1783696500,Up,1783696804,0.78,30.0
1258,btc-updown-15m-1783696500,Up,1783696804,0.7799999954,30.384613
1259,btc-updown-15m-1783696500,Up,1783696804,0.79,30.0
1260,btc-updown-15m-1783695600,Down,1783696427,0.03,20.0
1261,btc-updown-15m-1783695600,Down,1783696417,0.02,50.0
1262,btc-updown-15m-1783695600,Up,1783696391,0.97,25.0
1263,btc-updown-15m-1783695600,Down,1783696384,0.05,30.0
1264,btc-updown-15m-1783695600,Down,1783696382,0.04,10.0
1265,btc-updown-15m-1783695600,Up,1783696378,0.96,25.0
1266,btc-updown-15m-1783695600,Down,1783696363,0.04,30.0
1267,btc-updown-15m-1783695600,Up,1783696310,0.91,15.0
1268,btc-updown-15m-1783695600,Up,1783696310,0.91,15.0
1269,btc-updown-15m-1783695600,Down,1783696268,0.03,35.0
1270,btc-updown-15m-1783695600,Up,1783696202,0.92,25.0
1271,btc-updown-15m-1783695600,Up,1783696186,0.93,30.0
1272,btc-updown-15m-1783695600,Down,1783696145,0.06,30.0
1273,btc-updown-15m-1783695600,Down,1783696145,0.06,30.0
1274,btc-updown-15m-1783695600,Up,1783696082,0.87,14.1
1275,btc-updown-15m-1783695600,Down,1783696048,0.16,24.18
1276,btc-updown-5m-1783695600,Down,1783695787,0.06,40.0
1277,btc-updown-15m-1783695600,Up,1783695716,0.63,30.0
1278,btc-updown-15m-1783694700,Up,1783695311,0.11,30.0
1279,btc-updown-15m-1783694700,Down,1783695281,0.82,30.0
1280,btc-updown-15m-1783694700,Down,1783695259,0.85,30.0
1281,btc-updown-15m-1783694700,Down,1783695032,0.58,30.0
1282,btc-updown-15m-1783694700,Up,1783694845,0.41,30.0
1283,btc-updown-15m-1783694700,Up,1783694845,0.41,30.0
1284,btc-updown-15m-1783694700,Up,1783694845,0.41,30.0
1285,btc-updown-15m-1783693800,Up,1783694687,0.15,6.07
1286,btc-updown-5m-1783694400,Up,1783694687,0.46,40.0
1287,btc-updown-15m-1783693800,Up,1783694687,0.15,9.8
1288,btc-updown-15m-1783693800,Down,1783694684,0.7,28.44
1289,btc-updown-15m-1783693800,Up,1783694681,0.13,18.0
1290,btc-updown-15m-1783693800,Up,1783694681,0.13,1.0
1291,btc-updown-15m-1783693800,Up,1783694681,0.13,30.0
1292,btc-updown-5m-1783694400,Up,1783694678,0.23,40.0
1293,btc-updown-5m-1783694400,Up,1783694677,0.23,40.0
1294,btc-updown-15m-1783693800,Down,1783694672,0.85,5.0
1295,btc-updown-15m-1783693800,Down,1783694668,0.8,30.0
1296,btc-updown-15m-1783693800,Up,1783694666,0.14,30.0
1297,btc-updown-15m-1783693800,Down,1783694666,0.85,5.0
1298,btc-updown-15m-1783693800,Up,1783694632,0.21,30.0
1299,btc-updown-15m-1783693800,Down,1783694585,0.77,8.15
1300,btc-updown-15m-1783693800,Down,1783694584,0.77,30.0
1301,btc-updown-15m-1783693800,Down,1783694417,0.46,2.0
1302,btc-updown-15m-1783693800,Down,1783694416,0.45,30.0
1303,btc-updown-5m-1783694100,Up,1783694384,0.92,40.0
1304,btc-updown-5m-1783694100,Down,1783694369,0.02,50.0
1305,btc-updown-5m-1783694100,Down,1783694369,0.02,50.0
1306,btc-updown-15m-1783693800,Down,1783694135,0.67,15.0
1307,btc-updown-15m-1783693800,Down,1783694134,0.64,2.99
1308,btc-updown-15m-1783693800,Down,1783694104,0.64,13.32
1309,btc-updown-5m-1783693800,Up,1783694063,0.1,40.0
1310,btc-updown-5m-1783693800,Up,1783694048,0.16,40.0
1311,btc-updown-5m-1783693800,Down,1783694039,0.879999998,40.454541
1312,btc-updown-5m-1783693800,Down,1783694038,0.8799999822,40.454544
1313,btc-updown-5m-1783693800,Down,1783694020,0.96,40.0
1314,btc-updown-5m-1783693800,Down,1783694020,0.96,40.0
1315,btc-updown-15m-1783693800,Down,1783693994,0.81,30.0
1316,btc-updown-5m-1783693800,Up,1783693993,0.02,50.0
1317,btc-updown-5m-1783693800,Up,1783693993,0.04,40.0
1318,btc-updown-15m-1783693800,Down,1783693987,0.77,30.0
1319,btc-updown-5m-1783693800,Up,1783693976,0.2804095282,44.221033
1320,btc-updown-15m-1783693800,Down,1783693976,0.61,30.0
1321,btc-updown-5m-1783693800,Up,1783693975,0.3902439024,35.875
1322,btc-updown-5m-1783693800,Up,1783693973,0.3892584002,44.186584
1323,btc-updown-15m-1783693800,Down,1783693972,0.5399999948,30.555554
1324,btc-updown-5m-1783693800,Up,1783693972,0.3699999935,50.810809
1325,btc-updown-15m-1783693800,Down,1783693972,0.5399999948,30.555554
1326,btc-updown-15m-1783693800,Down,1783693867,0.48,5.0
1327,btc-updown-15m-1783692900,Up,1783693775,0.019,36.0
1328,btc-updown-15m-1783692900,Up,1783693774,0.04,5.0
1329,btc-updown-15m-1783692900,Up,1783693768,0.015,59.0
1330,btc-updown-15m-1783692900,Down,1783693765,0.96,30.0
1331,btc-updown-15m-1783692900,Up,1783693759,0.07,11.0
1332,btc-updown-15m-1783692900,Up,1783693748,0.08,25.0
1333,btc-updown-15m-1783692900,Up,1783693748,0.08,6.0
1334,btc-updown-15m-1783692900,Up,1783693747,0.08,30.0
1335,btc-updown-15m-1783692900,Down,1783693747,0.88,10.0
1336,btc-updown-15m-1783692900,Down,1783693745,0.93,20.0
1337,btc-updown-15m-1783692900,Up,1783693735,0.11,9.46
1338,btc-updown-15m-1783692900,Down,1783693730,0.89,21.62
1339,btc-updown-15m-1783692900,Down,1783693729,0.88,5.46
1340,btc-updown-15m-1783692900,Down,1783693721,0.89,30.0
1341,btc-updown-5m-1783693500,Up,1783693720,0.81,20.0
1342,btc-updown-5m-1783693500,Up,1783693720,0.8099999985,40.493826
1343,btc-updown-5m-1783693500,Up,1783693717,0.77,40.0
1344,btc-updown-5m-1783693500,Up,1783693717,0.77,40.0
1345,btc-updown-15m-1783692900,Up,1783693715,0.06,10.0
1346,btc-updown-5m-1783693500,Up,1783693712,0.64,40.0
1347,btc-updown-15m-1783692900,Up,1783693712,0.05,11.31
1348,btc-updown-15m-1783692900,Up,1783693706,0.03,35.0
1349,btc-updown-15m-1783692900,Down,1783693583,0.91,30.0
1350,btc-updown-15m-1783692900,Down,1783693583,0.9,5.0
1351,btc-updown-15m-1783692900,Down,1783693498,0.84,30.0
1352,btc-updown-15m-1783692900,Down,1783693498,0.84,30.0
1353,btc-updown-15m-1783692900,Down,1783693439,0.84,30.0
1354,btc-updown-5m-1783693200,Down,1783693439,0.8299999966,26.506023
1355,btc-updown-5m-1783693200,Down,1783693435,0.89,40.0
1356,btc-updown-5m-1783693200,Up,1783693393,0.06,40.0
1357,btc-updown-5m-1783693200,Down,1783693378,0.85,40.0
1358,btc-updown-5m-1783693200,Down,1783693375,0.84,40.0
1359,btc-updown-5m-1783693200,Down,1783693373,0.84,40.0
1360,btc-updown-15m-1783692900,Down,1783693322,0.9,30.0
1361,btc-updown-5m-1783693200,Up,1783693313,0.07,40.0
1362,btc-updown-5m-1783693200,Up,1783693313,0.07,40.0
1363,btc-updown-15m-1783692900,Down,1783693273,0.78,19.0
1364,btc-updown-15m-1783692900,Down,1783693186,0.68,30.0
1365,btc-updown-5m-1783692900,Up,1783693141,0.03,40.0
1366,btc-updown-5m-1783692900,Up,1783693138,0.04,40.0
1367,btc-updown-5m-1783692900,Up,1783693138,0.04,60.0
1368,btc-updown-5m-1783692900,Up,1783692976,0.66,40.0
1369,btc-updown-5m-1783692900,Up,1783692976,0.66,40.0
1370,btc-updown-15m-1783692000,Down,1783692619,0.97,30.0
1371,btc-updown-5m-1783692300,Up,1783692568,0.01,100.0
1372,btc-updown-15m-1783692000,Down,1783692556,0.95,25.0
1373,btc-updown-15m-1783692000,Down,1783692554,0.95,30.0
1374,btc-updown-15m-1783692000,Down,1783692517,0.95,30.0
1375,btc-updown-5m-1783692300,Down,1783692509,0.89,40.0
1376,btc-updown-15m-1783692000,Down,1783692400,0.75,30.0
1377,btc-updown-15m-1783692000,Down,1783692364,0.84,13.36
1378,btc-updown-15m-1783692000,Down,1783692326,0.84,30.0
1379,btc-updown-15m-1783692000,Down,1783692181,0.54,2.0
1380,btc-updown-5m-1783691700,Up,1783691971,0.02,50.0
1381,btc-updown-15m-1783691100,Down,1783691935,0.0098389982,111.8
1382,btc-updown-15m-1783691100,Down,1783691930,0.0189999833,57.894735
1383,btc-updown-15m-1783691100,Down,1783691929,0.0189999833,57.894735
1384,btc-updown-5m-1783691700,Down,1783691923,0.88,40.0
1385,btc-updown-15m-1783691100,Up,1783691917,0.99,30.0
1386,btc-updown-15m-1783691100,Up,1783691909,0.96,23.26
1387,btc-updown-15m-1783691100,Down,1783691896,0.043,30.0
1388,btc-updown-15m-1783691100,Up,1783691896,0.94,25.0
1389,btc-updown-15m-1783691100,Up,1783691888,0.949,30.0
1390,btc-updown-15m-1783691100,Down,1783691884,0.1109999729,31.35135
1391,btc-updown-15m-1783691100,Down,1783691879,0.0609999698,30.491802
1392,btc-updown-15m-1783691100,Down,1783691876,0.07,16.6
1393,btc-updown-15m-1783691100,Down,1783691875,0.051,18.0
1394,btc-updown-15m-1783691100,Down,1783691864,0.08,0.85
1395,btc-updown-15m-1783691100,Down,1783691861,0.06,5.25
1396,btc-updown-15m-1783691100,Up,1783691860,0.93,30.0
1397,btc-updown-5m-1783691700,Up,1783691855,0.06,40.0
1398,btc-updown-15m-1783691100,Down,1783691854,0.089999971,30.333332
1399,btc-updown-15m-1783691100,Down,1783691854,0.09,30.0
1400,btc-updown-15m-1783691100,Down,1783691843,0.04,25.0
1401,btc-updown-15m-1783691100,Up,1783691842,0.96,25.0
1402,btc-updown-15m-1783691100,Down,1783691824,0.04,30.0
1403,btc-updown-15m-1783691100,Down,1783691824,0.04,30.0
1404,btc-updown-15m-1783691100,Down,1783691822,0.03,21.0
1405,btc-updown-15m-1783691100,Down,1783691798,0.021,50.0
1406,btc-updown-15m-1783691100,Down,1783691768,0.03,35.0
1407,btc-updown-15m-1783691100,Up,1783691734,0.94,5.0
1408,btc-updown-15m-1783691100,Up,1783691732,0.94,5.0
1409,btc-updown-15m-1783691100,Up,1783691731,0.93,3.9
1410,btc-updown-15m-1783691100,Up,1783691714,0.91,5.0
1411,btc-updown-5m-1783691700,Down,1783691711,0.72,40.0
1412,btc-updown-15m-1783691100,Up,1783691708,0.94,30.0
1413,btc-updown-15m-1783691100,Up,1783691627,0.9381868354,30.057966
1414,btc-updown-15m-1783691100,Up,1783691626,0.929999999,30.322571
1415,btc-updown-5m-1783691400,Down,1783691530,0.06,40.0
1416,btc-updown-5m-1783691400,Down,1783691528,0.06,40.0
1417,btc-updown-15m-1783691100,Down,1783691528,0.02,50.0
1418,btc-updown-15m-1783691100,Up,1783691407,0.86,30.0
1419,btc-updown-15m-1783691100,Up,1783691189,0.65,30.0
1420,btc-updown-15m-1783691100,Down,1783691153,0.48,7.0
1421,btc-updown-15m-1783691100,Down,1783691150,0.44,26.2
1422,btc-updown-15m-1783691100,Down,1783691135,0.4,5.0
1423,btc-updown-15m-1783691100,Up,1783691116,0.51,18.53
1424,btc-updown-15m-1783691100,Up,1783691114,0.51,30.0
1425,btc-updown-5m-1783690800,Down,1783690972,0.06,20.0
1426,btc-updown-5m-1783690800,Down,1783690970,0.06,40.0
1427,btc-updown-5m-1783690800,Down,1783690970,0.06,40.0
1428,btc-updown-15m-1783690200,Down,1783690889,0.011,18.0
1429,btc-updown-15m-1783690200,Up,1783690877,0.96,5.0
1430,btc-updown-15m-1783690200,Up,1783690877,0.96,30.0
1431,btc-updown-15m-1783690200,Up,1783690871,0.95,30.0
1432,btc-updown-15m-1783690200,Up,1783690837,0.88,30.0
1433,btc-updown-15m-1783690200,Up,1783690835,0.87,30.0
1434,btc-updown-15m-1783690200,Down,1783690802,0.04,30.0
1435,btc-updown-15m-1783690200,Up,1783690759,0.87,11.7
1436,btc-updown-5m-1783690500,Up,1783690750,0.76,1.89
1437,btc-updown-15m-1783690200,Down,1783690724,0.09,25.31
1438,btc-updown-15m-1783690200,Up,1783690700,0.89,30.0
1439,btc-updown-15m-1783690200,Up,1783690685,0.91,9.34
1440,btc-updown-15m-1783690200,Down,1783690649,0.06,30.0
1441,btc-updown-15m-1783690200,Up,1783690606,0.81,23.76
1442,btc-updown-5m-1783690200,Down,1783690472,0.01,100.0
1443,btc-updown-5m-1783690200,Down,1783690444,0.01,100.0
1444,btc-updown-5m-1783690200,Up,1783690400,0.889999999,40.449436
1445,btc-updown-5m-1783690200,Up,1783690399,0.89,40.0
1446,btc-updown-5m-1783690200,Down,1783690394,0.11,40.0
1447,btc-updown-5m-1783690200,Up,1783690391,0.91,22.87
1448,btc-updown-5m-1783690200,Down,1783690348,0.08,40.0
1449,btc-updown-5m-1783690200,Up,1783690336,0.9,40.0
1450,btc-updown-5m-1783690200,Up,1783690336,0.9,40.0
1451,btc-updown-5m-1783690200,Down,1783690330,0.07,40.0
1452,btc-updown-5m-1783690200,Down,1783690330,0.07,40.0
1453,btc-updown-5m-1783690200,Down,1783690268,0.2134885814,46.840908
1454,btc-updown-5m-1783690200,Down,1783690265,0.25,40.0
1455,btc-updown-5m-1783690200,Down,1783690261,0.33,40.0
1456,btc-updown-15m-1783689300,Down,1783690091,0.95,30.0
1457,btc-updown-15m-1783689300,Down,1783690082,0.93,30.0
1458,btc-updown-15m-1783689300,Down,1783690078,0.94,25.0
1459,btc-updown-15m-1783689300,Down,1783690063,0.92,9.79
1460,btc-updown-15m-1783689300,Up,1783690030,0.12,30.0
1461,btc-updown-15m-1783689300,Up,1783690028,0.12,30.0
1462,btc-updown-15m-1783689300,Down,1783690000,0.85,20.0
1463,btc-updown-15m-1783689300,Down,1783690000,0.85,20.0
1464,btc-updown-5m-1783689900,Up,1783689968,0.14,40.0
1465,btc-updown-15m-1783689300,Down,1783689920,0.8,14.5
1466,btc-updown-15m-1783689300,Down,1783689920,0.74,7.41
1467,btc-updown-5m-1783689900,Down,1783689908,0.84,25.0
1468,btc-updown-5m-1783689900,Down,1783689908,0.84,40.0
1469,btc-updown-5m-1783689900,Down,1783689908,0.83,16.3
1470,btc-updown-5m-1783689900,Down,1783689905,0.76,40.0
1471,btc-updown-15m-1783689300,Down,1783689905,0.77,30.0
1472,btc-updown-15m-1783689300,Down,1783689905,0.77,30.0
1473,btc-updown-15m-1783689300,Up,1783689889,0.71,20.0
1474,btc-updown-15m-1783689300,Up,1783689887,0.71,30.0
1475,btc-updown-15m-1783689300,Down,1783689871,0.41,30.0
1476,btc-updown-15m-1783689300,Up,1783689860,0.6,20.67
1477,btc-updown-15m-1783689300,Up,1783689818,0.57,16.0
1478,btc-updown-15m-1783689300,Up,1783689817,0.58,30.0
1479,btc-updown-15m-1783689300,Up,1783689817,0.57,10.0
1480,btc-updown-5m-1783689600,Down,1783689808,0.04,40.0
1481,btc-updown-5m-1783689600,Down,1783689808,0.04,40.0
1482,btc-updown-15m-1783689300,Down,1783689796,0.49,18.39
1483,btc-updown-15m-1783689300,Up,1783689766,0.56,30.0
1484,btc-updown-15m-1783689300,Up,1783689758,0.48,12.5
1485,btc-updown-15m-1783689300,Up,1783689758,0.48,30.0
1486,btc-updown-15m-1783689300,Up,1783689758,0.43,7.0
1487,btc-updown-5m-1783689600,Up,1783689757,0.89,40.0
1488,btc-updown-15m-1783689300,Up,1783689757,0.42,6.61
1489,btc-updown-5m-1783689600,Up,1783689757,0.89,40.0
1490,btc-updown-15m-1783689300,Up,1783689757,0.42,30.0
1491,btc-updown-15m-1783689300,Down,1783689743,0.65,30.0
1492,btc-updown-15m-1783689300,Down,1783689721,0.75,30.0
1493,btc-updown-15m-1783689300,Down,1783689685,0.66,6.95
1494,btc-updown-15m-1783689300,Up,1783689668,0.36,20.4
1495,btc-updown-15m-1783689300,Up,1783689607,0.29,30.0
1496,btc-updown-15m-1783689300,Up,1783689569,0.3,30.0
1497,btc-updown-15m-1783689300,Up,1783689527,0.34,30.0
1498,btc-updown-15m-1783689300,Down,1783689512,0.63,30.0
1499,btc-updown-15m-1783689300,Down,1783689497,0.6,4.4
1500,btc-updown-15m-1783689300,Down,1783689487,0.57,16.54
1501,btc-updown-15m-1783689300,Up,1783689445,0.44,29.97
1502,btc-updown-15m-1783688400,Down,1783689227,0.96,30.0
1503,btc-updown-15m-1783688400,Down,1783689226,0.96,30.0
1504,btc-updown-15m-1783688400,Up,1783689226,0.04,30.0
1505,btc-updown-15m-1783688400,Down,1783689215,0.93,9.9
1506,btc-updown-15m-1783688400,Up,1783689211,0.09,30.0
1507,btc-updown-15m-1783688400,Up,1783689209,0.09,30.0
1508,btc-updown-15m-1783688400,Up,1783689199,0.11,30.0
1509,btc-updown-15m-1783688400,Up,1783689184,0.14,30.0
1510,btc-updown-5m-1783689000,Down,1783689175,0.9,7.76
1511,btc-updown-15m-1783688400,Down,1783689167,0.78,30.0
1512,btc-updown-15m-1783688400,Down,1783689167,0.78,30.0
1513,btc-updown-15m-1783688400,Down,1783689167,0.76,10.43
1514,btc-updown-15m-1783688400,Down,1783689167,0.75,16.4
1515,btc-updown-15m-1783688400,Up,1783689164,0.17,30.0
1516,btc-updown-15m-1783688400,Up,1783689160,0.16,30.0
1517,btc-updown-15m-1783688400,Down,1783689154,0.83,28.0
1518,btc-updown-15m-1783688400,Down,1783689113,0.76,30.0
1519,btc-updown-15m-1783688400,Down,1783689101,0.7,30.0
1520,btc-updown-15m-1783688400,Up,1783689073,0.55,30.0
1521,btc-updown-5m-1783689000,Down,1783689065,0.58,40.0
1522,btc-updown-5m-1783689000,Down,1783689065,0.58,28.37
1523,btc-updown-15m-1783688400,Down,1783689065,0.41,10.02
1524,btc-updown-15m-1783688400,Up,1783689040,0.77,5.0
1525,btc-updown-15m-1783688400,Down,1783689038,0.26,25.0
1526,btc-updown-15m-1783688400,Down,1783689037,0.25,29.29
1527,btc-updown-15m-1783688400,Down,1783689020,0.29,11.0
1528,btc-updown-15m-1783688400,Down,1783689019,0.27,30.0
1529,btc-updown-15m-1783688400,Up,1783688975,0.66,30.0
1530,btc-updown-15m-1783688400,Up,1783688974,0.66,30.0
1531,btc-updown-5m-1783688700,Up,1783688974,0.96,40.0
1532,btc-updown-5m-1783688700,Up,1783688974,0.96,40.0
1533,btc-updown-15m-1783688400,Up,1783688962,0.56,5.0
1534,btc-updown-5m-1783688700,Up,1783688962,0.89,39.95
1535,btc-updown-5m-1783688700,Down,1783688959,0.13,40.0
1536,btc-updown-5m-1783688700,Down,1783688957,0.13,40.0
1537,btc-updown-5m-1783688700,Down,1783688954,0.22,40.0
1538,btc-updown-15m-1783688400,Down,1783688927,0.44,2.0
1539,btc-updown-15m-1783688400,Up,1783688920,0.58,30.0
1540,btc-updown-15m-1783688400,Up,1783688918,0.56,10.8
1541,btc-updown-15m-1783688400,Up,1783688888,0.53,11.0
1542,btc-updown-15m-1783688400,Up,1783688884,0.51,6.0
1543,btc-updown-15m-1783688400,Down,1783688870,0.51,15.0
1544,btc-updown-15m-1783688400,Down,1783688851,0.36,12.17
1545,btc-updown-15m-1783688400,Down,1783688785,0.47,5.0
1546,btc-updown-5m-1783688700,Down,1783688731,0.34,40.0
1547,btc-updown-5m-1783688400,Up,1783688686,0.11,40.0
1548,btc-updown-5m-1783688400,Down,1783688683,0.87,40.0
1549,btc-updown-5m-1783688400,Down,1783688552,0.18,8.0
1550,btc-updown-15m-1783688400,Up,1783688525,0.67,30.0
1551,btc-updown-15m-1783688400,Up,1783688506,0.56,30.0
1552,btc-updown-15m-1783688400,Up,1783688498,0.52,15.3
1553,btc-updown-15m-1783688400,Up,1783688492,0.48,17.79
1554,btc-updown-5m-1783688100,Down,1783688383,0.79,16.0
1555,btc-updown-15m-1783687500,Down,1783688375,0.991,18.0
1556,btc-updown-5m-1783688100,Up,1783688372,0.31,40.0
1557,btc-updown-5m-1783688100,Up,1783688372,0.31,40.0
1558,btc-updown-5m-1783688100,Down,1783688369,0.72,37.06
1559,btc-updown-15m-1783687500,Down,1783688357,0.981,6.73
1560,btc-updown-15m-1783687500,Down,1783688357,0.988,20.0
1561,btc-updown-5m-1783688100,Up,1783688357,0.21,38.04
1562,btc-updown-15m-1783687500,Up,1783688216,0.07,27.73
1563,btc-updown-15m-1783687500,Down,1783688143,0.71,10.0
1564,btc-updown-15m-1783687500,Down,1783688143,0.71,15.0
1565,btc-updown-15m-1783687500,Down,1783688141,0.71,15.0
1566,btc-updown-15m-1783687500,Up,1783688116,0.15,25.93
1567,btc-updown-15m-1783687500,Down,1783688111,0.86,30.0
1568,btc-updown-15m-1783687500,Up,1783688083,0.12,25.98
1569,btc-updown-15m-1783687500,Down,1783688051,0.84,30.0
1570,btc-updown-5m-1783687800,Down,1783688048,0.95,40.0
1571,btc-updown-15m-1783687500,Down,1783688048,0.83,30.0
1572,btc-updown-15m-1783687500,Up,1783688047,0.18,4.81
1573,btc-updown-15m-1783687500,Up,1783688047,0.18,30.0
1574,btc-updown-15m-1783687500,Up,1783688027,0.16,17.49
1575,btc-updown-15m-1783687500,Down,1783688008,0.82,1.48
1576,btc-updown-15m-1783687500,Up,1783687999,0.18,30.0
1577,btc-updown-15m-1783687500,Down,1783687928,0.56,20.3
1578,btc-updown-15m-1783687500,Down,1783687927,0.56,30.0
1579,btc-updown-15m-1783687500,Down,1783687867,0.7,30.0
1580,btc-updown-15m-1783687500,Up,1783687825,0.41,30.0
1581,btc-updown-5m-1783687500,Down,1783687748,0.77,40.0
1582,btc-updown-15m-1783687500,Down,1783687697,0.51,30.0
1583,btc-updown-15m-1783687500,Down,1783687681,0.46,30.0
1584,btc-updown-15m-1783687500,Down,1783687681,0.46,30.0
1585,btc-updown-15m-1783687500,Up,1783687565,0.45,30.0
1586,btc-updown-5m-1783687200,Up,1783687378,0.22,10.24
1587,btc-updown-15m-1783686600,Down,1783687360,0.981,25.0
1588,btc-updown-15m-1783686600,Down,1783687360,0.981,30.0
1589,btc-updown-15m-1783686600,Up,1783687223,0.06,30.0
1590,btc-updown-15m-1783686600,Down,1783687207,0.89,30.0
1591,btc-updown-5m-1783686900,Up,1783687177,0.05,48.0
1592,btc-updown-5m-1783686900,Up,1783687175,0.05,48.0
1593,btc-updown-5m-1783686900,Down,1783687169,0.8,40.0
1594,btc-updown-15m-1783686600,Up,1783687160,0.14,1.58
1595,btc-updown-5m-1783686900,Up,1783687160,0.12,40.0
1596,btc-updown-5m-1783686900,Up,1783687130,0.39,40.0
1597,btc-updown-15m-1783686600,Down,1783687130,0.77,5.0
1598,btc-updown-15m-1783686600,Down,1783687129,0.75,11.0
1599,btc-updown-15m-1783686600,Up,1783687096,0.26,5.0
1600,btc-updown-15m-1783686600,Down,1783686914,0.69,21.36
1601,btc-updown-15m-1783686600,Up,1783686845,0.36,30.0
1602,btc-updown-15m-1783686600,Down,1783686817,0.69,5.01
1603,btc-updown-15m-1783686600,Up,1783686809,0.29,30.0
1604,btc-updown-5m-1783686600,Down,1783686806,0.9,40.44444
1605,btc-updown-5m-1783686600,Down,1783686806,0.9,40.44444
1606,btc-updown-15m-1783686600,Down,1783686772,0.62,30.0
1607,btc-updown-15m-1783686600,Down,1783686770,0.6,22.8
1608,btc-updown-15m-1783686600,Down,1783686767,0.56,1.14
1609,btc-updown-15m-1783686600,Down,1783686694,0.48,14.0
1610,btc-updown-5m-1783686600,Down,1783686677,0.43,2.62
1611,btc-updown-15m-1783686600,Up,1783686622,0.43,26.0
1612,btc-updown-15m-1783686600,Up,1783686617,0.43,30.0
1613,btc-updown-15m-1783686600,Down,1783686607,0.51,30.0
1614,btc-updown-15m-1783686600,Down,1783686605,0.51,30.0
1615,btc-updown-15m-1783685700,Down,1783686583,0.99,29.97
1616,btc-updown-5m-1783686300,Up,1783686517,0.75,5.0
1617,btc-updown-5m-1783686300,Up,1783686517,0.75,40.0
1618,btc-updown-15m-1783685700,Down,1783686502,0.86,28.33
1619,btc-updown-15m-1783685700,Down,1783686493,0.79,3.0
1620,btc-updown-15m-1783685700,Down,1783686490,0.78,11.0
1621,btc-updown-15m-1783685700,Up,1783686487,0.23,30.0
1622,btc-updown-15m-1783685700,Up,1783686487,0.23,30.0
1623,btc-updown-15m-1783685700,Down,1783686478,0.81,30.0
1624,btc-updown-15m-1783685700,Up,1783686473,0.24,30.0
1625,btc-updown-15m-1783685700,Up,1783686452,0.1,30.0
1626,btc-updown-15m-1783685700,Up,1783686452,0.1,30.0
1627,btc-updown-5m-1783686300,Up,1783686451,0.58,2.07
1628,btc-updown-15m-1783685700,Down,1783686449,0.91,30.0
1629,btc-updown-15m-1783685700,Down,1783686446,0.89,20.0
1630,btc-updown-15m-1783685700,Down,1783686445,0.87,30.0
1631,btc-updown-15m-1783685700,Down,1783686445,0.87,30.0
1632,btc-updown-15m-1783685700,Down,1783686445,0.87,30.0
1633,btc-updown-15m-1783685700,Up,1783686434,0.2,30.0
1634,btc-updown-15m-1783685700,Up,1783686434,0.2,30.0
1635,btc-updown-15m-1783685700,Up,1783686431,0.17,30.0
1636,btc-updown-15m-1783685700,Up,1783686431,0.17,30.0
1637,btc-updown-15m-1783685700,Up,1783686430,0.15,5.0
1638,btc-updown-15m-1783685700,Up,1783686398,0.09,21.0
1639,btc-updown-15m-1783685700,Down,1783686395,0.92,30.0
1640,btc-updown-15m-1783685700,Down,1783686395,0.92,30.0
1641,btc-updown-15m-1783685700,Up,1783686377,0.09,30.0
1642,btc-updown-15m-1783685700,Down,1783686347,0.92,30.0
1643,btc-updown-15m-1783685700,Down,1783686346,0.92,30.0
1644,btc-updown-15m-1783685700,Down,1783686346,0.92,30.0
1645,btc-updown-15m-1783685700,Down,1783686295,0.84,9.56
1646,btc-updown-15m-1783685700,Up,1783686290,0.17,30.0
1647,btc-updown-15m-1783685700,Up,1783686290,0.17,30.0
1648,btc-updown-15m-1783685700,Up,1783686290,0.16,2.81
1649,btc-updown-5m-1783686000,Down,1783686247,0.33,40.0
1650,btc-updown-15m-1783685700,Up,1783686245,0.13,30.0
1651,btc-updown-15m-1783685700,Down,1783686214,0.9,9.14
1652,btc-updown-15m-1783685700,Down,1783686211,0.9,30.0
1653,btc-updown-15m-1783685700,Down,1783686193,0.89,30.0
1654,btc-updown-15m-1783685700,Down,1783686184,0.88,3.79
1655,btc-updown-15m-1783685700,Down,1783686110,0.88,5.97
1656,btc-updown-15m-1783685700,Down,1783686010,0.79,30.0
1657,btc-updown-5m-1783685700,Up,1783685944,0.0090000001,111.11111
1658,btc-updown-5m-1783685700,Up,1783685821,0.03,40.0
1659,btc-updown-5m-1783685700,Up,1783685821,0.03,40.0
1660,btc-updown-15m-1783685700,Up,1783685782,0.25,26.0
1661,btc-updown-15m-1783685700,Down,1783685723,0.55,30.0
1662,btc-updown-15m-1783685700,Down,1783685722,0.55,30.0
1663,btc-updown-15m-1783684800,Down,1783685663,0.01,100.0
1664,btc-updown-5m-1783685400,Up,1783685662,0.8405970113,45.681816
1665,btc-updown-15m-1783684800,Up,1783685617,0.97,5.0
1666,btc-updown-15m-1783684800,Down,1783685585,0.03,35.0
1667,btc-updown-15m-1783684800,Up,1783685575,0.95,30.0
1668,btc-updown-15m-1783684800,Up,1783685557,0.94,26.87
1669,btc-updown-15m-1783684800,Up,1783685548,0.92,15.0
1670,btc-updown-5m-1783685400,Down,1783685531,0.06,5.0
1671,btc-updown-5m-1783685400,Down,1783685531,0.06,9.16
1672,btc-updown-15m-1783684800,Up,1783685531,0.91,15.0
1673,btc-updown-5m-1783685400,Up,1783685519,0.9,40.0
1674,btc-updown-5m-1783685400,Up,1783685519,0.9,40.0
1675,btc-updown-5m-1783685400,Down,1783685516,0.08,40.0
1676,btc-updown-15m-1783684800,Up,1783685513,0.85,25.0
1677,btc-updown-15m-1783684800,Up,1783685513,0.85,30.0
1678,btc-updown-5m-1783685400,Up,1783685512,0.89,35.0
1679,btc-updown-15m-1783684800,Up,1783685512,0.85,30.0
1680,btc-updown-15m-1783684800,Up,1783685512,0.85,30.0
1681,btc-updown-5m-1783685400,Up,1783685492,0.9,40.0
1682,btc-updown-15m-1783684800,Down,1783685491,0.11,25.0
1683,btc-updown-15m-1783684800,Down,1783685479,0.09,11.0
1684,btc-updown-15m-1783684800,Down,1783685477,0.09,30.0
1685,btc-updown-15m-1783684800,Up,1783685459,0.76,30.0
1686,btc-updown-15m-1783684800,Down,1783685447,0.45,30.0
1687,btc-updown-15m-1783684800,Down,1783685447,0.45,30.0
1688,btc-updown-15m-1783684800,Down,1783685446,0.41,30.0
1689,btc-updown-15m-1783684800,Up,1783685432,0.5,14.4
1690,btc-updown-15m-1783684800,Up,1783685428,0.37,18.0
1691,btc-updown-15m-1783684800,Down,1783685425,0.64,30.0
1692,btc-updown-15m-1783684800,Up,1783685399,0.23,21.52
1693,btc-updown-5m-1783685100,Up,1783685375,0.27,40.0
1694,btc-updown-5m-1783685100,Down,1783685372,0.86,30.0
1695,btc-updown-5m-1783685100,Down,1783685372,0.86,30.0
1696,btc-updown-5m-1783685100,Down,1783685363,0.9,30.0
1697,btc-updown-5m-1783685100,Down,1783685363,0.9,40.0
1698,btc-updown-15m-1783684800,Down,1783685362,0.87,30.0
1699,btc-updown-5m-1783685100,Down,1783685360,0.89,35.0
1700,btc-updown-15m-1783684800,Down,1783685359,0.87,30.0
1701,btc-updown-15m-1783684800,Down,1783685359,0.87,30.0
1702,btc-updown-15m-1783684800,Down,1783685359,0.8699999997,30.344823
1703,btc-updown-5m-1783685100,Down,1783685359,0.8199999986,43.414633
1704,btc-updown-15m-1783684800,Up,1783685350,0.08,29.63
1705,btc-updown-5m-1783685100,Up,1783685333,0.02,50.0
1706,btc-updown-15m-1783684800,Down,1783685287,0.89,30.0
1707,btc-updown-5m-1783685100,Down,1783685257,0.8,40.0
1708,btc-updown-15m-1783684800,Down,1783685257,0.84,5.0
1709,btc-updown-5m-1783685100,Down,1783685236,0.8,40.0
1710,btc-updown-5m-1783685100,Down,1783685236,0.8,40.0
1711,btc-updown-15m-1783684800,Down,1783685180,0.75,30.0
1712,btc-updown-15m-1783684800,Down,1783685152,0.74,10.0
1713,btc-updown-15m-1783684800,Up,1783685123,0.17,30.0
1714,btc-updown-15m-1783684800,Down,1783685114,0.75,14.17
1715,btc-updown-5m-1783684800,Down,1783685068,0.91,30.17
1716,btc-updown-5m-1783684800,Up,1783685057,0.06,40.0
1717,btc-updown-5m-1783684800,Up,1783685057,0.06,40.0
1718,btc-updown-5m-1783684800,Down,1783685048,0.95,22.89
1719,btc-updown-5m-1783684800,Up,1783685042,0.03,40.0
1720,btc-updown-5m-1783684800,Up,1783685039,0.02,50.0
1721,btc-updown-15m-1783684800,Up,1783685038,0.21,30.0
1722,btc-updown-5m-1783684800,Up,1783685035,0.02,50.0
1723,btc-updown-5m-1783684800,Down,1783685033,0.95,40.0
1724,btc-updown-5m-1783684800,Down,1783685033,0.95,40.0
1725,btc-updown-5m-1783684800,Down,1783684993,0.91,40.0
1726,btc-updown-15m-1783684800,Down,1783684961,0.55,30.0
1727,btc-updown-15m-1783684800,Down,1783684961,0.55,30.0
1728,btc-updown-5m-1783684500,Down,1783684787,0.09,40.0
1729,btc-updown-15m-1783683900,Up,1783684787,0.97,29.59
1730,btc-updown-15m-1783683900,Up,1783684786,0.97,30.0
1731,btc-updown-15m-1783683900,Up,1783684784,0.97,30.0
1732,btc-updown-5m-1783684500,Up,1783684784,0.8,40.0
1733,btc-updown-15m-1783683900,Down,1783684783,0.08,27.9
1734,btc-updown-15m-1783683900,Down,1783684780,0.05,7.87
1735,btc-updown-15m-1783683900,Down,1783684775,0.05,30.0
1736,btc-updown-15m-1783683900,Up,1783684768,0.91,16.0
1737,btc-updown-15m-1783683900,Down,1783684763,0.1,30.0
1738,btc-updown-15m-1783683900,Down,1783684745,0.14,30.0
1739,btc-updown-15m-1783683900,Down,1783684744,0.12,10.25
1740,btc-updown-15m-1783683900,Up,1783684735,0.85,30.0
1741,btc-updown-15m-1783683900,Down,1783684726,0.17,5.0
1742,btc-updown-15m-1783683900,Down,1783684726,0.16,30.0
1743,btc-updown-15m-1783683900,Up,1783684720,0.78,30.0
1744,btc-updown-5m-1783684500,Down,1783684718,0.5,40.0
1745,btc-updown-5m-1783684500,Down,1783684718,0.5,20.0
1746,btc-updown-5m-1783684500,Down,1783684717,0.5,40.0
1747,btc-updown-15m-1783683900,Down,1783684714,0.24,30.0
1748,btc-updown-15m-1783683900,Up,1783684687,0.59,30.0
1749,btc-updown-15m-1783683900,Up,1783684661,0.59,30.0
1750,btc-updown-15m-1783683900,Up,1783684661,0.59,30.0
1751,btc-updown-15m-1783683900,Up,1783684643,0.53,25.17
1752,btc-updown-15m-1783683900,Up,1783684643,0.53,30.0
1753,btc-updown-15m-1783683900,Up,1783684495,0.63,30.0
1754,btc-updown-5m-1783684200,Down,1783684318,0.8,40.0
1755,btc-updown-15m-1783683900,Up,1783684228,0.74,14.38
1756,btc-updown-15m-1783683900,Down,1783684192,0.16,30.0
1757,btc-updown-15m-1783683900,Up,1783684178,0.69,15.0
1758,btc-updown-15m-1783683900,Down,1783684136,0.21,30.0
1759,btc-updown-15m-1783683900,Down,1783684112,0.22,30.0
1760,btc-updown-5m-1783683900,Down,1783683956,0.1899999815,42.105262
1761,btc-updown-15m-1783683900,Down,1783683956,0.33,30.0
1762,btc-updown-15m-1783683900,Down,1783683955,0.33,30.0
1763,btc-updown-15m-1783683000,Down,1783683875,0.93,5.0
1764,btc-updown-15m-1783683000,Down,1783683875,0.93,5.0
1765,btc-updown-15m-1783683000,Down,1783683875,0.92,5.0
1766,btc-updown-5m-1783683600,Up,1783683872,0.88,19.7
1767,btc-updown-5m-1783683600,Up,1783683872,0.9,40.0
1768,btc-updown-15m-1783683000,Up,1783683872,0.08,11.19
1769,btc-updown-5m-1783683600,Down,1783683860,0.09,40.0
1770,btc-updown-15m-1783683000,Down,1783683857,0.85,5.0
1771,btc-updown-15m-1783683000,Down,1783683856,0.85,5.0
1772,btc-updown-15m-1783683000,Up,1783683856,0.09,4.93
1773,btc-updown-5m-1783683600,Down,1783683842,0.4,40.0
1774,btc-updown-5m-1783683600,Down,1783683842,0.4,40.0
1775,btc-updown-5m-1783683600,Down,1783683839,0.52,40.0
1776,btc-updown-5m-1783683600,Down,1783683797,0.47,33.17
1777,btc-updown-5m-1783683600,Up,1783683791,0.52,40.0
1778,btc-updown-5m-1783683600,Up,1783683791,0.52,40.0
1779,btc-updown-15m-1783683000,Down,1783683758,0.85,15.35294
1780,btc-updown-15m-1783683000,Down,1783683719,0.94,30.0
1781,btc-updown-15m-1783683000,Up,1783683709,0.06,13.0
1782,btc-updown-15m-1783683000,Down,1783683691,0.93,8.3
1783,btc-updown-15m-1783683000,Down,1783683659,0.91,30.0
1784,btc-updown-15m-1783683000,Down,1783683619,0.75,5.0
1785,btc-updown-15m-1783683000,Down,1783683617,0.75,10.0
1786,btc-updown-15m-1783683000,Down,1783683617,0.75,10.0
1787,btc-updown-5m-1783683600,Down,1783683611,0.6,40.0
1788,btc-updown-5m-1783683600,Down,1783683610,0.59,39.0
1789,btc-updown-15m-1783683000,Down,1783683604,0.72,15.0
1790,btc-updown-5m-1783683300,Up,1783683580,0.04,40.0
1791,btc-updown-5m-1783683300,Down,1783683563,0.86,30.0
1792,btc-updown-5m-1783683300,Up,1783683562,0.12,40.0
1793,btc-updown-5m-1783683300,Down,1783683560,0.89,35.0
1794,btc-updown-5m-1783683300,Down,1783683559,0.89,39.38
1795,btc-updown-5m-1783683300,Up,1783683557,0.12,40.0
1796,btc-updown-15m-1783683000,Down,1783683527,0.78,1.96
1797,btc-updown-15m-1783683000,Down,1783683523,0.76,5.0
1798,btc-updown-5m-1783683300,Up,1783683509,0.62,40.0
1799,btc-updown-5m-1783683300,Up,1783683509,0.62,40.0
1800,btc-updown-15m-1783683000,Up,1783683509,0.26,26.49
1801,btc-updown-15m-1783683000,Up,1783683509,0.25,13.0
1802,btc-updown-5m-1783683300,Down,1783683503,0.39,36.43
1803,btc-updown-15m-1783683000,Up,1783683496,0.23,16.35
1804,btc-updown-5m-1783683300,Down,1783683466,0.59,15.21
1805,btc-updown-5m-1783683300,Down,1783683457,0.4,40.0
1806,btc-updown-15m-1783683000,Down,1783683419,0.74,5.0
1807,btc-updown-15m-1783683000,Down,1783683418,0.74,5.0
1808,btc-updown-15m-1783683000,Down,1783683418,0.74,5.0
1809,btc-updown-15m-1783683000,Up,1783683406,0.23,30.0
1810,btc-updown-15m-1783683000,Up,1783683406,0.23,6.89
1811,btc-updown-15m-1783683000,Down,1783683370,0.76,20.0
1812,btc-updown-15m-1783683000,Down,1783683370,0.76,20.0
1813,btc-updown-15m-1783683000,Down,1783683335,0.58,30.0
1814,btc-updown-15m-1783683000,Up,1783683322,0.34,12.0
1815,btc-updown-15m-1783683000,Up,1783683289,0.25,30.0
1816,btc-updown-15m-1783683000,Down,1783683283,0.76,30.0
1817,btc-updown-15m-1783683000,Down,1783683283,0.76,30.0
1818,btc-updown-15m-1783683000,Up,1783683280,0.21,30.0
1819,btc-updown-15m-1783683000,Up,1783683280,0.21,30.0
1820,btc-updown-15m-1783683000,Down,1783683202,0.72,5.0
1821,btc-updown-15m-1783683000,Up,1783683127,0.36,1.69
1822,btc-updown-15m-1783683000,Up,1783683112,0.3,29.53
1823,btc-updown-15m-1783683000,Up,1783683056,0.39,2.25
1824,btc-updown-15m-1783683000,Up,1783683056,0.38,18.0
1825,btc-updown-15m-1783682100,Down,1783682972,0.81,7.43
1826,btc-updown-15m-1783682100,Up,1783682968,0.18,1.33
1827,btc-updown-15m-1783682100,Down,1783682966,0.83,12.96
1828,btc-updown-5m-1783682700,Down,1783682963,0.05,48.0
1829,btc-updown-5m-1783682700,Up,1783682960,0.8599999967,30.348835
1830,btc-updown-5m-1783682700,Up,1783682960,0.87,40.0
1831,btc-updown-5m-1783682700,Up,1783682957,0.88,40.0
1832,btc-updown-5m-1783682700,Up,1783682957,0.88,40.0
1833,btc-updown-15m-1783682100,Down,1783682953,0.93,15.0
1834,btc-updown-15m-1783682100,Down,1783682953,0.94,16.83
1835,btc-updown-15m-1783682100,Up,1783682951,0.09,30.0
1836,btc-updown-15m-1783682100,Up,1783682951,0.09,30.0
1837,btc-updown-5m-1783682700,Up,1783682951,0.91,40.0
1838,btc-updown-15m-1783682100,Down,1783682950,0.88,3.68
1839,btc-updown-15m-1783682100,Up,1783682944,0.14,30.0
1840,btc-updown-15m-1783682100,Up,1783682944,0.14,30.0
1841,btc-updown-15m-1783682100,Up,1783682942,0.13,4.0
1842,btc-updown-15m-1783682100,Down,1783682939,0.79,20.0
1843,btc-updown-15m-1783682100,Down,1783682938,0.77,5.0
1844,btc-updown-15m-1783682100,Down,1783682938,0.78,16.0
1845,btc-updown-15m-1783682100,Up,1783682927,0.25,19.52
1846,btc-updown-15m-1783682100,Down,1783682920,0.74,15.0
1847,btc-updown-15m-1783682100,Down,1783682920,0.74,30.0
1848,btc-updown-15m-1783682100,Down,1783682918,0.73,26.55
1849,btc-updown-15m-1783682100,Down,1783682918,0.69,30.0
1850,btc-updown-15m-1783682100,Up,1783682911,0.1,30.0
1851,btc-updown-15m-1783682100,Up,1783682911,0.1,30.0
1852,btc-updown-15m-1783682100,Up,1783682909,0.11,30.0
1853,btc-updown-15m-1783682100,Up,1783682908,0.08,9.0
1854,btc-updown-15m-1783682100,Up,1783682890,0.1,5.0
1855,btc-updown-15m-1783682100,Up,1783682890,0.07,30.0
1856,btc-updown-15m-1783682100,Down,1783682878,0.91,30.0
1857,btc-updown-15m-1783682100,Down,1783682876,0.91,30.0
1858,btc-updown-15m-1783682100,Down,1783682869,0.91,30.0
1859,btc-updown-15m-1783682100,Down,1783682867,0.91,30.0
1860,btc-updown-15m-1783682100,Down,1783682849,0.98,30.0
1861,btc-updown-5m-1783682700,Down,1783682836,0.72,40.0
1862,btc-updown-15m-1783682100,Up,1783682818,0.02,50.0
1863,btc-updown-15m-1783682100,Up,1783682795,0.06,30.0
1864,btc-updown-15m-1783682100,Down,1783682794,0.93,29.19
1865,btc-updown-5m-1783682700,Down,1783682786,0.59,40.0
1866,btc-updown-15m-1783682100,Down,1783682767,0.81,10.3
1867,btc-updown-15m-1783682100,Down,1783682746,0.79,30.0
1868,btc-updown-5m-1783682700,Up,1783682738,0.65,20.0
1869,btc-updown-5m-1783682700,Up,1783682738,0.65,40.0
1870,btc-updown-5m-1783682700,Up,1783682738,0.65,40.0
1871,btc-updown-15m-1783682100,Down,1783682716,0.88,15.0
1872,btc-updown-15m-1783682100,Down,1783682713,0.85,18.5
1873,btc-updown-15m-1783682100,Up,1783682698,0.12,16.0
1874,btc-updown-5m-1783682400,Up,1783682660,0.02,50.0
1875,btc-updown-5m-1783682400,Up,1783682653,0.04,40.0
1876,btc-updown-5m-1783682400,Up,1783682636,0.07,25.18
1877,btc-updown-5m-1783682400,Up,1783682621,0.11,40.0
1878,btc-updown-5m-1783682400,Up,1783682621,0.11,40.0
1879,btc-updown-15m-1783682100,Down,1783682617,0.83,5.0
1880,btc-updown-15m-1783682100,Down,1783682596,0.86,30.0
1881,btc-updown-15m-1783682100,Up,1783682548,0.11,5.0
1882,btc-updown-5m-1783682400,Down,1783682534,0.81,40.0
1883,btc-updown-15m-1783682100,Down,1783682533,0.83,5.0
1884,btc-updown-5m-1783682100,Up,1783682387,0.02,25.0
1885,btc-updown-5m-1783682100,Up,1783682377,0.1,40.0
1886,btc-updown-5m-1783682100,Down,1783682372,0.92,40.0
1887,btc-updown-5m-1783682100,Down,1783682372,0.92,25.0
1888,btc-updown-5m-1783682100,Up,1783682369,0.02,50.0
1889,btc-updown-5m-1783682100,Up,1783682369,0.02,50.0
1890,btc-updown-5m-1783682100,Down,1783682333,0.75,40.0
1891,btc-updown-5m-1783682100,Down,1783682333,0.75,40.0
1892,btc-updown-5m-1783682100,Down,1783682320,0.7,40.0
1893,btc-updown-15m-1783682100,Up,1783682318,0.38,30.0
1894,btc-updown-5m-1783682100,Down,1783682315,0.66,40.0
1895,btc-updown-5m-1783682100,Up,1783682300,0.43,40.0
1896,btc-updown-5m-1783682100,Down,1783682297,0.63,40.0
1897,btc-updown-5m-1783682100,Down,1783682291,0.57,25.0
1898,btc-updown-5m-1783682100,Down,1783682291,0.57,25.0
1899,btc-updown-5m-1783682100,Down,1783682290,0.48,5.0
1900,btc-updown-5m-1783682100,Down,1783682273,0.47,40.0
1901,btc-updown-15m-1783682100,Up,1783682255,0.49,26.0
1902,btc-updown-5m-1783682100,Up,1783682176,0.59,32.0
1903,btc-updown-15m-1783682100,Up,1783682162,0.55,30.0
1904,btc-updown-15m-1783682100,Down,1783682134,0.41,23.0
1905,btc-updown-5m-1783681800,Up,1783682053,0.97,40.0
1906,btc-updown-5m-1783681800,Up,1783682053,0.97,40.0
1907,btc-updown-5m-1783681800,Down,1783682035,0.04,40.0
1908,btc-updown-5m-1783681800,Down,1783682035,0.04,40.0
1909,btc-updown-5m-1783681800,Down,1783682032,0.03,40.0
1910,btc-updown-15m-1783681200,Down,1783682020,0.02,50.0
1911,btc-updown-15m-1783681200,Down,1783682020,0.02,50.0
1912,btc-updown-5m-1783681800,Up,1783682012,0.95,40.0
1913,btc-updown-5m-1783681800,Up,1783682012,0.95,40.0
1914,btc-updown-5m-1783681800,Up,1783682012,0.95,20.0
1915,btc-updown-15m-1783681200,Down,1783681993,0.06,30.0
1916,btc-updown-15m-1783680300,Down,1783680661,0.46,30.0
1917,btc-updown-15m-1783679400,Down,1783680191,0.37,5.0
1918,btc-updown-15m-1783679400,Down,1783680191,0.37,5.0
1919,btc-updown-5m-1783680000,Down,1783680188,0.5099999942,20.784312
1920,btc-updown-5m-1783680000,Down,1783680188,0.5099999937,41.568626
1921,btc-updown-5m-1783680000,Down,1783680188,0.53,40.0
1922,btc-updown-5m-1783680000,Down,1783680167,0.67,40.0
1923,btc-updown-5m-1783680000,Down,1783680128,0.7,40.0
1924,btc-updown-15m-1783679400,Down,1783680127,0.8035451823,30.240984
1925,btc-updown-15m-1783679400,Down,1783680127,0.8,7.25
1926,btc-updown-15m-1783679400,Down,1783680127,0.7809156715,30.348985
1927,btc-updown-15m-1783679400,Down,1783680122,0.77,25.0
1928,btc-updown-15m-1783679400,Down,1783680122,0.78,25.0
1929,btc-updown-15m-1783679400,Up,1783680118,0.21,30.0
1930,btc-updown-15m-1783679400,Down,1783680107,0.76,10.131575
1931,btc-updown-5m-1783680000,Down,1783680106,0.71,27.38
1932,btc-updown-5m-1783680000,Down,1783680094,0.75,7.97
1933,btc-updown-15m-1783679400,Down,1783680032,0.67,25.0
1934,btc-updown-15m-1783679400,Down,1783680019,0.58,30.0
1935,btc-updown-15m-1783679400,Down,1783679999,0.77,30.0
1936,btc-updown-15m-1783679400,Down,1783679983,0.73,25.11
1937,btc-updown-15m-1783679400,Down,1783679971,0.73,30.0
1938,btc-updown-15m-1783679400,Up,1783679966,0.24,19.66
1939,btc-updown-15m-1783679400,Up,1783679965,0.24,30.0
1940,btc-updown-15m-1783679400,Up,1783679965,0.23,0.82
1941,btc-updown-15m-1783679400,Down,1783679960,0.78,9.69
1942,btc-updown-5m-1783679700,Down,1783679953,0.26,5.0
1943,btc-updown-5m-1783679700,Down,1783679938,0.2699999891,42.962961
1944,btc-updown-5m-1783679700,Up,1783679935,0.6,29.56
1945,btc-updown-5m-1783679700,Down,1783679914,0.34,25.0
1946,btc-updown-15m-1783679400,Up,1783679911,0.1624386169,31.396469
1947,btc-updown-5m-1783679700,Down,1783679905,0.38,40.0
1948,btc-updown-5m-1783679700,Down,1783679905,0.3799999903,41.05263
1949,btc-updown-5m-1783679700,Down,1783679896,0.39,15.0
1950,btc-updown-5m-1783679700,Down,1783679894,0.39,19.43
1951,btc-updown-5m-1783679700,Down,1783679891,0.44,38.14
1952,btc-updown-5m-1783679700,Down,1783679881,0.5599999915,42.142856
1953,btc-updown-15m-1783679400,Up,1783679881,0.12,5.0
1954,btc-updown-15m-1783679400,Up,1783679879,0.11,25.0
1955,btc-updown-5m-1783679700,Down,1783679878,0.71,40.0
1956,btc-updown-5m-1783679700,Up,1783679870,0.24,7.0
1957,btc-updown-5m-1783679700,Down,1783679867,0.72,25.0
1958,btc-updown-15m-1783679400,Up,1783679837,0.18,30.0
1959,btc-updown-15m-1783679400,Up,1783679837,0.18,30.0
1960,btc-updown-15m-1783679400,Up,1783679767,0.37,30.0
1961,btc-updown-5m-1783679700,Down,1783679710,0.66,40.0
1962,btc-updown-5m-1783679700,Down,1783679708,0.65,0.99
1963,btc-updown-15m-1783679400,Down,1783679704,0.61,23.0
1964,btc-updown-5m-1783679400,Up,1783679681,0.16,25.0
1965,btc-updown-5m-1783679400,Up,1783679657,0.57,40.0
1966,btc-updown-5m-1783679400,Down,1783679654,0.38,35.0
1967,btc-updown-5m-1783679400,Down,1783679654,0.34,20.42
1968,btc-updown-5m-1783679400,Up,1783679644,0.8,40.0
1969,btc-updown-5m-1783679400,Up,1783679644,0.8,40.0
1970,btc-updown-5m-1783679400,Up,1783679638,0.87,18.89
1971,btc-updown-5m-1783679400,Down,1783679636,0.12,10.0
1972,btc-updown-5m-1783679400,Up,1783679629,0.9,40.0
1973,btc-updown-5m-1783679400,Up,1783679627,0.9,37.69
1974,btc-updown-5m-1783679400,Up,1783679609,0.82,40.0
1975,btc-updown-5m-1783679400,Up,1783679608,0.82,40.0
1976,btc-updown-15m-1783679400,Up,1783679579,0.59,30.0
1977,btc-updown-5m-1783679400,Up,1783679569,0.89,40.0
1978,btc-updown-5m-1783679400,Up,1783679569,0.89,20.0
1979,btc-updown-5m-1783679400,Down,1783679569,0.07,40.0
1980,btc-updown-15m-1783679400,Down,1783679495,0.48,30.0
1981,btc-updown-15m-1783679400,Down,1783679425,0.59,21.16
1982,btc-updown-5m-1783679400,Up,1783679417,0.45,40.0
1983,btc-updown-5m-1783679400,Up,1783679417,0.45,40.0
1984,btc-updown-5m-1783679100,Up,1783679384,0.93,10.0
1985,btc-updown-5m-1783679100,Up,1783679384,0.93,40.0
1986,btc-updown-5m-1783679100,Up,1783679381,0.9250793625,30.483857
1987,btc-updown-5m-1783679100,Down,1783679380,0.04,50.0
1988,btc-updown-5m-1783679100,Down,1783679380,0.05,40.0
1989,btc-updown-5m-1783679100,Up,1783679369,0.46,38.88
1990,btc-updown-5m-1783679100,Up,1783679363,0.3,40.0
1991,btc-updown-5m-1783679100,Up,1783679363,0.3,40.0
1992,btc-updown-5m-1783679100,Down,1783679339,0.9,40.0
1993,btc-updown-15m-1783678500,Up,1783679314,0.981,19.37
1994,btc-updown-5m-1783679100,Up,1783679309,0.25,40.0
1995,btc-updown-5m-1783679100,Up,1783679308,0.25,40.0
1996,btc-updown-15m-1783678500,Up,1783679282,0.964999999,30.124342
1997,btc-updown-15m-1783678500,Down,1783679249,0.03,15.0
1998,btc-updown-15m-1783678500,Up,1783679234,0.964,25.0
1999,btc-updown-5m-1783679100,Down,1783679231,0.72,40.0
2000,btc-updown-5m-1783679100,Down,1783679216,0.7,40.0
2001,btc-updown-5m-1783679100,Down,1783679216,0.7,35.0
2002,btc-updown-5m-1783679100,Down,1783679215,0.67,13.97
2003,btc-updown-15m-1783678500,Up,1783679213,0.961,8.91
2004,btc-updown-15m-1783678500,Up,1783679083,0.92,23.0
2005,btc-updown-15m-1783678500,Down,1783679059,0.06,30.0
2006,btc-updown-5m-1783678800,Up,1783679032,0.97,40.0
2007,btc-updown-15m-1783678500,Up,1783679032,0.86,17.07
2008,btc-updown-5m-1783678800,Down,1783679027,0.04,40.0
2009,btc-updown-15m-1783678500,Up,1783679015,0.79,25.0
2010,btc-updown-15m-1783678500,Up,1783678993,0.66,30.0
2011,btc-updown-15m-1783678500,Up,1783678993,0.66,30.0
2012,btc-updown-15m-1783678500,Up,1783678988,0.64,30.0
2013,btc-updown-15m-1783678500,Up,1783678978,0.56,30.0
2014,btc-updown-15m-1783678500,Up,1783678978,0.57,30.0
2015,btc-updown-15m-1783678500,Up,1783678976,0.56,30.0
2016,btc-updown-15m-1783678500,Up,1783678928,0.84,6.66
2017,btc-updown-15m-1783678500,Down,1783678925,0.14,30.0
2018,btc-updown-15m-1783678500,Down,1783678918,0.21,15.0
2019,btc-updown-15m-1783678500,Down,1783678918,0.21,30.0
2020,btc-updown-15m-1783678500,Down,1783678916,0.2099999777,31.42857
2021,btc-updown-15m-1783678500,Up,1783678913,0.67,30.0
2022,btc-updown-15m-1783678500,Up,1783678913,0.67,30.0
2023,btc-updown-15m-1783678500,Up,1783678913,0.67,30.0
2024,btc-updown-15m-1783678500,Up,1783678913,0.65,2.92
2025,btc-updown-15m-1783678500,Down,1783678898,0.31,27.52
2026,btc-updown-15m-1783678500,Down,1783678817,0.51,30.0
2027,btc-updown-15m-1783678500,Down,1783678816,0.51,30.0
2028,btc-updown-5m-1783678800,Down,1783678814,0.51,40.0
2029,btc-updown-15m-1783678500,Up,1783678810,0.51,30.0
2030,btc-updown-15m-1783678500,Up,1783678810,0.51,30.0
2031,btc-updown-15m-1783678500,Up,1783678810,0.51,30.0
2032,btc-updown-15m-1783678500,Down,1783678802,0.43,30.0
2033,btc-updown-15m-1783678500,Up,1783678796,0.53,13.94
2034,btc-updown-5m-1783678500,Down,1783678775,0.2399999856,41.666665
2035,btc-updown-5m-1783678500,Down,1783678775,0.2399999856,41.666665
2036,btc-updown-15m-1783678500,Down,1783678774,0.46,30.0
2037,btc-updown-5m-1783678500,Up,1783678769,0.8163116611,40.180727
2038,btc-updown-5m-1783678500,Up,1783678768,0.81,19.76
2039,btc-updown-5m-1783678500,Up,1783678768,0.78,6.79
2040,btc-updown-5m-1783678500,Down,1783678760,0.25,40.0
2041,btc-updown-5m-1783678500,Down,1783678760,0.24,19.5
2042,btc-updown-5m-1783678500,Up,1783678754,0.68,40.0
2043,btc-updown-5m-1783678500,Down,1783678750,0.29,5.77
2044,btc-updown-5m-1783678500,Down,1783678718,0.07,40.0
2045,btc-updown-5m-1783678500,Down,1783678717,0.07,40.0
2046,btc-updown-5m-1783678500,Up,1783678684,0.61,40.0
2047,btc-updown-15m-1783678500,Down,1783678607,0.32,30.0
2048,btc-updown-5m-1783678500,Up,1783678522,0.66,40.0
2049,btc-updown-5m-1783678500,Up,1783678517,0.63,21.41
2050,btc-updown-5m-1783678200,Up,1783678486,0.06,40.0
2051,btc-updown-5m-1783678200,Down,1783678436,0.88,35.96
2052,btc-updown-5m-1783678200,Up,1783678363,0.17,37.02
2053,btc-updown-5m-1783678200,Up,1783678363,0.17,40.0
2054,btc-updown-15m-1783677600,Down,1783678279,0.93,20.0
2055,btc-updown-15m-1783677600,Down,1783678231,0.93,30.0
2056,btc-updown-15m-1783677600,Down,1783678202,0.93,20.39
2057,btc-updown-5m-1783677900,Down,1783678159,0.9338119441,31.48
2058,btc-updown-5m-1783677900,Down,1783678126,0.94,12.67
2059,btc-updown-15m-1783677600,Up,1783678066,0.12,13.58
2060,btc-updown-15m-1783677600,Up,1783677905,0.27,30.0
2061,btc-updown-5m-1783677600,Up,1783677823,0.04,40.0
2062,btc-updown-5m-1783677600,Up,1783677727,0.5,8.94
2063,btc-updown-5m-1783677600,Down,1783677698,0.56,40.0
2064,btc-updown-15m-1783677600,Up,1783677659,0.6,30.0
2065,btc-updown-15m-1783677600,Down,1783677644,0.38,30.0
2066,btc-updown-5m-1783677300,Down,1783677586,0.94,40.0
2067,btc-updown-5m-1783677300,Up,1783677578,0.09,40.0
2068,btc-updown-5m-1783677300,Up,1783677578,0.09,40.0
2069,btc-updown-5m-1783677300,Down,1783677539,0.9,40.0
2070,btc-updown-5m-1783677300,Down,1783677539,0.9,40.0
2071,btc-updown-5m-1783677300,Down,1783677530,0.87,40.0
2072,btc-updown-5m-1783677300,Down,1783677529,0.87,5.11
2073,btc-updown-5m-1783677300,Up,1783677523,0.1,40.0
2074,btc-updown-5m-1783677300,Up,1783677523,0.1,40.0
2075,btc-updown-5m-1783677300,Down,1783677508,0.79,28.55
2076,btc-updown-5m-1783677300,Down,1783677505,0.79,40.0
2077,btc-updown-5m-1783677300,Down,1783677505,0.79,40.0
2078,btc-updown-15m-1783676700,Down,1783677503,0.98,18.88
2079,btc-updown-15m-1783676700,Down,1783677496,0.98,30.0
2080,btc-updown-15m-1783676700,Up,1783677485,0.02,50.0
2081,btc-updown-5m-1783677300,Up,1783677478,0.14,40.0
2082,btc-updown-15m-1783676700,Down,1783677455,0.98,30.0
2083,btc-updown-5m-1783677300,Down,1783677427,0.73,7.09
2084,btc-updown-15m-1783676700,Up,1783677425,0.02,50.0
2085,btc-updown-15m-1783676700,Down,1783677376,0.95,10.0
2086,btc-updown-15m-1783676700,Down,1783677376,0.95,10.0
2087,btc-updown-15m-1783676700,Down,1783677356,0.93,25.0
2088,btc-updown-15m-1783676700,Down,1783677335,0.88,25.0
2089,btc-updown-15m-1783676700,Up,1783677334,0.12,15.0
2090,btc-updown-5m-1783677000,Up,1783677286,0.1,40.0
2091,btc-updown-5m-1783677000,Up,1783677283,0.12,33.0
2092,btc-updown-5m-1783677000,Down,1783677281,0.83,11.63
2093,btc-updown-15m-1783676700,Down,1783677265,0.88,12.58
2094,btc-updown-5m-1783677000,Down,1783677241,0.72,40.0
2095,btc-updown-15m-1783676700,Up,1783677235,0.09,30.0
2096,btc-updown-15m-1783676700,Down,1783677215,0.88,12.68
2097,btc-updown-5m-1783677000,Down,1783677209,0.6999999951,41.142856
2098,btc-updown-15m-1783676700,Down,1783677151,0.85,5.0
2099,btc-updown-15m-1783676700,Up,1783677137,0.12,26.22
2100,btc-updown-15m-1783676700,Up,1783677112,0.13,5.0
2101,btc-updown-15m-1783676700,Down,1783677089,0.84,5.0
2102,btc-updown-15m-1783676700,Up,1783677076,0.16,27.0
2103,btc-updown-15m-1783676700,Up,1783677076,0.16,30.0
2104,btc-updown-5m-1783676700,Up,1783676951,0.02,50.0
2105,btc-updown-5m-1783676700,Down,1783676939,0.93,5.0
2106,btc-updown-15m-1783676700,Down,1783676938,0.74,15.0
2107,btc-updown-5m-1783676700,Down,1783676938,0.93,10.0
2108,btc-updown-5m-1783676700,Down,1783676938,0.93,10.0
2109,btc-updown-15m-1783676700,Up,1783676909,0.35,30.0
2110,btc-updown-15m-1783676700,Down,1783676905,0.65,30.0
2111,btc-updown-5m-1783676700,Up,1783676900,0.17,40.0
2112,btc-updown-5m-1783676700,Up,1783676900,0.17,35.0
2113,btc-updown-5m-1783676700,Down,1783676710,0.62,40.0
2114,btc-updown-15m-1783675800,Down,1783676681,0.322316479,30.71515
2115,btc-updown-15m-1783675800,Down,1783676681,0.2832146339,33.89655
2116,btc-updown-15m-1783675800,Down,1783676668,0.41,30.0
2117,btc-updown-15m-1783675800,Down,1783676668,0.41,30.0
2118,btc-updown-15m-1783675800,Down,1783676660,0.51,17.62
2119,btc-updown-15m-1783675800,Down,1783676656,0.5,12.0
2120,btc-updown-15m-1783675800,Up,1783676630,0.43,21.0
2121,btc-updown-15m-1783675800,Up,1783676630,0.41,15.97
2122,btc-updown-15m-1783675800,Up,1783676629,0.42,26.0
2123,btc-updown-15m-1783675800,Down,1783676626,0.56,5.0
2124,btc-updown-15m-1783675800,Down,1783676620,0.55,5.0
2125,btc-updown-15m-1783675800,Down,1783676617,0.54,30.0
2126,btc-updown-15m-1783675800,Down,1783676617,0.54,6.88
2127,btc-updown-15m-1783675800,Up,1783676599,0.45,30.0
2128,btc-updown-15m-1783675800,Up,1783676587,0.28,30.0
2129,btc-updown-15m-1783675800,Up,1783676587,0.28,21.42
2130,btc-updown-5m-1783676400,Down,1783676587,0.8,27.1875
2131,btc-updown-5m-1783676400,Down,1783676585,0.8,27.1875
2132,btc-updown-15m-1783675800,Down,1783676585,0.75,30.0
2133,btc-updown-5m-1783676400,Down,1783676584,0.89,14.26
2134,btc-updown-15m-1783675800,Down,1783676584,0.73,11.85
2135,btc-updown-15m-1783675800,Down,1783676573,0.63,4.61
2136,btc-updown-15m-1783675800,Down,1783676572,0.62,10.96
2137,btc-updown-15m-1783675800,Down,1783676572,0.61,5.0
2138,btc-updown-15m-1783675800,Up,1783676569,0.43,30.0
2139,btc-updown-15m-1783675800,Down,1783676548,0.45,30.0
2140,btc-updown-15m-1783675800,Up,1783676537,0.41,29.87
2141,btc-updown-15m-1783675800,Down,1783676519,0.54,22.43
2142,btc-updown-15m-1783675800,Down,1783676513,0.67,30.0
2143,btc-updown-15m-1783675800,Down,1783676513,0.67,30.0
2144,btc-updown-15m-1783675800,Down,1783676483,0.46,13.1
2145,btc-updown-15m-1783675800,Up,1783676468,0.55,30.0
2146,btc-updown-15m-1783675800,Down,1783676456,0.39,13.28
2147,btc-updown-15m-1783675800,Down,1783676419,0.35,30.0
2148,btc-updown-15m-1783675800,Up,1783676380,0.54,6.0
2149,btc-updown-15m-1783675800,Up,1783676378,0.54,30.0
2150,btc-updown-5m-1783676100,Up,1783676350,0.83,16.36
2151,btc-updown-5m-1783676100,Up,1783676347,0.8639798719,10.93
2152,btc-updown-15m-1783675800,Up,1783676188,0.65,30.0
2153,btc-updown-15m-1783675800,Up,1783676182,0.53,19.09
2154,btc-updown-15m-1783675800,Up,1783676164,0.66,4.0
2155,btc-updown-15m-1783675800,Up,1783676140,0.59,30.0
2156,btc-updown-15m-1783675800,Up,1783676140,0.59,30.0
2157,btc-updown-15m-1783675800,Down,1783676107,0.58,0.58
2158,btc-updown-5m-1783675800,Up,1783676075,0.44,25.0
2159,btc-updown-15m-1783675800,Down,1783676066,0.53,20.0
2160,btc-updown-5m-1783675800,Down,1783676065,0.51,40.0
2161,btc-updown-5m-1783675800,Down,1783676060,0.39,40.0
2162,btc-updown-15m-1783675800,Up,1783676047,0.54,4.0
2163,btc-updown-15m-1783675800,Up,1783676045,0.54,30.0
2164,btc-updown-5m-1783675800,Down,1783676036,0.36,40.0
2165,btc-updown-15m-1783675800,Up,1783676030,0.5,21.0
2166,btc-updown-5m-1783675800,Up,1783675999,0.53,40.0
2167,btc-updown-5m-1783675800,Up,1783675984,0.79,5.74
2168,btc-updown-15m-1783675800,Down,1783675943,0.41,30.0
2169,btc-updown-15m-1783675800,Down,1783675910,0.44,12.73
2170,btc-updown-5m-1783675800,Up,1783675837,0.29,40.0
2171,btc-updown-5m-1783675800,Up,1783675837,0.27,30.0
2172,btc-updown-5m-1783675800,Up,1783675835,0.3099999876,41.290321
2173,btc-updown-15m-1783675800,Down,1783675835,0.67,7.39
2174,btc-updown-5m-1783675800,Up,1783675835,0.32,40.0
2175,btc-updown-15m-1783675800,Up,1783675828,0.37,10.0
2176,btc-updown-5m-1783675500,Down,1783675769,0.02,50.0
2177,btc-updown-5m-1783675500,Down,1783675756,0.06,15.0
2178,btc-updown-5m-1783675500,Down,1783675756,0.06,40.0
2179,btc-updown-5m-1783675500,Up,1783675753,0.9,28.86
2180,btc-updown-5m-1783675500,Up,1783675748,0.84,40.0
2181,btc-updown-5m-1783675500,Up,1783675726,0.93,40.0
2182,btc-updown-5m-1783675500,Up,1783675724,0.93,40.0
2183,btc-updown-5m-1783675500,Down,1783675565,0.73,40.0
2184,btc-updown-5m-1783675500,Down,1783675565,0.7255754555,40.795203
2185,btc-updown-15m-1783674900,Down,1783675552,0.02,25.0
2186,btc-updown-5m-1783675200,Down,1783675459,0.09,30.0
2187,btc-updown-5m-1783675200,Up,1783675412,0.7,20.0
2188,btc-updown-5m-1783675200,Up,1783675412,0.7,40.0
2189,btc-updown-5m-1783675200,Up,1783675412,0.7,40.0
2190,btc-updown-15m-1783674900,Down,1783675391,0.04,30.0
2191,btc-updown-15m-1783674900,Up,1783675357,0.95,4.69
2192,btc-updown-15m-1783674900,Up,1783675202,0.88,20.06
2193,btc-updown-15m-1783674900,Down,1783675112,0.16,30.0
2194,btc-updown-5m-1783674600,Up,1783674887,0.28,40.0
2195,btc-updown-5m-1783674600,Up,1783674887,0.28,40.0
2196,btc-updown-5m-1783674600,Down,1783674878,0.794302926,11.62
2197,btc-updown-15m-1783674000,Down,1783674874,0.9,30.0
2198,btc-updown-15m-1783674000,Down,1783674874,0.9,30.0
2199,btc-updown-5m-1783674600,Up,1783674869,0.15,40.0
2200,btc-updown-5m-1783674600,Down,1783674869,0.6499999943,43.692305
2201,btc-updown-15m-1783674000,Down,1783674869,0.8219001919,15.63
2202,btc-updown-15m-1783674000,Down,1783674869,0.8099999974,30.370368
2203,btc-updown-5m-1783674600,Up,1783674868,0.15,40.0
2204,btc-updown-15m-1783674000,Down,1783674844,0.96,30.0
2205,btc-updown-15m-1783674000,Up,1783674841,0.04,30.0
2206,btc-updown-15m-1783674000,Up,1783674785,0.02,50.0
2207,btc-updown-5m-1783674600,Down,1783674772,0.75,40.0
2208,btc-updown-5m-1783674600,Down,1783674772,0.75,9.5
2209,btc-updown-15m-1783674000,Up,1783674727,0.16,16.42
2210,btc-updown-15m-1783674000,Down,1783674725,0.75,33.2
2211,btc-updown-15m-1783674000,Down,1783674725,0.7399999951,32.837834
2212,btc-updown-15m-1783674000,Up,1783674724,0.2899999853,41.379309
2213,btc-updown-15m-1783674000,Up,1783674673,0.39,30.0
2214,btc-updown-15m-1783674000,Down,1783674595,0.66,30.0
2215,btc-updown-5m-1783674300,Down,1783674586,0.14,40.0
2216,btc-updown-5m-1783674300,Up,1783674586,0.77,3.53
2217,btc-updown-5m-1783674300,Down,1783674580,0.1600474483,37.176469
2218,btc-updown-5m-1783674300,Down,1783674578,0.17,40.0
2219,btc-updown-5m-1783674300,Down,1783674575,0.14,5.0
2220,btc-updown-5m-1783674300,Down,1783674575,0.14,25.0
2221,btc-updown-5m-1783674300,Down,1783674575,0.14,25.0
2222,btc-updown-5m-1783674300,Down,1783674569,0.179999985,46.666665
2223,btc-updown-5m-1783674300,Up,1783674566,0.68,5.0
2224,btc-updown-15m-1783674000,Down,1783674562,0.7,30.0
2225,btc-updown-5m-1783674300,Down,1783674551,0.22,33.49
2226,btc-updown-5m-1783674300,Down,1783674542,0.39,5.0
2227,btc-updown-5m-1783674300,Down,1783674542,0.3699999865,42.162161
2228,btc-updown-5m-1783674300,Up,1783674518,0.39,40.0
2229,btc-updown-5m-1783674300,Up,1783674515,0.39,40.0
2230,btc-updown-15m-1783674000,Up,1783674466,0.28,30.0
2231,btc-updown-15m-1783674000,Up,1783674436,0.32,30.0
2232,btc-updown-5m-1783674000,Down,1783674280,0.85,31.73
2233,btc-updown-5m-1783674000,Down,1783674266,0.74,17.31
2234,btc-updown-5m-1783674000,Down,1783674260,0.74,40.0
2235,btc-updown-15m-1783674000,Down,1783674101,0.8399999974,30.357137
2236,btc-updown-5m-1783674000,Down,1783674095,0.9401041636,40.42104
2237,btc-updown-15m-1783674000,Down,1783674020,0.67,30.0
2238,btc-updown-15m-1783674000,Down,1783674016,0.62,22.6
2239,btc-updown-5m-1783673700,Up,1783673975,0.97,19.89
2240,btc-updown-15m-1783673100,Up,1783673972,0.98,30.0
2241,btc-updown-15m-1783673100,Up,1783673966,0.98,30.0
2242,btc-updown-5m-1783673700,Down,1783673957,0.02,21.85
2243,btc-updown-15m-1783673100,Down,1783673957,0.03,23.09
2244,btc-updown-5m-1783673700,Down,1783673957,0.02,50.0
2245,btc-updown-15m-1783673100,Down,1783673957,0.03,35.0
2246,btc-updown-15m-1783673100,Down,1783673956,0.02,18.22
2247,btc-updown-15m-1783673100,Down,1783673942,0.02,50.0
2248,btc-updown-15m-1783673100,Up,1783673933,0.98,30.0
2249,btc-updown-15m-1783673100,Down,1783673887,0.03,35.0
2250,btc-updown-15m-1783673100,Up,1783673881,0.94,6.68
2251,btc-updown-15m-1783673100,Up,1783673881,0.92,14.88
2252,btc-updown-15m-1783673100,Up,1783673872,0.95,30.0
2253,btc-updown-15m-1783673100,Up,1783673863,0.96,30.0
2254,btc-updown-15m-1783673100,Up,1783673863,0.96,12.36
2255,btc-updown-15m-1783673100,Down,1783673833,0.03,29.02
2256,btc-updown-15m-1783673100,Up,1783673824,0.93,30.0
2257,btc-updown-15m-1783673100,Down,1783673809,0.06,30.0
2258,btc-updown-15m-1783673100,Down,1783673794,0.08,30.0
2259,btc-updown-15m-1783673100,Up,1783673765,0.77,30.0
2260,btc-updown-15m-1783673100,Up,1783673764,0.76,20.0
2261,btc-updown-15m-1783673100,Down,1783673758,0.27,30.0
2262,btc-updown-15m-1783673100,Up,1783673737,0.72,30.0
2263,btc-updown-15m-1783673100,Up,1783673737,0.71,30.0
2264,btc-updown-15m-1783673100,Up,1783673737,0.7,6.54
2265,btc-updown-15m-1783673100,Up,1783673737,0.67,5.0
2266,btc-updown-15m-1783673100,Up,1783673735,0.66,5.0
2267,btc-updown-15m-1783673100,Down,1783673731,0.33,10.67
2268,btc-updown-15m-1783673100,Down,1783673725,0.4,30.0
2269,btc-updown-15m-1783673100,Down,1783673725,0.4,30.0
2270,btc-updown-15m-1783673100,Down,1783673723,0.37,17.63
2271,btc-updown-15m-1783673100,Up,1783673714,0.6,22.02
2272,btc-updown-15m-1783673100,Up,1783673710,0.54,11.0
2273,btc-updown-15m-1783673100,Up,1783673701,0.52,30.0
2274,btc-updown-15m-1783673100,Up,1783673701,0.52,30.0
2275,btc-updown-15m-1783673100,Up,1783673687,0.49,12.02
2276,btc-updown-15m-1783673100,Up,1783673686,0.46,5.0
2277,btc-updown-15m-1783673100,Up,1783673650,0.39,2.47
2278,btc-updown-15m-1783673100,Up,1783673650,0.38,5.0
2279,btc-updown-15m-1783673100,Up,1783673644,0.37,17.0
2280,btc-updown-15m-1783673100,Down,1783673632,0.63,30.0
2281,btc-updown-15m-1783673100,Up,1783673627,0.38,30.0
2282,btc-updown-15m-1783673100,Up,1783673627,0.38,30.0
2283,btc-updown-15m-1783673100,Up,1783673585,0.22,28.62
2284,btc-updown-15m-1783673100,Down,1783673582,0.61,30.0
2285,btc-updown-15m-1783673100,Up,1783673536,0.38,30.0
2286,btc-updown-15m-1783673100,Down,1783673507,0.46,30.0
2287,btc-updown-15m-1783673100,Down,1783673507,0.46,30.0
2288,btc-updown-15m-1783673100,Up,1783673456,0.62,5.0
2289,btc-updown-15m-1783673100,Up,1783673444,0.61,10.26
2290,btc-updown-15m-1783673100,Up,1783673443,0.56,25.0
2291,btc-updown-15m-1783673100,Up,1783673443,0.58,5.91
2292,btc-updown-15m-1783673100,Up,1783673423,0.53,30.0
2293,btc-updown-15m-1783673100,Down,1783673392,0.36,9.6
2294,btc-updown-15m-1783673100,Up,1783673347,0.7,18.08
2295,btc-updown-15m-1783673100,Up,1783673345,0.65,1.22
2296,btc-updown-15m-1783673100,Down,1783673338,0.4,12.0
2297,btc-updown-5m-1783673100,Down,1783673338,0.24,5.0
2298,btc-updown-15m-1783673100,Down,1783673336,0.39,12.0
2299,btc-updown-15m-1783673100,Down,1783673317,0.36,30.0
2300,btc-updown-5m-1783673100,Up,1783673308,0.76,40.0
2301,btc-updown-5m-1783673100,Up,1783673306,0.76,40.0
2302,btc-updown-5m-1783673100,Up,1783673297,0.7,40.0
2303,btc-updown-5m-1783673100,Up,1783673297,0.7,40.0
2304,btc-updown-15m-1783673100,Down,1783673278,0.56,23.0
2305,btc-updown-15m-1783673100,Down,1783673174,0.65,12.53
2306,btc-updown-5m-1783672800,Down,1783673087,0.31,10.0
2307,btc-updown-5m-1783672800,Down,1783673087,0.31,10.0
2308,btc-updown-5m-1783672800,Down,1783673087,0.2299999376,12.173912
2309,btc-updown-5m-1783672800,Down,1783673084,0.38,15.0
2310,btc-updown-5m-1783672800,Down,1783673084,0.38,15.0
2311,btc-updown-5m-1783672800,Down,1783673071,0.61,6.36
2312,btc-updown-5m-1783672800,Down,1783673066,0.58,11.2
2313,btc-updown-15m-1783672200,Down,1783672750,0.956,18.0
2314,btc-updown-15m-1783672200,Up,1783672748,0.03,21.18
2315,btc-updown-15m-1783672200,Down,1783672571,0.75,30.0
2316,btc-updown-5m-1783672500,Down,1783672549,0.69,21.0
2317,btc-updown-5m-1783672500,Down,1783672547,0.68,21.0
2318,btc-updown-15m-1783672200,Down,1783672547,0.7,30.0
2319,btc-updown-15m-1783672200,Down,1783672547,0.69,30.0
2320,btc-updown-15m-1783672200,Down,1783672546,0.69,30.0
2321,btc-updown-5m-1783672500,Down,1783672544,0.59,40.0
2322,btc-updown-15m-1783672200,Down,1783672537,0.62,30.0
2323,btc-updown-15m-1783672200,Down,1783672535,0.62,30.0
2324,btc-updown-5m-1783672500,Down,1783672534,0.5728395062,40.5
2325,btc-updown-15m-1783672200,Up,1783672529,0.52,12.03
2326,btc-updown-15m-1783672200,Up,1783672517,0.46,0.92
2327,btc-updown-15m-1783672200,Up,1783672513,0.41,10.82
2328,btc-updown-5m-1783672200,Up,1783672471,0.04,40.0
2329,btc-updown-5m-1783672200,Up,1783672471,0.04,40.0
2330,btc-updown-5m-1783672200,Up,1783672429,0.11,26.72
2331,btc-updown-5m-1783672200,Down,1783672391,0.88,25.0
2332,btc-updown-5m-1783672200,Down,1783672391,0.88,25.0
2333,btc-updown-5m-1783672200,Down,1783672390,0.87,19.12
2334,btc-updown-5m-1783672200,Down,1783672253,0.82,35.22
2335,btc-updown-5m-1783672200,Down,1783672247,0.78,40.0
2336,btc-updown-5m-1783671900,Up,1783672187,0.41,17.0
2337,btc-updown-5m-1783671900,Up,1783672186,0.4,8.12
2338,btc-updown-5m-1783671900,Up,1783672174,0.21,40.0
2339,btc-updown-15m-1783671300,Up,1783671968,0.993,30.0
2340,btc-updown-5m-1783671600,Down,1783671841,0.08,40.0
2341,btc-updown-5m-1783671600,Down,1783671838,0.1,44.0
2342,btc-updown-5m-1783671600,Down,1783671838,0.1,40.0
2343,btc-updown-5m-1783671600,Up,1783671833,0.79,40.0
2344,btc-updown-5m-1783671600,Up,1783671833,0.79,40.0
2345,btc-updown-5m-1783671600,Up,1783671755,0.7,40.0
2346,btc-updown-5m-1783671600,Up,1783671746,0.66,9.16
2347,btc-updown-15m-1783671300,Down,1783671685,0.03,35.0
2348,btc-updown-15m-1783671300,Up,1783671664,0.95,30.0
2349,btc-updown-15m-1783671300,Up,1783671664,0.95,30.0
2350,btc-updown-15m-1783671300,Down,1783671638,0.02,50.0
2351,btc-updown-15m-1783671300,Down,1783671466,0.05,30.0
2352,btc-updown-15m-1783671300,Up,1783671419,0.94,30.0
2353,btc-updown-15m-1783671300,Up,1783671418,0.95,30.0
2354,btc-updown-15m-1783671300,Up,1783671418,0.95,30.0
2355,btc-updown-15m-1783671300,Up,1783671409,0.95,10.0
2356,btc-updown-15m-1783671300,Down,1783671407,0.03,35.0
2357,btc-updown-15m-1783671300,Down,1783671406,0.023174971,51.78
2358,btc-updown-15m-1783671300,Down,1783671404,0.03,40.0
2359,btc-updown-5m-1783671300,Up,1783671404,0.95,40.0
2360,btc-updown-15m-1783671300,Down,1783671385,0.17,30.0
2361,btc-updown-15m-1783671300,Up,1783671340,0.67,10.25
2362,btc-updown-15m-1783671300,Up,1783671338,0.64,5.0
2363,btc-updown-15m-1783671300,Up,1783671328,0.58,30.0
2364,btc-updown-5m-1783671300,Up,1783671308,0.63,40.0
2365,btc-updown-15m-1783671300,Up,1783671307,0.56,28.32
2366,btc-updown-15m-1783671300,Up,1783671307,0.55,1.23
2367,btc-updown-5m-1783671000,Down,1783671284,0.87,30.0
2368,btc-updown-5m-1783671000,Down,1783671284,0.87,35.0
2369,btc-updown-5m-1783671000,Down,1783671281,0.88,25.0
2370,btc-updown-5m-1783671000,Down,1783671281,0.8852458992,40.66666
2371,btc-updown-5m-1783671000,Down,1783671280,0.87,40.0
2372,btc-updown-15m-1783670400,Down,1783671277,0.05,6.1
2373,btc-updown-15m-1783670400,Up,1783671266,0.92,25.0
2374,btc-updown-15m-1783670400,Up,1783671266,0.92,25.0
2375,btc-updown-15m-1783670400,Down,1783671259,0.08,30.0
2376,btc-updown-15m-1783670400,Up,1783671259,0.93,10.0
2377,btc-updown-15m-1783670400,Up,1783671257,0.93,25.0
2378,btc-updown-15m-1783670400,Up,1783671257,0.93,20.0
2379,btc-updown-5m-1783671000,Down,1783671253,0.89,10.0
2380,btc-updown-5m-1783671000,Down,1783671253,0.89,40.0
2381,btc-updown-5m-1783671000,Down,1783671253,0.89,40.0
2382,btc-updown-5m-1783671000,Down,1783671244,0.859999999,40.465114
2383,btc-updown-5m-1783671000,Down,1783671244,0.87,40.0
2384,btc-updown-5m-1783671000,Down,1783671241,0.88,35.0
2385,btc-updown-5m-1783671000,Down,1783671238,0.8915353654,40.37977
2386,btc-updown-15m-1783670400,Down,1783671235,0.27,30.0
2387,btc-updown-15m-1783670400,Up,1783671232,0.77,27.5
2388,btc-updown-15m-1783670400,Up,1783671232,0.76,5.0
2389,btc-updown-15m-1783670400,Up,1783671230,0.75,5.0
2390,btc-updown-15m-1783670400,Up,1783671230,0.74,11.01
2391,btc-updown-15m-1783670400,Up,1783671230,0.73,0.2
2392,btc-updown-5m-1783671000,Up,1783671223,0.09,30.0
2393,btc-updown-5m-1783671000,Up,1783671223,0.09,40.0
2394,btc-updown-15m-1783670400,Down,1783671223,0.3,30.0
2395,btc-updown-5m-1783671000,Down,1783671223,0.91,15.0
2396,btc-updown-15m-1783670400,Down,1783671223,0.23,30.0
2397,btc-updown-5m-1783671000,Down,1783671223,0.91,15.0
2398,btc-updown-15m-1783670400,Up,1783671218,0.79,25.0
2399,btc-updown-5m-1783671000,Up,1783671208,0.11,40.0
2400,btc-updown-15m-1783670400,Up,1783671208,0.81,23.27
2401,btc-updown-5m-1783671000,Up,1783671208,0.11,40.0
2402,btc-updown-15m-1783670400,Up,1783671199,0.81,30.0
2403,btc-updown-15m-1783670400,Down,1783671194,0.17,12.31
2404,btc-updown-5m-1783671000,Down,1783671190,0.9,40.0
2405,btc-updown-5m-1783671000,Down,1783671190,0.9,40.0
2406,btc-updown-15m-1783670400,Down,1783671190,0.16,30.0
2407,btc-updown-15m-1783670400,Down,1783671190,0.16,30.0
2408,btc-updown-5m-1783671000,Down,1783671185,0.89,40.0
2409,btc-updown-5m-1783671000,Down,1783671185,0.89,40.0
2410,btc-updown-15m-1783670400,Down,1783671184,0.1,20.49
2411,btc-updown-15m-1783670400,Down,1783671182,0.1,30.0
2412,btc-updown-15m-1783670400,Up,1783671181,0.91,30.0
2413,btc-updown-15m-1783670400,Up,1783671181,0.91,30.0
2414,btc-updown-15m-1783670400,Up,1783671179,0.85,14.0
2415,btc-updown-15m-1783670400,Up,1783671175,0.85,30.0
2416,btc-updown-15m-1783670400,Up,1783671164,0.84,27.31
2417,btc-updown-15m-1783670400,Up,1783671163,0.84,7.0
2418,btc-updown-15m-1783670400,Up,1783671149,0.83,17.77
2419,btc-updown-15m-1783670400,Up,1783671149,0.83,30.0
2420,btc-updown-15m-1783670400,Up,1783671127,0.84,30.0
2421,btc-updown-15m-1783670400,Up,1783671127,0.84,30.0
2422,btc-updown-15m-1783670400,Up,1783671127,0.84,30.0
2423,btc-updown-5m-1783671000,Up,1783671124,0.12,17.76
2424,btc-updown-15m-1783670400,Down,1783671121,0.17,30.0
2425,btc-updown-15m-1783670400,Down,1783671115,0.16,30.0
2426,btc-updown-15m-1783670400,Down,1783671115,0.14,9.0
2427,btc-updown-5m-1783671000,Down,1783671083,0.6,20.0
2428,btc-updown-15m-1783670400,Down,1783671083,0.11,4.98
2429,btc-updown-5m-1783671000,Down,1783671082,0.58,20.0
2430,btc-updown-5m-1783671000,Down,1783671082,0.58,40.0
2431,btc-updown-5m-1783671000,Down,1783671082,0.58,40.0
2432,btc-updown-15m-1783670400,Down,1783671082,0.1,9.0
2433,btc-updown-15m-1783670400,Down,1783671082,0.1,30.0
2434,btc-updown-15m-1783670400,Down,1783671080,0.1,30.0
2435,btc-updown-15m-1783670400,Up,1783671053,0.9,27.06
2436,btc-updown-15m-1783670400,Up,1783671019,0.88,16.0
2437,btc-updown-15m-1783670400,Up,1783671007,0.87,5.39
2438,btc-updown-15m-1783670400,Up,1783671001,0.86,30.0
2439,btc-updown-15m-1783670400,Up,1783671001,0.86,30.0
2440,btc-updown-15m-1783670400,Down,1783670995,0.13,7.92
2441,btc-updown-15m-1783670400,Down,1783670995,0.12,21.29
2442,btc-updown-15m-1783670400,Down,1783670993,0.11,10.45
2443,btc-updown-15m-1783670400,Up,1783670975,0.89,30.0
2444,btc-updown-15m-1783670400,Down,1783670969,0.11,30.0
2445,btc-updown-5m-1783670700,Up,1783670948,0.94,15.1
2446,btc-updown-5m-1783670700,Down,1783670908,0.04,40.0
2447,btc-updown-5m-1783670700,Down,1783670908,0.04,40.0
2448,btc-updown-5m-1783670700,Up,1783670897,0.95,40.0
2449,btc-updown-5m-1783670700,Up,1783670897,0.95,35.0
2450,btc-updown-5m-1783670700,Up,1783670893,0.95,40.0
2451,btc-updown-5m-1783670700,Up,1783670893,0.95,40.0
2452,btc-updown-15m-1783670400,Up,1783670809,0.73,20.0
2453,btc-updown-5m-1783670700,Up,1783670807,0.74,15.0
2454,btc-updown-5m-1783670700,Up,1783670806,0.74,40.0
2455,btc-updown-5m-1783670700,Up,1783670806,0.74,40.0
2456,btc-updown-5m-1783670700,Up,1783670806,0.73,0.6
2457,btc-updown-5m-1783670700,Down,1783670777,0.34,40.0
2458,btc-updown-15m-1783670400,Up,1783670716,0.68,30.0
2459,btc-updown-15m-1783670400,Up,1783670710,0.61,15.0
2460,btc-updown-5m-1783670400,Up,1783670663,0.77,16.82
2461,btc-updown-5m-1783670400,Down,1783670659,0.21,9.27
2462,btc-updown-15m-1783670400,Up,1783670656,0.54,5.0
2463,btc-updown-15m-1783670400,Up,1783670656,0.53,30.0
2464,btc-updown-5m-1783670400,Down,1783670654,0.41,14.72
2465,btc-updown-15m-1783670400,Down,1783670654,0.46,21.1
2466,btc-updown-5m-1783670400,Down,1783670654,0.37,2.86
2467,btc-updown-5m-1783670400,Up,1783670648,0.9,3.71
2468,btc-updown-15m-1783670400,Up,1783670614,0.75,30.0
2469,btc-updown-15m-1783670400,Up,1783670612,0.73,10.0
2470,btc-updown-15m-1783670400,Up,1783670608,0.73,30.0
2471,btc-updown-15m-1783670400,Up,1783670606,0.73,30.0
2472,btc-updown-5m-1783670400,Up,1783670572,0.94,40.0
2473,btc-updown-5m-1783670400,Up,1783670551,0.93,40.4301
2474,btc-updown-5m-1783670400,Up,1783670551,0.93,40.4301
2475,btc-updown-15m-1783670400,Up,1783670527,0.73,12.94
2476,btc-updown-15m-1783670400,Up,1783670524,0.7,30.0
2477,btc-updown-15m-1783670400,Up,1783670524,0.7,30.0
2478,btc-updown-15m-1783670400,Up,1783670522,0.64,1.76
2479,btc-updown-15m-1783670400,Up,1783670522,0.58,5.0
2480,btc-updown-15m-1783670400,Up,1783670476,0.59,9.63
2481,btc-updown-15m-1783670400,Up,1783670474,0.56,6.88
2482,btc-updown-15m-1783670400,Down,1783670452,0.53,30.0
2483,btc-updown-15m-1783670400,Down,1783670450,0.53,30.0
2484,btc-updown-5m-1783670400,Down,1783670450,0.52,10.42
2485,btc-updown-15m-1783670400,Down,1783670450,0.49,2.85
2486,btc-updown-15m-1783670400,Down,1783670449,0.48,30.0
2487,btc-updown-15m-1783670400,Down,1783670444,0.47,5.73
2488,btc-updown-15m-1783670400,Up,1783670411,0.53,12.99
2489,btc-updown-5m-1783670100,Up,1783670386,0.91,5.0
2490,btc-updown-5m-1783670100,Up,1783670386,0.9099999921,5.054944
2491,btc-updown-5m-1783670100,Up,1783670384,0.939999996,10.106366
2492,btc-updown-5m-1783670100,Up,1783670384,0.95,15.0
2493,btc-updown-5m-1783670100,Up,1783670381,0.8,15.0
2494,btc-updown-5m-1783670100,Up,1783670380,0.8,40.0
2495,btc-updown-5m-1783670100,Up,1783670380,0.8,40.0
2496,btc-updown-5m-1783670100,Down,1783670374,0.2099999857,41.90476
2497,btc-updown-15m-1783669500,Down,1783670372,0.01,100.0
2498,btc-updown-5m-1783670100,Up,1783670369,0.89,40.0
2499,btc-updown-5m-1783670100,Up,1783670369,0.89,40.0
2500,btc-updown-5m-1783670100,Up,1783670350,0.93,23.9
2501,btc-updown-5m-1783670100,Down,1783670338,0.07,40.0
2502,btc-updown-5m-1783670100,Up,1783670315,0.9,40.0
2503,btc-updown-5m-1783670100,Up,1783670315,0.9,40.0
2504,btc-updown-15m-1783669500,Up,1783670315,0.98,15.0
2505,btc-updown-15m-1783669500,Up,1783670311,0.98,30.0
2506,btc-updown-5m-1783670100,Down,1783670299,0.13,40.0
2507,btc-updown-5m-1783670100,Up,1783670293,0.79,20.0
2508,btc-updown-5m-1783670100,Up,1783670293,0.79,40.0
2509,btc-updown-5m-1783670100,Up,1783670293,0.79,40.0
2510,btc-updown-15m-1783669500,Up,1783670291,0.96,10.0
2511,btc-updown-15m-1783669500,Up,1783670291,0.96,30.0
2512,btc-updown-15m-1783669500,Up,1783670276,0.93,19.29
2513,btc-updown-15m-1783669500,Up,1783670240,0.93,20.0
2514,btc-updown-15m-1783669500,Up,1783670221,0.94,30.0
2515,btc-updown-15m-1783669500,Up,1783670203,0.93,14.29
2516,btc-updown-15m-1783669500,Up,1783670203,0.92,15.0
2517,btc-updown-15m-1783669500,Up,1783670198,0.92,30.0
2518,btc-updown-15m-1783669500,Up,1783670192,0.92,25.0
2519,btc-updown-15m-1783669500,Up,1783670192,0.92,30.0
2520,btc-updown-15m-1783669500,Up,1783670192,0.92,30.0
2521,btc-updown-15m-1783669500,Up,1783670192,0.91,18.0
2522,btc-updown-15m-1783669500,Up,1783670128,0.83,30.0
2523,btc-updown-5m-1783669800,Up,1783670074,0.95,40.0
2524,btc-updown-5m-1783669800,Down,1783670053,0.07,11.95
2525,btc-updown-5m-1783669800,Up,1783670050,0.87,10.0
2526,btc-updown-5m-1783669800,Up,1783670050,0.87,5.0
2527,btc-updown-5m-1783669800,Up,1783670050,0.87,10.0
2528,btc-updown-5m-1783669800,Up,1783670048,0.87,15.0
2529,btc-updown-15m-1783669500,Down,1783670024,0.3,8.44
2530,btc-updown-5m-1783669800,Up,1783670024,0.85,10.0
2531,btc-updown-5m-1783669800,Up,1783670023,0.85,40.0
2532,btc-updown-5m-1783669800,Up,1783670021,0.85,10.0
2533,btc-updown-15m-1783669500,Up,1783670021,0.7,25.0
2534,btc-updown-5m-1783669800,Up,1783670021,0.85,40.0
2535,btc-updown-5m-1783669800,Up,1783670021,0.85,40.0
2536,btc-updown-15m-1783669500,Up,1783670021,0.69,5.0
2537,btc-updown-15m-1783669500,Up,1783670020,0.63,5.0
2538,btc-updown-5m-1783669800,Down,1783670017,0.24,40.0
2539,btc-updown-15m-1783669500,Up,1783670009,0.67,30.0
2540,btc-updown-5m-1783669800,Up,1783669967,0.8,40.0
2541,btc-updown-15m-1783669500,Down,1783669946,0.3,30.0
2542,btc-updown-15m-1783669500,Down,1783669945,0.29,0.42
2543,btc-updown-15m-1783669500,Up,1783669934,0.71,30.0
2544,btc-updown-15m-1783669500,Up,1783669934,0.71,30.0
2545,btc-updown-15m-1783669500,Up,1783669934,0.71,30.0
2546,btc-updown-15m-1783669500,Up,1783669928,0.56,30.0
2547,btc-updown-15m-1783669500,Down,1783669922,0.44,30.0
2548,btc-updown-15m-1783669500,Down,1783669922,0.44,30.0
2549,btc-updown-15m-1783669500,Down,1783669916,0.33,30.0
2550,btc-updown-15m-1783669500,Down,1783669916,0.33,30.0
2551,btc-updown-15m-1783669500,Down,1783669901,0.25,30.0
2552,btc-updown-5m-1783669800,Up,1783669847,0.65,40.0
2553,btc-updown-5m-1783669800,Up,1783669846,0.65,40.0
2554,btc-updown-15m-1783669500,Down,1783669793,0.5,25.0
2555,btc-updown-5m-1783669500,Up,1783669781,0.29,36.4
2556,btc-updown-5m-1783669500,Down,1783669772,0.83,1.54
2557,btc-updown-5m-1783669500,Down,1783669756,0.81,40.0
2558,btc-updown-5m-1783669500,Down,1783669735,0.74,40.0
2559,btc-updown-5m-1783669500,Down,1783669733,0.73,11.0
2560,btc-updown-15m-1783669500,Up,1783669721,0.44,30.0
2561,btc-updown-5m-1783669500,Up,1783669721,0.26,5.55
2562,btc-updown-5m-1783669500,Down,1783669709,0.82,40.0
2563,btc-updown-15m-1783669500,Up,1783669669,0.35,13.24
2564,btc-updown-5m-1783669500,Down,1783669636,0.87,40.0
2565,btc-updown-15m-1783668600,Down,1783669448,0.92,10.0
2566,btc-updown-15m-1783668600,Down,1783669448,0.92,10.0
2567,btc-updown-15m-1783668600,Up,1783669444,0.08,22.73
2568,btc-updown-15m-1783668600,Down,1783669442,0.9233807784,30.215042
2569,btc-updown-15m-1783668600,Down,1783669442,0.93,19.07
2570,btc-updown-15m-1783668600,Down,1783669433,0.83,28.0
2571,btc-updown-15m-1783668600,Up,1783669417,0.22,30.0
2572,btc-updown-15m-1783668600,Down,1783669408,0.75,26.17
2573,btc-updown-5m-1783669200,Up,1783669405,0.9,40.0
2574,btc-updown-15m-1783668600,Up,1783669403,0.18,30.0
2575,btc-updown-15m-1783668600,Down,1783669322,0.89,10.0
2576,btc-updown-15m-1783668600,Down,1783669322,0.89,10.0
2577,btc-updown-15m-1783668600,Down,1783669319,0.89,15.0
2578,btc-updown-15m-1783668600,Down,1783669261,0.83,10.0
2579,btc-updown-5m-1783669200,Up,1783669255,0.59,40.0
2580,btc-updown-15m-1783668600,Up,1783669255,0.12,10.0
2581,btc-updown-5m-1783668900,Down,1783669184,0.83,5.0
2582,btc-updown-5m-1783668900,Down,1783669183,0.83,40.0
2583,btc-updown-15m-1783668600,Down,1783669183,0.83,20.0
2584,btc-updown-15m-1783668600,Down,1783669183,0.83,30.0
2585,btc-updown-5m-1783668900,Down,1783669181,0.74,15.0
2586,btc-updown-5m-1783668900,Down,1783669181,0.739999997,40.540538
2587,btc-updown-5m-1783668900,Down,1783669181,0.739999997,40.540538
2588,btc-updown-15m-1783668600,Down,1783669180,0.83,30.0
2589,btc-updown-15m-1783668600,Down,1783669180,0.83,25.0
2590,btc-updown-15m-1783668600,Down,1783669178,0.83,30.0
2591,btc-updown-15m-1783668600,Down,1783669178,0.83,30.0
2592,btc-updown-15m-1783668600,Up,1783669177,0.11,26.33
2593,btc-updown-5m-1783668900,Up,1783669175,0.03,40.0
2594,btc-updown-5m-1783668900,Down,1783669157,0.95,40.0
2595,btc-updown-5m-1783668900,Down,1783669153,0.95,40.0
2596,btc-updown-15m-1783668600,Down,1783669066,0.86,30.0
2597,btc-updown-15m-1783668600,Up,1783669046,0.12,15.21
2598,btc-updown-15m-1783668600,Down,1783669000,0.79,7.46
2599,btc-updown-15m-1783668600,Down,1783668992,0.76,11.78
2600,btc-updown-15m-1783668600,Up,1783668878,0.28,30.0
2601,btc-updown-5m-1783668600,Down,1783668836,0.95,40.0
2602,btc-updown-5m-1783668600,Down,1783668836,0.95,40.0
2603,btc-updown-5m-1783668600,Down,1783668835,0.93,18.04
2604,btc-updown-5m-1783668300,Down,1783668443,0.79,25.39
2605,btc-updown-5m-1783668300,Down,1783668443,0.79,40.0
2606,btc-updown-5m-1783668000,Up,1783668184,0.85,0.4
2607,btc-updown-5m-1783668000,Up,1783668184,0.85,40.0
2608,btc-updown-5m-1783668000,Up,1783668173,0.85,40.0
2609,btc-updown-5m-1783668000,Up,1783668173,0.85,40.0
2610,btc-updown-5m-1783668000,Down,1783668161,0.16,30.0
2611,btc-updown-5m-1783667700,Up,1783667984,0.2199999777,31.363635
2612,btc-updown-5m-1783667700,Up,1783667984,0.22,20.45
2613,btc-updown-5m-1783667700,Up,1783667980,0.2953846154,32.5
2614,btc-updown-5m-1783667700,Up,1783667980,0.3067020885,15.161289
2615,btc-updown-5m-1783667700,Up,1783667978,0.27,30.0
2616,btc-updown-5m-1783667700,Up,1783667977,0.3,30.0
2617,btc-updown-5m-1783667700,Down,1783667974,0.94,28.8
2618,btc-updown-5m-1783667700,Down,1783667974,0.94,30.0
2619,btc-updown-5m-1783667700,Down,1783667968,0.35,25.0
2620,btc-updown-5m-1783667700,Down,1783667966,0.36,11.83
2621,btc-updown-5m-1783667700,Down,1783667962,0.25,30.0
2622,btc-updown-5m-1783667700,Down,1783667957,0.41,30.0
2623,btc-updown-5m-1783667700,Down,1783667957,0.41,30.0
2624,btc-updown-5m-1783667700,Down,1783667722,0.68,18.16
2625,btc-updown-5m-1783667400,Up,1783667648,0.97,30.0
2626,btc-updown-5m-1783667100,Up,1783667350,0.43,25.0
2627,btc-updown-5m-1783667100,Down,1783667345,0.61,30.0
2628,btc-updown-5m-1783667100,Down,1783667345,0.61,30.0
2629,btc-updown-5m-1783666800,Down,1783667081,0.83,30.0
2630,btc-updown-5m-1783666800,Down,1783666981,0.8217495017,30.3012
2631,btc-updown-5m-1783666800,Down,1783666933,0.76,30.0
2632,btc-updown-5m-1783666800,Up,1783666847,0.22,30.0
2633,btc-updown-5m-1783666800,Up,1783666847,0.22,30.0
2634,btc-updown-5m-1783666500,Down,1783666786,0.67,30.0
2635,btc-updown-5m-1783666500,Up,1783666786,0.3499999887,30.857141
2636,btc-updown-5m-1783666500,Up,1783666784,0.3499999887,30.857141
2637,btc-updown-5m-1783666500,Down,1783666783,0.57,25.94
2638,btc-updown-5m-1783666500,Down,1783666775,0.58,30.0
2639,btc-updown-5m-1783666500,Down,1783666775,0.58,30.0
2640,btc-updown-5m-1783666500,Up,1783666754,0.7,30.0
2641,btc-updown-5m-1783666500,Down,1783666751,0.32,30.0
2642,btc-updown-5m-1783666500,Down,1783666751,0.32,30.0
2643,btc-updown-5m-1783666500,Up,1783666741,0.73,30.0
2644,btc-updown-5m-1783666500,Up,1783666741,0.73,30.0
2645,btc-updown-5m-1783666500,Down,1783666717,0.63,30.0
2646,btc-updown-5m-1783666500,Up,1783666663,0.45,30.0
2647,btc-updown-5m-1783666200,Up,1783666474,0.070718232,22.625
2648,btc-updown-5m-1783666200,Up,1783666474,0.0699999735,34.285713
2649,btc-updown-5m-1783666200,Up,1783666471,0.08,30.0
2650,btc-updown-5m-1783666200,Up,1783666471,0.08,15.0
2651,btc-updown-5m-1783666200,Up,1783666469,0.1299999721,26.923075
2652,btc-updown-5m-1783666200,Down,1783666468,0.8,30.0
2653,btc-updown-5m-1783666200,Down,1783666468,0.8,28.64
2654,btc-updown-5m-1783666200,Down,1783666468,0.8,30.0
2655,btc-updown-5m-1783666200,Down,1783666451,0.79,30.0
2656,btc-updown-5m-1783666200,Down,1783666451,0.79,30.0
2657,btc-updown-5m-1783666200,Down,1783666439,0.6,10.0
2658,btc-updown-5m-1783666200,Down,1783666438,0.6,30.0
2659,btc-updown-5m-1783666200,Down,1783666438,0.6,30.0
2660,btc-updown-5m-1783666200,Down,1783666438,0.6,30.0
2661,btc-updown-5m-1783666200,Up,1783666360,0.64,4.14
2662,btc-updown-5m-1783666200,Up,1783666358,0.64,30.0
2663,btc-updown-5m-1783642200,Up,1783642456,0.05,36.0
2664,btc-updown-5m-1783642200,Up,1783642456,0.05,36.0
2665,btc-updown-5m-1783642200,Down,1783642424,0.87,10.0
2666,btc-updown-5m-1783642200,Down,1783642424,0.8599999921,10.116278
2667,btc-updown-5m-1783642200,Down,1783642424,0.86,12.03
2668,btc-updown-5m-1783642200,Down,1783642421,0.84,30.0
2669,btc-updown-5m-1783642200,Down,1783642421,0.84,20.0
2670,btc-updown-5m-1783642200,Down,1783642421,0.83,30.0
2671,btc-updown-5m-1783642200,Down,1783642421,0.83,18.0
2672,btc-updown-5m-1783642200,Down,1783642336,0.87,15.0
2673,btc-updown-5m-1783642200,Down,1783642336,0.87,15.0
2674,btc-updown-5m-1783642200,Down,1783642331,0.88,30.0
2675,btc-updown-5m-1783642200,Down,1783642330,0.88,30.0
2676,btc-updown-5m-1783642200,Down,1783642330,0.88,30.0
2677,btc-updown-5m-1783642200,Down,1783642255,0.85,20.0
2678,btc-updown-5m-1783642200,Down,1783642255,0.85,30.0
2679,btc-updown-5m-1783642200,Down,1783642253,0.85,30.0
2680,btc-updown-5m-1783642200,Down,1783642252,0.85,30.0
2681,btc-updown-5m-1783642200,Down,1783642252,0.85,30.0
2682,btc-updown-5m-1783642200,Down,1783642252,0.85,15.0
2683,btc-updown-5m-1783641900,Down,1783642103,0.47,15.0
2684,btc-updown-5m-1783641900,Down,1783642103,0.47,30.0
2685,btc-updown-5m-1783641900,Down,1783642102,0.47,30.0
2686,btc-updown-5m-1783641900,Down,1783642099,0.5,36.0
2687,btc-updown-5m-1783641900,Down,1783642099,0.5399999916,33.333332
2688,btc-updown-5m-1783641900,Up,1783642088,0.21,30.0
2689,btc-updown-5m-1783641900,Up,1783642088,0.21,5.0
2690,btc-updown-5m-1783641900,Up,1783642088,0.2099999814,32.857141
2691,btc-updown-5m-1783641900,Up,1783642088,0.2099999814,32.857141
2692,btc-updown-5m-1783641900,Up,1783642072,0.42,30.0
2693,btc-updown-5m-1783641900,Up,1783642064,0.37,30.0
2694,btc-updown-5m-1783641900,Down,1783642033,0.3,39.0
2695,btc-updown-5m-1783641900,Down,1783642033,0.3,40.0
2696,btc-updown-5m-1783641900,Up,1783642021,0.6299999947,31.904759
2697,btc-updown-5m-1783641900,Up,1783642021,0.6305171195,31.878592
2698,btc-updown-5m-1783641900,Down,1783641968,0.3,19.98
2699,btc-updown-5m-1783641600,Up,1783641877,0.1,25.87
2700,btc-updown-5m-1783641600,Up,1783641877,0.09,22.62
2701,btc-updown-5m-1783641600,Up,1783641877,0.09,30.0
2702,btc-updown-5m-1783641600,Up,1783641860,0.16,46.875
2703,btc-updown-5m-1783641600,Up,1783641860,0.16,46.875
2704,btc-updown-5m-1783641600,Up,1783641859,0.34,30.0
2705,btc-updown-5m-1783641600,Down,1783641854,0.52,30.0
2706,btc-updown-5m-1783641600,Up,1783641850,0.35,25.0
2707,btc-updown-5m-1783641600,Up,1783641850,0.3399999881,33.52941
2708,btc-updown-5m-1783641600,Down,1783641845,0.2299999751,26.086955
2709,btc-updown-5m-1783641600,Down,1783641845,0.24,37.5
2710,btc-updown-5m-1783641600,Down,1783641844,0.389999903,5.256409
2711,btc-updown-5m-1783641600,Down,1783641844,0.41,30.0
2712,btc-updown-5m-1783641600,Down,1783641842,0.4199999873,31.42857
2713,btc-updown-5m-1783641600,Down,1783641842,0.4199999838,32.142856
2714,btc-updown-5m-1783641600,Down,1783641832,0.55,30.0
2715,btc-updown-5m-1783641600,Down,1783641832,0.55,30.0
2716,btc-updown-5m-1783641600,Up,1783641679,0.34,30.0
2717,btc-updown-5m-1783641600,Up,1783641679,0.34,30.0
2718,btc-updown-5m-1783641300,Up,1783641484,0.06,30.0
2719,btc-updown-5m-1783641300,Down,1783641464,0.84,15.0
2720,btc-updown-5m-1783641300,Down,1783641464,0.84,25.0
2721,btc-updown-5m-1783641300,Down,1783641464,0.84,25.0
2722,btc-updown-5m-1783641000,Up,1783641277,0.8,10.0
2723,btc-updown-5m-1783641000,Up,1783641275,0.8119449876,31.036583
2724,btc-updown-5m-1783641000,Up,1783641275,0.7,36.0
2725,btc-updown-5m-1783641000,Down,1783641271,0.2,31.5
2726,btc-updown-5m-1783641000,Down,1783641271,0.2,33.0
2727,btc-updown-5m-1783641000,Down,1783641268,0.3,30.0
2728,btc-updown-5m-1783641000,Down,1783641250,0.4,12.0
2729,btc-updown-5m-1783641000,Down,1783641224,0.33,25.0
2730,btc-updown-5m-1783641000,Down,1783641224,0.33,30.0
2731,btc-updown-5m-1783641000,Down,1783641223,0.33,15.0
2732,btc-updown-5m-1783641000,Down,1783641221,0.3299999836,39.090908
2733,btc-updown-5m-1783641000,Down,1783641221,0.329999984,38.181817
2734,btc-updown-5m-1783641000,Up,1783641214,0.3372326914,30.246175
2735,btc-updown-5m-1783641000,Up,1783641214,0.329999988,30.909089
2736,btc-updown-5m-1783641000,Up,1783641199,0.5,14.05
2737,btc-updown-5m-1783641000,Down,1783641197,0.41,30.0
2738,btc-updown-5m-1783641000,Down,1783641197,0.41,1.68
2739,btc-updown-5m-1783641000,Up,1783641194,0.48,30.0
2740,btc-updown-5m-1783641000,Up,1783641194,0.52,30.0
2741,btc-updown-5m-1783641000,Up,1783641191,0.48,35.0
2742,btc-updown-5m-1783641000,Up,1783641191,0.4821428571,33.6
2743,btc-updown-5m-1783641000,Up,1783641190,0.59,30.0
2744,btc-updown-5m-1783641000,Up,1783641188,0.59,30.0
2745,btc-updown-5m-1783641000,Down,1783641175,0.2304,31.25
2746,btc-updown-5m-1783641000,Down,1783641175,0.24,32.5
2747,btc-updown-5m-1783641000,Up,1783641140,0.49,25.0
2748,btc-updown-5m-1783641000,Up,1783641139,0.6,30.0
2749,btc-updown-5m-1783641000,Up,1783641139,0.6,30.5
2750,btc-updown-5m-1783640700,Down,1783640762,0.68,30.0
2751,btc-updown-5m-1783640400,Down,1783640684,0.0616817406,28.371427
2752,btc-updown-5m-1783640400,Down,1783640681,0.0648147915,38.571427
2753,btc-updown-5m-1783640400,Down,1783640681,0.06,50.0
2754,btc-updown-5m-1783640400,Down,1783640681,0.1,30.0
2755,btc-updown-5m-1783640400,Up,1783640675,0.75,10.266664
2756,btc-updown-5m-1783640400,Up,1783640675,0.81,30.0
2757,btc-updown-5m-1783640400,Up,1783640675,0.6299999919,38.095237
2758,btc-updown-5m-1783640400,Up,1783640675,0.81,30.0
2759,btc-updown-5m-1783640400,Up,1783640654,0.8122020306,34.351053
2760,btc-updown-5m-1783640400,Up,1783640654,0.909999999,30.659333
2761,btc-updown-5m-1783640400,Up,1783640647,0.95,30.0
2762,btc-updown-5m-1783640400,Down,1783640456,0.15,24.12
2763,btc-updown-5m-1783640100,Up,1783640330,0.78,2.0
2764,btc-updown-5m-1783640100,Up,1783640330,0.78,30.0
2765,btc-updown-5m-1783640100,Up,1783640330,0.78,30.0
2766,btc-updown-5m-1783640100,Up,1783640219,0.77,4.0
2767,btc-updown-5m-1783639500,Up,1783639777,0.03,35.0
2768,btc-updown-5m-1783639500,Down,1783639768,0.85,30.0
2769,btc-updown-5m-1783639500,Down,1783639768,0.85,30.0
2770,btc-updown-5m-1783639500,Down,1783639768,0.85,30.0
2771,btc-updown-5m-1783639500,Down,1783639753,0.71,24.17
2772,btc-updown-5m-1783639500,Down,1783639736,0.67,30.0
2773,btc-updown-5m-1783639500,Down,1783639579,0.23,10.0
2774,btc-updown-5m-1783639200,Down,1783639415,0.02,50.0
2775,btc-updown-5m-1783639200,Up,1783639378,0.7799999921,15.192304
2776,btc-updown-5m-1783639200,Up,1783639376,0.7899999938,32.27848
2777,btc-updown-5m-1783639200,Up,1783639376,0.79,30.0
2778,btc-updown-5m-1783639200,Up,1783639376,0.7899999941,30.379742
2779,btc-updown-5m-1783639200,Up,1783639328,0.26,30.0
2780,btc-updown-5m-1783638900,Down,1783639087,0.95,30.0
2781,btc-updown-5m-1783638900,Up,1783639016,0.12,30.0
2782,btc-updown-5m-1783638900,Up,1783639015,0.12,30.0
2783,btc-updown-5m-1783638900,Down,1783638905,0.45,14.04
2784,btc-updown-5m-1783638600,Up,1783638875,0.03,15.66
2785,btc-updown-5m-1783638600,Up,1783638868,0.03,1.66
2786,btc-updown-5m-1783638600,Up,1783638862,0.03,35.0
2787,btc-updown-5m-1783638600,Up,1783638836,0.43,30.0
2788,btc-updown-5m-1783638600,Up,1783638827,0.28,30.0
2789,btc-updown-5m-1783638600,Down,1783638817,0.56,29.5
2790,btc-updown-5m-1783638600,Down,1783638785,0.44,30.0
2791,btc-updown-5m-1783638600,Down,1783638785,0.44,5.0
2792,btc-updown-5m-1783638300,Down,1783638538,0.96,30.0
2793,btc-updown-5m-1783638300,Down,1783638476,0.91,30.0
2794,btc-updown-5m-1783638300,Up,1783638353,0.53,30.0
2795,btc-updown-5m-1783638000,Up,1783638287,0.96,30.0
2796,btc-updown-5m-1783638000,Up,1783638287,0.96,30.0
2797,btc-updown-5m-1783638000,Up,1783638284,0.96,30.0
2798,btc-updown-5m-1783638000,Up,1783638283,0.96,30.0
2799,btc-updown-5m-1783638000,Up,1783638251,0.68,30.0
2800,btc-updown-5m-1783638000,Up,1783638251,0.68,30.0
2801,btc-updown-5m-1783638000,Down,1783638241,0.4,30.0
2802,btc-updown-5m-1783638000,Down,1783638223,0.42,30.0
2803,btc-updown-5m-1783638000,Up,1783638217,0.62,12.37
2804,btc-updown-5m-1783638000,Down,1783638161,0.52,21.15
2805,btc-updown-5m-1783637700,Down,1783637954,0.93,13.82
2806,btc-updown-5m-1783637700,Down,1783637954,0.93,30.0
2807,btc-updown-5m-1783637400,Down,1783637591,0.94,4.57
2808,btc-updown-5m-1783637100,Down,1783637383,0.95,9.21
2809,btc-updown-5m-1783637100,Up,1783637377,0.03,40.0
2810,btc-updown-5m-1783637100,Up,1783637354,0.25,30.0
2811,btc-updown-5m-1783637100,Down,1783637327,0.81,30.0
2812,btc-updown-5m-1783637100,Down,1783637326,0.81,30.0
2813,btc-updown-5m-1783637100,Down,1783637240,0.61,30.0
2814,btc-updown-5m-1783637100,Down,1783637240,0.61,30.0
2815,btc-updown-5m-1783636800,Up,1783637054,0.97,30.0
2816,btc-updown-5m-1783636800,Up,1783637054,0.97,30.0
2817,btc-updown-5m-1783636800,Up,1783637053,0.947265625,30.72
2818,btc-updown-5m-1783636800,Up,1783637051,0.9085107903,32.030433
2819,btc-updown-5m-1783636500,Down,1783636756,0.48,30.0
2820,btc-updown-5m-1783636500,Down,1783636756,0.48,21.22
2821,btc-updown-5m-1783636500,Down,1783636724,0.45,30.0
2822,btc-updown-5m-1783636500,Down,1783636724,0.45,30.0
2823,btc-updown-5m-1783636500,Up,1783636655,0.43,30.0
2824,btc-updown-5m-1783636200,Up,1783636456,0.05,30.0
2825,btc-updown-5m-1783636200,Down,1783636427,0.61,30.0
2826,btc-updown-5m-1783635900,Up,1783636171,0.06,25.0
2827,btc-updown-5m-1783635900,Up,1783636141,0.09,30.0
2828,btc-updown-5m-1783635600,Down,1783635883,0.06,30.0
2829,btc-updown-5m-1783635600,Down,1783635883,0.06,35.0
2830,btc-updown-5m-1783635600,Down,1783635826,0.19,30.0
2831,btc-updown-5m-1783635600,Down,1783635826,0.19,30.0
2832,btc-updown-5m-1783635600,Down,1783635725,0.3,20.0
2833,btc-updown-5m-1783635600,Down,1783635725,0.3,20.0
2834,btc-updown-5m-1783635300,Up,1783635550,0.95,30.0
2835,btc-updown-5m-1783635300,Up,1783635541,0.97,30.0
2836,btc-updown-5m-1783635300,Up,1783635494,0.88,30.0
2837,btc-updown-5m-1783635300,Up,1783635494,0.88,30.0
2838,btc-updown-5m-1783635300,Up,1783635464,0.65,5.85
2839,btc-updown-5m-1783635000,Down,1783635284,0.92,30.0
2840,btc-updown-5m-1783635000,Down,1783635260,0.82,10.12195
2841,btc-updown-5m-1783635000,Down,1783635250,0.8,5.0
2842,btc-updown-5m-1783635000,Down,1783635250,0.8,20.0
2843,btc-updown-5m-1783635000,Down,1783635178,0.61,30.0
2844,btc-updown-5m-1783634700,Up,1783634957,0.8,5.5
2845,btc-updown-5m-1783634700,Up,1783634944,0.9,9.44
2846,btc-updown-5m-1783634400,Up,1783634684,0.13,30.0
2847,btc-updown-5m-1783634400,Up,1783634684,0.13,30.0
2848,btc-updown-5m-1783634400,Up,1783634683,0.41,30.0
2849,btc-updown-5m-1783634400,Up,1783634683,0.3899999899,30.769229
2850,btc-updown-5m-1783634400,Down,1783634657,0.08,30.0
2851,btc-updown-5m-1783634400,Down,1783634657,0.08,33.75
2852,btc-updown-5m-1783634400,Up,1783634653,0.86,30.0
2853,btc-updown-5m-1783634400,Up,1783634653,0.86,25.0
2854,btc-updown-5m-1783634400,Up,1783634653,0.85,30.0
2855,btc-updown-5m-1783634400,Up,1783634653,0.84,10.8
2856,btc-updown-5m-1783634400,Up,1783634647,0.91,30.0
2857,btc-updown-5m-1783634400,Up,1783634647,0.91,30.0
2858,btc-updown-5m-1783634400,Up,1783634608,0.56,10.0
2859,btc-updown-5m-1783634400,Up,1783634602,0.47,14.95
2860,btc-updown-5m-1783634400,Up,1783634593,0.41,10.0
2861,btc-updown-5m-1783634400,Down,1783634563,0.8,30.0
2862,btc-updown-5m-1783634400,Down,1783634563,0.8,30.0
2863,btc-updown-5m-1783634400,Down,1783634563,0.8,30.0
2864,btc-updown-5m-1783634400,Down,1783634561,0.8,30.0
2865,btc-updown-5m-1783634100,Up,1783634381,0.55,30.0
2866,btc-updown-5m-1783634100,Up,1783634381,0.5399999725,5.092591
2867,btc-updown-5m-1783634100,Up,1783634381,0.5399999948,30.555554
2868,btc-updown-5m-1783634100,Up,1783634381,0.55,30.0
2869,btc-updown-5m-1783634100,Down,1783634375,0.63,30.0
2870,btc-updown-5m-1783634100,Down,1783634371,0.4299999873,30.697673
2871,btc-updown-5m-1783634100,Down,1783634371,0.4299999873,30.697673
2872,btc-updown-5m-1783634100,Down,1783634350,0.29,30.0
2873,btc-updown-5m-1783634100,Down,1783634350,0.29,30.0
2874,btc-updown-5m-1783634100,Up,1783634336,0.58,30.0
2875,btc-updown-5m-1783633800,Up,1783634083,0.9119156399,30.923912
2876,btc-updown-5m-1783633800,Up,1783634083,0.9183716796,30.706512
2877,btc-updown-5m-1783633800,Up,1783634081,0.93,12.13
2878,btc-updown-5m-1783633800,Down,1783634056,0.14,30.0
2879,btc-updown-5m-1783633800,Down,1783634044,0.07,12.51
2880,btc-updown-5m-1783633800,Down,1783634044,0.07,30.0
2881,btc-updown-5m-1783633800,Up,1783633945,0.43,7.48
2882,btc-updown-5m-1783633800,Down,1783633907,0.66,30.0
2883,btc-updown-5m-1783633800,Down,1783633907,0.66,30.0
2884,btc-updown-5m-1783633800,Up,1783633906,0.5,31.8
2885,btc-updown-5m-1783633800,Up,1783633897,0.58,30.0
2886,btc-updown-5m-1783633800,Down,1783633894,0.5099999955,35.294116
2887,btc-updown-5m-1783633800,Down,1783633840,0.55,1.0
2888,btc-updown-5m-1783633800,Up,1783633808,0.6,30.0
2889,btc-updown-5m-1783633800,Up,1783633808,0.6,30.0
2890,btc-updown-5m-1783633500,Up,1783633771,0.909999998,30.329666
2891,btc-updown-5m-1783633500,Down,1783633766,0.09,30.0
2892,btc-updown-5m-1783633500,Down,1783633765,0.09,30.0
2893,btc-updown-5m-1783633500,Up,1783633748,0.7599999937,31.578945
2894,btc-updown-5m-1783633500,Up,1783633748,0.7726161331,31.06329
2895,btc-updown-5m-1783633500,Up,1783633745,0.7899999941,30.379742
2896,btc-updown-5m-1783633500,Up,1783633727,0.89,15.0
2897,btc-updown-5m-1783633500,Up,1783633727,0.87,18.0
2898,btc-updown-5m-1783633500,Up,1783633727,0.87,30.0
2899,btc-updown-5m-1783633500,Up,1783633726,0.85,30.0
2900,btc-updown-5m-1783633500,Down,1783633709,0.32,25.0
2901,btc-updown-5m-1783633500,Down,1783633709,0.32,30.0
2902,btc-updown-5m-1783633500,Down,1783633709,0.32,30.0
2903,btc-updown-5m-1783633500,Down,1783633709,0.3,15.0
2904,btc-updown-5m-1783633500,Down,1783633667,0.38,26.28
2905,btc-updown-5m-1783633500,Down,1783633667,0.38,30.0
2906,btc-updown-5m-1783633500,Up,1783633628,0.67,30.0
2907,btc-updown-5m-1783633500,Up,1783633627,0.67,30.0
2908,btc-updown-5m-1783633500,Up,1783633627,0.66,5.0
2909,btc-updown-5m-1783633500,Up,1783633627,0.67,30.0
2910,btc-updown-5m-1783633500,Up,1783633564,0.7,30.0
2911,btc-updown-5m-1783633500,Up,1783633564,0.7,30.0
2912,btc-updown-5m-1783633500,Down,1783633543,0.53,30.0
2913,btc-updown-5m-1783633500,Down,1783633537,0.52,30.0
2914,btc-updown-5m-1783633500,Up,1783633505,0.51,30.0
2915,btc-updown-5m-1783633500,Up,1783633504,0.51,30.0
2916,btc-updown-5m-1783633200,Down,1783633366,0.94,1.84
2917,btc-updown-5m-1783633200,Down,1783633298,0.84,30.0
2918,btc-updown-5m-1783632900,Down,1783633171,0.17,30.0
2919,btc-updown-5m-1783632900,Down,1783633096,0.17,30.0
2920,btc-updown-5m-1783632600,Up,1783632842,0.73,30.0
2921,btc-updown-5m-1783632600,Up,1783632665,0.68,18.0
2922,btc-updown-5m-1783632300,Down,1783632535,0.95,25.0
2923,btc-updown-5m-1783632300,Down,1783632500,0.85,30.0
2924,btc-updown-5m-1783631700,Down,1783631980,0.07,10.0
2925,btc-updown-5m-1783631700,Up,1783631948,0.91,30.0
2926,btc-updown-5m-1783631700,Down,1783631906,0.24,30.0
2927,btc-updown-5m-1783631700,Down,1783631905,0.23,8.52
2928,btc-updown-5m-1783631700,Up,1783631899,0.76,30.0
2929,btc-updown-5m-1783631400,Down,1783631651,0.98,30.0
2930,btc-updown-5m-1783631400,Down,1783631422,0.76,30.0
2931,btc-updown-5m-1783631400,Down,1783631422,0.76,30.0
2932,btc-updown-5m-1783631100,Up,1783631387,0.19,30.0
2933,btc-updown-5m-1783631100,Down,1783631308,0.87,30.0
2934,btc-updown-5m-1783631100,Down,1783631308,0.87,30.0
2935,btc-updown-5m-1783630800,Up,1783630982,0.93,30.0
2936,btc-updown-5m-1783630800,Up,1783630982,0.93,30.0
2937,btc-updown-5m-1783630800,Up,1783630957,0.8799999987,30.340908
2938,btc-updown-5m-1783630800,Up,1783630957,0.8799999987,30.340908
2939,btc-updown-5m-1783630800,Up,1783630948,0.9,5.0
2940,btc-updown-5m-1783630800,Up,1783630936,0.94,30.0
2941,btc-updown-5m-1783630800,Down,1783630913,0.04,30.0
2942,btc-updown-5m-1783630500,Up,1783630669,0.74,30.0
2943,btc-updown-5m-1783630500,Up,1783630667,0.74,30.0
2944,btc-updown-5m-1783630200,Down,1783630396,0.78,11.76
2945,btc-updown-5m-1783630200,Down,1783630258,0.54,30.0
2946,btc-updown-5m-1783630200,Down,1783630258,0.54,30.0
2947,btc-updown-5m-1783629900,Up,1783630171,0.07,30.0
2948,btc-updown-5m-1783629900,Up,1783630169,0.08,8.78
2949,btc-updown-5m-1783629900,Up,1783630156,0.09,12.34
2950,btc-updown-5m-1783629900,Down,1783630144,0.889999998,30.674154
2951,btc-updown-5m-1783629900,Up,1783630118,0.47,30.0
2952,btc-updown-5m-1783629900,Up,1783630118,0.4600951611,31.297871
2953,btc-updown-5m-1783629900,Up,1783630111,0.34,30.0
2954,btc-updown-5m-1783629900,Down,1783630084,0.6,30.0
2955,btc-updown-5m-1783629900,Down,1783629982,0.52,30.0
2956,btc-updown-5m-1783629900,Down,1783629980,0.52,30.0
2957,btc-updown-5m-1783629600,Up,1783629742,0.68,30.0
2958,btc-updown-5m-1783629600,Up,1783629742,0.68,30.0
2959,btc-updown-5m-1783629300,Down,1783629586,0.91,21.7
2960,btc-updown-5m-1783629300,Up,1783629580,0.06,35.0
2961,btc-updown-5m-1783629300,Up,1783629580,0.06,40.0
2962,btc-updown-5m-1783629300,Up,1783629563,0.25,5.19
2963,btc-updown-5m-1783629300,Up,1783629562,0.25,30.0
2964,btc-updown-5m-1783629300,Down,1783629559,0.63,25.0
2965,btc-updown-5m-1783629300,Down,1783629559,0.63,30.0
2966,btc-updown-5m-1783629300,Down,1783629559,0.63,30.0
2967,btc-updown-5m-1783629300,Down,1783629557,0.62,21.12
2968,btc-updown-5m-1783629300,Up,1783629541,0.37,19.74
2969,btc-updown-5m-1783629300,Up,1783629541,0.33,6.41
2970,btc-updown-5m-1783629300,Down,1783629533,0.63,8.23
2971,btc-updown-5m-1783629300,Down,1783629490,0.71,25.31
2972,btc-updown-5m-1783629300,Down,1783629481,0.59,30.0
2973,btc-updown-5m-1783629300,Down,1783629481,0.59,2.81
2974,btc-updown-5m-1783628700,Down,1783628986,0.07,30.0
2975,btc-updown-5m-1783628700,Up,1783628954,0.86,29.3
2976,btc-updown-5m-1783628700,Up,1783628935,0.82,11.56
2977,btc-updown-5m-1783628700,Down,1783628930,0.14,30.0
2978,btc-updown-5m-1783628700,Up,1783628872,0.59,10.12
2979,btc-updown-5m-1783628700,Up,1783628872,0.6,30.0
2980,btc-updown-5m-1783628700,Up,1783628872,0.58,1.9
2981,btc-updown-5m-1783628700,Up,1783628857,0.74,30.0
2982,btc-updown-5m-1783628700,Up,1783628849,0.69,17.76
2983,btc-updown-5m-1783628400,Up,1783628654,0.93,5.0
2984,btc-updown-5m-1783628400,Down,1783628653,0.04,30.0
2985,btc-updown-5m-1783628400,Down,1783628624,0.23,30.0
2986,btc-updown-5m-1783628400,Down,1783628605,0.22,30.0
2987,btc-updown-5m-1783628100,Down,1783628384,0.02,50.0
2988,btc-updown-5m-1783628100,Down,1783628381,0.02,50.0
2989,btc-updown-5m-1783628100,Down,1783628380,0.02,50.0
2990,btc-updown-5m-1783628100,Up,1783628366,0.97,30.0
2991,btc-updown-5m-1783628100,Down,1783628359,0.06,5.85
2992,btc-updown-5m-1783628100,Up,1783628356,0.89,16.21
2993,btc-updown-5m-1783628100,Up,1783628354,0.89,30.0
2994,btc-updown-5m-1783628100,Up,1783628318,0.86,30.0
2995,btc-updown-5m-1783628100,Up,1783628318,0.84,10.0
2996,btc-updown-5m-1783628100,Up,1783628275,0.75,15.0
2997,btc-updown-5m-1783628100,Up,1783628273,0.75,30.0
2998,btc-updown-5m-1783628100,Up,1783628273,0.75,30.0
2999,btc-updown-5m-1783628100,Up,1783628270,0.73,10.0
3000,btc-updown-5m-1783628100,Up,1783628270,0.73,30.0
3001,btc-updown-5m-1783628100,Up,1783628270,0.73,30.0
3002,btc-updown-5m-1783628100,Up,1783628270,0.73,30.0
3003,btc-updown-5m-1783628100,Down,1783628240,0.45,30.0
3004,btc-updown-5m-1783628100,Down,1783628240,0.45,23.45
3005,btc-updown-5m-1783628100,Down,1783628177,0.4099999936,34.390242
3006,btc-updown-15m-1783619100,Up,1783619918,0.94,30.0319
3007,btc-updown-15m-1783619100,Up,1783619918,0.9299999987,30.354828
3008,btc-updown-15m-1783619100,Up,1783619917,0.931,14.07
3009,btc-updown-15m-1783619100,Up,1783619834,0.981,1.23
3010,btc-updown-15m-1783619100,Up,1783619834,0.9809999674,30.03058
3011,btc-updown-15m-1783619100,Down,1783619717,0.08,30.0
3012,btc-updown-15m-1783619100,Down,1783619711,0.09,30.0
3013,btc-updown-15m-1783619100,Down,1783619710,0.09,30.0
3014,btc-updown-15m-1783619100,Down,1783619495,0.39,8.92
3015,btc-updown-5m-1783619400,Down,1783619482,0.72,30.0
3016,btc-updown-5m-1783619400,Down,1783619482,0.72,30.0
3017,btc-updown-15m-1783619100,Up,1783619410,0.67,16.0
3018,btc-updown-5m-1783619100,Up,1783619330,0.86,30.0
3019,btc-updown-5m-1783619100,Up,1783619318,0.8399999974,30.357137
3020,btc-updown-5m-1783619100,Down,1783619293,0.3,30.0
3021,btc-updown-5m-1783619100,Down,1783619281,0.1,30.0
3022,btc-updown-15m-1783619100,Up,1783619267,0.61,30.0
3023,btc-updown-5m-1783619100,Up,1783619267,0.79,30.0
3024,btc-updown-5m-1783619100,Up,1783619267,0.79,30.0
3025,btc-updown-5m-1783619100,Down,1783619254,0.14,7.49
3026,btc-updown-15m-1783619100,Down,1783619215,0.49,26.91
3027,btc-updown-5m-1783618800,Down,1783618828,0.5499999885,34.909088
3028,btc-updown-15m-1783618200,Up,1783618817,0.97,30.0
3029,btc-updown-15m-1783618200,Up,1783618804,0.97,30.0
3030,btc-updown-15m-1783618200,Down,1783618787,0.02,50.0
3031,btc-updown-15m-1783618200,Down,1783618783,0.06,30.0
3032,btc-updown-15m-1783618200,Down,1783618754,0.15,30.0
3033,btc-updown-15m-1783618200,Down,1783618706,0.23,30.0
3034,btc-updown-5m-1783618500,Up,1783618688,0.94,30.0
3035,btc-updown-15m-1783618200,Down,1783618669,0.22,30.0
3036,btc-updown-15m-1783618200,Down,1783618669,0.21,13.42
3037,btc-updown-15m-1783618200,Up,1783618663,0.7,30.0
3038,btc-updown-15m-1783618200,Up,1783618663,0.7,30.0
3039,btc-updown-15m-1783618200,Up,1783618639,0.6,30.0
3040,btc-updown-15m-1783618200,Up,1783618639,0.6,30.0
3041,btc-updown-15m-1783618200,Up,1783618630,0.52,4.8
3042,btc-updown-15m-1783618200,Down,1783618615,0.58,30.0
3043,btc-updown-15m-1783618200,Down,1783618457,0.56,5.0
3044,btc-updown-15m-1783618200,Down,1783618438,0.58,12.0
3045,btc-updown-15m-1783618200,Up,1783618343,0.2,30.0
3046,btc-updown-15m-1783618200,Down,1783618324,0.67,30.0
3047,btc-updown-15m-1783618200,Up,1783618303,0.34,17.0
3048,btc-updown-15m-1783618200,Down,1783618268,0.6,30.0
3049,btc-updown-15m-1783618200,Down,1783618268,0.6,25.91
3050,btc-updown-15m-1783618200,Up,1783618249,0.57,4.24
3051,btc-updown-15m-1783617300,Down,1783617994,0.01,100.0
3052,btc-updown-15m-1783617300,Down,1783617887,0.04,24.0
3053,btc-updown-15m-1783617300,Down,1783617793,0.05,30.0
3054,btc-updown-15m-1783617300,Up,1783617748,0.91,13.8
3055,btc-updown-15m-1783617300,Up,1783617739,0.91,30.0
3056,btc-updown-15m-1783617300,Up,1783617592,0.89,30.0
3057,btc-updown-15m-1783617300,Up,1783617590,0.89,30.0
3058,btc-updown-15m-1783616400,Up,1783617287,0.54,5.0
3059,btc-updown-15m-1783616400,Up,1783617287,0.51,22.13
3060,btc-updown-15m-1783616400,Down,1783617284,0.49,13.0
3061,btc-updown-15m-1783616400,Down,1783617283,0.46,3.1
3062,btc-updown-15m-1783616400,Up,1783617277,0.33,30.0
3063,btc-updown-15m-1783616400,Up,1783617277,0.33,30.0
3064,btc-updown-15m-1783616400,Up,1783617277,0.28,30.0
3065,btc-updown-15m-1783616400,Down,1783617274,0.58,16.0
3066,btc-updown-15m-1783616400,Down,1783617272,0.53,5.0
3067,btc-updown-15m-1783616400,Down,1783617272,0.57,5.0
3068,btc-updown-15m-1783616400,Down,1783617269,0.4,30.0
3069,btc-updown-15m-1783616400,Up,1783617268,0.54,8.14
3070,btc-updown-15m-1783616400,Up,1783617260,0.35,30.0
3071,btc-updown-15m-1783616400,Up,1783617260,0.35,30.0
3072,btc-updown-15m-1783616400,Down,1783617256,0.64,5.0
3073,btc-updown-15m-1783616400,Down,1783617251,0.6099999928,30.491802
3074,btc-updown-15m-1783616400,Down,1783617251,0.61,30.0
3075,btc-updown-15m-1783616400,Up,1783617248,0.28,30.0
3076,btc-updown-15m-1783616400,Down,1783617241,0.72,30.0
3077,btc-updown-15m-1783616400,Down,1783617239,0.72,30.0
3078,btc-updown-15m-1783616400,Up,1783617230,0.29,30.0
3079,btc-updown-15m-1783616400,Up,1783617226,0.28,26.0
3080,btc-updown-15m-1783616400,Down,1783617221,0.74,30.0
3081,btc-updown-15m-1783616400,Up,1783617217,0.23,30.0
3082,btc-updown-15m-1783616400,Down,1783617211,0.79,30.0
3083,btc-updown-15m-1783616400,Down,1783617211,0.79,30.0
3084,btc-updown-15m-1783616400,Down,1783617211,0.79,30.0
3085,btc-updown-15m-1783616400,Down,1783617206,0.71,30.0
3086,btc-updown-15m-1783616400,Down,1783617200,0.5,30.0
3087,btc-updown-15m-1783616400,Down,1783617200,0.5,13.28
3088,btc-updown-15m-1783616400,Up,1783617122,0.75,5.0
3089,btc-updown-15m-1783616400,Up,1783617122,0.75,10.0
3090,btc-updown-15m-1783616400,Up,1783617122,0.75,10.0
3091,btc-updown-15m-1783616400,Up,1783617113,0.79,5.0
3092,btc-updown-15m-1783616400,Up,1783617106,0.82,30.0
3093,btc-updown-15m-1783616400,Up,1783617106,0.82,30.0
3094,btc-updown-15m-1783616400,Up,1783617046,0.89,30.0
3095,btc-updown-15m-1783616400,Up,1783617046,0.89,30.0
3096,btc-updown-15m-1783616400,Down,1783617034,0.2,30.0
3097,btc-updown-15m-1783616400,Down,1783617008,0.26,30.0
3098,btc-updown-15m-1783616400,Up,1783616981,0.8,5.0
3099,btc-updown-15m-1783616400,Up,1783616981,0.8,5.0
3100,btc-updown-15m-1783616400,Up,1783616974,0.82,30.0
3101,btc-updown-15m-1783616400,Down,1783616932,0.17,20.81
3102,btc-updown-15m-1783616400,Up,1783616911,0.83,30.0
3103,btc-updown-15m-1783616400,Up,1783616911,0.83,30.0
3104,btc-updown-15m-1783616400,Up,1783616887,0.85,30.0
3105,btc-updown-15m-1783616400,Down,1783616848,0.17,30.0
3106,btc-updown-15m-1783616400,Down,1783616804,0.39,20.0
3107,btc-updown-15m-1783616400,Down,1783616764,0.42,17.69
3108,btc-updown-15m-1783616400,Up,1783616756,0.54,7.33
3109,btc-updown-15m-1783616400,Down,1783616731,0.45,4.19
3110,btc-updown-15m-1783616400,Down,1783616624,0.35,5.0
3111,btc-updown-15m-1783616400,Up,1783616546,0.72,5.0
3112,btc-updown-15m-1783616400,Up,1783616543,0.74,19.06
3113,btc-updown-15m-1783616400,Up,1783616539,0.72,8.0
3114,btc-updown-15m-1783615500,Up,1783616384,0.18,30.0
3115,btc-updown-15m-1783615500,Up,1783616380,0.2,30.0
3116,btc-updown-15m-1783615500,Down,1783616378,0.82,30.0
3117,btc-updown-15m-1783615500,Down,1783616378,0.82,30.0
3118,btc-updown-15m-1783615500,Up,1783616371,0.14,20.58
3119,btc-updown-15m-1783615500,Up,1783616371,0.13,22.04
3120,btc-updown-15m-1783615500,Down,1783616369,0.88,30.0
3121,btc-updown-15m-1783615500,Down,1783616338,0.76,11.1
3122,btc-updown-15m-1783615500,Up,1783616333,0.08,30.0
3123,btc-updown-15m-1783615500,Up,1783616333,0.08,30.0
3124,btc-updown-15m-1783615500,Down,1783616309,0.9,30.0
3125,btc-updown-15m-1783615500,Up,1783616300,0.1,30.0
3126,btc-updown-15m-1783615500,Up,1783616300,0.1,30.0
3127,btc-updown-15m-1783615500,Down,1783616299,0.88,30.0
3128,btc-updown-15m-1783615500,Up,1783616255,0.16,30.0
3129,btc-updown-15m-1783615500,Up,1783616255,0.16,30.0
3130,btc-updown-15m-1783615500,Up,1783616255,0.16,30.0
3131,btc-updown-15m-1783615500,Down,1783616251,0.82,30.0
3132,btc-updown-15m-1783615500,Down,1783616249,0.81,5.01
3133,btc-updown-15m-1783615500,Up,1783616242,0.32,20.0
3134,btc-updown-15m-1783615500,Down,1783616240,0.68,30.0
3135,btc-updown-15m-1783615500,Down,1783616240,0.68,30.0
3136,btc-updown-15m-1783615500,Up,1783616207,0.24,15.0
3137,btc-updown-15m-1783615500,Down,1783616167,0.84,28.75
3138,btc-updown-15m-1783615500,Down,1783616167,0.82,6.75
3139,btc-updown-15m-1783615500,Up,1783616164,0.18,30.0
3140,btc-updown-15m-1783615500,Down,1783616144,0.83,11.0
3141,btc-updown-15m-1783615500,Up,1783616141,0.19,30.0
3142,btc-updown-15m-1783615500,Up,1783616141,0.19,30.0
3143,btc-updown-15m-1783615500,Up,1783616120,0.24,30.0
3144,btc-updown-15m-1783615500,Up,1783616089,0.42,30.0
3145,btc-updown-15m-1783615500,Up,1783616036,0.36,30.0
3146,btc-updown-15m-1783615500,Down,1783615984,0.8,30.0
3147,btc-updown-15m-1783615500,Up,1783615945,0.09,30.0
3148,btc-updown-15m-1783615500,Up,1783615898,0.11,30.0
3149,btc-updown-15m-1783615500,Up,1783615849,0.17,30.0
3150,btc-updown-15m-1783615500,Down,1783615696,0.72,1.75
3151,btc-updown-15m-1783615500,Down,1783615670,0.75,30.0
3152,btc-updown-15m-1783615500,Down,1783615670,0.75,30.0
3153,btc-updown-15m-1783615500,Down,1783615670,0.75,30.0
3154,btc-updown-15m-1783615500,Down,1783615625,0.6,30.0
3155,btc-updown-15m-1783615500,Down,1783615618,0.55,5.0
3156,btc-updown-15m-1783615500,Up,1783615505,0.5,6.0
3157,btc-updown-15m-1783614600,Up,1783615483,0.88,2.95
3158,btc-updown-15m-1783614600,Up,1783615481,0.82,30.0
3159,btc-updown-15m-1783614600,Up,1783615481,0.82,30.0
3160,btc-updown-15m-1783614600,Down,1783615475,0.11,29.58
3161,btc-updown-15m-1783614600,Up,1783615471,0.85,14.0
3162,btc-updown-15m-1783614600,Up,1783615471,0.85,30.0
3163,btc-updown-15m-1783614600,Up,1783615471,0.84,24.0
3164,btc-updown-15m-1783614600,Up,1783615465,0.82,27.78
3165,btc-updown-15m-1783614600,Up,1783615463,0.81,23.56
3166,btc-updown-15m-1783614600,Down,1783615460,0.44,30.0
3167,btc-updown-15m-1783614600,Down,1783615459,0.4399999844,30.681817
3168,btc-updown-15m-1783614600,Down,1783615459,0.45,30.0
3169,btc-updown-15m-1783614600,Down,1783615456,0.33,4.42
3170,btc-updown-15m-1783614600,Up,1783615447,0.73,6.99
3171,btc-updown-15m-1783614600,Down,1783615445,0.25,19.34
3172,btc-updown-15m-1783614600,Up,1783615433,0.94,30.0
3173,btc-updown-15m-1783614600,Up,1783615433,0.94,30.0
3174,btc-updown-15m-1783614600,Down,1783615432,0.05,30.0
3175,btc-updown-15m-1783614600,Down,1783615426,0.04,30.0
3176,btc-updown-15m-1783614600,Up,1783615421,0.95,30.0
3177,btc-updown-15m-1783614600,Up,1783615421,0.95,30.0
3178,btc-updown-15m-1783614600,Up,1783615414,0.95,30.0
3179,btc-updown-15m-1783614600,Up,1783615387,0.95,12.52
3180,btc-updown-15m-1783614600,Up,1783615382,0.95,30.0
3181,btc-updown-15m-1783614600,Down,1783615370,0.04,30.0
3182,btc-updown-15m-1783614600,Down,1783615325,0.08,30.0
3183,btc-updown-15m-1783614600,Up,1783615309,0.86,18.31
3184,btc-updown-15m-1783614600,Up,1783615309,0.86,30.0
3185,btc-updown-15m-1783614600,Up,1783615307,0.86,30.0
3186,btc-updown-15m-1783614600,Up,1783615303,0.88,30.0
3187,btc-updown-15m-1783614600,Up,1783615295,0.86,30.0
3188,btc-updown-15m-1783614600,Up,1783615295,0.86,30.0
3189,btc-updown-15m-1783614600,Up,1783615277,0.84,30.0
3190,btc-updown-15m-1783614600,Up,1783615277,0.84,30.0
3191,btc-updown-15m-1783614600,Down,1783615274,0.16,29.03
3192,btc-updown-15m-1783614600,Up,1783615250,0.83,30.0
3193,btc-updown-15m-1783614600,Down,1783615216,0.16,30.0
3194,btc-updown-15m-1783614600,Down,1783615216,0.15,7.4
3195,btc-updown-15m-1783614600,Up,1783615138,0.76,30.0
3196,btc-updown-15m-1783614600,Up,1783615132,0.78,30.0
3197,btc-updown-15m-1783614600,Down,1783615040,0.24,30.0
3198,btc-updown-15m-1783614600,Up,1783615027,0.68,8.78
3199,btc-updown-15m-1783614600,Up,1783615027,0.68,30.0
3200,btc-updown-15m-1783614600,Up,1783614952,0.41,30.0
3201,btc-updown-15m-1783614600,Down,1783614947,0.55,30.0
3202,btc-updown-15m-1783614600,Down,1783614947,0.55,30.0
3203,btc-updown-15m-1783614600,Down,1783614919,0.52,25.01
3204,btc-updown-15m-1783614600,Down,1783614898,0.47,30.0
3205,btc-updown-15m-1783614600,Up,1783614656,0.55,22.73
3206,btc-updown-15m-1783613700,Down,1783614448,0.991,30.0
3207,btc-updown-15m-1783613700,Up,1783614167,0.17,30.0
3208,btc-updown-15m-1783613700,Down,1783614008,0.75,30.0
3209,btc-updown-15m-1783613700,Down,1783613990,0.69,30.0
3210,btc-updown-15m-1783613700,Down,1783613885,0.68,30.0
3211,btc-updown-15m-1783613700,Down,1783613885,0.68,30.0
3212,btc-updown-15m-1783613700,Up,1783613771,0.59,30.0
3213,btc-updown-15m-1783613700,Up,1783613764,0.59,30.0
3214,btc-updown-15m-1783612800,Down,1783613686,0.24,25.0
3215,btc-updown-15m-1783612800,Down,1783613686,0.21,30.0
3216,btc-updown-15m-1783612800,Up,1783613683,0.62,6.0
3217,btc-updown-15m-1783612800,Up,1783613683,0.61,5.0
3218,btc-updown-15m-1783612800,Up,1783613683,0.6,14.0
3219,btc-updown-15m-1783612800,Down,1783613674,0.39,30.0
3220,btc-updown-15m-1783612800,Down,1783613669,0.34,10.88
3221,btc-updown-15m-1783612800,Down,1783613668,0.33,26.04
3222,btc-updown-15m-1783612800,Up,1783613662,0.68,22.0
3223,btc-updown-15m-1783612800,Up,1783613660,0.57,5.0
3224,btc-updown-15m-1783612800,Down,1783613657,0.55,27.0
3225,btc-updown-15m-1783612800,Down,1783613657,0.54,30.0
3226,btc-updown-15m-1783612800,Down,1783613651,0.42,5.0
3227,btc-updown-15m-1783612800,Up,1783613648,0.68,6.0
3228,btc-updown-15m-1783612800,Up,1783613647,0.67,30.0
3229,btc-updown-15m-1783612800,Up,1783613647,0.67,30.0
3230,btc-updown-15m-1783612800,Up,1783613635,0.48,26.0
3231,btc-updown-15m-1783612800,Up,1783613635,0.48,30.0
3232,btc-updown-15m-1783612800,Down,1783613633,0.52,28.96
3233,btc-updown-15m-1783612800,Up,1783613627,0.46,12.82
3234,btc-updown-15m-1783612800,Down,1783613620,0.4,30.0
3235,btc-updown-15m-1783612800,Up,1783613587,0.53,30.0
3236,btc-updown-15m-1783612800,Up,1783613570,0.21,30.0
3237,btc-updown-15m-1783612800,Up,1783613557,0.46,22.0
3238,btc-updown-15m-1783612800,Up,1783613540,0.42,20.0
3239,btc-updown-15m-1783612800,Down,1783613537,0.6,30.5
3240,btc-updown-15m-1783612800,Up,1783613522,0.44,30.0
3241,btc-updown-15m-1783612800,Up,1783613495,0.53,30.0
3242,btc-updown-15m-1783612800,Down,1783613494,0.47,30.0
3243,btc-updown-15m-1783612800,Down,1783613414,0.56,30.0
3244,btc-updown-15m-1783612800,Down,1783613377,0.45,30.0
3245,btc-updown-15m-1783612800,Down,1783613377,0.45,30.0
3246,btc-updown-15m-1783612800,Down,1783613377,0.45,30.0
3247,btc-updown-15m-1783612800,Down,1783613305,0.36,10.0
3248,btc-updown-15m-1783612800,Up,1783613255,0.62,25.0
3249,btc-updown-15m-1783612800,Down,1783613128,0.13,10.0
3250,btc-updown-15m-1783612800,Up,1783613120,0.83,30.0
3251,btc-updown-15m-1783612800,Up,1783613113,0.83,30.0
3252,btc-updown-15m-1783612800,Up,1783613111,0.82,6.78
3253,btc-updown-15m-1783612800,Up,1783612987,0.69,30.0
3254,btc-updown-15m-1783612800,Up,1783612820,0.57,30.0
3255,btc-updown-15m-1783612800,Up,1783612820,0.57,30.0
3256,btc-updown-15m-1783611900,Down,1783612594,0.91,30.0
3257,btc-updown-15m-1783611900,Down,1783612589,0.9,30.0
3258,btc-updown-15m-1783611900,Down,1783612589,0.9,30.0
3259,btc-updown-15m-1783611900,Up,1783612565,0.05,30.0
3260,btc-updown-15m-1783611900,Up,1783612541,0.17,30.0
3261,btc-updown-15m-1783611900,Up,1783612501,0.25,29.0
3262,btc-updown-15m-1783611900,Down,1783612250,0.37,30.0
3263,btc-updown-15m-1783611900,Up,1783612123,0.59,30.0
3264,btc-updown-15m-1783611000,Down,1783611886,0.83,25.0
3265,btc-updown-15m-1783611000,Down,1783611886,0.83,30.0
3266,btc-updown-15m-1783611000,Up,1783611881,0.19,13.24
3267,btc-updown-15m-1783611000,Up,1783611880,0.18,30.0
3268,btc-updown-15m-1783611000,Up,1783611875,0.37,30.0
3269,btc-updown-15m-1783611000,Up,1783611875,0.37,30.0
3270,btc-updown-15m-1783611000,Down,1783611874,0.55,12.52
3271,btc-updown-15m-1783611000,Down,1783611872,0.55,30.0
3272,btc-updown-15m-1783611000,Down,1783611871,0.55,30.0
3273,btc-updown-15m-1783611000,Up,1783611869,0.25,20.0
3274,btc-updown-15m-1783611000,Up,1783611869,0.25,30.0
3275,btc-updown-15m-1783611000,Down,1783611857,0.73,30.0
3276,btc-updown-15m-1783611000,Down,1783611857,0.73,30.0
3277,btc-updown-15m-1783611000,Up,1783611851,0.25,2.74
3278,btc-updown-15m-1783611000,Up,1783611851,0.25,15.0
3279,btc-updown-15m-1783611000,Up,1783611850,0.25,15.0
3280,btc-updown-15m-1783611000,Down,1783611839,0.45,30.0
3281,btc-updown-15m-1783611000,Up,1783611809,0.6,12.19
3282,btc-updown-15m-1783611000,Down,1783611802,0.38,30.0
3283,btc-updown-15m-1783611000,Down,1783611800,0.38,30.0
3284,btc-updown-15m-1783611000,Down,1783611790,0.38,30.0
3285,btc-updown-15m-1783611000,Up,1783611779,0.63,30.0
3286,btc-updown-15m-1783611000,Down,1783611761,0.45,30.0
3287,btc-updown-15m-1783611000,Down,1783611761,0.45,30.0
3288,btc-updown-15m-1783611000,Up,1783611757,0.6,25.0
3289,btc-updown-15m-1783611000,Up,1783611745,0.56,27.0
3290,btc-updown-15m-1783611000,Up,1783611745,0.56,30.0
3291,btc-updown-15m-1783611000,Up,1783611731,0.39,12.12
3292,btc-updown-15m-1783611000,Down,1783611712,0.59,30.0
3293,btc-updown-15m-1783611000,Up,1783611676,0.5,30.0
3294,btc-updown-15m-1783611000,Up,1783611676,0.5,30.0
3295,btc-updown-15m-1783611000,Down,1783611628,0.66,30.0
3296,btc-updown-15m-1783611000,Down,1783611628,0.65,10.0
3297,btc-updown-15m-1783611000,Down,1783611506,0.76,30.0
3298,btc-updown-15m-1783611000,Down,1783611305,0.53,19.28
3299,btc-updown-15m-1783611000,Down,1783611305,0.53,30.0
3300,btc-updown-15m-1783611000,Up,1783611133,0.69,30.0
3301,btc-updown-15m-1783611000,Up,1783611133,0.69,30.0
3302,btc-updown-15m-1783611000,Up,1783611104,0.63,5.48
3303,btc-updown-15m-1783611000,Up,1783611100,0.6,30.0
3304,btc-updown-15m-1783611000,Up,1783611100,0.6,30.0
3305,btc-updown-15m-1783611000,Down,1783611031,0.52,7.48
3306,btc-updown-15m-1783610100,Down,1783610953,0.97,30.0
3307,btc-updown-15m-1783610100,Up,1783610945,0.02,10.0
3308,btc-updown-15m-1783610100,Down,1783610930,0.76,25.0
3309,btc-updown-15m-1783610100,Down,1783610930,0.76,30.0
3310,btc-updown-15m-1783610100,Down,1783610930,0.76,30.0
3311,btc-updown-15m-1783610100,Down,1783610926,0.5,15.0
3312,btc-updown-15m-1783610100,Down,1783610926,0.5,30.0
3313,btc-updown-15m-1783610100,Up,1783610918,0.57,24.57
3314,btc-updown-15m-1783610100,Down,1783610917,0.44,30.0
3315,btc-updown-15m-1783610100,Down,1783610917,0.44,30.0
3316,btc-updown-15m-1783610100,Down,1783610705,0.4,30.0
3317,btc-updown-15m-1783610100,Down,1783610615,0.36,30.0
3318,btc-updown-15m-1783610100,Up,1783610573,0.779999995,31.923072
3319,btc-updown-15m-1783610100,Up,1783610573,0.7799999994,31.538459
3320,btc-updown-15m-1783610100,Up,1783610572,0.79,30.0
3321,btc-updown-15m-1783610100,Up,1783610570,0.65,0.26
3322,btc-updown-15m-1783610100,Up,1783610545,0.3,6.0
3323,btc-updown-15m-1783610100,Down,1783610416,0.7,30.0
3324,btc-updown-15m-1783610100,Down,1783610414,0.69,12.1
3325,btc-updown-15m-1783610100,Down,1783610366,0.6,20.0
3326,btc-updown-15m-1783610100,Down,1783610227,0.64,6.0
3327,btc-updown-15m-1783610100,Down,1783610213,0.55,5.0
3328,btc-updown-15m-1783609200,Up,1783610056,0.99,0.7
3329,btc-updown-15m-1783609200,Up,1783610035,0.98,30.0
3330,btc-updown-15m-1783609200,Down,1783610029,0.02,50.0
3331,btc-updown-15m-1783609200,Down,1783610000,0.03,23.0
3332,btc-updown-15m-1783609200,Down,1783609999,0.03,5.0
3333,btc-updown-15m-1783609200,Up,1783609990,0.97,30.0
3334,btc-updown-15m-1783609200,Up,1783609987,0.95,14.95
3335,btc-updown-15m-1783609200,Down,1783609960,0.02,14.97
3336,btc-updown-15m-1783609200,Down,1783609919,0.05,30.0
3337,btc-updown-15m-1783609200,Up,1783609901,0.88,30.0
3338,btc-updown-15m-1783609200,Down,1783609895,0.06,30.0
3339,btc-updown-15m-1783609200,Down,1783609885,0.08,25.0
3340,btc-updown-15m-1783609200,Up,1783609867,0.91,22.0
3341,btc-updown-15m-1783609200,Up,1783609861,0.91,16.12
3342,btc-updown-15m-1783609200,Up,1783609763,0.87,22.4
3343,btc-updown-15m-1783609200,Down,1783609741,0.08,25.81
3344,btc-updown-15m-1783609200,Up,1783609697,0.81,5.27
3345,btc-updown-15m-1783609200,Up,1783609691,0.82,30.0
3346,btc-updown-15m-1783609200,Up,1783609688,0.82,30.0
3347,btc-updown-15m-1783609200,Down,1783609681,0.08,30.0
3348,btc-updown-15m-1783609200,Down,1783609681,0.08,30.0
3349,btc-updown-15m-1783609200,Up,1783609670,0.77,30.0
3350,btc-updown-15m-1783609200,Up,1783609667,0.76,1.61
3351,btc-updown-15m-1783609200,Down,1783609537,0.74,16.0
3352,btc-updown-5m-1783609200,Up,1783609462,0.02,50.0
3353,btc-updown-5m-1783609200,Up,1783609460,0.02,50.0
3354,btc-updown-15m-1783609200,Down,1783609420,0.67,5.0
3355,btc-updown-15m-1783609200,Down,1783609372,0.68,10.14
3356,btc-updown-15m-1783609200,Down,1783609370,0.65,23.17
3357,btc-updown-5m-1783609200,Down,1783609370,0.87,30.0
3358,btc-updown-5m-1783609200,Down,1783609370,0.87,30.0
3359,btc-updown-15m-1783609200,Down,1783609369,0.63,10.0
3360,btc-updown-15m-1783609200,Down,1783609367,0.62,10.33
3361,btc-updown-5m-1783609200,Down,1783609346,0.68,13.13
3362,btc-updown-5m-1783609200,Down,1783609262,0.5099999924,32.941175
3363,btc-updown-5m-1783609200,Down,1783609259,0.56,30.0
3364,btc-updown-15m-1783609200,Down,1783609258,0.53,30.0
3365,btc-updown-15m-1783608300,Down,1783609072,0.09,27.12
3366,btc-updown-15m-1783608300,Down,1783609072,0.09,30.0
3367,btc-updown-5m-1783608900,Up,1783609060,0.8,30.0
3368,btc-updown-5m-1783608900,Up,1783609060,0.8,5.0
3369,btc-updown-15m-1783608300,Up,1783609057,0.83,30.0
3370,btc-updown-15m-1783608300,Down,1783609042,0.12,30.0
3371,btc-updown-15m-1783608300,Down,1783608811,0.75,15.0
3372,btc-updown-15m-1783608300,Down,1783608800,0.78,30.0
3373,btc-updown-15m-1783608300,Down,1783608800,0.78,9.43
3374,btc-updown-15m-1783608300,Down,1783608784,0.76,30.0
3375,btc-updown-15m-1783608300,Down,1783608758,0.76,9.26
3376,btc-updown-15m-1783608300,Down,1783608694,0.52,25.0
3377,btc-updown-15m-1783608300,Up,1783608397,0.71,2.81
3378,btc-updown-15m-1783608300,Down,1783608305,0.53,28.43
3379,btc-updown-15m-1783607400,Up,1783608280,0.96,30.0
3380,btc-updown-15m-1783607400,Up,1783608272,0.93,1.22
3381,btc-updown-15m-1783607400,Up,1783608272,0.95,30.0
3382,btc-updown-15m-1783607400,Up,1783608272,0.95,30.0
3383,btc-updown-15m-1783607400,Up,1783608263,0.97,30.0
3384,btc-updown-15m-1783607400,Up,1783608260,0.96,30.0
3385,btc-updown-15m-1783607400,Up,1783608259,0.96,30.0
3386,btc-updown-15m-1783607400,Up,1783608199,0.97,3.09
3387,btc-updown-15m-1783607400,Down,1783608160,0.04,30.0
3388,btc-updown-15m-1783607400,Up,1783608130,0.81,2.0
3389,btc-updown-15m-1783607400,Up,1783608128,0.8,1.75
3390,btc-updown-15m-1783607400,Up,1783608128,0.8,30.0
3391,btc-updown-15m-1783607400,Down,1783608100,0.13,30.0
3392,btc-updown-15m-1783607400,Up,1783608068,0.72,8.0
3393,btc-updown-15m-1783607400,Up,1783608023,0.77,30.0
3394,btc-updown-15m-1783607400,Up,1783608013,0.76,5.0
3395,btc-updown-15m-1783607400,Down,1783608011,0.27,12.0
3396,btc-updown-15m-1783607400,Down,1783607894,0.69,30.0
3397,btc-updown-15m-1783607400,Up,1783607854,0.16,20.44
3398,btc-updown-15m-1783607400,Down,1783607647,0.77,7.48
3399,btc-updown-15m-1783607400,Down,1783607518,0.69,30.0
3400,btc-updown-15m-1783607400,Down,1783607443,0.59,5.0
3401,btc-updown-15m-1783607400,Down,1783607441,0.58,3.82
3402,btc-updown-15m-1783607400,Down,1783607410,0.55,5.0
3403,btc-updown-15m-1783606500,Up,1783607381,0.01,100.0
3404,btc-updown-15m-1783606500,Up,1783607332,0.1,30.0
3405,btc-updown-15m-1783606500,Up,1783607332,0.1,30.0
3406,btc-updown-15m-1783606500,Up,1783607326,0.09,30.0
3407,btc-updown-15m-1783606500,Up,1783607314,0.07,30.0
3408,btc-updown-15m-1783606500,Down,1783607231,0.98,30.0
3409,btc-updown-15m-1783606500,Up,1783607182,0.03,6.0
3410,btc-updown-15m-1783606500,Up,1783607141,0.07,5.0
3411,btc-updown-15m-1783606500,Down,1783607114,0.93,20.0
3412,btc-updown-15m-1783606500,Down,1783606997,0.89,9.1
3413,btc-updown-15m-1783606500,Up,1783606969,0.06,26.87
3414,btc-updown-15m-1783606500,Down,1783606933,0.93,30.0
3415,btc-updown-15m-1783606500,Up,1783606606,0.2,30.0
3416,btc-updown-15m-1783606500,Down,1783606562,0.8,30.0
3417,btc-updown-15m-1783606500,Down,1783606511,0.55,30.0
3418,btc-updown-15m-1783606500,Down,1783606511,0.55,30.0
3419,btc-updown-15m-1783605600,Down,1783606466,0.98,30.0
3420,btc-updown-15m-1783605600,Up,1783606448,0.02,15.0
3421,btc-updown-15m-1783605600,Down,1783606447,0.97,30.0
3422,btc-updown-15m-1783605600,Down,1783606412,0.96,5.03
3423,btc-updown-15m-1783605600,Down,1783606409,0.94,16.67
3424,btc-updown-15m-1783605600,Up,1783606391,0.03,5.0
3425,btc-updown-15m-1783605600,Down,1783606391,0.97,30.0
3426,btc-updown-15m-1783605600,Down,1783606330,0.85,30.0
3427,btc-updown-15m-1783605600,Down,1783606313,0.9,19.76
3428,btc-updown-15m-1783605600,Down,1783606259,0.9,14.55
3429,btc-updown-15m-1783605600,Down,1783606231,0.87,30.0
3430,btc-updown-15m-1783605600,Up,1783606220,0.0699999735,34.285713
3431,btc-updown-15m-1783605600,Up,1783606058,0.23,30.0
3432,btc-updown-15m-1783604700,Down,1783605547,0.07,30.0
3433,btc-updown-15m-1783604700,Down,1783605545,0.07,20.0
3434,btc-updown-15m-1783604700,Up,1783605529,0.9,30.0
3435,btc-updown-15m-1783604700,Up,1783605521,0.91,30.0
3436,btc-updown-15m-1783604700,Up,1783605520,0.909999999,30.659333
3437,btc-updown-15m-1783604700,Down,1783605514,0.04,30.0
3438,btc-updown-15m-1783604700,Down,1783605514,0.04,30.0
3439,btc-updown-15m-1783604700,Down,1783605514,0.06,30.0
3440,btc-updown-15m-1783604700,Up,1783605407,0.49,30.0
3441,btc-updown-15m-1783604700,Down,1783605380,0.24,31.25
3442,btc-updown-15m-1783604700,Up,1783605338,0.63,30.0
3443,btc-updown-15m-1783604700,Up,1783605191,0.76,30.0
3444,btc-updown-15m-1783604700,Down,1783604965,0.78,22.97
3445,btc-updown-15m-1783604700,Down,1783604951,0.74,6.81
3446,btc-updown-15m-1783604700,Down,1783604929,0.65,14.96
3447,btc-updown-5m-1783604700,Down,1783604750,0.6,31.0
3448,btc-updown-15m-1783604700,Down,1783604717,0.59,30.0
3449,btc-updown-15m-1783604700,Down,1783604717,0.59,30.0
3450,btc-updown-15m-1783603800,Down,1783604563,0.14,30.0
3451,btc-updown-15m-1783603800,Up,1783604558,0.8,30.0
3452,btc-updown-15m-1783603800,Up,1783604548,0.71,30.0
3453,btc-updown-15m-1783603800,Up,1783604527,0.79,30.0
3454,btc-updown-5m-1783604400,Up,1783604518,0.74,22.36
3455,btc-updown-15m-1783603800,Down,1783604510,0.3899999899,30.769229
3456,btc-updown-5m-1783604400,Down,1783604510,0.3,30.0
3457,btc-updown-5m-1783604400,Up,1783604510,0.71,30.0
3458,btc-updown-5m-1783604400,Down,1783604483,0.4499999918,30.666665
3459,btc-updown-5m-1783604400,Down,1783604482,0.4699999942,31.276594
3460,btc-updown-5m-1783604400,Down,1783604476,0.51,1.0
3461,btc-updown-5m-1783604400,Up,1783604474,0.4499999918,30.666665
3462,btc-updown-15m-1783603800,Up,1783604471,0.37,30.0
3463,btc-updown-15m-1783603800,Down,1783604465,0.7,25.0
3464,btc-updown-5m-1783604400,Down,1783604464,0.63,30.0
3465,btc-updown-15m-1783603800,Down,1783604435,0.52,30.0
3466,btc-updown-15m-1783603800,Down,1783604429,0.52,30.0
3467,btc-updown-15m-1783603800,Down,1783604410,0.54,30.0
3468,btc-updown-5m-1783604400,Up,1783604405,0.58,30.0
3469,btc-updown-5m-1783604100,Up,1783604377,0.9629999997,30.249216
3470,btc-updown-5m-1783604100,Up,1783604365,0.9609999988,30.156076
3471,btc-updown-5m-1783604100,Up,1783604365,0.9609999997,30.06241
3472,btc-updown-15m-1783603800,Down,1783604357,0.53,30.0
3473,btc-updown-5m-1783604100,Up,1783604357,0.911,19.87
3474,btc-updown-15m-1783603800,Down,1783604356,0.53,30.0
3475,btc-updown-5m-1783604100,Up,1783604347,0.9729999996,30.092481
3476,btc-updown-5m-1783604100,Up,1783604347,0.973,9.75
3477,btc-updown-15m-1783603800,Up,1783604327,0.68,1.16
3478,btc-updown-15m-1783603800,Up,1783604327,0.67,17.01
3479,btc-updown-5m-1783604100,Up,1783604258,0.91,30.0
3480,btc-updown-5m-1783604100,Up,1783604249,0.92,30.0
3481,btc-updown-5m-1783604100,Down,1783604213,0.2,30.0
3482,btc-updown-15m-1783603800,Down,1783604213,0.54,30.0
3483,btc-updown-5m-1783604100,Down,1783604213,0.2,30.0
3484,btc-updown-5m-1783604100,Up,1783604203,0.73,30.0
3485,btc-updown-5m-1783604100,Up,1783604183,0.65,30.0
3486,btc-updown-5m-1783604100,Up,1783604182,0.65,10.0
3487,btc-updown-5m-1783604100,Up,1783604182,0.64,30.0
3488,btc-updown-15m-1783603800,Down,1783604180,0.65,11.0
3489,btc-updown-15m-1783603800,Down,1783604171,0.69,3.1
3490,btc-updown-5m-1783603800,Down,1783604059,0.93,30.0
3491,btc-updown-5m-1783603800,Up,1783604051,0.02,50.0
3492,btc-updown-5m-1783603800,Down,1783604044,0.96,30.0
3493,btc-updown-15m-1783603800,Down,1783604006,0.67,30.0
3494,btc-updown-5m-1783603800,Down,1783604002,0.89,30.0
3495,btc-updown-15m-1783603800,Down,1783603943,0.79,30.0
3496,btc-updown-15m-1783603800,Up,1783603931,0.19,30.0
3497,btc-updown-5m-1783603800,Up,1783603831,0.32,30.0
3498,btc-updown-5m-1783603800,Up,1783603829,0.32,30.0
3499,btc-updown-5m-1783603500,Down,1783603787,0.8,10.0
