0	btc-updown-15m-1782978300	1782979187	0.8	30.0	0.7200	0.9000	1782979186229000
1	btc-updown-5m-1782978900	1782979187	0.3	30.0	0.2100	0.2200	1782979186945000
2	btc-updown-15m-1782978300	1782979183	0.22	6.24	0.2200	0.2400	1782979182998000
3	btc-updown-15m-1782978300	1782979180	0.2799998844	5.535713	0.2100	0.2200	1782979179995000
4	btc-updown-15m-1782978300	1782979102	0.64	30.0	0.6200	0.6300	1782979101919000
5	btc-updown-15m-1782978300	1782979082	0.74	30.0	0.7100	0.7200	1782979081488000
6	btc-updown-15m-1782978300	1782979048	0.85	5.0	0.6800	0.7000	1782979036043000
7	btc-updown-15m-1782978300	1782979042	0.78	15.0	0.6800	0.7000	1782979036043000
8	btc-updown-15m-1782978300	1782979012	0.74	5.0	0.7300	0.7400	1782979010182000
9	btc-updown-15m-1782978300	1782978982	0.68	30.0	0.7200	0.7300	1782978981951000
10	btc-updown-15m-1782978300	1782978877	0.47	30.0	0.4800	0.4900	1782978876400000
11	btc-updown-5m-1782978600	1782978830	0.8	19.0	0.8200	0.8300	1782978829763000
12	btc-updown-5m-1782978600	1782978830	0.8	30.0	0.8200	0.8300	1782978829763000
13	btc-updown-5m-1782978600	1782978826	0.83	30.0	0.8400	0.8500	1782978825937000
14	btc-updown-5m-1782978600	1782978815	0.36	2.22	0.4500	0.5300	1782978814990000
15	btc-updown-15m-1782978300	1782978773	0.2	30.0	0.1900	0.2000	1782978771572000
16	btc-updown-15m-1782978300	1782978658	0.79	5.0			
17	btc-updown-15m-1782978300	1782978647	0.85	5.0			
18	btc-updown-5m-1782978600	1782978625	0.65	28.77	0.7000	0.7100	1782978624684000
19	btc-updown-15m-1782978300	1782978566	0.74	30.0	0.7700	0.7900	1782978565976000
20	btc-updown-15m-1782978300	1782978563	0.69	30.0	0.7100	0.7300	1782978562783000
21	btc-updown-15m-1782978300	1782978563	0.68	30.0	0.7100	0.7300	1782978562783000
22	btc-updown-5m-1782978300	1782978437	0.5199999856	30.576922	0.5200	0.5300	1782978436665000
23	btc-updown-15m-1782977400	1782978280	0.04	30.0	0.0200	0.0400	1782978279081000
24	btc-updown-15m-1782977400	1782978272	0.96	30.0	0.9600	0.9700	1782978270285000
25	btc-updown-5m-1782978000	1782978247	0.03	35.0	0.0600	0.0700	1782978246981000
26	btc-updown-15m-1782977400	1782978247	0.72	10.0	0.4800	0.4900	1782978246307000
27	btc-updown-15m-1782977400	1782978245	0.72	30.0	0.5300	0.5400	1782978244937000
28	btc-updown-15m-1782977400	1782978245	0.7199999987	30.833332	0.5300	0.5400	1782978244937000
29	btc-updown-5m-1782978000	1782978194	0.89	11.07			
30	btc-updown-15m-1782977400	1782978194	0.48	30.0			
31	btc-updown-15m-1782977400	1782978170	0.67	30.0			
32	btc-updown-15m-1782977400	1782978143	0.68	9.0			
33	btc-updown-15m-1782977400	1782978140	0.65	30.0	0.4500	0.4600	1782978126318000
34	btc-updown-15m-1782977400	1782978128	0.5227891149	33.283017	0.5400	0.5500	1782978126318000
35	btc-updown-15m-1782977400	1782978128	0.5499999871	31.090908	0.5400	0.5500	1782978126318000
36	btc-updown-5m-1782978000	1782978121	0.85	30.0	0.8300	0.8400	1782978120933000
37	btc-updown-5m-1782978000	1782978121	0.84	30.0	0.8300	0.8400	1782978120933000
38	btc-updown-5m-1782978000	1782978121	0.85	19.99	0.8300	0.8400	1782978120933000
39	btc-updown-15m-1782977400	1782978047	0.66	9.0	0.6600	0.6700	1782978045501000
40	btc-updown-15m-1782977400	1782978013	0.78	15.36			
41	btc-updown-5m-1782977700	1782977987	0.02	50.0	0.0100	0.0200	1782977985074000
42	btc-updown-15m-1782977400	1782977863	0.73	9.21	0.6600	0.6700	1782977853728000
43	btc-updown-15m-1782977400	1782977863	0.73	30.0	0.6600	0.6700	1782977853728000
44	btc-updown-5m-1782977400	1782977684	0.04	30.0	0.0300	0.0500	1782977683842000
45	btc-updown-5m-1782977400	1782977680	0.97	18.85	0.9800	0.9900	1782977679902000
46	btc-updown-5m-1782977400	1782977680	0.96	10.02	0.9800	0.9900	1782977679902000
47	btc-updown-5m-1782977400	1782977666	0.02	50.0	0.0100	0.0200	1782977665721000
48	btc-updown-5m-1782977400	1782977636	0.91	30.0			
49	btc-updown-5m-1782977400	1782977636	0.92	30.0			
50	btc-updown-15m-1782977400	1782977635	0.69	30.0			
51	btc-updown-5m-1782977400	1782977633	0.91	6.43			
52	btc-updown-5m-1782977400	1782977633	0.91	30.0			
53	btc-updown-5m-1782977400	1782977588	0.85	5.0	0.7300	0.7400	1782977587967000
54	btc-updown-5m-1782977400	1782977587	0.85	30.0	0.7700	0.7800	1782977586901000
55	btc-updown-5m-1782977400	1782977573	0.37	30.0	0.4600	0.4700	1782977572912000
56	btc-updown-15m-1782977400	1782977552	0.56	20.59	0.5500	0.5700	1782977550257000
57	btc-updown-15m-1782977400	1782977516	0.55	1.34	0.5500	0.5600	1782977515537000
58	btc-updown-15m-1782977400	1782977504	0.55	30.0	0.5400	0.5500	1782977501880000
59	btc-updown-5m-1782977400	1782977441	0.53	30.0	0.4900	0.5000	1782977440969000
60	btc-updown-5m-1782977400	1782977441	0.5299999974	30.566036	0.4900	0.5000	1782977440969000
61	btc-updown-15m-1782976500	1782977344	0.97	30.0			
62	btc-updown-5m-1782977100	1782977342	0.829999999	10.012047			
63	btc-updown-15m-1782976500	1782977326	0.94	5.0			
64	btc-updown-15m-1782976500	1782977326	0.94	30.0			
65	btc-updown-15m-1782976500	1782977324	0.93	0.65	0.9900		1782977310160000
66	btc-updown-15m-1782976500	1782977324	0.94	30.0	0.9900		1782977310160000
67	btc-updown-15m-1782976500	1782977323	0.91	3.95	0.9900		1782977310160000
68	btc-updown-5m-1782977100	1782977320	0.83	5.0	0.9400	0.9500	1782977313158000
69	btc-updown-15m-1782976500	1782977320	0.97	30.0	0.9900		1782977310160000
70	btc-updown-5m-1782977100	1782977318	0.83	5.0	0.9400	0.9500	1782977313158000
71	btc-updown-5m-1782977100	1782977317	0.83	30.0	0.9400	0.9500	1782977313158000
72	btc-updown-5m-1782977100	1782977249	0.87	4.68	0.9000	0.9100	1782977248923000
73	btc-updown-5m-1782976800	1782977084	0.97	30.0			
74	btc-updown-5m-1782976800	1782977065	0.03	35.0			
75	btc-updown-5m-1782976800	1782977062	0.86	5.0			
76	btc-updown-5m-1782976800	1782977060	0.86	5.0			
77	btc-updown-5m-1782976800	1782977048	0.86	30.0	0.5200	0.5300	1782977042290000
78	btc-updown-5m-1782976800	1782977045	0.53	30.0	0.5200	0.5300	1782977042290000
79	btc-updown-5m-1782976800	1782977044	0.53	30.0	0.5200	0.5300	1782977042290000
80	btc-updown-5m-1782928500	1782928787	0.88	10.0			
81	btc-updown-5m-1782928500	1782928787	0.88	30.0			
82	btc-updown-15m-1782927900	1782928757	0.93	25.0			
83	btc-updown-15m-1782927900	1782928756	0.93	25.0			
84	btc-updown-5m-1782928500	1782928753	0.75	30.0			
85	btc-updown-15m-1782927900	1782928753	0.96	30.0			
86	btc-updown-15m-1782927900	1782928724	0.96	30.0			
87	btc-updown-15m-1782927900	1782928723	0.96	30.0			
88	btc-updown-15m-1782927900	1782928720	0.03	35.0			
89	btc-updown-15m-1782927900	1782928688	0.04	30.0			
90	btc-updown-5m-1782928500	1782928688	0.65	30.0			
91	btc-updown-15m-1782927900	1782928672	0.87	5.0			
92	btc-updown-15m-1782927900	1782928670	0.87	5.0			
93	btc-updown-15m-1782927900	1782928657	0.88	15.0			
94	btc-updown-15m-1782927900	1782928652	0.88	30.0			
95	btc-updown-15m-1782927900	1782928604	0.84	15.0			
96	btc-updown-15m-1782927900	1782928574	0.8	10.0			
97	btc-updown-15m-1782927900	1782928573	0.8	10.0			
98	btc-updown-15m-1782927900	1782928571	0.8	15.0			
99	btc-updown-15m-1782927900	1782928543	0.72	5.0			
100	btc-updown-5m-1782928500	1782928541	0.57	27.5			
101	btc-updown-15m-1782927900	1782928498	0.76	3.0			
102	btc-updown-15m-1782927900	1782928498	0.76	5.0			
103	btc-updown-15m-1782927900	1782928480	0.84	12.0			
104	btc-updown-15m-1782927900	1782928450	0.86	30.0			
105	btc-updown-15m-1782927900	1782928361	0.68	5.0			
106	btc-updown-15m-1782927900	1782928333	0.7	30.0			
107	btc-updown-15m-1782927900	1782928324	0.63	5.87			
108	btc-updown-15m-1782927900	1782928309	0.63	0.51			
109	btc-updown-15m-1782927900	1782928307	0.64	30.0			
110	btc-updown-15m-1782927900	1782928126	0.63	30.0			
111	btc-updown-5m-1782927900	1782927962	0.71	30.0			
112	btc-updown-5m-1782927900	1782927944	0.51	30.0			
113	btc-updown-15m-1782927000	1782927887	0.22	30.0			
114	btc-updown-15m-1782927000	1782927884	0.76	25.0			
115	btc-updown-15m-1782927000	1782927883	0.21	30.0			
116	btc-updown-15m-1782927000	1782927874	0.77	5.2			
117	btc-updown-15m-1782927000	1782927874	0.77	30.0			
118	btc-updown-15m-1782927000	1782927874	0.76	12.8			
119	btc-updown-15m-1782927000	1782927845	0.03	35.0			
120	btc-updown-15m-1782927000	1782927788	0.49	30.0			
121	btc-updown-15m-1782927000	1782927770	0.56	30.0			
122	btc-updown-15m-1782927000	1782927767	0.44	30.0			
123	btc-updown-15m-1782927000	1782927745	0.65	30.0			
124	btc-updown-15m-1782927000	1782927736	0.64	30.0			
125	btc-updown-15m-1782927000	1782927728	0.65	10.2			
126	btc-updown-15m-1782927000	1782927694	0.58	5.95			
127	btc-updown-5m-1782927600	1782927679	0.74	30.0			
128	btc-updown-5m-1782927600	1782927677	0.72	30.0			
129	btc-updown-5m-1782927600	1782927674	0.7	30.0			
130	btc-updown-5m-1782927600	1782927667	0.6	30.0			
131	btc-updown-15m-1782927000	1782927656	0.78	5.37			
132	btc-updown-5m-1782927300	1782927524	0.8899999968	31.68539			
133	btc-updown-5m-1782927300	1782927523	0.9	31.0			
134	btc-updown-5m-1782927000	1782927230	0.81	5.0			
135	btc-updown-5m-1782927000	1782927215	0.82	30.0			
136	btc-updown-15m-1782927000	1782927170	0.67	30.0			
137	btc-updown-5m-1782927000	1782927142	0.81	16.29			
138	btc-updown-5m-1782926700	1782926987	0.05	30.0			
139	btc-updown-5m-1782926700	1782926975	0.84	30.0			
140	btc-updown-5m-1782926700	1782926843	0.51	30.0			
141	btc-updown-5m-1782926700	1782926842	0.5	30.6			
142	btc-updown-5m-1782926100	1782926218	0.72	30.0			
143	btc-updown-5m-1782926100	1782926203	0.75	26.14			
144	btc-updown-5m-1782926100	1782926185	0.79	5.0			
145	btc-updown-15m-1782926100	1782926183	0.66	30.0			
146	btc-updown-15m-1782926100	1782926168	0.66	30.0			
147	btc-updown-15m-1782925200	1782926078	0.07	30.0			
148	btc-updown-15m-1782925200	1782926048	0.06	16.0			
149	btc-updown-15m-1782925200	1782926048	0.06	12.62			
150	btc-updown-15m-1782925200	1782926044	0.05	30.0			
151	btc-updown-15m-1782925200	1782926042	0.05	30.0			
152	btc-updown-15m-1782925200	1782926033	0.97	10.0			
153	btc-updown-15m-1782925200	1782926032	0.97	10.0			
154	btc-updown-15m-1782925200	1782926030	0.95	25.0			
155	btc-updown-15m-1782925200	1782926023	0.89	30.0			
156	btc-updown-5m-1782925800	1782926015	0.78	30.0			
157	btc-updown-15m-1782925200	1782926006	0.81	10.0			
158	btc-updown-15m-1782925200	1782926006	0.81	20.0			
159	btc-updown-5m-1782925800	1782925988	0.77	7.27			
160	btc-updown-5m-1782925800	1782925966	0.48	30.0			
161	btc-updown-5m-1782925800	1782925961	0.49	30.0			
162	btc-updown-15m-1782925200	1782925949	0.92	5.0			
163	btc-updown-15m-1782925200	1782925931	0.91	10.0			
164	btc-updown-15m-1782925200	1782925922	0.94	10.0			
165	btc-updown-15m-1782925200	1782925921	0.93	20.0			
166	btc-updown-5m-1782925800	1782925912	0.75	30.0			
167	btc-updown-5m-1782925800	1782925876	0.64	30.0			
168	btc-updown-5m-1782925800	1782925874	0.64	30.0			
169	btc-updown-15m-1782925200	1782925861	0.75	10.0			
170	btc-updown-5m-1782925500	1782925753	0.03	35.0			
171	btc-updown-5m-1782925500	1782925747	0.91	5.0			
172	btc-updown-15m-1782925200	1782925721	0.78	5.0			
173	btc-updown-5m-1782925500	1782925718	0.87	30.0			
174	btc-updown-15m-1782925200	1782925718	0.78	5.0			
175	btc-updown-5m-1782925500	1782925702	0.75	15.0			
176	btc-updown-5m-1782925500	1782925700	0.75	25.0			
177	btc-updown-5m-1782925500	1782925651	0.55	20.26			
178	btc-updown-15m-1782925200	1782925634	0.87	15.0			
179	btc-updown-15m-1782925200	1782925574	0.09	15.0			
180	btc-updown-15m-1782925200	1782925477	0.77	30.0			
181	btc-updown-5m-1782925200	1782925376	0.87	30.0			
182	btc-updown-5m-1782925200	1782925376	0.86	14.0			
183	btc-updown-15m-1782925200	1782925253	0.53	30.0			
184	btc-updown-5m-1782924900	1782925187	0.05	30.0			
185	btc-updown-5m-1782924900	1782925186	0.05	30.0			
186	btc-updown-15m-1782924300	1782924617	0.77	30.0			
187	btc-updown-5m-1782924000	1782924266	0.94	21.0			
188	btc-updown-15m-1782923400	1782924098	0.03	35.0			
189	btc-updown-15m-1782923400	1782924034	0.07	30.0			
190	btc-updown-15m-1782923400	1782923957	0.91	21.0			
191	btc-updown-15m-1782923400	1782923932	0.07	21.0			
192	btc-updown-5m-1782923400	1782923569	0.56	2.6			
193	btc-updown-15m-1782922500	1782923381	0.83	30.0			
194	btc-updown-15m-1782922500	1782923378	0.18	30.0			
195	btc-updown-15m-1782922500	1782923378	0.82	10.0			
196	btc-updown-15m-1782922500	1782923377	0.18	15.44			
197	btc-updown-15m-1782922500	1782923369	0.55	30.0			
198	btc-updown-15m-1782922500	1782923338	0.18	17.99			
199	btc-updown-15m-1782922500	1782923290	0.07	30.0			
200	btc-updown-15m-1782922500	1782923243	0.87	5.0			
201	btc-updown-15m-1782922500	1782923242	0.83	17.71			
202	btc-updown-15m-1782922500	1782923240	0.83	20.0			
203	btc-updown-15m-1782922500	1782923224	0.81	16.93			
204	btc-updown-15m-1782922500	1782923191	0.87	30.0			
205	btc-updown-15m-1782922500	1782923189	0.87	15.0			
206	btc-updown-5m-1782923100	1782923189	0.8	15.1875			
207	btc-updown-15m-1782922500	1782923189	0.87	30.0			
208	btc-updown-15m-1782922500	1782923176	0.89	5.0			
209	btc-updown-5m-1782923100	1782923138	0.78	30.0			
210	btc-updown-15m-1782922500	1782923138	0.91	30.0			
211	btc-updown-15m-1782922500	1782922816	0.64	27.38			
212	btc-updown-15m-1782922500	1782922808	0.61	10.0			
213	btc-updown-5m-1782922500	1782922742	0.77	30.0			
214	btc-updown-5m-1782922500	1782922730	0.13	15.0			
215	btc-updown-5m-1782922500	1782922723	0.86	30.0			
216	btc-updown-15m-1782922500	1782922711	0.65	30.0			
217	btc-updown-5m-1782922500	1782922691	0.69	30.0			
218	btc-updown-5m-1782922200	1782922486	0.27	30.0			
219	btc-updown-5m-1782922200	1782922349	0.52	19.02			
220	btc-updown-5m-1782922200	1782922300	0.37	30.0			
221	btc-updown-5m-1782921900	1782922187	0.02	30.73			
222	btc-updown-5m-1782921900	1782922156	0.02	50.0			
223	btc-updown-5m-1782921900	1782922049	0.15	30.0			
224	btc-updown-5m-1782921600	1782921878	0.92	30.0			
225	btc-updown-5m-1782921600	1782921821	0.71	30.0			
226	btc-updown-5m-1782921600	1782921796	0.72	30.0			
227	btc-updown-5m-1782921600	1782921794	0.69	8.07			
228	btc-updown-5m-1782921600	1782921625	0.46	30.0			
229	btc-updown-5m-1782921300	1782921577	0.9299999987	30.967728			
230	btc-updown-5m-1782921300	1782921557	0.01	100.0			
231	btc-updown-15m-1782920700	1782921556	0.97	5.0			
232	btc-updown-15m-1782920700	1782921443	0.96	25.0			
233	btc-updown-15m-1782920700	1782921386	0.96	30.0			
234	btc-updown-15m-1782920700	1782921328	0.93	6.6			
235	btc-updown-15m-1782920700	1782921319	0.92	17.0			
236	btc-updown-15m-1782920700	1782921229	0.79	30.0			
237	btc-updown-5m-1782921000	1782921196	0.3508613501	30.781387			
238	btc-updown-15m-1782920700	1782921190	0.11	10.0			
239	btc-updown-5m-1782921000	1782921119	0.36	30.0			
240	btc-updown-15m-1782920700	1782921112	0.83	4.42			
241	btc-updown-15m-1782920700	1782921097	0.82	30.0			
242	btc-updown-15m-1782920700	1782921088	0.82	30.0			
243	btc-updown-15m-1782920700	1782921085	0.82	30.0			
244	btc-updown-15m-1782920700	1782921085	0.8199999967	30.731705			
245	btc-updown-15m-1782920700	1782921083	0.8199999967	30.731705			
246	btc-updown-5m-1782920700	1782920965	0.94	30.0			
247	btc-updown-5m-1782920400	1782920678	0.98	30.0			
248	btc-updown-5m-1782920400	1782920666	0.03	35.0			
249	btc-updown-15m-1782919800	1782920632	0.93	10.0			
250	btc-updown-15m-1782919800	1782920581	0.91	5.0			
251	btc-updown-15m-1782919800	1782920579	0.91	5.0			
252	btc-updown-15m-1782919800	1782920572	0.91	5.0			
253	btc-updown-5m-1782920400	1782920567	0.86	5.0			
254	btc-updown-5m-1782920400	1782920563	0.87	5.0			
255	btc-updown-15m-1782919800	1782920561	0.89	15.0			
256	btc-updown-5m-1782920400	1782920561	0.88	10.0			
257	btc-updown-15m-1782919800	1782920516	0.91	16.0			
258	btc-updown-5m-1782920400	1782920492	0.71	30.0			
259	btc-updown-5m-1782920400	1782920488	0.65	30.0			
260	btc-updown-5m-1782920100	1782920381	0.01	100.0			
261	btc-updown-5m-1782920100	1782920354	0.7505739536	30.776445			
262	btc-updown-5m-1782920100	1782920354	0.75	30.8			
263	btc-updown-5m-1782920100	1782920353	0.82	30.0			
264	btc-updown-5m-1782920100	1782920351	0.82	11.0			
265	btc-updown-15m-1782919800	1782920321	0.17	30.0			
266	btc-updown-15m-1782919800	1782919913	0.56	8.32			
267	btc-updown-15m-1782919800	1782919897	0.52	4.79			
268	btc-updown-5m-1782919500	1782919694	0.12	13.88			
269	btc-updown-5m-1782919500	1782919670	0.61	30.0			
270	btc-updown-5m-1782919500	1782919520	0.55	12.49			
271	btc-updown-15m-1782918900	1782919390	0.02	50.0			
272	btc-updown-15m-1782918900	1782919357	0.11	17.89			
273	btc-updown-5m-1782919200	1782919315	0.92	30.0			
274	btc-updown-5m-1782918900	1782919079	0.79	30.0			
275	btc-updown-5m-1782918900	1782919078	0.78	11.91			
276	btc-updown-15m-1782918000	1782918647	0.98	13.92			
277	btc-updown-15m-1782918000	1782918559	0.95	0.78			
278	btc-updown-15m-1782918000	1782918506	0.961	30.0			
279	btc-updown-5m-1782917700	1782917821	0.71	5.0			
280	btc-updown-5m-1782917700	1782917782	0.85	5.0			
281	btc-updown-5m-1782917700	1782917780	0.85	5.0			
282	btc-updown-5m-1782917700	1782917735	0.77	10.0			
283	btc-updown-5m-1782917700	1782917735	0.78	30.0			
284	btc-updown-5m-1782917700	1782917735	0.7699999947	30.389608			
285	btc-updown-15m-1782917100	1782917701	0.7	5.0			
286	btc-updown-5m-1782917400	1782917555	0.14	7.81			
287	btc-updown-5m-1782917400	1782917542	0.66	30.0			
288	btc-updown-15m-1782917100	1782917462	0.54	5.0			
289	btc-updown-5m-1782917400	1782917407	0.5	30.0			
290	btc-updown-5m-1782917100	1782917380	0.75	9.16			
291	btc-updown-5m-1782917100	1782917377	0.81	30.0			
292	btc-updown-5m-1782917100	1782917375	0.85	30.0			
293	btc-updown-5m-1782917100	1782917375	0.85	25.4			
294	btc-updown-5m-1782917100	1782917368	0.94	30.0			
295	btc-updown-5m-1782917100	1782917357	0.04	30.0			
296	btc-updown-5m-1782917100	1782917356	0.06	30.0			
297	btc-updown-5m-1782917100	1782917356	0.06	4.5			
298	btc-updown-5m-1782917100	1782917342	0.15	30.0			
299	btc-updown-5m-1782917100	1782917342	0.15	32.0			
300	btc-updown-5m-1782917100	1782917332	0.73	30.0			
301	btc-updown-5m-1782917100	1782917326	0.32	5.0			
302	btc-updown-5m-1782917100	1782917320	0.36	10.0			
303	btc-updown-5m-1782917100	1782917263	0.15	30.0			
304	btc-updown-5m-1782917100	1782917240	0.76	30.0			
305	btc-updown-5m-1782917100	1782917239	0.765394547	30.572465			
306	btc-updown-5m-1782917100	1782917236	0.81	30.0			
307	btc-updown-5m-1782916800	1782916985	0.84	25.0			
308	btc-updown-15m-1782916200	1782916937	0.89	5.0			
309	btc-updown-15m-1782916200	1782916907	0.91	15.0			
310	btc-updown-15m-1782916200	1782916817	0.74	15.0			
311	btc-updown-15m-1782916200	1782916817	0.74	25.0			
312	btc-updown-15m-1782916200	1782916811	0.3099999857	37.741934			
313	btc-updown-15m-1782916200	1782916801	0.68	15.0			
314	btc-updown-15m-1782916200	1782916789	0.74	25.0			
315	btc-updown-5m-1782916500	1782916774	0.05	15.0			
316	btc-updown-15m-1782916200	1782916721	0.78	10.56			
317	btc-updown-15m-1782916200	1782916721	0.78	20.0			
318	btc-updown-5m-1782916500	1782916718	0.59	30.0			
319	btc-updown-15m-1782916200	1782916630	0.78	5.0			
320	btc-updown-5m-1782916500	1782916576	0.17	30.0			
321	btc-updown-15m-1782916200	1782916526	0.7	30.0			
322	btc-updown-5m-1782916200	1782916253	0.67	30.0			
323	btc-updown-5m-1782916200	1782916252	0.64	5.19			
324	btc-updown-5m-1782916200	1782916241	0.54	0.17			
325	btc-updown-5m-1782916200	1782916240	0.54	30.0			
326	btc-updown-15m-1782916200	1782916231	0.51	22.01			
327	btc-updown-15m-1782915300	1782916069	0.02	5.0			
328	btc-updown-15m-1782915300	1782916028	0.82	30.0			
329	btc-updown-15m-1782915300	1782915988	0.29	30.0			
330	btc-updown-15m-1782915300	1782915961	0.71	30.0			
331	btc-updown-5m-1782915900	1782915908	0.5	30.0			
332	btc-updown-15m-1782915300	1782915887	0.72	4.0			
333	btc-updown-5m-1782915600	1782915865	0.03	35.0			
334	btc-updown-5m-1782915300	1782915563	0.77	30.0			
335	btc-updown-5m-1782915300	1782915533	0.67	30.0			
336	btc-updown-5m-1782915300	1782915490	0.21	30.0			
337	btc-updown-5m-1782915300	1782915368	0.28	30.0			
338	btc-updown-5m-1782915300	1782915325	0.52	30.0			
339	btc-updown-15m-1782915300	1782915305	0.56	30.0			
340	btc-updown-15m-1782914400	1782915121	0.02	50.0			
341	btc-updown-15m-1782914400	1782915061	0.07	30.0			
342	btc-updown-15m-1782914400	1782915047	0.13	10.0			
343	btc-updown-5m-1782914700	1782914918	0.92	30.0			
344	btc-updown-5m-1782914700	1782914917	0.909999998	30.329666			
345	btc-updown-5m-1782914400	1782914629	0.05	5.0			
346	btc-updown-5m-1782914400	1782914620	0.04	30.0			
347	btc-updown-5m-1782914400	1782914521	0.93	5.0			
348	btc-updown-5m-1782914400	1782914479	0.88	5.0			
349	btc-updown-5m-1782914400	1782914417	0.76	30.0			
350	btc-updown-5m-1782914400	1782914407	0.59	15.0			
351	btc-updown-5m-1782914100	1782914333	0.36	30.0			
352	btc-updown-5m-1782914100	1782914324	0.15	30.0			
353	btc-updown-5m-1782913800	1782914080	0.09	30.0			
354	btc-updown-5m-1782913800	1782914078	0.1	30.0			
355	btc-updown-5m-1782913800	1782914077	0.1	30.0			
356	btc-updown-15m-1782913500	1782914077	0.012	16.0			
357	btc-updown-5m-1782913800	1782914071	0.09	29.37			
358	btc-updown-15m-1782913500	1782914060	0.97	30.0			
359	btc-updown-15m-1782913500	1782914053	0.971	5.07			
360	btc-updown-5m-1782913800	1782913889	0.48	30.0			
361	btc-updown-5m-1782913500	1782913676	0.03	35.0			
362	btc-updown-15m-1782913500	1782913610	0.69	30.0			
363	btc-updown-15m-1782913500	1782913597	0.3099999864	33.870966			
364	btc-updown-5m-1782913500	1782913591	0.179999928	11.11111			
365	btc-updown-5m-1782913500	1782913588	0.2	10.0			
366	btc-updown-5m-1782913200	1782913441	0.87	5.0			
367	btc-updown-15m-1782912600	1782913405	0.93	15.0			
368	btc-updown-15m-1782912600	1782913394	0.93	14.29			
369	btc-updown-15m-1782912600	1782913393	0.9226157652	30.2401			
370	btc-updown-15m-1782912600	1782913378	0.04	30.0			
371	btc-updown-15m-1782912600	1782913370	0.94	10.0			
372	btc-updown-15m-1782912600	1782913334	0.9	21.33			
373	btc-updown-15m-1782912600	1782913333	0.9	11.14			
374	btc-updown-15m-1782912600	1782913327	0.92	30.0			
375	btc-updown-5m-1782913200	1782913324	0.85	30.35294			
376	btc-updown-5m-1782913200	1782913322	0.86	30.0			
377	btc-updown-15m-1782912600	1782913322	0.92	30.326075			
378	btc-updown-15m-1782912600	1782913321	0.93	30.0			
379	btc-updown-15m-1782912600	1782913246	0.8	20.0			
380	btc-updown-5m-1782912900	1782913168	0.07	8.62			
381	btc-updown-5m-1782912900	1782913153	0.85	14.35			
382	btc-updown-5m-1782912900	1782913123	0.7	30.0			
383	btc-updown-5m-1782912900	1782913099	0.72	25.0			
384	btc-updown-5m-1782912900	1782913097	0.72	30.0			
385	btc-updown-5m-1782912900	1782913096	0.7199999974	30.416664			
386	btc-updown-5m-1782912900	1782913096	0.72	30.0			
387	btc-updown-5m-1782912900	1782913088	0.7366816089	30.135134			
388	btc-updown-5m-1782912900	1782913087	0.74	30.0			
389	btc-updown-5m-1782912900	1782913057	0.13	30.0			
390	btc-updown-5m-1782912900	1782913040	0.63	23.5			
391	btc-updown-5m-1782912900	1782913013	0.75	30.0			
392	btc-updown-5m-1782912900	1782913006	0.69	30.0			
393	btc-updown-15m-1782912600	1782913000	0.63	30.0			
394	btc-updown-15m-1782912600	1782912998	0.63	30.0			
395	btc-updown-15m-1782912600	1782912952	0.7	30.0			
396	btc-updown-5m-1782912900	1782912950	0.72	27.29			
397	btc-updown-5m-1782912600	1782912850	0.91	30.0			
398	btc-updown-5m-1782912600	1782912830	0.82	15.0			
399	btc-updown-5m-1782912600	1782912803	0.79	10.0			
400	btc-updown-5m-1782912600	1782912796	0.83	21.66			
401	btc-updown-5m-1782912600	1782912794	0.83	30.0			
402	btc-updown-5m-1782912600	1782912791	0.81	30.0			
403	btc-updown-5m-1782912600	1782912742	0.3799999493	5.131577			
404	btc-updown-5m-1782912600	1782912688	0.76	30.0			
405	btc-updown-5m-1782912600	1782912683	0.73	30.0			
406	btc-updown-5m-1782912600	1782912661	0.71	30.0			
407	btc-updown-5m-1782912600	1782912659	0.72	30.0			
408	btc-updown-15m-1782912600	1782912653	0.629999996	32.380951			
409	btc-updown-5m-1782912600	1782912653	0.769999999	31.558439			
410	btc-updown-5m-1782912600	1782912652	0.81	30.0			
411	btc-updown-5m-1782912300	1782912512	0.92	9.37			
412	btc-updown-15m-1782911700	1782912311	0.94	30.0			
413	btc-updown-5m-1782912000	1782912008	0.48	30.0			
414	btc-updown-5m-1782912000	1782912007	0.48	30.0			
415	btc-updown-5m-1782911700	1782911950	0.6481332237	12.16			
416	btc-updown-5m-1782911700	1782911950	0.6499999968	30.923074			
417	btc-updown-5m-1782911700	1782911735	0.36	30.0			
418	btc-updown-5m-1782911400	1782911668	0.93	30.0			
419	btc-updown-5m-1782911400	1782911668	0.92	10.0			
420	btc-updown-5m-1782911400	1782911668	0.92	30.326075			
421	btc-updown-5m-1782911400	1782911668	0.9	30.0			
422	btc-updown-5m-1782911400	1782911557	0.79	30.0			
423	btc-updown-15m-1782910800	1782911453	0.94	30.0			
424	btc-updown-15m-1782910800	1782911407	0.91	6.0			
425	btc-updown-15m-1782910800	1782911399	0.1	2.0			
426	btc-updown-5m-1782911100	1782911386	0.48	30.0			
427	btc-updown-5m-1782911100	1782911105	0.48	30.0			
428	btc-updown-5m-1782910800	1782910898	0.04	30.0			
429	btc-updown-5m-1782910800	1782910846	0.74	30.0			
430	btc-updown-5m-1782910800	1782910834	0.66	30.0			
431	btc-updown-5m-1782910500	1782910505	0.5	30.0			
432	btc-updown-5m-1782910200	1782910454	0.91	12.0			
433	btc-updown-5m-1782910200	1782910445	0.82	5.0			
434	btc-updown-5m-1782910200	1782910393	0.89	30.0			
435	btc-updown-5m-1782910200	1782910237	0.21	30.0			
436	btc-updown-5m-1782910200	1782910217	0.78	7.58			
437	btc-updown-5m-1782910200	1782910217	0.78	30.0			
438	btc-updown-5m-1782910200	1782910213	0.81	30.0			
439	btc-updown-5m-1782909900	1782910162	0.92	30.0			
440	btc-updown-5m-1782909900	1782910160	0.92	10.0			
441	btc-updown-5m-1782909900	1782910160	0.92	30.326075			
442	btc-updown-5m-1782909900	1782910160	0.92	30.0			
443	btc-updown-5m-1782909900	1782910091	0.12	30.0			
444	btc-updown-5m-1782909600	1782909755	0.5	30.0			
445	btc-updown-5m-1782909600	1782909712	0.76	27.76			
446	btc-updown-5m-1782909600	1782909685	0.73	7.74			
447	btc-updown-5m-1782909300	1782909527	0.6	20.4			
448	btc-updown-5m-1782909300	1782909409	0.49	30.0			
449	btc-updown-5m-1782909000	1782909269	0.97	20.0			
450	btc-updown-5m-1782909000	1782909257	0.54	30.0			
451	btc-updown-5m-1782909000	1782909251	0.45	30.0			
452	btc-updown-5m-1782909000	1782909241	0.19	30.0			
453	btc-updown-5m-1782909000	1782909191	0.74	10.0			
454	btc-updown-5m-1782908700	1782908978	0.82	28.78			
455	btc-updown-5m-1782908700	1782908956	0.77	14.1			
456	btc-updown-5m-1782908700	1782908956	0.77	30.0			
457	btc-updown-5m-1782908700	1782908887	0.82	30.0			
458	btc-updown-5m-1782908700	1782908873	0.18	10.0			
459	btc-updown-5m-1782908700	1782908827	0.45	5.0			
460	btc-updown-5m-1782908700	1782908825	0.45	5.0			
461	btc-updown-5m-1782908700	1782908765	0.69	6.77			
462	btc-updown-5m-1782908400	1782908605	0.73	30.0			
463	btc-updown-5m-1782908400	1782908573	0.83	30.0			
464	btc-updown-5m-1782908100	1782908134	0.79	17.22			
465	btc-updown-5m-1782907800	1782907931	0.04	30.0			
466	btc-updown-5m-1782907800	1782907925	0.06	30.0			
467	btc-updown-5m-1782907800	1782907873	0.61	5.0			
468	btc-updown-5m-1782907800	1782907844	0.71	0.78			
469	btc-updown-5m-1782907500	1782907729	0.82	5.0			
470	btc-updown-5m-1782907500	1782907702	0.81	30.0			
471	btc-updown-5m-1782907500	1782907700	0.81	30.0			
472	btc-updown-5m-1782907500	1782907688	0.85	30.0			
473	btc-updown-5m-1782907500	1782907660	0.0864891528467626	31.217776			
474	btc-updown-5m-1782907500	1782907649	0.54	30.0			
475	btc-updown-5m-1782907500	1782907586	0.49	30.0			
476	btc-updown-5m-1782907200	1782907352	0.08	30.0			
477	btc-updown-5m-1782905700	1782905981	0.25	5.76			
478	btc-updown-5m-1782905700	1782905981	0.25	30.0			
479	btc-updown-5m-1782905700	1782905944	0.92	5.0			
480	btc-updown-5m-1782905700	1782905923	0.95	5.0			
481	btc-updown-5m-1782905700	1782905854	0.87	5.0			
482	btc-updown-5m-1782905700	1782905827	0.89	5.0			
483	btc-updown-5m-1782905700	1782905729	0.66	5.0			
484	btc-updown-5m-1782905400	1782905612	0.56	30.0			
485	btc-updown-5m-1782905100	1782905387	0.82	23.75			
486	btc-updown-5m-1782905100	1782905387	0.804092527741921	30.966583			
487	btc-updown-5m-1782905100	1782905365	0.82	30.36585			
488	btc-updown-5m-1782905100	1782905324	0.81	30.0			
489	btc-updown-5m-1782905100	1782905323	0.81	30.0			
490	btc-updown-5m-1782904800	1782905062	0.36	19.89			
491	btc-updown-5m-1782904800	1782905024	0.4	30.0			
492	btc-updown-5m-1782904800	1782904975	0.45	23.36			
493	btc-updown-5m-1782904800	1782904913	0.67	30.0			
494	btc-updown-5m-1782904800	1782904862	0.58	10.0			
495	btc-updown-5m-1782904500	1782904754	0.91	30.0			
496	btc-updown-5m-1782904500	1782904753	0.91	30.0			
497	btc-updown-5m-1782904500	1782904733	0.06	30.0			
498	btc-updown-5m-1782904200	1782904435	0.95	11.96			
499	btc-updown-5m-1782904200	1782904340	0.8799999986816479	30.340908			
500	btc-updown-5m-1782904200	1782904339	0.8799999986816479	30.340908			
501	btc-updown-5m-1782904200	1782904333	0.06	30.0			
502	btc-updown-5m-1782904200	1782904319	0.82	29.79			
503	btc-updown-5m-1782904200	1782904306	0.07	30.0			
504	btc-updown-5m-1782904200	1782904240	0.4399999843555549	30.681817			
505	btc-updown-5m-1782904200	1782904240	0.4383763732912128	30.795453			
506	btc-updown-5m-1782903900	1782904184	0.33	30.0			
507	btc-updown-5m-1782903900	1782904178	0.37	5.0			
508	btc-updown-5m-1782903900	1782904168	0.2899999382580577	10.689654			
509	btc-updown-5m-1782903900	1782904168	0.2999999531249926	10.666665			
510	btc-updown-5m-1782903900	1782904132	0.52	1.93			
511	btc-updown-5m-1782903900	1782904127	0.34	25.0			
512	btc-updown-5m-1782903900	1782904117	0.85	30.0			
513	btc-updown-5m-1782903900	1782904117	0.84	3.0			
514	btc-updown-5m-1782903900	1782903985	0.48	13.08			
515	btc-updown-5m-1782903600	1782903845	0.12	32.5			
516	btc-updown-5m-1782903600	1782903845	0.11	30.0			
517	btc-updown-5m-1782903600	1782903809	0.5	30.0			
518	btc-updown-5m-1782903600	1782903806	0.52	1.58			
519	btc-updown-5m-1782903600	1782903700	0.06	30.0			
520	btc-updown-5m-1782903300	1782903434	0.81	30.0			
521	btc-updown-5m-1782903000	1782903250	0.69	30.0			
522	btc-updown-5m-1782903000	1782903248	0.69	30.0			
523	btc-updown-5m-1782903000	1782903230	0.15	30.0			
524	btc-updown-5m-1782903000	1782903209	0.5	24.5			
525	btc-updown-5m-1782903000	1782903208	0.5	30.0			
526	btc-updown-5m-1782903000	1782903194	0.3249549756782664	30.465756			
527	btc-updown-5m-1782903000	1782903193	0.52	6.82			
528	btc-updown-5m-1782903000	1782903149	0.55	3.64			
529	btc-updown-5m-1782903000	1782903010	0.49	30.0			
530	btc-updown-5m-1782902700	1782902918	0.96	30.0			
531	btc-updown-5m-1782902700	1782902914	0.05	30.0			
532	btc-updown-5m-1782902100	1782902371	0.32	30.0			
533	btc-updown-5m-1782901500	1782901748	0.31	30.0			
534	btc-updown-5m-1782901500	1782901712	0.6	5.0			
535	btc-updown-5m-1782901500	1782901712	0.5999999624999907	5.333332			
536	btc-updown-5m-1782901500	1782901658	0.07	30.0			
537	btc-updown-5m-1782901500	1782901624	0.87	30.0			
538	btc-updown-5m-1782901500	1782901565	0.86	21.0			
539	btc-updown-5m-1782901500	1782901558	0.06	30.0			
540	btc-updown-5m-1782901200	1782901373	0.21	3.0			
541	btc-updown-5m-1782901200	1782901373	0.22	30.0			
542	btc-updown-5m-1782900900	1782901154	0.51	30.0			
543	btc-updown-5m-1782900900	1782901069	0.58	30.0			
544	btc-updown-5m-1782900900	1782901064	0.37	30.0			
545	btc-updown-5m-1782900900	1782901063	0.37	30.0			
546	btc-updown-5m-1782900900	1782900961	0.47	12.8			
547	btc-updown-5m-1782900300	1782900548	0.91	30.0			
548	btc-updown-5m-1782900300	1782900515	0.89	30.0			
549	btc-updown-5m-1782900300	1782900514	0.88	9.72			
550	btc-updown-5m-1782900000	1782900274	0.77	21.59			
551	btc-updown-5m-1782900000	1782900251	0.77	30.0			
552	btc-updown-5m-1782900000	1782900239	0.95	30.0			
553	btc-updown-5m-1782900000	1782900238	0.03	35.0			
554	btc-updown-5m-1782900000	1782900188	0.05	30.0			
555	btc-updown-5m-1782900000	1782900178	0.91	30.0			
556	btc-updown-5m-1782899400	1782899434	0.6	30.0			
557	btc-updown-5m-1782899100	1782899386	0.8599999934848476	15.348835			
558	btc-updown-5m-1782899100	1782899369	0.89	30.0			
559	btc-updown-5m-1782899100	1782899362	0.63	30.0			
560	btc-updown-5m-1782899100	1782899348	0.09	30.0			
561	btc-updown-5m-1782899100	1782899339	0.64	30.0			
562	btc-updown-5m-1782899100	1782899240	0.48	30.0			
563	btc-updown-5m-1782899100	1782899233	0.46	30.0			
564	btc-updown-5m-1782899100	1782899182	0.14	30.0			
565	btc-updown-5m-1782898800	1782899060	0.77	24.5			
566	btc-updown-5m-1782898800	1782899051	0.34	30.0			
567	btc-updown-5m-1782898800	1782898993	0.78	5.0			
568	btc-updown-5m-1782898800	1782898903	0.69	30.0			
569	btc-updown-5m-1782898800	1782898805	0.6	5.0			
570	btc-updown-5m-1782898500	1782898595	0.3	30.0			
571	btc-updown-5m-1782898200	1782898471	0.01	100.0			
572	btc-updown-5m-1782898200	1782898448	0.97	30.0			
573	btc-updown-5m-1782897300	1782897580	0.7	30.0			
574	btc-updown-5m-1782897300	1782897580	0.7	26.02			
575	btc-updown-5m-1782897300	1782897448	0.82	30.0			
576	btc-updown-5m-1782897000	1782897257	0.95	30.0			
577	btc-updown-5m-1782897000	1782897136	0.48	30.0			
578	btc-updown-5m-1782896700	1782896957	0.021	50.0			
579	btc-updown-5m-1782896700	1782896867	0.96	30.0			
580	btc-updown-5m-1782896700	1782896867	0.96	30.3125			
581	btc-updown-5m-1782896700	1782896809	0.06	30.0			
582	btc-updown-5m-1782896700	1782896801	0.14	30.0			
583	btc-updown-5m-1782896400	1782896687	0.91	30.0			
584	btc-updown-5m-1782896400	1782896687	0.91	18.35			
585	btc-updown-5m-1782896400	1782896684	0.07	30.0			
586	btc-updown-5m-1782896400	1782896671	0.96	30.0			
587	btc-updown-5m-1782896400	1782896659	0.03	35.0			
588	btc-updown-5m-1782895500	1782895606	0.76	30.0			
589	btc-updown-5m-1782895500	1782895606	0.76	15.0			
590	btc-updown-5m-1782895500	1782895606	0.75	30.4			
591	btc-updown-5m-1782895200	1782895330	0.77	30.0			
592	btc-updown-5m-1782894900	1782895030	0.45	30.0			
593	btc-updown-5m-1782894900	1782895028	0.45	30.0			
594	btc-updown-5m-1782894900	1782895027	0.45	30.0			
595	btc-updown-5m-1782894900	1782894977	0.66	30.0			
596	btc-updown-5m-1782894900	1782894974	0.67	21.14			
597	btc-updown-5m-1782894900	1782894905	0.59	30.0			
598	btc-updown-5m-1782894600	1782894881	0.01	100.0			
599	btc-updown-5m-1782894300	1782894587	0.09	30.0			
600	btc-updown-5m-1782894300	1782894586	0.09	30.0			
601	btc-updown-5m-1782894300	1782894569	0.93	25.41			
602	btc-updown-5m-1782894300	1782894568	0.93	30.0			
603	btc-updown-5m-1782894300	1782894452	0.94	5.0			
604	btc-updown-5m-1782894300	1782894391	0.78	5.0			
605	btc-updown-5m-1782894300	1782894391	0.79	5.0			
606	btc-updown-5m-1782894300	1782894317	0.78	30.0			
607	btc-updown-5m-1782894000	1782894188	0.9	13.82			
608	btc-updown-5m-1782894000	1782894125	0.14	30.0			
609	btc-updown-5m-1782893700	1782893986	0.48	30.0			
610	btc-updown-5m-1782893700	1782893956	0.29	30.0			
611	btc-updown-5m-1782893700	1782893755	0.369999989289473	30.810809			
612	btc-updown-5m-1782893400	1782893683	0.95	19.67			
613	btc-updown-5m-1782893400	1782893671	0.82	30.0			
614	btc-updown-5m-1782893100	1782893375	0.52	30.0			
615	btc-updown-5m-1782893100	1782893357	0.4699999956916663	25.531913			
616	btc-updown-5m-1782893100	1782893357	0.47	25.0			
617	btc-updown-5m-1782893100	1782893356	0.44	10.47			
618	btc-updown-5m-1782893100	1782893351	0.44	5.0			
619	btc-updown-5m-1782893100	1782893333	0.12	30.0			
620	btc-updown-5m-1782893100	1782893285	0.72	10.89			
621	btc-updown-5m-1782893100	1782893273	0.67	30.0			
622	btc-updown-5m-1782893100	1782893261	0.84	30.0			
623	btc-updown-5m-1782893100	1782893261	0.85	5.82			
624	btc-updown-5m-1782893100	1782893261	0.84	3.05			
625	btc-updown-5m-1782892800	1782893087	0.77	30.0			
626	btc-updown-5m-1782892800	1782893084	0.11	5.0			
627	btc-updown-5m-1782892800	1782893078	0.32	30.0			
628	btc-updown-5m-1782892800	1782893072	0.29	3.17			
629	btc-updown-5m-1782892800	1782893026	0.89	5.0			
630	btc-updown-5m-1782892800	1782893024	0.89	5.0			
631	btc-updown-5m-1782892800	1782892873	0.76	30.0			
632	btc-updown-5m-1782892800	1782892870	0.2	30.0			
633	btc-updown-5m-1782892500	1782892753	0.04	30.0			
634	btc-updown-5m-1782892200	1782892217	0.7	25.0			
635	btc-updown-5m-1782892200	1782892213	0.23	30.0			
636	btc-updown-5m-1782891900	1782892091	0.85	5.0			
637	btc-updown-5m-1782891900	1782892090	0.85	5.0			
638	btc-updown-5m-1782891900	1782892076	0.81	5.0			
639	btc-updown-5m-1782891600	1782891877	0.03	35.0			
640	btc-updown-5m-1782891600	1782891875	0.03	35.0			
641	btc-updown-5m-1782891600	1782891865	0.62	5.0			
642	btc-updown-5m-1782891600	1782891865	0.61	10.0			
643	btc-updown-5m-1782891600	1782891854	0.6374779319041615	23.79			
644	btc-updown-5m-1782891600	1782891773	0.45	30.0			
645	btc-updown-5m-1782891600	1782891721	0.33	30.0			
646	btc-updown-5m-1782891300	1782891578	0.92	30.0			
647	btc-updown-5m-1782891300	1782891565	0.91	30.0			
648	btc-updown-5m-1782891300	1782891554	0.75	5.0			
649	btc-updown-5m-1782891300	1782891554	0.75	10.0			
650	btc-updown-5m-1782891000	1782891247	0.83	30.0			
651	btc-updown-5m-1782891000	1782891227	0.8599999967049806	30.348835			
652	btc-updown-5m-1782891000	1782891226	0.85	30.70588			
653	btc-updown-5m-1782891000	1782891215	0.89	30.0			
654	btc-updown-5m-1782891000	1782891145	0.16	30.0			
655	btc-updown-5m-1782890700	1782890912	0.81	30.0			
656	btc-updown-5m-1782890700	1782890825	0.65	30.0			
657	btc-updown-5m-1782890700	1782890794	0.7	30.0			
658	btc-updown-5m-1782890400	1782890501	0.65	30.0			
659	btc-updown-5m-1782890400	1782890501	0.65	15.0			
660	btc-updown-5m-1782890400	1782890500	0.65	30.0			
661	btc-updown-5m-1782890400	1782890447	0.55	30.0			
662	btc-updown-5m-1782890100	1782890377	0.78	30.0			
663	btc-updown-5m-1782890100	1782890371	0.29	9.99			
664	btc-updown-5m-1782890100	1782890357	0.54	15.0			
665	btc-updown-5m-1782890100	1782890336	0.75	19.0			
666	btc-updown-5m-1782890100	1782890336	0.76	30.0			
667	btc-updown-5m-1782890100	1782890336	0.75	30.0			
668	btc-updown-5m-1782890100	1782890332	0.34	30.0			
669	btc-updown-5m-1782890100	1782890329	0.52	30.0			
670	btc-updown-5m-1782890100	1782890237	0.86	30.0			
671	btc-updown-5m-1782890100	1782890228	0.13	10.0			
672	btc-updown-5m-1782890100	1782890173	0.65	30.0			
673	btc-updown-5m-1782889800	1782890084	0.74	30.0			
674	btc-updown-5m-1782889800	1782890065	0.81	30.0			
675	btc-updown-5m-1782889800	1782890041	0.19	30.0			
676	btc-updown-5m-1782889800	1782890003	0.21	18.73			
677	btc-updown-5m-1782889800	1782889984	0.44	30.0			
678	btc-updown-5m-1782832800	1782833069	0.04	26.86	0.0400	0.0500	1782833068951000
679	btc-updown-5m-1782832800	1782833050	0.39	30.0	0.3800	0.3900	1782833049977000
680	btc-updown-5m-1782832800	1782833050	0.6499999968137253	31.384614	0.6100	0.6200	1782833049977000
681	btc-updown-5m-1782832800	1782832955	0.59	30.0	0.6300	0.6400	1782832954861000
682	btc-updown-5m-1782832200	1782832376	0.17	10.74	0.1800	0.1900	1782832375674000
683	btc-updown-5m-1782832200	1782832232	0.48	30.625	0.4700	0.4800	1782832231804000
684	btc-updown-5m-1782831900	1782832184	0.22	30.0	0.0800	0.0900	1782832183829000
685	btc-updown-5m-1782831900	1782832184	0.2183458440558527	30.227271	0.0800	0.0900	1782832183829000
686	btc-updown-5m-1782831900	1782832180	0.52	30.0	0.1800	0.1900	1782832179874000
687	btc-updown-5m-1782831900	1782832091	0.66	4.34	0.7100	0.7200	1782832090926000
688	btc-updown-5m-1782831900	1782831991	0.22	30.0	0.1700	0.1800	1782831990967000
689	btc-updown-5m-1782831600	1782831718	0.81	30.0	0.8000	0.8100	1782831717350000
690	btc-updown-5m-1782831600	1782831704	0.17	30.0	0.1700	0.1800	1782831703840000
691	btc-updown-5m-1782831600	1782831697	0.79	5.0	0.8200	0.8300	1782831696769000
692	btc-updown-5m-1782831600	1782831653	0.65	30.0	0.6400	0.6500	1782831652947000
693	btc-updown-5m-1782831600	1782831650	0.65	30.0	0.6400	0.6500	1782831649860000
694	btc-updown-5m-1782831300	1782831578	0.2142857142857142	35.0	0.1700	0.1800	1782831577877000
695	btc-updown-5m-1782831300	1782831578	0.2248904663341326	33.349564	0.1700	0.1800	1782831577877000
696	btc-updown-5m-1782831300	1782831575	0.91	5.0	0.8400	0.8500	1782831574999000
697	btc-updown-5m-1782831300	1782831550	0.76	15.0	0.8500	0.8600	1782831549980000
698	btc-updown-5m-1782831000	1782831259	0.06	30.0			
699	btc-updown-5m-1782831000	1782831079	0.35	22.5	0.3500	0.3800	1782831078731000
700	btc-updown-5m-1782831000	1782831073	0.31	30.0	0.3000	0.3200	1782831072621000
701	btc-updown-15m-1782828900	1782829214	0.65	30.0			
702	btc-updown-15m-1782828900	1782829072	0.67	0.06			
703	btc-updown-15m-1782828900	1782829061	0.66	10.0			
704	btc-updown-15m-1782828900	1782829058	0.6	30.0			
705	btc-updown-15m-1782828900	1782829057	0.6	30.0			
706	btc-updown-15m-1782828900	1782829013	0.6	30.0			
707	btc-updown-15m-1782828900	1782829012	0.6	30.0			
708	btc-updown-15m-1782828900	1782829007	0.6	30.0			
709	btc-updown-15m-1782828900	1782829006	0.57	8.46			
710	btc-updown-15m-1782828900	1782829006	0.59	10.95			
711	btc-updown-15m-1782828900	1782828986	0.55	8.0			
712	btc-updown-15m-1782828900	1782828979	0.55	1.0			
713	btc-updown-15m-1782828900	1782828956	0.55	19.01			
714	btc-updown-15m-1782828000	1782828763	0.06	6.0			
715	btc-updown-15m-1782828000	1782828757	0.06	24.0			
716	btc-updown-15m-1782828000	1782828757	0.07	30.0			
717	btc-updown-15m-1782828000	1782828743	0.04	20.0			
718	btc-updown-15m-1782828000	1782828737	0.04	30.0			
719	btc-updown-15m-1782828000	1782828736	0.03	10.0			
720	btc-updown-15m-1782828000	1782828727	0.97	5.0			
721	btc-updown-15m-1782828000	1782828700	0.94	9.9			
722	btc-updown-15m-1782828000	1782828698	0.94	20.0			
723	btc-updown-15m-1782828000	1782828695	0.92	12.52			
724	btc-updown-15m-1782828000	1782828691	0.92	30.0			
725	btc-updown-15m-1782828000	1782828689	0.92	30.0			
726	btc-updown-15m-1782828000	1782828671	0.89	17.0			
727	btc-updown-15m-1782828000	1782828671	0.94	30.0			
728	btc-updown-15m-1782828000	1782828667	0.91	12.84			
729	btc-updown-15m-1782828000	1782828665	0.9	11.52			
730	btc-updown-15m-1782828000	1782828665	0.89	27.49			
731	btc-updown-15m-1782828000	1782828665	0.89	30.0			
732	btc-updown-15m-1782828000	1782828638	0.13	30.0			
733	btc-updown-15m-1782828000	1782828635	0.13	30.0			
734	btc-updown-15m-1782828000	1782828632	0.11	30.0			
735	btc-updown-15m-1782828000	1782828626	0.06	30.0			
736	btc-updown-15m-1782828000	1782828626	0.06	5.0			
737	btc-updown-15m-1782828000	1782828622	0.94	30.0			
738	btc-updown-15m-1782828000	1782828617	0.93	27.0			
739	btc-updown-15m-1782828000	1782828595	0.05	30.0			
740	btc-updown-15m-1782828000	1782828532	0.06	30.0			
741	btc-updown-15m-1782828000	1782828367	0.87	30.0			
742	btc-updown-15m-1782828000	1782828274	0.83	30.0			
743	btc-updown-15m-1782828000	1782828122	0.13	30.0			
744	btc-updown-15m-1782828000	1782828052	0.41	11.41			
745	btc-updown-15m-1782828000	1782828005	0.6	30.0			
746	btc-updown-5m-1782827700	1782827983	0.94	30.0			
747	btc-updown-5m-1782827700	1782827980	0.94	30.0			
748	btc-updown-5m-1782827700	1782827959	0.75	30.0			
749	btc-updown-5m-1782827700	1782827954	0.12	10.0			
750	btc-updown-5m-1782827700	1782827942	0.33	5.0			
751	btc-updown-5m-1782827700	1782827938	0.35	15.0			
752	btc-updown-15m-1782827100	1782827909	0.91	20.0			
753	btc-updown-15m-1782827100	1782827903	0.91	12.0			
754	btc-updown-15m-1782827100	1782827900	0.07	28.0			
755	btc-updown-15m-1782827100	1782827863	0.84	5.0			
756	btc-updown-15m-1782827100	1782827861	0.84	5.0			
757	btc-updown-15m-1782827100	1782827840	0.74	0.04			
758	btc-updown-5m-1782827700	1782827777	0.65	30.0			
759	btc-updown-5m-1782827700	1782827762	0.5	11.1			
760	btc-updown-15m-1782827100	1782827750	0.73	30.0			
761	btc-updown-5m-1782827700	1782827726	0.65	30.0			
762	btc-updown-5m-1782827700	1782827726	0.65	12.61			
763	btc-updown-15m-1782827100	1782827656	0.74	5.0			
764	btc-updown-15m-1782827100	1782827533	0.69	5.0			
765	btc-updown-5m-1782827400	1782827498	0.88	30.0			
766	btc-updown-15m-1782827100	1782827435	0.51	26.24			
767	btc-updown-5m-1782827100	1782827383	0.01	100.0			
768	btc-updown-5m-1782827100	1782827365	0.91	10.0			
769	btc-updown-15m-1782827100	1782827348	0.62	5.0			
770	btc-updown-5m-1782827100	1782827347	0.88	10.0			
771	btc-updown-5m-1782827100	1782827347	0.88	5.0			
772	btc-updown-5m-1782827100	1782827345	0.819999997365461	15.182922			
773	btc-updown-5m-1782827100	1782827341	0.12	22.27			
774	btc-updown-5m-1782827100	1782827323	0.85	30.0			
775	btc-updown-5m-1782827100	1782827321	0.85	30.0			
776	btc-updown-15m-1782827100	1782827302	0.64	30.0			
777	btc-updown-15m-1782827100	1782827287	0.69	30.0			
778	btc-updown-15m-1782827100	1782827285	0.68	30.0			
779	btc-updown-15m-1782827100	1782827282	0.69	30.0			
780	btc-updown-5m-1782827100	1782827257	0.31	7.25			
781	btc-updown-5m-1782827100	1782827249	0.4938461538461538	26.0			
782	btc-updown-5m-1782827100	1782827237	0.44	20.0			
783	btc-updown-5m-1782827100	1782827168	0.5	30.0			
784	btc-updown-5m-1782827100	1782827161	0.42	30.0			
785	btc-updown-5m-1782827100	1782827159	0.5	30.0			
786	btc-updown-15m-1782827100	1782827128	0.51	11.44			
787	btc-updown-15m-1782826200	1782827081	0.88	30.0			
788	btc-updown-15m-1782826200	1782827077	0.06	35.0			
789	btc-updown-15m-1782826200	1782827069	0.49	30.0			
790	btc-updown-15m-1782826200	1782827000	0.32	30.0			
791	btc-updown-15m-1782826200	1782826958	0.67	5.0			
792	btc-updown-15m-1782826200	1782826954	0.64	5.0			
793	btc-updown-15m-1782826200	1782826937	0.52	25.0			
794	btc-updown-15m-1782826200	1782826892	0.64	20.3125			
795	btc-updown-5m-1782826800	1782826867	0.85	5.05882			
796	btc-updown-5m-1782826800	1782826867	0.8399999762823257	5.059518			
797	btc-updown-5m-1782826800	1782826826	0.8099999973658535	30.370368			
798	btc-updown-15m-1782826200	1782826816	0.48	17.8			
799	btc-updown-5m-1782826800	1782826816	0.8	30.0			
800	btc-updown-5m-1782826800	1782826805	0.5	30.0			
801	btc-updown-5m-1782826500	1782826787	0.2	22.11			
802	btc-updown-5m-1782826500	1782826784	0.85	20.0			
803	btc-updown-5m-1782826500	1782826783	0.62	30.0			
804	btc-updown-5m-1782826500	1782826781	0.62	30.0			
805	btc-updown-5m-1782826500	1782826780	0.42	35.0			
806	btc-updown-5m-1782826500	1782826777	0.52	15.68			
807	btc-updown-5m-1782826500	1782826774	0.6599999986865671	30.454544			
808	btc-updown-5m-1782826500	1782826774	0.57	20.49			
809	btc-updown-5m-1782826500	1782826772	0.56	6.0			
810	btc-updown-5m-1782826500	1782826765	0.5	15.9			
811	btc-updown-5m-1782826500	1782826760	0.5	30.0			
812	btc-updown-5m-1782826500	1782826754	0.73	30.0			
813	btc-updown-15m-1782826200	1782826753	0.82	5.0			
814	btc-updown-5m-1782826500	1782826747	0.86	30.0			
815	btc-updown-5m-1782826500	1782826745	0.86	30.0			
816	btc-updown-15m-1782826200	1782826744	0.85	5.0			
817	btc-updown-5m-1782826500	1782826742	0.14	30.0			
818	btc-updown-5m-1782826500	1782826736	0.88	8.13			
819	btc-updown-5m-1782826500	1782826733	0.88	30.0			
820	btc-updown-5m-1782826500	1782826721	0.07	30.0			
821	btc-updown-5m-1782826500	1782826718	0.89	13.35			
822	btc-updown-5m-1782826500	1782826715	0.89	30.0			
823	btc-updown-5m-1782826500	1782826714	0.89	30.0			
824	btc-updown-5m-1782826500	1782826703	0.86	0.68			
825	btc-updown-5m-1782826500	1782826702	0.86	30.0			
826	btc-updown-15m-1782826200	1782826702	0.87	5.0			
827	btc-updown-15m-1782826200	1782826700	0.87	5.0			
828	btc-updown-15m-1782826200	1782826675	0.85	5.0			
829	btc-updown-5m-1782826500	1782826672	0.75	30.0			
830	btc-updown-15m-1782826200	1782826588	0.81	17.0			
831	btc-updown-5m-1782826500	1782826579	0.63	30.0			
832	btc-updown-5m-1782826500	1782826537	0.4484098827891465	31.444443			
833	btc-updown-5m-1782826500	1782826531	0.5	30.0			
834	btc-updown-5m-1782826500	1782826516	0.6	20.0			
835	btc-updown-5m-1782826500	1782826514	0.6	30.0			
836	btc-updown-15m-1782826200	1782826501	0.76	5.0			
837	btc-updown-15m-1782826200	1782826489	0.86	30.0			
838	btc-updown-15m-1782826200	1782826486	0.85	30.0			
839	btc-updown-15m-1782826200	1782826484	0.85	30.0			
840	btc-updown-15m-1782826200	1782826436	0.7	30.0			
841	btc-updown-5m-1782826200	1782826415	0.14	30.0			
842	btc-updown-5m-1782826200	1782826400	0.81	30.0			
843	btc-updown-5m-1782826200	1782826372	0.409999985	30.731706			
844	btc-updown-5m-1782826200	1782826354	0.09	30.0			
845	btc-updown-5m-1782826200	1782826352	0.09	50.0			
846	btc-updown-5m-1782826200	1782826352	0.1299999772	34.615383			
847	btc-updown-5m-1782826200	1782826346	0.2599999775	31.153845			
848	btc-updown-15m-1782826200	1782826343	0.5979394868	26.11			
849	btc-updown-15m-1782826200	1782826343	0.5899999977	30.508473			
850	btc-updown-5m-1782826200	1782826343	0.27	30.0			
851	btc-updown-15m-1782826200	1782826291	0.84	30.0			
852	btc-updown-5m-1782826200	1782826247	0.83	30.0			
853	btc-updown-5m-1782826200	1782826237	0.81	30.0			
854	btc-updown-5m-1782825900	1782826166	0.03	35.0			
855	btc-updown-5m-1782825900	1782826145	0.93	20.0			
856	btc-updown-5m-1782825900	1782826144	0.93	20.0			
857	btc-updown-15m-1782825300	1782826133	0.82	30.0			
858	btc-updown-5m-1782825900	1782826133	0.84	5.0			
859	btc-updown-5m-1782825900	1782826132	0.84	30.0			
860	btc-updown-15m-1782825300	1782826127	0.3	30.0			
861	btc-updown-15m-1782825300	1782826117	0.87	6.0			
862	btc-updown-15m-1782825300	1782825964	0.38	30.0			
863	btc-updown-15m-1782825300	1782825911	0.64	30.0			
864	btc-updown-5m-1782825600	1782825866	0.43	30.0			
865	btc-updown-5m-1782825600	1782825865	0.62	28.16			
866	btc-updown-5m-1782825600	1782825860	0.57	30.0			
867	btc-updown-5m-1782825600	1782825857	0.5107063197	5.38			
868	btc-updown-5m-1782825600	1782825850	0.53	30.0			
869	btc-updown-15m-1782825300	1782825847	0.8099999974	30.370368			
870	btc-updown-15m-1782825300	1782825841	0.81	7.06			
871	btc-updown-15m-1782825300	1782825838	0.8	30.0			
872	btc-updown-5m-1782825600	1782825829	0.75	7.87			
873	btc-updown-15m-1782825300	1782825823	0.78	28.71			
874	btc-updown-5m-1782825600	1782825800	0.79	20.81			
875	btc-updown-5m-1782825600	1782825800	0.79	30.0			
876	btc-updown-5m-1782825600	1782825797	0.62	30.0			
877	btc-updown-15m-1782825300	1782825775	0.8	23.0			
878	btc-updown-15m-1782825300	1782825725	0.84	30.0			
879	btc-updown-15m-1782825300	1782825692	0.87	30.0			
880	btc-updown-5m-1782825600	1782825682	0.22	30.0			
881	btc-updown-15m-1782825300	1782825500	0.27	30.0			
882	btc-updown-5m-1782825300	1782825455	0.08	25.86			
883	btc-updown-5m-1782825300	1782825454	0.08	30.0			
884	btc-updown-5m-1782825300	1782825425	0.83	16.41			
885	btc-updown-5m-1782825300	1782825424	0.83	30.0			
886	btc-updown-15m-1782825300	1782825370	0.67	30.0			
887	btc-updown-15m-1782824400	1782825284	0.2299999804	30.130433			
888	btc-updown-15m-1782824400	1782825280	0.17	18.24			
889	btc-updown-15m-1782824400	1782825280	0.1519867306	33.75294			
890	btc-updown-15m-1782824400	1782825280	0.15	5.8			
891	btc-updown-15m-1782824400	1782825278	0.941	17.84			
892	btc-updown-15m-1782824400	1782825278	0.9409999984	30.159389			
893	btc-updown-15m-1782824400	1782825248	0.021	32.0			
894	btc-updown-15m-1782824400	1782825244	0.0310000011	36.129031			
895	btc-updown-15m-1782824400	1782825224	0.1109999716	30.270269			
896	btc-updown-15m-1782824400	1782825224	0.111	30.0			
897	btc-updown-15m-1782824400	1782825221	0.882	30.0			
898	btc-updown-15m-1782824400	1782825221	0.881	4.7			
899	btc-updown-15m-1782824400	1782825184	0.297	30.0			
900	btc-updown-15m-1782824400	1782825161	0.06	30.5			
901	btc-updown-15m-1782824400	1782825143	0.9809999994	30.061157			
902	btc-updown-15m-1782824400	1782825143	0.981	1.93			
903	btc-updown-15m-1782824400	1782824909	0.88	5.0			
904	btc-updown-15m-1782824400	1782824905	0.87	30.0			
905	btc-updown-15m-1782824400	1782824905	0.8699999964	30.689653			
906	btc-updown-15m-1782824400	1782824821	0.77	5.0			
907	btc-updown-15m-1782824400	1782824821	0.77	2.64			
908	btc-updown-15m-1782824400	1782824747	0.76	5.0			
909	btc-updown-15m-1782824400	1782824746	0.74	5.0			
910	btc-updown-5m-1782824400	1782824665	0.69	30.0			
911	btc-updown-5m-1782824400	1782824663	0.7	30.0			
912	btc-updown-5m-1782824400	1782824662	0.7	30.0			
913	btc-updown-5m-1782824400	1782824653	0.56	30.0			
914	btc-updown-5m-1782824400	1782824647	0.16	30.0			
915	btc-updown-5m-1782824400	1782824645	0.16	30.0			
916	btc-updown-5m-1782824400	1782824579	0.25	30.0			
917	btc-updown-5m-1782824400	1782824497	0.8	30.0			
918	btc-updown-5m-1782824400	1782824453	0.82	30.0			
919	btc-updown-15m-1782822600	1782823483	0.04	30.0			
920	btc-updown-15m-1782822600	1782823472	0.85	23.8			
921	btc-updown-15m-1782822600	1782823463	0.78	30.0			
922	btc-updown-15m-1782822600	1782823445	0.87	30.0			
923	btc-updown-15m-1782822600	1782823445	0.86	22.78			
924	btc-updown-15m-1782822600	1782823420	0.79	30.0			
925	btc-updown-15m-1782822600	1782823328	0.65	30.0			
926	btc-updown-15m-1782822600	1782823268	0.58	20.0			
927	btc-updown-15m-1782822600	1782823231	0.57	30.0			
928	btc-updown-15m-1782822600	1782823213	0.54	15.99			
929	btc-updown-15m-1782822600	1782823210	0.54	30.0			
930	btc-updown-15m-1782822600	1782822980	0.54	30.0			
931	btc-updown-5m-1782822600	1782822866	0.06	30.0			
932	btc-updown-5m-1782822600	1782822860	0.84	30.0			
933	btc-updown-5m-1782822600	1782822824	0.16	30.0			
934	btc-updown-5m-1782822600	1782822823	0.19	30.0			
935	btc-updown-5m-1782822600	1782822638	0.45	30.0			
936	btc-updown-5m-1782822600	1782822637	0.4499999872	31.333332			
937	btc-updown-5m-1782822300	1782822577	0.74	30.0			
938	btc-updown-5m-1782822300	1782822473	0.82	30.36585			
939	btc-updown-5m-1782822300	1782822472	0.82	30.0			
940	btc-updown-15m-1782821700	1782822472	0.93	30.2258			
941	btc-updown-15m-1782821700	1782822460	0.971	30.0			
942	btc-updown-15m-1782821700	1782822454	0.98	30.0306			
943	btc-updown-5m-1782822300	1782822452	0.72	30.0			
944	btc-updown-15m-1782821700	1782822451	0.981	7.18			
945	btc-updown-15m-1782821700	1782822451	0.9809999995	30.152894			
946	btc-updown-15m-1782821700	1782822343	0.01	100.0			
947	btc-updown-15m-1782821700	1782822233	0.12	30.0			
948	btc-updown-15m-1782821700	1782822145	0.73	30.0			
949	btc-updown-15m-1782821700	1782822016	0.46	30.0			
950	btc-updown-15m-1782821700	1782822008	0.38	30.0			
951	btc-updown-15m-1782821700	1782821956	0.34	0.7			
952	btc-updown-5m-1782821700	1782821950	0.14	30.0			
953	btc-updown-15m-1782821700	1782821950	0.32	30.0			
954	btc-updown-15m-1782821700	1782821947	0.26	30.0			
955	btc-updown-5m-1782821700	1782821924	0.95	5.0			
956	btc-updown-15m-1782821700	1782821911	0.74	15.0			
957	btc-updown-15m-1782821700	1782821909	0.74	15.0			
958	btc-updown-15m-1782821700	1782821909	0.74	25.0			
959	btc-updown-15m-1782821700	1782821903	0.74	30.0			
960	btc-updown-5m-1782821700	1782821903	0.92	15.0			
961	btc-updown-5m-1782821700	1782821902	0.92	30.0			
962	btc-updown-15m-1782821700	1782821831	0.69	30.0			
963	btc-updown-15m-1782821700	1782821831	0.66	30.0			
964	btc-updown-15m-1782821700	1782821783	0.66	30.0			
965	btc-updown-15m-1782821700	1782821761	0.41	30.0			
966	btc-updown-15m-1782821700	1782821759	0.41	18.96			
967	btc-updown-15m-1782821700	1782821755	0.62	30.0			
968	btc-updown-15m-1782821700	1782821719	0.57	30.0			
969	btc-updown-15m-1782820800	1782821588	0.99	18.98			
970	btc-updown-15m-1782820800	1782821516	0.041	30.0			
971	btc-updown-15m-1782820800	1782821512	0.07	30.0			
972	btc-updown-15m-1782820800	1782821510	0.07	30.0			
973	btc-updown-15m-1782820800	1782821501	0.95	30.0			
974	btc-updown-15m-1782820800	1782821500	0.95	30.0			
975	btc-updown-15m-1782820800	1782821495	0.051	30.0			
976	btc-updown-15m-1782820800	1782821491	0.051	30.0			
977	btc-updown-15m-1782820800	1782821491	0.0509999695	30.588234			
978	btc-updown-15m-1782820800	1782821491	0.05	23.52			
979	btc-updown-15m-1782820800	1782821486	0.951	26.74			
980	btc-updown-15m-1782820800	1782821449	0.976	30.0			
981	btc-updown-15m-1782820800	1782821372	0.94	30.0			
982	btc-updown-15m-1782820800	1782821369	0.95	30.0			
983	btc-updown-15m-1782820800	1782821234	0.92	13.0			
984	btc-updown-15m-1782820800	1782821231	0.9	30.0			
985	btc-updown-15m-1782820800	1782821168	0.08	30.0			
986	btc-updown-15m-1782820800	1782820865	0.38	7.92			
987	btc-updown-15m-1782819900	1782820652	0.91	8.96			
988	btc-updown-15m-1782819900	1782820532	0.71	5.0			
989	btc-updown-15m-1782819900	1782820531	0.71	5.0			
990	btc-updown-15m-1782819900	1782820531	0.67	5.0			
991	btc-updown-15m-1782819900	1782820451	0.68	30.0			
992	btc-updown-15m-1782819900	1782820450	0.68	30.0			
993	btc-updown-15m-1782819900	1782820444	0.5	30.0			
994	btc-updown-5m-1782820200	1782820436	0.85	10.0			
995	btc-updown-5m-1782820200	1782820435	0.85	30.0			
996	btc-updown-5m-1782820200	1782820430	0.77	30.0			
997	btc-updown-5m-1782820200	1782820405	0.6	30.0			
998	btc-updown-15m-1782819900	1782820402	0.17	30.0			
999	btc-updown-5m-1782820200	1782820402	0.39	30.0			
1000	btc-updown-15m-1782819900	1782820321	0.14	30.0			
1001	btc-updown-15m-1782819900	1782820310	0.85	30.0			
1002	btc-updown-15m-1782819000	1782819856	0.81	30.0			
1003	btc-updown-15m-1782819000	1782819788	0.68	30.0			
1004	btc-updown-5m-1782819600	1782819773	0.86	5.0			
1005	btc-updown-5m-1782819600	1782819721	0.86	5.0			
1006	btc-updown-15m-1782819000	1782819610	0.75	5.0			
1007	btc-updown-5m-1782819300	1782819568	0.02	50.0			
1008	btc-updown-5m-1782819300	1782819539	0.1	30.0			
1009	btc-updown-15m-1782819000	1782819529	0.74	13.8			
1010	btc-updown-5m-1782819300	1782819529	0.06	30.0			
1011	btc-updown-5m-1782819300	1782819514	0.05	30.0			
1012	btc-updown-5m-1782819300	1782819509	0.04	30.0			
1013	btc-updown-5m-1782819300	1782819491	0.95	5.0			
1014	btc-updown-5m-1782819300	1782819490	0.95	5.0			
1015	btc-updown-5m-1782819300	1782819401	0.8	5.0			
1016	btc-updown-15m-1782819000	1782819392	0.7	5.0			
1017	btc-updown-15m-1782819000	1782819379	0.62	30.0			
1018	btc-updown-15m-1782819000	1782819371	0.59	30.0			
1019	btc-updown-15m-1782819000	1782819371	0.59	24.11			
1020	btc-updown-5m-1782819300	1782819370	0.89	30.0			
1021	btc-updown-15m-1782819000	1782819310	0.76	30.0			
1022	btc-updown-5m-1782819000	1782819167	0.06	20.0			
1023	btc-updown-5m-1782819000	1782819160	0.1	10.0			
1024	btc-updown-15m-1782819000	1782819142	0.55	22.51			
1025	btc-updown-15m-1782819000	1782819119	0.45	15.28			
1026	btc-updown-15m-1782819000	1782819086	0.72	30.0			
1027	btc-updown-15m-1782819000	1782819083	0.64	23.19			
1028	btc-updown-15m-1782819000	1782819073	0.48	30.0			
1029	btc-updown-15m-1782819000	1782819067	0.47	8.19			
1030	btc-updown-15m-1782819000	1782819059	0.48	30.0			
1031	btc-updown-15m-1782819000	1782819019	0.62	30.0			
1032	btc-updown-15m-1782819000	1782819008	0.58	23.9			
1033	btc-updown-5m-1782818700	1782818981	0.01	38.16			
1034	btc-updown-5m-1782818700	1782818924	0.55	5.0			
1035	btc-updown-5m-1782818700	1782818923	0.55	5.0			
1036	btc-updown-5m-1782818700	1782818917	0.55	10.0			
1037	btc-updown-5m-1782818700	1782818915	0.55	10.0			
1038	btc-updown-5m-1782818700	1782818906	0.47	30.0			
1039	btc-updown-5m-1782818700	1782818897	0.7250439216	31.0326			
1040	btc-updown-5m-1782818700	1782818851	0.75	30.0			
1041	btc-updown-5m-1782818400	1782818648	0.04	30.0			
1042	btc-updown-5m-1782818400	1782818639	0.06	30.0			
1043	btc-updown-5m-1782818400	1782818585	0.21	30.0			
1044	btc-updown-15m-1782818100	1782818578	0.93	30.0			
1045	btc-updown-15m-1782818100	1782818576	0.93	30.0			
1046	btc-updown-5m-1782818400	1782818543	0.64	30.0			
1047	btc-updown-15m-1782818100	1782818542	0.05	19.2			
1048	btc-updown-15m-1782818100	1782818513	0.89	5.0			
1049	btc-updown-15m-1782818100	1782818452	0.86	5.0			
1050	btc-updown-15m-1782818100	1782818450	0.86	5.0			
1051	btc-updown-15m-1782818100	1782818440	0.8215861594	20.204817			
1052	btc-updown-15m-1782818100	1782818395	0.87	11.0			
1053	btc-updown-5m-1782818100	1782818306	0.93	5.0			
1054	btc-updown-5m-1782818100	1782818194	0.77	19.18			
1055	btc-updown-15m-1782818100	1782818183	0.59	0.09			
1056	btc-updown-5m-1782818100	1782818164	0.68	30.0			
1057	btc-updown-5m-1782818100	1782818164	0.68	15.05			
1058	btc-updown-5m-1782817800	1782818087	0.95	30.0			
1059	btc-updown-5m-1782817800	1782818086	0.95	30.0			
1060	btc-updown-5m-1782817800	1782818075	0.1	30.0			
1061	btc-updown-5m-1782817800	1782818027	0.26	1.62			
1062	btc-updown-5m-1782817800	1782818026	0.26	30.0			
1063	btc-updown-15m-1782817200	1782817910	0.96	5.0			
1064	btc-updown-5m-1782817500	1782817789	0.55	20.69			
1065	btc-updown-15m-1782817200	1782817786	0.07	16.0			
1066	btc-updown-5m-1782817500	1782817786	0.4	30.0			
1067	btc-updown-5m-1782817500	1782817784	0.4	30.0			
1068	btc-updown-5m-1782817500	1782817777	0.5	20.0			
1069	btc-updown-5m-1782817500	1782817777	0.5	30.0			
1070	btc-updown-5m-1782817500	1782817772	0.38	30.0			
1071	btc-updown-5m-1782817500	1782817769	0.3352112508	31.323528			
1072	btc-updown-5m-1782817500	1782817769	0.25	42.0			
1073	btc-updown-5m-1782817500	1782817763	0.55	30.0			
1074	btc-updown-5m-1782817500	1782817760	0.5	30.0			
1075	btc-updown-5m-1782817500	1782817760	0.4934210526	30.4			
1076	btc-updown-15m-1782817200	1782817726	0.82	5.0			
1077	btc-updown-15m-1782817200	1782817726	0.82	10.0			
1078	btc-updown-15m-1782817200	1782817717	0.84	15.0			
1079	btc-updown-5m-1782817500	1782817717	0.76	30.0			
1080	btc-updown-5m-1782817500	1782817715	0.69	15.0			
1081	btc-updown-5m-1782817500	1782817685	0.44	29.59			
1082	btc-updown-5m-1782817500	1782817685	0.44	30.0			
1083	btc-updown-15m-1782817200	1782817634	0.83	5.0			
1084	btc-updown-5m-1782817500	1782817606	0.59	15.09			
1085	btc-updown-5m-1782817500	1782817594	0.28	5.0			
1086	btc-updown-5m-1782817500	1782817594	0.28	30.0			
1087	btc-updown-5m-1782817500	1782817541	0.33	30.0			
1088	btc-updown-5m-1782817200	1782817432	0.89	29.01			
1089	btc-updown-5m-1782817200	1782817430	0.89	30.0			
1090	btc-updown-5m-1782817200	1782817391	0.87	5.0			
1091	btc-updown-15m-1782817200	1782817367	0.61	30.0			
1092	btc-updown-15m-1782817200	1782817364	0.6	5.0			
1093	btc-updown-15m-1782817200	1782817364	0.6	30.0			
1094	btc-updown-15m-1782817200	1782817352	0.55	30.0			
1095	btc-updown-5m-1782817200	1782817328	0.41	30.0			
1096	btc-updown-15m-1782817200	1782817285	0.51	1.19			
1097	btc-updown-15m-1782817200	1782817276	0.5	30.0			
1098	btc-updown-15m-1782817200	1782817249	0.53	13.67			
1099	btc-updown-5m-1782817200	1782817249	0.54	30.0			
1100	btc-updown-15m-1782817200	1782817214	0.5	3.46			
1101	btc-updown-5m-1782816900	1782817174	0.02	50.0			
1102	btc-updown-5m-1782816900	1782817171	0.94	30.0			
1103	btc-updown-5m-1782816900	1782817139	0.07	16.0			
1104	btc-updown-15m-1782816300	1782817127	0.01	100.0			
1105	btc-updown-5m-1782816900	1782817127	0.03	35.0			
1106	btc-updown-5m-1782816900	1782817100	0.93	30.0			
1107	btc-updown-15m-1782816300	1782817045	0.96	4.86			
1108	btc-updown-15m-1782816300	1782816991	0.87	5.0			
1109	btc-updown-15m-1782816300	1782816991	0.87	10.0			
1110	btc-updown-15m-1782816300	1782816947	0.71	30.0			
1111	btc-updown-15m-1782816300	1782816946	0.71	30.0			
1112	btc-updown-5m-1782816600	1782816881	0.06	30.0			
1113	btc-updown-5m-1782816600	1782816878	0.06	1.93			
1114	btc-updown-15m-1782816300	1782816850	0.5563571809	30.196427			
1115	btc-updown-15m-1782816300	1782816847	0.45	30.0			
1116	btc-updown-5m-1782816600	1782816847	0.31	1.0			
1117	btc-updown-5m-1782816600	1782816836	0.81	30.0			
1118	btc-updown-15m-1782816300	1782816836	0.62	30.0			
1119	btc-updown-5m-1782816600	1782816836	0.8	30.0			
1120	btc-updown-5m-1782816600	1782816820	0.37	22.32			
1121	btc-updown-5m-1782816600	1782816820	0.37	30.0			
1122	btc-updown-15m-1782816300	1782816812	0.6099999928	30.491802			
1123	btc-updown-15m-1782816300	1782816809	0.61	30.0			
1124	btc-updown-5m-1782816600	1782816800	0.65	30.0			
1125	btc-updown-15m-1782816300	1782816800	0.54	30.0			
1126	btc-updown-15m-1782816300	1782816727	0.62	20.0			
1127	btc-updown-15m-1782816300	1782816662	0.63	15.0			
1128	btc-updown-15m-1782816300	1782816638	0.3	14.47			
1129	btc-updown-15m-1782816300	1782816637	0.3	30.0			
1130	btc-updown-15m-1782816300	1782816604	0.57	20.0			
1131	btc-updown-15m-1782816300	1782816602	0.56	16.18			
1132	btc-updown-5m-1782816300	1782816569	0.09	30.0			
1133	btc-updown-15m-1782816300	1782816568	0.63	7.09			
1134	btc-updown-5m-1782816300	1782816568	0.8324528302	23.85			
1135	btc-updown-5m-1782816300	1782816566	0.85	30.0			
1136	btc-updown-15m-1782816300	1782816506	0.62	0.61			
1137	btc-updown-15m-1782816300	1782816478	0.62	30.0			
1138	btc-updown-15m-1782816300	1782816467	0.62	30.0			
1139	btc-updown-5m-1782816300	1782816454	0.12	30.0			
1140	btc-updown-5m-1782816300	1782816452	0.12	30.0			
1141	btc-updown-15m-1782816300	1782816451	0.69	30.0			
1142	btc-updown-15m-1782816300	1782816449	0.62	16.0			
1143	btc-updown-15m-1782816300	1782816440	0.55	28.58			
1144	btc-updown-15m-1782816300	1782816385	0.57	0.76			
1145	btc-updown-15m-1782816300	1782816310	0.5	10.36			
1146	btc-updown-15m-1782816300	1782816308	0.5	30.0			
1147	btc-updown-5m-1782816000	1782816253	0.95	15.0			
1148	btc-updown-5m-1782816000	1782816253	0.95	1.54			
1149	btc-updown-5m-1782816000	1782816235	0.83	30.0			
1150	btc-updown-5m-1782816000	1782816233	0.83	30.0			
1151	btc-updown-15m-1782815400	1782816172	0.04	10.02			
1152	btc-updown-15m-1782815400	1782816124	0.04	30.0			
1153	btc-updown-15m-1782815400	1782816086	0.95	30.0			
1154	btc-updown-5m-1782816000	1782816073	0.65	30.0			
1155	btc-updown-15m-1782815400	1782816070	0.06	21.69			
1156	btc-updown-5m-1782816000	1782816064	0.58	12.83			
1157	btc-updown-15m-1782815400	1782816037	0.91	30.0			
1158	btc-updown-15m-1782815400	1782816035	0.89	5.54			
1159	btc-updown-15m-1782815400	1782816031	0.08	33.75			
1160	btc-updown-5m-1782816000	1782816026	0.58	30.0			
1161	btc-updown-15m-1782815400	1782816017	0.91	5.0			
1162	btc-updown-15m-1782815400	1782815966	0.88	17.0			
1163	btc-updown-15m-1782815400	1782815966	0.88	30.0			
1164	btc-updown-15m-1782815400	1782815956	0.87	30.0			
1165	btc-updown-15m-1782815400	1782815956	0.89	7.9			
1166	btc-updown-5m-1782815700	1782815951	0.01	100.0			
1167	btc-updown-15m-1782815400	1782815938	0.92	8.0			
1168	btc-updown-15m-1782815400	1782815908	0.89	30.0			
1169	btc-updown-15m-1782815400	1782815905	0.88	30.0			
1170	btc-updown-5m-1782815700	1782815905	0.05	30.0			
1171	btc-updown-15m-1782815400	1782815899	0.07	10.0			
1172	btc-updown-15m-1782815400	1782815885	0.92	21.17			
1173	btc-updown-15m-1782815400	1782815846	0.08	30.0			
1174	btc-updown-15m-1782815400	1782815842	0.91	12.24			
1175	btc-updown-5m-1782815700	1782815815	0.89	22.95			
1176	btc-updown-15m-1782815400	1782815815	0.9	28.0			
1177	btc-updown-15m-1782815400	1782815807	0.08	29.0			
1178	btc-updown-15m-1782815400	1782815797	0.1	30.0			
1179	btc-updown-5m-1782815700	1782815780	0.09	20.63			
1180	btc-updown-15m-1782815400	1782815765	0.22	30.0			
1181	btc-updown-5m-1782815400	1782815686	0.8	0.2			
1182	btc-updown-15m-1782815400	1782815671	0.6	14.85			
1183	btc-updown-5m-1782815400	1782815659	0.89	30.0			
1184	btc-updown-15m-1782815400	1782815650	0.67	5.0			
1185	btc-updown-5m-1782815400	1782815648	0.8679714043	30.070107			
1186	btc-updown-5m-1782815400	1782815639	0.06	30.0			
1187	btc-updown-5m-1782815400	1782815638	0.0708696294	33.865			
1188	btc-updown-15m-1782815400	1782815626	0.28	30.0			
1189	btc-updown-15m-1782815400	1782815560	0.36	22.87			
1190	btc-updown-15m-1782815400	1782815543	0.58	18.0			
1191	btc-updown-15m-1782815400	1782815521	0.59	30.0			
1192	btc-updown-15m-1782815400	1782815519	0.58	14.0			
1193	btc-updown-15m-1782815400	1782815467	0.32	30.0			
1194	btc-updown-5m-1782815400	1782815465	0.24	14.16			
1195	btc-updown-5m-1782815400	1782815465	0.24	30.0			
1196	btc-updown-15m-1782815400	1782815411	0.44	19.21			
1197	btc-updown-15m-1782814500	1782815377	0.65	11.65			
1198	btc-updown-15m-1782814500	1782815377	0.66	12.0			
1199	btc-updown-5m-1782815100	1782815375	0.07	30.0			
1200	btc-updown-5m-1782815100	1782815374	0.07	30.0			
1201	btc-updown-15m-1782814500	1782815372	0.66	23.0			
1202	btc-updown-15m-1782814500	1782815372	0.66	30.0			
1203	btc-updown-15m-1782814500	1782815368	0.36	1.55			
1204	btc-updown-15m-1782814500	1782815363	0.41	30.0			
1205	btc-updown-15m-1782814500	1782815362	0.41	30.0			
1206	btc-updown-15m-1782814500	1782815348	0.32	8.41			
1207	btc-updown-15m-1782814500	1782815300	0.59	30.0			
1208	btc-updown-15m-1782814500	1782815299	0.57	5.0			
1209	btc-updown-5m-1782815100	1782815299	0.3	5.0			
1210	btc-updown-15m-1782814500	1782815297	0.49	30.0			
1211	btc-updown-15m-1782814500	1782815294	0.44	16.0			
1212	btc-updown-15m-1782814500	1782815290	0.56	30.0			
1213	btc-updown-15m-1782814500	1782815284	0.46	30.0			
1214	btc-updown-15m-1782814500	1782815273	0.52	30.0			
1215	btc-updown-15m-1782814500	1782815254	0.4	5.0			
1216	btc-updown-15m-1782814500	1782815245	0.56	30.0			
1217	btc-updown-15m-1782814500	1782815243	0.54	5.0			
1218	btc-updown-15m-1782814500	1782815216	0.52	25.0			
1219	btc-updown-5m-1782815100	1782815215	0.34	30.0			
1220	btc-updown-15m-1782814500	1782815215	0.51	16.08			
1221	btc-updown-15m-1782814500	1782815201	0.4	30.0			
1222	btc-updown-15m-1782814500	1782815176	0.53	30.0			
1223	btc-updown-15m-1782814500	1782815176	0.53	2.0			
1224	btc-updown-15m-1782814500	1782815155	0.5	30.0			
1225	btc-updown-15m-1782814500	1782815153	0.5	30.0			
1226	btc-updown-15m-1782814500	1782815143	0.54	30.0			
1227	btc-updown-15m-1782814500	1782815110	0.55	30.0			
1228	btc-updown-15m-1782814500	1782815101	0.61	5.0			
1229	btc-updown-15m-1782814500	1782815072	0.56	25.0			
1230	btc-updown-15m-1782814500	1782815068	0.43	3.08			
1231	btc-updown-15m-1782814500	1782815063	0.62	30.0			
1232	btc-updown-15m-1782814500	1782815042	0.71	30.0			
1233	btc-updown-15m-1782814500	1782815035	0.3	16.0			
1234	btc-updown-15m-1782814500	1782815027	0.26	25.28			
1235	btc-updown-15m-1782814500	1782815017	0.75	30.0			
1236	btc-updown-15m-1782814500	1782814915	0.64	7.13			
1237	btc-updown-15m-1782814500	1782814915	0.64	30.0			
1238	btc-updown-15m-1782814500	1782814915	0.62	5.02			
1239	btc-updown-15m-1782814500	1782814846	0.52	30.0			
1240	btc-updown-15m-1782814500	1782814816	0.42	0.93			
1241	btc-updown-15m-1782814500	1782814802	0.42	30.0			
1242	btc-updown-5m-1782814500	1782814775	0.18	10.0			
1243	btc-updown-15m-1782814500	1782814768	0.62	30.0			
1244	btc-updown-15m-1782814500	1782814768	0.62	5.0			
1245	btc-updown-5m-1782814500	1782814759	0.36	30.0			
1246	btc-updown-15m-1782814500	1782814759	0.45	21.0			
1247	btc-updown-5m-1782814500	1782814759	0.36	10.0			
1248	btc-updown-15m-1782814500	1782814757	0.44	13.69			
1249	btc-updown-5m-1782814500	1782814757	0.36	30.0			
1250	btc-updown-5m-1782814500	1782814745	0.41	7.79			
1251	btc-updown-5m-1782814500	1782814745	0.41	30.0			
1252	btc-updown-5m-1782814500	1782814741	0.41	30.0			
1253	btc-updown-15m-1782814500	1782814739	0.5	30.0			
1254	btc-updown-15m-1782814500	1782814729	0.49	30.0			
1255	btc-updown-5m-1782814500	1782814714	0.59	30.0			
1256	btc-updown-15m-1782814500	1782814714	0.53	30.0			
1257	btc-updown-15m-1782814500	1782814702	0.66	20.0			
1258	btc-updown-5m-1782814500	1782814556	0.36	30.0			
1259	btc-updown-15m-1782814500	1782814534	0.42	15.0			
1260	btc-updown-15m-1782814500	1782814513	0.57	4.08			
1261	btc-updown-15m-1782814500	1782814507	0.54	29.89			
1262	btc-updown-15m-1782813600	1782814486	0.09	30.0			
1263	btc-updown-15m-1782813600	1782814484	0.91	30.0			
1264	btc-updown-5m-1782814200	1782814483	0.15	30.0			
1265	btc-updown-15m-1782813600	1782814481	0.93	30.0			
1266	btc-updown-5m-1782814200	1782814477	0.2	30.0			
1267	btc-updown-5m-1782814200	1782814477	0.21	30.0			
1268	btc-updown-15m-1782813600	1782814477	0.1	30.0			
1269	btc-updown-15m-1782813600	1782814475	0.09	30.0			
1270	btc-updown-15m-1782813600	1782814474	0.05	30.0			
1271	btc-updown-15m-1782813600	1782814471	0.97	5.0			
1272	btc-updown-15m-1782813600	1782814456	0.95	20.0			
1273	btc-updown-15m-1782813600	1782814456	0.95	30.0			
1274	btc-updown-15m-1782813600	1782814447	0.91	17.95			
1275	btc-updown-15m-1782813600	1782814415	0.07	15.71			
1276	btc-updown-15m-1782813600	1782814328	0.75	5.0			
1277	btc-updown-15m-1782813600	1782814309	0.88	1.0			
1278	btc-updown-15m-1782813600	1782814307	0.88	10.0			
1279	btc-updown-15m-1782813600	1782814301	0.12	27.04			
1280	btc-updown-15m-1782813600	1782814271	0.79	5.0			
1281	btc-updown-15m-1782813600	1782814271	0.79	10.0			
1282	btc-updown-5m-1782814200	1782814271	0.68	5.0			
1283	btc-updown-15m-1782813600	1782814268	0.85	30.0			
1284	btc-updown-15m-1782813600	1782814247	0.07	30.0			
1285	btc-updown-15m-1782813600	1782814234	0.8	15.0			
1286	btc-updown-15m-1782813600	1782814232	0.8	15.0			
1287	btc-updown-5m-1782814200	1782814210	0.72	28.55			
1288	btc-updown-5m-1782814200	1782814208	0.72	30.0			
1289	btc-updown-5m-1782814200	1782814208	0.71	25.0			
1290	btc-updown-5m-1782814200	1782814208	0.71	11.38			
1291	btc-updown-5m-1782814200	1782814207	0.7	10.0			
1292	btc-updown-15m-1782813600	1782814196	0.59	28.68			
1293	btc-updown-15m-1782813600	1782814196	0.59	30.0			
1294	btc-updown-15m-1782813600	1782814192	0.69	30.0			
1295	btc-updown-15m-1782813600	1782814178	0.68	12.0			
1296	btc-updown-15m-1782813600	1782814168	0.66	30.0			
1297	btc-updown-15m-1782813600	1782814157	0.72	30.0			
1298	btc-updown-5m-1782813900	1782814142	0.03	3.06			
1299	btc-updown-15m-1782813600	1782814093	0.78	30.0			
1300	btc-updown-15m-1782813600	1782814085	0.29	30.0			
1301	btc-updown-5m-1782813900	1782814076	0.06	30.0			
1302	btc-updown-15m-1782813600	1782814043	0.52	30.0			
1303	btc-updown-15m-1782813600	1782813994	0.7	30.0			
1304	btc-updown-15m-1782813600	1782813991	0.67	30.0			
1305	btc-updown-15m-1782813600	1782813980	0.7	2.58			
1306	btc-updown-15m-1782813600	1782813971	0.71	8.0			
1307	btc-updown-15m-1782813600	1782813971	0.71	30.0			
1308	btc-updown-15m-1782813600	1782813964	0.3	28.0			
1309	btc-updown-15m-1782813600	1782813962	0.66	19.4			
1310	btc-updown-15m-1782813600	1782813961	0.65	30.0			
1311	btc-updown-15m-1782813600	1782813922	0.3	30.0			
1312	btc-updown-15m-1782813600	1782813914	0.6	30.0			
1313	btc-updown-5m-1782813600	1782813878	0.19	30.0			
1314	btc-updown-15m-1782813600	1782813802	0.39	21.49			
1315	btc-updown-15m-1782813600	1782813761	0.58	30.0			
1316	btc-updown-15m-1782813600	1782813650	0.53	10.0			
1317	btc-updown-15m-1782813600	1782813650	0.53	30.0			
1318	btc-updown-15m-1782813600	1782813644	0.42	30.0			
1319	btc-updown-15m-1782812700	1782813571	0.04	30.0			
1320	btc-updown-15m-1782812700	1782813544	0.04	30.0			
1321	btc-updown-5m-1782813300	1782813515	0.45	30.0			
1322	btc-updown-15m-1782812700	1782813505	0.13	30.0			
1323	btc-updown-15m-1782812700	1782813488	0.19	30.0			
1324	btc-updown-15m-1782812700	1782813469	0.21	29.0			
1325	btc-updown-15m-1782812700	1782813463	0.72	30.0			
1326	btc-updown-15m-1782812700	1782813461	0.72	30.0			
1327	btc-updown-15m-1782812700	1782813461	0.67	2.19			
1328	btc-updown-15m-1782812700	1782813457	0.29	5.0			
1329	btc-updown-15m-1782812700	1782813451	0.71	30.0			
1330	btc-updown-15m-1782812700	1782813451	0.68	25.25			
1331	btc-updown-15m-1782812700	1782813449	0.67	9.0			
1332	btc-updown-5m-1782813300	1782813443	0.59	30.0			
1333	btc-updown-15m-1782812700	1782813442	0.29	30.0			
1334	btc-updown-15m-1782812700	1782813442	0.28	5.0			
1335	btc-updown-15m-1782812700	1782813440	0.26	9.0			
1336	btc-updown-5m-1782813300	1782813437	0.46	30.0			
1337	btc-updown-15m-1782812700	1782813437	0.76	5.0			
1338	btc-updown-15m-1782812700	1782813437	0.75	30.0			
1339	btc-updown-15m-1782812700	1782813436	0.74	17.28			
1340	btc-updown-15m-1782812700	1782813433	0.73	20.0			
1341	btc-updown-15m-1782812700	1782813433	0.29	30.0			
1342	btc-updown-15m-1782812700	1782813424	0.22	20.0			
1343	btc-updown-15m-1782812700	1782813407	0.3163748713	30.34375			
1344	btc-updown-15m-1782812700	1782813398	0.23	11.0			
1345	btc-updown-15m-1782812700	1782813394	0.27	30.0			
1346	btc-updown-5m-1782813300	1782813394	0.49	30.0			
1347	btc-updown-15m-1782812700	1782813388	0.24	5.0			
1348	btc-updown-15m-1782812700	1782813383	0.24	13.64			
1349	btc-updown-15m-1782812700	1782813376	0.74	11.0			
1350	btc-updown-15m-1782812700	1782813376	0.74	30.0			
1351	btc-updown-5m-1782813300	1782813368	0.51	21.0			
1352	btc-updown-15m-1782812700	1782813368	0.31	30.0			
1353	btc-updown-15m-1782812700	1782813367	0.3	25.0			
1354	btc-updown-15m-1782812700	1782813367	0.28	5.0			
1355	btc-updown-15m-1782812700	1782813332	0.67	13.0			
1356	btc-updown-15m-1782812700	1782813332	0.67	30.0			
1357	btc-updown-15m-1782812700	1782813331	0.68	30.0			
1358	btc-updown-15m-1782812700	1782813325	0.29	16.0			
1359	btc-updown-15m-1782812700	1782813319	0.73	30.0			
1360	btc-updown-15m-1782812700	1782813317	0.69	10.0			
1361	btc-updown-15m-1782812700	1782813308	0.73	30.0			
1362	btc-updown-15m-1782812700	1782813302	0.65	16.53			
1363	btc-updown-5m-1782813000	1782813284	0.4	30.0			
1364	btc-updown-15m-1782812700	1782813284	0.75	30.0			
1365	btc-updown-5m-1782813000	1782813283	0.4	35.25			
1366	btc-updown-5m-1782813000	1782813283	0.47	30.0			
1367	btc-updown-5m-1782813000	1782813272	0.27	30.0			
1368	btc-updown-5m-1782813000	1782813217	0.35	30.0			
1369	btc-updown-15m-1782812700	1782813217	0.23	10.0			
1370	btc-updown-15m-1782812700	1782813190	0.74	11.0			
1371	btc-updown-15m-1782812700	1782813164	0.68	30.0			
1372	btc-updown-15m-1782812700	1782813136	0.73	30.0			
1373	btc-updown-15m-1782812700	1782813125	0.18	14.0			
1374	btc-updown-15m-1782812700	1782813110	0.18	5.0			
1375	btc-updown-15m-1782812700	1782813071	0.77	20.0			
1376	btc-updown-15m-1782812700	1782813058	0.17	30.0			
1377	btc-updown-15m-1782812700	1782813049	0.2	10.0			
1378	btc-updown-15m-1782812700	1782813007	0.3	30.0			
1379	btc-updown-5m-1782812700	1782812957	0.71	30.0			
1380	btc-updown-15m-1782812700	1782812941	0.44	30.0			
1381	btc-updown-5m-1782812700	1782812941	0.28	30.0			
1382	btc-updown-5m-1782812700	1782812936	0.27	30.0			
1383	btc-updown-5m-1782812700	1782812936	0.26	30.0			
1384	btc-updown-15m-1782812700	1782812905	0.56	11.0			
1385	btc-updown-15m-1782812700	1782812845	0.43	5.0			
1386	btc-updown-5m-1782812700	1782812830	0.3	30.0			
1387	btc-updown-5m-1782812700	1782812828	0.3	30.0			
1388	btc-updown-15m-1782812700	1782812737	0.5	30.0			
1389	btc-updown-15m-1782811800	1782812618	0.93	12.41			
1390	btc-updown-15m-1782811800	1782812615	0.93	30.0			
1391	btc-updown-15m-1782811800	1782812615	0.94	30.0			
1392	btc-updown-15m-1782811800	1782812599	0.01	100.0			
1393	btc-updown-15m-1782811800	1782812572	0.02	50.0			
1394	btc-updown-15m-1782811800	1782812558	0.96	11.0			
1395	btc-updown-15m-1782811800	1782812548	0.95	30.0			
1396	btc-updown-15m-1782811800	1782812507	0.06	5.0			
1397	btc-updown-5m-1782812400	1782812506	0.23	5.0			
1398	btc-updown-15m-1782811800	1782812485	0.09	4.88			
1399	btc-updown-15m-1782811800	1782812426	0.81	5.0			
1400	btc-updown-15m-1782811800	1782812425	0.81	5.0			
1401	btc-updown-15m-1782811800	1782812414	0.78	5.0			
1402	btc-updown-15m-1782811800	1782812410	0.76	20.0			
1403	btc-updown-5m-1782812100	1782812347	0.92	25.0			
1404	btc-updown-15m-1782811800	1782812321	0.58	18.86			
1405	btc-updown-15m-1782811800	1782812303	0.36	30.0			
1406	btc-updown-15m-1782811800	1782812239	0.69	30.0			
1407	btc-updown-15m-1782811800	1782812237	0.69	30.0			
1408	btc-updown-15m-1782811800	1782812234	0.61	4.43			
1409	btc-updown-15m-1782811800	1782812225	0.59	30.0			
1410	btc-updown-15m-1782811800	1782812225	0.58	30.0			
1411	btc-updown-15m-1782811800	1782812200	0.46	5.0			
1412	btc-updown-15m-1782811800	1782812197	0.54	30.0			
1413	btc-updown-15m-1782811800	1782812188	0.47	30.0			
1414	btc-updown-15m-1782811800	1782812170	0.65	21.91			
1415	btc-updown-15m-1782811800	1782812167	0.64	30.0			
1416	btc-updown-15m-1782811800	1782812153	0.57	11.0			
1417	btc-updown-15m-1782811800	1782812137	0.54	30.0			
1418	btc-updown-5m-1782812100	1782812137	0.7	30.0			
1419	btc-updown-5m-1782812100	1782812135	0.7	30.0			
1420	btc-updown-15m-1782811800	1782812135	0.53	12.8			
1421	btc-updown-15m-1782811800	1782812135	0.53	30.0			
1422	btc-updown-15m-1782811800	1782812120	0.42	7.0			
1423	btc-updown-15m-1782811800	1782811996	0.63	5.0			
1424	btc-updown-15m-1782811800	1782811994	0.62	11.0			
1425	btc-updown-15m-1782811800	1782811934	0.58	11.07			
1426	btc-updown-5m-1782811800	1782811934	0.63	7.38			
1427	btc-updown-15m-1782811800	1782811885	0.59	21.0			
1428	btc-updown-15m-1782811800	1782811859	0.57	4.0			
1429	btc-updown-15m-1782811800	1782811826	0.52	30.0			
1430	btc-updown-15m-1782811800	1782811822	0.47	16.18			
1431	btc-updown-15m-1782810900	1782811762	0.97	30.0			
1432	btc-updown-15m-1782810900	1782811748	0.03	12.0			
1433	btc-updown-15m-1782810900	1782811747	0.08	30.0			
1434	btc-updown-15m-1782810900	1782811744	0.05	30.0			
1435	btc-updown-15m-1782810900	1782811726	0.97	30.0			
1436	btc-updown-15m-1782810900	1782811721	0.95	14.73			
1437	btc-updown-5m-1782811500	1782811720	0.18	21.26			
1438	btc-updown-15m-1782810900	1782811705	0.04	25.0			
1439	btc-updown-15m-1782810900	1782811705	0.05	30.0			
1440	btc-updown-15m-1782810900	1782811702	0.96	30.0			
1441	btc-updown-15m-1782810900	1782811682	0.86	8.0			
1442	btc-updown-15m-1782810900	1782811672	0.9	16.0			
1443	btc-updown-15m-1782810900	1782811670	0.06	30.0			
1444	btc-updown-15m-1782810900	1782811661	0.9	9.21			
1445	btc-updown-15m-1782810900	1782811616	0.21	21.44			
1446	btc-updown-15m-1782810900	1782811598	0.79	30.0			
1447	btc-updown-15m-1782810900	1782811577	0.8	30.0			
1448	btc-updown-15m-1782810900	1782811568	0.34	30.0			
1449	btc-updown-15m-1782810900	1782811568	0.34	20.63			
1450	btc-updown-15m-1782810900	1782811540	0.6	20.0			
1451	btc-updown-15m-1782810900	1782811510	0.55	30.0			
1452	btc-updown-15m-1782810900	1782811508	0.45	26.0			
1453	btc-updown-15m-1782810900	1782811508	0.45	30.0			
1454	btc-updown-15m-1782810900	1782811505	0.66	10.0			
1455	btc-updown-15m-1782810900	1782811496	0.35	5.0			
1456	btc-updown-15m-1782810900	1782811415	0.7	20.0			
1457	btc-updown-5m-1782811200	1782811406	0.8	5.0			
1458	btc-updown-15m-1782810900	1782811406	0.69	14.0			
1459	btc-updown-5m-1782811200	1782811406	0.8	10.0			
1460	btc-updown-5m-1782811200	1782811405	0.8	15.0			
1461	btc-updown-5m-1782811200	1782811405	0.76	5.0			
1462	btc-updown-15m-1782810900	1782811405	0.68	20.0			
1463	btc-updown-15m-1782810900	1782811298	0.72	30.0			
1464	btc-updown-15m-1782810900	1782811279	0.7	30.0			
1465	btc-updown-5m-1782811200	1782811270	0.79	30.0			
1466	btc-updown-15m-1782810900	1782811268	0.23	30.0			
1467	btc-updown-5m-1782811200	1782811264	0.88	30.0			
1468	btc-updown-15m-1782810900	1782811241	0.63	30.0			
1469	btc-updown-15m-1782810900	1782811240	0.62	20.0			
1470	btc-updown-15m-1782810900	1782811229	0.63	30.0			
1471	btc-updown-15m-1782810900	1782811198	0.5	7.26			
1472	btc-updown-5m-1782810900	1782811184	0.5	30.0			
1473	btc-updown-5m-1782810900	1782811184	0.5	23.78			
1474	btc-updown-5m-1782810900	1782811169	0.46	30.0			
1475	btc-updown-5m-1782810900	1782811169	0.5	30.0			
1476	btc-updown-5m-1782810900	1782811168	0.5	16.3			
1477	btc-updown-5m-1782810900	1782811168	0.5	30.0			
1478	btc-updown-5m-1782810900	1782811163	0.46	30.0			
1479	btc-updown-5m-1782810900	1782811163	0.46	20.83			
1480	btc-updown-15m-1782810900	1782811162	0.49	5.37			
1481	btc-updown-15m-1782810900	1782811160	0.49	30.0			
1482	btc-updown-5m-1782810900	1782811118	0.93	30.0			
1483	btc-updown-5m-1782810900	1782811025	0.15	30.0			
1484	btc-updown-15m-1782810900	1782811003	0.5	30.0			
1485	btc-updown-15m-1782810900	1782810997	0.5	30.0			
1486	btc-updown-15m-1782810900	1782810920	0.52	30.0			
1487	btc-updown-15m-1782810000	1782810874	0.97	30.0			
1488	btc-updown-15m-1782810000	1782810868	0.04	30.0			
1489	btc-updown-15m-1782810000	1782810868	0.04	16.0			
1490	btc-updown-15m-1782810000	1782810848	0.08	20.0			
1491	btc-updown-15m-1782810000	1782810848	0.07	5.0			
1492	btc-updown-15m-1782810000	1782810841	0.87	30.0			
1493	btc-updown-5m-1782810600	1782810841	0.91	30.0			
1494	btc-updown-15m-1782810000	1782810818	0.04	30.0			
1495	btc-updown-15m-1782810000	1782810796	0.07	30.0			
1496	btc-updown-15m-1782810000	1782810794	0.07	30.0			
1497	btc-updown-15m-1782810000	1782810779	0.85	28.0			
1498	btc-updown-15m-1782810000	1782810743	0.48	24.93			
1499	btc-updown-15m-1782810000	1782810733	0.51	6.19			
1500	btc-updown-15m-1782810000	1782810715	0.5	15.0			
1501	btc-updown-15m-1782810000	1782810685	0.54	30.0			
1502	btc-updown-15m-1782810000	1782810673	0.4199999789	25.595237			
1503	btc-updown-15m-1782810000	1782810647	0.24	4.83			
1504	btc-updown-15m-1782810000	1782810647	0.24	15.0			
1505	btc-updown-5m-1782810600	1782810610	0.5	30.0			
1506	btc-updown-15m-1782810000	1782810556	0.42	5.0			
1507	btc-updown-15m-1782810000	1782810512	0.41	5.0			
1508	btc-updown-5m-1782810300	1782810490	0.95	30.0			
1509	btc-updown-5m-1782810000	1782810233	0.92	25.0			
1510	btc-updown-5m-1782810000	1782810229	0.9	30.0			
1511	btc-updown-15m-1782810000	1782810227	0.23	29.42			
1512	btc-updown-15m-1782810000	1782810227	0.23	30.0			
1513	btc-updown-15m-1782810000	1782810154	0.68	30.0			
1514	btc-updown-5m-1782809700	1782809977	0.209999874	5.476189			
1515	btc-updown-5m-1782809700	1782809965	0.24	21.95			
1516	btc-updown-5m-1782809700	1782809965	0.24	30.0			
1517	btc-updown-5m-1782809700	1782809959	0.2	5.0			
1518	btc-updown-15m-1782809100	1782809947	0.97	30.0			
1519	btc-updown-15m-1782809100	1782809945	0.97	30.0			
1520	btc-updown-5m-1782809700	1782809938	0.46	30.0			
1521	btc-updown-15m-1782809100	1782809935	0.04	30.0			
1522	btc-updown-15m-1782809100	1782809906	0.93	30.0			
1523	btc-updown-15m-1782809100	1782809896	0.87	4.7			
1524	btc-updown-15m-1782809100	1782809873	0.72	28.59			
1525	btc-updown-5m-1782809700	1782809855	0.66	30.0			
1526	btc-updown-15m-1782809100	1782809854	0.7799999938	32.30769			
1527	btc-updown-5m-1782809700	1782809830	0.17	10.0			
1528	btc-updown-15m-1782809100	1782809827	0.53	30.0			
1529	btc-updown-15m-1782809100	1782809777	0.49	30.0			
1530	btc-updown-15m-1782809100	1782809770	0.5	30.0			
1531	btc-updown-15m-1782809100	1782809738	0.37	30.0			
1532	btc-updown-15m-1782809100	1782809735	0.33	30.0			
1533	btc-updown-15m-1782809100	1782809734	0.33	30.0			
1534	btc-updown-15m-1782809100	1782809729	0.23	30.0			
1535	btc-updown-15m-1782809100	1782809722	0.79	30.0			
1536	btc-updown-15m-1782809100	1782809722	0.79	10.0			
1537	btc-updown-15m-1782809100	1782809720	0.22	25.0			
1538	btc-updown-15m-1782809100	1782809720	0.22	16.0			
1539	btc-updown-15m-1782809100	1782809711	0.82	10.0			
1540	btc-updown-5m-1782809700	1782809705	0.63	30.0			
1541	btc-updown-15m-1782809100	1782809683	0.73	15.0			
1542	btc-updown-5m-1782809400	1782809666	0.06	30.0			
1543	btc-updown-5m-1782809400	1782809666	0.06	21.0			
1544	btc-updown-15m-1782809100	1782809663	0.24	30.0			
1545	btc-updown-15m-1782809100	1782809657	0.74	30.0			
1546	btc-updown-15m-1782809100	1782809648	0.56	0.47			
1547	btc-updown-15m-1782809100	1782809642	0.43	30.0			
1548	btc-updown-15m-1782809100	1782809536	0.44	5.0			
1549	btc-updown-5m-1782809400	1782809534	0.59	22.81			
1550	btc-updown-15m-1782809100	1782809495	0.67	24.93			
1551	btc-updown-15m-1782809100	1782809441	0.66	30.0			
1552	btc-updown-15m-1782809100	1782809405	0.53	7.67			
1553	btc-updown-15m-1782809100	1782809404	0.52	30.0			
1554	btc-updown-15m-1782809100	1782809402	0.52	15.0			
1555	btc-updown-15m-1782809100	1782809393	0.47	22.35			
1556	btc-updown-15m-1782809100	1782809387	0.45	30.0			
1557	btc-updown-5m-1782809100	1782809378	0.1	30.0			
1558	btc-updown-5m-1782809100	1782809365	0.17	30.0			
1559	btc-updown-5m-1782809100	1782809326	0.63	5.0			
1560	btc-updown-5m-1782809100	1782809323	0.6	5.0			
1561	btc-updown-5m-1782809100	1782809156	0.79	30.0			
1562	btc-updown-5m-1782809100	1782809155	0.79	30.0			
1563	btc-updown-5m-1782809100	1782809135	0.52	30.0			
1564	btc-updown-5m-1782808800	1782809087	0.05	19.37			
1565	btc-updown-5m-1782808800	1782809087	0.05	30.0			
1566	btc-updown-5m-1782808800	1782809045	0.23	25.0			
1567	btc-updown-5m-1782808800	1782809039	0.76	25.0			
1568	btc-updown-5m-1782808800	1782808999	0.3399999878	34.411763			
1569	btc-updown-5m-1782808800	1782808997	0.4581886734	37.320868			
1570	btc-updown-5m-1782808800	1782808972	0.57	30.0			
1571	btc-updown-5m-1782808800	1782808900	0.52	6.66			
1572	btc-updown-5m-1782808800	1782808879	0.62	30.0			
1573	btc-updown-5m-1782808800	1782808877	0.62	30.0			
1574	btc-updown-5m-1782808800	1782808855	0.57	21.0			
1575	btc-updown-5m-1782808800	1782808850	0.63	30.0			
1576	btc-updown-5m-1782808800	1782808844	0.62	30.0			
1577	btc-updown-5m-1782808500	1782808748	0.04	30.0			
1578	btc-updown-5m-1782808500	1782808747	0.04	30.0			
1579	btc-updown-5m-1782808500	1782808742	0.907750571	20.049555			
1580	btc-updown-5m-1782808500	1782808726	0.97	30.0			
1581	btc-updown-5m-1782808500	1782808703	0.95	30.0			
1582	btc-updown-5m-1782808500	1782808655	0.87	30.0			
1583	btc-updown-5m-1782808500	1782808655	0.87	5.0			
1584	btc-updown-5m-1782808500	1782808648	0.93	30.0			
1585	btc-updown-5m-1782808500	1782808625	0.11	16.39			
1586	btc-updown-5m-1782808500	1782808592	0.72	30.0			
1587	btc-updown-5m-1782808500	1782808577	0.26	30.0			
1588	btc-updown-5m-1782808500	1782808576	0.2599999849	35.769229			
1589	btc-updown-5m-1782808500	1782808567	0.5999999902	20.333332			
1590	btc-updown-5m-1782808500	1782808567	0.6	30.5			
1591	btc-updown-5m-1782808500	1782808564	0.64	30.46875			
1592	btc-updown-5m-1782808500	1782808564	0.6499999984	30.461537			
1593	btc-updown-5m-1782808500	1782808564	0.64	30.9375			
1594	btc-updown-5m-1782808500	1782808559	0.25	30.0			
1595	btc-updown-5m-1782808500	1782808556	0.7	30.42857			
1596	btc-updown-5m-1782808200	1782808453	0.06	30.0			
1597	btc-updown-5m-1782808200	1782808450	0.88	30.0			
1598	btc-updown-5m-1782808200	1782808450	0.89	30.0			
1599	btc-updown-5m-1782808200	1782808408	0.12	30.0			
1600	btc-updown-5m-1782808200	1782808406	0.15	34.0			
1601	btc-updown-5m-1782808200	1782808379	0.26	30.0			
1602	btc-updown-5m-1782808200	1782808349	0.52	30.0			
1603	btc-updown-5m-1782808200	1782808279	0.4699999961	30.638296			
1604	btc-updown-5m-1782808200	1782808279	0.4699999942	31.276594			
1605	btc-updown-5m-1782808200	1782808273	0.54	30.0			
1606	btc-updown-5m-1782808200	1782808241	0.72	20.61			
1607	btc-updown-5m-1782808200	1782808241	0.72	30.0			
1608	btc-updown-5m-1782808200	1782808208	0.61	30.0			
1609	btc-updown-5m-1782808200	1782808205	0.54	30.0			
1610	btc-updown-5m-1782807900	1782808186	0.2	30.0			
1611	btc-updown-5m-1782807900	1782808177	0.92	30.0			
1612	btc-updown-5m-1782807900	1782808163	0.13	10.0			
1613	btc-updown-5m-1782807900	1782808160	0.1399999739	32.142856			
1614	btc-updown-5m-1782807900	1782808160	0.15	30.0			
1615	btc-updown-5m-1782807900	1782808156	0.07	30.0			
1616	btc-updown-5m-1782807900	1782808138	0.82	30.0			
1617	btc-updown-5m-1782807900	1782808136	0.82	30.0			
1618	btc-updown-5m-1782807900	1782808127	0.81	30.0			
1619	btc-updown-5m-1782807900	1782808097	0.829999999	30.361441			
1620	btc-updown-5m-1782807900	1782808075	0.1	10.0			
1621	btc-updown-5m-1782807900	1782808063	0.07	30.0			
1622	btc-updown-5m-1782807900	1782808061	0.1	30.0			
1623	btc-updown-5m-1782807900	1782808055	0.9	30.0			
1624	btc-updown-5m-1782807900	1782808048	0.13	10.0			
1625	btc-updown-5m-1782807900	1782808034	0.18	10.0			
1626	btc-updown-5m-1782807900	1782807995	0.43	30.0			
1627	btc-updown-5m-1782807900	1782807995	0.43	25.0			
1628	btc-updown-5m-1782807900	1782807983	0.42	30.0			
1629	btc-updown-5m-1782807900	1782807964	0.51	11.0			
1630	btc-updown-5m-1782807900	1782807964	0.51	30.0			
1631	btc-updown-5m-1782807900	1782807955	0.42	30.0			
1632	btc-updown-5m-1782807900	1782807950	0.58	28.28			
1633	btc-updown-5m-1782807900	1782807950	0.58	30.0			
1634	btc-updown-5m-1782807900	1782807947	0.41	30.0			
1635	btc-updown-5m-1782807900	1782807946	0.58	30.0			
1636	btc-updown-5m-1782807900	1782807925	0.72	30.0			
1637	btc-updown-5m-1782807900	1782807914	0.32	30.9375			
1638	btc-updown-5m-1782807900	1782807914	0.33	5.61			
1639	btc-updown-5m-1782807900	1782807905	0.53	30.0			
1640	btc-updown-5m-1782807600	1782807886	0.89	30.0			
1641	btc-updown-5m-1782807600	1782807877	0.16	30.0			
1642	btc-updown-5m-1782807600	1782807869	0.53	30.0			
1643	btc-updown-5m-1782807600	1782807860	0.3499999887	30.857141			
1644	btc-updown-5m-1782807600	1782807860	0.35	30.0			
1645	btc-updown-5m-1782807600	1782807830	0.56	30.0			
1646	btc-updown-5m-1782807600	1782807829	0.56	30.0			
1647	btc-updown-5m-1782807600	1782807823	0.52	17.79			
1648	btc-updown-5m-1782807600	1782807809	0.79	30.0			
1649	btc-updown-5m-1782807600	1782807788	0.09	30.0			
1650	btc-updown-5m-1782807600	1782807781	0.85	30.0			
1651	btc-updown-5m-1782807600	1782807772	0.19	23.86			
1652	btc-updown-5m-1782807600	1782807757	0.72	30.0			
1653	btc-updown-5m-1782807600	1782807748	0.24	30.0			
1654	btc-updown-5m-1782807600	1782807737	0.67	30.0			
1655	btc-updown-5m-1782807600	1782807730	0.17	30.0			
1656	btc-updown-5m-1782807600	1782807712	0.77	30.0			
1657	btc-updown-5m-1782807600	1782807704	0.19	30.0			
1658	btc-updown-5m-1782807600	1782807703	0.81	30.0			
1659	btc-updown-5m-1782807600	1782807700	0.79	15.0			
1660	btc-updown-5m-1782807600	1782807698	0.21	28.16			
1661	btc-updown-5m-1782807600	1782807698	0.21	30.0			
1662	btc-updown-5m-1782807600	1782807694	0.77	30.0			
1663	btc-updown-5m-1782807600	1782807691	0.68	30.0			
1664	btc-updown-5m-1782807600	1782807670	0.42	30.0			
1665	btc-updown-5m-1782807600	1782807647	0.49	28.16			
1666	btc-updown-5m-1782807600	1782807641	0.5	30.0			
1667	btc-updown-5m-1782807600	1782807611	0.51	30.0			
1668	btc-updown-5m-1782807600	1782807611	0.51	25.0			
1669	btc-updown-5m-1782807600	1782807607	0.59	30.0			
1670	btc-updown-5m-1782807600	1782807607	0.58	30.0			
1671	btc-updown-5m-1782807300	1782807584	0.81	30.0			
1672	btc-updown-5m-1782807300	1782807584	0.81	12.86			
1673	btc-updown-5m-1782807300	1782807583	0.09	30.0			
1674	btc-updown-5m-1782807300	1782807547	0.73	30.0			
1675	btc-updown-5m-1782807300	1782807532	0.19	30.0			
1676	btc-updown-5m-1782807300	1782807530	0.17	30.0			
1677	btc-updown-5m-1782807300	1782807529	0.84	30.0			
1678	btc-updown-5m-1782807300	1782807523	0.8	23.52			
1679	btc-updown-5m-1782807300	1782807493	0.19	30.0			
1680	btc-updown-5m-1782807300	1782807490	0.79	15.2			
1681	btc-updown-5m-1782807300	1782807484	0.24	20.0			
1682	btc-updown-5m-1782807300	1782807484	0.24	30.0			
1683	btc-updown-5m-1782807300	1782807482	0.76	30.0			
1684	btc-updown-5m-1782807300	1782807481	0.76	30.0			
1685	btc-updown-5m-1782807300	1782807463	0.6	30.0			
1686	btc-updown-5m-1782807300	1782807448	0.76	30.0			
1687	btc-updown-5m-1782807300	1782807430	0.24	30.0			
1688	btc-updown-5m-1782807300	1782807428	0.24	30.0			
1689	btc-updown-5m-1782807300	1782807415	0.58	4.4			
1690	btc-updown-5m-1782807300	1782807407	0.57	30.0			
1691	btc-updown-5m-1782807300	1782807391	0.6	30.0			
1692	btc-updown-5m-1782807300	1782807374	0.21	30.0			
1693	btc-updown-5m-1782807300	1782807325	0.38	30.0			
1694	btc-updown-5m-1782807000	1782807287	0.01	100.0			
1695	btc-updown-5m-1782807000	1782807220	0.24	30.0			
1696	btc-updown-5m-1782807000	1782807212	0.26	9.0			
1697	btc-updown-5m-1782807000	1782807209	0.67	30.0			
1698	btc-updown-5m-1782807000	1782807199	0.67	30.0			
1699	btc-updown-5m-1782807000	1782807197	0.67	30.0			
1700	btc-updown-5m-1782807000	1782807182	0.4599999961	30.652172			
1701	btc-updown-5m-1782807000	1782807167	0.52	30.0			
1702	btc-updown-5m-1782807000	1782807136	0.3	30.0			
1703	btc-updown-5m-1782807000	1782807116	0.82	11.0			
1704	btc-updown-5m-1782807000	1782807098	0.19	19.25			
1705	btc-updown-5m-1782807000	1782807082	0.79	30.0			
1706	btc-updown-5m-1782807000	1782807061	0.8	30.0			
1707	btc-updown-5m-1782807000	1782807055	0.23	30.0			
1708	btc-updown-5m-1782807000	1782807052	0.21	30.0			
1709	btc-updown-5m-1782807000	1782807047	0.8	30.0			
1710	btc-updown-5m-1782807000	1782807041	0.77	20.08			
1711	btc-updown-5m-1782807000	1782807031	0.82	30.0			
1712	btc-updown-5m-1782807000	1782807028	0.22	30.0			
1713	btc-updown-5m-1782807000	1782807011	0.5	30.0			
1714	btc-updown-5m-1782806700	1782806962	0.07	30.0			
1715	btc-updown-5m-1782806700	1782806957	0.85	30.0			
1716	btc-updown-5m-1782806700	1782806933	0.79	9.68			
1717	btc-updown-5m-1782806700	1782806932	0.73	0.68			
1718	btc-updown-5m-1782806700	1782806927	0.31	30.0			
1719	btc-updown-5m-1782806700	1782806926	0.31	30.0			
1720	btc-updown-5m-1782806700	1782806921	0.32	30.0			
1721	btc-updown-5m-1782806700	1782806920	0.31	19.0			
1722	btc-updown-5m-1782806700	1782806915	0.64	30.0			
1723	btc-updown-5m-1782806700	1782806914	0.57	30.0			
1724	btc-updown-5m-1782806700	1782806899	0.46	30.0			
1725	btc-updown-5m-1782806700	1782806897	0.52	30.0			
1726	btc-updown-5m-1782806700	1782806896	0.6	30.0			
1727	btc-updown-5m-1782806700	1782806888	0.69	5.0			
1728	btc-updown-5m-1782806700	1782806887	0.32	30.0			
1729	btc-updown-5m-1782806700	1782806885	0.68	30.0			
1730	btc-updown-5m-1782806700	1782806884	0.58	22.36			
1731	btc-updown-5m-1782806700	1782806884	0.6	16.7			
1732	btc-updown-5m-1782806700	1782806878	0.42	30.0			
1733	btc-updown-5m-1782806700	1782806878	0.41	22.2			
1734	btc-updown-5m-1782806700	1782806854	0.7	30.0			
1735	btc-updown-5m-1782806700	1782806854	0.7	15.0			
1736	btc-updown-5m-1782806700	1782806837	0.74	30.0			
1737	btc-updown-5m-1782806700	1782806836	0.73	18.0			
1738	btc-updown-5m-1782806700	1782806828	0.71	7.22			
1739	btc-updown-5m-1782806700	1782806828	0.71	30.0			
1740	btc-updown-5m-1782806700	1782806825	0.83	30.0			
1741	btc-updown-5m-1782806700	1782806824	0.17	9.85			
1742	btc-updown-5m-1782806700	1782806809	0.34	30.0			
1743	btc-updown-5m-1782806700	1782806774	0.39	30.0			
1744	btc-updown-5m-1782806700	1782806771	0.6	30.0			
1745	btc-updown-5m-1782806700	1782806749	0.38	30.0			
1746	btc-updown-5m-1782806700	1782806749	0.32	15.0			
1747	btc-updown-5m-1782806700	1782806729	0.53	30.0			
1748	btc-updown-5m-1782806700	1782806705	0.49	5.0			
1749	btc-updown-5m-1782806400	1782806686	0.61	30.0			
1750	btc-updown-5m-1782806400	1782806681	0.6413727126551099	30.403537			
1751	btc-updown-5m-1782806400	1782806681	0.6499999983585858	30.461537			
1752	btc-updown-5m-1782806400	1782806677	0.4	15.7			
1753	btc-updown-5m-1782806400	1782806677	0.6	25.0			
1754	btc-updown-5m-1782806400	1782806677	0.6	30.0			
1755	btc-updown-5m-1782806400	1782806675	0.6	30.0			
1756	btc-updown-5m-1782806400	1782806674	0.54	30.0			
1757	btc-updown-5m-1782806400	1782806665	0.56	30.0			
1758	btc-updown-5m-1782806400	1782806648	0.11	30.0			
1759	btc-updown-5m-1782806400	1782806638	0.64	30.0			
1760	btc-updown-5m-1782806400	1782806633	0.42	30.0			
1761	btc-updown-5m-1782806400	1782806633	0.43	0.35			
1762	btc-updown-5m-1782806400	1782806605	0.58	30.0			
1763	btc-updown-5m-1782806400	1782806603	0.57	10.0			
1764	btc-updown-5m-1782806400	1782806597	0.46	30.0			
1765	btc-updown-5m-1782806400	1782806590	0.59	30.0			
1766	btc-updown-5m-1782806400	1782806588	0.45	30.0			
1767	btc-updown-5m-1782806400	1782806587	0.45	30.0			
1768	btc-updown-5m-1782806400	1782806578	0.47	30.0			
1769	btc-updown-5m-1782806400	1782806564	0.39	30.0			
1770	btc-updown-5m-1782806400	1782806564	0.39	25.0			
1771	btc-updown-5m-1782806400	1782806563	0.62	30.0			
1772	btc-updown-5m-1782806400	1782806527	0.26	2.64			
1773	btc-updown-5m-1782806400	1782806525	0.26	30.0			
1774	btc-updown-5m-1782806400	1782806525	0.24	14.3			
1775	btc-updown-5m-1782806400	1782806516	0.35	30.0			
1776	btc-updown-5m-1782806400	1782806503	0.34	30.0			
1777	btc-updown-5m-1782806400	1782806500	0.64	30.0			
1778	btc-updown-5m-1782806400	1782806497	0.34	30.0			
1779	btc-updown-5m-1782806400	1782806494	0.26	30.0			
1780	btc-updown-5m-1782806400	1782806492	0.26	30.0			
1781	btc-updown-5m-1782806400	1782806486	0.66	30.0			
1782	btc-updown-5m-1782806400	1782806483	0.34	30.0			
1783	btc-updown-5m-1782806400	1782806483	0.34	25.0			
1784	btc-updown-5m-1782806400	1782806482	0.34	30.0			
1785	btc-updown-5m-1782806400	1782806477	0.35	30.0			
1786	btc-updown-5m-1782806400	1782806476	0.35	30.0			
1787	btc-updown-5m-1782806400	1782806474	0.38	30.0			
1788	btc-updown-5m-1782806400	1782806473	0.59	26.0			
1789	btc-updown-5m-1782806400	1782806473	0.59	30.0			
1790	btc-updown-5m-1782806400	1782806462	0.58	30.0			
1791	btc-updown-5m-1782806400	1782806461	0.58	24.02			
1792	btc-updown-5m-1782806400	1782806461	0.58	30.0			
1793	btc-updown-5m-1782806400	1782806450	0.29	30.0			
1794	btc-updown-5m-1782806400	1782806426	0.54	30.0			
1795	btc-updown-5m-1782806400	1782806416	0.36	30.0			
1796	btc-updown-5m-1782806400	1782806414	0.36	30.0			
1797	btc-updown-5m-1782806400	1782806411	0.3599999831351344	30.833332			
1798	btc-updown-5m-1782806100	1782806377	0.41	30.0			
1799	btc-updown-5m-1782806100	1782806377	0.3899999809756088	26.28205			
1800	btc-updown-5m-1782806100	1782806374	0.69	0.9			
1801	btc-updown-5m-1782806100	1782806371	0.68	25.0			
1802	btc-updown-5m-1782806100	1782806371	0.68	30.0			
1803	btc-updown-5m-1782806100	1782806366	0.47	19.99			
1804	btc-updown-5m-1782806100	1782806366	0.47	30.0			
1805	btc-updown-5m-1782806100	1782806363	0.45	30.0			
1806	btc-updown-5m-1782806100	1782806362	0.45	30.0			
1807	btc-updown-5m-1782806100	1782806344	0.3	30.0			
1808	btc-updown-5m-1782806100	1782806344	0.3	20.0			
1809	btc-updown-5m-1782806100	1782806341	0.7	30.0			
1810	btc-updown-5m-1782806100	1782806338	0.67	11.15			
1811	btc-updown-5m-1782806100	1782806338	0.66	30.0			
1812	btc-updown-5m-1782806100	1782806336	0.65	30.0			
1813	btc-updown-5m-1782806100	1782806327	0.34	20.0			
1814	btc-updown-5m-1782806100	1782806327	0.34	30.0			
1815	btc-updown-5m-1782806100	1782806326	0.34	30.0			
1816	btc-updown-5m-1782806100	1782806323	0.42	30.0			
1817	btc-updown-5m-1782806100	1782806321	0.42	30.0			
1818	btc-updown-5m-1782806100	1782806312	0.49	5.0			
1819	btc-updown-5m-1782806100	1782806312	0.49	30.0			
1820	btc-updown-5m-1782806100	1782806311	0.49	30.0			
1821	btc-updown-5m-1782806100	1782806306	0.44	30.0			
1822	btc-updown-5m-1782806100	1782806305	0.4	30.0			
1823	btc-updown-5m-1782806100	1782806303	0.54	10.0			
1824	btc-updown-5m-1782806100	1782806290	0.51	30.0			
1825	btc-updown-5m-1782806100	1782806290	0.51	20.0			
1826	btc-updown-5m-1782806100	1782806285	0.44	30.0			
1827	btc-updown-5m-1782806100	1782806285	0.44	16.0			
1828	btc-updown-5m-1782806100	1782806270	0.48	30.0			
1829	btc-updown-5m-1782806100	1782806266	0.53	2.01			
1830	btc-updown-5m-1782806100	1782806260	0.48	30.0			
1831	btc-updown-5m-1782806100	1782806251	0.47	30.0			
1832	btc-updown-5m-1782806100	1782806240	0.45	30.0			
1833	btc-updown-5m-1782806100	1782806236	0.44	30.0			
1834	btc-updown-5m-1782806100	1782806224	0.57	30.0			
1835	btc-updown-5m-1782806100	1782806213	0.42	27.43			
1836	btc-updown-5m-1782806100	1782806213	0.42	30.0			
1837	btc-updown-5m-1782806100	1782806194	0.45	30.0			
1838	btc-updown-5m-1782806100	1782806194	0.45	5.0			
1839	btc-updown-5m-1782806100	1782806194	0.46	30.0			
1840	btc-updown-5m-1782806100	1782806189	0.52	30.0			
1841	btc-updown-5m-1782806100	1782806173	0.47	30.0			
1842	btc-updown-5m-1782806100	1782806164	0.53	20.0			
1843	btc-updown-5m-1782806100	1782806164	0.53	30.0			
1844	btc-updown-5m-1782806100	1782806162	0.47	30.0			
1845	btc-updown-5m-1782806100	1782806144	0.46	30.0			
1846	btc-updown-5m-1782806100	1782806144	0.46	26.22			
1847	btc-updown-5m-1782806100	1782806141	0.4	30.0			
1848	btc-updown-5m-1782806100	1782806138	0.65	30.0			
1849	btc-updown-5m-1782806100	1782806125	0.66	30.0			
1850	btc-updown-5m-1782806100	1782806120	0.37	30.0			
1851	btc-updown-5m-1782806100	1782806119	0.64	30.0			
1852	btc-updown-5m-1782806100	1782806111	0.45	30.0			
1853	btc-updown-5m-1782806100	1782806105	0.49	30.0			
1854	btc-updown-5m-1782805800	1782806086	0.76	30.0			
1855	btc-updown-5m-1782805800	1782806086	0.79	7.0			
1856	btc-updown-5m-1782805800	1782806084	0.79	30.0			
1857	btc-updown-5m-1782805800	1782806078	0.21	30.0			
1858	btc-updown-5m-1782805800	1782806065	0.88	30.0			
1859	btc-updown-5m-1782805800	1782806057	0.14	30.0			
1860	btc-updown-5m-1782805800	1782806053	0.91	5.0			
1861	btc-updown-5m-1782805800	1782806051	0.91	30.0			
1862	btc-updown-5m-1782805800	1782806044	0.06	12.47			
1863	btc-updown-5m-1782805800	1782806044	0.06	30.0			
1864	btc-updown-5m-1782805800	1782806039	0.91	30.0			
1865	btc-updown-5m-1782805800	1782806033	0.88	30.0			
1866	btc-updown-5m-1782805800	1782806021	0.17	30.0			
1867	btc-updown-5m-1782805800	1782806018	0.17	30.0			
1868	btc-updown-5m-1782805800	1782806018	0.16	0.94			
1869	btc-updown-5m-1782805800	1782806015	0.13	30.0			
1870	btc-updown-5m-1782805800	1782806012	0.13	30.0			
1871	btc-updown-5m-1782805800	1782806008	0.8	30.0			
1872	btc-updown-5m-1782805800	1782806006	0.78	5.33			
1873	btc-updown-5m-1782805800	1782806006	0.79	2.02			
1874	btc-updown-5m-1782805800	1782806002	0.24	30.0			
1875	btc-updown-5m-1782805800	1782806000	0.24	30.0			
1876	btc-updown-5m-1782805800	1782805990	0.26	30.0			
1877	btc-updown-5m-1782805800	1782805967	0.75	30.0			
1878	btc-updown-5m-1782805800	1782805958	0.78	30.0			
1879	btc-updown-5m-1782805800	1782805940	0.1	30.0			
1880	btc-updown-5m-1782805800	1782805937	0.12	30.0			
1881	btc-updown-5m-1782805800	1782805909	0.26	30.0			
1882	btc-updown-5m-1782805800	1782805909	0.75	30.0			
1883	btc-updown-5m-1782805800	1782805885	0.78	30.0			
1884	btc-updown-5m-1782805800	1782805885	0.77	3.53			
1885	btc-updown-5m-1782805800	1782805855	0.22	30.0			
1886	btc-updown-5m-1782805800	1782805829	0.35	30.0			
1887	btc-updown-5m-1782805500	1782805786	0.12	30.0			
1888	btc-updown-5m-1782805500	1782805759	0.21	19.99			
1889	btc-updown-5m-1782805500	1782805759	0.21	30.0			
1890	btc-updown-5m-1782805500	1782805756	0.21	30.0			
1891	btc-updown-5m-1782805500	1782805753	0.59	30.0			
1892	btc-updown-5m-1782805500	1782805733	0.59	30.0			
1893	btc-updown-5m-1782805500	1782805730	0.57	30.0			
1894	btc-updown-5m-1782805500	1782805718	0.39	30.0			
1895	btc-updown-5m-1782805500	1782805718	0.39	15.0			
1896	btc-updown-5m-1782805500	1782805718	0.38	18.07			
1897	btc-updown-5m-1782805500	1782805718	0.38	30.0			
1898	btc-updown-5m-1782805500	1782805714	0.32	30.0			
1899	btc-updown-5m-1782805500	1782805681	0.19	30.0			
1900	btc-updown-5m-1782805500	1782805676	0.87	30.0			
1901	btc-updown-5m-1782805500	1782805675	0.87	20.0			
1902	btc-updown-5m-1782805500	1782805675	0.87	30.0			
1903	btc-updown-5m-1782805500	1782805670	0.19	30.0			
1904	btc-updown-5m-1782805500	1782805658	0.77	30.0			
1905	btc-updown-5m-1782805500	1782805657	0.72	16.98			
1906	btc-updown-5m-1782805500	1782805652	0.29	30.0			
1907	btc-updown-5m-1782805500	1782805652	0.29	28.67			
1908	btc-updown-5m-1782805500	1782805652	0.28	5.89			
1909	btc-updown-5m-1782805500	1782805640	0.26	30.0			
1910	btc-updown-5m-1782805500	1782805639	0.26	30.0			
1911	btc-updown-5m-1782805500	1782805591	0.51	30.0			
1912	btc-updown-5m-1782805500	1782805585	0.48	30.0			
1913	btc-updown-5m-1782805500	1782805583	0.48	30.0			
1914	btc-updown-5m-1782805500	1782805577	0.3684647173202934	32.567566			
1915	btc-updown-5m-1782805500	1782805577	0.3599999843999993	33.333332			
1916	btc-updown-5m-1782805500	1782805567	0.56	15.0			
1917	btc-updown-5m-1782805500	1782805555	0.54	30.0			
1918	btc-updown-5m-1782805500	1782805555	0.47	30.0			
1919	btc-updown-5m-1782805500	1782805553	0.47	30.0			
1920	btc-updown-5m-1782805500	1782805552	0.47	30.0			
1921	btc-updown-5m-1782805500	1782805516	0.49	30.0			
1922	btc-updown-5m-1782805200	1782805475	0.0246476037051953	62.075			
1923	btc-updown-5m-1782805200	1782805475	0.04	37.5			
1924	btc-updown-5m-1782805200	1782805459	0.011	5.0			
1925	btc-updown-5m-1782805200	1782805427	0.98	30.0			
1926	btc-updown-5m-1782805200	1782805420	0.01	100.0			
1927	btc-updown-5m-1782805200	1782805349	0.1	15.0			
1928	btc-updown-5m-1782805200	1782805349	0.1	30.0			
1929	btc-updown-5m-1782805200	1782805346	0.12	35.0			
1930	btc-updown-5m-1782805200	1782805346	0.1	24.0			
1931	btc-updown-5m-1782805200	1782805346	0.1299999771777767	34.615383			
1932	btc-updown-5m-1782805200	1782805342	0.84	25.0			
1933	btc-updown-5m-1782805200	1782805322	0.33	30.0			
1934	btc-updown-5m-1782805200	1782805298	0.62	30.0			
1935	btc-updown-5m-1782805200	1782805241	0.33	30.0			
1936	btc-updown-5m-1782805200	1782805237	0.29	30.0			
1937	btc-updown-5m-1782805200	1782805216	0.74	30.0			
1938	btc-updown-5m-1782805200	1782805207	0.66	30.0			
1939	btc-updown-5m-1782804900	1782805186	0.02	50.0			
1940	btc-updown-5m-1782804900	1782805180	0.95	19.36			
1941	btc-updown-5m-1782804900	1782805180	0.95	30.63156			
1942	btc-updown-5m-1782804900	1782805165	0.85	30.0			
1943	btc-updown-5m-1782804900	1782805163	0.26	30.0			
1944	btc-updown-5m-1782804900	1782805151	0.09	30.0			
1945	btc-updown-5m-1782804900	1782805150	0.09	30.0			
1946	btc-updown-5m-1782804900	1782805136	0.19	30.0			
1947	btc-updown-5m-1782804900	1782805136	0.81	10.0			
1948	btc-updown-5m-1782804900	1782805132	0.69	30.0			
1949	btc-updown-5m-1782804900	1782805130	0.69	30.0			
1950	btc-updown-5m-1782804900	1782805130	0.69	5.0			
1951	btc-updown-5m-1782804900	1782805129	0.32	30.9375			
1952	btc-updown-5m-1782804900	1782805129	0.32	31.875			
1953	btc-updown-5m-1782804900	1782805126	0.63	30.0			
1954	btc-updown-5m-1782804900	1782805112	0.79	30.0			
1955	btc-updown-5m-1782804900	1782805106	0.26	7.0			
1956	btc-updown-5m-1782804900	1782805106	0.2603305609674876	32.266665			
1957	btc-updown-5m-1782804900	1782805105	0.63	30.0			
1958	btc-updown-5m-1782804900	1782805100	0.71	15.0			
1959	btc-updown-5m-1782804900	1782805100	0.71	30.0			
1960	btc-updown-5m-1782804900	1782805099	0.71	30.0			
1961	btc-updown-5m-1782804900	1782805096	0.3	30.0			
1962	btc-updown-5m-1782804900	1782805093	0.75	25.0			
1963	btc-updown-5m-1782804900	1782805093	0.26	30.0			
1964	btc-updown-5m-1782804900	1782805091	0.26	30.0			
1965	btc-updown-5m-1782804900	1782805084	0.7609474098261955	31.145381			
1966	btc-updown-5m-1782804900	1782805082	0.78	30.0			
1967	btc-updown-5m-1782804900	1782805067	0.08	10.86			
1968	btc-updown-5m-1782804900	1782805067	0.1	30.0			
1969	btc-updown-5m-1782804900	1782805010	0.4	30.0			
1970	btc-updown-5m-1782804900	1782805001	0.52	30.0			
1971	btc-updown-5m-1782804900	1782804982	0.7	30.0			
1972	btc-updown-5m-1782804900	1782804973	0.5966850826897836	30.166665			
1973	btc-updown-5m-1782804900	1782804973	0.59	5.0			
1974	btc-updown-5m-1782804900	1782804968	0.13	30.0			
1975	btc-updown-5m-1782804900	1782804935	0.64	30.0			
1976	btc-updown-5m-1782804900	1782804926	0.37	30.0			
1977	btc-updown-5m-1782804900	1782804920	0.47	30.0			
1978	btc-updown-5m-1782804900	1782804910	0.51	30.0			
1979	btc-updown-5m-1782804600	1782804841	0.02	50.0			
1980	btc-updown-5m-1782804600	1782804799	0.04	30.0			
1981	btc-updown-5m-1782804600	1782804797	0.04	30.0			
1982	btc-updown-5m-1782804600	1782804784	0.06	30.0			
1983	btc-updown-5m-1782804600	1782804770	0.11	30.0			
1984	btc-updown-5m-1782804600	1782804760	0.13	30.0			
1985	btc-updown-5m-1782804600	1782804758	0.13	30.0			
1986	btc-updown-5m-1782804600	1782804757	0.12	30.0			
1987	btc-updown-5m-1782804600	1782804746	0.12	30.0			
1988	btc-updown-5m-1782804600	1782804706	0.91	30.0			
1989	btc-updown-5m-1782804600	1782804695	0.08	30.0			
1990	btc-updown-5m-1782804600	1782804679	0.85	30.0			
1991	btc-updown-5m-1782804600	1782804656	0.15	30.0			
1992	btc-updown-5m-1782804600	1782804631	0.71	6.0			
1993	btc-updown-5m-1782804600	1782804629	0.3	30.0			
1994	btc-updown-5m-1782804600	1782804628	0.3	30.0			
1995	btc-updown-5m-1782804300	1782804578	0.02	50.0			
1996	btc-updown-5m-1782804300	1782804574	0.97	5.0			
1997	btc-updown-5m-1782804300	1782804566	0.04	37.5			
1998	btc-updown-5m-1782804300	1782804550	0.11	30.0			
1999	btc-updown-5m-1782804300	1782804550	0.9	30.0			
2000	btc-updown-5m-1782804300	1782804544	0.85	30.0			
2001	btc-updown-5m-1782804300	1782804542	0.74	8.58			
2002	btc-updown-5m-1782804300	1782804541	0.74	30.0			
2003	btc-updown-5m-1782804300	1782804533	0.23	30.0			
2004	btc-updown-5m-1782804300	1782804521	0.22	16.92			
2005	btc-updown-5m-1782804300	1782804518	0.79	12.7			
2006	btc-updown-5m-1782804300	1782804515	0.21	30.0			
2007	btc-updown-5m-1782804300	1782804497	0.77	5.0			
2008	btc-updown-5m-1782804300	1782804493	0.12	30.0			
2009	btc-updown-5m-1782804300	1782804482	0.86	5.0			
2010	btc-updown-5m-1782804300	1782804464	0.82	25.0			
2011	btc-updown-5m-1782804300	1782804464	0.82	30.0			
2012	btc-updown-5m-1782804300	1782804463	0.71	10.0			
2013	btc-updown-5m-1782804300	1782804461	0.709999995398148	30.422534			
2014	btc-updown-5m-1782804300	1782804461	0.7099999909223738	30.845068			
2015	btc-updown-5m-1782804300	1782804461	0.717704506806438	33.857944			
2016	btc-updown-5m-1782804300	1782804451	0.75	20.266664			
2017	btc-updown-5m-1782804300	1782804451	0.7516886187098953	29.61			
2018	btc-updown-5m-1782804300	1782804430	0.88	30.0			
2019	btc-updown-5m-1782804300	1782804416	0.76	30.0			
2020	btc-updown-5m-1782804300	1782804409	0.23	30.0			
2021	btc-updown-5m-1782804300	1782804397	0.8	30.0			
2022	btc-updown-5m-1782804300	1782804392	0.7699999967916665	31.16883			
2023	btc-updown-5m-1782804300	1782804382	0.19	30.0			
2024	btc-updown-5m-1782804300	1782804377	0.21	30.0			
2025	btc-updown-5m-1782804300	1782804373	0.77	30.0			
2026	btc-updown-5m-1782804300	1782804370	0.75	20.0			
2027	btc-updown-5m-1782804300	1782804368	0.28	10.0			
2028	btc-updown-5m-1782804300	1782804368	0.29	30.0			
2029	btc-updown-5m-1782804300	1782804364	0.76	30.0			
2030	btc-updown-5m-1782804300	1782804364	0.72	3.71			
2031	btc-updown-5m-1782804300	1782804352	0.75	30.0			
2032	btc-updown-5m-1782804300	1782804344	0.3499999886574067	30.857141			
2033	btc-updown-5m-1782804300	1782804322	0.5	30.0			
2034	btc-updown-5m-1782804300	1782804319	0.52	19.56			
2035	btc-updown-5m-1782804300	1782804316	0.51	30.0			
2036	btc-updown-5m-1782804300	1782804313	0.51	30.0			
2037	btc-updown-5m-1782804300	1782804308	0.5	30.0			
2038	btc-updown-5m-1782804000	1782804287	0.8	30.0			
2039	btc-updown-5m-1782804000	1782804287	0.8	5.0			
2040	btc-updown-5m-1782804000	1782804277	0.215430245928025	30.636362			
2041	btc-updown-5m-1782804000	1782804277	0.2364066193853428	31.725			
2042	btc-updown-5m-1782804000	1782804272	0.6	30.0			
2043	btc-updown-5m-1782804000	1782804271	0.57	30.0			
2044	btc-updown-5m-1782804000	1782804269	0.42	30.0			
2045	btc-updown-5m-1782804000	1782804269	0.51	10.72			
2046	btc-updown-5m-1782804000	1782804262	0.55	25.0			
2047	btc-updown-5m-1782804000	1782804259	0.63	30.0			
2048	btc-updown-5m-1782804000	1782804256	0.4043593038325991	39.321462			
2049	btc-updown-5m-1782804000	1782804256	0.41	15.0			
2050	btc-updown-5m-1782804000	1782804256	0.3853084309367309	41.26564			
2051	btc-updown-5m-1782804000	1782804245	0.34	30.0			
2052	btc-updown-5m-1782804000	1782804236	0.71	30.0			
2053	btc-updown-5m-1782804000	1782804236	0.7	30.0			
2054	btc-updown-5m-1782804000	1782804221	0.31	30.0			
2055	btc-updown-5m-1782804000	1782804218	0.69	15.0			
2056	btc-updown-5m-1782804000	1782804218	0.68	29.0			
2057	btc-updown-5m-1782804000	1782804218	0.68	30.0			
2058	btc-updown-5m-1782804000	1782804208	0.75	30.0			
2059	btc-updown-5m-1782804000	1782804202	0.29	30.0			
2060	btc-updown-5m-1782804000	1782804196	0.68	30.0			
2061	btc-updown-5m-1782804000	1782804191	0.25	30.0			
2062	btc-updown-5m-1782804000	1782804185	0.71	5.0			
2063	btc-updown-5m-1782804000	1782804184	0.69	30.0			
2064	btc-updown-5m-1782804000	1782804172	0.19	29.0			
2065	btc-updown-5m-1782804000	1782804170	0.19	30.0			
2066	btc-updown-5m-1782804000	1782804158	0.82	18.11			
2067	btc-updown-5m-1782804000	1782804155	0.83	20.0			
2068	btc-updown-5m-1782804000	1782804154	0.83	30.0			
2069	btc-updown-5m-1782804000	1782804154	0.82	19.77			
2070	btc-updown-15m-1782752400	1782752840	0.981	25.08	0.9800	0.9900	1782752838206000
2071	btc-updown-15m-1782752400	1782752708	0.03	35.0	0.0200	0.0300	1782752706148000
2072	btc-updown-15m-1782752400	1782752633	0.07	30.0	0.0600	0.0700	1782752632169000
2073	btc-updown-15m-1782751500	1782752386	0.04	30.0			
2074	btc-updown-15m-1782751500	1782752381	0.93	30.0			
2075	btc-updown-15m-1782751500	1782752380	0.91	30.0			
2076	btc-updown-15m-1782751500	1782752372	0.06	30.0			
2077	btc-updown-15m-1782751500	1782752360	0.87	10.0			
2078	btc-updown-15m-1782751500	1782752360	0.87	30.0			
2079	btc-updown-15m-1782751500	1782752359	0.87	30.0			
2080	btc-updown-15m-1782751500	1782752350	0.18	30.0			
2081	btc-updown-15m-1782751500	1782752350	0.83	23.08			
2082	btc-updown-15m-1782751500	1782752305	0.18	30.0	0.2100	0.2200	1782752304896000
2083	btc-updown-15m-1782751500	1782752303	0.18	30.0	0.1700	0.1900	1782752302776000
2084	btc-updown-15m-1782751500	1782752299	0.81	30.0	0.8200	0.8300	1782752298230000
2085	btc-updown-15m-1782751500	1782752287	0.12	30.0	0.1600	0.1800	1782752286937000
2086	btc-updown-15m-1782751500	1782752285	0.12	30.0	0.1400	0.1500	1782752284984000
2087	btc-updown-15m-1782751500	1782752284	0.12	30.0	0.1100	0.1200	1782752283922000
2088	btc-updown-15m-1782751500	1782752278	0.22	30.0	0.1900	0.2000	1782752277580000
2089	btc-updown-15m-1782751500	1782752270	0.68	23.0	0.6800	0.7000	1782752269043000
2090	btc-updown-15m-1782751500	1782752252	0.31	30.0	0.3300	0.3600	1782752251737000
2091	btc-updown-15m-1782751500	1782752242	0.61	30.0	0.6600	0.6700	1782752241302000
2092	btc-updown-15m-1782751500	1782752240	0.61	30.0	0.6000	0.6100	1782752239455000
2093	btc-updown-15m-1782751500	1782752239	0.41	25.0	0.3900	0.4000	1782752238918000
2094	btc-updown-15m-1782751500	1782752239	0.4	30.0	0.3900	0.4000	1782752238918000
2095	btc-updown-15m-1782751500	1782752236	0.61	30.0	0.6000	0.6100	1782752235983000
2096	btc-updown-15m-1782751500	1782752231	0.4	30.0	0.3900	0.4000	1782752230975000
2097	btc-updown-15m-1782751500	1782752224	0.67	30.0	0.7100	0.7200	1782752223375000
2098	btc-updown-15m-1782751500	1782752185	0.49	20.0	0.4100	0.4400	1782752184932000
2099	btc-updown-15m-1782751500	1782752177	0.41	15.0	0.4600	0.4700	1782752176960000
2100	btc-updown-15m-1782751500	1782752171	0.62	15.0	0.6200	0.6300	1782752169741000
2101	btc-updown-15m-1782751500	1782752141	0.56	28.57	0.6200	0.6300	1782752140493000
2102	btc-updown-15m-1782751500	1782752108	0.52	30.0	0.4800	0.4900	1782752107634000
2103	btc-updown-15m-1782751500	1782752047	0.37	22.91	0.4100	0.4200	1782752045404000
2104	btc-updown-15m-1782751500	1782752006	0.33	2.5	0.3500	0.3600	1782752005936000
2105	btc-updown-15m-1782751500	1782751966	0.52	5.0	0.5500	0.5600	1782751965746000
2106	btc-updown-15m-1782751500	1782751948	0.52	30.0	0.5300	0.5400	1782751947134000
2107	btc-updown-15m-1782751500	1782751912	0.52	30.0	0.5100	0.5200	1782751909809000
2108	btc-updown-15m-1782751500	1782751865	0.55	18.0	0.5300	0.5400	1782751863796000
2109	btc-updown-15m-1782751500	1782751864	0.55	8.0	0.5300	0.5400	1782751863796000
2110	btc-updown-15m-1782751500	1782751588	0.64	30.0	0.5900	0.6200	1782751582684000
2111	btc-updown-15m-1782751500	1782751585	0.62	5.0	0.5900	0.6200	1782751582684000
2112	btc-updown-15m-1782750600	1782751130	0.95	30.0			
2113	btc-updown-15m-1782750600	1782751090	0.95	30.0			
2114	btc-updown-15m-1782750600	1782751030	0.09	30.0			
2115	btc-updown-15m-1782750600	1782751030	0.08	30.0			
2116	btc-updown-15m-1782750600	1782751027	0.88	10.0			
2117	btc-updown-15m-1782750600	1782750899	0.75	30.0			
2118	btc-updown-15m-1782750600	1782750652	0.7399999842133316	10.135134			
2119	btc-updown-15m-1782750600	1782750611	0.7	30.0			
2120	btc-updown-15m-1782750600	1782750610	0.7	15.0			
2121	btc-updown-15m-1782750600	1782750610	0.7	30.0			
2122	btc-updown-15m-1782749700	1782750547	0.992	30.0			
2123	btc-updown-15m-1782749700	1782750380	0.89	30.0			
2124	btc-updown-15m-1782749700	1782750355	0.09	20.0			
2125	btc-updown-15m-1782749700	1782750307	0.66	26.72			
2126	btc-updown-15m-1782749700	1782750293	0.66	9.74			
2127	btc-updown-15m-1782749700	1782750106	0.37	10.0			
2128	btc-updown-15m-1782749700	1782750098	0.55	30.0			
2129	btc-updown-15m-1782749700	1782750022	0.47	6.11			
2130	btc-updown-15m-1782749700	1782749987	0.65	23.99			
2131	btc-updown-15m-1782749700	1782749798	0.54	6.34			
2132	btc-updown-15m-1782749700	1782749776	0.49	10.76			
2133	btc-updown-15m-1782749700	1782749776	0.5	21.9			
2134	btc-updown-15m-1782749700	1782749723	0.58	30.0			
2135	btc-updown-15m-1782749700	1782749723	0.58	9.55			
2136	btc-updown-15m-1782749700	1782749705	0.52	6.01			
2137	btc-updown-15m-1782748800	1782749638	0.02	50.0			
2138	btc-updown-15m-1782748800	1782749624	0.04	30.0			
2139	btc-updown-15m-1782748800	1782749615	0.1	30.0			
2140	btc-updown-15m-1782748800	1782749611	0.9	30.0			
2141	btc-updown-15m-1782748800	1782749605	0.08	30.0			
2142	btc-updown-15m-1782748800	1782749600	0.73	30.0			
2143	btc-updown-15m-1782748800	1782749585	0.32	7.06			
2144	btc-updown-15m-1782748800	1782749584	0.33	10.48			
2145	btc-updown-15m-1782748800	1782749584	0.33	30.0			
2146	btc-updown-15m-1782748800	1782749572	0.69	30.0			
2147	btc-updown-15m-1782748800	1782749564	0.47	30.0			
2148	btc-updown-15m-1782748800	1782749551	0.57	30.0			
2149	btc-updown-15m-1782748800	1782749549	0.46	15.0			
2150	btc-updown-15m-1782748800	1782749548	0.45	15.0			
2151	btc-updown-15m-1782748800	1782749546	0.54	30.0			
2152	btc-updown-15m-1782748800	1782749527	0.4	8.6			
2153	btc-updown-15m-1782748800	1782749527	0.4	30.0			
2154	btc-updown-15m-1782748800	1782749524	0.32	30.0			
2155	btc-updown-15m-1782748800	1782749492	0.71	15.0			
2156	btc-updown-15m-1782748800	1782749449	0.23	20.0			
2157	btc-updown-15m-1782748800	1782749438	0.22	30.0			
2158	btc-updown-15m-1782748800	1782749431	0.67	30.0			
2159	btc-updown-15m-1782748800	1782749429	0.67	30.0			
2160	btc-updown-15m-1782748800	1782749428	0.63	30.0			
2161	btc-updown-15m-1782748800	1782749426	0.63	30.0			
2162	btc-updown-15m-1782748800	1782749413	0.35	15.0			
2163	btc-updown-15m-1782748800	1782749410	0.65	30.0			
2164	btc-updown-15m-1782748800	1782749408	0.37	30.0			
2165	btc-updown-15m-1782748800	1782749398	0.58	5.0			
2166	btc-updown-15m-1782748800	1782749398	0.6	30.0			
2167	btc-updown-15m-1782748800	1782749396	0.58	30.0			
2168	btc-updown-15m-1782748800	1782749389	0.43	6.83			
2169	btc-updown-15m-1782748800	1782749386	0.58	30.0			
2170	btc-updown-15m-1782748800	1782749341	0.59	15.0			
2171	btc-updown-15m-1782748800	1782749296	0.63	15.0			
2172	btc-updown-15m-1782748800	1782749296	0.63	10.0			
2173	btc-updown-15m-1782748800	1782749276	0.69	10.0			
2174	btc-updown-15m-1782748800	1782749219	0.61	15.0			
2175	btc-updown-15m-1782748800	1782749207	0.61	30.0			
2176	btc-updown-15m-1782748800	1782749173	0.44	4.88			
2177	btc-updown-15m-1782748800	1782749141	0.63	30.0			
2178	btc-updown-15m-1782748800	1782749140	0.6	30.0			
2179	btc-updown-15m-1782748800	1782749126	0.54	30.0			
2180	btc-updown-15m-1782748800	1782749120	0.52	20.0			
2181	btc-updown-15m-1782748800	1782749111	0.5	30.0			
2182	btc-updown-15m-1782748800	1782749111	0.5	15.0			
2183	btc-updown-15m-1782748800	1782749110	0.5	30.0			
2184	btc-updown-15m-1782748800	1782748970	0.59	30.0			
2185	btc-updown-15m-1782748800	1782748814	0.49	30.0			
2186	btc-updown-15m-1782747900	1782748784	0.8	30.375			
2187	btc-updown-15m-1782747900	1782748784	0.81	30.0			
2188	btc-updown-15m-1782747900	1782748783	0.55	10.0			
2189	btc-updown-15m-1782747900	1782748778	0.6	3.08			
2190	btc-updown-15m-1782747900	1782748769	0.6588818880281421	30.050908			
2191	btc-updown-15m-1782747900	1782748769	0.6499999983585858	30.461537			
2192	btc-updown-15m-1782747900	1782748754	0.51	30.0			
2193	btc-updown-15m-1782747900	1782748726	0.27	4.0			
2194	btc-updown-15m-1782747900	1782748715	0.8	20.0			
2195	btc-updown-15m-1782747900	1782748714	0.73	5.0			
2196	btc-updown-15m-1782747900	1782748705	0.6	8.8			
2197	btc-updown-15m-1782747900	1782748703	0.21	30.0			
2198	btc-updown-15m-1782747900	1782748703	0.21	0.23			
2199	btc-updown-15m-1782747900	1782748697	0.24	30.0			
2200	btc-updown-15m-1782747900	1782748688	0.74	5.0			
2201	btc-updown-15m-1782747900	1782748687	0.74	10.0			
2202	btc-updown-15m-1782747900	1782748678	0.65	15.0			
2203	btc-updown-15m-1782747900	1782748652	0.69	3.55			
2204	btc-updown-15m-1782747900	1782748636	0.34	4.5			
2205	btc-updown-15m-1782747900	1782748634	0.34	30.0			
2206	btc-updown-15m-1782747900	1782748621	0.76	5.0			
2207	btc-updown-15m-1782747900	1782748619	0.76	10.0			
2208	btc-updown-15m-1782747900	1782748619	0.76	5.0			
2209	btc-updown-15m-1782747900	1782748595	0.82	10.0			
2210	btc-updown-15m-1782747900	1782748577	0.78	25.0			
2211	btc-updown-15m-1782747900	1782748541	0.16	20.0			
2212	btc-updown-15m-1782747900	1782748540	0.15	6.0			
2213	btc-updown-15m-1782747900	1782748484	0.33	30.0			
2214	btc-updown-15m-1782747900	1782748450	0.68	5.0			
2215	btc-updown-15m-1782747900	1782748444	0.69	10.0			
2216	btc-updown-15m-1782747900	1782748423	0.34	30.0			
2217	btc-updown-15m-1782747900	1782748375	0.66	15.0			
2218	btc-updown-15m-1782747900	1782748373	0.66	30.0			
2219	btc-updown-15m-1782747900	1782748355	0.4	30.0			
2220	btc-updown-15m-1782747900	1782748294	0.68	28.55			
2221	btc-updown-15m-1782747900	1782748294	0.68	30.0			
2222	btc-updown-15m-1782747900	1782748249	0.74	10.67			
2223	btc-updown-15m-1782747900	1782748226	0.67	30.0			
2224	btc-updown-15m-1782747900	1782748150	0.61	30.0			
2225	btc-updown-15m-1782747900	1782748063	0.61	30.0			
2226	btc-updown-15m-1782747900	1782748025	0.46	30.0			
2227	btc-updown-15m-1782747900	1782747950	0.58	30.0			
2228	btc-updown-15m-1782747900	1782747944	0.57	20.0			
2229	btc-updown-15m-1782747900	1782747917	0.5599999987956988	33.214284			
2230	btc-updown-15m-1782747900	1782747916	0.61	30.0			
2231	btc-updown-15m-1782747900	1782747916	0.62	30.0			
2232	btc-updown-15m-1782747900	1782747905	0.54	15.0			
2233	btc-updown-15m-1782747900	1782747905	0.54	30.0			
2234	btc-updown-15m-1782747000	1782747709	0.99	30.0			
2235	btc-updown-15m-1782747000	1782747682	0.01	100.0			
2236	btc-updown-15m-1782747000	1782747578	0.985	16.0			
2237	btc-updown-15m-1782747000	1782747403	0.05	30.0			
2238	btc-updown-15m-1782747000	1782747257	0.19	20.0			
2239	btc-updown-15m-1782747000	1782747185	0.23	7.29			
2240	btc-updown-15m-1782747000	1782747130	0.21	23.97			
2241	btc-updown-15m-1782747000	1782747130	0.22	30.0			
2242	btc-updown-15m-1782747000	1782747128	0.21	30.0			
2243	btc-updown-15m-1782746100	1782746942	0.98	30.0			
2244	btc-updown-15m-1782746100	1782746921	0.9	0.66			
2245	btc-updown-15m-1782746100	1782746918	0.92	20.0			
2246	btc-updown-15m-1782746100	1782746852	0.14	30.0			
2247	btc-updown-15m-1782746100	1782746846	0.82	12.8			
2248	btc-updown-15m-1782746100	1782746846	0.83	30.0			
2249	btc-updown-15m-1782746100	1782746846	0.83	22.53			
2250	btc-updown-15m-1782746100	1782746836	0.32	31.875			
2251	btc-updown-15m-1782746100	1782746819	0.73	30.0			
2252	btc-updown-15m-1782746100	1782746819	0.74	30.0			
2253	btc-updown-15m-1782746100	1782746809	0.65	30.0			
2254	btc-updown-15m-1782746100	1782746804	0.3899999899249994	30.769229			
2255	btc-updown-15m-1782746100	1782746795	0.41	11.73			
2256	btc-updown-15m-1782746100	1782746758	0.35	5.0			
2257	btc-updown-15m-1782746100	1782746746	0.67	30.0			
2258	btc-updown-15m-1782746100	1782746726	0.39	30.0			
2259	btc-updown-15m-1782746100	1782746710	0.41	5.87			
2260	btc-updown-15m-1782746100	1782746684	0.73	25.0			
2261	btc-updown-15m-1782746100	1782746683	0.73	25.0			
2262	btc-updown-15m-1782746100	1782746675	0.74	30.0			
2263	btc-updown-15m-1782746100	1782746659	0.73	30.0			
2264	btc-updown-15m-1782746100	1782746629	0.61	30.0			
2265	btc-updown-15m-1782746100	1782746620	0.56	20.0			
2266	btc-updown-15m-1782746100	1782746561	0.57	30.0			
2267	btc-updown-15m-1782746100	1782746560	0.57	30.0			
2268	btc-updown-15m-1782746100	1782746558	0.5	30.0			
2269	btc-updown-15m-1782746100	1782746557	0.5	30.0			
2270	btc-updown-15m-1782746100	1782746554	0.43	3.8			
2271	btc-updown-15m-1782746100	1782746411	0.73	15.0			
2272	btc-updown-15m-1782746100	1782746249	0.68	30.0			
2273	btc-updown-15m-1782746100	1782746194	0.62	30.0			
2274	btc-updown-15m-1782746100	1782746143	0.6	30.0			
2275	btc-updown-15m-1782746100	1782746113	0.54	30.0			
2276	btc-updown-15m-1782745200	1782745873	0.01	100.0			
2277	btc-updown-15m-1782745200	1782745808	0.9299999970319132	20.215042			
2278	btc-updown-15m-1782745200	1782745768	0.94	2.0			
2279	btc-updown-15m-1782745200	1782745754	0.94	5.0			
2280	btc-updown-15m-1782745200	1782745697	0.94	5.0			
2281	btc-updown-15m-1782745200	1782745676	0.95	25.0			
2282	btc-updown-15m-1782745200	1782745564	0.91	30.0			
2283	btc-updown-15m-1782745200	1782745555	0.91	30.0			
2284	btc-updown-15m-1782745200	1782745411	0.79	30.0			
2285	btc-updown-15m-1782745200	1782745328	0.29	20.2			
2286	btc-updown-15m-1782745200	1782745274	0.65	30.0			
2287	btc-updown-15m-1782745200	1782745273	0.65	30.0			
2288	btc-updown-15m-1782745200	1782745226	0.43	9.85			
2289	btc-updown-15m-1782744300	1782745145	0.0629479479975929	31.454544			
2290	btc-updown-15m-1782744300	1782745145	0.0619999719569213	31.451611			
2291	btc-updown-15m-1782744300	1782745145	0.066	8.25			
2292	btc-updown-15m-1782744300	1782745132	0.091	30.0			
2293	btc-updown-15m-1782744300	1782745127	0.12	30.0			
2294	btc-updown-15m-1782744300	1782745111	0.94	30.0			
2295	btc-updown-15m-1782744300	1782745103	0.15	30.0			
2296	btc-updown-15m-1782744300	1782745075	0.89	10.69			
2297	btc-updown-15m-1782744300	1782744998	0.96	30.0			
2298	btc-updown-15m-1782744300	1782744980	0.02	50.0			
2299	btc-updown-15m-1782744300	1782744955	0.95	20.0			
2300	btc-updown-15m-1782744300	1782744938	0.95	30.0			
2301	btc-updown-15m-1782744300	1782744913	0.96	30.0			
2302	btc-updown-15m-1782744300	1782744887	0.03	0.77			
2303	btc-updown-15m-1782744300	1782744782	0.75	5.0			
2304	btc-updown-15m-1782744300	1782744781	0.75	5.0			
2305	btc-updown-15m-1782744300	1782744776	0.75	25.0			
2306	btc-updown-15m-1782744300	1782744772	0.73	30.0			
2307	btc-updown-15m-1782744300	1782744671	0.45	30.0			
2308	btc-updown-15m-1782744300	1782744668	0.47	30.0			
2309	btc-updown-15m-1782744300	1782744667	0.47	30.0			
2310	btc-updown-15m-1782744300	1782744664	0.32	5.46			
2311	btc-updown-15m-1782744300	1782744628	0.68	6.45			
2312	btc-updown-15m-1782744300	1782744628	0.7	10.0			
2313	btc-updown-15m-1782744300	1782744626	0.67	8.0			
2314	btc-updown-15m-1782744300	1782744625	0.65	4.46			
2315	btc-updown-15m-1782744300	1782744617	0.6299999954769226	30.952378			
2316	btc-updown-15m-1782744300	1782744613	0.61	12.9			
2317	btc-updown-15m-1782744300	1782744607	0.6	30.0			
2318	btc-updown-15m-1782744300	1782744605	0.6	4.92			
2319	btc-updown-15m-1782744300	1782744602	0.6	30.0			
2320	btc-updown-15m-1782744300	1782744601	0.6	30.0			
2321	btc-updown-15m-1782744300	1782744496	0.51	0.85			
2322	btc-updown-15m-1782744300	1782744436	0.59	15.0			
2323	btc-updown-15m-1782744300	1782744314	0.51	30.0			
2324	btc-updown-15m-1782744300	1782744313	0.5	22.4			
2325	btc-updown-15m-1782743400	1782744250	0.05	30.0			
2326	btc-updown-15m-1782743400	1782744250	0.04	1.5			
2327	btc-updown-15m-1782743400	1782744248	0.06	30.0			
2328	btc-updown-15m-1782743400	1782744238	0.93	15.0			
2329	btc-updown-15m-1782743400	1782744224	0.95	30.0			
2330	btc-updown-15m-1782743400	1782744212	0.84	5.0			
2331	btc-updown-15m-1782743400	1782744211	0.84	5.0			
2332	btc-updown-15m-1782743400	1782744205	0.85	2.0			
2333	btc-updown-15m-1782743400	1782744203	0.88	5.0			
2334	btc-updown-15m-1782743400	1782744185	0.7	5.0			
2335	btc-updown-15m-1782743400	1782744179	0.4	10.0			
2336	btc-updown-15m-1782743400	1782744154	0.64	5.0			
2337	btc-updown-15m-1782741600	1782742213	0.94	20.0			
2338	btc-updown-15m-1782741600	1782742211	0.94	20.0			
2339	btc-updown-15m-1782741600	1782742184	0.94	20.0			
2340	btc-updown-15m-1782741600	1782742184	0.94	30.0			
2341	btc-updown-15m-1782741600	1782742168	0.05	30.0			
2342	btc-updown-15m-1782741600	1782742144	0.9099999920869548	5.054944			
2343	btc-updown-15m-1782741600	1782742144	0.91	5.0			
2344	btc-updown-15m-1782741600	1782742132	0.94	30.0			
2345	btc-updown-15m-1782741600	1782742054	0.1	30.0			
2346	btc-updown-15m-1782741600	1782742037	0.86	5.0			
2347	btc-updown-15m-1782741600	1782742034	0.856679533905219	30.116278			
2348	btc-updown-15m-1782741600	1782741970	0.7899999802499955	5.06329			
2349	btc-updown-15m-1782741600	1782741968	0.81	15.0			
2350	btc-updown-15m-1782741600	1782741968	0.79	3.68			
2351	btc-updown-15m-1782741600	1782741968	0.7899999802499955	5.06329			
2352	btc-updown-15m-1782741600	1782741895	0.61	5.0			
2353	btc-updown-15m-1782741600	1782741865	0.63	10.0			
2354	btc-updown-15m-1782741600	1782741856	0.36	20.23			
2355	btc-updown-15m-1782741600	1782741827	0.69	5.0			
2356	btc-updown-15m-1782741600	1782741773	0.65	20.0			
2357	btc-updown-15m-1782741600	1782741688	0.65	29.38			
2358	btc-updown-15m-1782741600	1782741686	0.65	30.0			
2359	btc-updown-15m-1782741600	1782741673	0.58	30.0			
2360	btc-updown-15m-1782741600	1782741637	0.6	30.0			
2361	btc-updown-15m-1782741600	1782741620	0.6	30.0			
2362	btc-updown-15m-1782740700	1782741575	0.04	30.0			
2363	btc-updown-15m-1782740700	1782741562	0.13	5.65			
2364	btc-updown-15m-1782740700	1782741562	0.13	14.0			
2365	btc-updown-15m-1782740700	1782741557	0.13	30.0			
2366	btc-updown-15m-1782740700	1782741554	0.81	20.0			
2367	btc-updown-15m-1782740700	1782741554	0.81	30.0			
2368	btc-updown-15m-1782740700	1782741554	0.72	7.14			
2369	btc-updown-15m-1782740700	1782741551	0.71	9.2			
2370	btc-updown-15m-1782740700	1782741550	0.7799999953924047	30.384613			
2371	btc-updown-15m-1782740700	1782741545	0.42	30.0			
2372	btc-updown-15m-1782740700	1782741545	0.76	25.44			
2373	btc-updown-15m-1782740700	1782741533	0.3179992546892468	30.18875			
2374	btc-updown-15m-1782740700	1782741529	0.2799999819770106	31.071427			
2375	btc-updown-15m-1782740700	1782741524	0.6499999968137253	31.384614			
2376	btc-updown-15m-1782740700	1782741523	0.6557894736842105	19.0			
2377	btc-updown-15m-1782740700	1782741521	0.6599999974117645	30.909088			
2378	btc-updown-15m-1782740700	1782741517	0.4	27.1			
2379	btc-updown-15m-1782740700	1782741517	0.4	6.64			
2380	btc-updown-15m-1782740700	1782741514	0.53	30.0			
2381	btc-updown-15m-1782740700	1782741487	0.69	30.0			
2382	btc-updown-15m-1782740700	1782741485	0.69	28.01			
2383	btc-updown-15m-1782740700	1782741484	0.69	30.0			
2384	btc-updown-15m-1782740700	1782741412	0.31	30.0			
2385	btc-updown-15m-1782740700	1782741365	0.32	29.07			
2386	btc-updown-15m-1782740700	1782741337	0.6	30.0			
2387	btc-updown-15m-1782740700	1782741206	0.59	20.0			
2388	btc-updown-15m-1782740700	1782741202	0.37	30.0			
2389	btc-updown-15m-1782740700	1782741185	0.35	4.57			
2390	btc-updown-15m-1782740700	1782741161	0.67	5.0			
2391	btc-updown-15m-1782740700	1782741157	0.65	5.0			
2392	btc-updown-15m-1782740700	1782741155	0.65	15.0			
2393	btc-updown-15m-1782740700	1782741152	0.65	30.0			
2394	btc-updown-15m-1782740700	1782741077	0.47	20.0			
2395	btc-updown-15m-1782740700	1782741070	0.61	30.0			
2396	btc-updown-15m-1782740700	1782741068	0.61	30.0			
2397	btc-updown-15m-1782740700	1782741068	0.6	30.0			
2398	btc-updown-15m-1782740700	1782740816	0.49	18.43			
2399	btc-updown-15m-1782740700	1782740786	0.52	30.0			
2400	btc-updown-15m-1782740700	1782740785	0.5	30.0			
2401	btc-updown-15m-1782740700	1782740705	0.55	30.0			
2402	btc-updown-15m-1782739800	1782740620	0.992	30.0			
2403	btc-updown-5m-1782740400	1782740564	0.79	30.0			
2404	btc-updown-5m-1782740400	1782740555	0.7180327868852459	30.5			
2405	btc-updown-5m-1782740400	1782740554	0.729999995067567	30.410955			
2406	btc-updown-5m-1782740400	1782740545	0.82	30.0			
2407	btc-updown-5m-1782740400	1782740542	0.13	30.0			
2408	btc-updown-5m-1782740400	1782740537	0.76	15.0			
2409	btc-updown-5m-1782740400	1782740537	0.76	30.0			
2410	btc-updown-5m-1782740400	1782740530	0.75	30.0			
2411	btc-updown-5m-1782740400	1782740528	0.76	30.0			
2412	btc-updown-15m-1782739800	1782740497	0.02	50.0			
2413	btc-updown-15m-1782739800	1782740495	0.02	15.01			
2414	btc-updown-15m-1782739800	1782740483	0.04	30.0			
2415	btc-updown-15m-1782739800	1782740449	0.9	30.0			
2416	btc-updown-15m-1782739800	1782740438	0.92	30.0			
2417	btc-updown-15m-1782739800	1782740432	0.93	25.0			
2418	btc-updown-15m-1782739800	1782740408	0.05	30.0			
2419	btc-updown-15m-1782739800	1782740408	0.05	36.0			
2420	btc-updown-15m-1782739800	1782740362	0.75	14.58			
2421	btc-updown-15m-1782739800	1782740275	0.69	30.0			
2422	btc-updown-15m-1782739800	1782740273	0.69	15.0			
2423	btc-updown-15m-1782739800	1782740266	0.69	30.0			
2424	btc-updown-15m-1782739800	1782740186	0.58	30.0			
2425	btc-updown-15m-1782739800	1782740147	0.59	30.0			
2426	btc-updown-15m-1782739800	1782740147	0.58	5.36			
2427	btc-updown-15m-1782739800	1782740128	0.37	30.0			
2428	btc-updown-15m-1782739800	1782740126	0.37	12.8			
2429	btc-updown-15m-1782739800	1782740060	0.61	15.0			
2430	btc-updown-15m-1782739800	1782740059	0.6	25.0			
2431	btc-updown-15m-1782739800	1782740053	0.46	5.0			
2432	btc-updown-15m-1782739800	1782740050	0.42	28.62			
2433	btc-updown-15m-1782739800	1782740036	0.64	5.0			
2434	btc-updown-15m-1782739800	1782739972	0.72	5.0			
2435	btc-updown-15m-1782739800	1782739948	0.71	10.0			
2436	btc-updown-15m-1782739800	1782739913	0.73	10.0			
2437	btc-updown-15m-1782739800	1782739895	0.74	10.0			
2438	btc-updown-15m-1782739800	1782739864	0.65	30.0			
2439	btc-updown-15m-1782739800	1782739864	0.64	30.46875			
2440	btc-updown-15m-1782739800	1782739862	0.65	30.0			
2441	btc-updown-15m-1782739800	1782739859	0.56	3.46			
2442	btc-updown-15m-1782739800	1782739856	0.46	30.0			
2443	btc-updown-15m-1782739800	1782739852	0.59	30.0			
2444	btc-updown-15m-1782739800	1782739805	0.43	30.0			
2445	btc-updown-15m-1782738900	1782739598	0.021	5.0			
2446	btc-updown-15m-1782738900	1782739595	0.973	30.0			
2447	btc-updown-15m-1782738900	1782739507	0.04	30.0			
2448	btc-updown-15m-1782738900	1782739498	0.06	30.0			
2449	btc-updown-15m-1782738900	1782739496	0.06	30.0			
2450	btc-updown-15m-1782738900	1782739468	0.87	2.8			
2451	btc-updown-15m-1782738900	1782739433	0.83	30.0			
2452	btc-updown-15m-1782738900	1782739420	0.82	30.0			
2453	btc-updown-15m-1782738900	1782739396	0.13	30.0			
2454	btc-updown-15m-1782738900	1782739382	0.76	5.0			
2455	btc-updown-15m-1782738900	1782739381	0.76	10.0			
2456	btc-updown-15m-1782738900	1782739379	0.75	9.32			
2457	btc-updown-15m-1782738900	1782739372	0.69	12.54			
2458	btc-updown-15m-1782738900	1782739364	0.64	15.75			
2459	btc-updown-15m-1782738900	1782739358	0.61	1.07			
2460	btc-updown-15m-1782738900	1782739340	0.59	30.0			
2461	btc-updown-15m-1782738900	1782739322	0.6	26.0			
2462	btc-updown-15m-1782738900	1782739292	0.67	30.0			
2463	btc-updown-15m-1782738900	1782739283	0.67	30.0			
2464	btc-updown-15m-1782738900	1782739276	0.66	30.0			
2465	btc-updown-15m-1782738900	1782739273	0.66	30.0			
2466	btc-updown-15m-1782738900	1782739273	0.65	29.88			
2467	btc-updown-15m-1782738900	1782739270	0.6	30.0			
2468	btc-updown-15m-1782738900	1782739258	0.56	8.06			
2469	btc-updown-15m-1782738900	1782739223	0.59	21.19			
2470	btc-updown-15m-1782738900	1782739169	0.63	25.0			
2471	btc-updown-15m-1782738000	1782738671	0.97	1.88			
2472	btc-updown-15m-1782738000	1782738617	0.06	30.0			
2473	btc-updown-15m-1782738000	1782738536	0.92	5.0			
2474	btc-updown-15m-1782738000	1782738535	0.92	5.0			
2475	btc-updown-15m-1782738000	1782738493	0.05	11.0			
2476	btc-updown-15m-1782738000	1782738430	0.1	30.0			
2477	btc-updown-15m-1782738000	1782738398	0.92	5.0			
2478	btc-updown-15m-1782738000	1782738332	0.85	5.0			
2479	btc-updown-15m-1782738000	1782738331	0.85	5.0			
2480	btc-updown-15m-1782738000	1782738307	0.87	5.0			
2481	btc-updown-15m-1782738000	1782738266	0.84	12.5			
2482	btc-updown-15m-1782738000	1782738253	0.84	30.0			
2483	btc-updown-15m-1782738000	1782738233	0.85	30.0			
2484	btc-updown-15m-1782738000	1782738011	0.56	30.0			
2485	btc-updown-15m-1782738000	1782738010	0.55	0.06			
2486	btc-updown-15m-1782738000	1782738007	0.55	10.0			
2487	btc-updown-15m-1782737100	1782737987	0.28	10.0			
2488	btc-updown-15m-1782737100	1782737987	0.73	30.0			
2489	btc-updown-15m-1782737100	1782737981	0.28	30.0			
2490	btc-updown-15m-1782737100	1782737980	0.2799999788444437	32.142856			
2491	btc-updown-15m-1782737100	1782737974	0.36	20.0			
2492	btc-updown-15m-1782737100	1782737969	0.59	27.01			
2493	btc-updown-15m-1782737100	1782737960	0.4	5.0			
2494	btc-updown-15m-1782737100	1782737959	0.4	10.0			
2495	btc-updown-15m-1782737100	1782737954	0.6	27.42			
2496	btc-updown-15m-1782737100	1782737945	0.4799999647346892	10.208332			
2497	btc-updown-15m-1782737100	1782737945	0.46	5.0			
2498	btc-updown-15m-1782737100	1782737941	0.5	18.07			
2499	btc-updown-15m-1782737100	1782737941	0.5	30.0			
2500	btc-updown-15m-1782737100	1782737927	0.61	10.0			
2501	btc-updown-15m-1782737100	1782737927	0.55	22.43			
2502	btc-updown-15m-1782737100	1782737926	0.35	30.0			
2503	btc-updown-15m-1782737100	1782737924	0.3499999886574067	30.857141			
2504	btc-updown-15m-1782737100	1782737924	0.35	30.0			
2505	btc-updown-15m-1782737100	1782737911	0.77	25.0			
2506	btc-updown-15m-1782737100	1782737876	0.71	15.12			
2507	btc-updown-15m-1782737100	1782737875	0.3	32.0			
2508	btc-updown-15m-1782737100	1782737869	0.73	30.0			
2509	btc-updown-15m-1782737100	1782737852	0.4	10.0			
2510	btc-updown-15m-1782737100	1782737839	0.36	1.21			
2511	btc-updown-15m-1782737100	1782737831	0.44	30.0			
2512	btc-updown-15m-1782737100	1782737825	0.62	30.0			
2513	btc-updown-15m-1782737100	1782737824	0.61	30.0			
2514	btc-updown-15m-1782737100	1782737804	0.59	30.0			
2515	btc-updown-15m-1782737100	1782737788	0.55	10.0			
2516	btc-updown-15m-1782737100	1782737749	0.47	0.74			
2517	btc-updown-15m-1782737100	1782737747	0.46	11.0			
2518	btc-updown-15m-1782737100	1782737734	0.59	25.21			
2519	btc-updown-15m-1782737100	1782737639	0.44	30.0			
2520	btc-updown-15m-1782737100	1782737611	0.59	5.0			
2521	btc-updown-15m-1782737100	1782737609	0.63	5.0			
2522	btc-updown-15m-1782737100	1782737578	0.61	3.58			
2523	btc-updown-15m-1782737100	1782737578	0.62	15.0			
2524	btc-updown-15m-1782737100	1782737555	0.77	30.0			
2525	btc-updown-15m-1782737100	1782737554	0.77	30.0			
2526	btc-updown-15m-1782737100	1782737542	0.73	30.0			
2527	btc-updown-15m-1782737100	1782737540	0.73	30.0			
2528	btc-updown-15m-1782737100	1782737519	0.2	6.0			
2529	btc-updown-15m-1782737100	1782737512	0.72	30.0			
2530	btc-updown-15m-1782737100	1782737501	0.6	22.06			
2531	btc-updown-15m-1782737100	1782737356	0.44	30.0			
2532	btc-updown-15m-1782737100	1782737351	0.59	19.33			
2533	btc-updown-15m-1782737100	1782737350	0.59	30.0			
2534	btc-updown-15m-1782737100	1782737315	0.44	30.0			
2535	btc-updown-15m-1782737100	1782737312	0.43	25.8			
2536	btc-updown-15m-1782737100	1782737312	0.41	8.8			
2537	btc-updown-15m-1782737100	1782737309	0.35	13.39			
2538	btc-updown-15m-1782737100	1782737296	0.7	22.4			
2539	btc-updown-15m-1782737100	1782737188	0.69	5.0			
2540	btc-updown-15m-1782737100	1782737161	0.65	30.0			
2541	btc-updown-15m-1782737100	1782737156	0.61	26.21			
2542	btc-updown-15m-1782737100	1782737156	0.61	30.0			
2543	btc-updown-15m-1782737100	1782737152	0.6	5.0			
2544	btc-updown-15m-1782737100	1782737150	0.6	30.0			
2545	btc-updown-15m-1782737100	1782737149	0.6	30.0			
2546	btc-updown-15m-1782737100	1782737141	0.51	10.0			
2547	btc-updown-15m-1782737100	1782737138	0.5	30.0			
2548	btc-updown-15m-1782737100	1782737122	0.45	30.0			
2549	btc-updown-15m-1782737100	1782737105	0.52	30.0			
2550	btc-updown-15m-1782736200	1782736729	0.01	100.0			
2551	btc-updown-15m-1782736200	1782736703	0.02	50.0			
2552	btc-updown-15m-1782736200	1782736699	0.03	35.0			
2553	btc-updown-15m-1782736200	1782736624	0.1	30.0			
2554	btc-updown-15m-1782736200	1782736622	0.09	12.4			
2555	btc-updown-15m-1782736200	1782736622	0.1	30.0			
2556	btc-updown-15m-1782735300	1782735968	0.94	20.0			
2557	btc-updown-15m-1782735300	1782735931	0.95	30.0			
2558	btc-updown-15m-1782735300	1782735908	0.04	30.0			
2559	btc-updown-15m-1782735300	1782735839	0.08	30.0			
2560	btc-updown-15m-1782735300	1782735829	0.87	15.0			
2561	btc-updown-15m-1782735300	1782735827	0.87	15.0			
2562	btc-updown-15m-1782735300	1782735818	0.09	30.0			
2563	btc-updown-15m-1782735300	1782735818	0.09	15.25			
2564	btc-updown-15m-1782735300	1782735802	0.8	10.0			
2565	btc-updown-15m-1782735300	1782735770	0.7299999684	5.068492			
2566	btc-updown-15m-1782735300	1782735769	0.73	5.0			
2567	btc-updown-15m-1782735300	1782735758	0.67	5.0			
2568	btc-updown-15m-1782735300	1782735674	0.53	30.0			
2569	btc-updown-15m-1782735300	1782735653	0.46	30.0			
2570	btc-updown-15m-1782735300	1782735605	0.59	30.0			
2571	btc-updown-15m-1782735300	1782735592	0.51	30.0			
2572	btc-updown-15m-1782735300	1782735457	0.43	17.12			
2573	btc-updown-15m-1782735300	1782735427	0.59	30.0			
2574	btc-updown-15m-1782735300	1782735418	0.56	30.0			
2575	btc-updown-15m-1782735300	1782735356	0.54	30.0			
2576	btc-updown-15m-1782735300	1782735338	0.47	6.0			
2577	btc-updown-15m-1782734400	1782734990	0.9859999999	30.030357			
2578	btc-updown-15m-1782734400	1782734941	0.9796379814	30.1642			
2579	btc-updown-15m-1782734400	1782734941	0.9729999994	30.431629			
2580	btc-updown-15m-1782734400	1782734783	0.03	10.0			
2581	btc-updown-15m-1782734400	1782734719	0.05	30.0			
2582	btc-updown-15m-1782734400	1782734674	0.08	3.03			
2583	btc-updown-15m-1782734400	1782734674	0.08	33.75			
2584	btc-updown-15m-1782734400	1782734674	0.08	30.0			
2585	btc-updown-15m-1782734400	1782734656	0.84	30.0			
2586	btc-updown-15m-1782734400	1782734632	0.18	20.0			
2587	btc-updown-15m-1782734400	1782734590	0.61	30.0			
2588	btc-updown-15m-1782734400	1782734590	0.62	30.0			
2589	btc-updown-15m-1782734400	1782734585	0.6699999934	30.44776			
2590	btc-updown-15m-1782734400	1782734554	0.64	5.0			
2591	btc-updown-15m-1782734400	1782734545	0.6	0.18			
2592	btc-updown-15m-1782734400	1782734537	0.36	27.0			
2593	btc-updown-15m-1782734400	1782734519	0.77	5.0			
2594	btc-updown-15m-1782734400	1782734488	0.86	15.0			
2595	btc-updown-15m-1782734400	1782734488	0.87	30.0			
2596	btc-updown-15m-1782734400	1782734486	0.88	30.0			
2597	btc-updown-15m-1782734400	1782734479	0.09	16.0			
2598	btc-updown-15m-1782734400	1782734470	0.11	30.0			
2599	btc-updown-15m-1782734400	1782734470	0.1049132679	31.454544			
2600	btc-updown-15m-1782734400	1782734447	0.73	5.8			
2601	btc-updown-15m-1782734400	1782734447	0.73	30.0			
2602	btc-updown-15m-1782734400	1782734444	0.7	10.0			
2603	btc-updown-15m-1782734400	1782734441	0.65	15.0			
2604	btc-updown-15m-1782733500	1782734318	0.97	30.0			
2605	btc-updown-15m-1782733500	1782734288	0.08	30.0			
2606	btc-updown-15m-1782733500	1782734285	0.11	12.0			
2607	btc-updown-15m-1782733500	1782734282	0.11	30.0			
2608	btc-updown-15m-1782733500	1782734279	0.86	20.0			
2609	btc-updown-15m-1782733500	1782734279	0.85	15.0			
2610	btc-updown-15m-1782733500	1782734276	0.09	8.69			
2611	btc-updown-15m-1782733500	1782734276	0.08	30.0			
2612	btc-updown-15m-1782733500	1782734266	0.8	15.0			
2613	btc-updown-15m-1782733500	1782734261	0.82	2.02			
2614	btc-updown-15m-1782733500	1782734252	0.88	10.0			
2615	btc-updown-15m-1782733500	1782734245	0.87	30.0			
2616	btc-updown-15m-1782733500	1782734242	0.1	9.0			
2617	btc-updown-15m-1782733500	1782734231	0.84	13.88			
2618	btc-updown-15m-1782733500	1782734219	0.83	25.0			
2619	btc-updown-15m-1782733500	1782734210	0.28	10.0			
2620	btc-updown-15m-1782733500	1782734210	0.276380706	30.392856			
2621	btc-updown-15m-1782733500	1782734200	0.81	10.0			
2622	btc-updown-15m-1782733500	1782734194	0.82	5.0			
2623	btc-updown-15m-1782733500	1782734194	0.81	5.0			
2624	btc-updown-15m-1782733500	1782734192	0.79	15.0			
2625	btc-updown-15m-1782733500	1782734168	0.57	30.0			
2626	btc-updown-15m-1782733500	1782734155	0.42	30.0			
2627	btc-updown-15m-1782733500	1782734152	0.69	30.0			
2628	btc-updown-15m-1782733500	1782734146	0.7	30.0			
2629	btc-updown-15m-1782733500	1782734117	0.78	30.0			
2630	btc-updown-15m-1782733500	1782734092	0.19	20.21			
2631	btc-updown-15m-1782733500	1782734063	0.77	6.02			
2632	btc-updown-15m-1782733500	1782733999	0.18	18.3			
2633	btc-updown-15m-1782733500	1782733954	0.69	30.0			
2634	btc-updown-15m-1782733500	1782733951	0.26	4.0			
2635	btc-updown-15m-1782733500	1782733945	0.31	30.0			
2636	btc-updown-15m-1782733500	1782733870	0.54	13.88			
2637	btc-updown-15m-1782733500	1782733772	0.5	12.8			
2638	btc-updown-15m-1782733500	1782733733	0.62	30.0			
2639	btc-updown-15m-1782733500	1782733570	0.5	25.92			
2640	btc-updown-15m-1782733500	1782733546	0.61	30.0			
2641	btc-updown-15m-1782733500	1782733531	0.6	12.8			
2642	btc-updown-15m-1782732600	1782733418	0.99	30.0303			
2643	btc-updown-15m-1782732600	1782733294	0.98	20.0			
2644	btc-updown-15m-1782732600	1782733238	0.02	50.0			
2645	btc-updown-15m-1782732600	1782733210	0.04	30.0			
2646	btc-updown-15m-1782732600	1782733184	0.05	30.0			
2647	btc-updown-15m-1782732600	1782733099	0.23	14.56			
2648	btc-updown-15m-1782732600	1782732992	0.36	9.75			
2649	btc-updown-15m-1782732600	1782732967	0.65	30.0			
2650	btc-updown-15m-1782732600	1782732797	0.43	30.0			
2651	btc-updown-15m-1782732600	1782732785	0.62	15.56			
2652	btc-updown-15m-1782732600	1782732721	0.74	5.0			
2653	btc-updown-15m-1782732600	1782732719	0.75	5.0			
2654	btc-updown-15m-1782732600	1782732697	0.8	5.0			
2655	btc-updown-15m-1782732600	1782732695	0.8	5.0			
2656	btc-updown-15m-1782732600	1782732688	0.86	10.36			
2657	btc-updown-15m-1782732600	1782732685	0.09	18.33			
2658	btc-updown-15m-1782732600	1782732682	0.8699999997	30.344823			
2659	btc-updown-15m-1782732600	1782732682	0.88	30.0			
2660	btc-updown-15m-1782732600	1782732665	0.58	26.76			
2661	btc-updown-15m-1782732600	1782732659	0.5	18.32			
2662	btc-updown-15m-1782732600	1782732649	0.5	30.0			
2663	btc-updown-15m-1782731700	1782732562	0.97	30.0			
2664	btc-updown-15m-1782731700	1782732560	0.97	30.0			
2665	btc-updown-15m-1782731700	1782732544	0.69	5.0			
2666	btc-updown-15m-1782731700	1782732542	0.69	10.0			
2667	btc-updown-15m-1782731700	1782732536	0.26	30.0			
2668	btc-updown-15m-1782731700	1782732530	0.77	25.0			
2669	btc-updown-15m-1782731700	1782732529	0.75	30.0			
2670	btc-updown-15m-1782731700	1782732521	0.74	30.0			
2671	btc-updown-15m-1782731700	1782732521	0.74	15.0			
2672	btc-updown-15m-1782731700	1782732520	0.74	30.0			
2673	btc-updown-15m-1782731700	1782732499	0.32	30.0			
2674	btc-updown-15m-1782731700	1782732497	0.32	30.0			
2675	btc-updown-15m-1782731700	1782732485	0.17	20.31			
2676	btc-updown-15m-1782731700	1782732482	0.92	9.9			
2677	btc-updown-15m-1782731700	1782732470	0.93	30.0			
2678	btc-updown-15m-1782731700	1782732427	0.83	10.0			
2679	btc-updown-15m-1782731700	1782732421	0.14	25.2			
2680	btc-updown-15m-1782731700	1782732410	0.74	30.0			
2681	btc-updown-15m-1782731700	1782732406	0.14	30.0			
2682	btc-updown-15m-1782731700	1782732400	0.79	10.0			
2683	btc-updown-15m-1782731700	1782732400	0.79	4.56			
2684	btc-updown-15m-1782731700	1782732373	0.67	30.0			
2685	btc-updown-15m-1782731700	1782732371	0.56	30.0			
2686	btc-updown-15m-1782731700	1782732368	0.55	30.0			
2687	btc-updown-15m-1782731700	1782732368	0.55	10.0			
2688	btc-updown-15m-1782731700	1782732356	0.42	30.0			
2689	btc-updown-15m-1782731700	1782732350	0.55	30.0			
2690	btc-updown-15m-1782731700	1782732346	0.52	30.0			
2691	btc-updown-15m-1782731700	1782732346	0.52	1.96			
2692	btc-updown-15m-1782731700	1782732338	0.47	30.0			
2693	btc-updown-15m-1782731700	1782732311	0.68	14.0			
2694	btc-updown-15m-1782731700	1782732304	0.73	5.0			
2695	btc-updown-15m-1782731700	1782732290	0.76	15.0			
2696	btc-updown-15m-1782731700	1782732284	0.21	24.19			
2697	btc-updown-15m-1782731700	1782732268	0.73	15.0			
2698	btc-updown-15m-1782731700	1782732268	0.72	15.0			
2699	btc-updown-15m-1782731700	1782732254	0.77	10.8			
2700	btc-updown-15m-1782731700	1782732247	0.24	22.22			
2701	btc-updown-15m-1782731700	1782732220	0.73	5.0			
2702	btc-updown-15m-1782731700	1782732206	0.73	13.0			
2703	btc-updown-15m-1782731700	1782732203	0.68	5.0			
2704	btc-updown-15m-1782731700	1782732188	0.73	7.72			
2705	btc-updown-15m-1782731700	1782732187	0.71	2.18			
2706	btc-updown-15m-1782731700	1782732172	0.71	30.0			
2707	btc-updown-15m-1782731700	1782732170	0.68	5.0			
2708	btc-updown-15m-1782731700	1782732152	0.2	12.07			
2709	btc-updown-15m-1782731700	1782732058	0.71	30.0			
2710	btc-updown-15m-1782731700	1782732058	0.7	9.6			
2711	btc-updown-15m-1782731700	1782732046	0.74	1.67			
2712	btc-updown-15m-1782731700	1782732017	0.67	15.0			
2713	btc-updown-15m-1782731700	1782731882	0.24	26.71			
2714	btc-updown-15m-1782731700	1782731783	0.46	29.89			
2715	btc-updown-15m-1782731700	1782731743	0.57	15.0			
2716	btc-updown-15m-1782731700	1782731734	0.56	15.0			
2717	btc-updown-15m-1782731700	1782731722	0.58	12.8			
2718	btc-updown-15m-1782731700	1782731717	0.54	5.0			
2719	btc-updown-15m-1782731700	1782731707	0.47	30.0			
2720	btc-updown-15m-1782731700	1782731707	0.46	16.85			
2721	btc-updown-15m-1782730800	1782731611	0.992	16.0			
2722	btc-updown-15m-1782730800	1782731471	0.96	20.0			
2723	btc-updown-15m-1782730800	1782731464	0.04	30.0			
2724	btc-updown-15m-1782730800	1782731443	0.91	30.0			
2725	btc-updown-15m-1782730800	1782731404	0.91	1.69			
2726	btc-updown-15m-1782730800	1782731318	0.82	5.0			
2727	btc-updown-15m-1782730800	1782731315	0.8	15.0			
2728	btc-updown-15m-1782730800	1782731315	0.79	5.0			
2729	btc-updown-15m-1782730800	1782731291	0.83	5.42			
2730	btc-updown-15m-1782730800	1782731264	0.82	5.0			
2731	btc-updown-15m-1782730800	1782731264	0.81	5.0			
2732	btc-updown-15m-1782730800	1782731237	0.16	15.0			
2733	btc-updown-15m-1782730800	1782731230	0.79	5.0			
2734	btc-updown-15m-1782730800	1782731230	0.78	2.0			
2735	btc-updown-15m-1782730800	1782731228	0.78	15.0			
2736	btc-updown-15m-1782730800	1782731201	0.79	30.0			
2737	btc-updown-15m-1782730800	1782731188	0.78	11.25			
2738	btc-updown-15m-1782730800	1782731188	0.78	30.0			
2739	btc-updown-15m-1782730800	1782731186	0.74	17.0			
2740	btc-updown-15m-1782730800	1782731186	0.77	24.7			
2741	btc-updown-15m-1782730800	1782731186	0.73	12.43			
2742	btc-updown-15m-1782730800	1782730996	0.23	30.0			
2743	btc-updown-15m-1782730800	1782730900	0.52	1.45			
2744	btc-updown-15m-1782730800	1782730898	0.5	15.62			
2745	btc-updown-15m-1782730800	1782730811	0.48	22.0			
2746	btc-updown-15m-1782729900	1782730720	0.02	50.0			
2747	btc-updown-15m-1782729900	1782730684	0.95	30.0			
2748	btc-updown-15m-1782729900	1782730678	0.07	28.36			
2749	btc-updown-15m-1782729900	1782730640	0.1	9.3			
2750	btc-updown-15m-1782729900	1782730634	0.87	30.0			
2751	btc-updown-15m-1782729900	1782730624	0.11	12.19			
2752	btc-updown-15m-1782729900	1782730609	0.07	6.0			
2753	btc-updown-15m-1782729900	1782730604	0.91	30.0			
2754	btc-updown-15m-1782729900	1782730603	0.88	10.0			
2755	btc-updown-15m-1782729900	1782730601	0.11	24.54			
2756	btc-updown-15m-1782729900	1782730601	0.11	30.0			
2757	btc-updown-15m-1782729900	1782730561	0.85	15.0			
2758	btc-updown-15m-1782729900	1782730559	0.85	15.0			
2759	btc-updown-15m-1782729900	1782730550	0.85	30.0			
2760	btc-updown-15m-1782729900	1782730549	0.84	10.0			
2761	btc-updown-15m-1782729900	1782730547	0.78	9.36			
2762	btc-updown-15m-1782729900	1782730495	0.18	8.0			
2763	btc-updown-15m-1782729900	1782730480	0.84	30.0			
2764	btc-updown-15m-1782729900	1782730472	0.8	5.0			
2765	btc-updown-15m-1782729900	1782730463	0.78	30.0			
2766	btc-updown-15m-1782729900	1782730444	0.17	30.0			
2767	btc-updown-15m-1782729900	1782730438	0.78	14.12			
2768	btc-updown-15m-1782729900	1782730381	0.7	30.0			
2769	btc-updown-15m-1782729900	1782730361	0.76	30.0			
2770	btc-updown-15m-1782729900	1782730340	0.47	17.31			
2771	btc-updown-15m-1782729900	1782730334	0.54	16.0			
2772	btc-updown-15m-1782729900	1782730201	0.64	10.09			
2773	btc-updown-15m-1782729900	1782730049	0.44	28.97			
2774	btc-updown-15m-1782729900	1782730043	0.564806374	30.807016			
2775	btc-updown-15m-1782729900	1782730043	0.5564745275	31.268274			
2776	btc-updown-15m-1782729000	1782729835	0.99	5.0			
2777	btc-updown-15m-1782729000	1782729833	0.99	5.0			
2778	btc-updown-15m-1782729000	1782729698	0.95	20.0			
2779	btc-updown-15m-1782729000	1782729691	0.95	30.0			
2780	btc-updown-15m-1782729000	1782729689	0.94	20.0			
2781	btc-updown-15m-1782729000	1782729686	0.93	5.0			
2782	btc-updown-15m-1782729000	1782729686	0.93	30.0			
2783	btc-updown-15m-1782729000	1782729682	0.04	1.45			
2784	btc-updown-15m-1782729000	1782729680	0.04	30.0			
2785	btc-updown-15m-1782729000	1782729679	0.04	30.0			
2786	btc-updown-15m-1782729000	1782729677	0.03	35.0			
2787	btc-updown-15m-1782729000	1782729620	0.89	5.0			
2788	btc-updown-15m-1782729000	1782729617	0.9	10.0			
2789	btc-updown-15m-1782729000	1782729596	0.93	20.0			
2790	btc-updown-15m-1782729000	1782729461	0.82	30.0			
2791	btc-updown-15m-1782729000	1782729458	0.87	30.0			
2792	btc-updown-15m-1782729000	1782729440	0.05	30.0			
2793	btc-updown-15m-1782729000	1782729407	0.89	10.0			
2794	btc-updown-15m-1782729000	1782729403	0.89	20.0			
2795	btc-updown-15m-1782729000	1782729323	0.12	5.0			
2796	btc-updown-15m-1782729000	1782729287	0.73	25.0			
2797	btc-updown-15m-1782729000	1782729176	0.74	3.0			
2798	btc-updown-15m-1782729000	1782729140	0.74	30.0			
2799	btc-updown-15m-1782729000	1782729134	0.73	15.0			
2800	btc-updown-15m-1782729000	1782729112	0.17	30.0			
2801	btc-updown-15m-1782729000	1782729106	0.2	20.0			
2802	btc-updown-15m-1782729000	1782729092	0.64	20.0			
2803	btc-updown-15m-1782728100	1782728978	0.87	12.8			
2804	btc-updown-15m-1782728100	1782728978	0.87	25.0			
2805	btc-updown-15m-1782728100	1782728974	0.2	30.0			
2806	btc-updown-15m-1782728100	1782728972	0.85	10.0			
2807	btc-updown-15m-1782728100	1782728968	0.8	15.0			
2808	btc-updown-15m-1782728100	1782728959	0.13	30.0			
2809	btc-updown-15m-1782728100	1782728954	0.86	5.0			
2810	btc-updown-15m-1782728100	1782728954	0.85	3.96			
2811	btc-updown-15m-1782728100	1782728953	0.81	15.0			
2812	btc-updown-15m-1782728100	1782728942	0.7	5.0			
2813	btc-updown-15m-1782728100	1782728897	0.79	4.92			
2814	btc-updown-15m-1782728100	1782728897	0.79	10.0			
2815	btc-updown-15m-1782728100	1782728876	0.69	5.0			
2816	btc-updown-15m-1782728100	1782728876	0.69	10.0			
2817	btc-updown-15m-1782728100	1782728873	0.54	20.0			
2818	btc-updown-15m-1782728100	1782728725	0.67	30.0			
2819	btc-updown-15m-1782728100	1782728720	0.64	12.8			
2820	btc-updown-15m-1782728100	1782728711	0.57	6.72			
2821	btc-updown-15m-1782728100	1782728711	0.57	30.0			
2822	btc-updown-15m-1782728100	1782728705	0.48	26.25			
2823	btc-updown-15m-1782728100	1782728705	0.45	30.0			
2824	btc-updown-15m-1782728100	1782728698	0.42	13.0			
2825	btc-updown-15m-1782728100	1782728686	0.59	30.0			
2826	btc-updown-15m-1782728100	1782728680	0.56	30.0			
2827	btc-updown-15m-1782728100	1782728654	0.51	30.0			
2828	btc-updown-15m-1782728100	1782728648	0.48	30.0			
2829	btc-updown-15m-1782728100	1782728647	0.48	30.0			
2830	btc-updown-15m-1782728100	1782728570	0.72	10.0			
2831	btc-updown-15m-1782728100	1782728570	0.71	30.0			
2832	btc-updown-15m-1782728100	1782728570	0.71	4.0			
2833	btc-updown-15m-1782728100	1782728551	0.71	5.0			
2834	btc-updown-15m-1782728100	1782728465	0.75	28.2			
2835	btc-updown-15m-1782728100	1782728398	0.74	6.56			
2836	btc-updown-15m-1782728100	1782728327	0.25	21.0			
2837	btc-updown-15m-1782728100	1782728261	0.38	6.0			
2838	btc-updown-15m-1782728100	1782728138	0.63	30.0			
2839	btc-updown-15m-1782727200	1782727889	0.01	100.0			
2840	btc-updown-15m-1782727200	1782727804	0.01	100.0			
2841	btc-updown-15m-1782727200	1782727742	0.89	30.0			
2842	btc-updown-15m-1782727200	1782727721	0.09	16.0			
2843	btc-updown-15m-1782727200	1782727711	0.9	30.0			
2844	btc-updown-15m-1782727200	1782727612	0.83	30.0			
2845	btc-updown-15m-1782727200	1782727610	0.83	30.0			
2846	btc-updown-15m-1782727200	1782727600	0.84	30.0			
2847	btc-updown-15m-1782727200	1782727589	0.83	30.0			
2848	btc-updown-15m-1782727200	1782727580	0.13	20.09			
2849	btc-updown-15m-1782727200	1782727570	0.87	2.41			
2850	btc-updown-15m-1782727200	1782727496	0.77	30.0			
2851	btc-updown-15m-1782727200	1782727493	0.78	30.0			
2852	btc-updown-15m-1782727200	1782727477	0.82	10.0			
2853	btc-updown-15m-1782727200	1782727448	0.8	30.0			
2854	btc-updown-15m-1782727200	1782727409	0.84	30.0			
2855	btc-updown-15m-1782727200	1782727277	0.58	10.0			
2856	btc-updown-15m-1782726300	1782727021	0.92	30.0			
2857	btc-updown-15m-1782726300	1782727016	0.93	30.0			
2858	btc-updown-15m-1782726300	1782727016	0.92	30.0			
2859	btc-updown-15m-1782726300	1782726986	0.95	23.0			
2860	btc-updown-15m-1782726300	1782726982	0.04	7.5			
2861	btc-updown-15m-1782726300	1782726941	0.08	30.0			
2862	btc-updown-15m-1782726300	1782726934	0.11	24.0			
2863	btc-updown-15m-1782726300	1782726892	0.27	30.0			
2864	btc-updown-15m-1782726300	1782726863	0.7	30.0			
2865	btc-updown-15m-1782726300	1782726860	0.69	30.0			
2866	btc-updown-15m-1782726300	1782726860	0.68	25.0			
2867	btc-updown-15m-1782726300	1782726853	0.6	16.0			
2868	btc-updown-15m-1782726300	1782726809	0.53	30.0			
2869	btc-updown-15m-1782726300	1782726803	0.37	17.35			
2870	btc-updown-15m-1782726300	1782726800	0.63	23.95			
2871	btc-updown-15m-1782726300	1782726796	0.59	30.0			
2872	btc-updown-15m-1782726300	1782726794	0.59	30.0			
2873	btc-updown-15m-1782726300	1782726787	0.5	30.0			
2874	btc-updown-15m-1782726300	1782726760	0.63	30.0			
2875	btc-updown-15m-1782726300	1782726758	0.62	6.0			
2876	btc-updown-15m-1782726300	1782726755	0.56	30.0			
2877	btc-updown-15m-1782726300	1782726755	0.54	6.65			
2878	btc-updown-15m-1782726300	1782726752	0.5	6.0			
2879	btc-updown-15m-1782726300	1782726748	0.57	30.0			
2880	btc-updown-15m-1782726300	1782726748	0.56	19.0			
2881	btc-updown-15m-1782726300	1782726734	0.66	30.0			
2882	btc-updown-15m-1782726300	1782726733	0.65	10.0			
2883	btc-updown-15m-1782726300	1782726731	0.64	4.0			
2884	btc-updown-15m-1782726300	1782726710	0.6	25.0			
2885	btc-updown-15m-1782726300	1782726710	0.6	30.0			
2886	btc-updown-15m-1782726300	1782726707	0.6	30.5			
2887	btc-updown-15m-1782726300	1782726703	0.52	30.0			
2888	btc-updown-15m-1782726300	1782726700	0.5	1.6			
2889	btc-updown-15m-1782726300	1782726688	0.58	15.0			
2890	btc-updown-15m-1782726300	1782726685	0.57	21.82			
2891	btc-updown-15m-1782726300	1782726683	0.4	30.0			
2892	btc-updown-15m-1782726300	1782726547	0.67	20.5			
2893	btc-updown-15m-1782726300	1782726544	0.68	9.52			
2894	btc-updown-15m-1782726300	1782726544	0.68	30.0			
2895	btc-updown-15m-1782726300	1782726542	0.68	30.0			
2896	btc-updown-15m-1782726300	1782726526	0.77	20.0			
2897	btc-updown-15m-1782726300	1782726508	0.18	30.0			
2898	btc-updown-15m-1782726300	1782726493	0.2	30.0			
2899	btc-updown-15m-1782726300	1782726377	0.38	2.99			
2900	btc-updown-15m-1782725400	1782726281	0.15	30.0			
2901	btc-updown-15m-1782725400	1782726274	0.91	30.0			
2902	btc-updown-15m-1782725400	1782726271	0.02	5.0			
2903	btc-updown-15m-1782725400	1782726268	0.02	50.0			
2904	btc-updown-15m-1782725400	1782726253	0.8435361193	30.941173			
2905	btc-updown-15m-1782725400	1782726253	0.84	18.83			
2906	btc-updown-15m-1782725400	1782726253	0.85	29.85			
2907	btc-updown-15m-1782725400	1782726247	0.19	6.3			
2908	btc-updown-15m-1782725400	1782726206	0.91	5.0			
2909	btc-updown-15m-1782725400	1782726196	0.05	30.0			
2910	btc-updown-15m-1782725400	1782726166	0.2	30.0			
2911	btc-updown-15m-1782725400	1782726151	0.09	20.0			
2912	btc-updown-15m-1782725400	1782726151	0.09	30.0			
2913	btc-updown-15m-1782725400	1782726149	0.09	30.0			
2914	btc-updown-15m-1782725400	1782726139	0.72	10.67			
2915	btc-updown-15m-1782725400	1782726137	0.29	14.34			
2916	btc-updown-15m-1782725400	1782726130	0.56	30.0			
2917	btc-updown-15m-1782725400	1782726130	0.55	16.9			
2918	btc-updown-15m-1782725400	1782726127	0.38	5.0			
2919	btc-updown-15m-1782725400	1782726098	0.63	30.0			
2920	btc-updown-15m-1782725400	1782726095	0.59	30.0			
2921	btc-updown-15m-1782725400	1782726086	0.34	24.0			
2922	btc-updown-15m-1782725400	1782726083	0.33	20.0			
2923	btc-updown-15m-1782725400	1782726053	0.65	30.0			
2924	btc-updown-15m-1782725400	1782726052	0.62	5.0			
2925	btc-updown-15m-1782725400	1782726050	0.58	5.0			
2926	btc-updown-15m-1782725400	1782726008	0.45	30.0			
2927	btc-updown-15m-1782725400	1782726004	0.55	30.0			
2928	btc-updown-15m-1782725400	1782726001	0.56	30.0			
2929	btc-updown-15m-1782725400	1782725998	0.59	30.0			
2930	btc-updown-15m-1782725400	1782725983	0.61	25.83			
2931	btc-updown-15m-1782725400	1782725977	0.63	30.0			
2932	btc-updown-15m-1782725400	1782725954	0.49	30.0			
2933	btc-updown-15m-1782725400	1782725866	0.59	17.87			
2934	btc-updown-15m-1782725400	1782725863	0.37	30.0			
2935	btc-updown-15m-1782725400	1782725830	0.6	30.0			
2936	btc-updown-15m-1782725400	1782725777	0.41	30.0			
2937	btc-updown-15m-1782725400	1782725776	0.4	17.06			
2938	btc-updown-15m-1782725400	1782725750	0.66	6.5			
2939	btc-updown-15m-1782725400	1782725734	0.5	30.0			
2940	btc-updown-15m-1782725400	1782725674	0.64	30.0			
2941	btc-updown-15m-1782725400	1782725594	0.46	30.0			
2942	btc-updown-15m-1782725400	1782725578	0.62	5.0			
2943	btc-updown-15m-1782725400	1782725473	0.61	1.09			
2944	btc-updown-15m-1782724500	1782725387	0.2	30.0			
2945	btc-updown-15m-1782724500	1782725374	0.27	18.5			
2946	btc-updown-15m-1782724500	1782725369	0.59	30.0			
2947	btc-updown-15m-1782724500	1782725369	0.5899999977	30.508473			
2948	btc-updown-15m-1782724500	1782725369	0.6	30.0			
2949	btc-updown-15m-1782724500	1782725348	0.6	30.0			
2950	btc-updown-15m-1782724500	1782725348	0.59	3.86			
2951	btc-updown-15m-1782724500	1782725347	0.59	30.0			
2952	btc-updown-15m-1782724500	1782725347	0.43	30.0			
2953	btc-updown-15m-1782724500	1782725342	0.41	30.0			
2954	btc-updown-15m-1782724500	1782725330	0.66	5.0			
2955	btc-updown-15m-1782724500	1782725318	0.62	6.73			
2956	btc-updown-15m-1782724500	1782725308	0.6	30.0			
2957	btc-updown-15m-1782724500	1782725300	0.58	30.0			
2958	btc-updown-15m-1782724500	1782725263	0.7299999951	30.410955			
2959	btc-updown-15m-1782724500	1782725234	0.94	30.0			
2960	btc-updown-15m-1782724500	1782725228	0.95	30.0			
2961	btc-updown-15m-1782724500	1782725212	0.02	3.41			
2962	btc-updown-15m-1782724500	1782725191	0.96	5.87			
2963	btc-updown-15m-1782724500	1782725188	0.96	18.08			
2964	btc-updown-15m-1782724500	1782725057	0.73	30.0			
2965	btc-updown-15m-1782724500	1782725050	0.57	10.0			
2966	btc-updown-15m-1782724500	1782725050	0.57	30.0			
2967	btc-updown-15m-1782724500	1782725048	0.57	30.0			
2968	btc-updown-15m-1782724500	1782725020	0.7	5.0			
2969	btc-updown-15m-1782724500	1782724997	0.67	15.0			
2970	btc-updown-15m-1782724500	1782724984	0.69	30.0			
2971	btc-updown-15m-1782724500	1782724973	0.28	30.0			
2972	btc-updown-15m-1782724500	1782724958	0.73	5.0			
2973	btc-updown-15m-1782724500	1782724958	0.74	6.0			
2974	btc-updown-15m-1782724500	1782724916	0.68	30.0			
2975	btc-updown-15m-1782724500	1782724913	0.28	30.0			
2976	btc-updown-15m-1782724500	1782724912	0.27	18.0			
2977	btc-updown-15m-1782724500	1782724889	0.14	30.0			
2978	btc-updown-15m-1782724500	1782724888	0.14	2.0			
2979	btc-updown-15m-1782724500	1782724814	0.73	5.0			
2980	btc-updown-15m-1782724500	1782724774	0.7399999942	30.810807			
2981	btc-updown-15m-1782724500	1782724774	0.7599999829	32.763156			
2982	btc-updown-15m-1782724500	1782724721	0.83	12.8			
2983	btc-updown-15m-1782724500	1782724720	0.83	30.0			
2984	btc-updown-15m-1782724500	1782724574	0.22	30.0			
2985	btc-updown-15m-1782724500	1782724571	0.7	10.0			
2986	btc-updown-15m-1782724500	1782724571	0.7	30.0			
2987	btc-updown-15m-1782723600	1782724376	0.96	30.0			
2988	btc-updown-15m-1782723600	1782724372	0.03	35.0			
2989	btc-updown-15m-1782723600	1782724360	0.04	30.0			
2990	btc-updown-15m-1782723600	1782724355	0.04	6.44			
2991	btc-updown-15m-1782723600	1782724351	0.9	18.65			
2992	btc-updown-15m-1782723600	1782724351	0.91	30.0			
2993	btc-updown-15m-1782723600	1782724351	0.9	30.0			
2994	btc-updown-15m-1782723600	1782724318	0.9	17.97			
2995	btc-updown-15m-1782723600	1782724306	0.85	6.32			
2996	btc-updown-15m-1782723600	1782724294	0.88	4.0			
2997	btc-updown-15m-1782723600	1782724294	0.88	30.0			
2998	btc-updown-15m-1782723600	1782724282	0.11	30.0			
2999	btc-updown-15m-1782723600	1782724262	0.19	3.57			
3000	btc-updown-15m-1782723600	1782724240	0.73	25.0			
3001	btc-updown-15m-1782723600	1782724238	0.72	8.0			
3002	btc-updown-15m-1782723600	1782724232	0.27	30.0			
3003	btc-updown-15m-1782723600	1782724231	0.74	30.0			
3004	btc-updown-15m-1782723600	1782724229	0.73	7.5			
