2026-06-06 20:10:00.032398+00	fire	poly_sniper_v5_btc_15m_ema50_ema800_off600_down	{"mode": "paper", "fired": true, "reason": "paper_fill", "fire_us": 1780776600000000, "direction": "DOWN", "stake_usd": "5", "entry_vwap": "0.6300000000000000044408920983"}
2026-06-06 20:15:45.001053+00	resolve	poly_sniper_v5_btc_15m_ema50_ema800_off600_down	{"mode": "paper", "outcome": null, "direction": "DOWN", "stake_usd": "5", "entry_vwap": "0.6300000000000000044408920983", "slot_end_us": 1780776900000000, "resolve_at_us": 1780776945000000}
2026-06-06 22:10:00.030774+00	fire	poly_sniper_v5_btc_15m_ema50_ema800_off600_down	{"mode": "paper", "fired": true, "reason": "paper_fill", "fire_us": 1780783800000000, "direction": "DOWN", "stake_usd": "5", "entry_vwap": "0.9599999999999998534505607490"}
2026-06-06 22:15:45.001188+00	resolve	poly_sniper_v5_btc_15m_ema50_ema800_off600_down	{"mode": "paper", "outcome": null, "direction": "DOWN", "stake_usd": "5", "entry_vwap": "0.9599999999999998534505607490", "slot_end_us": 1780784100000000, "resolve_at_us": 1780784145000000}
2026-06-06 22:25:00.038089+00	fire	poly_sniper_v5_btc_15m_ema50_ema800_off600_down	{"mode": "paper", "fired": true, "reason": "paper_fill", "fire_us": 1780784700000000, "direction": "DOWN", "stake_usd": "5", "entry_vwap": "0.9199999999999999289457264236"}
2026-06-06 22:30:45.001592+00	resolve	poly_sniper_v5_btc_15m_ema50_ema800_off600_down	{"mode": "paper", "outcome": null, "direction": "DOWN", "stake_usd": "5", "entry_vwap": "0.9199999999999999289457264236", "slot_end_us": 1780785000000000, "resolve_at_us": 1780785045000000}
2026-06-06 22:40:00.040757+00	fire	poly_sniper_v5_btc_15m_ema50_ema800_off600_down	{"mode": "paper", "fired": true, "reason": "paper_fill", "fire_us": 1780785600000000, "direction": "DOWN", "stake_usd": "5", "entry_vwap": "0.1100000000000000005551115123"}
2026-06-06 22:45:45.001797+00	resolve	poly_sniper_v5_btc_15m_ema50_ema800_off600_down	{"mode": "paper", "outcome": null, "direction": "DOWN", "stake_usd": "5", "entry_vwap": "0.1100000000000000005551115123", "slot_end_us": 1780785900000000, "resolve_at_us": 1780785945000000}
2026-06-07 12:25:00.026716+00	fire	poly_sniper_v5_btc_15m_ema50_ema800_off600_down	{"mode": "paper", "fired": true, "reason": "paper_fill", "fire_us": 1780835100000000, "direction": "DOWN", "stake_usd": "5", "entry_vwap": "0.8100000000000000532907051816"}
2026-06-07 12:30:45.00123+00	resolve	poly_sniper_v5_btc_15m_ema50_ema800_off600_down	{"mode": "paper", "outcome": null, "direction": "DOWN", "stake_usd": "5", "entry_vwap": "0.8100000000000000532907051816", "slot_end_us": 1780835400000000, "resolve_at_us": 1780835445000000}
2026-06-07 12:40:00.034667+00	fire	poly_sniper_v5_btc_15m_ema50_ema800_off600_down	{"mode": "paper", "fired": true, "reason": "paper_fill", "fire_us": 1780836000000000, "direction": "DOWN", "stake_usd": "5", "entry_vwap": "0.6899999999999999467092948178"}
2026-06-07 12:45:45.000701+00	resolve	poly_sniper_v5_btc_15m_ema50_ema800_off600_down	{"mode": "paper", "outcome": null, "direction": "DOWN", "stake_usd": "5", "entry_vwap": "0.6899999999999999467092948178", "slot_end_us": 1780836300000000, "resolve_at_us": 1780836345000000}
2026-06-07 12:55:00.026922+00	fire	poly_sniper_v5_btc_15m_ema50_ema800_off600_down	{"mode": "paper", "fired": true, "reason": "paper_fill", "fire_us": 1780836900000000, "direction": "DOWN", "stake_usd": "5", "entry_vwap": "0.0500000000000000027755575615"}
2026-06-07 13:00:45.001233+00	resolve	poly_sniper_v5_btc_15m_ema50_ema800_off600_down	{"mode": "paper", "outcome": null, "direction": "DOWN", "stake_usd": "5", "entry_vwap": "0.0500000000000000027755575615", "slot_end_us": 1780837200000000, "resolve_at_us": 1780837245000000}
2026-06-07 13:10:00.026968+00	fire	poly_sniper_v5_btc_15m_ema50_ema800_off600_down	{"mode": "paper", "fired": true, "reason": "paper_fill", "fire_us": 1780837800000000, "direction": "DOWN", "stake_usd": "5", "entry_vwap": "0.9599999999999998534505607490"}
2026-06-07 13:15:45.001157+00	resolve	poly_sniper_v5_btc_15m_ema50_ema800_off600_down	{"mode": "paper", "outcome": null, "direction": "DOWN", "stake_usd": "5", "entry_vwap": "0.9599999999999998534505607490", "slot_end_us": 1780838100000000, "resolve_at_us": 1780838145000000}
2026-06-07 13:25:00.028399+00	fire	poly_sniper_v5_btc_15m_ema50_ema800_off600_down	{"mode": "paper", "fired": true, "reason": "paper_fill", "fire_us": 1780838700000000, "direction": "DOWN", "stake_usd": "5", "entry_vwap": "0.7299999999999999822364316058"}
2026-06-07 13:30:45.000733+00	resolve	poly_sniper_v5_btc_15m_ema50_ema800_off600_down	{"mode": "paper", "outcome": null, "direction": "DOWN", "stake_usd": "5", "entry_vwap": "0.7299999999999999822364316058", "slot_end_us": 1780839000000000, "resolve_at_us": 1780839045000000}
2026-06-07 13:40:00.0361+00	fire	poly_sniper_v5_btc_15m_ema50_ema800_off600_down	{"mode": "paper", "fired": true, "reason": "paper_fill", "fire_us": 1780839600000000, "direction": "DOWN", "stake_usd": "5", "entry_vwap": "0.9000000000000000222044604922"}
2026-06-07 13:45:45.001665+00	resolve	poly_sniper_v5_btc_15m_ema50_ema800_off600_down	{"mode": "paper", "outcome": null, "direction": "DOWN", "stake_usd": "5", "entry_vwap": "0.9000000000000000222044604922", "slot_end_us": 1780839900000000, "resolve_at_us": 1780839945000000}
2026-06-07 13:55:00.057623+00	fire	poly_sniper_v5_btc_15m_ema50_ema800_off600_down	{"mode": "paper", "fired": true, "reason": "paper_fill", "fire_us": 1780840500000000, "direction": "DOWN", "stake_usd": "5", "entry_vwap": "0.5899999999999999689137553103"}
2026-06-07 14:00:45.001226+00	resolve	poly_sniper_v5_btc_15m_ema50_ema800_off600_down	{"mode": "paper", "outcome": null, "direction": "DOWN", "stake_usd": "5", "entry_vwap": "0.5899999999999999689137553103", "slot_end_us": 1780840800000000, "resolve_at_us": 1780840845000000}
2026-06-07 14:10:00.036557+00	fire	poly_sniper_v5_btc_15m_ema50_ema800_off600_down	{"mode": "paper", "fired": true, "reason": "paper_fill", "fire_us": 1780841400000000, "direction": "DOWN", "stake_usd": "5", "entry_vwap": "0.1700000000000000122124532708"}
2026-06-07 14:15:45.002046+00	resolve	poly_sniper_v5_btc_15m_ema50_ema800_off600_down	{"mode": "paper", "outcome": null, "direction": "DOWN", "stake_usd": "5", "entry_vwap": "0.1700000000000000122124532708", "slot_end_us": 1780841700000000, "resolve_at_us": 1780841745000000}
2026-06-07 14:55:00.128836+00	fire	poly_sniper_v5_btc_15m_ema50_ema800_off600_down	{"mode": "paper", "fired": true, "reason": "paper_fill", "fire_us": 1780844100000000, "direction": "DOWN", "stake_usd": "5", "entry_vwap": "0.9100000000000000310862446891"}
2026-06-07 15:00:45.003593+00	resolve	poly_sniper_v5_btc_15m_ema50_ema800_off600_down	{"mode": "paper", "outcome": null, "direction": "DOWN", "stake_usd": "5", "entry_vwap": "0.9100000000000000310862446891", "slot_end_us": 1780844400000000, "resolve_at_us": 1780844445000000}
2026-06-07 15:10:00.032184+00	fire	poly_sniper_v5_btc_15m_ema50_ema800_off600_down	{"mode": "paper", "fired": true, "reason": "paper_fill", "fire_us": 1780845000000000, "direction": "DOWN", "stake_usd": "5", "entry_vwap": "0.8900000000000001243449787578"}
2026-06-07 15:15:45.001458+00	resolve	poly_sniper_v5_btc_15m_ema50_ema800_off600_down	{"mode": "paper", "outcome": null, "direction": "DOWN", "stake_usd": "5", "entry_vwap": "0.8900000000000001243449787578", "slot_end_us": 1780845300000000, "resolve_at_us": 1780845345000000}
2026-06-07 15:25:00.037293+00	fire	poly_sniper_v5_btc_15m_ema50_ema800_off600_down	{"mode": "paper", "fired": true, "reason": "paper_fill", "fire_us": 1780845900000000, "direction": "DOWN", "stake_usd": "5", "entry_vwap": "0.4599999999999999644728632118"}
2026-06-07 15:30:45.001074+00	resolve	poly_sniper_v5_btc_15m_ema50_ema800_off600_down	{"mode": "paper", "outcome": null, "direction": "DOWN", "stake_usd": "5", "entry_vwap": "0.4599999999999999644728632118", "slot_end_us": 1780846200000000, "resolve_at_us": 1780846245000000}
2026-06-07 16:10:00.028208+00	fire	poly_sniper_v5_btc_15m_ema50_ema800_off600_down	{"mode": "paper", "fired": true, "reason": "paper_fill", "fire_us": 1780848600000000, "direction": "DOWN", "stake_usd": "5", "entry_vwap": "0.8600000000000000976996261666"}
2026-06-07 16:15:45.00168+00	resolve	poly_sniper_v5_btc_15m_ema50_ema800_off600_down	{"mode": "paper", "outcome": null, "direction": "DOWN", "stake_usd": "5", "entry_vwap": "0.8600000000000000976996261666", "slot_end_us": 1780848900000000, "resolve_at_us": 1780848945000000}
2026-06-07 19:25:00.034345+00	fire	poly_sniper_v5_btc_15m_ema50_ema800_off600_down	{"mode": "paper", "fired": true, "reason": "paper_fill", "fire_us": 1780860300000000, "direction": "DOWN", "stake_usd": "5", "entry_vwap": "0.9400000000000000577315972801"}
2026-06-07 19:30:45.001182+00	resolve	poly_sniper_v5_btc_15m_ema50_ema800_off600_down	{"mode": "paper", "outcome": null, "direction": "DOWN", "stake_usd": "5", "entry_vwap": "0.9400000000000000577315972801", "slot_end_us": 1780860600000000, "resolve_at_us": 1780860645000000}
2026-06-07 19:40:00.037449+00	fire	poly_sniper_v5_btc_15m_ema50_ema800_off600_down	{"mode": "paper", "fired": true, "reason": "paper_fill", "fire_us": 1780861200000000, "direction": "DOWN", "stake_usd": "5", "entry_vwap": "0.9699999999999999733546474086"}
2026-06-07 19:45:45.00297+00	resolve	poly_sniper_v5_btc_15m_ema50_ema800_off600_down	{"mode": "paper", "outcome": null, "direction": "DOWN", "stake_usd": "5", "entry_vwap": "0.9699999999999999733546474086", "slot_end_us": 1780861500000000, "resolve_at_us": 1780861545000000}
2026-06-07 19:55:00.039279+00	fire	poly_sniper_v5_btc_15m_ema50_ema800_off600_down	{"mode": "paper", "fired": true, "reason": "paper_fill", "fire_us": 1780862100000000, "direction": "DOWN", "stake_usd": "5", "entry_vwap": "0.1499999999999999944488848768"}
2026-06-07 20:00:45.001479+00	resolve	poly_sniper_v5_btc_15m_ema50_ema800_off600_down	{"mode": "paper", "outcome": null, "direction": "DOWN", "stake_usd": "5", "entry_vwap": "0.1499999999999999944488848768", "slot_end_us": 1780862400000000, "resolve_at_us": 1780862445000000}
2026-06-07 21:10:00.032406+00	fire	poly_sniper_v5_btc_15m_ema50_ema800_off600_down	{"mode": "paper", "fired": true, "reason": "paper_fill", "fire_us": 1780866600000000, "direction": "DOWN", "stake_usd": "5", "entry_vwap": "0.9100000000000000310862446891"}
2026-06-07 21:15:45.000903+00	resolve	poly_sniper_v5_btc_15m_ema50_ema800_off600_down	{"mode": "paper", "outcome": null, "direction": "DOWN", "stake_usd": "5", "entry_vwap": "0.9100000000000000310862446891", "slot_end_us": 1780866900000000, "resolve_at_us": 1780866945000000}
2026-06-07 21:25:00.030136+00	fire	poly_sniper_v5_btc_15m_ema50_ema800_off600_down	{"mode": "paper", "fired": true, "reason": "paper_fill", "fire_us": 1780867500000000, "direction": "DOWN", "stake_usd": "5", "entry_vwap": "0.9400000000000000577315972801"}
2026-06-07 21:30:45.002144+00	resolve	poly_sniper_v5_btc_15m_ema50_ema800_off600_down	{"mode": "paper", "outcome": null, "direction": "DOWN", "stake_usd": "5", "entry_vwap": "0.9400000000000000577315972801", "slot_end_us": 1780867800000000, "resolve_at_us": 1780867845000000}
2026-06-07 21:40:00.031462+00	fire	poly_sniper_v5_btc_15m_ema50_ema800_off600_down	{"mode": "paper", "fired": true, "reason": "paper_fill", "fire_us": 1780868400000000, "direction": "DOWN", "stake_usd": "5", "entry_vwap": "0.3599999999999999866773237044"}
2026-06-07 21:45:45.000977+00	resolve	poly_sniper_v5_btc_15m_ema50_ema800_off600_down	{"mode": "paper", "outcome": null, "direction": "DOWN", "stake_usd": "5", "entry_vwap": "0.3599999999999999866773237044", "slot_end_us": 1780868700000000, "resolve_at_us": 1780868745000000}
2026-06-07 21:55:00.028067+00	fire	poly_sniper_v5_btc_15m_ema50_ema800_off600_down	{"mode": "paper", "fired": true, "reason": "paper_fill", "fire_us": 1780869300000000, "direction": "DOWN", "stake_usd": "5", "entry_vwap": "0.7700000000000000177635683938"}
2026-06-07 22:00:45.001346+00	resolve	poly_sniper_v5_btc_15m_ema50_ema800_off600_down	{"mode": "paper", "outcome": null, "direction": "DOWN", "stake_usd": "5", "entry_vwap": "0.7700000000000000177635683938", "slot_end_us": 1780869600000000, "resolve_at_us": 1780869645000000}
2026-06-08 05:10:00.025456+00	fire	poly_sniper_v5_btc_15m_ema50_ema800_off600_down	{"mode": "paper", "fired": true, "reason": "paper_fill", "fire_us": 1780895400000000, "direction": "DOWN", "stake_usd": "5", "entry_vwap": "0.4899999999999999911182158028"}
2026-06-08 05:15:45.001227+00	resolve	poly_sniper_v5_btc_15m_ema50_ema800_off600_down	{"mode": "paper", "outcome": null, "direction": "DOWN", "stake_usd": "5", "entry_vwap": "0.4899999999999999911182158028", "slot_end_us": 1780895700000000, "resolve_at_us": 1780895745000000}
2026-06-08 05:25:00.026562+00	fire	poly_sniper_v5_btc_15m_ema50_ema800_off600_down	{"mode": "paper", "fired": true, "reason": "paper_fill", "fire_us": 1780896300000000, "direction": "DOWN", "stake_usd": "5", "entry_vwap": "0.2899999999999999800159855566"}
2026-06-08 05:30:45.001519+00	resolve	poly_sniper_v5_btc_15m_ema50_ema800_off600_down	{"mode": "paper", "outcome": null, "direction": "DOWN", "stake_usd": "5", "entry_vwap": "0.2899999999999999800159855566", "slot_end_us": 1780896600000000, "resolve_at_us": 1780896645000000}
2026-06-08 05:40:00.033842+00	fire	poly_sniper_v5_btc_15m_ema50_ema800_off600_down	{"mode": "paper", "fired": true, "reason": "paper_fill", "fire_us": 1780897200000000, "direction": "DOWN", "stake_usd": "5", "entry_vwap": "0.9900000000000001021405182651"}
2026-06-08 05:45:45.001092+00	resolve	poly_sniper_v5_btc_15m_ema50_ema800_off600_down	{"mode": "paper", "outcome": null, "direction": "DOWN", "stake_usd": "5", "entry_vwap": "0.9900000000000001021405182651", "slot_end_us": 1780897500000000, "resolve_at_us": 1780897545000000}
2026-06-08 05:55:00.028675+00	fire	poly_sniper_v5_btc_15m_ema50_ema800_off600_down	{"mode": "paper", "fired": true, "reason": "paper_fill", "fire_us": 1780898100000000, "direction": "DOWN", "stake_usd": "5", "entry_vwap": "0.0200000000000000004163336342"}
2026-06-08 06:00:45.00159+00	resolve	poly_sniper_v5_btc_15m_ema50_ema800_off600_down	{"mode": "paper", "outcome": null, "direction": "DOWN", "stake_usd": "5", "entry_vwap": "0.0200000000000000004163336342", "slot_end_us": 1780898400000000, "resolve_at_us": 1780898445000000}
2026-06-08 12:25:00.036167+00	fire	poly_sniper_v5_btc_15m_ema50_ema800_off600_down	{"mode": "paper", "fired": true, "reason": "paper_fill", "fire_us": 1780921500000000, "direction": "DOWN", "stake_usd": "5", "entry_vwap": "0.0400000000000000008326672685"}
2026-06-08 12:30:45.001555+00	resolve	poly_sniper_v5_btc_15m_ema50_ema800_off600_down	{"mode": "paper", "outcome": null, "direction": "DOWN", "stake_usd": "5", "entry_vwap": "0.0400000000000000008326672685", "slot_end_us": 1780921800000000, "resolve_at_us": 1780921845000000}
2026-06-08 17:40:00.03044+00	fire	poly_sniper_v5_btc_15m_ema50_ema800_off600_down	{"mode": "paper", "fired": true, "reason": "paper_fill", "fire_us": 1780940400000000, "direction": "DOWN", "stake_usd": "5", "entry_vwap": "0.9699999999999999733546474086"}
2026-06-08 17:45:45.000749+00	resolve	poly_sniper_v5_btc_15m_ema50_ema800_off600_down	{"mode": "paper", "outcome": null, "direction": "DOWN", "stake_usd": "5", "entry_vwap": "0.9699999999999999733546474086", "slot_end_us": 1780940700000000, "resolve_at_us": 1780940745000000}
2026-06-08 18:55:00.040323+00	fire	poly_sniper_v5_btc_15m_ema50_ema800_off600_down	{"mode": "paper", "fired": true, "reason": "paper_fill", "fire_us": 1780944900000000, "direction": "DOWN", "stake_usd": "5", "entry_vwap": "0.9100000000000000310862446891"}
2026-06-08 19:00:45.001083+00	resolve	poly_sniper_v5_btc_15m_ema50_ema800_off600_down	{"mode": "paper", "outcome": null, "direction": "DOWN", "stake_usd": "5", "entry_vwap": "0.9100000000000000310862446891", "slot_end_us": 1780945200000000, "resolve_at_us": 1780945245000000}
2026-06-08 19:55:00.040354+00	fire	poly_sniper_v5_btc_15m_ema50_ema800_off600_down	{"mode": "paper", "fired": true, "reason": "paper_fill", "fire_us": 1780948500000000, "direction": "DOWN", "stake_usd": "5", "entry_vwap": "0.8600000000000000976996261666"}
2026-06-08 20:00:45.000927+00	resolve	poly_sniper_v5_btc_15m_ema50_ema800_off600_down	{"mode": "paper", "outcome": null, "direction": "DOWN", "stake_usd": "5", "entry_vwap": "0.8600000000000000976996261666", "slot_end_us": 1780948800000000, "resolve_at_us": 1780948845000000}
2026-06-08 20:10:00.03651+00	fire	poly_sniper_v5_btc_15m_ema50_ema800_off600_down	{"mode": "paper", "fired": true, "reason": "paper_fill", "fire_us": 1780949400000000, "direction": "DOWN", "stake_usd": "5", "entry_vwap": "0.6899999999999999467092948178"}
2026-06-08 20:15:45.001012+00	resolve	poly_sniper_v5_btc_15m_ema50_ema800_off600_down	{"mode": "paper", "outcome": null, "direction": "DOWN", "stake_usd": "5", "entry_vwap": "0.6899999999999999467092948178", "slot_end_us": 1780949700000000, "resolve_at_us": 1780949745000000}
2026-06-08 20:25:00.029812+00	fire	poly_sniper_v5_btc_15m_ema50_ema800_off600_down	{"mode": "paper", "fired": true, "reason": "paper_fill", "fire_us": 1780950300000000, "direction": "DOWN", "stake_usd": "5", "entry_vwap": "0.3400000000000000244249065416"}
2026-06-08 20:30:45.001448+00	resolve	poly_sniper_v5_btc_15m_ema50_ema800_off600_down	{"mode": "paper", "outcome": null, "direction": "DOWN", "stake_usd": "5", "entry_vwap": "0.3400000000000000244249065416", "slot_end_us": 1780950600000000, "resolve_at_us": 1780950645000000}
2026-06-08 22:25:00.037247+00	fire	poly_sniper_v5_btc_15m_ema50_ema800_off600_down	{"mode": "paper", "fired": true, "reason": "paper_fill", "fire_us": 1780957500000000, "direction": "DOWN", "stake_usd": "5", "entry_vwap": "0.2299999999999999822364316059"}
2026-06-08 22:30:45.001288+00	resolve	poly_sniper_v5_btc_15m_ema50_ema800_off600_down	{"mode": "paper", "outcome": null, "direction": "DOWN", "stake_usd": "5", "entry_vwap": "0.2299999999999999822364316059", "slot_end_us": 1780957800000000, "resolve_at_us": 1780957845000000}
2026-06-08 22:40:00.031711+00	fire	poly_sniper_v5_btc_15m_ema50_ema800_off600_down	{"mode": "paper", "fired": true, "reason": "paper_fill", "fire_us": 1780958400000000, "direction": "DOWN", "stake_usd": "5", "entry_vwap": "0.7600000000000000088817841968"}
2026-06-08 22:45:45.001586+00	resolve	poly_sniper_v5_btc_15m_ema50_ema800_off600_down	{"mode": "paper", "outcome": null, "direction": "DOWN", "stake_usd": "5", "entry_vwap": "0.7600000000000000088817841968", "slot_end_us": 1780958700000000, "resolve_at_us": 1780958745000000}
2026-06-08 22:55:00.168235+00	fire	poly_sniper_v5_btc_15m_ema50_ema800_off600_down	{"mode": "paper", "fired": true, "reason": "paper_fill", "fire_us": 1780959300000000, "direction": "DOWN", "stake_usd": "5", "entry_vwap": "0.2800000000000000266453525909"}
2026-06-08 23:00:45.00133+00	resolve	poly_sniper_v5_btc_15m_ema50_ema800_off600_down	{"mode": "paper", "outcome": null, "direction": "DOWN", "stake_usd": "5", "entry_vwap": "0.2800000000000000266453525909", "slot_end_us": 1780959600000000, "resolve_at_us": 1780959645000000}
2026-06-08 23:25:00.032511+00	fire	poly_sniper_v5_btc_15m_ema50_ema800_off600_down	{"mode": "paper", "fired": true, "reason": "paper_fill", "fire_us": 1780961100000000, "direction": "DOWN", "stake_usd": "5", "entry_vwap": "0.9969999999999999973354647406"}
2026-06-08 23:30:45.000896+00	resolve	poly_sniper_v5_btc_15m_ema50_ema800_off600_down	{"mode": "paper", "outcome": null, "direction": "DOWN", "stake_usd": "5", "entry_vwap": "0.9969999999999999973354647406", "slot_end_us": 1780961400000000, "resolve_at_us": 1780961445000000}
2026-06-08 23:40:00.031578+00	fire	poly_sniper_v5_btc_15m_ema50_ema800_off600_down	{"mode": "paper", "fired": true, "reason": "paper_fill", "fire_us": 1780962000000000, "direction": "DOWN", "stake_usd": "5", "entry_vwap": "0.7199999999999999733546474088"}
2026-06-08 23:45:45.002164+00	resolve	poly_sniper_v5_btc_15m_ema50_ema800_off600_down	{"mode": "paper", "outcome": null, "direction": "DOWN", "stake_usd": "5", "entry_vwap": "0.7199999999999999733546474088", "slot_end_us": 1780962300000000, "resolve_at_us": 1780962345000000}
2026-06-08 23:55:00.025068+00	fire	poly_sniper_v5_btc_15m_ema50_ema800_off600_down	{"mode": "paper", "fired": true, "reason": "paper_fill", "fire_us": 1780962900000000, "direction": "DOWN", "stake_usd": "5", "entry_vwap": "0.9199999999999999289457264236"}
2026-06-09 00:00:45.00058+00	resolve	poly_sniper_v5_btc_15m_ema50_ema800_off600_down	{"mode": "paper", "outcome": null, "direction": "DOWN", "stake_usd": "5", "entry_vwap": "0.9199999999999999289457264236", "slot_end_us": 1780963200000000, "resolve_at_us": 1780963245000000}
2026-06-09 00:10:00.033978+00	fire	poly_sniper_v5_btc_15m_ema50_ema800_off600_down	{"mode": "paper", "fired": true, "reason": "paper_fill", "fire_us": 1780963800000000, "direction": "DOWN", "stake_usd": "5", "entry_vwap": "0.6899999999999999467092948178"}
2026-06-09 00:15:45.001491+00	resolve	poly_sniper_v5_btc_15m_ema50_ema800_off600_down	{"mode": "paper", "outcome": null, "direction": "DOWN", "stake_usd": "5", "entry_vwap": "0.6899999999999999467092948178", "slot_end_us": 1780964100000000, "resolve_at_us": 1780964145000000}
2026-06-09 00:25:00.042595+00	fire	poly_sniper_v5_btc_15m_ema50_ema800_off600_down	{"mode": "paper", "fired": true, "reason": "paper_fill", "fire_us": 1780964700000000, "direction": "DOWN", "stake_usd": "5", "entry_vwap": "0.8299999999999999600319711132"}
2026-06-09 00:30:45.000737+00	resolve	poly_sniper_v5_btc_15m_ema50_ema800_off600_down	{"mode": "paper", "outcome": null, "direction": "DOWN", "stake_usd": "5", "entry_vwap": "0.8299999999999999600319711132", "slot_end_us": 1780965000000000, "resolve_at_us": 1780965045000000}
2026-06-09 00:40:00.029304+00	fire	poly_sniper_v5_btc_15m_ema50_ema800_off600_down	{"mode": "paper", "fired": true, "reason": "paper_fill", "fire_us": 1780965600000000, "direction": "DOWN", "stake_usd": "5", "entry_vwap": "0.8600000000000000976996261666"}
2026-06-09 00:45:45.001242+00	resolve	poly_sniper_v5_btc_15m_ema50_ema800_off600_down	{"mode": "paper", "outcome": null, "direction": "DOWN", "stake_usd": "5", "entry_vwap": "0.8600000000000000976996261666", "slot_end_us": 1780965900000000, "resolve_at_us": 1780965945000000}
2026-06-09 00:55:00.029587+00	fire	poly_sniper_v5_btc_15m_ema50_ema800_off600_down	{"mode": "paper", "fired": true, "reason": "paper_fill", "fire_us": 1780966500000000, "direction": "DOWN", "stake_usd": "5", "entry_vwap": "0.9000000000000000222044604922"}
2026-06-09 01:00:45.001373+00	resolve	poly_sniper_v5_btc_15m_ema50_ema800_off600_down	{"mode": "paper", "outcome": null, "direction": "DOWN", "stake_usd": "5", "entry_vwap": "0.9000000000000000222044604922", "slot_end_us": 1780966800000000, "resolve_at_us": 1780966845000000}
2026-06-09 01:10:00.033242+00	fire	poly_sniper_v5_btc_15m_ema50_ema800_off600_down	{"mode": "paper", "fired": true, "reason": "paper_fill", "fire_us": 1780967400000000, "direction": "DOWN", "stake_usd": "5", "entry_vwap": "0.1700000000000000122124532708"}
2026-06-09 01:15:45.001325+00	resolve	poly_sniper_v5_btc_15m_ema50_ema800_off600_down	{"mode": "paper", "outcome": null, "direction": "DOWN", "stake_usd": "5", "entry_vwap": "0.1700000000000000122124532708", "slot_end_us": 1780967700000000, "resolve_at_us": 1780967745000000}
2026-06-09 01:40:00.155928+00	fire	poly_sniper_v5_btc_15m_ema50_ema800_off600_down	{"mode": "paper", "fired": true, "reason": "paper_fill", "fire_us": 1780969200000000, "direction": "DOWN", "stake_usd": "5", "entry_vwap": "0.4899999999999999911182158028"}
2026-06-09 01:45:45.001269+00	resolve	poly_sniper_v5_btc_15m_ema50_ema800_off600_down	{"mode": "paper", "outcome": null, "direction": "DOWN", "stake_usd": "5", "entry_vwap": "0.4899999999999999911182158028", "slot_end_us": 1780969500000000, "resolve_at_us": 1780969545000000}
2026-06-09 02:25:00.032973+00	fire	poly_sniper_v5_btc_15m_ema50_ema800_off600_down	{"mode": "paper", "fired": true, "reason": "paper_fill", "fire_us": 1780971900000000, "direction": "DOWN", "stake_usd": "5", "entry_vwap": "0.7299999999999999822364316058"}
2026-06-09 02:30:45.000906+00	resolve	poly_sniper_v5_btc_15m_ema50_ema800_off600_down	{"mode": "paper", "outcome": null, "direction": "DOWN", "stake_usd": "5", "entry_vwap": "0.7299999999999999822364316058", "slot_end_us": 1780972200000000, "resolve_at_us": 1780972245000000}
2026-06-09 02:40:00.029154+00	fire	poly_sniper_v5_btc_15m_ema50_ema800_off600_down	{"mode": "paper", "fired": true, "reason": "paper_fill", "fire_us": 1780972800000000, "direction": "DOWN", "stake_usd": "5", "entry_vwap": "0.9799999999999999822364316056"}
2026-06-09 02:45:45.003513+00	resolve	poly_sniper_v5_btc_15m_ema50_ema800_off600_down	{"mode": "paper", "outcome": null, "direction": "DOWN", "stake_usd": "5", "entry_vwap": "0.9799999999999999822364316056", "slot_end_us": 1780973100000000, "resolve_at_us": 1780973145000000}
2026-06-09 03:40:00.027557+00	fire	poly_sniper_v5_btc_15m_ema50_ema800_off600_down	{"mode": "paper", "fired": true, "reason": "paper_fill", "fire_us": 1780976400000000, "direction": "DOWN", "stake_usd": "5", "entry_vwap": "0.8399999999999999689137553101"}
2026-06-09 03:45:45.00091+00	resolve	poly_sniper_v5_btc_15m_ema50_ema800_off600_down	{"mode": "paper", "outcome": null, "direction": "DOWN", "stake_usd": "5", "entry_vwap": "0.8399999999999999689137553101", "slot_end_us": 1780976700000000, "resolve_at_us": 1780976745000000}
2026-06-09 03:55:00.029207+00	fire	poly_sniper_v5_btc_15m_ema50_ema800_off600_down	{"mode": "paper", "fired": true, "reason": "paper_fill", "fire_us": 1780977300000000, "direction": "DOWN", "stake_usd": "5", "entry_vwap": "0.8800000000000000044408920982"}
2026-06-09 04:00:45.001038+00	resolve	poly_sniper_v5_btc_15m_ema50_ema800_off600_down	{"mode": "paper", "outcome": null, "direction": "DOWN", "stake_usd": "5", "entry_vwap": "0.8800000000000000044408920982", "slot_end_us": 1780977600000000, "resolve_at_us": 1780977645000000}
2026-06-09 05:10:00.027271+00	fire	poly_sniper_v5_btc_15m_ema50_ema800_off600_down	{"mode": "paper", "fired": true, "reason": "paper_fill", "fire_us": 1780981800000000, "direction": "DOWN", "stake_usd": "5", "entry_vwap": "0.9300000000000000488498130831"}
2026-06-09 05:15:45.000877+00	resolve	poly_sniper_v5_btc_15m_ema50_ema800_off600_down	{"mode": "paper", "outcome": null, "direction": "DOWN", "stake_usd": "5", "entry_vwap": "0.9300000000000000488498130831", "slot_end_us": 1780982100000000, "resolve_at_us": 1780982145000000}
2026-06-09 07:40:00.030798+00	fire	poly_sniper_v5_btc_15m_ema50_ema800_off600_down	{"mode": "paper", "fired": true, "reason": "paper_fill", "fire_us": 1780990800000000, "direction": "DOWN", "stake_usd": "5", "entry_vwap": "0.0400000000000000008326672685"}
2026-06-09 07:45:45.000951+00	resolve	poly_sniper_v5_btc_15m_ema50_ema800_off600_down	{"mode": "paper", "outcome": null, "direction": "DOWN", "stake_usd": "5", "entry_vwap": "0.0400000000000000008326672685", "slot_end_us": 1780991100000000, "resolve_at_us": 1780991145000000}
2026-06-09 07:55:00.036016+00	fire	poly_sniper_v5_btc_15m_ema50_ema800_off600_down	{"mode": "paper", "fired": true, "reason": "paper_fill", "fire_us": 1780991700000000, "direction": "DOWN", "stake_usd": "5", "entry_vwap": "0.4700000000000000288657986401"}
2026-06-09 08:00:45.0007+00	resolve	poly_sniper_v5_btc_15m_ema50_ema800_off600_down	{"mode": "paper", "outcome": null, "direction": "DOWN", "stake_usd": "5", "entry_vwap": "0.4700000000000000288657986401", "slot_end_us": 1780992000000000, "resolve_at_us": 1780992045000000}
2026-06-09 08:10:00.035953+00	fire	poly_sniper_v5_btc_15m_ema50_ema800_off600_down	{"mode": "paper", "fired": true, "reason": "paper_fill", "fire_us": 1780992600000000, "direction": "DOWN", "stake_usd": "5", "entry_vwap": "0.9989999999999999991118215797"}
2026-06-09 08:15:45.001881+00	resolve	poly_sniper_v5_btc_15m_ema50_ema800_off600_down	{"mode": "paper", "outcome": null, "direction": "DOWN", "stake_usd": "5", "entry_vwap": "0.9989999999999999991118215797", "slot_end_us": 1780992900000000, "resolve_at_us": 1780992945000000}
2026-06-09 08:25:00.030925+00	fire	poly_sniper_v5_btc_15m_ema50_ema800_off600_down	{"mode": "paper", "fired": true, "reason": "paper_fill", "fire_us": 1780993500000000, "direction": "DOWN", "stake_usd": "5", "entry_vwap": "0.4230769230769230726529883667"}
2026-06-09 08:30:45.00129+00	resolve	poly_sniper_v5_btc_15m_ema50_ema800_off600_down	{"mode": "paper", "outcome": null, "direction": "DOWN", "stake_usd": "5", "entry_vwap": "0.4230769230769230726529883667", "slot_end_us": 1780993800000000, "resolve_at_us": 1780993845000000}
2026-06-09 08:40:00.033599+00	fire	poly_sniper_v5_btc_15m_ema50_ema800_off600_down	{"mode": "paper", "fired": true, "reason": "paper_fill", "fire_us": 1780994400000000, "direction": "DOWN", "stake_usd": "5", "entry_vwap": "0.1000000000000000055511151231"}
2026-06-09 08:45:45.001078+00	resolve	poly_sniper_v5_btc_15m_ema50_ema800_off600_down	{"mode": "paper", "outcome": null, "direction": "DOWN", "stake_usd": "5", "entry_vwap": "0.1000000000000000055511151231", "slot_end_us": 1780994700000000, "resolve_at_us": 1780994745000000}
2026-06-09 08:55:00.030095+00	fire	poly_sniper_v5_btc_15m_ema50_ema800_off600_down	{"mode": "paper", "fired": true, "reason": "paper_fill", "fire_us": 1780995300000000, "direction": "DOWN", "stake_usd": "5", "entry_vwap": "0.7399999999999999911182158027"}
2026-06-09 09:00:45.000829+00	resolve	poly_sniper_v5_btc_15m_ema50_ema800_off600_down	{"mode": "paper", "outcome": null, "direction": "DOWN", "stake_usd": "5", "entry_vwap": "0.7399999999999999911182158027", "slot_end_us": 1780995600000000, "resolve_at_us": 1780995645000000}
2026-06-09 09:10:00.026122+00	fire	poly_sniper_v5_btc_15m_ema50_ema800_off600_down	{"mode": "paper", "fired": true, "reason": "paper_fill", "fire_us": 1780996200000000, "direction": "DOWN", "stake_usd": "5", "entry_vwap": "0.8900000000000001243449787578"}
2026-06-09 09:15:45.001528+00	resolve	poly_sniper_v5_btc_15m_ema50_ema800_off600_down	{"mode": "paper", "outcome": null, "direction": "DOWN", "stake_usd": "5", "entry_vwap": "0.8900000000000001243449787578", "slot_end_us": 1780996500000000, "resolve_at_us": 1780996545000000}
2026-06-09 09:25:00.02648+00	fire	poly_sniper_v5_btc_15m_ema50_ema800_off600_down	{"mode": "paper", "fired": true, "reason": "paper_fill", "fire_us": 1780997100000000, "direction": "DOWN", "stake_usd": "5", "entry_vwap": "0.5"}
2026-06-09 09:30:45.00094+00	resolve	poly_sniper_v5_btc_15m_ema50_ema800_off600_down	{"mode": "paper", "outcome": null, "direction": "DOWN", "stake_usd": "5", "entry_vwap": "0.5", "slot_end_us": 1780997400000000, "resolve_at_us": 1780997445000000}
2026-06-09 09:40:00.034118+00	fire	poly_sniper_v5_btc_15m_ema50_ema800_off600_down	{"mode": "paper", "fired": true, "reason": "paper_fill", "fire_us": 1780998000000000, "direction": "DOWN", "stake_usd": "5", "entry_vwap": "0.9799999999999999822364316056"}
2026-06-09 09:45:45.00084+00	resolve	poly_sniper_v5_btc_15m_ema50_ema800_off600_down	{"mode": "paper", "outcome": null, "direction": "DOWN", "stake_usd": "5", "entry_vwap": "0.9799999999999999822364316056", "slot_end_us": 1780998300000000, "resolve_at_us": 1780998345000000}
2026-06-09 09:55:00.030808+00	fire	poly_sniper_v5_btc_15m_ema50_ema800_off600_down	{"mode": "paper", "fired": true, "reason": "paper_fill", "fire_us": 1780998900000000, "direction": "DOWN", "stake_usd": "5", "entry_vwap": "0.5200000000000000177635683938"}
2026-06-09 10:00:45.000995+00	resolve	poly_sniper_v5_btc_15m_ema50_ema800_off600_down	{"mode": "paper", "outcome": null, "direction": "DOWN", "stake_usd": "5", "entry_vwap": "0.5200000000000000177635683938", "slot_end_us": 1780999200000000, "resolve_at_us": 1780999245000000}
2026-06-09 10:10:00.031526+00	fire	poly_sniper_v5_btc_15m_ema50_ema800_off600_down	{"mode": "paper", "fired": true, "reason": "paper_fill", "fire_us": 1780999800000000, "direction": "DOWN", "stake_usd": "5", "entry_vwap": "0.8199999999999999511501869162"}
2026-06-09 10:15:45.003564+00	resolve	poly_sniper_v5_btc_15m_ema50_ema800_off600_down	{"mode": "paper", "outcome": null, "direction": "DOWN", "stake_usd": "5", "entry_vwap": "0.8199999999999999511501869162", "slot_end_us": 1781000100000000, "resolve_at_us": 1781000145000000}
2026-06-09 10:25:00.02852+00	fire	poly_sniper_v5_btc_15m_ema50_ema800_off600_down	{"mode": "paper", "fired": true, "reason": "paper_fill", "fire_us": 1781000700000000, "direction": "DOWN", "stake_usd": "5", "entry_vwap": "0.8199999999999999511501869162"}
2026-06-09 10:30:45.001669+00	resolve	poly_sniper_v5_btc_15m_ema50_ema800_off600_down	{"mode": "paper", "outcome": null, "direction": "DOWN", "stake_usd": "5", "entry_vwap": "0.8199999999999999511501869162", "slot_end_us": 1781001000000000, "resolve_at_us": 1781001045000000}
2026-06-09 10:40:00.030188+00	fire	poly_sniper_v5_btc_15m_ema50_ema800_off600_down	{"mode": "paper", "fired": true, "reason": "paper_fill", "fire_us": 1781001600000000, "direction": "DOWN", "stake_usd": "5", "entry_vwap": "0.8700000000000001065814103637"}
2026-06-09 10:45:45.002202+00	resolve	poly_sniper_v5_btc_15m_ema50_ema800_off600_down	{"mode": "paper", "outcome": null, "direction": "DOWN", "stake_usd": "5", "entry_vwap": "0.8700000000000001065814103637", "slot_end_us": 1781001900000000, "resolve_at_us": 1781001945000000}
2026-06-09 10:55:00.027639+00	fire	poly_sniper_v5_btc_15m_ema50_ema800_off600_down	{"mode": "paper", "fired": true, "reason": "paper_fill", "fire_us": 1781002500000000, "direction": "DOWN", "stake_usd": "5", "entry_vwap": "0.2299999999999999822364316059"}
2026-06-09 11:00:45.001275+00	resolve	poly_sniper_v5_btc_15m_ema50_ema800_off600_down	{"mode": "paper", "outcome": null, "direction": "DOWN", "stake_usd": "5", "entry_vwap": "0.2299999999999999822364316059", "slot_end_us": 1781002800000000, "resolve_at_us": 1781002845000000}
2026-06-09 11:10:00.037565+00	fire	poly_sniper_v5_btc_15m_ema50_ema800_off600_down	{"mode": "paper", "fired": true, "reason": "paper_fill", "fire_us": 1781003400000000, "direction": "DOWN", "stake_usd": "5", "entry_vwap": "0.9599999999999998534505607490"}
2026-06-09 11:15:45.000922+00	resolve	poly_sniper_v5_btc_15m_ema50_ema800_off600_down	{"mode": "paper", "outcome": null, "direction": "DOWN", "stake_usd": "5", "entry_vwap": "0.9599999999999998534505607490", "slot_end_us": 1781003700000000, "resolve_at_us": 1781003745000000}
2026-06-09 11:25:00.031724+00	fire	poly_sniper_v5_btc_15m_ema50_ema800_off600_down	{"mode": "paper", "fired": true, "reason": "paper_fill", "fire_us": 1781004300000000, "direction": "DOWN", "stake_usd": "5", "entry_vwap": "0.1100000000000000005551115123"}
2026-06-09 11:30:45.001408+00	resolve	poly_sniper_v5_btc_15m_ema50_ema800_off600_down	{"mode": "paper", "outcome": null, "direction": "DOWN", "stake_usd": "5", "entry_vwap": "0.1100000000000000005551115123", "slot_end_us": 1781004600000000, "resolve_at_us": 1781004645000000}
2026-06-09 11:40:00.028578+00	fire	poly_sniper_v5_btc_15m_ema50_ema800_off600_down	{"mode": "paper", "fired": true, "reason": "paper_fill", "fire_us": 1781005200000000, "direction": "DOWN", "stake_usd": "5", "entry_vwap": "0.6199999999999999955591079013"}
2026-06-09 11:45:45.001448+00	resolve	poly_sniper_v5_btc_15m_ema50_ema800_off600_down	{"mode": "paper", "outcome": null, "direction": "DOWN", "stake_usd": "5", "entry_vwap": "0.6199999999999999955591079013", "slot_end_us": 1781005500000000, "resolve_at_us": 1781005545000000}
2026-06-09 12:25:00.029861+00	fire	poly_sniper_v5_btc_15m_ema50_ema800_off600_down	{"mode": "paper", "fired": true, "reason": "paper_fill", "fire_us": 1781007900000000, "direction": "DOWN", "stake_usd": "5", "entry_vwap": "0.9100000000000000310862446891"}
2026-06-09 12:30:45.001308+00	resolve	poly_sniper_v5_btc_15m_ema50_ema800_off600_down	{"mode": "paper", "outcome": null, "direction": "DOWN", "stake_usd": "5", "entry_vwap": "0.9100000000000000310862446891", "slot_end_us": 1781008200000000, "resolve_at_us": 1781008245000000}
2026-06-09 12:40:00.033368+00	fire	poly_sniper_v5_btc_15m_ema50_ema800_off600_down	{"mode": "paper", "fired": true, "reason": "paper_fill", "fire_us": 1781008800000000, "direction": "DOWN", "stake_usd": "5", "entry_vwap": "0.7800000000000000266453525907"}
2026-06-09 12:45:45.002584+00	resolve	poly_sniper_v5_btc_15m_ema50_ema800_off600_down	{"mode": "paper", "outcome": null, "direction": "DOWN", "stake_usd": "5", "entry_vwap": "0.7800000000000000266453525907", "slot_end_us": 1781009100000000, "resolve_at_us": 1781009145000000}
2026-06-09 12:55:00.035892+00	fire	poly_sniper_v5_btc_15m_ema50_ema800_off600_down	{"mode": "paper", "fired": true, "reason": "paper_fill", "fire_us": 1781009700000000, "direction": "DOWN", "stake_usd": "5", "entry_vwap": "0.1799999999999999933386618522"}
2026-06-09 13:00:45.001156+00	resolve	poly_sniper_v5_btc_15m_ema50_ema800_off600_down	{"mode": "paper", "outcome": null, "direction": "DOWN", "stake_usd": "5", "entry_vwap": "0.1799999999999999933386618522", "slot_end_us": 1781010000000000, "resolve_at_us": 1781010045000000}
2026-06-09 13:25:00.028781+00	fire	poly_sniper_v5_btc_15m_ema50_ema800_off600_down	{"mode": "paper", "fired": true, "reason": "paper_fill", "fire_us": 1781011500000000, "direction": "DOWN", "stake_usd": "5", "entry_vwap": "0.9900000000000001021405182651"}
2026-06-09 13:30:45.001873+00	resolve	poly_sniper_v5_btc_15m_ema50_ema800_off600_down	{"mode": "paper", "outcome": null, "direction": "DOWN", "stake_usd": "5", "entry_vwap": "0.9900000000000001021405182651", "slot_end_us": 1781011800000000, "resolve_at_us": 1781011845000000}
2026-06-09 13:40:00.032767+00	fire	poly_sniper_v5_btc_15m_ema50_ema800_off600_down	{"mode": "paper", "fired": true, "reason": "paper_fill", "fire_us": 1781012400000000, "direction": "DOWN", "stake_usd": "5", "entry_vwap": "0.8700000000000001065814103637"}
2026-06-09 13:45:45.001304+00	resolve	poly_sniper_v5_btc_15m_ema50_ema800_off600_down	{"mode": "paper", "outcome": null, "direction": "DOWN", "stake_usd": "5", "entry_vwap": "0.8700000000000001065814103637", "slot_end_us": 1781012700000000, "resolve_at_us": 1781012745000000}
2026-06-09 13:55:00.030833+00	fire	poly_sniper_v5_btc_15m_ema50_ema800_off600_down	{"mode": "paper", "fired": true, "reason": "paper_fill", "fire_us": 1781013300000000, "direction": "DOWN", "stake_usd": "5", "entry_vwap": "0.8499999999999999777955395072"}
2026-06-09 14:00:45.000583+00	resolve	poly_sniper_v5_btc_15m_ema50_ema800_off600_down	{"mode": "paper", "outcome": null, "direction": "DOWN", "stake_usd": "5", "entry_vwap": "0.8499999999999999777955395072", "slot_end_us": 1781013600000000, "resolve_at_us": 1781013645000000}
2026-06-09 14:10:00.032954+00	fire	poly_sniper_v5_btc_15m_ema50_ema800_off600_down	{"mode": "paper", "fired": true, "reason": "paper_fill", "fire_us": 1781014200000000, "direction": "DOWN", "stake_usd": "5", "entry_vwap": "0.8499999999999999777955395072"}
2026-06-09 14:15:45.00097+00	resolve	poly_sniper_v5_btc_15m_ema50_ema800_off600_down	{"mode": "paper", "outcome": null, "direction": "DOWN", "stake_usd": "5", "entry_vwap": "0.8499999999999999777955395072", "slot_end_us": 1781014500000000, "resolve_at_us": 1781014545000000}
2026-06-09 14:25:00.031219+00	fire	poly_sniper_v5_btc_15m_ema50_ema800_off600_down	{"mode": "paper", "fired": true, "reason": "paper_fill", "fire_us": 1781015100000000, "direction": "DOWN", "stake_usd": "5", "entry_vwap": "0.9199999999999999289457264236"}
2026-06-09 14:30:45.001146+00	resolve	poly_sniper_v5_btc_15m_ema50_ema800_off600_down	{"mode": "paper", "outcome": null, "direction": "DOWN", "stake_usd": "5", "entry_vwap": "0.9199999999999999289457264236", "slot_end_us": 1781015400000000, "resolve_at_us": 1781015445000000}
2026-06-09 14:40:00.026099+00	fire	poly_sniper_v5_btc_15m_ema50_ema800_off600_down	{"mode": "paper", "fired": true, "reason": "paper_fill", "fire_us": 1781016000000000, "direction": "DOWN", "stake_usd": "5", "entry_vwap": "0.8800000000000000044408920982"}
2026-06-09 14:45:45.00129+00	resolve	poly_sniper_v5_btc_15m_ema50_ema800_off600_down	{"mode": "paper", "outcome": null, "direction": "DOWN", "stake_usd": "5", "entry_vwap": "0.8800000000000000044408920982", "slot_end_us": 1781016300000000, "resolve_at_us": 1781016345000000}
2026-06-09 14:55:00.034359+00	fire	poly_sniper_v5_btc_15m_ema50_ema800_off600_down	{"mode": "paper", "fired": true, "reason": "paper_fill", "fire_us": 1781016900000000, "direction": "DOWN", "stake_usd": "5", "entry_vwap": "0.6100000000000000976996261668"}
2026-06-09 15:00:45.001271+00	resolve	poly_sniper_v5_btc_15m_ema50_ema800_off600_down	{"mode": "paper", "outcome": null, "direction": "DOWN", "stake_usd": "5", "entry_vwap": "0.6100000000000000976996261668", "slot_end_us": 1781017200000000, "resolve_at_us": 1781017245000000}
2026-06-09 15:25:00.039318+00	fire	poly_sniper_v5_btc_15m_ema50_ema800_off600_down	{"mode": "paper", "fired": true, "reason": "paper_fill", "fire_us": 1781018700000000, "direction": "DOWN", "stake_usd": "5", "entry_vwap": "0.9599999999999998534505607490"}
2026-06-09 15:30:45.001452+00	resolve	poly_sniper_v5_btc_15m_ema50_ema800_off600_down	{"mode": "paper", "outcome": null, "direction": "DOWN", "stake_usd": "5", "entry_vwap": "0.9599999999999998534505607490", "slot_end_us": 1781019000000000, "resolve_at_us": 1781019045000000}
2026-06-09 15:40:00.029642+00	fire	poly_sniper_v5_btc_15m_ema50_ema800_off600_down	{"mode": "paper", "fired": true, "reason": "paper_fill", "fire_us": 1781019600000000, "direction": "DOWN", "stake_usd": "5", "entry_vwap": "0.4500000000000000111022302461"}
2026-06-09 15:45:45.000769+00	resolve	poly_sniper_v5_btc_15m_ema50_ema800_off600_down	{"mode": "paper", "outcome": null, "direction": "DOWN", "stake_usd": "5", "entry_vwap": "0.4500000000000000111022302461", "slot_end_us": 1781019900000000, "resolve_at_us": 1781019945000000}
2026-06-09 15:55:00.029928+00	fire	poly_sniper_v5_btc_15m_ema50_ema800_off600_down	{"mode": "paper", "fired": true, "reason": "paper_fill", "fire_us": 1781020500000000, "direction": "DOWN", "stake_usd": "5", "entry_vwap": "0.8600000000000000976996261666"}
2026-06-09 16:00:45.001361+00	resolve	poly_sniper_v5_btc_15m_ema50_ema800_off600_down	{"mode": "paper", "outcome": null, "direction": "DOWN", "stake_usd": "5", "entry_vwap": "0.8600000000000000976996261666", "slot_end_us": 1781020800000000, "resolve_at_us": 1781020845000000}
2026-06-09 16:10:00.036348+00	fire	poly_sniper_v5_btc_15m_ema50_ema800_off600_down	{"mode": "paper", "fired": true, "reason": "paper_fill", "fire_us": 1781021400000000, "direction": "DOWN", "stake_usd": "5", "entry_vwap": "0.8299999999999999600319711132"}
2026-06-09 16:15:45.002502+00	resolve	poly_sniper_v5_btc_15m_ema50_ema800_off600_down	{"mode": "paper", "outcome": null, "direction": "DOWN", "stake_usd": "5", "entry_vwap": "0.8299999999999999600319711132", "slot_end_us": 1781021700000000, "resolve_at_us": 1781021745000000}
2026-06-09 16:25:00.030319+00	fire	poly_sniper_v5_btc_15m_ema50_ema800_off600_down	{"mode": "paper", "fired": true, "reason": "paper_fill", "fire_us": 1781022300000000, "direction": "DOWN", "stake_usd": "5", "entry_vwap": "0.4099999999999999755750934581"}
2026-06-09 16:30:45.001205+00	resolve	poly_sniper_v5_btc_15m_ema50_ema800_off600_down	{"mode": "paper", "outcome": null, "direction": "DOWN", "stake_usd": "5", "entry_vwap": "0.4099999999999999755750934581", "slot_end_us": 1781022600000000, "resolve_at_us": 1781022645000000}
2026-06-09 16:40:00.040536+00	fire	poly_sniper_v5_btc_15m_ema50_ema800_off600_down	{"mode": "paper", "fired": true, "reason": "paper_fill", "fire_us": 1781023200000000, "direction": "DOWN", "stake_usd": "5", "entry_vwap": "0.8900000000000001243449787578"}
2026-06-09 16:45:45.002677+00	resolve	poly_sniper_v5_btc_15m_ema50_ema800_off600_down	{"mode": "paper", "outcome": null, "direction": "DOWN", "stake_usd": "5", "entry_vwap": "0.8900000000000001243449787578", "slot_end_us": 1781023500000000, "resolve_at_us": 1781023545000000}
2026-06-09 20:25:00.023867+00	fire	poly_sniper_v5_btc_15m_ema50_ema800_off600_down	{"mode": "paper", "fired": true, "reason": "paper_fill", "fire_us": 1781036700000000, "direction": "DOWN", "stake_usd": "5", "entry_vwap": "0.9799999999999999822364316056"}
2026-06-09 20:30:45.001227+00	resolve	poly_sniper_v5_btc_15m_ema50_ema800_off600_down	{"mode": "paper", "outcome": null, "direction": "DOWN", "stake_usd": "5", "entry_vwap": "0.9799999999999999822364316056", "slot_end_us": 1781037000000000, "resolve_at_us": 1781037045000000}
2026-06-09 21:25:00.057461+00	fire	poly_sniper_v5_btc_15m_ema50_ema800_off600_down	{"mode": "paper", "fired": true, "reason": "paper_fill", "fire_us": 1781040300000000, "direction": "DOWN", "stake_usd": "5", "entry_vwap": "0.9900000000000001021405182651"}
2026-06-09 21:30:45.001465+00	resolve	poly_sniper_v5_btc_15m_ema50_ema800_off600_down	{"mode": "paper", "outcome": null, "direction": "DOWN", "stake_usd": "5", "entry_vwap": "0.9900000000000001021405182651", "slot_end_us": 1781040600000000, "resolve_at_us": 1781040645000000}
2026-06-09 21:40:00.030033+00	fire	poly_sniper_v5_btc_15m_ema50_ema800_off600_down	{"mode": "paper", "fired": true, "reason": "paper_fill", "fire_us": 1781041200000000, "direction": "DOWN", "stake_usd": "5", "entry_vwap": "0.1799999999999999933386618522"}
2026-06-09 21:45:45.001093+00	resolve	poly_sniper_v5_btc_15m_ema50_ema800_off600_down	{"mode": "paper", "outcome": null, "direction": "DOWN", "stake_usd": "5", "entry_vwap": "0.1799999999999999933386618522", "slot_end_us": 1781041500000000, "resolve_at_us": 1781041545000000}
2026-06-09 21:55:00.028356+00	fire	poly_sniper_v5_btc_15m_ema50_ema800_off600_down	{"mode": "paper", "fired": true, "reason": "paper_fill", "fire_us": 1781042100000000, "direction": "DOWN", "stake_usd": "5", "entry_vwap": "0.9100000000000000310862446891"}
2026-06-09 22:00:45.000672+00	resolve	poly_sniper_v5_btc_15m_ema50_ema800_off600_down	{"mode": "paper", "outcome": null, "direction": "DOWN", "stake_usd": "5", "entry_vwap": "0.9100000000000000310862446891", "slot_end_us": 1781042400000000, "resolve_at_us": 1781042445000000}
2026-06-09 22:10:00.034537+00	fire	poly_sniper_v5_btc_15m_ema50_ema800_off600_down	{"mode": "paper", "fired": true, "reason": "paper_fill", "fire_us": 1781043000000000, "direction": "DOWN", "stake_usd": "5", "entry_vwap": "0.6800000000000000488498130833"}
2026-06-09 22:15:45.002635+00	resolve	poly_sniper_v5_btc_15m_ema50_ema800_off600_down	{"mode": "paper", "outcome": null, "direction": "DOWN", "stake_usd": "5", "entry_vwap": "0.6800000000000000488498130833", "slot_end_us": 1781043300000000, "resolve_at_us": 1781043345000000}
2026-06-09 22:55:00.035973+00	fire	poly_sniper_v5_btc_15m_ema50_ema800_off600_down	{"mode": "paper", "fired": true, "reason": "paper_fill", "fire_us": 1781045700000000, "direction": "DOWN", "stake_usd": "5", "entry_vwap": "0.9100000000000000310862446891"}
2026-06-09 23:00:45.002739+00	resolve	poly_sniper_v5_btc_15m_ema50_ema800_off600_down	{"mode": "paper", "outcome": null, "direction": "DOWN", "stake_usd": "5", "entry_vwap": "0.9100000000000000310862446891", "slot_end_us": 1781046000000000, "resolve_at_us": 1781046045000000}
2026-06-09 23:25:00.030253+00	fire	poly_sniper_v5_btc_15m_ema50_ema800_off600_down	{"mode": "paper", "fired": true, "reason": "paper_fill", "fire_us": 1781047500000000, "direction": "DOWN", "stake_usd": "5", "entry_vwap": "0.2299999999999999822364316059"}
2026-06-09 23:30:45.006067+00	resolve	poly_sniper_v5_btc_15m_ema50_ema800_off600_down	{"mode": "paper", "outcome": null, "direction": "DOWN", "stake_usd": "5", "entry_vwap": "0.2299999999999999822364316059", "slot_end_us": 1781047800000000, "resolve_at_us": 1781047845000000}
2026-06-09 23:40:00.033454+00	fire	poly_sniper_v5_btc_15m_ema50_ema800_off600_down	{"mode": "paper", "fired": true, "reason": "paper_fill", "fire_us": 1781048400000000, "direction": "DOWN", "stake_usd": "5", "entry_vwap": "0.8900000000000001243449787578"}
2026-06-09 23:45:45.001127+00	resolve	poly_sniper_v5_btc_15m_ema50_ema800_off600_down	{"mode": "paper", "outcome": null, "direction": "DOWN", "stake_usd": "5", "entry_vwap": "0.8900000000000001243449787578", "slot_end_us": 1781048700000000, "resolve_at_us": 1781048745000000}
2026-06-10 00:25:00.03092+00	fire	poly_sniper_v5_btc_15m_ema50_ema800_off600_down	{"mode": "paper", "fired": true, "reason": "paper_fill", "fire_us": 1781051100000000, "direction": "DOWN", "stake_usd": "5", "entry_vwap": "0.7399999999999999911182158027"}
2026-06-10 00:30:45.000902+00	resolve	poly_sniper_v5_btc_15m_ema50_ema800_off600_down	{"mode": "paper", "outcome": null, "direction": "DOWN", "stake_usd": "5", "entry_vwap": "0.7399999999999999911182158027", "slot_end_us": 1781051400000000, "resolve_at_us": 1781051445000000}
2026-06-10 01:25:00.03034+00	fire	poly_sniper_v5_btc_15m_ema50_ema800_off600_down	{"mode": "paper", "fired": true, "reason": "paper_fill", "fire_us": 1781054700000000, "direction": "DOWN", "stake_usd": "5", "entry_vwap": "0.7900000000000000355271367877"}
2026-06-10 01:30:45.002173+00	resolve	poly_sniper_v5_btc_15m_ema50_ema800_off600_down	{"mode": "paper", "outcome": null, "direction": "DOWN", "stake_usd": "5", "entry_vwap": "0.7900000000000000355271367877", "slot_end_us": 1781055000000000, "resolve_at_us": 1781055045000000}
2026-06-10 01:40:00.031323+00	fire	poly_sniper_v5_btc_15m_ema50_ema800_off600_down	{"mode": "paper", "fired": true, "reason": "paper_fill", "fire_us": 1781055600000000, "direction": "DOWN", "stake_usd": "5", "entry_vwap": "0.8299999999999999600319711132"}
2026-06-10 01:45:45.00196+00	resolve	poly_sniper_v5_btc_15m_ema50_ema800_off600_down	{"mode": "paper", "outcome": null, "direction": "DOWN", "stake_usd": "5", "entry_vwap": "0.8299999999999999600319711132", "slot_end_us": 1781055900000000, "resolve_at_us": 1781055945000000}
2026-06-10 02:10:00.029437+00	fire	poly_sniper_v5_btc_15m_ema50_ema800_off600_down	{"mode": "paper", "fired": true, "reason": "paper_fill", "fire_us": 1781057400000000, "direction": "DOWN", "stake_usd": "5", "entry_vwap": "0.8100000000000000532907051816"}
2026-06-10 02:15:45.002953+00	resolve	poly_sniper_v5_btc_15m_ema50_ema800_off600_down	{"mode": "paper", "outcome": null, "direction": "DOWN", "stake_usd": "5", "entry_vwap": "0.8100000000000000532907051816", "slot_end_us": 1781057700000000, "resolve_at_us": 1781057745000000}
2026-06-10 02:25:00.031677+00	fire	poly_sniper_v5_btc_15m_ema50_ema800_off600_down	{"mode": "paper", "fired": true, "reason": "paper_fill", "fire_us": 1781058300000000, "direction": "DOWN", "stake_usd": "5", "entry_vwap": "0.9400000000000000577315972801"}
2026-06-10 02:30:45.001292+00	resolve	poly_sniper_v5_btc_15m_ema50_ema800_off600_down	{"mode": "paper", "outcome": null, "direction": "DOWN", "stake_usd": "5", "entry_vwap": "0.9400000000000000577315972801", "slot_end_us": 1781058600000000, "resolve_at_us": 1781058645000000}
2026-06-10 02:40:00.030837+00	fire	poly_sniper_v5_btc_15m_ema50_ema800_off600_down	{"mode": "paper", "fired": true, "reason": "paper_fill", "fire_us": 1781059200000000, "direction": "DOWN", "stake_usd": "5", "entry_vwap": "0.9699999999999999733546474086"}
2026-06-10 02:45:45.00116+00	resolve	poly_sniper_v5_btc_15m_ema50_ema800_off600_down	{"mode": "paper", "outcome": null, "direction": "DOWN", "stake_usd": "5", "entry_vwap": "0.9699999999999999733546474086", "slot_end_us": 1781059500000000, "resolve_at_us": 1781059545000000}
2026-06-10 02:55:00.025142+00	fire	poly_sniper_v5_btc_15m_ema50_ema800_off600_down	{"mode": "paper", "fired": true, "reason": "paper_fill", "fire_us": 1781060100000000, "direction": "DOWN", "stake_usd": "5", "entry_vwap": "0.9599999999999998534505607490"}
2026-06-10 03:00:45.000955+00	resolve	poly_sniper_v5_btc_15m_ema50_ema800_off600_down	{"mode": "paper", "outcome": null, "direction": "DOWN", "stake_usd": "5", "entry_vwap": "0.9599999999999998534505607490", "slot_end_us": 1781060400000000, "resolve_at_us": 1781060445000000}
2026-06-10 03:25:00.028921+00	fire	poly_sniper_v5_btc_15m_ema50_ema800_off600_down	{"mode": "paper", "fired": true, "reason": "paper_fill", "fire_us": 1781061900000000, "direction": "DOWN", "stake_usd": "5", "entry_vwap": "0.6899999999999999467092948178"}
2026-06-10 03:30:45.001415+00	resolve	poly_sniper_v5_btc_15m_ema50_ema800_off600_down	{"mode": "paper", "outcome": null, "direction": "DOWN", "stake_usd": "5", "entry_vwap": "0.6899999999999999467092948178", "slot_end_us": 1781062200000000, "resolve_at_us": 1781062245000000}
2026-06-10 04:40:00.032818+00	fire	poly_sniper_v5_btc_15m_ema50_ema800_off600_down	{"mode": "paper", "fired": true, "reason": "paper_fill", "fire_us": 1781066400000000, "direction": "DOWN", "stake_usd": "5", "entry_vwap": "0.9900000000000001021405182651"}
2026-06-10 04:45:45.002344+00	resolve	poly_sniper_v5_btc_15m_ema50_ema800_off600_down	{"mode": "paper", "outcome": null, "direction": "DOWN", "stake_usd": "5", "entry_vwap": "0.9900000000000001021405182651", "slot_end_us": 1781066700000000, "resolve_at_us": 1781066745000000}
2026-06-10 04:55:00.027778+00	fire	poly_sniper_v5_btc_15m_ema50_ema800_off600_down	{"mode": "paper", "fired": true, "reason": "paper_fill", "fire_us": 1781067300000000, "direction": "DOWN", "stake_usd": "5", "entry_vwap": "0.1700000000000000122124532708"}
2026-06-10 05:00:45.000726+00	resolve	poly_sniper_v5_btc_15m_ema50_ema800_off600_down	{"mode": "paper", "outcome": null, "direction": "DOWN", "stake_usd": "5", "entry_vwap": "0.1700000000000000122124532708", "slot_end_us": 1781067600000000, "resolve_at_us": 1781067645000000}
2026-06-10 05:10:00.034407+00	fire	poly_sniper_v5_btc_15m_ema50_ema800_off600_down	{"mode": "paper", "fired": true, "reason": "paper_fill", "fire_us": 1781068200000000, "direction": "DOWN", "stake_usd": "5", "entry_vwap": "0.4039408866995073399408511249"}
2026-06-10 05:15:45.001041+00	resolve	poly_sniper_v5_btc_15m_ema50_ema800_off600_down	{"mode": "paper", "outcome": null, "direction": "DOWN", "stake_usd": "5", "entry_vwap": "0.4039408866995073399408511249", "slot_end_us": 1781068500000000, "resolve_at_us": 1781068545000000}
2026-06-10 05:25:00.029294+00	fire	poly_sniper_v5_btc_15m_ema50_ema800_off600_down	{"mode": "paper", "fired": true, "reason": "paper_fill", "fire_us": 1781069100000000, "direction": "DOWN", "stake_usd": "5", "entry_vwap": "0.5"}
2026-06-10 05:30:45.001016+00	resolve	poly_sniper_v5_btc_15m_ema50_ema800_off600_down	{"mode": "paper", "outcome": null, "direction": "DOWN", "stake_usd": "5", "entry_vwap": "0.5", "slot_end_us": 1781069400000000, "resolve_at_us": 1781069445000000}
2026-06-10 05:40:00.028703+00	fire	poly_sniper_v5_btc_15m_ema50_ema800_off600_down	{"mode": "paper", "fired": true, "reason": "paper_fill", "fire_us": 1781070000000000, "direction": "DOWN", "stake_usd": "5", "entry_vwap": "0.6600000000000000310862446891"}
2026-06-10 05:45:45.00067+00	resolve	poly_sniper_v5_btc_15m_ema50_ema800_off600_down	{"mode": "paper", "outcome": null, "direction": "DOWN", "stake_usd": "5", "entry_vwap": "0.6600000000000000310862446891", "slot_end_us": 1781070300000000, "resolve_at_us": 1781070345000000}
2026-06-10 08:40:00.033192+00	fire	poly_sniper_v5_btc_15m_ema50_ema800_off600_down	{"mode": "paper", "fired": true, "reason": "paper_fill", "fire_us": 1781080800000000, "direction": "DOWN", "stake_usd": "5", "entry_vwap": "0.9799999999999999822364316056"}
2026-06-10 08:45:45.002442+00	resolve	poly_sniper_v5_btc_15m_ema50_ema800_off600_down	{"mode": "paper", "outcome": null, "direction": "DOWN", "stake_usd": "5", "entry_vwap": "0.9799999999999999822364316056", "slot_end_us": 1781081100000000, "resolve_at_us": 1781081145000000}
2026-06-10 08:55:00.037077+00	fire	poly_sniper_v5_btc_15m_ema50_ema800_off600_down	{"mode": "paper", "fired": true, "reason": "paper_fill", "fire_us": 1781081700000000, "direction": "DOWN", "stake_usd": "5", "entry_vwap": "0.3099999999999999977795539506"}
2026-06-10 09:00:45.001325+00	resolve	poly_sniper_v5_btc_15m_ema50_ema800_off600_down	{"mode": "paper", "outcome": null, "direction": "DOWN", "stake_usd": "5", "entry_vwap": "0.3099999999999999977795539506", "slot_end_us": 1781082000000000, "resolve_at_us": 1781082045000000}
2026-06-10 09:10:00.035506+00	fire	poly_sniper_v5_btc_15m_ema50_ema800_off600_down	{"mode": "paper", "fired": true, "reason": "paper_fill", "fire_us": 1781082600000000, "direction": "DOWN", "stake_usd": "5", "entry_vwap": "0.8900000000000001243449787578"}
2026-06-10 09:15:45.005744+00	resolve	poly_sniper_v5_btc_15m_ema50_ema800_off600_down	{"mode": "paper", "outcome": null, "direction": "DOWN", "stake_usd": "5", "entry_vwap": "0.8900000000000001243449787578", "slot_end_us": 1781082900000000, "resolve_at_us": 1781082945000000}
2026-06-10 09:25:00.029532+00	fire	poly_sniper_v5_btc_15m_ema50_ema800_off600_down	{"mode": "paper", "fired": true, "reason": "paper_fill", "fire_us": 1781083500000000, "direction": "DOWN", "stake_usd": "5", "entry_vwap": "0.8100000000000000532907051816"}
2026-06-10 09:30:45.014605+00	resolve	poly_sniper_v5_btc_15m_ema50_ema800_off600_down	{"mode": "paper", "outcome": null, "direction": "DOWN", "stake_usd": "5", "entry_vwap": "0.8100000000000000532907051816", "slot_end_us": 1781083800000000, "resolve_at_us": 1781083845000000}
2026-06-10 10:10:00.030289+00	fire	poly_sniper_v5_btc_15m_ema50_ema800_off600_down	{"mode": "paper", "fired": true, "reason": "paper_fill", "fire_us": 1781086200000000, "direction": "DOWN", "stake_usd": "5", "entry_vwap": "0.8399999999999999689137553101"}
2026-06-10 10:15:45.001314+00	resolve	poly_sniper_v5_btc_15m_ema50_ema800_off600_down	{"mode": "paper", "outcome": null, "direction": "DOWN", "stake_usd": "5", "entry_vwap": "0.8399999999999999689137553101", "slot_end_us": 1781086500000000, "resolve_at_us": 1781086545000000}
2026-06-10 11:10:00.029818+00	fire	poly_sniper_v5_btc_15m_ema50_ema800_off600_down	{"mode": "paper", "fired": true, "reason": "paper_fill", "fire_us": 1781089800000000, "direction": "DOWN", "stake_usd": "5", "entry_vwap": "0.9900000000000001021405182651"}
2026-06-10 11:15:45.005062+00	resolve	poly_sniper_v5_btc_15m_ema50_ema800_off600_down	{"mode": "paper", "outcome": null, "direction": "DOWN", "stake_usd": "5", "entry_vwap": "0.9900000000000001021405182651", "slot_end_us": 1781090100000000, "resolve_at_us": 1781090145000000}
2026-06-10 11:25:00.035999+00	fire	poly_sniper_v5_btc_15m_ema50_ema800_off600_down	{"mode": "paper", "fired": true, "reason": "paper_fill", "fire_us": 1781090700000000, "direction": "DOWN", "stake_usd": "5", "entry_vwap": "0.7800000000000000266453525907"}
2026-06-10 11:30:45.001117+00	resolve	poly_sniper_v5_btc_15m_ema50_ema800_off600_down	{"mode": "paper", "outcome": null, "direction": "DOWN", "stake_usd": "5", "entry_vwap": "0.7800000000000000266453525907", "slot_end_us": 1781091000000000, "resolve_at_us": 1781091045000000}
2026-06-10 11:40:00.038934+00	fire	poly_sniper_v5_btc_15m_ema50_ema800_off600_down	{"mode": "paper", "fired": true, "reason": "paper_fill", "fire_us": 1781091600000000, "direction": "DOWN", "stake_usd": "5", "entry_vwap": "0.4700000000000000288657986401"}
2026-06-10 11:45:45.000549+00	resolve	poly_sniper_v5_btc_15m_ema50_ema800_off600_down	{"mode": "paper", "outcome": null, "direction": "DOWN", "stake_usd": "5", "entry_vwap": "0.4700000000000000288657986401", "slot_end_us": 1781091900000000, "resolve_at_us": 1781091945000000}
2026-06-10 11:55:00.046027+00	fire	poly_sniper_v5_btc_15m_ema50_ema800_off600_down	{"mode": "paper", "fired": true, "reason": "paper_fill", "fire_us": 1781092500000000, "direction": "DOWN", "stake_usd": "5", "entry_vwap": "0.4099999999999999755750934581"}
2026-06-10 12:00:45.005619+00	resolve	poly_sniper_v5_btc_15m_ema50_ema800_off600_down	{"mode": "paper", "outcome": null, "direction": "DOWN", "stake_usd": "5", "entry_vwap": "0.4099999999999999755750934581", "slot_end_us": 1781092800000000, "resolve_at_us": 1781092845000000}
2026-06-10 12:10:00.033699+00	fire	poly_sniper_v5_btc_15m_ema50_ema800_off600_down	{"mode": "paper", "fired": true, "reason": "paper_fill", "fire_us": 1781093400000000, "direction": "DOWN", "stake_usd": "5", "entry_vwap": "0.2800000000000000266453525909"}
2026-06-10 12:15:45.000818+00	resolve	poly_sniper_v5_btc_15m_ema50_ema800_off600_down	{"mode": "paper", "outcome": null, "direction": "DOWN", "stake_usd": "5", "entry_vwap": "0.2800000000000000266453525909", "slot_end_us": 1781093700000000, "resolve_at_us": 1781093745000000}
2026-06-10 12:25:00.030994+00	fire	poly_sniper_v5_btc_15m_ema50_ema800_off600_down	{"mode": "paper", "fired": true, "reason": "paper_fill", "fire_us": 1781094300000000, "direction": "DOWN", "stake_usd": "5", "entry_vwap": "0.9300000000000000488498130831"}
2026-06-10 12:30:45.006137+00	resolve	poly_sniper_v5_btc_15m_ema50_ema800_off600_down	{"mode": "paper", "outcome": null, "direction": "DOWN", "stake_usd": "5", "entry_vwap": "0.9300000000000000488498130831", "slot_end_us": 1781094600000000, "resolve_at_us": 1781094645000000}
2026-06-10 19:25:00.030567+00	fire	poly_sniper_v5_btc_15m_ema50_ema800_off600_down	{"mode": "paper", "fired": true, "reason": "paper_fill", "fire_us": 1781119500000000, "direction": "DOWN", "stake_usd": "5", "entry_vwap": "0.4700000000000000288657986401"}
2026-06-10 19:30:45.001476+00	resolve	poly_sniper_v5_btc_15m_ema50_ema800_off600_down	{"mode": "paper", "outcome": null, "direction": "DOWN", "stake_usd": "5", "entry_vwap": "0.4700000000000000288657986401", "slot_end_us": 1781119800000000, "resolve_at_us": 1781119845000000}
2026-06-10 20:55:00.035849+00	fire	poly_sniper_v5_btc_15m_ema50_ema800_off600_down	{"mode": "paper", "fired": true, "reason": "paper_fill", "fire_us": 1781124900000000, "direction": "DOWN", "stake_usd": "5", "entry_vwap": "0.5799999999999999600319711133"}
2026-06-10 21:00:45.001142+00	resolve	poly_sniper_v5_btc_15m_ema50_ema800_off600_down	{"mode": "paper", "outcome": null, "direction": "DOWN", "stake_usd": "5", "entry_vwap": "0.5799999999999999600319711133", "slot_end_us": 1781125200000000, "resolve_at_us": 1781125245000000}
2026-06-10 21:10:00.0286+00	fire	poly_sniper_v5_btc_15m_ema50_ema800_off600_down	{"mode": "paper", "fired": true, "reason": "paper_fill", "fire_us": 1781125800000000, "direction": "DOWN", "stake_usd": "5", "entry_vwap": "0.9400000000000000577315972801"}
2026-06-10 21:15:45.002431+00	resolve	poly_sniper_v5_btc_15m_ema50_ema800_off600_down	{"mode": "paper", "outcome": null, "direction": "DOWN", "stake_usd": "5", "entry_vwap": "0.9400000000000000577315972801", "slot_end_us": 1781126100000000, "resolve_at_us": 1781126145000000}
2026-06-10 21:25:00.03221+00	fire	poly_sniper_v5_btc_15m_ema50_ema800_off600_down	{"mode": "paper", "fired": true, "reason": "paper_fill", "fire_us": 1781126700000000, "direction": "DOWN", "stake_usd": "5", "entry_vwap": "0.5200000000000000177635683938"}
2026-06-10 21:30:45.001851+00	resolve	poly_sniper_v5_btc_15m_ema50_ema800_off600_down	{"mode": "paper", "outcome": null, "direction": "DOWN", "stake_usd": "5", "entry_vwap": "0.5200000000000000177635683938", "slot_end_us": 1781127000000000, "resolve_at_us": 1781127045000000}
2026-06-10 21:40:00.035558+00	fire	poly_sniper_v5_btc_15m_ema50_ema800_off600_down	{"mode": "paper", "fired": true, "reason": "paper_fill", "fire_us": 1781127600000000, "direction": "DOWN", "stake_usd": "5", "entry_vwap": "0.3699999999999999955591079013"}
2026-06-10 21:45:45.005027+00	resolve	poly_sniper_v5_btc_15m_ema50_ema800_off600_down	{"mode": "paper", "outcome": null, "direction": "DOWN", "stake_usd": "5", "entry_vwap": "0.3699999999999999955591079013", "slot_end_us": 1781127900000000, "resolve_at_us": 1781127945000000}
2026-06-10 21:55:00.034178+00	fire	poly_sniper_v5_btc_15m_ema50_ema800_off600_down	{"mode": "paper", "fired": true, "reason": "paper_fill", "fire_us": 1781128500000000, "direction": "DOWN", "stake_usd": "5", "entry_vwap": "0.9989999999999999991118215797"}
2026-06-10 22:00:45.001511+00	resolve	poly_sniper_v5_btc_15m_ema50_ema800_off600_down	{"mode": "paper", "outcome": null, "direction": "DOWN", "stake_usd": "5", "entry_vwap": "0.9989999999999999991118215797", "slot_end_us": 1781128800000000, "resolve_at_us": 1781128845000000}
2026-06-10 22:10:00.030166+00	fire	poly_sniper_v5_btc_15m_ema50_ema800_off600_down	{"mode": "paper", "fired": true, "reason": "paper_fill", "fire_us": 1781129400000000, "direction": "DOWN", "stake_usd": "5", "entry_vwap": "0.8100000000000000532907051816"}
2026-06-10 22:15:45.001018+00	resolve	poly_sniper_v5_btc_15m_ema50_ema800_off600_down	{"mode": "paper", "outcome": null, "direction": "DOWN", "stake_usd": "5", "entry_vwap": "0.8100000000000000532907051816", "slot_end_us": 1781129700000000, "resolve_at_us": 1781129745000000}
2026-06-10 22:25:00.039161+00	fire	poly_sniper_v5_btc_15m_ema50_ema800_off600_down	{"mode": "paper", "fired": true, "reason": "paper_fill", "fire_us": 1781130300000000, "direction": "DOWN", "stake_usd": "5", "entry_vwap": "0.4300000000000000488498130833"}
2026-06-10 22:30:45.003032+00	resolve	poly_sniper_v5_btc_15m_ema50_ema800_off600_down	{"mode": "paper", "outcome": null, "direction": "DOWN", "stake_usd": "5", "entry_vwap": "0.4300000000000000488498130833", "slot_end_us": 1781130600000000, "resolve_at_us": 1781130645000000}
2026-06-10 23:10:00.035013+00	fire	poly_sniper_v5_btc_15m_ema50_ema800_off600_down	{"mode": "paper", "fired": true, "reason": "paper_fill", "fire_us": 1781133000000000, "direction": "DOWN", "stake_usd": "5", "entry_vwap": "0.9199999999999999289457264236"}
2026-06-10 23:15:45.000751+00	resolve	poly_sniper_v5_btc_15m_ema50_ema800_off600_down	{"mode": "paper", "outcome": null, "direction": "DOWN", "stake_usd": "5", "entry_vwap": "0.9199999999999999289457264236", "slot_end_us": 1781133300000000, "resolve_at_us": 1781133345000000}
2026-06-11 11:10:05.004026+00	fire	shadow_scalp_exit_btc_5m_d3_v1	{"mode": "paper", "fired": true, "reason": "paper_fill", "fire_us": 1781176205000000, "direction": "UP", "stake_usd": "5", "entry_vwap": "0.5999999999999999777955395073"}
2026-06-11 11:16:15.016626+00	resolve	shadow_scalp_exit_btc_5m_d3_v1	{"won": true, "mode": "paper", "outcome": "up", "pnl_usd": 3.333333333333334, "direction": "UP", "stake_usd": "5", "entry_vwap": "0.5999999999999999777955395073", "event_type": "sleeve_fire_resolved", "slot_end_us": 1781176500000000, "resolve_at_us": 1781176545000000}
2026-06-11 12:05:05.002683+00	fire	shadow_scalp_exit_btc_5m_d3_v1	{"mode": "paper", "fired": true, "reason": "paper_fill", "fire_us": 1781179505000000, "direction": "UP", "stake_usd": "5", "entry_vwap": "0.5899999999999999689137553103"}
2026-06-11 12:11:15.020109+00	resolve	shadow_scalp_exit_btc_5m_d3_v1	{"won": false, "mode": "paper", "outcome": "down", "pnl_usd": -5.0, "direction": "UP", "stake_usd": "5", "entry_vwap": "0.5899999999999999689137553103", "event_type": "sleeve_fire_resolved", "slot_end_us": 1781179800000000, "resolve_at_us": 1781179845000000}
2026-06-11 12:16:00.200403+00	order_placed	kalshi_scalp_exit_btc_15m_d3_v1	{"mode": "paper", "side": "no", "fired": true, "status": "paper", "ticker": "KXBTC15M-26JUN110830-30", "offset_s": 60, "order_id": "paper-kalshi_scalp_exit_btc_15m_d3_v1-1781180160000000", "direction": "DOWN", "entry_ask": 0.41000000000000003, "entry_vwap": "0.4100000000000000310862446894", "filled_count": 12}
2026-06-11 12:17:01.853185+00	resolve	kalshi_scalp_exit_btc_15m_d3_v1	{"mode": "paper", "shares": 12, "ticker": "KXBTC15M-26JUN110830-30", "direction": "DOWN", "exit_type": "scalp_time", "fill_vwap": 0.41000000000000003, "sell_vwap": 0.36999999999999994, "realized_pnl": -0.4800000000000011, "suppress_settlement": true}
2026-06-11 12:30:05.003741+00	fire	shadow_scalp_exit_btc_5m_d3_v1	{"mode": "paper", "fired": true, "reason": "paper_fill", "fire_us": 1781181005000000, "direction": "UP", "stake_usd": "5", "entry_vwap": "0.7326587592324903530638380286"}
2026-06-11 12:35:45.009562+00	resolve	shadow_scalp_exit_btc_5m_d3_v1	{"won": true, "mode": "paper", "outcome": "up", "pnl_usd": 1.8244594594594605, "direction": "UP", "stake_usd": "5", "entry_vwap": "0.7326587592324903530638380286", "event_type": "sleeve_fire_resolved", "slot_end_us": 1781181300000000, "resolve_at_us": 1781181345000000}
2026-06-11 12:45:05.002426+00	fire	shadow_scalp_exit_btc_5m_d3_v1	{"mode": "paper", "fired": true, "reason": "paper_fill", "fire_us": 1781181905000000, "direction": "DOWN", "stake_usd": "5", "entry_vwap": "0.6500000000000000222044604923"}
2026-06-11 12:50:45.010236+00	resolve	shadow_scalp_exit_btc_5m_d3_v1	{"won": false, "mode": "paper", "outcome": "up", "pnl_usd": -5.0, "direction": "DOWN", "stake_usd": "5", "entry_vwap": "0.6500000000000000222044604923", "event_type": "sleeve_fire_resolved", "slot_end_us": 1781182200000000, "resolve_at_us": 1781182245000000}
2026-06-11 13:20:05.003509+00	fire	shadow_scalp_exit_btc_5m_d3_v1	{"mode": "paper", "fired": true, "reason": "paper_fill", "fire_us": 1781184005000000, "direction": "UP", "stake_usd": "5", "entry_vwap": "0.6800000000000000488498130833"}
2026-06-11 13:25:45.008563+00	resolve	shadow_scalp_exit_btc_5m_d3_v1	{"won": false, "mode": "paper", "outcome": "down", "pnl_usd": -5.0, "direction": "UP", "stake_usd": "5", "entry_vwap": "0.6800000000000000488498130833", "event_type": "sleeve_fire_resolved", "slot_end_us": 1781184300000000, "resolve_at_us": 1781184345000000}
2026-06-11 14:00:05.011865+00	fire	shadow_scalp_exit_btc_5m_d3_v1	{"mode": "paper", "fired": true, "reason": "paper_fill", "fire_us": 1781186405000000, "direction": "DOWN", "stake_usd": "5", "entry_vwap": "0.5699999999999999511501869163"}
2026-06-11 14:05:45.048514+00	resolve	shadow_scalp_exit_btc_5m_d3_v1	{"won": false, "mode": "paper", "outcome": "up", "pnl_usd": -5.0, "direction": "DOWN", "stake_usd": "5", "entry_vwap": "0.5699999999999999511501869163", "event_type": "sleeve_fire_resolved", "slot_end_us": 1781186700000000, "resolve_at_us": 1781186745000000}
2026-06-11 14:46:00.194191+00	order_placed	kalshi_scalp_exit_btc_15m_d3_v1	{"mode": "paper", "side": "yes", "fired": true, "status": "paper", "ticker": "KXBTC15M-26JUN111100-00", "offset_s": 60, "order_id": "paper-kalshi_scalp_exit_btc_15m_d3_v1-1781189160000000", "direction": "UP", "entry_ask": 0.53, "entry_vwap": "0.5300000000000000266453525908", "filled_count": 9}
2026-06-11 14:47:02.15398+00	resolve	kalshi_scalp_exit_btc_15m_d3_v1	{"mode": "paper", "shares": 9, "ticker": "KXBTC15M-26JUN111100-00", "direction": "UP", "exit_type": "scalp_time", "fill_vwap": 0.53, "sell_vwap": 0.48000000000000004, "realized_pnl": -0.4499999999999999, "suppress_settlement": true}
2026-06-11 15:25:05.004625+00	fire	shadow_scalp_exit_btc_5m_d3_v1	{"mode": "paper", "fired": true, "reason": "paper_fill", "fire_us": 1781191505000000, "direction": "DOWN", "stake_usd": "5", "entry_vwap": "0.6500000000000000222044604923"}
2026-06-11 15:31:45.026138+00	resolve	shadow_scalp_exit_btc_5m_d3_v1	{"won": true, "mode": "paper", "outcome": "down", "pnl_usd": 2.692307692307692, "direction": "DOWN", "stake_usd": "5", "entry_vwap": "0.6500000000000000222044604923", "event_type": "sleeve_fire_resolved", "slot_end_us": 1781191800000000, "resolve_at_us": 1781191845000000}
2026-06-11 15:55:00.002336+00	fire	poly_sniper_v5_btc_15m_ema50_ema800_off600_down	{"mode": "paper", "fired": true, "reason": "paper_fill", "fire_us": 1781193300000000, "direction": "DOWN", "stake_usd": "5", "entry_vwap": "0.7399999999999999911182158027"}
2026-06-11 15:55:00.196382+00	order_placed	kalshi_sniper_btc_15m_ema50_ema800_off600_down_H	{"mode": "paper", "side": "no", "fired": true, "status": "paper", "ticker": "KXBTC15M-26JUN111200-00", "offset_s": 600, "order_id": "paper-kalshi_sniper_btc_15m_ema50_ema800_off600_down_H-1781193300000000", "direction": "DOWN", "entry_ask": 0.76, "entry_vwap": "0.7600000000000000088817841968", "filled_count": 6}
2026-06-11 15:55:05.002045+00	fire	shadow_scalp_exit_btc_5m_d3_v1	{"mode": "paper", "fired": true, "reason": "paper_fill", "fire_us": 1781193305000000, "direction": "DOWN", "stake_usd": "5", "entry_vwap": "0.6700000000000000399680288863"}
2026-06-11 16:00:45.009391+00	resolve	shadow_scalp_exit_btc_5m_d3_v1	{"won": false, "mode": "paper", "outcome": "up", "pnl_usd": -5.0, "direction": "DOWN", "stake_usd": "5", "entry_vwap": "0.6700000000000000399680288863", "event_type": "sleeve_fire_resolved", "slot_end_us": 1781193600000000, "resolve_at_us": 1781193645000000}
2026-06-11 16:00:45.020081+00	resolve	poly_sniper_v5_btc_15m_ema50_ema800_off600_down	{"won": false, "mode": "paper", "outcome": "up", "pnl_usd": -5.0, "direction": "DOWN", "stake_usd": "5", "entry_vwap": "0.7399999999999999911182158027", "event_type": "sleeve_fire_resolved", "slot_end_us": 1781193600000000, "resolve_at_us": 1781193645000000}
2026-06-11 16:00:45.099936+00	resolve	kalshi_sniper_btc_15m_ema50_ema800_off600_down_H	{"won": false, "mode": "paper", "ticker": "KXBTC15M-26JUN111200-00", "outcome": "yes", "pnl_usd": -5.0, "direction": "DOWN", "stake_usd": "5", "entry_vwap": "0.7600000000000000088817841968", "event_type": "sleeve_fire_resolved", "resolve_at_us": 1781193645000000, "window_end_us": 1781193600000000}
2026-06-11 16:25:00.002039+00	fire	poly_sniper_v5_btc_15m_ema50_ema800_off600_down	{"mode": "paper", "fired": true, "reason": "paper_fill", "fire_us": 1781195100000000, "direction": "DOWN", "stake_usd": "5", "entry_vwap": "0.9799999999999999822364316056"}
2026-06-11 16:30:45.009327+00	resolve	poly_sniper_v5_btc_15m_ema50_ema800_off600_down	{"won": true, "mode": "paper", "outcome": "down", "pnl_usd": 0.10204081632653013, "direction": "DOWN", "stake_usd": "5", "entry_vwap": "0.9799999999999999822364316056", "event_type": "sleeve_fire_resolved", "slot_end_us": 1781195400000000, "resolve_at_us": 1781195445000000}
2026-06-11 16:55:00.0032+00	fire	poly_sniper_v5_btc_15m_ema50_ema800_off600_down	{"mode": "paper", "fired": true, "reason": "paper_fill", "fire_us": 1781196900000000, "direction": "DOWN", "stake_usd": "5", "entry_vwap": "0.7099999999999999644728632118"}
2026-06-11 16:55:00.357298+00	order_placed	kalshi_sniper_btc_15m_ema50_ema800_off600_down_H	{"mode": "paper", "side": "no", "fired": true, "status": "paper", "ticker": "KXBTC15M-26JUN111300-00", "offset_s": 600, "order_id": "paper-kalshi_sniper_btc_15m_ema50_ema800_off600_down_H-1781196900000000", "direction": "DOWN", "entry_ask": 0.73, "entry_vwap": "0.7299999999999999822364316058", "filled_count": 6}
2026-06-11 17:00:45.00981+00	resolve	poly_sniper_v5_btc_15m_ema50_ema800_off600_down	{"won": true, "mode": "paper", "outcome": "down", "pnl_usd": 2.042253521126761, "direction": "DOWN", "stake_usd": "5", "entry_vwap": "0.7099999999999999644728632118", "event_type": "sleeve_fire_resolved", "slot_end_us": 1781197200000000, "resolve_at_us": 1781197245000000}
2026-06-11 17:00:45.100357+00	resolve	kalshi_sniper_btc_15m_ema50_ema800_off600_down_H	{"won": true, "mode": "paper", "ticker": "KXBTC15M-26JUN111300-00", "outcome": "no", "pnl_usd": 1.8493150684931507, "direction": "DOWN", "stake_usd": "5", "entry_vwap": "0.7299999999999999822364316058", "event_type": "sleeve_fire_resolved", "resolve_at_us": 1781197245000000, "window_end_us": 1781197200000000}
2026-06-11 17:05:05.002845+00	fire	shadow_scalp_exit_btc_5m_d3_v1	{"mode": "paper", "fired": true, "reason": "paper_fill", "fire_us": 1781197505000000, "direction": "UP", "stake_usd": "5", "entry_vwap": "0.6500000000000000222044604923"}
2026-06-11 17:10:00.003121+00	fire	poly_sniper_v5_btc_15m_ema50_ema800_off600_down	{"mode": "paper", "fired": true, "reason": "paper_fill", "fire_us": 1781197800000000, "direction": "DOWN", "stake_usd": "5", "entry_vwap": "0.8100000000000000532907051816"}
2026-06-11 17:10:00.199985+00	order_placed	kalshi_sniper_btc_15m_ema50_ema800_off600_down_H	{"mode": "paper", "side": "no", "fired": true, "status": "paper", "ticker": "KXBTC15M-26JUN111315-15", "offset_s": 600, "order_id": "paper-kalshi_sniper_btc_15m_ema50_ema800_off600_down_H-1781197800000000", "direction": "DOWN", "entry_ask": 0.81, "entry_vwap": "0.8100000000000000532907051816", "filled_count": 6}
2026-06-11 17:11:45.032105+00	resolve	shadow_scalp_exit_btc_5m_d3_v1	{"won": true, "mode": "paper", "outcome": "up", "pnl_usd": 2.692307692307692, "direction": "UP", "stake_usd": "5", "entry_vwap": "0.6500000000000000222044604923", "event_type": "sleeve_fire_resolved", "slot_end_us": 1781197800000000, "resolve_at_us": 1781197845000000}
2026-06-11 17:15:45.009181+00	resolve	poly_sniper_v5_btc_15m_ema50_ema800_off600_down	{"won": true, "mode": "paper", "outcome": "down", "pnl_usd": 1.1728395061728392, "direction": "DOWN", "stake_usd": "5", "entry_vwap": "0.8100000000000000532907051816", "event_type": "sleeve_fire_resolved", "slot_end_us": 1781198100000000, "resolve_at_us": 1781198145000000}
2026-06-11 17:15:45.100271+00	resolve	kalshi_sniper_btc_15m_ema50_ema800_off600_down_H	{"won": true, "mode": "paper", "ticker": "KXBTC15M-26JUN111315-15", "outcome": "no", "pnl_usd": 1.1728395061728392, "direction": "DOWN", "stake_usd": "5", "entry_vwap": "0.8100000000000000532907051816", "event_type": "sleeve_fire_resolved", "resolve_at_us": 1781198145000000, "window_end_us": 1781198100000000}
2026-06-11 17:25:00.00245+00	fire	poly_sniper_v5_btc_15m_ema50_ema800_off600_down	{"mode": "paper", "fired": true, "reason": "paper_fill", "fire_us": 1781198700000000, "direction": "DOWN", "stake_usd": "5", "entry_vwap": "0.7800000000000000266453525907"}
2026-06-11 17:25:00.189599+00	order_placed	kalshi_sniper_btc_15m_ema50_ema800_off600_down_H	{"mode": "paper", "side": "no", "fired": true, "status": "paper", "ticker": "KXBTC15M-26JUN111330-30", "offset_s": 600, "order_id": "paper-kalshi_sniper_btc_15m_ema50_ema800_off600_down_H-1781198700000000", "direction": "DOWN", "entry_ask": 0.8, "entry_vwap": "0.8000000000000000444089209847", "filled_count": 6}
2026-06-11 17:30:05.005629+00	fire	shadow_scalp_exit_btc_5m_d3_v1	{"mode": "paper", "fired": true, "reason": "paper_fill", "fire_us": 1781199005000000, "direction": "UP", "stake_usd": "5", "entry_vwap": "0.6199999999999999955591079013"}
2026-06-11 17:30:45.009315+00	resolve	poly_sniper_v5_btc_15m_ema50_ema800_off600_down	{"won": false, "mode": "paper", "outcome": "up", "pnl_usd": -5.0, "direction": "DOWN", "stake_usd": "5", "entry_vwap": "0.7800000000000000266453525907", "event_type": "sleeve_fire_resolved", "slot_end_us": 1781199000000000, "resolve_at_us": 1781199045000000}
2026-06-11 17:30:45.193906+00	resolve	kalshi_sniper_btc_15m_ema50_ema800_off600_down_H	{"won": false, "mode": "paper", "ticker": "KXBTC15M-26JUN111330-30", "outcome": "yes", "pnl_usd": -5.0, "direction": "DOWN", "stake_usd": "5", "entry_vwap": "0.8000000000000000444089209847", "event_type": "sleeve_fire_resolved", "resolve_at_us": 1781199045000000, "window_end_us": 1781199000000000}
2026-06-11 17:35:05.00311+00	fire	shadow_scalp_exit_btc_5m_d3_v1	{"mode": "paper", "fired": true, "reason": "paper_fill", "fire_us": 1781199305000000, "direction": "DOWN", "stake_usd": "5", "entry_vwap": "0.5899999999999999689137553103"}
2026-06-11 17:36:45.034575+00	resolve	shadow_scalp_exit_btc_5m_d3_v1	{"won": true, "mode": "paper", "outcome": "up", "pnl_usd": 3.064516129032258, "direction": "UP", "stake_usd": "5", "entry_vwap": "0.6199999999999999955591079013", "event_type": "sleeve_fire_resolved", "slot_end_us": 1781199300000000, "resolve_at_us": 1781199345000000}
2026-06-11 17:40:05.009294+00	fire	shadow_scalp_exit_btc_5m_d3_v1	{"mode": "paper", "fired": true, "reason": "paper_fill", "fire_us": 1781199605000000, "direction": "UP", "stake_usd": "5", "entry_vwap": "0.5400000000000000355271367879"}
2026-06-11 17:40:45.010465+00	resolve	shadow_scalp_exit_btc_5m_d3_v1	{"won": true, "mode": "paper", "outcome": "down", "pnl_usd": 3.474576271186441, "direction": "DOWN", "stake_usd": "5", "entry_vwap": "0.5899999999999999689137553103", "event_type": "sleeve_fire_resolved", "slot_end_us": 1781199600000000, "resolve_at_us": 1781199645000000}
2026-06-11 17:45:45.007726+00	resolve	shadow_scalp_exit_btc_5m_d3_v1	{"won": true, "mode": "paper", "outcome": "up", "pnl_usd": 4.259259259259259, "direction": "UP", "stake_usd": "5", "entry_vwap": "0.5400000000000000355271367879", "event_type": "sleeve_fire_resolved", "slot_end_us": 1781199900000000, "resolve_at_us": 1781199945000000}
2026-06-11 17:50:05.00448+00	fire	shadow_scalp_exit_btc_5m_d3_v1	{"mode": "paper", "fired": true, "reason": "paper_fill", "fire_us": 1781200205000000, "direction": "DOWN", "stake_usd": "5", "entry_vwap": "0.5999999999999999777955395073"}
2026-06-11 17:55:45.014697+00	resolve	shadow_scalp_exit_btc_5m_d3_v1	{"won": true, "mode": "paper", "outcome": "down", "pnl_usd": 3.333333333333334, "direction": "DOWN", "stake_usd": "5", "entry_vwap": "0.5999999999999999777955395073", "event_type": "sleeve_fire_resolved", "slot_end_us": 1781200500000000, "resolve_at_us": 1781200545000000}
2026-06-11 19:20:05.00362+00	fire	shadow_scalp_exit_btc_5m_d3_v1	{"mode": "paper", "fired": true, "reason": "paper_fill", "fire_us": 1781205605000000, "direction": "UP", "stake_usd": "5", "entry_vwap": "0.5699999999999999511501869163"}
2026-06-11 19:25:45.013454+00	resolve	shadow_scalp_exit_btc_5m_d3_v1	{"won": true, "mode": "paper", "outcome": "up", "pnl_usd": 3.7719298245614024, "direction": "UP", "stake_usd": "5", "entry_vwap": "0.5699999999999999511501869163", "event_type": "sleeve_fire_resolved", "slot_end_us": 1781205900000000, "resolve_at_us": 1781205945000000}
2026-06-11 19:40:05.004311+00	fire	shadow_scalp_exit_btc_5m_d3_v1	{"mode": "paper", "fired": true, "reason": "paper_fill", "fire_us": 1781206805000000, "direction": "UP", "stake_usd": "5", "entry_vwap": "0.6400000000000000133226762952"}
2026-06-11 19:45:45.009151+00	resolve	shadow_scalp_exit_btc_5m_d3_v1	{"won": true, "mode": "paper", "outcome": "up", "pnl_usd": 2.8125, "direction": "UP", "stake_usd": "5", "entry_vwap": "0.6400000000000000133226762952", "event_type": "sleeve_fire_resolved", "slot_end_us": 1781207100000000, "resolve_at_us": 1781207145000000}
2026-06-11 19:55:05.002485+00	fire	shadow_scalp_exit_btc_5m_d3_v1	{"mode": "paper", "fired": true, "reason": "paper_fill", "fire_us": 1781207705000000, "direction": "DOWN", "stake_usd": "5", "entry_vwap": "0.7600000000000000088817841968"}
2026-06-11 20:00:05.003025+00	fire	shadow_scalp_exit_btc_5m_d3_v1	{"mode": "paper", "fired": true, "reason": "paper_fill", "fire_us": 1781208005000000, "direction": "UP", "stake_usd": "5", "entry_vwap": "0.6100000000000000976996261668"}
2026-06-11 20:00:45.009851+00	resolve	shadow_scalp_exit_btc_5m_d3_v1	{"won": true, "mode": "paper", "outcome": "down", "pnl_usd": 1.5789473684210515, "direction": "DOWN", "stake_usd": "5", "entry_vwap": "0.7600000000000000088817841968", "event_type": "sleeve_fire_resolved", "slot_end_us": 1781208000000000, "resolve_at_us": 1781208045000000}
2026-06-11 20:05:45.014191+00	resolve	shadow_scalp_exit_btc_5m_d3_v1	{"won": true, "mode": "paper", "outcome": "up", "pnl_usd": 3.1967213114754087, "direction": "UP", "stake_usd": "5", "entry_vwap": "0.6100000000000000976996261668", "event_type": "sleeve_fire_resolved", "slot_end_us": 1781208300000000, "resolve_at_us": 1781208345000000}
2026-06-11 21:15:05.003147+00	fire	shadow_scalp_exit_btc_5m_d3_v1	{"mode": "paper", "fired": true, "reason": "paper_fill", "fire_us": 1781212505000000, "direction": "DOWN", "stake_usd": "5", "entry_vwap": "0.6300000000000000044408920983"}
2026-06-11 21:20:45.014507+00	resolve	shadow_scalp_exit_btc_5m_d3_v1	{"won": true, "mode": "paper", "outcome": "down", "pnl_usd": 2.9365079365079367, "direction": "DOWN", "stake_usd": "5", "entry_vwap": "0.6300000000000000044408920983", "event_type": "sleeve_fire_resolved", "slot_end_us": 1781212800000000, "resolve_at_us": 1781212845000000}
2026-06-11 21:55:05.015894+00	fire	shadow_scalp_exit_btc_5m_d3_v1	{"mode": "paper", "fired": true, "reason": "paper_fill", "fire_us": 1781214905000000, "direction": "DOWN", "stake_usd": "5", "entry_vwap": "0.6899999999999999467092948178"}
2026-06-11 22:00:45.008894+00	resolve	shadow_scalp_exit_btc_5m_d3_v1	{"won": false, "mode": "paper", "outcome": "up", "pnl_usd": -5.0, "direction": "DOWN", "stake_usd": "5", "entry_vwap": "0.6899999999999999467092948178", "event_type": "sleeve_fire_resolved", "slot_end_us": 1781215200000000, "resolve_at_us": 1781215245000000}
2026-06-11 22:35:05.004128+00	fire	shadow_scalp_exit_btc_5m_d3_v1	{"mode": "paper", "fired": true, "reason": "paper_fill", "fire_us": 1781217305000000, "direction": "DOWN", "stake_usd": "5", "entry_vwap": "0.6500000000000000222044604923"}
2026-06-11 22:42:45.054944+00	resolve	shadow_scalp_exit_btc_5m_d3_v1	{"won": false, "mode": "paper", "outcome": "up", "pnl_usd": -5.0, "direction": "DOWN", "stake_usd": "5", "entry_vwap": "0.6500000000000000222044604923", "event_type": "sleeve_fire_resolved", "slot_end_us": 1781217600000000, "resolve_at_us": 1781217645000000}
2026-06-12 01:55:05.003459+00	fire	shadow_scalp_exit_btc_5m_d3_v1	{"mode": "paper", "fired": true, "reason": "paper_fill", "fire_us": 1781229305000000, "direction": "DOWN", "stake_usd": "5", "entry_vwap": "0.6500000000000000222044604923"}
2026-06-12 02:00:45.010233+00	resolve	shadow_scalp_exit_btc_5m_d3_v1	{"won": true, "mode": "paper", "outcome": "down", "pnl_usd": 2.692307692307692, "direction": "DOWN", "stake_usd": "5", "entry_vwap": "0.6500000000000000222044604923", "event_type": "sleeve_fire_resolved", "slot_end_us": 1781229600000000, "resolve_at_us": 1781229645000000}
2026-06-12 03:30:05.003638+00	fire	shadow_scalp_exit_btc_5m_d3_v1	{"mode": "paper", "fired": true, "reason": "paper_fill", "fire_us": 1781235005000000, "direction": "UP", "stake_usd": "5", "entry_vwap": "0.7099999999999999644728632118"}
2026-06-12 03:35:45.01309+00	resolve	shadow_scalp_exit_btc_5m_d3_v1	{"won": true, "mode": "paper", "outcome": "up", "pnl_usd": 2.042253521126761, "direction": "UP", "stake_usd": "5", "entry_vwap": "0.7099999999999999644728632118", "event_type": "sleeve_fire_resolved", "slot_end_us": 1781235300000000, "resolve_at_us": 1781235345000000}
2026-06-12 05:00:05.017755+00	fire	shadow_scalp_exit_btc_5m_d3_v1	{"mode": "paper", "fired": true, "reason": "paper_fill", "fire_us": 1781240405000000, "direction": "UP", "stake_usd": "5", "entry_vwap": "0.3699999999999999955591079013"}
2026-06-12 05:05:45.00784+00	resolve	shadow_scalp_exit_btc_5m_d3_v1	{"won": false, "mode": "paper", "outcome": "down", "pnl_usd": -5.0, "direction": "UP", "stake_usd": "5", "entry_vwap": "0.3699999999999999955591079013", "event_type": "sleeve_fire_resolved", "slot_end_us": 1781240700000000, "resolve_at_us": 1781240745000000}
2026-06-12 05:20:05.002855+00	fire	shadow_scalp_exit_btc_5m_d3_v1	{"mode": "paper", "fired": true, "reason": "paper_fill", "fire_us": 1781241605000000, "direction": "DOWN", "stake_usd": "5", "entry_vwap": "0.6199999999999999955591079013"}
2026-06-12 05:25:45.008052+00	resolve	shadow_scalp_exit_btc_5m_d3_v1	{"won": true, "mode": "paper", "outcome": "down", "pnl_usd": 3.064516129032258, "direction": "DOWN", "stake_usd": "5", "entry_vwap": "0.6199999999999999955591079013", "event_type": "sleeve_fire_resolved", "slot_end_us": 1781241900000000, "resolve_at_us": 1781241945000000}
2026-06-12 05:40:00.002713+00	fire	poly_sniper_v5_btc_15m_ema50_ema800_off600_down	{"mode": "paper", "fired": true, "reason": "paper_fill", "fire_us": 1781242800000000, "direction": "DOWN", "stake_usd": "5", "entry_vwap": "0.9699999999999999733546474086"}
2026-06-12 05:46:15.01578+00	resolve	poly_sniper_v5_btc_15m_ema50_ema800_off600_down	{"won": true, "mode": "paper", "outcome": "down", "pnl_usd": 0.15463917525773152, "direction": "DOWN", "stake_usd": "5", "entry_vwap": "0.9699999999999999733546474086", "event_type": "sleeve_fire_resolved", "slot_end_us": 1781243100000000, "resolve_at_us": 1781243145000000}
2026-06-12 05:50:05.003709+00	fire	shadow_scalp_exit_btc_5m_d3_v1	{"mode": "paper", "fired": true, "reason": "paper_fill", "fire_us": 1781243405000000, "direction": "DOWN", "stake_usd": "5", "entry_vwap": "0.6400000000000000133226762952"}
2026-06-12 05:55:00.026253+00	fire	poly_sniper_v5_btc_15m_ema50_ema800_off600_down	{"mode": "paper", "fired": true, "reason": "paper_fill", "fire_us": 1781243700000000, "direction": "DOWN", "stake_usd": "5", "entry_vwap": "0.7399999999999999911182158027"}
2026-06-12 05:55:00.19261+00	order_placed	kalshi_sniper_btc_15m_ema50_ema800_off600_down_H	{"mode": "paper", "side": "no", "fired": true, "status": "paper", "ticker": "KXBTC15M-26JUN120200-00", "offset_s": 600, "order_id": "paper-kalshi_sniper_btc_15m_ema50_ema800_off600_down_H-1781243700000000", "direction": "DOWN", "entry_ask": 0.74, "entry_vwap": "0.7399999999999999911182158027", "filled_count": 6}
2026-06-12 05:55:45.011537+00	resolve	shadow_scalp_exit_btc_5m_d3_v1	{"won": true, "mode": "paper", "outcome": "down", "pnl_usd": 2.8125, "direction": "DOWN", "stake_usd": "5", "entry_vwap": "0.6400000000000000133226762952", "event_type": "sleeve_fire_resolved", "slot_end_us": 1781243700000000, "resolve_at_us": 1781243745000000}
2026-06-12 06:00:45.01766+00	resolve	poly_sniper_v5_btc_15m_ema50_ema800_off600_down	{"won": true, "mode": "paper", "outcome": "down", "pnl_usd": 1.7567567567567568, "direction": "DOWN", "stake_usd": "5", "entry_vwap": "0.7399999999999999911182158027", "event_type": "sleeve_fire_resolved", "slot_end_us": 1781244000000000, "resolve_at_us": 1781244045000000}
2026-06-12 06:00:45.095206+00	resolve	kalshi_sniper_btc_15m_ema50_ema800_off600_down_H	{"won": true, "mode": "paper", "ticker": "KXBTC15M-26JUN120200-00", "outcome": "no", "pnl_usd": 1.7567567567567568, "direction": "DOWN", "stake_usd": "5", "entry_vwap": "0.7399999999999999911182158027", "event_type": "sleeve_fire_resolved", "resolve_at_us": 1781244045000000, "window_end_us": 1781244000000000}
2026-06-12 06:10:00.003199+00	fire	poly_sniper_v5_btc_15m_ema50_ema800_off600_down	{"mode": "paper", "fired": true, "reason": "paper_fill", "fire_us": 1781244600000000, "direction": "DOWN", "stake_usd": "5", "entry_vwap": "0.6999999999999999555910790147"}
2026-06-12 06:10:00.190289+00	order_placed	kalshi_sniper_btc_15m_ema50_ema800_off600_down_H	{"mode": "paper", "side": "no", "fired": true, "status": "paper", "ticker": "KXBTC15M-26JUN120215-15", "offset_s": 600, "order_id": "paper-kalshi_sniper_btc_15m_ema50_ema800_off600_down_H-1781244600000000", "direction": "DOWN", "entry_ask": 0.61, "entry_vwap": "0.6100000000000000976996261668", "filled_count": 8}
2026-06-12 06:15:45.122485+00	resolve	kalshi_sniper_btc_15m_ema50_ema800_off600_down_H	{"won": true, "mode": "paper", "ticker": "KXBTC15M-26JUN120215-15", "outcome": "no", "pnl_usd": 3.1967213114754087, "direction": "DOWN", "stake_usd": "5", "entry_vwap": "0.6100000000000000976996261668", "event_type": "sleeve_fire_resolved", "resolve_at_us": 1781244945000000, "window_end_us": 1781244900000000}
2026-06-12 06:19:45.099682+00	resolve	poly_sniper_v5_btc_15m_ema50_ema800_off600_down	{"won": true, "mode": "paper", "outcome": "down", "pnl_usd": 2.1428571428571432, "direction": "DOWN", "stake_usd": "5", "entry_vwap": "0.6999999999999999555910790147", "event_type": "sleeve_fire_resolved", "slot_end_us": 1781244900000000, "resolve_at_us": 1781244945000000}
2026-06-12 06:25:00.033847+00	fire	poly_sniper_v5_btc_15m_ema50_ema800_off600_down	{"mode": "paper", "fired": true, "reason": "paper_fill", "fire_us": 1781245500000000, "direction": "DOWN", "stake_usd": "5", "entry_vwap": "0.9499999999999999555910790146"}
2026-06-12 06:30:05.002943+00	fire	shadow_scalp_exit_btc_5m_d3_v1	{"mode": "paper", "fired": true, "reason": "paper_fill", "fire_us": 1781245805000000, "direction": "DOWN", "stake_usd": "5", "entry_vwap": "0.6999999999999999555910790147"}
2026-06-12 06:30:45.009949+00	resolve	poly_sniper_v5_btc_15m_ema50_ema800_off600_down	{"won": true, "mode": "paper", "outcome": "down", "pnl_usd": 0.26315789473684237, "direction": "DOWN", "stake_usd": "5", "entry_vwap": "0.9499999999999999555910790146", "event_type": "sleeve_fire_resolved", "slot_end_us": 1781245800000000, "resolve_at_us": 1781245845000000}
2026-06-12 06:35:45.009854+00	resolve	shadow_scalp_exit_btc_5m_d3_v1	{"won": true, "mode": "paper", "outcome": "down", "pnl_usd": 2.1428571428571432, "direction": "DOWN", "stake_usd": "5", "entry_vwap": "0.6999999999999999555910790147", "event_type": "sleeve_fire_resolved", "slot_end_us": 1781246100000000, "resolve_at_us": 1781246145000000}
2026-06-12 06:40:00.00313+00	fire	poly_sniper_v5_btc_15m_ema50_ema800_off600_down	{"mode": "paper", "fired": true, "reason": "paper_fill", "fire_us": 1781246400000000, "direction": "DOWN", "stake_usd": "5", "entry_vwap": "0.9799999999999999822364316056"}
2026-06-12 06:45:05.002537+00	fire	shadow_scalp_exit_btc_5m_d3_v1	{"mode": "paper", "fired": true, "reason": "paper_fill", "fire_us": 1781246705000000, "direction": "UP", "stake_usd": "5", "entry_vwap": "0.6100000000000000976996261668"}
2026-06-12 06:45:45.01628+00	resolve	poly_sniper_v5_btc_15m_ema50_ema800_off600_down	{"won": true, "mode": "paper", "outcome": "down", "pnl_usd": 0.10204081632653013, "direction": "DOWN", "stake_usd": "5", "entry_vwap": "0.9799999999999999822364316056", "event_type": "sleeve_fire_resolved", "slot_end_us": 1781246700000000, "resolve_at_us": 1781246745000000}
2026-06-12 06:50:45.011373+00	resolve	shadow_scalp_exit_btc_5m_d3_v1	{"won": true, "mode": "paper", "outcome": "up", "pnl_usd": 3.1967213114754087, "direction": "UP", "stake_usd": "5", "entry_vwap": "0.6100000000000000976996261668", "event_type": "sleeve_fire_resolved", "slot_end_us": 1781247000000000, "resolve_at_us": 1781247045000000}
2026-06-12 06:55:00.002428+00	fire	poly_sniper_v5_btc_15m_ema50_ema800_off600_down	{"mode": "paper", "fired": true, "reason": "paper_fill", "fire_us": 1781247300000000, "direction": "DOWN", "stake_usd": "5", "entry_vwap": "0.2200000000000000011102230246"}
2026-06-12 06:55:00.18588+00	order_placed	kalshi_sniper_btc_15m_ema50_ema800_off600_down_H	{"mode": "paper", "side": "no", "fired": true, "status": "paper", "ticker": "KXBTC15M-26JUN120300-00", "offset_s": 600, "order_id": "paper-kalshi_sniper_btc_15m_ema50_ema800_off600_down_H-1781247300000000", "direction": "DOWN", "entry_ask": 0.25, "entry_vwap": "0.25", "filled_count": 20}
2026-06-12 07:00:05.016245+00	fire	shadow_scalp_exit_btc_5m_d3_v1	{"mode": "paper", "fired": true, "reason": "paper_fill", "fire_us": 1781247605000000, "direction": "UP", "stake_usd": "5", "entry_vwap": "0.6300000000000000044408920983"}
2026-06-12 07:00:45.010415+00	resolve	poly_sniper_v5_btc_15m_ema50_ema800_off600_down	{"won": false, "mode": "paper", "outcome": "up", "pnl_usd": -5.0, "direction": "DOWN", "stake_usd": "5", "entry_vwap": "0.2200000000000000011102230246", "event_type": "sleeve_fire_resolved", "slot_end_us": 1781247600000000, "resolve_at_us": 1781247645000000}
2026-06-12 07:00:45.097445+00	resolve	kalshi_sniper_btc_15m_ema50_ema800_off600_down_H	{"won": false, "mode": "paper", "ticker": "KXBTC15M-26JUN120300-00", "outcome": "yes", "pnl_usd": -5.0, "direction": "DOWN", "stake_usd": "5", "entry_vwap": "0.25", "event_type": "sleeve_fire_resolved", "resolve_at_us": 1781247645000000, "window_end_us": 1781247600000000}
2026-06-12 07:05:45.021045+00	resolve	shadow_scalp_exit_btc_5m_d3_v1	{"won": true, "mode": "paper", "outcome": "up", "pnl_usd": 2.9365079365079367, "direction": "UP", "stake_usd": "5", "entry_vwap": "0.6300000000000000044408920983", "event_type": "sleeve_fire_resolved", "slot_end_us": 1781247900000000, "resolve_at_us": 1781247945000000}
2026-06-12 07:25:00.00386+00	fire	poly_sniper_v5_btc_15m_ema50_ema800_off600_down	{"mode": "paper", "fired": true, "reason": "paper_fill", "fire_us": 1781249100000000, "direction": "DOWN", "stake_usd": "5", "entry_vwap": "0.1700000000000000122124532708"}
2026-06-12 07:25:00.238286+00	order_placed	kalshi_sniper_btc_15m_ema50_ema800_off600_down_H	{"mode": "paper", "side": "no", "fired": true, "status": "paper", "ticker": "KXBTC15M-26JUN120330-30", "offset_s": 600, "order_id": "paper-kalshi_sniper_btc_15m_ema50_ema800_off600_down_H-1781249100000000", "direction": "DOWN", "entry_ask": 0.35, "entry_vwap": "0.3499999999999999777955395073", "filled_count": 14}
2026-06-12 07:30:45.01181+00	resolve	poly_sniper_v5_btc_15m_ema50_ema800_off600_down	{"won": false, "mode": "paper", "outcome": "up", "pnl_usd": -5.0, "direction": "DOWN", "stake_usd": "5", "entry_vwap": "0.1700000000000000122124532708", "event_type": "sleeve_fire_resolved", "slot_end_us": 1781249400000000, "resolve_at_us": 1781249445000000}
2026-06-12 07:30:45.094816+00	resolve	kalshi_sniper_btc_15m_ema50_ema800_off600_down_H	{"won": false, "mode": "paper", "ticker": "KXBTC15M-26JUN120330-30", "outcome": "yes", "pnl_usd": -5.0, "direction": "DOWN", "stake_usd": "5", "entry_vwap": "0.3499999999999999777955395073", "event_type": "sleeve_fire_resolved", "resolve_at_us": 1781249445000000, "window_end_us": 1781249400000000}
2026-06-12 07:40:00.00237+00	fire	poly_sniper_v5_btc_15m_ema50_ema800_off600_down	{"mode": "paper", "fired": true, "reason": "paper_fill", "fire_us": 1781250000000000, "direction": "DOWN", "stake_usd": "5", "entry_vwap": "0.2600000000000000088817841969"}
2026-06-12 07:45:45.008894+00	resolve	poly_sniper_v5_btc_15m_ema50_ema800_off600_down	{"won": false, "mode": "paper", "outcome": "up", "pnl_usd": -5.0, "direction": "DOWN", "stake_usd": "5", "entry_vwap": "0.2600000000000000088817841969", "event_type": "sleeve_fire_resolved", "slot_end_us": 1781250300000000, "resolve_at_us": 1781250345000000}
2026-06-12 07:55:00.004401+00	fire	poly_sniper_v5_btc_15m_ema50_ema800_off600_down	{"mode": "paper", "fired": true, "reason": "paper_fill", "fire_us": 1781250900000000, "direction": "DOWN", "stake_usd": "5", "entry_vwap": "0.8600000000000000976996261666"}
2026-06-12 07:55:00.354793+00	order_placed	kalshi_sniper_btc_15m_ema50_ema800_off600_down_H	{"mode": "paper", "side": "no", "fired": true, "status": "paper", "ticker": "KXBTC15M-26JUN120400-00", "offset_s": 600, "order_id": "paper-kalshi_sniper_btc_15m_ema50_ema800_off600_down_H-1781250900000000", "direction": "DOWN", "entry_ask": 0.911, "entry_vwap": "0.9110000000000000319744231089", "filled_count": 5}
2026-06-12 08:00:45.013014+00	resolve	poly_sniper_v5_btc_15m_ema50_ema800_off600_down	{"won": false, "mode": "paper", "outcome": "up", "pnl_usd": -5.0, "direction": "DOWN", "stake_usd": "5", "entry_vwap": "0.8600000000000000976996261666", "event_type": "sleeve_fire_resolved", "slot_end_us": 1781251200000000, "resolve_at_us": 1781251245000000}
2026-06-12 08:00:45.097763+00	resolve	kalshi_sniper_btc_15m_ema50_ema800_off600_down_H	{"won": false, "mode": "paper", "ticker": "KXBTC15M-26JUN120400-00", "outcome": "yes", "pnl_usd": -5.0, "direction": "DOWN", "stake_usd": "5", "entry_vwap": "0.9110000000000000319744231089", "event_type": "sleeve_fire_resolved", "resolve_at_us": 1781251245000000, "window_end_us": 1781251200000000}
2026-06-12 09:26:00.003306+00	fire	poly_sniper_v5_eth_5m_l_ema50_hurst_grandparent_V10	{"mode": "paper", "fired": true, "reason": "paper_fill", "fire_us": 1781256360000000, "direction": "UP", "stake_usd": "5", "entry_vwap": "0.5899999999999999689137553103"}
2026-06-12 09:31:45.03153+00	resolve	poly_sniper_v5_eth_5m_l_ema50_hurst_grandparent_V10	{"won": true, "mode": "paper", "outcome": "up", "pnl_usd": 3.474576271186441, "direction": "UP", "stake_usd": "5", "entry_vwap": "0.5899999999999999689137553103", "event_type": "sleeve_fire_resolved", "slot_end_us": 1781256600000000, "resolve_at_us": 1781256645000000}
2026-06-12 09:36:00.037985+00	fire	poly_sniper_v5_eth_5m_l_ema50_hurst_grandparent_V10	{"mode": "paper", "fired": true, "reason": "paper_fill", "fire_us": 1781256960000000, "direction": "UP", "stake_usd": "5", "entry_vwap": "0.5300000000000000266453525908"}
2026-06-12 09:41:45.038843+00	resolve	poly_sniper_v5_eth_5m_l_ema50_hurst_grandparent_V10	{"won": true, "mode": "paper", "outcome": "up", "pnl_usd": 4.433962264150942, "direction": "UP", "stake_usd": "5", "entry_vwap": "0.5300000000000000266453525908", "event_type": "sleeve_fire_resolved", "slot_end_us": 1781257200000000, "resolve_at_us": 1781257245000000}
2026-06-12 09:45:05.004556+00	fire	shadow_scalp_exit_btc_5m_d3_v1	{"mode": "paper", "fired": true, "reason": "paper_fill", "fire_us": 1781257505000000, "direction": "DOWN", "stake_usd": "5", "entry_vwap": "0.7299999999999999822364316058"}
2026-06-12 09:50:45.008127+00	resolve	shadow_scalp_exit_btc_5m_d3_v1	{"won": true, "mode": "paper", "outcome": "down", "pnl_usd": 1.8493150684931507, "direction": "DOWN", "stake_usd": "5", "entry_vwap": "0.7299999999999999822364316058", "event_type": "sleeve_fire_resolved", "slot_end_us": 1781257800000000, "resolve_at_us": 1781257845000000}
2026-06-12 10:16:00.360612+00	order_placed	kalshi_scalp_exit_btc_15m_d3_v1	{"mode": "paper", "side": "no", "fired": true, "status": "paper", "ticker": "KXBTC15M-26JUN120630-30", "offset_s": 60, "order_id": "paper-kalshi_scalp_exit_btc_15m_d3_v1-1781259360000000", "direction": "DOWN", "entry_ask": 0.54, "entry_vwap": "0.5400000000000000355271367879", "filled_count": 9}
2026-06-12 10:17:02.321014+00	resolve	kalshi_scalp_exit_btc_15m_d3_v1	{"mode": "paper", "shares": 9, "ticker": "KXBTC15M-26JUN120630-30", "direction": "DOWN", "exit_type": "scalp_time", "fill_vwap": 0.54, "sell_vwap": 0.51, "realized_pnl": -0.27000000000000024, "suppress_settlement": true}
2026-06-12 12:00:05.005991+00	fire	shadow_scalp_exit_btc_5m_d3_v1	{"mode": "paper", "fired": true, "reason": "paper_fill", "fire_us": 1781265605000000, "direction": "DOWN", "stake_usd": "5", "entry_vwap": "0.5999999999999999777955395073"}
2026-06-12 12:05:45.010988+00	resolve	shadow_scalp_exit_btc_5m_d3_v1	{"won": true, "mode": "paper", "outcome": "down", "pnl_usd": 3.333333333333334, "direction": "DOWN", "stake_usd": "5", "entry_vwap": "0.5999999999999999777955395073", "event_type": "sleeve_fire_resolved", "slot_end_us": 1781265900000000, "resolve_at_us": 1781265945000000}
2026-06-12 12:40:00.002677+00	fire	poly_sniper_v5_btc_15m_ema50_ema800_off600_down	{"mode": "paper", "fired": true, "reason": "paper_fill", "fire_us": 1781268000000000, "direction": "DOWN", "stake_usd": "5", "entry_vwap": "0.7199999999999999733546474088"}
2026-06-12 12:40:00.210755+00	order_placed	kalshi_sniper_btc_15m_ema50_ema800_off600_down_H	{"mode": "paper", "side": "no", "fired": true, "status": "paper", "ticker": "KXBTC15M-26JUN120845-45", "offset_s": 600, "order_id": "paper-kalshi_sniper_btc_15m_ema50_ema800_off600_down_H-1781268000000000", "direction": "DOWN", "entry_ask": 0.81, "entry_vwap": "0.8100000000000000532907051816", "filled_count": 6}
2026-06-12 12:45:45.0093+00	resolve	poly_sniper_v5_btc_15m_ema50_ema800_off600_down	{"won": true, "mode": "paper", "outcome": "down", "pnl_usd": 1.9444444444444446, "direction": "DOWN", "stake_usd": "5", "entry_vwap": "0.7199999999999999733546474088", "event_type": "sleeve_fire_resolved", "slot_end_us": 1781268300000000, "resolve_at_us": 1781268345000000}
2026-06-12 12:45:45.099089+00	resolve	kalshi_sniper_btc_15m_ema50_ema800_off600_down_H	{"won": true, "mode": "paper", "ticker": "KXBTC15M-26JUN120845-45", "outcome": "no", "pnl_usd": 1.1728395061728392, "direction": "DOWN", "stake_usd": "5", "entry_vwap": "0.8100000000000000532907051816", "event_type": "sleeve_fire_resolved", "resolve_at_us": 1781268345000000, "window_end_us": 1781268300000000}
2026-06-12 12:55:00.004303+00	fire	poly_sniper_v5_btc_15m_ema50_ema800_off600_down	{"mode": "paper", "fired": true, "reason": "paper_fill", "fire_us": 1781268900000000, "direction": "DOWN", "stake_usd": "5", "entry_vwap": "0.4300000000000000488498130833"}
2026-06-12 12:55:00.343991+00	order_placed	kalshi_sniper_btc_15m_ema50_ema800_off600_down_H	{"mode": "paper", "side": "no", "fired": true, "status": "paper", "ticker": "KXBTC15M-26JUN120900-00", "offset_s": 600, "order_id": "paper-kalshi_sniper_btc_15m_ema50_ema800_off600_down_H-1781268900000000", "direction": "DOWN", "entry_ask": 0.5, "entry_vwap": "0.5", "filled_count": 10}
2026-06-12 13:00:45.098498+00	resolve	kalshi_sniper_btc_15m_ema50_ema800_off600_down_H	{"won": false, "mode": "paper", "ticker": "KXBTC15M-26JUN120900-00", "outcome": "yes", "pnl_usd": -5.0, "direction": "DOWN", "stake_usd": "5", "entry_vwap": "0.5", "event_type": "sleeve_fire_resolved", "resolve_at_us": 1781269245000000, "window_end_us": 1781269200000000}
2026-06-12 13:05:15.101311+00	resolve	poly_sniper_v5_btc_15m_ema50_ema800_off600_down	{"won": false, "mode": "paper", "outcome": "up", "pnl_usd": -5.0, "direction": "DOWN", "stake_usd": "5", "entry_vwap": "0.4300000000000000488498130833", "event_type": "sleeve_fire_resolved", "slot_end_us": 1781269200000000, "resolve_at_us": 1781269245000000}
2026-06-12 13:10:00.003131+00	fire	poly_sniper_v5_btc_15m_ema50_ema800_off600_down	{"mode": "paper", "fired": true, "reason": "paper_fill", "fire_us": 1781269800000000, "direction": "DOWN", "stake_usd": "5", "entry_vwap": "0.5"}
2026-06-12 13:10:00.214927+00	order_placed	kalshi_sniper_btc_15m_ema50_ema800_off600_down_H	{"mode": "paper", "side": "no", "fired": true, "status": "paper", "ticker": "KXBTC15M-26JUN120915-15", "offset_s": 600, "order_id": "paper-kalshi_sniper_btc_15m_ema50_ema800_off600_down_H-1781269800000000", "direction": "DOWN", "entry_ask": 0.6, "entry_vwap": "0.5999999999999999777955395073", "filled_count": 8}
2026-06-12 13:15:45.114038+00	resolve	kalshi_sniper_btc_15m_ema50_ema800_off600_down_H	{"won": true, "mode": "paper", "ticker": "KXBTC15M-26JUN120915-15", "outcome": "no", "pnl_usd": 3.333333333333334, "direction": "DOWN", "stake_usd": "5", "entry_vwap": "0.5999999999999999777955395073", "event_type": "sleeve_fire_resolved", "resolve_at_us": 1781270145000000, "window_end_us": 1781270100000000}
2026-06-12 13:20:15.109325+00	resolve	poly_sniper_v5_btc_15m_ema50_ema800_off600_down	{"won": false, "mode": "paper", "outcome": "up", "pnl_usd": -5.0, "direction": "DOWN", "stake_usd": "5", "entry_vwap": "0.5", "event_type": "sleeve_fire_resolved", "slot_end_us": 1781270100000000, "resolve_at_us": 1781270145000000}
2026-06-12 13:25:00.002502+00	fire	poly_sniper_v5_btc_15m_ema50_ema800_off600_down	{"mode": "paper", "fired": true, "reason": "paper_fill", "fire_us": 1781270700000000, "direction": "DOWN", "stake_usd": "5", "entry_vwap": "0.8199999999999999511501869162"}
2026-06-12 13:25:00.200527+00	order_placed	kalshi_sniper_btc_15m_ema50_ema800_off600_down_H	{"mode": "paper", "side": "no", "fired": true, "status": "paper", "ticker": "KXBTC15M-26JUN120930-30", "offset_s": 600, "order_id": "paper-kalshi_sniper_btc_15m_ema50_ema800_off600_down_H-1781270700000000", "direction": "DOWN", "entry_ask": 0.77, "entry_vwap": "0.7700000000000000177635683938", "filled_count": 6}
2026-06-12 13:30:45.014553+00	resolve	poly_sniper_v5_btc_15m_ema50_ema800_off600_down	{"won": true, "mode": "paper", "outcome": "down", "pnl_usd": 1.0975609756097564, "direction": "DOWN", "stake_usd": "5", "entry_vwap": "0.8199999999999999511501869162", "event_type": "sleeve_fire_resolved", "slot_end_us": 1781271000000000, "resolve_at_us": 1781271045000000}
2026-06-12 13:30:45.102516+00	resolve	kalshi_sniper_btc_15m_ema50_ema800_off600_down_H	{"won": true, "mode": "paper", "ticker": "KXBTC15M-26JUN120930-30", "outcome": "no", "pnl_usd": 1.4935064935064926, "direction": "DOWN", "stake_usd": "5", "entry_vwap": "0.7700000000000000177635683938", "event_type": "sleeve_fire_resolved", "resolve_at_us": 1781271045000000, "window_end_us": 1781271000000000}
2026-06-12 13:40:00.003082+00	fire	poly_sniper_v5_btc_15m_ema50_ema800_off600_down	{"mode": "paper", "fired": true, "reason": "paper_fill", "fire_us": 1781271600000000, "direction": "DOWN", "stake_usd": "5", "entry_vwap": "0.6300000000000000044408920983"}
2026-06-12 13:40:00.199549+00	order_placed	kalshi_sniper_btc_15m_ema50_ema800_off600_down_H	{"mode": "paper", "side": "no", "fired": true, "status": "paper", "ticker": "KXBTC15M-26JUN120945-45", "offset_s": 600, "order_id": "paper-kalshi_sniper_btc_15m_ema50_ema800_off600_down_H-1781271600000000", "direction": "DOWN", "entry_ask": 0.6, "entry_vwap": "0.5999999999999999777955395073", "filled_count": 8}
2026-06-12 13:45:45.012447+00	resolve	poly_sniper_v5_btc_15m_ema50_ema800_off600_down	{"won": true, "mode": "paper", "outcome": "down", "pnl_usd": 2.9365079365079367, "direction": "DOWN", "stake_usd": "5", "entry_vwap": "0.6300000000000000044408920983", "event_type": "sleeve_fire_resolved", "slot_end_us": 1781271900000000, "resolve_at_us": 1781271945000000}
2026-06-12 13:45:45.099041+00	resolve	kalshi_sniper_btc_15m_ema50_ema800_off600_down_H	{"won": true, "mode": "paper", "ticker": "KXBTC15M-26JUN120945-45", "outcome": "no", "pnl_usd": 3.333333333333334, "direction": "DOWN", "stake_usd": "5", "entry_vwap": "0.5999999999999999777955395073", "event_type": "sleeve_fire_resolved", "resolve_at_us": 1781271945000000, "window_end_us": 1781271900000000}
2026-06-12 13:55:00.003354+00	fire	poly_sniper_v5_btc_15m_ema50_ema800_off600_down	{"mode": "paper", "fired": true, "reason": "paper_fill", "fire_us": 1781272500000000, "direction": "DOWN", "stake_usd": "5", "entry_vwap": "0.4000000000000000222044604924"}
2026-06-12 14:00:45.014391+00	resolve	poly_sniper_v5_btc_15m_ema50_ema800_off600_down	{"won": false, "mode": "paper", "outcome": "up", "pnl_usd": -5.0, "direction": "DOWN", "stake_usd": "5", "entry_vwap": "0.4000000000000000222044604924", "event_type": "sleeve_fire_resolved", "slot_end_us": 1781272800000000, "resolve_at_us": 1781272845000000}
2026-06-12 15:05:05.012627+00	fire	shadow_scalp_exit_btc_5m_d3_v1	{"mode": "paper", "fired": true, "reason": "paper_fill", "fire_us": 1781276705000000, "direction": "UP", "stake_usd": "5", "entry_vwap": "0.5400000000000000355271367879"}
2026-06-12 15:06:00.002769+00	fire	poly_sniper_v5_eth_5m_l_ema50_hurst_grandparent_V10	{"mode": "paper", "fired": true, "reason": "paper_fill", "fire_us": 1781276760000000, "direction": "UP", "stake_usd": "5", "entry_vwap": "0.8299999999999999600319711132"}
2026-06-12 15:11:45.028302+00	resolve	poly_sniper_v5_eth_5m_l_ema50_hurst_grandparent_V10	{"won": true, "mode": "paper", "outcome": "up", "pnl_usd": 1.024096385542169, "direction": "UP", "stake_usd": "5", "entry_vwap": "0.8299999999999999600319711132", "event_type": "sleeve_fire_resolved", "slot_end_us": 1781277000000000, "resolve_at_us": 1781277045000000}
2026-06-12 15:12:15.035607+00	resolve	shadow_scalp_exit_btc_5m_d3_v1	{"won": true, "mode": "paper", "outcome": "up", "pnl_usd": 4.259259259259259, "direction": "UP", "stake_usd": "5", "entry_vwap": "0.5400000000000000355271367879", "event_type": "sleeve_fire_resolved", "slot_end_us": 1781277000000000, "resolve_at_us": 1781277045000000}
2026-06-12 15:50:05.002394+00	fire	shadow_scalp_exit_btc_5m_d3_v1	{"mode": "paper", "fired": true, "reason": "paper_fill", "fire_us": 1781279405000000, "direction": "UP", "stake_usd": "5", "entry_vwap": "0.6300000000000000044408920983"}
2026-06-12 15:57:45.043968+00	resolve	shadow_scalp_exit_btc_5m_d3_v1	{"won": true, "mode": "paper", "outcome": "up", "pnl_usd": 2.9365079365079367, "direction": "UP", "stake_usd": "5", "entry_vwap": "0.6300000000000000044408920983", "event_type": "sleeve_fire_resolved", "slot_end_us": 1781279700000000, "resolve_at_us": 1781279745000000}
2026-06-12 17:05:05.002616+00	fire	shadow_scalp_exit_btc_5m_d3_v1	{"mode": "paper", "fired": true, "reason": "paper_fill", "fire_us": 1781283905000000, "direction": "UP", "stake_usd": "5", "entry_vwap": "0.6300000000000000044408920983"}
2026-06-12 17:12:45.058279+00	resolve	shadow_scalp_exit_btc_5m_d3_v1	{"won": true, "mode": "paper", "outcome": "up", "pnl_usd": 2.9365079365079367, "direction": "UP", "stake_usd": "5", "entry_vwap": "0.6300000000000000044408920983", "event_type": "sleeve_fire_resolved", "slot_end_us": 1781284200000000, "resolve_at_us": 1781284245000000}
2026-06-12 17:15:05.002942+00	fire	shadow_scalp_exit_btc_5m_d3_v1	{"mode": "paper", "fired": true, "reason": "paper_fill", "fire_us": 1781284505000000, "direction": "DOWN", "stake_usd": "5", "entry_vwap": "0.5200000000000000177635683938"}
2026-06-12 17:20:45.009067+00	resolve	shadow_scalp_exit_btc_5m_d3_v1	{"won": true, "mode": "paper", "outcome": "down", "pnl_usd": 4.615384615384615, "direction": "DOWN", "stake_usd": "5", "entry_vwap": "0.5200000000000000177635683938", "event_type": "sleeve_fire_resolved", "slot_end_us": 1781284800000000, "resolve_at_us": 1781284845000000}
2026-06-12 17:25:05.002631+00	fire	shadow_scalp_exit_btc_5m_d3_v1	{"mode": "paper", "fired": true, "reason": "paper_fill", "fire_us": 1781285105000000, "direction": "UP", "stake_usd": "5", "entry_vwap": "0.6500000000000000222044604923"}
2026-06-12 17:31:45.026947+00	resolve	shadow_scalp_exit_btc_5m_d3_v1	{"won": true, "mode": "paper", "outcome": "up", "pnl_usd": 2.692307692307692, "direction": "UP", "stake_usd": "5", "entry_vwap": "0.6500000000000000222044604923", "event_type": "sleeve_fire_resolved", "slot_end_us": 1781285400000000, "resolve_at_us": 1781285445000000}
2026-06-12 18:31:00.348279+00	order_placed	kalshi_scalp_exit_btc_15m_d3_v1	{"mode": "paper", "side": "no", "fired": true, "status": "paper", "ticker": "KXBTC15M-26JUN121445-45", "offset_s": 60, "order_id": "paper-kalshi_scalp_exit_btc_15m_d3_v1-1781289060000000", "direction": "DOWN", "entry_ask": 0.53, "entry_vwap": "0.5300000000000000266453525908", "filled_count": 9}
2026-06-12 18:32:02.185267+00	resolve	kalshi_scalp_exit_btc_15m_d3_v1	{"mode": "paper", "shares": 9, "ticker": "KXBTC15M-26JUN121445-45", "direction": "DOWN", "exit_type": "scalp_time", "fill_vwap": 0.53, "sell_vwap": 0.43796666666666667, "realized_pnl": -0.8283000000000003, "suppress_settlement": true}
2026-06-12 18:40:05.01556+00	fire	shadow_scalp_exit_btc_5m_d3_v1	{"mode": "paper", "fired": true, "reason": "paper_fill", "fire_us": 1781289605000000, "direction": "UP", "stake_usd": "5", "entry_vwap": "0.6600000000000000310862446891"}
2026-06-12 18:45:45.008498+00	resolve	shadow_scalp_exit_btc_5m_d3_v1	{"won": true, "mode": "paper", "outcome": "up", "pnl_usd": 2.5757575757575744, "direction": "UP", "stake_usd": "5", "entry_vwap": "0.6600000000000000310862446891", "event_type": "sleeve_fire_resolved", "slot_end_us": 1781289900000000, "resolve_at_us": 1781289945000000}
2026-06-12 19:25:00.028063+00	fire	poly_sniper_v5_btc_15m_ema50_ema800_off600_down	{"mode": "paper", "fired": true, "reason": "paper_fill", "fire_us": 1781292300000000, "direction": "DOWN", "stake_usd": "5", "entry_vwap": "0.4700000000000000288657986401"}
2026-06-12 19:31:45.031618+00	resolve	poly_sniper_v5_btc_15m_ema50_ema800_off600_down	{"won": false, "mode": "paper", "outcome": "up", "pnl_usd": -5.0, "direction": "DOWN", "stake_usd": "5", "entry_vwap": "0.4700000000000000288657986401", "event_type": "sleeve_fire_resolved", "slot_end_us": 1781292600000000, "resolve_at_us": 1781292645000000}
2026-06-12 19:45:05.002623+00	fire	shadow_scalp_exit_btc_5m_d3_v1	{"mode": "paper", "fired": true, "reason": "paper_fill", "fire_us": 1781293505000000, "direction": "UP", "stake_usd": "5", "entry_vwap": "0.6400000000000000133226762952"}
2026-06-12 19:50:45.00968+00	resolve	shadow_scalp_exit_btc_5m_d3_v1	{"won": true, "mode": "paper", "outcome": "up", "pnl_usd": 2.8125, "direction": "UP", "stake_usd": "5", "entry_vwap": "0.6400000000000000133226762952", "event_type": "sleeve_fire_resolved", "slot_end_us": 1781293800000000, "resolve_at_us": 1781293845000000}
2026-06-12 19:55:00.004834+00	fire	poly_sniper_v5_btc_15m_ema50_ema800_off600_down	{"mode": "paper", "fired": true, "reason": "paper_fill", "fire_us": 1781294100000000, "direction": "DOWN", "stake_usd": "5", "entry_vwap": "0.6800000000000000488498130833"}
2026-06-12 19:55:00.200971+00	order_placed	kalshi_sniper_btc_15m_ema50_ema800_off600_down_H	{"mode": "paper", "side": "no", "fired": true, "status": "paper", "ticker": "KXBTC15M-26JUN121600-00", "offset_s": 600, "order_id": "paper-kalshi_sniper_btc_15m_ema50_ema800_off600_down_H-1781294100000000", "direction": "DOWN", "entry_ask": 0.72, "entry_vwap": "0.7199999999999999733546474088", "filled_count": 6}
2026-06-12 20:00:45.102295+00	resolve	kalshi_sniper_btc_15m_ema50_ema800_off600_down_H	{"won": true, "mode": "paper", "ticker": "KXBTC15M-26JUN121600-00", "outcome": "no", "pnl_usd": 1.9444444444444446, "direction": "DOWN", "stake_usd": "5", "entry_vwap": "0.7199999999999999733546474088", "event_type": "sleeve_fire_resolved", "resolve_at_us": 1781294445000000, "window_end_us": 1781294400000000}
2026-06-12 20:01:45.136317+00	resolve	poly_sniper_v5_btc_15m_ema50_ema800_off600_down	{"won": true, "mode": "paper", "outcome": "down", "pnl_usd": 2.352941176470588, "direction": "DOWN", "stake_usd": "5", "entry_vwap": "0.6800000000000000488498130833", "event_type": "sleeve_fire_resolved", "slot_end_us": 1781294400000000, "resolve_at_us": 1781294445000000}
2026-06-12 20:10:00.187493+00	order_placed	kalshi_sniper_btc_15m_ema50_ema800_off600_down_H	{"mode": "paper", "side": "no", "fired": true, "status": "paper", "ticker": "KXBTC15M-26JUN121615-15", "offset_s": 600, "order_id": "paper-kalshi_sniper_btc_15m_ema50_ema800_off600_down_H-1781295000000000", "direction": "DOWN", "entry_ask": 0.69, "entry_vwap": "0.6899999999999999467092948178", "filled_count": 7}
2026-06-12 20:15:45.101906+00	resolve	kalshi_sniper_btc_15m_ema50_ema800_off600_down_H	{"won": true, "mode": "paper", "ticker": "KXBTC15M-26JUN121615-15", "outcome": "no", "pnl_usd": 2.2463768115942035, "direction": "DOWN", "stake_usd": "5", "entry_vwap": "0.6899999999999999467092948178", "event_type": "sleeve_fire_resolved", "resolve_at_us": 1781295345000000, "window_end_us": 1781295300000000}
2026-06-12 20:25:00.026773+00	fire	poly_sniper_v5_btc_15m_ema50_ema800_off600_down	{"mode": "paper", "fired": true, "reason": "paper_fill", "fire_us": 1781295900000000, "direction": "DOWN", "stake_usd": "5", "entry_vwap": "0.9699999999999999733546474086"}
2026-06-12 20:25:00.197952+00	order_placed	kalshi_sniper_btc_15m_ema50_ema800_off600_down_H	{"mode": "paper", "side": "no", "fired": true, "status": "paper", "ticker": "KXBTC15M-26JUN121630-30", "offset_s": 600, "order_id": "paper-kalshi_sniper_btc_15m_ema50_ema800_off600_down_H-1781295900000000", "direction": "DOWN", "entry_ask": 0.924, "entry_vwap": "0.924000000000000043520742565", "filled_count": 5}
2026-06-12 20:30:45.10922+00	resolve	kalshi_sniper_btc_15m_ema50_ema800_off600_down_H	{"won": true, "mode": "paper", "ticker": "KXBTC15M-26JUN121630-30", "outcome": "no", "pnl_usd": 0.411255411255411, "direction": "DOWN", "stake_usd": "5", "entry_vwap": "0.924000000000000043520742565", "event_type": "sleeve_fire_resolved", "resolve_at_us": 1781296245000000, "window_end_us": 1781296200000000}
2026-06-12 20:31:15.021943+00	resolve	poly_sniper_v5_btc_15m_ema50_ema800_off600_down	{"won": true, "mode": "paper", "outcome": "down", "pnl_usd": 0.15463917525773152, "direction": "DOWN", "stake_usd": "5", "entry_vwap": "0.9699999999999999733546474086", "event_type": "sleeve_fire_resolved", "slot_end_us": 1781296200000000, "condition_id": "0x43a4251e0e32c2690546ddf8b64d3579bea2a77418cc797c491067050dd88243", "resolve_at_us": 1781296245000000}
2026-06-12 20:40:00.002985+00	fire	poly_sniper_v5_btc_15m_ema50_ema800_off600_down	{"mode": "paper", "fired": true, "reason": "paper_fill", "fire_us": 1781296800000000, "direction": "DOWN", "stake_usd": "5", "entry_vwap": "0.5200000000000000177635683938"}
2026-06-12 20:40:00.182037+00	order_placed	kalshi_sniper_btc_15m_ema50_ema800_off600_down_H	{"mode": "paper", "side": "no", "fired": true, "status": "paper", "ticker": "KXBTC15M-26JUN121645-45", "offset_s": 600, "order_id": "paper-kalshi_sniper_btc_15m_ema50_ema800_off600_down_H-1781296800000000", "direction": "DOWN", "entry_ask": 0.55, "entry_vwap": "0.5500000000000000444089209848", "filled_count": 9}
2026-06-12 20:45:45.100141+00	resolve	kalshi_sniper_btc_15m_ema50_ema800_off600_down_H	{"won": false, "mode": "paper", "ticker": "KXBTC15M-26JUN121645-45", "outcome": "yes", "pnl_usd": -5.0, "direction": "DOWN", "stake_usd": "5", "entry_vwap": "0.5500000000000000444089209848", "event_type": "sleeve_fire_resolved", "resolve_at_us": 1781297145000000, "window_end_us": 1781297100000000}
2026-06-12 20:46:15.026876+00	resolve	poly_sniper_v5_btc_15m_ema50_ema800_off600_down	{"won": false, "mode": "paper", "outcome": "up", "pnl_usd": -5.0, "direction": "DOWN", "stake_usd": "5", "entry_vwap": "0.5200000000000000177635683938", "event_type": "sleeve_fire_resolved", "slot_end_us": 1781297100000000, "condition_id": "0x3890cbd50a8f6e8277fee7ef57620d6c89bbeb3a9cbf77ba769972b6b5088332", "resolve_at_us": 1781297145000000}
2026-06-12 20:55:00.002225+00	fire	poly_sniper_v5_btc_15m_ema50_ema800_off600_down	{"mode": "paper", "fired": true, "reason": "paper_fill", "fire_us": 1781297700000000, "direction": "DOWN", "stake_usd": "5", "entry_vwap": "0.9499999999999999555910790146"}
2026-06-12 21:01:15.020063+00	resolve	poly_sniper_v5_btc_15m_ema50_ema800_off600_down	{"won": true, "mode": "paper", "outcome": "down", "pnl_usd": 0.26315789473684237, "direction": "DOWN", "stake_usd": "5", "entry_vwap": "0.9499999999999999555910790146", "event_type": "sleeve_fire_resolved", "slot_end_us": 1781298000000000, "condition_id": "0xe3d9c4757c99e720d080d731d11c107cf61bd4101a61a06dba841c9acb7b63c3", "resolve_at_us": 1781298045000000}
2026-06-12 21:55:00.002353+00	fire	poly_sniper_v5_btc_15m_ema50_ema800_off600_down	{"mode": "paper", "fired": true, "reason": "paper_fill", "fire_us": 1781301300000000, "direction": "DOWN", "stake_usd": "5", "entry_vwap": "0.8800000000000000044408920982"}
2026-06-12 22:05:15.102258+00	resolve	poly_sniper_v5_btc_15m_ema50_ema800_off600_down	{"won": true, "mode": "paper", "outcome": "down", "pnl_usd": 0.681818181818181, "direction": "DOWN", "stake_usd": "5", "entry_vwap": "0.8800000000000000044408920982", "event_type": "sleeve_fire_resolved", "slot_end_us": 1781301600000000, "condition_id": "0x281702f2620c38aea7e0431330a4bbbd8142b334203c24294bc9eeddb2c36d66", "resolve_at_us": 1781301645000000}
2026-06-12 22:10:00.002087+00	fire	poly_sniper_v5_btc_15m_ema50_ema800_off600_down	{"mode": "paper", "fired": true, "reason": "paper_fill", "fire_us": 1781302200000000, "direction": "DOWN", "stake_usd": "5", "entry_vwap": "0.0500000000000000027755575615"}
2026-06-12 22:16:15.020209+00	resolve	poly_sniper_v5_btc_15m_ema50_ema800_off600_down	{"won": false, "mode": "paper", "outcome": "up", "pnl_usd": -5.0, "direction": "DOWN", "stake_usd": "5", "entry_vwap": "0.0500000000000000027755575615", "event_type": "sleeve_fire_resolved", "slot_end_us": 1781302500000000, "condition_id": "0x064825e7656a922c50d48311fcd213bd96ef446e5c10ba8a6406534c506510c6", "resolve_at_us": 1781302545000000}
2026-06-12 22:40:00.002149+00	fire	poly_sniper_v5_btc_15m_ema50_ema800_off600_down	{"mode": "paper", "fired": true, "reason": "paper_fill", "fire_us": 1781304000000000, "direction": "DOWN", "stake_usd": "5", "entry_vwap": "0.9699999999999999733546474086"}
2026-06-12 22:46:45.025027+00	resolve	poly_sniper_v5_btc_15m_ema50_ema800_off600_down	{"won": true, "mode": "paper", "outcome": "down", "pnl_usd": 0.15463917525773152, "direction": "DOWN", "stake_usd": "5", "entry_vwap": "0.9699999999999999733546474086", "event_type": "sleeve_fire_resolved", "slot_end_us": 1781304300000000, "condition_id": "0x124d549fab91d7096deb3cc87783ee32278646f8d5af849c82812d60f7be7ee1", "resolve_at_us": 1781304345000000}
2026-06-12 22:55:00.002076+00	fire	poly_sniper_v5_btc_15m_ema50_ema800_off600_down	{"mode": "paper", "fired": true, "reason": "paper_fill", "fire_us": 1781304900000000, "direction": "DOWN", "stake_usd": "5", "entry_vwap": "0.4799999999999999267252803745"}
2026-06-12 22:55:00.376879+00	order_placed	kalshi_sniper_btc_15m_ema50_ema800_off600_down_H	{"mode": "paper", "side": "no", "fired": true, "status": "paper", "ticker": "KXBTC15M-26JUN121900-00", "offset_s": 600, "order_id": "paper-kalshi_sniper_btc_15m_ema50_ema800_off600_down_H-1781304900000000", "direction": "DOWN", "entry_ask": 0.51, "entry_vwap": "0.5100000000000000088817841969", "filled_count": 9}
2026-06-12 23:00:45.105153+00	resolve	kalshi_sniper_btc_15m_ema50_ema800_off600_down_H	{"won": false, "mode": "paper", "ticker": "KXBTC15M-26JUN121900-00", "outcome": "yes", "pnl_usd": -5.0, "direction": "DOWN", "stake_usd": "5", "entry_vwap": "0.5100000000000000088817841969", "event_type": "sleeve_fire_resolved", "resolve_at_us": 1781305245000000, "window_end_us": 1781305200000000}
2026-06-12 23:02:45.044162+00	resolve	poly_sniper_v5_btc_15m_ema50_ema800_off600_down	{"won": true, "mode": "paper", "outcome": "down", "pnl_usd": 5.416666666666668, "direction": "DOWN", "stake_usd": "5", "entry_vwap": "0.4799999999999999267252803745", "event_type": "sleeve_fire_resolved", "slot_end_us": 1781305200000000, "condition_id": "0x654f983937838ec68e3ca2e51cb48bee6de38df754c9611cf4f862c31bb1425d", "resolve_at_us": 1781305245000000}
2026-06-12 23:10:00.032325+00	fire	poly_sniper_v5_btc_15m_ema50_ema800_off600_down	{"mode": "paper", "fired": true, "reason": "paper_fill", "fire_us": 1781305800000000, "direction": "DOWN", "stake_usd": "5", "entry_vwap": "0.8800000000000000044408920982"}
2026-06-12 23:10:00.191614+00	order_placed	kalshi_sniper_btc_15m_ema50_ema800_off600_down_H	{"mode": "paper", "side": "no", "fired": true, "status": "paper", "ticker": "KXBTC15M-26JUN121915-15", "offset_s": 600, "order_id": "paper-kalshi_sniper_btc_15m_ema50_ema800_off600_down_H-1781305800000000", "direction": "DOWN", "entry_ask": 0.919, "entry_vwap": "0.9190000000000000390798504665", "filled_count": 5}
2026-06-12 23:15:45.095083+00	resolve	kalshi_sniper_btc_15m_ema50_ema800_off600_down_H	{"won": true, "mode": "paper", "ticker": "KXBTC15M-26JUN121915-15", "outcome": "no", "pnl_usd": 0.4406964091403697, "direction": "DOWN", "stake_usd": "5", "entry_vwap": "0.9190000000000000390798504665", "event_type": "sleeve_fire_resolved", "resolve_at_us": 1781306145000000, "window_end_us": 1781306100000000}
2026-06-12 23:18:15.052827+00	resolve	poly_sniper_v5_btc_15m_ema50_ema800_off600_down	{"won": true, "mode": "paper", "outcome": "down", "pnl_usd": 0.681818181818181, "direction": "DOWN", "stake_usd": "5", "entry_vwap": "0.8800000000000000044408920982", "event_type": "sleeve_fire_resolved", "slot_end_us": 1781306100000000, "condition_id": "0xc90c00adcb46818729f09f38bfc553534c479d498dabf77cac19cb63760016e7", "resolve_at_us": 1781306145000000}
2026-06-12 23:25:00.003054+00	fire	poly_sniper_v5_btc_15m_ema50_ema800_off600_down	{"mode": "paper", "fired": true, "reason": "paper_fill", "fire_us": 1781306700000000, "direction": "DOWN", "stake_usd": "5", "entry_vwap": "0.5600000000000000532907051819"}
2026-06-12 23:25:00.362084+00	order_placed	kalshi_sniper_btc_15m_ema50_ema800_off600_down_H	{"mode": "paper", "side": "no", "fired": true, "status": "paper", "ticker": "KXBTC15M-26JUN121930-30", "offset_s": 600, "order_id": "paper-kalshi_sniper_btc_15m_ema50_ema800_off600_down_H-1781306700000000", "direction": "DOWN", "entry_ask": 0.6, "entry_vwap": "0.5999999999999999777955395073", "filled_count": 8}
2026-06-12 23:30:45.008377+00	resolve	poly_sniper_v5_btc_15m_ema50_ema800_off600_down	{"won": true, "mode": "paper", "outcome": "down", "pnl_usd": 3.9285714285714257, "direction": "DOWN", "stake_usd": "5", "entry_vwap": "0.5600000000000000532907051819", "event_type": "sleeve_fire_resolved", "slot_end_us": 1781307000000000, "condition_id": "0x718b6a987d0808fbc332d7a3408ec525b14869135c919fe377da32f7b3846dc1", "resolve_at_us": 1781307045000000}
2026-06-12 23:30:45.09354+00	resolve	kalshi_sniper_btc_15m_ema50_ema800_off600_down_H	{"won": true, "mode": "paper", "ticker": "KXBTC15M-26JUN121930-30", "outcome": "no", "pnl_usd": 3.333333333333334, "direction": "DOWN", "stake_usd": "5", "entry_vwap": "0.5999999999999999777955395073", "event_type": "sleeve_fire_resolved", "resolve_at_us": 1781307045000000, "window_end_us": 1781307000000000}
2026-06-12 23:40:00.002266+00	fire	poly_sniper_v5_btc_15m_ema50_ema800_off600_down	{"mode": "paper", "fired": true, "reason": "paper_fill", "fire_us": 1781307600000000, "direction": "DOWN", "stake_usd": "5", "entry_vwap": "0.2000000000000000111022302462"}
2026-06-12 23:46:15.021567+00	resolve	poly_sniper_v5_btc_15m_ema50_ema800_off600_down	{"won": false, "mode": "paper", "outcome": "up", "pnl_usd": -5.0, "direction": "DOWN", "stake_usd": "5", "entry_vwap": "0.2000000000000000111022302462", "event_type": "sleeve_fire_resolved", "slot_end_us": 1781307900000000, "condition_id": "0x5ec08306656745589f6e400ef85031f64286ac6ef46c65dba8ac4ce758204b5f", "resolve_at_us": 1781307945000000}
2026-06-13 01:25:00.191913+00	order_placed	kalshi_sniper_btc_15m_ema50_ema800_off600_down_H	{"mode": "paper", "side": "no", "fired": true, "status": "paper", "ticker": "KXBTC15M-26JUN122130-30", "offset_s": 600, "order_id": "paper-kalshi_sniper_btc_15m_ema50_ema800_off600_down_H-1781313900000000", "direction": "DOWN", "entry_ask": 0.86, "entry_vwap": "0.8600000000000000976996261666", "filled_count": 5}
2026-06-13 01:30:45.09658+00	resolve	kalshi_sniper_btc_15m_ema50_ema800_off600_down_H	{"won": true, "mode": "paper", "ticker": "KXBTC15M-26JUN122130-30", "outcome": "no", "pnl_usd": 0.8139534883720917, "direction": "DOWN", "stake_usd": "5", "entry_vwap": "0.8600000000000000976996261666", "event_type": "sleeve_fire_resolved", "resolve_at_us": 1781314245000000, "window_end_us": 1781314200000000}
2026-06-13 02:55:00.032311+00	fire	poly_sniper_v5_btc_15m_ema50_ema800_off600_down	{"mode": "paper", "fired": true, "reason": "paper_fill", "fire_us": 1781319300000000, "direction": "DOWN", "stake_usd": "5", "entry_vwap": "0.8499999999999999777955395072"}
2026-06-13 02:55:00.185828+00	order_placed	kalshi_sniper_btc_15m_ema50_ema800_off600_down_H	{"mode": "paper", "side": "no", "fired": true, "status": "paper", "ticker": "KXBTC15M-26JUN122300-00", "offset_s": 600, "order_id": "paper-kalshi_sniper_btc_15m_ema50_ema800_off600_down_H-1781319300000000", "direction": "DOWN", "entry_ask": 0.917, "entry_vwap": "0.9170000000000000373034936270", "filled_count": 5}
2026-06-13 03:00:45.096548+00	resolve	kalshi_sniper_btc_15m_ema50_ema800_off600_down_H	{"won": false, "mode": "paper", "ticker": "KXBTC15M-26JUN122300-00", "outcome": "yes", "pnl_usd": -5.0, "direction": "DOWN", "stake_usd": "5", "entry_vwap": "0.9170000000000000373034936270", "event_type": "sleeve_fire_resolved", "resolve_at_us": 1781319645000000, "window_end_us": 1781319600000000}
2026-06-13 03:01:45.024014+00	resolve	poly_sniper_v5_btc_15m_ema50_ema800_off600_down	{"won": false, "mode": "paper", "outcome": "up", "pnl_usd": -5.0, "direction": "DOWN", "stake_usd": "5", "entry_vwap": "0.8499999999999999777955395072", "event_type": "sleeve_fire_resolved", "slot_end_us": 1781319600000000, "condition_id": "0x8063c5bb90abdae33b744f0b3f19b5df5865001bf32c827b8ad83152659741c3", "resolve_at_us": 1781319645000000}
2026-06-13 03:25:00.024414+00	fire	poly_sniper_v5_btc_15m_ema50_ema800_off600_down	{"mode": "paper", "fired": true, "reason": "paper_fill", "fire_us": 1781321100000000, "direction": "DOWN", "stake_usd": "5", "entry_vwap": "0.9799999999999999822364316056"}
2026-06-13 03:30:45.008155+00	resolve	poly_sniper_v5_btc_15m_ema50_ema800_off600_down	{"won": true, "mode": "paper", "outcome": "down", "pnl_usd": 0.10204081632653013, "direction": "DOWN", "stake_usd": "5", "entry_vwap": "0.9799999999999999822364316056", "event_type": "sleeve_fire_resolved", "slot_end_us": 1781321400000000, "condition_id": "0x2f0fef8d755399fee2db01ba21be74466d1d873434f47fc63b72892b43b0bed1", "resolve_at_us": 1781321445000000}
2026-06-13 03:40:00.026914+00	fire	poly_sniper_v5_btc_15m_ema50_ema800_off600_down	{"mode": "paper", "fired": true, "reason": "paper_fill", "fire_us": 1781322000000000, "direction": "DOWN", "stake_usd": "5", "entry_vwap": "0.4099999999999999755750934581"}
2026-06-13 03:40:00.35205+00	order_placed	kalshi_sniper_btc_15m_ema50_ema800_off600_down_H	{"mode": "paper", "side": "no", "fired": true, "status": "paper", "ticker": "KXBTC15M-26JUN122345-45", "offset_s": 600, "order_id": "paper-kalshi_sniper_btc_15m_ema50_ema800_off600_down_H-1781322000000000", "direction": "DOWN", "entry_ask": 0.25, "entry_vwap": "0.25", "filled_count": 20}
2026-06-13 03:45:45.096851+00	resolve	kalshi_sniper_btc_15m_ema50_ema800_off600_down_H	{"won": false, "mode": "paper", "ticker": "KXBTC15M-26JUN122345-45", "outcome": "yes", "pnl_usd": -5.0, "direction": "DOWN", "stake_usd": "5", "entry_vwap": "0.25", "event_type": "sleeve_fire_resolved", "resolve_at_us": 1781322345000000, "window_end_us": 1781322300000000}
2026-06-13 03:46:45.026572+00	resolve	poly_sniper_v5_btc_15m_ema50_ema800_off600_down	{"won": true, "mode": "paper", "outcome": "down", "pnl_usd": 7.195121951219513, "direction": "DOWN", "stake_usd": "5", "entry_vwap": "0.4099999999999999755750934581", "event_type": "sleeve_fire_resolved", "slot_end_us": 1781322300000000, "condition_id": "0xd2daaf250831466c2e50812e43020b84fd0d6df0afbaba76e320ce9b81ef5b33", "resolve_at_us": 1781322345000000}
2026-06-13 03:55:00.002183+00	fire	poly_sniper_v5_btc_15m_ema50_ema800_off600_down	{"mode": "paper", "fired": true, "reason": "paper_fill", "fire_us": 1781322900000000, "direction": "DOWN", "stake_usd": "5", "entry_vwap": "0.0700000000000000066613381477"}
2026-06-13 04:01:45.039578+00	resolve	poly_sniper_v5_btc_15m_ema50_ema800_off600_down	{"won": false, "mode": "paper", "outcome": "up", "pnl_usd": -5.0, "direction": "DOWN", "stake_usd": "5", "entry_vwap": "0.0700000000000000066613381477", "event_type": "sleeve_fire_resolved", "slot_end_us": 1781323200000000, "condition_id": "0xd7b4ef7339b6943230f2cb247fbd90c88960df0c5a6124ed93f7207d97dccf39", "resolve_at_us": 1781323245000000}
2026-06-13 04:10:00.001849+00	fire	poly_sniper_v5_btc_15m_ema50_ema800_off600_down	{"mode": "paper", "fired": true, "reason": "paper_fill", "fire_us": 1781323800000000, "direction": "DOWN", "stake_usd": "5", "entry_vwap": "0.9000000000000000222044604922"}
2026-06-13 04:17:15.045716+00	resolve	poly_sniper_v5_btc_15m_ema50_ema800_off600_down	{"won": true, "mode": "paper", "outcome": "down", "pnl_usd": 0.5555555555555554, "direction": "DOWN", "stake_usd": "5", "entry_vwap": "0.9000000000000000222044604922", "event_type": "sleeve_fire_resolved", "slot_end_us": 1781324100000000, "condition_id": "0xb1fbdd6d4d4b2803e106f2cb8067a21d34d6544c452dd95392b17d33cd1fc73b", "resolve_at_us": 1781324145000000}
2026-06-13 05:10:00.035095+00	fire	poly_sniper_v5_btc_15m_ema50_ema800_off600_down	{"mode": "paper", "fired": true, "reason": "paper_fill", "fire_us": 1781327400000000, "direction": "DOWN", "stake_usd": "5", "entry_vwap": "0.0599999999999999908406600468"}
2026-06-13 05:16:45.024773+00	resolve	poly_sniper_v5_btc_15m_ema50_ema800_off600_down	{"won": false, "mode": "paper", "outcome": "up", "pnl_usd": -5.0, "direction": "DOWN", "stake_usd": "5", "entry_vwap": "0.0599999999999999908406600468", "event_type": "sleeve_fire_resolved", "slot_end_us": 1781327700000000, "condition_id": "0xb6a4bd0df8d9ed6a9868d22556fd238f13fb955d70b8b48cb3e025cc37e03426", "resolve_at_us": 1781327745000000}
2026-06-13 05:25:00.21264+00	order_placed	kalshi_sniper_btc_15m_ema50_ema800_off600_down_H	{"mode": "paper", "side": "no", "fired": true, "status": "paper", "ticker": "KXBTC15M-26JUN130130-30", "offset_s": 600, "order_id": "paper-kalshi_sniper_btc_15m_ema50_ema800_off600_down_H-1781328300000000", "direction": "DOWN", "entry_ask": 0.73, "entry_vwap": "0.7299999999999999822364316058", "filled_count": 6}
2026-06-13 05:30:45.098794+00	resolve	kalshi_sniper_btc_15m_ema50_ema800_off600_down_H	{"won": false, "mode": "paper", "ticker": "KXBTC15M-26JUN130130-30", "outcome": "yes", "pnl_usd": -5.0, "direction": "DOWN", "stake_usd": "5", "entry_vwap": "0.7299999999999999822364316058", "event_type": "sleeve_fire_resolved", "resolve_at_us": 1781328645000000, "window_end_us": 1781328600000000}
2026-06-13 05:31:00.181731+00	order_placed	kalshi_scalp_exit_btc_15m_d3_v1	{"mode": "paper", "side": "yes", "fired": true, "status": "paper", "ticker": "KXBTC15M-26JUN130145-45", "offset_s": 60, "order_id": "paper-kalshi_scalp_exit_btc_15m_d3_v1-1781328660000000", "direction": "UP", "entry_ask": 0.53, "entry_vwap": "0.5300000000000000266453525908", "filled_count": 9}
2026-06-13 05:32:02.912804+00	resolve	kalshi_scalp_exit_btc_15m_d3_v1	{"mode": "paper", "shares": 9, "ticker": "KXBTC15M-26JUN130145-45", "direction": "UP", "exit_type": "scalp_time", "fill_vwap": 0.53, "sell_vwap": 0.5, "realized_pnl": -0.27000000000000024, "suppress_settlement": true}
2026-06-13 05:40:00.009112+00	fire	poly_sniper_v5_btc_15m_ema50_ema800_off600_down	{"mode": "paper", "fired": true, "reason": "paper_fill", "fire_us": 1781329200000000, "direction": "DOWN", "stake_usd": "5", "entry_vwap": "0.4700000000000000288657986401"}
2026-06-13 05:45:45.00826+00	resolve	poly_sniper_v5_btc_15m_ema50_ema800_off600_down	{"won": false, "mode": "paper", "outcome": "up", "pnl_usd": -5.0, "direction": "DOWN", "stake_usd": "5", "entry_vwap": "0.4700000000000000288657986401", "event_type": "sleeve_fire_resolved", "slot_end_us": 1781329500000000, "condition_id": "0x9be1ec881e1da0d6af2e774b1734546af51d50c1fc638964a281f6cf8010bd06", "resolve_at_us": 1781329545000000}
2026-06-13 05:55:00.027438+00	fire	poly_sniper_v5_btc_15m_ema50_ema800_off600_down	{"mode": "paper", "fired": true, "reason": "paper_fill", "fire_us": 1781330100000000, "direction": "DOWN", "stake_usd": "5", "entry_vwap": "0.9000000000000000222044604922"}
2026-06-13 06:01:15.031826+00	resolve	poly_sniper_v5_btc_15m_ema50_ema800_off600_down	{"won": false, "mode": "paper", "outcome": "up", "pnl_usd": -5.0, "direction": "DOWN", "stake_usd": "5", "entry_vwap": "0.9000000000000000222044604922", "event_type": "sleeve_fire_resolved", "slot_end_us": 1781330400000000, "condition_id": "0x1bc79980a8b5ba2e48a025cd97059ebcb12577f0fbcead5a906ba559da38127d", "resolve_at_us": 1781330445000000}
2026-06-13 07:35:05.001898+00	fire	shadow_scalp_exit_btc_5m_d3_v1	{"mode": "paper", "fired": true, "reason": "paper_fill", "fire_us": 1781336105000000, "direction": "UP", "stake_usd": "5", "entry_vwap": "0.75"}
2026-06-13 07:42:45.052484+00	resolve	shadow_scalp_exit_btc_5m_d3_v1	{"won": true, "mode": "paper", "outcome": "up", "pnl_usd": 1.6666666666666667, "direction": "UP", "stake_usd": "5", "entry_vwap": "0.75", "event_type": "sleeve_fire_resolved", "slot_end_us": 1781336400000000, "condition_id": "0x8c3bdaecf33b83ca2566d30b4aa1e4ad3695bf2b3af20ab69e067453a8a4092a", "resolve_at_us": 1781336445000000}
2026-06-13 08:10:05.003495+00	fire	shadow_scalp_exit_btc_5m_d3_v1	{"mode": "paper", "fired": true, "reason": "paper_fill", "fire_us": 1781338205000000, "direction": "UP", "stake_usd": "5", "entry_vwap": "0.75"}
2026-06-13 08:17:45.059575+00	resolve	shadow_scalp_exit_btc_5m_d3_v1	{"won": false, "mode": "paper", "outcome": "down", "pnl_usd": -5.0, "direction": "UP", "stake_usd": "5", "entry_vwap": "0.75", "event_type": "sleeve_fire_resolved", "slot_end_us": 1781338500000000, "condition_id": "0x4bf190ac822a40b07f2354d2d40c6a25b6d8a3e6f4da5679ddd35953b8d1a45e", "resolve_at_us": 1781338545000000}
2026-06-13 10:46:00.360882+00	order_placed	kalshi_scalp_exit_btc_15m_d3_v1	{"mode": "paper", "side": "yes", "fired": true, "status": "paper", "ticker": "KXBTC15M-26JUN130700-00", "offset_s": 60, "order_id": "paper-kalshi_scalp_exit_btc_15m_d3_v1-1781347560000000", "direction": "UP", "entry_ask": 0.52, "entry_vwap": "0.5200000000000000177635683938", "filled_count": 9}
2026-06-13 10:47:01.930191+00	resolve	kalshi_scalp_exit_btc_15m_d3_v1	{"mode": "paper", "shares": 9, "ticker": "KXBTC15M-26JUN130700-00", "direction": "UP", "exit_type": "scalp_time", "fill_vwap": 0.52, "sell_vwap": 0.6, "realized_pnl": 0.7199999999999996, "suppress_settlement": true}
2026-06-13 14:46:00.347553+00	order_placed	kalshi_scalp_exit_btc_15m_d3_v1	{"mode": "paper", "side": "yes", "fired": true, "status": "paper", "ticker": "KXBTC15M-26JUN131100-00", "offset_s": 60, "order_id": "paper-kalshi_scalp_exit_btc_15m_d3_v1-1781361960000000", "direction": "UP", "entry_ask": 0.54, "entry_vwap": "0.5400000000000000355271367879", "filled_count": 9}
2026-06-13 14:47:02.088389+00	resolve	kalshi_scalp_exit_btc_15m_d3_v1	{"mode": "paper", "shares": 9, "ticker": "KXBTC15M-26JUN131100-00", "direction": "UP", "exit_type": "scalp_time", "fill_vwap": 0.54, "sell_vwap": 0.48000000000000004, "realized_pnl": -0.54, "suppress_settlement": true}
2026-06-13 18:16:00.187236+00	order_placed	kalshi_scalp_exit_btc_15m_d3_v1	{"mode": "paper", "side": "yes", "fired": true, "status": "paper", "ticker": "KXBTC15M-26JUN131430-30", "offset_s": 60, "order_id": "paper-kalshi_scalp_exit_btc_15m_d3_v1-1781374560000000", "direction": "UP", "entry_ask": 0.53, "entry_vwap": "0.5300000000000000266453525908", "filled_count": 9}
2026-06-13 18:17:02.105472+00	resolve	kalshi_scalp_exit_btc_15m_d3_v1	{"mode": "paper", "shares": 9, "ticker": "KXBTC15M-26JUN131430-30", "direction": "UP", "exit_type": "scalp_time", "fill_vwap": 0.53, "sell_vwap": 0.62, "realized_pnl": 0.8099999999999997, "suppress_settlement": true}
2026-06-13 18:20:05.002812+00	fire	shadow_scalp_exit_btc_5m_d3_v1	{"mode": "paper", "fired": true, "reason": "paper_fill", "fire_us": 1781374805000000, "direction": "DOWN", "stake_usd": "5", "entry_vwap": "0.6400000000000000133226762952"}
2026-06-13 18:29:15.075154+00	resolve	shadow_scalp_exit_btc_5m_d3_v1	{"won": false, "mode": "paper", "outcome": "up", "pnl_usd": -5.0, "direction": "DOWN", "stake_usd": "5", "entry_vwap": "0.6400000000000000133226762952", "event_type": "sleeve_fire_resolved", "slot_end_us": 1781375100000000, "condition_id": "0x759b518eeacc8c2f8866fdf4ab325dec344e66ad51bcab20e775b4819bcbee1b", "resolve_at_us": 1781375145000000}
2026-06-14 00:00:05.003733+00	fire	shadow_scalp_exit_btc_5m_d3_v1	{"mode": "paper", "fired": true, "reason": "paper_fill", "fire_us": 1781395205000000, "direction": "DOWN", "stake_usd": "5", "entry_vwap": "0.6700000000000000399680288863"}
2026-06-14 00:05:45.008224+00	resolve	shadow_scalp_exit_btc_5m_d3_v1	{"won": true, "mode": "paper", "outcome": "down", "pnl_usd": 2.4626865671641776, "direction": "DOWN", "stake_usd": "5", "entry_vwap": "0.6700000000000000399680288863", "event_type": "sleeve_fire_resolved", "slot_end_us": 1781395500000000, "condition_id": "0x9bc0441defdc6e484ac2c2470859414597db8e7c5121d6fe90eed2a2c78b2d3d", "resolve_at_us": 1781395545000000}
2026-06-14 00:31:00.422852+00	order_placed	kalshi_scalp_exit_btc_15m_d3_v1	{"mode": "paper", "side": "yes", "fired": true, "status": "paper", "ticker": "KXBTC15M-26JUN132045-45", "offset_s": 60, "order_id": "paper-kalshi_scalp_exit_btc_15m_d3_v1-1781397060000000", "direction": "UP", "entry_ask": 0.45999999999999996, "entry_vwap": "0.4599999999999999644728632118", "filled_count": 10}
2026-06-14 00:32:02.069949+00	resolve	kalshi_scalp_exit_btc_15m_d3_v1	{"mode": "paper", "shares": 10, "ticker": "KXBTC15M-26JUN132045-45", "direction": "UP", "exit_type": "scalp_time", "fill_vwap": 0.45999999999999996, "sell_vwap": 0.59, "realized_pnl": 1.3, "suppress_settlement": true}
2026-06-14 01:46:00.191471+00	order_placed	kalshi_scalp_exit_btc_15m_d3_v1	{"mode": "paper", "side": "yes", "fired": true, "status": "paper", "ticker": "KXBTC15M-26JUN132200-00", "offset_s": 60, "order_id": "paper-kalshi_scalp_exit_btc_15m_d3_v1-1781401560000000", "direction": "UP", "entry_ask": 0.5, "entry_vwap": "0.5", "filled_count": 10}
2026-06-14 01:47:01.78509+00	resolve	kalshi_scalp_exit_btc_15m_d3_v1	{"mode": "paper", "shares": 10, "ticker": "KXBTC15M-26JUN132200-00", "direction": "UP", "exit_type": "scalp_time", "fill_vwap": 0.5, "sell_vwap": 0.53, "realized_pnl": 0.30000000000000027, "suppress_settlement": true}
2026-06-14 04:55:00.028971+00	fire	poly_sniper_v5_btc_15m_ema50_ema800_off600_down	{"mode": "paper", "fired": true, "reason": "paper_fill", "fire_us": 1781412900000000, "direction": "DOWN", "stake_usd": "5", "entry_vwap": "0.9000000000000000222044604922"}
2026-06-14 05:02:15.052297+00	resolve	poly_sniper_v5_btc_15m_ema50_ema800_off600_down	{"won": true, "mode": "paper", "outcome": "down", "pnl_usd": 0.5555555555555554, "direction": "DOWN", "stake_usd": "5", "entry_vwap": "0.9000000000000000222044604922", "event_type": "sleeve_fire_resolved", "slot_end_us": 1781413200000000, "condition_id": "0x223a9f8bbee4e3cfeba8b1a1406fbf6f99aea434c0fc5941e05cc82c8ff68988", "resolve_at_us": 1781413245000000}
2026-06-14 05:10:00.003461+00	fire	poly_sniper_v5_btc_15m_ema50_ema800_off600_down	{"mode": "paper", "fired": true, "reason": "paper_fill", "fire_us": 1781413800000000, "direction": "DOWN", "stake_usd": "5", "entry_vwap": "0.1600000000000000033306690738"}
2026-06-14 05:10:00.182236+00	order_placed	kalshi_sniper_btc_15m_ema50_ema800_off600_down_H	{"mode": "paper", "side": "no", "fired": true, "status": "paper", "ticker": "KXBTC15M-26JUN140115-15", "offset_s": 600, "order_id": "paper-kalshi_sniper_btc_15m_ema50_ema800_off600_down_H-1781413800000000", "direction": "DOWN", "entry_ask": 0.52, "entry_vwap": "0.5200000000000000177635683938", "filled_count": 9}
2026-06-14 05:15:45.103572+00	resolve	kalshi_sniper_btc_15m_ema50_ema800_off600_down_H	{"won": true, "mode": "paper", "ticker": "KXBTC15M-26JUN140115-15", "outcome": "no", "pnl_usd": 4.615384615384615, "direction": "DOWN", "stake_usd": "5", "entry_vwap": "0.5200000000000000177635683938", "event_type": "sleeve_fire_resolved", "resolve_at_us": 1781414145000000, "window_end_us": 1781414100000000}
2026-06-14 05:16:45.023049+00	resolve	poly_sniper_v5_btc_15m_ema50_ema800_off600_down	{"won": false, "mode": "paper", "outcome": "up", "pnl_usd": -5.0, "direction": "DOWN", "stake_usd": "5", "entry_vwap": "0.1600000000000000033306690738", "event_type": "sleeve_fire_resolved", "slot_end_us": 1781414100000000, "condition_id": "0xe152508ba4038371935e8f3aee7806135c33b69bda30ee818cade339ae08a5a8", "resolve_at_us": 1781414145000000}
2026-06-14 05:25:00.005404+00	fire	poly_sniper_v5_btc_15m_ema50_ema800_off600_down	{"mode": "paper", "fired": true, "reason": "paper_fill", "fire_us": 1781414700000000, "direction": "DOWN", "stake_usd": "5", "entry_vwap": "0.8000000000000000444089209847"}
2026-06-14 05:25:00.204357+00	order_placed	kalshi_sniper_btc_15m_ema50_ema800_off600_down_H	{"mode": "paper", "side": "no", "fired": true, "status": "paper", "ticker": "KXBTC15M-26JUN140130-30", "offset_s": 600, "order_id": "paper-kalshi_sniper_btc_15m_ema50_ema800_off600_down_H-1781414700000000", "direction": "DOWN", "entry_ask": 0.41000000000000003, "entry_vwap": "0.4100000000000000310862446894", "filled_count": 12}
2026-06-14 05:30:45.092043+00	resolve	kalshi_sniper_btc_15m_ema50_ema800_off600_down_H	{"won": true, "mode": "paper", "ticker": "KXBTC15M-26JUN140130-30", "outcome": "no", "pnl_usd": 7.195121951219511, "direction": "DOWN", "stake_usd": "5", "entry_vwap": "0.4100000000000000310862446894", "event_type": "sleeve_fire_resolved", "resolve_at_us": 1781415045000000, "window_end_us": 1781415000000000}
2026-06-14 05:31:15.015872+00	resolve	poly_sniper_v5_btc_15m_ema50_ema800_off600_down	{"won": true, "mode": "paper", "outcome": "down", "pnl_usd": 1.2499999999999998, "direction": "DOWN", "stake_usd": "5", "entry_vwap": "0.8000000000000000444089209847", "event_type": "sleeve_fire_resolved", "slot_end_us": 1781415000000000, "condition_id": "0x5a010b4050196cacdfaeb974caff77bee87aac17dbfdc352fcb9b54aac15c9b0", "resolve_at_us": 1781415045000000}
2026-06-14 05:40:00.001967+00	fire	poly_sniper_v5_btc_15m_ema50_ema800_off600_down	{"mode": "paper", "fired": true, "reason": "paper_fill", "fire_us": 1781415600000000, "direction": "DOWN", "stake_usd": "5", "entry_vwap": "0.0406114459299208863107821799"}
2026-06-14 05:46:15.015568+00	resolve	poly_sniper_v5_btc_15m_ema50_ema800_off600_down	{"won": false, "mode": "paper", "outcome": "up", "pnl_usd": -5.0, "direction": "DOWN", "stake_usd": "5", "entry_vwap": "0.0406114459299208863107821799", "event_type": "sleeve_fire_resolved", "slot_end_us": 1781415900000000, "condition_id": "0x4b77e054b59039a2e6dc8d9f87ab870b626efb2fdf0c5823cd747b4f6a0b320c", "resolve_at_us": 1781415945000000}
2026-06-14 06:01:00.504661+00	order_placed	kalshi_scalp_exit_btc_15m_d3_v1	{"mode": "paper", "side": "yes", "fired": true, "status": "paper", "ticker": "KXBTC15M-26JUN140215-15", "offset_s": 60, "order_id": "paper-kalshi_scalp_exit_btc_15m_d3_v1-1781416860000000", "direction": "UP", "entry_ask": 0.54, "entry_vwap": "0.5400000000000000355271367879", "filled_count": 9}
2026-06-14 06:02:02.385167+00	resolve	kalshi_scalp_exit_btc_15m_d3_v1	{"mode": "paper", "shares": 9, "ticker": "KXBTC15M-26JUN140215-15", "direction": "UP", "exit_type": "scalp_time", "fill_vwap": 0.54, "sell_vwap": 0.64, "realized_pnl": 0.8999999999999998, "suppress_settlement": true}
2026-06-14 06:31:00.202692+00	order_placed	kalshi_scalp_exit_btc_15m_d3_v1	{"mode": "paper", "side": "no", "fired": true, "status": "paper", "ticker": "KXBTC15M-26JUN140245-45", "offset_s": 60, "order_id": "paper-kalshi_scalp_exit_btc_15m_d3_v1-1781418660000000", "direction": "DOWN", "entry_ask": 0.52, "entry_vwap": "0.5200000000000000177635683938", "filled_count": 9}
2026-06-14 06:32:01.93464+00	resolve	kalshi_scalp_exit_btc_15m_d3_v1	{"mode": "paper", "shares": 9, "ticker": "KXBTC15M-26JUN140245-45", "direction": "DOWN", "exit_type": "scalp_time", "fill_vwap": 0.52, "sell_vwap": 0.63, "realized_pnl": 0.9899999999999999, "suppress_settlement": true}
2026-06-14 06:55:00.034548+00	fire	poly_sniper_v5_btc_15m_ema50_ema800_off600_down	{"mode": "paper", "fired": true, "reason": "paper_fill", "fire_us": 1781420100000000, "direction": "DOWN", "stake_usd": "5", "entry_vwap": "0.2700000000000000177635683939"}
2026-06-14 06:55:00.344939+00	order_placed	kalshi_sniper_btc_15m_ema50_ema800_off600_down_H	{"mode": "paper", "side": "no", "fired": true, "status": "paper", "ticker": "KXBTC15M-26JUN140300-00", "offset_s": 600, "order_id": "paper-kalshi_sniper_btc_15m_ema50_ema800_off600_down_H-1781420100000000", "direction": "DOWN", "entry_ask": 0.42000000000000004, "entry_vwap": "0.4200000000000000399680288864", "filled_count": 11}
2026-06-14 07:00:45.011292+00	resolve	poly_sniper_v5_btc_15m_ema50_ema800_off600_down	{"won": false, "mode": "paper", "outcome": "up", "pnl_usd": -5.0, "direction": "DOWN", "stake_usd": "5", "entry_vwap": "0.2700000000000000177635683939", "event_type": "sleeve_fire_resolved", "slot_end_us": 1781420400000000, "condition_id": "0x7a689ccab5a87fc30d1414c771113ebbc9a5147c756697fda5a32f5ca4a99112", "resolve_at_us": 1781420445000000}
2026-06-14 07:00:45.106869+00	resolve	kalshi_sniper_btc_15m_ema50_ema800_off600_down_H	{"won": false, "mode": "paper", "ticker": "KXBTC15M-26JUN140300-00", "outcome": "yes", "pnl_usd": -5.0, "direction": "DOWN", "stake_usd": "5", "entry_vwap": "0.4200000000000000399680288864", "event_type": "sleeve_fire_resolved", "resolve_at_us": 1781420445000000, "window_end_us": 1781420400000000}
2026-06-14 07:10:00.024697+00	fire	poly_sniper_v5_btc_15m_ema50_ema800_off600_down	{"mode": "paper", "fired": true, "reason": "paper_fill", "fire_us": 1781421000000000, "direction": "DOWN", "stake_usd": "5", "entry_vwap": "0.9300000000000000488498130831"}
2026-06-14 07:16:15.015939+00	resolve	poly_sniper_v5_btc_15m_ema50_ema800_off600_down	{"won": true, "mode": "paper", "outcome": "down", "pnl_usd": 0.3763440860215051, "direction": "DOWN", "stake_usd": "5", "entry_vwap": "0.9300000000000000488498130831", "event_type": "sleeve_fire_resolved", "slot_end_us": 1781421300000000, "condition_id": "0x865998da5cc1dbaa1caf202afa16e88f63387a50cdf9b783c045444225e113b0", "resolve_at_us": 1781421345000000}
2026-06-14 07:40:00.001562+00	fire	poly_sniper_v5_btc_15m_ema50_ema800_off600_down	{"mode": "paper", "fired": true, "reason": "paper_fill", "fire_us": 1781422800000000, "direction": "DOWN", "stake_usd": "5", "entry_vwap": "0.9000000000000000222044604922"}
2026-06-14 07:46:45.025772+00	resolve	poly_sniper_v5_btc_15m_ema50_ema800_off600_down	{"won": true, "mode": "paper", "outcome": "down", "pnl_usd": 0.5555555555555554, "direction": "DOWN", "stake_usd": "5", "entry_vwap": "0.9000000000000000222044604922", "event_type": "sleeve_fire_resolved", "slot_end_us": 1781423100000000, "condition_id": "0xa4f0cafe1ce03f50c2c198f98890f1db0c0563cefe045dda7bf074009ab79849", "resolve_at_us": 1781423145000000}
2026-06-14 09:25:00.0027+00	fire	poly_sniper_v5_btc_15m_ema50_ema800_off600_down	{"mode": "paper", "fired": true, "reason": "paper_fill", "fire_us": 1781429100000000, "direction": "DOWN", "stake_usd": "5", "entry_vwap": "0.9822013215072324943122339386"}
2026-06-14 09:30:45.009194+00	resolve	poly_sniper_v5_btc_15m_ema50_ema800_off600_down	{"won": true, "mode": "paper", "outcome": "down", "pnl_usd": 0.09060606060606101, "direction": "DOWN", "stake_usd": "5", "entry_vwap": "0.9822013215072324943122339386", "event_type": "sleeve_fire_resolved", "slot_end_us": 1781429400000000, "condition_id": "0x4fd736b15b92b10c2ad6677330a2f09947db3ee1fbec841b022fd853e676ff5b", "resolve_at_us": 1781429445000000}
2026-06-14 12:40:00.03332+00	fire	poly_sniper_v5_btc_15m_ema50_ema800_off600_down	{"mode": "paper", "fired": true, "reason": "paper_fill", "fire_us": 1781440800000000, "direction": "DOWN", "stake_usd": "5", "entry_vwap": "0.9900000000000001021405182651"}
2026-06-14 12:45:05.001996+00	fire	shadow_scalp_exit_btc_5m_d3_v1	{"mode": "paper", "fired": true, "reason": "paper_fill", "fire_us": 1781441105000000, "direction": "DOWN", "stake_usd": "5", "entry_vwap": "0.6899999999999999467092948178"}
2026-06-14 12:45:45.01006+00	resolve	poly_sniper_v5_btc_15m_ema50_ema800_off600_down	{"won": true, "mode": "paper", "outcome": "down", "pnl_usd": 0.050505050505049984, "direction": "DOWN", "stake_usd": "5", "entry_vwap": "0.9900000000000001021405182651", "event_type": "sleeve_fire_resolved", "slot_end_us": 1781441100000000, "condition_id": "0xcde20308c8ce6d81b3daf3777ac0ed7914e2ae4063a31d776015580e4910345e", "resolve_at_us": 1781441145000000}
2026-06-14 12:52:45.041557+00	resolve	shadow_scalp_exit_btc_5m_d3_v1	{"won": true, "mode": "paper", "outcome": "down", "pnl_usd": 2.2463768115942035, "direction": "DOWN", "stake_usd": "5", "entry_vwap": "0.6899999999999999467092948178", "event_type": "sleeve_fire_resolved", "slot_end_us": 1781441400000000, "condition_id": "0x11864e0e9abc786b5c73c26088e2bf7a684bf1748f65573a3dc33ea70a4ff8c1", "resolve_at_us": 1781441445000000}
2026-06-14 12:55:00.007709+00	fire	poly_sniper_v5_btc_15m_ema50_ema800_off600_down	{"mode": "paper", "fired": true, "reason": "paper_fill", "fire_us": 1781441700000000, "direction": "DOWN", "stake_usd": "5", "entry_vwap": "0.8900000000000001243449787578"}
2026-06-14 13:01:45.02846+00	resolve	poly_sniper_v5_btc_15m_ema50_ema800_off600_down	{"won": true, "mode": "paper", "outcome": "down", "pnl_usd": 0.6179775280898869, "direction": "DOWN", "stake_usd": "5", "entry_vwap": "0.8900000000000001243449787578", "event_type": "sleeve_fire_resolved", "slot_end_us": 1781442000000000, "condition_id": "0xa1764666881211c4ec60b3f4c8fd54174549396f63d0414bdaec328097fd8d6c", "resolve_at_us": 1781442045000000}
2026-06-14 13:10:00.003214+00	fire	poly_sniper_v5_btc_15m_ema50_ema800_off600_down	{"mode": "paper", "fired": true, "reason": "paper_fill", "fire_us": 1781442600000000, "direction": "DOWN", "stake_usd": "5", "entry_vwap": "0.3458498023715415037315779045"}
2026-06-14 13:16:45.026873+00	resolve	poly_sniper_v5_btc_15m_ema50_ema800_off600_down	{"won": false, "mode": "paper", "outcome": "up", "pnl_usd": -5.0, "direction": "DOWN", "stake_usd": "5", "entry_vwap": "0.3458498023715415037315779045", "event_type": "sleeve_fire_resolved", "slot_end_us": 1781442900000000, "condition_id": "0x3e0ef2511a7cbf93fd9e5f70c8620e4feed01086852e902459e423eb30e8ec65", "resolve_at_us": 1781442945000000}
2026-06-14 13:25:00.002116+00	fire	poly_sniper_v5_btc_15m_ema50_ema800_off600_down	{"mode": "paper", "fired": true, "reason": "paper_fill", "fire_us": 1781443500000000, "direction": "DOWN", "stake_usd": "5", "entry_vwap": "0.6500000000000000222044604923"}
2026-06-14 13:25:00.197267+00	order_placed	kalshi_sniper_btc_15m_ema50_ema800_off600_down_H	{"mode": "paper", "side": "no", "fired": true, "status": "paper", "ticker": "KXBTC15M-26JUN140930-30", "offset_s": 600, "order_id": "paper-kalshi_sniper_btc_15m_ema50_ema800_off600_down_H-1781443500000000", "direction": "DOWN", "entry_ask": 0.73, "entry_vwap": "0.7299999999999999822364316058", "filled_count": 6}
2026-06-14 13:30:45.009209+00	resolve	poly_sniper_v5_btc_15m_ema50_ema800_off600_down	{"won": true, "mode": "paper", "outcome": "down", "pnl_usd": 2.692307692307692, "direction": "DOWN", "stake_usd": "5", "entry_vwap": "0.6500000000000000222044604923", "event_type": "sleeve_fire_resolved", "slot_end_us": 1781443800000000, "condition_id": "0x97a4e19bcc16bcfd6859380a5c747c46eb75427b2453f5fd4a8a993bd1b6c6e6", "resolve_at_us": 1781443845000000}
2026-06-14 13:30:45.097368+00	resolve	kalshi_sniper_btc_15m_ema50_ema800_off600_down_H	{"won": true, "mode": "paper", "ticker": "KXBTC15M-26JUN140930-30", "outcome": "no", "pnl_usd": 1.8493150684931507, "direction": "DOWN", "stake_usd": "5", "entry_vwap": "0.7299999999999999822364316058", "event_type": "sleeve_fire_resolved", "resolve_at_us": 1781443845000000, "window_end_us": 1781443800000000}
2026-06-14 13:31:00.183581+00	order_placed	kalshi_scalp_exit_btc_15m_d3_v1	{"mode": "paper", "side": "yes", "fired": true, "status": "paper", "ticker": "KXBTC15M-26JUN140945-45", "offset_s": 60, "order_id": "paper-kalshi_scalp_exit_btc_15m_d3_v1-1781443860000000", "direction": "UP", "entry_ask": 0.53, "entry_vwap": "0.5300000000000000266453525908", "filled_count": 9}
2026-06-14 13:32:01.93232+00	resolve	kalshi_scalp_exit_btc_15m_d3_v1	{"mode": "paper", "shares": 9, "ticker": "KXBTC15M-26JUN140945-45", "direction": "UP", "exit_type": "scalp_time", "fill_vwap": 0.53, "sell_vwap": 0.35, "realized_pnl": -1.6200000000000006, "suppress_settlement": true}
2026-06-14 13:40:00.001988+00	fire	poly_sniper_v5_btc_15m_ema50_ema800_off600_down	{"mode": "paper", "fired": true, "reason": "paper_fill", "fire_us": 1781444400000000, "direction": "DOWN", "stake_usd": "5", "entry_vwap": "0.3300000000000000155431223446"}
2026-06-14 13:40:00.347187+00	order_placed	kalshi_sniper_btc_15m_ema50_ema800_off600_down_H	{"mode": "paper", "side": "no", "fired": true, "status": "paper", "ticker": "KXBTC15M-26JUN140945-45", "offset_s": 600, "order_id": "paper-kalshi_sniper_btc_15m_ema50_ema800_off600_down_H-1781444400000000", "direction": "DOWN", "entry_ask": 0.5900000000000001, "entry_vwap": "0.5900000000000000799360577728", "filled_count": 8}
2026-06-14 13:45:45.008785+00	resolve	poly_sniper_v5_btc_15m_ema50_ema800_off600_down	{"won": false, "mode": "paper", "outcome": "up", "pnl_usd": -5.0, "direction": "DOWN", "stake_usd": "5", "entry_vwap": "0.3300000000000000155431223446", "event_type": "sleeve_fire_resolved", "slot_end_us": 1781444700000000, "condition_id": "0x3905e45ccad3f8c0b06f78b9ce8320ecfcf46e8943d6e336bad680c47b858ddf", "resolve_at_us": 1781444745000000}
2026-06-14 13:45:45.093686+00	resolve	kalshi_sniper_btc_15m_ema50_ema800_off600_down_H	{"won": false, "mode": "paper", "ticker": "KXBTC15M-26JUN140945-45", "outcome": "yes", "pnl_usd": -5.0, "direction": "DOWN", "stake_usd": "5", "entry_vwap": "0.5900000000000000799360577728", "event_type": "sleeve_fire_resolved", "resolve_at_us": 1781444745000000, "window_end_us": 1781444700000000}
2026-06-14 13:55:00.003704+00	fire	poly_sniper_v5_btc_15m_ema50_ema800_off600_down	{"mode": "paper", "fired": true, "reason": "paper_fill", "fire_us": 1781445300000000, "direction": "DOWN", "stake_usd": "5", "entry_vwap": "0.9300000000000000488498130831"}
2026-06-14 14:01:15.018916+00	resolve	poly_sniper_v5_btc_15m_ema50_ema800_off600_down	{"won": true, "mode": "paper", "outcome": "down", "pnl_usd": 0.3763440860215051, "direction": "DOWN", "stake_usd": "5", "entry_vwap": "0.9300000000000000488498130831", "event_type": "sleeve_fire_resolved", "slot_end_us": 1781445600000000, "condition_id": "0x1c325dfdb834e838573dbc9d2464aff816ae7b118bb929fb0a1ad3dcecbb640f", "resolve_at_us": 1781445645000000}
2026-06-14 14:10:00.348388+00	order_placed	kalshi_sniper_btc_15m_ema50_ema800_off600_down_H	{"mode": "paper", "side": "no", "fired": true, "status": "paper", "ticker": "KXBTC15M-26JUN141015-15", "offset_s": 600, "order_id": "paper-kalshi_sniper_btc_15m_ema50_ema800_off600_down_H-1781446200000000", "direction": "DOWN", "entry_ask": 0.61, "entry_vwap": "0.6100000000000000976996261668", "filled_count": 8}
2026-06-14 14:15:45.092229+00	resolve	kalshi_sniper_btc_15m_ema50_ema800_off600_down_H	{"won": true, "mode": "paper", "ticker": "KXBTC15M-26JUN141015-15", "outcome": "no", "pnl_usd": 3.1967213114754087, "direction": "DOWN", "stake_usd": "5", "entry_vwap": "0.6100000000000000976996261668", "event_type": "sleeve_fire_resolved", "resolve_at_us": 1781446545000000, "window_end_us": 1781446500000000}
2026-06-14 14:25:00.002742+00	fire	poly_sniper_v5_btc_15m_ema50_ema800_off600_down	{"mode": "paper", "fired": true, "reason": "paper_fill", "fire_us": 1781447100000000, "direction": "DOWN", "stake_usd": "5", "entry_vwap": "0.8100000000000000532907051816"}
2026-06-14 14:25:00.192791+00	order_placed	kalshi_sniper_btc_15m_ema50_ema800_off600_down_H	{"mode": "paper", "side": "no", "fired": true, "status": "paper", "ticker": "KXBTC15M-26JUN141030-30", "offset_s": 600, "order_id": "paper-kalshi_sniper_btc_15m_ema50_ema800_off600_down_H-1781447100000000", "direction": "DOWN", "entry_ask": 0.88, "entry_vwap": "0.8800000000000000044408920982", "filled_count": 5}
2026-06-14 14:30:45.096721+00	resolve	kalshi_sniper_btc_15m_ema50_ema800_off600_down_H	{"won": true, "mode": "paper", "ticker": "KXBTC15M-26JUN141030-30", "outcome": "no", "pnl_usd": 0.681818181818181, "direction": "DOWN", "stake_usd": "5", "entry_vwap": "0.8800000000000000044408920982", "event_type": "sleeve_fire_resolved", "resolve_at_us": 1781447445000000, "window_end_us": 1781447400000000}
2026-06-14 14:32:15.060335+00	resolve	poly_sniper_v5_btc_15m_ema50_ema800_off600_down	{"won": true, "mode": "paper", "outcome": "down", "pnl_usd": 1.1728395061728392, "direction": "DOWN", "stake_usd": "5", "entry_vwap": "0.8100000000000000532907051816", "event_type": "sleeve_fire_resolved", "slot_end_us": 1781447400000000, "condition_id": "0x2cb3378052fafdc23585fa8dadb8f7a92473093f34eac514bf3e72ce493a3190", "resolve_at_us": 1781447445000000}
2026-06-14 14:55:00.003856+00	fire	poly_sniper_v5_btc_15m_ema50_ema800_off600_down	{"mode": "paper", "fired": true, "reason": "paper_fill", "fire_us": 1781448900000000, "direction": "DOWN", "stake_usd": "5", "entry_vwap": "0.5300000000000000266453525908"}
2026-06-14 14:55:00.201905+00	order_placed	kalshi_sniper_btc_15m_ema50_ema800_off600_down_H	{"mode": "paper", "side": "no", "fired": true, "status": "paper", "ticker": "KXBTC15M-26JUN141100-00", "offset_s": 600, "order_id": "paper-kalshi_sniper_btc_15m_ema50_ema800_off600_down_H-1781448900000000", "direction": "DOWN", "entry_ask": 0.62, "entry_vwap": "0.6199999999999999955591079013", "filled_count": 8}
2026-06-14 15:00:45.008828+00	resolve	poly_sniper_v5_btc_15m_ema50_ema800_off600_down	{"won": false, "mode": "paper", "outcome": "up", "pnl_usd": -5.0, "direction": "DOWN", "stake_usd": "5", "entry_vwap": "0.5300000000000000266453525908", "event_type": "sleeve_fire_resolved", "slot_end_us": 1781449200000000, "condition_id": "0xabf532e7ee4fd1805a97d2ed87027944217de87056297044f7e3d163220da733", "resolve_at_us": 1781449245000000}
2026-06-14 15:00:45.097561+00	resolve	kalshi_sniper_btc_15m_ema50_ema800_off600_down_H	{"won": false, "mode": "paper", "ticker": "KXBTC15M-26JUN141100-00", "outcome": "yes", "pnl_usd": -5.0, "direction": "DOWN", "stake_usd": "5", "entry_vwap": "0.6199999999999999955591079013", "event_type": "sleeve_fire_resolved", "resolve_at_us": 1781449245000000, "window_end_us": 1781449200000000}
2026-06-14 15:25:00.002818+00	fire	poly_sniper_v5_btc_15m_ema50_ema800_off600_down	{"mode": "paper", "fired": true, "reason": "paper_fill", "fire_us": 1781450700000000, "direction": "DOWN", "stake_usd": "5", "entry_vwap": "0.7900000000000000355271367877"}
2026-06-14 15:25:00.195926+00	order_placed	kalshi_sniper_btc_15m_ema50_ema800_off600_down_H	{"mode": "paper", "side": "no", "fired": true, "status": "paper", "ticker": "KXBTC15M-26JUN141130-30", "offset_s": 600, "order_id": "paper-kalshi_sniper_btc_15m_ema50_ema800_off600_down_H-1781450700000000", "direction": "DOWN", "entry_ask": 0.85, "entry_vwap": "0.8499999999999999777955395072", "filled_count": 5}
2026-06-14 15:30:45.09546+00	resolve	kalshi_sniper_btc_15m_ema50_ema800_off600_down_H	{"won": true, "mode": "paper", "ticker": "KXBTC15M-26JUN141130-30", "outcome": "no", "pnl_usd": 0.8823529411764708, "direction": "DOWN", "stake_usd": "5", "entry_vwap": "0.8499999999999999777955395072", "event_type": "sleeve_fire_resolved", "resolve_at_us": 1781451045000000, "window_end_us": 1781451000000000}
2026-06-14 15:31:45.03026+00	resolve	poly_sniper_v5_btc_15m_ema50_ema800_off600_down	{"won": true, "mode": "paper", "outcome": "down", "pnl_usd": 1.3291139240506327, "direction": "DOWN", "stake_usd": "5", "entry_vwap": "0.7900000000000000355271367877", "event_type": "sleeve_fire_resolved", "slot_end_us": 1781451000000000, "condition_id": "0x9fea7cbdea999ab3e76838c725f00c088a69a020fa3fc8c68b7e8fbbb0d845c6", "resolve_at_us": 1781451045000000}
2026-06-14 15:40:00.199164+00	order_placed	kalshi_sniper_btc_15m_ema50_ema800_off600_down_H	{"mode": "paper", "side": "no", "fired": true, "status": "paper", "ticker": "KXBTC15M-26JUN141145-45", "offset_s": 600, "order_id": "paper-kalshi_sniper_btc_15m_ema50_ema800_off600_down_H-1781451600000000", "direction": "DOWN", "entry_ask": 0.5, "entry_vwap": "0.5", "filled_count": 10}
2026-06-14 15:45:45.108778+00	resolve	kalshi_sniper_btc_15m_ema50_ema800_off600_down_H	{"won": true, "mode": "paper", "ticker": "KXBTC15M-26JUN141145-45", "outcome": "no", "pnl_usd": 5.0, "direction": "DOWN", "stake_usd": "5", "entry_vwap": "0.5", "event_type": "sleeve_fire_resolved", "resolve_at_us": 1781451945000000, "window_end_us": 1781451900000000}
2026-06-14 16:10:00.350473+00	order_placed	kalshi_sniper_btc_15m_ema50_ema800_off600_down_H	{"mode": "paper", "side": "no", "fired": true, "status": "paper", "ticker": "KXBTC15M-26JUN141215-15", "offset_s": 600, "order_id": "paper-kalshi_sniper_btc_15m_ema50_ema800_off600_down_H-1781453400000000", "direction": "DOWN", "entry_ask": 0.48, "entry_vwap": "0.4799999999999999267252803745", "filled_count": 10}
2026-06-14 16:15:45.10448+00	resolve	kalshi_sniper_btc_15m_ema50_ema800_off600_down_H	{"won": false, "mode": "paper", "ticker": "KXBTC15M-26JUN141215-15", "outcome": "yes", "pnl_usd": -5.0, "direction": "DOWN", "stake_usd": "5", "entry_vwap": "0.4799999999999999267252803745", "event_type": "sleeve_fire_resolved", "resolve_at_us": 1781453745000000, "window_end_us": 1781453700000000}
2026-06-14 16:25:05.003942+00	fire	shadow_scalp_exit_btc_5m_d3_v1	{"mode": "paper", "fired": true, "reason": "paper_fill", "fire_us": 1781454305000000, "direction": "UP", "stake_usd": "5", "entry_vwap": "0.5520395891248202069334638507"}
2026-06-14 16:32:45.06048+00	resolve	shadow_scalp_exit_btc_5m_d3_v1	{"won": false, "mode": "paper", "outcome": "down", "pnl_usd": -5.0, "direction": "UP", "stake_usd": "5", "entry_vwap": "0.5520395891248202069334638507", "event_type": "sleeve_fire_resolved", "slot_end_us": 1781454600000000, "condition_id": "0x1a2a92fe4ba53e0eb1c412365518b8acaafac1bef62da3ad1e07222886aca92e", "resolve_at_us": 1781454645000000}
2026-06-14 17:10:00.002393+00	fire	poly_sniper_v5_btc_15m_ema50_ema800_off600_down	{"mode": "paper", "fired": true, "reason": "paper_fill", "fire_us": 1781457000000000, "direction": "DOWN", "stake_usd": "5", "entry_vwap": "0.5300000000000000266453525908"}
2026-06-14 17:10:00.348623+00	order_placed	kalshi_sniper_btc_15m_ema50_ema800_off600_down_H	{"mode": "paper", "side": "no", "fired": true, "status": "paper", "ticker": "KXBTC15M-26JUN141315-15", "offset_s": 600, "order_id": "paper-kalshi_sniper_btc_15m_ema50_ema800_off600_down_H-1781457000000000", "direction": "DOWN", "entry_ask": 0.65, "entry_vwap": "0.6500000000000000222044604923", "filled_count": 7}
2026-06-14 17:15:45.093939+00	resolve	kalshi_sniper_btc_15m_ema50_ema800_off600_down_H	{"won": false, "mode": "paper", "ticker": "KXBTC15M-26JUN141315-15", "outcome": "yes", "pnl_usd": -5.0, "direction": "DOWN", "stake_usd": "5", "entry_vwap": "0.6500000000000000222044604923", "event_type": "sleeve_fire_resolved", "resolve_at_us": 1781457345000000, "window_end_us": 1781457300000000}
2026-06-14 17:16:45.025381+00	resolve	poly_sniper_v5_btc_15m_ema50_ema800_off600_down	{"won": false, "mode": "paper", "outcome": "up", "pnl_usd": -5.0, "direction": "DOWN", "stake_usd": "5", "entry_vwap": "0.5300000000000000266453525908", "event_type": "sleeve_fire_resolved", "slot_end_us": 1781457300000000, "condition_id": "0xec823197f4f6f9047f5309640c72264bbdfe3beb329d545d052470f24e007654", "resolve_at_us": 1781457345000000}
2026-06-14 17:25:00.002448+00	fire	poly_sniper_v5_btc_15m_ema50_ema800_off600_down	{"mode": "paper", "fired": true, "reason": "paper_fill", "fire_us": 1781457900000000, "direction": "DOWN", "stake_usd": "5", "entry_vwap": "0.8299999999999999600319711132"}
2026-06-14 17:25:00.353858+00	order_placed	kalshi_sniper_btc_15m_ema50_ema800_off600_down_H	{"mode": "paper", "side": "no", "fired": true, "status": "paper", "ticker": "KXBTC15M-26JUN141330-30", "offset_s": 600, "order_id": "paper-kalshi_sniper_btc_15m_ema50_ema800_off600_down_H-1781457900000000", "direction": "DOWN", "entry_ask": 0.9, "entry_vwap": "0.9000000000000000222044604922", "filled_count": 5}
2026-06-14 17:30:45.097522+00	resolve	kalshi_sniper_btc_15m_ema50_ema800_off600_down_H	{"won": true, "mode": "paper", "ticker": "KXBTC15M-26JUN141330-30", "outcome": "no", "pnl_usd": 0.5555555555555554, "direction": "DOWN", "stake_usd": "5", "entry_vwap": "0.9000000000000000222044604922", "event_type": "sleeve_fire_resolved", "resolve_at_us": 1781458245000000, "window_end_us": 1781458200000000}
2026-06-14 17:31:15.019608+00	resolve	poly_sniper_v5_btc_15m_ema50_ema800_off600_down	{"won": true, "mode": "paper", "outcome": "down", "pnl_usd": 1.024096385542169, "direction": "DOWN", "stake_usd": "5", "entry_vwap": "0.8299999999999999600319711132", "event_type": "sleeve_fire_resolved", "slot_end_us": 1781458200000000, "condition_id": "0x390f5b044383d288a384b31f65465056be75abecbd0121fd1320924e552a9c43", "resolve_at_us": 1781458245000000}
2026-06-14 17:40:00.00354+00	fire	poly_sniper_v5_btc_15m_ema50_ema800_off600_down	{"mode": "paper", "fired": true, "reason": "paper_fill", "fire_us": 1781458800000000, "direction": "DOWN", "stake_usd": "5", "entry_vwap": "0.9799999999999999822364316056"}
2026-06-14 17:47:15.034325+00	resolve	poly_sniper_v5_btc_15m_ema50_ema800_off600_down	{"won": true, "mode": "paper", "outcome": "down", "pnl_usd": 0.10204081632653013, "direction": "DOWN", "stake_usd": "5", "entry_vwap": "0.9799999999999999822364316056", "event_type": "sleeve_fire_resolved", "slot_end_us": 1781459100000000, "condition_id": "0x56edf6af2751d5b6825402816fcefdc9ca042f5a24fb69de29e67dca642a907d", "resolve_at_us": 1781459145000000}
2026-06-14 17:55:00.002762+00	fire	poly_sniper_v5_btc_15m_ema50_ema800_off600_down	{"mode": "paper", "fired": true, "reason": "paper_fill", "fire_us": 1781459700000000, "direction": "DOWN", "stake_usd": "5", "entry_vwap": "0.9499999999999999555910790146"}
2026-06-14 18:01:15.016316+00	resolve	poly_sniper_v5_btc_15m_ema50_ema800_off600_down	{"won": true, "mode": "paper", "outcome": "down", "pnl_usd": 0.26315789473684237, "direction": "DOWN", "stake_usd": "5", "entry_vwap": "0.9499999999999999555910790146", "event_type": "sleeve_fire_resolved", "slot_end_us": 1781460000000000, "condition_id": "0xa01f31f9f1c64f2ad2be2930c60ef5073ff402c52b63f5ab8f2fb7beb08fb567", "resolve_at_us": 1781460045000000}
2026-06-14 18:10:00.001971+00	fire	poly_sniper_v5_btc_15m_ema50_ema800_off600_down	{"mode": "paper", "fired": true, "reason": "paper_fill", "fire_us": 1781460600000000, "direction": "DOWN", "stake_usd": "5", "entry_vwap": "0.4400000000000000022204460491"}
2026-06-14 18:10:00.363836+00	order_placed	kalshi_sniper_btc_15m_ema50_ema800_off600_down_H	{"mode": "paper", "side": "no", "fired": true, "status": "paper", "ticker": "KXBTC15M-26JUN141415-15", "offset_s": 600, "order_id": "paper-kalshi_sniper_btc_15m_ema50_ema800_off600_down_H-1781460600000000", "direction": "DOWN", "entry_ask": 0.42000000000000004, "entry_vwap": "0.4200000000000000399680288864", "filled_count": 11}
2026-06-14 18:15:45.092539+00	resolve	kalshi_sniper_btc_15m_ema50_ema800_off600_down_H	{"won": true, "mode": "paper", "ticker": "KXBTC15M-26JUN141415-15", "outcome": "no", "pnl_usd": 6.904761904761903, "direction": "DOWN", "stake_usd": "5", "entry_vwap": "0.4200000000000000399680288864", "event_type": "sleeve_fire_resolved", "resolve_at_us": 1781460945000000, "window_end_us": 1781460900000000}
2026-06-14 18:16:45.034229+00	resolve	poly_sniper_v5_btc_15m_ema50_ema800_off600_down	{"won": true, "mode": "paper", "outcome": "down", "pnl_usd": 6.3636363636363615, "direction": "DOWN", "stake_usd": "5", "entry_vwap": "0.4400000000000000022204460491", "event_type": "sleeve_fire_resolved", "slot_end_us": 1781460900000000, "condition_id": "0x806e87e454271257728024e1f047a5fa9f95d27dd0bdcbbc2456552f3497a8c4", "resolve_at_us": 1781460945000000}
2026-06-14 18:25:00.002774+00	fire	poly_sniper_v5_btc_15m_ema50_ema800_off600_down	{"mode": "paper", "fired": true, "reason": "paper_fill", "fire_us": 1781461500000000, "direction": "DOWN", "stake_usd": "5", "entry_vwap": "0.3900000000000000133226762953"}
2026-06-14 18:25:00.366837+00	order_placed	kalshi_sniper_btc_15m_ema50_ema800_off600_down_H	{"mode": "paper", "side": "no", "fired": true, "status": "paper", "ticker": "KXBTC15M-26JUN141430-30", "offset_s": 600, "order_id": "paper-kalshi_sniper_btc_15m_ema50_ema800_off600_down_H-1781461500000000", "direction": "DOWN", "entry_ask": 0.44999999999999996, "entry_vwap": "0.4499999999999999555910790149", "filled_count": 11}
2026-06-14 18:30:45.10692+00	resolve	kalshi_sniper_btc_15m_ema50_ema800_off600_down_H	{"won": true, "mode": "paper", "ticker": "KXBTC15M-26JUN141430-30", "outcome": "no", "pnl_usd": 6.1111111111111125, "direction": "DOWN", "stake_usd": "5", "entry_vwap": "0.4499999999999999555910790149", "event_type": "sleeve_fire_resolved", "resolve_at_us": 1781461845000000, "window_end_us": 1781461800000000}
2026-06-14 18:31:45.037537+00	resolve	poly_sniper_v5_btc_15m_ema50_ema800_off600_down	{"won": true, "mode": "paper", "outcome": "down", "pnl_usd": 7.820512820512819, "direction": "DOWN", "stake_usd": "5", "entry_vwap": "0.3900000000000000133226762953", "event_type": "sleeve_fire_resolved", "slot_end_us": 1781461800000000, "condition_id": "0x2652416e72e5e885aa19e498d61f3a783e4e796f318eaf5b0aad05f73722f012", "resolve_at_us": 1781461845000000}
2026-06-14 19:10:00.002883+00	fire	poly_sniper_v5_btc_15m_ema50_ema800_off600_down	{"mode": "paper", "fired": true, "reason": "paper_fill", "fire_us": 1781464200000000, "direction": "DOWN", "stake_usd": "5", "entry_vwap": "0.8499999999999999777955395072"}
2026-06-14 19:10:00.344728+00	order_placed	kalshi_sniper_btc_15m_ema50_ema800_off600_down_H	{"mode": "paper", "side": "no", "fired": true, "status": "paper", "ticker": "KXBTC15M-26JUN141515-15", "offset_s": 600, "order_id": "paper-kalshi_sniper_btc_15m_ema50_ema800_off600_down_H-1781464200000000", "direction": "DOWN", "entry_ask": 0.89, "entry_vwap": "0.8900000000000001243449787578", "filled_count": 5}
2026-06-14 19:15:45.107904+00	resolve	kalshi_sniper_btc_15m_ema50_ema800_off600_down_H	{"won": true, "mode": "paper", "ticker": "KXBTC15M-26JUN141515-15", "outcome": "no", "pnl_usd": 0.6179775280898869, "direction": "DOWN", "stake_usd": "5", "entry_vwap": "0.8900000000000001243449787578", "event_type": "sleeve_fire_resolved", "resolve_at_us": 1781464545000000, "window_end_us": 1781464500000000}
2026-06-14 19:16:15.034898+00	resolve	poly_sniper_v5_btc_15m_ema50_ema800_off600_down	{"won": true, "mode": "paper", "outcome": "down", "pnl_usd": 0.8823529411764708, "direction": "DOWN", "stake_usd": "5", "entry_vwap": "0.8499999999999999777955395072", "event_type": "sleeve_fire_resolved", "slot_end_us": 1781464500000000, "condition_id": "0x0804b85f3495020235f4a5820c1f8a9ecd2e670ad296bb771ae5dbd06c4fd6f6", "resolve_at_us": 1781464545000000}
2026-06-14 19:55:00.027522+00	fire	poly_sniper_v5_btc_15m_ema50_ema800_off600_down	{"mode": "paper", "fired": true, "reason": "paper_fill", "fire_us": 1781466900000000, "direction": "DOWN", "stake_usd": "5", "entry_vwap": "0.2299999999999999822364316059"}
2026-06-14 19:55:00.353094+00	order_placed	kalshi_sniper_btc_15m_ema50_ema800_off600_down_H	{"mode": "paper", "side": "no", "fired": true, "status": "paper", "ticker": "KXBTC15M-26JUN141600-00", "offset_s": 600, "order_id": "paper-kalshi_sniper_btc_15m_ema50_ema800_off600_down_H-1781466900000000", "direction": "DOWN", "entry_ask": 0.18000000000000005, "entry_vwap": "0.1800000000000000488498130835", "filled_count": 27}
2026-06-14 20:00:45.009136+00	resolve	poly_sniper_v5_btc_15m_ema50_ema800_off600_down	{"won": false, "mode": "paper", "outcome": "up", "pnl_usd": -5.0, "direction": "DOWN", "stake_usd": "5", "entry_vwap": "0.2299999999999999822364316059", "event_type": "sleeve_fire_resolved", "slot_end_us": 1781467200000000, "condition_id": "0x2cd36ef859dce171a008de52217bc7632bfb486ae75fecd8dbefeb932ddbeecb", "resolve_at_us": 1781467245000000}
2026-06-14 20:00:45.104631+00	resolve	kalshi_sniper_btc_15m_ema50_ema800_off600_down_H	{"won": false, "mode": "paper", "ticker": "KXBTC15M-26JUN141600-00", "outcome": "yes", "pnl_usd": -5.0, "direction": "DOWN", "stake_usd": "5", "entry_vwap": "0.1800000000000000488498130835", "event_type": "sleeve_fire_resolved", "resolve_at_us": 1781467245000000, "window_end_us": 1781467200000000}
2026-06-14 20:10:00.033486+00	fire	poly_sniper_v5_btc_15m_ema50_ema800_off600_down	{"mode": "paper", "fired": true, "reason": "paper_fill", "fire_us": 1781467800000000, "direction": "DOWN", "stake_usd": "5", "entry_vwap": "0.2600000000000000088817841969"}
2026-06-14 20:15:45.009119+00	resolve	poly_sniper_v5_btc_15m_ema50_ema800_off600_down	{"won": false, "mode": "paper", "outcome": "up", "pnl_usd": -5.0, "direction": "DOWN", "stake_usd": "5", "entry_vwap": "0.2600000000000000088817841969", "event_type": "sleeve_fire_resolved", "slot_end_us": 1781468100000000, "condition_id": "0x39626525b0e3f3945fd05387020e6d9cd1a614d790f97fc538bf01b07754132e", "resolve_at_us": 1781468145000000}
2026-06-14 21:20:05.004781+00	fire	shadow_scalp_exit_btc_5m_d3_v1	{"mode": "paper", "fired": true, "reason": "paper_fill", "fire_us": 1781472005000000, "direction": "UP", "stake_usd": "5", "entry_vwap": "0.5500000000000000444089209848"}
2026-06-14 21:25:05.001904+00	fire	shadow_scalp_exit_btc_5m_d3_v1	{"mode": "paper", "fired": true, "reason": "paper_fill", "fire_us": 1781472305000000, "direction": "UP", "stake_usd": "5", "entry_vwap": "0.5600000000000000532907051819"}
2026-06-14 21:26:15.017501+00	resolve	shadow_scalp_exit_btc_5m_d3_v1	{"won": true, "mode": "paper", "outcome": "up", "pnl_usd": 4.09090909090909, "direction": "UP", "stake_usd": "5", "entry_vwap": "0.5500000000000000444089209848", "event_type": "sleeve_fire_resolved", "slot_end_us": 1781472300000000, "condition_id": "0x430738bb114ecb1399191219b40f16fc646cabcf6fef78104c607a0c6ba2cc6b", "resolve_at_us": 1781472345000000}
2026-06-14 21:30:05.005322+00	fire	shadow_scalp_exit_btc_5m_d3_v1	{"mode": "paper", "fired": true, "reason": "paper_fill", "fire_us": 1781472605000000, "direction": "UP", "stake_usd": "5", "entry_vwap": "0.6400000000000000133226762952"}
2026-06-14 21:31:00.197727+00	order_placed	kalshi_scalp_exit_btc_15m_d3_v1	{"mode": "paper", "side": "no", "fired": true, "status": "paper", "ticker": "KXBTC15M-26JUN141745-45", "offset_s": 60, "order_id": "paper-kalshi_scalp_exit_btc_15m_d3_v1-1781472660000000", "direction": "DOWN", "entry_ask": 0.42000000000000004, "entry_vwap": "0.4200000000000000399680288864", "filled_count": 11}
2026-06-14 21:31:45.03687+00	resolve	shadow_scalp_exit_btc_5m_d3_v1	{"won": false, "mode": "paper", "outcome": "down", "pnl_usd": -5.0, "direction": "UP", "stake_usd": "5", "entry_vwap": "0.5600000000000000532907051819", "event_type": "sleeve_fire_resolved", "slot_end_us": 1781472600000000, "condition_id": "0xe03c8788919bfeb85b67adfc5ecce3fe0e8109df436d5ee24f65487b39b1ac1b", "resolve_at_us": 1781472645000000}
2026-06-14 21:32:02.267062+00	resolve	kalshi_scalp_exit_btc_15m_d3_v1	{"mode": "paper", "shares": 11, "ticker": "KXBTC15M-26JUN141745-45", "direction": "DOWN", "exit_type": "scalp_time", "fill_vwap": 0.42000000000000004, "sell_vwap": 0.45, "realized_pnl": 0.3299999999999997, "suppress_settlement": true}
2026-06-14 21:36:45.041532+00	resolve	shadow_scalp_exit_btc_5m_d3_v1	{"won": true, "mode": "paper", "outcome": "up", "pnl_usd": 2.8125, "direction": "UP", "stake_usd": "5", "entry_vwap": "0.6400000000000000133226762952", "event_type": "sleeve_fire_resolved", "slot_end_us": 1781472900000000, "condition_id": "0x7115d4d5c383c7825149344f82999b26c98dc1ac7122b0ce9170bd15376ed60a", "resolve_at_us": 1781472945000000}
2026-06-14 21:55:05.001913+00	fire	shadow_scalp_exit_btc_5m_d3_v1	{"mode": "paper", "fired": true, "reason": "paper_fill", "fire_us": 1781474105000000, "direction": "UP", "stake_usd": "5", "entry_vwap": "0.5600000000000000532907051819"}
2026-06-14 22:00:45.012307+00	resolve	shadow_scalp_exit_btc_5m_d3_v1	{"won": false, "mode": "paper", "outcome": "down", "pnl_usd": -5.0, "direction": "UP", "stake_usd": "5", "entry_vwap": "0.5600000000000000532907051819", "event_type": "sleeve_fire_resolved", "slot_end_us": 1781474400000000, "condition_id": "0x2b4f1f8460e5b8b4e75e850f01a92d2d90c1e524b4df58e5c2582f7e1a1ef4a6", "resolve_at_us": 1781474445000000}
2026-06-14 22:01:00.10708+00	order_placed	kalshi_scalp_exit_btc_15m_d3_v1	{"mode": "paper", "side": "yes", "fired": true, "status": "paper", "ticker": "KXBTC15M-26JUN141815-15", "offset_s": 60, "order_id": "paper-kalshi_scalp_exit_btc_15m_d3_v1-1781474460000000", "direction": "UP", "entry_ask": 0.53, "entry_vwap": "0.5300000000000000266453525908", "filled_count": 9}
2026-06-14 22:02:01.857106+00	resolve	kalshi_scalp_exit_btc_15m_d3_v1	{"mode": "paper", "shares": 9, "ticker": "KXBTC15M-26JUN141815-15", "direction": "UP", "exit_type": "scalp_time", "fill_vwap": 0.53, "sell_vwap": 0.68, "realized_pnl": 1.35, "suppress_settlement": true}
2026-06-14 22:35:05.009153+00	fire	shadow_scalp_exit_btc_5m_d3_v1	{"mode": "paper", "fired": true, "reason": "paper_fill", "fire_us": 1781476505000000, "direction": "UP", "stake_usd": "5", "entry_vwap": "0.5400000000000000355271367879"}
2026-06-14 22:41:45.033724+00	resolve	shadow_scalp_exit_btc_5m_d3_v1	{"won": true, "mode": "paper", "outcome": "up", "pnl_usd": 4.259259259259259, "direction": "UP", "stake_usd": "5", "entry_vwap": "0.5400000000000000355271367879", "event_type": "sleeve_fire_resolved", "slot_end_us": 1781476800000000, "condition_id": "0x85faf61077af6ebcab3f097646ae2295b3b3b2640019cb7d5ef6f9d9b63611ba", "resolve_at_us": 1781476845000000}
2026-06-14 22:55:05.004452+00	fire	shadow_scalp_exit_btc_5m_d3_v1	{"mode": "paper", "fired": true, "reason": "paper_fill", "fire_us": 1781477705000000, "direction": "DOWN", "stake_usd": "5", "entry_vwap": "0.6700000000000000399680288863"}
2026-06-14 23:00:45.011381+00	resolve	shadow_scalp_exit_btc_5m_d3_v1	{"won": true, "mode": "paper", "outcome": "down", "pnl_usd": 2.4626865671641776, "direction": "DOWN", "stake_usd": "5", "entry_vwap": "0.6700000000000000399680288863", "event_type": "sleeve_fire_resolved", "slot_end_us": 1781478000000000, "condition_id": "0x62c93a129388cd331449edc42ef092f86d12a1e11e2484d3604dff3abe847972", "resolve_at_us": 1781478045000000}
2026-06-14 23:01:00.337025+00	order_placed	kalshi_scalp_exit_btc_15m_d3_v1	{"mode": "paper", "side": "no", "fired": true, "status": "paper", "ticker": "KXBTC15M-26JUN141915-15", "offset_s": 60, "order_id": "paper-kalshi_scalp_exit_btc_15m_d3_v1-1781478060000000", "direction": "DOWN", "entry_ask": 0.47, "entry_vwap": "0.4700000000000000288657986401", "filled_count": 10}
2026-06-14 23:02:02.222878+00	resolve	kalshi_scalp_exit_btc_15m_d3_v1	{"mode": "paper", "shares": 10, "ticker": "KXBTC15M-26JUN141915-15", "direction": "DOWN", "exit_type": "scalp_time", "fill_vwap": 0.47000000000000003, "sell_vwap": 0.4699999999999999, "realized_pnl": -0.0000000000000011102230246251565, "suppress_settlement": true}
2026-06-14 23:15:05.00274+00	fire	shadow_scalp_exit_btc_5m_d3_v1	{"mode": "paper", "fired": true, "reason": "paper_fill", "fire_us": 1781478905000000, "direction": "UP", "stake_usd": "5", "entry_vwap": "0.5699999999999999511501869163"}
2026-06-14 23:20:45.012489+00	resolve	shadow_scalp_exit_btc_5m_d3_v1	{"won": false, "mode": "paper", "outcome": "down", "pnl_usd": -5.0, "direction": "UP", "stake_usd": "5", "entry_vwap": "0.5699999999999999511501869163", "event_type": "sleeve_fire_resolved", "slot_end_us": 1781479200000000, "condition_id": "0x076c54c849d1c5df473c5f374304cdc6a108c65a9342c6223af705b94f1e6398", "resolve_at_us": 1781479245000000}
2026-06-15 00:15:05.002524+00	fire	shadow_scalp_exit_btc_5m_d3_v1	{"mode": "paper", "fired": true, "reason": "paper_fill", "fire_us": 1781482505000000, "direction": "DOWN", "stake_usd": "5", "entry_vwap": "0.6800000000000000488498130833"}
2026-06-15 00:16:00.002967+00	fire	poly_sniper_v5_eth_5m_l_ema50_hurst_grandparent_V10	{"mode": "paper", "fired": true, "reason": "paper_fill", "fire_us": 1781482560000000, "direction": "UP", "stake_usd": "5", "entry_vwap": "0.1369863013698630060943628450"}
2026-06-15 00:20:45.008595+00	resolve	poly_sniper_v5_eth_5m_l_ema50_hurst_grandparent_V10	{"won": false, "mode": "paper", "outcome": "down", "pnl_usd": -5.0, "direction": "UP", "stake_usd": "5", "entry_vwap": "0.1369863013698630060943628450", "event_type": "sleeve_fire_resolved", "slot_end_us": 1781482800000000, "condition_id": "0x9ba05f43da01b9a36cd10663a5ca28061ffabe8e1a49173923cbda891030ea59", "resolve_at_us": 1781482845000000}
2026-06-15 00:22:15.034304+00	resolve	shadow_scalp_exit_btc_5m_d3_v1	{"won": true, "mode": "paper", "outcome": "down", "pnl_usd": 2.352941176470588, "direction": "DOWN", "stake_usd": "5", "entry_vwap": "0.6800000000000000488498130833", "event_type": "sleeve_fire_resolved", "slot_end_us": 1781482800000000, "condition_id": "0x32b7e1d1a9a5c2b9b7c2462b05c6195a3fde5e08e08ca6192ec771276d0b7e2d", "resolve_at_us": 1781482845000000}
2026-06-15 00:30:05.00329+00	fire	shadow_scalp_exit_btc_5m_d3_v1	{"mode": "paper", "fired": true, "reason": "paper_fill", "fire_us": 1781483405000000, "direction": "DOWN", "stake_usd": "5", "entry_vwap": "0.6300000000000000044408920983"}
2026-06-15 00:35:45.008541+00	resolve	shadow_scalp_exit_btc_5m_d3_v1	{"won": true, "mode": "paper", "outcome": "down", "pnl_usd": 2.9365079365079367, "direction": "DOWN", "stake_usd": "5", "entry_vwap": "0.6300000000000000044408920983", "event_type": "sleeve_fire_resolved", "slot_end_us": 1781483700000000, "condition_id": "0xf3ca8b3bf0a35a1192827743c2f371610d5298fe81b4675f2ee499fe5aeb5638", "resolve_at_us": 1781483745000000}
2026-06-15 00:46:00.187465+00	order_placed	kalshi_scalp_exit_btc_15m_d3_v1	{"mode": "paper", "side": "no", "fired": true, "status": "paper", "ticker": "KXBTC15M-26JUN142100-00", "offset_s": 60, "order_id": "paper-kalshi_scalp_exit_btc_15m_d3_v1-1781484360000000", "direction": "DOWN", "entry_ask": 0.47, "entry_vwap": "0.4700000000000000288657986401", "filled_count": 10}
2026-06-15 00:47:02.080424+00	resolve	kalshi_scalp_exit_btc_15m_d3_v1	{"mode": "paper", "shares": 10, "ticker": "KXBTC15M-26JUN142100-00", "direction": "DOWN", "exit_type": "scalp_time", "fill_vwap": 0.47000000000000003, "sell_vwap": 0.43, "realized_pnl": -0.40000000000000036, "suppress_settlement": true}
2026-06-15 01:45:05.002597+00	fire	shadow_scalp_exit_btc_5m_d3_v1	{"mode": "paper", "fired": true, "reason": "paper_fill", "fire_us": 1781487905000000, "direction": "DOWN", "stake_usd": "5", "entry_vwap": "0.6199999999999999955591079013"}
2026-06-15 01:53:15.046615+00	resolve	shadow_scalp_exit_btc_5m_d3_v1	{"won": true, "mode": "paper", "outcome": "down", "pnl_usd": 3.064516129032258, "direction": "DOWN", "stake_usd": "5", "entry_vwap": "0.6199999999999999955591079013", "event_type": "sleeve_fire_resolved", "slot_end_us": 1781488200000000, "condition_id": "0x722a255d185566eedd94b13cd84d6b0d8e11a2b4712bd5c52f67b263f063a2e8", "resolve_at_us": 1781488245000000}
2026-06-15 03:16:00.187663+00	order_placed	kalshi_scalp_exit_btc_15m_d3_v1	{"mode": "paper", "side": "no", "fired": true, "status": "paper", "ticker": "KXBTC15M-26JUN142330-30", "offset_s": 60, "order_id": "paper-kalshi_scalp_exit_btc_15m_d3_v1-1781493360000000", "direction": "DOWN", "entry_ask": 0.45999999999999996, "entry_vwap": "0.4599999999999999644728632118", "filled_count": 10}
2026-06-15 03:17:02.075767+00	resolve	kalshi_scalp_exit_btc_15m_d3_v1	{"mode": "paper", "shares": 10, "ticker": "KXBTC15M-26JUN142330-30", "direction": "DOWN", "exit_type": "scalp_time", "fill_vwap": 0.45999999999999996, "sell_vwap": 0.36, "realized_pnl": -0.9999999999999998, "suppress_settlement": true}
2026-06-15 05:10:05.002252+00	fire	shadow_scalp_exit_btc_5m_d3_v1	{"mode": "paper", "fired": true, "reason": "paper_fill", "fire_us": 1781500205000000, "direction": "UP", "stake_usd": "5", "entry_vwap": "0.6199999999999999955591079013"}
2026-06-15 05:15:45.008395+00	resolve	shadow_scalp_exit_btc_5m_d3_v1	{"won": true, "mode": "paper", "outcome": "up", "pnl_usd": 3.064516129032258, "direction": "UP", "stake_usd": "5", "entry_vwap": "0.6199999999999999955591079013", "event_type": "sleeve_fire_resolved", "slot_end_us": 1781500500000000, "condition_id": "0xcaf3fd908e9c26e748879945d56dd2b8ef4031800420f24f6980e623c17620cc", "resolve_at_us": 1781500545000000}
2026-06-15 07:46:00.372443+00	order_placed	kalshi_scalp_exit_btc_15m_d3_v1	{"mode": "paper", "side": "no", "fired": true, "status": "paper", "ticker": "KXBTC15M-26JUN150400-00", "offset_s": 60, "order_id": "paper-kalshi_scalp_exit_btc_15m_d3_v1-1781509560000000", "direction": "DOWN", "entry_ask": 0.5, "entry_vwap": "0.5", "filled_count": 10}
2026-06-15 07:47:01.950306+00	resolve	kalshi_scalp_exit_btc_15m_d3_v1	{"mode": "paper", "shares": 10, "ticker": "KXBTC15M-26JUN150400-00", "direction": "DOWN", "exit_type": "scalp_time", "fill_vwap": 0.5, "sell_vwap": 0.59, "realized_pnl": 0.8999999999999997, "suppress_settlement": true}
2026-06-15 09:01:00.232583+00	order_placed	kalshi_scalp_exit_btc_15m_d3_v1	{"mode": "paper", "side": "yes", "fired": true, "status": "paper", "ticker": "KXBTC15M-26JUN150515-15", "offset_s": 60, "order_id": "paper-kalshi_scalp_exit_btc_15m_d3_v1-1781514060000000", "direction": "UP", "entry_ask": 0.48, "entry_vwap": "0.4799999999999999267252803745", "filled_count": 10}
2026-06-15 09:02:02.299528+00	resolve	kalshi_scalp_exit_btc_15m_d3_v1	{"mode": "paper", "shares": 10, "ticker": "KXBTC15M-26JUN150515-15", "direction": "UP", "exit_type": "scalp_time", "fill_vwap": 0.48, "sell_vwap": 0.45, "realized_pnl": -0.2999999999999997, "suppress_settlement": true}
2026-06-15 10:51:00.003341+00	fire	poly_sniper_v5_eth_5m_l_ema50_hurst_grandparent_V10	{"mode": "paper", "fired": true, "reason": "paper_fill", "fire_us": 1781520660000000, "direction": "UP", "stake_usd": "5", "entry_vwap": "0.6079815014153011620834377026"}
2026-06-15 10:56:00.002063+00	fire	poly_sniper_v5_eth_5m_l_ema50_hurst_grandparent_V10	{"mode": "paper", "fired": true, "reason": "paper_fill", "fire_us": 1781520960000000, "direction": "UP", "stake_usd": "5", "entry_vwap": "0.4099999999999999755750934581"}
2026-06-15 10:59:15.098043+00	resolve	poly_sniper_v5_eth_5m_l_ema50_hurst_grandparent_V10	{"won": true, "mode": "paper", "outcome": "up", "pnl_usd": 3.2239344262295084, "direction": "UP", "stake_usd": "5", "entry_vwap": "0.6079815014153011620834377026", "event_type": "sleeve_fire_resolved", "slot_end_us": 1781520900000000, "condition_id": "0x90218cd8bfd01bf27e8166fdc11ab46fc852d2866294a1865b056c20cbb21719", "resolve_at_us": 1781520945000000}
2026-06-15 11:04:15.078069+00	resolve	poly_sniper_v5_eth_5m_l_ema50_hurst_grandparent_V10	{"won": false, "mode": "paper", "outcome": "down", "pnl_usd": -5.0, "direction": "UP", "stake_usd": "5", "entry_vwap": "0.4099999999999999755750934581", "event_type": "sleeve_fire_resolved", "slot_end_us": 1781521200000000, "condition_id": "0x799885ddcdf54c08364195f268f74f58214ddf71b2c7ae3f7402131fcb3d52b7", "resolve_at_us": 1781521245000000}
2026-06-15 11:20:05.00424+00	fire	shadow_scalp_exit_btc_5m_d3_v1	{"mode": "paper", "fired": true, "reason": "paper_fill", "fire_us": 1781522405000000, "direction": "DOWN", "stake_usd": "5", "entry_vwap": "0.6300000000000000044408920983"}
2026-06-15 11:21:00.002786+00	fire	poly_sniper_v5_eth_5m_l_ema50_hurst_grandparent_V10	{"mode": "paper", "fired": true, "reason": "paper_fill", "fire_us": 1781522460000000, "direction": "UP", "stake_usd": "5", "entry_vwap": "0.6500000000000000222044604923"}
2026-06-15 11:25:45.009602+00	resolve	poly_sniper_v5_eth_5m_l_ema50_hurst_grandparent_V10	{"won": true, "mode": "paper", "outcome": "up", "pnl_usd": 2.692307692307692, "direction": "UP", "stake_usd": "5", "entry_vwap": "0.6500000000000000222044604923", "event_type": "sleeve_fire_resolved", "slot_end_us": 1781522700000000, "condition_id": "0x5c53afce19571c2906a16fb54052fa5fac1e91c96283c2b0f2c29b9dde844122", "resolve_at_us": 1781522745000000}
2026-06-15 11:26:00.004329+00	fire	poly_sniper_v5_eth_5m_l_ema50_hurst_grandparent_V10	{"mode": "paper", "fired": true, "reason": "paper_fill", "fire_us": 1781522760000000, "direction": "UP", "stake_usd": "5", "entry_vwap": "0.75"}
2026-06-15 11:27:15.046319+00	resolve	shadow_scalp_exit_btc_5m_d3_v1	{"won": false, "mode": "paper", "outcome": "up", "pnl_usd": -5.0, "direction": "DOWN", "stake_usd": "5", "entry_vwap": "0.6300000000000000044408920983", "event_type": "sleeve_fire_resolved", "slot_end_us": 1781522700000000, "condition_id": "0xaab04601ca85719ccf16bdfe2e1e5024f27791fda3023bcbe4ab5961c83d4131", "resolve_at_us": 1781522745000000}
2026-06-15 11:30:45.012878+00	resolve	poly_sniper_v5_eth_5m_l_ema50_hurst_grandparent_V10	{"won": true, "mode": "paper", "outcome": "up", "pnl_usd": 1.6666666666666667, "direction": "UP", "stake_usd": "5", "entry_vwap": "0.75", "event_type": "sleeve_fire_resolved", "slot_end_us": 1781523000000000, "condition_id": "0xafe34c9597e7985b2c556fd42a116a8a26ce63a0c0a6541065c79e42ee2db8a2", "resolve_at_us": 1781523045000000}
2026-06-15 11:40:05.002928+00	fire	shadow_scalp_exit_btc_5m_d3_v1	{"mode": "paper", "fired": true, "reason": "paper_fill", "fire_us": 1781523605000000, "direction": "DOWN", "stake_usd": "5", "entry_vwap": "0.5500000000000000444089209848"}
2026-06-15 11:47:45.045371+00	resolve	shadow_scalp_exit_btc_5m_d3_v1	{"won": true, "mode": "paper", "outcome": "down", "pnl_usd": 4.09090909090909, "direction": "DOWN", "stake_usd": "5", "entry_vwap": "0.5500000000000000444089209848", "event_type": "sleeve_fire_resolved", "slot_end_us": 1781523900000000, "condition_id": "0x9b2a89c5a5875dbb9d239110a713722fb78d0ea2a27096170582b0e16e2e8897", "resolve_at_us": 1781523945000000}
2026-06-15 11:50:05.002715+00	fire	shadow_scalp_exit_btc_5m_d3_v1	{"mode": "paper", "fired": true, "reason": "paper_fill", "fire_us": 1781524205000000, "direction": "UP", "stake_usd": "5", "entry_vwap": "0.6300000000000000044408920983"}
2026-06-15 11:57:45.048092+00	resolve	shadow_scalp_exit_btc_5m_d3_v1	{"won": true, "mode": "paper", "outcome": "up", "pnl_usd": 2.9365079365079367, "direction": "UP", "stake_usd": "5", "entry_vwap": "0.6300000000000000044408920983", "event_type": "sleeve_fire_resolved", "slot_end_us": 1781524500000000, "condition_id": "0x06a1026d400d650e3c10ec732c840abb57eded8f0989cf0ed994ce33e9684f69", "resolve_at_us": 1781524545000000}
2026-06-15 12:41:00.007093+00	fire	poly_sniper_v5_eth_5m_l_ema50_hurst_grandparent_V10	{"mode": "paper", "fired": true, "reason": "paper_fill", "fire_us": 1781527260000000, "direction": "UP", "stake_usd": "5", "entry_vwap": "0.6199999999999999955591079013"}
2026-06-15 12:45:45.009839+00	resolve	poly_sniper_v5_eth_5m_l_ema50_hurst_grandparent_V10	{"won": true, "mode": "paper", "outcome": "up", "pnl_usd": 3.064516129032258, "direction": "UP", "stake_usd": "5", "entry_vwap": "0.6199999999999999955591079013", "event_type": "sleeve_fire_resolved", "slot_end_us": 1781527500000000, "condition_id": "0x746069f61cd4f9a5f67aa4fa445f174e1b2dbe2a4fa35c15ea08e77b0dc59b1a", "resolve_at_us": 1781527545000000}
2026-06-15 13:01:00.003813+00	fire	poly_sniper_v5_eth_5m_l_ema50_hurst_grandparent_V10	{"mode": "paper", "fired": true, "reason": "paper_fill", "fire_us": 1781528460000000, "direction": "UP", "stake_usd": "5", "entry_vwap": "0.5600000000000000532907051819"}
2026-06-15 13:09:15.110736+00	resolve	poly_sniper_v5_eth_5m_l_ema50_hurst_grandparent_V10	{"won": false, "mode": "paper", "outcome": "down", "pnl_usd": -5.0, "direction": "UP", "stake_usd": "5", "entry_vwap": "0.5600000000000000532907051819", "event_type": "sleeve_fire_resolved", "slot_end_us": 1781528700000000, "condition_id": "0x60e15feaab8f18015a4ec2bc7eaddd1b328b2f038872519534f46b428ef4687c", "resolve_at_us": 1781528745000000}
2026-06-15 13:21:00.008086+00	fire	poly_sniper_v5_eth_5m_l_ema50_hurst_grandparent_V10	{"mode": "paper", "fired": true, "reason": "paper_fill", "fire_us": 1781529660000000, "direction": "UP", "stake_usd": "5", "entry_vwap": "0.8607554860795060269751388656"}
2026-06-15 13:25:45.009869+00	resolve	poly_sniper_v5_eth_5m_l_ema50_hurst_grandparent_V10	{"won": true, "mode": "paper", "outcome": "up", "pnl_usd": 0.8088505747126442, "direction": "UP", "stake_usd": "5", "entry_vwap": "0.8607554860795060269751388656", "event_type": "sleeve_fire_resolved", "slot_end_us": 1781529900000000, "condition_id": "0x668bef55e37f69a9d3a8912c43665fe01e731cd0f65425042043b2aa931376c9", "resolve_at_us": 1781529945000000}
2026-06-15 13:26:00.002418+00	fire	poly_sniper_v5_eth_5m_l_ema50_hurst_grandparent_V10	{"mode": "paper", "fired": true, "reason": "paper_fill", "fire_us": 1781529960000000, "direction": "UP", "stake_usd": "5", "entry_vwap": "0.7399999999999999911182158027"}
2026-06-15 13:30:45.011592+00	resolve	poly_sniper_v5_eth_5m_l_ema50_hurst_grandparent_V10	{"won": false, "mode": "paper", "outcome": "down", "pnl_usd": -5.0, "direction": "UP", "stake_usd": "5", "entry_vwap": "0.7399999999999999911182158027", "event_type": "sleeve_fire_resolved", "slot_end_us": 1781530200000000, "condition_id": "0x390e9a4d17942b0122f913a8fc89e4cffdfd6247940f7c2f77c881bb70503438", "resolve_at_us": 1781530245000000}
2026-06-15 13:35:05.004281+00	fire	shadow_scalp_exit_btc_5m_d3_v1	{"mode": "paper", "fired": true, "reason": "paper_fill", "fire_us": 1781530505000000, "direction": "UP", "stake_usd": "5", "entry_vwap": "0.5400000000000000355271367879"}
2026-06-15 13:42:45.057807+00	resolve	shadow_scalp_exit_btc_5m_d3_v1	{"won": false, "mode": "paper", "outcome": "down", "pnl_usd": -5.0, "direction": "UP", "stake_usd": "5", "entry_vwap": "0.5400000000000000355271367879", "event_type": "sleeve_fire_resolved", "slot_end_us": 1781530800000000, "condition_id": "0xed93671b8b6c2883897acb95669493c9af213d0b338620aa9a04f4b7586eeb86", "resolve_at_us": 1781530845000000}
2026-06-15 13:46:00.272215+00	order_placed	kalshi_scalp_exit_btc_15m_d3_v1	{"mode": "paper", "side": "no", "fired": true, "status": "paper", "ticker": "KXBTC15M-26JUN151000-00", "offset_s": 60, "order_id": "paper-kalshi_scalp_exit_btc_15m_d3_v1-1781531160000000", "direction": "DOWN", "entry_ask": 0.48, "entry_vwap": "0.4799999999999999267252803745", "filled_count": 10}
2026-06-15 13:47:02.039688+00	resolve	kalshi_scalp_exit_btc_15m_d3_v1	{"mode": "paper", "shares": 10, "ticker": "KXBTC15M-26JUN151000-00", "direction": "DOWN", "exit_type": "scalp_time", "fill_vwap": 0.48, "sell_vwap": 0.53, "realized_pnl": 0.5000000000000004, "suppress_settlement": true}
2026-06-15 14:31:00.354094+00	order_placed	kalshi_scalp_exit_btc_15m_d3_v1	{"mode": "paper", "side": "no", "fired": true, "status": "paper", "ticker": "KXBTC15M-26JUN151045-45", "offset_s": 60, "order_id": "paper-kalshi_scalp_exit_btc_15m_d3_v1-1781533860000000", "direction": "DOWN", "entry_ask": 0.48, "entry_vwap": "0.4799999999999999267252803745", "filled_count": 10}
2026-06-15 14:32:02.25888+00	resolve	kalshi_scalp_exit_btc_15m_d3_v1	{"mode": "paper", "shares": 10, "ticker": "KXBTC15M-26JUN151045-45", "direction": "DOWN", "exit_type": "scalp_time", "fill_vwap": 0.48, "sell_vwap": 0.4699999999999999, "realized_pnl": -0.10000000000000064, "suppress_settlement": true}
2026-06-15 15:56:00.002579+00	fire	poly_sniper_v5_eth_5m_l_ema50_hurst_grandparent_V10	{"mode": "paper", "fired": true, "reason": "paper_fill", "fire_us": 1781538960000000, "direction": "UP", "stake_usd": "5", "entry_vwap": "0.2999999999999999888977697536"}
2026-06-15 16:00:05.00395+00	fire	shadow_scalp_exit_btc_5m_d3_v1	{"mode": "paper", "fired": true, "reason": "paper_fill", "fire_us": 1781539205000000, "direction": "DOWN", "stake_usd": "5", "entry_vwap": "0.6100000000000000976996261668"}
2026-06-15 16:04:15.080592+00	resolve	poly_sniper_v5_eth_5m_l_ema50_hurst_grandparent_V10	{"won": true, "mode": "paper", "outcome": "up", "pnl_usd": 11.666666666666666, "direction": "UP", "stake_usd": "5", "entry_vwap": "0.2999999999999999888977697536", "event_type": "sleeve_fire_resolved", "slot_end_us": 1781539200000000, "condition_id": "0xd6c3b93568c6134f63419c265734af2f2c0630074175dfc99cb7adefe5e9f6dd", "resolve_at_us": 1781539245000000}
2026-06-15 16:08:15.059467+00	resolve	shadow_scalp_exit_btc_5m_d3_v1	{"won": true, "mode": "paper", "outcome": "down", "pnl_usd": 3.1967213114754087, "direction": "DOWN", "stake_usd": "5", "entry_vwap": "0.6100000000000000976996261668", "event_type": "sleeve_fire_resolved", "slot_end_us": 1781539500000000, "condition_id": "0x0f1edfeab6363b82292e84ae41fb6632e0b50752724899a3c9d192502c84101e", "resolve_at_us": 1781539545000000}
2026-06-15 16:45:05.003515+00	fire	shadow_scalp_exit_btc_5m_d3_v1	{"mode": "paper", "fired": true, "reason": "paper_fill", "fire_us": 1781541905000000, "direction": "UP", "stake_usd": "5", "entry_vwap": "0.6800000000000000488498130833"}
2026-06-15 16:51:45.029023+00	resolve	shadow_scalp_exit_btc_5m_d3_v1	{"won": false, "mode": "paper", "outcome": "down", "pnl_usd": -5.0, "direction": "UP", "stake_usd": "5", "entry_vwap": "0.6800000000000000488498130833", "event_type": "sleeve_fire_resolved", "slot_end_us": 1781542200000000, "condition_id": "0x8e6c1351e861896bbfeea59973e9f6105d938938798271f383e24a415fe6e224", "resolve_at_us": 1781542245000000}
2026-06-15 17:20:05.003729+00	fire	shadow_scalp_exit_btc_5m_d3_v1	{"mode": "paper", "fired": true, "reason": "paper_fill", "fire_us": 1781544005000000, "direction": "DOWN", "stake_usd": "5", "entry_vwap": "0.6500000000000000222044604923"}
2026-06-15 17:27:15.058855+00	resolve	shadow_scalp_exit_btc_5m_d3_v1	{"won": true, "mode": "paper", "outcome": "down", "pnl_usd": 2.692307692307692, "direction": "DOWN", "stake_usd": "5", "entry_vwap": "0.6500000000000000222044604923", "event_type": "sleeve_fire_resolved", "slot_end_us": 1781544300000000, "condition_id": "0xd82690b8621f84257e9d887274d186276a9a712fc520d9d39a1690045e541354", "resolve_at_us": 1781544345000000}
2026-06-15 17:30:05.002367+00	fire	shadow_scalp_exit_btc_5m_d3_v1	{"mode": "paper", "fired": true, "reason": "paper_fill", "fire_us": 1781544605000000, "direction": "DOWN", "stake_usd": "5", "entry_vwap": "0.5699999999999999511501869163"}
2026-06-15 17:31:00.35648+00	order_placed	kalshi_scalp_exit_btc_15m_d3_v1	{"mode": "paper", "side": "yes", "fired": true, "status": "paper", "ticker": "KXBTC15M-26JUN151345-45", "offset_s": 60, "order_id": "paper-kalshi_scalp_exit_btc_15m_d3_v1-1781544660000000", "direction": "UP", "entry_ask": 0.54, "entry_vwap": "0.5400000000000000355271367879", "filled_count": 9}
2026-06-15 17:32:02.433951+00	resolve	kalshi_scalp_exit_btc_15m_d3_v1	{"mode": "paper", "shares": 9, "ticker": "KXBTC15M-26JUN151345-45", "direction": "UP", "exit_type": "scalp_time", "fill_vwap": 0.54, "sell_vwap": 0.25, "realized_pnl": -2.6100000000000003, "suppress_settlement": true}
2026-06-15 17:37:15.080207+00	resolve	shadow_scalp_exit_btc_5m_d3_v1	{"won": true, "mode": "paper", "outcome": "down", "pnl_usd": 3.7719298245614024, "direction": "DOWN", "stake_usd": "5", "entry_vwap": "0.5699999999999999511501869163", "event_type": "sleeve_fire_resolved", "slot_end_us": 1781544900000000, "condition_id": "0x7fbc0443d7ebfc66e59ddb11d2415f5139f140bee298fb940b2da49ff972c9f0", "resolve_at_us": 1781544945000000}
2026-06-15 19:20:05.002822+00	fire	shadow_scalp_exit_btc_5m_d3_v1	{"mode": "paper", "fired": true, "reason": "paper_fill", "fire_us": 1781551205000000, "direction": "DOWN", "stake_usd": "5", "entry_vwap": "0.5"}
2026-06-15 19:28:15.051296+00	resolve	shadow_scalp_exit_btc_5m_d3_v1	{"won": false, "mode": "paper", "outcome": "up", "pnl_usd": -5.0, "direction": "DOWN", "stake_usd": "5", "entry_vwap": "0.5", "event_type": "sleeve_fire_resolved", "slot_end_us": 1781551500000000, "condition_id": "0x14067a95e45f62ff2f182dcfe322615dff3933e89c90c1b77a01796087f3f9a6", "resolve_at_us": 1781551545000000}
2026-06-15 19:50:05.003815+00	fire	shadow_scalp_exit_btc_5m_d3_v1	{"mode": "paper", "fired": true, "reason": "paper_fill", "fire_us": 1781553005000000, "direction": "DOWN", "stake_usd": "5", "entry_vwap": "0.5799999999999999600319711133"}
2026-06-15 19:58:45.0919+00	resolve	shadow_scalp_exit_btc_5m_d3_v1	{"won": false, "mode": "paper", "outcome": "up", "pnl_usd": -5.0, "direction": "DOWN", "stake_usd": "5", "entry_vwap": "0.5799999999999999600319711133", "event_type": "sleeve_fire_resolved", "slot_end_us": 1781553300000000, "condition_id": "0x23889a1bb489c1031f9bff47bdeb92bcf954980a00e562e7459afe048efa6122", "resolve_at_us": 1781553345000000}
2026-06-15 20:45:05.002275+00	fire	shadow_scalp_exit_btc_5m_d3_v1	{"mode": "paper", "fired": true, "reason": "paper_fill", "fire_us": 1781556305000000, "direction": "DOWN", "stake_usd": "5", "entry_vwap": "0.7199999999999999733546474088"}
2026-06-15 20:53:45.061+00	resolve	shadow_scalp_exit_btc_5m_d3_v1	{"won": true, "mode": "paper", "outcome": "down", "pnl_usd": 1.9444444444444446, "direction": "DOWN", "stake_usd": "5", "entry_vwap": "0.7199999999999999733546474088", "event_type": "sleeve_fire_resolved", "slot_end_us": 1781556600000000, "condition_id": "0xef2e4df48dddd0636bd6a3f70877ed024b003c134edf01e9c58925ef7beab295", "resolve_at_us": 1781556645000000}
2026-06-15 21:01:00.35852+00	order_placed	kalshi_scalp_exit_btc_15m_d3_v1	{"mode": "paper", "side": "no", "fired": true, "status": "paper", "ticker": "KXBTC15M-26JUN151715-15", "offset_s": 60, "order_id": "paper-kalshi_scalp_exit_btc_15m_d3_v1-1781557260000000", "direction": "DOWN", "entry_ask": 0.52, "entry_vwap": "0.5200000000000000177635683938", "filled_count": 9}
2026-06-15 21:02:02.264426+00	resolve	kalshi_scalp_exit_btc_15m_d3_v1	{"mode": "paper", "shares": 9, "ticker": "KXBTC15M-26JUN151715-15", "direction": "DOWN", "exit_type": "scalp_time", "fill_vwap": 0.52, "sell_vwap": 0.39, "realized_pnl": -1.17, "suppress_settlement": true}
2026-06-15 21:10:00.002953+00	fire	poly_sniper_v5_btc_15m_ema50_ema800_off600_down	{"mode": "paper", "fired": true, "reason": "paper_fill", "fire_us": 1781557800000000, "direction": "DOWN", "stake_usd": "5", "entry_vwap": "0.8900000000000001243449787578"}
2026-06-15 21:10:00.202723+00	order_placed	kalshi_sniper_btc_15m_ema50_ema800_off600_down_H	{"mode": "paper", "side": "no", "fired": true, "status": "paper", "ticker": "KXBTC15M-26JUN151715-15", "offset_s": 600, "order_id": "paper-kalshi_sniper_btc_15m_ema50_ema800_off600_down_H-1781557800000000", "direction": "DOWN", "entry_ask": 0.87, "entry_vwap": "0.8700000000000001065814103637", "filled_count": 5}
2026-06-15 21:15:45.095279+00	resolve	kalshi_sniper_btc_15m_ema50_ema800_off600_down_H	{"won": true, "mode": "paper", "ticker": "KXBTC15M-26JUN151715-15", "outcome": "no", "pnl_usd": 0.7471264367816077, "direction": "DOWN", "stake_usd": "5", "entry_vwap": "0.8700000000000001065814103637", "event_type": "sleeve_fire_resolved", "resolve_at_us": 1781558145000000, "window_end_us": 1781558100000000}
2026-06-15 21:19:45.09253+00	resolve	poly_sniper_v5_btc_15m_ema50_ema800_off600_down	{"won": true, "mode": "paper", "outcome": "down", "pnl_usd": 0.6179775280898869, "direction": "DOWN", "stake_usd": "5", "entry_vwap": "0.8900000000000001243449787578", "event_type": "sleeve_fire_resolved", "slot_end_us": 1781558100000000, "condition_id": "0x5be02f1799c6b1b1b06ba30fcb7d58854fcc8eefd23e9063c01c4be53f828e0e", "resolve_at_us": 1781558145000000}
2026-06-15 21:40:00.003234+00	fire	poly_sniper_v5_btc_15m_ema50_ema800_off600_down	{"mode": "paper", "fired": true, "reason": "paper_fill", "fire_us": 1781559600000000, "direction": "DOWN", "stake_usd": "5", "entry_vwap": "0.3282275711159737818789494667"}
2026-06-15 21:40:00.185499+00	order_placed	kalshi_sniper_btc_15m_ema50_ema800_off600_down_H	{"mode": "paper", "side": "no", "fired": true, "status": "paper", "ticker": "KXBTC15M-26JUN151745-45", "offset_s": 600, "order_id": "paper-kalshi_sniper_btc_15m_ema50_ema800_off600_down_H-1781559600000000", "direction": "DOWN", "entry_ask": 0.37, "entry_vwap": "0.3699999999999999955591079013", "filled_count": 13}
2026-06-15 21:45:45.099047+00	resolve	kalshi_sniper_btc_15m_ema50_ema800_off600_down_H	{"won": false, "mode": "paper", "ticker": "KXBTC15M-26JUN151745-45", "outcome": "yes", "pnl_usd": -5.0, "direction": "DOWN", "stake_usd": "5", "entry_vwap": "0.3699999999999999955591079013", "event_type": "sleeve_fire_resolved", "resolve_at_us": 1781559945000000, "window_end_us": 1781559900000000}
2026-06-15 21:49:15.088518+00	resolve	poly_sniper_v5_btc_15m_ema50_ema800_off600_down	{"won": false, "mode": "paper", "outcome": "up", "pnl_usd": -5.0, "direction": "DOWN", "stake_usd": "5", "entry_vwap": "0.3282275711159737818789494667", "event_type": "sleeve_fire_resolved", "slot_end_us": 1781559900000000, "condition_id": "0x29e45ed52e2e4881bc6cbc8cce8a8b643c14e7f89f7811dd4cf746d8344bfeb1", "resolve_at_us": 1781559945000000}
2026-06-15 21:55:00.069155+00	fire	poly_sniper_v5_btc_15m_ema50_ema800_off600_down	{"mode": "paper", "fired": true, "reason": "paper_fill", "fire_us": 1781560500000000, "direction": "DOWN", "stake_usd": "5", "entry_vwap": "0.75"}
2026-06-15 21:55:00.115844+00	order_placed	kalshi_sniper_btc_15m_ema50_ema800_off600_down_H	{"mode": "paper", "side": "no", "fired": true, "status": "paper", "ticker": "KXBTC15M-26JUN151800-00", "offset_s": 600, "order_id": "paper-kalshi_sniper_btc_15m_ema50_ema800_off600_down_H-1781560500000000", "direction": "DOWN", "entry_ask": 0.69, "entry_vwap": "0.6899999999999999467092948178", "filled_count": 7}
2026-06-15 22:00:45.009033+00	resolve	poly_sniper_v5_btc_15m_ema50_ema800_off600_down	{"won": true, "mode": "paper", "outcome": "down", "pnl_usd": 1.6666666666666667, "direction": "DOWN", "stake_usd": "5", "entry_vwap": "0.75", "event_type": "sleeve_fire_resolved", "slot_end_us": 1781560800000000, "condition_id": "0x9b505f8d311de709cb9d11053cfc0c65db63d684ef578bb929c24b2ced37e852", "resolve_at_us": 1781560845000000}
2026-06-15 22:00:45.097746+00	resolve	kalshi_sniper_btc_15m_ema50_ema800_off600_down_H	{"won": true, "mode": "paper", "ticker": "KXBTC15M-26JUN151800-00", "outcome": "no", "pnl_usd": 2.2463768115942035, "direction": "DOWN", "stake_usd": "5", "entry_vwap": "0.6899999999999999467092948178", "event_type": "sleeve_fire_resolved", "resolve_at_us": 1781560845000000, "window_end_us": 1781560800000000}
2026-06-15 22:25:00.002275+00	fire	poly_sniper_v5_btc_15m_ema50_ema800_off600_down	{"mode": "paper", "fired": true, "reason": "paper_fill", "fire_us": 1781562300000000, "direction": "DOWN", "stake_usd": "5", "entry_vwap": "0.9799999999999999822364316056"}
2026-06-15 22:31:15.034269+00	resolve	poly_sniper_v5_btc_15m_ema50_ema800_off600_down	{"won": true, "mode": "paper", "outcome": "down", "pnl_usd": 0.10204081632653013, "direction": "DOWN", "stake_usd": "5", "entry_vwap": "0.9799999999999999822364316056", "event_type": "sleeve_fire_resolved", "slot_end_us": 1781562600000000, "condition_id": "0xa0bc36be7d0085ae4697cdd726871136633f18678a43889c769f405f6d7bbd17", "resolve_at_us": 1781562645000000}
2026-06-15 22:40:00.029239+00	fire	poly_sniper_v5_btc_15m_ema50_ema800_off600_down	{"mode": "paper", "fired": true, "reason": "paper_fill", "fire_us": 1781563200000000, "direction": "DOWN", "stake_usd": "5", "entry_vwap": "0.0299999999999999954203300234"}
2026-06-15 22:45:45.01319+00	resolve	poly_sniper_v5_btc_15m_ema50_ema800_off600_down	{"won": false, "mode": "paper", "outcome": "up", "pnl_usd": -5.0, "direction": "DOWN", "stake_usd": "5", "entry_vwap": "0.0299999999999999954203300234", "event_type": "sleeve_fire_resolved", "slot_end_us": 1781563500000000, "condition_id": "0x7a37b741e988be7d84327bd34e6a1f92c9cc34917ad087fa54e40bb152bf84ab", "resolve_at_us": 1781563545000000}
2026-06-15 22:55:00.002142+00	fire	poly_sniper_v5_btc_15m_ema50_ema800_off600_down	{"mode": "paper", "fired": true, "reason": "paper_fill", "fire_us": 1781564100000000, "direction": "DOWN", "stake_usd": "5", "entry_vwap": "0.9000000000000000222044604922"}
2026-06-15 22:55:00.188453+00	order_placed	kalshi_sniper_btc_15m_ema50_ema800_off600_down_H	{"mode": "paper", "side": "no", "fired": true, "status": "paper", "ticker": "KXBTC15M-26JUN151900-00", "offset_s": 600, "order_id": "paper-kalshi_sniper_btc_15m_ema50_ema800_off600_down_H-1781564100000000", "direction": "DOWN", "entry_ask": 0.88, "entry_vwap": "0.8800000000000000044408920982", "filled_count": 5}
2026-06-15 23:00:45.097577+00	resolve	kalshi_sniper_btc_15m_ema50_ema800_off600_down_H	{"won": true, "mode": "paper", "ticker": "KXBTC15M-26JUN151900-00", "outcome": "no", "pnl_usd": 0.681818181818181, "direction": "DOWN", "stake_usd": "5", "entry_vwap": "0.8800000000000000044408920982", "event_type": "sleeve_fire_resolved", "resolve_at_us": 1781564445000000, "window_end_us": 1781564400000000}
2026-06-15 23:02:15.042081+00	resolve	poly_sniper_v5_btc_15m_ema50_ema800_off600_down	{"won": true, "mode": "paper", "outcome": "down", "pnl_usd": 0.5555555555555554, "direction": "DOWN", "stake_usd": "5", "entry_vwap": "0.9000000000000000222044604922", "event_type": "sleeve_fire_resolved", "slot_end_us": 1781564400000000, "condition_id": "0x9f9cc84e9f349f4391a50d01adc9bddbca278115326af267cdb94dd7cb36ed9d", "resolve_at_us": 1781564445000000}
2026-06-15 23:10:00.002527+00	fire	poly_sniper_v5_btc_15m_ema50_ema800_off600_down	{"mode": "paper", "fired": true, "reason": "paper_fill", "fire_us": 1781565000000000, "direction": "DOWN", "stake_usd": "5", "entry_vwap": "0.2099999999999999922284388275"}
2026-06-15 23:10:00.377793+00	order_placed	kalshi_sniper_btc_15m_ema50_ema800_off600_down_H	{"mode": "paper", "side": "no", "fired": true, "status": "paper", "ticker": "KXBTC15M-26JUN151915-15", "offset_s": 600, "order_id": "paper-kalshi_sniper_btc_15m_ema50_ema800_off600_down_H-1781565000000000", "direction": "DOWN", "entry_ask": 0.18999999999999995, "entry_vwap": "0.1899999999999999467092948179", "filled_count": 26}
2026-06-15 23:15:45.092616+00	resolve	kalshi_sniper_btc_15m_ema50_ema800_off600_down_H	{"won": false, "mode": "paper", "ticker": "KXBTC15M-26JUN151915-15", "outcome": "yes", "pnl_usd": -5.0, "direction": "DOWN", "stake_usd": "5", "entry_vwap": "0.1899999999999999467092948179", "event_type": "sleeve_fire_resolved", "resolve_at_us": 1781565345000000, "window_end_us": 1781565300000000}
2026-06-15 23:17:15.033151+00	resolve	poly_sniper_v5_btc_15m_ema50_ema800_off600_down	{"won": false, "mode": "paper", "outcome": "up", "pnl_usd": -5.0, "direction": "DOWN", "stake_usd": "5", "entry_vwap": "0.2099999999999999922284388275", "event_type": "sleeve_fire_resolved", "slot_end_us": 1781565300000000, "condition_id": "0xd769671424d25d1598ec318dde3c016c51fe85e1115a470efe483cd883b6fd1a", "resolve_at_us": 1781565345000000}
2026-06-15 23:25:00.025997+00	fire	poly_sniper_v5_btc_15m_ema50_ema800_off600_down	{"mode": "paper", "fired": true, "reason": "paper_fill", "fire_us": 1781565900000000, "direction": "DOWN", "stake_usd": "5", "entry_vwap": "0.9799999999999999822364316056"}
2026-06-15 23:32:45.054484+00	resolve	poly_sniper_v5_btc_15m_ema50_ema800_off600_down	{"won": true, "mode": "paper", "outcome": "down", "pnl_usd": 0.10204081632653013, "direction": "DOWN", "stake_usd": "5", "entry_vwap": "0.9799999999999999822364316056", "event_type": "sleeve_fire_resolved", "slot_end_us": 1781566200000000, "condition_id": "0xebbfe1f243ef1928a2e66e12b950183070d460538ea58d955f8bead72c1bb7c5", "resolve_at_us": 1781566245000000}
2026-06-15 23:40:00.002742+00	fire	poly_sniper_v5_btc_15m_ema50_ema800_off600_down	{"mode": "paper", "fired": true, "reason": "paper_fill", "fire_us": 1781566800000000, "direction": "DOWN", "stake_usd": "5", "entry_vwap": "0.6600000000000000310862446891"}
2026-06-15 23:40:00.35462+00	order_placed	kalshi_sniper_btc_15m_ema50_ema800_off600_down_H	{"mode": "paper", "side": "no", "fired": true, "status": "paper", "ticker": "KXBTC15M-26JUN151945-45", "offset_s": 600, "order_id": "paper-kalshi_sniper_btc_15m_ema50_ema800_off600_down_H-1781566800000000", "direction": "DOWN", "entry_ask": 0.71, "entry_vwap": "0.7099999999999999644728632118", "filled_count": 7}
2026-06-15 23:45:45.095912+00	resolve	kalshi_sniper_btc_15m_ema50_ema800_off600_down_H	{"won": false, "mode": "paper", "ticker": "KXBTC15M-26JUN151945-45", "outcome": "yes", "pnl_usd": -5.0, "direction": "DOWN", "stake_usd": "5", "entry_vwap": "0.7099999999999999644728632118", "event_type": "sleeve_fire_resolved", "resolve_at_us": 1781567145000000, "window_end_us": 1781567100000000}
2026-06-15 23:47:45.047877+00	resolve	poly_sniper_v5_btc_15m_ema50_ema800_off600_down	{"won": false, "mode": "paper", "outcome": "up", "pnl_usd": -5.0, "direction": "DOWN", "stake_usd": "5", "entry_vwap": "0.6600000000000000310862446891", "event_type": "sleeve_fire_resolved", "slot_end_us": 1781567100000000, "condition_id": "0xbb01857e34a46d00204947c2a8f55486546198bc837fc4bdd0d40e30a45d3436", "resolve_at_us": 1781567145000000}
2026-06-16 00:25:00.003315+00	fire	poly_sniper_v5_btc_15m_ema50_ema800_off600_down	{"mode": "paper", "fired": true, "reason": "paper_fill", "fire_us": 1781569500000000, "direction": "DOWN", "stake_usd": "5", "entry_vwap": "0.9900000000000001021405182651"}
2026-06-16 00:30:45.012355+00	resolve	poly_sniper_v5_btc_15m_ema50_ema800_off600_down	{"won": true, "mode": "paper", "outcome": "down", "pnl_usd": 0.050505050505049984, "direction": "DOWN", "stake_usd": "5", "entry_vwap": "0.9900000000000001021405182651", "event_type": "sleeve_fire_resolved", "slot_end_us": 1781569800000000, "condition_id": "0x50186386e94c73b02b9ceebfe93726a4a9acf9eda3a6fcb662a7b09418c13077", "resolve_at_us": 1781569845000000}
2026-06-16 00:55:00.002244+00	fire	poly_sniper_v5_btc_15m_ema50_ema800_off600_down	{"mode": "paper", "fired": true, "reason": "paper_fill", "fire_us": 1781571300000000, "direction": "DOWN", "stake_usd": "5", "entry_vwap": "0.9300000000000000488498130831"}
2026-06-16 01:00:45.011862+00	resolve	poly_sniper_v5_btc_15m_ema50_ema800_off600_down	{"won": true, "mode": "paper", "outcome": "down", "pnl_usd": 0.3763440860215051, "direction": "DOWN", "stake_usd": "5", "entry_vwap": "0.9300000000000000488498130831", "event_type": "sleeve_fire_resolved", "slot_end_us": 1781571600000000, "condition_id": "0xd61ef7fb5496436d527f579b8566857b09e44c3fa001e1e368990b72155dff86", "resolve_at_us": 1781571645000000}
2026-06-16 01:10:00.04019+00	fire	poly_sniper_v5_btc_15m_ema50_ema800_off600_down	{"mode": "paper", "fired": true, "reason": "paper_fill", "fire_us": 1781572200000000, "direction": "DOWN", "stake_usd": "5", "entry_vwap": "0.1700000000000000122124532708"}
2026-06-16 01:10:00.182541+00	order_placed	kalshi_sniper_btc_15m_ema50_ema800_off600_down_H	{"mode": "paper", "side": "no", "fired": true, "status": "paper", "ticker": "KXBTC15M-26JUN152115-15", "offset_s": 600, "order_id": "paper-kalshi_sniper_btc_15m_ema50_ema800_off600_down_H-1781572200000000", "direction": "DOWN", "entry_ask": 0.17000000000000004, "entry_vwap": "0.1700000000000000399680288864", "filled_count": 29}
2026-06-16 01:15:45.008329+00	resolve	poly_sniper_v5_btc_15m_ema50_ema800_off600_down	{"won": false, "mode": "paper", "outcome": "up", "pnl_usd": -5.0, "direction": "DOWN", "stake_usd": "5", "entry_vwap": "0.1700000000000000122124532708", "event_type": "sleeve_fire_resolved", "slot_end_us": 1781572500000000, "condition_id": "0x8ae9586154b7e6db928c9524cb31eadf03147a813a6a07462bcfe9135b46ef89", "resolve_at_us": 1781572545000000}
2026-06-16 01:15:45.095381+00	resolve	kalshi_sniper_btc_15m_ema50_ema800_off600_down_H	{"won": false, "mode": "paper", "ticker": "KXBTC15M-26JUN152115-15", "outcome": "yes", "pnl_usd": -5.0, "direction": "DOWN", "stake_usd": "5", "entry_vwap": "0.1700000000000000399680288864", "event_type": "sleeve_fire_resolved", "resolve_at_us": 1781572545000000, "window_end_us": 1781572500000000}
2026-06-16 02:10:00.004565+00	fire	poly_sniper_v5_btc_15m_ema50_ema800_off600_down	{"mode": "paper", "fired": true, "reason": "paper_fill", "fire_us": 1781575800000000, "direction": "DOWN", "stake_usd": "5", "entry_vwap": "0.8700000000000001065814103637"}
2026-06-16 02:10:00.126094+00	order_placed	kalshi_sniper_btc_15m_ema50_ema800_off600_down_H	{"mode": "paper", "side": "no", "fired": true, "status": "paper", "ticker": "KXBTC15M-26JUN152215-15", "offset_s": 600, "order_id": "paper-kalshi_sniper_btc_15m_ema50_ema800_off600_down_H-1781575800000000", "direction": "DOWN", "entry_ask": 0.85, "entry_vwap": "0.8499999999999999777955395072", "filled_count": 5}
2026-06-16 02:15:45.006895+00	resolve	poly_sniper_v5_btc_15m_ema50_ema800_off600_down	{"won": true, "mode": "paper", "outcome": "down", "pnl_usd": 0.7471264367816077, "direction": "DOWN", "stake_usd": "5", "entry_vwap": "0.8700000000000001065814103637", "event_type": "sleeve_fire_resolved", "slot_end_us": 1781576100000000, "condition_id": "0x1e7995c43d380a215f8f46ae5d735286c30d0afd24ecb6c3afed85d7b927e38b", "resolve_at_us": 1781576145000000}
2026-06-16 02:15:45.095315+00	resolve	kalshi_sniper_btc_15m_ema50_ema800_off600_down_H	{"won": true, "mode": "paper", "ticker": "KXBTC15M-26JUN152215-15", "outcome": "no", "pnl_usd": 0.8823529411764708, "direction": "DOWN", "stake_usd": "5", "entry_vwap": "0.8499999999999999777955395072", "event_type": "sleeve_fire_resolved", "resolve_at_us": 1781576145000000, "window_end_us": 1781576100000000}
2026-06-16 02:25:00.003787+00	fire	poly_sniper_v5_btc_15m_ema50_ema800_off600_down	{"mode": "paper", "fired": true, "reason": "paper_fill", "fire_us": 1781576700000000, "direction": "DOWN", "stake_usd": "5", "entry_vwap": "0.6700000000000000399680288863"}
2026-06-16 02:25:00.199715+00	order_placed	kalshi_sniper_btc_15m_ema50_ema800_off600_down_H	{"mode": "paper", "side": "no", "fired": true, "status": "paper", "ticker": "KXBTC15M-26JUN152230-30", "offset_s": 600, "order_id": "paper-kalshi_sniper_btc_15m_ema50_ema800_off600_down_H-1781576700000000", "direction": "DOWN", "entry_ask": 0.83, "entry_vwap": "0.8299999999999999600319711132", "filled_count": 6}
2026-06-16 02:30:45.010323+00	resolve	poly_sniper_v5_btc_15m_ema50_ema800_off600_down	{"won": true, "mode": "paper", "outcome": "down", "pnl_usd": 2.4626865671641776, "direction": "DOWN", "stake_usd": "5", "entry_vwap": "0.6700000000000000399680288863", "event_type": "sleeve_fire_resolved", "slot_end_us": 1781577000000000, "condition_id": "0xe9c6b59961480ffbce90fb6002f4907c6162780ede7f7c446998cae0cfdddf11", "resolve_at_us": 1781577045000000}
2026-06-16 02:30:45.09643+00	resolve	kalshi_sniper_btc_15m_ema50_ema800_off600_down_H	{"won": true, "mode": "paper", "ticker": "KXBTC15M-26JUN152230-30", "outcome": "no", "pnl_usd": 1.024096385542169, "direction": "DOWN", "stake_usd": "5", "entry_vwap": "0.8299999999999999600319711132", "event_type": "sleeve_fire_resolved", "resolve_at_us": 1781577045000000, "window_end_us": 1781577000000000}
2026-06-16 02:40:00.002597+00	fire	poly_sniper_v5_btc_15m_ema50_ema800_off600_down	{"mode": "paper", "fired": true, "reason": "paper_fill", "fire_us": 1781577600000000, "direction": "DOWN", "stake_usd": "5", "entry_vwap": "0.0800000000000000016653345369"}
2026-06-16 02:47:15.042623+00	resolve	poly_sniper_v5_btc_15m_ema50_ema800_off600_down	{"won": false, "mode": "paper", "outcome": "up", "pnl_usd": -5.0, "direction": "DOWN", "stake_usd": "5", "entry_vwap": "0.0800000000000000016653345369", "event_type": "sleeve_fire_resolved", "slot_end_us": 1781577900000000, "condition_id": "0x1ec0e4fcde291ace703101e37890b9f847150c88dc39229cbd0c9ccef39c143d", "resolve_at_us": 1781577945000000}
2026-06-16 02:55:00.002373+00	fire	poly_sniper_v5_btc_15m_ema50_ema800_off600_down	{"mode": "paper", "fired": true, "reason": "paper_fill", "fire_us": 1781578500000000, "direction": "DOWN", "stake_usd": "5", "entry_vwap": "0.9199999999999999289457264236"}
2026-06-16 03:00:45.011618+00	resolve	poly_sniper_v5_btc_15m_ema50_ema800_off600_down	{"won": true, "mode": "paper", "outcome": "down", "pnl_usd": 0.43478260869565255, "direction": "DOWN", "stake_usd": "5", "entry_vwap": "0.9199999999999999289457264236", "event_type": "sleeve_fire_resolved", "slot_end_us": 1781578800000000, "condition_id": "0xdf88c6b01e1cf37c1eba38a02d3f12621053c8aa34ad6e2fec86fc363d6591bd", "resolve_at_us": 1781578845000000}
2026-06-16 03:10:00.004266+00	fire	poly_sniper_v5_btc_15m_ema50_ema800_off600_down	{"mode": "paper", "fired": true, "reason": "paper_fill", "fire_us": 1781579400000000, "direction": "DOWN", "stake_usd": "5", "entry_vwap": "0.2800000000000000266453525909"}
2026-06-16 03:16:45.023432+00	resolve	poly_sniper_v5_btc_15m_ema50_ema800_off600_down	{"won": false, "mode": "paper", "outcome": "up", "pnl_usd": -5.0, "direction": "DOWN", "stake_usd": "5", "entry_vwap": "0.2800000000000000266453525909", "event_type": "sleeve_fire_resolved", "slot_end_us": 1781579700000000, "condition_id": "0xd4cb2322abda0d16b7f6ac4134587432e982037af0e1ea9158b8c1abdaa31f6e", "resolve_at_us": 1781579745000000}
2026-06-16 03:25:00.002568+00	fire	poly_sniper_v5_btc_15m_ema50_ema800_off600_down	{"mode": "paper", "fired": true, "reason": "paper_fill", "fire_us": 1781580300000000, "direction": "DOWN", "stake_usd": "5", "entry_vwap": "0.4799999999999999267252803745"}
2026-06-16 03:25:00.343863+00	order_placed	kalshi_sniper_btc_15m_ema50_ema800_off600_down_H	{"mode": "paper", "side": "no", "fired": true, "status": "paper", "ticker": "KXBTC15M-26JUN152330-30", "offset_s": 600, "order_id": "paper-kalshi_sniper_btc_15m_ema50_ema800_off600_down_H-1781580300000000", "direction": "DOWN", "entry_ask": 0.5, "entry_vwap": "0.5", "filled_count": 10}
2026-06-16 03:30:45.108622+00	resolve	kalshi_sniper_btc_15m_ema50_ema800_off600_down_H	{"won": false, "mode": "paper", "ticker": "KXBTC15M-26JUN152330-30", "outcome": "yes", "pnl_usd": -5.0, "direction": "DOWN", "stake_usd": "5", "entry_vwap": "0.5", "event_type": "sleeve_fire_resolved", "resolve_at_us": 1781580645000000, "window_end_us": 1781580600000000}
2026-06-16 03:31:45.027434+00	resolve	poly_sniper_v5_btc_15m_ema50_ema800_off600_down	{"won": false, "mode": "paper", "outcome": "up", "pnl_usd": -5.0, "direction": "DOWN", "stake_usd": "5", "entry_vwap": "0.4799999999999999267252803745", "event_type": "sleeve_fire_resolved", "slot_end_us": 1781580600000000, "condition_id": "0x361b78d09beec0662ed26dbbf3fe7d79e05572546b90f07575541ff0b0aa4494", "resolve_at_us": 1781580645000000}
2026-06-16 04:25:00.003519+00	fire	poly_sniper_v5_btc_15m_ema50_ema800_off600_down	{"mode": "paper", "fired": true, "reason": "paper_fill", "fire_us": 1781583900000000, "direction": "DOWN", "stake_usd": "5", "entry_vwap": "0.9100000000000000310862446891"}
2026-06-16 04:25:00.222153+00	order_placed	kalshi_sniper_btc_15m_ema50_ema800_off600_down_H	{"mode": "paper", "side": "no", "fired": true, "status": "paper", "ticker": "KXBTC15M-26JUN160030-30", "offset_s": 600, "order_id": "paper-kalshi_sniper_btc_15m_ema50_ema800_off600_down_H-1781583900000000", "direction": "DOWN", "entry_ask": 0.89, "entry_vwap": "0.8900000000000001243449787578", "filled_count": 5}
2026-06-16 04:30:45.09328+00	resolve	kalshi_sniper_btc_15m_ema50_ema800_off600_down_H	{"won": true, "mode": "paper", "ticker": "KXBTC15M-26JUN160030-30", "outcome": "no", "pnl_usd": 0.6179775280898869, "direction": "DOWN", "stake_usd": "5", "entry_vwap": "0.8900000000000001243449787578", "event_type": "sleeve_fire_resolved", "resolve_at_us": 1781584245000000, "window_end_us": 1781584200000000}
2026-06-16 04:32:15.033803+00	resolve	poly_sniper_v5_btc_15m_ema50_ema800_off600_down	{"won": true, "mode": "paper", "outcome": "down", "pnl_usd": 0.49450549450549436, "direction": "DOWN", "stake_usd": "5", "entry_vwap": "0.9100000000000000310862446891", "event_type": "sleeve_fire_resolved", "slot_end_us": 1781584200000000, "condition_id": "0x3dc47590ee32715fb5f0990016a1195d0c09057fba591d6dec347b95708ada38", "resolve_at_us": 1781584245000000}
2026-06-16 04:40:00.003675+00	fire	poly_sniper_v5_btc_15m_ema50_ema800_off600_down	{"mode": "paper", "fired": true, "reason": "paper_fill", "fire_us": 1781584800000000, "direction": "DOWN", "stake_usd": "5", "entry_vwap": "0.9599999999999998534505607490"}
2026-06-16 04:46:00.117561+00	order_placed	kalshi_scalp_exit_btc_15m_d3_v1	{"mode": "paper", "side": "no", "fired": true, "status": "paper", "ticker": "KXBTC15M-26JUN160100-00", "offset_s": 60, "order_id": "paper-kalshi_scalp_exit_btc_15m_d3_v1-1781585160000000", "direction": "DOWN", "entry_ask": 0.48, "entry_vwap": "0.4799999999999999267252803745", "filled_count": 10}
2026-06-16 04:46:45.027545+00	resolve	poly_sniper_v5_btc_15m_ema50_ema800_off600_down	{"won": true, "mode": "paper", "outcome": "down", "pnl_usd": 0.20833333333333354, "direction": "DOWN", "stake_usd": "5", "entry_vwap": "0.9599999999999998534505607490", "event_type": "sleeve_fire_resolved", "slot_end_us": 1781585100000000, "condition_id": "0xadf7bb1acb7268316b6d7a798c26ba7fd7b7141a3543b1fd0dbedaf1dc8b4577", "resolve_at_us": 1781585145000000}
2026-06-16 04:47:02.19296+00	resolve	kalshi_scalp_exit_btc_15m_d3_v1	{"mode": "paper", "shares": 10, "ticker": "KXBTC15M-26JUN160100-00", "direction": "DOWN", "exit_type": "scalp_time", "fill_vwap": 0.48, "sell_vwap": 0.37, "realized_pnl": -1.0999999999999999, "suppress_settlement": true}
2026-06-16 04:55:00.002621+00	fire	poly_sniper_v5_btc_15m_ema50_ema800_off600_down	{"mode": "paper", "fired": true, "reason": "paper_fill", "fire_us": 1781585700000000, "direction": "DOWN", "stake_usd": "5", "entry_vwap": "0.7199999999999999733546474088"}
2026-06-16 04:55:00.189065+00	order_placed	kalshi_sniper_btc_15m_ema50_ema800_off600_down_H	{"mode": "paper", "side": "no", "fired": true, "status": "paper", "ticker": "KXBTC15M-26JUN160100-00", "offset_s": 600, "order_id": "paper-kalshi_sniper_btc_15m_ema50_ema800_off600_down_H-1781585700000000", "direction": "DOWN", "entry_ask": 0.5800000000000001, "entry_vwap": "0.5800000000000000710542735758", "filled_count": 8}
2026-06-16 05:00:45.013455+00	resolve	poly_sniper_v5_btc_15m_ema50_ema800_off600_down	{"won": true, "mode": "paper", "outcome": "down", "pnl_usd": 1.9444444444444446, "direction": "DOWN", "stake_usd": "5", "entry_vwap": "0.7199999999999999733546474088", "event_type": "sleeve_fire_resolved", "slot_end_us": 1781586000000000, "condition_id": "0x9d734cbede6a10f809254c210b0b332f78ec4231bb2956aec03c3e95bcf7d9c6", "resolve_at_us": 1781586045000000}
2026-06-16 05:00:45.108039+00	resolve	kalshi_sniper_btc_15m_ema50_ema800_off600_down_H	{"won": false, "mode": "paper", "ticker": "KXBTC15M-26JUN160100-00", "outcome": "yes", "pnl_usd": -5.0, "direction": "DOWN", "stake_usd": "5", "entry_vwap": "0.5800000000000000710542735758", "event_type": "sleeve_fire_resolved", "resolve_at_us": 1781586045000000, "window_end_us": 1781586000000000}
2026-06-16 05:01:00.185944+00	order_placed	kalshi_scalp_exit_btc_15m_d3_v1	{"mode": "paper", "side": "yes", "fired": true, "status": "paper", "ticker": "KXBTC15M-26JUN160115-15", "offset_s": 60, "order_id": "paper-kalshi_scalp_exit_btc_15m_d3_v1-1781586060000000", "direction": "UP", "entry_ask": 0.49, "entry_vwap": "0.4899999999999999911182158028", "filled_count": 10}
2026-06-16 05:02:01.943862+00	resolve	kalshi_scalp_exit_btc_15m_d3_v1	{"mode": "paper", "shares": 10, "ticker": "KXBTC15M-26JUN160115-15", "direction": "UP", "exit_type": "scalp_time", "fill_vwap": 0.49000000000000005, "sell_vwap": 0.53, "realized_pnl": 0.3999999999999998, "suppress_settlement": true}
2026-06-16 05:55:00.193932+00	order_placed	kalshi_sniper_btc_15m_ema50_ema800_off600_down_H	{"mode": "paper", "side": "no", "fired": true, "status": "paper", "ticker": "KXBTC15M-26JUN160200-00", "offset_s": 600, "order_id": "paper-kalshi_sniper_btc_15m_ema50_ema800_off600_down_H-1781589300000000", "direction": "DOWN", "entry_ask": 0.73, "entry_vwap": "0.7299999999999999822364316058", "filled_count": 6}
2026-06-16 06:00:05.002631+00	fire	shadow_scalp_exit_btc_5m_d3_v1	{"mode": "paper", "fired": true, "reason": "paper_fill", "fire_us": 1781589605000000, "direction": "UP", "stake_usd": "5", "entry_vwap": "0.7199999999999999733546474088"}
2026-06-16 06:00:45.125495+00	resolve	kalshi_sniper_btc_15m_ema50_ema800_off600_down_H	{"won": true, "mode": "paper", "ticker": "KXBTC15M-26JUN160200-00", "outcome": "no", "pnl_usd": 1.8493150684931507, "direction": "DOWN", "stake_usd": "5", "entry_vwap": "0.7299999999999999822364316058", "event_type": "sleeve_fire_resolved", "resolve_at_us": 1781589645000000, "window_end_us": 1781589600000000}
2026-06-16 06:01:00.185876+00	order_placed	kalshi_scalp_exit_btc_15m_d3_v1	{"mode": "paper", "side": "yes", "fired": true, "status": "paper", "ticker": "KXBTC15M-26JUN160215-15", "offset_s": 60, "order_id": "paper-kalshi_scalp_exit_btc_15m_d3_v1-1781589660000000", "direction": "UP", "entry_ask": 0.53, "entry_vwap": "0.5300000000000000266453525908", "filled_count": 9}
2026-06-16 06:02:02.264191+00	resolve	kalshi_scalp_exit_btc_15m_d3_v1	{"mode": "paper", "shares": 9, "ticker": "KXBTC15M-26JUN160215-15", "direction": "UP", "exit_type": "scalp_time", "fill_vwap": 0.53, "sell_vwap": 0.62, "realized_pnl": 0.8099999999999997, "suppress_settlement": true}
2026-06-16 06:05:45.008314+00	resolve	shadow_scalp_exit_btc_5m_d3_v1	{"won": true, "mode": "paper", "outcome": "up", "pnl_usd": 1.9444444444444446, "direction": "UP", "stake_usd": "5", "entry_vwap": "0.7199999999999999733546474088", "event_type": "sleeve_fire_resolved", "slot_end_us": 1781589900000000, "condition_id": "0x1f49aa988b2c5f6c1955a096f338b5d60126205690b87e45cb96bc5fd3ec739e", "resolve_at_us": 1781589945000000}
2026-06-16 07:15:05.002958+00	fire	shadow_scalp_exit_btc_5m_d3_v1	{"mode": "paper", "fired": true, "reason": "paper_fill", "fire_us": 1781594105000000, "direction": "DOWN", "stake_usd": "5", "entry_vwap": "0.6700000000000000399680288863"}
2026-06-16 07:21:45.028516+00	resolve	shadow_scalp_exit_btc_5m_d3_v1	{"won": false, "mode": "paper", "outcome": "up", "pnl_usd": -5.0, "direction": "DOWN", "stake_usd": "5", "entry_vwap": "0.6700000000000000399680288863", "event_type": "sleeve_fire_resolved", "slot_end_us": 1781594400000000, "condition_id": "0xa8490c05cb6f050f6a59c5a0674e305e57e16a15614929c6f92c79947714a70f", "resolve_at_us": 1781594445000000}
2026-06-16 08:16:00.031247+00	fire	poly_sniper_v5_eth_5m_l_ema50_hurst_grandparent_V10	{"mode": "paper", "fired": true, "reason": "paper_fill", "fire_us": 1781597760000000, "direction": "UP", "stake_usd": "5", "entry_vwap": "0.7399999999999999911182158027"}
2026-06-16 08:20:45.010561+00	resolve	poly_sniper_v5_eth_5m_l_ema50_hurst_grandparent_V10	{"won": true, "mode": "paper", "outcome": "up", "pnl_usd": 1.7567567567567568, "direction": "UP", "stake_usd": "5", "entry_vwap": "0.7399999999999999911182158027", "event_type": "sleeve_fire_resolved", "slot_end_us": 1781598000000000, "condition_id": "0x6df47fcda1e6935940e99e833274f27497f55674869bb220e562d42af54bd822", "resolve_at_us": 1781598045000000}
2026-06-16 08:50:05.005477+00	fire	shadow_scalp_exit_btc_5m_d3_v1	{"mode": "paper", "fired": true, "reason": "paper_fill", "fire_us": 1781599805000000, "direction": "UP", "stake_usd": "5", "entry_vwap": "0.6500000000000000222044604923"}
2026-06-16 08:55:05.003405+00	fire	shadow_scalp_exit_btc_5m_d3_v1	{"mode": "paper", "fired": true, "reason": "paper_fill", "fire_us": 1781600105000000, "direction": "DOWN", "stake_usd": "5", "entry_vwap": "0.5899999999999999689137553103"}
2026-06-16 08:56:00.002419+00	fire	poly_sniper_v5_eth_5m_l_ema50_hurst_grandparent_V10	{"mode": "paper", "fired": true, "reason": "paper_fill", "fire_us": 1781600160000000, "direction": "UP", "stake_usd": "5", "entry_vwap": "0.4099999999999999755750934581"}
2026-06-16 08:57:15.034152+00	resolve	shadow_scalp_exit_btc_5m_d3_v1	{"won": true, "mode": "paper", "outcome": "up", "pnl_usd": 2.692307692307692, "direction": "UP", "stake_usd": "5", "entry_vwap": "0.6500000000000000222044604923", "event_type": "sleeve_fire_resolved", "slot_end_us": 1781600100000000, "condition_id": "0x919c7ee83d19b1393f10580163c2cdc9a7119bf0a63e0da39a6b744389286470", "resolve_at_us": 1781600145000000}
2026-06-16 09:00:45.009937+00	resolve	shadow_scalp_exit_btc_5m_d3_v1	{"won": true, "mode": "paper", "outcome": "down", "pnl_usd": 3.474576271186441, "direction": "DOWN", "stake_usd": "5", "entry_vwap": "0.5899999999999999689137553103", "event_type": "sleeve_fire_resolved", "slot_end_us": 1781600400000000, "condition_id": "0xb5eaacb864fe171fa977c03029cf0c9459d3c54bdb79ad21c7f92b38d1a3b6d6", "resolve_at_us": 1781600445000000}
2026-06-16 09:00:45.009968+00	resolve	poly_sniper_v5_eth_5m_l_ema50_hurst_grandparent_V10	{"won": false, "mode": "paper", "outcome": "down", "pnl_usd": -5.0, "direction": "UP", "stake_usd": "5", "entry_vwap": "0.4099999999999999755750934581", "event_type": "sleeve_fire_resolved", "slot_end_us": 1781600400000000, "condition_id": "0xdf1f272df162280a568636c6a9c9b486b52b0bc4ed01196ead32882f94e15d05", "resolve_at_us": 1781600445000000}
2026-06-16 09:10:05.002575+00	fire	shadow_scalp_exit_btc_5m_d3_v1	{"mode": "paper", "fired": true, "reason": "paper_fill", "fire_us": 1781601005000000, "direction": "DOWN", "stake_usd": "5", "entry_vwap": "0.6300000000000000044408920983"}
2026-06-16 09:16:45.030489+00	resolve	shadow_scalp_exit_btc_5m_d3_v1	{"won": true, "mode": "paper", "outcome": "down", "pnl_usd": 2.9365079365079367, "direction": "DOWN", "stake_usd": "5", "entry_vwap": "0.6300000000000000044408920983", "event_type": "sleeve_fire_resolved", "slot_end_us": 1781601300000000, "condition_id": "0x8d2c411c718742c0d566d26137c56f8d3538a9b025f5061f3ea77933d7f47c16", "resolve_at_us": 1781601345000000}
2026-06-16 11:40:00.006265+00	fire	poly_sniper_v5_btc_15m_ema50_ema800_off600_down	{"mode": "paper", "fired": true, "reason": "paper_fill", "fire_us": 1781610000000000, "direction": "DOWN", "stake_usd": "5", "entry_vwap": "0.9699999999999999733546474086"}
2026-06-16 11:46:15.022157+00	resolve	poly_sniper_v5_btc_15m_ema50_ema800_off600_down	{"won": true, "mode": "paper", "outcome": "down", "pnl_usd": 0.15463917525773152, "direction": "DOWN", "stake_usd": "5", "entry_vwap": "0.9699999999999999733546474086", "event_type": "sleeve_fire_resolved", "slot_end_us": 1781610300000000, "condition_id": "0xfce92d3fdf89c19c14c42003cadf70f0ba49d298459fd062ea1039a2a5cf84ec", "resolve_at_us": 1781610345000000}
2026-06-16 11:55:00.003256+00	fire	poly_sniper_v5_btc_15m_ema50_ema800_off600_down	{"mode": "paper", "fired": true, "reason": "paper_fill", "fire_us": 1781610900000000, "direction": "DOWN", "stake_usd": "5", "entry_vwap": "0.4799999999999999267252803745"}
2026-06-16 11:55:00.109935+00	order_placed	kalshi_sniper_btc_15m_ema50_ema800_off600_down_H	{"mode": "paper", "side": "no", "fired": true, "status": "paper", "ticker": "KXBTC15M-26JUN160800-00", "offset_s": 600, "order_id": "paper-kalshi_sniper_btc_15m_ema50_ema800_off600_down_H-1781610900000000", "direction": "DOWN", "entry_ask": 0.5, "entry_vwap": "0.5", "filled_count": 10}
2026-06-16 12:00:45.093955+00	resolve	kalshi_sniper_btc_15m_ema50_ema800_off600_down_H	{"won": false, "mode": "paper", "ticker": "KXBTC15M-26JUN160800-00", "outcome": "yes", "pnl_usd": -5.0, "direction": "DOWN", "stake_usd": "5", "entry_vwap": "0.5", "event_type": "sleeve_fire_resolved", "resolve_at_us": 1781611245000000, "window_end_us": 1781611200000000}
2026-06-16 12:01:45.048484+00	resolve	poly_sniper_v5_btc_15m_ema50_ema800_off600_down	{"won": false, "mode": "paper", "outcome": "up", "pnl_usd": -5.0, "direction": "DOWN", "stake_usd": "5", "entry_vwap": "0.4799999999999999267252803745", "event_type": "sleeve_fire_resolved", "slot_end_us": 1781611200000000, "condition_id": "0xa68effda94209cc9e99353a3f59424caa8818849c1ab0f90cda64329427ff7ae", "resolve_at_us": 1781611245000000}
2026-06-16 12:36:00.003055+00	fire	poly_sniper_v5_eth_5m_l_ema50_hurst_grandparent_V10	{"mode": "paper", "fired": true, "reason": "paper_fill", "fire_us": 1781613360000000, "direction": "UP", "stake_usd": "5", "entry_vwap": "0.4300000000000000488498130833"}
2026-06-16 12:40:45.012153+00	resolve	poly_sniper_v5_eth_5m_l_ema50_hurst_grandparent_V10	{"won": false, "mode": "paper", "outcome": "down", "pnl_usd": -5.0, "direction": "UP", "stake_usd": "5", "entry_vwap": "0.4300000000000000488498130833", "event_type": "sleeve_fire_resolved", "slot_end_us": 1781613600000000, "condition_id": "0xef6cd145b27357b991fb1526327ec4fa2d4b86ca8865877204890e11703aace1", "resolve_at_us": 1781613645000000}
2026-06-16 13:10:00.00344+00	fire	poly_sniper_v5_btc_15m_ema50_ema800_off600_down	{"mode": "paper", "fired": true, "reason": "paper_fill", "fire_us": 1781615400000000, "direction": "DOWN", "stake_usd": "5", "entry_vwap": "0.9900000000000001021405182651"}
2026-06-16 13:15:45.012523+00	resolve	poly_sniper_v5_btc_15m_ema50_ema800_off600_down	{"won": true, "mode": "paper", "outcome": "down", "pnl_usd": 0.050505050505049984, "direction": "DOWN", "stake_usd": "5", "entry_vwap": "0.9900000000000001021405182651", "event_type": "sleeve_fire_resolved", "slot_end_us": 1781615700000000, "condition_id": "0xf8684dc8adcff498a0ef2b3b23009dee564c08c2a21b81be04dead07827a1767", "resolve_at_us": 1781615745000000}
2026-06-16 13:25:00.002897+00	fire	poly_sniper_v5_btc_15m_ema50_ema800_off600_down	{"mode": "paper", "fired": true, "reason": "paper_fill", "fire_us": 1781616300000000, "direction": "DOWN", "stake_usd": "5", "entry_vwap": "0.6600000000000000310862446891"}
2026-06-16 13:25:00.190586+00	order_placed	kalshi_sniper_btc_15m_ema50_ema800_off600_down_H	{"mode": "paper", "side": "no", "fired": true, "status": "paper", "ticker": "KXBTC15M-26JUN160930-30", "offset_s": 600, "order_id": "paper-kalshi_sniper_btc_15m_ema50_ema800_off600_down_H-1781616300000000", "direction": "DOWN", "entry_ask": 0.64, "entry_vwap": "0.6400000000000000133226762952", "filled_count": 7}
2026-06-16 13:25:05.003395+00	fire	shadow_scalp_exit_btc_5m_d3_v1	{"mode": "paper", "fired": true, "reason": "paper_fill", "fire_us": 1781616305000000, "direction": "DOWN", "stake_usd": "5", "entry_vwap": "0.7199999999999999733546474088"}
2026-06-16 13:30:45.099212+00	resolve	kalshi_sniper_btc_15m_ema50_ema800_off600_down_H	{"won": true, "mode": "paper", "ticker": "KXBTC15M-26JUN160930-30", "outcome": "no", "pnl_usd": 2.8125, "direction": "DOWN", "stake_usd": "5", "entry_vwap": "0.6400000000000000133226762952", "event_type": "sleeve_fire_resolved", "resolve_at_us": 1781616645000000, "window_end_us": 1781616600000000}
2026-06-16 13:31:15.026669+00	resolve	poly_sniper_v5_btc_15m_ema50_ema800_off600_down	{"won": true, "mode": "paper", "outcome": "down", "pnl_usd": 2.5757575757575744, "direction": "DOWN", "stake_usd": "5", "entry_vwap": "0.6600000000000000310862446891", "event_type": "sleeve_fire_resolved", "slot_end_us": 1781616600000000, "condition_id": "0x631a5a3364e8ff47dbe7a311debc13d4b12927543a3c892d8a121d60fcf47477", "resolve_at_us": 1781616645000000}
2026-06-16 13:33:15.072893+00	resolve	shadow_scalp_exit_btc_5m_d3_v1	{"won": true, "mode": "paper", "outcome": "down", "pnl_usd": 1.9444444444444446, "direction": "DOWN", "stake_usd": "5", "entry_vwap": "0.7199999999999999733546474088", "event_type": "sleeve_fire_resolved", "slot_end_us": 1781616600000000, "condition_id": "0x72d45f0d664970d29718c3ea5bb5b711f53b58e12f7fc99cdeb6412ece5a928e", "resolve_at_us": 1781616645000000}
2026-06-16 13:40:00.002578+00	fire	poly_sniper_v5_btc_15m_ema50_ema800_off600_down	{"mode": "paper", "fired": true, "reason": "paper_fill", "fire_us": 1781617200000000, "direction": "DOWN", "stake_usd": "5", "entry_vwap": "0.4000000000000000222044604924"}
2026-06-16 13:40:00.248886+00	order_placed	kalshi_sniper_btc_15m_ema50_ema800_off600_down_H	{"mode": "paper", "side": "no", "fired": true, "status": "paper", "ticker": "KXBTC15M-26JUN160945-45", "offset_s": 600, "order_id": "paper-kalshi_sniper_btc_15m_ema50_ema800_off600_down_H-1781617200000000", "direction": "DOWN", "entry_ask": 0.52, "entry_vwap": "0.5200000000000000177635683938", "filled_count": 9}
2026-06-16 13:45:45.116333+00	resolve	kalshi_sniper_btc_15m_ema50_ema800_off600_down_H	{"won": false, "mode": "paper", "ticker": "KXBTC15M-26JUN160945-45", "outcome": "yes", "pnl_usd": -5.0, "direction": "DOWN", "stake_usd": "5", "entry_vwap": "0.5200000000000000177635683938", "event_type": "sleeve_fire_resolved", "resolve_at_us": 1781617545000000, "window_end_us": 1781617500000000}
2026-06-16 13:46:45.042391+00	resolve	poly_sniper_v5_btc_15m_ema50_ema800_off600_down	{"won": false, "mode": "paper", "outcome": "up", "pnl_usd": -5.0, "direction": "DOWN", "stake_usd": "5", "entry_vwap": "0.4000000000000000222044604924", "event_type": "sleeve_fire_resolved", "slot_end_us": 1781617500000000, "condition_id": "0x8d8eb6db52308e4d700da2fd997b85cb5cf1d9a28662d5463b0e80177b820742", "resolve_at_us": 1781617545000000}
2026-06-16 13:55:00.004616+00	fire	poly_sniper_v5_btc_15m_ema50_ema800_off600_down	{"mode": "paper", "fired": true, "reason": "paper_fill", "fire_us": 1781618100000000, "direction": "DOWN", "stake_usd": "5", "entry_vwap": "0.8100000000000000532907051816"}
2026-06-16 13:55:00.19+00	order_placed	kalshi_sniper_btc_15m_ema50_ema800_off600_down_H	{"mode": "paper", "side": "no", "fired": true, "status": "paper", "ticker": "KXBTC15M-26JUN161000-00", "offset_s": 600, "order_id": "paper-kalshi_sniper_btc_15m_ema50_ema800_off600_down_H-1781618100000000", "direction": "DOWN", "entry_ask": 0.86, "entry_vwap": "0.8600000000000000976996261666", "filled_count": 5}
2026-06-16 14:00:45.020827+00	resolve	poly_sniper_v5_btc_15m_ema50_ema800_off600_down	{"won": true, "mode": "paper", "outcome": "down", "pnl_usd": 1.1728395061728392, "direction": "DOWN", "stake_usd": "5", "entry_vwap": "0.8100000000000000532907051816", "event_type": "sleeve_fire_resolved", "slot_end_us": 1781618400000000, "condition_id": "0xabfb17581dd887f7109adf52247fb14aba6d99f8226f0d3f10de8dcae8254f27", "resolve_at_us": 1781618445000000}
2026-06-16 14:00:45.09661+00	resolve	kalshi_sniper_btc_15m_ema50_ema800_off600_down_H	{"won": true, "mode": "paper", "ticker": "KXBTC15M-26JUN161000-00", "outcome": "no", "pnl_usd": 0.8139534883720917, "direction": "DOWN", "stake_usd": "5", "entry_vwap": "0.8600000000000000976996261666", "event_type": "sleeve_fire_resolved", "resolve_at_us": 1781618445000000, "window_end_us": 1781618400000000}
2026-06-16 14:05:05.0031+00	fire	shadow_scalp_exit_btc_5m_d3_v1	{"mode": "paper", "fired": true, "reason": "paper_fill", "fire_us": 1781618705000000, "direction": "UP", "stake_usd": "5", "entry_vwap": "0.6100000000000000976996261668"}
2026-06-16 14:10:00.004357+00	fire	poly_sniper_v5_btc_15m_ema50_ema800_off600_down	{"mode": "paper", "fired": true, "reason": "paper_fill", "fire_us": 1781619000000000, "direction": "DOWN", "stake_usd": "5", "entry_vwap": "0.2899999999999999800159855566"}
2026-06-16 14:10:00.195558+00	order_placed	kalshi_sniper_btc_15m_ema50_ema800_off600_down_H	{"mode": "paper", "side": "no", "fired": true, "status": "paper", "ticker": "KXBTC15M-26JUN161015-15", "offset_s": 600, "order_id": "paper-kalshi_sniper_btc_15m_ema50_ema800_off600_down_H-1781619000000000", "direction": "DOWN", "entry_ask": 0.35, "entry_vwap": "0.3499999999999999777955395073", "filled_count": 14}
2026-06-16 14:10:05.002669+00	fire	shadow_scalp_exit_btc_5m_d3_v1	{"mode": "paper", "fired": true, "reason": "paper_fill", "fire_us": 1781619005000000, "direction": "UP", "stake_usd": "5", "entry_vwap": "0.6500000000000000222044604923"}
2026-06-16 14:11:45.03291+00	resolve	shadow_scalp_exit_btc_5m_d3_v1	{"won": false, "mode": "paper", "outcome": "down", "pnl_usd": -5.0, "direction": "UP", "stake_usd": "5", "entry_vwap": "0.6100000000000000976996261668", "event_type": "sleeve_fire_resolved", "slot_end_us": 1781619000000000, "condition_id": "0xcb7d62dd869b931a1f9d5a8f0391d85047f5b2e13684ecfc3f7ebc629a99bb06", "resolve_at_us": 1781619045000000}
2026-06-16 14:15:45.138474+00	resolve	kalshi_sniper_btc_15m_ema50_ema800_off600_down_H	{"won": true, "mode": "paper", "ticker": "KXBTC15M-26JUN161015-15", "outcome": "no", "pnl_usd": 9.285714285714286, "direction": "DOWN", "stake_usd": "5", "entry_vwap": "0.3499999999999999777955395073", "event_type": "sleeve_fire_resolved", "resolve_at_us": 1781619345000000, "window_end_us": 1781619300000000}
2026-06-16 14:18:15.107716+00	resolve	shadow_scalp_exit_btc_5m_d3_v1	{"won": false, "mode": "paper", "outcome": "down", "pnl_usd": -5.0, "direction": "UP", "stake_usd": "5", "entry_vwap": "0.6500000000000000222044604923", "event_type": "sleeve_fire_resolved", "slot_end_us": 1781619300000000, "condition_id": "0x705a3e0041d4f901729592a21fd2c45097d54c3b7468d47d6fde8bed0f0ea4dc", "resolve_at_us": 1781619345000000}
2026-06-16 14:18:45.111979+00	resolve	poly_sniper_v5_btc_15m_ema50_ema800_off600_down	{"won": true, "mode": "paper", "outcome": "down", "pnl_usd": 12.241379310344827, "direction": "DOWN", "stake_usd": "5", "entry_vwap": "0.2899999999999999800159855566", "event_type": "sleeve_fire_resolved", "slot_end_us": 1781619300000000, "condition_id": "0x117e2abd32370f8e50fa86a149a2cfbd485f95fb7a7209e50644c0c5f05c6906", "resolve_at_us": 1781619345000000}
2026-06-16 14:20:05.003983+00	fire	shadow_scalp_exit_btc_5m_d3_v1	{"mode": "paper", "fired": true, "reason": "paper_fill", "fire_us": 1781619605000000, "direction": "UP", "stake_usd": "5", "entry_vwap": "0.6100000000000000976996261668"}
2026-06-16 14:25:00.002996+00	fire	poly_sniper_v5_btc_15m_ema50_ema800_off600_down	{"mode": "paper", "fired": true, "reason": "paper_fill", "fire_us": 1781619900000000, "direction": "DOWN", "stake_usd": "5", "entry_vwap": "0.9799999999999999822364316056"}
2026-06-16 14:27:15.038725+00	resolve	shadow_scalp_exit_btc_5m_d3_v1	{"won": false, "mode": "paper", "outcome": "down", "pnl_usd": -5.0, "direction": "UP", "stake_usd": "5", "entry_vwap": "0.6100000000000000976996261668", "event_type": "sleeve_fire_resolved", "slot_end_us": 1781619900000000, "condition_id": "0xa581d93b2fc7c8d1d2a2b74a65c156d1ece24ee260596368e7d9c96ec994a44f", "resolve_at_us": 1781619945000000}
2026-06-16 14:30:05.002569+00	fire	shadow_scalp_exit_btc_5m_d3_v1	{"mode": "paper", "fired": true, "reason": "paper_fill", "fire_us": 1781620205000000, "direction": "UP", "stake_usd": "5", "entry_vwap": "0.6199999999999999955591079013"}
2026-06-16 14:31:00.20792+00	order_placed	kalshi_scalp_exit_btc_15m_d3_v1	{"mode": "paper", "side": "yes", "fired": true, "status": "paper", "ticker": "KXBTC15M-26JUN161045-45", "offset_s": 60, "order_id": "paper-kalshi_scalp_exit_btc_15m_d3_v1-1781620260000000", "direction": "UP", "entry_ask": 0.52, "entry_vwap": "0.5200000000000000177635683938", "filled_count": 9}
2026-06-16 14:31:15.023987+00	resolve	poly_sniper_v5_btc_15m_ema50_ema800_off600_down	{"won": true, "mode": "paper", "outcome": "down", "pnl_usd": 0.10204081632653013, "direction": "DOWN", "stake_usd": "5", "entry_vwap": "0.9799999999999999822364316056", "event_type": "sleeve_fire_resolved", "slot_end_us": 1781620200000000, "condition_id": "0xc59c0b5ead9ece6cdf504029d2a6889996bb8add2c27555841c30afb13d9596e", "resolve_at_us": 1781620245000000}
2026-06-16 14:32:01.972442+00	resolve	kalshi_scalp_exit_btc_15m_d3_v1	{"mode": "paper", "shares": 9, "ticker": "KXBTC15M-26JUN161045-45", "direction": "UP", "exit_type": "scalp_time", "fill_vwap": 0.52, "sell_vwap": 0.27, "realized_pnl": -2.25, "suppress_settlement": true}
2026-06-16 14:36:15.019529+00	resolve	shadow_scalp_exit_btc_5m_d3_v1	{"won": false, "mode": "paper", "outcome": "down", "pnl_usd": -5.0, "direction": "UP", "stake_usd": "5", "entry_vwap": "0.6199999999999999955591079013", "event_type": "sleeve_fire_resolved", "slot_end_us": 1781620500000000, "condition_id": "0xde1320dda0a1f9ce2e9e211e357c274dd635471854220058c9c5d19c2343e7b1", "resolve_at_us": 1781620545000000}
2026-06-16 14:40:00.00336+00	fire	poly_sniper_v5_btc_15m_ema50_ema800_off600_down	{"mode": "paper", "fired": true, "reason": "paper_fill", "fire_us": 1781620800000000, "direction": "DOWN", "stake_usd": "5", "entry_vwap": "0.2399999999999999633626401873"}
2026-06-16 14:40:00.190669+00	order_placed	kalshi_sniper_btc_15m_ema50_ema800_off600_down_H	{"mode": "paper", "side": "no", "fired": true, "status": "paper", "ticker": "KXBTC15M-26JUN161045-45", "offset_s": 600, "order_id": "paper-kalshi_sniper_btc_15m_ema50_ema800_off600_down_H-1781620800000000", "direction": "DOWN", "entry_ask": 0.4, "entry_vwap": "0.4000000000000000222044604924", "filled_count": 12}
2026-06-16 14:45:45.010617+00	resolve	poly_sniper_v5_btc_15m_ema50_ema800_off600_down	{"won": false, "mode": "paper", "outcome": "up", "pnl_usd": -5.0, "direction": "DOWN", "stake_usd": "5", "entry_vwap": "0.2399999999999999633626401873", "event_type": "sleeve_fire_resolved", "slot_end_us": 1781621100000000, "condition_id": "0xf16cd08e29b5966c7da43221e75aef07de2b360dc779e6cb00c00facef00f047", "resolve_at_us": 1781621145000000}
2026-06-16 14:45:45.0945+00	resolve	kalshi_sniper_btc_15m_ema50_ema800_off600_down_H	{"won": false, "mode": "paper", "ticker": "KXBTC15M-26JUN161045-45", "outcome": "yes", "pnl_usd": -5.0, "direction": "DOWN", "stake_usd": "5", "entry_vwap": "0.4000000000000000222044604924", "event_type": "sleeve_fire_resolved", "resolve_at_us": 1781621145000000, "window_end_us": 1781621100000000}
2026-06-16 14:55:00.002969+00	fire	poly_sniper_v5_btc_15m_ema50_ema800_off600_down	{"mode": "paper", "fired": true, "reason": "paper_fill", "fire_us": 1781621700000000, "direction": "DOWN", "stake_usd": "5", "entry_vwap": "0.4799999999999999267252803745"}
2026-06-16 14:55:00.105491+00	order_placed	kalshi_sniper_btc_15m_ema50_ema800_off600_down_H	{"mode": "paper", "side": "no", "fired": true, "status": "paper", "ticker": "KXBTC15M-26JUN161100-00", "offset_s": 600, "order_id": "paper-kalshi_sniper_btc_15m_ema50_ema800_off600_down_H-1781621700000000", "direction": "DOWN", "entry_ask": 0.43000000000000005, "entry_vwap": "0.4300000000000000488498130833", "filled_count": 11}
2026-06-16 15:00:45.096962+00	resolve	kalshi_sniper_btc_15m_ema50_ema800_off600_down_H	{"won": true, "mode": "paper", "ticker": "KXBTC15M-26JUN161100-00", "outcome": "no", "pnl_usd": 6.627906976744183, "direction": "DOWN", "stake_usd": "5", "entry_vwap": "0.4300000000000000488498130833", "event_type": "sleeve_fire_resolved", "resolve_at_us": 1781622045000000, "window_end_us": 1781622000000000}
2026-06-16 15:01:45.034021+00	resolve	poly_sniper_v5_btc_15m_ema50_ema800_off600_down	{"won": true, "mode": "paper", "outcome": "down", "pnl_usd": 5.416666666666668, "direction": "DOWN", "stake_usd": "5", "entry_vwap": "0.4799999999999999267252803745", "event_type": "sleeve_fire_resolved", "slot_end_us": 1781622000000000, "condition_id": "0x9150eaebe5c9b60e316f11db7894664c79df2a29fa74d0f61d9c58526317620d", "resolve_at_us": 1781622045000000}
2026-06-16 15:50:05.03894+00	fire	shadow_scalp_exit_btc_5m_d3_v1	{"mode": "paper", "fired": true, "reason": "paper_fill", "fire_us": 1781625005000000, "direction": "UP", "stake_usd": "5", "entry_vwap": "0.6100000000000000976996261668"}
2026-06-16 15:55:05.005483+00	fire	shadow_scalp_exit_btc_5m_d3_v1	{"mode": "paper", "fired": true, "reason": "paper_fill", "fire_us": 1781625305000000, "direction": "UP", "stake_usd": "5", "entry_vwap": "0.5999999999999999777955395073"}
2026-06-16 15:57:15.039091+00	resolve	shadow_scalp_exit_btc_5m_d3_v1	{"won": true, "mode": "paper", "outcome": "up", "pnl_usd": 3.1967213114754087, "direction": "UP", "stake_usd": "5", "entry_vwap": "0.6100000000000000976996261668", "event_type": "sleeve_fire_resolved", "slot_end_us": 1781625300000000, "condition_id": "0xde9bcb057f653347fb7b253d309d8faf9ec10ffb4b4ea65b09313a1a74dcb4f3", "resolve_at_us": 1781625345000000}
2026-06-16 16:10:00.006541+00	fire	poly_sniper_v5_btc_15m_ema50_ema800_off600_down	{"mode": "paper", "fired": true, "reason": "paper_fill", "fire_us": 1781626200000000, "direction": "DOWN", "stake_usd": "5", "entry_vwap": "0.6300000000000000044408920983"}
2026-06-16 16:10:00.190749+00	order_placed	kalshi_sniper_btc_15m_ema50_ema800_off600_down_H	{"mode": "paper", "side": "no", "fired": true, "status": "paper", "ticker": "KXBTC15M-26JUN161215-15", "offset_s": 600, "order_id": "paper-kalshi_sniper_btc_15m_ema50_ema800_off600_down_H-1781626200000000", "direction": "DOWN", "entry_ask": 0.83, "entry_vwap": "0.8299999999999999600319711132", "filled_count": 6}
2026-06-16 16:15:45.119041+00	resolve	kalshi_sniper_btc_15m_ema50_ema800_off600_down_H	{"won": true, "mode": "paper", "ticker": "KXBTC15M-26JUN161215-15", "outcome": "no", "pnl_usd": 1.024096385542169, "direction": "DOWN", "stake_usd": "5", "entry_vwap": "0.8299999999999999600319711132", "event_type": "sleeve_fire_resolved", "resolve_at_us": 1781626545000000, "window_end_us": 1781626500000000}
2026-06-16 16:16:45.025737+00	resolve	poly_sniper_v5_btc_15m_ema50_ema800_off600_down	{"won": true, "mode": "paper", "outcome": "down", "pnl_usd": 2.9365079365079367, "direction": "DOWN", "stake_usd": "5", "entry_vwap": "0.6300000000000000044408920983", "event_type": "sleeve_fire_resolved", "slot_end_us": 1781626500000000, "condition_id": "0x613519ff3f5518e9ba0c5d91d8fe1c6070d412ceb9a5e72a0d7ad65351425335", "resolve_at_us": 1781626545000000}
2026-06-16 16:25:00.001984+00	fire	poly_sniper_v5_btc_15m_ema50_ema800_off600_down	{"mode": "paper", "fired": true, "reason": "paper_fill", "fire_us": 1781627100000000, "direction": "DOWN", "stake_usd": "5", "entry_vwap": "0.3499999999999999777955395073"}
2026-06-16 16:25:00.183581+00	order_placed	kalshi_sniper_btc_15m_ema50_ema800_off600_down_H	{"mode": "paper", "side": "no", "fired": true, "status": "paper", "ticker": "KXBTC15M-26JUN161230-30", "offset_s": 600, "order_id": "paper-kalshi_sniper_btc_15m_ema50_ema800_off600_down_H-1781627100000000", "direction": "DOWN", "entry_ask": 0.48, "entry_vwap": "0.4799999999999999267252803745", "filled_count": 10}
2026-06-16 16:30:45.099002+00	resolve	kalshi_sniper_btc_15m_ema50_ema800_off600_down_H	{"won": true, "mode": "paper", "ticker": "KXBTC15M-26JUN161230-30", "outcome": "no", "pnl_usd": 5.416666666666668, "direction": "DOWN", "stake_usd": "5", "entry_vwap": "0.4799999999999999267252803745", "event_type": "sleeve_fire_resolved", "resolve_at_us": 1781627445000000, "window_end_us": 1781627400000000}
2026-06-16 16:34:45.082059+00	resolve	poly_sniper_v5_btc_15m_ema50_ema800_off600_down	{"won": false, "mode": "paper", "outcome": "up", "pnl_usd": -5.0, "direction": "DOWN", "stake_usd": "5", "entry_vwap": "0.3499999999999999777955395073", "event_type": "sleeve_fire_resolved", "slot_end_us": 1781627400000000, "condition_id": "0x2b7297541a4e1fa4c784da52d40c708fb9937280dec2866e7b9428bdb505c92a", "resolve_at_us": 1781627445000000}
2026-06-16 16:55:00.003099+00	fire	poly_sniper_v5_btc_15m_ema50_ema800_off600_down	{"mode": "paper", "fired": true, "reason": "paper_fill", "fire_us": 1781628900000000, "direction": "DOWN", "stake_usd": "5", "entry_vwap": "0.9100000000000000310862446891"}
2026-06-16 17:01:15.018564+00	resolve	poly_sniper_v5_btc_15m_ema50_ema800_off600_down	{"won": true, "mode": "paper", "outcome": "down", "pnl_usd": 0.49450549450549436, "direction": "DOWN", "stake_usd": "5", "entry_vwap": "0.9100000000000000310862446891", "event_type": "sleeve_fire_resolved", "slot_end_us": 1781629200000000, "condition_id": "0x760e7e24b49255529fea630818d7efaefc5a335e401bac36e5dd4145b2ff8d1b", "resolve_at_us": 1781629245000000}
2026-06-16 17:10:00.001671+00	fire	poly_sniper_v5_btc_15m_ema50_ema800_off600_down	{"mode": "paper", "fired": true, "reason": "paper_fill", "fire_us": 1781629800000000, "direction": "DOWN", "stake_usd": "5", "entry_vwap": "0.4400000000000000022204460491"}
2026-06-16 17:10:00.184678+00	order_placed	kalshi_sniper_btc_15m_ema50_ema800_off600_down_H	{"mode": "paper", "side": "no", "fired": true, "status": "paper", "ticker": "KXBTC15M-26JUN161315-15", "offset_s": 600, "order_id": "paper-kalshi_sniper_btc_15m_ema50_ema800_off600_down_H-1781629800000000", "direction": "DOWN", "entry_ask": 0.5, "entry_vwap": "0.5", "filled_count": 10}
2026-06-16 17:15:45.095317+00	resolve	kalshi_sniper_btc_15m_ema50_ema800_off600_down_H	{"won": false, "mode": "paper", "ticker": "KXBTC15M-26JUN161315-15", "outcome": "yes", "pnl_usd": -5.0, "direction": "DOWN", "stake_usd": "5", "entry_vwap": "0.5", "event_type": "sleeve_fire_resolved", "resolve_at_us": 1781630145000000, "window_end_us": 1781630100000000}
2026-06-16 17:16:45.026601+00	resolve	poly_sniper_v5_btc_15m_ema50_ema800_off600_down	{"won": false, "mode": "paper", "outcome": "up", "pnl_usd": -5.0, "direction": "DOWN", "stake_usd": "5", "entry_vwap": "0.4400000000000000022204460491", "event_type": "sleeve_fire_resolved", "slot_end_us": 1781630100000000, "condition_id": "0x2f7fb9a91436f09a098ecef5cabde1294f52a78b64e5ac5932e416ba65bd37d2", "resolve_at_us": 1781630145000000}
2026-06-16 17:25:00.003036+00	fire	poly_sniper_v5_btc_15m_ema50_ema800_off600_down	{"mode": "paper", "fired": true, "reason": "paper_fill", "fire_us": 1781630700000000, "direction": "DOWN", "stake_usd": "5", "entry_vwap": "0.3900000000000000133226762953"}
2026-06-16 17:34:45.080838+00	resolve	poly_sniper_v5_btc_15m_ema50_ema800_off600_down	{"won": true, "mode": "paper", "outcome": "down", "pnl_usd": 7.820512820512819, "direction": "DOWN", "stake_usd": "5", "entry_vwap": "0.3900000000000000133226762953", "event_type": "sleeve_fire_resolved", "slot_end_us": 1781631000000000, "condition_id": "0x2c8cd9d80974fe7cb1074534b616e22c987695638b3e37e6654adeb16e03c33f", "resolve_at_us": 1781631045000000}
2026-06-16 17:40:00.003018+00	fire	poly_sniper_v5_btc_15m_ema50_ema800_off600_down	{"mode": "paper", "fired": true, "reason": "paper_fill", "fire_us": 1781631600000000, "direction": "DOWN", "stake_usd": "5", "entry_vwap": "0.5899999999999999689137553103"}
2026-06-16 17:40:00.184431+00	order_placed	kalshi_sniper_btc_15m_ema50_ema800_off600_down_H	{"mode": "paper", "side": "no", "fired": true, "status": "paper", "ticker": "KXBTC15M-26JUN161345-45", "offset_s": 600, "order_id": "paper-kalshi_sniper_btc_15m_ema50_ema800_off600_down_H-1781631600000000", "direction": "DOWN", "entry_ask": 0.63, "entry_vwap": "0.6300000000000000044408920983", "filled_count": 7}
2026-06-16 17:45:45.008348+00	resolve	poly_sniper_v5_btc_15m_ema50_ema800_off600_down	{"won": false, "mode": "paper", "outcome": "up", "pnl_usd": -5.0, "direction": "DOWN", "stake_usd": "5", "entry_vwap": "0.5899999999999999689137553103", "event_type": "sleeve_fire_resolved", "slot_end_us": 1781631900000000, "condition_id": "0x324335ba3536b653f4b53542f0465e5e4ccee7719ed9b2cb8848b72dc3f4ed76", "resolve_at_us": 1781631945000000}
2026-06-16 17:45:45.10605+00	resolve	kalshi_sniper_btc_15m_ema50_ema800_off600_down_H	{"won": true, "mode": "paper", "ticker": "KXBTC15M-26JUN161345-45", "outcome": "no", "pnl_usd": 2.9365079365079367, "direction": "DOWN", "stake_usd": "5", "entry_vwap": "0.6300000000000000044408920983", "event_type": "sleeve_fire_resolved", "resolve_at_us": 1781631945000000, "window_end_us": 1781631900000000}
2026-06-16 18:25:00.002812+00	fire	poly_sniper_v5_btc_15m_ema50_ema800_off600_down	{"mode": "paper", "fired": true, "reason": "paper_fill", "fire_us": 1781634300000000, "direction": "DOWN", "stake_usd": "5", "entry_vwap": "0.9979999999999999982236431602"}
2026-06-16 18:30:45.013641+00	resolve	poly_sniper_v5_btc_15m_ema50_ema800_off600_down	{"won": true, "mode": "paper", "outcome": "down", "pnl_usd": 0.010020040080159772, "direction": "DOWN", "stake_usd": "5", "entry_vwap": "0.9979999999999999982236431602", "event_type": "sleeve_fire_resolved", "slot_end_us": 1781634600000000, "condition_id": "0x61322e1798bfde031489367f19e463244bb39a1882a6a24a6a23a5032022efbf", "resolve_at_us": 1781634645000000}
2026-06-16 18:40:00.002679+00	fire	poly_sniper_v5_btc_15m_ema50_ema800_off600_down	{"mode": "paper", "fired": true, "reason": "paper_fill", "fire_us": 1781635200000000, "direction": "DOWN", "stake_usd": "5", "entry_vwap": "0.8800000000000000044408920982"}
2026-06-16 18:40:00.201303+00	order_placed	kalshi_sniper_btc_15m_ema50_ema800_off600_down_H	{"mode": "paper", "side": "no", "fired": true, "status": "paper", "ticker": "KXBTC15M-26JUN161445-45", "offset_s": 600, "order_id": "paper-kalshi_sniper_btc_15m_ema50_ema800_off600_down_H-1781635200000000", "direction": "DOWN", "entry_ask": 0.89, "entry_vwap": "0.8900000000000001243449787578", "filled_count": 5}
2026-06-16 18:45:45.008675+00	resolve	poly_sniper_v5_btc_15m_ema50_ema800_off600_down	{"won": true, "mode": "paper", "outcome": "down", "pnl_usd": 0.681818181818181, "direction": "DOWN", "stake_usd": "5", "entry_vwap": "0.8800000000000000044408920982", "event_type": "sleeve_fire_resolved", "slot_end_us": 1781635500000000, "condition_id": "0x3de869b56a30cad442c41563f57d4f42ca2b79a7aab0a6ca006914d1e93aae52", "resolve_at_us": 1781635545000000}
2026-06-16 18:45:45.113964+00	resolve	kalshi_sniper_btc_15m_ema50_ema800_off600_down_H	{"won": true, "mode": "paper", "ticker": "KXBTC15M-26JUN161445-45", "outcome": "no", "pnl_usd": 0.6179775280898869, "direction": "DOWN", "stake_usd": "5", "entry_vwap": "0.8900000000000001243449787578", "event_type": "sleeve_fire_resolved", "resolve_at_us": 1781635545000000, "window_end_us": 1781635500000000}
2026-06-16 18:55:00.002947+00	fire	poly_sniper_v5_btc_15m_ema50_ema800_off600_down	{"mode": "paper", "fired": true, "reason": "paper_fill", "fire_us": 1781636100000000, "direction": "DOWN", "stake_usd": "5", "entry_vwap": "0.2999999999999999888977697536"}
2026-06-16 18:55:00.189059+00	order_placed	kalshi_sniper_btc_15m_ema50_ema800_off600_down_H	{"mode": "paper", "side": "no", "fired": true, "status": "paper", "ticker": "KXBTC15M-26JUN161500-00", "offset_s": 600, "order_id": "paper-kalshi_sniper_btc_15m_ema50_ema800_off600_down_H-1781636100000000", "direction": "DOWN", "entry_ask": 0.31999999999999995, "entry_vwap": "0.3199999999999999511501869164", "filled_count": 15}
2026-06-16 19:00:45.097571+00	resolve	kalshi_sniper_btc_15m_ema50_ema800_off600_down_H	{"won": true, "mode": "paper", "ticker": "KXBTC15M-26JUN161500-00", "outcome": "no", "pnl_usd": 10.625000000000002, "direction": "DOWN", "stake_usd": "5", "entry_vwap": "0.3199999999999999511501869164", "event_type": "sleeve_fire_resolved", "resolve_at_us": 1781636445000000, "window_end_us": 1781636400000000}
2026-06-16 19:04:45.092548+00	resolve	poly_sniper_v5_btc_15m_ema50_ema800_off600_down	{"won": false, "mode": "paper", "outcome": "up", "pnl_usd": -5.0, "direction": "DOWN", "stake_usd": "5", "entry_vwap": "0.2999999999999999888977697536", "event_type": "sleeve_fire_resolved", "slot_end_us": 1781636400000000, "condition_id": "0x5ed799b9716161b9fedaffbee0f74d94e6b105c4126e91ff3caff5cad8c6896b", "resolve_at_us": 1781636445000000}
2026-06-16 19:10:00.002424+00	fire	poly_sniper_v5_btc_15m_ema50_ema800_off600_down	{"mode": "paper", "fired": true, "reason": "paper_fill", "fire_us": 1781637000000000, "direction": "DOWN", "stake_usd": "5", "entry_vwap": "0.8760000000000000008881784193"}
2026-06-16 19:10:00.355801+00	order_placed	kalshi_sniper_btc_15m_ema50_ema800_off600_down_H	{"mode": "paper", "side": "no", "fired": true, "status": "paper", "ticker": "KXBTC15M-26JUN161515-15", "offset_s": 600, "order_id": "paper-kalshi_sniper_btc_15m_ema50_ema800_off600_down_H-1781637000000000", "direction": "DOWN", "entry_ask": 0.901, "entry_vwap": "0.9010000000000000230926389118", "filled_count": 5}
2026-06-16 19:15:45.098967+00	resolve	kalshi_sniper_btc_15m_ema50_ema800_off600_down_H	{"won": true, "mode": "paper", "ticker": "KXBTC15M-26JUN161515-15", "outcome": "no", "pnl_usd": 0.5493895671476129, "direction": "DOWN", "stake_usd": "5", "entry_vwap": "0.9010000000000000230926389118", "event_type": "sleeve_fire_resolved", "resolve_at_us": 1781637345000000, "window_end_us": 1781637300000000}
2026-06-16 19:16:45.038918+00	resolve	poly_sniper_v5_btc_15m_ema50_ema800_off600_down	{"won": true, "mode": "paper", "outcome": "down", "pnl_usd": 0.7077625570776256, "direction": "DOWN", "stake_usd": "5", "entry_vwap": "0.8760000000000000008881784193", "event_type": "sleeve_fire_resolved", "slot_end_us": 1781637300000000, "condition_id": "0x2cf2dfce6efb423bcf7381f52b8f876ffc58422d1d3af6a381b827710cfa6bdb", "resolve_at_us": 1781637345000000}
2026-06-16 19:25:00.002844+00	fire	poly_sniper_v5_btc_15m_ema50_ema800_off600_down	{"mode": "paper", "fired": true, "reason": "paper_fill", "fire_us": 1781637900000000, "direction": "DOWN", "stake_usd": "5", "entry_vwap": "0.3400000000000000244249065416"}
2026-06-16 19:25:00.346752+00	order_placed	kalshi_sniper_btc_15m_ema50_ema800_off600_down_H	{"mode": "paper", "side": "no", "fired": true, "status": "paper", "ticker": "KXBTC15M-26JUN161530-30", "offset_s": 600, "order_id": "paper-kalshi_sniper_btc_15m_ema50_ema800_off600_down_H-1781637900000000", "direction": "DOWN", "entry_ask": 0.36, "entry_vwap": "0.3599999999999999866773237044", "filled_count": 13}
2026-06-16 19:30:45.011878+00	resolve	poly_sniper_v5_btc_15m_ema50_ema800_off600_down	{"won": false, "mode": "paper", "outcome": "up", "pnl_usd": -5.0, "direction": "DOWN", "stake_usd": "5", "entry_vwap": "0.3400000000000000244249065416", "event_type": "sleeve_fire_resolved", "slot_end_us": 1781638200000000, "condition_id": "0x05c3351ea5ffa747426876ce78725e9f47d353bb17efbe2767a353039b2b6e4f", "resolve_at_us": 1781638245000000}
2026-06-16 19:30:45.096456+00	resolve	kalshi_sniper_btc_15m_ema50_ema800_off600_down_H	{"won": false, "mode": "paper", "ticker": "KXBTC15M-26JUN161530-30", "outcome": "yes", "pnl_usd": -5.0, "direction": "DOWN", "stake_usd": "5", "entry_vwap": "0.3599999999999999866773237044", "event_type": "sleeve_fire_resolved", "resolve_at_us": 1781638245000000, "window_end_us": 1781638200000000}
2026-06-16 19:40:00.002966+00	fire	poly_sniper_v5_btc_15m_ema50_ema800_off600_down	{"mode": "paper", "fired": true, "reason": "paper_fill", "fire_us": 1781638800000000, "direction": "DOWN", "stake_usd": "5", "entry_vwap": "0.9300000000000000488498130831"}
2026-06-16 19:45:05.003063+00	fire	shadow_scalp_exit_btc_5m_d3_v1	{"mode": "paper", "fired": true, "reason": "paper_fill", "fire_us": 1781639105000000, "direction": "UP", "stake_usd": "5", "entry_vwap": "0.6800000000000000488498130833"}
2026-06-16 19:45:45.008196+00	resolve	poly_sniper_v5_btc_15m_ema50_ema800_off600_down	{"won": true, "mode": "paper", "outcome": "down", "pnl_usd": 0.3763440860215051, "direction": "DOWN", "stake_usd": "5", "entry_vwap": "0.9300000000000000488498130831", "event_type": "sleeve_fire_resolved", "slot_end_us": 1781639100000000, "condition_id": "0xa8db0b97ad2ae2d07e22f0eb34bc23589830573b47453f2890a7a0fed0ae210b", "resolve_at_us": 1781639145000000}
2026-06-16 19:50:05.002891+00	fire	shadow_scalp_exit_btc_5m_d3_v1	{"mode": "paper", "fired": true, "reason": "paper_fill", "fire_us": 1781639405000000, "direction": "UP", "stake_usd": "5", "entry_vwap": "0.6800000000000000488498130833"}
2026-06-16 19:52:15.034858+00	resolve	shadow_scalp_exit_btc_5m_d3_v1	{"won": true, "mode": "paper", "outcome": "up", "pnl_usd": 2.352941176470588, "direction": "UP", "stake_usd": "5", "entry_vwap": "0.6800000000000000488498130833", "event_type": "sleeve_fire_resolved", "slot_end_us": 1781639400000000, "condition_id": "0x2292342fce283424010dce231743b54d71bdb868d4942770efb5e4ea60b0a9f2", "resolve_at_us": 1781639445000000}
2026-06-16 19:55:00.003215+00	fire	poly_sniper_v5_btc_15m_ema50_ema800_off600_down	{"mode": "paper", "fired": true, "reason": "paper_fill", "fire_us": 1781639700000000, "direction": "DOWN", "stake_usd": "5", "entry_vwap": "0.7216861752609933233770789227"}
2026-06-16 19:55:00.112185+00	order_placed	kalshi_sniper_btc_15m_ema50_ema800_off600_down_H	{"mode": "paper", "side": "no", "fired": true, "status": "paper", "ticker": "KXBTC15M-26JUN161600-00", "offset_s": 600, "order_id": "paper-kalshi_sniper_btc_15m_ema50_ema800_off600_down_H-1781639700000000", "direction": "DOWN", "entry_ask": 0.83, "entry_vwap": "0.8299999999999999600319711132", "filled_count": 6}
2026-06-16 19:56:45.027871+00	resolve	shadow_scalp_exit_btc_5m_d3_v1	{"won": false, "mode": "paper", "outcome": "down", "pnl_usd": -5.0, "direction": "UP", "stake_usd": "5", "entry_vwap": "0.6800000000000000488498130833", "event_type": "sleeve_fire_resolved", "slot_end_us": 1781639700000000, "condition_id": "0x924fabc098c792528cd938a4758ca9a0d7420d00725cfce5cd07d631af026a30", "resolve_at_us": 1781639745000000}
2026-06-16 20:00:05.003481+00	fire	shadow_scalp_exit_btc_5m_d3_v1	{"mode": "paper", "fired": true, "reason": "paper_fill", "fire_us": 1781640005000000, "direction": "DOWN", "stake_usd": "5", "entry_vwap": "0.7099999999999999644728632118"}
2026-06-16 20:00:45.098091+00	resolve	kalshi_sniper_btc_15m_ema50_ema800_off600_down_H	{"won": false, "mode": "paper", "ticker": "KXBTC15M-26JUN161600-00", "outcome": "yes", "pnl_usd": -5.0, "direction": "DOWN", "stake_usd": "5", "entry_vwap": "0.8299999999999999600319711132", "event_type": "sleeve_fire_resolved", "resolve_at_us": 1781640045000000, "window_end_us": 1781640000000000}
2026-06-16 20:01:15.018905+00	resolve	poly_sniper_v5_btc_15m_ema50_ema800_off600_down	{"won": false, "mode": "paper", "outcome": "up", "pnl_usd": -5.0, "direction": "DOWN", "stake_usd": "5", "entry_vwap": "0.7216861752609933233770789227", "event_type": "sleeve_fire_resolved", "slot_end_us": 1781640000000000, "condition_id": "0x1b858b5754cace101477925a14fc8356e3c6bd65461b6cce734d66b9c9ac2a5c", "resolve_at_us": 1781640045000000}
2026-06-16 20:09:45.082444+00	resolve	shadow_scalp_exit_btc_5m_d3_v1	{"won": true, "mode": "paper", "outcome": "down", "pnl_usd": 2.042253521126761, "direction": "DOWN", "stake_usd": "5", "entry_vwap": "0.7099999999999999644728632118", "event_type": "sleeve_fire_resolved", "slot_end_us": 1781640300000000, "condition_id": "0x7a8359a521047a3dd33cbc6ca1fa55ed319f0b5aae563b4ff475725ea695f095", "resolve_at_us": 1781640345000000}
2026-06-16 20:10:00.002984+00	fire	poly_sniper_v5_btc_15m_ema50_ema800_off600_down	{"mode": "paper", "fired": true, "reason": "paper_fill", "fire_us": 1781640600000000, "direction": "DOWN", "stake_usd": "5", "entry_vwap": "0.6199999999999999955591079013"}
2026-06-16 20:16:15.019469+00	resolve	poly_sniper_v5_btc_15m_ema50_ema800_off600_down	{"won": false, "mode": "paper", "outcome": "up", "pnl_usd": -5.0, "direction": "DOWN", "stake_usd": "5", "entry_vwap": "0.6199999999999999955591079013", "event_type": "sleeve_fire_resolved", "slot_end_us": 1781640900000000, "condition_id": "0x9fd42b394ebfa97f6033032865ae67e64cc88a55f35d78a3fc90d07b445c11f4", "resolve_at_us": 1781640945000000}
2026-06-16 21:05:05.002643+00	fire	shadow_scalp_exit_btc_5m_d3_v1	{"mode": "paper", "fired": true, "reason": "paper_fill", "fire_us": 1781643905000000, "direction": "UP", "stake_usd": "5", "entry_vwap": "0.6700000000000000399680288863"}
2026-06-16 21:13:15.056121+00	resolve	shadow_scalp_exit_btc_5m_d3_v1	{"won": true, "mode": "paper", "outcome": "up", "pnl_usd": 2.4626865671641776, "direction": "UP", "stake_usd": "5", "entry_vwap": "0.6700000000000000399680288863", "event_type": "sleeve_fire_resolved", "slot_end_us": 1781644200000000, "condition_id": "0xa2e77bcace2cfda4d3af6a380785489a09d5a08f8eed7c9eb93de04c1679a9e0", "resolve_at_us": 1781644245000000}
2026-06-16 21:25:00.003812+00	fire	poly_sniper_v5_btc_15m_ema50_ema800_off600_down	{"mode": "paper", "fired": true, "reason": "paper_fill", "fire_us": 1781645100000000, "direction": "DOWN", "stake_usd": "5", "entry_vwap": "0.9900000000000001021405182651"}
2026-06-16 21:30:45.008942+00	resolve	poly_sniper_v5_btc_15m_ema50_ema800_off600_down	{"won": true, "mode": "paper", "outcome": "down", "pnl_usd": 0.050505050505049984, "direction": "DOWN", "stake_usd": "5", "entry_vwap": "0.9900000000000001021405182651", "event_type": "sleeve_fire_resolved", "slot_end_us": 1781645400000000, "condition_id": "0x40e4569ada0d638ef6d306f0f4d299a2073087d1368fbd8143a2fb37589543c8", "resolve_at_us": 1781645445000000}
2026-06-16 21:40:00.00273+00	fire	poly_sniper_v5_btc_15m_ema50_ema800_off600_down	{"mode": "paper", "fired": true, "reason": "paper_fill", "fire_us": 1781646000000000, "direction": "DOWN", "stake_usd": "5", "entry_vwap": "0.9199999999999999289457264236"}
2026-06-16 21:40:05.003108+00	fire	shadow_scalp_exit_btc_5m_d3_v1	{"mode": "paper", "fired": true, "reason": "paper_fill", "fire_us": 1781646005000000, "direction": "UP", "stake_usd": "5", "entry_vwap": "0.7299999999999999822364316058"}
2026-06-16 21:45:45.017739+00	resolve	poly_sniper_v5_btc_15m_ema50_ema800_off600_down	{"won": true, "mode": "paper", "outcome": "down", "pnl_usd": 0.43478260869565255, "direction": "DOWN", "stake_usd": "5", "entry_vwap": "0.9199999999999999289457264236", "event_type": "sleeve_fire_resolved", "slot_end_us": 1781646300000000, "condition_id": "0xeab952a563737725c6df74d17f88525798cd9cf5b7f0509d6ed76ea0dfb995e0", "resolve_at_us": 1781646345000000}
2026-06-16 21:49:15.07481+00	resolve	shadow_scalp_exit_btc_5m_d3_v1	{"won": true, "mode": "paper", "outcome": "up", "pnl_usd": 1.8493150684931507, "direction": "UP", "stake_usd": "5", "entry_vwap": "0.7299999999999999822364316058", "event_type": "sleeve_fire_resolved", "slot_end_us": 1781646300000000, "condition_id": "0xf949ee1065aefa5dceed61e8dbdaf468309ecf91c271294b7e711b90a7f3556c", "resolve_at_us": 1781646345000000}
2026-06-16 22:25:00.003816+00	fire	poly_sniper_v5_btc_15m_ema50_ema800_off600_down	{"mode": "paper", "fired": true, "reason": "paper_fill", "fire_us": 1781648700000000, "direction": "DOWN", "stake_usd": "5", "entry_vwap": "0.9799999999999999822364316056"}
2026-06-16 22:30:45.016129+00	resolve	poly_sniper_v5_btc_15m_ema50_ema800_off600_down	{"won": true, "mode": "paper", "outcome": "down", "pnl_usd": 0.10204081632653013, "direction": "DOWN", "stake_usd": "5", "entry_vwap": "0.9799999999999999822364316056", "event_type": "sleeve_fire_resolved", "slot_end_us": 1781649000000000, "condition_id": "0x78d22633018aa7a0a07d5cc9d04e4486a54f577a71cfdb0aaba0398790ce4980", "resolve_at_us": 1781649045000000}
2026-06-16 22:40:00.002389+00	fire	poly_sniper_v5_btc_15m_ema50_ema800_off600_down	{"mode": "paper", "fired": true, "reason": "paper_fill", "fire_us": 1781649600000000, "direction": "DOWN", "stake_usd": "5", "entry_vwap": "0.7600000000000000088817841968"}
2026-06-16 22:40:00.495701+00	order_placed	kalshi_sniper_btc_15m_ema50_ema800_off600_down_H	{"mode": "paper", "side": "no", "fired": true, "status": "paper", "ticker": "KXBTC15M-26JUN161845-45", "offset_s": 600, "order_id": "paper-kalshi_sniper_btc_15m_ema50_ema800_off600_down_H-1781649600000000", "direction": "DOWN", "entry_ask": 0.8, "entry_vwap": "0.8000000000000000444089209847", "filled_count": 6}
2026-06-16 22:45:45.012336+00	resolve	poly_sniper_v5_btc_15m_ema50_ema800_off600_down	{"won": true, "mode": "paper", "outcome": "down", "pnl_usd": 1.5789473684210515, "direction": "DOWN", "stake_usd": "5", "entry_vwap": "0.7600000000000000088817841968", "event_type": "sleeve_fire_resolved", "slot_end_us": 1781649900000000, "condition_id": "0xad101a5bacbabb2210c621a8b4028e7c32e26973f8e04099f63417b620bca9a2", "resolve_at_us": 1781649945000000}
2026-06-16 22:45:45.099003+00	resolve	kalshi_sniper_btc_15m_ema50_ema800_off600_down_H	{"won": true, "mode": "paper", "ticker": "KXBTC15M-26JUN161845-45", "outcome": "no", "pnl_usd": 1.2499999999999998, "direction": "DOWN", "stake_usd": "5", "entry_vwap": "0.8000000000000000444089209847", "event_type": "sleeve_fire_resolved", "resolve_at_us": 1781649945000000, "window_end_us": 1781649900000000}
2026-06-16 22:55:00.00353+00	fire	poly_sniper_v5_btc_15m_ema50_ema800_off600_down	{"mode": "paper", "fired": true, "reason": "paper_fill", "fire_us": 1781650500000000, "direction": "DOWN", "stake_usd": "5", "entry_vwap": "0.3599999999999999866773237044"}
2026-06-16 22:55:00.102552+00	order_placed	kalshi_sniper_btc_15m_ema50_ema800_off600_down_H	{"mode": "paper", "side": "no", "fired": true, "status": "paper", "ticker": "KXBTC15M-26JUN161900-00", "offset_s": 600, "order_id": "paper-kalshi_sniper_btc_15m_ema50_ema800_off600_down_H-1781650500000000", "direction": "DOWN", "entry_ask": 0.33999999999999997, "entry_vwap": "0.3399999999999999689137553104", "filled_count": 14}
2026-06-16 23:00:45.094265+00	resolve	kalshi_sniper_btc_15m_ema50_ema800_off600_down_H	{"won": false, "mode": "paper", "ticker": "KXBTC15M-26JUN161900-00", "outcome": "yes", "pnl_usd": -5.0, "direction": "DOWN", "stake_usd": "5", "entry_vwap": "0.3399999999999999689137553104", "event_type": "sleeve_fire_resolved", "resolve_at_us": 1781650845000000, "window_end_us": 1781650800000000}
2026-06-16 23:01:15.023503+00	resolve	poly_sniper_v5_btc_15m_ema50_ema800_off600_down	{"won": false, "mode": "paper", "outcome": "up", "pnl_usd": -5.0, "direction": "DOWN", "stake_usd": "5", "entry_vwap": "0.3599999999999999866773237044", "event_type": "sleeve_fire_resolved", "slot_end_us": 1781650800000000, "condition_id": "0x413ea5a0b68122c5b70b4513e1ddc36ea91ca97a432831b9cd905a6645e6a829", "resolve_at_us": 1781650845000000}
2026-06-16 23:25:00.005703+00	fire	poly_sniper_v5_btc_15m_ema50_ema800_off600_down	{"mode": "paper", "fired": true, "reason": "paper_fill", "fire_us": 1781652300000000, "direction": "DOWN", "stake_usd": "5", "entry_vwap": "0.9799999999999999822364316056"}
2026-06-16 23:32:15.047667+00	resolve	poly_sniper_v5_btc_15m_ema50_ema800_off600_down	{"won": true, "mode": "paper", "outcome": "down", "pnl_usd": 0.10204081632653013, "direction": "DOWN", "stake_usd": "5", "entry_vwap": "0.9799999999999999822364316056", "event_type": "sleeve_fire_resolved", "slot_end_us": 1781652600000000, "condition_id": "0xb4250ea500608b28d9802e2b7a150b96af642b51572b2dd90026bba7936b265c", "resolve_at_us": 1781652645000000}
2026-06-16 23:55:00.002555+00	fire	poly_sniper_v5_btc_15m_ema50_ema800_off600_down	{"mode": "paper", "fired": true, "reason": "paper_fill", "fire_us": 1781654100000000, "direction": "DOWN", "stake_usd": "5", "entry_vwap": "0.9000000000000000222044604922"}
2026-06-16 23:55:00.182836+00	order_placed	kalshi_sniper_btc_15m_ema50_ema800_off600_down_H	{"mode": "paper", "side": "no", "fired": true, "status": "paper", "ticker": "KXBTC15M-26JUN162000-00", "offset_s": 600, "order_id": "paper-kalshi_sniper_btc_15m_ema50_ema800_off600_down_H-1781654100000000", "direction": "DOWN", "entry_ask": 0.925, "entry_vwap": "0.9250000000000000444089209847", "filled_count": 5}
2026-06-17 00:00:05.002729+00	fire	shadow_scalp_exit_btc_5m_d3_v1	{"mode": "paper", "fired": true, "reason": "paper_fill", "fire_us": 1781654405000000, "direction": "UP", "stake_usd": "5", "entry_vwap": "0.7199999999999999733546474088"}
2026-06-17 00:00:45.09621+00	resolve	kalshi_sniper_btc_15m_ema50_ema800_off600_down_H	{"won": true, "mode": "paper", "ticker": "KXBTC15M-26JUN162000-00", "outcome": "no", "pnl_usd": 0.4054054054054045, "direction": "DOWN", "stake_usd": "5", "entry_vwap": "0.9250000000000000444089209847", "event_type": "sleeve_fire_resolved", "resolve_at_us": 1781654445000000, "window_end_us": 1781654400000000}
2026-06-17 00:01:45.030689+00	resolve	poly_sniper_v5_btc_15m_ema50_ema800_off600_down	{"won": true, "mode": "paper", "outcome": "down", "pnl_usd": 0.5555555555555554, "direction": "DOWN", "stake_usd": "5", "entry_vwap": "0.9000000000000000222044604922", "event_type": "sleeve_fire_resolved", "slot_end_us": 1781654400000000, "condition_id": "0xcf926a15443ef45b746ae22f09e2b0b3258ad35b05416528a7db9a7aa4cd80ba", "resolve_at_us": 1781654445000000}
2026-06-17 00:05:45.02371+00	resolve	shadow_scalp_exit_btc_5m_d3_v1	{"won": true, "mode": "paper", "outcome": "up", "pnl_usd": 1.9444444444444446, "direction": "UP", "stake_usd": "5", "entry_vwap": "0.7199999999999999733546474088", "event_type": "sleeve_fire_resolved", "slot_end_us": 1781654700000000, "condition_id": "0x73f9c42c0d2c56ac8930293ba539c0a46547b95c87b14fb326b3775a8811054f", "resolve_at_us": 1781654745000000}
2026-06-17 00:25:00.002895+00	fire	poly_sniper_v5_btc_15m_ema50_ema800_off600_down	{"mode": "paper", "fired": true, "reason": "paper_fill", "fire_us": 1781655900000000, "direction": "DOWN", "stake_usd": "5", "entry_vwap": "0.7700000000000000177635683938"}
2026-06-17 00:32:15.044755+00	resolve	poly_sniper_v5_btc_15m_ema50_ema800_off600_down	{"won": true, "mode": "paper", "outcome": "down", "pnl_usd": 1.4935064935064926, "direction": "DOWN", "stake_usd": "5", "entry_vwap": "0.7700000000000000177635683938", "event_type": "sleeve_fire_resolved", "slot_end_us": 1781656200000000, "condition_id": "0xf7446bdd211db00ebd69536c313602ffc0d90493af876ba0e02257ac79f05c31", "resolve_at_us": 1781656245000000}
2026-06-17 00:55:00.002662+00	fire	poly_sniper_v5_btc_15m_ema50_ema800_off600_down	{"mode": "paper", "fired": true, "reason": "paper_fill", "fire_us": 1781657700000000, "direction": "DOWN", "stake_usd": "5", "entry_vwap": "0.9799999999999999822364316056"}
2026-06-17 01:03:45.059642+00	resolve	poly_sniper_v5_btc_15m_ema50_ema800_off600_down	{"won": true, "mode": "paper", "outcome": "down", "pnl_usd": 0.10204081632653013, "direction": "DOWN", "stake_usd": "5", "entry_vwap": "0.9799999999999999822364316056", "event_type": "sleeve_fire_resolved", "slot_end_us": 1781658000000000, "condition_id": "0x498134cf4ec0ce1cd4706a7d3fbeaf9e03a9929faa6adc319aea7f115421afc8", "resolve_at_us": 1781658045000000}
2026-06-17 01:25:00.002365+00	fire	poly_sniper_v5_btc_15m_ema50_ema800_off600_down	{"mode": "paper", "fired": true, "reason": "paper_fill", "fire_us": 1781659500000000, "direction": "DOWN", "stake_usd": "5", "entry_vwap": "0.9979999999999999982236431602"}
2026-06-17 01:30:45.008668+00	resolve	poly_sniper_v5_btc_15m_ema50_ema800_off600_down	{"won": true, "mode": "paper", "outcome": "down", "pnl_usd": 0.010020040080159772, "direction": "DOWN", "stake_usd": "5", "entry_vwap": "0.9979999999999999982236431602", "event_type": "sleeve_fire_resolved", "slot_end_us": 1781659800000000, "condition_id": "0x6d75a445a7848cab5ed15cc851ad2a7091339411e3b171cbfa45f454bea3787a", "resolve_at_us": 1781659845000000}
2026-06-17 01:40:00.002379+00	fire	poly_sniper_v5_btc_15m_ema50_ema800_off600_down	{"mode": "paper", "fired": true, "reason": "paper_fill", "fire_us": 1781660400000000, "direction": "DOWN", "stake_usd": "5", "entry_vwap": "0.0599999999999999908406600468"}
2026-06-17 01:45:45.009352+00	resolve	poly_sniper_v5_btc_15m_ema50_ema800_off600_down	{"won": false, "mode": "paper", "outcome": "up", "pnl_usd": -5.0, "direction": "DOWN", "stake_usd": "5", "entry_vwap": "0.0599999999999999908406600468", "event_type": "sleeve_fire_resolved", "slot_end_us": 1781660700000000, "condition_id": "0x2bd24dc8d9edf23a9785fccc6588c48f16c87e325925db8ef71be4a99282d69d", "resolve_at_us": 1781660745000000}
2026-06-17 02:20:05.003204+00	fire	shadow_scalp_exit_btc_5m_d3_v1	{"mode": "paper", "fired": true, "reason": "paper_fill", "fire_us": 1781662805000000, "direction": "UP", "stake_usd": "5", "entry_vwap": "0.6800000000000000488498130833"}
2026-06-17 02:28:15.058201+00	resolve	shadow_scalp_exit_btc_5m_d3_v1	{"won": true, "mode": "paper", "outcome": "up", "pnl_usd": 2.352941176470588, "direction": "UP", "stake_usd": "5", "entry_vwap": "0.6800000000000000488498130833", "event_type": "sleeve_fire_resolved", "slot_end_us": 1781663100000000, "condition_id": "0x874d90dcacacdaf18f8d3a9154e1336bae95ed8ee3a242461041e4d0ba877909", "resolve_at_us": 1781663145000000}
2026-06-17 02:31:00.504528+00	order_placed	kalshi_scalp_exit_btc_15m_d3_v1	{"mode": "paper", "side": "no", "fired": true, "status": "paper", "ticker": "KXBTC15M-26JUN162245-45", "offset_s": 60, "order_id": "paper-kalshi_scalp_exit_btc_15m_d3_v1-1781663460000000", "direction": "DOWN", "entry_ask": 0.53, "entry_vwap": "0.5300000000000000266453525908", "filled_count": 9}
2026-06-17 02:32:02.372115+00	resolve	kalshi_scalp_exit_btc_15m_d3_v1	{"mode": "paper", "shares": 9, "ticker": "KXBTC15M-26JUN162245-45", "direction": "DOWN", "exit_type": "scalp_time", "fill_vwap": 0.53, "sell_vwap": 0.62, "realized_pnl": 0.8099999999999997, "suppress_settlement": true}
2026-06-17 02:35:05.002764+00	fire	shadow_scalp_exit_btc_5m_d3_v1	{"mode": "paper", "fired": true, "reason": "paper_fill", "fire_us": 1781663705000000, "direction": "DOWN", "stake_usd": "5", "entry_vwap": "0.6600000000000000310862446891"}
2026-06-17 02:40:00.004142+00	fire	poly_sniper_v5_btc_15m_ema50_ema800_off600_down	{"mode": "paper", "fired": true, "reason": "paper_fill", "fire_us": 1781664000000000, "direction": "DOWN", "stake_usd": "5", "entry_vwap": "0.9979999999999999982236431602"}
2026-06-17 02:42:45.052675+00	resolve	shadow_scalp_exit_btc_5m_d3_v1	{"won": true, "mode": "paper", "outcome": "down", "pnl_usd": 2.5757575757575744, "direction": "DOWN", "stake_usd": "5", "entry_vwap": "0.6600000000000000310862446891", "event_type": "sleeve_fire_resolved", "slot_end_us": 1781664000000000, "condition_id": "0x2a6f40ee8e74fde38a33d4f835412c1cda91dc803668aa45c44594d096f7d3f9", "resolve_at_us": 1781664045000000}
2026-06-17 02:45:45.011643+00	resolve	poly_sniper_v5_btc_15m_ema50_ema800_off600_down	{"won": true, "mode": "paper", "outcome": "down", "pnl_usd": 0.010020040080159772, "direction": "DOWN", "stake_usd": "5", "entry_vwap": "0.9979999999999999982236431602", "event_type": "sleeve_fire_resolved", "slot_end_us": 1781664300000000, "condition_id": "0x59d677a6a613392314add39ee4d1f3af36d4e04c0eefba1b2f5de97338c60199", "resolve_at_us": 1781664345000000}
2026-06-17 02:55:00.003441+00	fire	poly_sniper_v5_btc_15m_ema50_ema800_off600_down	{"mode": "paper", "fired": true, "reason": "paper_fill", "fire_us": 1781664900000000, "direction": "DOWN", "stake_usd": "5", "entry_vwap": "0.5400000000000000355271367879"}
2026-06-17 02:55:00.1909+00	order_placed	kalshi_sniper_btc_15m_ema50_ema800_off600_down_H	{"mode": "paper", "side": "no", "fired": true, "status": "paper", "ticker": "KXBTC15M-26JUN162300-00", "offset_s": 600, "order_id": "paper-kalshi_sniper_btc_15m_ema50_ema800_off600_down_H-1781664900000000", "direction": "DOWN", "entry_ask": 0.65, "entry_vwap": "0.6500000000000000222044604923", "filled_count": 7}
2026-06-17 03:00:45.095525+00	resolve	kalshi_sniper_btc_15m_ema50_ema800_off600_down_H	{"won": false, "mode": "paper", "ticker": "KXBTC15M-26JUN162300-00", "outcome": "yes", "pnl_usd": -5.0, "direction": "DOWN", "stake_usd": "5", "entry_vwap": "0.6500000000000000222044604923", "event_type": "sleeve_fire_resolved", "resolve_at_us": 1781665245000000, "window_end_us": 1781665200000000}
2026-06-17 03:04:45.102333+00	resolve	poly_sniper_v5_btc_15m_ema50_ema800_off600_down	{"won": false, "mode": "paper", "outcome": "up", "pnl_usd": -5.0, "direction": "DOWN", "stake_usd": "5", "entry_vwap": "0.5400000000000000355271367879", "event_type": "sleeve_fire_resolved", "slot_end_us": 1781665200000000, "condition_id": "0xd2ca8065c0a80c7200b0a7cf915bbfcf7c9bfbb09868473bef64b7bb3316b136", "resolve_at_us": 1781665245000000}
2026-06-17 03:10:00.002987+00	fire	poly_sniper_v5_btc_15m_ema50_ema800_off600_down	{"mode": "paper", "fired": true, "reason": "paper_fill", "fire_us": 1781665800000000, "direction": "DOWN", "stake_usd": "5", "entry_vwap": "0.9100000000000000310862446891"}
2026-06-17 03:10:00.099022+00	order_placed	kalshi_sniper_btc_15m_ema50_ema800_off600_down_H	{"mode": "paper", "side": "no", "fired": true, "status": "paper", "ticker": "KXBTC15M-26JUN162315-15", "offset_s": 600, "order_id": "paper-kalshi_sniper_btc_15m_ema50_ema800_off600_down_H-1781665800000000", "direction": "DOWN", "entry_ask": 0.917, "entry_vwap": "0.9170000000000000373034936270", "filled_count": 5}
2026-06-17 03:15:45.008553+00	resolve	poly_sniper_v5_btc_15m_ema50_ema800_off600_down	{"won": true, "mode": "paper", "outcome": "down", "pnl_usd": 0.49450549450549436, "direction": "DOWN", "stake_usd": "5", "entry_vwap": "0.9100000000000000310862446891", "event_type": "sleeve_fire_resolved", "slot_end_us": 1781666100000000, "condition_id": "0x5db9efb1a72ddeb6fd0905ea540347da2f6886d130913a9ce6d4b8e54b04f941", "resolve_at_us": 1781666145000000}
2026-06-17 03:15:45.094928+00	resolve	kalshi_sniper_btc_15m_ema50_ema800_off600_down_H	{"won": true, "mode": "paper", "ticker": "KXBTC15M-26JUN162315-15", "outcome": "no", "pnl_usd": 0.4525627044711012, "direction": "DOWN", "stake_usd": "5", "entry_vwap": "0.9170000000000000373034936270", "event_type": "sleeve_fire_resolved", "resolve_at_us": 1781666145000000, "window_end_us": 1781666100000000}
2026-06-17 03:25:00.00319+00	fire	poly_sniper_v5_btc_15m_ema50_ema800_off600_down	{"mode": "paper", "fired": true, "reason": "paper_fill", "fire_us": 1781666700000000, "direction": "DOWN", "stake_usd": "5", "entry_vwap": "0.9499999999999999555910790146"}
2026-06-17 03:32:15.03838+00	resolve	poly_sniper_v5_btc_15m_ema50_ema800_off600_down	{"won": true, "mode": "paper", "outcome": "down", "pnl_usd": 0.26315789473684237, "direction": "DOWN", "stake_usd": "5", "entry_vwap": "0.9499999999999999555910790146", "event_type": "sleeve_fire_resolved", "slot_end_us": 1781667000000000, "condition_id": "0x60c6adbf9a81fdd0d68e6824620fff4d1c5dbf816e9c2156e55cad63e416b7ab", "resolve_at_us": 1781667045000000}
2026-06-17 03:40:00.003467+00	fire	poly_sniper_v5_btc_15m_ema50_ema800_off600_down	{"mode": "paper", "fired": true, "reason": "paper_fill", "fire_us": 1781667600000000, "direction": "DOWN", "stake_usd": "5", "entry_vwap": "0.1799999999999999933386618522"}
2026-06-17 03:46:15.019936+00	resolve	poly_sniper_v5_btc_15m_ema50_ema800_off600_down	{"won": false, "mode": "paper", "outcome": "up", "pnl_usd": -5.0, "direction": "DOWN", "stake_usd": "5", "entry_vwap": "0.1799999999999999933386618522", "event_type": "sleeve_fire_resolved", "slot_end_us": 1781667900000000, "condition_id": "0xf445f738bc8d394fda5681607947ec90d8a4270acf141f640050f454a4a63e05", "resolve_at_us": 1781667945000000}
2026-06-17 03:50:05.008968+00	fire	shadow_scalp_exit_btc_5m_d3_v1	{"mode": "paper", "fired": true, "reason": "paper_fill", "fire_us": 1781668205000000, "direction": "UP", "stake_usd": "5", "entry_vwap": "0.7299999999999999822364316058"}
2026-06-17 03:58:15.051862+00	resolve	shadow_scalp_exit_btc_5m_d3_v1	{"won": true, "mode": "paper", "outcome": "up", "pnl_usd": 1.8493150684931507, "direction": "UP", "stake_usd": "5", "entry_vwap": "0.7299999999999999822364316058", "event_type": "sleeve_fire_resolved", "slot_end_us": 1781668500000000, "condition_id": "0xfc709a04c0b145762fbff116b7c960de4e89ae952de4362f0d8dad833dd39050", "resolve_at_us": 1781668545000000}
2026-06-17 04:31:00.186438+00	order_placed	kalshi_scalp_exit_btc_15m_d3_v1	{"mode": "paper", "side": "no", "fired": true, "status": "paper", "ticker": "KXBTC15M-26JUN170045-45", "offset_s": 60, "order_id": "paper-kalshi_scalp_exit_btc_15m_d3_v1-1781670660000000", "direction": "DOWN", "entry_ask": 0.53, "entry_vwap": "0.5300000000000000266453525908", "filled_count": 9}
2026-06-17 04:32:01.754261+00	resolve	kalshi_scalp_exit_btc_15m_d3_v1	{"mode": "paper", "shares": 9, "ticker": "KXBTC15M-26JUN170045-45", "direction": "DOWN", "exit_type": "scalp_time", "fill_vwap": 0.53, "sell_vwap": 0.43, "realized_pnl": -0.9000000000000004, "suppress_settlement": true}
2026-06-17 05:10:00.002631+00	fire	poly_sniper_v5_btc_15m_ema50_ema800_off600_down	{"mode": "paper", "fired": true, "reason": "paper_fill", "fire_us": 1781673000000000, "direction": "DOWN", "stake_usd": "5", "entry_vwap": "0.9599999999999998534505607490"}
2026-06-17 05:16:00.190395+00	order_placed	kalshi_scalp_exit_btc_15m_d3_v1	{"mode": "paper", "side": "no", "fired": true, "status": "paper", "ticker": "KXBTC15M-26JUN170130-30", "offset_s": 60, "order_id": "paper-kalshi_scalp_exit_btc_15m_d3_v1-1781673360000000", "direction": "DOWN", "entry_ask": 0.53, "entry_vwap": "0.5300000000000000266453525908", "filled_count": 9}
2026-06-17 05:16:45.028356+00	resolve	poly_sniper_v5_btc_15m_ema50_ema800_off600_down	{"won": true, "mode": "paper", "outcome": "down", "pnl_usd": 0.20833333333333354, "direction": "DOWN", "stake_usd": "5", "entry_vwap": "0.9599999999999998534505607490", "event_type": "sleeve_fire_resolved", "slot_end_us": 1781673300000000, "condition_id": "0x1e99c47f0f21ed4fbcdb642bec61f36a1335e37bc2eeb1a6b611c22d6cd4fbd4", "resolve_at_us": 1781673345000000}
2026-06-17 05:17:02.105377+00	resolve	kalshi_scalp_exit_btc_15m_d3_v1	{"mode": "paper", "shares": 9, "ticker": "KXBTC15M-26JUN170130-30", "direction": "DOWN", "exit_type": "scalp_time", "fill_vwap": 0.53, "sell_vwap": 0.56, "realized_pnl": 0.27000000000000024, "suppress_settlement": true}
2026-06-17 05:25:00.003902+00	fire	poly_sniper_v5_btc_15m_ema50_ema800_off600_down	{"mode": "paper", "fired": true, "reason": "paper_fill", "fire_us": 1781673900000000, "direction": "DOWN", "stake_usd": "5", "entry_vwap": "0.6100000000000000976996261668"}
2026-06-17 05:31:45.033629+00	resolve	poly_sniper_v5_btc_15m_ema50_ema800_off600_down	{"won": false, "mode": "paper", "outcome": "up", "pnl_usd": -5.0, "direction": "DOWN", "stake_usd": "5", "entry_vwap": "0.6100000000000000976996261668", "event_type": "sleeve_fire_resolved", "slot_end_us": 1781674200000000, "condition_id": "0x427e8193a04362a6e5bc166f2d749520d5154e3036870d4da71d5acf044797ec", "resolve_at_us": 1781674245000000}
2026-06-17 05:55:00.00272+00	fire	poly_sniper_v5_btc_15m_ema50_ema800_off600_down	{"mode": "paper", "fired": true, "reason": "paper_fill", "fire_us": 1781675700000000, "direction": "DOWN", "stake_usd": "5", "entry_vwap": "0.9969999999999999973354647406"}
2026-06-17 06:00:45.01218+00	resolve	poly_sniper_v5_btc_15m_ema50_ema800_off600_down	{"won": true, "mode": "paper", "outcome": "down", "pnl_usd": 0.01504513540621867, "direction": "DOWN", "stake_usd": "5", "entry_vwap": "0.9969999999999999973354647406", "event_type": "sleeve_fire_resolved", "slot_end_us": 1781676000000000, "condition_id": "0x08a48a06eaa966c9a1d397059a3bcd20f5a10a1467695690d5bf023c42fb234c", "resolve_at_us": 1781676045000000}
2026-06-17 06:40:00.002702+00	fire	poly_sniper_v5_btc_15m_ema50_ema800_off600_down	{"mode": "paper", "fired": true, "reason": "paper_fill", "fire_us": 1781678400000000, "direction": "DOWN", "stake_usd": "5", "entry_vwap": "0.3400000000000000244249065416"}
2026-06-17 06:40:00.187335+00	order_placed	kalshi_sniper_btc_15m_ema50_ema800_off600_down_H	{"mode": "paper", "side": "no", "fired": true, "status": "paper", "ticker": "KXBTC15M-26JUN170245-45", "offset_s": 600, "order_id": "paper-kalshi_sniper_btc_15m_ema50_ema800_off600_down_H-1781678400000000", "direction": "DOWN", "entry_ask": 0.38, "entry_vwap": "0.3800000000000000044408920984", "filled_count": 13}
2026-06-17 06:45:45.008779+00	resolve	poly_sniper_v5_btc_15m_ema50_ema800_off600_down	{"won": true, "mode": "paper", "outcome": "down", "pnl_usd": 9.705882352941174, "direction": "DOWN", "stake_usd": "5", "entry_vwap": "0.3400000000000000244249065416", "event_type": "sleeve_fire_resolved", "slot_end_us": 1781678700000000, "condition_id": "0x2df815ac1d767ef76551c7d1685b0a3a9817fb3394861ecbe9621dfac2a8707a", "resolve_at_us": 1781678745000000}
2026-06-17 06:45:45.097003+00	resolve	kalshi_sniper_btc_15m_ema50_ema800_off600_down_H	{"won": true, "mode": "paper", "ticker": "KXBTC15M-26JUN170245-45", "outcome": "no", "pnl_usd": 8.157894736842103, "direction": "DOWN", "stake_usd": "5", "entry_vwap": "0.3800000000000000044408920984", "event_type": "sleeve_fire_resolved", "resolve_at_us": 1781678745000000, "window_end_us": 1781678700000000}
2026-06-17 06:55:00.002319+00	fire	poly_sniper_v5_btc_15m_ema50_ema800_off600_down	{"mode": "paper", "fired": true, "reason": "paper_fill", "fire_us": 1781679300000000, "direction": "DOWN", "stake_usd": "5", "entry_vwap": "0.5100000000000000088817841969"}
2026-06-17 06:55:00.184522+00	order_placed	kalshi_sniper_btc_15m_ema50_ema800_off600_down_H	{"mode": "paper", "side": "no", "fired": true, "status": "paper", "ticker": "KXBTC15M-26JUN170300-00", "offset_s": 600, "order_id": "paper-kalshi_sniper_btc_15m_ema50_ema800_off600_down_H-1781679300000000", "direction": "DOWN", "entry_ask": 0.49, "entry_vwap": "0.4899999999999999911182158028", "filled_count": 10}
2026-06-17 07:00:45.099519+00	resolve	kalshi_sniper_btc_15m_ema50_ema800_off600_down_H	{"won": true, "mode": "paper", "ticker": "KXBTC15M-26JUN170300-00", "outcome": "no", "pnl_usd": 5.204081632653061, "direction": "DOWN", "stake_usd": "5", "entry_vwap": "0.4899999999999999911182158028", "event_type": "sleeve_fire_resolved", "resolve_at_us": 1781679645000000, "window_end_us": 1781679600000000}
2026-06-17 07:01:15.032724+00	resolve	poly_sniper_v5_btc_15m_ema50_ema800_off600_down	{"won": true, "mode": "paper", "outcome": "down", "pnl_usd": 4.803921568627452, "direction": "DOWN", "stake_usd": "5", "entry_vwap": "0.5100000000000000088817841969", "event_type": "sleeve_fire_resolved", "slot_end_us": 1781679600000000, "condition_id": "0x2584ed21614d21327dcf5eb396b26dd80824c2a08f742af8d4ecb021fbb9d33a", "resolve_at_us": 1781679645000000}
2026-06-17 07:10:00.002851+00	fire	poly_sniper_v5_btc_15m_ema50_ema800_off600_down	{"mode": "paper", "fired": true, "reason": "paper_fill", "fire_us": 1781680200000000, "direction": "DOWN", "stake_usd": "5", "entry_vwap": "0.2800000000000000266453525909"}
2026-06-17 07:10:00.191308+00	order_placed	kalshi_sniper_btc_15m_ema50_ema800_off600_down_H	{"mode": "paper", "side": "no", "fired": true, "status": "paper", "ticker": "KXBTC15M-26JUN170315-15", "offset_s": 600, "order_id": "paper-kalshi_sniper_btc_15m_ema50_ema800_off600_down_H-1781680200000000", "direction": "DOWN", "entry_ask": 0.29000000000000004, "entry_vwap": "0.2900000000000000355271367879", "filled_count": 17}
2026-06-17 07:15:45.093884+00	resolve	kalshi_sniper_btc_15m_ema50_ema800_off600_down_H	{"won": false, "mode": "paper", "ticker": "KXBTC15M-26JUN170315-15", "outcome": "yes", "pnl_usd": -5.0, "direction": "DOWN", "stake_usd": "5", "entry_vwap": "0.2900000000000000355271367879", "event_type": "sleeve_fire_resolved", "resolve_at_us": 1781680545000000, "window_end_us": 1781680500000000}
2026-06-17 07:16:45.05058+00	resolve	poly_sniper_v5_btc_15m_ema50_ema800_off600_down	{"won": false, "mode": "paper", "outcome": "up", "pnl_usd": -5.0, "direction": "DOWN", "stake_usd": "5", "entry_vwap": "0.2800000000000000266453525909", "event_type": "sleeve_fire_resolved", "slot_end_us": 1781680500000000, "condition_id": "0xe117d6f1d7a601433d3152fb5632c32f83a48174c587169d88bc946c7c9c619d", "resolve_at_us": 1781680545000000}
2026-06-17 07:20:05.003491+00	fire	shadow_scalp_exit_btc_5m_d3_v1	{"mode": "paper", "fired": true, "reason": "paper_fill", "fire_us": 1781680805000000, "direction": "DOWN", "stake_usd": "5", "entry_vwap": "0.6600000000000000310862446891"}
2026-06-17 07:25:00.003228+00	fire	poly_sniper_v5_btc_15m_ema50_ema800_off600_down	{"mode": "paper", "fired": true, "reason": "paper_fill", "fire_us": 1781681100000000, "direction": "DOWN", "stake_usd": "5", "entry_vwap": "0.9879999999999999893418589633"}
2026-06-17 07:27:15.048114+00	resolve	shadow_scalp_exit_btc_5m_d3_v1	{"won": true, "mode": "paper", "outcome": "down", "pnl_usd": 2.5757575757575744, "direction": "DOWN", "stake_usd": "5", "entry_vwap": "0.6600000000000000310862446891", "event_type": "sleeve_fire_resolved", "slot_end_us": 1781681100000000, "condition_id": "0xeb2986a12591b008ee5785d5fd8e37a7cbc9e0f68c3a168eb0093652199816c4", "resolve_at_us": 1781681145000000}
2026-06-17 07:30:45.009775+00	resolve	poly_sniper_v5_btc_15m_ema50_ema800_off600_down	{"won": true, "mode": "paper", "outcome": "down", "pnl_usd": 0.06072874493927131, "direction": "DOWN", "stake_usd": "5", "entry_vwap": "0.9879999999999999893418589633", "event_type": "sleeve_fire_resolved", "slot_end_us": 1781681400000000, "condition_id": "0xfd3f664aa6a9fff33c5f61b0090bff2865ea633c0daba19dd2552243b7165842", "resolve_at_us": 1781681445000000}
2026-06-17 07:40:00.002915+00	fire	poly_sniper_v5_btc_15m_ema50_ema800_off600_down	{"mode": "paper", "fired": true, "reason": "paper_fill", "fire_us": 1781682000000000, "direction": "DOWN", "stake_usd": "5", "entry_vwap": "0.8299999999999999600319711132"}
2026-06-17 07:40:00.195819+00	order_placed	kalshi_sniper_btc_15m_ema50_ema800_off600_down_H	{"mode": "paper", "side": "no", "fired": true, "status": "paper", "ticker": "KXBTC15M-26JUN170345-45", "offset_s": 600, "order_id": "paper-kalshi_sniper_btc_15m_ema50_ema800_off600_down_H-1781682000000000", "direction": "DOWN", "entry_ask": 0.85, "entry_vwap": "0.8499999999999999777955395072", "filled_count": 5}
2026-06-17 07:45:45.00878+00	resolve	poly_sniper_v5_btc_15m_ema50_ema800_off600_down	{"won": true, "mode": "paper", "outcome": "down", "pnl_usd": 1.024096385542169, "direction": "DOWN", "stake_usd": "5", "entry_vwap": "0.8299999999999999600319711132", "event_type": "sleeve_fire_resolved", "slot_end_us": 1781682300000000, "condition_id": "0xeaae6244abe361e63e4bfca1fbe0a4206bc9975d2af2ca6046badff22bf93914", "resolve_at_us": 1781682345000000}
2026-06-17 07:45:45.09902+00	resolve	kalshi_sniper_btc_15m_ema50_ema800_off600_down_H	{"won": true, "mode": "paper", "ticker": "KXBTC15M-26JUN170345-45", "outcome": "no", "pnl_usd": 0.8823529411764708, "direction": "DOWN", "stake_usd": "5", "entry_vwap": "0.8499999999999999777955395072", "event_type": "sleeve_fire_resolved", "resolve_at_us": 1781682345000000, "window_end_us": 1781682300000000}
2026-06-17 07:55:00.003074+00	fire	poly_sniper_v5_btc_15m_ema50_ema800_off600_down	{"mode": "paper", "fired": true, "reason": "paper_fill", "fire_us": 1781682900000000, "direction": "DOWN", "stake_usd": "5", "entry_vwap": "0.9900000000000001021405182651"}
2026-06-17 08:04:15.09246+00	resolve	poly_sniper_v5_btc_15m_ema50_ema800_off600_down	{"won": false, "mode": "paper", "outcome": "up", "pnl_usd": -5.0, "direction": "DOWN", "stake_usd": "5", "entry_vwap": "0.9900000000000001021405182651", "event_type": "sleeve_fire_resolved", "slot_end_us": 1781683200000000, "condition_id": "0x30c592b46348bf3fc7d1a84069d5f8ce933e1f755ef2e7028ec782bccdf27e1b", "resolve_at_us": 1781683245000000}
2026-06-17 08:10:00.002531+00	fire	poly_sniper_v5_btc_15m_ema50_ema800_off600_down	{"mode": "paper", "fired": true, "reason": "paper_fill", "fire_us": 1781683800000000, "direction": "DOWN", "stake_usd": "5", "entry_vwap": "0.9300000000000000488498130831"}
2026-06-17 08:10:00.186027+00	order_placed	kalshi_sniper_btc_15m_ema50_ema800_off600_down_H	{"mode": "paper", "side": "no", "fired": true, "status": "paper", "ticker": "KXBTC15M-26JUN170415-15", "offset_s": 600, "order_id": "paper-kalshi_sniper_btc_15m_ema50_ema800_off600_down_H-1781683800000000", "direction": "DOWN", "entry_ask": 0.929, "entry_vwap": "0.9290000000000000479616346634", "filled_count": 5}
2026-06-17 08:15:45.097088+00	resolve	kalshi_sniper_btc_15m_ema50_ema800_off600_down_H	{"won": true, "mode": "paper", "ticker": "KXBTC15M-26JUN170415-15", "outcome": "no", "pnl_usd": 0.3821313240043048, "direction": "DOWN", "stake_usd": "5", "entry_vwap": "0.9290000000000000479616346634", "event_type": "sleeve_fire_resolved", "resolve_at_us": 1781684145000000, "window_end_us": 1781684100000000}
2026-06-17 08:16:45.032364+00	resolve	poly_sniper_v5_btc_15m_ema50_ema800_off600_down	{"won": true, "mode": "paper", "outcome": "down", "pnl_usd": 0.3763440860215051, "direction": "DOWN", "stake_usd": "5", "entry_vwap": "0.9300000000000000488498130831", "event_type": "sleeve_fire_resolved", "slot_end_us": 1781684100000000, "condition_id": "0x4f5e9eba39a7e80ad97297285a85d31db4c8630b7b2e487a810051ac25375f01", "resolve_at_us": 1781684145000000}
2026-06-17 08:25:00.003612+00	fire	poly_sniper_v5_btc_15m_ema50_ema800_off600_down	{"mode": "paper", "fired": true, "reason": "paper_fill", "fire_us": 1781684700000000, "direction": "DOWN", "stake_usd": "5", "entry_vwap": "0.4700000000000000288657986401"}
2026-06-17 08:25:00.186371+00	order_placed	kalshi_sniper_btc_15m_ema50_ema800_off600_down_H	{"mode": "paper", "side": "no", "fired": true, "status": "paper", "ticker": "KXBTC15M-26JUN170430-30", "offset_s": 600, "order_id": "paper-kalshi_sniper_btc_15m_ema50_ema800_off600_down_H-1781684700000000", "direction": "DOWN", "entry_ask": 0.7, "entry_vwap": "0.6999999999999999555910790147", "filled_count": 7}
2026-06-17 08:30:45.096957+00	resolve	kalshi_sniper_btc_15m_ema50_ema800_off600_down_H	{"won": true, "mode": "paper", "ticker": "KXBTC15M-26JUN170430-30", "outcome": "no", "pnl_usd": 2.1428571428571432, "direction": "DOWN", "stake_usd": "5", "entry_vwap": "0.6999999999999999555910790147", "event_type": "sleeve_fire_resolved", "resolve_at_us": 1781685045000000, "window_end_us": 1781685000000000}
2026-06-17 08:32:15.050977+00	resolve	poly_sniper_v5_btc_15m_ema50_ema800_off600_down	{"won": true, "mode": "paper", "outcome": "down", "pnl_usd": 5.638297872340425, "direction": "DOWN", "stake_usd": "5", "entry_vwap": "0.4700000000000000288657986401", "event_type": "sleeve_fire_resolved", "slot_end_us": 1781685000000000, "condition_id": "0xf8fc514c1a58ea7e6f5b0fef7ce280d86fe237eade85d96b2c3546886ea379b4", "resolve_at_us": 1781685045000000}
2026-06-17 08:40:05.006964+00	fire	shadow_scalp_exit_btc_5m_d3_v1	{"mode": "paper", "fired": true, "reason": "paper_fill", "fire_us": 1781685605000000, "direction": "DOWN", "stake_usd": "5", "entry_vwap": "0.5699999999999999511501869163"}
2026-06-17 08:46:00.195318+00	order_placed	kalshi_scalp_exit_btc_15m_d3_v1	{"mode": "paper", "side": "yes", "fired": true, "status": "paper", "ticker": "KXBTC15M-26JUN170500-00", "offset_s": 60, "order_id": "paper-kalshi_scalp_exit_btc_15m_d3_v1-1781685960000000", "direction": "UP", "entry_ask": 0.5, "entry_vwap": "0.5", "filled_count": 10}
2026-06-17 08:46:15.025151+00	resolve	shadow_scalp_exit_btc_5m_d3_v1	{"won": true, "mode": "paper", "outcome": "down", "pnl_usd": 3.7719298245614024, "direction": "DOWN", "stake_usd": "5", "entry_vwap": "0.5699999999999999511501869163", "event_type": "sleeve_fire_resolved", "slot_end_us": 1781685900000000, "condition_id": "0x1861886e638e18613873d1838c492e699d00906d8698ac2a62c2b3b0a0080d49", "resolve_at_us": 1781685945000000}
2026-06-17 08:47:01.959137+00	resolve	kalshi_scalp_exit_btc_15m_d3_v1	{"mode": "paper", "shares": 10, "ticker": "KXBTC15M-26JUN170500-00", "direction": "UP", "exit_type": "scalp_time", "fill_vwap": 0.5, "sell_vwap": 0.49000000000000005, "realized_pnl": -0.09999999999999953, "suppress_settlement": true}
2026-06-17 08:50:05.00296+00	fire	shadow_scalp_exit_btc_5m_d3_v1	{"mode": "paper", "fired": true, "reason": "paper_fill", "fire_us": 1781686205000000, "direction": "UP", "stake_usd": "5", "entry_vwap": "0.6400000000000000133226762952"}
2026-06-17 08:55:00.002594+00	fire	poly_sniper_v5_btc_15m_ema50_ema800_off600_down	{"mode": "paper", "fired": true, "reason": "paper_fill", "fire_us": 1781686500000000, "direction": "DOWN", "stake_usd": "5", "entry_vwap": "0.5"}
2026-06-17 08:55:00.193704+00	order_placed	kalshi_sniper_btc_15m_ema50_ema800_off600_down_H	{"mode": "paper", "side": "no", "fired": true, "status": "paper", "ticker": "KXBTC15M-26JUN170500-00", "offset_s": 600, "order_id": "paper-kalshi_sniper_btc_15m_ema50_ema800_off600_down_H-1781686500000000", "direction": "DOWN", "entry_ask": 0.71, "entry_vwap": "0.7099999999999999644728632118", "filled_count": 7}
2026-06-17 08:57:15.073356+00	resolve	shadow_scalp_exit_btc_5m_d3_v1	{"won": true, "mode": "paper", "outcome": "up", "pnl_usd": 2.8125, "direction": "UP", "stake_usd": "5", "entry_vwap": "0.6400000000000000133226762952", "event_type": "sleeve_fire_resolved", "slot_end_us": 1781686500000000, "condition_id": "0x4be3c2851f5201da2a1daa64e6bd557204b179bb97952db50eb80e9575299a99", "resolve_at_us": 1781686545000000}
2026-06-17 09:00:45.011811+00	resolve	poly_sniper_v5_btc_15m_ema50_ema800_off600_down	{"won": false, "mode": "paper", "outcome": "up", "pnl_usd": -5.0, "direction": "DOWN", "stake_usd": "5", "entry_vwap": "0.5", "event_type": "sleeve_fire_resolved", "slot_end_us": 1781686800000000, "condition_id": "0xee30c9f8490015e96ce569c778f5bbe796804657f5481c84fae22deb925bdc47", "resolve_at_us": 1781686845000000}
2026-06-17 09:00:45.104435+00	resolve	kalshi_sniper_btc_15m_ema50_ema800_off600_down_H	{"won": true, "mode": "paper", "ticker": "KXBTC15M-26JUN170500-00", "outcome": "no", "pnl_usd": 2.042253521126761, "direction": "DOWN", "stake_usd": "5", "entry_vwap": "0.7099999999999999644728632118", "event_type": "sleeve_fire_resolved", "resolve_at_us": 1781686845000000, "window_end_us": 1781686800000000}
2026-06-17 09:10:00.003169+00	fire	poly_sniper_v5_btc_15m_ema50_ema800_off600_down	{"mode": "paper", "fired": true, "reason": "paper_fill", "fire_us": 1781687400000000, "direction": "DOWN", "stake_usd": "5", "entry_vwap": "0.2626459143968871701169121023"}
2026-06-17 09:10:00.103259+00	order_placed	kalshi_sniper_btc_15m_ema50_ema800_off600_down_H	{"mode": "paper", "side": "no", "fired": true, "status": "paper", "ticker": "KXBTC15M-26JUN170515-15", "offset_s": 600, "order_id": "paper-kalshi_sniper_btc_15m_ema50_ema800_off600_down_H-1781687400000000", "direction": "DOWN", "entry_ask": 0.36, "entry_vwap": "0.3599999999999999866773237044", "filled_count": 13}
2026-06-17 09:15:45.098325+00	resolve	kalshi_sniper_btc_15m_ema50_ema800_off600_down_H	{"won": false, "mode": "paper", "ticker": "KXBTC15M-26JUN170515-15", "outcome": "yes", "pnl_usd": -5.0, "direction": "DOWN", "stake_usd": "5", "entry_vwap": "0.3599999999999999866773237044", "event_type": "sleeve_fire_resolved", "resolve_at_us": 1781687745000000, "window_end_us": 1781687700000000}
2026-06-17 09:16:15.026945+00	resolve	poly_sniper_v5_btc_15m_ema50_ema800_off600_down	{"won": false, "mode": "paper", "outcome": "up", "pnl_usd": -5.0, "direction": "DOWN", "stake_usd": "5", "entry_vwap": "0.2626459143968871701169121023", "event_type": "sleeve_fire_resolved", "slot_end_us": 1781687700000000, "condition_id": "0xf87ef6f25e7b44e1e62efaa833c369ce35533a22f2bf2ad17af85539f3bcf884", "resolve_at_us": 1781687745000000}
2026-06-17 09:25:00.002419+00	fire	poly_sniper_v5_btc_15m_ema50_ema800_off600_down	{"mode": "paper", "fired": true, "reason": "paper_fill", "fire_us": 1781688300000000, "direction": "DOWN", "stake_usd": "5", "entry_vwap": "0.3699999999999999955591079013"}
2026-06-17 09:25:00.126031+00	order_placed	kalshi_sniper_btc_15m_ema50_ema800_off600_down_H	{"mode": "paper", "side": "no", "fired": true, "status": "paper", "ticker": "KXBTC15M-26JUN170530-30", "offset_s": 600, "order_id": "paper-kalshi_sniper_btc_15m_ema50_ema800_off600_down_H-1781688300000000", "direction": "DOWN", "entry_ask": 0.4, "entry_vwap": "0.4000000000000000222044604924", "filled_count": 12}
2026-06-17 09:30:45.010999+00	resolve	poly_sniper_v5_btc_15m_ema50_ema800_off600_down	{"won": false, "mode": "paper", "outcome": "up", "pnl_usd": -5.0, "direction": "DOWN", "stake_usd": "5", "entry_vwap": "0.3699999999999999955591079013", "event_type": "sleeve_fire_resolved", "slot_end_us": 1781688600000000, "condition_id": "0x5bc5b15de3de42fd62936c249a3bd26b400dec113b18e83ca50e324fccf70de7", "resolve_at_us": 1781688645000000}
2026-06-17 09:30:45.097391+00	resolve	kalshi_sniper_btc_15m_ema50_ema800_off600_down_H	{"won": false, "mode": "paper", "ticker": "KXBTC15M-26JUN170530-30", "outcome": "yes", "pnl_usd": -5.0, "direction": "DOWN", "stake_usd": "5", "entry_vwap": "0.4000000000000000222044604924", "event_type": "sleeve_fire_resolved", "resolve_at_us": 1781688645000000, "window_end_us": 1781688600000000}
2026-06-17 09:40:00.003206+00	fire	poly_sniper_v5_btc_15m_ema50_ema800_off600_down	{"mode": "paper", "fired": true, "reason": "paper_fill", "fire_us": 1781689200000000, "direction": "DOWN", "stake_usd": "5", "entry_vwap": "0.9100000000000000310862446891"}
2026-06-17 09:40:00.184363+00	order_placed	kalshi_sniper_btc_15m_ema50_ema800_off600_down_H	{"mode": "paper", "side": "no", "fired": true, "status": "paper", "ticker": "KXBTC15M-26JUN170545-45", "offset_s": 600, "order_id": "paper-kalshi_sniper_btc_15m_ema50_ema800_off600_down_H-1781689200000000", "direction": "DOWN", "entry_ask": 0.87, "entry_vwap": "0.8700000000000001065814103637", "filled_count": 5}
2026-06-17 09:45:45.100258+00	resolve	kalshi_sniper_btc_15m_ema50_ema800_off600_down_H	{"won": true, "mode": "paper", "ticker": "KXBTC15M-26JUN170545-45", "outcome": "no", "pnl_usd": 0.7471264367816077, "direction": "DOWN", "stake_usd": "5", "entry_vwap": "0.8700000000000001065814103637", "event_type": "sleeve_fire_resolved", "resolve_at_us": 1781689545000000, "window_end_us": 1781689500000000}
2026-06-17 09:47:15.036198+00	resolve	poly_sniper_v5_btc_15m_ema50_ema800_off600_down	{"won": true, "mode": "paper", "outcome": "down", "pnl_usd": 0.49450549450549436, "direction": "DOWN", "stake_usd": "5", "entry_vwap": "0.9100000000000000310862446891", "event_type": "sleeve_fire_resolved", "slot_end_us": 1781689500000000, "condition_id": "0xd9800d107e1ab5d3b5eceb07ac8ac8ed5d2aa98c541d3dce9179b6e23731d1c0", "resolve_at_us": 1781689545000000}
2026-06-17 09:55:00.003083+00	fire	poly_sniper_v5_btc_15m_ema50_ema800_off600_down	{"mode": "paper", "fired": true, "reason": "paper_fill", "fire_us": 1781690100000000, "direction": "DOWN", "stake_usd": "5", "entry_vwap": "0.9400000000000000577315972801"}
2026-06-17 10:00:45.010684+00	resolve	poly_sniper_v5_btc_15m_ema50_ema800_off600_down	{"won": true, "mode": "paper", "outcome": "down", "pnl_usd": 0.31914893617021245, "direction": "DOWN", "stake_usd": "5", "entry_vwap": "0.9400000000000000577315972801", "event_type": "sleeve_fire_resolved", "slot_end_us": 1781690400000000, "condition_id": "0x638fe08c33c08679e741dabe44a39e28a55c1243a4807214aaacebb949165cc3", "resolve_at_us": 1781690445000000}
2026-06-17 10:10:00.003541+00	fire	poly_sniper_v5_btc_15m_ema50_ema800_off600_down	{"mode": "paper", "fired": true, "reason": "paper_fill", "fire_us": 1781691000000000, "direction": "DOWN", "stake_usd": "5", "entry_vwap": "0.8100000000000000532907051816"}
2026-06-17 10:10:00.204284+00	order_placed	kalshi_sniper_btc_15m_ema50_ema800_off600_down_H	{"mode": "paper", "side": "no", "fired": true, "status": "paper", "ticker": "KXBTC15M-26JUN170615-15", "offset_s": 600, "order_id": "paper-kalshi_sniper_btc_15m_ema50_ema800_off600_down_H-1781691000000000", "direction": "DOWN", "entry_ask": 0.8200000000000001, "entry_vwap": "0.8200000000000000621724893787", "filled_count": 6}
2026-06-17 10:15:45.010532+00	resolve	poly_sniper_v5_btc_15m_ema50_ema800_off600_down	{"won": true, "mode": "paper", "outcome": "down", "pnl_usd": 1.1728395061728392, "direction": "DOWN", "stake_usd": "5", "entry_vwap": "0.8100000000000000532907051816", "event_type": "sleeve_fire_resolved", "slot_end_us": 1781691300000000, "condition_id": "0x1a86912d1d9196f332ac6b01b3594d3c2d76e0b467466c8dacc3cd5f38d3f0a3", "resolve_at_us": 1781691345000000}
2026-06-17 10:15:45.101005+00	resolve	kalshi_sniper_btc_15m_ema50_ema800_off600_down_H	{"won": true, "mode": "paper", "ticker": "KXBTC15M-26JUN170615-15", "outcome": "no", "pnl_usd": 1.0975609756097555, "direction": "DOWN", "stake_usd": "5", "entry_vwap": "0.8200000000000000621724893787", "event_type": "sleeve_fire_resolved", "resolve_at_us": 1781691345000000, "window_end_us": 1781691300000000}
2026-06-17 10:40:00.003657+00	fire	poly_sniper_v5_btc_15m_ema50_ema800_off600_down	{"mode": "paper", "fired": true, "reason": "paper_fill", "fire_us": 1781692800000000, "direction": "DOWN", "stake_usd": "5", "entry_vwap": "0.7199999999999999733546474088"}
2026-06-17 10:40:00.103374+00	order_placed	kalshi_sniper_btc_15m_ema50_ema800_off600_down_H	{"mode": "paper", "side": "no", "fired": true, "status": "paper", "ticker": "KXBTC15M-26JUN170645-45", "offset_s": 600, "order_id": "paper-kalshi_sniper_btc_15m_ema50_ema800_off600_down_H-1781692800000000", "direction": "DOWN", "entry_ask": 0.74, "entry_vwap": "0.7399999999999999911182158027", "filled_count": 6}
2026-06-17 10:45:45.103486+00	resolve	kalshi_sniper_btc_15m_ema50_ema800_off600_down_H	{"won": true, "mode": "paper", "ticker": "KXBTC15M-26JUN170645-45", "outcome": "no", "pnl_usd": 1.7567567567567568, "direction": "DOWN", "stake_usd": "5", "entry_vwap": "0.7399999999999999911182158027", "event_type": "sleeve_fire_resolved", "resolve_at_us": 1781693145000000, "window_end_us": 1781693100000000}
2026-06-17 10:46:15.021273+00	resolve	poly_sniper_v5_btc_15m_ema50_ema800_off600_down	{"won": true, "mode": "paper", "outcome": "down", "pnl_usd": 1.9444444444444446, "direction": "DOWN", "stake_usd": "5", "entry_vwap": "0.7199999999999999733546474088", "event_type": "sleeve_fire_resolved", "slot_end_us": 1781693100000000, "condition_id": "0x9ab8b4db8329137b32f3c388858dc74b77d9c1d51bae5b97a37edead651e8c60", "resolve_at_us": 1781693145000000}
2026-06-17 10:55:00.002524+00	fire	poly_sniper_v5_btc_15m_ema50_ema800_off600_down	{"mode": "paper", "fired": true, "reason": "paper_fill", "fire_us": 1781693700000000, "direction": "DOWN", "stake_usd": "5", "entry_vwap": "0.9699999999999999733546474086"}
2026-06-17 11:00:45.012568+00	resolve	poly_sniper_v5_btc_15m_ema50_ema800_off600_down	{"won": true, "mode": "paper", "outcome": "down", "pnl_usd": 0.15463917525773152, "direction": "DOWN", "stake_usd": "5", "entry_vwap": "0.9699999999999999733546474086", "event_type": "sleeve_fire_resolved", "slot_end_us": 1781694000000000, "condition_id": "0xd46a902d547781160dab2013ac5ad57741a5955da5fc86c2c1b35aac3ac3590f", "resolve_at_us": 1781694045000000}
2026-06-17 11:10:00.002511+00	fire	poly_sniper_v5_btc_15m_ema50_ema800_off600_down	{"mode": "paper", "fired": true, "reason": "paper_fill", "fire_us": 1781694600000000, "direction": "DOWN", "stake_usd": "5", "entry_vwap": "0.9400000000000000577315972801"}
2026-06-17 11:16:45.034954+00	resolve	poly_sniper_v5_btc_15m_ema50_ema800_off600_down	{"won": true, "mode": "paper", "outcome": "down", "pnl_usd": 0.31914893617021245, "direction": "DOWN", "stake_usd": "5", "entry_vwap": "0.9400000000000000577315972801", "event_type": "sleeve_fire_resolved", "slot_end_us": 1781694900000000, "condition_id": "0x22f6ee6c6249afe3c8e3a712862cc616eda907ddc32e27baff52519e7634d70f", "resolve_at_us": 1781694945000000}
2026-06-17 11:25:00.004874+00	fire	poly_sniper_v5_btc_15m_ema50_ema800_off600_down	{"mode": "paper", "fired": true, "reason": "paper_fill", "fire_us": 1781695500000000, "direction": "DOWN", "stake_usd": "5", "entry_vwap": "0.2200000000000000011102230246"}
2026-06-17 11:25:00.19634+00	order_placed	kalshi_sniper_btc_15m_ema50_ema800_off600_down_H	{"mode": "paper", "side": "no", "fired": true, "status": "paper", "ticker": "KXBTC15M-26JUN170730-30", "offset_s": 600, "order_id": "paper-kalshi_sniper_btc_15m_ema50_ema800_off600_down_H-1781695500000000", "direction": "DOWN", "entry_ask": 0.29000000000000004, "entry_vwap": "0.2900000000000000355271367879", "filled_count": 17}
2026-06-17 11:30:45.095404+00	resolve	kalshi_sniper_btc_15m_ema50_ema800_off600_down_H	{"won": false, "mode": "paper", "ticker": "KXBTC15M-26JUN170730-30", "outcome": "yes", "pnl_usd": -5.0, "direction": "DOWN", "stake_usd": "5", "entry_vwap": "0.2900000000000000355271367879", "event_type": "sleeve_fire_resolved", "resolve_at_us": 1781695845000000, "window_end_us": 1781695800000000}
2026-06-17 11:31:15.01761+00	resolve	poly_sniper_v5_btc_15m_ema50_ema800_off600_down	{"won": false, "mode": "paper", "outcome": "up", "pnl_usd": -5.0, "direction": "DOWN", "stake_usd": "5", "entry_vwap": "0.2200000000000000011102230246", "event_type": "sleeve_fire_resolved", "slot_end_us": 1781695800000000, "condition_id": "0x5d18231226cdf1bde2f7d8e9a18b15ee57da31d0eed77cfe5d70befde8bf4424", "resolve_at_us": 1781695845000000}
2026-06-17 12:25:00.003686+00	fire	poly_sniper_v5_btc_15m_ema50_ema800_off600_down	{"mode": "paper", "fired": true, "reason": "paper_fill", "fire_us": 1781699100000000, "direction": "DOWN", "stake_usd": "5", "entry_vwap": "0.9900000000000001021405182651"}
2026-06-17 12:30:05.002916+00	fire	shadow_scalp_exit_btc_5m_d3_v1	{"mode": "paper", "fired": true, "reason": "paper_fill", "fire_us": 1781699405000000, "direction": "DOWN", "stake_usd": "5", "entry_vwap": "0.5999999999999999777955395073"}
2026-06-17 12:30:45.01451+00	resolve	poly_sniper_v5_btc_15m_ema50_ema800_off600_down	{"won": true, "mode": "paper", "outcome": "down", "pnl_usd": 0.050505050505049984, "direction": "DOWN", "stake_usd": "5", "entry_vwap": "0.9900000000000001021405182651", "event_type": "sleeve_fire_resolved", "slot_end_us": 1781699400000000, "condition_id": "0xfda4d6a92a11c78639deabba9d38420b185171233c414b0f08174ec629af8660", "resolve_at_us": 1781699445000000}
2026-06-17 12:37:45.054365+00	resolve	shadow_scalp_exit_btc_5m_d3_v1	{"won": false, "mode": "paper", "outcome": "up", "pnl_usd": -5.0, "direction": "DOWN", "stake_usd": "5", "entry_vwap": "0.5999999999999999777955395073", "event_type": "sleeve_fire_resolved", "slot_end_us": 1781699700000000, "condition_id": "0xf4ae92b882526821c5ad6bd0d229b816532d4c11c80095bba1d4d775e54651bb", "resolve_at_us": 1781699745000000}
2026-06-17 13:25:05.003034+00	fire	shadow_scalp_exit_btc_5m_d3_v1	{"mode": "paper", "fired": true, "reason": "paper_fill", "fire_us": 1781702705000000, "direction": "DOWN", "stake_usd": "5", "entry_vwap": "0.7099999999999999644728632118"}
2026-06-17 13:30:05.004561+00	fire	shadow_scalp_exit_btc_5m_d3_v1	{"mode": "paper", "fired": true, "reason": "paper_fill", "fire_us": 1781703005000000, "direction": "DOWN", "stake_usd": "5", "entry_vwap": "0.6800000000000000488498130833"}
2026-06-17 13:33:15.088387+00	resolve	shadow_scalp_exit_btc_5m_d3_v1	{"won": false, "mode": "paper", "outcome": "up", "pnl_usd": -5.0, "direction": "DOWN", "stake_usd": "5", "entry_vwap": "0.7099999999999999644728632118", "event_type": "sleeve_fire_resolved", "slot_end_us": 1781703000000000, "condition_id": "0xa48e12118e817bfbde4d2f6c594be1acb31e13adef50b8c642f1840dae8ceb80", "resolve_at_us": 1781703045000000}
2026-06-17 13:37:45.068271+00	resolve	shadow_scalp_exit_btc_5m_d3_v1	{"won": false, "mode": "paper", "outcome": "up", "pnl_usd": -5.0, "direction": "DOWN", "stake_usd": "5", "entry_vwap": "0.6800000000000000488498130833", "event_type": "sleeve_fire_resolved", "slot_end_us": 1781703300000000, "condition_id": "0x95415163e9d6fe5052abd91f27b8923284568feeaaf116d0bbb1a7ed8bf35edd", "resolve_at_us": 1781703345000000}
2026-06-17 13:40:05.003926+00	fire	shadow_scalp_exit_btc_5m_d3_v1	{"mode": "paper", "fired": true, "reason": "paper_fill", "fire_us": 1781703605000000, "direction": "DOWN", "stake_usd": "5", "entry_vwap": "0.6100000000000000976996261668"}
2026-06-17 13:46:45.031718+00	resolve	shadow_scalp_exit_btc_5m_d3_v1	{"won": false, "mode": "paper", "outcome": "up", "pnl_usd": -5.0, "direction": "DOWN", "stake_usd": "5", "entry_vwap": "0.6100000000000000976996261668", "event_type": "sleeve_fire_resolved", "slot_end_us": 1781703900000000, "condition_id": "0xfb9bee851361bf93edbb10cf0ad84707b927bd63ce1610b751f340a0aab4eaae", "resolve_at_us": 1781703945000000}
2026-06-17 14:00:05.00386+00	fire	shadow_scalp_exit_btc_5m_d3_v1	{"mode": "paper", "fired": true, "reason": "paper_fill", "fire_us": 1781704805000000, "direction": "DOWN", "stake_usd": "5", "entry_vwap": "0.7099999999999999644728632118"}
2026-06-17 14:07:45.050176+00	resolve	shadow_scalp_exit_btc_5m_d3_v1	{"won": true, "mode": "paper", "outcome": "down", "pnl_usd": 2.042253521126761, "direction": "DOWN", "stake_usd": "5", "entry_vwap": "0.7099999999999999644728632118", "event_type": "sleeve_fire_resolved", "slot_end_us": 1781705100000000, "condition_id": "0x572251eca47497ec3b28d6581b72b3c348b6ece53b675eb9e46c1237578640cc", "resolve_at_us": 1781705145000000}
2026-06-17 14:40:00.003024+00	fire	poly_sniper_v5_btc_15m_ema50_ema800_off600_down	{"mode": "paper", "fired": true, "reason": "paper_fill", "fire_us": 1781707200000000, "direction": "DOWN", "stake_usd": "5", "entry_vwap": "0.9599999999999998534505607490"}
2026-06-17 14:45:45.011289+00	resolve	poly_sniper_v5_btc_15m_ema50_ema800_off600_down	{"won": true, "mode": "paper", "outcome": "down", "pnl_usd": 0.20833333333333354, "direction": "DOWN", "stake_usd": "5", "entry_vwap": "0.9599999999999998534505607490", "event_type": "sleeve_fire_resolved", "slot_end_us": 1781707500000000, "condition_id": "0x4cd368b5ac7684bf255d47cb79ef3c5551a787fb5dc33d05a3a8addf276c0bc4", "resolve_at_us": 1781707545000000}
2026-06-17 14:46:00.188462+00	order_placed	kalshi_scalp_exit_btc_15m_d3_v1	{"mode": "paper", "side": "yes", "fired": true, "status": "paper", "ticker": "KXBTC15M-26JUN171100-00", "offset_s": 60, "order_id": "paper-kalshi_scalp_exit_btc_15m_d3_v1-1781707560000000", "direction": "UP", "entry_ask": 0.48, "entry_vwap": "0.4799999999999999267252803745", "filled_count": 10}
2026-06-17 14:47:01.994565+00	resolve	kalshi_scalp_exit_btc_15m_d3_v1	{"mode": "paper", "shares": 10, "ticker": "KXBTC15M-26JUN171100-00", "direction": "UP", "exit_type": "scalp_time", "fill_vwap": 0.48, "sell_vwap": 0.54, "realized_pnl": 0.6000000000000005, "suppress_settlement": true}
2026-06-17 14:55:05.003549+00	fire	shadow_scalp_exit_btc_5m_d3_v1	{"mode": "paper", "fired": true, "reason": "paper_fill", "fire_us": 1781708105000000, "direction": "DOWN", "stake_usd": "5", "entry_vwap": "0.5899999999999999689137553103"}
2026-06-17 15:03:15.066281+00	resolve	shadow_scalp_exit_btc_5m_d3_v1	{"won": true, "mode": "paper", "outcome": "down", "pnl_usd": 3.474576271186441, "direction": "DOWN", "stake_usd": "5", "entry_vwap": "0.5899999999999999689137553103", "event_type": "sleeve_fire_resolved", "slot_end_us": 1781708400000000, "condition_id": "0xa633ef06af2e9e49e6f0419cd1a8552173aa762ea14a1a5f910d77ee1091c8a9", "resolve_at_us": 1781708445000000}
2026-06-17 15:10:00.003066+00	fire	poly_sniper_v5_btc_15m_ema50_ema800_off600_down	{"mode": "paper", "fired": true, "reason": "paper_fill", "fire_us": 1781709000000000, "direction": "DOWN", "stake_usd": "5", "entry_vwap": "0.8399999999999999689137553101"}
2026-06-17 15:10:00.184785+00	order_placed	kalshi_sniper_btc_15m_ema50_ema800_off600_down_H	{"mode": "paper", "side": "no", "fired": true, "status": "paper", "ticker": "KXBTC15M-26JUN171115-15", "offset_s": 600, "order_id": "paper-kalshi_sniper_btc_15m_ema50_ema800_off600_down_H-1781709000000000", "direction": "DOWN", "entry_ask": 0.86, "entry_vwap": "0.8600000000000000976996261666", "filled_count": 5}
2026-06-17 15:10:05.003232+00	fire	shadow_scalp_exit_btc_5m_d3_v1	{"mode": "paper", "fired": true, "reason": "paper_fill", "fire_us": 1781709005000000, "direction": "UP", "stake_usd": "5", "entry_vwap": "0.6500000000000000222044604923"}
2026-06-17 15:15:45.129287+00	resolve	kalshi_sniper_btc_15m_ema50_ema800_off600_down_H	{"won": false, "mode": "paper", "ticker": "KXBTC15M-26JUN171115-15", "outcome": "yes", "pnl_usd": -5.0, "direction": "DOWN", "stake_usd": "5", "entry_vwap": "0.8600000000000000976996261666", "event_type": "sleeve_fire_resolved", "resolve_at_us": 1781709345000000, "window_end_us": 1781709300000000}
2026-06-17 15:17:15.056677+00	resolve	poly_sniper_v5_btc_15m_ema50_ema800_off600_down	{"won": false, "mode": "paper", "outcome": "up", "pnl_usd": -5.0, "direction": "DOWN", "stake_usd": "5", "entry_vwap": "0.8399999999999999689137553101", "event_type": "sleeve_fire_resolved", "slot_end_us": 1781709300000000, "condition_id": "0x50559ea8d7c63e1f692e330448ca814e22219e197ca2599f7e39acdcab230da3", "resolve_at_us": 1781709345000000}
2026-06-17 15:18:15.073169+00	resolve	shadow_scalp_exit_btc_5m_d3_v1	{"won": true, "mode": "paper", "outcome": "up", "pnl_usd": 2.692307692307692, "direction": "UP", "stake_usd": "5", "entry_vwap": "0.6500000000000000222044604923", "event_type": "sleeve_fire_resolved", "slot_end_us": 1781709300000000, "condition_id": "0x6eec100acccf142a9cc658f15e26eab76e8c53856fcab696802a4021e7f5fa6f", "resolve_at_us": 1781709345000000}
2026-06-17 15:50:05.003476+00	fire	shadow_scalp_exit_btc_5m_d3_v1	{"mode": "paper", "fired": true, "reason": "paper_fill", "fire_us": 1781711405000000, "direction": "UP", "stake_usd": "5", "entry_vwap": "0.5999999999999999777955395073"}
2026-06-17 15:58:15.053366+00	resolve	shadow_scalp_exit_btc_5m_d3_v1	{"won": false, "mode": "paper", "outcome": "down", "pnl_usd": -5.0, "direction": "UP", "stake_usd": "5", "entry_vwap": "0.5999999999999999777955395073", "event_type": "sleeve_fire_resolved", "slot_end_us": 1781711700000000, "condition_id": "0xa244269db7a0c515468300867e30229e31320be99c6b70299eec2f21afd271cf", "resolve_at_us": 1781711745000000}
2026-06-17 16:00:05.003341+00	fire	shadow_scalp_exit_btc_5m_d3_v1	{"mode": "paper", "fired": true, "reason": "paper_fill", "fire_us": 1781712005000000, "direction": "UP", "stake_usd": "5", "entry_vwap": "0.5"}
2026-06-17 16:07:15.042874+00	resolve	shadow_scalp_exit_btc_5m_d3_v1	{"won": true, "mode": "paper", "outcome": "up", "pnl_usd": 5.0, "direction": "UP", "stake_usd": "5", "entry_vwap": "0.5", "event_type": "sleeve_fire_resolved", "slot_end_us": 1781712300000000, "condition_id": "0x6f1b78a4bd2094c483323721c708dbf6f29d822b96ce34e4d148ab84834678f0", "resolve_at_us": 1781712345000000}
2026-06-17 16:25:05.002761+00	fire	shadow_scalp_exit_btc_5m_d3_v1	{"mode": "paper", "fired": true, "reason": "paper_fill", "fire_us": 1781713505000000, "direction": "UP", "stake_usd": "5", "entry_vwap": "0.5849344675113516967002169619"}
2026-06-17 16:30:05.003001+00	fire	shadow_scalp_exit_btc_5m_d3_v1	{"mode": "paper", "fired": true, "reason": "paper_fill", "fire_us": 1781713805000000, "direction": "UP", "stake_usd": "5", "entry_vwap": "0.4799999999999999267252803745"}
2026-06-17 16:33:15.065808+00	resolve	shadow_scalp_exit_btc_5m_d3_v1	{"won": true, "mode": "paper", "outcome": "up", "pnl_usd": 3.547966101694915, "direction": "UP", "stake_usd": "5", "entry_vwap": "0.5849344675113516967002169619", "event_type": "sleeve_fire_resolved", "slot_end_us": 1781713800000000, "condition_id": "0xe0785fefe6533c8d663ab847e9e8ed7a7aa7b7649a2e1dfac2e7edad974ad644", "resolve_at_us": 1781713845000000}
2026-06-17 16:37:45.056887+00	resolve	shadow_scalp_exit_btc_5m_d3_v1	{"won": false, "mode": "paper", "outcome": "down", "pnl_usd": -5.0, "direction": "UP", "stake_usd": "5", "entry_vwap": "0.4799999999999999267252803745", "event_type": "sleeve_fire_resolved", "slot_end_us": 1781714100000000, "condition_id": "0xdb4e01639f4c27b8bc6e56bb2cbf068ae6904009327e722dd1aa6eb7b2f68f0b", "resolve_at_us": 1781714145000000}
2026-06-17 17:35:05.002943+00	fire	shadow_scalp_exit_btc_5m_d3_v1	{"mode": "paper", "fired": true, "reason": "paper_fill", "fire_us": 1781717705000000, "direction": "DOWN", "stake_usd": "5", "entry_vwap": "0.6600000000000000310862446891"}
2026-06-17 17:43:45.061499+00	resolve	shadow_scalp_exit_btc_5m_d3_v1	{"won": true, "mode": "paper", "outcome": "down", "pnl_usd": 2.5757575757575744, "direction": "DOWN", "stake_usd": "5", "entry_vwap": "0.6600000000000000310862446891", "event_type": "sleeve_fire_resolved", "slot_end_us": 1781718000000000, "condition_id": "0x6d08b356e4e56078c1ce4a8c5a50c27f0fdb00941c8948afd110cb651e954066", "resolve_at_us": 1781718045000000}
2026-06-17 17:55:05.002794+00	fire	shadow_scalp_exit_btc_5m_d3_v1	{"mode": "paper", "fired": true, "reason": "paper_fill", "fire_us": 1781718905000000, "direction": "UP", "stake_usd": "5", "entry_vwap": "0.6274509803921568540374664733"}
2026-06-17 18:02:45.049856+00	resolve	shadow_scalp_exit_btc_5m_d3_v1	{"won": false, "mode": "paper", "outcome": "down", "pnl_usd": -5.0, "direction": "UP", "stake_usd": "5", "entry_vwap": "0.6274509803921568540374664733", "event_type": "sleeve_fire_resolved", "slot_end_us": 1781719200000000, "condition_id": "0x8235e3dc5c0558d9eb80d8ffedf39f5620d38ea9fbe45074fd5d87004bce807e", "resolve_at_us": 1781719245000000}
2026-06-17 18:10:00.002392+00	fire	poly_sniper_v5_btc_15m_ema50_ema800_off600_down	{"mode": "paper", "fired": true, "reason": "paper_fill", "fire_us": 1781719800000000, "direction": "DOWN", "stake_usd": "5", "entry_vwap": "0.9799999999999999822364316056"}
2026-06-17 18:10:05.002875+00	fire	shadow_scalp_exit_btc_5m_d3_v1	{"mode": "paper", "fired": true, "reason": "paper_fill", "fire_us": 1781719805000000, "direction": "UP", "stake_usd": "5", "entry_vwap": "0.5799999999999999600319711133"}
2026-06-17 18:15:05.003999+00	fire	shadow_scalp_exit_btc_5m_d3_v1	{"mode": "paper", "fired": true, "reason": "paper_fill", "fire_us": 1781720105000000, "direction": "DOWN", "stake_usd": "5", "entry_vwap": "0.5500000000000000444089209848"}
2026-06-17 18:15:45.011469+00	resolve	poly_sniper_v5_btc_15m_ema50_ema800_off600_down	{"won": true, "mode": "paper", "outcome": "down", "pnl_usd": 0.10204081632653013, "direction": "DOWN", "stake_usd": "5", "entry_vwap": "0.9799999999999999822364316056", "event_type": "sleeve_fire_resolved", "slot_end_us": 1781720100000000, "condition_id": "0x70e8b46b1be4d6bb4c12c5fe7a93c3532477c8782fc967e84e69e37dab82a898", "resolve_at_us": 1781720145000000}
2026-06-17 18:18:15.077311+00	resolve	shadow_scalp_exit_btc_5m_d3_v1	{"won": false, "mode": "paper", "outcome": "down", "pnl_usd": -5.0, "direction": "UP", "stake_usd": "5", "entry_vwap": "0.5799999999999999600319711133", "event_type": "sleeve_fire_resolved", "slot_end_us": 1781720100000000, "condition_id": "0x0531d6b85eeee13f3f7e90ba1e663929a41adf78c3b9fe7621bd41f1d97e28b9", "resolve_at_us": 1781720145000000}
2026-06-17 18:23:15.066465+00	resolve	shadow_scalp_exit_btc_5m_d3_v1	{"won": false, "mode": "paper", "outcome": "up", "pnl_usd": -5.0, "direction": "DOWN", "stake_usd": "5", "entry_vwap": "0.5500000000000000444089209848", "event_type": "sleeve_fire_resolved", "slot_end_us": 1781720400000000, "condition_id": "0xa35c539d0387bbe412fee141a8de562a3f77072a014fc9f8d972f494a12daa22", "resolve_at_us": 1781720445000000}
2026-06-17 18:25:00.197189+00	order_placed	kalshi_sniper_btc_15m_ema50_ema800_off600_down_H	{"mode": "paper", "side": "no", "fired": true, "status": "paper", "ticker": "KXBTC15M-26JUN171430-30", "offset_s": 600, "order_id": "paper-kalshi_sniper_btc_15m_ema50_ema800_off600_down_H-1781720700000000", "direction": "DOWN", "entry_ask": 0.26, "entry_vwap": "0.2600000000000000088817841969", "filled_count": 19}
2026-06-17 18:25:05.005158+00	fire	shadow_scalp_exit_btc_5m_d3_v1	{"mode": "paper", "fired": true, "reason": "paper_fill", "fire_us": 1781720705000000, "direction": "DOWN", "stake_usd": "5", "entry_vwap": "0.5600000000000000532907051819"}
2026-06-17 18:30:45.116447+00	resolve	kalshi_sniper_btc_15m_ema50_ema800_off600_down_H	{"won": false, "mode": "paper", "ticker": "KXBTC15M-26JUN171430-30", "outcome": "yes", "pnl_usd": -5.0, "direction": "DOWN", "stake_usd": "5", "entry_vwap": "0.2600000000000000088817841969", "event_type": "sleeve_fire_resolved", "resolve_at_us": 1781721045000000, "window_end_us": 1781721000000000}
2026-06-17 18:33:15.055415+00	resolve	shadow_scalp_exit_btc_5m_d3_v1	{"won": false, "mode": "paper", "outcome": "up", "pnl_usd": -5.0, "direction": "DOWN", "stake_usd": "5", "entry_vwap": "0.5600000000000000532907051819", "event_type": "sleeve_fire_resolved", "slot_end_us": 1781721000000000, "condition_id": "0xa12d2514e25d165f76b6eb58b8539e927cfd544d20eb4afca7f7629085c72308", "resolve_at_us": 1781721045000000}
2026-06-17 18:35:05.006923+00	fire	shadow_scalp_exit_btc_5m_d3_v1	{"mode": "paper", "fired": true, "reason": "paper_fill", "fire_us": 1781721305000000, "direction": "UP", "stake_usd": "5", "entry_vwap": "0.5799999999999999600319711133"}
2026-06-17 18:40:05.00244+00	fire	shadow_scalp_exit_btc_5m_d3_v1	{"mode": "paper", "fired": true, "reason": "paper_fill", "fire_us": 1781721605000000, "direction": "UP", "stake_usd": "5", "entry_vwap": "0.5799999999999999600319711133"}
2026-06-17 18:41:45.0289+00	resolve	shadow_scalp_exit_btc_5m_d3_v1	{"won": true, "mode": "paper", "outcome": "up", "pnl_usd": 3.6206896551724146, "direction": "UP", "stake_usd": "5", "entry_vwap": "0.5799999999999999600319711133", "event_type": "sleeve_fire_resolved", "slot_end_us": 1781721600000000, "condition_id": "0x60150f78fd4a85a9289df04029178d4c16a14760f26ded57384eb9eb5e0f1eb7", "resolve_at_us": 1781721645000000}
2026-06-17 18:45:05.003236+00	fire	shadow_scalp_exit_btc_5m_d3_v1	{"mode": "paper", "fired": true, "reason": "paper_fill", "fire_us": 1781721905000000, "direction": "DOWN", "stake_usd": "5", "entry_vwap": "0.5500000000000000444089209848"}
2026-06-17 18:46:45.030702+00	resolve	shadow_scalp_exit_btc_5m_d3_v1	{"won": true, "mode": "paper", "outcome": "up", "pnl_usd": 3.6206896551724146, "direction": "UP", "stake_usd": "5", "entry_vwap": "0.5799999999999999600319711133", "event_type": "sleeve_fire_resolved", "slot_end_us": 1781721900000000, "condition_id": "0xe5496082aef49d40e927edc1ad65671d6bfcc46e9d951d294c888f761bf3e717", "resolve_at_us": 1781721945000000}
2026-06-17 18:50:05.004573+00	fire	shadow_scalp_exit_btc_5m_d3_v1	{"mode": "paper", "fired": true, "reason": "paper_fill", "fire_us": 1781722205000000, "direction": "DOWN", "stake_usd": "5", "entry_vwap": "0.6100000000000000976996261668"}
2026-06-17 18:50:45.009336+00	resolve	shadow_scalp_exit_btc_5m_d3_v1	{"won": true, "mode": "paper", "outcome": "down", "pnl_usd": 4.09090909090909, "direction": "DOWN", "stake_usd": "5", "entry_vwap": "0.5500000000000000444089209848", "event_type": "sleeve_fire_resolved", "slot_end_us": 1781722200000000, "condition_id": "0x83ff14738aefd176c2e93e59d8ac427c1898ef22ad193481d9fbf310881a7c5a", "resolve_at_us": 1781722245000000}
2026-06-17 18:56:15.019355+00	resolve	shadow_scalp_exit_btc_5m_d3_v1	{"won": true, "mode": "paper", "outcome": "down", "pnl_usd": 3.1967213114754087, "direction": "DOWN", "stake_usd": "5", "entry_vwap": "0.6100000000000000976996261668", "event_type": "sleeve_fire_resolved", "slot_end_us": 1781722500000000, "condition_id": "0x69f37863dfebf97d350beb67d3930a0c3f3bedf967ca63b8dc1ad6cc59636995", "resolve_at_us": 1781722545000000}
2026-06-17 19:00:05.004015+00	fire	shadow_scalp_exit_btc_5m_d3_v1	{"mode": "paper", "fired": true, "reason": "paper_fill", "fire_us": 1781722805000000, "direction": "UP", "stake_usd": "5", "entry_vwap": "0.6199999999999999955591079013"}
2026-06-17 19:07:45.056548+00	resolve	shadow_scalp_exit_btc_5m_d3_v1	{"won": false, "mode": "paper", "outcome": "down", "pnl_usd": -5.0, "direction": "UP", "stake_usd": "5", "entry_vwap": "0.6199999999999999955591079013", "event_type": "sleeve_fire_resolved", "slot_end_us": 1781723100000000, "condition_id": "0x49fc2400776eee482d51dd21e5eb1bf98f5b49f5a4f87c49566069ce8760b6d0", "resolve_at_us": 1781723145000000}
2026-06-17 19:10:00.002598+00	fire	poly_sniper_v5_btc_15m_ema50_ema800_off600_down	{"mode": "paper", "fired": true, "reason": "paper_fill", "fire_us": 1781723400000000, "direction": "DOWN", "stake_usd": "5", "entry_vwap": "0.9699999999999999733546474086"}
2026-06-17 19:17:15.049971+00	resolve	poly_sniper_v5_btc_15m_ema50_ema800_off600_down	{"won": true, "mode": "paper", "outcome": "down", "pnl_usd": 0.15463917525773152, "direction": "DOWN", "stake_usd": "5", "entry_vwap": "0.9699999999999999733546474086", "event_type": "sleeve_fire_resolved", "slot_end_us": 1781723700000000, "condition_id": "0xf0cd920db936c189cc46225b3eff957dd091163bc5b1a514ed99414f4c5e7642", "resolve_at_us": 1781723745000000}
2026-06-17 19:25:00.003083+00	fire	poly_sniper_v5_btc_15m_ema50_ema800_off600_down	{"mode": "paper", "fired": true, "reason": "paper_fill", "fire_us": 1781724300000000, "direction": "DOWN", "stake_usd": "5", "entry_vwap": "0.9969999999999999973354647406"}
2026-06-17 19:25:05.003589+00	fire	shadow_scalp_exit_btc_5m_d3_v1	{"mode": "paper", "fired": true, "reason": "paper_fill", "fire_us": 1781724305000000, "direction": "UP", "stake_usd": "5", "entry_vwap": "0.6400000000000000133226762952"}
2026-06-17 19:30:05.003637+00	fire	shadow_scalp_exit_btc_5m_d3_v1	{"mode": "paper", "fired": true, "reason": "paper_fill", "fire_us": 1781724605000000, "direction": "UP", "stake_usd": "5", "entry_vwap": "0.5899999999999999689137553103"}
2026-06-17 19:30:45.01231+00	resolve	shadow_scalp_exit_btc_5m_d3_v1	{"won": false, "mode": "paper", "outcome": "down", "pnl_usd": -5.0, "direction": "UP", "stake_usd": "5", "entry_vwap": "0.6400000000000000133226762952", "event_type": "sleeve_fire_resolved", "slot_end_us": 1781724600000000, "condition_id": "0xcb051fa0ede702786977c0ce3587375b224c59a61a1a96df4e17a0ab86aa981e", "resolve_at_us": 1781724645000000}
2026-06-17 19:30:45.01679+00	resolve	poly_sniper_v5_btc_15m_ema50_ema800_off600_down	{"won": true, "mode": "paper", "outcome": "down", "pnl_usd": 0.01504513540621867, "direction": "DOWN", "stake_usd": "5", "entry_vwap": "0.9969999999999999973354647406", "event_type": "sleeve_fire_resolved", "slot_end_us": 1781724600000000, "condition_id": "0xaaf542dad2164919499dec78934017d9dc46b3760d996159fbf9dab4edbb29a4", "resolve_at_us": 1781724645000000}
2026-06-17 19:35:45.009213+00	resolve	shadow_scalp_exit_btc_5m_d3_v1	{"won": false, "mode": "paper", "outcome": "down", "pnl_usd": -5.0, "direction": "UP", "stake_usd": "5", "entry_vwap": "0.5899999999999999689137553103", "event_type": "sleeve_fire_resolved", "slot_end_us": 1781724900000000, "condition_id": "0x93b45428c0dc5d2a3525a660c7d45fc6b1d85b5fd632f86a9765cf451dc5f207", "resolve_at_us": 1781724945000000}
2026-06-17 19:40:00.002897+00	fire	poly_sniper_v5_btc_15m_ema50_ema800_off600_down	{"mode": "paper", "fired": true, "reason": "paper_fill", "fire_us": 1781725200000000, "direction": "DOWN", "stake_usd": "5", "entry_vwap": "0.8100000000000000532907051816"}
2026-06-17 19:40:00.196256+00	order_placed	kalshi_sniper_btc_15m_ema50_ema800_off600_down_H	{"mode": "paper", "side": "no", "fired": true, "status": "paper", "ticker": "KXBTC15M-26JUN171545-45", "offset_s": 600, "order_id": "paper-kalshi_sniper_btc_15m_ema50_ema800_off600_down_H-1781725200000000", "direction": "DOWN", "entry_ask": 0.87, "entry_vwap": "0.8700000000000001065814103637", "filled_count": 5}
2026-06-17 19:40:05.010151+00	fire	shadow_scalp_exit_btc_5m_d3_v1	{"mode": "paper", "fired": true, "reason": "paper_fill", "fire_us": 1781725205000000, "direction": "DOWN", "stake_usd": "5", "entry_vwap": "0.5699999999999999511501869163"}
2026-06-17 19:45:05.002692+00	fire	shadow_scalp_exit_btc_5m_d3_v1	{"mode": "paper", "fired": true, "reason": "paper_fill", "fire_us": 1781725505000000, "direction": "UP", "stake_usd": "5", "entry_vwap": "0.5999999999999999777955395073"}
2026-06-17 19:45:45.106515+00	resolve	kalshi_sniper_btc_15m_ema50_ema800_off600_down_H	{"won": true, "mode": "paper", "ticker": "KXBTC15M-26JUN171545-45", "outcome": "no", "pnl_usd": 0.7471264367816077, "direction": "DOWN", "stake_usd": "5", "entry_vwap": "0.8700000000000001065814103637", "event_type": "sleeve_fire_resolved", "resolve_at_us": 1781725545000000, "window_end_us": 1781725500000000}
2026-06-17 19:46:00.386571+00	order_placed	kalshi_scalp_exit_btc_15m_d3_v1	{"mode": "paper", "side": "no", "fired": true, "status": "paper", "ticker": "KXBTC15M-26JUN171600-00", "offset_s": 60, "order_id": "paper-kalshi_scalp_exit_btc_15m_d3_v1-1781725560000000", "direction": "DOWN", "entry_ask": 0.52, "entry_vwap": "0.5200000000000000177635683938", "filled_count": 9}
2026-06-17 19:46:15.024485+00	resolve	poly_sniper_v5_btc_15m_ema50_ema800_off600_down	{"won": true, "mode": "paper", "outcome": "down", "pnl_usd": 1.1728395061728392, "direction": "DOWN", "stake_usd": "5", "entry_vwap": "0.8100000000000000532907051816", "event_type": "sleeve_fire_resolved", "slot_end_us": 1781725500000000, "condition_id": "0x27d113e833164385ff533d1f9bd9a5e66e254640c3f033e80bff2cecad901e0b", "resolve_at_us": 1781725545000000}
2026-06-17 19:46:45.026394+00	resolve	shadow_scalp_exit_btc_5m_d3_v1	{"won": true, "mode": "paper", "outcome": "down", "pnl_usd": 3.7719298245614024, "direction": "DOWN", "stake_usd": "5", "entry_vwap": "0.5699999999999999511501869163", "event_type": "sleeve_fire_resolved", "slot_end_us": 1781725500000000, "condition_id": "0xe397657854e994e0cfd82d90ca108e76c837f66f9902b9bae3bf189d0aa01a79", "resolve_at_us": 1781725545000000}
2026-06-17 19:47:02.346717+00	resolve	kalshi_scalp_exit_btc_15m_d3_v1	{"mode": "paper", "shares": 9, "ticker": "KXBTC15M-26JUN171600-00", "direction": "DOWN", "exit_type": "scalp_time", "fill_vwap": 0.52, "sell_vwap": 0.43, "realized_pnl": -0.8100000000000003, "suppress_settlement": true}
2026-06-17 19:50:05.00457+00	fire	shadow_scalp_exit_btc_5m_d3_v1	{"mode": "paper", "fired": true, "reason": "paper_fill", "fire_us": 1781725805000000, "direction": "DOWN", "stake_usd": "5", "entry_vwap": "0.4099999999999999755750934581"}
2026-06-17 19:53:45.070205+00	resolve	shadow_scalp_exit_btc_5m_d3_v1	{"won": false, "mode": "paper", "outcome": "down", "pnl_usd": -5.0, "direction": "UP", "stake_usd": "5", "entry_vwap": "0.5999999999999999777955395073", "event_type": "sleeve_fire_resolved", "slot_end_us": 1781725800000000, "condition_id": "0xb35d2f10db1320000c4b5514bdffa588567e04a5fb7682af7d0c6c3e7f497791", "resolve_at_us": 1781725845000000}
2026-06-17 19:55:00.004559+00	fire	poly_sniper_v5_btc_15m_ema50_ema800_off600_down	{"mode": "paper", "fired": true, "reason": "paper_fill", "fire_us": 1781726100000000, "direction": "DOWN", "stake_usd": "5", "entry_vwap": "0.4799999999999999267252803745"}
2026-06-17 19:55:00.348322+00	order_placed	kalshi_sniper_btc_15m_ema50_ema800_off600_down_H	{"mode": "paper", "side": "no", "fired": true, "status": "paper", "ticker": "KXBTC15M-26JUN171600-00", "offset_s": 600, "order_id": "paper-kalshi_sniper_btc_15m_ema50_ema800_off600_down_H-1781726100000000", "direction": "DOWN", "entry_ask": 0.5, "entry_vwap": "0.5", "filled_count": 10}
2026-06-17 19:55:05.006345+00	fire	shadow_scalp_exit_btc_5m_d3_v1	{"mode": "paper", "fired": true, "reason": "paper_fill", "fire_us": 1781726105000000, "direction": "UP", "stake_usd": "5", "entry_vwap": "0.6800000000000000488498130833"}
2026-06-17 19:58:15.060526+00	resolve	shadow_scalp_exit_btc_5m_d3_v1	{"won": false, "mode": "paper", "outcome": "up", "pnl_usd": -5.0, "direction": "DOWN", "stake_usd": "5", "entry_vwap": "0.4099999999999999755750934581", "event_type": "sleeve_fire_resolved", "slot_end_us": 1781726100000000, "condition_id": "0x1f55cdea41863fd45e1a473c8a1cdea50fcae7e664f7414ee1805b246ba55944", "resolve_at_us": 1781726145000000}
2026-06-17 20:00:05.007078+00	fire	shadow_scalp_exit_btc_5m_d3_v1	{"mode": "paper", "fired": true, "reason": "paper_fill", "fire_us": 1781726405000000, "direction": "DOWN", "stake_usd": "5", "entry_vwap": "0.5899999999999999689137553103"}
2026-06-17 20:00:45.12022+00	resolve	kalshi_sniper_btc_15m_ema50_ema800_off600_down_H	{"won": false, "mode": "paper", "ticker": "KXBTC15M-26JUN171600-00", "outcome": "yes", "pnl_usd": -5.0, "direction": "DOWN", "stake_usd": "5", "entry_vwap": "0.5", "event_type": "sleeve_fire_resolved", "resolve_at_us": 1781726445000000, "window_end_us": 1781726400000000}
2026-06-17 20:01:45.040984+00	resolve	poly_sniper_v5_btc_15m_ema50_ema800_off600_down	{"won": false, "mode": "paper", "outcome": "up", "pnl_usd": -5.0, "direction": "DOWN", "stake_usd": "5", "entry_vwap": "0.4799999999999999267252803745", "event_type": "sleeve_fire_resolved", "slot_end_us": 1781726400000000, "condition_id": "0x526b12847a50f0dd7f411ae617a5c08d46c44b35d98408114c003fcc786e4e98", "resolve_at_us": 1781726445000000}
2026-06-17 20:03:15.073145+00	resolve	shadow_scalp_exit_btc_5m_d3_v1	{"won": true, "mode": "paper", "outcome": "up", "pnl_usd": 2.352941176470588, "direction": "UP", "stake_usd": "5", "entry_vwap": "0.6800000000000000488498130833", "event_type": "sleeve_fire_resolved", "slot_end_us": 1781726400000000, "condition_id": "0x5ebbe63096d0013f5beafa6075883ef8cd414ea68cca3c90720b01798af0a41d", "resolve_at_us": 1781726445000000}
2026-06-17 20:08:15.078312+00	resolve	shadow_scalp_exit_btc_5m_d3_v1	{"won": false, "mode": "paper", "outcome": "up", "pnl_usd": -5.0, "direction": "DOWN", "stake_usd": "5", "entry_vwap": "0.5899999999999999689137553103", "event_type": "sleeve_fire_resolved", "slot_end_us": 1781726700000000, "condition_id": "0x01b167ff0078172bfd05929cdde8bb5dd1592f4b8ef34c8a2156948d8e1300e4", "resolve_at_us": 1781726745000000}
2026-06-17 20:10:00.003684+00	fire	poly_sniper_v5_btc_15m_ema50_ema800_off600_down	{"mode": "paper", "fired": true, "reason": "paper_fill", "fire_us": 1781727000000000, "direction": "DOWN", "stake_usd": "5", "entry_vwap": "0.2600000000000000088817841969"}
2026-06-17 20:16:00.188346+00	order_placed	kalshi_scalp_exit_btc_15m_d3_v1	{"mode": "paper", "side": "yes", "fired": true, "status": "paper", "ticker": "KXBTC15M-26JUN171630-30", "offset_s": 60, "order_id": "paper-kalshi_scalp_exit_btc_15m_d3_v1-1781727360000000", "direction": "UP", "entry_ask": 0.54, "entry_vwap": "0.5400000000000000355271367879", "filled_count": 9}
2026-06-17 20:16:45.03829+00	resolve	poly_sniper_v5_btc_15m_ema50_ema800_off600_down	{"won": true, "mode": "paper", "outcome": "down", "pnl_usd": 14.23076923076923, "direction": "DOWN", "stake_usd": "5", "entry_vwap": "0.2600000000000000088817841969", "event_type": "sleeve_fire_resolved", "slot_end_us": 1781727300000000, "condition_id": "0x9e87f980ed0b2a4567b135624c0087e902ec4b678f5e05d46868915bfe036cd8", "resolve_at_us": 1781727345000000}
2026-06-17 20:17:01.974221+00	resolve	kalshi_scalp_exit_btc_15m_d3_v1	{"mode": "paper", "shares": 9, "ticker": "KXBTC15M-26JUN171630-30", "direction": "UP", "exit_type": "scalp_time", "fill_vwap": 0.54, "sell_vwap": 0.4600000000000001, "realized_pnl": -0.7199999999999996, "suppress_settlement": true}
2026-06-17 20:40:00.204546+00	order_placed	kalshi_sniper_btc_15m_ema50_ema800_off600_down_H	{"mode": "paper", "side": "no", "fired": true, "status": "paper", "ticker": "KXBTC15M-26JUN171645-45", "offset_s": 600, "order_id": "paper-kalshi_sniper_btc_15m_ema50_ema800_off600_down_H-1781728800000000", "direction": "DOWN", "entry_ask": 0.33999999999999997, "entry_vwap": "0.3399999999999999689137553104", "filled_count": 14}
2026-06-17 20:45:45.097677+00	resolve	kalshi_sniper_btc_15m_ema50_ema800_off600_down_H	{"won": true, "mode": "paper", "ticker": "KXBTC15M-26JUN171645-45", "outcome": "no", "pnl_usd": 9.705882352941178, "direction": "DOWN", "stake_usd": "5", "entry_vwap": "0.3399999999999999689137553104", "event_type": "sleeve_fire_resolved", "resolve_at_us": 1781729145000000, "window_end_us": 1781729100000000}
2026-06-17 20:55:00.003012+00	fire	poly_sniper_v5_btc_15m_ema50_ema800_off600_down	{"mode": "paper", "fired": true, "reason": "paper_fill", "fire_us": 1781729700000000, "direction": "DOWN", "stake_usd": "5", "entry_vwap": "0.25"}
2026-06-17 20:55:00.196274+00	order_placed	kalshi_sniper_btc_15m_ema50_ema800_off600_down_H	{"mode": "paper", "side": "no", "fired": true, "status": "paper", "ticker": "KXBTC15M-26JUN171700-00", "offset_s": 600, "order_id": "paper-kalshi_sniper_btc_15m_ema50_ema800_off600_down_H-1781729700000000", "direction": "DOWN", "entry_ask": 0.26, "entry_vwap": "0.2600000000000000088817841969", "filled_count": 19}
2026-06-17 21:00:45.1102+00	resolve	kalshi_sniper_btc_15m_ema50_ema800_off600_down_H	{"won": false, "mode": "paper", "ticker": "KXBTC15M-26JUN171700-00", "outcome": "yes", "pnl_usd": -5.0, "direction": "DOWN", "stake_usd": "5", "entry_vwap": "0.2600000000000000088817841969", "event_type": "sleeve_fire_resolved", "resolve_at_us": 1781730045000000, "window_end_us": 1781730000000000}
2026-06-17 21:02:45.060996+00	resolve	poly_sniper_v5_btc_15m_ema50_ema800_off600_down	{"won": false, "mode": "paper", "outcome": "up", "pnl_usd": -5.0, "direction": "DOWN", "stake_usd": "5", "entry_vwap": "0.25", "event_type": "sleeve_fire_resolved", "slot_end_us": 1781730000000000, "condition_id": "0x72e6544bbaed7da4be6f4947c63020baf154ac1b8f84bec150bef3daa69f2fe8", "resolve_at_us": 1781730045000000}
2026-06-17 21:10:00.003291+00	fire	poly_sniper_v5_btc_15m_ema50_ema800_off600_down	{"mode": "paper", "fired": true, "reason": "paper_fill", "fire_us": 1781730600000000, "direction": "DOWN", "stake_usd": "5", "entry_vwap": "0.7818995209628251119582387216"}
2026-06-17 21:10:00.106038+00	order_placed	kalshi_sniper_btc_15m_ema50_ema800_off600_down_H	{"mode": "paper", "side": "no", "fired": true, "status": "paper", "ticker": "KXBTC15M-26JUN171715-15", "offset_s": 600, "order_id": "paper-kalshi_sniper_btc_15m_ema50_ema800_off600_down_H-1781730600000000", "direction": "DOWN", "entry_ask": 0.84, "entry_vwap": "0.8399999999999999689137553101", "filled_count": 5}
2026-06-17 21:15:45.009885+00	resolve	poly_sniper_v5_btc_15m_ema50_ema800_off600_down	{"won": true, "mode": "paper", "outcome": "down", "pnl_usd": 1.3946835443037966, "direction": "DOWN", "stake_usd": "5", "entry_vwap": "0.7818995209628251119582387216", "event_type": "sleeve_fire_resolved", "slot_end_us": 1781730900000000, "condition_id": "0x19d9a5e666bd2a6ed963d193d575cef409993355d9d86857e4e37b0d54dda7fc", "resolve_at_us": 1781730945000000}
2026-06-17 21:15:45.107217+00	resolve	kalshi_sniper_btc_15m_ema50_ema800_off600_down_H	{"won": true, "mode": "paper", "ticker": "KXBTC15M-26JUN171715-15", "outcome": "no", "pnl_usd": 0.9523809523809526, "direction": "DOWN", "stake_usd": "5", "entry_vwap": "0.8399999999999999689137553101", "event_type": "sleeve_fire_resolved", "resolve_at_us": 1781730945000000, "window_end_us": 1781730900000000}
2026-06-17 21:35:05.004586+00	fire	shadow_scalp_exit_btc_5m_d3_v1	{"mode": "paper", "fired": true, "reason": "paper_fill", "fire_us": 1781732105000000, "direction": "UP", "stake_usd": "5", "entry_vwap": "0.7600000000000000088817841968"}
2026-06-17 21:43:45.090941+00	resolve	shadow_scalp_exit_btc_5m_d3_v1	{"won": true, "mode": "paper", "outcome": "up", "pnl_usd": 1.5789473684210515, "direction": "UP", "stake_usd": "5", "entry_vwap": "0.7600000000000000088817841968", "event_type": "sleeve_fire_resolved", "slot_end_us": 1781732400000000, "condition_id": "0x2c92b15f2f8fddd94ea512c19492abfe2ce2b378f68dbc9ddff558e6ae843e10", "resolve_at_us": 1781732445000000}
2026-06-17 21:55:00.00495+00	fire	poly_sniper_v5_btc_15m_ema50_ema800_off600_down	{"mode": "paper", "fired": true, "reason": "paper_fill", "fire_us": 1781733300000000, "direction": "DOWN", "stake_usd": "5", "entry_vwap": "0.1100000000000000005551115123"}
2026-06-17 22:01:45.032293+00	resolve	poly_sniper_v5_btc_15m_ema50_ema800_off600_down	{"won": false, "mode": "paper", "outcome": "up", "pnl_usd": -5.0, "direction": "DOWN", "stake_usd": "5", "entry_vwap": "0.1100000000000000005551115123", "event_type": "sleeve_fire_resolved", "slot_end_us": 1781733600000000, "condition_id": "0x14f8369a60a19a395d4fb938642f17184191b52650f8b80d9c8a2f13340c440f", "resolve_at_us": 1781733645000000}
2026-06-17 22:10:00.003116+00	fire	poly_sniper_v5_btc_15m_ema50_ema800_off600_down	{"mode": "paper", "fired": true, "reason": "paper_fill", "fire_us": 1781734200000000, "direction": "DOWN", "stake_usd": "5", "entry_vwap": "0.7708728652751423160438548618"}
2026-06-17 22:17:15.054115+00	resolve	poly_sniper_v5_btc_15m_ema50_ema800_off600_down	{"won": true, "mode": "paper", "outcome": "down", "pnl_usd": 1.4861538461538462, "direction": "DOWN", "stake_usd": "5", "entry_vwap": "0.7708728652751423160438548618", "event_type": "sleeve_fire_resolved", "slot_end_us": 1781734500000000, "condition_id": "0xfdcbe9b2a009cec56dfbe13c846400e2c8458d73b5cf7fbb5e5263c22d8c02ce", "resolve_at_us": 1781734545000000}
2026-06-17 23:10:00.003342+00	fire	poly_sniper_v5_btc_15m_ema50_ema800_off600_down	{"mode": "paper", "fired": true, "reason": "paper_fill", "fire_us": 1781737800000000, "direction": "DOWN", "stake_usd": "5", "entry_vwap": "0.6100000000000000976996261668"}
2026-06-17 23:10:00.105294+00	order_placed	kalshi_sniper_btc_15m_ema50_ema800_off600_down_H	{"mode": "paper", "side": "no", "fired": true, "status": "paper", "ticker": "KXBTC15M-26JUN171915-15", "offset_s": 600, "order_id": "paper-kalshi_sniper_btc_15m_ema50_ema800_off600_down_H-1781737800000000", "direction": "DOWN", "entry_ask": 0.4, "entry_vwap": "0.4000000000000000222044604924", "filled_count": 12}
2026-06-17 23:15:45.043332+00	resolve	poly_sniper_v5_btc_15m_ema50_ema800_off600_down	{"won": false, "mode": "paper", "outcome": "up", "pnl_usd": -5.0, "direction": "DOWN", "stake_usd": "5", "entry_vwap": "0.6100000000000000976996261668", "event_type": "sleeve_fire_resolved", "slot_end_us": 1781738100000000, "condition_id": "0x922cbec15cb57b9dae96896b80ee1d26f51a4dd7e5f4b4b8c7281e8364085e0a", "resolve_at_us": 1781738145000000}
2026-06-17 23:15:45.100881+00	resolve	kalshi_sniper_btc_15m_ema50_ema800_off600_down_H	{"won": true, "mode": "paper", "ticker": "KXBTC15M-26JUN171915-15", "outcome": "no", "pnl_usd": 7.5, "direction": "DOWN", "stake_usd": "5", "entry_vwap": "0.4000000000000000222044604924", "event_type": "sleeve_fire_resolved", "resolve_at_us": 1781738145000000, "window_end_us": 1781738100000000}
2026-06-18 00:05:05.003775+00	fire	shadow_scalp_exit_btc_5m_d3_v1	{"mode": "paper", "fired": true, "reason": "paper_fill", "fire_us": 1781741105000000, "direction": "UP", "stake_usd": "5", "entry_vwap": "0.6600000000000000310862446891"}
2026-06-18 00:12:45.048574+00	resolve	shadow_scalp_exit_btc_5m_d3_v1	{"won": false, "mode": "paper", "outcome": "down", "pnl_usd": -5.0, "direction": "UP", "stake_usd": "5", "entry_vwap": "0.6600000000000000310862446891", "event_type": "sleeve_fire_resolved", "slot_end_us": 1781741400000000, "condition_id": "0xe7beeed688e616ba7d2d1c671399f5b8ef3d247726a79d2519501f70996d62c8", "resolve_at_us": 1781741445000000}
2026-06-18 00:40:00.002553+00	fire	poly_sniper_v5_btc_15m_ema50_ema800_off600_down	{"mode": "paper", "fired": true, "reason": "paper_fill", "fire_us": 1781743200000000, "direction": "DOWN", "stake_usd": "5", "entry_vwap": "0.7800000000000000266453525907"}
2026-06-18 00:40:00.198459+00	order_placed	kalshi_sniper_btc_15m_ema50_ema800_off600_down_H	{"mode": "paper", "side": "no", "fired": true, "status": "paper", "ticker": "KXBTC15M-26JUN172045-45", "offset_s": 600, "order_id": "paper-kalshi_sniper_btc_15m_ema50_ema800_off600_down_H-1781743200000000", "direction": "DOWN", "entry_ask": 0.76, "entry_vwap": "0.7600000000000000088817841968", "filled_count": 6}
2026-06-18 00:45:45.097878+00	resolve	kalshi_sniper_btc_15m_ema50_ema800_off600_down_H	{"won": true, "mode": "paper", "ticker": "KXBTC15M-26JUN172045-45", "outcome": "no", "pnl_usd": 1.5789473684210515, "direction": "DOWN", "stake_usd": "5", "entry_vwap": "0.7600000000000000088817841968", "event_type": "sleeve_fire_resolved", "resolve_at_us": 1781743545000000, "window_end_us": 1781743500000000}
2026-06-18 00:47:25.036667+00	resolve	poly_sniper_v5_btc_15m_ema50_ema800_off600_down	{"won": true, "mode": "paper", "outcome": "down", "pnl_usd": 1.41025641025641, "direction": "DOWN", "stake_usd": "5", "entry_vwap": "0.7800000000000000266453525907", "event_type": "sleeve_fire_resolved", "slot_end_us": 1781743500000000, "condition_id": "0xa2e0034dd200e13a50d65415efddb5009621680e6cde0a244842a56e4456817d", "resolve_at_us": 1781743545000000}
2026-06-18 00:55:00.003377+00	fire	poly_sniper_v5_btc_15m_ema50_ema800_off600_down	{"mode": "paper", "fired": true, "reason": "paper_fill", "fire_us": 1781744100000000, "direction": "DOWN", "stake_usd": "5", "entry_vwap": "0.9300000000000000488498130831"}
2026-06-18 00:55:00.116961+00	order_placed	kalshi_sniper_btc_15m_ema50_ema800_off600_down_H	{"mode": "paper", "side": "no", "fired": true, "status": "paper", "ticker": "KXBTC15M-26JUN172100-00", "offset_s": 600, "order_id": "paper-kalshi_sniper_btc_15m_ema50_ema800_off600_down_H-1781744100000000", "direction": "DOWN", "entry_ask": 0.88, "entry_vwap": "0.8800000000000000044408920982", "filled_count": 5}
2026-06-18 01:00:45.008612+00	resolve	poly_sniper_v5_btc_15m_ema50_ema800_off600_down	{"won": true, "mode": "paper", "outcome": "down", "pnl_usd": 0.3763440860215051, "direction": "DOWN", "stake_usd": "5", "entry_vwap": "0.9300000000000000488498130831", "event_type": "sleeve_fire_resolved", "slot_end_us": 1781744400000000, "condition_id": "0x02d11b959d877d38e59947ac83ad9709e28c6a2ea056c293ee0d88df45fe0ec7", "resolve_at_us": 1781744445000000}
2026-06-18 01:00:45.108793+00	resolve	kalshi_sniper_btc_15m_ema50_ema800_off600_down_H	{"won": true, "mode": "paper", "ticker": "KXBTC15M-26JUN172100-00", "outcome": "no", "pnl_usd": 0.681818181818181, "direction": "DOWN", "stake_usd": "5", "entry_vwap": "0.8800000000000000044408920982", "event_type": "sleeve_fire_resolved", "resolve_at_us": 1781744445000000, "window_end_us": 1781744400000000}
2026-06-18 01:40:00.002272+00	fire	poly_sniper_v5_btc_15m_ema50_ema800_off600_down	{"mode": "paper", "fired": true, "reason": "paper_fill", "fire_us": 1781746800000000, "direction": "DOWN", "stake_usd": "5", "entry_vwap": "0.7700000000000000177635683938"}
2026-06-18 01:40:00.187535+00	order_placed	kalshi_sniper_btc_15m_ema50_ema800_off600_down_H	{"mode": "paper", "side": "no", "fired": true, "status": "paper", "ticker": "KXBTC15M-26JUN172145-45", "offset_s": 600, "order_id": "paper-kalshi_sniper_btc_15m_ema50_ema800_off600_down_H-1781746800000000", "direction": "DOWN", "entry_ask": 0.79, "entry_vwap": "0.7900000000000000355271367877", "filled_count": 6}
2026-06-18 01:45:45.10868+00	resolve	kalshi_sniper_btc_15m_ema50_ema800_off600_down_H	{"won": true, "mode": "paper", "ticker": "KXBTC15M-26JUN172145-45", "outcome": "no", "pnl_usd": 1.3291139240506327, "direction": "DOWN", "stake_usd": "5", "entry_vwap": "0.7900000000000000355271367877", "event_type": "sleeve_fire_resolved", "resolve_at_us": 1781747145000000, "window_end_us": 1781747100000000}
2026-06-18 01:46:25.017522+00	resolve	poly_sniper_v5_btc_15m_ema50_ema800_off600_down	{"won": true, "mode": "paper", "outcome": "down", "pnl_usd": 1.4935064935064926, "direction": "DOWN", "stake_usd": "5", "entry_vwap": "0.7700000000000000177635683938", "event_type": "sleeve_fire_resolved", "slot_end_us": 1781747100000000, "condition_id": "0xbafcb6f0b692a58270b1cbd6d2dee3fac9bfb59c9b409c26ade3f56582f56e94", "resolve_at_us": 1781747145000000}
2026-06-18 01:55:00.003459+00	fire	poly_sniper_v5_btc_15m_ema50_ema800_off600_down	{"mode": "paper", "fired": true, "reason": "paper_fill", "fire_us": 1781747700000000, "direction": "DOWN", "stake_usd": "5", "entry_vwap": "0.9300000000000000488498130831"}
2026-06-18 02:00:05.003316+00	fire	shadow_scalp_exit_btc_5m_d3_v1	{"mode": "paper", "fired": true, "reason": "paper_fill", "fire_us": 1781748005000000, "direction": "UP", "stake_usd": "5", "entry_vwap": "0.7900000000000000355271367877"}
2026-06-18 02:04:05.053782+00	resolve	poly_sniper_v5_btc_15m_ema50_ema800_off600_down	{"won": true, "mode": "paper", "outcome": "down", "pnl_usd": 0.3763440860215051, "direction": "DOWN", "stake_usd": "5", "entry_vwap": "0.9300000000000000488498130831", "event_type": "sleeve_fire_resolved", "slot_end_us": 1781748000000000, "condition_id": "0x3ff7437acb9a2a48f8cb95dfea983674db4e272fe0aa3fdb0d4be1d07a72c187", "resolve_at_us": 1781748045000000}
2026-06-18 02:09:15.131004+00	resolve	shadow_scalp_exit_btc_5m_d3_v1	{"won": true, "mode": "paper", "outcome": "up", "pnl_usd": 1.3291139240506327, "direction": "UP", "stake_usd": "5", "entry_vwap": "0.7900000000000000355271367877", "event_type": "sleeve_fire_resolved", "slot_end_us": 1781748300000000, "condition_id": "0x216a6ed90118c8773deca72d144e136a826e49d926b775c536910decac3b02da", "resolve_at_us": 1781748345000000}
2026-06-18 02:10:00.002837+00	fire	poly_sniper_v5_btc_15m_ema50_ema800_off600_down	{"mode": "paper", "fired": true, "reason": "paper_fill", "fire_us": 1781748600000000, "direction": "DOWN", "stake_usd": "5", "entry_vwap": "0.3300000000000000155431223446"}
2026-06-18 02:10:00.339073+00	order_placed	kalshi_sniper_btc_15m_ema50_ema800_off600_down_H	{"mode": "paper", "side": "no", "fired": true, "status": "paper", "ticker": "KXBTC15M-26JUN172215-15", "offset_s": 600, "order_id": "paper-kalshi_sniper_btc_15m_ema50_ema800_off600_down_H-1781748600000000", "direction": "DOWN", "entry_ask": 0.22999999999999998, "entry_vwap": "0.2299999999999999822364316059", "filled_count": 21}
2026-06-18 02:15:45.095521+00	resolve	kalshi_sniper_btc_15m_ema50_ema800_off600_down_H	{"won": true, "mode": "paper", "ticker": "KXBTC15M-26JUN172215-15", "outcome": "no", "pnl_usd": 16.73913043478261, "direction": "DOWN", "stake_usd": "5", "entry_vwap": "0.2299999999999999822364316059", "event_type": "sleeve_fire_resolved", "resolve_at_us": 1781748945000000, "window_end_us": 1781748900000000}
2026-06-18 02:16:00.181818+00	order_placed	kalshi_scalp_exit_btc_15m_d3_v1	{"mode": "paper", "side": "no", "fired": true, "status": "paper", "ticker": "KXBTC15M-26JUN172230-30", "offset_s": 60, "order_id": "paper-kalshi_scalp_exit_btc_15m_d3_v1-1781748960000000", "direction": "DOWN", "entry_ask": 0.51, "entry_vwap": "0.5100000000000000088817841969", "filled_count": 9}
2026-06-18 02:17:02.06489+00	resolve	kalshi_scalp_exit_btc_15m_d3_v1	{"mode": "paper", "shares": 9, "ticker": "KXBTC15M-26JUN172230-30", "direction": "DOWN", "exit_type": "scalp_time", "fill_vwap": 0.51, "sell_vwap": 0.66, "realized_pnl": 1.35, "suppress_settlement": true}
2026-06-18 02:17:15.035837+00	resolve	poly_sniper_v5_btc_15m_ema50_ema800_off600_down	{"won": false, "mode": "paper", "outcome": "up", "pnl_usd": -5.0, "direction": "DOWN", "stake_usd": "5", "entry_vwap": "0.3300000000000000155431223446", "event_type": "sleeve_fire_resolved", "slot_end_us": 1781748900000000, "condition_id": "0x97ea3bf6624a521388da3bebfcdc4f2e2b17577fc32d6a28800d9800dac4d5a9", "resolve_at_us": 1781748945000000}
2026-06-18 03:10:00.003101+00	fire	poly_sniper_v5_btc_15m_ema50_ema800_off600_down	{"mode": "paper", "fired": true, "reason": "paper_fill", "fire_us": 1781752200000000, "direction": "DOWN", "stake_usd": "5", "entry_vwap": "0.9699999999999999733546474086"}
2026-06-18 03:16:15.021166+00	resolve	poly_sniper_v5_btc_15m_ema50_ema800_off600_down	{"won": true, "mode": "paper", "outcome": "down", "pnl_usd": 0.15463917525773152, "direction": "DOWN", "stake_usd": "5", "entry_vwap": "0.9699999999999999733546474086", "event_type": "sleeve_fire_resolved", "slot_end_us": 1781752500000000, "condition_id": "0x785b2c31206796aff0a271311bfd86b2574128b1cd3f40cad0523288831605b6", "resolve_at_us": 1781752545000000}
2026-06-18 03:25:00.003087+00	fire	poly_sniper_v5_btc_15m_ema50_ema800_off600_down	{"mode": "paper", "fired": true, "reason": "paper_fill", "fire_us": 1781753100000000, "direction": "DOWN", "stake_usd": "5", "entry_vwap": "0.9400000000000000577315972801"}
2026-06-18 03:26:00.002943+00	fire	poly_sniper_v5_eth_5m_l_ema50_hurst_grandparent_V10	{"mode": "paper", "fired": true, "reason": "paper_fill", "fire_us": 1781753160000000, "direction": "DOWN", "stake_usd": "5", "entry_vwap": "0.4899999999999999911182158028"}
2026-06-18 03:31:15.017979+00	resolve	poly_sniper_v5_eth_5m_l_ema50_hurst_grandparent_V10	{"won": true, "mode": "paper", "outcome": "down", "pnl_usd": 5.204081632653061, "direction": "DOWN", "stake_usd": "5", "entry_vwap": "0.4899999999999999911182158028", "event_type": "sleeve_fire_resolved", "slot_end_us": 1781753400000000, "condition_id": "0x84604d9daaa7e5cb2019fbfd3e12a76f08e977407bff7bb0bb6de7fca30fc574", "resolve_at_us": 1781753445000000}
2026-06-18 03:33:15.050387+00	resolve	poly_sniper_v5_btc_15m_ema50_ema800_off600_down	{"won": true, "mode": "paper", "outcome": "down", "pnl_usd": 0.31914893617021245, "direction": "DOWN", "stake_usd": "5", "entry_vwap": "0.9400000000000000577315972801", "event_type": "sleeve_fire_resolved", "slot_end_us": 1781753400000000, "condition_id": "0xe26d23f83b14ce56f2f6c360b070e477daeefe22ada05339f41422aaca2e44d8", "resolve_at_us": 1781753445000000}
2026-06-18 03:40:00.002494+00	fire	poly_sniper_v5_btc_15m_ema50_ema800_off600_down	{"mode": "paper", "fired": true, "reason": "paper_fill", "fire_us": 1781754000000000, "direction": "DOWN", "stake_usd": "5", "entry_vwap": "0.4199999999999999844568776551"}
2026-06-18 03:40:00.105049+00	order_placed	kalshi_sniper_btc_15m_ema50_ema800_off600_down_H	{"mode": "paper", "side": "no", "fired": true, "status": "paper", "ticker": "KXBTC15M-26JUN172345-45", "offset_s": 600, "order_id": "paper-kalshi_sniper_btc_15m_ema50_ema800_off600_down_H-1781754000000000", "direction": "DOWN", "entry_ask": 0.48, "entry_vwap": "0.4799999999999999267252803745", "filled_count": 10}
2026-06-18 03:45:45.100509+00	resolve	kalshi_sniper_btc_15m_ema50_ema800_off600_down_H	{"won": true, "mode": "paper", "ticker": "KXBTC15M-26JUN172345-45", "outcome": "no", "pnl_usd": 5.416666666666668, "direction": "DOWN", "stake_usd": "5", "entry_vwap": "0.4799999999999999267252803745", "event_type": "sleeve_fire_resolved", "resolve_at_us": 1781754345000000, "window_end_us": 1781754300000000}
2026-06-18 03:46:00.003898+00	fire	poly_sniper_v5_eth_5m_l_ema50_hurst_grandparent_V10	{"mode": "paper", "fired": true, "reason": "paper_fill", "fire_us": 1781754360000000, "direction": "DOWN", "stake_usd": "5", "entry_vwap": "0.4099999999999999755750934581"}
2026-06-18 03:48:15.062695+00	resolve	poly_sniper_v5_btc_15m_ema50_ema800_off600_down	{"won": false, "mode": "paper", "outcome": "up", "pnl_usd": -5.0, "direction": "DOWN", "stake_usd": "5", "entry_vwap": "0.4199999999999999844568776551", "event_type": "sleeve_fire_resolved", "slot_end_us": 1781754300000000, "condition_id": "0x668f499b7aa5cf1fcd50d682e7e54ba5549dac80b1360125bfc7d68aaa7b1936", "resolve_at_us": 1781754345000000}
2026-06-18 03:52:15.036188+00	resolve	poly_sniper_v5_eth_5m_l_ema50_hurst_grandparent_V10	{"won": false, "mode": "paper", "outcome": "up", "pnl_usd": -5.0, "direction": "DOWN", "stake_usd": "5", "entry_vwap": "0.4099999999999999755750934581", "event_type": "sleeve_fire_resolved", "slot_end_us": 1781754600000000, "condition_id": "0x2d75bd995881c28d814fd83ea736625a260f376e96d3b2af97d6c615570340e9", "resolve_at_us": 1781754645000000}
2026-06-18 03:55:00.003708+00	fire	poly_sniper_v5_btc_15m_ema50_ema800_off600_down	{"mode": "paper", "fired": true, "reason": "paper_fill", "fire_us": 1781754900000000, "direction": "DOWN", "stake_usd": "5", "entry_vwap": "0.3803393797542422571922315908"}
2026-06-18 04:00:45.010801+00	resolve	poly_sniper_v5_btc_15m_ema50_ema800_off600_down	{"won": true, "mode": "paper", "outcome": "down", "pnl_usd": 8.146153846153846, "direction": "DOWN", "stake_usd": "5", "entry_vwap": "0.3803393797542422571922315908", "event_type": "sleeve_fire_resolved", "slot_end_us": 1781755200000000, "condition_id": "0xa7de7a451f34bcf5a1ae72c07cfcf44ddcd4462cd0776dfcc5f0714d3c60db68", "resolve_at_us": 1781755245000000}
2026-06-18 04:06:00.002904+00	fire	poly_sniper_v5_eth_5m_l_ema50_hurst_grandparent_V10	{"mode": "paper", "fired": true, "reason": "paper_fill", "fire_us": 1781755560000000, "direction": "DOWN", "stake_usd": "5", "entry_vwap": "0.4000000000000000222044604924"}
2026-06-18 04:10:00.003444+00	fire	poly_sniper_v5_btc_15m_ema50_ema800_off600_down	{"mode": "paper", "fired": true, "reason": "paper_fill", "fire_us": 1781755800000000, "direction": "DOWN", "stake_usd": "5", "entry_vwap": "0.9900000000000001021405182651"}
2026-06-18 04:11:00.002549+00	fire	poly_sniper_v5_eth_5m_l_ema50_hurst_grandparent_V10	{"mode": "paper", "fired": true, "reason": "paper_fill", "fire_us": 1781755860000000, "direction": "DOWN", "stake_usd": "5", "entry_vwap": "0.7600000000000000088817841968"}
2026-06-18 04:11:55.029361+00	resolve	poly_sniper_v5_eth_5m_l_ema50_hurst_grandparent_V10	{"won": true, "mode": "paper", "outcome": "down", "pnl_usd": 7.5, "direction": "DOWN", "stake_usd": "5", "entry_vwap": "0.4000000000000000222044604924", "event_type": "sleeve_fire_resolved", "slot_end_us": 1781755800000000, "condition_id": "0x4555456b0f998bf3f9baa933416d2260453b035499f18673d686a71c7080aeb9", "resolve_at_us": 1781755845000000}
2026-06-18 04:15:05.003008+00	fire	shadow_scalp_exit_btc_5m_d3_v1	{"mode": "paper", "fired": true, "reason": "paper_fill", "fire_us": 1781756105000000, "direction": "UP", "stake_usd": "5", "entry_vwap": "0.6500000000000000222044604923"}
2026-06-18 04:15:45.009046+00	resolve	poly_sniper_v5_btc_15m_ema50_ema800_off600_down	{"won": true, "mode": "paper", "outcome": "down", "pnl_usd": 0.050505050505049984, "direction": "DOWN", "stake_usd": "5", "entry_vwap": "0.9900000000000001021405182651", "event_type": "sleeve_fire_resolved", "slot_end_us": 1781756100000000, "condition_id": "0xd6fa08a84800cdc939fbb1978f9e949a18ec699ef98444d6294773b15e104752", "resolve_at_us": 1781756145000000}
2026-06-18 04:17:15.033729+00	resolve	poly_sniper_v5_eth_5m_l_ema50_hurst_grandparent_V10	{"won": true, "mode": "paper", "outcome": "down", "pnl_usd": 1.5789473684210515, "direction": "DOWN", "stake_usd": "5", "entry_vwap": "0.7600000000000000088817841968", "event_type": "sleeve_fire_resolved", "slot_end_us": 1781756100000000, "condition_id": "0x2b00a097c6993cc0c69ba4aa1e2de6516d150b76ec265e0bcbacf0b5b1eeb4d0", "resolve_at_us": 1781756145000000}
2026-06-18 04:20:05.004532+00	fire	shadow_scalp_exit_btc_5m_d3_v1	{"mode": "paper", "fired": true, "reason": "paper_fill", "fire_us": 1781756405000000, "direction": "UP", "stake_usd": "5", "entry_vwap": "0.6199999999999999955591079013"}
2026-06-18 04:21:15.021496+00	resolve	shadow_scalp_exit_btc_5m_d3_v1	{"won": false, "mode": "paper", "outcome": "down", "pnl_usd": -5.0, "direction": "UP", "stake_usd": "5", "entry_vwap": "0.6500000000000000222044604923", "event_type": "sleeve_fire_resolved", "slot_end_us": 1781756400000000, "condition_id": "0x5e245d354bb1d38ff1130b8e0770739a720f26ca2b27330b35102e16b4f8f4e8", "resolve_at_us": 1781756445000000}
2026-06-18 04:25:00.002829+00	fire	poly_sniper_v5_btc_15m_ema50_ema800_off600_down	{"mode": "paper", "fired": true, "reason": "paper_fill", "fire_us": 1781756700000000, "direction": "DOWN", "stake_usd": "5", "entry_vwap": "0.3300000000000000155431223446"}
2026-06-18 04:25:00.190597+00	order_placed	kalshi_sniper_btc_15m_ema50_ema800_off600_down_H	{"mode": "paper", "side": "no", "fired": true, "status": "paper", "ticker": "KXBTC15M-26JUN180030-30", "offset_s": 600, "order_id": "paper-kalshi_sniper_btc_15m_ema50_ema800_off600_down_H-1781756700000000", "direction": "DOWN", "entry_ask": 0.4, "entry_vwap": "0.4000000000000000222044604924", "filled_count": 12}
2026-06-18 04:27:45.041415+00	resolve	shadow_scalp_exit_btc_5m_d3_v1	{"won": true, "mode": "paper", "outcome": "up", "pnl_usd": 3.064516129032258, "direction": "UP", "stake_usd": "5", "entry_vwap": "0.6199999999999999955591079013", "event_type": "sleeve_fire_resolved", "slot_end_us": 1781756700000000, "condition_id": "0xc34491e212747522e4349b3bb33402b97fcfab1f5a6c31ad1f07cb989d50ed7d", "resolve_at_us": 1781756745000000}
2026-06-18 04:30:45.099227+00	resolve	kalshi_sniper_btc_15m_ema50_ema800_off600_down_H	{"won": true, "mode": "paper", "ticker": "KXBTC15M-26JUN180030-30", "outcome": "no", "pnl_usd": 7.5, "direction": "DOWN", "stake_usd": "5", "entry_vwap": "0.4000000000000000222044604924", "event_type": "sleeve_fire_resolved", "resolve_at_us": 1781757045000000, "window_end_us": 1781757000000000}
2026-06-18 04:32:15.035788+00	resolve	poly_sniper_v5_btc_15m_ema50_ema800_off600_down	{"won": false, "mode": "paper", "outcome": "up", "pnl_usd": -5.0, "direction": "DOWN", "stake_usd": "5", "entry_vwap": "0.3300000000000000155431223446", "event_type": "sleeve_fire_resolved", "slot_end_us": 1781757000000000, "condition_id": "0xda253bec07dcb165aa364b399b74bce0f820bc87687e38874824bf39e9a553f9", "resolve_at_us": 1781757045000000}
2026-06-18 04:40:00.002529+00	fire	poly_sniper_v5_btc_15m_ema50_ema800_off600_down	{"mode": "paper", "fired": true, "reason": "paper_fill", "fire_us": 1781757600000000, "direction": "DOWN", "stake_usd": "5", "entry_vwap": "0.6700000000000000399680288863"}
2026-06-18 04:40:00.10219+00	order_placed	kalshi_sniper_btc_15m_ema50_ema800_off600_down_H	{"mode": "paper", "side": "no", "fired": true, "status": "paper", "ticker": "KXBTC15M-26JUN180045-45", "offset_s": 600, "order_id": "paper-kalshi_sniper_btc_15m_ema50_ema800_off600_down_H-1781757600000000", "direction": "DOWN", "entry_ask": 0.6699999999999999, "entry_vwap": "0.6699999999999999289457264238", "filled_count": 7}
2026-06-18 04:45:45.095398+00	resolve	kalshi_sniper_btc_15m_ema50_ema800_off600_down_H	{"won": true, "mode": "paper", "ticker": "KXBTC15M-26JUN180045-45", "outcome": "no", "pnl_usd": 2.4626865671641784, "direction": "DOWN", "stake_usd": "5", "entry_vwap": "0.6699999999999999289457264238", "event_type": "sleeve_fire_resolved", "resolve_at_us": 1781757945000000, "window_end_us": 1781757900000000}
2026-06-18 04:47:15.03554+00	resolve	poly_sniper_v5_btc_15m_ema50_ema800_off600_down	{"won": true, "mode": "paper", "outcome": "down", "pnl_usd": 2.4626865671641776, "direction": "DOWN", "stake_usd": "5", "entry_vwap": "0.6700000000000000399680288863", "event_type": "sleeve_fire_resolved", "slot_end_us": 1781757900000000, "condition_id": "0xeb6ce2fadf5e89f9774563a14b0346214af3b9520463fe5e1ccd97d455f71bf5", "resolve_at_us": 1781757945000000}
2026-06-18 04:55:00.002432+00	fire	poly_sniper_v5_btc_15m_ema50_ema800_off600_down	{"mode": "paper", "fired": true, "reason": "paper_fill", "fire_us": 1781758500000000, "direction": "DOWN", "stake_usd": "5", "entry_vwap": "0.2899999999999999800159855566"}
2026-06-18 04:55:00.352624+00	order_placed	kalshi_sniper_btc_15m_ema50_ema800_off600_down_H	{"mode": "paper", "side": "no", "fired": true, "status": "paper", "ticker": "KXBTC15M-26JUN180100-00", "offset_s": 600, "order_id": "paper-kalshi_sniper_btc_15m_ema50_ema800_off600_down_H-1781758500000000", "direction": "DOWN", "entry_ask": 0.36, "entry_vwap": "0.3599999999999999866773237044", "filled_count": 13}
2026-06-18 05:00:45.100913+00	resolve	kalshi_sniper_btc_15m_ema50_ema800_off600_down_H	{"won": false, "mode": "paper", "ticker": "KXBTC15M-26JUN180100-00", "outcome": "yes", "pnl_usd": -5.0, "direction": "DOWN", "stake_usd": "5", "entry_vwap": "0.3599999999999999866773237044", "event_type": "sleeve_fire_resolved", "resolve_at_us": 1781758845000000, "window_end_us": 1781758800000000}
2026-06-18 05:02:15.034948+00	resolve	poly_sniper_v5_btc_15m_ema50_ema800_off600_down	{"won": true, "mode": "paper", "outcome": "down", "pnl_usd": 12.241379310344827, "direction": "DOWN", "stake_usd": "5", "entry_vwap": "0.2899999999999999800159855566", "event_type": "sleeve_fire_resolved", "slot_end_us": 1781758800000000, "condition_id": "0x66f1df7f2247d03a164dd424770c1d9e0cc27ebd9b6a61aa463cd25a0f95f69a", "resolve_at_us": 1781758845000000}
2026-06-18 05:06:00.009098+00	fire	poly_sniper_v5_eth_5m_l_ema50_hurst_grandparent_V10	{"mode": "paper", "fired": true, "reason": "paper_fill", "fire_us": 1781759160000000, "direction": "DOWN", "stake_usd": "5", "entry_vwap": "0.4700000000000000288657986401"}
2026-06-18 05:10:00.003297+00	fire	poly_sniper_v5_btc_15m_ema50_ema800_off600_down	{"mode": "paper", "fired": true, "reason": "paper_fill", "fire_us": 1781759400000000, "direction": "DOWN", "stake_usd": "5", "entry_vwap": "0.9100000000000000310862446891"}
2026-06-18 05:10:05.003722+00	fire	shadow_scalp_exit_btc_5m_d3_v1	{"mode": "paper", "fired": true, "reason": "paper_fill", "fire_us": 1781759405000000, "direction": "UP", "stake_usd": "5", "entry_vwap": "0.6700000000000000399680288863"}
2026-06-18 05:13:45.113882+00	resolve	poly_sniper_v5_eth_5m_l_ema50_hurst_grandparent_V10	{"won": false, "mode": "paper", "outcome": "up", "pnl_usd": -5.0, "direction": "DOWN", "stake_usd": "5", "entry_vwap": "0.4700000000000000288657986401", "event_type": "sleeve_fire_resolved", "slot_end_us": 1781759400000000, "condition_id": "0xd6b25d9c2c307a6a1c286d3b910b3aec757e88c8a356165e0f9dc852ad715dc8", "resolve_at_us": 1781759445000000}
2026-06-18 05:17:15.038094+00	resolve	poly_sniper_v5_btc_15m_ema50_ema800_off600_down	{"won": false, "mode": "paper", "outcome": "up", "pnl_usd": -5.0, "direction": "DOWN", "stake_usd": "5", "entry_vwap": "0.9100000000000000310862446891", "event_type": "sleeve_fire_resolved", "slot_end_us": 1781759700000000, "condition_id": "0xe2fae558f4c8a4a2197c669172e06a64becd32db33fbcd1666b2dedb7baabd70", "resolve_at_us": 1781759745000000}
2026-06-18 05:17:45.043024+00	resolve	shadow_scalp_exit_btc_5m_d3_v1	{"won": true, "mode": "paper", "outcome": "up", "pnl_usd": 2.4626865671641776, "direction": "UP", "stake_usd": "5", "entry_vwap": "0.6700000000000000399680288863", "event_type": "sleeve_fire_resolved", "slot_end_us": 1781759700000000, "condition_id": "0x33486f1e0de02ff0f638f10cb13bdef4a865b045fdc4c7225f7ed2f44759468c", "resolve_at_us": 1781759745000000}
2026-06-18 05:30:05.005016+00	fire	shadow_scalp_exit_btc_5m_d3_v1	{"mode": "paper", "fired": true, "reason": "paper_fill", "fire_us": 1781760605000000, "direction": "UP", "stake_usd": "5", "entry_vwap": "0.6100000000000000976996261668"}
2026-06-18 05:38:15.053404+00	resolve	shadow_scalp_exit_btc_5m_d3_v1	{"won": true, "mode": "paper", "outcome": "up", "pnl_usd": 3.1967213114754087, "direction": "UP", "stake_usd": "5", "entry_vwap": "0.6100000000000000976996261668", "event_type": "sleeve_fire_resolved", "slot_end_us": 1781760900000000, "condition_id": "0x56dbb235511543601ee20ac98ddcbcc21079c79f3a25addce50f95ff5db0658b", "resolve_at_us": 1781760945000000}
2026-06-18 05:40:00.003404+00	fire	poly_sniper_v5_btc_15m_ema50_ema800_off600_down	{"mode": "paper", "fired": true, "reason": "paper_fill", "fire_us": 1781761200000000, "direction": "DOWN", "stake_usd": "5", "entry_vwap": "0.5999999999999999777955395073"}
2026-06-18 05:40:00.190722+00	order_placed	kalshi_sniper_btc_15m_ema50_ema800_off600_down_H	{"mode": "paper", "side": "no", "fired": true, "status": "paper", "ticker": "KXBTC15M-26JUN180145-45", "offset_s": 600, "order_id": "paper-kalshi_sniper_btc_15m_ema50_ema800_off600_down_H-1781761200000000", "direction": "DOWN", "entry_ask": 0.65, "entry_vwap": "0.6500000000000000222044604923", "filled_count": 7}
2026-06-18 05:45:45.097551+00	resolve	kalshi_sniper_btc_15m_ema50_ema800_off600_down_H	{"won": false, "mode": "paper", "ticker": "KXBTC15M-26JUN180145-45", "outcome": "yes", "pnl_usd": -5.0, "direction": "DOWN", "stake_usd": "5", "entry_vwap": "0.6500000000000000222044604923", "event_type": "sleeve_fire_resolved", "resolve_at_us": 1781761545000000, "window_end_us": 1781761500000000}
2026-06-18 05:47:45.050224+00	resolve	poly_sniper_v5_btc_15m_ema50_ema800_off600_down	{"won": true, "mode": "paper", "outcome": "down", "pnl_usd": 3.333333333333334, "direction": "DOWN", "stake_usd": "5", "entry_vwap": "0.5999999999999999777955395073", "event_type": "sleeve_fire_resolved", "slot_end_us": 1781761500000000, "condition_id": "0xb37e7d8e44e909cad9d3843ff49799ccf4d1e260e4ea7e0d6dd5d220bc63eaf9", "resolve_at_us": 1781761545000000}
2026-06-18 05:55:00.002968+00	fire	poly_sniper_v5_btc_15m_ema50_ema800_off600_down	{"mode": "paper", "fired": true, "reason": "paper_fill", "fire_us": 1781762100000000, "direction": "DOWN", "stake_usd": "5", "entry_vwap": "0.5100000000000000088817841969"}
2026-06-18 05:55:00.193285+00	order_placed	kalshi_sniper_btc_15m_ema50_ema800_off600_down_H	{"mode": "paper", "side": "no", "fired": true, "status": "paper", "ticker": "KXBTC15M-26JUN180200-00", "offset_s": 600, "order_id": "paper-kalshi_sniper_btc_15m_ema50_ema800_off600_down_H-1781762100000000", "direction": "DOWN", "entry_ask": 0.6699999999999999, "entry_vwap": "0.6699999999999999289457264238", "filled_count": 7}
2026-06-18 06:00:45.098205+00	resolve	kalshi_sniper_btc_15m_ema50_ema800_off600_down_H	{"won": false, "mode": "paper", "ticker": "KXBTC15M-26JUN180200-00", "outcome": "yes", "pnl_usd": -5.0, "direction": "DOWN", "stake_usd": "5", "entry_vwap": "0.6699999999999999289457264238", "event_type": "sleeve_fire_resolved", "resolve_at_us": 1781762445000000, "window_end_us": 1781762400000000}
2026-06-18 06:03:15.05695+00	resolve	poly_sniper_v5_btc_15m_ema50_ema800_off600_down	{"won": false, "mode": "paper", "outcome": "up", "pnl_usd": -5.0, "direction": "DOWN", "stake_usd": "5", "entry_vwap": "0.5100000000000000088817841969", "event_type": "sleeve_fire_resolved", "slot_end_us": 1781762400000000, "condition_id": "0xa94bc5fd5698d9b64df9bf30d78bb3f9c4f3b7243160428e697b926aa685fb53", "resolve_at_us": 1781762445000000}
2026-06-18 06:10:00.002678+00	fire	poly_sniper_v5_btc_15m_ema50_ema800_off600_down	{"mode": "paper", "fired": true, "reason": "paper_fill", "fire_us": 1781763000000000, "direction": "DOWN", "stake_usd": "5", "entry_vwap": "0.8100000000000000532907051816"}
2026-06-18 06:17:15.040365+00	resolve	poly_sniper_v5_btc_15m_ema50_ema800_off600_down	{"won": true, "mode": "paper", "outcome": "down", "pnl_usd": 1.1728395061728392, "direction": "DOWN", "stake_usd": "5", "entry_vwap": "0.8100000000000000532907051816", "event_type": "sleeve_fire_resolved", "slot_end_us": 1781763300000000, "condition_id": "0xe3a4e023441abe8f39fedfc2b7994afcee30f3a55428ff78a328074ecc56c2e5", "resolve_at_us": 1781763345000000}
2026-06-18 08:55:00.003124+00	fire	poly_sniper_v5_btc_15m_ema50_ema800_off600_down	{"mode": "paper", "fired": true, "reason": "paper_fill", "fire_us": 1781772900000000, "direction": "DOWN", "stake_usd": "5", "entry_vwap": "0.9300000000000000488498130831"}
2026-06-18 09:00:45.009575+00	resolve	poly_sniper_v5_btc_15m_ema50_ema800_off600_down	{"won": true, "mode": "paper", "outcome": "down", "pnl_usd": 0.3763440860215051, "direction": "DOWN", "stake_usd": "5", "entry_vwap": "0.9300000000000000488498130831", "event_type": "sleeve_fire_resolved", "slot_end_us": 1781773200000000, "condition_id": "0x9d1f159feb05c69512cad9d086d59a344d25176c533ff25ae6a9220840f6ba19", "resolve_at_us": 1781773245000000}
2026-06-18 09:10:00.003288+00	fire	poly_sniper_v5_btc_15m_ema50_ema800_off600_down	{"mode": "paper", "fired": true, "reason": "paper_fill", "fire_us": 1781773800000000, "direction": "DOWN", "stake_usd": "5", "entry_vwap": "0.8000000000000000444089209847"}
2026-06-18 09:10:00.190522+00	order_placed	kalshi_sniper_btc_15m_ema50_ema800_off600_down_H	{"mode": "paper", "side": "no", "fired": true, "status": "paper", "ticker": "KXBTC15M-26JUN180515-15", "offset_s": 600, "order_id": "paper-kalshi_sniper_btc_15m_ema50_ema800_off600_down_H-1781773800000000", "direction": "DOWN", "entry_ask": 0.85, "entry_vwap": "0.8499999999999999777955395072", "filled_count": 5}
2026-06-18 09:15:45.108265+00	resolve	kalshi_sniper_btc_15m_ema50_ema800_off600_down_H	{"won": true, "mode": "paper", "ticker": "KXBTC15M-26JUN180515-15", "outcome": "no", "pnl_usd": 0.8823529411764708, "direction": "DOWN", "stake_usd": "5", "entry_vwap": "0.8499999999999999777955395072", "event_type": "sleeve_fire_resolved", "resolve_at_us": 1781774145000000, "window_end_us": 1781774100000000}
2026-06-18 09:19:15.102556+00	resolve	poly_sniper_v5_btc_15m_ema50_ema800_off600_down	{"won": true, "mode": "paper", "outcome": "down", "pnl_usd": 1.2499999999999998, "direction": "DOWN", "stake_usd": "5", "entry_vwap": "0.8000000000000000444089209847", "event_type": "sleeve_fire_resolved", "slot_end_us": 1781774100000000, "condition_id": "0xb04da4949b7dc3426f62632a796e122a7132deefaa5d94159a2fac8b93a796a8", "resolve_at_us": 1781774145000000}
2026-06-18 09:25:00.004055+00	fire	poly_sniper_v5_btc_15m_ema50_ema800_off600_down	{"mode": "paper", "fired": true, "reason": "paper_fill", "fire_us": 1781774700000000, "direction": "DOWN", "stake_usd": "5", "entry_vwap": "0.2399999999999999633626401873"}
2026-06-18 09:25:00.113941+00	order_placed	kalshi_sniper_btc_15m_ema50_ema800_off600_down_H	{"mode": "paper", "side": "no", "fired": true, "status": "paper", "ticker": "KXBTC15M-26JUN180530-30", "offset_s": 600, "order_id": "paper-kalshi_sniper_btc_15m_ema50_ema800_off600_down_H-1781774700000000", "direction": "DOWN", "entry_ask": 0.18000000000000005, "entry_vwap": "0.1800000000000000488498130835", "filled_count": 27}
2026-06-18 09:25:05.003258+00	fire	shadow_scalp_exit_btc_5m_d3_v1	{"mode": "paper", "fired": true, "reason": "paper_fill", "fire_us": 1781774705000000, "direction": "DOWN", "stake_usd": "5", "entry_vwap": "0.8499999999999999777955395072"}
2026-06-18 09:30:45.01268+00	resolve	shadow_scalp_exit_btc_5m_d3_v1	{"won": true, "mode": "paper", "outcome": "down", "pnl_usd": 0.8823529411764708, "direction": "DOWN", "stake_usd": "5", "entry_vwap": "0.8499999999999999777955395072", "event_type": "sleeve_fire_resolved", "slot_end_us": 1781775000000000, "condition_id": "0x27ad3cb4bbb61cd0593ca0ca2fc5d9974df1fc4a58523ffb4203a5ea713bc57f", "resolve_at_us": 1781775045000000}
2026-06-18 09:30:45.098325+00	resolve	kalshi_sniper_btc_15m_ema50_ema800_off600_down_H	{"won": true, "mode": "paper", "ticker": "KXBTC15M-26JUN180530-30", "outcome": "no", "pnl_usd": 22.77777777777777, "direction": "DOWN", "stake_usd": "5", "entry_vwap": "0.1800000000000000488498130835", "event_type": "sleeve_fire_resolved", "resolve_at_us": 1781775045000000, "window_end_us": 1781775000000000}
2026-06-18 09:32:45.081076+00	resolve	poly_sniper_v5_btc_15m_ema50_ema800_off600_down	{"won": true, "mode": "paper", "outcome": "down", "pnl_usd": 15.833333333333336, "direction": "DOWN", "stake_usd": "5", "entry_vwap": "0.2399999999999999633626401873", "event_type": "sleeve_fire_resolved", "slot_end_us": 1781775000000000, "condition_id": "0x335d5903c479f5e2262eb6f7ce55d4bead5c92d78bb29829b9d717d563010880", "resolve_at_us": 1781775045000000}
2026-06-18 09:40:00.007197+00	fire	poly_sniper_v5_btc_15m_ema50_ema800_off600_down	{"mode": "paper", "fired": true, "reason": "paper_fill", "fire_us": 1781775600000000, "direction": "DOWN", "stake_usd": "5", "entry_vwap": "0.2000000000000000111022302462"}
2026-06-18 09:40:00.116293+00	order_placed	kalshi_sniper_btc_15m_ema50_ema800_off600_down_H	{"mode": "paper", "side": "no", "fired": true, "status": "paper", "ticker": "KXBTC15M-26JUN180545-45", "offset_s": 600, "order_id": "paper-kalshi_sniper_btc_15m_ema50_ema800_off600_down_H-1781775600000000", "direction": "DOWN", "entry_ask": 0.20999999999999996, "entry_vwap": "0.2099999999999999644728632119", "filled_count": 23}
2026-06-18 09:45:45.099192+00	resolve	kalshi_sniper_btc_15m_ema50_ema800_off600_down_H	{"won": false, "mode": "paper", "ticker": "KXBTC15M-26JUN180545-45", "outcome": "yes", "pnl_usd": -5.0, "direction": "DOWN", "stake_usd": "5", "entry_vwap": "0.2099999999999999644728632119", "event_type": "sleeve_fire_resolved", "resolve_at_us": 1781775945000000, "window_end_us": 1781775900000000}
2026-06-18 09:47:45.066+00	resolve	poly_sniper_v5_btc_15m_ema50_ema800_off600_down	{"won": false, "mode": "paper", "outcome": "up", "pnl_usd": -5.0, "direction": "DOWN", "stake_usd": "5", "entry_vwap": "0.2000000000000000111022302462", "event_type": "sleeve_fire_resolved", "slot_end_us": 1781775900000000, "condition_id": "0x454a625de6bb4f827772801f0409ba51576b0afa9493a291187b377bd7f8688e", "resolve_at_us": 1781775945000000}
2026-06-18 09:55:00.002802+00	fire	poly_sniper_v5_btc_15m_ema50_ema800_off600_down	{"mode": "paper", "fired": true, "reason": "paper_fill", "fire_us": 1781776500000000, "direction": "DOWN", "stake_usd": "5", "entry_vwap": "0.8199999999999999511501869162"}
2026-06-18 09:55:00.106617+00	order_placed	kalshi_sniper_btc_15m_ema50_ema800_off600_down_H	{"mode": "paper", "side": "no", "fired": true, "status": "paper", "ticker": "KXBTC15M-26JUN180600-00", "offset_s": 600, "order_id": "paper-kalshi_sniper_btc_15m_ema50_ema800_off600_down_H-1781776500000000", "direction": "DOWN", "entry_ask": 0.84, "entry_vwap": "0.8399999999999999689137553101", "filled_count": 5}
2026-06-18 10:00:45.009861+00	resolve	poly_sniper_v5_btc_15m_ema50_ema800_off600_down	{"won": true, "mode": "paper", "outcome": "down", "pnl_usd": 1.0975609756097564, "direction": "DOWN", "stake_usd": "5", "entry_vwap": "0.8199999999999999511501869162", "event_type": "sleeve_fire_resolved", "slot_end_us": 1781776800000000, "condition_id": "0x1e4eeb82c9cafe7315c88a651c85268eaf20a8590d38ecd840cca54be52f0c94", "resolve_at_us": 1781776845000000}
2026-06-18 10:00:45.099094+00	resolve	kalshi_sniper_btc_15m_ema50_ema800_off600_down_H	{"won": true, "mode": "paper", "ticker": "KXBTC15M-26JUN180600-00", "outcome": "no", "pnl_usd": 0.9523809523809526, "direction": "DOWN", "stake_usd": "5", "entry_vwap": "0.8399999999999999689137553101", "event_type": "sleeve_fire_resolved", "resolve_at_us": 1781776845000000, "window_end_us": 1781776800000000}
2026-06-18 10:10:00.003263+00	fire	poly_sniper_v5_btc_15m_ema50_ema800_off600_down	{"mode": "paper", "fired": true, "reason": "paper_fill", "fire_us": 1781777400000000, "direction": "DOWN", "stake_usd": "5", "entry_vwap": "0.9979999999999999982236431602"}
2026-06-18 10:15:45.008418+00	resolve	poly_sniper_v5_btc_15m_ema50_ema800_off600_down	{"won": true, "mode": "paper", "outcome": "down", "pnl_usd": 0.010020040080159772, "direction": "DOWN", "stake_usd": "5", "entry_vwap": "0.9979999999999999982236431602", "event_type": "sleeve_fire_resolved", "slot_end_us": 1781777700000000, "condition_id": "0x54a4c02162a91cefb9811857fb08db94bff331893580cfcaa82706424b149382", "resolve_at_us": 1781777745000000}
2026-06-18 10:25:00.004025+00	fire	poly_sniper_v5_btc_15m_ema50_ema800_off600_down	{"mode": "paper", "fired": true, "reason": "paper_fill", "fire_us": 1781778300000000, "direction": "DOWN", "stake_usd": "5", "entry_vwap": "0.9699999999999999733546474086"}
2026-06-18 10:32:15.055774+00	resolve	poly_sniper_v5_btc_15m_ema50_ema800_off600_down	{"won": true, "mode": "paper", "outcome": "down", "pnl_usd": 0.15463917525773152, "direction": "DOWN", "stake_usd": "5", "entry_vwap": "0.9699999999999999733546474086", "event_type": "sleeve_fire_resolved", "slot_end_us": 1781778600000000, "condition_id": "0xac13976f445761384fb3ff95b7de86a741dd66c1f01f7aafef4a19408c445fd2", "resolve_at_us": 1781778645000000}
2026-06-18 10:40:00.00379+00	fire	poly_sniper_v5_btc_15m_ema50_ema800_off600_down	{"mode": "paper", "fired": true, "reason": "paper_fill", "fire_us": 1781779200000000, "direction": "DOWN", "stake_usd": "5", "entry_vwap": "0.1000000000000000055511151231"}
2026-06-18 10:49:15.088252+00	resolve	poly_sniper_v5_btc_15m_ema50_ema800_off600_down	{"won": false, "mode": "paper", "outcome": "up", "pnl_usd": -5.0, "direction": "DOWN", "stake_usd": "5", "entry_vwap": "0.1000000000000000055511151231", "event_type": "sleeve_fire_resolved", "slot_end_us": 1781779500000000, "condition_id": "0xe58bb80f18a496019a3719a8e0cc32fb737fe50a6ce860d4e70e0def55624863", "resolve_at_us": 1781779545000000}
2026-06-18 11:25:00.006781+00	fire	poly_sniper_v5_btc_15m_ema50_ema800_off600_down	{"mode": "paper", "fired": true, "reason": "paper_fill", "fire_us": 1781781900000000, "direction": "DOWN", "stake_usd": "5", "entry_vwap": "0.9599999999999998534505607490"}
2026-06-18 11:31:15.018576+00	resolve	poly_sniper_v5_btc_15m_ema50_ema800_off600_down	{"won": false, "mode": "paper", "outcome": "up", "pnl_usd": -5.0, "direction": "DOWN", "stake_usd": "5", "entry_vwap": "0.9599999999999998534505607490", "event_type": "sleeve_fire_resolved", "slot_end_us": 1781782200000000, "condition_id": "0xf71801d05b1d4979708a641dd267a65b0b9194b0c966f536ec9708027f3512f2", "resolve_at_us": 1781782245000000}
2026-06-18 11:40:00.004121+00	fire	poly_sniper_v5_btc_15m_ema50_ema800_off600_down	{"mode": "paper", "fired": true, "reason": "paper_fill", "fire_us": 1781782800000000, "direction": "DOWN", "stake_usd": "5", "entry_vwap": "0.9300000000000000488498130831"}
2026-06-18 11:40:00.196835+00	order_placed	kalshi_sniper_btc_15m_ema50_ema800_off600_down_H	{"mode": "paper", "side": "no", "fired": true, "status": "paper", "ticker": "KXBTC15M-26JUN180745-45", "offset_s": 600, "order_id": "paper-kalshi_sniper_btc_15m_ema50_ema800_off600_down_H-1781782800000000", "direction": "DOWN", "entry_ask": 0.89, "entry_vwap": "0.8900000000000001243449787578", "filled_count": 5}
2026-06-18 11:45:45.100458+00	resolve	kalshi_sniper_btc_15m_ema50_ema800_off600_down_H	{"won": true, "mode": "paper", "ticker": "KXBTC15M-26JUN180745-45", "outcome": "no", "pnl_usd": 0.6179775280898869, "direction": "DOWN", "stake_usd": "5", "entry_vwap": "0.8900000000000001243449787578", "event_type": "sleeve_fire_resolved", "resolve_at_us": 1781783145000000, "window_end_us": 1781783100000000}
2026-06-18 11:47:15.033536+00	resolve	poly_sniper_v5_btc_15m_ema50_ema800_off600_down	{"won": true, "mode": "paper", "outcome": "down", "pnl_usd": 0.3763440860215051, "direction": "DOWN", "stake_usd": "5", "entry_vwap": "0.9300000000000000488498130831", "event_type": "sleeve_fire_resolved", "slot_end_us": 1781783100000000, "condition_id": "0x74c416cf23ed1c55144f33722430300af6ee0c940ccfa7f1b89d5f89b50674a9", "resolve_at_us": 1781783145000000}
2026-06-18 11:55:00.003213+00	fire	poly_sniper_v5_btc_15m_ema50_ema800_off600_down	{"mode": "paper", "fired": true, "reason": "paper_fill", "fire_us": 1781783700000000, "direction": "DOWN", "stake_usd": "5", "entry_vwap": "0.6400000000000000133226762952"}
2026-06-18 11:55:00.35636+00	order_placed	kalshi_sniper_btc_15m_ema50_ema800_off600_down_H	{"mode": "paper", "side": "no", "fired": true, "status": "paper", "ticker": "KXBTC15M-26JUN180800-00", "offset_s": 600, "order_id": "paper-kalshi_sniper_btc_15m_ema50_ema800_off600_down_H-1781783700000000", "direction": "DOWN", "entry_ask": 0.41000000000000003, "entry_vwap": "0.4100000000000000310862446894", "filled_count": 12}
2026-06-18 12:00:05.00279+00	fire	shadow_scalp_exit_btc_5m_d3_v1	{"mode": "paper", "fired": true, "reason": "paper_fill", "fire_us": 1781784005000000, "direction": "UP", "stake_usd": "5", "entry_vwap": "0.6600000000000000310862446891"}
2026-06-18 12:00:45.100583+00	resolve	kalshi_sniper_btc_15m_ema50_ema800_off600_down_H	{"won": false, "mode": "paper", "ticker": "KXBTC15M-26JUN180800-00", "outcome": "yes", "pnl_usd": -5.0, "direction": "DOWN", "stake_usd": "5", "entry_vwap": "0.4100000000000000310862446894", "event_type": "sleeve_fire_resolved", "resolve_at_us": 1781784045000000, "window_end_us": 1781784000000000}
2026-06-18 12:02:45.054078+00	resolve	poly_sniper_v5_btc_15m_ema50_ema800_off600_down	{"won": true, "mode": "paper", "outcome": "down", "pnl_usd": 2.8125, "direction": "DOWN", "stake_usd": "5", "entry_vwap": "0.6400000000000000133226762952", "event_type": "sleeve_fire_resolved", "slot_end_us": 1781784000000000, "condition_id": "0x2cbe77ca84c208e5c10131bea7acd1e6418db2768d11704ad63bc3af18cdf95b", "resolve_at_us": 1781784045000000}
2026-06-18 12:07:45.05422+00	resolve	shadow_scalp_exit_btc_5m_d3_v1	{"won": true, "mode": "paper", "outcome": "up", "pnl_usd": 2.5757575757575744, "direction": "UP", "stake_usd": "5", "entry_vwap": "0.6600000000000000310862446891", "event_type": "sleeve_fire_resolved", "slot_end_us": 1781784300000000, "condition_id": "0x45483d0c74b1ba783ab81a1b258ac9960a340b8ddd74bf71867bfd6b7eb752b4", "resolve_at_us": 1781784345000000}
2026-06-18 12:10:00.002819+00	fire	poly_sniper_v5_btc_15m_ema50_ema800_off600_down	{"mode": "paper", "fired": true, "reason": "paper_fill", "fire_us": 1781784600000000, "direction": "DOWN", "stake_usd": "5", "entry_vwap": "0.6199999999999999955591079013"}
2026-06-18 12:10:00.107858+00	order_placed	kalshi_sniper_btc_15m_ema50_ema800_off600_down_H	{"mode": "paper", "side": "no", "fired": true, "status": "paper", "ticker": "KXBTC15M-26JUN180815-15", "offset_s": 600, "order_id": "paper-kalshi_sniper_btc_15m_ema50_ema800_off600_down_H-1781784600000000", "direction": "DOWN", "entry_ask": 0.54, "entry_vwap": "0.5400000000000000355271367879", "filled_count": 9}
2026-06-18 12:15:45.103468+00	resolve	kalshi_sniper_btc_15m_ema50_ema800_off600_down_H	{"won": false, "mode": "paper", "ticker": "KXBTC15M-26JUN180815-15", "outcome": "yes", "pnl_usd": -5.0, "direction": "DOWN", "stake_usd": "5", "entry_vwap": "0.5400000000000000355271367879", "event_type": "sleeve_fire_resolved", "resolve_at_us": 1781784945000000, "window_end_us": 1781784900000000}
2026-06-18 12:17:45.071137+00	resolve	poly_sniper_v5_btc_15m_ema50_ema800_off600_down	{"won": false, "mode": "paper", "outcome": "up", "pnl_usd": -5.0, "direction": "DOWN", "stake_usd": "5", "entry_vwap": "0.6199999999999999955591079013", "event_type": "sleeve_fire_resolved", "slot_end_us": 1781784900000000, "condition_id": "0x3fe416c84f8e036b40a9fc78ebe9260208d42e5e352cd6c3c1a8de2fbbab6a59", "resolve_at_us": 1781784945000000}
2026-06-18 12:30:05.006694+00	fire	shadow_scalp_exit_btc_5m_d3_v1	{"mode": "paper", "fired": true, "reason": "paper_fill", "fire_us": 1781785805000000, "direction": "UP", "stake_usd": "5", "entry_vwap": "0.7099999999999999644728632118"}
2026-06-18 12:37:15.038333+00	resolve	shadow_scalp_exit_btc_5m_d3_v1	{"won": true, "mode": "paper", "outcome": "up", "pnl_usd": 2.042253521126761, "direction": "UP", "stake_usd": "5", "entry_vwap": "0.7099999999999999644728632118", "event_type": "sleeve_fire_resolved", "slot_end_us": 1781786100000000, "condition_id": "0x034e4902ede369577f3a4bd00bfefb6617961c70423a5aa457d419cbf498caa7", "resolve_at_us": 1781786145000000}
2026-06-18 13:25:05.01806+00	fire	shadow_scalp_exit_btc_5m_d3_v1	{"mode": "paper", "fired": true, "reason": "paper_fill", "fire_us": 1781789105000000, "direction": "UP", "stake_usd": "5", "entry_vwap": "0.7399999999999999911182158027"}
2026-06-18 13:31:45.048856+00	resolve	shadow_scalp_exit_btc_5m_d3_v1	{"won": true, "mode": "paper", "outcome": "up", "pnl_usd": 1.7567567567567568, "direction": "UP", "stake_usd": "5", "entry_vwap": "0.7399999999999999911182158027", "event_type": "sleeve_fire_resolved", "slot_end_us": 1781789400000000, "condition_id": "0x8f738d15a499c91bfc1cff9e8ea59d26b067e0cc4cd26feae967bc7f6871d8f5", "resolve_at_us": 1781789445000000}
2026-06-18 13:40:00.003205+00	fire	poly_sniper_v5_btc_15m_ema50_ema800_off600_down	{"mode": "paper", "fired": true, "reason": "paper_fill", "fire_us": 1781790000000000, "direction": "DOWN", "stake_usd": "5", "entry_vwap": "0.9959999999999999964472863207"}
2026-06-18 13:45:45.009894+00	resolve	poly_sniper_v5_btc_15m_ema50_ema800_off600_down	{"won": true, "mode": "paper", "outcome": "down", "pnl_usd": 0.02008032128514002, "direction": "DOWN", "stake_usd": "5", "entry_vwap": "0.9959999999999999964472863207", "event_type": "sleeve_fire_resolved", "slot_end_us": 1781790300000000, "condition_id": "0x2c41ceb05d377229becb20dbe1ab22cb001f8e4d0fbeabf0985b1ca6a1c53b6b", "resolve_at_us": 1781790345000000}
2026-06-18 13:46:00.004465+00	fire	poly_sniper_v5_eth_5m_l_ema50_hurst_grandparent_V10	{"mode": "paper", "fired": true, "reason": "paper_fill", "fire_us": 1781790360000000, "direction": "DOWN", "stake_usd": "5", "entry_vwap": "0.2600000000000000088817841969"}
2026-06-18 13:50:05.005808+00	fire	shadow_scalp_exit_btc_5m_d3_v1	{"mode": "paper", "fired": true, "reason": "paper_fill", "fire_us": 1781790605000000, "direction": "UP", "stake_usd": "5", "entry_vwap": "0.5699999999999999511501869163"}
2026-06-18 13:50:45.012938+00	resolve	poly_sniper_v5_eth_5m_l_ema50_hurst_grandparent_V10	{"won": false, "mode": "paper", "outcome": "up", "pnl_usd": -5.0, "direction": "DOWN", "stake_usd": "5", "entry_vwap": "0.2600000000000000088817841969", "event_type": "sleeve_fire_resolved", "slot_end_us": 1781790600000000, "condition_id": "0xa147179b75674cf14a3c2636977c7a5dffd8e782d32cdb784fbef59761d501c4", "resolve_at_us": 1781790645000000}
2026-06-18 13:55:00.00378+00	fire	poly_sniper_v5_btc_15m_ema50_ema800_off600_down	{"mode": "paper", "fired": true, "reason": "paper_fill", "fire_us": 1781790900000000, "direction": "DOWN", "stake_usd": "5", "entry_vwap": "0.0400000000000000008326672685"}
2026-06-18 13:58:15.071008+00	resolve	shadow_scalp_exit_btc_5m_d3_v1	{"won": false, "mode": "paper", "outcome": "down", "pnl_usd": -5.0, "direction": "UP", "stake_usd": "5", "entry_vwap": "0.5699999999999999511501869163", "event_type": "sleeve_fire_resolved", "slot_end_us": 1781790900000000, "condition_id": "0xd031f005c6e43b0f592b550b4ccdd2cc568a7ec852a981ed59ba5068242a2ab7", "resolve_at_us": 1781790945000000}
2026-06-18 14:01:15.028609+00	resolve	poly_sniper_v5_btc_15m_ema50_ema800_off600_down	{"won": false, "mode": "paper", "outcome": "up", "pnl_usd": -5.0, "direction": "DOWN", "stake_usd": "5", "entry_vwap": "0.0400000000000000008326672685", "event_type": "sleeve_fire_resolved", "slot_end_us": 1781791200000000, "condition_id": "0x52e2c24daedd56b9078dbe10492e2f53bd34e9b3c1cbcfa5302fd958b054065b", "resolve_at_us": 1781791245000000}
2026-06-18 14:05:05.002862+00	fire	shadow_scalp_exit_btc_5m_d3_v1	{"mode": "paper", "fired": true, "reason": "paper_fill", "fire_us": 1781791505000000, "direction": "DOWN", "stake_usd": "5", "entry_vwap": "0.6100000000000000976996261668"}
2026-06-18 14:10:00.003995+00	fire	poly_sniper_v5_btc_15m_ema50_ema800_off600_down	{"mode": "paper", "fired": true, "reason": "paper_fill", "fire_us": 1781791800000000, "direction": "DOWN", "stake_usd": "5", "entry_vwap": "0.6700000000000000399680288863"}
2026-06-18 14:10:00.362108+00	order_placed	kalshi_sniper_btc_15m_ema50_ema800_off600_down_H	{"mode": "paper", "side": "no", "fired": true, "status": "paper", "ticker": "KXBTC15M-26JUN181015-15", "offset_s": 600, "order_id": "paper-kalshi_sniper_btc_15m_ema50_ema800_off600_down_H-1781791800000000", "direction": "DOWN", "entry_ask": 0.52, "entry_vwap": "0.5200000000000000177635683938", "filled_count": 9}
2026-06-18 14:10:05.00381+00	fire	shadow_scalp_exit_btc_5m_d3_v1	{"mode": "paper", "fired": true, "reason": "paper_fill", "fire_us": 1781791805000000, "direction": "DOWN", "stake_usd": "5", "entry_vwap": "0.5799999999999999600319711133"}
2026-06-18 14:11:45.028896+00	resolve	shadow_scalp_exit_btc_5m_d3_v1	{"won": true, "mode": "paper", "outcome": "down", "pnl_usd": 3.1967213114754087, "direction": "DOWN", "stake_usd": "5", "entry_vwap": "0.6100000000000000976996261668", "event_type": "sleeve_fire_resolved", "slot_end_us": 1781791800000000, "condition_id": "0x702ddb521c6faa6bac19ebeec63c8b20f93df8b30399761d8eb3be512acff78f", "resolve_at_us": 1781791845000000}
2026-06-18 14:15:45.100327+00	resolve	kalshi_sniper_btc_15m_ema50_ema800_off600_down_H	{"won": true, "mode": "paper", "ticker": "KXBTC15M-26JUN181015-15", "outcome": "no", "pnl_usd": 4.615384615384615, "direction": "DOWN", "stake_usd": "5", "entry_vwap": "0.5200000000000000177635683938", "event_type": "sleeve_fire_resolved", "resolve_at_us": 1781792145000000, "window_end_us": 1781792100000000}
2026-06-18 14:16:00.18817+00	order_placed	kalshi_scalp_exit_btc_15m_d3_v1	{"mode": "paper", "side": "no", "fired": true, "status": "paper", "ticker": "KXBTC15M-26JUN181030-30", "offset_s": 60, "order_id": "paper-kalshi_scalp_exit_btc_15m_d3_v1-1781792160000000", "direction": "DOWN", "entry_ask": 0.53, "entry_vwap": "0.5300000000000000266453525908", "filled_count": 9}
2026-06-18 14:16:15.020986+00	resolve	poly_sniper_v5_btc_15m_ema50_ema800_off600_down	{"won": true, "mode": "paper", "outcome": "down", "pnl_usd": 2.4626865671641776, "direction": "DOWN", "stake_usd": "5", "entry_vwap": "0.6700000000000000399680288863", "event_type": "sleeve_fire_resolved", "slot_end_us": 1781792100000000, "condition_id": "0xef055b3bf7fb8ca3fbe85be2a8b188e12d258f5b0a1d7a8cf73377369d9ab446", "resolve_at_us": 1781792145000000}
2026-06-18 14:17:02.173701+00	resolve	kalshi_scalp_exit_btc_15m_d3_v1	{"mode": "paper", "shares": 9, "ticker": "KXBTC15M-26JUN181030-30", "direction": "DOWN", "exit_type": "scalp_time", "fill_vwap": 0.53, "sell_vwap": 0.21, "realized_pnl": -2.880000000000001, "suppress_settlement": true}
2026-06-18 14:18:15.069501+00	resolve	shadow_scalp_exit_btc_5m_d3_v1	{"won": true, "mode": "paper", "outcome": "down", "pnl_usd": 3.6206896551724146, "direction": "DOWN", "stake_usd": "5", "entry_vwap": "0.5799999999999999600319711133", "event_type": "sleeve_fire_resolved", "slot_end_us": 1781792100000000, "condition_id": "0x7ca798afb4643cab587a6b810033f6d7d54d625b6b3810c2d223c1907b377a5d", "resolve_at_us": 1781792145000000}
2026-06-18 14:35:05.003911+00	fire	shadow_scalp_exit_btc_5m_d3_v1	{"mode": "paper", "fired": true, "reason": "paper_fill", "fire_us": 1781793305000000, "direction": "UP", "stake_usd": "5", "entry_vwap": "0.6199999999999999955591079013"}
2026-06-18 14:42:45.052436+00	resolve	shadow_scalp_exit_btc_5m_d3_v1	{"won": true, "mode": "paper", "outcome": "up", "pnl_usd": 3.064516129032258, "direction": "UP", "stake_usd": "5", "entry_vwap": "0.6199999999999999955591079013", "event_type": "sleeve_fire_resolved", "slot_end_us": 1781793600000000, "condition_id": "0xf3beb43bb364f296ec2678a4acc5b2f6b8136ace30c69960649c708fc282473c", "resolve_at_us": 1781793645000000}
2026-06-18 14:50:05.003679+00	fire	shadow_scalp_exit_btc_5m_d3_v1	{"mode": "paper", "fired": true, "reason": "paper_fill", "fire_us": 1781794205000000, "direction": "DOWN", "stake_usd": "5", "entry_vwap": "0.6500000000000000222044604923"}
2026-06-18 14:55:00.003407+00	fire	poly_sniper_v5_btc_15m_ema50_ema800_off600_down	{"mode": "paper", "fired": true, "reason": "paper_fill", "fire_us": 1781794500000000, "direction": "DOWN", "stake_usd": "5", "entry_vwap": "0.9799999999999999822364316056"}
2026-06-18 14:55:05.004779+00	fire	shadow_scalp_exit_btc_5m_d3_v1	{"mode": "paper", "fired": true, "reason": "paper_fill", "fire_us": 1781794505000000, "direction": "UP", "stake_usd": "5", "entry_vwap": "0.6500000000000000222044604923"}
2026-06-18 14:57:45.046778+00	resolve	shadow_scalp_exit_btc_5m_d3_v1	{"won": true, "mode": "paper", "outcome": "down", "pnl_usd": 2.692307692307692, "direction": "DOWN", "stake_usd": "5", "entry_vwap": "0.6500000000000000222044604923", "event_type": "sleeve_fire_resolved", "slot_end_us": 1781794500000000, "condition_id": "0xe96b77b7bde14c3cbb4349d77554d488717c984ecb3bfc4883182c2516cce636", "resolve_at_us": 1781794545000000}
2026-06-18 15:00:05.008685+00	fire	shadow_scalp_exit_btc_5m_d3_v1	{"mode": "paper", "fired": true, "reason": "paper_fill", "fire_us": 1781794805000000, "direction": "DOWN", "stake_usd": "5", "entry_vwap": "0.6171610591280111135503716466"}
2026-06-18 15:01:15.028108+00	resolve	poly_sniper_v5_btc_15m_ema50_ema800_off600_down	{"won": true, "mode": "paper", "outcome": "down", "pnl_usd": 0.10204081632653013, "direction": "DOWN", "stake_usd": "5", "entry_vwap": "0.9799999999999999822364316056", "event_type": "sleeve_fire_resolved", "slot_end_us": 1781794800000000, "condition_id": "0x1dcb025140cebc29cb2d68fab761121ab98f8eda77697ed561e21646b49974f0", "resolve_at_us": 1781794845000000}
2026-06-18 15:02:15.041115+00	resolve	shadow_scalp_exit_btc_5m_d3_v1	{"won": true, "mode": "paper", "outcome": "up", "pnl_usd": 2.692307692307692, "direction": "UP", "stake_usd": "5", "entry_vwap": "0.6500000000000000222044604923", "event_type": "sleeve_fire_resolved", "slot_end_us": 1781794800000000, "condition_id": "0x17093171825d46220537b23620fbefea3d034cbab77700c7041780384823cd33", "resolve_at_us": 1781794845000000}
2026-06-18 15:05:05.00985+00	fire	shadow_scalp_exit_btc_5m_d3_v1	{"mode": "paper", "fired": true, "reason": "paper_fill", "fire_us": 1781795105000000, "direction": "DOWN", "stake_usd": "5", "entry_vwap": "0.6700000000000000399680288863"}
2026-06-18 15:07:45.059818+00	resolve	shadow_scalp_exit_btc_5m_d3_v1	{"won": true, "mode": "paper", "outcome": "down", "pnl_usd": 3.101612903225807, "direction": "DOWN", "stake_usd": "5", "entry_vwap": "0.6171610591280111135503716466", "event_type": "sleeve_fire_resolved", "slot_end_us": 1781795100000000, "condition_id": "0x2ed0550e8804262d35e3fd54d639bf4920dbc83fb0a5de7769b2c85fab0cfa3a", "resolve_at_us": 1781795145000000}
2026-06-18 15:10:00.003387+00	fire	poly_sniper_v5_btc_15m_ema50_ema800_off600_down	{"mode": "paper", "fired": true, "reason": "paper_fill", "fire_us": 1781795400000000, "direction": "DOWN", "stake_usd": "5", "entry_vwap": "0.9000000000000000222044604922"}
2026-06-18 15:12:15.047978+00	resolve	shadow_scalp_exit_btc_5m_d3_v1	{"won": false, "mode": "paper", "outcome": "up", "pnl_usd": -5.0, "direction": "DOWN", "stake_usd": "5", "entry_vwap": "0.6700000000000000399680288863", "event_type": "sleeve_fire_resolved", "slot_end_us": 1781795400000000, "condition_id": "0xe32b9c447a47fa0fbcba204bff856dc97e5ca6b214cd3705f9a1d748ffd40ce9", "resolve_at_us": 1781795445000000}
2026-06-18 15:16:00.196919+00	order_placed	kalshi_scalp_exit_btc_15m_d3_v1	{"mode": "paper", "side": "yes", "fired": true, "status": "paper", "ticker": "KXBTC15M-26JUN181130-30", "offset_s": 60, "order_id": "paper-kalshi_scalp_exit_btc_15m_d3_v1-1781795760000000", "direction": "UP", "entry_ask": 0.45999999999999996, "entry_vwap": "0.4599999999999999644728632118", "filled_count": 10}
2026-06-18 15:16:15.019948+00	resolve	poly_sniper_v5_btc_15m_ema50_ema800_off600_down	{"won": true, "mode": "paper", "outcome": "down", "pnl_usd": 0.5555555555555554, "direction": "DOWN", "stake_usd": "5", "entry_vwap": "0.9000000000000000222044604922", "event_type": "sleeve_fire_resolved", "slot_end_us": 1781795700000000, "condition_id": "0x0cb797e7a80a7d438e663c5d97c0dc5ce136e093635085205d3442cd22f79ded", "resolve_at_us": 1781795745000000}
2026-06-18 15:17:01.857416+00	resolve	kalshi_scalp_exit_btc_15m_d3_v1	{"mode": "paper", "shares": 10, "ticker": "KXBTC15M-26JUN181130-30", "direction": "UP", "exit_type": "scalp_time", "fill_vwap": 0.45999999999999996, "sell_vwap": 0.3, "realized_pnl": -1.5999999999999996, "suppress_settlement": true}
2026-06-18 15:20:05.005173+00	fire	shadow_scalp_exit_btc_5m_d3_v1	{"mode": "paper", "fired": true, "reason": "paper_fill", "fire_us": 1781796005000000, "direction": "UP", "stake_usd": "5", "entry_vwap": "0.5799999999999999600319711133"}
2026-06-18 15:25:00.010965+00	fire	poly_sniper_v5_btc_15m_ema50_ema800_off600_down	{"mode": "paper", "fired": true, "reason": "paper_fill", "fire_us": 1781796300000000, "direction": "DOWN", "stake_usd": "5", "entry_vwap": "0.9400000000000000577315972801"}
2026-06-18 15:27:45.072978+00	resolve	shadow_scalp_exit_btc_5m_d3_v1	{"won": false, "mode": "paper", "outcome": "down", "pnl_usd": -5.0, "direction": "UP", "stake_usd": "5", "entry_vwap": "0.5799999999999999600319711133", "event_type": "sleeve_fire_resolved", "slot_end_us": 1781796300000000, "condition_id": "0xe9c50059a7f286e53fa8641e07647b2f5bcfacf9b85889658852dbbb9c0a85c7", "resolve_at_us": 1781796345000000}
2026-06-18 15:31:45.048615+00	resolve	poly_sniper_v5_btc_15m_ema50_ema800_off600_down	{"won": true, "mode": "paper", "outcome": "down", "pnl_usd": 0.31914893617021245, "direction": "DOWN", "stake_usd": "5", "entry_vwap": "0.9400000000000000577315972801", "event_type": "sleeve_fire_resolved", "slot_end_us": 1781796600000000, "condition_id": "0x382d095e5a95a772eedcb61b1ffc15cf553304fd9c4db933bff1859dcd5b5fbc", "resolve_at_us": 1781796645000000}
2026-06-18 15:40:00.004203+00	fire	poly_sniper_v5_btc_15m_ema50_ema800_off600_down	{"mode": "paper", "fired": true, "reason": "paper_fill", "fire_us": 1781797200000000, "direction": "DOWN", "stake_usd": "5", "entry_vwap": "0.9599999999999998534505607490"}
2026-06-18 15:45:45.023047+00	resolve	poly_sniper_v5_btc_15m_ema50_ema800_off600_down	{"won": true, "mode": "paper", "outcome": "down", "pnl_usd": 0.20833333333333354, "direction": "DOWN", "stake_usd": "5", "entry_vwap": "0.9599999999999998534505607490", "event_type": "sleeve_fire_resolved", "slot_end_us": 1781797500000000, "condition_id": "0xc4f300872f3614c69f04a5efa358fc15bef3b55f58f73354337fc463cc87d9ff", "resolve_at_us": 1781797545000000}
2026-06-18 15:46:00.00407+00	fire	poly_sniper_v5_eth_5m_l_ema50_hurst_grandparent_V10	{"mode": "paper", "fired": true, "reason": "paper_fill", "fire_us": 1781797560000000, "direction": "DOWN", "stake_usd": "5", "entry_vwap": "0.3960396039603960582908825926"}
2026-06-18 15:52:45.079443+00	resolve	poly_sniper_v5_eth_5m_l_ema50_hurst_grandparent_V10	{"won": true, "mode": "paper", "outcome": "down", "pnl_usd": 7.625, "direction": "DOWN", "stake_usd": "5", "entry_vwap": "0.3960396039603960582908825926", "event_type": "sleeve_fire_resolved", "slot_end_us": 1781797800000000, "condition_id": "0x9fa18b2e1a6dd0407d1da6ae011c1dc401aeb04eda6565f02046c81e426f5d6a", "resolve_at_us": 1781797845000000}
2026-06-18 15:55:00.014712+00	fire	poly_sniper_v5_btc_15m_ema50_ema800_off600_down	{"mode": "paper", "fired": true, "reason": "paper_fill", "fire_us": 1781798100000000, "direction": "DOWN", "stake_usd": "5", "entry_vwap": "0.9400000000000000577315972801"}
2026-06-18 16:01:00.008131+00	fire	poly_sniper_v5_eth_5m_l_ema50_hurst_grandparent_V10	{"mode": "paper", "fired": true, "reason": "paper_fill", "fire_us": 1781798460000000, "direction": "DOWN", "stake_usd": "5", "entry_vwap": "0.2000000000000000111022302462"}
2026-06-18 16:02:15.064295+00	resolve	poly_sniper_v5_btc_15m_ema50_ema800_off600_down	{"won": true, "mode": "paper", "outcome": "down", "pnl_usd": 0.31914893617021245, "direction": "DOWN", "stake_usd": "5", "entry_vwap": "0.9400000000000000577315972801", "event_type": "sleeve_fire_resolved", "slot_end_us": 1781798400000000, "condition_id": "0x334e44975a7da2b61fd1c549591862aed22b8f51ff07eb6e2e906091223eb981", "resolve_at_us": 1781798445000000}
2026-06-18 16:09:15.093121+00	resolve	poly_sniper_v5_eth_5m_l_ema50_hurst_grandparent_V10	{"won": false, "mode": "paper", "outcome": "up", "pnl_usd": -5.0, "direction": "DOWN", "stake_usd": "5", "entry_vwap": "0.2000000000000000111022302462", "event_type": "sleeve_fire_resolved", "slot_end_us": 1781798700000000, "condition_id": "0x0358eabbf6d74f3c817a0d583262e6b94ac66babc3b44bb0a9459c9063a4ca21", "resolve_at_us": 1781798745000000}
2026-06-18 16:10:00.01447+00	fire	poly_sniper_v5_btc_15m_ema50_ema800_off600_down	{"mode": "paper", "fired": true, "reason": "paper_fill", "fire_us": 1781799000000000, "direction": "DOWN", "stake_usd": "5", "entry_vwap": "0.0093458293302031026500431565"}
2026-06-18 16:15:45.010583+00	resolve	poly_sniper_v5_btc_15m_ema50_ema800_off600_down	{"won": false, "mode": "paper", "outcome": "up", "pnl_usd": -5.0, "direction": "DOWN", "stake_usd": "5", "entry_vwap": "0.0093458293302031026500431565", "event_type": "sleeve_fire_resolved", "slot_end_us": 1781799300000000, "condition_id": "0x688d2ae8a54515e21ca87c9c5b57058c9e7192c8ecb2dba9967beab1a48b91be", "resolve_at_us": 1781799345000000}
2026-06-18 16:20:05.002971+00	fire	shadow_scalp_exit_btc_5m_d3_v1	{"mode": "paper", "fired": true, "reason": "paper_fill", "fire_us": 1781799605000000, "direction": "UP", "stake_usd": "5", "entry_vwap": "0.6300000000000000044408920983"}
2026-06-18 16:25:00.005082+00	fire	poly_sniper_v5_btc_15m_ema50_ema800_off600_down	{"mode": "paper", "fired": true, "reason": "paper_fill", "fire_us": 1781799900000000, "direction": "DOWN", "stake_usd": "5", "entry_vwap": "0.2535101404056162022193632310"}
2026-06-18 16:25:00.203022+00	order_placed	kalshi_sniper_btc_15m_ema50_ema800_off600_down_H	{"mode": "paper", "side": "no", "fired": true, "status": "paper", "ticker": "KXBTC15M-26JUN181230-30", "offset_s": 600, "order_id": "paper-kalshi_sniper_btc_15m_ema50_ema800_off600_down_H-1781799900000000", "direction": "DOWN", "entry_ask": 0.33999999999999997, "entry_vwap": "0.3399999999999999689137553104", "filled_count": 14}
2026-06-18 16:26:15.02652+00	resolve	shadow_scalp_exit_btc_5m_d3_v1	{"won": true, "mode": "paper", "outcome": "up", "pnl_usd": 2.9365079365079367, "direction": "UP", "stake_usd": "5", "entry_vwap": "0.6300000000000000044408920983", "event_type": "sleeve_fire_resolved", "slot_end_us": 1781799900000000, "condition_id": "0x4845546fdf520bd906811eac78a58c22eedc50677c5f6e2cda9eb923c0832b3a", "resolve_at_us": 1781799945000000}
2026-06-18 16:30:45.098308+00	resolve	kalshi_sniper_btc_15m_ema50_ema800_off600_down_H	{"won": true, "mode": "paper", "ticker": "KXBTC15M-26JUN181230-30", "outcome": "no", "pnl_usd": 9.705882352941178, "direction": "DOWN", "stake_usd": "5", "entry_vwap": "0.3399999999999999689137553104", "event_type": "sleeve_fire_resolved", "resolve_at_us": 1781800245000000, "window_end_us": 1781800200000000}
2026-06-18 16:31:45.036367+00	resolve	poly_sniper_v5_btc_15m_ema50_ema800_off600_down	{"won": true, "mode": "paper", "outcome": "down", "pnl_usd": 14.723076923076926, "direction": "DOWN", "stake_usd": "5", "entry_vwap": "0.2535101404056162022193632310", "event_type": "sleeve_fire_resolved", "slot_end_us": 1781800200000000, "condition_id": "0x1935dede276918adb51a462650e470817abd19799bd92fd55de88ef9947f0d36", "resolve_at_us": 1781800245000000}
2026-06-18 16:35:05.005242+00	fire	shadow_scalp_exit_btc_5m_d3_v1	{"mode": "paper", "fired": true, "reason": "paper_fill", "fire_us": 1781800505000000, "direction": "UP", "stake_usd": "5", "entry_vwap": "0.6999999999999999555910790147"}
2026-06-18 16:40:00.014382+00	fire	poly_sniper_v5_btc_15m_ema50_ema800_off600_down	{"mode": "paper", "fired": true, "reason": "paper_fill", "fire_us": 1781800800000000, "direction": "DOWN", "stake_usd": "5", "entry_vwap": "0.1300000000000000044408920985"}
2026-06-18 16:42:15.068054+00	resolve	shadow_scalp_exit_btc_5m_d3_v1	{"won": true, "mode": "paper", "outcome": "up", "pnl_usd": 2.1428571428571432, "direction": "UP", "stake_usd": "5", "entry_vwap": "0.6999999999999999555910790147", "event_type": "sleeve_fire_resolved", "slot_end_us": 1781800800000000, "condition_id": "0x3edaeeac300aa3c3c0ed8ad2d0f766e71176472b8bafc35cdb2a21423e166a02", "resolve_at_us": 1781800845000000}
2026-06-18 16:45:45.012466+00	resolve	poly_sniper_v5_btc_15m_ema50_ema800_off600_down	{"won": false, "mode": "paper", "outcome": "up", "pnl_usd": -5.0, "direction": "DOWN", "stake_usd": "5", "entry_vwap": "0.1300000000000000044408920985", "event_type": "sleeve_fire_resolved", "slot_end_us": 1781801100000000, "condition_id": "0xda453e5f2f24d0e1ba900d6b8d90cba8054e68e8c81cec1a68468cee6f792615", "resolve_at_us": 1781801145000000}
2026-06-18 16:55:00.003449+00	fire	poly_sniper_v5_btc_15m_ema50_ema800_off600_down	{"mode": "paper", "fired": true, "reason": "paper_fill", "fire_us": 1781801700000000, "direction": "DOWN", "stake_usd": "5", "entry_vwap": "0.7600000000000000088817841968"}
2026-06-18 16:55:00.190155+00	order_placed	kalshi_sniper_btc_15m_ema50_ema800_off600_down_H	{"mode": "paper", "side": "no", "fired": true, "status": "paper", "ticker": "KXBTC15M-26JUN181300-00", "offset_s": 600, "order_id": "paper-kalshi_sniper_btc_15m_ema50_ema800_off600_down_H-1781801700000000", "direction": "DOWN", "entry_ask": 0.85, "entry_vwap": "0.8499999999999999777955395072", "filled_count": 5}
2026-06-18 17:00:45.107106+00	resolve	kalshi_sniper_btc_15m_ema50_ema800_off600_down_H	{"won": true, "mode": "paper", "ticker": "KXBTC15M-26JUN181300-00", "outcome": "no", "pnl_usd": 0.8823529411764708, "direction": "DOWN", "stake_usd": "5", "entry_vwap": "0.8499999999999999777955395072", "event_type": "sleeve_fire_resolved", "resolve_at_us": 1781802045000000, "window_end_us": 1781802000000000}
2026-06-18 17:01:45.033995+00	resolve	poly_sniper_v5_btc_15m_ema50_ema800_off600_down	{"won": true, "mode": "paper", "outcome": "down", "pnl_usd": 1.5789473684210515, "direction": "DOWN", "stake_usd": "5", "entry_vwap": "0.7600000000000000088817841968", "event_type": "sleeve_fire_resolved", "slot_end_us": 1781802000000000, "condition_id": "0xaf24bc9942b95d36f925f6af00da3dd9a65bf9dfe83abd4a20b19753e1e31761", "resolve_at_us": 1781802045000000}
2026-06-18 17:10:00.005177+00	fire	poly_sniper_v5_btc_15m_ema50_ema800_off600_down	{"mode": "paper", "fired": true, "reason": "paper_fill", "fire_us": 1781802600000000, "direction": "DOWN", "stake_usd": "5", "entry_vwap": "0.9400000000000000577315972801"}
2026-06-18 17:15:45.01547+00	resolve	poly_sniper_v5_btc_15m_ema50_ema800_off600_down	{"won": true, "mode": "paper", "outcome": "down", "pnl_usd": 0.31914893617021245, "direction": "DOWN", "stake_usd": "5", "entry_vwap": "0.9400000000000000577315972801", "event_type": "sleeve_fire_resolved", "slot_end_us": 1781802900000000, "condition_id": "0x9ad1391220b0dff482ea2e4c5e38cc07a4e98a04e7682026eb1beb9a966abcfd", "resolve_at_us": 1781802945000000}
2026-06-18 17:25:00.00427+00	fire	poly_sniper_v5_btc_15m_ema50_ema800_off600_down	{"mode": "paper", "fired": true, "reason": "paper_fill", "fire_us": 1781803500000000, "direction": "DOWN", "stake_usd": "5", "entry_vwap": "0.9300000000000000488498130831"}
2026-06-18 17:26:00.004602+00	fire	poly_sniper_v5_eth_5m_l_ema50_hurst_grandparent_V10	{"mode": "paper", "fired": true, "reason": "paper_fill", "fire_us": 1781803560000000, "direction": "DOWN", "stake_usd": "5", "entry_vwap": "0.4300000000000000488498130833"}
2026-06-18 17:30:45.008992+00	resolve	poly_sniper_v5_eth_5m_l_ema50_hurst_grandparent_V10	{"won": false, "mode": "paper", "outcome": "up", "pnl_usd": -5.0, "direction": "DOWN", "stake_usd": "5", "entry_vwap": "0.4300000000000000488498130833", "event_type": "sleeve_fire_resolved", "slot_end_us": 1781803800000000, "condition_id": "0x474ccc9e5ab24b33143f96cd2a3f1403f893acbc52726cee06a1273b56bf4d1e", "resolve_at_us": 1781803845000000}
2026-06-18 17:32:15.051527+00	resolve	poly_sniper_v5_btc_15m_ema50_ema800_off600_down	{"won": false, "mode": "paper", "outcome": "up", "pnl_usd": -5.0, "direction": "DOWN", "stake_usd": "5", "entry_vwap": "0.9300000000000000488498130831", "event_type": "sleeve_fire_resolved", "slot_end_us": 1781803800000000, "condition_id": "0x7309efc972d2d30597c6160c659cfc572387429407cd19b3f42c272008996d9a", "resolve_at_us": 1781803845000000}
2026-06-18 17:40:00.002829+00	fire	poly_sniper_v5_btc_15m_ema50_ema800_off600_down	{"mode": "paper", "fired": true, "reason": "paper_fill", "fire_us": 1781804400000000, "direction": "DOWN", "stake_usd": "5", "entry_vwap": "0.6300000000000000044408920983"}
2026-06-18 17:40:00.118256+00	order_placed	kalshi_sniper_btc_15m_ema50_ema800_off600_down_H	{"mode": "paper", "side": "no", "fired": true, "status": "paper", "ticker": "KXBTC15M-26JUN181345-45", "offset_s": 600, "order_id": "paper-kalshi_sniper_btc_15m_ema50_ema800_off600_down_H-1781804400000000", "direction": "DOWN", "entry_ask": 0.52, "entry_vwap": "0.5200000000000000177635683938", "filled_count": 9}
2026-06-18 17:45:45.00935+00	resolve	poly_sniper_v5_btc_15m_ema50_ema800_off600_down	{"won": false, "mode": "paper", "outcome": "up", "pnl_usd": -5.0, "direction": "DOWN", "stake_usd": "5", "entry_vwap": "0.6300000000000000044408920983", "event_type": "sleeve_fire_resolved", "slot_end_us": 1781804700000000, "condition_id": "0x3e4a9921594b468ade1e6cf709f0d8d35a3c36a3930d4ec13d0d87baf6b41264", "resolve_at_us": 1781804745000000}
2026-06-18 17:45:45.262227+00	resolve	kalshi_sniper_btc_15m_ema50_ema800_off600_down_H	{"won": false, "mode": "paper", "ticker": "KXBTC15M-26JUN181345-45", "outcome": "yes", "pnl_usd": -5.0, "direction": "DOWN", "stake_usd": "5", "entry_vwap": "0.5200000000000000177635683938", "event_type": "sleeve_fire_resolved", "resolve_at_us": 1781804745000000, "window_end_us": 1781804700000000}
2026-06-18 17:55:00.191049+00	order_placed	kalshi_sniper_btc_15m_ema50_ema800_off600_down_H	{"mode": "paper", "side": "no", "fired": true, "status": "paper", "ticker": "KXBTC15M-26JUN181400-00", "offset_s": 600, "order_id": "paper-kalshi_sniper_btc_15m_ema50_ema800_off600_down_H-1781805300000000", "direction": "DOWN", "entry_ask": 0.7, "entry_vwap": "0.6999999999999999555910790147", "filled_count": 7}
2026-06-18 18:00:05.019964+00	fire	shadow_scalp_exit_btc_5m_d3_v1	{"mode": "paper", "fired": true, "reason": "paper_fill", "fire_us": 1781805605000000, "direction": "UP", "stake_usd": "5", "entry_vwap": "0.6100000000000000976996261668"}
2026-06-18 18:00:45.126961+00	resolve	kalshi_sniper_btc_15m_ema50_ema800_off600_down_H	{"won": true, "mode": "paper", "ticker": "KXBTC15M-26JUN181400-00", "outcome": "no", "pnl_usd": 2.1428571428571432, "direction": "DOWN", "stake_usd": "5", "entry_vwap": "0.6999999999999999555910790147", "event_type": "sleeve_fire_resolved", "resolve_at_us": 1781805645000000, "window_end_us": 1781805600000000}
2026-06-18 18:08:45.072335+00	resolve	shadow_scalp_exit_btc_5m_d3_v1	{"won": true, "mode": "paper", "outcome": "up", "pnl_usd": 3.1967213114754087, "direction": "UP", "stake_usd": "5", "entry_vwap": "0.6100000000000000976996261668", "event_type": "sleeve_fire_resolved", "slot_end_us": 1781805900000000, "condition_id": "0xba71c99d7fb34fe556a1fa3203307333821ff8ed1d5297b70313adbdf2ff9b26", "resolve_at_us": 1781805945000000}
2026-06-18 18:40:00.002996+00	fire	poly_sniper_v5_btc_15m_ema50_ema800_off600_down	{"mode": "paper", "fired": true, "reason": "paper_fill", "fire_us": 1781808000000000, "direction": "DOWN", "stake_usd": "5", "entry_vwap": "0.9400000000000000577315972801"}
2026-06-18 18:45:45.011346+00	resolve	poly_sniper_v5_btc_15m_ema50_ema800_off600_down	{"won": true, "mode": "paper", "outcome": "down", "pnl_usd": 0.31914893617021245, "direction": "DOWN", "stake_usd": "5", "entry_vwap": "0.9400000000000000577315972801", "event_type": "sleeve_fire_resolved", "slot_end_us": 1781808300000000, "condition_id": "0x791c197c6906fdea013e05d0248e3b0dc003eb20d75d694db4d72c159d22c9ff", "resolve_at_us": 1781808345000000}
2026-06-18 18:55:00.003891+00	fire	poly_sniper_v5_btc_15m_ema50_ema800_off600_down	{"mode": "paper", "fired": true, "reason": "paper_fill", "fire_us": 1781808900000000, "direction": "DOWN", "stake_usd": "5", "entry_vwap": "0.9100000000000000310862446891"}
2026-06-18 18:55:00.198678+00	order_placed	kalshi_sniper_btc_15m_ema50_ema800_off600_down_H	{"mode": "paper", "side": "no", "fired": true, "status": "paper", "ticker": "KXBTC15M-26JUN181500-00", "offset_s": 600, "order_id": "paper-kalshi_sniper_btc_15m_ema50_ema800_off600_down_H-1781808900000000", "direction": "DOWN", "entry_ask": 0.914, "entry_vwap": "0.9140000000000000346389583679", "filled_count": 5}
2026-06-18 19:00:45.104938+00	resolve	kalshi_sniper_btc_15m_ema50_ema800_off600_down_H	{"won": true, "mode": "paper", "ticker": "KXBTC15M-26JUN181500-00", "outcome": "no", "pnl_usd": 0.4704595185995622, "direction": "DOWN", "stake_usd": "5", "entry_vwap": "0.9140000000000000346389583679", "event_type": "sleeve_fire_resolved", "resolve_at_us": 1781809245000000, "window_end_us": 1781809200000000}
2026-06-18 19:04:45.086673+00	resolve	poly_sniper_v5_btc_15m_ema50_ema800_off600_down	{"won": true, "mode": "paper", "outcome": "down", "pnl_usd": 0.49450549450549436, "direction": "DOWN", "stake_usd": "5", "entry_vwap": "0.9100000000000000310862446891", "event_type": "sleeve_fire_resolved", "slot_end_us": 1781809200000000, "condition_id": "0x3d7d0034c7f1bec8d37bb27355e74fafd284d250c2c716f5951ed5a68a432fc5", "resolve_at_us": 1781809245000000}
2026-06-18 19:05:05.003954+00	fire	shadow_scalp_exit_btc_5m_d3_v1	{"mode": "paper", "fired": true, "reason": "paper_fill", "fire_us": 1781809505000000, "direction": "DOWN", "stake_usd": "5", "entry_vwap": "0.6400000000000000133226762952"}
2026-06-18 19:10:00.020462+00	fire	poly_sniper_v5_btc_15m_ema50_ema800_off600_down	{"mode": "paper", "fired": true, "reason": "paper_fill", "fire_us": 1781809800000000, "direction": "DOWN", "stake_usd": "5", "entry_vwap": "0.6700000000000000399680288863"}
2026-06-18 19:10:00.538812+00	order_placed	kalshi_sniper_btc_15m_ema50_ema800_off600_down_H	{"mode": "paper", "side": "no", "fired": true, "status": "paper", "ticker": "KXBTC15M-26JUN181515-15", "offset_s": 600, "order_id": "paper-kalshi_sniper_btc_15m_ema50_ema800_off600_down_H-1781809800000000", "direction": "DOWN", "entry_ask": 0.75, "entry_vwap": "0.75", "filled_count": 6}
2026-06-18 19:13:15.062547+00	resolve	shadow_scalp_exit_btc_5m_d3_v1	{"won": false, "mode": "paper", "outcome": "up", "pnl_usd": -5.0, "direction": "DOWN", "stake_usd": "5", "entry_vwap": "0.6400000000000000133226762952", "event_type": "sleeve_fire_resolved", "slot_end_us": 1781809800000000, "condition_id": "0x3d952022f97e0e4f508252e44fd4f3fe5687167fef1ef0504ad1f0bce68203b3", "resolve_at_us": 1781809845000000}
2026-06-18 19:15:05.003712+00	fire	shadow_scalp_exit_btc_5m_d3_v1	{"mode": "paper", "fired": true, "reason": "paper_fill", "fire_us": 1781810105000000, "direction": "DOWN", "stake_usd": "5", "entry_vwap": "0.5899999999999999689137553103"}
2026-06-18 19:15:45.122382+00	resolve	kalshi_sniper_btc_15m_ema50_ema800_off600_down_H	{"won": true, "mode": "paper", "ticker": "KXBTC15M-26JUN181515-15", "outcome": "no", "pnl_usd": 1.6666666666666667, "direction": "DOWN", "stake_usd": "5", "entry_vwap": "0.75", "event_type": "sleeve_fire_resolved", "resolve_at_us": 1781810145000000, "window_end_us": 1781810100000000}
2026-06-18 19:16:15.061828+00	resolve	poly_sniper_v5_btc_15m_ema50_ema800_off600_down	{"won": true, "mode": "paper", "outcome": "down", "pnl_usd": 2.4626865671641776, "direction": "DOWN", "stake_usd": "5", "entry_vwap": "0.6700000000000000399680288863", "event_type": "sleeve_fire_resolved", "slot_end_us": 1781810100000000, "condition_id": "0x21511cd32916d7c39a6dd450ed077ba49509fc6bb43b5f1abb2b6658b7fc5ace", "resolve_at_us": 1781810145000000}
2026-06-18 19:22:45.05738+00	resolve	shadow_scalp_exit_btc_5m_d3_v1	{"won": false, "mode": "paper", "outcome": "up", "pnl_usd": -5.0, "direction": "DOWN", "stake_usd": "5", "entry_vwap": "0.5899999999999999689137553103", "event_type": "sleeve_fire_resolved", "slot_end_us": 1781810400000000, "condition_id": "0x06ecc14545b02af7dd565a12e30a757d0e6500ace9812ed9d299fa4838c94db1", "resolve_at_us": 1781810445000000}
2026-06-18 20:00:05.007588+00	fire	shadow_scalp_exit_btc_5m_d3_v1	{"mode": "paper", "fired": true, "reason": "paper_fill", "fire_us": 1781812805000000, "direction": "UP", "stake_usd": "5", "entry_vwap": "0.6600000000000000310862446891"}
2026-06-18 20:05:45.011243+00	resolve	shadow_scalp_exit_btc_5m_d3_v1	{"won": true, "mode": "paper", "outcome": "up", "pnl_usd": 2.5757575757575744, "direction": "UP", "stake_usd": "5", "entry_vwap": "0.6600000000000000310862446891", "event_type": "sleeve_fire_resolved", "slot_end_us": 1781813100000000, "condition_id": "0x4a945f316d3d32bd7e41cb7a8170a5d8bbd9e5630e88f46ab694a6d424a2cd31", "resolve_at_us": 1781813145000000}
2026-06-18 20:20:05.009333+00	fire	shadow_scalp_exit_btc_5m_d3_v1	{"mode": "paper", "fired": true, "reason": "paper_fill", "fire_us": 1781814005000000, "direction": "UP", "stake_usd": "5", "entry_vwap": "0.6999999999999999555910790147"}
2026-06-18 20:27:45.046785+00	resolve	shadow_scalp_exit_btc_5m_d3_v1	{"won": false, "mode": "paper", "outcome": "down", "pnl_usd": -5.0, "direction": "UP", "stake_usd": "5", "entry_vwap": "0.6999999999999999555910790147", "event_type": "sleeve_fire_resolved", "slot_end_us": 1781814300000000, "condition_id": "0x91190048579b1892e34e2801db5dd62f794f0ddb41ea7dcd00a42afb42e732b8", "resolve_at_us": 1781814345000000}
2026-06-18 21:25:00.003448+00	fire	poly_sniper_v5_btc_15m_ema50_ema800_off600_down	{"mode": "paper", "fired": true, "reason": "paper_fill", "fire_us": 1781817900000000, "direction": "DOWN", "stake_usd": "5", "entry_vwap": "0.0500000000000000027755575615"}
2026-06-18 21:31:45.037983+00	resolve	poly_sniper_v5_btc_15m_ema50_ema800_off600_down	{"won": false, "mode": "paper", "outcome": "up", "pnl_usd": -5.0, "direction": "DOWN", "stake_usd": "5", "entry_vwap": "0.0500000000000000027755575615", "event_type": "sleeve_fire_resolved", "slot_end_us": 1781818200000000, "condition_id": "0x2d161a7740a3a91254073403691b99c25fa853a97da48352057d73fefc35317a", "resolve_at_us": 1781818245000000}
2026-06-18 21:40:00.003405+00	fire	poly_sniper_v5_btc_15m_ema50_ema800_off600_down	{"mode": "paper", "fired": true, "reason": "paper_fill", "fire_us": 1781818800000000, "direction": "DOWN", "stake_usd": "5", "entry_vwap": "0.7199999999999999733546474088"}
2026-06-18 21:40:00.190357+00	order_placed	kalshi_sniper_btc_15m_ema50_ema800_off600_down_H	{"mode": "paper", "side": "no", "fired": true, "status": "paper", "ticker": "KXBTC15M-26JUN181745-45", "offset_s": 600, "order_id": "paper-kalshi_sniper_btc_15m_ema50_ema800_off600_down_H-1781818800000000", "direction": "DOWN", "entry_ask": 0.79, "entry_vwap": "0.7900000000000000355271367877", "filled_count": 6}
2026-06-18 21:40:05.00386+00	fire	shadow_scalp_exit_btc_5m_d3_v1	{"mode": "paper", "fired": true, "reason": "paper_fill", "fire_us": 1781818805000000, "direction": "DOWN", "stake_usd": "5", "entry_vwap": "0.7199999999999999733546474088"}
2026-06-18 21:45:45.107015+00	resolve	kalshi_sniper_btc_15m_ema50_ema800_off600_down_H	{"won": true, "mode": "paper", "ticker": "KXBTC15M-26JUN181745-45", "outcome": "no", "pnl_usd": 1.3291139240506327, "direction": "DOWN", "stake_usd": "5", "entry_vwap": "0.7900000000000000355271367877", "event_type": "sleeve_fire_resolved", "resolve_at_us": 1781819145000000, "window_end_us": 1781819100000000}
2026-06-18 21:47:45.053291+00	resolve	poly_sniper_v5_btc_15m_ema50_ema800_off600_down	{"won": true, "mode": "paper", "outcome": "down", "pnl_usd": 1.9444444444444446, "direction": "DOWN", "stake_usd": "5", "entry_vwap": "0.7199999999999999733546474088", "event_type": "sleeve_fire_resolved", "slot_end_us": 1781819100000000, "condition_id": "0x73275eff4d57342e261a15e77b9613c14de5b403d8e13e01f902ecc5aee08d1c", "resolve_at_us": 1781819145000000}
2026-06-18 21:47:45.063284+00	resolve	shadow_scalp_exit_btc_5m_d3_v1	{"won": true, "mode": "paper", "outcome": "down", "pnl_usd": 1.9444444444444446, "direction": "DOWN", "stake_usd": "5", "entry_vwap": "0.7199999999999999733546474088", "event_type": "sleeve_fire_resolved", "slot_end_us": 1781819100000000, "condition_id": "0x68686aeb7888999f6274b132f6632bbbeedfd52837c62d3f155f600d956b1328", "resolve_at_us": 1781819145000000}
2026-06-18 21:55:00.003623+00	fire	poly_sniper_v5_btc_15m_ema50_ema800_off600_down	{"mode": "paper", "fired": true, "reason": "paper_fill", "fire_us": 1781819700000000, "direction": "DOWN", "stake_usd": "5", "entry_vwap": "0.5600000000000000532907051819"}
2026-06-18 21:55:00.11467+00	order_placed	kalshi_sniper_btc_15m_ema50_ema800_off600_down_H	{"mode": "paper", "side": "no", "fired": true, "status": "paper", "ticker": "KXBTC15M-26JUN181800-00", "offset_s": 600, "order_id": "paper-kalshi_sniper_btc_15m_ema50_ema800_off600_down_H-1781819700000000", "direction": "DOWN", "entry_ask": 0.63, "entry_vwap": "0.6300000000000000044408920983", "filled_count": 7}
2026-06-18 22:00:45.093884+00	resolve	kalshi_sniper_btc_15m_ema50_ema800_off600_down_H	{"won": false, "mode": "paper", "ticker": "KXBTC15M-26JUN181800-00", "outcome": "yes", "pnl_usd": -5.0, "direction": "DOWN", "stake_usd": "5", "entry_vwap": "0.6300000000000000044408920983", "event_type": "sleeve_fire_resolved", "resolve_at_us": 1781820045000000, "window_end_us": 1781820000000000}
2026-06-18 22:01:45.042287+00	resolve	poly_sniper_v5_btc_15m_ema50_ema800_off600_down	{"won": false, "mode": "paper", "outcome": "up", "pnl_usd": -5.0, "direction": "DOWN", "stake_usd": "5", "entry_vwap": "0.5600000000000000532907051819", "event_type": "sleeve_fire_resolved", "slot_end_us": 1781820000000000, "condition_id": "0xf841aadfcd23f1196830b70c53b1a4129b0a5b4d3cdb1b477af53a56a497f529", "resolve_at_us": 1781820045000000}
2026-06-18 22:10:00.004174+00	fire	poly_sniper_v5_btc_15m_ema50_ema800_off600_down	{"mode": "paper", "fired": true, "reason": "paper_fill", "fire_us": 1781820600000000, "direction": "DOWN", "stake_usd": "5", "entry_vwap": "0.8199999999999999511501869162"}
2026-06-18 22:10:00.354885+00	order_placed	kalshi_sniper_btc_15m_ema50_ema800_off600_down_H	{"mode": "paper", "side": "no", "fired": true, "status": "paper", "ticker": "KXBTC15M-26JUN181815-15", "offset_s": 600, "order_id": "paper-kalshi_sniper_btc_15m_ema50_ema800_off600_down_H-1781820600000000", "direction": "DOWN", "entry_ask": 0.9, "entry_vwap": "0.9000000000000000222044604922", "filled_count": 5}
2026-06-18 22:15:45.1207+00	resolve	kalshi_sniper_btc_15m_ema50_ema800_off600_down_H	{"won": true, "mode": "paper", "ticker": "KXBTC15M-26JUN181815-15", "outcome": "no", "pnl_usd": 0.5555555555555554, "direction": "DOWN", "stake_usd": "5", "entry_vwap": "0.9000000000000000222044604922", "event_type": "sleeve_fire_resolved", "resolve_at_us": 1781820945000000, "window_end_us": 1781820900000000}
2026-06-18 22:17:15.065374+00	resolve	poly_sniper_v5_btc_15m_ema50_ema800_off600_down	{"won": true, "mode": "paper", "outcome": "down", "pnl_usd": 1.0975609756097564, "direction": "DOWN", "stake_usd": "5", "entry_vwap": "0.8199999999999999511501869162", "event_type": "sleeve_fire_resolved", "slot_end_us": 1781820900000000, "condition_id": "0xc6c22701ff4df513b80a6f081e87bc4bbc61bcbf444dc7016d1013e6eb82fd05", "resolve_at_us": 1781820945000000}
2026-06-18 22:25:00.003717+00	fire	poly_sniper_v5_btc_15m_ema50_ema800_off600_down	{"mode": "paper", "fired": true, "reason": "paper_fill", "fire_us": 1781821500000000, "direction": "DOWN", "stake_usd": "5", "entry_vwap": "0.9349999999999999422684027191"}
2026-06-18 22:32:15.044743+00	resolve	poly_sniper_v5_btc_15m_ema50_ema800_off600_down	{"won": true, "mode": "paper", "outcome": "down", "pnl_usd": 0.34759358288770087, "direction": "DOWN", "stake_usd": "5", "entry_vwap": "0.9349999999999999422684027191", "event_type": "sleeve_fire_resolved", "slot_end_us": 1781821800000000, "condition_id": "0xd50b80186809d0ccf399f8ab112c5b3ded688b545149d27714f8944a2bd11733", "resolve_at_us": 1781821845000000}
2026-06-18 22:40:00.002923+00	fire	poly_sniper_v5_btc_15m_ema50_ema800_off600_down	{"mode": "paper", "fired": true, "reason": "paper_fill", "fire_us": 1781822400000000, "direction": "DOWN", "stake_usd": "5", "entry_vwap": "0.75"}
2026-06-18 22:40:00.185302+00	order_placed	kalshi_sniper_btc_15m_ema50_ema800_off600_down_H	{"mode": "paper", "side": "no", "fired": true, "status": "paper", "ticker": "KXBTC15M-26JUN181845-45", "offset_s": 600, "order_id": "paper-kalshi_sniper_btc_15m_ema50_ema800_off600_down_H-1781822400000000", "direction": "DOWN", "entry_ask": 0.81, "entry_vwap": "0.8100000000000000532907051816", "filled_count": 6}
2026-06-18 22:45:45.104398+00	resolve	kalshi_sniper_btc_15m_ema50_ema800_off600_down_H	{"won": true, "mode": "paper", "ticker": "KXBTC15M-26JUN181845-45", "outcome": "no", "pnl_usd": 1.1728395061728392, "direction": "DOWN", "stake_usd": "5", "entry_vwap": "0.8100000000000000532907051816", "event_type": "sleeve_fire_resolved", "resolve_at_us": 1781822745000000, "window_end_us": 1781822700000000}
2026-06-18 22:47:15.07434+00	resolve	poly_sniper_v5_btc_15m_ema50_ema800_off600_down	{"won": true, "mode": "paper", "outcome": "down", "pnl_usd": 1.6666666666666667, "direction": "DOWN", "stake_usd": "5", "entry_vwap": "0.75", "event_type": "sleeve_fire_resolved", "slot_end_us": 1781822700000000, "condition_id": "0xcf5ee8a5578370b59bcb2d6835ac7f9137cfb37ff28dfd4b21be95f9a0342122", "resolve_at_us": 1781822745000000}
2026-06-18 23:10:00.007749+00	fire	poly_sniper_v5_btc_15m_ema50_ema800_off600_down	{"mode": "paper", "fired": true, "reason": "paper_fill", "fire_us": 1781824200000000, "direction": "DOWN", "stake_usd": "5", "entry_vwap": "0.9199999999999999289457264236"}
2026-06-18 23:10:00.188207+00	order_placed	kalshi_sniper_btc_15m_ema50_ema800_off600_down_H	{"mode": "paper", "side": "no", "fired": true, "status": "paper", "ticker": "KXBTC15M-26JUN181915-15", "offset_s": 600, "order_id": "paper-kalshi_sniper_btc_15m_ema50_ema800_off600_down_H-1781824200000000", "direction": "DOWN", "entry_ask": 0.9299999999999999, "entry_vwap": "0.9299999999999999378275106206", "filled_count": 5}
2026-06-18 23:15:45.011087+00	resolve	poly_sniper_v5_btc_15m_ema50_ema800_off600_down	{"won": true, "mode": "paper", "outcome": "down", "pnl_usd": 0.43478260869565255, "direction": "DOWN", "stake_usd": "5", "entry_vwap": "0.9199999999999999289457264236", "event_type": "sleeve_fire_resolved", "slot_end_us": 1781824500000000, "condition_id": "0xe2dfc3e38d9ffa7b2ee68014720ebf1a635be484ce01c3c0861f64f451445ce8", "resolve_at_us": 1781824545000000}
2026-06-18 23:15:45.094531+00	resolve	kalshi_sniper_btc_15m_ema50_ema800_off600_down_H	{"won": true, "mode": "paper", "ticker": "KXBTC15M-26JUN181915-15", "outcome": "no", "pnl_usd": 0.37634408602150576, "direction": "DOWN", "stake_usd": "5", "entry_vwap": "0.9299999999999999378275106206", "event_type": "sleeve_fire_resolved", "resolve_at_us": 1781824545000000, "window_end_us": 1781824500000000}
2026-06-18 23:45:05.002969+00	fire	shadow_scalp_exit_btc_5m_d3_v1	{"mode": "paper", "fired": true, "reason": "paper_fill", "fire_us": 1781826305000000, "direction": "DOWN", "stake_usd": "5", "entry_vwap": "0.6600000000000000310862446891"}
2026-06-18 23:54:45.119271+00	resolve	shadow_scalp_exit_btc_5m_d3_v1	{"won": false, "mode": "paper", "outcome": "up", "pnl_usd": -5.0, "direction": "DOWN", "stake_usd": "5", "entry_vwap": "0.6600000000000000310862446891", "event_type": "sleeve_fire_resolved", "slot_end_us": 1781826600000000, "condition_id": "0xa4d332d91415d2b7c0edc19534348b59b8a35623106e0065488a11156b64efd8", "resolve_at_us": 1781826645000000}
2026-06-19 00:10:00.003121+00	fire	poly_sniper_v5_btc_15m_ema50_ema800_off600_down	{"mode": "paper", "fired": true, "reason": "paper_fill", "fire_us": 1781827800000000, "direction": "DOWN", "stake_usd": "5", "entry_vwap": "0.9100000000000000310862446891"}
2026-06-19 00:10:00.185886+00	order_placed	kalshi_sniper_btc_15m_ema50_ema800_off600_down_H	{"mode": "paper", "side": "no", "fired": true, "status": "paper", "ticker": "KXBTC15M-26JUN182015-15", "offset_s": 600, "order_id": "paper-kalshi_sniper_btc_15m_ema50_ema800_off600_down_H-1781827800000000", "direction": "DOWN", "entry_ask": 0.914, "entry_vwap": "0.9140000000000000346389583679", "filled_count": 5}
2026-06-19 00:15:45.0112+00	resolve	poly_sniper_v5_btc_15m_ema50_ema800_off600_down	{"won": true, "mode": "paper", "outcome": "down", "pnl_usd": 0.49450549450549436, "direction": "DOWN", "stake_usd": "5", "entry_vwap": "0.9100000000000000310862446891", "event_type": "sleeve_fire_resolved", "slot_end_us": 1781828100000000, "condition_id": "0x9ba48aab37eb8a899b91a6f28a1d35ed9d9c43a8c9b291b513f60c6f7bcc651f", "resolve_at_us": 1781828145000000}
2026-06-19 00:15:45.092706+00	resolve	kalshi_sniper_btc_15m_ema50_ema800_off600_down_H	{"won": true, "mode": "paper", "ticker": "KXBTC15M-26JUN182015-15", "outcome": "no", "pnl_usd": 0.4704595185995622, "direction": "DOWN", "stake_usd": "5", "entry_vwap": "0.9140000000000000346389583679", "event_type": "sleeve_fire_resolved", "resolve_at_us": 1781828145000000, "window_end_us": 1781828100000000}
2026-06-19 01:10:00.191639+00	order_placed	kalshi_sniper_btc_15m_ema50_ema800_off600_down_H	{"mode": "paper", "side": "no", "fired": true, "status": "paper", "ticker": "KXBTC15M-26JUN182115-15", "offset_s": 600, "order_id": "paper-kalshi_sniper_btc_15m_ema50_ema800_off600_down_H-1781831400000000", "direction": "DOWN", "entry_ask": 0.77, "entry_vwap": "0.7700000000000000177635683938", "filled_count": 6}
2026-06-19 01:15:45.091145+00	resolve	kalshi_sniper_btc_15m_ema50_ema800_off600_down_H	{"won": true, "mode": "paper", "ticker": "KXBTC15M-26JUN182115-15", "outcome": "no", "pnl_usd": 1.4935064935064926, "direction": "DOWN", "stake_usd": "5", "entry_vwap": "0.7700000000000000177635683938", "event_type": "sleeve_fire_resolved", "resolve_at_us": 1781831745000000, "window_end_us": 1781831700000000}
2026-06-19 01:40:00.003328+00	fire	poly_sniper_v5_btc_15m_ema50_ema800_off600_down	{"mode": "paper", "fired": true, "reason": "paper_fill", "fire_us": 1781833200000000, "direction": "DOWN", "stake_usd": "5", "entry_vwap": "0.8600000000000000976996261666"}
2026-06-19 01:40:00.353212+00	order_placed	kalshi_sniper_btc_15m_ema50_ema800_off600_down_H	{"mode": "paper", "side": "no", "fired": true, "status": "paper", "ticker": "KXBTC15M-26JUN182145-45", "offset_s": 600, "order_id": "paper-kalshi_sniper_btc_15m_ema50_ema800_off600_down_H-1781833200000000", "direction": "DOWN", "entry_ask": 0.84, "entry_vwap": "0.8399999999999999689137553101", "filled_count": 5}
2026-06-19 01:45:45.007545+00	resolve	poly_sniper_v5_btc_15m_ema50_ema800_off600_down	{"won": true, "mode": "paper", "outcome": "down", "pnl_usd": 0.8139534883720917, "direction": "DOWN", "stake_usd": "5", "entry_vwap": "0.8600000000000000976996261666", "event_type": "sleeve_fire_resolved", "slot_end_us": 1781833500000000, "condition_id": "0xd16914b82d92543d92a5b771937c83c3d27c64d96c36d315de5c3b006efeea8d", "resolve_at_us": 1781833545000000}
2026-06-19 01:45:45.092037+00	resolve	kalshi_sniper_btc_15m_ema50_ema800_off600_down_H	{"won": true, "mode": "paper", "ticker": "KXBTC15M-26JUN182145-45", "outcome": "no", "pnl_usd": 0.9523809523809526, "direction": "DOWN", "stake_usd": "5", "entry_vwap": "0.8399999999999999689137553101", "event_type": "sleeve_fire_resolved", "resolve_at_us": 1781833545000000, "window_end_us": 1781833500000000}
2026-06-19 02:25:00.00302+00	fire	poly_sniper_v5_btc_15m_ema50_ema800_off600_down	{"mode": "paper", "fired": true, "reason": "paper_fill", "fire_us": 1781835900000000, "direction": "DOWN", "stake_usd": "5", "entry_vwap": "0.4599999999999999644728632118"}
2026-06-19 02:26:00.003884+00	fire	poly_sniper_v5_eth_5m_l_ema50_hurst_grandparent_V10	{"mode": "paper", "fired": true, "reason": "paper_fill", "fire_us": 1781835960000000, "direction": "DOWN", "stake_usd": "5", "entry_vwap": "0.5"}
2026-06-19 02:30:45.009258+00	resolve	poly_sniper_v5_eth_5m_l_ema50_hurst_grandparent_V10	{"won": true, "mode": "paper", "outcome": "down", "pnl_usd": 5.0, "direction": "DOWN", "stake_usd": "5", "entry_vwap": "0.5", "event_type": "sleeve_fire_resolved", "slot_end_us": 1781836200000000, "condition_id": "0x2937c2b6e26a38340898e3bc1180f860f1036c6d785b266d24a3c849d009ef9a", "resolve_at_us": 1781836245000000}
2026-06-19 02:31:00.004853+00	fire	poly_sniper_v5_eth_5m_l_ema50_hurst_grandparent_V10	{"mode": "paper", "fired": true, "reason": "paper_fill", "fire_us": 1781836260000000, "direction": "DOWN", "stake_usd": "5", "entry_vwap": "0.2399999999999999633626401873"}
2026-06-19 02:31:15.027977+00	resolve	poly_sniper_v5_btc_15m_ema50_ema800_off600_down	{"won": true, "mode": "paper", "outcome": "down", "pnl_usd": 5.869565217391305, "direction": "DOWN", "stake_usd": "5", "entry_vwap": "0.4599999999999999644728632118", "event_type": "sleeve_fire_resolved", "slot_end_us": 1781836200000000, "condition_id": "0x616ce5484d526610174190221272e1697d3b80024927e7233cb26d2ea307fe74", "resolve_at_us": 1781836245000000}
2026-06-19 02:38:15.0543+00	resolve	poly_sniper_v5_eth_5m_l_ema50_hurst_grandparent_V10	{"won": false, "mode": "paper", "outcome": "up", "pnl_usd": -5.0, "direction": "DOWN", "stake_usd": "5", "entry_vwap": "0.2399999999999999633626401873", "event_type": "sleeve_fire_resolved", "slot_end_us": 1781836500000000, "condition_id": "0xfe6e8c7e3e275e4704bdb2b95b2cca50cba3befdff2a60015c95273c6f3afba8", "resolve_at_us": 1781836545000000}
2026-06-19 02:40:00.003398+00	fire	poly_sniper_v5_btc_15m_ema50_ema800_off600_down	{"mode": "paper", "fired": true, "reason": "paper_fill", "fire_us": 1781836800000000, "direction": "DOWN", "stake_usd": "5", "entry_vwap": "0.6700000000000000399680288863"}
2026-06-19 02:40:00.192223+00	order_placed	kalshi_sniper_btc_15m_ema50_ema800_off600_down_H	{"mode": "paper", "side": "no", "fired": true, "status": "paper", "ticker": "KXBTC15M-26JUN182245-45", "offset_s": 600, "order_id": "paper-kalshi_sniper_btc_15m_ema50_ema800_off600_down_H-1781836800000000", "direction": "DOWN", "entry_ask": 0.84, "entry_vwap": "0.8399999999999999689137553101", "filled_count": 5}
2026-06-19 02:45:45.00979+00	resolve	poly_sniper_v5_btc_15m_ema50_ema800_off600_down	{"won": true, "mode": "paper", "outcome": "down", "pnl_usd": 2.4626865671641776, "direction": "DOWN", "stake_usd": "5", "entry_vwap": "0.6700000000000000399680288863", "event_type": "sleeve_fire_resolved", "slot_end_us": 1781837100000000, "condition_id": "0x3617763993ec4410d4b4ff274725889e1f1788d07d343f947b31119401510c5c", "resolve_at_us": 1781837145000000}
2026-06-19 02:45:45.092737+00	resolve	kalshi_sniper_btc_15m_ema50_ema800_off600_down_H	{"won": true, "mode": "paper", "ticker": "KXBTC15M-26JUN182245-45", "outcome": "no", "pnl_usd": 0.9523809523809526, "direction": "DOWN", "stake_usd": "5", "entry_vwap": "0.8399999999999999689137553101", "event_type": "sleeve_fire_resolved", "resolve_at_us": 1781837145000000, "window_end_us": 1781837100000000}
2026-06-19 02:50:05.004576+00	fire	shadow_scalp_exit_btc_5m_d3_v1	{"mode": "paper", "fired": true, "reason": "paper_fill", "fire_us": 1781837405000000, "direction": "DOWN", "stake_usd": "5", "entry_vwap": "0.6800000000000000488498130833"}
2026-06-19 02:58:15.053278+00	resolve	shadow_scalp_exit_btc_5m_d3_v1	{"won": false, "mode": "paper", "outcome": "up", "pnl_usd": -5.0, "direction": "DOWN", "stake_usd": "5", "entry_vwap": "0.6800000000000000488498130833", "event_type": "sleeve_fire_resolved", "slot_end_us": 1781837700000000, "condition_id": "0xaf2b596b59d2b0185cd2d6445930e43db99a616e54696a7523a50e7e5f14c3f7", "resolve_at_us": 1781837745000000}
2026-06-19 03:10:00.002926+00	fire	poly_sniper_v5_btc_15m_ema50_ema800_off600_down	{"mode": "paper", "fired": true, "reason": "paper_fill", "fire_us": 1781838600000000, "direction": "DOWN", "stake_usd": "5", "entry_vwap": "0.9799999999999999822364316056"}
2026-06-19 03:15:45.009388+00	resolve	poly_sniper_v5_btc_15m_ema50_ema800_off600_down	{"won": true, "mode": "paper", "outcome": "down", "pnl_usd": 0.10204081632653013, "direction": "DOWN", "stake_usd": "5", "entry_vwap": "0.9799999999999999822364316056", "event_type": "sleeve_fire_resolved", "slot_end_us": 1781838900000000, "condition_id": "0xbbe8d69daede16f176e320c6baabe2f05f1400d8ce56aff99081366514e4e1c9", "resolve_at_us": 1781838945000000}
2026-06-19 03:25:00.003751+00	fire	poly_sniper_v5_btc_15m_ema50_ema800_off600_down	{"mode": "paper", "fired": true, "reason": "paper_fill", "fire_us": 1781839500000000, "direction": "DOWN", "stake_usd": "5", "entry_vwap": "0.1600000000000000033306690738"}
2026-06-19 03:30:05.002976+00	fire	shadow_scalp_exit_btc_5m_d3_v1	{"mode": "paper", "fired": true, "reason": "paper_fill", "fire_us": 1781839805000000, "direction": "DOWN", "stake_usd": "5", "entry_vwap": "0.6600000000000000310862446891"}
2026-06-19 03:31:15.016403+00	resolve	poly_sniper_v5_btc_15m_ema50_ema800_off600_down	{"won": false, "mode": "paper", "outcome": "up", "pnl_usd": -5.0, "direction": "DOWN", "stake_usd": "5", "entry_vwap": "0.1600000000000000033306690738", "event_type": "sleeve_fire_resolved", "slot_end_us": 1781839800000000, "condition_id": "0x3a593ef6aacb2d2d6038452d8ab159b6e553698e0035ed99511b873f3510ee37", "resolve_at_us": 1781839845000000}
2026-06-19 03:37:15.066383+00	resolve	shadow_scalp_exit_btc_5m_d3_v1	{"won": true, "mode": "paper", "outcome": "down", "pnl_usd": 2.5757575757575744, "direction": "DOWN", "stake_usd": "5", "entry_vwap": "0.6600000000000000310862446891", "event_type": "sleeve_fire_resolved", "slot_end_us": 1781840100000000, "condition_id": "0x4892718e7f8a76a0be647f2e9003700d110e30cf0cce630668f0c9c938678b72", "resolve_at_us": 1781840145000000}
2026-06-19 04:25:00.030312+00	fire	poly_sniper_v5_btc_15m_ema50_ema800_off600_down	{"mode": "paper", "fired": true, "reason": "paper_fill", "fire_us": 1781843100000000, "direction": "DOWN", "stake_usd": "5", "entry_vwap": "0.4899999999999999911182158028"}
2026-06-19 04:25:00.182944+00	order_placed	kalshi_sniper_btc_15m_ema50_ema800_off600_down_H	{"mode": "paper", "side": "no", "fired": true, "status": "paper", "ticker": "KXBTC15M-26JUN190030-30", "offset_s": 600, "order_id": "paper-kalshi_sniper_btc_15m_ema50_ema800_off600_down_H-1781843100000000", "direction": "DOWN", "entry_ask": 0.919, "entry_vwap": "0.9190000000000000390798504665", "filled_count": 5}
2026-06-19 04:30:45.093119+00	resolve	kalshi_sniper_btc_15m_ema50_ema800_off600_down_H	{"won": true, "mode": "paper", "ticker": "KXBTC15M-26JUN190030-30", "outcome": "no", "pnl_usd": 0.4406964091403697, "direction": "DOWN", "stake_usd": "5", "entry_vwap": "0.9190000000000000390798504665", "event_type": "sleeve_fire_resolved", "resolve_at_us": 1781843445000000, "window_end_us": 1781843400000000}
2026-06-19 04:35:45.125353+00	resolve	poly_sniper_v5_btc_15m_ema50_ema800_off600_down	{"won": true, "mode": "paper", "outcome": "down", "pnl_usd": 5.204081632653061, "direction": "DOWN", "stake_usd": "5", "entry_vwap": "0.4899999999999999911182158028", "event_type": "sleeve_fire_resolved", "slot_end_us": 1781843400000000, "condition_id": "0x45e46be02f417be2480b23edf465b10493f744cef24b07e21332858e3038ee81", "resolve_at_us": 1781843445000000}
2026-06-19 04:40:00.003782+00	fire	poly_sniper_v5_btc_15m_ema50_ema800_off600_down	{"mode": "paper", "fired": true, "reason": "paper_fill", "fire_us": 1781844000000000, "direction": "DOWN", "stake_usd": "5", "entry_vwap": "0.9900000000000001021405182651"}
2026-06-19 04:46:15.024257+00	resolve	poly_sniper_v5_btc_15m_ema50_ema800_off600_down	{"won": true, "mode": "paper", "outcome": "down", "pnl_usd": 0.050505050505049984, "direction": "DOWN", "stake_usd": "5", "entry_vwap": "0.9900000000000001021405182651", "event_type": "sleeve_fire_resolved", "slot_end_us": 1781844300000000, "condition_id": "0x6ade9041eeb457d19a4c1536b39869c4be962b3b729fa281ba2454946b46320f", "resolve_at_us": 1781844345000000}
2026-06-19 04:55:00.003176+00	fire	poly_sniper_v5_btc_15m_ema50_ema800_off600_down	{"mode": "paper", "fired": true, "reason": "paper_fill", "fire_us": 1781844900000000, "direction": "DOWN", "stake_usd": "5", "entry_vwap": "0.9199999999999999289457264236"}
2026-06-19 04:55:00.195883+00	order_placed	kalshi_sniper_btc_15m_ema50_ema800_off600_down_H	{"mode": "paper", "side": "no", "fired": true, "status": "paper", "ticker": "KXBTC15M-26JUN190100-00", "offset_s": 600, "order_id": "paper-kalshi_sniper_btc_15m_ema50_ema800_off600_down_H-1781844900000000", "direction": "DOWN", "entry_ask": 0.928, "entry_vwap": "0.9280000000000001580957587063", "filled_count": 5}
2026-06-19 05:00:45.094542+00	resolve	kalshi_sniper_btc_15m_ema50_ema800_off600_down_H	{"won": true, "mode": "paper", "ticker": "KXBTC15M-26JUN190100-00", "outcome": "no", "pnl_usd": 0.38793103448275773, "direction": "DOWN", "stake_usd": "5", "entry_vwap": "0.9280000000000001580957587063", "event_type": "sleeve_fire_resolved", "resolve_at_us": 1781845245000000, "window_end_us": 1781845200000000}
2026-06-19 05:01:45.037756+00	resolve	poly_sniper_v5_btc_15m_ema50_ema800_off600_down	{"won": true, "mode": "paper", "outcome": "down", "pnl_usd": 0.43478260869565255, "direction": "DOWN", "stake_usd": "5", "entry_vwap": "0.9199999999999999289457264236", "event_type": "sleeve_fire_resolved", "slot_end_us": 1781845200000000, "condition_id": "0x154eb1c894226df7b79fbb3514a401d709c6a8c0b057e366e70335bf353f06ff", "resolve_at_us": 1781845245000000}
2026-06-19 05:25:00.003016+00	fire	poly_sniper_v5_btc_15m_ema50_ema800_off600_down	{"mode": "paper", "fired": true, "reason": "paper_fill", "fire_us": 1781846700000000, "direction": "DOWN", "stake_usd": "5", "entry_vwap": "0.8900000000000001243449787578"}
2026-06-19 05:25:00.33427+00	order_placed	kalshi_sniper_btc_15m_ema50_ema800_off600_down_H	{"mode": "paper", "side": "no", "fired": true, "status": "paper", "ticker": "KXBTC15M-26JUN190130-30", "offset_s": 600, "order_id": "paper-kalshi_sniper_btc_15m_ema50_ema800_off600_down_H-1781846700000000", "direction": "DOWN", "entry_ask": 0.916, "entry_vwap": "0.9160000000000000364153152075", "filled_count": 5}
2026-06-19 05:30:45.104275+00	resolve	kalshi_sniper_btc_15m_ema50_ema800_off600_down_H	{"won": true, "mode": "paper", "ticker": "KXBTC15M-26JUN190130-30", "outcome": "no", "pnl_usd": 0.45851528384279455, "direction": "DOWN", "stake_usd": "5", "entry_vwap": "0.9160000000000000364153152075", "event_type": "sleeve_fire_resolved", "resolve_at_us": 1781847045000000, "window_end_us": 1781847000000000}
2026-06-19 05:32:15.050824+00	resolve	poly_sniper_v5_btc_15m_ema50_ema800_off600_down	{"won": true, "mode": "paper", "outcome": "down", "pnl_usd": 0.6179775280898869, "direction": "DOWN", "stake_usd": "5", "entry_vwap": "0.8900000000000001243449787578", "event_type": "sleeve_fire_resolved", "slot_end_us": 1781847000000000, "condition_id": "0x2466e869048c3a047954adbf42c3395866f1c34f3a1bddfcae48b1d1f287b288", "resolve_at_us": 1781847045000000}
2026-06-19 05:40:00.003044+00	fire	poly_sniper_v5_btc_15m_ema50_ema800_off600_down	{"mode": "paper", "fired": true, "reason": "paper_fill", "fire_us": 1781847600000000, "direction": "DOWN", "stake_usd": "5", "entry_vwap": "0.5799999999999999600319711133"}
2026-06-19 05:40:00.183394+00	order_placed	kalshi_sniper_btc_15m_ema50_ema800_off600_down_H	{"mode": "paper", "side": "no", "fired": true, "status": "paper", "ticker": "KXBTC15M-26JUN190145-45", "offset_s": 600, "order_id": "paper-kalshi_sniper_btc_15m_ema50_ema800_off600_down_H-1781847600000000", "direction": "DOWN", "entry_ask": 0.5800000000000001, "entry_vwap": "0.5800000000000000710542735758", "filled_count": 8}
2026-06-19 05:40:05.003212+00	fire	shadow_scalp_exit_btc_5m_d3_v1	{"mode": "paper", "fired": true, "reason": "paper_fill", "fire_us": 1781847605000000, "direction": "UP", "stake_usd": "5", "entry_vwap": "0.6700000000000000399680288863"}
2026-06-19 05:45:45.093943+00	resolve	kalshi_sniper_btc_15m_ema50_ema800_off600_down_H	{"won": false, "mode": "paper", "ticker": "KXBTC15M-26JUN190145-45", "outcome": "yes", "pnl_usd": -5.0, "direction": "DOWN", "stake_usd": "5", "entry_vwap": "0.5800000000000000710542735758", "event_type": "sleeve_fire_resolved", "resolve_at_us": 1781847945000000, "window_end_us": 1781847900000000}
2026-06-19 05:46:15.01955+00	resolve	poly_sniper_v5_btc_15m_ema50_ema800_off600_down	{"won": false, "mode": "paper", "outcome": "up", "pnl_usd": -5.0, "direction": "DOWN", "stake_usd": "5", "entry_vwap": "0.5799999999999999600319711133", "event_type": "sleeve_fire_resolved", "slot_end_us": 1781847900000000, "condition_id": "0xafed7337422730bf394a52c6d3675acfcbdfbed28d0a554bf14a78b071e255e3", "resolve_at_us": 1781847945000000}
2026-06-19 05:47:45.048932+00	resolve	shadow_scalp_exit_btc_5m_d3_v1	{"won": true, "mode": "paper", "outcome": "up", "pnl_usd": 2.4626865671641776, "direction": "UP", "stake_usd": "5", "entry_vwap": "0.6700000000000000399680288863", "event_type": "sleeve_fire_resolved", "slot_end_us": 1781847900000000, "condition_id": "0x8372705fb1e4f7da1583948284aa8af5798dbc14a187c068d8cf6008ccb5d9dd", "resolve_at_us": 1781847945000000}
2026-06-19 06:40:00.003085+00	fire	poly_sniper_v5_btc_15m_ema50_ema800_off600_down	{"mode": "paper", "fired": true, "reason": "paper_fill", "fire_us": 1781851200000000, "direction": "DOWN", "stake_usd": "5", "entry_vwap": "0.9799999999999999822364316056"}
2026-06-19 06:46:45.027757+00	resolve	poly_sniper_v5_btc_15m_ema50_ema800_off600_down	{"won": true, "mode": "paper", "outcome": "down", "pnl_usd": 0.10204081632653013, "direction": "DOWN", "stake_usd": "5", "entry_vwap": "0.9799999999999999822364316056", "event_type": "sleeve_fire_resolved", "slot_end_us": 1781851500000000, "condition_id": "0xcd1690971188ba7f9d60e69063365b90fb862e59c0ce9941d01d4002b3883739", "resolve_at_us": 1781851545000000}
2026-06-19 07:25:00.002923+00	fire	poly_sniper_v5_btc_15m_ema50_ema800_off600_down	{"mode": "paper", "fired": true, "reason": "paper_fill", "fire_us": 1781853900000000, "direction": "DOWN", "stake_usd": "5", "entry_vwap": "0.5799999999999999600319711133"}
2026-06-19 07:25:00.184243+00	order_placed	kalshi_sniper_btc_15m_ema50_ema800_off600_down_H	{"mode": "paper", "side": "no", "fired": true, "status": "paper", "ticker": "KXBTC15M-26JUN190330-30", "offset_s": 600, "order_id": "paper-kalshi_sniper_btc_15m_ema50_ema800_off600_down_H-1781853900000000", "direction": "DOWN", "entry_ask": 0.89, "entry_vwap": "0.8900000000000001243449787578", "filled_count": 5}
2026-06-19 07:30:45.011275+00	resolve	poly_sniper_v5_btc_15m_ema50_ema800_off600_down	{"won": true, "mode": "paper", "outcome": "down", "pnl_usd": 3.6206896551724146, "direction": "DOWN", "stake_usd": "5", "entry_vwap": "0.5799999999999999600319711133", "event_type": "sleeve_fire_resolved", "slot_end_us": 1781854200000000, "condition_id": "0xb5b4c7efd060fba9027dd5f96cfcaf72b379c2011aa1db41a7be3bfb1bdc48ee", "resolve_at_us": 1781854245000000}
2026-06-19 07:30:45.103904+00	resolve	kalshi_sniper_btc_15m_ema50_ema800_off600_down_H	{"won": true, "mode": "paper", "ticker": "KXBTC15M-26JUN190330-30", "outcome": "no", "pnl_usd": 0.6179775280898869, "direction": "DOWN", "stake_usd": "5", "entry_vwap": "0.8900000000000001243449787578", "event_type": "sleeve_fire_resolved", "resolve_at_us": 1781854245000000, "window_end_us": 1781854200000000}
2026-06-19 07:40:00.003109+00	fire	poly_sniper_v5_btc_15m_ema50_ema800_off600_down	{"mode": "paper", "fired": true, "reason": "paper_fill", "fire_us": 1781854800000000, "direction": "DOWN", "stake_usd": "5", "entry_vwap": "0.9979999999999999982236431602"}
2026-06-19 07:45:45.01047+00	resolve	poly_sniper_v5_btc_15m_ema50_ema800_off600_down	{"won": true, "mode": "paper", "outcome": "down", "pnl_usd": 0.010020040080159772, "direction": "DOWN", "stake_usd": "5", "entry_vwap": "0.9979999999999999982236431602", "event_type": "sleeve_fire_resolved", "slot_end_us": 1781855100000000, "condition_id": "0x612a65ba518d829e6944601a6a000c0d33d4c121ad823797851e0dcf9f504c6a", "resolve_at_us": 1781855145000000}
2026-06-19 07:46:00.342979+00	order_placed	kalshi_scalp_exit_btc_15m_d3_v1	{"mode": "paper", "side": "no", "fired": true, "status": "paper", "ticker": "KXBTC15M-26JUN190400-00", "offset_s": 60, "order_id": "paper-kalshi_scalp_exit_btc_15m_d3_v1-1781855160000000", "direction": "DOWN", "entry_ask": 0.43000000000000005, "entry_vwap": "0.4300000000000000488498130833", "filled_count": 11}
2026-06-19 07:47:02.20846+00	resolve	kalshi_scalp_exit_btc_15m_d3_v1	{"mode": "paper", "shares": 11, "ticker": "KXBTC15M-26JUN190400-00", "direction": "DOWN", "exit_type": "scalp_time", "fill_vwap": 0.4300000000000001, "sell_vwap": 0.45, "realized_pnl": 0.21999999999999897, "suppress_settlement": true}
2026-06-19 07:55:00.003055+00	fire	poly_sniper_v5_btc_15m_ema50_ema800_off600_down	{"mode": "paper", "fired": true, "reason": "paper_fill", "fire_us": 1781855700000000, "direction": "DOWN", "stake_usd": "5", "entry_vwap": "0.1000000000000000055511151231"}
2026-06-19 08:00:45.011964+00	resolve	poly_sniper_v5_btc_15m_ema50_ema800_off600_down	{"won": false, "mode": "paper", "outcome": "up", "pnl_usd": -5.0, "direction": "DOWN", "stake_usd": "5", "entry_vwap": "0.1000000000000000055511151231", "event_type": "sleeve_fire_resolved", "slot_end_us": 1781856000000000, "condition_id": "0x45e85c133ed2cc4740f2859efb3701eeb0d08be49d06a298787a94771c344fbd", "resolve_at_us": 1781856045000000}
2026-06-19 08:05:05.006643+00	fire	shadow_scalp_exit_btc_5m_d3_v1	{"mode": "paper", "fired": true, "reason": "paper_fill", "fire_us": 1781856305000000, "direction": "DOWN", "stake_usd": "5", "entry_vwap": "0.7600000000000000088817841968"}
2026-06-19 08:10:00.004241+00	fire	poly_sniper_v5_btc_15m_ema50_ema800_off600_down	{"mode": "paper", "fired": true, "reason": "paper_fill", "fire_us": 1781856600000000, "direction": "DOWN", "stake_usd": "5", "entry_vwap": "0.8199999999999999511501869162"}
2026-06-19 08:10:00.109214+00	order_placed	kalshi_sniper_btc_15m_ema50_ema800_off600_down_H	{"mode": "paper", "side": "no", "fired": true, "status": "paper", "ticker": "KXBTC15M-26JUN190415-15", "offset_s": 600, "order_id": "paper-kalshi_sniper_btc_15m_ema50_ema800_off600_down_H-1781856600000000", "direction": "DOWN", "entry_ask": 0.81, "entry_vwap": "0.8100000000000000532907051816", "filled_count": 6}
2026-06-19 08:12:45.048866+00	resolve	shadow_scalp_exit_btc_5m_d3_v1	{"won": true, "mode": "paper", "outcome": "down", "pnl_usd": 1.5789473684210515, "direction": "DOWN", "stake_usd": "5", "entry_vwap": "0.7600000000000000088817841968", "event_type": "sleeve_fire_resolved", "slot_end_us": 1781856600000000, "condition_id": "0x5817feb2901b6533cc44c12921f4f082b3226c018ce8b4ea931eb8749e77d503", "resolve_at_us": 1781856645000000}
2026-06-19 08:15:45.104741+00	resolve	kalshi_sniper_btc_15m_ema50_ema800_off600_down_H	{"won": false, "mode": "paper", "ticker": "KXBTC15M-26JUN190415-15", "outcome": "yes", "pnl_usd": -5.0, "direction": "DOWN", "stake_usd": "5", "entry_vwap": "0.8100000000000000532907051816", "event_type": "sleeve_fire_resolved", "resolve_at_us": 1781856945000000, "window_end_us": 1781856900000000}
2026-06-19 08:19:45.107125+00	resolve	poly_sniper_v5_btc_15m_ema50_ema800_off600_down	{"won": false, "mode": "paper", "outcome": "up", "pnl_usd": -5.0, "direction": "DOWN", "stake_usd": "5", "entry_vwap": "0.8199999999999999511501869162", "event_type": "sleeve_fire_resolved", "slot_end_us": 1781856900000000, "condition_id": "0x08891beed8e2c81f6497fe20bbfbcfb381035d492befc8f09cfda4f49d023d52", "resolve_at_us": 1781856945000000}
2026-06-19 08:55:00.003047+00	fire	poly_sniper_v5_btc_15m_ema50_ema800_off600_down	{"mode": "paper", "fired": true, "reason": "paper_fill", "fire_us": 1781859300000000, "direction": "DOWN", "stake_usd": "5", "entry_vwap": "0.8558406146129808877986988589"}
2026-06-19 08:55:00.191357+00	order_placed	kalshi_sniper_btc_15m_ema50_ema800_off600_down_H	{"mode": "paper", "side": "no", "fired": true, "status": "paper", "ticker": "KXBTC15M-26JUN190500-00", "offset_s": 600, "order_id": "paper-kalshi_sniper_btc_15m_ema50_ema800_off600_down_H-1781859300000000", "direction": "DOWN", "entry_ask": 0.8200000000000001, "entry_vwap": "0.8200000000000000621724893787", "filled_count": 6}
2026-06-19 09:00:45.097314+00	resolve	kalshi_sniper_btc_15m_ema50_ema800_off600_down_H	{"won": true, "mode": "paper", "ticker": "KXBTC15M-26JUN190500-00", "outcome": "no", "pnl_usd": 1.0975609756097555, "direction": "DOWN", "stake_usd": "5", "entry_vwap": "0.8200000000000000621724893787", "event_type": "sleeve_fire_resolved", "resolve_at_us": 1781859645000000, "window_end_us": 1781859600000000}
2026-06-19 09:01:15.023482+00	resolve	poly_sniper_v5_btc_15m_ema50_ema800_off600_down	{"won": true, "mode": "paper", "outcome": "down", "pnl_usd": 0.8422093023255809, "direction": "DOWN", "stake_usd": "5", "entry_vwap": "0.8558406146129808877986988589", "event_type": "sleeve_fire_resolved", "slot_end_us": 1781859600000000, "condition_id": "0x5de30eb06c50b693b6a67e1c97d3ec5d7f7de7a1faaf919aa8d613b68769af7e", "resolve_at_us": 1781859645000000}
2026-06-19 09:10:00.003618+00	fire	poly_sniper_v5_btc_15m_ema50_ema800_off600_down	{"mode": "paper", "fired": true, "reason": "paper_fill", "fire_us": 1781860200000000, "direction": "DOWN", "stake_usd": "5", "entry_vwap": "0.9799999999999999822364316056"}
2026-06-19 09:10:05.00435+00	fire	shadow_scalp_exit_btc_5m_d3_v1	{"mode": "paper", "fired": true, "reason": "paper_fill", "fire_us": 1781860205000000, "direction": "DOWN", "stake_usd": "5", "entry_vwap": "0.6999999999999999555910790147"}
2026-06-19 09:15:45.013283+00	resolve	poly_sniper_v5_btc_15m_ema50_ema800_off600_down	{"won": true, "mode": "paper", "outcome": "down", "pnl_usd": 0.10204081632653013, "direction": "DOWN", "stake_usd": "5", "entry_vwap": "0.9799999999999999822364316056", "event_type": "sleeve_fire_resolved", "slot_end_us": 1781860500000000, "condition_id": "0x988d6986354961096690f373c68d742be211ce209cdfa62a41cfdee74600cbc7", "resolve_at_us": 1781860545000000}
2026-06-19 09:17:45.064339+00	resolve	shadow_scalp_exit_btc_5m_d3_v1	{"won": true, "mode": "paper", "outcome": "down", "pnl_usd": 2.1428571428571432, "direction": "DOWN", "stake_usd": "5", "entry_vwap": "0.6999999999999999555910790147", "event_type": "sleeve_fire_resolved", "slot_end_us": 1781860500000000, "condition_id": "0x4e48ea1863698c46bd58efe9668891c5a13dc2e688fffe195c47a2bd61ab694a", "resolve_at_us": 1781860545000000}
2026-06-19 09:25:00.003224+00	fire	poly_sniper_v5_btc_15m_ema50_ema800_off600_down	{"mode": "paper", "fired": true, "reason": "paper_fill", "fire_us": 1781861100000000, "direction": "DOWN", "stake_usd": "5", "entry_vwap": "0.5200000000000000177635683938"}
2026-06-19 09:25:00.099673+00	order_placed	kalshi_sniper_btc_15m_ema50_ema800_off600_down_H	{"mode": "paper", "side": "no", "fired": true, "status": "paper", "ticker": "KXBTC15M-26JUN190530-30", "offset_s": 600, "order_id": "paper-kalshi_sniper_btc_15m_ema50_ema800_off600_down_H-1781861100000000", "direction": "DOWN", "entry_ask": 0.43000000000000005, "entry_vwap": "0.4300000000000000488498130833", "filled_count": 11}
2026-06-19 09:30:45.103553+00	resolve	kalshi_sniper_btc_15m_ema50_ema800_off600_down_H	{"won": true, "mode": "paper", "ticker": "KXBTC15M-26JUN190530-30", "outcome": "no", "pnl_usd": 6.627906976744183, "direction": "DOWN", "stake_usd": "5", "entry_vwap": "0.4300000000000000488498130833", "event_type": "sleeve_fire_resolved", "resolve_at_us": 1781861445000000, "window_end_us": 1781861400000000}
2026-06-19 09:31:15.023294+00	resolve	poly_sniper_v5_btc_15m_ema50_ema800_off600_down	{"won": true, "mode": "paper", "outcome": "down", "pnl_usd": 4.615384615384615, "direction": "DOWN", "stake_usd": "5", "entry_vwap": "0.5200000000000000177635683938", "event_type": "sleeve_fire_resolved", "slot_end_us": 1781861400000000, "condition_id": "0xc6de8892e5d1ff6144c8d301b77e7d8f8436e41a67c6da5953e92c3714b605a9", "resolve_at_us": 1781861445000000}
2026-06-19 09:40:00.003912+00	fire	poly_sniper_v5_btc_15m_ema50_ema800_off600_down	{"mode": "paper", "fired": true, "reason": "paper_fill", "fire_us": 1781862000000000, "direction": "DOWN", "stake_usd": "5", "entry_vwap": "0.0700000000000000066613381477"}
2026-06-19 09:40:05.003307+00	fire	shadow_scalp_exit_btc_5m_d3_v1	{"mode": "paper", "fired": true, "reason": "paper_fill", "fire_us": 1781862005000000, "direction": "UP", "stake_usd": "5", "entry_vwap": "0.5600000000000000532907051819"}
2026-06-19 09:46:15.020164+00	resolve	shadow_scalp_exit_btc_5m_d3_v1	{"won": false, "mode": "paper", "outcome": "down", "pnl_usd": -5.0, "direction": "UP", "stake_usd": "5", "entry_vwap": "0.5600000000000000532907051819", "event_type": "sleeve_fire_resolved", "slot_end_us": 1781862300000000, "condition_id": "0x3b2fa5af5ebe847685db527a87391049f1fe9954b9061aa1a0f2753c3d4d18a8", "resolve_at_us": 1781862345000000}
2026-06-19 09:46:45.037518+00	resolve	poly_sniper_v5_btc_15m_ema50_ema800_off600_down	{"won": false, "mode": "paper", "outcome": "up", "pnl_usd": -5.0, "direction": "DOWN", "stake_usd": "5", "entry_vwap": "0.0700000000000000066613381477", "event_type": "sleeve_fire_resolved", "slot_end_us": 1781862300000000, "condition_id": "0x24092263cd3df8d16a9c6e7645bfe1766af0e2296da57e2206047aca260c510e", "resolve_at_us": 1781862345000000}
2026-06-19 09:55:00.003135+00	fire	poly_sniper_v5_btc_15m_ema50_ema800_off600_down	{"mode": "paper", "fired": true, "reason": "paper_fill", "fire_us": 1781862900000000, "direction": "DOWN", "stake_usd": "5", "entry_vwap": "0.7600000000000000088817841968"}
2026-06-19 09:55:00.193143+00	order_placed	kalshi_sniper_btc_15m_ema50_ema800_off600_down_H	{"mode": "paper", "side": "no", "fired": true, "status": "paper", "ticker": "KXBTC15M-26JUN190600-00", "offset_s": 600, "order_id": "paper-kalshi_sniper_btc_15m_ema50_ema800_off600_down_H-1781862900000000", "direction": "DOWN", "entry_ask": 0.81, "entry_vwap": "0.8100000000000000532907051816", "filled_count": 6}
2026-06-19 10:00:45.102579+00	resolve	kalshi_sniper_btc_15m_ema50_ema800_off600_down_H	{"won": true, "mode": "paper", "ticker": "KXBTC15M-26JUN190600-00", "outcome": "no", "pnl_usd": 1.1728395061728392, "direction": "DOWN", "stake_usd": "5", "entry_vwap": "0.8100000000000000532907051816", "event_type": "sleeve_fire_resolved", "resolve_at_us": 1781863245000000, "window_end_us": 1781863200000000}
2026-06-19 10:01:45.048877+00	resolve	poly_sniper_v5_btc_15m_ema50_ema800_off600_down	{"won": true, "mode": "paper", "outcome": "down", "pnl_usd": 1.5789473684210515, "direction": "DOWN", "stake_usd": "5", "entry_vwap": "0.7600000000000000088817841968", "event_type": "sleeve_fire_resolved", "slot_end_us": 1781863200000000, "condition_id": "0x25acee479cabe492cd97635b88a9cdfb1b6877302e5970ae829ce0478a98420a", "resolve_at_us": 1781863245000000}
2026-06-19 10:40:00.003339+00	fire	poly_sniper_v5_btc_15m_ema50_ema800_off600_down	{"mode": "paper", "fired": true, "reason": "paper_fill", "fire_us": 1781865600000000, "direction": "DOWN", "stake_usd": "5", "entry_vwap": "0.9199999999999999289457264236"}
2026-06-19 10:40:00.111369+00	order_placed	kalshi_sniper_btc_15m_ema50_ema800_off600_down_H	{"mode": "paper", "side": "no", "fired": true, "status": "paper", "ticker": "KXBTC15M-26JUN190645-45", "offset_s": 600, "order_id": "paper-kalshi_sniper_btc_15m_ema50_ema800_off600_down_H-1781865600000000", "direction": "DOWN", "entry_ask": 0.904, "entry_vwap": "0.9040000000000000257571741710", "filled_count": 5}
2026-06-19 10:45:45.096848+00	resolve	kalshi_sniper_btc_15m_ema50_ema800_off600_down_H	{"won": true, "mode": "paper", "ticker": "KXBTC15M-26JUN190645-45", "outcome": "no", "pnl_usd": 0.5309734513274328, "direction": "DOWN", "stake_usd": "5", "entry_vwap": "0.9040000000000000257571741710", "event_type": "sleeve_fire_resolved", "resolve_at_us": 1781865945000000, "window_end_us": 1781865900000000}
2026-06-19 10:46:15.01829+00	resolve	poly_sniper_v5_btc_15m_ema50_ema800_off600_down	{"won": true, "mode": "paper", "outcome": "down", "pnl_usd": 0.43478260869565255, "direction": "DOWN", "stake_usd": "5", "entry_vwap": "0.9199999999999999289457264236", "event_type": "sleeve_fire_resolved", "slot_end_us": 1781865900000000, "condition_id": "0x8277ea124b038c0359931a7f8a8acbf757fc28e1e38a4e136c2ebbeb0a9556fd", "resolve_at_us": 1781865945000000}
2026-06-19 11:10:00.003627+00	fire	poly_sniper_v5_btc_15m_ema50_ema800_off600_down	{"mode": "paper", "fired": true, "reason": "paper_fill", "fire_us": 1781867400000000, "direction": "DOWN", "stake_usd": "5", "entry_vwap": "0.8000000000000000444089209847"}
2026-06-19 11:10:05.027512+00	fire	shadow_scalp_exit_btc_5m_d3_v1	{"mode": "paper", "fired": true, "reason": "paper_fill", "fire_us": 1781867405000000, "direction": "DOWN", "stake_usd": "5", "entry_vwap": "0.5999999999999999777955395073"}
2026-06-19 11:16:45.036912+00	resolve	poly_sniper_v5_btc_15m_ema50_ema800_off600_down	{"won": true, "mode": "paper", "outcome": "down", "pnl_usd": 1.2499999999999998, "direction": "DOWN", "stake_usd": "5", "entry_vwap": "0.8000000000000000444089209847", "event_type": "sleeve_fire_resolved", "slot_end_us": 1781867700000000, "condition_id": "0xfaace8d3c27b396fd49b382a959b6d3ee4c344df644c9872f94bc7fca02bcc6c", "resolve_at_us": 1781867745000000}
2026-06-19 11:17:15.050732+00	resolve	shadow_scalp_exit_btc_5m_d3_v1	{"won": false, "mode": "paper", "outcome": "up", "pnl_usd": -5.0, "direction": "DOWN", "stake_usd": "5", "entry_vwap": "0.5999999999999999777955395073", "event_type": "sleeve_fire_resolved", "slot_end_us": 1781867700000000, "condition_id": "0xaa86d52c5c5c7ddd85cc013db0a3a59f14a746000c11a0a5ae142648e6a334ab", "resolve_at_us": 1781867745000000}
2026-06-19 12:25:00.003465+00	fire	poly_sniper_v5_btc_15m_ema50_ema800_off600_down	{"mode": "paper", "fired": true, "reason": "paper_fill", "fire_us": 1781871900000000, "direction": "DOWN", "stake_usd": "5", "entry_vwap": "0.9699999999999999733546474086"}
2026-06-19 12:31:45.027359+00	resolve	poly_sniper_v5_btc_15m_ema50_ema800_off600_down	{"won": true, "mode": "paper", "outcome": "down", "pnl_usd": 0.15463917525773152, "direction": "DOWN", "stake_usd": "5", "entry_vwap": "0.9699999999999999733546474086", "event_type": "sleeve_fire_resolved", "slot_end_us": 1781872200000000, "condition_id": "0x9895586e5ffedf8daa3aafabee1a154c86ecc3d274f628c1d1f79bca65d61a52", "resolve_at_us": 1781872245000000}
2026-06-19 12:40:00.003007+00	fire	poly_sniper_v5_btc_15m_ema50_ema800_off600_down	{"mode": "paper", "fired": true, "reason": "paper_fill", "fire_us": 1781872800000000, "direction": "DOWN", "stake_usd": "5", "entry_vwap": "0.5200000000000000177635683938"}
2026-06-19 12:40:05.004386+00	fire	shadow_scalp_exit_btc_5m_d3_v1	{"mode": "paper", "fired": true, "reason": "paper_fill", "fire_us": 1781872805000000, "direction": "UP", "stake_usd": "5", "entry_vwap": "0.6199999999999999955591079013"}
2026-06-19 12:45:45.010639+00	resolve	poly_sniper_v5_btc_15m_ema50_ema800_off600_down	{"won": true, "mode": "paper", "outcome": "down", "pnl_usd": 4.615384615384615, "direction": "DOWN", "stake_usd": "5", "entry_vwap": "0.5200000000000000177635683938", "event_type": "sleeve_fire_resolved", "slot_end_us": 1781873100000000, "condition_id": "0xd7cdee7fa90417b0d020ac54741a90ba9532742f59d8e3c2f21540efe626c37f", "resolve_at_us": 1781873145000000}
2026-06-19 12:47:15.042225+00	resolve	shadow_scalp_exit_btc_5m_d3_v1	{"won": false, "mode": "paper", "outcome": "down", "pnl_usd": -5.0, "direction": "UP", "stake_usd": "5", "entry_vwap": "0.6199999999999999955591079013", "event_type": "sleeve_fire_resolved", "slot_end_us": 1781873100000000, "condition_id": "0xfaacde71e4b770482e16e1163eba32d80147c7b0f425230911eb8af673161129", "resolve_at_us": 1781873145000000}
2026-06-19 12:50:05.003806+00	fire	shadow_scalp_exit_btc_5m_d3_v1	{"mode": "paper", "fired": true, "reason": "paper_fill", "fire_us": 1781873405000000, "direction": "UP", "stake_usd": "5", "entry_vwap": "0.6400000000000000133226762952"}
2026-06-19 12:55:45.009879+00	resolve	shadow_scalp_exit_btc_5m_d3_v1	{"won": true, "mode": "paper", "outcome": "up", "pnl_usd": 2.8125, "direction": "UP", "stake_usd": "5", "entry_vwap": "0.6400000000000000133226762952", "event_type": "sleeve_fire_resolved", "slot_end_us": 1781873700000000, "condition_id": "0x216c9b97448fcdd23fbcb423c59b4f0ac89051726cc2f5de44c804c44520a4e0", "resolve_at_us": 1781873745000000}
2026-06-19 13:50:05.004282+00	fire	shadow_scalp_exit_btc_5m_d3_v1	{"mode": "paper", "fired": true, "reason": "paper_fill", "fire_us": 1781877005000000, "direction": "DOWN", "stake_usd": "5", "entry_vwap": "0.5899999999999999689137553103"}
2026-06-19 13:57:15.039681+00	resolve	shadow_scalp_exit_btc_5m_d3_v1	{"won": true, "mode": "paper", "outcome": "down", "pnl_usd": 3.474576271186441, "direction": "DOWN", "stake_usd": "5", "entry_vwap": "0.5899999999999999689137553103", "event_type": "sleeve_fire_resolved", "slot_end_us": 1781877300000000, "condition_id": "0xa35c6f4cac5b4c3553eaccfa62dd9832cfe8d9f878a5153824cbe02d00cc06f1", "resolve_at_us": 1781877345000000}
2026-06-19 16:16:00.347492+00	order_placed	kalshi_scalp_exit_btc_15m_d3_v1	{"mode": "paper", "side": "no", "fired": true, "status": "paper", "ticker": "KXBTC15M-26JUN191230-30", "offset_s": 60, "order_id": "paper-kalshi_scalp_exit_btc_15m_d3_v1-1781885760000000", "direction": "DOWN", "entry_ask": 0.53, "entry_vwap": "0.5300000000000000266453525908", "filled_count": 9}
2026-06-19 16:17:01.968638+00	resolve	kalshi_scalp_exit_btc_15m_d3_v1	{"mode": "paper", "shares": 9, "ticker": "KXBTC15M-26JUN191230-30", "direction": "DOWN", "exit_type": "scalp_time", "fill_vwap": 0.53, "sell_vwap": 0.51, "realized_pnl": -0.18000000000000016, "suppress_settlement": true}
2026-06-19 17:06:00.004712+00	fire	poly_sniper_v5_eth_5m_l_ema50_hurst_grandparent_V10	{"mode": "paper", "fired": true, "reason": "paper_fill", "fire_us": 1781888760000000, "direction": "DOWN", "stake_usd": "5", "entry_vwap": "0.2399999999999999633626401873"}
2026-06-19 17:12:45.051155+00	resolve	poly_sniper_v5_eth_5m_l_ema50_hurst_grandparent_V10	{"won": false, "mode": "paper", "outcome": "up", "pnl_usd": -5.0, "direction": "DOWN", "stake_usd": "5", "entry_vwap": "0.2399999999999999633626401873", "event_type": "sleeve_fire_resolved", "slot_end_us": 1781889000000000, "condition_id": "0x9d7a95cfe5be9ed0cb5003f1b3679ce10ad5f62f62bc59c94a797e1c758c08ab", "resolve_at_us": 1781889045000000}
2026-06-19 20:25:05.004267+00	fire	shadow_scalp_exit_btc_5m_d3_v1	{"mode": "paper", "fired": true, "reason": "paper_fill", "fire_us": 1781900705000000, "direction": "UP", "stake_usd": "5", "entry_vwap": "0.7099999999999999644728632118"}
2026-06-19 20:32:45.050572+00	resolve	shadow_scalp_exit_btc_5m_d3_v1	{"won": true, "mode": "paper", "outcome": "up", "pnl_usd": 2.042253521126761, "direction": "UP", "stake_usd": "5", "entry_vwap": "0.7099999999999999644728632118", "event_type": "sleeve_fire_resolved", "slot_end_us": 1781901000000000, "condition_id": "0xa1362b6af752a5c6ff88288d0d9a38979948d026651643548b0261df5c541210", "resolve_at_us": 1781901045000000}
2026-06-19 21:46:00.100177+00	order_placed	kalshi_scalp_exit_btc_15m_d3_v1	{"mode": "paper", "side": "yes", "fired": true, "status": "paper", "ticker": "KXBTC15M-26JUN191800-00", "offset_s": 60, "order_id": "paper-kalshi_scalp_exit_btc_15m_d3_v1-1781905560000000", "direction": "UP", "entry_ask": 0.54, "entry_vwap": "0.5400000000000000355271367879", "filled_count": 9}
2026-06-19 21:47:01.834748+00	resolve	kalshi_scalp_exit_btc_15m_d3_v1	{"mode": "paper", "shares": 9, "ticker": "KXBTC15M-26JUN191800-00", "direction": "UP", "exit_type": "scalp_time", "fill_vwap": 0.54, "sell_vwap": 0.49, "realized_pnl": -0.4500000000000004, "suppress_settlement": true}
2026-06-20 00:35:05.003695+00	fire	shadow_scalp_exit_btc_5m_d3_v1	{"mode": "paper", "fired": true, "reason": "paper_fill", "fire_us": 1781915705000000, "direction": "DOWN", "stake_usd": "5", "entry_vwap": "0.6400000000000000133226762952"}
2026-06-20 00:36:00.005771+00	fire	poly_sniper_v5_eth_5m_l_ema50_hurst_grandparent_V10	{"mode": "paper", "fired": true, "reason": "paper_fill", "fire_us": 1781915760000000, "direction": "UP", "stake_usd": "5", "entry_vwap": "0.1300000000000000044408920985"}
2026-06-20 00:40:45.012042+00	resolve	shadow_scalp_exit_btc_5m_d3_v1	{"won": true, "mode": "paper", "outcome": "down", "pnl_usd": 2.8125, "direction": "DOWN", "stake_usd": "5", "entry_vwap": "0.6400000000000000133226762952", "event_type": "sleeve_fire_resolved", "slot_end_us": 1781916000000000, "condition_id": "0x2b659a0fbd184542baa7a363139106d132444d52fc2ff54e9d554fe458a3f841", "resolve_at_us": 1781916045000000}
2026-06-20 00:40:45.016372+00	resolve	poly_sniper_v5_eth_5m_l_ema50_hurst_grandparent_V10	{"won": false, "mode": "paper", "outcome": "down", "pnl_usd": -5.0, "direction": "UP", "stake_usd": "5", "entry_vwap": "0.1300000000000000044408920985", "event_type": "sleeve_fire_resolved", "slot_end_us": 1781916000000000, "condition_id": "0x84bedd91f7bf824c1e97cb10de454a400e1ac9ad06d9b96bf049035062da098c", "resolve_at_us": 1781916045000000}
2026-06-20 02:00:05.003233+00	fire	shadow_scalp_exit_btc_5m_d3_v1	{"mode": "paper", "fired": true, "reason": "paper_fill", "fire_us": 1781920805000000, "direction": "DOWN", "stake_usd": "5", "entry_vwap": "0.7700000000000000177635683938"}
2026-06-20 02:07:45.053632+00	resolve	shadow_scalp_exit_btc_5m_d3_v1	{"won": true, "mode": "paper", "outcome": "down", "pnl_usd": 1.4935064935064926, "direction": "DOWN", "stake_usd": "5", "entry_vwap": "0.7700000000000000177635683938", "event_type": "sleeve_fire_resolved", "slot_end_us": 1781921100000000, "condition_id": "0x1642b3e6b36940376e22f391206bcc64f584270f43c19e0ed6ebb49de11a9926", "resolve_at_us": 1781921145000000}
2026-06-20 03:46:00.341883+00	order_placed	kalshi_scalp_exit_btc_15m_d3_v1	{"mode": "paper", "side": "no", "fired": true, "status": "paper", "ticker": "KXBTC15M-26JUN200000-00", "offset_s": 60, "order_id": "paper-kalshi_scalp_exit_btc_15m_d3_v1-1781927160000000", "direction": "DOWN", "entry_ask": 0.54, "entry_vwap": "0.5400000000000000355271367879", "filled_count": 9}
2026-06-20 03:47:02.112933+00	resolve	kalshi_scalp_exit_btc_15m_d3_v1	{"mode": "paper", "shares": 9, "ticker": "KXBTC15M-26JUN200000-00", "direction": "DOWN", "exit_type": "scalp_time", "fill_vwap": 0.54, "sell_vwap": 0.59, "realized_pnl": 0.4499999999999994, "suppress_settlement": true}
2026-06-20 08:40:00.003216+00	fire	poly_sniper_v5_btc_15m_ema50_ema800_off600_down	{"mode": "paper", "fired": true, "reason": "paper_fill", "fire_us": 1781944800000000, "direction": "DOWN", "stake_usd": "5", "entry_vwap": "0.3900000000000000133226762953"}
2026-06-20 08:46:45.030989+00	resolve	poly_sniper_v5_btc_15m_ema50_ema800_off600_down	{"won": true, "mode": "paper", "outcome": "down", "pnl_usd": 7.820512820512819, "direction": "DOWN", "stake_usd": "5", "entry_vwap": "0.3900000000000000133226762953", "event_type": "sleeve_fire_resolved", "slot_end_us": 1781945100000000, "condition_id": "0x99a944e4454a67044d31e65610bf2e98d00ee2eca32d410f7d8a3283e3c24f37", "resolve_at_us": 1781945145000000}
2026-06-20 08:55:00.003664+00	fire	poly_sniper_v5_btc_15m_ema50_ema800_off600_down	{"mode": "paper", "fired": true, "reason": "paper_fill", "fire_us": 1781945700000000, "direction": "DOWN", "stake_usd": "5", "entry_vwap": "0.8800000000000000044408920982"}
2026-06-20 08:55:00.350505+00	order_placed	kalshi_sniper_btc_15m_ema50_ema800_off600_down_H	{"mode": "paper", "side": "no", "fired": true, "status": "paper", "ticker": "KXBTC15M-26JUN200500-00", "offset_s": 600, "order_id": "paper-kalshi_sniper_btc_15m_ema50_ema800_off600_down_H-1781945700000000", "direction": "DOWN", "entry_ask": 0.913, "entry_vwap": "0.9130000000000001447730824107", "filled_count": 5}
2026-06-20 09:00:45.095955+00	resolve	kalshi_sniper_btc_15m_ema50_ema800_off600_down_H	{"won": true, "mode": "paper", "ticker": "KXBTC15M-26JUN200500-00", "outcome": "no", "pnl_usd": 0.47645125958378887, "direction": "DOWN", "stake_usd": "5", "entry_vwap": "0.9130000000000001447730824107", "event_type": "sleeve_fire_resolved", "resolve_at_us": 1781946045000000, "window_end_us": 1781946000000000}
2026-06-20 09:01:45.024326+00	resolve	poly_sniper_v5_btc_15m_ema50_ema800_off600_down	{"won": true, "mode": "paper", "outcome": "down", "pnl_usd": 0.681818181818181, "direction": "DOWN", "stake_usd": "5", "entry_vwap": "0.8800000000000000044408920982", "event_type": "sleeve_fire_resolved", "slot_end_us": 1781946000000000, "condition_id": "0x9a82cb9c01fb51db407c0acc815cce9cc446a11c6d5b8fac6a046c3a11a90c6b", "resolve_at_us": 1781946045000000}
2026-06-20 09:10:00.003146+00	fire	poly_sniper_v5_btc_15m_ema50_ema800_off600_down	{"mode": "paper", "fired": true, "reason": "paper_fill", "fire_us": 1781946600000000, "direction": "DOWN", "stake_usd": "5", "entry_vwap": "0.1160653834993713162671014061"}
2026-06-20 09:16:45.030668+00	resolve	poly_sniper_v5_btc_15m_ema50_ema800_off600_down	{"won": false, "mode": "paper", "outcome": "up", "pnl_usd": -5.0, "direction": "DOWN", "stake_usd": "5", "entry_vwap": "0.1160653834993713162671014061", "event_type": "sleeve_fire_resolved", "slot_end_us": 1781946900000000, "condition_id": "0xaa5833b0d066e26251984429bee07b479ab3979a519e4d4015daf15e07a3ac45", "resolve_at_us": 1781946945000000}
2026-06-20 13:25:00.003913+00	fire	poly_sniper_v5_btc_15m_ema50_ema800_off600_down	{"mode": "paper", "fired": true, "reason": "paper_fill", "fire_us": 1781961900000000, "direction": "DOWN", "stake_usd": "5", "entry_vwap": "0.9900000000000001021405182651"}
2026-06-20 13:25:05.004155+00	fire	shadow_scalp_exit_btc_5m_d3_v1	{"mode": "paper", "fired": true, "reason": "paper_fill", "fire_us": 1781961905000000, "direction": "DOWN", "stake_usd": "5", "entry_vwap": "0.5600000000000000532907051819"}
2026-06-20 13:31:15.01761+00	resolve	poly_sniper_v5_btc_15m_ema50_ema800_off600_down	{"won": true, "mode": "paper", "outcome": "down", "pnl_usd": 0.050505050505049984, "direction": "DOWN", "stake_usd": "5", "entry_vwap": "0.9900000000000001021405182651", "event_type": "sleeve_fire_resolved", "slot_end_us": 1781962200000000, "condition_id": "0xf86b38bd7dbd70bd262c7515df6c70bed5dbfbe1f05d67cdbd1987e362720c93", "resolve_at_us": 1781962245000000}
2026-06-20 13:31:45.027097+00	resolve	shadow_scalp_exit_btc_5m_d3_v1	{"won": false, "mode": "paper", "outcome": "up", "pnl_usd": -5.0, "direction": "DOWN", "stake_usd": "5", "entry_vwap": "0.5600000000000000532907051819", "event_type": "sleeve_fire_resolved", "slot_end_us": 1781962200000000, "condition_id": "0x22782ba95f46585322b7fc43bd1fd93ddb90d0276d7c8ec68db00947a8e1e571", "resolve_at_us": 1781962245000000}
2026-06-20 13:40:00.003585+00	fire	poly_sniper_v5_btc_15m_ema50_ema800_off600_down	{"mode": "paper", "fired": true, "reason": "paper_fill", "fire_us": 1781962800000000, "direction": "DOWN", "stake_usd": "5", "entry_vwap": "0.0400000000000000008326672685"}
2026-06-20 13:45:45.010176+00	resolve	poly_sniper_v5_btc_15m_ema50_ema800_off600_down	{"won": false, "mode": "paper", "outcome": "up", "pnl_usd": -5.0, "direction": "DOWN", "stake_usd": "5", "entry_vwap": "0.0400000000000000008326672685", "event_type": "sleeve_fire_resolved", "slot_end_us": 1781963100000000, "condition_id": "0x3c1e639fd171ac061876b5ec59e64ddbdb82939824f639dcf84a814e0c7b522d", "resolve_at_us": 1781963145000000}
2026-06-20 13:55:00.003065+00	fire	poly_sniper_v5_btc_15m_ema50_ema800_off600_down	{"mode": "paper", "fired": true, "reason": "paper_fill", "fire_us": 1781963700000000, "direction": "DOWN", "stake_usd": "5", "entry_vwap": "0.9400000000000000577315972801"}
2026-06-20 14:00:45.011986+00	resolve	poly_sniper_v5_btc_15m_ema50_ema800_off600_down	{"won": true, "mode": "paper", "outcome": "down", "pnl_usd": 0.31914893617021245, "direction": "DOWN", "stake_usd": "5", "entry_vwap": "0.9400000000000000577315972801", "event_type": "sleeve_fire_resolved", "slot_end_us": 1781964000000000, "condition_id": "0xd9702beb7390092f7bea35610adc5901c1c3e2595b11d442bfaf391ca1d9a707", "resolve_at_us": 1781964045000000}
2026-06-20 14:10:00.003627+00	fire	poly_sniper_v5_btc_15m_ema50_ema800_off600_down	{"mode": "paper", "fired": true, "reason": "paper_fill", "fire_us": 1781964600000000, "direction": "DOWN", "stake_usd": "5", "entry_vwap": "0.9799999999999999822364316056"}
2026-06-20 14:16:45.030503+00	resolve	poly_sniper_v5_btc_15m_ema50_ema800_off600_down	{"won": true, "mode": "paper", "outcome": "down", "pnl_usd": 0.10204081632653013, "direction": "DOWN", "stake_usd": "5", "entry_vwap": "0.9799999999999999822364316056", "event_type": "sleeve_fire_resolved", "slot_end_us": 1781964900000000, "condition_id": "0x128e71428022f1dd5ad79874da5205790cf87f4ca3c7840cbc6e54e4ea94d186", "resolve_at_us": 1781964945000000}
2026-06-20 14:25:00.003895+00	fire	poly_sniper_v5_btc_15m_ema50_ema800_off600_down	{"mode": "paper", "fired": true, "reason": "paper_fill", "fire_us": 1781965500000000, "direction": "DOWN", "stake_usd": "5", "entry_vwap": "0.0098039215686274525790588896"}
2026-06-20 14:30:45.009397+00	resolve	poly_sniper_v5_btc_15m_ema50_ema800_off600_down	{"won": false, "mode": "paper", "outcome": "up", "pnl_usd": -5.0, "direction": "DOWN", "stake_usd": "5", "entry_vwap": "0.0098039215686274525790588896", "event_type": "sleeve_fire_resolved", "slot_end_us": 1781965800000000, "condition_id": "0x47471b4fcfafb655f04a56137fbbd9cf15e086396f79bdfd4c03e8e6da84842d", "resolve_at_us": 1781965845000000}
2026-06-20 15:05:05.004181+00	fire	shadow_scalp_exit_btc_5m_d3_v1	{"mode": "paper", "fired": true, "reason": "paper_fill", "fire_us": 1781967905000000, "direction": "DOWN", "stake_usd": "5", "entry_vwap": "0.6300000000000000044408920983"}
2026-06-20 15:11:45.026049+00	resolve	shadow_scalp_exit_btc_5m_d3_v1	{"won": true, "mode": "paper", "outcome": "down", "pnl_usd": 2.9365079365079367, "direction": "DOWN", "stake_usd": "5", "entry_vwap": "0.6300000000000000044408920983", "event_type": "sleeve_fire_resolved", "slot_end_us": 1781968200000000, "condition_id": "0x60c7fdef3d3e5225dbc0c1c431a136dfc8c34956e59d1315b0be62fc7633b1d7", "resolve_at_us": 1781968245000000}
2026-06-20 15:21:00.002835+00	fire	poly_sniper_v5_eth_5m_l_ema50_hurst_grandparent_V10	{"mode": "paper", "fired": true, "reason": "paper_fill", "fire_us": 1781968860000000, "direction": "UP", "stake_usd": "5", "entry_vwap": "0.5400000000000000355271367879"}
2026-06-20 15:30:05.004223+00	fire	shadow_scalp_exit_btc_5m_d3_v1	{"mode": "paper", "fired": true, "reason": "paper_fill", "fire_us": 1781969405000000, "direction": "UP", "stake_usd": "5", "entry_vwap": "0.5899999999999999689137553103"}
2026-06-20 15:30:15.091804+00	resolve	poly_sniper_v5_eth_5m_l_ema50_hurst_grandparent_V10	{"won": false, "mode": "paper", "outcome": "down", "pnl_usd": -5.0, "direction": "UP", "stake_usd": "5", "entry_vwap": "0.5400000000000000355271367879", "event_type": "sleeve_fire_resolved", "slot_end_us": 1781969100000000, "condition_id": "0x07dbd163828555c771bc2fe1dfa293eb6bb0084c92410c56a93423b768de8e17", "resolve_at_us": 1781969145000000}
2026-06-20 15:36:45.025376+00	resolve	shadow_scalp_exit_btc_5m_d3_v1	{"won": false, "mode": "paper", "outcome": "down", "pnl_usd": -5.0, "direction": "UP", "stake_usd": "5", "entry_vwap": "0.5899999999999999689137553103", "event_type": "sleeve_fire_resolved", "slot_end_us": 1781969700000000, "condition_id": "0x5c7cb80a6a449f0b6c2d48fd9a1893aa406b822939da39dc296e2a2559287860", "resolve_at_us": 1781969745000000}
2026-06-20 17:31:00.190031+00	order_placed	kalshi_scalp_exit_btc_15m_d3_v1	{"mode": "paper", "side": "no", "fired": true, "status": "paper", "ticker": "KXBTC15M-26JUN201345-45", "offset_s": 60, "order_id": "paper-kalshi_scalp_exit_btc_15m_d3_v1-1781976660000000", "direction": "DOWN", "entry_ask": 0.38, "entry_vwap": "0.3800000000000000044408920984", "filled_count": 13}
2026-06-20 17:32:01.976338+00	resolve	kalshi_scalp_exit_btc_15m_d3_v1	{"mode": "paper", "shares": 13, "ticker": "KXBTC15M-26JUN201345-45", "direction": "DOWN", "exit_type": "scalp_time", "fill_vwap": 0.38000000000000006, "sell_vwap": 0.21, "realized_pnl": -2.210000000000001, "suppress_settlement": true}
2026-06-20 17:55:05.026994+00	fire	shadow_scalp_exit_btc_5m_d3_v1	{"mode": "paper", "fired": true, "reason": "paper_fill", "fire_us": 1781978105000000, "direction": "UP", "stake_usd": "5", "entry_vwap": "0.6600000000000000310862446891"}
2026-06-20 18:02:15.050199+00	resolve	shadow_scalp_exit_btc_5m_d3_v1	{"won": true, "mode": "paper", "outcome": "up", "pnl_usd": 2.5757575757575744, "direction": "UP", "stake_usd": "5", "entry_vwap": "0.6600000000000000310862446891", "event_type": "sleeve_fire_resolved", "slot_end_us": 1781978400000000, "condition_id": "0xe8aa92d07757cbcfe781503a02208f584b146f98c691d26fcf85f37c891c5b09", "resolve_at_us": 1781978445000000}
2026-06-20 21:16:00.00308+00	fire	poly_sniper_v5_eth_5m_l_ema50_hurst_grandparent_V10	{"mode": "paper", "fired": true, "reason": "paper_fill", "fire_us": 1781990160000000, "direction": "UP", "stake_usd": "5", "entry_vwap": "0.3800000000000000044408920984"}
2026-06-20 21:24:15.073672+00	resolve	poly_sniper_v5_eth_5m_l_ema50_hurst_grandparent_V10	{"won": false, "mode": "paper", "outcome": "down", "pnl_usd": -5.0, "direction": "UP", "stake_usd": "5", "entry_vwap": "0.3800000000000000044408920984", "event_type": "sleeve_fire_resolved", "slot_end_us": 1781990400000000, "condition_id": "0x43f463c9cd078081ad856106582b207ed9f21895a7cd9f03afa77b2ce07f8ef6", "resolve_at_us": 1781990445000000}
2026-06-20 21:50:05.003058+00	fire	shadow_scalp_exit_btc_5m_d3_v1	{"mode": "paper", "fired": true, "reason": "paper_fill", "fire_us": 1781992205000000, "direction": "UP", "stake_usd": "5", "entry_vwap": "0.6100000000000000976996261668"}
2026-06-20 21:56:45.029324+00	resolve	shadow_scalp_exit_btc_5m_d3_v1	{"won": false, "mode": "paper", "outcome": "down", "pnl_usd": -5.0, "direction": "UP", "stake_usd": "5", "entry_vwap": "0.6100000000000000976996261668", "event_type": "sleeve_fire_resolved", "slot_end_us": 1781992500000000, "condition_id": "0xbfd4ae55610ffcf2ae7a4f3c5af8b6b465f637c75a8a72267203f723c862e1a7", "resolve_at_us": 1781992545000000}
2026-06-20 22:26:00.003824+00	fire	poly_sniper_v5_eth_5m_l_ema50_hurst_grandparent_V10	{"mode": "paper", "fired": true, "reason": "paper_fill", "fire_us": 1781994360000000, "direction": "UP", "stake_usd": "5", "entry_vwap": "0.2099999999999999922284388275"}
2026-06-20 22:35:15.13063+00	resolve	poly_sniper_v5_eth_5m_l_ema50_hurst_grandparent_V10	{"won": true, "mode": "paper", "outcome": "up", "pnl_usd": 18.80952380952381, "direction": "UP", "stake_usd": "5", "entry_vwap": "0.2099999999999999922284388275", "event_type": "sleeve_fire_resolved", "slot_end_us": 1781994600000000, "condition_id": "0xdbc6dac00b74bb9debd4cf2ef43a36fd82cd0012d0c8fe1d716c9b84f5e48048", "resolve_at_us": 1781994645000000}
2026-06-20 23:45:05.003108+00	fire	shadow_scalp_exit_btc_5m_d3_v1	{"mode": "paper", "fired": true, "reason": "paper_fill", "fire_us": 1781999105000000, "direction": "DOWN", "stake_usd": "5", "entry_vwap": "0.6800000000000000488498130833"}
2026-06-20 23:50:45.009156+00	resolve	shadow_scalp_exit_btc_5m_d3_v1	{"won": true, "mode": "paper", "outcome": "down", "pnl_usd": 2.352941176470588, "direction": "DOWN", "stake_usd": "5", "entry_vwap": "0.6800000000000000488498130833", "event_type": "sleeve_fire_resolved", "slot_end_us": 1781999400000000, "condition_id": "0xce8fdd49314cad05f6ecd69b859460d9d6ab0716566403604734f0ffaadabdbb", "resolve_at_us": 1781999445000000}
2026-06-21 00:16:00.208748+00	order_placed	kalshi_scalp_exit_btc_15m_d3_v1	{"mode": "paper", "side": "no", "fired": true, "status": "paper", "ticker": "KXBTC15M-26JUN202030-30", "offset_s": 60, "order_id": "paper-kalshi_scalp_exit_btc_15m_d3_v1-1782000960000000", "direction": "DOWN", "entry_ask": 0.53, "entry_vwap": "0.5300000000000000266453525908", "filled_count": 9}
2026-06-21 00:17:01.823232+00	resolve	kalshi_scalp_exit_btc_15m_d3_v1	{"mode": "paper", "shares": 9, "ticker": "KXBTC15M-26JUN202030-30", "direction": "DOWN", "exit_type": "scalp_time", "fill_vwap": 0.53, "sell_vwap": 0.5, "realized_pnl": -0.27000000000000024, "suppress_settlement": true}
2026-06-21 03:31:00.345978+00	order_placed	kalshi_scalp_exit_btc_15m_d3_v1	{"mode": "paper", "side": "yes", "fired": true, "status": "paper", "ticker": "KXBTC15M-26JUN202345-45", "offset_s": 60, "order_id": "paper-kalshi_scalp_exit_btc_15m_d3_v1-1782012660000000", "direction": "UP", "entry_ask": 0.53, "entry_vwap": "0.5300000000000000266453525908", "filled_count": 9}
2026-06-21 03:32:02.225499+00	resolve	kalshi_scalp_exit_btc_15m_d3_v1	{"mode": "paper", "shares": 9, "ticker": "KXBTC15M-26JUN202345-45", "direction": "UP", "exit_type": "scalp_time", "fill_vwap": 0.53, "sell_vwap": 0.24000000000000002, "realized_pnl": -2.6100000000000003, "suppress_settlement": true}
2026-06-21 07:25:00.002927+00	fire	poly_sniper_v5_btc_15m_ema50_ema800_off600_down	{"mode": "paper", "fired": true, "reason": "paper_fill", "fire_us": 1782026700000000, "direction": "DOWN", "stake_usd": "5", "entry_vwap": "0.9199999999999999289457264236"}
2026-06-21 07:31:15.0177+00	resolve	poly_sniper_v5_btc_15m_ema50_ema800_off600_down	{"won": true, "mode": "paper", "outcome": "down", "pnl_usd": 0.43478260869565255, "direction": "DOWN", "stake_usd": "5", "entry_vwap": "0.9199999999999999289457264236", "event_type": "sleeve_fire_resolved", "slot_end_us": 1782027000000000, "condition_id": "0xebb6981e16c02aab2cdc7f31eec0c37f2bf2f794b923dd54077531e1bec4d604", "resolve_at_us": 1782027045000000}
2026-06-21 07:55:00.004079+00	fire	poly_sniper_v5_btc_15m_ema50_ema800_off600_down	{"mode": "paper", "fired": true, "reason": "paper_fill", "fire_us": 1782028500000000, "direction": "DOWN", "stake_usd": "5", "entry_vwap": "0.9699999999999999733546474086"}
2026-06-21 07:55:00.199517+00	order_placed	kalshi_sniper_btc_15m_ema50_ema800_off600_down_H	{"mode": "paper", "side": "no", "fired": true, "status": "paper", "ticker": "KXBTC15M-26JUN210400-00", "offset_s": 600, "order_id": "paper-kalshi_sniper_btc_15m_ema50_ema800_off600_down_H-1782028500000000", "direction": "DOWN", "entry_ask": 0.9, "entry_vwap": "0.9000000000000000222044604922", "filled_count": 5}
2026-06-21 08:00:45.010444+00	resolve	poly_sniper_v5_btc_15m_ema50_ema800_off600_down	{"won": true, "mode": "paper", "outcome": "down", "pnl_usd": 0.15463917525773152, "direction": "DOWN", "stake_usd": "5", "entry_vwap": "0.9699999999999999733546474086", "event_type": "sleeve_fire_resolved", "slot_end_us": 1782028800000000, "condition_id": "0xb2ff854085e49421af21e1d8cdf2b5b76ddd772f9e16c7e6b0e633e8663f8d16", "resolve_at_us": 1782028845000000}
2026-06-21 08:00:45.093989+00	resolve	kalshi_sniper_btc_15m_ema50_ema800_off600_down_H	{"won": true, "mode": "paper", "ticker": "KXBTC15M-26JUN210400-00", "outcome": "no", "pnl_usd": 0.5555555555555554, "direction": "DOWN", "stake_usd": "5", "entry_vwap": "0.9000000000000000222044604922", "event_type": "sleeve_fire_resolved", "resolve_at_us": 1782028845000000, "window_end_us": 1782028800000000}
2026-06-21 08:10:00.003491+00	fire	poly_sniper_v5_btc_15m_ema50_ema800_off600_down	{"mode": "paper", "fired": true, "reason": "paper_fill", "fire_us": 1782029400000000, "direction": "DOWN", "stake_usd": "5", "entry_vwap": "0.9699999999999999733546474086"}
2026-06-21 08:15:45.008063+00	resolve	poly_sniper_v5_btc_15m_ema50_ema800_off600_down	{"won": true, "mode": "paper", "outcome": "down", "pnl_usd": 0.15463917525773152, "direction": "DOWN", "stake_usd": "5", "entry_vwap": "0.9699999999999999733546474086", "event_type": "sleeve_fire_resolved", "slot_end_us": 1782029700000000, "condition_id": "0xf3d4618fd10a42cf584b48c952b8e57d0d4821010ebfd82e07c110cb572a5b4a", "resolve_at_us": 1782029745000000}
2026-06-21 08:20:05.004581+00	fire	shadow_scalp_exit_btc_5m_d3_v1	{"mode": "paper", "fired": true, "reason": "paper_fill", "fire_us": 1782030005000000, "direction": "DOWN", "stake_usd": "5", "entry_vwap": "0.6400000000000000133226762952"}
2026-06-21 08:25:00.003607+00	fire	poly_sniper_v5_btc_15m_ema50_ema800_off600_down	{"mode": "paper", "fired": true, "reason": "paper_fill", "fire_us": 1782030300000000, "direction": "DOWN", "stake_usd": "5", "entry_vwap": "0.9499999999999999555910790146"}
2026-06-21 08:27:15.082408+00	resolve	shadow_scalp_exit_btc_5m_d3_v1	{"won": true, "mode": "paper", "outcome": "down", "pnl_usd": 2.8125, "direction": "DOWN", "stake_usd": "5", "entry_vwap": "0.6400000000000000133226762952", "event_type": "sleeve_fire_resolved", "slot_end_us": 1782030300000000, "condition_id": "0x7fb619e40324d3b1c604fb2037c8caa033127c073f7fdd3fde2aaf71b145b11c", "resolve_at_us": 1782030345000000}
2026-06-21 08:31:15.018606+00	resolve	poly_sniper_v5_btc_15m_ema50_ema800_off600_down	{"won": true, "mode": "paper", "outcome": "down", "pnl_usd": 0.26315789473684237, "direction": "DOWN", "stake_usd": "5", "entry_vwap": "0.9499999999999999555910790146", "event_type": "sleeve_fire_resolved", "slot_end_us": 1782030600000000, "condition_id": "0xf4d831a575d42f15d06a33fe110f0e04a223bf477cc0fa42b16246ccb4d1b7d1", "resolve_at_us": 1782030645000000}
2026-06-21 08:40:00.004049+00	fire	poly_sniper_v5_btc_15m_ema50_ema800_off600_down	{"mode": "paper", "fired": true, "reason": "paper_fill", "fire_us": 1782031200000000, "direction": "DOWN", "stake_usd": "5", "entry_vwap": "0.9799999999999999822364316056"}
2026-06-21 08:46:45.032203+00	resolve	poly_sniper_v5_btc_15m_ema50_ema800_off600_down	{"won": true, "mode": "paper", "outcome": "down", "pnl_usd": 0.10204081632653013, "direction": "DOWN", "stake_usd": "5", "entry_vwap": "0.9799999999999999822364316056", "event_type": "sleeve_fire_resolved", "slot_end_us": 1782031500000000, "condition_id": "0xdc9f2f21a7370e55523c20c2d6613828f2a6c4ccb739f24b3809233dc63af0e0", "resolve_at_us": 1782031545000000}
2026-06-21 08:55:00.0046+00	fire	poly_sniper_v5_btc_15m_ema50_ema800_off600_down	{"mode": "paper", "fired": true, "reason": "paper_fill", "fire_us": 1782032100000000, "direction": "DOWN", "stake_usd": "5", "entry_vwap": "0.7099999999999999644728632118"}
2026-06-21 08:55:00.356147+00	order_placed	kalshi_sniper_btc_15m_ema50_ema800_off600_down_H	{"mode": "paper", "side": "no", "fired": true, "status": "paper", "ticker": "KXBTC15M-26JUN210500-00", "offset_s": 600, "order_id": "paper-kalshi_sniper_btc_15m_ema50_ema800_off600_down_H-1782032100000000", "direction": "DOWN", "entry_ask": 0.56, "entry_vwap": "0.5600000000000000532907051819", "filled_count": 8}
2026-06-21 09:00:45.095514+00	resolve	kalshi_sniper_btc_15m_ema50_ema800_off600_down_H	{"won": false, "mode": "paper", "ticker": "KXBTC15M-26JUN210500-00", "outcome": "yes", "pnl_usd": -5.0, "direction": "DOWN", "stake_usd": "5", "entry_vwap": "0.5600000000000000532907051819", "event_type": "sleeve_fire_resolved", "resolve_at_us": 1782032445000000, "window_end_us": 1782032400000000}
2026-06-21 09:01:15.025508+00	resolve	poly_sniper_v5_btc_15m_ema50_ema800_off600_down	{"won": false, "mode": "paper", "outcome": "up", "pnl_usd": -5.0, "direction": "DOWN", "stake_usd": "5", "entry_vwap": "0.7099999999999999644728632118", "event_type": "sleeve_fire_resolved", "slot_end_us": 1782032400000000, "condition_id": "0x81ab2bb0c6f67869675aac87e5743b2c33f91cf7181ebe80e4b9b50865514fd7", "resolve_at_us": 1782032445000000}
2026-06-21 09:10:00.002976+00	fire	poly_sniper_v5_btc_15m_ema50_ema800_off600_down	{"mode": "paper", "fired": true, "reason": "paper_fill", "fire_us": 1782033000000000, "direction": "DOWN", "stake_usd": "5", "entry_vwap": "0.8499999999999999777955395072"}
2026-06-21 09:10:00.186093+00	order_placed	kalshi_sniper_btc_15m_ema50_ema800_off600_down_H	{"mode": "paper", "side": "no", "fired": true, "status": "paper", "ticker": "KXBTC15M-26JUN210515-15", "offset_s": 600, "order_id": "paper-kalshi_sniper_btc_15m_ema50_ema800_off600_down_H-1782033000000000", "direction": "DOWN", "entry_ask": 0.907, "entry_vwap": "0.9070000000000000284217094301", "filled_count": 5}
2026-06-21 09:15:45.105108+00	resolve	kalshi_sniper_btc_15m_ema50_ema800_off600_down_H	{"won": true, "mode": "paper", "ticker": "KXBTC15M-26JUN210515-15", "outcome": "no", "pnl_usd": 0.5126791620727672, "direction": "DOWN", "stake_usd": "5", "entry_vwap": "0.9070000000000000284217094301", "event_type": "sleeve_fire_resolved", "resolve_at_us": 1782033345000000, "window_end_us": 1782033300000000}
2026-06-21 09:16:45.027661+00	resolve	poly_sniper_v5_btc_15m_ema50_ema800_off600_down	{"won": true, "mode": "paper", "outcome": "down", "pnl_usd": 0.8823529411764708, "direction": "DOWN", "stake_usd": "5", "entry_vwap": "0.8499999999999999777955395072", "event_type": "sleeve_fire_resolved", "slot_end_us": 1782033300000000, "condition_id": "0xf1ffd48856a0ba64cdbd71c0fe34665f07cea5497d3bd4f32ec94bb54e1f9c1a", "resolve_at_us": 1782033345000000}
2026-06-21 10:26:00.003499+00	fire	poly_sniper_v5_eth_5m_l_ema50_hurst_grandparent_V10	{"mode": "paper", "fired": true, "reason": "paper_fill", "fire_us": 1782037560000000, "direction": "UP", "stake_usd": "5", "entry_vwap": "0.2700000000000000177635683939"}
2026-06-21 10:31:15.02445+00	resolve	poly_sniper_v5_eth_5m_l_ema50_hurst_grandparent_V10	{"won": false, "mode": "paper", "outcome": "down", "pnl_usd": -5.0, "direction": "UP", "stake_usd": "5", "entry_vwap": "0.2700000000000000177635683939", "event_type": "sleeve_fire_resolved", "slot_end_us": 1782037800000000, "condition_id": "0xd2c686c9997d81786b982ab7625815b602246f7c5f78e95d948d8ca1dea4a05e", "resolve_at_us": 1782037845000000}
2026-06-21 11:15:05.004305+00	fire	shadow_scalp_exit_btc_5m_d3_v1	{"mode": "paper", "fired": true, "reason": "paper_fill", "fire_us": 1782040505000000, "direction": "DOWN", "stake_usd": "5", "entry_vwap": "0.7099999999999999644728632118"}
2026-06-21 11:21:45.02673+00	resolve	shadow_scalp_exit_btc_5m_d3_v1	{"won": true, "mode": "paper", "outcome": "down", "pnl_usd": 2.042253521126761, "direction": "DOWN", "stake_usd": "5", "entry_vwap": "0.7099999999999999644728632118", "event_type": "sleeve_fire_resolved", "slot_end_us": 1782040800000000, "condition_id": "0x30b0596aadd11ac7e7f0b0f671a3bd4a1a6d65020e4498ec112353d860bf632d", "resolve_at_us": 1782040845000000}
2026-06-21 11:46:00.194272+00	order_placed	kalshi_scalp_exit_btc_15m_d3_v1	{"mode": "paper", "side": "no", "fired": true, "status": "paper", "ticker": "KXBTC15M-26JUN210800-00", "offset_s": 60, "order_id": "paper-kalshi_scalp_exit_btc_15m_d3_v1-1782042360000000", "direction": "DOWN", "entry_ask": 0.54, "entry_vwap": "0.5400000000000000355271367879", "filled_count": 9}
2026-06-21 11:47:02.110598+00	resolve	kalshi_scalp_exit_btc_15m_d3_v1	{"mode": "paper", "shares": 9, "ticker": "KXBTC15M-26JUN210800-00", "direction": "DOWN", "exit_type": "scalp_time", "fill_vwap": 0.54, "sell_vwap": 0.56, "realized_pnl": 0.18000000000000016, "suppress_settlement": true}
2026-06-21 11:55:00.003508+00	fire	poly_sniper_v5_btc_15m_ema50_ema800_off600_down	{"mode": "paper", "fired": true, "reason": "paper_fill", "fire_us": 1782042900000000, "direction": "DOWN", "stake_usd": "5", "entry_vwap": "0.9799999999999999822364316056"}
2026-06-21 12:02:15.037601+00	resolve	poly_sniper_v5_btc_15m_ema50_ema800_off600_down	{"won": true, "mode": "paper", "outcome": "down", "pnl_usd": 0.10204081632653013, "direction": "DOWN", "stake_usd": "5", "entry_vwap": "0.9799999999999999822364316056", "event_type": "sleeve_fire_resolved", "slot_end_us": 1782043200000000, "condition_id": "0x1e71fc91ef82bfe3ceb3845d9b5bca083071fb956dc02133f5ab5c0597e215ba", "resolve_at_us": 1782043245000000}
2026-06-21 12:10:00.004121+00	fire	poly_sniper_v5_btc_15m_ema50_ema800_off600_down	{"mode": "paper", "fired": true, "reason": "paper_fill", "fire_us": 1782043800000000, "direction": "DOWN", "stake_usd": "5", "entry_vwap": "0.2700000000000000177635683939"}
2026-06-21 12:15:45.010553+00	resolve	poly_sniper_v5_btc_15m_ema50_ema800_off600_down	{"won": true, "mode": "paper", "outcome": "down", "pnl_usd": 13.518518518518519, "direction": "DOWN", "stake_usd": "5", "entry_vwap": "0.2700000000000000177635683939", "event_type": "sleeve_fire_resolved", "slot_end_us": 1782044100000000, "condition_id": "0x8f1d9d93be661a810b4ce796cb5bdabb50928a518f47de1bd1e7ebc4a348cfa0", "resolve_at_us": 1782044145000000}
2026-06-21 12:25:00.004301+00	fire	poly_sniper_v5_btc_15m_ema50_ema800_off600_down	{"mode": "paper", "fired": true, "reason": "paper_fill", "fire_us": 1782044700000000, "direction": "DOWN", "stake_usd": "5", "entry_vwap": "0.8900000000000001243449787578"}
2026-06-21 12:25:00.188915+00	order_placed	kalshi_sniper_btc_15m_ema50_ema800_off600_down_H	{"mode": "paper", "side": "no", "fired": true, "status": "paper", "ticker": "KXBTC15M-26JUN210830-30", "offset_s": 600, "order_id": "paper-kalshi_sniper_btc_15m_ema50_ema800_off600_down_H-1782044700000000", "direction": "DOWN", "entry_ask": 0.9, "entry_vwap": "0.9000000000000000222044604922", "filled_count": 5}
2026-06-21 12:30:45.010535+00	resolve	poly_sniper_v5_btc_15m_ema50_ema800_off600_down	{"won": true, "mode": "paper", "outcome": "down", "pnl_usd": 0.6179775280898869, "direction": "DOWN", "stake_usd": "5", "entry_vwap": "0.8900000000000001243449787578", "event_type": "sleeve_fire_resolved", "slot_end_us": 1782045000000000, "condition_id": "0x63e774398f4457c2acfdc98c491aaf95c47ed58d6cb1ee63650196d41c650df8", "resolve_at_us": 1782045045000000}
2026-06-21 12:30:45.097367+00	resolve	kalshi_sniper_btc_15m_ema50_ema800_off600_down_H	{"won": true, "mode": "paper", "ticker": "KXBTC15M-26JUN210830-30", "outcome": "no", "pnl_usd": 0.5555555555555554, "direction": "DOWN", "stake_usd": "5", "entry_vwap": "0.9000000000000000222044604922", "event_type": "sleeve_fire_resolved", "resolve_at_us": 1782045045000000, "window_end_us": 1782045000000000}
2026-06-21 12:40:00.004167+00	fire	poly_sniper_v5_btc_15m_ema50_ema800_off600_down	{"mode": "paper", "fired": true, "reason": "paper_fill", "fire_us": 1782045600000000, "direction": "DOWN", "stake_usd": "5", "entry_vwap": "0.7800000000000000266453525907"}
2026-06-21 12:40:00.347807+00	order_placed	kalshi_sniper_btc_15m_ema50_ema800_off600_down_H	{"mode": "paper", "side": "no", "fired": true, "status": "paper", "ticker": "KXBTC15M-26JUN210845-45", "offset_s": 600, "order_id": "paper-kalshi_sniper_btc_15m_ema50_ema800_off600_down_H-1782045600000000", "direction": "DOWN", "entry_ask": 0.83, "entry_vwap": "0.8299999999999999600319711132", "filled_count": 6}
2026-06-21 12:45:45.009225+00	resolve	poly_sniper_v5_btc_15m_ema50_ema800_off600_down	{"won": false, "mode": "paper", "outcome": "up", "pnl_usd": -5.0, "direction": "DOWN", "stake_usd": "5", "entry_vwap": "0.7800000000000000266453525907", "event_type": "sleeve_fire_resolved", "slot_end_us": 1782045900000000, "condition_id": "0x04e9e314f2860f91e8fffc5ef9ffa97378d038f940b0a88e354448d9b64dd8d4", "resolve_at_us": 1782045945000000}
2026-06-21 12:45:45.104374+00	resolve	kalshi_sniper_btc_15m_ema50_ema800_off600_down_H	{"won": false, "mode": "paper", "ticker": "KXBTC15M-26JUN210845-45", "outcome": "yes", "pnl_usd": -5.0, "direction": "DOWN", "stake_usd": "5", "entry_vwap": "0.8299999999999999600319711132", "event_type": "sleeve_fire_resolved", "resolve_at_us": 1782045945000000, "window_end_us": 1782045900000000}
2026-06-21 13:40:00.002889+00	fire	poly_sniper_v5_btc_15m_ema50_ema800_off600_down	{"mode": "paper", "fired": true, "reason": "paper_fill", "fire_us": 1782049200000000, "direction": "DOWN", "stake_usd": "5", "entry_vwap": "0.9900000000000001021405182651"}
2026-06-21 13:45:45.013405+00	resolve	poly_sniper_v5_btc_15m_ema50_ema800_off600_down	{"won": true, "mode": "paper", "outcome": "down", "pnl_usd": 0.050505050505049984, "direction": "DOWN", "stake_usd": "5", "entry_vwap": "0.9900000000000001021405182651", "event_type": "sleeve_fire_resolved", "slot_end_us": 1782049500000000, "condition_id": "0x6f336d7915bcc0dd40a0b2b0eddbce421256f48fb21e602f4c3a7e122662c99b", "resolve_at_us": 1782049545000000}
2026-06-21 13:55:00.00334+00	fire	poly_sniper_v5_btc_15m_ema50_ema800_off600_down	{"mode": "paper", "fired": true, "reason": "paper_fill", "fire_us": 1782050100000000, "direction": "DOWN", "stake_usd": "5", "entry_vwap": "0.0400000000000000008326672685"}
2026-06-21 14:02:15.033831+00	resolve	poly_sniper_v5_btc_15m_ema50_ema800_off600_down	{"won": false, "mode": "paper", "outcome": "up", "pnl_usd": -5.0, "direction": "DOWN", "stake_usd": "5", "entry_vwap": "0.0400000000000000008326672685", "event_type": "sleeve_fire_resolved", "slot_end_us": 1782050400000000, "condition_id": "0x5b2bccfc9fc6c8ceb8c29e5be58a5a3c4606792c8097147cb3947e8d111ade3c", "resolve_at_us": 1782050445000000}
2026-06-21 14:10:00.00338+00	fire	poly_sniper_v5_btc_15m_ema50_ema800_off600_down	{"mode": "paper", "fired": true, "reason": "paper_fill", "fire_us": 1782051000000000, "direction": "DOWN", "stake_usd": "5", "entry_vwap": "0.9499999999999999555910790146"}
2026-06-21 14:15:45.008791+00	resolve	poly_sniper_v5_btc_15m_ema50_ema800_off600_down	{"won": true, "mode": "paper", "outcome": "down", "pnl_usd": 0.26315789473684237, "direction": "DOWN", "stake_usd": "5", "entry_vwap": "0.9499999999999999555910790146", "event_type": "sleeve_fire_resolved", "slot_end_us": 1782051300000000, "condition_id": "0x3aedf0c8bc1c077b171a534d88fff2edaacf53cd2a56982de0ec110eb1ae6efe", "resolve_at_us": 1782051345000000}
2026-06-21 14:25:00.002852+00	fire	poly_sniper_v5_btc_15m_ema50_ema800_off600_down	{"mode": "paper", "fired": true, "reason": "paper_fill", "fire_us": 1782051900000000, "direction": "DOWN", "stake_usd": "5", "entry_vwap": "0.3800000000000000044408920984"}
2026-06-21 14:31:15.020893+00	resolve	poly_sniper_v5_btc_15m_ema50_ema800_off600_down	{"won": true, "mode": "paper", "outcome": "down", "pnl_usd": 8.157894736842103, "direction": "DOWN", "stake_usd": "5", "entry_vwap": "0.3800000000000000044408920984", "event_type": "sleeve_fire_resolved", "slot_end_us": 1782052200000000, "condition_id": "0xfed74dac7e24688d06c897af4de01c583bad15fc70d3b70a765c2f5563a15672", "resolve_at_us": 1782052245000000}
2026-06-21 14:40:00.003699+00	fire	poly_sniper_v5_btc_15m_ema50_ema800_off600_down	{"mode": "paper", "fired": true, "reason": "paper_fill", "fire_us": 1782052800000000, "direction": "DOWN", "stake_usd": "5", "entry_vwap": "0.3900000000000000133226762953"}
2026-06-21 14:40:00.337607+00	order_placed	kalshi_sniper_btc_15m_ema50_ema800_off600_down_H	{"mode": "paper", "side": "no", "fired": true, "status": "paper", "ticker": "KXBTC15M-26JUN211045-45", "offset_s": 600, "order_id": "paper-kalshi_sniper_btc_15m_ema50_ema800_off600_down_H-1782052800000000", "direction": "DOWN", "entry_ask": 0.33999999999999997, "entry_vwap": "0.3399999999999999689137553104", "filled_count": 14}
2026-06-21 14:45:45.093069+00	resolve	kalshi_sniper_btc_15m_ema50_ema800_off600_down_H	{"won": false, "mode": "paper", "ticker": "KXBTC15M-26JUN211045-45", "outcome": "yes", "pnl_usd": -5.0, "direction": "DOWN", "stake_usd": "5", "entry_vwap": "0.3399999999999999689137553104", "event_type": "sleeve_fire_resolved", "resolve_at_us": 1782053145000000, "window_end_us": 1782053100000000}
2026-06-21 14:46:45.027821+00	resolve	poly_sniper_v5_btc_15m_ema50_ema800_off600_down	{"won": false, "mode": "paper", "outcome": "up", "pnl_usd": -5.0, "direction": "DOWN", "stake_usd": "5", "entry_vwap": "0.3900000000000000133226762953", "event_type": "sleeve_fire_resolved", "slot_end_us": 1782053100000000, "condition_id": "0xcf7325219ca348c880691bd0aaae97ca7c42b9c778022a59352b840db6b0859b", "resolve_at_us": 1782053145000000}
2026-06-21 15:01:00.003945+00	fire	poly_sniper_v5_eth_5m_l_ema50_hurst_grandparent_V10	{"mode": "paper", "fired": true, "reason": "paper_fill", "fire_us": 1782054060000000, "direction": "UP", "stake_usd": "5", "entry_vwap": "0.1764705882352941290758252534"}
2026-06-21 15:06:45.026075+00	resolve	poly_sniper_v5_eth_5m_l_ema50_hurst_grandparent_V10	{"won": true, "mode": "paper", "outcome": "up", "pnl_usd": 23.333333333333332, "direction": "UP", "stake_usd": "5", "entry_vwap": "0.1764705882352941290758252534", "event_type": "sleeve_fire_resolved", "slot_end_us": 1782054300000000, "condition_id": "0xc591b517af58beb40c3d6abab4873885786990af2c15e8f3443b756d2512fe0f", "resolve_at_us": 1782054345000000}
2026-06-21 16:40:00.003731+00	fire	poly_sniper_v5_btc_15m_ema50_ema800_off600_down	{"mode": "paper", "fired": true, "reason": "paper_fill", "fire_us": 1782060000000000, "direction": "DOWN", "stake_usd": "5", "entry_vwap": "0.9969999999999999973354647406"}
2026-06-21 16:45:45.013414+00	resolve	poly_sniper_v5_btc_15m_ema50_ema800_off600_down	{"won": true, "mode": "paper", "outcome": "down", "pnl_usd": 0.01504513540621867, "direction": "DOWN", "stake_usd": "5", "entry_vwap": "0.9969999999999999973354647406", "event_type": "sleeve_fire_resolved", "slot_end_us": 1782060300000000, "condition_id": "0x58c833d41f7b911b839e1584902d4bc390a9c257cb29c4b2b4b67ba369c50f16", "resolve_at_us": 1782060345000000}
2026-06-21 16:50:05.005338+00	fire	shadow_scalp_exit_btc_5m_d3_v1	{"mode": "paper", "fired": true, "reason": "paper_fill", "fire_us": 1782060605000000, "direction": "UP", "stake_usd": "5", "entry_vwap": "0.6800000000000000488498130833"}
2026-06-21 16:55:00.195541+00	order_placed	kalshi_sniper_btc_15m_ema50_ema800_off600_down_H	{"mode": "paper", "side": "no", "fired": true, "status": "paper", "ticker": "KXBTC15M-26JUN211300-00", "offset_s": 600, "order_id": "paper-kalshi_sniper_btc_15m_ema50_ema800_off600_down_H-1782060900000000", "direction": "DOWN", "entry_ask": 0.16000000000000003, "entry_vwap": "0.1600000000000000310862446895", "filled_count": 31}
2026-06-21 16:57:15.046421+00	resolve	shadow_scalp_exit_btc_5m_d3_v1	{"won": true, "mode": "paper", "outcome": "up", "pnl_usd": 2.352941176470588, "direction": "UP", "stake_usd": "5", "entry_vwap": "0.6800000000000000488498130833", "event_type": "sleeve_fire_resolved", "slot_end_us": 1782060900000000, "condition_id": "0x39f0971e0c2f1ed0fa2221025e5cc6b5c28a134fef121c2c933a5ec1f95e6d79", "resolve_at_us": 1782060945000000}
2026-06-21 17:00:45.10927+00	resolve	kalshi_sniper_btc_15m_ema50_ema800_off600_down_H	{"won": false, "mode": "paper", "ticker": "KXBTC15M-26JUN211300-00", "outcome": "yes", "pnl_usd": -5.0, "direction": "DOWN", "stake_usd": "5", "entry_vwap": "0.1600000000000000310862446895", "event_type": "sleeve_fire_resolved", "resolve_at_us": 1782061245000000, "window_end_us": 1782061200000000}
2026-06-21 17:25:00.003855+00	fire	poly_sniper_v5_btc_15m_ema50_ema800_off600_down	{"mode": "paper", "fired": true, "reason": "paper_fill", "fire_us": 1782062700000000, "direction": "DOWN", "stake_usd": "5", "entry_vwap": "0.9568424200139539204101879473"}
2026-06-21 17:31:45.036306+00	resolve	poly_sniper_v5_btc_15m_ema50_ema800_off600_down	{"won": true, "mode": "paper", "outcome": "down", "pnl_usd": 0.2255208333333329, "direction": "DOWN", "stake_usd": "5", "entry_vwap": "0.9568424200139539204101879473", "event_type": "sleeve_fire_resolved", "slot_end_us": 1782063000000000, "condition_id": "0xfbf2a3aba06d43f9b5b51f7a23fdaa02cd5b12c9a0d929a44076d065ac2a67a9", "resolve_at_us": 1782063045000000}
2026-06-21 17:40:00.002775+00	fire	poly_sniper_v5_btc_15m_ema50_ema800_off600_down	{"mode": "paper", "fired": true, "reason": "paper_fill", "fire_us": 1782063600000000, "direction": "DOWN", "stake_usd": "5", "entry_vwap": "0.7399999999999999911182158027"}
2026-06-21 17:40:00.344824+00	order_placed	kalshi_sniper_btc_15m_ema50_ema800_off600_down_H	{"mode": "paper", "side": "no", "fired": true, "status": "paper", "ticker": "KXBTC15M-26JUN211345-45", "offset_s": 600, "order_id": "paper-kalshi_sniper_btc_15m_ema50_ema800_off600_down_H-1782063600000000", "direction": "DOWN", "entry_ask": 0.85, "entry_vwap": "0.8499999999999999777955395072", "filled_count": 5}
2026-06-21 17:45:45.097271+00	resolve	kalshi_sniper_btc_15m_ema50_ema800_off600_down_H	{"won": false, "mode": "paper", "ticker": "KXBTC15M-26JUN211345-45", "outcome": "yes", "pnl_usd": -5.0, "direction": "DOWN", "stake_usd": "5", "entry_vwap": "0.8499999999999999777955395072", "event_type": "sleeve_fire_resolved", "resolve_at_us": 1782063945000000, "window_end_us": 1782063900000000}
2026-06-21 17:46:45.052829+00	resolve	poly_sniper_v5_btc_15m_ema50_ema800_off600_down	{"won": false, "mode": "paper", "outcome": "up", "pnl_usd": -5.0, "direction": "DOWN", "stake_usd": "5", "entry_vwap": "0.7399999999999999911182158027", "event_type": "sleeve_fire_resolved", "slot_end_us": 1782063900000000, "condition_id": "0x1f04c280a81e5eb834d771bc2aa30c804262b01fd9d3d27731084c2a59890b90", "resolve_at_us": 1782063945000000}
2026-06-21 18:10:00.003676+00	fire	poly_sniper_v5_btc_15m_ema50_ema800_off600_down	{"mode": "paper", "fired": true, "reason": "paper_fill", "fire_us": 1782065400000000, "direction": "DOWN", "stake_usd": "5", "entry_vwap": "0.9929999999999999937827510616"}
2026-06-21 18:15:45.009191+00	resolve	poly_sniper_v5_btc_15m_ema50_ema800_off600_down	{"won": true, "mode": "paper", "outcome": "down", "pnl_usd": 0.03524672708962686, "direction": "DOWN", "stake_usd": "5", "entry_vwap": "0.9929999999999999937827510616", "event_type": "sleeve_fire_resolved", "slot_end_us": 1782065700000000, "condition_id": "0x7a569540163ec29fdbe5353c1163bc25eba3e8e51cfd4ddc03c19f5b2305c847", "resolve_at_us": 1782065745000000}
2026-06-21 18:25:00.003219+00	fire	poly_sniper_v5_btc_15m_ema50_ema800_off600_down	{"mode": "paper", "fired": true, "reason": "paper_fill", "fire_us": 1782066300000000, "direction": "DOWN", "stake_usd": "5", "entry_vwap": "0.2000000000000000111022302462"}
2026-06-21 18:30:45.008755+00	resolve	poly_sniper_v5_btc_15m_ema50_ema800_off600_down	{"won": false, "mode": "paper", "outcome": "up", "pnl_usd": -5.0, "direction": "DOWN", "stake_usd": "5", "entry_vwap": "0.2000000000000000111022302462", "event_type": "sleeve_fire_resolved", "slot_end_us": 1782066600000000, "condition_id": "0xf584f519cf64ce85fa29d819c01bf5b90d6427a7dd98767a696e0e34233b7013", "resolve_at_us": 1782066645000000}
2026-06-21 20:25:00.003381+00	fire	poly_sniper_v5_btc_15m_ema50_ema800_off600_down	{"mode": "paper", "fired": true, "reason": "paper_fill", "fire_us": 1782073500000000, "direction": "DOWN", "stake_usd": "5", "entry_vwap": "0.8399999999999999689137553101"}
2026-06-21 20:25:00.114274+00	order_placed	kalshi_sniper_btc_15m_ema50_ema800_off600_down_H	{"mode": "paper", "side": "no", "fired": true, "status": "paper", "ticker": "KXBTC15M-26JUN211630-30", "offset_s": 600, "order_id": "paper-kalshi_sniper_btc_15m_ema50_ema800_off600_down_H-1782073500000000", "direction": "DOWN", "entry_ask": 0.85, "entry_vwap": "0.8499999999999999777955395072", "filled_count": 5}
2026-06-21 20:30:45.095818+00	resolve	kalshi_sniper_btc_15m_ema50_ema800_off600_down_H	{"won": true, "mode": "paper", "ticker": "KXBTC15M-26JUN211630-30", "outcome": "no", "pnl_usd": 0.8823529411764708, "direction": "DOWN", "stake_usd": "5", "entry_vwap": "0.8499999999999999777955395072", "event_type": "sleeve_fire_resolved", "resolve_at_us": 1782073845000000, "window_end_us": 1782073800000000}
2026-06-21 20:31:45.032299+00	resolve	poly_sniper_v5_btc_15m_ema50_ema800_off600_down	{"won": true, "mode": "paper", "outcome": "down", "pnl_usd": 0.9523809523809526, "direction": "DOWN", "stake_usd": "5", "entry_vwap": "0.8399999999999999689137553101", "event_type": "sleeve_fire_resolved", "slot_end_us": 1782073800000000, "condition_id": "0x0c8cf41f63fcb903b5977dbd9a8b53e5deeae3585404efd43cdf9f188c0c4fc3", "resolve_at_us": 1782073845000000}
2026-06-21 20:40:00.00401+00	fire	poly_sniper_v5_btc_15m_ema50_ema800_off600_down	{"mode": "paper", "fired": true, "reason": "paper_fill", "fire_us": 1782074400000000, "direction": "DOWN", "stake_usd": "5", "entry_vwap": "0.9799999999999999822364316056"}
2026-06-21 20:45:45.020867+00	resolve	poly_sniper_v5_btc_15m_ema50_ema800_off600_down	{"won": true, "mode": "paper", "outcome": "down", "pnl_usd": 0.10204081632653013, "direction": "DOWN", "stake_usd": "5", "entry_vwap": "0.9799999999999999822364316056", "event_type": "sleeve_fire_resolved", "slot_end_us": 1782074700000000, "condition_id": "0xca63bf1f635ddee7c08938d55c3997929c1b4b7581545948010b270f3c2056d4", "resolve_at_us": 1782074745000000}
2026-06-21 20:55:00.004455+00	fire	poly_sniper_v5_btc_15m_ema50_ema800_off600_down	{"mode": "paper", "fired": true, "reason": "paper_fill", "fire_us": 1782075300000000, "direction": "DOWN", "stake_usd": "5", "entry_vwap": "0.9599999999999998534505607490"}
2026-06-21 21:00:45.009987+00	resolve	poly_sniper_v5_btc_15m_ema50_ema800_off600_down	{"won": true, "mode": "paper", "outcome": "down", "pnl_usd": 0.20833333333333354, "direction": "DOWN", "stake_usd": "5", "entry_vwap": "0.9599999999999998534505607490", "event_type": "sleeve_fire_resolved", "slot_end_us": 1782075600000000, "condition_id": "0xbcca3fced5b79a830e62b2bca3905480e77f1e25434f294dd1a4750e986f9ffe", "resolve_at_us": 1782075645000000}
2026-06-21 21:11:00.00454+00	fire	poly_sniper_v5_eth_5m_l_ema50_hurst_grandparent_V10	{"mode": "paper", "fired": true, "reason": "paper_fill", "fire_us": 1782076260000000, "direction": "DOWN", "stake_usd": "5", "entry_vwap": "0.3499999999999999777955395073"}
2026-06-21 21:19:15.090986+00	resolve	poly_sniper_v5_eth_5m_l_ema50_hurst_grandparent_V10	{"won": false, "mode": "paper", "outcome": "up", "pnl_usd": -5.0, "direction": "DOWN", "stake_usd": "5", "entry_vwap": "0.3499999999999999777955395073", "event_type": "sleeve_fire_resolved", "slot_end_us": 1782076500000000, "condition_id": "0x3b94c3aa63f8495ee518cc6cdf80269af91b1f31e1ea31d4e3364161d7f81ad9", "resolve_at_us": 1782076545000000}
2026-06-21 21:25:00.003823+00	fire	poly_sniper_v5_btc_15m_ema50_ema800_off600_down	{"mode": "paper", "fired": true, "reason": "paper_fill", "fire_us": 1782077100000000, "direction": "DOWN", "stake_usd": "5", "entry_vwap": "0.1900000000000000022204460492"}
2026-06-21 21:31:15.019137+00	resolve	poly_sniper_v5_btc_15m_ema50_ema800_off600_down	{"won": false, "mode": "paper", "outcome": "up", "pnl_usd": -5.0, "direction": "DOWN", "stake_usd": "5", "entry_vwap": "0.1900000000000000022204460492", "event_type": "sleeve_fire_resolved", "slot_end_us": 1782077400000000, "condition_id": "0xa441f60fa6532719a78a1e19c0f1ab372a6f43c516e3fe45d7d46502e7a574a4", "resolve_at_us": 1782077445000000}
2026-06-21 22:10:00.004072+00	fire	poly_sniper_v5_btc_15m_ema50_ema800_off600_down	{"mode": "paper", "fired": true, "reason": "paper_fill", "fire_us": 1782079800000000, "direction": "DOWN", "stake_usd": "5", "entry_vwap": "0.9900000000000001021405182651"}
2026-06-21 22:15:45.011601+00	resolve	poly_sniper_v5_btc_15m_ema50_ema800_off600_down	{"won": true, "mode": "paper", "outcome": "down", "pnl_usd": 0.050505050505049984, "direction": "DOWN", "stake_usd": "5", "entry_vwap": "0.9900000000000001021405182651", "event_type": "sleeve_fire_resolved", "slot_end_us": 1782080100000000, "condition_id": "0xecf1aace06530e80f9280636b1e1468c916fe89eac4e11e52a1a318177da7dfb", "resolve_at_us": 1782080145000000}
2026-06-21 22:30:05.004706+00	fire	shadow_scalp_exit_btc_5m_d3_v1	{"mode": "paper", "fired": true, "reason": "paper_fill", "fire_us": 1782081005000000, "direction": "DOWN", "stake_usd": "5", "entry_vwap": "0.6800000000000000488498130833"}
2026-06-21 22:36:45.034553+00	resolve	shadow_scalp_exit_btc_5m_d3_v1	{"won": true, "mode": "paper", "outcome": "down", "pnl_usd": 2.352941176470588, "direction": "DOWN", "stake_usd": "5", "entry_vwap": "0.6800000000000000488498130833", "event_type": "sleeve_fire_resolved", "slot_end_us": 1782081300000000, "condition_id": "0x5ac0f1729d0c83f91017b9986187e9f7d78d4dbde60b63fee35080c1028ad0bd", "resolve_at_us": 1782081345000000}
2026-06-21 22:40:00.003248+00	fire	poly_sniper_v5_btc_15m_ema50_ema800_off600_down	{"mode": "paper", "fired": true, "reason": "paper_fill", "fire_us": 1782081600000000, "direction": "DOWN", "stake_usd": "5", "entry_vwap": "0.9400000000000000577315972801"}
2026-06-21 22:46:15.020219+00	resolve	poly_sniper_v5_btc_15m_ema50_ema800_off600_down	{"won": true, "mode": "paper", "outcome": "down", "pnl_usd": 0.31914893617021245, "direction": "DOWN", "stake_usd": "5", "entry_vwap": "0.9400000000000000577315972801", "event_type": "sleeve_fire_resolved", "slot_end_us": 1782081900000000, "condition_id": "0xfc2697ce319b20b63dde18962e7399b7ce7a1dda853d780afb9486967ceab4f3", "resolve_at_us": 1782081945000000}
2026-06-21 23:00:05.015573+00	fire	shadow_scalp_exit_btc_5m_d3_v1	{"mode": "paper", "fired": true, "reason": "paper_fill", "fire_us": 1782082805000000, "direction": "DOWN", "stake_usd": "5", "entry_vwap": "0.6999999999999999555910790147"}
2026-06-21 23:05:45.011242+00	resolve	shadow_scalp_exit_btc_5m_d3_v1	{"won": true, "mode": "paper", "outcome": "down", "pnl_usd": 2.1428571428571432, "direction": "DOWN", "stake_usd": "5", "entry_vwap": "0.6999999999999999555910790147", "event_type": "sleeve_fire_resolved", "slot_end_us": 1782083100000000, "condition_id": "0x149fa003dbb4f58fb1fd7a6e81d4d04c830cac449c7f5c369ad0bdbf392f6cae", "resolve_at_us": 1782083145000000}
2026-06-21 23:16:00.189903+00	order_placed	kalshi_scalp_exit_btc_15m_d3_v1	{"mode": "paper", "side": "no", "fired": true, "status": "paper", "ticker": "KXBTC15M-26JUN211930-30", "offset_s": 60, "order_id": "paper-kalshi_scalp_exit_btc_15m_d3_v1-1782083760000000", "direction": "DOWN", "entry_ask": 0.54, "entry_vwap": "0.5400000000000000355271367879", "filled_count": 9}
2026-06-21 23:17:01.761328+00	resolve	kalshi_scalp_exit_btc_15m_d3_v1	{"mode": "paper", "shares": 9, "ticker": "KXBTC15M-26JUN211930-30", "direction": "DOWN", "exit_type": "scalp_time", "fill_vwap": 0.54, "sell_vwap": 0.4600000000000001, "realized_pnl": -0.7199999999999996, "suppress_settlement": true}
2026-06-21 23:40:00.003526+00	fire	poly_sniper_v5_btc_15m_ema50_ema800_off600_down	{"mode": "paper", "fired": true, "reason": "paper_fill", "fire_us": 1782085200000000, "direction": "DOWN", "stake_usd": "5", "entry_vwap": "0.9890000000000001012523398454"}
2026-06-21 23:45:05.004589+00	fire	shadow_scalp_exit_btc_5m_d3_v1	{"mode": "paper", "fired": true, "reason": "paper_fill", "fire_us": 1782085505000000, "direction": "UP", "stake_usd": "5", "entry_vwap": "0.5500000000000000444089209848"}
2026-06-21 23:45:45.009362+00	resolve	poly_sniper_v5_btc_15m_ema50_ema800_off600_down	{"won": true, "mode": "paper", "outcome": "down", "pnl_usd": 0.05561172901921081, "direction": "DOWN", "stake_usd": "5", "entry_vwap": "0.9890000000000001012523398454", "event_type": "sleeve_fire_resolved", "slot_end_us": 1782085500000000, "condition_id": "0x8da60fe2877c1e7c77950ad04aadc9ce1717093bdcc6e2aa26bc5eb97dd74fa0", "resolve_at_us": 1782085545000000}
2026-06-21 23:51:45.027907+00	resolve	shadow_scalp_exit_btc_5m_d3_v1	{"won": true, "mode": "paper", "outcome": "up", "pnl_usd": 4.09090909090909, "direction": "UP", "stake_usd": "5", "entry_vwap": "0.5500000000000000444089209848", "event_type": "sleeve_fire_resolved", "slot_end_us": 1782085800000000, "condition_id": "0x88ed9853d06e8633aba3f3225e11dc956d38763aa66bc5fc6bc6793cb9707b6c", "resolve_at_us": 1782085845000000}
2026-06-21 23:55:00.003767+00	fire	poly_sniper_v5_btc_15m_ema50_ema800_off600_down	{"mode": "paper", "fired": true, "reason": "paper_fill", "fire_us": 1782086100000000, "direction": "DOWN", "stake_usd": "5", "entry_vwap": "0.6237623762376237612770069061"}
2026-06-21 23:55:00.115346+00	order_placed	kalshi_sniper_btc_15m_ema50_ema800_off600_down_H	{"mode": "paper", "side": "no", "fired": true, "status": "paper", "ticker": "KXBTC15M-26JUN212000-00", "offset_s": 600, "order_id": "paper-kalshi_sniper_btc_15m_ema50_ema800_off600_down_H-1782086100000000", "direction": "DOWN", "entry_ask": 0.6799999999999999, "entry_vwap": "0.6799999999999999378275106208", "filled_count": 7}
2026-06-22 00:00:45.09336+00	resolve	kalshi_sniper_btc_15m_ema50_ema800_off600_down_H	{"won": true, "mode": "paper", "ticker": "KXBTC15M-26JUN212000-00", "outcome": "no", "pnl_usd": 2.3529411764705888, "direction": "DOWN", "stake_usd": "5", "entry_vwap": "0.6799999999999999378275106208", "event_type": "sleeve_fire_resolved", "resolve_at_us": 1782086445000000, "window_end_us": 1782086400000000}
2026-06-22 00:01:15.01792+00	resolve	poly_sniper_v5_btc_15m_ema50_ema800_off600_down	{"won": true, "mode": "paper", "outcome": "down", "pnl_usd": 3.015873015873016, "direction": "DOWN", "stake_usd": "5", "entry_vwap": "0.6237623762376237612770069061", "event_type": "sleeve_fire_resolved", "slot_end_us": 1782086400000000, "condition_id": "0x6e56dee1e3dc3f7e00c2c9b8a525260c044d2a9f789e9fad185aa0dfcee5703e", "resolve_at_us": 1782086445000000}
2026-06-22 00:30:05.00506+00	fire	shadow_scalp_exit_btc_5m_d3_v1	{"mode": "paper", "fired": true, "reason": "paper_fill", "fire_us": 1782088205000000, "direction": "UP", "stake_usd": "5", "entry_vwap": "0.6400000000000000133226762952"}
2026-06-22 00:40:15.087443+00	resolve	shadow_scalp_exit_btc_5m_d3_v1	{"won": true, "mode": "paper", "outcome": "up", "pnl_usd": 2.8125, "direction": "UP", "stake_usd": "5", "entry_vwap": "0.6400000000000000133226762952", "event_type": "sleeve_fire_resolved", "slot_end_us": 1782088500000000, "condition_id": "0x22a7a26bf8bc6dc79a507a2d3da1232f2bd985c1cc2148e538d5ffec6970c457", "resolve_at_us": 1782088545000000}
2026-06-22 01:05:05.004276+00	fire	shadow_scalp_exit_btc_5m_d3_v1	{"mode": "paper", "fired": true, "reason": "paper_fill", "fire_us": 1782090305000000, "direction": "UP", "stake_usd": "5", "entry_vwap": "0.5799999999999999600319711133"}
2026-06-22 01:12:15.037492+00	resolve	shadow_scalp_exit_btc_5m_d3_v1	{"won": false, "mode": "paper", "outcome": "down", "pnl_usd": -5.0, "direction": "UP", "stake_usd": "5", "entry_vwap": "0.5799999999999999600319711133", "event_type": "sleeve_fire_resolved", "slot_end_us": 1782090600000000, "condition_id": "0x497cfbc96d8218978bb345cdfcab9ee4dc3b12ce4c343f9fe678ccf96280ef23", "resolve_at_us": 1782090645000000}
2026-06-22 01:25:05.005181+00	fire	shadow_scalp_exit_btc_5m_d3_v1	{"mode": "paper", "fired": true, "reason": "paper_fill", "fire_us": 1782091505000000, "direction": "UP", "stake_usd": "5", "entry_vwap": "0.6400000000000000133226762952"}
2026-06-22 01:26:00.022311+00	fire	poly_sniper_v5_eth_5m_l_ema50_hurst_grandparent_V10	{"mode": "paper", "fired": true, "reason": "paper_fill", "fire_us": 1782091560000000, "direction": "UP", "stake_usd": "5", "entry_vwap": "0.6800000000000000488498130833"}
2026-06-22 01:30:05.010067+00	fire	shadow_scalp_exit_btc_5m_d3_v1	{"mode": "paper", "fired": true, "reason": "paper_fill", "fire_us": 1782091805000000, "direction": "UP", "stake_usd": "5", "entry_vwap": "0.5799999999999999600319711133"}
2026-06-22 01:31:15.020531+00	resolve	poly_sniper_v5_eth_5m_l_ema50_hurst_grandparent_V10	{"won": true, "mode": "paper", "outcome": "up", "pnl_usd": 2.352941176470588, "direction": "UP", "stake_usd": "5", "entry_vwap": "0.6800000000000000488498130833", "event_type": "sleeve_fire_resolved", "slot_end_us": 1782091800000000, "condition_id": "0x1fb750f007142eb562642dbf9f9d106642f2b82fd62543d975e82c53f18ea230", "resolve_at_us": 1782091845000000}
2026-06-22 01:31:45.029643+00	resolve	shadow_scalp_exit_btc_5m_d3_v1	{"won": true, "mode": "paper", "outcome": "up", "pnl_usd": 2.8125, "direction": "UP", "stake_usd": "5", "entry_vwap": "0.6400000000000000133226762952", "event_type": "sleeve_fire_resolved", "slot_end_us": 1782091800000000, "condition_id": "0xa36b9dab1868a51a65a49a08af7a0cbf21094217bd488687927388f95bc50672", "resolve_at_us": 1782091845000000}
2026-06-22 01:36:45.024349+00	resolve	shadow_scalp_exit_btc_5m_d3_v1	{"won": false, "mode": "paper", "outcome": "down", "pnl_usd": -5.0, "direction": "UP", "stake_usd": "5", "entry_vwap": "0.5799999999999999600319711133", "event_type": "sleeve_fire_resolved", "slot_end_us": 1782092100000000, "condition_id": "0x05c90f7d12309bbcc45072adaab9fc43bf8abd27e980c362ee00dcbdbccb1f5e", "resolve_at_us": 1782092145000000}
2026-06-22 02:00:05.004206+00	fire	shadow_scalp_exit_btc_5m_d3_v1	{"mode": "paper", "fired": true, "reason": "paper_fill", "fire_us": 1782093605000000, "direction": "UP", "stake_usd": "5", "entry_vwap": "0.5999999999999999777955395073"}
2026-06-22 02:07:45.06864+00	resolve	shadow_scalp_exit_btc_5m_d3_v1	{"won": false, "mode": "paper", "outcome": "down", "pnl_usd": -5.0, "direction": "UP", "stake_usd": "5", "entry_vwap": "0.5999999999999999777955395073", "event_type": "sleeve_fire_resolved", "slot_end_us": 1782093900000000, "condition_id": "0xd2ae1dced132230c28527209739728f521e96e51134f62b9019f5983d0f983ea", "resolve_at_us": 1782093945000000}
2026-06-22 02:15:05.004163+00	fire	shadow_scalp_exit_btc_5m_d3_v1	{"mode": "paper", "fired": true, "reason": "paper_fill", "fire_us": 1782094505000000, "direction": "DOWN", "stake_usd": "5", "entry_vwap": "0.6500000000000000222044604923"}
2026-06-22 02:22:15.042157+00	resolve	shadow_scalp_exit_btc_5m_d3_v1	{"won": false, "mode": "paper", "outcome": "up", "pnl_usd": -5.0, "direction": "DOWN", "stake_usd": "5", "entry_vwap": "0.6500000000000000222044604923", "event_type": "sleeve_fire_resolved", "slot_end_us": 1782094800000000, "condition_id": "0xc66a1a3d969dd16fea72ad42ba51700c909168a85c06815b39b6c405eeeefd1a", "resolve_at_us": 1782094845000000}
2026-06-22 03:10:00.003266+00	fire	poly_sniper_v5_btc_15m_ema50_ema800_off600_down	{"mode": "paper", "fired": true, "reason": "paper_fill", "fire_us": 1782097800000000, "direction": "DOWN", "stake_usd": "5", "entry_vwap": "0.9799999999999999822364316056"}
2026-06-22 03:15:05.00418+00	fire	shadow_scalp_exit_btc_5m_d3_v1	{"mode": "paper", "fired": true, "reason": "paper_fill", "fire_us": 1782098105000000, "direction": "UP", "stake_usd": "5", "entry_vwap": "0.6500000000000000222044604923"}
2026-06-22 03:15:45.012823+00	resolve	poly_sniper_v5_btc_15m_ema50_ema800_off600_down	{"won": true, "mode": "paper", "outcome": "down", "pnl_usd": 0.10204081632653013, "direction": "DOWN", "stake_usd": "5", "entry_vwap": "0.9799999999999999822364316056", "event_type": "sleeve_fire_resolved", "slot_end_us": 1782098100000000, "condition_id": "0xe032c736ff367ee38067f2a4b0b712756e41bf73a389c33ab7e90271ee7080cc", "resolve_at_us": 1782098145000000}
2026-06-22 03:21:45.024452+00	resolve	shadow_scalp_exit_btc_5m_d3_v1	{"won": true, "mode": "paper", "outcome": "up", "pnl_usd": 2.692307692307692, "direction": "UP", "stake_usd": "5", "entry_vwap": "0.6500000000000000222044604923", "event_type": "sleeve_fire_resolved", "slot_end_us": 1782098400000000, "condition_id": "0x64d0a6e25d2477b104a7f458701490490f7b719ecee00996c57db87f6ccdb676", "resolve_at_us": 1782098445000000}
2026-06-22 03:25:05.003816+00	fire	shadow_scalp_exit_btc_5m_d3_v1	{"mode": "paper", "fired": true, "reason": "paper_fill", "fire_us": 1782098705000000, "direction": "UP", "stake_usd": "5", "entry_vwap": "0.6999999999999999555910790147"}
2026-06-22 03:32:15.032497+00	resolve	shadow_scalp_exit_btc_5m_d3_v1	{"won": false, "mode": "paper", "outcome": "down", "pnl_usd": -5.0, "direction": "UP", "stake_usd": "5", "entry_vwap": "0.6999999999999999555910790147", "event_type": "sleeve_fire_resolved", "slot_end_us": 1782099000000000, "condition_id": "0xeea1ec8997bb974139d8acd9b75f5590d6c4beb4bf8f11a4c3708e2fbfe04b83", "resolve_at_us": 1782099045000000}
2026-06-22 04:10:00.006838+00	fire	poly_sniper_v5_btc_15m_ema50_ema800_off600_down	{"mode": "paper", "fired": true, "reason": "paper_fill", "fire_us": 1782101400000000, "direction": "DOWN", "stake_usd": "5", "entry_vwap": "0.6500000000000000222044604923"}
2026-06-22 04:10:00.194079+00	order_placed	kalshi_sniper_btc_15m_ema50_ema800_off600_down_H	{"mode": "paper", "side": "no", "fired": true, "status": "paper", "ticker": "KXBTC15M-26JUN220015-15", "offset_s": 600, "order_id": "paper-kalshi_sniper_btc_15m_ema50_ema800_off600_down_H-1782101400000000", "direction": "DOWN", "entry_ask": 0.73, "entry_vwap": "0.7299999999999999822364316058", "filled_count": 6}
2026-06-22 04:15:45.102072+00	resolve	kalshi_sniper_btc_15m_ema50_ema800_off600_down_H	{"won": false, "mode": "paper", "ticker": "KXBTC15M-26JUN220015-15", "outcome": "yes", "pnl_usd": -5.0, "direction": "DOWN", "stake_usd": "5", "entry_vwap": "0.7299999999999999822364316058", "event_type": "sleeve_fire_resolved", "resolve_at_us": 1782101745000000, "window_end_us": 1782101700000000}
2026-06-22 04:16:45.02995+00	resolve	poly_sniper_v5_btc_15m_ema50_ema800_off600_down	{"won": true, "mode": "paper", "outcome": "down", "pnl_usd": 2.692307692307692, "direction": "DOWN", "stake_usd": "5", "entry_vwap": "0.6500000000000000222044604923", "event_type": "sleeve_fire_resolved", "slot_end_us": 1782101700000000, "condition_id": "0x378f61fe1ac09d5c752aba1b6e9662a22ff946b835f94ba8fdc47b06afd2d36d", "resolve_at_us": 1782101745000000}
2026-06-22 04:25:00.021598+00	fire	poly_sniper_v5_btc_15m_ema50_ema800_off600_down	{"mode": "paper", "fired": true, "reason": "paper_fill", "fire_us": 1782102300000000, "direction": "DOWN", "stake_usd": "5", "entry_vwap": "0.2299999999999999822364316059"}
2026-06-22 04:25:00.364294+00	order_placed	kalshi_sniper_btc_15m_ema50_ema800_off600_down_H	{"mode": "paper", "side": "no", "fired": true, "status": "paper", "ticker": "KXBTC15M-26JUN220030-30", "offset_s": 600, "order_id": "paper-kalshi_sniper_btc_15m_ema50_ema800_off600_down_H-1782102300000000", "direction": "DOWN", "entry_ask": 0.33999999999999997, "entry_vwap": "0.3399999999999999689137553104", "filled_count": 14}
2026-06-22 04:30:45.092715+00	resolve	kalshi_sniper_btc_15m_ema50_ema800_off600_down_H	{"won": true, "mode": "paper", "ticker": "KXBTC15M-26JUN220030-30", "outcome": "no", "pnl_usd": 9.705882352941178, "direction": "DOWN", "stake_usd": "5", "entry_vwap": "0.3399999999999999689137553104", "event_type": "sleeve_fire_resolved", "resolve_at_us": 1782102645000000, "window_end_us": 1782102600000000}
2026-06-22 04:31:45.147044+00	resolve	poly_sniper_v5_btc_15m_ema50_ema800_off600_down	{"won": true, "mode": "paper", "outcome": "down", "pnl_usd": 16.73913043478261, "direction": "DOWN", "stake_usd": "5", "entry_vwap": "0.2299999999999999822364316059", "event_type": "sleeve_fire_resolved", "slot_end_us": 1782102600000000, "condition_id": "0x16b46adaba0f44184619bee8297f21cfa6357e7b8c7d787673cabe43bc14dccb", "resolve_at_us": 1782102645000000}
2026-06-22 04:40:00.003479+00	fire	poly_sniper_v5_btc_15m_ema50_ema800_off600_down	{"mode": "paper", "fired": true, "reason": "paper_fill", "fire_us": 1782103200000000, "direction": "DOWN", "stake_usd": "5", "entry_vwap": "0.1900000000000000022204460492"}
2026-06-22 04:40:00.340303+00	order_placed	kalshi_sniper_btc_15m_ema50_ema800_off600_down_H	{"mode": "paper", "side": "no", "fired": true, "status": "paper", "ticker": "KXBTC15M-26JUN220045-45", "offset_s": 600, "order_id": "paper-kalshi_sniper_btc_15m_ema50_ema800_off600_down_H-1782103200000000", "direction": "DOWN", "entry_ask": 0.18000000000000005, "entry_vwap": "0.1800000000000000488498130835", "filled_count": 27}
2026-06-22 04:45:45.009032+00	resolve	poly_sniper_v5_btc_15m_ema50_ema800_off600_down	{"won": true, "mode": "paper", "outcome": "down", "pnl_usd": 21.315789473684205, "direction": "DOWN", "stake_usd": "5", "entry_vwap": "0.1900000000000000022204460492", "event_type": "sleeve_fire_resolved", "slot_end_us": 1782103500000000, "condition_id": "0x554d3eb099644e00562e025fca51246ff15a4379b5ac4ac74b6148c1b84bd155", "resolve_at_us": 1782103545000000}
2026-06-22 04:45:45.104609+00	resolve	kalshi_sniper_btc_15m_ema50_ema800_off600_down_H	{"won": false, "mode": "paper", "ticker": "KXBTC15M-26JUN220045-45", "outcome": "yes", "pnl_usd": -5.0, "direction": "DOWN", "stake_usd": "5", "entry_vwap": "0.1800000000000000488498130835", "event_type": "sleeve_fire_resolved", "resolve_at_us": 1782103545000000, "window_end_us": 1782103500000000}
2026-06-22 06:25:00.003687+00	fire	poly_sniper_v5_btc_15m_ema50_ema800_off600_down	{"mode": "paper", "fired": true, "reason": "paper_fill", "fire_us": 1782109500000000, "direction": "DOWN", "stake_usd": "5", "entry_vwap": "0.9400000000000000577315972801"}
2026-06-22 06:31:15.018747+00	resolve	poly_sniper_v5_btc_15m_ema50_ema800_off600_down	{"won": true, "mode": "paper", "outcome": "down", "pnl_usd": 0.31914893617021245, "direction": "DOWN", "stake_usd": "5", "entry_vwap": "0.9400000000000000577315972801", "event_type": "sleeve_fire_resolved", "slot_end_us": 1782109800000000, "condition_id": "0x72ccc457b9b17d3b86cd97cf0ee6c3a2655d2bbac4e2b82c5cb46d7b6971bd61", "resolve_at_us": 1782109845000000}
2026-06-22 06:40:00.00357+00	fire	poly_sniper_v5_btc_15m_ema50_ema800_off600_down	{"mode": "paper", "fired": true, "reason": "paper_fill", "fire_us": 1782110400000000, "direction": "DOWN", "stake_usd": "5", "entry_vwap": "0.8800000000000000044408920982"}
2026-06-22 06:40:00.103556+00	order_placed	kalshi_sniper_btc_15m_ema50_ema800_off600_down_H	{"mode": "paper", "side": "no", "fired": true, "status": "paper", "ticker": "KXBTC15M-26JUN220245-45", "offset_s": 600, "order_id": "paper-kalshi_sniper_btc_15m_ema50_ema800_off600_down_H-1782110400000000", "direction": "DOWN", "entry_ask": 0.86, "entry_vwap": "0.8600000000000000976996261666", "filled_count": 5}
2026-06-22 06:45:45.104935+00	resolve	kalshi_sniper_btc_15m_ema50_ema800_off600_down_H	{"won": true, "mode": "paper", "ticker": "KXBTC15M-26JUN220245-45", "outcome": "no", "pnl_usd": 0.8139534883720917, "direction": "DOWN", "stake_usd": "5", "entry_vwap": "0.8600000000000000976996261666", "event_type": "sleeve_fire_resolved", "resolve_at_us": 1782110745000000, "window_end_us": 1782110700000000}
2026-06-22 06:46:45.025282+00	resolve	poly_sniper_v5_btc_15m_ema50_ema800_off600_down	{"won": true, "mode": "paper", "outcome": "down", "pnl_usd": 0.681818181818181, "direction": "DOWN", "stake_usd": "5", "entry_vwap": "0.8800000000000000044408920982", "event_type": "sleeve_fire_resolved", "slot_end_us": 1782110700000000, "condition_id": "0x4a6357a20d5c3cd8599ee31a0033127b22255106da3a6fb4c05c499e1450364d", "resolve_at_us": 1782110745000000}
2026-06-22 06:55:00.008779+00	fire	poly_sniper_v5_btc_15m_ema50_ema800_off600_down	{"mode": "paper", "fired": true, "reason": "paper_fill", "fire_us": 1782111300000000, "direction": "DOWN", "stake_usd": "5", "entry_vwap": "0.5799999999999999600319711133"}
2026-06-22 06:55:00.111043+00	order_placed	kalshi_sniper_btc_15m_ema50_ema800_off600_down_H	{"mode": "paper", "side": "no", "fired": true, "status": "paper", "ticker": "KXBTC15M-26JUN220300-00", "offset_s": 600, "order_id": "paper-kalshi_sniper_btc_15m_ema50_ema800_off600_down_H-1782111300000000", "direction": "DOWN", "entry_ask": 0.74, "entry_vwap": "0.7399999999999999911182158027", "filled_count": 6}
2026-06-22 07:00:45.109341+00	resolve	kalshi_sniper_btc_15m_ema50_ema800_off600_down_H	{"won": true, "mode": "paper", "ticker": "KXBTC15M-26JUN220300-00", "outcome": "no", "pnl_usd": 1.7567567567567568, "direction": "DOWN", "stake_usd": "5", "entry_vwap": "0.7399999999999999911182158027", "event_type": "sleeve_fire_resolved", "resolve_at_us": 1782111645000000, "window_end_us": 1782111600000000}
2026-06-22 07:02:15.042004+00	resolve	poly_sniper_v5_btc_15m_ema50_ema800_off600_down	{"won": true, "mode": "paper", "outcome": "down", "pnl_usd": 3.6206896551724146, "direction": "DOWN", "stake_usd": "5", "entry_vwap": "0.5799999999999999600319711133", "event_type": "sleeve_fire_resolved", "slot_end_us": 1782111600000000, "condition_id": "0x4d0d962364e368344aadb80342e3844c134a87b1b9a4684327f2a13f8375de0b", "resolve_at_us": 1782111645000000}
2026-06-22 07:05:05.004921+00	fire	shadow_scalp_exit_btc_5m_d3_v1	{"mode": "paper", "fired": true, "reason": "paper_fill", "fire_us": 1782111905000000, "direction": "DOWN", "stake_usd": "5", "entry_vwap": "0.6500000000000000222044604923"}
2026-06-22 07:12:15.043466+00	resolve	shadow_scalp_exit_btc_5m_d3_v1	{"won": true, "mode": "paper", "outcome": "down", "pnl_usd": 2.692307692307692, "direction": "DOWN", "stake_usd": "5", "entry_vwap": "0.6500000000000000222044604923", "event_type": "sleeve_fire_resolved", "slot_end_us": 1782112200000000, "condition_id": "0x94872482ca140eab1b91e5337e47989e62eb52431503f1e45694a3d1d94cd2e1", "resolve_at_us": 1782112245000000}
2026-06-22 08:05:05.005251+00	fire	shadow_scalp_exit_btc_5m_d3_v1	{"mode": "paper", "fired": true, "reason": "paper_fill", "fire_us": 1782115505000000, "direction": "DOWN", "stake_usd": "5", "entry_vwap": "0.6800000000000000488498130833"}
2026-06-22 08:11:15.025033+00	resolve	shadow_scalp_exit_btc_5m_d3_v1	{"won": false, "mode": "paper", "outcome": "up", "pnl_usd": -5.0, "direction": "DOWN", "stake_usd": "5", "entry_vwap": "0.6800000000000000488498130833", "event_type": "sleeve_fire_resolved", "slot_end_us": 1782115800000000, "condition_id": "0x52796d79d8d230a57386a2c077c19291fba412d4a29444f0c3cd2b0614c26be0", "resolve_at_us": 1782115845000000}
2026-06-22 08:16:00.005346+00	fire	poly_sniper_v5_eth_5m_l_ema50_hurst_grandparent_V10	{"mode": "paper", "fired": true, "reason": "paper_fill", "fire_us": 1782116160000000, "direction": "UP", "stake_usd": "5", "entry_vwap": "0.4899999999999999911182158028"}
2026-06-22 08:23:45.080134+00	resolve	poly_sniper_v5_eth_5m_l_ema50_hurst_grandparent_V10	{"won": false, "mode": "paper", "outcome": "down", "pnl_usd": -5.0, "direction": "UP", "stake_usd": "5", "entry_vwap": "0.4899999999999999911182158028", "event_type": "sleeve_fire_resolved", "slot_end_us": 1782116400000000, "condition_id": "0x641f57d842f59d4c2771a2c955d1646d82386b16154288cbccb44de1525a82cd", "resolve_at_us": 1782116445000000}
2026-06-22 08:40:00.005077+00	fire	poly_sniper_v5_btc_15m_ema50_ema800_off600_down	{"mode": "paper", "fired": true, "reason": "paper_fill", "fire_us": 1782117600000000, "direction": "DOWN", "stake_usd": "5", "entry_vwap": "0.9499999999999999555910790146"}
2026-06-22 08:47:15.043257+00	resolve	poly_sniper_v5_btc_15m_ema50_ema800_off600_down	{"won": false, "mode": "paper", "outcome": "up", "pnl_usd": -5.0, "direction": "DOWN", "stake_usd": "5", "entry_vwap": "0.9499999999999999555910790146", "event_type": "sleeve_fire_resolved", "slot_end_us": 1782117900000000, "condition_id": "0x75f2a07b78d8d1a98b034e8c750d5a7ca916bbb6ffc981962750f1d8d40c5479", "resolve_at_us": 1782117945000000}
2026-06-22 09:40:00.003907+00	fire	poly_sniper_v5_btc_15m_ema50_ema800_off600_down	{"mode": "paper", "fired": true, "reason": "paper_fill", "fire_us": 1782121200000000, "direction": "DOWN", "stake_usd": "5", "entry_vwap": "0.8499999999999999777955395072"}
2026-06-22 09:40:00.370168+00	order_placed	kalshi_sniper_btc_15m_ema50_ema800_off600_down_H	{"mode": "paper", "side": "no", "fired": true, "status": "paper", "ticker": "KXBTC15M-26JUN220545-45", "offset_s": 600, "order_id": "paper-kalshi_sniper_btc_15m_ema50_ema800_off600_down_H-1782121200000000", "direction": "DOWN", "entry_ask": 0.86, "entry_vwap": "0.8600000000000000976996261666", "filled_count": 5}
2026-06-22 09:45:45.012959+00	resolve	poly_sniper_v5_btc_15m_ema50_ema800_off600_down	{"won": false, "mode": "paper", "outcome": "up", "pnl_usd": -5.0, "direction": "DOWN", "stake_usd": "5", "entry_vwap": "0.8499999999999999777955395072", "event_type": "sleeve_fire_resolved", "slot_end_us": 1782121500000000, "condition_id": "0x127a0aed9ce19a3c68500b3c7452c430d5977a0405a4042ae88d1f6222f9fe5f", "resolve_at_us": 1782121545000000}
2026-06-22 09:45:45.106812+00	resolve	kalshi_sniper_btc_15m_ema50_ema800_off600_down_H	{"won": false, "mode": "paper", "ticker": "KXBTC15M-26JUN220545-45", "outcome": "yes", "pnl_usd": -5.0, "direction": "DOWN", "stake_usd": "5", "entry_vwap": "0.8600000000000000976996261666", "event_type": "sleeve_fire_resolved", "resolve_at_us": 1782121545000000, "window_end_us": 1782121500000000}
2026-06-22 10:40:00.006504+00	fire	poly_sniper_v5_btc_15m_ema50_ema800_off600_down	{"mode": "paper", "fired": true, "reason": "paper_fill", "fire_us": 1782124800000000, "direction": "DOWN", "stake_usd": "5", "entry_vwap": "0.9300000000000000488498130831"}
2026-06-22 10:40:00.104451+00	order_placed	kalshi_sniper_btc_15m_ema50_ema800_off600_down_H	{"mode": "paper", "side": "no", "fired": true, "status": "paper", "ticker": "KXBTC15M-26JUN220645-45", "offset_s": 600, "order_id": "paper-kalshi_sniper_btc_15m_ema50_ema800_off600_down_H-1782124800000000", "direction": "DOWN", "entry_ask": 0.928, "entry_vwap": "0.9280000000000001580957587063", "filled_count": 5}
2026-06-22 10:45:45.093938+00	resolve	kalshi_sniper_btc_15m_ema50_ema800_off600_down_H	{"won": true, "mode": "paper", "ticker": "KXBTC15M-26JUN220645-45", "outcome": "no", "pnl_usd": 0.38793103448275773, "direction": "DOWN", "stake_usd": "5", "entry_vwap": "0.9280000000000001580957587063", "event_type": "sleeve_fire_resolved", "resolve_at_us": 1782125145000000, "window_end_us": 1782125100000000}
2026-06-22 10:46:45.118909+00	resolve	poly_sniper_v5_btc_15m_ema50_ema800_off600_down	{"won": true, "mode": "paper", "outcome": "down", "pnl_usd": 0.3763440860215051, "direction": "DOWN", "stake_usd": "5", "entry_vwap": "0.9300000000000000488498130831", "event_type": "sleeve_fire_resolved", "slot_end_us": 1782125100000000, "condition_id": "0xee93e449a87e605492c7a6c99a6065e6ec6850a3ba11c38baaa515de10e16d37", "resolve_at_us": 1782125145000000}
2026-06-22 11:31:00.275312+00	order_placed	kalshi_scalp_exit_btc_15m_d3_v1	{"mode": "paper", "side": "yes", "fired": true, "status": "paper", "ticker": "KXBTC15M-26JUN220745-45", "offset_s": 60, "order_id": "paper-kalshi_scalp_exit_btc_15m_d3_v1-1782127860000000", "direction": "UP", "entry_ask": 0.49, "entry_vwap": "0.4899999999999999911182158028", "filled_count": 10}
2026-06-22 11:32:02.175855+00	resolve	kalshi_scalp_exit_btc_15m_d3_v1	{"mode": "paper", "shares": 10, "ticker": "KXBTC15M-26JUN220745-45", "direction": "UP", "exit_type": "scalp_time", "fill_vwap": 0.49000000000000005, "sell_vwap": 0.72, "realized_pnl": 2.2999999999999994, "suppress_settlement": true}
2026-06-22 11:50:05.003635+00	fire	shadow_scalp_exit_btc_5m_d3_v1	{"mode": "paper", "fired": true, "reason": "paper_fill", "fire_us": 1782129005000000, "direction": "DOWN", "stake_usd": "5", "entry_vwap": "0.6235894999406105254635690469"}
2026-06-22 11:51:00.00447+00	fire	poly_sniper_v5_eth_5m_l_ema50_hurst_grandparent_V10	{"mode": "paper", "fired": true, "reason": "paper_fill", "fire_us": 1782129060000000, "direction": "UP", "stake_usd": "5", "entry_vwap": "0.1400000000000000133226762955"}
2026-06-22 11:55:45.021678+00	resolve	poly_sniper_v5_eth_5m_l_ema50_hurst_grandparent_V10	{"won": false, "mode": "paper", "outcome": "down", "pnl_usd": -5.0, "direction": "UP", "stake_usd": "5", "entry_vwap": "0.1400000000000000133226762955", "event_type": "sleeve_fire_resolved", "slot_end_us": 1782129300000000, "condition_id": "0x6b5fd4b91f21ff2fa0e9b8b6ca70063f5994afd775aff34189d1399dac53e99f", "resolve_at_us": 1782129345000000}
2026-06-22 11:57:45.067379+00	resolve	shadow_scalp_exit_btc_5m_d3_v1	{"won": true, "mode": "paper", "outcome": "down", "pnl_usd": 3.0180952380952384, "direction": "DOWN", "stake_usd": "5", "entry_vwap": "0.6235894999406105254635690469", "event_type": "sleeve_fire_resolved", "slot_end_us": 1782129300000000, "condition_id": "0x0ec3e721379445c138d233e7804cc546a0569265c78ffa34c40d40d1faa5bad8", "resolve_at_us": 1782129345000000}
2026-06-22 12:00:05.004088+00	fire	shadow_scalp_exit_btc_5m_d3_v1	{"mode": "paper", "fired": true, "reason": "paper_fill", "fire_us": 1782129605000000, "direction": "UP", "stake_usd": "5", "entry_vwap": "0.6500000000000000222044604923"}
2026-06-22 12:06:45.03699+00	resolve	shadow_scalp_exit_btc_5m_d3_v1	{"won": true, "mode": "paper", "outcome": "up", "pnl_usd": 2.692307692307692, "direction": "UP", "stake_usd": "5", "entry_vwap": "0.6500000000000000222044604923", "event_type": "sleeve_fire_resolved", "slot_end_us": 1782129900000000, "condition_id": "0x1ecf0c085310fc1e1001aa42a6c8660140baa9508854ecbc30057505c5ed9e43", "resolve_at_us": 1782129945000000}
2026-06-22 12:15:05.004373+00	fire	shadow_scalp_exit_btc_5m_d3_v1	{"mode": "paper", "fired": true, "reason": "paper_fill", "fire_us": 1782130505000000, "direction": "DOWN", "stake_usd": "5", "entry_vwap": "0.6400000000000000133226762952"}
2026-06-22 12:22:15.046485+00	resolve	shadow_scalp_exit_btc_5m_d3_v1	{"won": true, "mode": "paper", "outcome": "down", "pnl_usd": 2.8125, "direction": "DOWN", "stake_usd": "5", "entry_vwap": "0.6400000000000000133226762952", "event_type": "sleeve_fire_resolved", "slot_end_us": 1782130800000000, "condition_id": "0xd89d4cb057d8aee2ed956e99ff6f0b72e0742ff2a30d1ae56042451603a03c64", "resolve_at_us": 1782130845000000}
2026-06-22 12:55:05.041973+00	fire	shadow_scalp_exit_btc_5m_d3_v1	{"mode": "paper", "fired": true, "reason": "paper_fill", "fire_us": 1782132905000000, "direction": "DOWN", "stake_usd": "5", "entry_vwap": "0.6400000000000000133226762952"}
2026-06-22 13:01:45.029678+00	resolve	shadow_scalp_exit_btc_5m_d3_v1	{"won": false, "mode": "paper", "outcome": "up", "pnl_usd": -5.0, "direction": "DOWN", "stake_usd": "5", "entry_vwap": "0.6400000000000000133226762952", "event_type": "sleeve_fire_resolved", "slot_end_us": 1782133200000000, "condition_id": "0x2bdefa75fb347e5c6d0977b4f0fc92ded653d8cf810c1a30f5810ad9e41e2372", "resolve_at_us": 1782133245000000}
2026-06-22 13:35:05.005694+00	fire	shadow_scalp_exit_btc_5m_d3_v1	{"mode": "paper", "fired": true, "reason": "paper_fill", "fire_us": 1782135305000000, "direction": "UP", "stake_usd": "5", "entry_vwap": "0.6199999999999999955591079013"}
2026-06-22 13:41:45.031248+00	resolve	shadow_scalp_exit_btc_5m_d3_v1	{"won": true, "mode": "paper", "outcome": "up", "pnl_usd": 3.064516129032258, "direction": "UP", "stake_usd": "5", "entry_vwap": "0.6199999999999999955591079013", "event_type": "sleeve_fire_resolved", "slot_end_us": 1782135600000000, "condition_id": "0xa641375007b428b86e299746f1191d0ba40cb2c8eb3ed16ac3c2631b0b796aea", "resolve_at_us": 1782135645000000}
2026-06-22 13:45:05.003819+00	fire	shadow_scalp_exit_btc_5m_d3_v1	{"mode": "paper", "fired": true, "reason": "paper_fill", "fire_us": 1782135905000000, "direction": "DOWN", "stake_usd": "5", "entry_vwap": "0.5999999999999999777955395073"}
2026-06-22 13:46:00.364753+00	order_placed	kalshi_scalp_exit_btc_15m_d3_v1	{"mode": "paper", "side": "yes", "fired": true, "status": "paper", "ticker": "KXBTC15M-26JUN221000-00", "offset_s": 60, "order_id": "paper-kalshi_scalp_exit_btc_15m_d3_v1-1782135960000000", "direction": "UP", "entry_ask": 0.53, "entry_vwap": "0.5300000000000000266453525908", "filled_count": 9}
2026-06-22 13:47:02.062776+00	resolve	kalshi_scalp_exit_btc_15m_d3_v1	{"mode": "paper", "shares": 9, "ticker": "KXBTC15M-26JUN221000-00", "direction": "UP", "exit_type": "scalp_time", "fill_vwap": 0.53, "sell_vwap": 0.58, "realized_pnl": 0.4499999999999994, "suppress_settlement": true}
2026-06-22 13:52:15.039675+00	resolve	shadow_scalp_exit_btc_5m_d3_v1	{"won": false, "mode": "paper", "outcome": "up", "pnl_usd": -5.0, "direction": "DOWN", "stake_usd": "5", "entry_vwap": "0.5999999999999999777955395073", "event_type": "sleeve_fire_resolved", "slot_end_us": 1782136200000000, "condition_id": "0xe2088d5da1b9844d6039b178d7b9c1910e6391cc915bd77792e55ded33a19a54", "resolve_at_us": 1782136245000000}
2026-06-22 13:55:05.004811+00	fire	shadow_scalp_exit_btc_5m_d3_v1	{"mode": "paper", "fired": true, "reason": "paper_fill", "fire_us": 1782136505000000, "direction": "DOWN", "stake_usd": "5", "entry_vwap": "0.5899999999999999689137553103"}
2026-06-22 14:02:15.035935+00	resolve	shadow_scalp_exit_btc_5m_d3_v1	{"won": false, "mode": "paper", "outcome": "up", "pnl_usd": -5.0, "direction": "DOWN", "stake_usd": "5", "entry_vwap": "0.5899999999999999689137553103", "event_type": "sleeve_fire_resolved", "slot_end_us": 1782136800000000, "condition_id": "0xb61a22a4e55a25683dee82157442b4030849fcfef46a844e1877a0853e2fc4f9", "resolve_at_us": 1782136845000000}
2026-06-22 14:10:05.004423+00	fire	shadow_scalp_exit_btc_5m_d3_v1	{"mode": "paper", "fired": true, "reason": "paper_fill", "fire_us": 1782137405000000, "direction": "UP", "stake_usd": "5", "entry_vwap": "0.6199999999999999955591079013"}
2026-06-22 14:16:45.03748+00	resolve	shadow_scalp_exit_btc_5m_d3_v1	{"won": false, "mode": "paper", "outcome": "down", "pnl_usd": -5.0, "direction": "UP", "stake_usd": "5", "entry_vwap": "0.6199999999999999955591079013", "event_type": "sleeve_fire_resolved", "slot_end_us": 1782137700000000, "condition_id": "0x26c2817b4a12d1b8f5d393d666a39a028adfb3baede74b4a4a235eda4145b6e5", "resolve_at_us": 1782137745000000}
2026-06-22 16:05:05.005676+00	fire	shadow_scalp_exit_btc_5m_d3_v1	{"mode": "paper", "fired": true, "reason": "paper_fill", "fire_us": 1782144305000000, "direction": "DOWN", "stake_usd": "5", "entry_vwap": "0.5999999999999999777955395073"}
2026-06-22 16:10:45.014022+00	resolve	shadow_scalp_exit_btc_5m_d3_v1	{"won": true, "mode": "paper", "outcome": "down", "pnl_usd": 3.333333333333334, "direction": "DOWN", "stake_usd": "5", "entry_vwap": "0.5999999999999999777955395073", "event_type": "sleeve_fire_resolved", "slot_end_us": 1782144600000000, "condition_id": "0xe77e1cdc66c2673c1ea629eabe73fecebfc2bed3aad56af97ac108b3e8278508", "resolve_at_us": 1782144645000000}
2026-06-22 16:40:00.004371+00	fire	poly_sniper_v5_btc_15m_ema50_ema800_off600_down	{"mode": "paper", "fired": true, "reason": "paper_fill", "fire_us": 1782146400000000, "direction": "DOWN", "stake_usd": "5", "entry_vwap": "0.7800000000000000266453525907"}
2026-06-22 16:40:00.106323+00	order_placed	kalshi_sniper_btc_15m_ema50_ema800_off600_down_H	{"mode": "paper", "side": "no", "fired": true, "status": "paper", "ticker": "KXBTC15M-26JUN221245-45", "offset_s": 600, "order_id": "paper-kalshi_sniper_btc_15m_ema50_ema800_off600_down_H-1782146400000000", "direction": "DOWN", "entry_ask": 0.87, "entry_vwap": "0.8700000000000001065814103637", "filled_count": 5}
2026-06-22 16:45:45.138775+00	resolve	kalshi_sniper_btc_15m_ema50_ema800_off600_down_H	{"won": true, "mode": "paper", "ticker": "KXBTC15M-26JUN221245-45", "outcome": "no", "pnl_usd": 0.7471264367816077, "direction": "DOWN", "stake_usd": "5", "entry_vwap": "0.8700000000000001065814103637", "event_type": "sleeve_fire_resolved", "resolve_at_us": 1782146745000000, "window_end_us": 1782146700000000}
2026-06-22 16:46:45.031116+00	resolve	poly_sniper_v5_btc_15m_ema50_ema800_off600_down	{"won": true, "mode": "paper", "outcome": "down", "pnl_usd": 1.41025641025641, "direction": "DOWN", "stake_usd": "5", "entry_vwap": "0.7800000000000000266453525907", "event_type": "sleeve_fire_resolved", "slot_end_us": 1782146700000000, "condition_id": "0x2c1427506c39245bfe722dbe7f4770d1c06d8eac457f15a7aa2881140789bd38", "resolve_at_us": 1782146745000000}
2026-06-22 17:25:00.005045+00	fire	poly_sniper_v5_btc_15m_ema50_ema800_off600_down	{"mode": "paper", "fired": true, "reason": "paper_fill", "fire_us": 1782149100000000, "direction": "DOWN", "stake_usd": "5", "entry_vwap": "0.9199999999999999289457264236"}
2026-06-22 17:30:05.008163+00	fire	shadow_scalp_exit_btc_5m_d3_v1	{"mode": "paper", "fired": true, "reason": "paper_fill", "fire_us": 1782149405000000, "direction": "DOWN", "stake_usd": "5", "entry_vwap": "0.6899999999999999467092948178"}
2026-06-22 17:31:45.033092+00	resolve	poly_sniper_v5_btc_15m_ema50_ema800_off600_down	{"won": true, "mode": "paper", "outcome": "down", "pnl_usd": 0.43478260869565255, "direction": "DOWN", "stake_usd": "5", "entry_vwap": "0.9199999999999999289457264236", "event_type": "sleeve_fire_resolved", "slot_end_us": 1782149400000000, "condition_id": "0x5eec554313b35415cda2db591873a5695c3602986dddf2f91e0c7cff7edc6b5a", "resolve_at_us": 1782149445000000}
2026-06-22 17:36:45.031572+00	resolve	shadow_scalp_exit_btc_5m_d3_v1	{"won": true, "mode": "paper", "outcome": "down", "pnl_usd": 2.2463768115942035, "direction": "DOWN", "stake_usd": "5", "entry_vwap": "0.6899999999999999467092948178", "event_type": "sleeve_fire_resolved", "slot_end_us": 1782149700000000, "condition_id": "0xb5f84cd34c8cf806ef2716eb3799a58101d0de103cd6da88e583fc08d589ae74", "resolve_at_us": 1782149745000000}
2026-06-22 17:40:00.004199+00	fire	poly_sniper_v5_btc_15m_ema50_ema800_off600_down	{"mode": "paper", "fired": true, "reason": "paper_fill", "fire_us": 1782150000000000, "direction": "DOWN", "stake_usd": "5", "entry_vwap": "0.8199999999999999511501869162"}
2026-06-22 17:40:00.361606+00	order_placed	kalshi_sniper_btc_15m_ema50_ema800_off600_down_H	{"mode": "paper", "side": "no", "fired": true, "status": "paper", "ticker": "KXBTC15M-26JUN221345-45", "offset_s": 600, "order_id": "paper-kalshi_sniper_btc_15m_ema50_ema800_off600_down_H-1782150000000000", "direction": "DOWN", "entry_ask": 0.91, "entry_vwap": "0.9100000000000000310862446891", "filled_count": 5}
2026-06-22 17:45:45.101106+00	resolve	kalshi_sniper_btc_15m_ema50_ema800_off600_down_H	{"won": true, "mode": "paper", "ticker": "KXBTC15M-26JUN221345-45", "outcome": "no", "pnl_usd": 0.49450549450549436, "direction": "DOWN", "stake_usd": "5", "entry_vwap": "0.9100000000000000310862446891", "event_type": "sleeve_fire_resolved", "resolve_at_us": 1782150345000000, "window_end_us": 1782150300000000}
2026-06-22 17:47:15.035947+00	resolve	poly_sniper_v5_btc_15m_ema50_ema800_off600_down	{"won": true, "mode": "paper", "outcome": "down", "pnl_usd": 1.0975609756097564, "direction": "DOWN", "stake_usd": "5", "entry_vwap": "0.8199999999999999511501869162", "event_type": "sleeve_fire_resolved", "slot_end_us": 1782150300000000, "condition_id": "0x074dd1913e3bfff2992c6e7bce7e87556832efd42f8f333f9bccdaa4a5ad0b32", "resolve_at_us": 1782150345000000}
2026-06-22 18:40:00.003497+00	fire	poly_sniper_v5_btc_15m_ema50_ema800_off600_down	{"mode": "paper", "fired": true, "reason": "paper_fill", "fire_us": 1782153600000000, "direction": "DOWN", "stake_usd": "5", "entry_vwap": "0.8499999999999999777955395072"}
2026-06-22 18:40:00.191016+00	order_placed	kalshi_sniper_btc_15m_ema50_ema800_off600_down_H	{"mode": "paper", "side": "no", "fired": true, "status": "paper", "ticker": "KXBTC15M-26JUN221445-45", "offset_s": 600, "order_id": "paper-kalshi_sniper_btc_15m_ema50_ema800_off600_down_H-1782153600000000", "direction": "DOWN", "entry_ask": 0.86, "entry_vwap": "0.8600000000000000976996261666", "filled_count": 5}
2026-06-22 18:45:45.102071+00	resolve	kalshi_sniper_btc_15m_ema50_ema800_off600_down_H	{"won": true, "mode": "paper", "ticker": "KXBTC15M-26JUN221445-45", "outcome": "no", "pnl_usd": 0.8139534883720917, "direction": "DOWN", "stake_usd": "5", "entry_vwap": "0.8600000000000000976996261666", "event_type": "sleeve_fire_resolved", "resolve_at_us": 1782153945000000, "window_end_us": 1782153900000000}
2026-06-22 18:47:15.036943+00	resolve	poly_sniper_v5_btc_15m_ema50_ema800_off600_down	{"won": true, "mode": "paper", "outcome": "down", "pnl_usd": 0.8823529411764708, "direction": "DOWN", "stake_usd": "5", "entry_vwap": "0.8499999999999999777955395072", "event_type": "sleeve_fire_resolved", "slot_end_us": 1782153900000000, "condition_id": "0x52bac3743dbe37012eb68db3ae28244e7434f1df9e637977c1b893b25010bbe3", "resolve_at_us": 1782153945000000}
2026-06-22 18:55:00.004973+00	fire	poly_sniper_v5_btc_15m_ema50_ema800_off600_down	{"mode": "paper", "fired": true, "reason": "paper_fill", "fire_us": 1782154500000000, "direction": "DOWN", "stake_usd": "5", "entry_vwap": "0.9599999999999998534505607490"}
2026-06-22 19:00:45.010192+00	resolve	poly_sniper_v5_btc_15m_ema50_ema800_off600_down	{"won": true, "mode": "paper", "outcome": "down", "pnl_usd": 0.20833333333333354, "direction": "DOWN", "stake_usd": "5", "entry_vwap": "0.9599999999999998534505607490", "event_type": "sleeve_fire_resolved", "slot_end_us": 1782154800000000, "condition_id": "0x509166c721d1ad4b3b1b77ba39f0d1fa6dc6aaa4bb36e6fe908df8cacdab90a0", "resolve_at_us": 1782154845000000}
2026-06-22 19:10:00.003261+00	fire	poly_sniper_v5_btc_15m_ema50_ema800_off600_down	{"mode": "paper", "fired": true, "reason": "paper_fill", "fire_us": 1782155400000000, "direction": "DOWN", "stake_usd": "5", "entry_vwap": "0.5300000000000000266453525908"}
2026-06-22 19:10:00.191054+00	order_placed	kalshi_sniper_btc_15m_ema50_ema800_off600_down_H	{"mode": "paper", "side": "no", "fired": true, "status": "paper", "ticker": "KXBTC15M-26JUN221515-15", "offset_s": 600, "order_id": "paper-kalshi_sniper_btc_15m_ema50_ema800_off600_down_H-1782155400000000", "direction": "DOWN", "entry_ask": 0.74, "entry_vwap": "0.7399999999999999911182158027", "filled_count": 6}
2026-06-22 19:15:45.009519+00	resolve	poly_sniper_v5_btc_15m_ema50_ema800_off600_down	{"won": false, "mode": "paper", "outcome": "up", "pnl_usd": -5.0, "direction": "DOWN", "stake_usd": "5", "entry_vwap": "0.5300000000000000266453525908", "event_type": "sleeve_fire_resolved", "slot_end_us": 1782155700000000, "condition_id": "0x8b8d95d5c8601813eb91a3e0088e6a3b35ba6b888dc66726703b02e7a3ceaf21", "resolve_at_us": 1782155745000000}
2026-06-22 19:15:45.103369+00	resolve	kalshi_sniper_btc_15m_ema50_ema800_off600_down_H	{"won": false, "mode": "paper", "ticker": "KXBTC15M-26JUN221515-15", "outcome": "yes", "pnl_usd": -5.0, "direction": "DOWN", "stake_usd": "5", "entry_vwap": "0.7399999999999999911182158027", "event_type": "sleeve_fire_resolved", "resolve_at_us": 1782155745000000, "window_end_us": 1782155700000000}
2026-06-22 19:25:00.004438+00	fire	poly_sniper_v5_btc_15m_ema50_ema800_off600_down	{"mode": "paper", "fired": true, "reason": "paper_fill", "fire_us": 1782156300000000, "direction": "DOWN", "stake_usd": "5", "entry_vwap": "0.6899999999999999467092948178"}
2026-06-22 19:25:00.193844+00	order_placed	kalshi_sniper_btc_15m_ema50_ema800_off600_down_H	{"mode": "paper", "side": "no", "fired": true, "status": "paper", "ticker": "KXBTC15M-26JUN221530-30", "offset_s": 600, "order_id": "paper-kalshi_sniper_btc_15m_ema50_ema800_off600_down_H-1782156300000000", "direction": "DOWN", "entry_ask": 0.64, "entry_vwap": "0.6400000000000000133226762952", "filled_count": 7}
2026-06-22 19:30:45.097063+00	resolve	kalshi_sniper_btc_15m_ema50_ema800_off600_down_H	{"won": true, "mode": "paper", "ticker": "KXBTC15M-26JUN221530-30", "outcome": "no", "pnl_usd": 2.8125, "direction": "DOWN", "stake_usd": "5", "entry_vwap": "0.6400000000000000133226762952", "event_type": "sleeve_fire_resolved", "resolve_at_us": 1782156645000000, "window_end_us": 1782156600000000}
2026-06-22 19:33:45.064107+00	resolve	poly_sniper_v5_btc_15m_ema50_ema800_off600_down	{"won": true, "mode": "paper", "outcome": "down", "pnl_usd": 2.2463768115942035, "direction": "DOWN", "stake_usd": "5", "entry_vwap": "0.6899999999999999467092948178", "event_type": "sleeve_fire_resolved", "slot_end_us": 1782156600000000, "condition_id": "0xdb5e17be71ac311034c5bef1d31f68233068d3611f2503b01fa99306941b284b", "resolve_at_us": 1782156645000000}
2026-06-22 20:25:00.003704+00	fire	poly_sniper_v5_btc_15m_ema50_ema800_off600_down	{"mode": "paper", "fired": true, "reason": "paper_fill", "fire_us": 1782159900000000, "direction": "DOWN", "stake_usd": "5", "entry_vwap": "0.9699999999999999733546474086"}
2026-06-22 20:30:45.040896+00	resolve	poly_sniper_v5_btc_15m_ema50_ema800_off600_down	{"won": true, "mode": "paper", "outcome": "down", "pnl_usd": 0.15463917525773152, "direction": "DOWN", "stake_usd": "5", "entry_vwap": "0.9699999999999999733546474086", "event_type": "sleeve_fire_resolved", "slot_end_us": 1782160200000000, "condition_id": "0xa6645988c84bcc0a0c3b719905d00b6d104eb23465a17ff0b22075dd6265d7f1", "resolve_at_us": 1782160245000000}
2026-06-22 20:55:00.003924+00	fire	poly_sniper_v5_btc_15m_ema50_ema800_off600_down	{"mode": "paper", "fired": true, "reason": "paper_fill", "fire_us": 1782161700000000, "direction": "DOWN", "stake_usd": "5", "entry_vwap": "0.9000000000000000222044604922"}
2026-06-22 21:00:45.013838+00	resolve	poly_sniper_v5_btc_15m_ema50_ema800_off600_down	{"won": true, "mode": "paper", "outcome": "down", "pnl_usd": 0.5555555555555554, "direction": "DOWN", "stake_usd": "5", "entry_vwap": "0.9000000000000000222044604922", "event_type": "sleeve_fire_resolved", "slot_end_us": 1782162000000000, "condition_id": "0xcd8ee07db77bb88d929a6e3f60fb0b1c9d9213b5f4940966f5a2852f9224a000", "resolve_at_us": 1782162045000000}
2026-06-22 21:10:00.007871+00	fire	poly_sniper_v5_btc_15m_ema50_ema800_off600_down	{"mode": "paper", "fired": true, "reason": "paper_fill", "fire_us": 1782162600000000, "direction": "DOWN", "stake_usd": "5", "entry_vwap": "0.8299999999999999600319711132"}
2026-06-22 21:10:00.2028+00	order_placed	kalshi_sniper_btc_15m_ema50_ema800_off600_down_H	{"mode": "paper", "side": "no", "fired": true, "status": "paper", "ticker": "KXBTC15M-26JUN221715-15", "offset_s": 600, "order_id": "paper-kalshi_sniper_btc_15m_ema50_ema800_off600_down_H-1782162600000000", "direction": "DOWN", "entry_ask": 0.923, "entry_vwap": "0.9230000000000000426325641453", "filled_count": 5}
2026-06-22 21:15:45.097823+00	resolve	kalshi_sniper_btc_15m_ema50_ema800_off600_down_H	{"won": true, "mode": "paper", "ticker": "KXBTC15M-26JUN221715-15", "outcome": "no", "pnl_usd": 0.417118093174431, "direction": "DOWN", "stake_usd": "5", "entry_vwap": "0.9230000000000000426325641453", "event_type": "sleeve_fire_resolved", "resolve_at_us": 1782162945000000, "window_end_us": 1782162900000000}
2026-06-22 21:16:15.033747+00	resolve	poly_sniper_v5_btc_15m_ema50_ema800_off600_down	{"won": true, "mode": "paper", "outcome": "down", "pnl_usd": 1.024096385542169, "direction": "DOWN", "stake_usd": "5", "entry_vwap": "0.8299999999999999600319711132", "event_type": "sleeve_fire_resolved", "slot_end_us": 1782162900000000, "condition_id": "0xd8fae0a2c3dbd6418b3eb6c4188241a661a0cb70ab306b35f63173c9b1924835", "resolve_at_us": 1782162945000000}
2026-06-22 21:25:00.003757+00	fire	poly_sniper_v5_btc_15m_ema50_ema800_off600_down	{"mode": "paper", "fired": true, "reason": "paper_fill", "fire_us": 1782163500000000, "direction": "DOWN", "stake_usd": "5", "entry_vwap": "0.9920000000000001039168751045"}
2026-06-22 21:30:45.012788+00	resolve	poly_sniper_v5_btc_15m_ema50_ema800_off600_down	{"won": true, "mode": "paper", "outcome": "down", "pnl_usd": 0.0403225806451602, "direction": "DOWN", "stake_usd": "5", "entry_vwap": "0.9920000000000001039168751045", "event_type": "sleeve_fire_resolved", "slot_end_us": 1782163800000000, "condition_id": "0x5a94996e092ef5b798b45211e6ac36c5241756224b336e422c2f6ded1c76610a", "resolve_at_us": 1782163845000000}
2026-06-22 21:40:00.006198+00	fire	poly_sniper_v5_btc_15m_ema50_ema800_off600_down	{"mode": "paper", "fired": true, "reason": "paper_fill", "fire_us": 1782164400000000, "direction": "DOWN", "stake_usd": "5", "entry_vwap": "0.9699999999999999733546474086"}
2026-06-22 21:46:45.03305+00	resolve	poly_sniper_v5_btc_15m_ema50_ema800_off600_down	{"won": true, "mode": "paper", "outcome": "down", "pnl_usd": 0.15463917525773152, "direction": "DOWN", "stake_usd": "5", "entry_vwap": "0.9699999999999999733546474086", "event_type": "sleeve_fire_resolved", "slot_end_us": 1782164700000000, "condition_id": "0x09d71081716384ac2a294dd0af254493c22df74d4aa26be95005bf52dd682d74", "resolve_at_us": 1782164745000000}
2026-06-22 21:55:00.00439+00	fire	poly_sniper_v5_btc_15m_ema50_ema800_off600_down	{"mode": "paper", "fired": true, "reason": "paper_fill", "fire_us": 1782165300000000, "direction": "DOWN", "stake_usd": "5", "entry_vwap": "0.0700000000000000066613381477"}
2026-06-22 22:02:15.038635+00	resolve	poly_sniper_v5_btc_15m_ema50_ema800_off600_down	{"won": false, "mode": "paper", "outcome": "up", "pnl_usd": -5.0, "direction": "DOWN", "stake_usd": "5", "entry_vwap": "0.0700000000000000066613381477", "event_type": "sleeve_fire_resolved", "slot_end_us": 1782165600000000, "condition_id": "0x9d2b2c0b46cd6901329d0332b4cc2c42da9710a2deb1ca7b000d74aeca455ebf", "resolve_at_us": 1782165645000000}
2026-06-22 22:10:00.003628+00	fire	poly_sniper_v5_btc_15m_ema50_ema800_off600_down	{"mode": "paper", "fired": true, "reason": "paper_fill", "fire_us": 1782166200000000, "direction": "DOWN", "stake_usd": "5", "entry_vwap": "0.2899999999999999800159855566"}
2026-06-22 22:10:00.111784+00	order_placed	kalshi_sniper_btc_15m_ema50_ema800_off600_down_H	{"mode": "paper", "side": "no", "fired": true, "status": "paper", "ticker": "KXBTC15M-26JUN221815-15", "offset_s": 600, "order_id": "paper-kalshi_sniper_btc_15m_ema50_ema800_off600_down_H-1782166200000000", "direction": "DOWN", "entry_ask": 0.19999999999999996, "entry_vwap": "0.1999999999999999555910790149", "filled_count": 25}
2026-06-22 22:15:45.101696+00	resolve	kalshi_sniper_btc_15m_ema50_ema800_off600_down_H	{"won": false, "mode": "paper", "ticker": "KXBTC15M-26JUN221815-15", "outcome": "yes", "pnl_usd": -5.0, "direction": "DOWN", "stake_usd": "5", "entry_vwap": "0.1999999999999999555910790149", "event_type": "sleeve_fire_resolved", "resolve_at_us": 1782166545000000, "window_end_us": 1782166500000000}
2026-06-22 22:17:15.037763+00	resolve	poly_sniper_v5_btc_15m_ema50_ema800_off600_down	{"won": true, "mode": "paper", "outcome": "down", "pnl_usd": 12.241379310344827, "direction": "DOWN", "stake_usd": "5", "entry_vwap": "0.2899999999999999800159855566", "event_type": "sleeve_fire_resolved", "slot_end_us": 1782166500000000, "condition_id": "0x9cbbe88a93d65fa8035e8ad62bbfa2851cedb0e8b48461b85ad5124e8db0b386", "resolve_at_us": 1782166545000000}
2026-06-22 22:25:00.004882+00	fire	poly_sniper_v5_btc_15m_ema50_ema800_off600_down	{"mode": "paper", "fired": true, "reason": "paper_fill", "fire_us": 1782167100000000, "direction": "DOWN", "stake_usd": "5", "entry_vwap": "0.8700000000000001065814103637"}
2026-06-22 22:30:05.00671+00	fire	shadow_scalp_exit_btc_5m_d3_v1	{"mode": "paper", "fired": true, "reason": "paper_fill", "fire_us": 1782167405000000, "direction": "DOWN", "stake_usd": "5", "entry_vwap": "0.5699999999999999511501869163"}
2026-06-22 22:31:15.019324+00	resolve	poly_sniper_v5_btc_15m_ema50_ema800_off600_down	{"won": true, "mode": "paper", "outcome": "down", "pnl_usd": 0.7471264367816077, "direction": "DOWN", "stake_usd": "5", "entry_vwap": "0.8700000000000001065814103637", "event_type": "sleeve_fire_resolved", "slot_end_us": 1782167400000000, "condition_id": "0x169de92a84ff284640fd752d0bada8074622bf914a890c3c7307430fa123f237", "resolve_at_us": 1782167445000000}
2026-06-22 22:37:45.060902+00	resolve	shadow_scalp_exit_btc_5m_d3_v1	{"won": false, "mode": "paper", "outcome": "up", "pnl_usd": -5.0, "direction": "DOWN", "stake_usd": "5", "entry_vwap": "0.5699999999999999511501869163", "event_type": "sleeve_fire_resolved", "slot_end_us": 1782167700000000, "condition_id": "0x7a0572667559277b33fdf8e7c06cbe8280be840c82186d4037afcee658c7a070", "resolve_at_us": 1782167745000000}
2026-06-22 22:40:00.004065+00	fire	poly_sniper_v5_btc_15m_ema50_ema800_off600_down	{"mode": "paper", "fired": true, "reason": "paper_fill", "fire_us": 1782168000000000, "direction": "DOWN", "stake_usd": "5", "entry_vwap": "0.9199999999999999289457264236"}
2026-06-22 22:40:05.008513+00	fire	shadow_scalp_exit_btc_5m_d3_v1	{"mode": "paper", "fired": true, "reason": "paper_fill", "fire_us": 1782168005000000, "direction": "UP", "stake_usd": "5", "entry_vwap": "0.6199999999999999955591079013"}
2026-06-22 22:46:45.02774+00	resolve	poly_sniper_v5_btc_15m_ema50_ema800_off600_down	{"won": true, "mode": "paper", "outcome": "down", "pnl_usd": 0.43478260869565255, "direction": "DOWN", "stake_usd": "5", "entry_vwap": "0.9199999999999999289457264236", "event_type": "sleeve_fire_resolved", "slot_end_us": 1782168300000000, "condition_id": "0x5a985604ac44d0741ce2ab5552ae81ddd8d80366729c21caf52c49aaa402873b", "resolve_at_us": 1782168345000000}
2026-06-22 22:48:15.059975+00	resolve	shadow_scalp_exit_btc_5m_d3_v1	{"won": false, "mode": "paper", "outcome": "down", "pnl_usd": -5.0, "direction": "UP", "stake_usd": "5", "entry_vwap": "0.6199999999999999955591079013", "event_type": "sleeve_fire_resolved", "slot_end_us": 1782168300000000, "condition_id": "0x030249ad649b49cc7aa8e149cb506815d7e1821cde20010c1a1e8873cf83aa29", "resolve_at_us": 1782168345000000}
2026-06-22 22:55:00.008525+00	fire	poly_sniper_v5_btc_15m_ema50_ema800_off600_down	{"mode": "paper", "fired": true, "reason": "paper_fill", "fire_us": 1782168900000000, "direction": "DOWN", "stake_usd": "5", "entry_vwap": "0.0310077519379844956937120060"}
2026-06-22 23:00:05.005856+00	fire	shadow_scalp_exit_btc_5m_d3_v1	{"mode": "paper", "fired": true, "reason": "paper_fill", "fire_us": 1782169205000000, "direction": "DOWN", "stake_usd": "5", "entry_vwap": "0.7700000000000000177635683938"}
2026-06-22 23:00:45.009436+00	resolve	poly_sniper_v5_btc_15m_ema50_ema800_off600_down	{"won": false, "mode": "paper", "outcome": "up", "pnl_usd": -5.0, "direction": "DOWN", "stake_usd": "5", "entry_vwap": "0.0310077519379844956937120060", "event_type": "sleeve_fire_resolved", "slot_end_us": 1782169200000000, "condition_id": "0xbc0516d827254595e3778a15990073fec0d90c63de98f48f6a79017a9804d3b9", "resolve_at_us": 1782169245000000}
2026-06-22 23:05:05.005918+00	fire	shadow_scalp_exit_btc_5m_d3_v1	{"mode": "paper", "fired": true, "reason": "paper_fill", "fire_us": 1782169505000000, "direction": "DOWN", "stake_usd": "5", "entry_vwap": "0.6999999999999999555910790147"}
2026-06-22 23:06:45.02776+00	resolve	shadow_scalp_exit_btc_5m_d3_v1	{"won": false, "mode": "paper", "outcome": "up", "pnl_usd": -5.0, "direction": "DOWN", "stake_usd": "5", "entry_vwap": "0.7700000000000000177635683938", "event_type": "sleeve_fire_resolved", "slot_end_us": 1782169500000000, "condition_id": "0x9847d7875a328288bc7f5e30c28a353094e5b51d81c32d7db7f167ad9cc99688", "resolve_at_us": 1782169545000000}
2026-06-22 23:10:00.004118+00	fire	poly_sniper_v5_btc_15m_ema50_ema800_off600_down	{"mode": "paper", "fired": true, "reason": "paper_fill", "fire_us": 1782169800000000, "direction": "DOWN", "stake_usd": "5", "entry_vwap": "0.2999999999999999888977697536"}
2026-06-22 23:10:00.115761+00	order_placed	kalshi_sniper_btc_15m_ema50_ema800_off600_down_H	{"mode": "paper", "side": "no", "fired": true, "status": "paper", "ticker": "KXBTC15M-26JUN221915-15", "offset_s": 600, "order_id": "paper-kalshi_sniper_btc_15m_ema50_ema800_off600_down_H-1782169800000000", "direction": "DOWN", "entry_ask": 0.29000000000000004, "entry_vwap": "0.2900000000000000355271367879", "filled_count": 17}
2026-06-22 23:11:15.018709+00	resolve	shadow_scalp_exit_btc_5m_d3_v1	{"won": false, "mode": "paper", "outcome": "up", "pnl_usd": -5.0, "direction": "DOWN", "stake_usd": "5", "entry_vwap": "0.6999999999999999555910790147", "event_type": "sleeve_fire_resolved", "slot_end_us": 1782169800000000, "condition_id": "0xabf8d4e9398661ba9f9a2c9b2b1fb7e7f126f5ac4d879be3cab5f6f80c92efdb", "resolve_at_us": 1782169845000000}
2026-06-22 23:15:45.010415+00	resolve	poly_sniper_v5_btc_15m_ema50_ema800_off600_down	{"won": true, "mode": "paper", "outcome": "down", "pnl_usd": 11.666666666666666, "direction": "DOWN", "stake_usd": "5", "entry_vwap": "0.2999999999999999888977697536", "event_type": "sleeve_fire_resolved", "slot_end_us": 1782170100000000, "condition_id": "0x4cfad217a6e2fab28fb9db084b8b2e7d261800fade7c6970146447a90a1d0b7f", "resolve_at_us": 1782170145000000}
2026-06-22 23:15:45.099736+00	resolve	kalshi_sniper_btc_15m_ema50_ema800_off600_down_H	{"won": false, "mode": "paper", "ticker": "KXBTC15M-26JUN221915-15", "outcome": "yes", "pnl_usd": -5.0, "direction": "DOWN", "stake_usd": "5", "entry_vwap": "0.2900000000000000355271367879", "event_type": "sleeve_fire_resolved", "resolve_at_us": 1782170145000000, "window_end_us": 1782170100000000}
2026-06-22 23:40:00.004915+00	fire	poly_sniper_v5_btc_15m_ema50_ema800_off600_down	{"mode": "paper", "fired": true, "reason": "paper_fill", "fire_us": 1782171600000000, "direction": "DOWN", "stake_usd": "5", "entry_vwap": "0.6600000000000000310862446891"}
2026-06-22 23:40:00.107829+00	order_placed	kalshi_sniper_btc_15m_ema50_ema800_off600_down_H	{"mode": "paper", "side": "no", "fired": true, "status": "paper", "ticker": "KXBTC15M-26JUN221945-45", "offset_s": 600, "order_id": "paper-kalshi_sniper_btc_15m_ema50_ema800_off600_down_H-1782171600000000", "direction": "DOWN", "entry_ask": 0.72, "entry_vwap": "0.7199999999999999733546474088", "filled_count": 6}
2026-06-22 23:45:45.111271+00	resolve	kalshi_sniper_btc_15m_ema50_ema800_off600_down_H	{"won": true, "mode": "paper", "ticker": "KXBTC15M-26JUN221945-45", "outcome": "no", "pnl_usd": 1.9444444444444446, "direction": "DOWN", "stake_usd": "5", "entry_vwap": "0.7199999999999999733546474088", "event_type": "sleeve_fire_resolved", "resolve_at_us": 1782171945000000, "window_end_us": 1782171900000000}
2026-06-22 23:48:15.07692+00	resolve	poly_sniper_v5_btc_15m_ema50_ema800_off600_down	{"won": true, "mode": "paper", "outcome": "down", "pnl_usd": 2.5757575757575744, "direction": "DOWN", "stake_usd": "5", "entry_vwap": "0.6600000000000000310862446891", "event_type": "sleeve_fire_resolved", "slot_end_us": 1782171900000000, "condition_id": "0x557a62bab11139bd41476036e6dbde60d54d34272e245244ffb3dcb711b81285", "resolve_at_us": 1782171945000000}
2026-06-23 00:00:05.007319+00	fire	shadow_scalp_exit_btc_5m_d3_v1	{"mode": "paper", "fired": true, "reason": "paper_fill", "fire_us": 1782172805000000, "direction": "DOWN", "stake_usd": "5", "entry_vwap": "0.6500000000000000222044604923"}
2026-06-23 00:09:15.200862+00	resolve	shadow_scalp_exit_btc_5m_d3_v1	{"won": false, "mode": "paper", "outcome": "up", "pnl_usd": -5.0, "direction": "DOWN", "stake_usd": "5", "entry_vwap": "0.6500000000000000222044604923", "event_type": "sleeve_fire_resolved", "slot_end_us": 1782173100000000, "condition_id": "0x3273eb13ead0cb6adf50c0e426b9902b5772599223ef39542fbdd33ade105f67", "resolve_at_us": 1782173145000000}
2026-06-23 00:10:00.004041+00	fire	poly_sniper_v5_btc_15m_ema50_ema800_off600_down	{"mode": "paper", "fired": true, "reason": "paper_fill", "fire_us": 1782173400000000, "direction": "DOWN", "stake_usd": "5", "entry_vwap": "0.9199999999999999289457264236"}
2026-06-23 00:15:45.010252+00	resolve	poly_sniper_v5_btc_15m_ema50_ema800_off600_down	{"won": true, "mode": "paper", "outcome": "down", "pnl_usd": 0.43478260869565255, "direction": "DOWN", "stake_usd": "5", "entry_vwap": "0.9199999999999999289457264236", "event_type": "sleeve_fire_resolved", "slot_end_us": 1782173700000000, "condition_id": "0xef4b6e19bfa1c7f8d886de02ce4dde52cbc80053478ab113020f22b48cee7b7e", "resolve_at_us": 1782173745000000}
2026-06-23 00:25:00.005357+00	fire	poly_sniper_v5_btc_15m_ema50_ema800_off600_down	{"mode": "paper", "fired": true, "reason": "paper_fill", "fire_us": 1782174300000000, "direction": "DOWN", "stake_usd": "5", "entry_vwap": "0.9400000000000000577315972801"}
2026-06-23 00:25:00.192966+00	order_placed	kalshi_sniper_btc_15m_ema50_ema800_off600_down_H	{"mode": "paper", "side": "no", "fired": true, "status": "paper", "ticker": "KXBTC15M-26JUN222030-30", "offset_s": 600, "order_id": "paper-kalshi_sniper_btc_15m_ema50_ema800_off600_down_H-1782174300000000", "direction": "DOWN", "entry_ask": 0.911, "entry_vwap": "0.9110000000000000319744231089", "filled_count": 5}
2026-06-23 00:30:45.018971+00	resolve	poly_sniper_v5_btc_15m_ema50_ema800_off600_down	{"won": true, "mode": "paper", "outcome": "down", "pnl_usd": 0.31914893617021245, "direction": "DOWN", "stake_usd": "5", "entry_vwap": "0.9400000000000000577315972801", "event_type": "sleeve_fire_resolved", "slot_end_us": 1782174600000000, "condition_id": "0x9ac5d19e95d0db1911335a6580ae7af85219d51ddcada66ce4aa6e51b1cb488f", "resolve_at_us": 1782174645000000}
2026-06-23 00:30:45.112385+00	resolve	kalshi_sniper_btc_15m_ema50_ema800_off600_down_H	{"won": true, "mode": "paper", "ticker": "KXBTC15M-26JUN222030-30", "outcome": "no", "pnl_usd": 0.4884742041712395, "direction": "DOWN", "stake_usd": "5", "entry_vwap": "0.9110000000000000319744231089", "event_type": "sleeve_fire_resolved", "resolve_at_us": 1782174645000000, "window_end_us": 1782174600000000}
2026-06-23 00:50:05.007345+00	fire	shadow_scalp_exit_btc_5m_d3_v1	{"mode": "paper", "fired": true, "reason": "paper_fill", "fire_us": 1782175805000000, "direction": "DOWN", "stake_usd": "5", "entry_vwap": "0.6300000000000000044408920983"}
2026-06-23 00:56:45.038482+00	resolve	shadow_scalp_exit_btc_5m_d3_v1	{"won": true, "mode": "paper", "outcome": "down", "pnl_usd": 2.9365079365079367, "direction": "DOWN", "stake_usd": "5", "entry_vwap": "0.6300000000000000044408920983", "event_type": "sleeve_fire_resolved", "slot_end_us": 1782176100000000, "condition_id": "0x0fccb79b99feca4fc1aa6b018333d485a8d6dadb11e48e523333c84f1f7b0132", "resolve_at_us": 1782176145000000}
2026-06-23 01:10:05.004676+00	fire	shadow_scalp_exit_btc_5m_d3_v1	{"mode": "paper", "fired": true, "reason": "paper_fill", "fire_us": 1782177005000000, "direction": "UP", "stake_usd": "5", "entry_vwap": "0.6400000000000000133226762952"}
2026-06-23 01:16:45.045502+00	resolve	shadow_scalp_exit_btc_5m_d3_v1	{"won": true, "mode": "paper", "outcome": "up", "pnl_usd": 2.8125, "direction": "UP", "stake_usd": "5", "entry_vwap": "0.6400000000000000133226762952", "event_type": "sleeve_fire_resolved", "slot_end_us": 1782177300000000, "condition_id": "0xe383431f62ba0ce30bd397b04b136b3f86d3244ae7328bd7b84fb8c47c8038da", "resolve_at_us": 1782177345000000}
2026-06-23 01:35:05.004927+00	fire	shadow_scalp_exit_btc_5m_d3_v1	{"mode": "paper", "fired": true, "reason": "paper_fill", "fire_us": 1782178505000000, "direction": "DOWN", "stake_usd": "5", "entry_vwap": "0.6500000000000000222044604923"}
2026-06-23 01:40:00.004447+00	fire	poly_sniper_v5_btc_15m_ema50_ema800_off600_down	{"mode": "paper", "fired": true, "reason": "paper_fill", "fire_us": 1782178800000000, "direction": "DOWN", "stake_usd": "5", "entry_vwap": "0.9890000000000001012523398454"}
2026-06-23 01:41:15.017344+00	resolve	shadow_scalp_exit_btc_5m_d3_v1	{"won": true, "mode": "paper", "outcome": "down", "pnl_usd": 2.692307692307692, "direction": "DOWN", "stake_usd": "5", "entry_vwap": "0.6500000000000000222044604923", "event_type": "sleeve_fire_resolved", "slot_end_us": 1782178800000000, "condition_id": "0xc92e91cf63536dde5ca866dbd24ae3cb2ddc1ab868b062009b5985c64f86dbf8", "resolve_at_us": 1782178845000000}
2026-06-23 01:47:45.05408+00	resolve	poly_sniper_v5_btc_15m_ema50_ema800_off600_down	{"won": true, "mode": "paper", "outcome": "down", "pnl_usd": 0.05561172901921081, "direction": "DOWN", "stake_usd": "5", "entry_vwap": "0.9890000000000001012523398454", "event_type": "sleeve_fire_resolved", "slot_end_us": 1782179100000000, "condition_id": "0x8f449b2842d3547952f3cdd75e50dec483d0befb8595f3557f2a110b79c521ae", "resolve_at_us": 1782179145000000}
2026-06-23 01:55:00.004345+00	fire	poly_sniper_v5_btc_15m_ema50_ema800_off600_down	{"mode": "paper", "fired": true, "reason": "paper_fill", "fire_us": 1782179700000000, "direction": "DOWN", "stake_usd": "5", "entry_vwap": "0.2399999999999999633626401873"}
2026-06-23 01:55:00.132261+00	order_placed	kalshi_sniper_btc_15m_ema50_ema800_off600_down_H	{"mode": "paper", "side": "no", "fired": true, "status": "paper", "ticker": "KXBTC15M-26JUN222200-00", "offset_s": 600, "order_id": "paper-kalshi_sniper_btc_15m_ema50_ema800_off600_down_H-1782179700000000", "direction": "DOWN", "entry_ask": 0.33999999999999997, "entry_vwap": "0.3399999999999999689137553104", "filled_count": 14}
2026-06-23 02:00:45.009223+00	resolve	poly_sniper_v5_btc_15m_ema50_ema800_off600_down	{"won": false, "mode": "paper", "outcome": "up", "pnl_usd": -5.0, "direction": "DOWN", "stake_usd": "5", "entry_vwap": "0.2399999999999999633626401873", "event_type": "sleeve_fire_resolved", "slot_end_us": 1782180000000000, "condition_id": "0x9d3520349acca710d897158b11f36d82c6a76c2f35c93c0c87e1746889860653", "resolve_at_us": 1782180045000000}
2026-06-23 02:00:45.100092+00	resolve	kalshi_sniper_btc_15m_ema50_ema800_off600_down_H	{"won": false, "mode": "paper", "ticker": "KXBTC15M-26JUN222200-00", "outcome": "yes", "pnl_usd": -5.0, "direction": "DOWN", "stake_usd": "5", "entry_vwap": "0.3399999999999999689137553104", "event_type": "sleeve_fire_resolved", "resolve_at_us": 1782180045000000, "window_end_us": 1782180000000000}
2026-06-23 02:10:00.003861+00	fire	poly_sniper_v5_btc_15m_ema50_ema800_off600_down	{"mode": "paper", "fired": true, "reason": "paper_fill", "fire_us": 1782180600000000, "direction": "DOWN", "stake_usd": "5", "entry_vwap": "0.8900000000000001243449787578"}
2026-06-23 02:15:45.010281+00	resolve	poly_sniper_v5_btc_15m_ema50_ema800_off600_down	{"won": true, "mode": "paper", "outcome": "down", "pnl_usd": 0.6179775280898869, "direction": "DOWN", "stake_usd": "5", "entry_vwap": "0.8900000000000001243449787578", "event_type": "sleeve_fire_resolved", "slot_end_us": 1782180900000000, "condition_id": "0x90ab500773cefa8aa0cd600681b5947a235f64128a310e5d080ba55a31920557", "resolve_at_us": 1782180945000000}
2026-06-23 02:45:05.007691+00	fire	shadow_scalp_exit_btc_5m_d3_v1	{"mode": "paper", "fired": true, "reason": "paper_fill", "fire_us": 1782182705000000, "direction": "DOWN", "stake_usd": "5", "entry_vwap": "0.75"}
2026-06-23 02:52:15.055415+00	resolve	shadow_scalp_exit_btc_5m_d3_v1	{"won": true, "mode": "paper", "outcome": "down", "pnl_usd": 1.6666666666666667, "direction": "DOWN", "stake_usd": "5", "entry_vwap": "0.75", "event_type": "sleeve_fire_resolved", "slot_end_us": 1782183000000000, "condition_id": "0x0e782c05e9c0f5c48861ffc3ae99dece393f5d478ba7da086e998e1ff2684e33", "resolve_at_us": 1782183045000000}
2026-06-23 03:10:00.003866+00	fire	poly_sniper_v5_btc_15m_ema50_ema800_off600_down	{"mode": "paper", "fired": true, "reason": "paper_fill", "fire_us": 1782184200000000, "direction": "DOWN", "stake_usd": "5", "entry_vwap": "0.9959999999999999964472863207"}
2026-06-23 03:15:45.009109+00	resolve	poly_sniper_v5_btc_15m_ema50_ema800_off600_down	{"won": true, "mode": "paper", "outcome": "down", "pnl_usd": 0.02008032128514002, "direction": "DOWN", "stake_usd": "5", "entry_vwap": "0.9959999999999999964472863207", "event_type": "sleeve_fire_resolved", "slot_end_us": 1782184500000000, "condition_id": "0x209e8a78a32b08f7f8690197272df90398e0d009f910c5878145e4134adc91bd", "resolve_at_us": 1782184545000000}
2026-06-23 03:25:00.004367+00	fire	poly_sniper_v5_btc_15m_ema50_ema800_off600_down	{"mode": "paper", "fired": true, "reason": "paper_fill", "fire_us": 1782185100000000, "direction": "DOWN", "stake_usd": "5", "entry_vwap": "0.2700000000000000177635683939"}
2026-06-23 03:25:00.108895+00	order_placed	kalshi_sniper_btc_15m_ema50_ema800_off600_down_H	{"mode": "paper", "side": "no", "fired": true, "status": "paper", "ticker": "KXBTC15M-26JUN222330-30", "offset_s": 600, "order_id": "paper-kalshi_sniper_btc_15m_ema50_ema800_off600_down_H-1782185100000000", "direction": "DOWN", "entry_ask": 0.18000000000000005, "entry_vwap": "0.1800000000000000488498130835", "filled_count": 27}
2026-06-23 03:33:15.052893+00	resolve	poly_sniper_v5_btc_15m_ema50_ema800_off600_down	{"won": false, "mode": "paper", "outcome": "up", "pnl_usd": -5.0, "direction": "DOWN", "stake_usd": "5", "entry_vwap": "0.2700000000000000177635683939", "event_type": "sleeve_fire_resolved", "slot_end_us": 1782185400000000, "condition_id": "0x3d6da04b8616815f1ff60ebaa27ca9e5dd183bb43c944f65b9067b9898ce102b", "resolve_at_us": 1782185445000000}
2026-06-23 03:40:00.004587+00	fire	poly_sniper_v5_btc_15m_ema50_ema800_off600_down	{"mode": "paper", "fired": true, "reason": "paper_fill", "fire_us": 1782186000000000, "direction": "DOWN", "stake_usd": "5", "entry_vwap": "0.9799999999999999822364316056"}
2026-06-23 03:40:17.06135+00	resolve	kalshi_sniper_btc_15m_ema50_ema800_off600_down_H	{"won": null, "mode": "paper", "ticker": "KXBTC15M-26JUN222330-30", "outcome": null, "pnl_usd": null, "direction": "DOWN", "stake_usd": "5", "entry_vwap": "0.1800000000000000488498130835", "event_type": "sleeve_fire_resolved", "resolve_at_us": 1782185445000000, "window_end_us": 1782185400000000}
2026-06-23 03:46:15.017769+00	resolve	poly_sniper_v5_btc_15m_ema50_ema800_off600_down	{"won": true, "mode": "paper", "outcome": "down", "pnl_usd": 0.10204081632653013, "direction": "DOWN", "stake_usd": "5", "entry_vwap": "0.9799999999999999822364316056", "event_type": "sleeve_fire_resolved", "slot_end_us": 1782186300000000, "condition_id": "0xab91cc276a6768e9aa7ac89bb27c0aacac2cde292b692ea67244d5fbd4bbb010", "resolve_at_us": 1782186345000000}
2026-06-23 04:25:00.003909+00	fire	poly_sniper_v5_btc_15m_ema50_ema800_off600_down	{"mode": "paper", "fired": true, "reason": "paper_fill", "fire_us": 1782188700000000, "direction": "DOWN", "stake_usd": "5", "entry_vwap": "0.9699999999999999733546474086"}
2026-06-23 04:30:45.010893+00	resolve	poly_sniper_v5_btc_15m_ema50_ema800_off600_down	{"won": true, "mode": "paper", "outcome": "down", "pnl_usd": 0.15463917525773152, "direction": "DOWN", "stake_usd": "5", "entry_vwap": "0.9699999999999999733546474086", "event_type": "sleeve_fire_resolved", "slot_end_us": 1782189000000000, "condition_id": "0x68b50a1bf22b53541d5c40ae3eb64bbc30232d2d20b091b5fa2071c4092a3a0a", "resolve_at_us": 1782189045000000}
2026-06-23 04:40:00.00389+00	fire	poly_sniper_v5_btc_15m_ema50_ema800_off600_down	{"mode": "paper", "fired": true, "reason": "paper_fill", "fire_us": 1782189600000000, "direction": "DOWN", "stake_usd": "5", "entry_vwap": "0.9969999999999999973354647406"}
2026-06-23 04:45:45.011074+00	resolve	poly_sniper_v5_btc_15m_ema50_ema800_off600_down	{"won": true, "mode": "paper", "outcome": "down", "pnl_usd": 0.01504513540621867, "direction": "DOWN", "stake_usd": "5", "entry_vwap": "0.9969999999999999973354647406", "event_type": "sleeve_fire_resolved", "slot_end_us": 1782189900000000, "condition_id": "0xa163cfbf57364dfd0b37d02ed3aecf70d65eb9e9383d8333c2055c8959e08940", "resolve_at_us": 1782189945000000}
2026-06-23 04:55:00.004601+00	fire	poly_sniper_v5_btc_15m_ema50_ema800_off600_down	{"mode": "paper", "fired": true, "reason": "paper_fill", "fire_us": 1782190500000000, "direction": "DOWN", "stake_usd": "5", "entry_vwap": "0.9799999999999999822364316056"}
2026-06-23 05:00:45.028242+00	resolve	poly_sniper_v5_btc_15m_ema50_ema800_off600_down	{"won": true, "mode": "paper", "outcome": "down", "pnl_usd": 0.10204081632653013, "direction": "DOWN", "stake_usd": "5", "entry_vwap": "0.9799999999999999822364316056", "event_type": "sleeve_fire_resolved", "slot_end_us": 1782190800000000, "condition_id": "0x57222237f44ea65fad3f48c073444b8a81a97f961243731f2cbbfb3f9d111465", "resolve_at_us": 1782190845000000}
2026-06-23 05:01:00.109355+00	order_placed	kalshi_scalp_exit_btc_15m_d3_v1	{"mode": "paper", "side": "yes", "fired": true, "status": "paper", "ticker": "KXBTC15M-26JUN230115-15", "offset_s": 60, "order_id": "paper-kalshi_scalp_exit_btc_15m_d3_v1-1782190860000000", "direction": "UP", "entry_ask": 0.5, "entry_vwap": "0.5", "filled_count": 10}
2026-06-23 05:02:02.052545+00	resolve	kalshi_scalp_exit_btc_15m_d3_v1	{"mode": "paper", "shares": 10, "ticker": "KXBTC15M-26JUN230115-15", "direction": "UP", "exit_type": "scalp_time", "fill_vwap": 0.5, "sell_vwap": 0.49000000000000005, "realized_pnl": -0.09999999999999953, "suppress_settlement": true}
2026-06-23 05:10:00.003536+00	fire	poly_sniper_v5_btc_15m_ema50_ema800_off600_down	{"mode": "paper", "fired": true, "reason": "paper_fill", "fire_us": 1782191400000000, "direction": "DOWN", "stake_usd": "5", "entry_vwap": "0.1499999999999999944488848768"}
2026-06-23 05:10:00.199017+00	order_placed	kalshi_sniper_btc_15m_ema50_ema800_off600_down_H	{"mode": "paper", "side": "no", "fired": true, "status": "paper", "ticker": "KXBTC15M-26JUN230115-15", "offset_s": 600, "order_id": "paper-kalshi_sniper_btc_15m_ema50_ema800_off600_down_H-1782191400000000", "direction": "DOWN", "entry_ask": 0.32999999999999996, "entry_vwap": "0.3299999999999999600319711134", "filled_count": 15}
2026-06-23 05:15:45.110164+00	resolve	kalshi_sniper_btc_15m_ema50_ema800_off600_down_H	{"won": true, "mode": "paper", "ticker": "KXBTC15M-26JUN230115-15", "outcome": "no", "pnl_usd": 10.15151515151515, "direction": "DOWN", "stake_usd": "5", "entry_vwap": "0.3299999999999999600319711134", "event_type": "sleeve_fire_resolved", "resolve_at_us": 1782191745000000, "window_end_us": 1782191700000000}
2026-06-23 05:16:45.026969+00	resolve	poly_sniper_v5_btc_15m_ema50_ema800_off600_down	{"won": false, "mode": "paper", "outcome": "up", "pnl_usd": -5.0, "direction": "DOWN", "stake_usd": "5", "entry_vwap": "0.1499999999999999944488848768", "event_type": "sleeve_fire_resolved", "slot_end_us": 1782191700000000, "condition_id": "0x96a3ecbd4eced5905cb3c6e039db9fc3124592daf2dbc121b8064790b95f906d", "resolve_at_us": 1782191745000000}
2026-06-23 05:25:00.004809+00	fire	poly_sniper_v5_btc_15m_ema50_ema800_off600_down	{"mode": "paper", "fired": true, "reason": "paper_fill", "fire_us": 1782192300000000, "direction": "DOWN", "stake_usd": "5", "entry_vwap": "0.9699999999999999733546474086"}
2026-06-23 05:32:15.039974+00	resolve	poly_sniper_v5_btc_15m_ema50_ema800_off600_down	{"won": true, "mode": "paper", "outcome": "down", "pnl_usd": 0.15463917525773152, "direction": "DOWN", "stake_usd": "5", "entry_vwap": "0.9699999999999999733546474086", "event_type": "sleeve_fire_resolved", "slot_end_us": 1782192600000000, "condition_id": "0x94716d30fcd395036f34518002e4b506b41607d9c28eed2147600de58770e63a", "resolve_at_us": 1782192645000000}
2026-06-23 05:35:05.004227+00	fire	shadow_scalp_exit_btc_5m_d3_v1	{"mode": "paper", "fired": true, "reason": "paper_fill", "fire_us": 1782192905000000, "direction": "UP", "stake_usd": "5", "entry_vwap": "0.6300000000000000044408920983"}
2026-06-23 05:40:00.007292+00	fire	poly_sniper_v5_btc_15m_ema50_ema800_off600_down	{"mode": "paper", "fired": true, "reason": "paper_fill", "fire_us": 1782193200000000, "direction": "DOWN", "stake_usd": "5", "entry_vwap": "0.5699999999999999511501869163"}
2026-06-23 05:40:00.368192+00	order_placed	kalshi_sniper_btc_15m_ema50_ema800_off600_down_H	{"mode": "paper", "side": "no", "fired": true, "status": "paper", "ticker": "KXBTC15M-26JUN230145-45", "offset_s": 600, "order_id": "paper-kalshi_sniper_btc_15m_ema50_ema800_off600_down_H-1782193200000000", "direction": "DOWN", "entry_ask": 0.49, "entry_vwap": "0.4899999999999999911182158028", "filled_count": 10}
2026-06-23 05:41:45.044892+00	resolve	shadow_scalp_exit_btc_5m_d3_v1	{"won": true, "mode": "paper", "outcome": "up", "pnl_usd": 2.9365079365079367, "direction": "UP", "stake_usd": "5", "entry_vwap": "0.6300000000000000044408920983", "event_type": "sleeve_fire_resolved", "slot_end_us": 1782193200000000, "condition_id": "0x64d257b586342f44ccdfcc5294a792587ef9119d1cffa9f718ea55d72a7c0f7c", "resolve_at_us": 1782193245000000}
2026-06-23 05:45:45.1036+00	resolve	kalshi_sniper_btc_15m_ema50_ema800_off600_down_H	{"won": true, "mode": "paper", "ticker": "KXBTC15M-26JUN230145-45", "outcome": "no", "pnl_usd": 5.204081632653061, "direction": "DOWN", "stake_usd": "5", "entry_vwap": "0.4899999999999999911182158028", "event_type": "sleeve_fire_resolved", "resolve_at_us": 1782193545000000, "window_end_us": 1782193500000000}
2026-06-23 05:46:45.030221+00	resolve	poly_sniper_v5_btc_15m_ema50_ema800_off600_down	{"won": true, "mode": "paper", "outcome": "down", "pnl_usd": 3.7719298245614024, "direction": "DOWN", "stake_usd": "5", "entry_vwap": "0.5699999999999999511501869163", "event_type": "sleeve_fire_resolved", "slot_end_us": 1782193500000000, "condition_id": "0xd2b47d4ffd7778a2eb526b7109e434e32e7145657f72a563170b358f004d7e73", "resolve_at_us": 1782193545000000}
2026-06-23 05:55:00.004696+00	fire	poly_sniper_v5_btc_15m_ema50_ema800_off600_down	{"mode": "paper", "fired": true, "reason": "paper_fill", "fire_us": 1782194100000000, "direction": "DOWN", "stake_usd": "5", "entry_vwap": "0.8299999999999999600319711132"}
2026-06-23 05:55:00.357385+00	order_placed	kalshi_sniper_btc_15m_ema50_ema800_off600_down_H	{"mode": "paper", "side": "no", "fired": true, "status": "paper", "ticker": "KXBTC15M-26JUN230200-00", "offset_s": 600, "order_id": "paper-kalshi_sniper_btc_15m_ema50_ema800_off600_down_H-1782194100000000", "direction": "DOWN", "entry_ask": 0.88, "entry_vwap": "0.8800000000000000044408920982", "filled_count": 5}
2026-06-23 06:00:45.115017+00	resolve	kalshi_sniper_btc_15m_ema50_ema800_off600_down_H	{"won": true, "mode": "paper", "ticker": "KXBTC15M-26JUN230200-00", "outcome": "no", "pnl_usd": 0.681818181818181, "direction": "DOWN", "stake_usd": "5", "entry_vwap": "0.8800000000000000044408920982", "event_type": "sleeve_fire_resolved", "resolve_at_us": 1782194445000000, "window_end_us": 1782194400000000}
2026-06-23 06:01:45.050391+00	resolve	poly_sniper_v5_btc_15m_ema50_ema800_off600_down	{"won": true, "mode": "paper", "outcome": "down", "pnl_usd": 1.024096385542169, "direction": "DOWN", "stake_usd": "5", "entry_vwap": "0.8299999999999999600319711132", "event_type": "sleeve_fire_resolved", "slot_end_us": 1782194400000000, "condition_id": "0x5b1488d4b29cba45b515bc7a31b345183aa42cbbf11b02c5bf907ebcdf97cae4", "resolve_at_us": 1782194445000000}
2026-06-23 06:10:00.004566+00	fire	poly_sniper_v5_btc_15m_ema50_ema800_off600_down	{"mode": "paper", "fired": true, "reason": "paper_fill", "fire_us": 1782195000000000, "direction": "DOWN", "stake_usd": "5", "entry_vwap": "0.9900000000000001021405182651"}
2026-06-23 06:15:45.009575+00	resolve	poly_sniper_v5_btc_15m_ema50_ema800_off600_down	{"won": true, "mode": "paper", "outcome": "down", "pnl_usd": 0.050505050505049984, "direction": "DOWN", "stake_usd": "5", "entry_vwap": "0.9900000000000001021405182651", "event_type": "sleeve_fire_resolved", "slot_end_us": 1782195300000000, "condition_id": "0xa15afd0ac7868ac9b926e7b53adce0ff1555dea28320e0f5e8c0368a843840bb", "resolve_at_us": 1782195345000000}
2026-06-23 06:25:00.004272+00	fire	poly_sniper_v5_btc_15m_ema50_ema800_off600_down	{"mode": "paper", "fired": true, "reason": "paper_fill", "fire_us": 1782195900000000, "direction": "DOWN", "stake_usd": "5", "entry_vwap": "0.9989999999999999991118215797"}
2026-06-23 06:25:05.004779+00	fire	shadow_scalp_exit_btc_5m_d3_v1	{"mode": "paper", "fired": true, "reason": "paper_fill", "fire_us": 1782195905000000, "direction": "UP", "stake_usd": "5", "entry_vwap": "0.5500000000000000444089209848"}
2026-06-23 06:30:05.006416+00	fire	shadow_scalp_exit_btc_5m_d3_v1	{"mode": "paper", "fired": true, "reason": "paper_fill", "fire_us": 1782196205000000, "direction": "DOWN", "stake_usd": "5", "entry_vwap": "0.6199999999999999955591079013"}
2026-06-23 06:30:45.010231+00	resolve	poly_sniper_v5_btc_15m_ema50_ema800_off600_down	{"won": true, "mode": "paper", "outcome": "down", "pnl_usd": 0.005005005005004453, "direction": "DOWN", "stake_usd": "5", "entry_vwap": "0.9989999999999999991118215797", "event_type": "sleeve_fire_resolved", "slot_end_us": 1782196200000000, "condition_id": "0x96bc783903e4fefe35700ba49328edf669dc42249c0b4e07e84397fc5997c4f8", "resolve_at_us": 1782196245000000}
2026-06-23 06:32:45.052444+00	resolve	shadow_scalp_exit_btc_5m_d3_v1	{"won": true, "mode": "paper", "outcome": "up", "pnl_usd": 4.09090909090909, "direction": "UP", "stake_usd": "5", "entry_vwap": "0.5500000000000000444089209848", "event_type": "sleeve_fire_resolved", "slot_end_us": 1782196200000000, "condition_id": "0x3f5f25480271c78294ff03cfa8b8aa86a4ba2507c293dda052589821ed686e79", "resolve_at_us": 1782196245000000}
2026-06-23 06:36:15.021997+00	resolve	shadow_scalp_exit_btc_5m_d3_v1	{"won": false, "mode": "paper", "outcome": "up", "pnl_usd": -5.0, "direction": "DOWN", "stake_usd": "5", "entry_vwap": "0.6199999999999999955591079013", "event_type": "sleeve_fire_resolved", "slot_end_us": 1782196500000000, "condition_id": "0xef12569eaa7ee05de50a28a9ca3c18744cfdb042f4c2e14dd9394cbc75d3958e", "resolve_at_us": 1782196545000000}
2026-06-23 06:40:00.004042+00	fire	poly_sniper_v5_btc_15m_ema50_ema800_off600_down	{"mode": "paper", "fired": true, "reason": "paper_fill", "fire_us": 1782196800000000, "direction": "DOWN", "stake_usd": "5", "entry_vwap": "0.0599999999999999908406600468"}
2026-06-23 06:46:45.026112+00	resolve	poly_sniper_v5_btc_15m_ema50_ema800_off600_down	{"won": false, "mode": "paper", "outcome": "up", "pnl_usd": -5.0, "direction": "DOWN", "stake_usd": "5", "entry_vwap": "0.0599999999999999908406600468", "event_type": "sleeve_fire_resolved", "slot_end_us": 1782197100000000, "condition_id": "0xdb06006b0cf73d722be58269f0dc81c72f1eff4fd9d7336fdd3d616172a5feec", "resolve_at_us": 1782197145000000}
2026-06-23 06:55:00.00592+00	fire	poly_sniper_v5_btc_15m_ema50_ema800_off600_down	{"mode": "paper", "fired": true, "reason": "paper_fill", "fire_us": 1782197700000000, "direction": "DOWN", "stake_usd": "5", "entry_vwap": "0.4700000000000000288657986401"}
2026-06-23 06:55:00.207319+00	order_placed	kalshi_sniper_btc_15m_ema50_ema800_off600_down_H	{"mode": "paper", "side": "no", "fired": true, "status": "paper", "ticker": "KXBTC15M-26JUN230300-00", "offset_s": 600, "order_id": "paper-kalshi_sniper_btc_15m_ema50_ema800_off600_down_H-1782197700000000", "direction": "DOWN", "entry_ask": 0.41000000000000003, "entry_vwap": "0.4100000000000000310862446894", "filled_count": 12}
2026-06-23 07:00:05.00482+00	fire	shadow_scalp_exit_btc_5m_d3_v1	{"mode": "paper", "fired": true, "reason": "paper_fill", "fire_us": 1782198005000000, "direction": "DOWN", "stake_usd": "5", "entry_vwap": "0.6800000000000000488498130833"}
2026-06-23 07:00:45.101189+00	resolve	kalshi_sniper_btc_15m_ema50_ema800_off600_down_H	{"won": true, "mode": "paper", "ticker": "KXBTC15M-26JUN230300-00", "outcome": "no", "pnl_usd": 7.195121951219511, "direction": "DOWN", "stake_usd": "5", "entry_vwap": "0.4100000000000000310862446894", "event_type": "sleeve_fire_resolved", "resolve_at_us": 1782198045000000, "window_end_us": 1782198000000000}
2026-06-23 07:02:15.037801+00	resolve	poly_sniper_v5_btc_15m_ema50_ema800_off600_down	{"won": true, "mode": "paper", "outcome": "down", "pnl_usd": 5.638297872340425, "direction": "DOWN", "stake_usd": "5", "entry_vwap": "0.4700000000000000288657986401", "event_type": "sleeve_fire_resolved", "slot_end_us": 1782198000000000, "condition_id": "0x61201d3f260d528e14d175567ec43cddc3db575592adeb99c0a781772ed9b4f8", "resolve_at_us": 1782198045000000}
2026-06-23 07:06:45.034352+00	resolve	shadow_scalp_exit_btc_5m_d3_v1	{"won": false, "mode": "paper", "outcome": "up", "pnl_usd": -5.0, "direction": "DOWN", "stake_usd": "5", "entry_vwap": "0.6800000000000000488498130833", "event_type": "sleeve_fire_resolved", "slot_end_us": 1782198300000000, "condition_id": "0xb4ed2bda0ac3a7b4fb18477c76370ecd4c125336cfd8cb4c879f3ca9ed06486c", "resolve_at_us": 1782198345000000}
2026-06-23 07:16:00.204016+00	order_placed	kalshi_scalp_exit_btc_15m_d3_v1	{"mode": "paper", "side": "no", "fired": true, "status": "paper", "ticker": "KXBTC15M-26JUN230330-30", "offset_s": 60, "order_id": "paper-kalshi_scalp_exit_btc_15m_d3_v1-1782198960000000", "direction": "DOWN", "entry_ask": 0.53, "entry_vwap": "0.5300000000000000266453525908", "filled_count": 9}
2026-06-23 07:17:02.019202+00	resolve	kalshi_scalp_exit_btc_15m_d3_v1	{"mode": "paper", "shares": 9, "ticker": "KXBTC15M-26JUN230330-30", "direction": "DOWN", "exit_type": "scalp_time", "fill_vwap": 0.53, "sell_vwap": 0.58, "realized_pnl": 0.4499999999999994, "suppress_settlement": true}
2026-06-23 07:35:05.005352+00	fire	shadow_scalp_exit_btc_5m_d3_v1	{"mode": "paper", "fired": true, "reason": "paper_fill", "fire_us": 1782200105000000, "direction": "DOWN", "stake_usd": "5", "entry_vwap": "0.5999999999999999777955395073"}
2026-06-23 07:40:00.006189+00	fire	poly_sniper_v5_btc_15m_ema50_ema800_off600_down	{"mode": "paper", "fired": true, "reason": "paper_fill", "fire_us": 1782200400000000, "direction": "DOWN", "stake_usd": "5", "entry_vwap": "0.5799999999999999600319711133"}
2026-06-23 07:40:00.107833+00	order_placed	kalshi_sniper_btc_15m_ema50_ema800_off600_down_H	{"mode": "paper", "side": "no", "fired": true, "status": "paper", "ticker": "KXBTC15M-26JUN230345-45", "offset_s": 600, "order_id": "paper-kalshi_sniper_btc_15m_ema50_ema800_off600_down_H-1782200400000000", "direction": "DOWN", "entry_ask": 0.64, "entry_vwap": "0.6400000000000000133226762952", "filled_count": 7}
2026-06-23 07:41:45.042718+00	resolve	shadow_scalp_exit_btc_5m_d3_v1	{"won": false, "mode": "paper", "outcome": "up", "pnl_usd": -5.0, "direction": "DOWN", "stake_usd": "5", "entry_vwap": "0.5999999999999999777955395073", "event_type": "sleeve_fire_resolved", "slot_end_us": 1782200400000000, "condition_id": "0x074d3a3e1867dde17978cb4df73bfba48224c03fb203914b41dafb6679f83dcf", "resolve_at_us": 1782200445000000}
2026-06-23 07:45:05.003747+00	fire	shadow_scalp_exit_btc_5m_d3_v1	{"mode": "paper", "fired": true, "reason": "paper_fill", "fire_us": 1782200705000000, "direction": "UP", "stake_usd": "5", "entry_vwap": "0.6400000000000000133226762952"}
2026-06-23 07:45:45.023829+00	resolve	poly_sniper_v5_btc_15m_ema50_ema800_off600_down	{"won": true, "mode": "paper", "outcome": "down", "pnl_usd": 3.6206896551724146, "direction": "DOWN", "stake_usd": "5", "entry_vwap": "0.5799999999999999600319711133", "event_type": "sleeve_fire_resolved", "slot_end_us": 1782200700000000, "condition_id": "0x2104394b785266b77c5f0bebf1afc88d2ad91d6c8c704efaa2dc22a08e796ef4", "resolve_at_us": 1782200745000000}
2026-06-23 07:45:45.106718+00	resolve	kalshi_sniper_btc_15m_ema50_ema800_off600_down_H	{"won": true, "mode": "paper", "ticker": "KXBTC15M-26JUN230345-45", "outcome": "no", "pnl_usd": 2.8125, "direction": "DOWN", "stake_usd": "5", "entry_vwap": "0.6400000000000000133226762952", "event_type": "sleeve_fire_resolved", "resolve_at_us": 1782200745000000, "window_end_us": 1782200700000000}
2026-06-23 07:51:15.031116+00	resolve	shadow_scalp_exit_btc_5m_d3_v1	{"won": true, "mode": "paper", "outcome": "up", "pnl_usd": 2.8125, "direction": "UP", "stake_usd": "5", "entry_vwap": "0.6400000000000000133226762952", "event_type": "sleeve_fire_resolved", "slot_end_us": 1782201000000000, "condition_id": "0xf4d54fbd398bf5bf03889da5a901109b0b240ba749d38a1bb2665173b61742c7", "resolve_at_us": 1782201045000000}
2026-06-23 07:55:00.003968+00	fire	poly_sniper_v5_btc_15m_ema50_ema800_off600_down	{"mode": "paper", "fired": true, "reason": "paper_fill", "fire_us": 1782201300000000, "direction": "DOWN", "stake_usd": "5", "entry_vwap": "0.2999999999999999888977697536"}
2026-06-23 07:55:00.103766+00	order_placed	kalshi_sniper_btc_15m_ema50_ema800_off600_down_H	{"mode": "paper", "side": "no", "fired": true, "status": "paper", "ticker": "KXBTC15M-26JUN230400-00", "offset_s": 600, "order_id": "paper-kalshi_sniper_btc_15m_ema50_ema800_off600_down_H-1782201300000000", "direction": "DOWN", "entry_ask": 0.36, "entry_vwap": "0.3599999999999999866773237044", "filled_count": 13}
2026-06-23 08:00:45.008448+00	resolve	poly_sniper_v5_btc_15m_ema50_ema800_off600_down	{"won": true, "mode": "paper", "outcome": "down", "pnl_usd": 11.666666666666666, "direction": "DOWN", "stake_usd": "5", "entry_vwap": "0.2999999999999999888977697536", "event_type": "sleeve_fire_resolved", "slot_end_us": 1782201600000000, "condition_id": "0x81a791b8c68e1e17047d3aba51ff553e2067b92b243f6b71e7d17a0353ee0e15", "resolve_at_us": 1782201645000000}
2026-06-23 08:00:45.102877+00	resolve	kalshi_sniper_btc_15m_ema50_ema800_off600_down_H	{"won": true, "mode": "paper", "ticker": "KXBTC15M-26JUN230400-00", "outcome": "no", "pnl_usd": 8.88888888888889, "direction": "DOWN", "stake_usd": "5", "entry_vwap": "0.3599999999999999866773237044", "event_type": "sleeve_fire_resolved", "resolve_at_us": 1782201645000000, "window_end_us": 1782201600000000}
2026-06-23 08:10:00.004116+00	fire	poly_sniper_v5_btc_15m_ema50_ema800_off600_down	{"mode": "paper", "fired": true, "reason": "paper_fill", "fire_us": 1782202200000000, "direction": "DOWN", "stake_usd": "5", "entry_vwap": "0.8199999999999999511501869162"}
2026-06-23 08:10:00.190666+00	order_placed	kalshi_sniper_btc_15m_ema50_ema800_off600_down_H	{"mode": "paper", "side": "no", "fired": true, "status": "paper", "ticker": "KXBTC15M-26JUN230415-15", "offset_s": 600, "order_id": "paper-kalshi_sniper_btc_15m_ema50_ema800_off600_down_H-1782202200000000", "direction": "DOWN", "entry_ask": 0.85, "entry_vwap": "0.8499999999999999777955395072", "filled_count": 5}
2026-06-23 08:15:45.103917+00	resolve	kalshi_sniper_btc_15m_ema50_ema800_off600_down_H	{"won": true, "mode": "paper", "ticker": "KXBTC15M-26JUN230415-15", "outcome": "no", "pnl_usd": 0.8823529411764708, "direction": "DOWN", "stake_usd": "5", "entry_vwap": "0.8499999999999999777955395072", "event_type": "sleeve_fire_resolved", "resolve_at_us": 1782202545000000, "window_end_us": 1782202500000000}
2026-06-23 08:16:00.008721+00	fire	poly_sniper_v5_eth_5m_l_ema50_hurst_grandparent_V10	{"mode": "paper", "fired": true, "reason": "paper_fill", "fire_us": 1782202560000000, "direction": "DOWN", "stake_usd": "5", "entry_vwap": "0.9699999999999999733546474086"}
2026-06-23 08:16:15.017456+00	resolve	poly_sniper_v5_btc_15m_ema50_ema800_off600_down	{"won": true, "mode": "paper", "outcome": "down", "pnl_usd": 1.0975609756097564, "direction": "DOWN", "stake_usd": "5", "entry_vwap": "0.8199999999999999511501869162", "event_type": "sleeve_fire_resolved", "slot_end_us": 1782202500000000, "condition_id": "0x65d55d08364e9cd69384c1dcc73770861364302138a3c100c40bcd2b925d0c80", "resolve_at_us": 1782202545000000}
2026-06-23 08:20:45.012315+00	resolve	poly_sniper_v5_eth_5m_l_ema50_hurst_grandparent_V10	{"won": true, "mode": "paper", "outcome": "down", "pnl_usd": 0.15463917525773152, "direction": "DOWN", "stake_usd": "5", "entry_vwap": "0.9699999999999999733546474086", "event_type": "sleeve_fire_resolved", "slot_end_us": 1782202800000000, "condition_id": "0x0d8c39731ad44745d95acb14e87a0740e343ebd7f22fef4d7b612c4a0da8128c", "resolve_at_us": 1782202845000000}
2026-06-23 08:25:00.003262+00	fire	poly_sniper_v5_btc_15m_ema50_ema800_off600_down	{"mode": "paper", "fired": true, "reason": "paper_fill", "fire_us": 1782203100000000, "direction": "DOWN", "stake_usd": "5", "entry_vwap": "0.9980179503368686866338066462"}
2026-06-23 08:25:05.005169+00	fire	shadow_scalp_exit_btc_5m_d3_v1	{"mode": "paper", "fired": true, "reason": "paper_fill", "fire_us": 1782203105000000, "direction": "UP", "stake_usd": "5", "entry_vwap": "0.5500000000000000444089209848"}
2026-06-23 08:26:00.003747+00	fire	poly_sniper_v5_eth_5m_l_ema50_hurst_grandparent_V10	{"mode": "paper", "fired": true, "reason": "paper_fill", "fire_us": 1782203160000000, "direction": "DOWN", "stake_usd": "5", "entry_vwap": "0.2800000000000000266453525909"}
2026-06-23 08:30:45.010273+00	resolve	poly_sniper_v5_btc_15m_ema50_ema800_off600_down	{"won": true, "mode": "paper", "outcome": "down", "pnl_usd": 0.009929929929929658, "direction": "DOWN", "stake_usd": "5", "entry_vwap": "0.9980179503368686866338066462", "event_type": "sleeve_fire_resolved", "slot_end_us": 1782203400000000, "condition_id": "0xe8684f2dc42bc4ec9fc9ef06b4e1917f5be3441115e051b86bd7078212bf1ae3", "resolve_at_us": 1782203445000000}
2026-06-23 08:31:45.030751+00	resolve	shadow_scalp_exit_btc_5m_d3_v1	{"won": false, "mode": "paper", "outcome": "down", "pnl_usd": -5.0, "direction": "UP", "stake_usd": "5", "entry_vwap": "0.5500000000000000444089209848", "event_type": "sleeve_fire_resolved", "slot_end_us": 1782203400000000, "condition_id": "0x667f40a8c0e259acda892b26d1ac4f64fa21c5a950745f15e79c86daca23602e", "resolve_at_us": 1782203445000000}
2026-06-23 08:35:05.003525+00	fire	shadow_scalp_exit_btc_5m_d3_v1	{"mode": "paper", "fired": true, "reason": "paper_fill", "fire_us": 1782203705000000, "direction": "DOWN", "stake_usd": "5", "entry_vwap": "0.6100000000000000976996261668"}
2026-06-23 08:35:15.123861+00	resolve	poly_sniper_v5_eth_5m_l_ema50_hurst_grandparent_V10	{"won": true, "mode": "paper", "outcome": "down", "pnl_usd": 12.857142857142852, "direction": "DOWN", "stake_usd": "5", "entry_vwap": "0.2800000000000000266453525909", "event_type": "sleeve_fire_resolved", "slot_end_us": 1782203400000000, "condition_id": "0x6753c954917ef43443fd0de5da735627abb88076c21313bbf00fe9852a757dca", "resolve_at_us": 1782203445000000}
2026-06-23 08:40:00.006584+00	fire	poly_sniper_v5_btc_15m_ema50_ema800_off600_down	{"mode": "paper", "fired": true, "reason": "paper_fill", "fire_us": 1782204000000000, "direction": "DOWN", "stake_usd": "5", "entry_vwap": "0.0200000000000000004163336342"}
2026-06-23 08:40:05.004703+00	fire	shadow_scalp_exit_btc_5m_d3_v1	{"mode": "paper", "fired": true, "reason": "paper_fill", "fire_us": 1782204005000000, "direction": "UP", "stake_usd": "5", "entry_vwap": "0.5999999999999999777955395073"}
2026-06-23 08:42:15.049934+00	resolve	shadow_scalp_exit_btc_5m_d3_v1	{"won": false, "mode": "paper", "outcome": "up", "pnl_usd": -5.0, "direction": "DOWN", "stake_usd": "5", "entry_vwap": "0.6100000000000000976996261668", "event_type": "sleeve_fire_resolved", "slot_end_us": 1782204000000000, "condition_id": "0x3ef0bd0b735cc149c4fd5b29876c3d8370fa636ed7166c5d3742099ede7b539f", "resolve_at_us": 1782204045000000}
2026-06-23 08:45:05.005475+00	fire	shadow_scalp_exit_btc_5m_d3_v1	{"mode": "paper", "fired": true, "reason": "paper_fill", "fire_us": 1782204305000000, "direction": "DOWN", "stake_usd": "5", "entry_vwap": "0.6199999999999999955591079013"}
2026-06-23 08:45:45.010134+00	resolve	poly_sniper_v5_btc_15m_ema50_ema800_off600_down	{"won": false, "mode": "paper", "outcome": "up", "pnl_usd": -5.0, "direction": "DOWN", "stake_usd": "5", "entry_vwap": "0.0200000000000000004163336342", "event_type": "sleeve_fire_resolved", "slot_end_us": 1782204300000000, "condition_id": "0x1079d39ab7bd9320982ade713aff95e4dbd26c02de536e54283c2dbc257a3790", "resolve_at_us": 1782204345000000}
2026-06-23 08:46:15.033835+00	resolve	shadow_scalp_exit_btc_5m_d3_v1	{"won": true, "mode": "paper", "outcome": "up", "pnl_usd": 3.333333333333334, "direction": "UP", "stake_usd": "5", "entry_vwap": "0.5999999999999999777955395073", "event_type": "sleeve_fire_resolved", "slot_end_us": 1782204300000000, "condition_id": "0x24bfd6a736c4999ba0a2c4ca644775e51f098694a3e361ccc21310e9b3aa0e3a", "resolve_at_us": 1782204345000000}
2026-06-23 08:51:15.027337+00	resolve	shadow_scalp_exit_btc_5m_d3_v1	{"won": true, "mode": "paper", "outcome": "down", "pnl_usd": 3.064516129032258, "direction": "DOWN", "stake_usd": "5", "entry_vwap": "0.6199999999999999955591079013", "event_type": "sleeve_fire_resolved", "slot_end_us": 1782204600000000, "condition_id": "0xef2950c0a6c7e3f3dfc89abfa6d02519ff9e1412676b0c713281685615182bc7", "resolve_at_us": 1782204645000000}
2026-06-23 08:55:00.004565+00	fire	poly_sniper_v5_btc_15m_ema50_ema800_off600_down	{"mode": "paper", "fired": true, "reason": "paper_fill", "fire_us": 1782204900000000, "direction": "DOWN", "stake_usd": "5", "entry_vwap": "0.2299999999999999822364316059"}
2026-06-23 08:55:00.192666+00	order_placed	kalshi_sniper_btc_15m_ema50_ema800_off600_down_H	{"mode": "paper", "side": "no", "fired": true, "status": "paper", "ticker": "KXBTC15M-26JUN230500-00", "offset_s": 600, "order_id": "paper-kalshi_sniper_btc_15m_ema50_ema800_off600_down_H-1782204900000000", "direction": "DOWN", "entry_ask": 0.33999999999999997, "entry_vwap": "0.3399999999999999689137553104", "filled_count": 14}
2026-06-23 09:00:45.009497+00	resolve	poly_sniper_v5_btc_15m_ema50_ema800_off600_down	{"won": true, "mode": "paper", "outcome": "down", "pnl_usd": 16.73913043478261, "direction": "DOWN", "stake_usd": "5", "entry_vwap": "0.2299999999999999822364316059", "event_type": "sleeve_fire_resolved", "slot_end_us": 1782205200000000, "condition_id": "0x01d844b24209764a396ada2ff6c43ce1d4a4c552be2fa182358c9e89187ce284", "resolve_at_us": 1782205245000000}
2026-06-23 09:00:45.098992+00	resolve	kalshi_sniper_btc_15m_ema50_ema800_off600_down_H	{"won": true, "mode": "paper", "ticker": "KXBTC15M-26JUN230500-00", "outcome": "no", "pnl_usd": 9.705882352941178, "direction": "DOWN", "stake_usd": "5", "entry_vwap": "0.3399999999999999689137553104", "event_type": "sleeve_fire_resolved", "resolve_at_us": 1782205245000000, "window_end_us": 1782205200000000}
2026-06-23 09:10:00.004534+00	fire	poly_sniper_v5_btc_15m_ema50_ema800_off600_down	{"mode": "paper", "fired": true, "reason": "paper_fill", "fire_us": 1782205800000000, "direction": "DOWN", "stake_usd": "5", "entry_vwap": "0.5200000000000000177635683938"}
2026-06-23 09:10:00.357006+00	order_placed	kalshi_sniper_btc_15m_ema50_ema800_off600_down_H	{"mode": "paper", "side": "no", "fired": true, "status": "paper", "ticker": "KXBTC15M-26JUN230515-15", "offset_s": 600, "order_id": "paper-kalshi_sniper_btc_15m_ema50_ema800_off600_down_H-1782205800000000", "direction": "DOWN", "entry_ask": 0.45999999999999996, "entry_vwap": "0.4599999999999999644728632118", "filled_count": 10}
2026-06-23 09:15:45.099794+00	resolve	kalshi_sniper_btc_15m_ema50_ema800_off600_down_H	{"won": false, "mode": "paper", "ticker": "KXBTC15M-26JUN230515-15", "outcome": "yes", "pnl_usd": -5.0, "direction": "DOWN", "stake_usd": "5", "entry_vwap": "0.4599999999999999644728632118", "event_type": "sleeve_fire_resolved", "resolve_at_us": 1782206145000000, "window_end_us": 1782206100000000}
2026-06-23 09:16:15.034851+00	resolve	poly_sniper_v5_btc_15m_ema50_ema800_off600_down	{"won": false, "mode": "paper", "outcome": "up", "pnl_usd": -5.0, "direction": "DOWN", "stake_usd": "5", "entry_vwap": "0.5200000000000000177635683938", "event_type": "sleeve_fire_resolved", "slot_end_us": 1782206100000000, "condition_id": "0x7489b30c5b371c53b4d1dda2783b469762b065b04189ee2eef53374f186b2c42", "resolve_at_us": 1782206145000000}
2026-06-23 09:55:00.003723+00	fire	poly_sniper_v5_btc_15m_ema50_ema800_off600_down	{"mode": "paper", "fired": true, "reason": "paper_fill", "fire_us": 1782208500000000, "direction": "DOWN", "stake_usd": "5", "entry_vwap": "0.2600000000000000088817841969"}
2026-06-23 09:55:00.193342+00	order_placed	kalshi_sniper_btc_15m_ema50_ema800_off600_down_H	{"mode": "paper", "side": "no", "fired": true, "status": "paper", "ticker": "KXBTC15M-26JUN230600-00", "offset_s": 600, "order_id": "paper-kalshi_sniper_btc_15m_ema50_ema800_off600_down_H-1782208500000000", "direction": "DOWN", "entry_ask": 0.26, "entry_vwap": "0.2600000000000000088817841969", "filled_count": 19}
2026-06-23 10:00:45.095735+00	resolve	kalshi_sniper_btc_15m_ema50_ema800_off600_down_H	{"won": false, "mode": "paper", "ticker": "KXBTC15M-26JUN230600-00", "outcome": "yes", "pnl_usd": -5.0, "direction": "DOWN", "stake_usd": "5", "entry_vwap": "0.2600000000000000088817841969", "event_type": "sleeve_fire_resolved", "resolve_at_us": 1782208845000000, "window_end_us": 1782208800000000}
2026-06-23 10:02:15.045418+00	resolve	poly_sniper_v5_btc_15m_ema50_ema800_off600_down	{"won": false, "mode": "paper", "outcome": "up", "pnl_usd": -5.0, "direction": "DOWN", "stake_usd": "5", "entry_vwap": "0.2600000000000000088817841969", "event_type": "sleeve_fire_resolved", "slot_end_us": 1782208800000000, "condition_id": "0x163b6425278f4a490ad9620577e1ed971c47bf22213529a6c3f8b9cebd95c0ff", "resolve_at_us": 1782208845000000}
2026-06-23 10:25:00.00634+00	fire	poly_sniper_v5_btc_15m_ema50_ema800_off600_down	{"mode": "paper", "fired": true, "reason": "paper_fill", "fire_us": 1782210300000000, "direction": "DOWN", "stake_usd": "5", "entry_vwap": "0.9499999999999999555910790146"}
2026-06-23 10:31:15.129437+00	resolve	poly_sniper_v5_btc_15m_ema50_ema800_off600_down	{"won": true, "mode": "paper", "outcome": "down", "pnl_usd": 0.26315789473684237, "direction": "DOWN", "stake_usd": "5", "entry_vwap": "0.9499999999999999555910790146", "event_type": "sleeve_fire_resolved", "slot_end_us": 1782210600000000, "condition_id": "0x22b9afcb1ffb79b704f5fd3d0e470d14eaccb559be703ffad1c1835bed1ef29b", "resolve_at_us": 1782210645000000}
2026-06-23 10:40:00.00439+00	fire	poly_sniper_v5_btc_15m_ema50_ema800_off600_down	{"mode": "paper", "fired": true, "reason": "paper_fill", "fire_us": 1782211200000000, "direction": "DOWN", "stake_usd": "5", "entry_vwap": "0.9199999999999999289457264236"}
2026-06-23 10:40:00.205987+00	order_placed	kalshi_sniper_btc_15m_ema50_ema800_off600_down_H	{"mode": "paper", "side": "no", "fired": true, "status": "paper", "ticker": "KXBTC15M-26JUN230645-45", "offset_s": 600, "order_id": "paper-kalshi_sniper_btc_15m_ema50_ema800_off600_down_H-1782211200000000", "direction": "DOWN", "entry_ask": 0.918, "entry_vwap": "0.9180000000000000381916720468", "filled_count": 5}
2026-06-23 10:45:45.098389+00	resolve	kalshi_sniper_btc_15m_ema50_ema800_off600_down_H	{"won": true, "mode": "paper", "ticker": "KXBTC15M-26JUN230645-45", "outcome": "no", "pnl_usd": 0.4466230936819163, "direction": "DOWN", "stake_usd": "5", "entry_vwap": "0.9180000000000000381916720468", "event_type": "sleeve_fire_resolved", "resolve_at_us": 1782211545000000, "window_end_us": 1782211500000000}
2026-06-23 10:46:45.046678+00	resolve	poly_sniper_v5_btc_15m_ema50_ema800_off600_down	{"won": true, "mode": "paper", "outcome": "down", "pnl_usd": 0.43478260869565255, "direction": "DOWN", "stake_usd": "5", "entry_vwap": "0.9199999999999999289457264236", "event_type": "sleeve_fire_resolved", "slot_end_us": 1782211500000000, "condition_id": "0x1de9a4b2d2e77023776a8a34a3d981cb154528d11641139dbff71722136a930c", "resolve_at_us": 1782211545000000}
2026-06-23 10:55:00.003813+00	fire	poly_sniper_v5_btc_15m_ema50_ema800_off600_down	{"mode": "paper", "fired": true, "reason": "paper_fill", "fire_us": 1782212100000000, "direction": "DOWN", "stake_usd": "5", "entry_vwap": "0.4199999999999999844568776551"}
2026-06-23 10:55:00.217478+00	order_placed	kalshi_sniper_btc_15m_ema50_ema800_off600_down_H	{"mode": "paper", "side": "no", "fired": true, "status": "paper", "ticker": "KXBTC15M-26JUN230700-00", "offset_s": 600, "order_id": "paper-kalshi_sniper_btc_15m_ema50_ema800_off600_down_H-1782212100000000", "direction": "DOWN", "entry_ask": 0.37, "entry_vwap": "0.3699999999999999955591079013", "filled_count": 13}
2026-06-23 11:00:45.098906+00	resolve	kalshi_sniper_btc_15m_ema50_ema800_off600_down_H	{"won": false, "mode": "paper", "ticker": "KXBTC15M-26JUN230700-00", "outcome": "yes", "pnl_usd": -5.0, "direction": "DOWN", "stake_usd": "5", "entry_vwap": "0.3699999999999999955591079013", "event_type": "sleeve_fire_resolved", "resolve_at_us": 1782212445000000, "window_end_us": 1782212400000000}
2026-06-23 11:02:15.045047+00	resolve	poly_sniper_v5_btc_15m_ema50_ema800_off600_down	{"won": false, "mode": "paper", "outcome": "up", "pnl_usd": -5.0, "direction": "DOWN", "stake_usd": "5", "entry_vwap": "0.4199999999999999844568776551", "event_type": "sleeve_fire_resolved", "slot_end_us": 1782212400000000, "condition_id": "0x80df6a39179e2bd757bb6dbac7f4efec2f4ba433e7e0a422f74d5dba76c091a7", "resolve_at_us": 1782212445000000}
2026-06-23 11:45:05.005413+00	fire	shadow_scalp_exit_btc_5m_d3_v1	{"mode": "paper", "fired": true, "reason": "paper_fill", "fire_us": 1782215105000000, "direction": "UP", "stake_usd": "5", "entry_vwap": "0.75"}
2026-06-23 11:52:45.067906+00	resolve	shadow_scalp_exit_btc_5m_d3_v1	{"won": false, "mode": "paper", "outcome": "down", "pnl_usd": -5.0, "direction": "UP", "stake_usd": "5", "entry_vwap": "0.75", "event_type": "sleeve_fire_resolved", "slot_end_us": 1782215400000000, "condition_id": "0xeb3b43c2889d0c3bfd026c85594fc367d909a4fe27d0998f699f539cf402e357", "resolve_at_us": 1782215445000000}
2026-06-23 11:55:00.004405+00	fire	poly_sniper_v5_btc_15m_ema50_ema800_off600_down	{"mode": "paper", "fired": true, "reason": "paper_fill", "fire_us": 1782215700000000, "direction": "DOWN", "stake_usd": "5", "entry_vwap": "0.8700000000000001065814103637"}
2026-06-23 12:00:45.031207+00	resolve	poly_sniper_v5_btc_15m_ema50_ema800_off600_down	{"won": true, "mode": "paper", "outcome": "down", "pnl_usd": 0.7471264367816077, "direction": "DOWN", "stake_usd": "5", "entry_vwap": "0.8700000000000001065814103637", "event_type": "sleeve_fire_resolved", "slot_end_us": 1782216000000000, "condition_id": "0x2efc6d5511154559246c6389f9823fc7aae2ed0987fb5c807b26f2e30504accc", "resolve_at_us": 1782216045000000}
2026-06-23 12:10:00.00901+00	fire	poly_sniper_v5_btc_15m_ema50_ema800_off600_down	{"mode": "paper", "fired": true, "reason": "paper_fill", "fire_us": 1782216600000000, "direction": "DOWN", "stake_usd": "5", "entry_vwap": "0.7099999999999999644728632118"}
2026-06-23 12:10:00.109832+00	order_placed	kalshi_sniper_btc_15m_ema50_ema800_off600_down_H	{"mode": "paper", "side": "no", "fired": true, "status": "paper", "ticker": "KXBTC15M-26JUN230815-15", "offset_s": 600, "order_id": "paper-kalshi_sniper_btc_15m_ema50_ema800_off600_down_H-1782216600000000", "direction": "DOWN", "entry_ask": 0.74, "entry_vwap": "0.7399999999999999911182158027", "filled_count": 6}
2026-06-23 12:15:45.260895+00	resolve	kalshi_sniper_btc_15m_ema50_ema800_off600_down_H	{"won": true, "mode": "paper", "ticker": "KXBTC15M-26JUN230815-15", "outcome": "no", "pnl_usd": 1.7567567567567568, "direction": "DOWN", "stake_usd": "5", "entry_vwap": "0.7399999999999999911182158027", "event_type": "sleeve_fire_resolved", "resolve_at_us": 1782216945000000, "window_end_us": 1782216900000000}
2026-06-23 12:16:15.020335+00	resolve	poly_sniper_v5_btc_15m_ema50_ema800_off600_down	{"won": true, "mode": "paper", "outcome": "down", "pnl_usd": 2.042253521126761, "direction": "DOWN", "stake_usd": "5", "entry_vwap": "0.7099999999999999644728632118", "event_type": "sleeve_fire_resolved", "slot_end_us": 1782216900000000, "condition_id": "0x3be69cdca21eacd771ee1b23a7ae7b7ff75bee36493ae12d18f80715ae2cedd6", "resolve_at_us": 1782216945000000}
2026-06-23 12:25:00.005028+00	fire	poly_sniper_v5_btc_15m_ema50_ema800_off600_down	{"mode": "paper", "fired": true, "reason": "paper_fill", "fire_us": 1782217500000000, "direction": "DOWN", "stake_usd": "5", "entry_vwap": "0.8199999999999999511501869162"}
2026-06-23 12:25:00.110221+00	order_placed	kalshi_sniper_btc_15m_ema50_ema800_off600_down_H	{"mode": "paper", "side": "no", "fired": true, "status": "paper", "ticker": "KXBTC15M-26JUN230830-30", "offset_s": 600, "order_id": "paper-kalshi_sniper_btc_15m_ema50_ema800_off600_down_H-1782217500000000", "direction": "DOWN", "entry_ask": 0.74, "entry_vwap": "0.7399999999999999911182158027", "filled_count": 6}
2026-06-23 12:30:45.096241+00	resolve	kalshi_sniper_btc_15m_ema50_ema800_off600_down_H	{"won": true, "mode": "paper", "ticker": "KXBTC15M-26JUN230830-30", "outcome": "no", "pnl_usd": 1.7567567567567568, "direction": "DOWN", "stake_usd": "5", "entry_vwap": "0.7399999999999999911182158027", "event_type": "sleeve_fire_resolved", "resolve_at_us": 1782217845000000, "window_end_us": 1782217800000000}
2026-06-23 12:31:15.027173+00	resolve	poly_sniper_v5_btc_15m_ema50_ema800_off600_down	{"won": true, "mode": "paper", "outcome": "down", "pnl_usd": 1.0975609756097564, "direction": "DOWN", "stake_usd": "5", "entry_vwap": "0.8199999999999999511501869162", "event_type": "sleeve_fire_resolved", "slot_end_us": 1782217800000000, "condition_id": "0xa513511790fb32a36c886cc4d635f624626437778d28526d136876223272633d", "resolve_at_us": 1782217845000000}
2026-06-23 12:40:00.004097+00	fire	poly_sniper_v5_btc_15m_ema50_ema800_off600_down	{"mode": "paper", "fired": true, "reason": "paper_fill", "fire_us": 1782218400000000, "direction": "DOWN", "stake_usd": "5", "entry_vwap": "0.9400000000000000577315972801"}
2026-06-23 12:45:45.012236+00	resolve	poly_sniper_v5_btc_15m_ema50_ema800_off600_down	{"won": true, "mode": "paper", "outcome": "down", "pnl_usd": 0.31914893617021245, "direction": "DOWN", "stake_usd": "5", "entry_vwap": "0.9400000000000000577315972801", "event_type": "sleeve_fire_resolved", "slot_end_us": 1782218700000000, "condition_id": "0x7cdd32970469d591fd78c2c59780686b9b883b0d96f327dafa5e28cca5b7c2c7", "resolve_at_us": 1782218745000000}
2026-06-23 12:55:00.009578+00	fire	poly_sniper_v5_btc_15m_ema50_ema800_off600_down	{"mode": "paper", "fired": true, "reason": "paper_fill", "fire_us": 1782219300000000, "direction": "DOWN", "stake_usd": "5", "entry_vwap": "0.7600000000000000088817841968"}
2026-06-23 12:55:00.113574+00	order_placed	kalshi_sniper_btc_15m_ema50_ema800_off600_down_H	{"mode": "paper", "side": "no", "fired": true, "status": "paper", "ticker": "KXBTC15M-26JUN230900-00", "offset_s": 600, "order_id": "paper-kalshi_sniper_btc_15m_ema50_ema800_off600_down_H-1782219300000000", "direction": "DOWN", "entry_ask": 0.85, "entry_vwap": "0.8499999999999999777955395072", "filled_count": 5}
2026-06-23 13:00:45.014583+00	resolve	poly_sniper_v5_btc_15m_ema50_ema800_off600_down	{"won": true, "mode": "paper", "outcome": "down", "pnl_usd": 1.5789473684210515, "direction": "DOWN", "stake_usd": "5", "entry_vwap": "0.7600000000000000088817841968", "event_type": "sleeve_fire_resolved", "slot_end_us": 1782219600000000, "condition_id": "0xd13e377ce72ca698a765b5cb6479b8f576792577eadc39c21dcd72545f49f5c2", "resolve_at_us": 1782219645000000}
2026-06-23 13:00:45.110485+00	resolve	kalshi_sniper_btc_15m_ema50_ema800_off600_down_H	{"won": true, "mode": "paper", "ticker": "KXBTC15M-26JUN230900-00", "outcome": "no", "pnl_usd": 0.8823529411764708, "direction": "DOWN", "stake_usd": "5", "entry_vwap": "0.8499999999999999777955395072", "event_type": "sleeve_fire_resolved", "resolve_at_us": 1782219645000000, "window_end_us": 1782219600000000}
2026-06-23 13:10:00.00336+00	fire	poly_sniper_v5_btc_15m_ema50_ema800_off600_down	{"mode": "paper", "fired": true, "reason": "paper_fill", "fire_us": 1782220200000000, "direction": "DOWN", "stake_usd": "5", "entry_vwap": "0.9699999999999999733546474086"}
2026-06-23 13:15:45.027053+00	resolve	poly_sniper_v5_btc_15m_ema50_ema800_off600_down	{"won": true, "mode": "paper", "outcome": "down", "pnl_usd": 0.15463917525773152, "direction": "DOWN", "stake_usd": "5", "entry_vwap": "0.9699999999999999733546474086", "event_type": "sleeve_fire_resolved", "slot_end_us": 1782220500000000, "condition_id": "0x1cf6f5f94a63a8baff9a29d422c714f72ba29cf27cfcea9adef11dded66387f1", "resolve_at_us": 1782220545000000}
2026-06-23 13:25:00.004584+00	fire	poly_sniper_v5_btc_15m_ema50_ema800_off600_down	{"mode": "paper", "fired": true, "reason": "paper_fill", "fire_us": 1782221100000000, "direction": "DOWN", "stake_usd": "5", "entry_vwap": "0.8700000000000001065814103637"}
2026-06-23 13:25:00.217326+00	order_placed	kalshi_sniper_btc_15m_ema50_ema800_off600_down_H	{"mode": "paper", "side": "no", "fired": true, "status": "paper", "ticker": "KXBTC15M-26JUN230930-30", "offset_s": 600, "order_id": "paper-kalshi_sniper_btc_15m_ema50_ema800_off600_down_H-1782221100000000", "direction": "DOWN", "entry_ask": 0.929, "entry_vwap": "0.9290000000000000479616346634", "filled_count": 5}
2026-06-23 13:25:05.00995+00	fire	shadow_scalp_exit_btc_5m_d3_v1	{"mode": "paper", "fired": true, "reason": "paper_fill", "fire_us": 1782221105000000, "direction": "DOWN", "stake_usd": "5", "entry_vwap": "0.7600000000000000088817841968"}
2026-06-23 13:30:05.011104+00	fire	shadow_scalp_exit_btc_5m_d3_v1	{"mode": "paper", "fired": true, "reason": "paper_fill", "fire_us": 1782221405000000, "direction": "DOWN", "stake_usd": "5", "entry_vwap": "0.5799999999999999600319711133"}
2026-06-23 13:30:45.023421+00	resolve	poly_sniper_v5_btc_15m_ema50_ema800_off600_down	{"won": true, "mode": "paper", "outcome": "down", "pnl_usd": 0.7471264367816077, "direction": "DOWN", "stake_usd": "5", "entry_vwap": "0.8700000000000001065814103637", "event_type": "sleeve_fire_resolved", "slot_end_us": 1782221400000000, "condition_id": "0x4635e4575e6df3576dbfa445b54bedd3a5e67d489e6c3d24c1b1378b387bd008", "resolve_at_us": 1782221445000000}
2026-06-23 13:30:45.106666+00	resolve	kalshi_sniper_btc_15m_ema50_ema800_off600_down_H	{"won": true, "mode": "paper", "ticker": "KXBTC15M-26JUN230930-30", "outcome": "no", "pnl_usd": 0.3821313240043048, "direction": "DOWN", "stake_usd": "5", "entry_vwap": "0.9290000000000000479616346634", "event_type": "sleeve_fire_resolved", "resolve_at_us": 1782221445000000, "window_end_us": 1782221400000000}
2026-06-23 13:31:45.044707+00	resolve	shadow_scalp_exit_btc_5m_d3_v1	{"won": true, "mode": "paper", "outcome": "down", "pnl_usd": 1.5789473684210515, "direction": "DOWN", "stake_usd": "5", "entry_vwap": "0.7600000000000000088817841968", "event_type": "sleeve_fire_resolved", "slot_end_us": 1782221400000000, "condition_id": "0x4f3194d5355ace143a5107746a0f6f3a8793899d758c54113e8a34810156942e", "resolve_at_us": 1782221445000000}
2026-06-23 13:35:05.00446+00	fire	shadow_scalp_exit_btc_5m_d3_v1	{"mode": "paper", "fired": true, "reason": "paper_fill", "fire_us": 1782221705000000, "direction": "DOWN", "stake_usd": "5", "entry_vwap": "0.7099999999999999644728632118"}
2026-06-23 13:36:45.038904+00	resolve	shadow_scalp_exit_btc_5m_d3_v1	{"won": false, "mode": "paper", "outcome": "up", "pnl_usd": -5.0, "direction": "DOWN", "stake_usd": "5", "entry_vwap": "0.5799999999999999600319711133", "event_type": "sleeve_fire_resolved", "slot_end_us": 1782221700000000, "condition_id": "0xe163d62d0ecaaf665cea54c481d8d253a18655fefedcb5875504dabf87ce86bb", "resolve_at_us": 1782221745000000}
2026-06-23 13:40:05.008032+00	fire	shadow_scalp_exit_btc_5m_d3_v1	{"mode": "paper", "fired": true, "reason": "paper_fill", "fire_us": 1782222005000000, "direction": "DOWN", "stake_usd": "5", "entry_vwap": "0.5699999999999999511501869163"}
2026-06-23 13:42:15.052024+00	resolve	shadow_scalp_exit_btc_5m_d3_v1	{"won": false, "mode": "paper", "outcome": "up", "pnl_usd": -5.0, "direction": "DOWN", "stake_usd": "5", "entry_vwap": "0.7099999999999999644728632118", "event_type": "sleeve_fire_resolved", "slot_end_us": 1782222000000000, "condition_id": "0x88dbe7f8d0445d72614b6ad7da6b35ceb2cb32fb98b52d78c84eacf420ee1f09", "resolve_at_us": 1782222045000000}
2026-06-23 13:45:05.013783+00	fire	shadow_scalp_exit_btc_5m_d3_v1	{"mode": "paper", "fired": true, "reason": "paper_fill", "fire_us": 1782222305000000, "direction": "DOWN", "stake_usd": "5", "entry_vwap": "0.6700000000000000399680288863"}
2026-06-23 13:46:45.035782+00	resolve	shadow_scalp_exit_btc_5m_d3_v1	{"won": false, "mode": "paper", "outcome": "up", "pnl_usd": -5.0, "direction": "DOWN", "stake_usd": "5", "entry_vwap": "0.5699999999999999511501869163", "event_type": "sleeve_fire_resolved", "slot_end_us": 1782222300000000, "condition_id": "0x3b31bbdfe744e6d8dd6c29da539e26cdfa55e699565be496a9ed2c2d3345266b", "resolve_at_us": 1782222345000000}
2026-06-23 13:51:45.04171+00	resolve	shadow_scalp_exit_btc_5m_d3_v1	{"won": true, "mode": "paper", "outcome": "down", "pnl_usd": 2.4626865671641776, "direction": "DOWN", "stake_usd": "5", "entry_vwap": "0.6700000000000000399680288863", "event_type": "sleeve_fire_resolved", "slot_end_us": 1782222600000000, "condition_id": "0xb4eacf7c806d5bb36b89f6c716ba7bb71bc0ab90e226c7589aeac5eec0d4160b", "resolve_at_us": 1782222645000000}
2026-06-23 14:15:05.004885+00	fire	shadow_scalp_exit_btc_5m_d3_v1	{"mode": "paper", "fired": true, "reason": "paper_fill", "fire_us": 1782224105000000, "direction": "DOWN", "stake_usd": "5", "entry_vwap": "0.6500000000000000222044604923"}
2026-06-23 14:21:15.019407+00	resolve	shadow_scalp_exit_btc_5m_d3_v1	{"won": false, "mode": "paper", "outcome": "up", "pnl_usd": -5.0, "direction": "DOWN", "stake_usd": "5", "entry_vwap": "0.6500000000000000222044604923", "event_type": "sleeve_fire_resolved", "slot_end_us": 1782224400000000, "condition_id": "0xef16fc8b2b2338e6f703f4036d1bccf15742345781881fb477079de0a8060f4d", "resolve_at_us": 1782224445000000}
2026-06-23 14:25:05.014475+00	fire	shadow_scalp_exit_btc_5m_d3_v1	{"mode": "paper", "fired": true, "reason": "paper_fill", "fire_us": 1782224705000000, "direction": "DOWN", "stake_usd": "5", "entry_vwap": "0.5200000000000000177635683938"}
2026-06-23 14:30:05.005212+00	fire	shadow_scalp_exit_btc_5m_d3_v1	{"mode": "paper", "fired": true, "reason": "paper_fill", "fire_us": 1782225005000000, "direction": "UP", "stake_usd": "5", "entry_vwap": "0.5799999999999999600319711133"}
2026-06-23 14:30:45.010339+00	resolve	shadow_scalp_exit_btc_5m_d3_v1	{"won": true, "mode": "paper", "outcome": "down", "pnl_usd": 4.615384615384615, "direction": "DOWN", "stake_usd": "5", "entry_vwap": "0.5200000000000000177635683938", "event_type": "sleeve_fire_resolved", "slot_end_us": 1782225000000000, "condition_id": "0xa5ec5a433ba80f49f6736549b49db48bd8cad96e32c083c5bca430faa1281e52", "resolve_at_us": 1782225045000000}
2026-06-23 14:36:15.020095+00	resolve	shadow_scalp_exit_btc_5m_d3_v1	{"won": true, "mode": "paper", "outcome": "up", "pnl_usd": 3.6206896551724146, "direction": "UP", "stake_usd": "5", "entry_vwap": "0.5799999999999999600319711133", "event_type": "sleeve_fire_resolved", "slot_end_us": 1782225300000000, "condition_id": "0x6c1e5e299c9af350fbd30a62d14fce4842eb6ad6068561b32cfc2ae0bea9b171", "resolve_at_us": 1782225345000000}
2026-06-23 14:40:05.077549+00	fire	shadow_scalp_exit_btc_5m_d3_v1	{"mode": "paper", "fired": true, "reason": "paper_fill", "fire_us": 1782225605000000, "direction": "UP", "stake_usd": "5", "entry_vwap": "0.6100000000000000976996261668"}
2026-06-23 14:46:15.02062+00	resolve	shadow_scalp_exit_btc_5m_d3_v1	{"won": false, "mode": "paper", "outcome": "down", "pnl_usd": -5.0, "direction": "UP", "stake_usd": "5", "entry_vwap": "0.6100000000000000976996261668", "event_type": "sleeve_fire_resolved", "slot_end_us": 1782225900000000, "condition_id": "0x642224a52fade6557a6247bab8c52239c420862bc36bc3ee416c738c57195a1d", "resolve_at_us": 1782225945000000}
2026-06-23 14:55:00.018284+00	fire	poly_sniper_v5_btc_15m_ema50_ema800_off600_down	{"mode": "paper", "fired": true, "reason": "paper_fill", "fire_us": 1782226500000000, "direction": "DOWN", "stake_usd": "5", "entry_vwap": "0.4400000000000000022204460491"}
2026-06-23 14:55:00.248854+00	order_placed	kalshi_sniper_btc_15m_ema50_ema800_off600_down_H	{"mode": "paper", "side": "no", "fired": true, "status": "paper", "ticker": "KXBTC15M-26JUN231100-00", "offset_s": 600, "order_id": "paper-kalshi_sniper_btc_15m_ema50_ema800_off600_down_H-1782226500000000", "direction": "DOWN", "entry_ask": 0.65, "entry_vwap": "0.6500000000000000222044604923", "filled_count": 7}
2026-06-23 15:00:05.00975+00	fire	shadow_scalp_exit_btc_5m_d3_v1	{"mode": "paper", "fired": true, "reason": "paper_fill", "fire_us": 1782226805000000, "direction": "DOWN", "stake_usd": "5", "entry_vwap": "0.6500000000000000222044604923"}
2026-06-23 15:00:45.09856+00	resolve	kalshi_sniper_btc_15m_ema50_ema800_off600_down_H	{"won": true, "mode": "paper", "ticker": "KXBTC15M-26JUN231100-00", "outcome": "no", "pnl_usd": 2.692307692307692, "direction": "DOWN", "stake_usd": "5", "entry_vwap": "0.6500000000000000222044604923", "event_type": "sleeve_fire_resolved", "resolve_at_us": 1782226845000000, "window_end_us": 1782226800000000}
2026-06-23 15:01:45.032053+00	resolve	poly_sniper_v5_btc_15m_ema50_ema800_off600_down	{"won": true, "mode": "paper", "outcome": "down", "pnl_usd": 6.3636363636363615, "direction": "DOWN", "stake_usd": "5", "entry_vwap": "0.4400000000000000022204460491", "event_type": "sleeve_fire_resolved", "slot_end_us": 1782226800000000, "condition_id": "0x80dc6a10aff7b6009a65d5d106649351ea1b5ab5dea7edd44e43fcf3d1cd6935", "resolve_at_us": 1782226845000000}
2026-06-23 15:06:45.03493+00	resolve	shadow_scalp_exit_btc_5m_d3_v1	{"won": true, "mode": "paper", "outcome": "down", "pnl_usd": 2.692307692307692, "direction": "DOWN", "stake_usd": "5", "entry_vwap": "0.6500000000000000222044604923", "event_type": "sleeve_fire_resolved", "slot_end_us": 1782227100000000, "condition_id": "0x87fe2cd708a824cd75b58c2f834521821e01308aefa0f385e624120047a327b8", "resolve_at_us": 1782227145000000}
2026-06-23 15:10:00.003824+00	fire	poly_sniper_v5_btc_15m_ema50_ema800_off600_down	{"mode": "paper", "fired": true, "reason": "paper_fill", "fire_us": 1782227400000000, "direction": "DOWN", "stake_usd": "5", "entry_vwap": "0.9199999999999999289457264236"}
2026-06-23 15:15:45.013789+00	resolve	poly_sniper_v5_btc_15m_ema50_ema800_off600_down	{"won": true, "mode": "paper", "outcome": "down", "pnl_usd": 0.43478260869565255, "direction": "DOWN", "stake_usd": "5", "entry_vwap": "0.9199999999999999289457264236", "event_type": "sleeve_fire_resolved", "slot_end_us": 1782227700000000, "condition_id": "0xb8d0b624ce74d3997ee8af4a5f060ebb8f37a481949bd6ff8db795368d6d7736", "resolve_at_us": 1782227745000000}
2026-06-23 15:16:00.230674+00	order_placed	kalshi_scalp_exit_btc_15m_d3_v1	{"mode": "paper", "side": "no", "fired": true, "status": "paper", "ticker": "KXBTC15M-26JUN231130-30", "offset_s": 60, "order_id": "paper-kalshi_scalp_exit_btc_15m_d3_v1-1782227760000000", "direction": "DOWN", "entry_ask": 0.54, "entry_vwap": "0.5400000000000000355271367879", "filled_count": 9}
2026-06-23 15:17:02.095448+00	resolve	kalshi_scalp_exit_btc_15m_d3_v1	{"mode": "paper", "shares": 9, "ticker": "KXBTC15M-26JUN231130-30", "direction": "DOWN", "exit_type": "scalp_time", "fill_vwap": 0.54, "sell_vwap": 0.5, "realized_pnl": -0.3600000000000003, "suppress_settlement": true}
2026-06-23 15:25:00.004664+00	fire	poly_sniper_v5_btc_15m_ema50_ema800_off600_down	{"mode": "paper", "fired": true, "reason": "paper_fill", "fire_us": 1782228300000000, "direction": "DOWN", "stake_usd": "5", "entry_vwap": "0.9499999999999999555910790146"}
2026-06-23 15:30:05.006725+00	fire	shadow_scalp_exit_btc_5m_d3_v1	{"mode": "paper", "fired": true, "reason": "paper_fill", "fire_us": 1782228605000000, "direction": "UP", "stake_usd": "5", "entry_vwap": "0.6100000000000000976996261668"}
2026-06-23 15:30:45.011195+00	resolve	poly_sniper_v5_btc_15m_ema50_ema800_off600_down	{"won": true, "mode": "paper", "outcome": "down", "pnl_usd": 0.26315789473684237, "direction": "DOWN", "stake_usd": "5", "entry_vwap": "0.9499999999999999555910790146", "event_type": "sleeve_fire_resolved", "slot_end_us": 1782228600000000, "condition_id": "0x5f465a34d07d88e7f6851b7cec5a4da1f81a3468317cef5ec6c4abfd4ef7da77", "resolve_at_us": 1782228645000000}
2026-06-23 15:36:45.028363+00	resolve	shadow_scalp_exit_btc_5m_d3_v1	{"won": true, "mode": "paper", "outcome": "up", "pnl_usd": 3.1967213114754087, "direction": "UP", "stake_usd": "5", "entry_vwap": "0.6100000000000000976996261668", "event_type": "sleeve_fire_resolved", "slot_end_us": 1782228900000000, "condition_id": "0xe2dcccbe2f6897e3c6013eec17c3f087021ed3d5b462924935d794c9a0659b66", "resolve_at_us": 1782228945000000}
2026-06-23 15:40:00.003805+00	fire	poly_sniper_v5_btc_15m_ema50_ema800_off600_down	{"mode": "paper", "fired": true, "reason": "paper_fill", "fire_us": 1782229200000000, "direction": "DOWN", "stake_usd": "5", "entry_vwap": "0.1634615384615384636735058165"}
2026-06-23 15:45:45.009264+00	resolve	poly_sniper_v5_btc_15m_ema50_ema800_off600_down	{"won": false, "mode": "paper", "outcome": "up", "pnl_usd": -5.0, "direction": "DOWN", "stake_usd": "5", "entry_vwap": "0.1634615384615384636735058165", "event_type": "sleeve_fire_resolved", "slot_end_us": 1782229500000000, "condition_id": "0xedf06961d4db8db74889fd6e48d96f4556dea1e26efab6677e4fa113d9243a53", "resolve_at_us": 1782229545000000}
2026-06-23 15:55:00.004371+00	fire	poly_sniper_v5_btc_15m_ema50_ema800_off600_down	{"mode": "paper", "fired": true, "reason": "paper_fill", "fire_us": 1782230100000000, "direction": "DOWN", "stake_usd": "5", "entry_vwap": "0.1900000000000000022204460492"}
2026-06-23 16:01:15.017882+00	resolve	poly_sniper_v5_btc_15m_ema50_ema800_off600_down	{"won": false, "mode": "paper", "outcome": "up", "pnl_usd": -5.0, "direction": "DOWN", "stake_usd": "5", "entry_vwap": "0.1900000000000000022204460492", "event_type": "sleeve_fire_resolved", "slot_end_us": 1782230400000000, "condition_id": "0x8431ed32987d14415d41821b7182fbeb8be1fe6f1378d7e35001cdb2158d5e03", "resolve_at_us": 1782230445000000}
2026-06-23 16:05:05.004593+00	fire	shadow_scalp_exit_btc_5m_d3_v1	{"mode": "paper", "fired": true, "reason": "paper_fill", "fire_us": 1782230705000000, "direction": "UP", "stake_usd": "5", "entry_vwap": "0.5999999999999999777955395073"}
2026-06-23 16:11:45.032149+00	resolve	shadow_scalp_exit_btc_5m_d3_v1	{"won": true, "mode": "paper", "outcome": "up", "pnl_usd": 3.333333333333334, "direction": "UP", "stake_usd": "5", "entry_vwap": "0.5999999999999999777955395073", "event_type": "sleeve_fire_resolved", "slot_end_us": 1782231000000000, "condition_id": "0xb4127e7cdcdf912156cf56a135a197686a68f13b32de7447bd5dae0dcc39bc6d", "resolve_at_us": 1782231045000000}
2026-06-23 16:15:05.009735+00	fire	shadow_scalp_exit_btc_5m_d3_v1	{"mode": "paper", "fired": true, "reason": "paper_fill", "fire_us": 1782231305000000, "direction": "UP", "stake_usd": "5", "entry_vwap": "0.5300000000000000266453525908"}
2026-06-23 16:20:05.005767+00	fire	shadow_scalp_exit_btc_5m_d3_v1	{"mode": "paper", "fired": true, "reason": "paper_fill", "fire_us": 1782231605000000, "direction": "DOWN", "stake_usd": "5", "entry_vwap": "0.6500000000000000222044604923"}
2026-06-23 16:21:15.023498+00	resolve	shadow_scalp_exit_btc_5m_d3_v1	{"won": false, "mode": "paper", "outcome": "down", "pnl_usd": -5.0, "direction": "UP", "stake_usd": "5", "entry_vwap": "0.5300000000000000266453525908", "event_type": "sleeve_fire_resolved", "slot_end_us": 1782231600000000, "condition_id": "0xcff43f3726b4da4c9e0f28a08e20720a105fa75296344d5b407e57e35ad51adf", "resolve_at_us": 1782231645000000}
2026-06-23 16:27:15.039385+00	resolve	shadow_scalp_exit_btc_5m_d3_v1	{"won": true, "mode": "paper", "outcome": "down", "pnl_usd": 2.692307692307692, "direction": "DOWN", "stake_usd": "5", "entry_vwap": "0.6500000000000000222044604923", "event_type": "sleeve_fire_resolved", "slot_end_us": 1782231900000000, "condition_id": "0xb0ec095438b5a964637967ec9f0eacc0e408af3c2cf4ec64018984c68043b3a2", "resolve_at_us": 1782231945000000}
2026-06-23 16:55:00.004196+00	fire	poly_sniper_v5_btc_15m_ema50_ema800_off600_down	{"mode": "paper", "fired": true, "reason": "paper_fill", "fire_us": 1782233700000000, "direction": "DOWN", "stake_usd": "5", "entry_vwap": "0.9499999999999999555910790146"}
2026-06-23 17:01:45.033287+00	resolve	poly_sniper_v5_btc_15m_ema50_ema800_off600_down	{"won": true, "mode": "paper", "outcome": "down", "pnl_usd": 0.26315789473684237, "direction": "DOWN", "stake_usd": "5", "entry_vwap": "0.9499999999999999555910790146", "event_type": "sleeve_fire_resolved", "slot_end_us": 1782234000000000, "condition_id": "0x485aabc76a151b307198ad5eb06097e2e19665b8f9cecade87c99de97cb91175", "resolve_at_us": 1782234045000000}
2026-06-23 17:10:00.004323+00	fire	poly_sniper_v5_btc_15m_ema50_ema800_off600_down	{"mode": "paper", "fired": true, "reason": "paper_fill", "fire_us": 1782234600000000, "direction": "DOWN", "stake_usd": "5", "entry_vwap": "0.9499999999999999555910790146"}
2026-06-23 17:17:45.048371+00	resolve	poly_sniper_v5_btc_15m_ema50_ema800_off600_down	{"won": true, "mode": "paper", "outcome": "down", "pnl_usd": 0.26315789473684237, "direction": "DOWN", "stake_usd": "5", "entry_vwap": "0.9499999999999999555910790146", "event_type": "sleeve_fire_resolved", "slot_end_us": 1782234900000000, "condition_id": "0x0e09de1db4f06bef3c5f06f808f30a6dfc7663353acd4b18eb09c89da197c7a7", "resolve_at_us": 1782234945000000}
2026-06-23 17:20:05.007376+00	fire	shadow_scalp_exit_btc_5m_d3_v1	{"mode": "paper", "fired": true, "reason": "paper_fill", "fire_us": 1782235205000000, "direction": "UP", "stake_usd": "5", "entry_vwap": "0.6500000000000000222044604923"}
2026-06-23 17:26:15.017605+00	resolve	shadow_scalp_exit_btc_5m_d3_v1	{"won": true, "mode": "paper", "outcome": "up", "pnl_usd": 2.692307692307692, "direction": "UP", "stake_usd": "5", "entry_vwap": "0.6500000000000000222044604923", "event_type": "sleeve_fire_resolved", "slot_end_us": 1782235500000000, "condition_id": "0x055b663118c591881b38a2ccd62e4aca964e02ca83c12418aa8b990f64c1b932", "resolve_at_us": 1782235545000000}
2026-06-23 17:55:00.004835+00	fire	poly_sniper_v5_btc_15m_ema50_ema800_off600_down	{"mode": "paper", "fired": true, "reason": "paper_fill", "fire_us": 1782237300000000, "direction": "DOWN", "stake_usd": "5", "entry_vwap": "0.9799999999999999822364316056"}
2026-06-23 18:00:45.013827+00	resolve	poly_sniper_v5_btc_15m_ema50_ema800_off600_down	{"won": true, "mode": "paper", "outcome": "down", "pnl_usd": 0.10204081632653013, "direction": "DOWN", "stake_usd": "5", "entry_vwap": "0.9799999999999999822364316056", "event_type": "sleeve_fire_resolved", "slot_end_us": 1782237600000000, "condition_id": "0x444e55d3a798641406f0db4934457bb6844132d2f77de6a59eeb9b9b20c05e35", "resolve_at_us": 1782237645000000}
2026-06-23 18:10:00.004567+00	fire	poly_sniper_v5_btc_15m_ema50_ema800_off600_down	{"mode": "paper", "fired": true, "reason": "paper_fill", "fire_us": 1782238200000000, "direction": "DOWN", "stake_usd": "5", "entry_vwap": "0.7800000000000000266453525907"}
2026-06-23 18:10:00.358125+00	order_placed	kalshi_sniper_btc_15m_ema50_ema800_off600_down_H	{"mode": "paper", "side": "no", "fired": true, "status": "paper", "ticker": "KXBTC15M-26JUN231415-15", "offset_s": 600, "order_id": "paper-kalshi_sniper_btc_15m_ema50_ema800_off600_down_H-1782238200000000", "direction": "DOWN", "entry_ask": 0.86, "entry_vwap": "0.8600000000000000976996261666", "filled_count": 5}
2026-06-23 18:15:45.015505+00	resolve	poly_sniper_v5_btc_15m_ema50_ema800_off600_down	{"won": false, "mode": "paper", "outcome": "up", "pnl_usd": -5.0, "direction": "DOWN", "stake_usd": "5", "entry_vwap": "0.7800000000000000266453525907", "event_type": "sleeve_fire_resolved", "slot_end_us": 1782238500000000, "condition_id": "0x613d8ff2717e1a1ac1045a730c7e8bf0997f3bdd37c6bfbb8baaa5b770ec4856", "resolve_at_us": 1782238545000000}
2026-06-23 18:15:45.101005+00	resolve	kalshi_sniper_btc_15m_ema50_ema800_off600_down_H	{"won": false, "mode": "paper", "ticker": "KXBTC15M-26JUN231415-15", "outcome": "yes", "pnl_usd": -5.0, "direction": "DOWN", "stake_usd": "5", "entry_vwap": "0.8600000000000000976996261666", "event_type": "sleeve_fire_resolved", "resolve_at_us": 1782238545000000, "window_end_us": 1782238500000000}
2026-06-23 18:25:00.003812+00	fire	poly_sniper_v5_btc_15m_ema50_ema800_off600_down	{"mode": "paper", "fired": true, "reason": "paper_fill", "fire_us": 1782239100000000, "direction": "DOWN", "stake_usd": "5", "entry_vwap": "0.4799999999999999267252803745"}
2026-06-23 18:25:00.213398+00	order_placed	kalshi_sniper_btc_15m_ema50_ema800_off600_down_H	{"mode": "paper", "side": "no", "fired": true, "status": "paper", "ticker": "KXBTC15M-26JUN231430-30", "offset_s": 600, "order_id": "paper-kalshi_sniper_btc_15m_ema50_ema800_off600_down_H-1782239100000000", "direction": "DOWN", "entry_ask": 0.51, "entry_vwap": "0.5100000000000000088817841969", "filled_count": 9}
2026-06-23 18:30:45.011495+00	resolve	poly_sniper_v5_btc_15m_ema50_ema800_off600_down	{"won": true, "mode": "paper", "outcome": "down", "pnl_usd": 5.416666666666668, "direction": "DOWN", "stake_usd": "5", "entry_vwap": "0.4799999999999999267252803745", "event_type": "sleeve_fire_resolved", "slot_end_us": 1782239400000000, "condition_id": "0xfd6a017378dbf70d69de8d2b071624cea796429060351e12d92b381e31fe391c", "resolve_at_us": 1782239445000000}
2026-06-23 18:30:45.095843+00	resolve	kalshi_sniper_btc_15m_ema50_ema800_off600_down_H	{"won": true, "mode": "paper", "ticker": "KXBTC15M-26JUN231430-30", "outcome": "no", "pnl_usd": 4.803921568627452, "direction": "DOWN", "stake_usd": "5", "entry_vwap": "0.5100000000000000088817841969", "event_type": "sleeve_fire_resolved", "resolve_at_us": 1782239445000000, "window_end_us": 1782239400000000}
2026-06-23 18:40:00.005869+00	fire	poly_sniper_v5_btc_15m_ema50_ema800_off600_down	{"mode": "paper", "fired": true, "reason": "paper_fill", "fire_us": 1782240000000000, "direction": "DOWN", "stake_usd": "5", "entry_vwap": "0.9499999999999999555910790146"}
2026-06-23 18:45:45.010468+00	resolve	poly_sniper_v5_btc_15m_ema50_ema800_off600_down	{"won": true, "mode": "paper", "outcome": "down", "pnl_usd": 0.26315789473684237, "direction": "DOWN", "stake_usd": "5", "entry_vwap": "0.9499999999999999555910790146", "event_type": "sleeve_fire_resolved", "slot_end_us": 1782240300000000, "condition_id": "0xd1d1d723ccc2ab657d84a7660ae34253116cf80fb09f516ff0fdf947cc00accc", "resolve_at_us": 1782240345000000}
2026-06-23 18:55:00.004053+00	fire	poly_sniper_v5_btc_15m_ema50_ema800_off600_down	{"mode": "paper", "fired": true, "reason": "paper_fill", "fire_us": 1782240900000000, "direction": "DOWN", "stake_usd": "5", "entry_vwap": "0.0700000000000000066613381477"}
2026-06-23 19:02:15.038736+00	resolve	poly_sniper_v5_btc_15m_ema50_ema800_off600_down	{"won": false, "mode": "paper", "outcome": "up", "pnl_usd": -5.0, "direction": "DOWN", "stake_usd": "5", "entry_vwap": "0.0700000000000000066613381477", "event_type": "sleeve_fire_resolved", "slot_end_us": 1782241200000000, "condition_id": "0xe2755828b2f0a0ec830dc0f8193a6cf9d46a9c108a6e0d4723a8c41b5c8a8cf6", "resolve_at_us": 1782241245000000}
2026-06-23 19:50:05.006106+00	fire	shadow_scalp_exit_btc_5m_d3_v1	{"mode": "paper", "fired": true, "reason": "paper_fill", "fire_us": 1782244205000000, "direction": "UP", "stake_usd": "5", "entry_vwap": "0.6800000000000000488498130833"}
2026-06-23 19:55:05.005344+00	fire	shadow_scalp_exit_btc_5m_d3_v1	{"mode": "paper", "fired": true, "reason": "paper_fill", "fire_us": 1782244505000000, "direction": "DOWN", "stake_usd": "5", "entry_vwap": "0.6100000000000000976996261668"}
2026-06-23 19:57:15.04467+00	resolve	shadow_scalp_exit_btc_5m_d3_v1	{"won": true, "mode": "paper", "outcome": "up", "pnl_usd": 2.352941176470588, "direction": "UP", "stake_usd": "5", "entry_vwap": "0.6800000000000000488498130833", "event_type": "sleeve_fire_resolved", "slot_end_us": 1782244500000000, "condition_id": "0x0c71c4fd0bf8e8ff7d6e1f709c0e59615895ff9bd63343df6e94fe1e68fd4b8f", "resolve_at_us": 1782244545000000}
2026-06-23 20:01:15.020262+00	resolve	shadow_scalp_exit_btc_5m_d3_v1	{"won": true, "mode": "paper", "outcome": "down", "pnl_usd": 3.1967213114754087, "direction": "DOWN", "stake_usd": "5", "entry_vwap": "0.6100000000000000976996261668", "event_type": "sleeve_fire_resolved", "slot_end_us": 1782244800000000, "condition_id": "0x55e8fa26265b083c387bed9a9318f27a48697441d95382debe4e7428637a0a60", "resolve_at_us": 1782244845000000}
2026-06-23 20:55:00.004405+00	fire	poly_sniper_v5_btc_15m_ema50_ema800_off600_down	{"mode": "paper", "fired": true, "reason": "paper_fill", "fire_us": 1782248100000000, "direction": "DOWN", "stake_usd": "5", "entry_vwap": "0.9499999999999999555910790146"}
2026-06-23 21:02:15.040904+00	resolve	poly_sniper_v5_btc_15m_ema50_ema800_off600_down	{"won": true, "mode": "paper", "outcome": "down", "pnl_usd": 0.26315789473684237, "direction": "DOWN", "stake_usd": "5", "entry_vwap": "0.9499999999999999555910790146", "event_type": "sleeve_fire_resolved", "slot_end_us": 1782248400000000, "condition_id": "0x85ece8d8c6f1c6bffbc24f4cb2840fa7029b38d99611c7db4907e80c4acc043d", "resolve_at_us": 1782248445000000}
2026-06-23 23:05:05.005391+00	fire	shadow_scalp_exit_btc_5m_d3_v1	{"mode": "paper", "fired": true, "reason": "paper_fill", "fire_us": 1782255905000000, "direction": "DOWN", "stake_usd": "5", "entry_vwap": "0.6999999999999999555910790147"}
2026-06-23 23:11:45.025298+00	resolve	shadow_scalp_exit_btc_5m_d3_v1	{"won": true, "mode": "paper", "outcome": "down", "pnl_usd": 2.1428571428571432, "direction": "DOWN", "stake_usd": "5", "entry_vwap": "0.6999999999999999555910790147", "event_type": "sleeve_fire_resolved", "slot_end_us": 1782256200000000, "condition_id": "0xe5a391838cb25280e8487b5bf22e9c699ca295bed9457affdb3851ea75e841b3", "resolve_at_us": 1782256245000000}
2026-06-24 02:00:05.009739+00	fire	shadow_scalp_exit_btc_5m_d3_v1	{"mode": "paper", "fired": true, "reason": "paper_fill", "fire_us": 1782266405000000, "direction": "UP", "stake_usd": "5", "entry_vwap": "0.7589981224783286517521219136"}
2026-06-24 02:06:15.074304+00	resolve	shadow_scalp_exit_btc_5m_d3_v1	{"won": false, "mode": "paper", "outcome": "down", "pnl_usd": -5.0, "direction": "UP", "stake_usd": "5", "entry_vwap": "0.7589981224783286517521219136", "event_type": "sleeve_fire_resolved", "slot_end_us": 1782266700000000, "condition_id": "0xe08acfdb804656408d6cd333ef2c6831fb9e58ef17037494ff391c87edc08ab8", "resolve_at_us": 1782266745000000}
2026-06-24 03:06:00.004889+00	fire	poly_sniper_v5_eth_5m_l_ema50_hurst_grandparent_V10	{"mode": "paper", "fired": true, "reason": "paper_fill", "fire_us": 1782270360000000, "direction": "DOWN", "stake_usd": "5", "entry_vwap": "0.6483790523690773355269811871"}
2026-06-24 03:10:00.00534+00	fire	poly_sniper_v5_btc_15m_ema50_ema800_off600_down	{"mode": "paper", "fired": true, "reason": "paper_fill", "fire_us": 1782270600000000, "direction": "DOWN", "stake_usd": "5", "entry_vwap": "0.6300000000000000044408920983"}
2026-06-24 03:10:00.153772+00	order_placed	kalshi_sniper_btc_15m_ema50_ema800_off600_down_H	{"mode": "paper", "side": "no", "fired": true, "status": "paper", "ticker": "KXBTC15M-26JUN232315-15", "offset_s": 600, "order_id": "paper-kalshi_sniper_btc_15m_ema50_ema800_off600_down_H-1782270600000000", "direction": "DOWN", "entry_ask": 0.69, "entry_vwap": "0.6899999999999999467092948178", "filled_count": 7}
2026-06-24 03:12:45.052442+00	resolve	poly_sniper_v5_eth_5m_l_ema50_hurst_grandparent_V10	{"won": true, "mode": "paper", "outcome": "down", "pnl_usd": 2.7115384615384612, "direction": "DOWN", "stake_usd": "5", "entry_vwap": "0.6483790523690773355269811871", "event_type": "sleeve_fire_resolved", "slot_end_us": 1782270600000000, "condition_id": "0x2ebf8d64aa8d110742a7ca34037a14e6c934eb8ed44437c97ef0940753c5dfb5", "resolve_at_us": 1782270645000000}
2026-06-24 03:15:45.009493+00	resolve	poly_sniper_v5_btc_15m_ema50_ema800_off600_down	{"won": true, "mode": "paper", "outcome": "down", "pnl_usd": 2.9365079365079367, "direction": "DOWN", "stake_usd": "5", "entry_vwap": "0.6300000000000000044408920983", "event_type": "sleeve_fire_resolved", "slot_end_us": 1782270900000000, "condition_id": "0xb3fbf462698e0267018ae6aef3ec45509c8c3db6e73f70065ba74d3fdcd54182", "resolve_at_us": 1782270945000000}
2026-06-24 03:15:45.106374+00	resolve	kalshi_sniper_btc_15m_ema50_ema800_off600_down_H	{"won": true, "mode": "paper", "ticker": "KXBTC15M-26JUN232315-15", "outcome": "no", "pnl_usd": 2.2463768115942035, "direction": "DOWN", "stake_usd": "5", "entry_vwap": "0.6899999999999999467092948178", "event_type": "sleeve_fire_resolved", "resolve_at_us": 1782270945000000, "window_end_us": 1782270900000000}
2026-06-24 03:21:00.003828+00	fire	poly_sniper_v5_eth_5m_l_ema50_hurst_grandparent_V10	{"mode": "paper", "fired": true, "reason": "paper_fill", "fire_us": 1782271260000000, "direction": "DOWN", "stake_usd": "5", "entry_vwap": "0.2700000000000000177635683939"}
2026-06-24 03:25:00.00545+00	fire	poly_sniper_v5_btc_15m_ema50_ema800_off600_down	{"mode": "paper", "fired": true, "reason": "paper_fill", "fire_us": 1782271500000000, "direction": "DOWN", "stake_usd": "5", "entry_vwap": "0.7299999999999999822364316058"}
2026-06-24 03:25:00.187596+00	order_placed	kalshi_sniper_btc_15m_ema50_ema800_off600_down_H	{"mode": "paper", "side": "no", "fired": true, "status": "paper", "ticker": "KXBTC15M-26JUN232330-30", "offset_s": 600, "order_id": "paper-kalshi_sniper_btc_15m_ema50_ema800_off600_down_H-1782271500000000", "direction": "DOWN", "entry_ask": 0.83, "entry_vwap": "0.8299999999999999600319711132", "filled_count": 6}
2026-06-24 03:25:45.009144+00	resolve	poly_sniper_v5_eth_5m_l_ema50_hurst_grandparent_V10	{"won": false, "mode": "paper", "outcome": "up", "pnl_usd": -5.0, "direction": "DOWN", "stake_usd": "5", "entry_vwap": "0.2700000000000000177635683939", "event_type": "sleeve_fire_resolved", "slot_end_us": 1782271500000000, "condition_id": "0x87ea716e913553e1f0efedf83d155f26ba1868f4be64ef4fc79b7607437d106f", "resolve_at_us": 1782271545000000}
2026-06-24 03:30:45.093541+00	resolve	kalshi_sniper_btc_15m_ema50_ema800_off600_down_H	{"won": false, "mode": "paper", "ticker": "KXBTC15M-26JUN232330-30", "outcome": "yes", "pnl_usd": -5.0, "direction": "DOWN", "stake_usd": "5", "entry_vwap": "0.8299999999999999600319711132", "event_type": "sleeve_fire_resolved", "resolve_at_us": 1782271845000000, "window_end_us": 1782271800000000}
2026-06-24 03:33:15.052983+00	resolve	poly_sniper_v5_btc_15m_ema50_ema800_off600_down	{"won": false, "mode": "paper", "outcome": "up", "pnl_usd": -5.0, "direction": "DOWN", "stake_usd": "5", "entry_vwap": "0.7299999999999999822364316058", "event_type": "sleeve_fire_resolved", "slot_end_us": 1782271800000000, "condition_id": "0x58b9dd69fbe63eb44da8cbe3baa4ab7e270962be877f899bcc252ffe2f259c78", "resolve_at_us": 1782271845000000}
2026-06-24 04:00:05.004049+00	fire	shadow_scalp_exit_btc_5m_d3_v1	{"mode": "paper", "fired": true, "reason": "paper_fill", "fire_us": 1782273605000000, "direction": "UP", "stake_usd": "5", "entry_vwap": "0.7199999999999999733546474088"}
2026-06-24 04:07:15.038977+00	resolve	shadow_scalp_exit_btc_5m_d3_v1	{"won": false, "mode": "paper", "outcome": "down", "pnl_usd": -5.0, "direction": "UP", "stake_usd": "5", "entry_vwap": "0.7199999999999999733546474088", "event_type": "sleeve_fire_resolved", "slot_end_us": 1782273900000000, "condition_id": "0x6fb87a1814f743af7ebe7528190f2073f6a43eef1d15b64f7b695a2b98139ab0", "resolve_at_us": 1782273945000000}
2026-06-24 04:25:00.028864+00	fire	poly_sniper_v5_btc_15m_ema50_ema800_off600_down	{"mode": "paper", "fired": true, "reason": "paper_fill", "fire_us": 1782275100000000, "direction": "DOWN", "stake_usd": "5", "entry_vwap": "0.5"}
2026-06-24 04:36:45.132021+00	resolve	poly_sniper_v5_btc_15m_ema50_ema800_off600_down	{"won": true, "mode": "paper", "outcome": "down", "pnl_usd": 5.0, "direction": "DOWN", "stake_usd": "5", "entry_vwap": "0.5", "event_type": "sleeve_fire_resolved", "slot_end_us": 1782275400000000, "condition_id": "0x9d3e487b3928b79466cd1ffa51cc1491a3e22e8af4113e67803514a182187556", "resolve_at_us": 1782275445000000}
2026-06-24 05:40:05.008722+00	fire	shadow_scalp_exit_btc_5m_d3_v1	{"mode": "paper", "fired": true, "reason": "paper_fill", "fire_us": 1782279605000000, "direction": "DOWN", "stake_usd": "5", "entry_vwap": "0.5100000000000000088817841969"}
2026-06-24 05:47:15.032384+00	resolve	shadow_scalp_exit_btc_5m_d3_v1	{"won": true, "mode": "paper", "outcome": "down", "pnl_usd": 4.803921568627452, "direction": "DOWN", "stake_usd": "5", "entry_vwap": "0.5100000000000000088817841969", "event_type": "sleeve_fire_resolved", "slot_end_us": 1782279900000000, "condition_id": "0x0ce165350a715d805ea7aeb81e32930de3be34a06d3ec7359c383e51db7e856d", "resolve_at_us": 1782279945000000}
2026-06-24 07:10:00.184259+00	order_placed	kalshi_sniper_btc_15m_ema50_ema800_off600_down_H	{"mode": "paper", "side": "no", "fired": true, "status": "paper", "ticker": "KXBTC15M-26JUN240315-15", "offset_s": 600, "order_id": "paper-kalshi_sniper_btc_15m_ema50_ema800_off600_down_H-1782285000000000", "direction": "DOWN", "entry_ask": 0.89, "entry_vwap": "0.8900000000000001243449787578", "filled_count": 5}
2026-06-24 07:15:45.091586+00	resolve	kalshi_sniper_btc_15m_ema50_ema800_off600_down_H	{"won": false, "mode": "paper", "ticker": "KXBTC15M-26JUN240315-15", "outcome": "yes", "pnl_usd": -5.0, "direction": "DOWN", "stake_usd": "5", "entry_vwap": "0.8900000000000001243449787578", "event_type": "sleeve_fire_resolved", "resolve_at_us": 1782285345000000, "window_end_us": 1782285300000000}
2026-06-24 07:40:00.006403+00	fire	poly_sniper_v5_btc_15m_ema50_ema800_off600_down	{"mode": "paper", "fired": true, "reason": "paper_fill", "fire_us": 1782286800000000, "direction": "DOWN", "stake_usd": "5", "entry_vwap": "0.6700000000000000399680288863"}
2026-06-24 07:40:00.192312+00	order_placed	kalshi_sniper_btc_15m_ema50_ema800_off600_down_H	{"mode": "paper", "side": "no", "fired": true, "status": "paper", "ticker": "KXBTC15M-26JUN240345-45", "offset_s": 600, "order_id": "paper-kalshi_sniper_btc_15m_ema50_ema800_off600_down_H-1782286800000000", "direction": "DOWN", "entry_ask": 0.83, "entry_vwap": "0.8299999999999999600319711132", "filled_count": 6}
2026-06-24 07:45:45.01218+00	resolve	poly_sniper_v5_btc_15m_ema50_ema800_off600_down	{"won": false, "mode": "paper", "outcome": "up", "pnl_usd": -5.0, "direction": "DOWN", "stake_usd": "5", "entry_vwap": "0.6700000000000000399680288863", "event_type": "sleeve_fire_resolved", "slot_end_us": 1782287100000000, "condition_id": "0x49761301daabb0a0df939e159537c5c2b50d054ec0971e733e6c170f52025a55", "resolve_at_us": 1782287145000000}
2026-06-24 07:45:45.094295+00	resolve	kalshi_sniper_btc_15m_ema50_ema800_off600_down_H	{"won": true, "mode": "paper", "ticker": "KXBTC15M-26JUN240345-45", "outcome": "no", "pnl_usd": 1.024096385542169, "direction": "DOWN", "stake_usd": "5", "entry_vwap": "0.8299999999999999600319711132", "event_type": "sleeve_fire_resolved", "resolve_at_us": 1782287145000000, "window_end_us": 1782287100000000}
2026-06-24 07:55:00.003805+00	fire	poly_sniper_v5_btc_15m_ema50_ema800_off600_down	{"mode": "paper", "fired": true, "reason": "paper_fill", "fire_us": 1782287700000000, "direction": "DOWN", "stake_usd": "5", "entry_vwap": "0.6899999999999999467092948178"}
2026-06-24 07:55:00.12196+00	order_placed	kalshi_sniper_btc_15m_ema50_ema800_off600_down_H	{"mode": "paper", "side": "no", "fired": true, "status": "paper", "ticker": "KXBTC15M-26JUN240400-00", "offset_s": 600, "order_id": "paper-kalshi_sniper_btc_15m_ema50_ema800_off600_down_H-1782287700000000", "direction": "DOWN", "entry_ask": 0.69, "entry_vwap": "0.6899999999999999467092948178", "filled_count": 7}
2026-06-24 08:00:45.013164+00	resolve	poly_sniper_v5_btc_15m_ema50_ema800_off600_down	{"won": true, "mode": "paper", "outcome": "down", "pnl_usd": 2.2463768115942035, "direction": "DOWN", "stake_usd": "5", "entry_vwap": "0.6899999999999999467092948178", "event_type": "sleeve_fire_resolved", "slot_end_us": 1782288000000000, "condition_id": "0x65d4e2d9b2538e76da0b29b20fefcb49c22ac0a07f3a5f3ba66d0f88717f3ff0", "resolve_at_us": 1782288045000000}
2026-06-24 08:00:45.090239+00	resolve	kalshi_sniper_btc_15m_ema50_ema800_off600_down_H	{"won": true, "mode": "paper", "ticker": "KXBTC15M-26JUN240400-00", "outcome": "no", "pnl_usd": 2.2463768115942035, "direction": "DOWN", "stake_usd": "5", "entry_vwap": "0.6899999999999999467092948178", "event_type": "sleeve_fire_resolved", "resolve_at_us": 1782288045000000, "window_end_us": 1782288000000000}
2026-06-24 08:10:00.00451+00	fire	poly_sniper_v5_btc_15m_ema50_ema800_off600_down	{"mode": "paper", "fired": true, "reason": "paper_fill", "fire_us": 1782288600000000, "direction": "DOWN", "stake_usd": "5", "entry_vwap": "0.6300000000000000044408920983"}
2026-06-24 08:10:00.097728+00	order_placed	kalshi_sniper_btc_15m_ema50_ema800_off600_down_H	{"mode": "paper", "side": "no", "fired": true, "status": "paper", "ticker": "KXBTC15M-26JUN240415-15", "offset_s": 600, "order_id": "paper-kalshi_sniper_btc_15m_ema50_ema800_off600_down_H-1782288600000000", "direction": "DOWN", "entry_ask": 0.5900000000000001, "entry_vwap": "0.5900000000000000799360577728", "filled_count": 8}
2026-06-24 08:15:45.010824+00	resolve	poly_sniper_v5_btc_15m_ema50_ema800_off600_down	{"won": false, "mode": "paper", "outcome": "up", "pnl_usd": -5.0, "direction": "DOWN", "stake_usd": "5", "entry_vwap": "0.6300000000000000044408920983", "event_type": "sleeve_fire_resolved", "slot_end_us": 1782288900000000, "condition_id": "0x344782db1d96903dddb98a0a858fa98cbc47c47b092d7d937c922e39b4c6df8d", "resolve_at_us": 1782288945000000}
2026-06-24 08:15:45.096306+00	resolve	kalshi_sniper_btc_15m_ema50_ema800_off600_down_H	{"won": false, "mode": "paper", "ticker": "KXBTC15M-26JUN240415-15", "outcome": "yes", "pnl_usd": -5.0, "direction": "DOWN", "stake_usd": "5", "entry_vwap": "0.5900000000000000799360577728", "event_type": "sleeve_fire_resolved", "resolve_at_us": 1782288945000000, "window_end_us": 1782288900000000}
2026-06-24 09:31:00.005355+00	fire	poly_sniper_v5_eth_5m_l_ema50_hurst_grandparent_V10	{"mode": "paper", "fired": true, "reason": "paper_fill", "fire_us": 1782293460000000, "direction": "DOWN", "stake_usd": "5", "entry_vwap": "0.6336633663366336710609516555"}
2026-06-24 09:40:15.131053+00	resolve	poly_sniper_v5_eth_5m_l_ema50_hurst_grandparent_V10	{"won": true, "mode": "paper", "outcome": "down", "pnl_usd": 2.890625, "direction": "DOWN", "stake_usd": "5", "entry_vwap": "0.6336633663366336710609516555", "event_type": "sleeve_fire_resolved", "slot_end_us": 1782293700000000, "condition_id": "0xe72cb7b5ce9bc37a5d096ec99e61a7fdfe3b36212ca8ca9ad742d48f24b550d3", "resolve_at_us": 1782293745000000}
2026-06-24 10:10:00.003531+00	fire	poly_sniper_v5_btc_15m_ema50_ema800_off600_down	{"mode": "paper", "fired": true, "reason": "paper_fill", "fire_us": 1782295800000000, "direction": "DOWN", "stake_usd": "5", "entry_vwap": "0.8900000000000001243449787578"}
2026-06-24 10:15:45.009315+00	resolve	poly_sniper_v5_btc_15m_ema50_ema800_off600_down	{"won": true, "mode": "paper", "outcome": "down", "pnl_usd": 0.6179775280898869, "direction": "DOWN", "stake_usd": "5", "entry_vwap": "0.8900000000000001243449787578", "event_type": "sleeve_fire_resolved", "slot_end_us": 1782296100000000, "condition_id": "0x67a2fb28ca248cd410b0516e2df2942804b0bc3f7919f012550b5a9db652c465", "resolve_at_us": 1782296145000000}
2026-06-24 10:25:00.004336+00	fire	poly_sniper_v5_btc_15m_ema50_ema800_off600_down	{"mode": "paper", "fired": true, "reason": "paper_fill", "fire_us": 1782296700000000, "direction": "DOWN", "stake_usd": "5", "entry_vwap": "0.7800000000000000266453525907"}
2026-06-24 10:25:00.186924+00	order_placed	kalshi_sniper_btc_15m_ema50_ema800_off600_down_H	{"mode": "paper", "side": "no", "fired": true, "status": "paper", "ticker": "KXBTC15M-26JUN240630-30", "offset_s": 600, "order_id": "paper-kalshi_sniper_btc_15m_ema50_ema800_off600_down_H-1782296700000000", "direction": "DOWN", "entry_ask": 0.77, "entry_vwap": "0.7700000000000000177635683938", "filled_count": 6}
2026-06-24 10:30:45.060495+00	resolve	poly_sniper_v5_btc_15m_ema50_ema800_off600_down	{"won": true, "mode": "paper", "outcome": "down", "pnl_usd": 1.41025641025641, "direction": "DOWN", "stake_usd": "5", "entry_vwap": "0.7800000000000000266453525907", "event_type": "sleeve_fire_resolved", "slot_end_us": 1782297000000000, "condition_id": "0x1c212714b59c92ca89f65e52a3d053badf5ffbe68046ff07f323eb968e977ec6", "resolve_at_us": 1782297045000000}
2026-06-24 10:30:45.107374+00	resolve	kalshi_sniper_btc_15m_ema50_ema800_off600_down_H	{"won": true, "mode": "paper", "ticker": "KXBTC15M-26JUN240630-30", "outcome": "no", "pnl_usd": 1.4935064935064926, "direction": "DOWN", "stake_usd": "5", "entry_vwap": "0.7700000000000000177635683938", "event_type": "sleeve_fire_resolved", "resolve_at_us": 1782297045000000, "window_end_us": 1782297000000000}
2026-06-24 10:40:00.005117+00	fire	poly_sniper_v5_btc_15m_ema50_ema800_off600_down	{"mode": "paper", "fired": true, "reason": "paper_fill", "fire_us": 1782297600000000, "direction": "DOWN", "stake_usd": "5", "entry_vwap": "0.0899999999999999966693309261"}
2026-06-24 10:46:15.019547+00	resolve	poly_sniper_v5_btc_15m_ema50_ema800_off600_down	{"won": false, "mode": "paper", "outcome": "up", "pnl_usd": -5.0, "direction": "DOWN", "stake_usd": "5", "entry_vwap": "0.0899999999999999966693309261", "event_type": "sleeve_fire_resolved", "slot_end_us": 1782297900000000, "condition_id": "0x4babda615fa117aba4d37d0629df23381cbd39ee3716ce71675ad5e81aef6460", "resolve_at_us": 1782297945000000}
2026-06-24 10:55:00.004389+00	fire	poly_sniper_v5_btc_15m_ema50_ema800_off600_down	{"mode": "paper", "fired": true, "reason": "paper_fill", "fire_us": 1782298500000000, "direction": "DOWN", "stake_usd": "5", "entry_vwap": "0.9890000000000001012523398454"}
2026-06-24 11:00:45.011987+00	resolve	poly_sniper_v5_btc_15m_ema50_ema800_off600_down	{"won": true, "mode": "paper", "outcome": "down", "pnl_usd": 0.05561172901921081, "direction": "DOWN", "stake_usd": "5", "entry_vwap": "0.9890000000000001012523398454", "event_type": "sleeve_fire_resolved", "slot_end_us": 1782298800000000, "condition_id": "0xe7fcf87f7be2ad5ca38ce8090ca5004ecebcfdc8095cd7f081d217e56f929000", "resolve_at_us": 1782298845000000}
2026-06-24 11:10:00.006337+00	fire	poly_sniper_v5_btc_15m_ema50_ema800_off600_down	{"mode": "paper", "fired": true, "reason": "paper_fill", "fire_us": 1782299400000000, "direction": "DOWN", "stake_usd": "5", "entry_vwap": "0.9799999999999999822364316056"}
2026-06-24 11:16:45.02759+00	resolve	poly_sniper_v5_btc_15m_ema50_ema800_off600_down	{"won": true, "mode": "paper", "outcome": "down", "pnl_usd": 0.10204081632653013, "direction": "DOWN", "stake_usd": "5", "entry_vwap": "0.9799999999999999822364316056", "event_type": "sleeve_fire_resolved", "slot_end_us": 1782299700000000, "condition_id": "0x43a54f98381f27254274c8cd8680485d79e7d84c64de41631641be566b57c4a7", "resolve_at_us": 1782299745000000}
2026-06-24 11:25:00.003658+00	fire	poly_sniper_v5_btc_15m_ema50_ema800_off600_down	{"mode": "paper", "fired": true, "reason": "paper_fill", "fire_us": 1782300300000000, "direction": "DOWN", "stake_usd": "5", "entry_vwap": "0.2600000000000000088817841969"}
2026-06-24 11:25:00.388992+00	order_placed	kalshi_sniper_btc_15m_ema50_ema800_off600_down_H	{"mode": "paper", "side": "no", "fired": true, "status": "paper", "ticker": "KXBTC15M-26JUN240730-30", "offset_s": 600, "order_id": "paper-kalshi_sniper_btc_15m_ema50_ema800_off600_down_H-1782300300000000", "direction": "DOWN", "entry_ask": 0.20999999999999996, "entry_vwap": "0.2099999999999999644728632119", "filled_count": 23}
2026-06-24 11:30:45.008148+00	resolve	poly_sniper_v5_btc_15m_ema50_ema800_off600_down	{"won": false, "mode": "paper", "outcome": "up", "pnl_usd": -5.0, "direction": "DOWN", "stake_usd": "5", "entry_vwap": "0.2600000000000000088817841969", "event_type": "sleeve_fire_resolved", "slot_end_us": 1782300600000000, "condition_id": "0x144bc269550d9105e2ab2eac5b494a1b0e3b7850d5519ca02648e63e58583b5b", "resolve_at_us": 1782300645000000}
2026-06-24 11:30:45.256051+00	resolve	kalshi_sniper_btc_15m_ema50_ema800_off600_down_H	{"won": false, "mode": "paper", "ticker": "KXBTC15M-26JUN240730-30", "outcome": "yes", "pnl_usd": -5.0, "direction": "DOWN", "stake_usd": "5", "entry_vwap": "0.2099999999999999644728632119", "event_type": "sleeve_fire_resolved", "resolve_at_us": 1782300645000000, "window_end_us": 1782300600000000}
2026-06-24 11:50:05.005616+00	fire	shadow_scalp_exit_btc_5m_d3_v1	{"mode": "paper", "fired": true, "reason": "paper_fill", "fire_us": 1782301805000000, "direction": "DOWN", "stake_usd": "5", "entry_vwap": "0.6800000000000000488498130833"}
2026-06-24 11:55:05.005414+00	fire	shadow_scalp_exit_btc_5m_d3_v1	{"mode": "paper", "fired": true, "reason": "paper_fill", "fire_us": 1782302105000000, "direction": "DOWN", "stake_usd": "5", "entry_vwap": "0.6300000000000000044408920983"}
2026-06-24 11:56:45.03824+00	resolve	shadow_scalp_exit_btc_5m_d3_v1	{"won": true, "mode": "paper", "outcome": "down", "pnl_usd": 2.352941176470588, "direction": "DOWN", "stake_usd": "5", "entry_vwap": "0.6800000000000000488498130833", "event_type": "sleeve_fire_resolved", "slot_end_us": 1782302100000000, "condition_id": "0xaf08e614fbd4b5cbb99c4055be65191d6f093229cd2e250ca524c70749fe0437", "resolve_at_us": 1782302145000000}
2026-06-24 12:01:15.018427+00	resolve	shadow_scalp_exit_btc_5m_d3_v1	{"won": true, "mode": "paper", "outcome": "down", "pnl_usd": 2.9365079365079367, "direction": "DOWN", "stake_usd": "5", "entry_vwap": "0.6300000000000000044408920983", "event_type": "sleeve_fire_resolved", "slot_end_us": 1782302400000000, "condition_id": "0x0ffeb7d5cc0c4c006e866b58928d84a313e2b9d8fce581ed6013e3a311ce2dc6", "resolve_at_us": 1782302445000000}
2026-06-24 13:10:00.004036+00	fire	poly_sniper_v5_btc_15m_ema50_ema800_off600_down	{"mode": "paper", "fired": true, "reason": "paper_fill", "fire_us": 1782306600000000, "direction": "DOWN", "stake_usd": "5", "entry_vwap": "0.9979999999999999982236431602"}
2026-06-24 13:15:05.010802+00	fire	shadow_scalp_exit_btc_5m_d3_v1	{"mode": "paper", "fired": true, "reason": "paper_fill", "fire_us": 1782306905000000, "direction": "UP", "stake_usd": "5", "entry_vwap": "0.6600000000000000310862446891"}
2026-06-24 13:15:45.011918+00	resolve	poly_sniper_v5_btc_15m_ema50_ema800_off600_down	{"won": true, "mode": "paper", "outcome": "down", "pnl_usd": 0.010020040080159772, "direction": "DOWN", "stake_usd": "5", "entry_vwap": "0.9979999999999999982236431602", "event_type": "sleeve_fire_resolved", "slot_end_us": 1782306900000000, "condition_id": "0x1b6755ba7427d6c1a0e7c81d1a7fcc50ee385b21ee4b400d99505a33092951fe", "resolve_at_us": 1782306945000000}
2026-06-24 13:21:45.028626+00	resolve	shadow_scalp_exit_btc_5m_d3_v1	{"won": true, "mode": "paper", "outcome": "up", "pnl_usd": 2.5757575757575744, "direction": "UP", "stake_usd": "5", "entry_vwap": "0.6600000000000000310862446891", "event_type": "sleeve_fire_resolved", "slot_end_us": 1782307200000000, "condition_id": "0x8cba07e0bdf2232d266186d5ecf1ef53f77336a78ea2699296098063d0a3bebd", "resolve_at_us": 1782307245000000}
2026-06-24 13:25:00.005535+00	fire	poly_sniper_v5_btc_15m_ema50_ema800_off600_down	{"mode": "paper", "fired": true, "reason": "paper_fill", "fire_us": 1782307500000000, "direction": "DOWN", "stake_usd": "5", "entry_vwap": "0.9300000000000000488498130831"}
2026-06-24 13:25:05.007245+00	fire	shadow_scalp_exit_btc_5m_d3_v1	{"mode": "paper", "fired": true, "reason": "paper_fill", "fire_us": 1782307505000000, "direction": "DOWN", "stake_usd": "5", "entry_vwap": "0.5699999999999999511501869163"}
2026-06-24 13:31:15.020179+00	resolve	poly_sniper_v5_btc_15m_ema50_ema800_off600_down	{"won": true, "mode": "paper", "outcome": "down", "pnl_usd": 0.3763440860215051, "direction": "DOWN", "stake_usd": "5", "entry_vwap": "0.9300000000000000488498130831", "event_type": "sleeve_fire_resolved", "slot_end_us": 1782307800000000, "condition_id": "0x99a4348be79866708ee5c3b1b266b1d9290b241291a15ee513b6a8b3149c12e4", "resolve_at_us": 1782307845000000}
2026-06-24 13:32:15.040417+00	resolve	shadow_scalp_exit_btc_5m_d3_v1	{"won": false, "mode": "paper", "outcome": "up", "pnl_usd": -5.0, "direction": "DOWN", "stake_usd": "5", "entry_vwap": "0.5699999999999999511501869163", "event_type": "sleeve_fire_resolved", "slot_end_us": 1782307800000000, "condition_id": "0xc5e2fc4a61c14669a0ce08f8cae1caa7c0fa9cd96a43c40cbe9379de2ad96006", "resolve_at_us": 1782307845000000}
2026-06-24 13:35:05.00534+00	fire	shadow_scalp_exit_btc_5m_d3_v1	{"mode": "paper", "fired": true, "reason": "paper_fill", "fire_us": 1782308105000000, "direction": "DOWN", "stake_usd": "5", "entry_vwap": "0.6700000000000000399680288863"}
2026-06-24 13:40:00.008746+00	fire	poly_sniper_v5_btc_15m_ema50_ema800_off600_down	{"mode": "paper", "fired": true, "reason": "paper_fill", "fire_us": 1782308400000000, "direction": "DOWN", "stake_usd": "5", "entry_vwap": "0.4700000000000000288657986401"}
2026-06-24 13:40:00.205228+00	order_placed	kalshi_sniper_btc_15m_ema50_ema800_off600_down_H	{"mode": "paper", "side": "no", "fired": true, "status": "paper", "ticker": "KXBTC15M-26JUN240945-45", "offset_s": 600, "order_id": "paper-kalshi_sniper_btc_15m_ema50_ema800_off600_down_H-1782308400000000", "direction": "DOWN", "entry_ask": 0.53, "entry_vwap": "0.5300000000000000266453525908", "filled_count": 9}
2026-06-24 13:42:15.039487+00	resolve	shadow_scalp_exit_btc_5m_d3_v1	{"won": true, "mode": "paper", "outcome": "down", "pnl_usd": 2.4626865671641776, "direction": "DOWN", "stake_usd": "5", "entry_vwap": "0.6700000000000000399680288863", "event_type": "sleeve_fire_resolved", "slot_end_us": 1782308400000000, "condition_id": "0xdae8c18648abf359f93350590ed70f177908533f6140069511d478909fe2821a", "resolve_at_us": 1782308445000000}
2026-06-24 13:45:05.004385+00	fire	shadow_scalp_exit_btc_5m_d3_v1	{"mode": "paper", "fired": true, "reason": "paper_fill", "fire_us": 1782308705000000, "direction": "UP", "stake_usd": "5", "entry_vwap": "0.612176385789608756837765213"}
2026-06-24 13:45:45.096209+00	resolve	kalshi_sniper_btc_15m_ema50_ema800_off600_down_H	{"won": true, "mode": "paper", "ticker": "KXBTC15M-26JUN240945-45", "outcome": "no", "pnl_usd": 4.433962264150942, "direction": "DOWN", "stake_usd": "5", "entry_vwap": "0.5300000000000000266453525908", "event_type": "sleeve_fire_resolved", "resolve_at_us": 1782308745000000, "window_end_us": 1782308700000000}
2026-06-24 13:46:45.029596+00	resolve	poly_sniper_v5_btc_15m_ema50_ema800_off600_down	{"won": true, "mode": "paper", "outcome": "down", "pnl_usd": 5.638297872340425, "direction": "DOWN", "stake_usd": "5", "entry_vwap": "0.4700000000000000288657986401", "event_type": "sleeve_fire_resolved", "slot_end_us": 1782308700000000, "condition_id": "0x235159f474a075de2ad4543e8ccf6a9e4a0efcca110a80e09907f41800f4511d", "resolve_at_us": 1782308745000000}
2026-06-24 13:52:15.044247+00	resolve	shadow_scalp_exit_btc_5m_d3_v1	{"won": false, "mode": "paper", "outcome": "down", "pnl_usd": -5.0, "direction": "UP", "stake_usd": "5", "entry_vwap": "0.612176385789608756837765213", "event_type": "sleeve_fire_resolved", "slot_end_us": 1782309000000000, "condition_id": "0x3b51da381d09dd5466af9aceb1cced0f418326cda26304b99c4192104120b976", "resolve_at_us": 1782309045000000}
2026-06-24 13:55:00.003543+00	fire	poly_sniper_v5_btc_15m_ema50_ema800_off600_down	{"mode": "paper", "fired": true, "reason": "paper_fill", "fire_us": 1782309300000000, "direction": "DOWN", "stake_usd": "5", "entry_vwap": "0.5400000000000000355271367879"}
2026-06-24 13:55:00.193736+00	order_placed	kalshi_sniper_btc_15m_ema50_ema800_off600_down_H	{"mode": "paper", "side": "no", "fired": true, "status": "paper", "ticker": "KXBTC15M-26JUN241000-00", "offset_s": 600, "order_id": "paper-kalshi_sniper_btc_15m_ema50_ema800_off600_down_H-1782309300000000", "direction": "DOWN", "entry_ask": 0.53, "entry_vwap": "0.5300000000000000266453525908", "filled_count": 9}
2026-06-24 13:55:05.006364+00	fire	shadow_scalp_exit_btc_5m_d3_v1	{"mode": "paper", "fired": true, "reason": "paper_fill", "fire_us": 1782309305000000, "direction": "DOWN", "stake_usd": "5", "entry_vwap": "0.5719921104536489497860429763"}
2026-06-24 14:00:45.097054+00	resolve	kalshi_sniper_btc_15m_ema50_ema800_off600_down_H	{"won": true, "mode": "paper", "ticker": "KXBTC15M-26JUN241000-00", "outcome": "no", "pnl_usd": 4.433962264150942, "direction": "DOWN", "stake_usd": "5", "entry_vwap": "0.5300000000000000266453525908", "event_type": "sleeve_fire_resolved", "resolve_at_us": 1782309645000000, "window_end_us": 1782309600000000}
2026-06-24 14:01:45.027672+00	resolve	poly_sniper_v5_btc_15m_ema50_ema800_off600_down	{"won": true, "mode": "paper", "outcome": "down", "pnl_usd": 4.259259259259259, "direction": "DOWN", "stake_usd": "5", "entry_vwap": "0.5400000000000000355271367879", "event_type": "sleeve_fire_resolved", "slot_end_us": 1782309600000000, "condition_id": "0x16bf66478ea9f1f9d07a29538b4016e4539491798e5513a48f0657ab470cd854", "resolve_at_us": 1782309645000000}
2026-06-24 14:02:15.040971+00	resolve	shadow_scalp_exit_btc_5m_d3_v1	{"won": true, "mode": "paper", "outcome": "down", "pnl_usd": 3.7413793103448274, "direction": "DOWN", "stake_usd": "5", "entry_vwap": "0.5719921104536489497860429763", "event_type": "sleeve_fire_resolved", "slot_end_us": 1782309600000000, "condition_id": "0x8a77ddaabadfbccd4a3cddf52d9b900b4bcf11f7632106ef7f62af701f064425", "resolve_at_us": 1782309645000000}
2026-06-24 14:10:00.004199+00	fire	poly_sniper_v5_btc_15m_ema50_ema800_off600_down	{"mode": "paper", "fired": true, "reason": "paper_fill", "fire_us": 1782310200000000, "direction": "DOWN", "stake_usd": "5", "entry_vwap": "0.4411764705882353365673509414"}
2026-06-24 14:10:00.198058+00	order_placed	kalshi_sniper_btc_15m_ema50_ema800_off600_down_H	{"mode": "paper", "side": "no", "fired": true, "status": "paper", "ticker": "KXBTC15M-26JUN241015-15", "offset_s": 600, "order_id": "paper-kalshi_sniper_btc_15m_ema50_ema800_off600_down_H-1782310200000000", "direction": "DOWN", "entry_ask": 0.48, "entry_vwap": "0.4799999999999999267252803745", "filled_count": 10}
2026-06-24 14:15:45.021115+00	resolve	poly_sniper_v5_btc_15m_ema50_ema800_off600_down	{"won": true, "mode": "paper", "outcome": "down", "pnl_usd": 6.333333333333333, "direction": "DOWN", "stake_usd": "5", "entry_vwap": "0.4411764705882353365673509414", "event_type": "sleeve_fire_resolved", "slot_end_us": 1782310500000000, "condition_id": "0x2eac8851caf1d99da1b1683507ae30bea6c43c3dd04551bb2c539e8655bd7202", "resolve_at_us": 1782310545000000}
2026-06-24 14:15:45.121488+00	resolve	kalshi_sniper_btc_15m_ema50_ema800_off600_down_H	{"won": true, "mode": "paper", "ticker": "KXBTC15M-26JUN241015-15", "outcome": "no", "pnl_usd": 5.416666666666668, "direction": "DOWN", "stake_usd": "5", "entry_vwap": "0.4799999999999999267252803745", "event_type": "sleeve_fire_resolved", "resolve_at_us": 1782310545000000, "window_end_us": 1782310500000000}
2026-06-24 14:16:00.185632+00	order_placed	kalshi_scalp_exit_btc_15m_d3_v1	{"mode": "paper", "side": "no", "fired": true, "status": "paper", "ticker": "KXBTC15M-26JUN241030-30", "offset_s": 60, "order_id": "paper-kalshi_scalp_exit_btc_15m_d3_v1-1782310560000000", "direction": "DOWN", "entry_ask": 0.48, "entry_vwap": "0.4799999999999999267252803745", "filled_count": 10}
2026-06-24 14:17:01.80099+00	resolve	kalshi_scalp_exit_btc_15m_d3_v1	{"mode": "paper", "shares": 10, "ticker": "KXBTC15M-26JUN241030-30", "direction": "DOWN", "exit_type": "scalp_time", "fill_vwap": 0.48, "sell_vwap": 0.56, "realized_pnl": 0.8000000000000007, "suppress_settlement": true}
2026-06-24 14:25:00.006716+00	fire	poly_sniper_v5_btc_15m_ema50_ema800_off600_down	{"mode": "paper", "fired": true, "reason": "paper_fill", "fire_us": 1782311100000000, "direction": "DOWN", "stake_usd": "5", "entry_vwap": "0.4599999999999999644728632118"}
2026-06-24 14:25:00.192502+00	order_placed	kalshi_sniper_btc_15m_ema50_ema800_off600_down_H	{"mode": "paper", "side": "no", "fired": true, "status": "paper", "ticker": "KXBTC15M-26JUN241030-30", "offset_s": 600, "order_id": "paper-kalshi_sniper_btc_15m_ema50_ema800_off600_down_H-1782311100000000", "direction": "DOWN", "entry_ask": 0.31000000000000005, "entry_vwap": "0.3100000000000000532907051819", "filled_count": 16}
2026-06-24 14:30:45.113972+00	resolve	kalshi_sniper_btc_15m_ema50_ema800_off600_down_H	{"won": false, "mode": "paper", "ticker": "KXBTC15M-26JUN241030-30", "outcome": "yes", "pnl_usd": -5.0, "direction": "DOWN", "stake_usd": "5", "entry_vwap": "0.3100000000000000532907051819", "event_type": "sleeve_fire_resolved", "resolve_at_us": 1782311445000000, "window_end_us": 1782311400000000}
2026-06-24 14:33:45.085112+00	resolve	poly_sniper_v5_btc_15m_ema50_ema800_off600_down	{"won": true, "mode": "paper", "outcome": "down", "pnl_usd": 5.869565217391305, "direction": "DOWN", "stake_usd": "5", "entry_vwap": "0.4599999999999999644728632118", "event_type": "sleeve_fire_resolved", "slot_end_us": 1782311400000000, "condition_id": "0x034e1630bbe5b4349d6303373e2c31b4221c91831586d8990c693d85f2774f7c", "resolve_at_us": 1782311445000000}
2026-06-24 14:40:00.004223+00	fire	poly_sniper_v5_btc_15m_ema50_ema800_off600_down	{"mode": "paper", "fired": true, "reason": "paper_fill", "fire_us": 1782312000000000, "direction": "DOWN", "stake_usd": "5", "entry_vwap": "0.7900000000000000355271367877"}
2026-06-24 14:40:00.358756+00	order_placed	kalshi_sniper_btc_15m_ema50_ema800_off600_down_H	{"mode": "paper", "side": "no", "fired": true, "status": "paper", "ticker": "KXBTC15M-26JUN241045-45", "offset_s": 600, "order_id": "paper-kalshi_sniper_btc_15m_ema50_ema800_off600_down_H-1782312000000000", "direction": "DOWN", "entry_ask": 0.75, "entry_vwap": "0.75", "filled_count": 6}
2026-06-24 14:40:05.006006+00	fire	shadow_scalp_exit_btc_5m_d3_v1	{"mode": "paper", "fired": true, "reason": "paper_fill", "fire_us": 1782312005000000, "direction": "UP", "stake_usd": "5", "entry_vwap": "0.6534524068830320775447262348"}
2026-06-24 14:45:45.12174+00	resolve	kalshi_sniper_btc_15m_ema50_ema800_off600_down_H	{"won": true, "mode": "paper", "ticker": "KXBTC15M-26JUN241045-45", "outcome": "no", "pnl_usd": 1.6666666666666667, "direction": "DOWN", "stake_usd": "5", "entry_vwap": "0.75", "event_type": "sleeve_fire_resolved", "resolve_at_us": 1782312345000000, "window_end_us": 1782312300000000}
2026-06-24 14:46:15.019957+00	resolve	poly_sniper_v5_btc_15m_ema50_ema800_off600_down	{"won": true, "mode": "paper", "outcome": "down", "pnl_usd": 1.3291139240506327, "direction": "DOWN", "stake_usd": "5", "entry_vwap": "0.7900000000000000355271367877", "event_type": "sleeve_fire_resolved", "slot_end_us": 1782312300000000, "condition_id": "0x8380f7b0ee949fbf3aa78d55491a5649d76ee3bcc3e6359b948d412c84611d25", "resolve_at_us": 1782312345000000}
2026-06-24 14:46:15.024418+00	resolve	shadow_scalp_exit_btc_5m_d3_v1	{"won": true, "mode": "paper", "outcome": "up", "pnl_usd": 2.651666666666666, "direction": "UP", "stake_usd": "5", "entry_vwap": "0.6534524068830320775447262348", "event_type": "sleeve_fire_resolved", "slot_end_us": 1782312300000000, "condition_id": "0x3c949a49d91b4f25e12587bff8d2ccc382b9ffd1332bd9f6ba48e21a1399952c", "resolve_at_us": 1782312345000000}
2026-06-24 14:50:05.004773+00	fire	shadow_scalp_exit_btc_5m_d3_v1	{"mode": "paper", "fired": true, "reason": "paper_fill", "fire_us": 1782312605000000, "direction": "UP", "stake_usd": "5", "entry_vwap": "0.5999999999999999777955395073"}
2026-06-24 14:55:00.004035+00	fire	poly_sniper_v5_btc_15m_ema50_ema800_off600_down	{"mode": "paper", "fired": true, "reason": "paper_fill", "fire_us": 1782312900000000, "direction": "DOWN", "stake_usd": "5", "entry_vwap": "0.9300000000000000488498130831"}
2026-06-24 14:56:45.031084+00	resolve	shadow_scalp_exit_btc_5m_d3_v1	{"won": false, "mode": "paper", "outcome": "down", "pnl_usd": -5.0, "direction": "UP", "stake_usd": "5", "entry_vwap": "0.5999999999999999777955395073", "event_type": "sleeve_fire_resolved", "slot_end_us": 1782312900000000, "condition_id": "0x03a107fbdedebeff4973e724deb6defffd41447e13eb67b54f62fa15c452822f", "resolve_at_us": 1782312945000000}
2026-06-24 15:00:05.015732+00	fire	shadow_scalp_exit_btc_5m_d3_v1	{"mode": "paper", "fired": true, "reason": "paper_fill", "fire_us": 1782313205000000, "direction": "DOWN", "stake_usd": "5", "entry_vwap": "0.6500000000000000222044604923"}
2026-06-24 15:01:00.204702+00	order_placed	kalshi_scalp_exit_btc_15m_d3_v1	{"mode": "paper", "side": "no", "fired": true, "status": "paper", "ticker": "KXBTC15M-26JUN241115-15", "offset_s": 60, "order_id": "paper-kalshi_scalp_exit_btc_15m_d3_v1-1782313260000000", "direction": "DOWN", "entry_ask": 0.51, "entry_vwap": "0.5100000000000000088817841969", "filled_count": 9}
2026-06-24 15:01:45.032377+00	resolve	poly_sniper_v5_btc_15m_ema50_ema800_off600_down	{"won": true, "mode": "paper", "outcome": "down", "pnl_usd": 0.3763440860215051, "direction": "DOWN", "stake_usd": "5", "entry_vwap": "0.9300000000000000488498130831", "event_type": "sleeve_fire_resolved", "slot_end_us": 1782313200000000, "condition_id": "0x01e6bca9efa4be33032e0f700a27f6ae11823706e65581501937743d73cb74c5", "resolve_at_us": 1782313245000000}
2026-06-24 15:02:02.114642+00	resolve	kalshi_scalp_exit_btc_15m_d3_v1	{"mode": "paper", "shares": 9, "ticker": "KXBTC15M-26JUN241115-15", "direction": "DOWN", "exit_type": "scalp_time", "fill_vwap": 0.51, "sell_vwap": 0.53, "realized_pnl": 0.18000000000000016, "suppress_settlement": true}
2026-06-24 15:06:15.020442+00	resolve	shadow_scalp_exit_btc_5m_d3_v1	{"won": true, "mode": "paper", "outcome": "down", "pnl_usd": 2.692307692307692, "direction": "DOWN", "stake_usd": "5", "entry_vwap": "0.6500000000000000222044604923", "event_type": "sleeve_fire_resolved", "slot_end_us": 1782313500000000, "condition_id": "0x338d546cedb2c2edb967a6c84599647574e815d3894d20f090151a414c2204f7", "resolve_at_us": 1782313545000000}
2026-06-24 15:10:00.003432+00	fire	poly_sniper_v5_btc_15m_ema50_ema800_off600_down	{"mode": "paper", "fired": true, "reason": "paper_fill", "fire_us": 1782313800000000, "direction": "DOWN", "stake_usd": "5", "entry_vwap": "0.9499999999999999555910790146"}
2026-06-24 15:15:45.041154+00	resolve	poly_sniper_v5_btc_15m_ema50_ema800_off600_down	{"won": true, "mode": "paper", "outcome": "down", "pnl_usd": 0.26315789473684237, "direction": "DOWN", "stake_usd": "5", "entry_vwap": "0.9499999999999999555910790146", "event_type": "sleeve_fire_resolved", "slot_end_us": 1782314100000000, "condition_id": "0xbe4dd95578a5ccb4511121b94a69fb738a0ff33b7b39537adf3d871aa4b90ecd", "resolve_at_us": 1782314145000000}
2026-06-24 15:20:05.005746+00	fire	shadow_scalp_exit_btc_5m_d3_v1	{"mode": "paper", "fired": true, "reason": "paper_fill", "fire_us": 1782314405000000, "direction": "UP", "stake_usd": "5", "entry_vwap": "0.6100000000000000976996261668"}
2026-06-24 15:25:00.004376+00	fire	poly_sniper_v5_btc_15m_ema50_ema800_off600_down	{"mode": "paper", "fired": true, "reason": "paper_fill", "fire_us": 1782314700000000, "direction": "DOWN", "stake_usd": "5", "entry_vwap": "0.2899999999999999800159855566"}
2026-06-24 15:25:00.185626+00	order_placed	kalshi_sniper_btc_15m_ema50_ema800_off600_down_H	{"mode": "paper", "side": "no", "fired": true, "status": "paper", "ticker": "KXBTC15M-26JUN241130-30", "offset_s": 600, "order_id": "paper-kalshi_sniper_btc_15m_ema50_ema800_off600_down_H-1782314700000000", "direction": "DOWN", "entry_ask": 0.32999999999999996, "entry_vwap": "0.3299999999999999600319711134", "filled_count": 15}
2026-06-24 15:26:45.032441+00	resolve	shadow_scalp_exit_btc_5m_d3_v1	{"won": false, "mode": "paper", "outcome": "down", "pnl_usd": -5.0, "direction": "UP", "stake_usd": "5", "entry_vwap": "0.6100000000000000976996261668", "event_type": "sleeve_fire_resolved", "slot_end_us": 1782314700000000, "condition_id": "0x0be8ea677fe4a6c02579b6fee74806b848c449165c5e6cb9aece8e7931ce4344", "resolve_at_us": 1782314745000000}
2026-06-24 15:30:05.017523+00	fire	shadow_scalp_exit_btc_5m_d3_v1	{"mode": "paper", "fired": true, "reason": "paper_fill", "fire_us": 1782315005000000, "direction": "DOWN", "stake_usd": "5", "entry_vwap": "0.6600000000000000310862446891"}
2026-06-24 15:30:45.100293+00	resolve	kalshi_sniper_btc_15m_ema50_ema800_off600_down_H	{"won": true, "mode": "paper", "ticker": "KXBTC15M-26JUN241130-30", "outcome": "no", "pnl_usd": 10.15151515151515, "direction": "DOWN", "stake_usd": "5", "entry_vwap": "0.3299999999999999600319711134", "event_type": "sleeve_fire_resolved", "resolve_at_us": 1782315045000000, "window_end_us": 1782315000000000}
2026-06-24 15:31:45.032325+00	resolve	poly_sniper_v5_btc_15m_ema50_ema800_off600_down	{"won": true, "mode": "paper", "outcome": "down", "pnl_usd": 12.241379310344827, "direction": "DOWN", "stake_usd": "5", "entry_vwap": "0.2899999999999999800159855566", "event_type": "sleeve_fire_resolved", "slot_end_us": 1782315000000000, "condition_id": "0x866e76b182e9f05067613a471101aab1c43bc3ddc8f59d98432b2a2d0b77f036", "resolve_at_us": 1782315045000000}
2026-06-24 15:35:05.004901+00	fire	shadow_scalp_exit_btc_5m_d3_v1	{"mode": "paper", "fired": true, "reason": "paper_fill", "fire_us": 1782315305000000, "direction": "DOWN", "stake_usd": "5", "entry_vwap": "0.5600000000000000532907051819"}
2026-06-24 15:36:45.030262+00	resolve	shadow_scalp_exit_btc_5m_d3_v1	{"won": true, "mode": "paper", "outcome": "down", "pnl_usd": 2.5757575757575744, "direction": "DOWN", "stake_usd": "5", "entry_vwap": "0.6600000000000000310862446891", "event_type": "sleeve_fire_resolved", "slot_end_us": 1782315300000000, "condition_id": "0x2ce55638e9aa00fc29c785a25af3b674d40fe7ea76cd92298a490be2f6c9ce25", "resolve_at_us": 1782315345000000}
2026-06-24 15:40:00.004599+00	fire	poly_sniper_v5_btc_15m_ema50_ema800_off600_down	{"mode": "paper", "fired": true, "reason": "paper_fill", "fire_us": 1782315600000000, "direction": "DOWN", "stake_usd": "5", "entry_vwap": "0.9499999999999999555910790146"}
2026-06-24 15:41:15.01867+00	resolve	shadow_scalp_exit_btc_5m_d3_v1	{"won": true, "mode": "paper", "outcome": "down", "pnl_usd": 3.9285714285714257, "direction": "DOWN", "stake_usd": "5", "entry_vwap": "0.5600000000000000532907051819", "event_type": "sleeve_fire_resolved", "slot_end_us": 1782315600000000, "condition_id": "0xedb5461ef982a95e204da438988ac11f7c133d8be6703f41c645dc5abf89e654", "resolve_at_us": 1782315645000000}
2026-06-24 15:45:05.00629+00	fire	shadow_scalp_exit_btc_5m_d3_v1	{"mode": "paper", "fired": true, "reason": "paper_fill", "fire_us": 1782315905000000, "direction": "DOWN", "stake_usd": "5", "entry_vwap": "0.5899999999999999689137553103"}
2026-06-24 15:45:45.01025+00	resolve	poly_sniper_v5_btc_15m_ema50_ema800_off600_down	{"won": true, "mode": "paper", "outcome": "down", "pnl_usd": 0.26315789473684237, "direction": "DOWN", "stake_usd": "5", "entry_vwap": "0.9499999999999999555910790146", "event_type": "sleeve_fire_resolved", "slot_end_us": 1782315900000000, "condition_id": "0xe21dce22e8bec73b097898bbd7838ba6d507ff1735a9bb7fd83feeb2174a4253", "resolve_at_us": 1782315945000000}
2026-06-24 15:50:05.008136+00	fire	shadow_scalp_exit_btc_5m_d3_v1	{"mode": "paper", "fired": true, "reason": "paper_fill", "fire_us": 1782316205000000, "direction": "UP", "stake_usd": "5", "entry_vwap": "0.6999999999999999555910790147"}
2026-06-24 15:51:15.019502+00	resolve	shadow_scalp_exit_btc_5m_d3_v1	{"won": true, "mode": "paper", "outcome": "down", "pnl_usd": 3.474576271186441, "direction": "DOWN", "stake_usd": "5", "entry_vwap": "0.5899999999999999689137553103", "event_type": "sleeve_fire_resolved", "slot_end_us": 1782316200000000, "condition_id": "0x5b488535f72b2ea3033edeb996bd1253563725c7a55bb0c5503f5cbb551eaeab", "resolve_at_us": 1782316245000000}
2026-06-24 15:55:00.00476+00	fire	poly_sniper_v5_btc_15m_ema50_ema800_off600_down	{"mode": "paper", "fired": true, "reason": "paper_fill", "fire_us": 1782316500000000, "direction": "DOWN", "stake_usd": "5", "entry_vwap": "0.9400000000000000577315972801"}
2026-06-24 15:56:45.029126+00	resolve	shadow_scalp_exit_btc_5m_d3_v1	{"won": false, "mode": "paper", "outcome": "down", "pnl_usd": -5.0, "direction": "UP", "stake_usd": "5", "entry_vwap": "0.6999999999999999555910790147", "event_type": "sleeve_fire_resolved", "slot_end_us": 1782316500000000, "condition_id": "0x745f5f514b1592a78aae56407b5a1cf9fc70e7242855069e857079bc59d48241", "resolve_at_us": 1782316545000000}
2026-06-24 16:00:45.010991+00	resolve	poly_sniper_v5_btc_15m_ema50_ema800_off600_down	{"won": true, "mode": "paper", "outcome": "down", "pnl_usd": 0.31914893617021245, "direction": "DOWN", "stake_usd": "5", "entry_vwap": "0.9400000000000000577315972801", "event_type": "sleeve_fire_resolved", "slot_end_us": 1782316800000000, "condition_id": "0xbb1ffd0369947fb071b42b9dc400bd4f70d5e2888d3d9d487b5ffae8323428c3", "resolve_at_us": 1782316845000000}
2026-06-24 16:10:00.005915+00	fire	poly_sniper_v5_btc_15m_ema50_ema800_off600_down	{"mode": "paper", "fired": true, "reason": "paper_fill", "fire_us": 1782317400000000, "direction": "DOWN", "stake_usd": "5", "entry_vwap": "0.1016316499436406423084733319"}
2026-06-24 16:15:45.012115+00	resolve	poly_sniper_v5_btc_15m_ema50_ema800_off600_down	{"won": false, "mode": "paper", "outcome": "up", "pnl_usd": -5.0, "direction": "DOWN", "stake_usd": "5", "entry_vwap": "0.1016316499436406423084733319", "event_type": "sleeve_fire_resolved", "slot_end_us": 1782317700000000, "condition_id": "0xec69b8ed2fc73277ec08f166f75af5c429b8a31e9cf68b875cdedfbf21853cb3", "resolve_at_us": 1782317745000000}
2026-06-24 16:35:05.004936+00	fire	shadow_scalp_exit_btc_5m_d3_v1	{"mode": "paper", "fired": true, "reason": "paper_fill", "fire_us": 1782318905000000, "direction": "UP", "stake_usd": "5", "entry_vwap": "0.6400000000000000133226762952"}
2026-06-24 16:40:00.005571+00	fire	poly_sniper_v5_btc_15m_ema50_ema800_off600_down	{"mode": "paper", "fired": true, "reason": "paper_fill", "fire_us": 1782319200000000, "direction": "DOWN", "stake_usd": "5", "entry_vwap": "0.9799999999999999822364316056"}
2026-06-24 16:41:45.032374+00	resolve	shadow_scalp_exit_btc_5m_d3_v1	{"won": false, "mode": "paper", "outcome": "down", "pnl_usd": -5.0, "direction": "UP", "stake_usd": "5", "entry_vwap": "0.6400000000000000133226762952", "event_type": "sleeve_fire_resolved", "slot_end_us": 1782319200000000, "condition_id": "0xa7bae944dc43f93817598f12584047241d1bf908f3ed3e6bcb17fa6dd79c08f4", "resolve_at_us": 1782319245000000}
2026-06-24 16:45:45.00869+00	resolve	poly_sniper_v5_btc_15m_ema50_ema800_off600_down	{"won": true, "mode": "paper", "outcome": "down", "pnl_usd": 0.10204081632653013, "direction": "DOWN", "stake_usd": "5", "entry_vwap": "0.9799999999999999822364316056", "event_type": "sleeve_fire_resolved", "slot_end_us": 1782319500000000, "condition_id": "0x71579b2606864731a2d37f74e830037339834b6f2d44300ce09e260baa766394", "resolve_at_us": 1782319545000000}
2026-06-24 16:46:00.188898+00	order_placed	kalshi_scalp_exit_btc_15m_d3_v1	{"mode": "paper", "side": "no", "fired": true, "status": "paper", "ticker": "KXBTC15M-26JUN241300-00", "offset_s": 60, "order_id": "paper-kalshi_scalp_exit_btc_15m_d3_v1-1782319560000000", "direction": "DOWN", "entry_ask": 0.51, "entry_vwap": "0.5100000000000000088817841969", "filled_count": 9}
2026-06-24 16:47:01.921021+00	resolve	kalshi_scalp_exit_btc_15m_d3_v1	{"mode": "paper", "shares": 9, "ticker": "KXBTC15M-26JUN241300-00", "direction": "DOWN", "exit_type": "scalp_time", "fill_vwap": 0.51, "sell_vwap": 0.71, "realized_pnl": 1.7999999999999996, "suppress_settlement": true}
2026-06-24 16:50:05.005848+00	fire	shadow_scalp_exit_btc_5m_d3_v1	{"mode": "paper", "fired": true, "reason": "paper_fill", "fire_us": 1782319805000000, "direction": "UP", "stake_usd": "5", "entry_vwap": "0.6500000000000000222044604923"}
2026-06-24 16:55:00.006862+00	fire	poly_sniper_v5_btc_15m_ema50_ema800_off600_down	{"mode": "paper", "fired": true, "reason": "paper_fill", "fire_us": 1782320100000000, "direction": "DOWN", "stake_usd": "5", "entry_vwap": "0.9699999999999999733546474086"}
2026-06-24 16:56:15.019746+00	resolve	shadow_scalp_exit_btc_5m_d3_v1	{"won": false, "mode": "paper", "outcome": "down", "pnl_usd": -5.0, "direction": "UP", "stake_usd": "5", "entry_vwap": "0.6500000000000000222044604923", "event_type": "sleeve_fire_resolved", "slot_end_us": 1782320100000000, "condition_id": "0x11be248eacf03fecfc51007bb9833cc1452e33e48c5226ab9c30e91656ca4fed", "resolve_at_us": 1782320145000000}
2026-06-24 17:01:15.019403+00	resolve	poly_sniper_v5_btc_15m_ema50_ema800_off600_down	{"won": true, "mode": "paper", "outcome": "down", "pnl_usd": 0.15463917525773152, "direction": "DOWN", "stake_usd": "5", "entry_vwap": "0.9699999999999999733546474086", "event_type": "sleeve_fire_resolved", "slot_end_us": 1782320400000000, "condition_id": "0x1d5c2a1ebde38b42516d8f55101651ce7c978c4adc98013f4924f1410c57a6cf", "resolve_at_us": 1782320445000000}
2026-06-24 17:10:00.00611+00	fire	poly_sniper_v5_btc_15m_ema50_ema800_off600_down	{"mode": "paper", "fired": true, "reason": "paper_fill", "fire_us": 1782321000000000, "direction": "DOWN", "stake_usd": "5", "entry_vwap": "0.2600000000000000088817841969"}
2026-06-24 17:10:00.132144+00	order_placed	kalshi_sniper_btc_15m_ema50_ema800_off600_down_H	{"mode": "paper", "side": "no", "fired": true, "status": "paper", "ticker": "KXBTC15M-26JUN241315-15", "offset_s": 600, "order_id": "paper-kalshi_sniper_btc_15m_ema50_ema800_off600_down_H-1782321000000000", "direction": "DOWN", "entry_ask": 0.31999999999999995, "entry_vwap": "0.3199999999999999511501869164", "filled_count": 15}
2026-06-24 17:15:45.098464+00	resolve	kalshi_sniper_btc_15m_ema50_ema800_off600_down_H	{"won": true, "mode": "paper", "ticker": "KXBTC15M-26JUN241315-15", "outcome": "no", "pnl_usd": 10.625000000000002, "direction": "DOWN", "stake_usd": "5", "entry_vwap": "0.3199999999999999511501869164", "event_type": "sleeve_fire_resolved", "resolve_at_us": 1782321345000000, "window_end_us": 1782321300000000}
2026-06-24 17:17:15.041133+00	resolve	poly_sniper_v5_btc_15m_ema50_ema800_off600_down	{"won": true, "mode": "paper", "outcome": "down", "pnl_usd": 14.23076923076923, "direction": "DOWN", "stake_usd": "5", "entry_vwap": "0.2600000000000000088817841969", "event_type": "sleeve_fire_resolved", "slot_end_us": 1782321300000000, "condition_id": "0x5e0d42034710730c9d82db659b40d9b7ea7a5fec13ba9ea182b6bf40e7cefa2e", "resolve_at_us": 1782321345000000}
2026-06-24 17:21:00.005692+00	fire	poly_sniper_v5_eth_5m_l_ema50_hurst_grandparent_V10	{"mode": "paper", "fired": true, "reason": "paper_fill", "fire_us": 1782321660000000, "direction": "DOWN", "stake_usd": "5", "entry_vwap": "0.8900000000000001243449787578"}
2026-06-24 17:25:00.004927+00	fire	poly_sniper_v5_btc_15m_ema50_ema800_off600_down	{"mode": "paper", "fired": true, "reason": "paper_fill", "fire_us": 1782321900000000, "direction": "DOWN", "stake_usd": "5", "entry_vwap": "0.9709999999999998632205233657"}
2026-06-24 17:25:05.014968+00	fire	shadow_scalp_exit_btc_5m_d3_v1	{"mode": "paper", "fired": true, "reason": "paper_fill", "fire_us": 1782321905000000, "direction": "DOWN", "stake_usd": "5", "entry_vwap": "0.5100000000000000088817841969"}
2026-06-24 17:27:15.054671+00	resolve	poly_sniper_v5_eth_5m_l_ema50_hurst_grandparent_V10	{"won": true, "mode": "paper", "outcome": "down", "pnl_usd": 0.6179775280898869, "direction": "DOWN", "stake_usd": "5", "entry_vwap": "0.8900000000000001243449787578", "event_type": "sleeve_fire_resolved", "slot_end_us": 1782321900000000, "condition_id": "0xe0bc189f3c230eaa7f15c3089cf08bacd29d0131a8d464ba6d3bdb9daa7da7ec", "resolve_at_us": 1782321945000000}
2026-06-24 17:31:45.041187+00	resolve	shadow_scalp_exit_btc_5m_d3_v1	{"won": false, "mode": "paper", "outcome": "up", "pnl_usd": -5.0, "direction": "DOWN", "stake_usd": "5", "entry_vwap": "0.5100000000000000088817841969", "event_type": "sleeve_fire_resolved", "slot_end_us": 1782322200000000, "condition_id": "0xe299ce909474c2f305598fb95da26d8fda10eef60f3f4c978ea829fc50be07c7", "resolve_at_us": 1782322245000000}
2026-06-24 17:34:45.150241+00	resolve	poly_sniper_v5_btc_15m_ema50_ema800_off600_down	{"won": true, "mode": "paper", "outcome": "down", "pnl_usd": 0.14933058702368765, "direction": "DOWN", "stake_usd": "5", "entry_vwap": "0.9709999999999998632205233657", "event_type": "sleeve_fire_resolved", "slot_end_us": 1782322200000000, "condition_id": "0x699bc4af79589dd12a5f30cac9bd5c99f50670f0be07f6d5fe388b67538b37a5", "resolve_at_us": 1782322245000000}
2026-06-24 17:40:00.005235+00	fire	poly_sniper_v5_btc_15m_ema50_ema800_off600_down	{"mode": "paper", "fired": true, "reason": "paper_fill", "fire_us": 1782322800000000, "direction": "DOWN", "stake_usd": "5", "entry_vwap": "0.9400000000000000577315972801"}
2026-06-24 17:40:05.005704+00	fire	shadow_scalp_exit_btc_5m_d3_v1	{"mode": "paper", "fired": true, "reason": "paper_fill", "fire_us": 1782322805000000, "direction": "DOWN", "stake_usd": "5", "entry_vwap": "0.5799999999999999600319711133"}
2026-06-24 17:46:00.007917+00	fire	poly_sniper_v5_eth_5m_l_ema50_hurst_grandparent_V10	{"mode": "paper", "fired": true, "reason": "paper_fill", "fire_us": 1782323160000000, "direction": "DOWN", "stake_usd": "5", "entry_vwap": "0.6500000000000000222044604923"}
2026-06-24 17:46:15.026+00	resolve	shadow_scalp_exit_btc_5m_d3_v1	{"won": true, "mode": "paper", "outcome": "down", "pnl_usd": 3.6206896551724146, "direction": "DOWN", "stake_usd": "5", "entry_vwap": "0.5799999999999999600319711133", "event_type": "sleeve_fire_resolved", "slot_end_us": 1782323100000000, "condition_id": "0xe162acce182a1c54de6efd4a047bee1957d9d0ce3a96723f622886a34ce9ef56", "resolve_at_us": 1782323145000000}
2026-06-24 17:46:15.032345+00	resolve	poly_sniper_v5_btc_15m_ema50_ema800_off600_down	{"won": true, "mode": "paper", "outcome": "down", "pnl_usd": 0.31914893617021245, "direction": "DOWN", "stake_usd": "5", "entry_vwap": "0.9400000000000000577315972801", "event_type": "sleeve_fire_resolved", "slot_end_us": 1782323100000000, "condition_id": "0x11ff6413fc8e7a5da6ad329dff9578eb761beb2f5f85b0d8af1c464d68e8b862", "resolve_at_us": 1782323145000000}
2026-06-24 17:51:45.046185+00	resolve	poly_sniper_v5_eth_5m_l_ema50_hurst_grandparent_V10	{"won": true, "mode": "paper", "outcome": "down", "pnl_usd": 2.692307692307692, "direction": "DOWN", "stake_usd": "5", "entry_vwap": "0.6500000000000000222044604923", "event_type": "sleeve_fire_resolved", "slot_end_us": 1782323400000000, "condition_id": "0x931296be6d3fc5e74df946ebeb47595bd30d0b51c747520c22454b54dbde783c", "resolve_at_us": 1782323445000000}
2026-06-24 17:55:00.013059+00	fire	poly_sniper_v5_btc_15m_ema50_ema800_off600_down	{"mode": "paper", "fired": true, "reason": "paper_fill", "fire_us": 1782323700000000, "direction": "DOWN", "stake_usd": "5", "entry_vwap": "0.2700000000000000177635683939"}
2026-06-24 17:55:00.108433+00	order_placed	kalshi_sniper_btc_15m_ema50_ema800_off600_down_H	{"mode": "paper", "side": "no", "fired": true, "status": "paper", "ticker": "KXBTC15M-26JUN241400-00", "offset_s": 600, "order_id": "paper-kalshi_sniper_btc_15m_ema50_ema800_off600_down_H-1782323700000000", "direction": "DOWN", "entry_ask": 0.27, "entry_vwap": "0.2700000000000000177635683939", "filled_count": 18}
2026-06-24 18:00:05.00451+00	fire	shadow_scalp_exit_btc_5m_d3_v1	{"mode": "paper", "fired": true, "reason": "paper_fill", "fire_us": 1782324005000000, "direction": "UP", "stake_usd": "5", "entry_vwap": "0.6500000000000000222044604923"}
2026-06-24 18:00:45.102072+00	resolve	kalshi_sniper_btc_15m_ema50_ema800_off600_down_H	{"won": false, "mode": "paper", "ticker": "KXBTC15M-26JUN241400-00", "outcome": "yes", "pnl_usd": -5.0, "direction": "DOWN", "stake_usd": "5", "entry_vwap": "0.2700000000000000177635683939", "event_type": "sleeve_fire_resolved", "resolve_at_us": 1782324045000000, "window_end_us": 1782324000000000}
2026-06-24 18:01:45.043572+00	resolve	poly_sniper_v5_btc_15m_ema50_ema800_off600_down	{"won": false, "mode": "paper", "outcome": "up", "pnl_usd": -5.0, "direction": "DOWN", "stake_usd": "5", "entry_vwap": "0.2700000000000000177635683939", "event_type": "sleeve_fire_resolved", "slot_end_us": 1782324000000000, "condition_id": "0xd497fa7fb3ee3510b13838271cc0fe6cea857a0153292d96eadaa6586a57cd56", "resolve_at_us": 1782324045000000}
2026-06-24 18:05:45.009232+00	resolve	shadow_scalp_exit_btc_5m_d3_v1	{"won": true, "mode": "paper", "outcome": "up", "pnl_usd": 2.692307692307692, "direction": "UP", "stake_usd": "5", "entry_vwap": "0.6500000000000000222044604923", "event_type": "sleeve_fire_resolved", "slot_end_us": 1782324300000000, "condition_id": "0xc02d82e6d126ad0990e6909d8f67f2e2a23cf5a8fc66c770cb94ab95d56ac12c", "resolve_at_us": 1782324345000000}
2026-06-24 18:10:00.004199+00	fire	poly_sniper_v5_btc_15m_ema50_ema800_off600_down	{"mode": "paper", "fired": true, "reason": "paper_fill", "fire_us": 1782324600000000, "direction": "DOWN", "stake_usd": "5", "entry_vwap": "0.1600000000000000033306690738"}
2026-06-24 18:10:05.004316+00	fire	shadow_scalp_exit_btc_5m_d3_v1	{"mode": "paper", "fired": true, "reason": "paper_fill", "fire_us": 1782324605000000, "direction": "DOWN", "stake_usd": "5", "entry_vwap": "0.5799999999999999600319711133"}
2026-06-24 18:16:45.026526+00	resolve	shadow_scalp_exit_btc_5m_d3_v1	{"won": false, "mode": "paper", "outcome": "up", "pnl_usd": -5.0, "direction": "DOWN", "stake_usd": "5", "entry_vwap": "0.5799999999999999600319711133", "event_type": "sleeve_fire_resolved", "slot_end_us": 1782324900000000, "condition_id": "0xe3120089fce1f1a743fc240f0033561fca78ae3088352a0f3f52413a0a0b39cb", "resolve_at_us": 1782324945000000}
2026-06-24 18:17:15.035321+00	resolve	poly_sniper_v5_btc_15m_ema50_ema800_off600_down	{"won": false, "mode": "paper", "outcome": "up", "pnl_usd": -5.0, "direction": "DOWN", "stake_usd": "5", "entry_vwap": "0.1600000000000000033306690738", "event_type": "sleeve_fire_resolved", "slot_end_us": 1782324900000000, "condition_id": "0x8fe997a6be4b2c52fd4c953ee8e0cb46c5a2f386aa9d8170ae6936d5c51dbd23", "resolve_at_us": 1782324945000000}
2026-06-24 18:40:00.004681+00	fire	poly_sniper_v5_btc_15m_ema50_ema800_off600_down	{"mode": "paper", "fired": true, "reason": "paper_fill", "fire_us": 1782326400000000, "direction": "DOWN", "stake_usd": "5", "entry_vwap": "0.8900000000000001243449787578"}
2026-06-24 18:45:45.010087+00	resolve	poly_sniper_v5_btc_15m_ema50_ema800_off600_down	{"won": true, "mode": "paper", "outcome": "down", "pnl_usd": 0.6179775280898869, "direction": "DOWN", "stake_usd": "5", "entry_vwap": "0.8900000000000001243449787578", "event_type": "sleeve_fire_resolved", "slot_end_us": 1782326700000000, "condition_id": "0xbd5384785e06d648332db48b5b8a7dde4a28f3c70c9d3aaf267bf7b2cdcac665", "resolve_at_us": 1782326745000000}
2026-06-24 18:55:00.005215+00	fire	poly_sniper_v5_btc_15m_ema50_ema800_off600_down	{"mode": "paper", "fired": true, "reason": "paper_fill", "fire_us": 1782327300000000, "direction": "DOWN", "stake_usd": "5", "entry_vwap": "0.5100000000000000088817841969"}
2026-06-24 18:55:00.196522+00	order_placed	kalshi_sniper_btc_15m_ema50_ema800_off600_down_H	{"mode": "paper", "side": "no", "fired": true, "status": "paper", "ticker": "KXBTC15M-26JUN241500-00", "offset_s": 600, "order_id": "paper-kalshi_sniper_btc_15m_ema50_ema800_off600_down_H-1782327300000000", "direction": "DOWN", "entry_ask": 0.43999999999999995, "entry_vwap": "0.4399999999999999467092948178", "filled_count": 11}
2026-06-24 19:00:05.003864+00	fire	shadow_scalp_exit_btc_5m_d3_v1	{"mode": "paper", "fired": true, "reason": "paper_fill", "fire_us": 1782327605000000, "direction": "UP", "stake_usd": "5", "entry_vwap": "0.6199999999999999955591079013"}
2026-06-24 19:00:45.106606+00	resolve	kalshi_sniper_btc_15m_ema50_ema800_off600_down_H	{"won": false, "mode": "paper", "ticker": "KXBTC15M-26JUN241500-00", "outcome": "yes", "pnl_usd": -5.0, "direction": "DOWN", "stake_usd": "5", "entry_vwap": "0.4399999999999999467092948178", "event_type": "sleeve_fire_resolved", "resolve_at_us": 1782327645000000, "window_end_us": 1782327600000000}
2026-06-24 19:01:15.02083+00	resolve	poly_sniper_v5_btc_15m_ema50_ema800_off600_down	{"won": false, "mode": "paper", "outcome": "up", "pnl_usd": -5.0, "direction": "DOWN", "stake_usd": "5", "entry_vwap": "0.5100000000000000088817841969", "event_type": "sleeve_fire_resolved", "slot_end_us": 1782327600000000, "condition_id": "0xa9cf3397523df7ecbb9bbe930899a26161df212895f00a034d0eaadf0e47bf47", "resolve_at_us": 1782327645000000}
2026-06-24 19:06:15.022509+00	resolve	shadow_scalp_exit_btc_5m_d3_v1	{"won": true, "mode": "paper", "outcome": "up", "pnl_usd": 3.064516129032258, "direction": "UP", "stake_usd": "5", "entry_vwap": "0.6199999999999999955591079013", "event_type": "sleeve_fire_resolved", "slot_end_us": 1782327900000000, "condition_id": "0xc41c9a019d29f207af68d3fe15e8a2e6a671b543b88682b44b73f2e1c6e1fbdb", "resolve_at_us": 1782327945000000}
2026-06-24 19:10:05.007286+00	fire	shadow_scalp_exit_btc_5m_d3_v1	{"mode": "paper", "fired": true, "reason": "paper_fill", "fire_us": 1782328205000000, "direction": "DOWN", "stake_usd": "5", "entry_vwap": "0.6100000000000000976996261668"}
2026-06-24 19:15:05.007156+00	fire	shadow_scalp_exit_btc_5m_d3_v1	{"mode": "paper", "fired": true, "reason": "paper_fill", "fire_us": 1782328505000000, "direction": "DOWN", "stake_usd": "5", "entry_vwap": "0.5699999999999999511501869163"}
2026-06-24 19:16:15.01699+00	resolve	shadow_scalp_exit_btc_5m_d3_v1	{"won": true, "mode": "paper", "outcome": "down", "pnl_usd": 3.1967213114754087, "direction": "DOWN", "stake_usd": "5", "entry_vwap": "0.6100000000000000976996261668", "event_type": "sleeve_fire_resolved", "slot_end_us": 1782328500000000, "condition_id": "0x824b7414d48bb717a3f68b79ef3b5d35b08d3bacc69b3169efcbc79d7d6aa13c", "resolve_at_us": 1782328545000000}
2026-06-24 19:21:45.028944+00	resolve	shadow_scalp_exit_btc_5m_d3_v1	{"won": true, "mode": "paper", "outcome": "down", "pnl_usd": 3.7719298245614024, "direction": "DOWN", "stake_usd": "5", "entry_vwap": "0.5699999999999999511501869163", "event_type": "sleeve_fire_resolved", "slot_end_us": 1782328800000000, "condition_id": "0xb802375b899f20776320f8a3ad101bd8c4a32ff81a436fcc308a140cc33d96bf", "resolve_at_us": 1782328845000000}
2026-06-24 19:25:05.005739+00	fire	shadow_scalp_exit_btc_5m_d3_v1	{"mode": "paper", "fired": true, "reason": "paper_fill", "fire_us": 1782329105000000, "direction": "UP", "stake_usd": "5", "entry_vwap": "0.6800000000000000488498130833"}
2026-06-24 19:32:15.037037+00	resolve	shadow_scalp_exit_btc_5m_d3_v1	{"won": true, "mode": "paper", "outcome": "up", "pnl_usd": 2.352941176470588, "direction": "UP", "stake_usd": "5", "entry_vwap": "0.6800000000000000488498130833", "event_type": "sleeve_fire_resolved", "slot_end_us": 1782329400000000, "condition_id": "0x9be2c58164b10cbe96b83a441e8b34d4e15b9fd267b2e1cd39350a712c142ba4", "resolve_at_us": 1782329445000000}
2026-06-24 19:45:05.005066+00	fire	shadow_scalp_exit_btc_5m_d3_v1	{"mode": "paper", "fired": true, "reason": "paper_fill", "fire_us": 1782330305000000, "direction": "UP", "stake_usd": "5", "entry_vwap": "0.7199999999999999733546474088"}
2026-06-24 19:51:45.025974+00	resolve	shadow_scalp_exit_btc_5m_d3_v1	{"won": true, "mode": "paper", "outcome": "up", "pnl_usd": 1.9444444444444446, "direction": "UP", "stake_usd": "5", "entry_vwap": "0.7199999999999999733546474088", "event_type": "sleeve_fire_resolved", "slot_end_us": 1782330600000000, "condition_id": "0x821c46ee7bf4ea7bc89a1742b91b57d1d94a97d3abfaae37c3a07867b6a9c241", "resolve_at_us": 1782330645000000}
2026-06-24 19:55:05.014888+00	fire	shadow_scalp_exit_btc_5m_d3_v1	{"mode": "paper", "fired": true, "reason": "paper_fill", "fire_us": 1782330905000000, "direction": "DOWN", "stake_usd": "5", "entry_vwap": "0.5799999999999999600319711133"}
2026-06-24 20:02:15.044317+00	resolve	shadow_scalp_exit_btc_5m_d3_v1	{"won": false, "mode": "paper", "outcome": "up", "pnl_usd": -5.0, "direction": "DOWN", "stake_usd": "5", "entry_vwap": "0.5799999999999999600319711133", "event_type": "sleeve_fire_resolved", "slot_end_us": 1782331200000000, "condition_id": "0x3efb9f9d7fb0c6dd901c87b8056d1a0916a99c3ed7bf87a5087b44d4a54d3354", "resolve_at_us": 1782331245000000}
2026-06-24 20:40:05.006342+00	fire	shadow_scalp_exit_btc_5m_d3_v1	{"mode": "paper", "fired": true, "reason": "paper_fill", "fire_us": 1782333605000000, "direction": "UP", "stake_usd": "5", "entry_vwap": "0.6500000000000000222044604923"}
2026-06-24 20:46:45.026845+00	resolve	shadow_scalp_exit_btc_5m_d3_v1	{"won": true, "mode": "paper", "outcome": "up", "pnl_usd": 2.692307692307692, "direction": "UP", "stake_usd": "5", "entry_vwap": "0.6500000000000000222044604923", "event_type": "sleeve_fire_resolved", "slot_end_us": 1782333900000000, "condition_id": "0x5286175ad30ec49bf40eb4364093c962667942b2b9cd73a123e96aa39560f010", "resolve_at_us": 1782333945000000}
2026-06-24 20:55:05.004887+00	fire	shadow_scalp_exit_btc_5m_d3_v1	{"mode": "paper", "fired": true, "reason": "paper_fill", "fire_us": 1782334505000000, "direction": "DOWN", "stake_usd": "5", "entry_vwap": "0.5699999999999999511501869163"}
2026-06-24 21:00:05.004558+00	fire	shadow_scalp_exit_btc_5m_d3_v1	{"mode": "paper", "fired": true, "reason": "paper_fill", "fire_us": 1782334805000000, "direction": "UP", "stake_usd": "5", "entry_vwap": "0.5699999999999999511501869163"}
2026-06-24 21:01:00.190284+00	order_placed	kalshi_scalp_exit_btc_15m_d3_v1	{"mode": "paper", "side": "yes", "fired": true, "status": "paper", "ticker": "KXBTC15M-26JUN241715-15", "offset_s": 60, "order_id": "paper-kalshi_scalp_exit_btc_15m_d3_v1-1782334860000000", "direction": "UP", "entry_ask": 0.54, "entry_vwap": "0.5400000000000000355271367879", "filled_count": 9}
2026-06-24 21:01:45.028843+00	resolve	shadow_scalp_exit_btc_5m_d3_v1	{"won": true, "mode": "paper", "outcome": "down", "pnl_usd": 3.7719298245614024, "direction": "DOWN", "stake_usd": "5", "entry_vwap": "0.5699999999999999511501869163", "event_type": "sleeve_fire_resolved", "slot_end_us": 1782334800000000, "condition_id": "0x15b2defe18c1f1dce1dfb2a45bf9d7ef5caecf213c15cba4667f847ea9ccabe5", "resolve_at_us": 1782334845000000}
2026-06-24 21:02:01.943139+00	resolve	kalshi_scalp_exit_btc_15m_d3_v1	{"mode": "paper", "shares": 9, "ticker": "KXBTC15M-26JUN241715-15", "direction": "UP", "exit_type": "scalp_time", "fill_vwap": 0.54, "sell_vwap": 0.31, "realized_pnl": -2.0700000000000003, "suppress_settlement": true}
2026-06-24 21:05:45.010825+00	resolve	shadow_scalp_exit_btc_5m_d3_v1	{"won": false, "mode": "paper", "outcome": "down", "pnl_usd": -5.0, "direction": "UP", "stake_usd": "5", "entry_vwap": "0.5699999999999999511501869163", "event_type": "sleeve_fire_resolved", "slot_end_us": 1782335100000000, "condition_id": "0x069c9d92193698c5a9fb5b972f38feadcba2bc58f4d53e73c4d51bc7a28ca259", "resolve_at_us": 1782335145000000}
2026-06-24 21:10:00.003242+00	fire	poly_sniper_v5_btc_15m_ema50_ema800_off600_down	{"mode": "paper", "fired": true, "reason": "paper_fill", "fire_us": 1782335400000000, "direction": "DOWN", "stake_usd": "5", "entry_vwap": "0.9599999999999998534505607490"}
2026-06-24 21:15:05.003703+00	fire	shadow_scalp_exit_btc_5m_d3_v1	{"mode": "paper", "fired": true, "reason": "paper_fill", "fire_us": 1782335705000000, "direction": "DOWN", "stake_usd": "5", "entry_vwap": "0.6400000000000000133226762952"}
2026-06-24 21:16:15.02267+00	resolve	poly_sniper_v5_btc_15m_ema50_ema800_off600_down	{"won": true, "mode": "paper", "outcome": "down", "pnl_usd": 0.20833333333333354, "direction": "DOWN", "stake_usd": "5", "entry_vwap": "0.9599999999999998534505607490", "event_type": "sleeve_fire_resolved", "slot_end_us": 1782335700000000, "condition_id": "0xc731223dae1c42708241602288e949a8e595c53862527b798020313f9f34dd49", "resolve_at_us": 1782335745000000}
2026-06-24 21:21:45.026435+00	resolve	shadow_scalp_exit_btc_5m_d3_v1	{"won": false, "mode": "paper", "outcome": "up", "pnl_usd": -5.0, "direction": "DOWN", "stake_usd": "5", "entry_vwap": "0.6400000000000000133226762952", "event_type": "sleeve_fire_resolved", "slot_end_us": 1782336000000000, "condition_id": "0x70514533210407ffc139eda8b0b459ef19a22f638322f1ee759c731d58a6aac8", "resolve_at_us": 1782336045000000}
2026-06-24 21:25:00.003591+00	fire	poly_sniper_v5_btc_15m_ema50_ema800_off600_down	{"mode": "paper", "fired": true, "reason": "paper_fill", "fire_us": 1782336300000000, "direction": "DOWN", "stake_usd": "5", "entry_vwap": "0.1300000000000000044408920985"}
2026-06-24 21:31:45.03737+00	resolve	poly_sniper_v5_btc_15m_ema50_ema800_off600_down	{"won": false, "mode": "paper", "outcome": "up", "pnl_usd": -5.0, "direction": "DOWN", "stake_usd": "5", "entry_vwap": "0.1300000000000000044408920985", "event_type": "sleeve_fire_resolved", "slot_end_us": 1782336600000000, "condition_id": "0x8931a7e7fb8b9c68217d9cdf320bc35f6a37a4a0ff71f88f5cc27f4718c0fb69", "resolve_at_us": 1782336645000000}
2026-06-24 22:25:00.003476+00	fire	poly_sniper_v5_btc_15m_ema50_ema800_off600_down	{"mode": "paper", "fired": true, "reason": "paper_fill", "fire_us": 1782339900000000, "direction": "DOWN", "stake_usd": "5", "entry_vwap": "0.9499999999999999555910790146"}
2026-06-24 22:32:15.036728+00	resolve	poly_sniper_v5_btc_15m_ema50_ema800_off600_down	{"won": true, "mode": "paper", "outcome": "down", "pnl_usd": 0.26315789473684237, "direction": "DOWN", "stake_usd": "5", "entry_vwap": "0.9499999999999999555910790146", "event_type": "sleeve_fire_resolved", "slot_end_us": 1782340200000000, "condition_id": "0x5ad8368de94a8dedbab192a419a3a37d52df11d28f13dc6489bbdbcd9a93adb8", "resolve_at_us": 1782340245000000}
2026-06-24 22:40:00.003332+00	fire	poly_sniper_v5_btc_15m_ema50_ema800_off600_down	{"mode": "paper", "fired": true, "reason": "paper_fill", "fire_us": 1782340800000000, "direction": "DOWN", "stake_usd": "5", "entry_vwap": "0.7900000000000000355271367877"}
2026-06-24 22:40:00.102789+00	order_placed	kalshi_sniper_btc_15m_ema50_ema800_off600_down_H	{"mode": "paper", "side": "no", "fired": true, "status": "paper", "ticker": "KXBTC15M-26JUN241845-45", "offset_s": 600, "order_id": "paper-kalshi_sniper_btc_15m_ema50_ema800_off600_down_H-1782340800000000", "direction": "DOWN", "entry_ask": 0.8, "entry_vwap": "0.8000000000000000444089209847", "filled_count": 6}
2026-06-24 22:45:45.100048+00	resolve	kalshi_sniper_btc_15m_ema50_ema800_off600_down_H	{"won": false, "mode": "paper", "ticker": "KXBTC15M-26JUN241845-45", "outcome": "yes", "pnl_usd": -5.0, "direction": "DOWN", "stake_usd": "5", "entry_vwap": "0.8000000000000000444089209847", "event_type": "sleeve_fire_resolved", "resolve_at_us": 1782341145000000, "window_end_us": 1782341100000000}
2026-06-24 22:47:45.060774+00	resolve	poly_sniper_v5_btc_15m_ema50_ema800_off600_down	{"won": false, "mode": "paper", "outcome": "up", "pnl_usd": -5.0, "direction": "DOWN", "stake_usd": "5", "entry_vwap": "0.7900000000000000355271367877", "event_type": "sleeve_fire_resolved", "slot_end_us": 1782341100000000, "condition_id": "0xe8b909a2efa48e319ff4aa9a89078eac7f3bc59a9da23762dfbd15bfeb06aa6e", "resolve_at_us": 1782341145000000}
2026-06-24 22:55:00.00492+00	fire	poly_sniper_v5_btc_15m_ema50_ema800_off600_down	{"mode": "paper", "fired": true, "reason": "paper_fill", "fire_us": 1782341700000000, "direction": "DOWN", "stake_usd": "5", "entry_vwap": "0.9199999999999999289457264236"}
2026-06-24 22:55:00.345006+00	order_placed	kalshi_sniper_btc_15m_ema50_ema800_off600_down_H	{"mode": "paper", "side": "no", "fired": true, "status": "paper", "ticker": "KXBTC15M-26JUN241900-00", "offset_s": 600, "order_id": "paper-kalshi_sniper_btc_15m_ema50_ema800_off600_down_H-1782341700000000", "direction": "DOWN", "entry_ask": 0.85, "entry_vwap": "0.8499999999999999777955395072", "filled_count": 5}
2026-06-24 23:00:45.110974+00	resolve	kalshi_sniper_btc_15m_ema50_ema800_off600_down_H	{"won": true, "mode": "paper", "ticker": "KXBTC15M-26JUN241900-00", "outcome": "no", "pnl_usd": 0.8823529411764708, "direction": "DOWN", "stake_usd": "5", "entry_vwap": "0.8499999999999999777955395072", "event_type": "sleeve_fire_resolved", "resolve_at_us": 1782342045000000, "window_end_us": 1782342000000000}
2026-06-24 23:03:15.069366+00	resolve	poly_sniper_v5_btc_15m_ema50_ema800_off600_down	{"won": true, "mode": "paper", "outcome": "down", "pnl_usd": 0.43478260869565255, "direction": "DOWN", "stake_usd": "5", "entry_vwap": "0.9199999999999999289457264236", "event_type": "sleeve_fire_resolved", "slot_end_us": 1782342000000000, "condition_id": "0x32e29b18c32436ab163c2cf3300a1ae08010b5bf2e26e33085a20d6c11f1acd9", "resolve_at_us": 1782342045000000}
2026-06-24 23:05:05.004486+00	fire	shadow_scalp_exit_btc_5m_d3_v1	{"mode": "paper", "fired": true, "reason": "paper_fill", "fire_us": 1782342305000000, "direction": "DOWN", "stake_usd": "5", "entry_vwap": "0.6899999999999999467092948178"}
2026-06-24 23:10:45.009992+00	resolve	shadow_scalp_exit_btc_5m_d3_v1	{"won": true, "mode": "paper", "outcome": "down", "pnl_usd": 2.2463768115942035, "direction": "DOWN", "stake_usd": "5", "entry_vwap": "0.6899999999999999467092948178", "event_type": "sleeve_fire_resolved", "slot_end_us": 1782342600000000, "condition_id": "0x9cf722e4f1f08dcbb18a3d23b9c59c1d5bd59898eff93f80866c51e9ae0c04b2", "resolve_at_us": 1782342645000000}
2026-06-24 23:15:05.004477+00	fire	shadow_scalp_exit_btc_5m_d3_v1	{"mode": "paper", "fired": true, "reason": "paper_fill", "fire_us": 1782342905000000, "direction": "UP", "stake_usd": "5", "entry_vwap": "0.7099999999999999644728632118"}
2026-06-24 23:20:45.007998+00	resolve	shadow_scalp_exit_btc_5m_d3_v1	{"won": false, "mode": "paper", "outcome": "down", "pnl_usd": -5.0, "direction": "UP", "stake_usd": "5", "entry_vwap": "0.7099999999999999644728632118", "event_type": "sleeve_fire_resolved", "slot_end_us": 1782343200000000, "condition_id": "0xff18f2fbc3a19a8882e048d56b5b51252e5fec994e57bd4c459be36b93845783", "resolve_at_us": 1782343245000000}
2026-06-25 00:25:00.189191+00	order_placed	kalshi_sniper_btc_15m_ema50_ema800_off600_down_H	{"mode": "paper", "side": "no", "fired": true, "status": "paper", "ticker": "KXBTC15M-26JUN242030-30", "offset_s": 600, "order_id": "paper-kalshi_sniper_btc_15m_ema50_ema800_off600_down_H-1782347100000000", "direction": "DOWN", "entry_ask": 0.88, "entry_vwap": "0.8800000000000000044408920982", "filled_count": 5}
2026-06-25 00:30:45.094957+00	resolve	kalshi_sniper_btc_15m_ema50_ema800_off600_down_H	{"won": true, "mode": "paper", "ticker": "KXBTC15M-26JUN242030-30", "outcome": "no", "pnl_usd": 0.681818181818181, "direction": "DOWN", "stake_usd": "5", "entry_vwap": "0.8800000000000000044408920982", "event_type": "sleeve_fire_resolved", "resolve_at_us": 1782347445000000, "window_end_us": 1782347400000000}
2026-06-25 00:40:00.003421+00	fire	poly_sniper_v5_btc_15m_ema50_ema800_off600_down	{"mode": "paper", "fired": true, "reason": "paper_fill", "fire_us": 1782348000000000, "direction": "DOWN", "stake_usd": "5", "entry_vwap": "0.6999999999999999555910790147"}
2026-06-25 00:40:00.184774+00	order_placed	kalshi_sniper_btc_15m_ema50_ema800_off600_down_H	{"mode": "paper", "side": "no", "fired": true, "status": "paper", "ticker": "KXBTC15M-26JUN242045-45", "offset_s": 600, "order_id": "paper-kalshi_sniper_btc_15m_ema50_ema800_off600_down_H-1782348000000000", "direction": "DOWN", "entry_ask": 0.83, "entry_vwap": "0.8299999999999999600319711132", "filled_count": 6}
2026-06-25 00:45:45.094371+00	resolve	kalshi_sniper_btc_15m_ema50_ema800_off600_down_H	{"won": true, "mode": "paper", "ticker": "KXBTC15M-26JUN242045-45", "outcome": "no", "pnl_usd": 1.024096385542169, "direction": "DOWN", "stake_usd": "5", "entry_vwap": "0.8299999999999999600319711132", "event_type": "sleeve_fire_resolved", "resolve_at_us": 1782348345000000, "window_end_us": 1782348300000000}
2026-06-25 00:49:15.087083+00	resolve	poly_sniper_v5_btc_15m_ema50_ema800_off600_down	{"won": true, "mode": "paper", "outcome": "down", "pnl_usd": 2.1428571428571432, "direction": "DOWN", "stake_usd": "5", "entry_vwap": "0.6999999999999999555910790147", "event_type": "sleeve_fire_resolved", "slot_end_us": 1782348300000000, "condition_id": "0xd3373d442a8b9b365f1e29b531b41ad43d0a8201c1d2dfe6f17e391f2f6860e5", "resolve_at_us": 1782348345000000}
2026-06-25 00:55:00.004557+00	fire	poly_sniper_v5_btc_15m_ema50_ema800_off600_down	{"mode": "paper", "fired": true, "reason": "paper_fill", "fire_us": 1782348900000000, "direction": "DOWN", "stake_usd": "5", "entry_vwap": "0.5999999999999999777955395073"}
2026-06-25 00:55:00.114005+00	order_placed	kalshi_sniper_btc_15m_ema50_ema800_off600_down_H	{"mode": "paper", "side": "no", "fired": true, "status": "paper", "ticker": "KXBTC15M-26JUN242100-00", "offset_s": 600, "order_id": "paper-kalshi_sniper_btc_15m_ema50_ema800_off600_down_H-1782348900000000", "direction": "DOWN", "entry_ask": 0.72, "entry_vwap": "0.7199999999999999733546474088", "filled_count": 6}
2026-06-25 01:00:45.012673+00	resolve	poly_sniper_v5_btc_15m_ema50_ema800_off600_down	{"won": true, "mode": "paper", "outcome": "down", "pnl_usd": 3.333333333333334, "direction": "DOWN", "stake_usd": "5", "entry_vwap": "0.5999999999999999777955395073", "event_type": "sleeve_fire_resolved", "slot_end_us": 1782349200000000, "condition_id": "0x9bc3fe5600d37d08ccd7940d78a24bd9808fb071442e48b9e9172df1ba987a0d", "resolve_at_us": 1782349245000000}
2026-06-25 01:00:45.096755+00	resolve	kalshi_sniper_btc_15m_ema50_ema800_off600_down_H	{"won": true, "mode": "paper", "ticker": "KXBTC15M-26JUN242100-00", "outcome": "no", "pnl_usd": 1.9444444444444446, "direction": "DOWN", "stake_usd": "5", "entry_vwap": "0.7199999999999999733546474088", "event_type": "sleeve_fire_resolved", "resolve_at_us": 1782349245000000, "window_end_us": 1782349200000000}
2026-06-25 01:10:00.002988+00	fire	poly_sniper_v5_btc_15m_ema50_ema800_off600_down	{"mode": "paper", "fired": true, "reason": "paper_fill", "fire_us": 1782349800000000, "direction": "DOWN", "stake_usd": "5", "entry_vwap": "0.8299999999999999600319711132"}
2026-06-25 01:10:00.363084+00	order_placed	kalshi_sniper_btc_15m_ema50_ema800_off600_down_H	{"mode": "paper", "side": "no", "fired": true, "status": "paper", "ticker": "KXBTC15M-26JUN242115-15", "offset_s": 600, "order_id": "paper-kalshi_sniper_btc_15m_ema50_ema800_off600_down_H-1782349800000000", "direction": "DOWN", "entry_ask": 0.45999999999999996, "entry_vwap": "0.4599999999999999644728632118", "filled_count": 10}
2026-06-25 01:15:45.094958+00	resolve	kalshi_sniper_btc_15m_ema50_ema800_off600_down_H	{"won": false, "mode": "paper", "ticker": "KXBTC15M-26JUN242115-15", "outcome": "yes", "pnl_usd": -5.0, "direction": "DOWN", "stake_usd": "5", "entry_vwap": "0.4599999999999999644728632118", "event_type": "sleeve_fire_resolved", "resolve_at_us": 1782350145000000, "window_end_us": 1782350100000000}
2026-06-25 01:19:15.070516+00	resolve	poly_sniper_v5_btc_15m_ema50_ema800_off600_down	{"won": true, "mode": "paper", "outcome": "down", "pnl_usd": 1.024096385542169, "direction": "DOWN", "stake_usd": "5", "entry_vwap": "0.8299999999999999600319711132", "event_type": "sleeve_fire_resolved", "slot_end_us": 1782350100000000, "condition_id": "0x719e809f9840a1944db90699cb668978a2d091016d45325ece3a2f98cf44190d", "resolve_at_us": 1782350145000000}
2026-06-25 02:10:00.004075+00	fire	poly_sniper_v5_btc_15m_ema50_ema800_off600_down	{"mode": "paper", "fired": true, "reason": "paper_fill", "fire_us": 1782353400000000, "direction": "DOWN", "stake_usd": "5", "entry_vwap": "0.8900000000000001243449787578"}
2026-06-25 02:10:00.097323+00	order_placed	kalshi_sniper_btc_15m_ema50_ema800_off600_down_H	{"mode": "paper", "side": "no", "fired": true, "status": "paper", "ticker": "KXBTC15M-26JUN242215-15", "offset_s": 600, "order_id": "paper-kalshi_sniper_btc_15m_ema50_ema800_off600_down_H-1782353400000000", "direction": "DOWN", "entry_ask": 0.76, "entry_vwap": "0.7600000000000000088817841968", "filled_count": 6}
2026-06-25 02:15:45.012595+00	resolve	poly_sniper_v5_btc_15m_ema50_ema800_off600_down	{"won": true, "mode": "paper", "outcome": "down", "pnl_usd": 0.6179775280898869, "direction": "DOWN", "stake_usd": "5", "entry_vwap": "0.8900000000000001243449787578", "event_type": "sleeve_fire_resolved", "slot_end_us": 1782353700000000, "condition_id": "0xfc0a52b752236f284368f1a49d3ccc9e071eaabf22f8fccebacbb43ec5deb9d3", "resolve_at_us": 1782353745000000}
2026-06-25 02:15:45.093812+00	resolve	kalshi_sniper_btc_15m_ema50_ema800_off600_down_H	{"won": true, "mode": "paper", "ticker": "KXBTC15M-26JUN242215-15", "outcome": "no", "pnl_usd": 1.5789473684210515, "direction": "DOWN", "stake_usd": "5", "entry_vwap": "0.7600000000000000088817841968", "event_type": "sleeve_fire_resolved", "resolve_at_us": 1782353745000000, "window_end_us": 1782353700000000}
2026-06-25 02:16:00.097384+00	order_placed	kalshi_scalp_exit_btc_15m_d3_v1	{"mode": "paper", "side": "no", "fired": true, "status": "paper", "ticker": "KXBTC15M-26JUN242230-30", "offset_s": 60, "order_id": "paper-kalshi_scalp_exit_btc_15m_d3_v1-1782353760000000", "direction": "DOWN", "entry_ask": 0.52, "entry_vwap": "0.5200000000000000177635683938", "filled_count": 9}
2026-06-25 02:17:01.975806+00	resolve	kalshi_scalp_exit_btc_15m_d3_v1	{"mode": "paper", "shares": 9, "ticker": "KXBTC15M-26JUN242230-30", "direction": "DOWN", "exit_type": "scalp_time", "fill_vwap": 0.52, "sell_vwap": 0.41, "realized_pnl": -0.9900000000000004, "suppress_settlement": true}
2026-06-25 02:55:00.003343+00	fire	poly_sniper_v5_btc_15m_ema50_ema800_off600_down	{"mode": "paper", "fired": true, "reason": "paper_fill", "fire_us": 1782356100000000, "direction": "DOWN", "stake_usd": "5", "entry_vwap": "0.4400000000000000022204460491"}
2026-06-25 02:55:00.178434+00	order_placed	kalshi_sniper_btc_15m_ema50_ema800_off600_down_H	{"mode": "paper", "side": "no", "fired": true, "status": "paper", "ticker": "KXBTC15M-26JUN242300-00", "offset_s": 600, "order_id": "paper-kalshi_sniper_btc_15m_ema50_ema800_off600_down_H-1782356100000000", "direction": "DOWN", "entry_ask": 0.48, "entry_vwap": "0.4799999999999999267252803745", "filled_count": 10}
2026-06-25 03:00:45.112091+00	resolve	kalshi_sniper_btc_15m_ema50_ema800_off600_down_H	{"won": false, "mode": "paper", "ticker": "KXBTC15M-26JUN242300-00", "outcome": "yes", "pnl_usd": -5.0, "direction": "DOWN", "stake_usd": "5", "entry_vwap": "0.4799999999999999267252803745", "event_type": "sleeve_fire_resolved", "resolve_at_us": 1782356445000000, "window_end_us": 1782356400000000}
2026-06-25 03:01:45.025766+00	resolve	poly_sniper_v5_btc_15m_ema50_ema800_off600_down	{"won": false, "mode": "paper", "outcome": "up", "pnl_usd": -5.0, "direction": "DOWN", "stake_usd": "5", "entry_vwap": "0.4400000000000000022204460491", "event_type": "sleeve_fire_resolved", "slot_end_us": 1782356400000000, "condition_id": "0xda785fdf07afbf347368c5a5f86f9b54ff3a742385629653702835c35c1fbfd2", "resolve_at_us": 1782356445000000}
2026-06-25 03:40:00.00456+00	fire	poly_sniper_v5_btc_15m_ema50_ema800_off600_down	{"mode": "paper", "fired": true, "reason": "paper_fill", "fire_us": 1782358800000000, "direction": "DOWN", "stake_usd": "5", "entry_vwap": "0.8399999999999999689137553101"}
2026-06-25 03:40:00.098072+00	order_placed	kalshi_sniper_btc_15m_ema50_ema800_off600_down_H	{"mode": "paper", "side": "no", "fired": true, "status": "paper", "ticker": "KXBTC15M-26JUN242345-45", "offset_s": 600, "order_id": "paper-kalshi_sniper_btc_15m_ema50_ema800_off600_down_H-1782358800000000", "direction": "DOWN", "entry_ask": 0.929, "entry_vwap": "0.9290000000000000479616346634", "filled_count": 5}
2026-06-25 03:45:45.088741+00	resolve	kalshi_sniper_btc_15m_ema50_ema800_off600_down_H	{"won": true, "mode": "paper", "ticker": "KXBTC15M-26JUN242345-45", "outcome": "no", "pnl_usd": 0.3821313240043048, "direction": "DOWN", "stake_usd": "5", "entry_vwap": "0.9290000000000000479616346634", "event_type": "sleeve_fire_resolved", "resolve_at_us": 1782359145000000, "window_end_us": 1782359100000000}
2026-06-25 03:49:45.084426+00	resolve	poly_sniper_v5_btc_15m_ema50_ema800_off600_down	{"won": true, "mode": "paper", "outcome": "down", "pnl_usd": 0.9523809523809526, "direction": "DOWN", "stake_usd": "5", "entry_vwap": "0.8399999999999999689137553101", "event_type": "sleeve_fire_resolved", "slot_end_us": 1782359100000000, "condition_id": "0xa8816d3ac485dac24e09ca41a1a0312fe678be9b6d3fedf22848d23b54aac238", "resolve_at_us": 1782359145000000}
2026-06-25 05:05:05.004788+00	fire	shadow_scalp_exit_btc_5m_d3_v1	{"mode": "paper", "fired": true, "reason": "paper_fill", "fire_us": 1782363905000000, "direction": "UP", "stake_usd": "5", "entry_vwap": "0.6199999999999999955591079013"}
2026-06-25 05:12:45.04336+00	resolve	shadow_scalp_exit_btc_5m_d3_v1	{"won": true, "mode": "paper", "outcome": "up", "pnl_usd": 3.064516129032258, "direction": "UP", "stake_usd": "5", "entry_vwap": "0.6199999999999999955591079013", "event_type": "sleeve_fire_resolved", "slot_end_us": 1782364200000000, "condition_id": "0x94012e5d0381f79551ea6912dc95218d64b04fdb78ce7cf70f58b5e86cf7b417", "resolve_at_us": 1782364245000000}
2026-06-25 05:25:05.004279+00	fire	shadow_scalp_exit_btc_5m_d3_v1	{"mode": "paper", "fired": true, "reason": "paper_fill", "fire_us": 1782365105000000, "direction": "DOWN", "stake_usd": "5", "entry_vwap": "0.5699999999999999511501869163"}
2026-06-25 05:32:45.042369+00	resolve	shadow_scalp_exit_btc_5m_d3_v1	{"won": true, "mode": "paper", "outcome": "down", "pnl_usd": 3.7719298245614024, "direction": "DOWN", "stake_usd": "5", "entry_vwap": "0.5699999999999999511501869163", "event_type": "sleeve_fire_resolved", "slot_end_us": 1782365400000000, "condition_id": "0xd556b3a5b88c6aa6e42a37b878fee7fa3e722dbbd595aab3aa5087c913a1d01d", "resolve_at_us": 1782365445000000}
2026-06-25 07:10:05.005006+00	fire	shadow_scalp_exit_btc_5m_d3_v1	{"mode": "paper", "fired": true, "reason": "paper_fill", "fire_us": 1782371405000000, "direction": "DOWN", "stake_usd": "5", "entry_vwap": "0.5999999999999999777955395073"}
2026-06-25 07:16:45.034461+00	resolve	shadow_scalp_exit_btc_5m_d3_v1	{"won": true, "mode": "paper", "outcome": "down", "pnl_usd": 3.333333333333334, "direction": "DOWN", "stake_usd": "5", "entry_vwap": "0.5999999999999999777955395073", "event_type": "sleeve_fire_resolved", "slot_end_us": 1782371700000000, "condition_id": "0x77711f47b6979efb1389d510db272a77006ef70c59277aee5e624fc2774e3e76", "resolve_at_us": 1782371745000000}
2026-06-25 09:51:00.004463+00	fire	poly_sniper_v5_eth_5m_l_ema50_hurst_grandparent_V10	{"mode": "paper", "fired": true, "reason": "paper_fill", "fire_us": 1782381060000000, "direction": "DOWN", "stake_usd": "5", "entry_vwap": "0.4799999999999999267252803745"}
2026-06-25 09:56:00.02981+00	fire	poly_sniper_v5_eth_5m_l_ema50_hurst_grandparent_V10	{"mode": "paper", "fired": true, "reason": "paper_fill", "fire_us": 1782381360000000, "direction": "DOWN", "stake_usd": "5", "entry_vwap": "0.6500000000000000222044604923"}
2026-06-25 10:00:15.093731+00	resolve	poly_sniper_v5_eth_5m_l_ema50_hurst_grandparent_V10	{"won": false, "mode": "paper", "outcome": "up", "pnl_usd": -5.0, "direction": "DOWN", "stake_usd": "5", "entry_vwap": "0.4799999999999999267252803745", "event_type": "sleeve_fire_resolved", "slot_end_us": 1782381300000000, "condition_id": "0x79b56c36cfa71c523142db53d9d1b796a34db479715ba3021abb8fca1a08ba68", "resolve_at_us": 1782381345000000}
2026-06-25 10:04:15.092039+00	resolve	poly_sniper_v5_eth_5m_l_ema50_hurst_grandparent_V10	{"won": false, "mode": "paper", "outcome": "up", "pnl_usd": -5.0, "direction": "DOWN", "stake_usd": "5", "entry_vwap": "0.6500000000000000222044604923", "event_type": "sleeve_fire_resolved", "slot_end_us": 1782381600000000, "condition_id": "0x3049004fb2c9d1257c9ffbbabc344e6128a18e16ae367ecc74a8dac6625fc87f", "resolve_at_us": 1782381645000000}
2026-06-25 10:36:00.008733+00	fire	poly_sniper_v5_eth_5m_l_ema50_hurst_grandparent_V10	{"mode": "paper", "fired": true, "reason": "paper_fill", "fire_us": 1782383760000000, "direction": "DOWN", "stake_usd": "5", "entry_vwap": "0.5500000000000000444089209848"}
2026-06-25 10:44:45.089316+00	resolve	poly_sniper_v5_eth_5m_l_ema50_hurst_grandparent_V10	{"won": true, "mode": "paper", "outcome": "down", "pnl_usd": 4.09090909090909, "direction": "DOWN", "stake_usd": "5", "entry_vwap": "0.5500000000000000444089209848", "event_type": "sleeve_fire_resolved", "slot_end_us": 1782384000000000, "condition_id": "0x85c581ee62ed7e5aa5e2a3e5d97b97795054f2837ca6590f681e5cf24d313f54", "resolve_at_us": 1782384045000000}
2026-06-25 10:46:00.003906+00	fire	poly_sniper_v5_eth_5m_l_ema50_hurst_grandparent_V10	{"mode": "paper", "fired": true, "reason": "paper_fill", "fire_us": 1782384360000000, "direction": "DOWN", "stake_usd": "5", "entry_vwap": "0.8100000000000000532907051816"}
2026-06-25 10:51:45.030075+00	resolve	poly_sniper_v5_eth_5m_l_ema50_hurst_grandparent_V10	{"won": false, "mode": "paper", "outcome": "up", "pnl_usd": -5.0, "direction": "DOWN", "stake_usd": "5", "entry_vwap": "0.8100000000000000532907051816", "event_type": "sleeve_fire_resolved", "slot_end_us": 1782384600000000, "condition_id": "0x0439704792949492fe2819bc8a8c732839c37e5bd687fd024c8668e1031c6529", "resolve_at_us": 1782384645000000}
2026-06-25 11:06:00.004092+00	fire	poly_sniper_v5_eth_5m_l_ema50_hurst_grandparent_V10	{"mode": "paper", "fired": true, "reason": "paper_fill", "fire_us": 1782385560000000, "direction": "DOWN", "stake_usd": "5", "entry_vwap": "0.6999999999999999555910790147"}
2026-06-25 11:10:00.005155+00	fire	poly_sniper_v5_btc_15m_ema50_ema800_off600_down	{"mode": "paper", "fired": true, "reason": "paper_fill", "fire_us": 1782385800000000, "direction": "DOWN", "stake_usd": "5", "entry_vwap": "0.9989999999999999991118215797"}
2026-06-25 11:13:15.064621+00	resolve	poly_sniper_v5_eth_5m_l_ema50_hurst_grandparent_V10	{"won": true, "mode": "paper", "outcome": "down", "pnl_usd": 2.1428571428571432, "direction": "DOWN", "stake_usd": "5", "entry_vwap": "0.6999999999999999555910790147", "event_type": "sleeve_fire_resolved", "slot_end_us": 1782385800000000, "condition_id": "0x597c6fe1f5068bca416a38318f57627e68d51f28c32d2f0ba2200ebb392ff705", "resolve_at_us": 1782385845000000}
2026-06-25 11:15:05.007538+00	fire	shadow_scalp_exit_btc_5m_d3_v1	{"mode": "paper", "fired": true, "reason": "paper_fill", "fire_us": 1782386105000000, "direction": "DOWN", "stake_usd": "5", "entry_vwap": "0.6199999999999999955591079013"}
2026-06-25 11:15:45.01037+00	resolve	poly_sniper_v5_btc_15m_ema50_ema800_off600_down	{"won": true, "mode": "paper", "outcome": "down", "pnl_usd": 0.005005005005004453, "direction": "DOWN", "stake_usd": "5", "entry_vwap": "0.9989999999999999991118215797", "event_type": "sleeve_fire_resolved", "slot_end_us": 1782386100000000, "condition_id": "0xb524b79b34c4a034f93d5887e5b80234859817088dc97ab3aa3f43d5f8cc58a8", "resolve_at_us": 1782386145000000}
2026-06-25 11:22:15.038213+00	resolve	shadow_scalp_exit_btc_5m_d3_v1	{"won": true, "mode": "paper", "outcome": "down", "pnl_usd": 3.064516129032258, "direction": "DOWN", "stake_usd": "5", "entry_vwap": "0.6199999999999999955591079013", "event_type": "sleeve_fire_resolved", "slot_end_us": 1782386400000000, "condition_id": "0x7486442c453acc2fd72b5c11f86c4cd066ab6ce4d5ce7969c6cab4fba20ca41c", "resolve_at_us": 1782386445000000}
2026-06-25 11:25:00.003452+00	fire	poly_sniper_v5_btc_15m_ema50_ema800_off600_down	{"mode": "paper", "fired": true, "reason": "paper_fill", "fire_us": 1782386700000000, "direction": "DOWN", "stake_usd": "5", "entry_vwap": "0.8499999999999999777955395072"}
2026-06-25 11:25:00.104512+00	order_placed	kalshi_sniper_btc_15m_ema50_ema800_off600_down_H	{"mode": "paper", "side": "no", "fired": true, "status": "paper", "ticker": "KXBTC15M-26JUN250730-30", "offset_s": 600, "order_id": "paper-kalshi_sniper_btc_15m_ema50_ema800_off600_down_H-1782386700000000", "direction": "DOWN", "entry_ask": 0.41000000000000003, "entry_vwap": "0.4100000000000000310862446894", "filled_count": 12}
2026-06-25 11:30:05.005752+00	fire	shadow_scalp_exit_btc_5m_d3_v1	{"mode": "paper", "fired": true, "reason": "paper_fill", "fire_us": 1782387005000000, "direction": "UP", "stake_usd": "5", "entry_vwap": "0.6500000000000000222044604923"}
2026-06-25 11:30:45.09504+00	resolve	kalshi_sniper_btc_15m_ema50_ema800_off600_down_H	{"won": true, "mode": "paper", "ticker": "KXBTC15M-26JUN250730-30", "outcome": "no", "pnl_usd": 7.195121951219511, "direction": "DOWN", "stake_usd": "5", "entry_vwap": "0.4100000000000000310862446894", "event_type": "sleeve_fire_resolved", "resolve_at_us": 1782387045000000, "window_end_us": 1782387000000000}
2026-06-25 11:31:15.019128+00	resolve	poly_sniper_v5_btc_15m_ema50_ema800_off600_down	{"won": true, "mode": "paper", "outcome": "down", "pnl_usd": 0.8823529411764708, "direction": "DOWN", "stake_usd": "5", "entry_vwap": "0.8499999999999999777955395072", "event_type": "sleeve_fire_resolved", "slot_end_us": 1782387000000000, "condition_id": "0x8e2c24b862063f0735e28c1aa02dd8a2ddd30d770ebc62ff9252787399683760", "resolve_at_us": 1782387045000000}
2026-06-25 11:36:15.019205+00	resolve	shadow_scalp_exit_btc_5m_d3_v1	{"won": true, "mode": "paper", "outcome": "up", "pnl_usd": 2.692307692307692, "direction": "UP", "stake_usd": "5", "entry_vwap": "0.6500000000000000222044604923", "event_type": "sleeve_fire_resolved", "slot_end_us": 1782387300000000, "condition_id": "0x5c17d0785fe681e6d4f3d40577addac85a45cc9a2611fa47c67dd094c205fd45", "resolve_at_us": 1782387345000000}
2026-06-25 11:55:00.006511+00	fire	poly_sniper_v5_btc_15m_ema50_ema800_off600_down	{"mode": "paper", "fired": true, "reason": "paper_fill", "fire_us": 1782388500000000, "direction": "DOWN", "stake_usd": "5", "entry_vwap": "0.9799999999999999822364316056"}
2026-06-25 12:00:05.005109+00	fire	shadow_scalp_exit_btc_5m_d3_v1	{"mode": "paper", "fired": true, "reason": "paper_fill", "fire_us": 1782388805000000, "direction": "UP", "stake_usd": "5", "entry_vwap": "0.5999999999999999777955395073"}
2026-06-25 12:02:15.079207+00	resolve	poly_sniper_v5_btc_15m_ema50_ema800_off600_down	{"won": true, "mode": "paper", "outcome": "down", "pnl_usd": 0.10204081632653013, "direction": "DOWN", "stake_usd": "5", "entry_vwap": "0.9799999999999999822364316056", "event_type": "sleeve_fire_resolved", "slot_end_us": 1782388800000000, "condition_id": "0x48122fc6f45ee0564f9736c0f31a4787e167f6ee60cd296b0cbcba20aa7adc10", "resolve_at_us": 1782388845000000}
2026-06-25 12:06:45.050276+00	resolve	shadow_scalp_exit_btc_5m_d3_v1	{"won": false, "mode": "paper", "outcome": "down", "pnl_usd": -5.0, "direction": "UP", "stake_usd": "5", "entry_vwap": "0.5999999999999999777955395073", "event_type": "sleeve_fire_resolved", "slot_end_us": 1782389100000000, "condition_id": "0x6a58f0860032c702f007aafdd7794b5ca11235a6c14eaa45145c2dff79ac2c0f", "resolve_at_us": 1782389145000000}
2026-06-25 12:10:00.005542+00	fire	poly_sniper_v5_btc_15m_ema50_ema800_off600_down	{"mode": "paper", "fired": true, "reason": "paper_fill", "fire_us": 1782389400000000, "direction": "DOWN", "stake_usd": "5", "entry_vwap": "0.7600000000000000088817841968"}
2026-06-25 12:10:00.215529+00	order_placed	kalshi_sniper_btc_15m_ema50_ema800_off600_down_H	{"mode": "paper", "side": "no", "fired": true, "status": "paper", "ticker": "KXBTC15M-26JUN250815-15", "offset_s": 600, "order_id": "paper-kalshi_sniper_btc_15m_ema50_ema800_off600_down_H-1782389400000000", "direction": "DOWN", "entry_ask": 0.79, "entry_vwap": "0.7900000000000000355271367877", "filled_count": 6}
2026-06-25 12:15:45.013539+00	resolve	poly_sniper_v5_btc_15m_ema50_ema800_off600_down	{"won": true, "mode": "paper", "outcome": "down", "pnl_usd": 1.5789473684210515, "direction": "DOWN", "stake_usd": "5", "entry_vwap": "0.7600000000000000088817841968", "event_type": "sleeve_fire_resolved", "slot_end_us": 1782389700000000, "condition_id": "0x053bfd4dbd8abbcec5f4f59b1d056c5959103603f6ae9b7d3fc7ec9ad3bafb5c", "resolve_at_us": 1782389745000000}
2026-06-25 12:15:45.09984+00	resolve	kalshi_sniper_btc_15m_ema50_ema800_off600_down_H	{"won": true, "mode": "paper", "ticker": "KXBTC15M-26JUN250815-15", "outcome": "no", "pnl_usd": 1.3291139240506327, "direction": "DOWN", "stake_usd": "5", "entry_vwap": "0.7900000000000000355271367877", "event_type": "sleeve_fire_resolved", "resolve_at_us": 1782389745000000, "window_end_us": 1782389700000000}
2026-06-25 12:25:00.005428+00	fire	poly_sniper_v5_btc_15m_ema50_ema800_off600_down	{"mode": "paper", "fired": true, "reason": "paper_fill", "fire_us": 1782390300000000, "direction": "DOWN", "stake_usd": "5", "entry_vwap": "0.5999999999999999777955395073"}
2026-06-25 12:25:00.213811+00	order_placed	kalshi_sniper_btc_15m_ema50_ema800_off600_down_H	{"mode": "paper", "side": "no", "fired": true, "status": "paper", "ticker": "KXBTC15M-26JUN250830-30", "offset_s": 600, "order_id": "paper-kalshi_sniper_btc_15m_ema50_ema800_off600_down_H-1782390300000000", "direction": "DOWN", "entry_ask": 0.47, "entry_vwap": "0.4700000000000000288657986401", "filled_count": 10}
2026-06-25 12:30:05.004851+00	fire	shadow_scalp_exit_btc_5m_d3_v1	{"mode": "paper", "fired": true, "reason": "paper_fill", "fire_us": 1782390605000000, "direction": "UP", "stake_usd": "5", "entry_vwap": "0.6600000000000000310862446891"}
2026-06-25 12:30:45.010952+00	resolve	poly_sniper_v5_btc_15m_ema50_ema800_off600_down	{"won": true, "mode": "paper", "outcome": "down", "pnl_usd": 3.333333333333334, "direction": "DOWN", "stake_usd": "5", "entry_vwap": "0.5999999999999999777955395073", "event_type": "sleeve_fire_resolved", "slot_end_us": 1782390600000000, "condition_id": "0x69dc87baae5cca166ca65a7723ba3f4bd74e7ef09e7b7a6b44a033882cbfddd1", "resolve_at_us": 1782390645000000}
2026-06-25 12:30:45.099508+00	resolve	kalshi_sniper_btc_15m_ema50_ema800_off600_down_H	{"won": true, "mode": "paper", "ticker": "KXBTC15M-26JUN250830-30", "outcome": "no", "pnl_usd": 5.638297872340425, "direction": "DOWN", "stake_usd": "5", "entry_vwap": "0.4700000000000000288657986401", "event_type": "sleeve_fire_resolved", "resolve_at_us": 1782390645000000, "window_end_us": 1782390600000000}
2026-06-25 12:35:45.009737+00	resolve	shadow_scalp_exit_btc_5m_d3_v1	{"won": true, "mode": "paper", "outcome": "up", "pnl_usd": 2.5757575757575744, "direction": "UP", "stake_usd": "5", "entry_vwap": "0.6600000000000000310862446891", "event_type": "sleeve_fire_resolved", "slot_end_us": 1782390900000000, "condition_id": "0xd19ac99013aa8ab42efe1f85cc2feeae9a2f97911267e6362d12c68dcaa7bb67", "resolve_at_us": 1782390945000000}
2026-06-25 12:55:00.343442+00	order_placed	kalshi_sniper_btc_15m_ema50_ema800_off600_down_H	{"mode": "paper", "side": "no", "fired": true, "status": "paper", "ticker": "KXBTC15M-26JUN250900-00", "offset_s": 600, "order_id": "paper-kalshi_sniper_btc_15m_ema50_ema800_off600_down_H-1782392100000000", "direction": "DOWN", "entry_ask": 0.77, "entry_vwap": "0.7700000000000000177635683938", "filled_count": 6}
2026-06-25 13:00:45.100367+00	resolve	kalshi_sniper_btc_15m_ema50_ema800_off600_down_H	{"won": true, "mode": "paper", "ticker": "KXBTC15M-26JUN250900-00", "outcome": "no", "pnl_usd": 1.4935064935064926, "direction": "DOWN", "stake_usd": "5", "entry_vwap": "0.7700000000000000177635683938", "event_type": "sleeve_fire_resolved", "resolve_at_us": 1782392445000000, "window_end_us": 1782392400000000}
2026-06-25 13:10:00.007965+00	fire	poly_sniper_v5_btc_15m_ema50_ema800_off600_down	{"mode": "paper", "fired": true, "reason": "paper_fill", "fire_us": 1782393000000000, "direction": "DOWN", "stake_usd": "5", "entry_vwap": "0.5799999999999999600319711133"}
2026-06-25 13:10:00.197208+00	order_placed	kalshi_sniper_btc_15m_ema50_ema800_off600_down_H	{"mode": "paper", "side": "no", "fired": true, "status": "paper", "ticker": "KXBTC15M-26JUN250915-15", "offset_s": 600, "order_id": "paper-kalshi_sniper_btc_15m_ema50_ema800_off600_down_H-1782393000000000", "direction": "DOWN", "entry_ask": 0.56, "entry_vwap": "0.5600000000000000532907051819", "filled_count": 8}
2026-06-25 13:15:45.0952+00	resolve	kalshi_sniper_btc_15m_ema50_ema800_off600_down_H	{"won": false, "mode": "paper", "ticker": "KXBTC15M-26JUN250915-15", "outcome": "yes", "pnl_usd": -5.0, "direction": "DOWN", "stake_usd": "5", "entry_vwap": "0.5600000000000000532907051819", "event_type": "sleeve_fire_resolved", "resolve_at_us": 1782393345000000, "window_end_us": 1782393300000000}
2026-06-25 13:19:45.090847+00	resolve	poly_sniper_v5_btc_15m_ema50_ema800_off600_down	{"won": false, "mode": "paper", "outcome": "up", "pnl_usd": -5.0, "direction": "DOWN", "stake_usd": "5", "entry_vwap": "0.5799999999999999600319711133", "event_type": "sleeve_fire_resolved", "slot_end_us": 1782393300000000, "condition_id": "0xce139800aedac60048467fb64d4e2229891c9341bf33ace9bfceafe759e93efe", "resolve_at_us": 1782393345000000}
2026-06-25 13:25:00.004117+00	fire	poly_sniper_v5_btc_15m_ema50_ema800_off600_down	{"mode": "paper", "fired": true, "reason": "paper_fill", "fire_us": 1782393900000000, "direction": "DOWN", "stake_usd": "5", "entry_vwap": "0.8199999999999999511501869162"}
2026-06-25 13:25:00.236113+00	order_placed	kalshi_sniper_btc_15m_ema50_ema800_off600_down_H	{"mode": "paper", "side": "no", "fired": true, "status": "paper", "ticker": "KXBTC15M-26JUN250930-30", "offset_s": 600, "order_id": "paper-kalshi_sniper_btc_15m_ema50_ema800_off600_down_H-1782393900000000", "direction": "DOWN", "entry_ask": 0.87, "entry_vwap": "0.8700000000000001065814103637", "filled_count": 5}
2026-06-25 13:25:05.004831+00	fire	shadow_scalp_exit_btc_5m_d3_v1	{"mode": "paper", "fired": true, "reason": "paper_fill", "fire_us": 1782393905000000, "direction": "DOWN", "stake_usd": "5", "entry_vwap": "0.7399999999999999911182158027"}
2026-06-25 13:30:45.009948+00	resolve	shadow_scalp_exit_btc_5m_d3_v1	{"won": true, "mode": "paper", "outcome": "down", "pnl_usd": 1.7567567567567568, "direction": "DOWN", "stake_usd": "5", "entry_vwap": "0.7399999999999999911182158027", "event_type": "sleeve_fire_resolved", "slot_end_us": 1782394200000000, "condition_id": "0x4af58786102ea7dd5dafb1fd866cf90d5f2d7b70ca1c729b0672fd5de6daf678", "resolve_at_us": 1782394245000000}
2026-06-25 13:30:45.099281+00	resolve	kalshi_sniper_btc_15m_ema50_ema800_off600_down_H	{"won": true, "mode": "paper", "ticker": "KXBTC15M-26JUN250930-30", "outcome": "no", "pnl_usd": 0.7471264367816077, "direction": "DOWN", "stake_usd": "5", "entry_vwap": "0.8700000000000001065814103637", "event_type": "sleeve_fire_resolved", "resolve_at_us": 1782394245000000, "window_end_us": 1782394200000000}
2026-06-25 13:34:45.098058+00	resolve	poly_sniper_v5_btc_15m_ema50_ema800_off600_down	{"won": true, "mode": "paper", "outcome": "down", "pnl_usd": 1.0975609756097564, "direction": "DOWN", "stake_usd": "5", "entry_vwap": "0.8199999999999999511501869162", "event_type": "sleeve_fire_resolved", "slot_end_us": 1782394200000000, "condition_id": "0x39a026ed49cc91d25bb546e26777e7734bc180468087838327327650b0d98d94", "resolve_at_us": 1782394245000000}
2026-06-25 13:40:00.004405+00	fire	poly_sniper_v5_btc_15m_ema50_ema800_off600_down	{"mode": "paper", "fired": true, "reason": "paper_fill", "fire_us": 1782394800000000, "direction": "DOWN", "stake_usd": "5", "entry_vwap": "0.9979999999999999982236431602"}
2026-06-25 13:41:00.004818+00	fire	poly_sniper_v5_eth_5m_l_ema50_hurst_grandparent_V10	{"mode": "paper", "fired": true, "reason": "paper_fill", "fire_us": 1782394860000000, "direction": "DOWN", "stake_usd": "5", "entry_vwap": "0.8100000000000000532907051816"}
2026-06-25 13:45:05.004605+00	fire	shadow_scalp_exit_btc_5m_d3_v1	{"mode": "paper", "fired": true, "reason": "paper_fill", "fire_us": 1782395105000000, "direction": "UP", "stake_usd": "5", "entry_vwap": "0.6600000000000000310862446891"}
2026-06-25 13:45:45.013033+00	resolve	poly_sniper_v5_btc_15m_ema50_ema800_off600_down	{"won": true, "mode": "paper", "outcome": "down", "pnl_usd": 0.010020040080159772, "direction": "DOWN", "stake_usd": "5", "entry_vwap": "0.9979999999999999982236431602", "event_type": "sleeve_fire_resolved", "slot_end_us": 1782395100000000, "condition_id": "0x7655c4fd3ef010e89f6ebe2e9da0a9a7dd4696e22728ae60cb51a129ad9437dc", "resolve_at_us": 1782395145000000}
2026-06-25 13:46:00.006808+00	fire	poly_sniper_v5_eth_5m_l_ema50_hurst_grandparent_V10	{"mode": "paper", "fired": true, "reason": "paper_fill", "fire_us": 1782395160000000, "direction": "DOWN", "stake_usd": "5", "entry_vwap": "0.7399999999999999911182158027"}
2026-06-25 13:47:15.05328+00	resolve	poly_sniper_v5_eth_5m_l_ema50_hurst_grandparent_V10	{"won": true, "mode": "paper", "outcome": "down", "pnl_usd": 1.1728395061728392, "direction": "DOWN", "stake_usd": "5", "entry_vwap": "0.8100000000000000532907051816", "event_type": "sleeve_fire_resolved", "slot_end_us": 1782395100000000, "condition_id": "0x430a973aaea7edb970b1e96bdefecfea72b2b37ec7b21e81aa60baf038537431", "resolve_at_us": 1782395145000000}
2026-06-25 13:50:05.007743+00	fire	shadow_scalp_exit_btc_5m_d3_v1	{"mode": "paper", "fired": true, "reason": "paper_fill", "fire_us": 1782395405000000, "direction": "UP", "stake_usd": "5", "entry_vwap": "0.5100000000000000088817841969"}
2026-06-25 13:51:00.004794+00	fire	poly_sniper_v5_eth_5m_l_ema50_hurst_grandparent_V10	{"mode": "paper", "fired": true, "reason": "paper_fill", "fire_us": 1782395460000000, "direction": "DOWN", "stake_usd": "5", "entry_vwap": "0.6199999999999999955591079013"}
2026-06-25 13:52:45.06412+00	resolve	shadow_scalp_exit_btc_5m_d3_v1	{"won": false, "mode": "paper", "outcome": "down", "pnl_usd": -5.0, "direction": "UP", "stake_usd": "5", "entry_vwap": "0.6600000000000000310862446891", "event_type": "sleeve_fire_resolved", "slot_end_us": 1782395400000000, "condition_id": "0x510f29b645c64d250c9a959b883e92e2d364fd0150c7dd0a34bdcdd6656b1c42", "resolve_at_us": 1782395445000000}
2026-06-25 13:53:45.08688+00	resolve	poly_sniper_v5_eth_5m_l_ema50_hurst_grandparent_V10	{"won": true, "mode": "paper", "outcome": "down", "pnl_usd": 1.7567567567567568, "direction": "DOWN", "stake_usd": "5", "entry_vwap": "0.7399999999999999911182158027", "event_type": "sleeve_fire_resolved", "slot_end_us": 1782395400000000, "condition_id": "0x5d8b72540291d7425cf1c14496562c95a450a256abcc71b893e8a92d2b18b557", "resolve_at_us": 1782395445000000}
2026-06-25 13:55:00.004521+00	fire	poly_sniper_v5_btc_15m_ema50_ema800_off600_down	{"mode": "paper", "fired": true, "reason": "paper_fill", "fire_us": 1782395700000000, "direction": "DOWN", "stake_usd": "5", "entry_vwap": "0.9979999999999999982236431602"}
2026-06-25 13:55:45.019183+00	resolve	poly_sniper_v5_eth_5m_l_ema50_hurst_grandparent_V10	{"won": true, "mode": "paper", "outcome": "down", "pnl_usd": 3.064516129032258, "direction": "DOWN", "stake_usd": "5", "entry_vwap": "0.6199999999999999955591079013", "event_type": "sleeve_fire_resolved", "slot_end_us": 1782395700000000, "condition_id": "0x7ff8e0e0815708c28d840557991d4cd9394ce40a981e014ad48d0dd5fc89f65c", "resolve_at_us": 1782395745000000}
2026-06-25 13:56:00.003886+00	fire	poly_sniper_v5_eth_5m_l_ema50_hurst_grandparent_V10	{"mode": "paper", "fired": true, "reason": "paper_fill", "fire_us": 1782395760000000, "direction": "DOWN", "stake_usd": "5", "entry_vwap": "0.8199999999999999511501869162"}
2026-06-25 13:57:45.068487+00	resolve	shadow_scalp_exit_btc_5m_d3_v1	{"won": false, "mode": "paper", "outcome": "down", "pnl_usd": -5.0, "direction": "UP", "stake_usd": "5", "entry_vwap": "0.5100000000000000088817841969", "event_type": "sleeve_fire_resolved", "slot_end_us": 1782395700000000, "condition_id": "0xd55e53cd9a6109f79bd02207a20d1a17cc57837e5d00ce144b7af5ceaa7c9898", "resolve_at_us": 1782395745000000}
2026-06-25 14:00:45.011127+00	resolve	poly_sniper_v5_eth_5m_l_ema50_hurst_grandparent_V10	{"won": true, "mode": "paper", "outcome": "down", "pnl_usd": 1.0975609756097564, "direction": "DOWN", "stake_usd": "5", "entry_vwap": "0.8199999999999999511501869162", "event_type": "sleeve_fire_resolved", "slot_end_us": 1782396000000000, "condition_id": "0x336e74084cd4ce3bb7c85131b23044266cc0d17d2ccca451ebb6fd8cb5fbd88b", "resolve_at_us": 1782396045000000}
2026-06-25 14:00:45.016398+00	resolve	poly_sniper_v5_btc_15m_ema50_ema800_off600_down	{"won": true, "mode": "paper", "outcome": "down", "pnl_usd": 0.010020040080159772, "direction": "DOWN", "stake_usd": "5", "entry_vwap": "0.9979999999999999982236431602", "event_type": "sleeve_fire_resolved", "slot_end_us": 1782396000000000, "condition_id": "0x55d54ca0a4120fddf557c9bfe3600b509b3d2795c3618943b994297c29ef29ba", "resolve_at_us": 1782396045000000}
2026-06-25 14:01:00.008047+00	fire	poly_sniper_v5_eth_5m_l_ema50_hurst_grandparent_V10	{"mode": "paper", "fired": true, "reason": "paper_fill", "fire_us": 1782396060000000, "direction": "DOWN", "stake_usd": "5", "entry_vwap": "0.0700000000000000066613381477"}
2026-06-25 14:06:15.026832+00	resolve	poly_sniper_v5_eth_5m_l_ema50_hurst_grandparent_V10	{"won": false, "mode": "paper", "outcome": "up", "pnl_usd": -5.0, "direction": "DOWN", "stake_usd": "5", "entry_vwap": "0.0700000000000000066613381477", "event_type": "sleeve_fire_resolved", "slot_end_us": 1782396300000000, "condition_id": "0x1c3cea55d2ba429c3d2c5fb4ff1111143888b012ffaa38280e804c3a4e1ae918", "resolve_at_us": 1782396345000000}
2026-06-25 14:10:00.004348+00	fire	poly_sniper_v5_btc_15m_ema50_ema800_off600_down	{"mode": "paper", "fired": true, "reason": "paper_fill", "fire_us": 1782396600000000, "direction": "DOWN", "stake_usd": "5", "entry_vwap": "0.0088148873653281084594723893"}
2026-06-25 14:10:05.004728+00	fire	shadow_scalp_exit_btc_5m_d3_v1	{"mode": "paper", "fired": true, "reason": "paper_fill", "fire_us": 1782396605000000, "direction": "UP", "stake_usd": "5", "entry_vwap": "0.5500000000000000444089209848"}
2026-06-25 14:15:05.004917+00	fire	shadow_scalp_exit_btc_5m_d3_v1	{"mode": "paper", "fired": true, "reason": "paper_fill", "fire_us": 1782396905000000, "direction": "UP", "stake_usd": "5", "entry_vwap": "0.6400000000000000133226762952"}
2026-06-25 14:15:45.008331+00	resolve	poly_sniper_v5_btc_15m_ema50_ema800_off600_down	{"won": false, "mode": "paper", "outcome": "up", "pnl_usd": -5.0, "direction": "DOWN", "stake_usd": "5", "entry_vwap": "0.0088148873653281084594723893", "event_type": "sleeve_fire_resolved", "slot_end_us": 1782396900000000, "condition_id": "0xf35106f6886ff897e8838a63137bdcd14e2cdb8b50a6dae25ac0e72fe0eea3ed", "resolve_at_us": 1782396945000000}
2026-06-25 14:15:45.01245+00	resolve	shadow_scalp_exit_btc_5m_d3_v1	{"won": false, "mode": "paper", "outcome": "down", "pnl_usd": -5.0, "direction": "UP", "stake_usd": "5", "entry_vwap": "0.5500000000000000444089209848", "event_type": "sleeve_fire_resolved", "slot_end_us": 1782396900000000, "condition_id": "0x6a3382af677262c211bcaf59d98154536b6551504cba53e4ed7c3256c6dcb2ac", "resolve_at_us": 1782396945000000}
2026-06-25 14:20:05.006802+00	fire	shadow_scalp_exit_btc_5m_d3_v1	{"mode": "paper", "fired": true, "reason": "paper_fill", "fire_us": 1782397205000000, "direction": "UP", "stake_usd": "5", "entry_vwap": "0.5999999999999999777955395073"}
2026-06-25 14:20:45.014369+00	resolve	shadow_scalp_exit_btc_5m_d3_v1	{"won": false, "mode": "paper", "outcome": "down", "pnl_usd": -5.0, "direction": "UP", "stake_usd": "5", "entry_vwap": "0.6400000000000000133226762952", "event_type": "sleeve_fire_resolved", "slot_end_us": 1782397200000000, "condition_id": "0x875855a85e57a37883c4a98856625426aee73fbe49e7ed146e55d46a4adde2cb", "resolve_at_us": 1782397245000000}
2026-06-25 14:25:00.006518+00	fire	poly_sniper_v5_btc_15m_ema50_ema800_off600_down	{"mode": "paper", "fired": true, "reason": "paper_fill", "fire_us": 1782397500000000, "direction": "DOWN", "stake_usd": "5", "entry_vwap": "0.4099999999999999755750934581"}
2026-06-25 14:25:00.203828+00	order_placed	kalshi_sniper_btc_15m_ema50_ema800_off600_down_H	{"mode": "paper", "side": "no", "fired": true, "status": "paper", "ticker": "KXBTC15M-26JUN251030-30", "offset_s": 600, "order_id": "paper-kalshi_sniper_btc_15m_ema50_ema800_off600_down_H-1782397500000000", "direction": "DOWN", "entry_ask": 0.5800000000000001, "entry_vwap": "0.5800000000000000710542735758", "filled_count": 8}
2026-06-25 14:25:05.016157+00	fire	shadow_scalp_exit_btc_5m_d3_v1	{"mode": "paper", "fired": true, "reason": "paper_fill", "fire_us": 1782397505000000, "direction": "UP", "stake_usd": "5", "entry_vwap": "0.5999999999999999777955395073"}
2026-06-25 14:27:15.060692+00	resolve	shadow_scalp_exit_btc_5m_d3_v1	{"won": true, "mode": "paper", "outcome": "up", "pnl_usd": 3.333333333333334, "direction": "UP", "stake_usd": "5", "entry_vwap": "0.5999999999999999777955395073", "event_type": "sleeve_fire_resolved", "slot_end_us": 1782397500000000, "condition_id": "0xf71b90616afdae368819b66f18050a446b892304d46ed30615d13b7e1cff4054", "resolve_at_us": 1782397545000000}
2026-06-25 14:30:45.028302+00	resolve	poly_sniper_v5_btc_15m_ema50_ema800_off600_down	{"won": false, "mode": "paper", "outcome": "up", "pnl_usd": -5.0, "direction": "DOWN", "stake_usd": "5", "entry_vwap": "0.4099999999999999755750934581", "event_type": "sleeve_fire_resolved", "slot_end_us": 1782397800000000, "condition_id": "0x6604d71034aa6069ee428ecba0720628c99d8bf2b1cd974d9b425565d3831ab8", "resolve_at_us": 1782397845000000}
2026-06-25 14:30:45.107905+00	resolve	kalshi_sniper_btc_15m_ema50_ema800_off600_down_H	{"won": true, "mode": "paper", "ticker": "KXBTC15M-26JUN251030-30", "outcome": "no", "pnl_usd": 3.620689655172413, "direction": "DOWN", "stake_usd": "5", "entry_vwap": "0.5800000000000000710542735758", "event_type": "sleeve_fire_resolved", "resolve_at_us": 1782397845000000, "window_end_us": 1782397800000000}
2026-06-25 14:32:15.039707+00	resolve	shadow_scalp_exit_btc_5m_d3_v1	{"won": true, "mode": "paper", "outcome": "up", "pnl_usd": 3.333333333333334, "direction": "UP", "stake_usd": "5", "entry_vwap": "0.5999999999999999777955395073", "event_type": "sleeve_fire_resolved", "slot_end_us": 1782397800000000, "condition_id": "0xf70f59da9d905a4a2f5fe82239570c1c1fe68fc469aa53bf9eab104c8884b780", "resolve_at_us": 1782397845000000}
2026-06-25 14:35:05.005584+00	fire	shadow_scalp_exit_btc_5m_d3_v1	{"mode": "paper", "fired": true, "reason": "paper_fill", "fire_us": 1782398105000000, "direction": "DOWN", "stake_usd": "5", "entry_vwap": "0.5500000000000000444089209848"}
2026-06-25 14:40:45.011926+00	resolve	shadow_scalp_exit_btc_5m_d3_v1	{"won": true, "mode": "paper", "outcome": "down", "pnl_usd": 4.09090909090909, "direction": "DOWN", "stake_usd": "5", "entry_vwap": "0.5500000000000000444089209848", "event_type": "sleeve_fire_resolved", "slot_end_us": 1782398400000000, "condition_id": "0x9da41f9126bc04725954091c0d479c576f11102a744ada2589fd473df9ca9977", "resolve_at_us": 1782398445000000}
2026-06-25 14:45:05.004139+00	fire	shadow_scalp_exit_btc_5m_d3_v1	{"mode": "paper", "fired": true, "reason": "paper_fill", "fire_us": 1782398705000000, "direction": "UP", "stake_usd": "5", "entry_vwap": "0.5699999999999999511501869163"}
2026-06-25 14:50:05.008369+00	fire	shadow_scalp_exit_btc_5m_d3_v1	{"mode": "paper", "fired": true, "reason": "paper_fill", "fire_us": 1782399005000000, "direction": "UP", "stake_usd": "5", "entry_vwap": "0.5899999999999999689137553103"}
2026-06-25 14:52:15.03749+00	resolve	shadow_scalp_exit_btc_5m_d3_v1	{"won": true, "mode": "paper", "outcome": "up", "pnl_usd": 3.7719298245614024, "direction": "UP", "stake_usd": "5", "entry_vwap": "0.5699999999999999511501869163", "event_type": "sleeve_fire_resolved", "slot_end_us": 1782399000000000, "condition_id": "0x6b317db2c514bc2c52da9f878978500e2c7ded978aa150a20cf9da0a8540f9e6", "resolve_at_us": 1782399045000000}
2026-06-25 14:55:05.004681+00	fire	shadow_scalp_exit_btc_5m_d3_v1	{"mode": "paper", "fired": true, "reason": "paper_fill", "fire_us": 1782399305000000, "direction": "DOWN", "stake_usd": "5", "entry_vwap": "0.5500000000000000444089209848"}
2026-06-25 14:57:45.057527+00	resolve	shadow_scalp_exit_btc_5m_d3_v1	{"won": true, "mode": "paper", "outcome": "up", "pnl_usd": 3.474576271186441, "direction": "UP", "stake_usd": "5", "entry_vwap": "0.5899999999999999689137553103", "event_type": "sleeve_fire_resolved", "slot_end_us": 1782399300000000, "condition_id": "0x63254cc0c779d9c71ef0cd296610cd07a0af1a8553003add0e8ded125826aea2", "resolve_at_us": 1782399345000000}
2026-06-25 15:02:45.046512+00	resolve	shadow_scalp_exit_btc_5m_d3_v1	{"won": true, "mode": "paper", "outcome": "down", "pnl_usd": 4.09090909090909, "direction": "DOWN", "stake_usd": "5", "entry_vwap": "0.5500000000000000444089209848", "event_type": "sleeve_fire_resolved", "slot_end_us": 1782399600000000, "condition_id": "0xc440b49d85518e00c46203745fbf3965a737e6863cc556bf2d585326c0b2c2ce", "resolve_at_us": 1782399645000000}
2026-06-25 15:05:05.006802+00	fire	shadow_scalp_exit_btc_5m_d3_v1	{"mode": "paper", "fired": true, "reason": "paper_fill", "fire_us": 1782399905000000, "direction": "DOWN", "stake_usd": "5", "entry_vwap": "0.5500000000000000444089209848"}
2026-06-25 15:10:00.004479+00	fire	poly_sniper_v5_btc_15m_ema50_ema800_off600_down	{"mode": "paper", "fired": true, "reason": "paper_fill", "fire_us": 1782400200000000, "direction": "DOWN", "stake_usd": "5", "entry_vwap": "0.8700000000000001065814103637"}
2026-06-25 15:10:00.348177+00	order_placed	kalshi_sniper_btc_15m_ema50_ema800_off600_down_H	{"mode": "paper", "side": "no", "fired": true, "status": "paper", "ticker": "KXBTC15M-26JUN251115-15", "offset_s": 600, "order_id": "paper-kalshi_sniper_btc_15m_ema50_ema800_off600_down_H-1782400200000000", "direction": "DOWN", "entry_ask": 0.91, "entry_vwap": "0.9100000000000000310862446891", "filled_count": 5}
2026-06-25 15:12:45.049609+00	resolve	shadow_scalp_exit_btc_5m_d3_v1	{"won": true, "mode": "paper", "outcome": "down", "pnl_usd": 4.09090909090909, "direction": "DOWN", "stake_usd": "5", "entry_vwap": "0.5500000000000000444089209848", "event_type": "sleeve_fire_resolved", "slot_end_us": 1782400200000000, "condition_id": "0x84492e355628f8b35045cd35616fe9184e6955c71d7c5084f9eb664240d6f8d3", "resolve_at_us": 1782400245000000}
2026-06-25 15:15:05.005774+00	fire	shadow_scalp_exit_btc_5m_d3_v1	{"mode": "paper", "fired": true, "reason": "paper_fill", "fire_us": 1782400505000000, "direction": "DOWN", "stake_usd": "5", "entry_vwap": "0.5699999999999999511501869163"}
2026-06-25 15:15:45.011541+00	resolve	poly_sniper_v5_btc_15m_ema50_ema800_off600_down	{"won": true, "mode": "paper", "outcome": "down", "pnl_usd": 0.7471264367816077, "direction": "DOWN", "stake_usd": "5", "entry_vwap": "0.8700000000000001065814103637", "event_type": "sleeve_fire_resolved", "slot_end_us": 1782400500000000, "condition_id": "0x0cdf5fbb2ccaa60bec551858765bd45ede84fcde8ffc923d3885d2f08c17c73e", "resolve_at_us": 1782400545000000}
2026-06-25 15:15:45.100777+00	resolve	kalshi_sniper_btc_15m_ema50_ema800_off600_down_H	{"won": true, "mode": "paper", "ticker": "KXBTC15M-26JUN251115-15", "outcome": "no", "pnl_usd": 0.49450549450549436, "direction": "DOWN", "stake_usd": "5", "entry_vwap": "0.9100000000000000310862446891", "event_type": "sleeve_fire_resolved", "resolve_at_us": 1782400545000000, "window_end_us": 1782400500000000}
2026-06-25 15:20:05.005111+00	fire	shadow_scalp_exit_btc_5m_d3_v1	{"mode": "paper", "fired": true, "reason": "paper_fill", "fire_us": 1782400805000000, "direction": "DOWN", "stake_usd": "5", "entry_vwap": "0.5500000000000000444089209848"}
2026-06-25 15:22:45.047579+00	resolve	shadow_scalp_exit_btc_5m_d3_v1	{"won": false, "mode": "paper", "outcome": "up", "pnl_usd": -5.0, "direction": "DOWN", "stake_usd": "5", "entry_vwap": "0.5699999999999999511501869163", "event_type": "sleeve_fire_resolved", "slot_end_us": 1782400800000000, "condition_id": "0x737544a34a0afcf886d1e2ee7aab7c30ce0fce8c502d9a4dde9ca513b5d0037a", "resolve_at_us": 1782400845000000}
2026-06-25 15:25:00.0037+00	fire	poly_sniper_v5_btc_15m_ema50_ema800_off600_down	{"mode": "paper", "fired": true, "reason": "paper_fill", "fire_us": 1782401100000000, "direction": "DOWN", "stake_usd": "5", "entry_vwap": "0.0500000000000000027755575615"}
2026-06-25 15:27:45.047362+00	resolve	shadow_scalp_exit_btc_5m_d3_v1	{"won": false, "mode": "paper", "outcome": "up", "pnl_usd": -5.0, "direction": "DOWN", "stake_usd": "5", "entry_vwap": "0.5500000000000000444089209848", "event_type": "sleeve_fire_resolved", "slot_end_us": 1782401100000000, "condition_id": "0x381eb32c3fd17359bf50221989d480b8a2f3599769585e46d02fcc957552f6f1", "resolve_at_us": 1782401145000000}
2026-06-25 15:32:45.049131+00	resolve	poly_sniper_v5_btc_15m_ema50_ema800_off600_down	{"won": false, "mode": "paper", "outcome": "up", "pnl_usd": -5.0, "direction": "DOWN", "stake_usd": "5", "entry_vwap": "0.0500000000000000027755575615", "event_type": "sleeve_fire_resolved", "slot_end_us": 1782401400000000, "condition_id": "0xf406af4f9b3c6c87cdbf0e6d80c04432829c3ec5d68dbf92bda563ba0d899a83", "resolve_at_us": 1782401445000000}
2026-06-25 15:35:05.004541+00	fire	shadow_scalp_exit_btc_5m_d3_v1	{"mode": "paper", "fired": true, "reason": "paper_fill", "fire_us": 1782401705000000, "direction": "UP", "stake_usd": "5", "entry_vwap": "0.5899999999999999689137553103"}
2026-06-25 15:42:45.056952+00	resolve	shadow_scalp_exit_btc_5m_d3_v1	{"won": false, "mode": "paper", "outcome": "down", "pnl_usd": -5.0, "direction": "UP", "stake_usd": "5", "entry_vwap": "0.5899999999999999689137553103", "event_type": "sleeve_fire_resolved", "slot_end_us": 1782402000000000, "condition_id": "0x3286e307ee3af30bf7c93b6b78066518e0796b30fff239a841c662c4edb28d0a", "resolve_at_us": 1782402045000000}
2026-06-25 16:00:05.005845+00	fire	shadow_scalp_exit_btc_5m_d3_v1	{"mode": "paper", "fired": true, "reason": "paper_fill", "fire_us": 1782403205000000, "direction": "UP", "stake_usd": "5", "entry_vwap": "0.5799999999999999600319711133"}
2026-06-25 16:01:00.265531+00	order_placed	kalshi_scalp_exit_btc_15m_d3_v1	{"mode": "paper", "side": "yes", "fired": true, "status": "paper", "ticker": "KXBTC15M-26JUN251215-15", "offset_s": 60, "order_id": "paper-kalshi_scalp_exit_btc_15m_d3_v1-1782403260000000", "direction": "UP", "entry_ask": 0.54, "entry_vwap": "0.5400000000000000355271367879", "filled_count": 9}
2026-06-25 16:02:02.191499+00	resolve	kalshi_scalp_exit_btc_15m_d3_v1	{"mode": "paper", "shares": 9, "ticker": "KXBTC15M-26JUN251215-15", "direction": "UP", "exit_type": "scalp_time", "fill_vwap": 0.54, "sell_vwap": 0.39, "realized_pnl": -1.35, "suppress_settlement": true}
2026-06-25 16:05:05.005852+00	fire	shadow_scalp_exit_btc_5m_d3_v1	{"mode": "paper", "fired": true, "reason": "paper_fill", "fire_us": 1782403505000000, "direction": "DOWN", "stake_usd": "5", "entry_vwap": "0.5999999999999999777955395073"}
2026-06-25 16:09:45.090986+00	resolve	shadow_scalp_exit_btc_5m_d3_v1	{"won": false, "mode": "paper", "outcome": "down", "pnl_usd": -5.0, "direction": "UP", "stake_usd": "5", "entry_vwap": "0.5799999999999999600319711133", "event_type": "sleeve_fire_resolved", "slot_end_us": 1782403500000000, "condition_id": "0x595ee64d8e410316651ae98125b6181b9dd099ebbf3658e5ad110dddf20383eb", "resolve_at_us": 1782403545000000}
2026-06-25 16:13:45.076496+00	resolve	shadow_scalp_exit_btc_5m_d3_v1	{"won": false, "mode": "paper", "outcome": "up", "pnl_usd": -5.0, "direction": "DOWN", "stake_usd": "5", "entry_vwap": "0.5999999999999999777955395073", "event_type": "sleeve_fire_resolved", "slot_end_us": 1782403800000000, "condition_id": "0x2d47bc99da42eb1767736efd85719fe261b66322f7334444b101e987cb8a2bf8", "resolve_at_us": 1782403845000000}
2026-06-25 16:16:00.100816+00	order_placed	kalshi_scalp_exit_btc_15m_d3_v1	{"mode": "paper", "side": "no", "fired": true, "status": "paper", "ticker": "KXBTC15M-26JUN251230-30", "offset_s": 60, "order_id": "paper-kalshi_scalp_exit_btc_15m_d3_v1-1782404160000000", "direction": "DOWN", "entry_ask": 0.54, "entry_vwap": "0.5400000000000000355271367879", "filled_count": 9}
2026-06-25 16:17:01.996376+00	resolve	kalshi_scalp_exit_btc_15m_d3_v1	{"mode": "paper", "shares": 9, "ticker": "KXBTC15M-26JUN251230-30", "direction": "DOWN", "exit_type": "scalp_time", "fill_vwap": 0.54, "sell_vwap": 0.59, "realized_pnl": 0.4499999999999994, "suppress_settlement": true}
2026-06-25 16:30:05.008745+00	fire	shadow_scalp_exit_btc_5m_d3_v1	{"mode": "paper", "fired": true, "reason": "paper_fill", "fire_us": 1782405005000000, "direction": "DOWN", "stake_usd": "5", "entry_vwap": "0.7099999999999999644728632118"}
2026-06-25 16:35:45.01073+00	resolve	shadow_scalp_exit_btc_5m_d3_v1	{"won": true, "mode": "paper", "outcome": "down", "pnl_usd": 2.042253521126761, "direction": "DOWN", "stake_usd": "5", "entry_vwap": "0.7099999999999999644728632118", "event_type": "sleeve_fire_resolved", "slot_end_us": 1782405300000000, "condition_id": "0x3d6340ba0c1ca762971bc663e8f097aeb214eaaf0a9a64e5d365b89bd1e4f3ac", "resolve_at_us": 1782405345000000}
2026-06-25 16:55:00.005599+00	fire	poly_sniper_v5_btc_15m_ema50_ema800_off600_down	{"mode": "paper", "fired": true, "reason": "paper_fill", "fire_us": 1782406500000000, "direction": "DOWN", "stake_usd": "5", "entry_vwap": "0.3599999999999999866773237044"}
2026-06-25 16:55:00.34496+00	order_placed	kalshi_sniper_btc_15m_ema50_ema800_off600_down_H	{"mode": "paper", "side": "no", "fired": true, "status": "paper", "ticker": "KXBTC15M-26JUN251300-00", "offset_s": 600, "order_id": "paper-kalshi_sniper_btc_15m_ema50_ema800_off600_down_H-1782406500000000", "direction": "DOWN", "entry_ask": 0.36, "entry_vwap": "0.3599999999999999866773237044", "filled_count": 13}
2026-06-25 17:00:45.095202+00	resolve	kalshi_sniper_btc_15m_ema50_ema800_off600_down_H	{"won": false, "mode": "paper", "ticker": "KXBTC15M-26JUN251300-00", "outcome": "yes", "pnl_usd": -5.0, "direction": "DOWN", "stake_usd": "5", "entry_vwap": "0.3599999999999999866773237044", "event_type": "sleeve_fire_resolved", "resolve_at_us": 1782406845000000, "window_end_us": 1782406800000000}
2026-06-25 17:03:45.085467+00	resolve	poly_sniper_v5_btc_15m_ema50_ema800_off600_down	{"won": false, "mode": "paper", "outcome": "up", "pnl_usd": -5.0, "direction": "DOWN", "stake_usd": "5", "entry_vwap": "0.3599999999999999866773237044", "event_type": "sleeve_fire_resolved", "slot_end_us": 1782406800000000, "condition_id": "0x874dd55207313efe53e13fa3b9abdf212262b772737bf515bf79761545181eb4", "resolve_at_us": 1782406845000000}
2026-06-25 17:10:00.003849+00	fire	poly_sniper_v5_btc_15m_ema50_ema800_off600_down	{"mode": "paper", "fired": true, "reason": "paper_fill", "fire_us": 1782407400000000, "direction": "DOWN", "stake_usd": "5", "entry_vwap": "0.6999999999999999555910790147"}
2026-06-25 17:10:00.115743+00	order_placed	kalshi_sniper_btc_15m_ema50_ema800_off600_down_H	{"mode": "paper", "side": "no", "fired": true, "status": "paper", "ticker": "KXBTC15M-26JUN251315-15", "offset_s": 600, "order_id": "paper-kalshi_sniper_btc_15m_ema50_ema800_off600_down_H-1782407400000000", "direction": "DOWN", "entry_ask": 0.74, "entry_vwap": "0.7399999999999999911182158027", "filled_count": 6}
2026-06-25 17:15:05.005731+00	fire	shadow_scalp_exit_btc_5m_d3_v1	{"mode": "paper", "fired": true, "reason": "paper_fill", "fire_us": 1782407705000000, "direction": "UP", "stake_usd": "5", "entry_vwap": "0.5999999999999999777955395073"}
2026-06-25 17:15:45.093593+00	resolve	kalshi_sniper_btc_15m_ema50_ema800_off600_down_H	{"won": false, "mode": "paper", "ticker": "KXBTC15M-26JUN251315-15", "outcome": "yes", "pnl_usd": -5.0, "direction": "DOWN", "stake_usd": "5", "entry_vwap": "0.7399999999999999911182158027", "event_type": "sleeve_fire_resolved", "resolve_at_us": 1782407745000000, "window_end_us": 1782407700000000}
2026-06-25 17:19:15.072641+00	resolve	poly_sniper_v5_btc_15m_ema50_ema800_off600_down	{"won": false, "mode": "paper", "outcome": "up", "pnl_usd": -5.0, "direction": "DOWN", "stake_usd": "5", "entry_vwap": "0.6999999999999999555910790147", "event_type": "sleeve_fire_resolved", "slot_end_us": 1782407700000000, "condition_id": "0x4a5446597539432dff65177152957d9e771192ed7602fd2c6dc6f1b461da7c20", "resolve_at_us": 1782407745000000}
2026-06-25 17:20:05.00853+00	fire	shadow_scalp_exit_btc_5m_d3_v1	{"mode": "paper", "fired": true, "reason": "paper_fill", "fire_us": 1782408005000000, "direction": "DOWN", "stake_usd": "5", "entry_vwap": "0.6300000000000000044408920983"}
2026-06-25 17:20:45.008408+00	resolve	shadow_scalp_exit_btc_5m_d3_v1	{"won": true, "mode": "paper", "outcome": "up", "pnl_usd": 3.333333333333334, "direction": "UP", "stake_usd": "5", "entry_vwap": "0.5999999999999999777955395073", "event_type": "sleeve_fire_resolved", "slot_end_us": 1782408000000000, "condition_id": "0x8e6e4fa42887e8374936f8e5562bc54a97745aedba9f220d8ae58d61e5582131", "resolve_at_us": 1782408045000000}
2026-06-25 17:26:15.028226+00	resolve	shadow_scalp_exit_btc_5m_d3_v1	{"won": false, "mode": "paper", "outcome": "up", "pnl_usd": -5.0, "direction": "DOWN", "stake_usd": "5", "entry_vwap": "0.6300000000000000044408920983", "event_type": "sleeve_fire_resolved", "slot_end_us": 1782408300000000, "condition_id": "0x78c08885365c2cf1159b37be903afb5260f24858a6914a7a572ead399adcc0fb", "resolve_at_us": 1782408345000000}
2026-06-25 17:35:05.005065+00	fire	shadow_scalp_exit_btc_5m_d3_v1	{"mode": "paper", "fired": true, "reason": "paper_fill", "fire_us": 1782408905000000, "direction": "DOWN", "stake_usd": "5", "entry_vwap": "0.6100000000000000976996261668"}
2026-06-25 17:43:45.078857+00	resolve	shadow_scalp_exit_btc_5m_d3_v1	{"won": false, "mode": "paper", "outcome": "up", "pnl_usd": -5.0, "direction": "DOWN", "stake_usd": "5", "entry_vwap": "0.6100000000000000976996261668", "event_type": "sleeve_fire_resolved", "slot_end_us": 1782409200000000, "condition_id": "0x2fd3e7986becd876c99f7294be6a2c46c397ff8c863eccc02dfcf27bcb95cb42", "resolve_at_us": 1782409245000000}
2026-06-25 17:45:05.003902+00	fire	shadow_scalp_exit_btc_5m_d3_v1	{"mode": "paper", "fired": true, "reason": "paper_fill", "fire_us": 1782409505000000, "direction": "DOWN", "stake_usd": "5", "entry_vwap": "0.6199999999999999955591079013"}
2026-06-25 17:50:05.00591+00	fire	shadow_scalp_exit_btc_5m_d3_v1	{"mode": "paper", "fired": true, "reason": "paper_fill", "fire_us": 1782409805000000, "direction": "DOWN", "stake_usd": "5", "entry_vwap": "0.6500000000000000222044604923"}
2026-06-25 17:54:45.114239+00	resolve	shadow_scalp_exit_btc_5m_d3_v1	{"won": true, "mode": "paper", "outcome": "down", "pnl_usd": 3.064516129032258, "direction": "DOWN", "stake_usd": "5", "entry_vwap": "0.6199999999999999955591079013", "event_type": "sleeve_fire_resolved", "slot_end_us": 1782409800000000, "condition_id": "0x96f4441e7501761991fdd64b4f015338324e162fd62df85a80258a8caf6ff4dd", "resolve_at_us": 1782409845000000}
2026-06-25 18:00:15.106066+00	resolve	shadow_scalp_exit_btc_5m_d3_v1	{"won": false, "mode": "paper", "outcome": "up", "pnl_usd": -5.0, "direction": "DOWN", "stake_usd": "5", "entry_vwap": "0.6500000000000000222044604923", "event_type": "sleeve_fire_resolved", "slot_end_us": 1782410100000000, "condition_id": "0xc4b0d22f48f0281ebbd0f0faaa6771dfc428f6976fe9600b3ebaf6ffd824db57", "resolve_at_us": 1782410145000000}
2026-06-25 18:40:00.01483+00	fire	poly_sniper_v5_btc_15m_ema50_ema800_off600_down	{"mode": "paper", "fired": true, "reason": "paper_fill", "fire_us": 1782412800000000, "direction": "DOWN", "stake_usd": "5", "entry_vwap": "0.9959999999999999964472863207"}
2026-06-25 18:45:45.013871+00	resolve	poly_sniper_v5_btc_15m_ema50_ema800_off600_down	{"won": true, "mode": "paper", "outcome": "down", "pnl_usd": 0.02008032128514002, "direction": "DOWN", "stake_usd": "5", "entry_vwap": "0.9959999999999999964472863207", "event_type": "sleeve_fire_resolved", "slot_end_us": 1782413100000000, "condition_id": "0x5e3880c21f6f89c9bc41c1e887b5d985245060e38cd4084f087e95fd1f6e216f", "resolve_at_us": 1782413145000000}
2026-06-25 19:10:00.003634+00	fire	poly_sniper_v5_btc_15m_ema50_ema800_off600_down	{"mode": "paper", "fired": true, "reason": "paper_fill", "fire_us": 1782414600000000, "direction": "DOWN", "stake_usd": "5", "entry_vwap": "0.9599999999999998534505607490"}
2026-06-25 19:10:05.004335+00	fire	shadow_scalp_exit_btc_5m_d3_v1	{"mode": "paper", "fired": true, "reason": "paper_fill", "fire_us": 1782414605000000, "direction": "UP", "stake_usd": "5", "entry_vwap": "0.6100000000000000976996261668"}
2026-06-25 19:17:15.060468+00	resolve	poly_sniper_v5_btc_15m_ema50_ema800_off600_down	{"won": true, "mode": "paper", "outcome": "down", "pnl_usd": 0.20833333333333354, "direction": "DOWN", "stake_usd": "5", "entry_vwap": "0.9599999999999998534505607490", "event_type": "sleeve_fire_resolved", "slot_end_us": 1782414900000000, "condition_id": "0xc46ef4a197a2004e87d7882621b3eb8c7667d0636c3478f90d5aa647af54a30b", "resolve_at_us": 1782414945000000}
2026-06-25 19:18:15.090166+00	resolve	shadow_scalp_exit_btc_5m_d3_v1	{"won": false, "mode": "paper", "outcome": "down", "pnl_usd": -5.0, "direction": "UP", "stake_usd": "5", "entry_vwap": "0.6100000000000000976996261668", "event_type": "sleeve_fire_resolved", "slot_end_us": 1782414900000000, "condition_id": "0xddc5273d5df62f05cbe93ed062d05f2d972b596ea58be1bb94a6997583f2f5b6", "resolve_at_us": 1782414945000000}
2026-06-25 19:20:05.003477+00	fire	shadow_scalp_exit_btc_5m_d3_v1	{"mode": "paper", "fired": true, "reason": "paper_fill", "fire_us": 1782415205000000, "direction": "UP", "stake_usd": "5", "entry_vwap": "0.6600000000000000310862446891"}
2026-06-25 19:25:00.006498+00	fire	poly_sniper_v5_btc_15m_ema50_ema800_off600_down	{"mode": "paper", "fired": true, "reason": "paper_fill", "fire_us": 1782415500000000, "direction": "DOWN", "stake_usd": "5", "entry_vwap": "0.4599999999999999644728632118"}
2026-06-25 19:25:00.188962+00	order_placed	kalshi_sniper_btc_15m_ema50_ema800_off600_down_H	{"mode": "paper", "side": "no", "fired": true, "status": "paper", "ticker": "KXBTC15M-26JUN251530-30", "offset_s": 600, "order_id": "paper-kalshi_sniper_btc_15m_ema50_ema800_off600_down_H-1782415500000000", "direction": "DOWN", "entry_ask": 0.51, "entry_vwap": "0.5100000000000000088817841969", "filled_count": 9}
2026-06-25 19:27:45.052428+00	resolve	shadow_scalp_exit_btc_5m_d3_v1	{"won": true, "mode": "paper", "outcome": "up", "pnl_usd": 2.5757575757575744, "direction": "UP", "stake_usd": "5", "entry_vwap": "0.6600000000000000310862446891", "event_type": "sleeve_fire_resolved", "slot_end_us": 1782415500000000, "condition_id": "0x6d0af2188533a76a4ef1060dfc8f1e86d016dee3613d8bf5bccdc628e2018962", "resolve_at_us": 1782415545000000}
2026-06-25 19:30:45.096817+00	resolve	kalshi_sniper_btc_15m_ema50_ema800_off600_down_H	{"won": false, "mode": "paper", "ticker": "KXBTC15M-26JUN251530-30", "outcome": "yes", "pnl_usd": -5.0, "direction": "DOWN", "stake_usd": "5", "entry_vwap": "0.5100000000000000088817841969", "event_type": "sleeve_fire_resolved", "resolve_at_us": 1782415845000000, "window_end_us": 1782415800000000}
2026-06-25 19:31:45.033598+00	resolve	poly_sniper_v5_btc_15m_ema50_ema800_off600_down	{"won": false, "mode": "paper", "outcome": "up", "pnl_usd": -5.0, "direction": "DOWN", "stake_usd": "5", "entry_vwap": "0.4599999999999999644728632118", "event_type": "sleeve_fire_resolved", "slot_end_us": 1782415800000000, "condition_id": "0x5390911568e05518f01c155956b7163279e9f527072f876b36671a323d9a348b", "resolve_at_us": 1782415845000000}
2026-06-25 19:35:05.005891+00	fire	shadow_scalp_exit_btc_5m_d3_v1	{"mode": "paper", "fired": true, "reason": "paper_fill", "fire_us": 1782416105000000, "direction": "DOWN", "stake_usd": "5", "entry_vwap": "0.5899999999999999689137553103"}
2026-06-25 19:40:00.005762+00	fire	poly_sniper_v5_btc_15m_ema50_ema800_off600_down	{"mode": "paper", "fired": true, "reason": "paper_fill", "fire_us": 1782416400000000, "direction": "DOWN", "stake_usd": "5", "entry_vwap": "0.4099999999999999755750934581"}
2026-06-25 19:40:05.006108+00	fire	shadow_scalp_exit_btc_5m_d3_v1	{"mode": "paper", "fired": true, "reason": "paper_fill", "fire_us": 1782416405000000, "direction": "UP", "stake_usd": "5", "entry_vwap": "0.6500000000000000222044604923"}
2026-06-25 19:42:45.06075+00	resolve	shadow_scalp_exit_btc_5m_d3_v1	{"won": true, "mode": "paper", "outcome": "down", "pnl_usd": 3.474576271186441, "direction": "DOWN", "stake_usd": "5", "entry_vwap": "0.5899999999999999689137553103", "event_type": "sleeve_fire_resolved", "slot_end_us": 1782416400000000, "condition_id": "0xd26dcb45e0efee9d0db5cdf4a2df009716f7618475ac4487641f3b1e31f886ba", "resolve_at_us": 1782416445000000}
2026-06-25 19:45:05.00521+00	fire	shadow_scalp_exit_btc_5m_d3_v1	{"mode": "paper", "fired": true, "reason": "paper_fill", "fire_us": 1782416705000000, "direction": "DOWN", "stake_usd": "5", "entry_vwap": "0.6199999999999999955591079013"}
2026-06-25 19:46:15.017375+00	resolve	shadow_scalp_exit_btc_5m_d3_v1	{"won": false, "mode": "paper", "outcome": "down", "pnl_usd": -5.0, "direction": "UP", "stake_usd": "5", "entry_vwap": "0.6500000000000000222044604923", "event_type": "sleeve_fire_resolved", "slot_end_us": 1782416700000000, "condition_id": "0xddeda54e10a14d9733b5ead5162560f7f9b4c8f96813b5bfb4a8c254e7ec9cca", "resolve_at_us": 1782416745000000}
2026-06-25 19:48:45.063362+00	resolve	poly_sniper_v5_btc_15m_ema50_ema800_off600_down	{"won": true, "mode": "paper", "outcome": "down", "pnl_usd": 7.195121951219513, "direction": "DOWN", "stake_usd": "5", "entry_vwap": "0.4099999999999999755750934581", "event_type": "sleeve_fire_resolved", "slot_end_us": 1782416700000000, "condition_id": "0x7526bbbe6e282995898f6be6b808dc4af3f0c69d1f1e5e1e61713cc251e9a002", "resolve_at_us": 1782416745000000}
2026-06-25 19:50:05.005148+00	fire	shadow_scalp_exit_btc_5m_d3_v1	{"mode": "paper", "fired": true, "reason": "paper_fill", "fire_us": 1782417005000000, "direction": "UP", "stake_usd": "5", "entry_vwap": "0.6199999999999999955591079013"}
2026-06-25 19:51:45.02902+00	resolve	shadow_scalp_exit_btc_5m_d3_v1	{"won": true, "mode": "paper", "outcome": "down", "pnl_usd": 3.064516129032258, "direction": "DOWN", "stake_usd": "5", "entry_vwap": "0.6199999999999999955591079013", "event_type": "sleeve_fire_resolved", "slot_end_us": 1782417000000000, "condition_id": "0xbf9697bcf7f3054199c116c127194fc1abc41270254cf871eff5a603c1f5bb8a", "resolve_at_us": 1782417045000000}
2026-06-25 19:55:00.003792+00	fire	poly_sniper_v5_btc_15m_ema50_ema800_off600_down	{"mode": "paper", "fired": true, "reason": "paper_fill", "fire_us": 1782417300000000, "direction": "DOWN", "stake_usd": "5", "entry_vwap": "0.3300000000000000155431223446"}
2026-06-25 19:57:15.049982+00	resolve	shadow_scalp_exit_btc_5m_d3_v1	{"won": true, "mode": "paper", "outcome": "up", "pnl_usd": 3.064516129032258, "direction": "UP", "stake_usd": "5", "entry_vwap": "0.6199999999999999955591079013", "event_type": "sleeve_fire_resolved", "slot_end_us": 1782417300000000, "condition_id": "0xbc7ec114eb74c5494c7d3d479888a47434d73ac23e894a78363bca2604b32b4c", "resolve_at_us": 1782417345000000}
2026-06-25 20:00:05.005494+00	fire	shadow_scalp_exit_btc_5m_d3_v1	{"mode": "paper", "fired": true, "reason": "paper_fill", "fire_us": 1782417605000000, "direction": "UP", "stake_usd": "5", "entry_vwap": "0.5500000000000000444089209848"}
2026-06-25 20:03:15.089639+00	resolve	poly_sniper_v5_btc_15m_ema50_ema800_off600_down	{"won": false, "mode": "paper", "outcome": "up", "pnl_usd": -5.0, "direction": "DOWN", "stake_usd": "5", "entry_vwap": "0.3300000000000000155431223446", "event_type": "sleeve_fire_resolved", "slot_end_us": 1782417600000000, "condition_id": "0x8b6210094df7ca2059c2c638c926c0efe4eb548a3bdcfd4fb7931bad8a7f1b36", "resolve_at_us": 1782417645000000}
2026-06-25 20:06:45.034625+00	resolve	shadow_scalp_exit_btc_5m_d3_v1	{"won": true, "mode": "paper", "outcome": "up", "pnl_usd": 4.09090909090909, "direction": "UP", "stake_usd": "5", "entry_vwap": "0.5500000000000000444089209848", "event_type": "sleeve_fire_resolved", "slot_end_us": 1782417900000000, "condition_id": "0x0c9ba89c9235e7b5f206c92800c19c063fbfd8bf590ed3fe9c00a4f1b262c37a", "resolve_at_us": 1782417945000000}
2026-06-25 20:40:00.004018+00	fire	poly_sniper_v5_btc_15m_ema50_ema800_off600_down	{"mode": "paper", "fired": true, "reason": "paper_fill", "fire_us": 1782420000000000, "direction": "DOWN", "stake_usd": "5", "entry_vwap": "0.9799999999999999822364316056"}
2026-06-25 20:46:15.021382+00	resolve	poly_sniper_v5_btc_15m_ema50_ema800_off600_down	{"won": true, "mode": "paper", "outcome": "down", "pnl_usd": 0.10204081632653013, "direction": "DOWN", "stake_usd": "5", "entry_vwap": "0.9799999999999999822364316056", "event_type": "sleeve_fire_resolved", "slot_end_us": 1782420300000000, "condition_id": "0x8c7d9208744ec08bd1797e5ac3b4eab0bc36a4fc0cd4544be809a6a21e9ff981", "resolve_at_us": 1782420345000000}
2026-06-25 20:55:00.003897+00	fire	poly_sniper_v5_btc_15m_ema50_ema800_off600_down	{"mode": "paper", "fired": true, "reason": "paper_fill", "fire_us": 1782420900000000, "direction": "DOWN", "stake_usd": "5", "entry_vwap": "0.9799999999999999822364316056"}
2026-06-25 21:02:15.046773+00	resolve	poly_sniper_v5_btc_15m_ema50_ema800_off600_down	{"won": true, "mode": "paper", "outcome": "down", "pnl_usd": 0.10204081632653013, "direction": "DOWN", "stake_usd": "5", "entry_vwap": "0.9799999999999999822364316056", "event_type": "sleeve_fire_resolved", "slot_end_us": 1782421200000000, "condition_id": "0x4a994708612dfd7d2b5bc9f43b3a03677decbaf124109dda2dc1a57b37d5f8b1", "resolve_at_us": 1782421245000000}
2026-06-25 21:05:05.009987+00	fire	shadow_scalp_exit_btc_5m_d3_v1	{"mode": "paper", "fired": true, "reason": "paper_fill", "fire_us": 1782421505000000, "direction": "UP", "stake_usd": "5", "entry_vwap": "0.6800000000000000488498130833"}
2026-06-25 21:12:15.036238+00	resolve	shadow_scalp_exit_btc_5m_d3_v1	{"won": true, "mode": "paper", "outcome": "up", "pnl_usd": 2.352941176470588, "direction": "UP", "stake_usd": "5", "entry_vwap": "0.6800000000000000488498130833", "event_type": "sleeve_fire_resolved", "slot_end_us": 1782421800000000, "condition_id": "0x81fb0f5a3159c1976ca2a885a9cbfb8343cdffde5db9e2e110bbdc4c9576dc78", "resolve_at_us": 1782421845000000}
2026-06-25 21:35:05.004575+00	fire	shadow_scalp_exit_btc_5m_d3_v1	{"mode": "paper", "fired": true, "reason": "paper_fill", "fire_us": 1782423305000000, "direction": "DOWN", "stake_usd": "5", "entry_vwap": "0.6899999999999999467092948178"}
2026-06-25 21:40:05.004812+00	fire	shadow_scalp_exit_btc_5m_d3_v1	{"mode": "paper", "fired": true, "reason": "paper_fill", "fire_us": 1782423605000000, "direction": "DOWN", "stake_usd": "5", "entry_vwap": "0.5999999999999999777955395073"}
2026-06-25 21:42:15.036845+00	resolve	shadow_scalp_exit_btc_5m_d3_v1	{"won": true, "mode": "paper", "outcome": "down", "pnl_usd": 2.2463768115942035, "direction": "DOWN", "stake_usd": "5", "entry_vwap": "0.6899999999999999467092948178", "event_type": "sleeve_fire_resolved", "slot_end_us": 1782423600000000, "condition_id": "0x6eb0e43769ae90b25765868cc8f17a9d48a8856764667e53a2463fac35a01ca9", "resolve_at_us": 1782423645000000}
2026-06-25 21:45:45.009207+00	resolve	shadow_scalp_exit_btc_5m_d3_v1	{"won": false, "mode": "paper", "outcome": "up", "pnl_usd": -5.0, "direction": "DOWN", "stake_usd": "5", "entry_vwap": "0.5999999999999999777955395073", "event_type": "sleeve_fire_resolved", "slot_end_us": 1782423900000000, "condition_id": "0x38cc51d17aecad82be2e1be70aeeac4d092e0249c09bcfe2f319613c6c026bf5", "resolve_at_us": 1782423945000000}
2026-06-25 22:16:00.198199+00	order_placed	kalshi_scalp_exit_btc_15m_d3_v1	{"mode": "paper", "side": "yes", "fired": true, "status": "paper", "ticker": "KXBTC15M-26JUN251830-30", "offset_s": 60, "order_id": "paper-kalshi_scalp_exit_btc_15m_d3_v1-1782425760000000", "direction": "UP", "entry_ask": 0.54, "entry_vwap": "0.5400000000000000355271367879", "filled_count": 9}
2026-06-25 22:17:02.255037+00	resolve	kalshi_scalp_exit_btc_15m_d3_v1	{"mode": "paper", "shares": 9, "ticker": "KXBTC15M-26JUN251830-30", "direction": "UP", "exit_type": "scalp_time", "fill_vwap": 0.54, "sell_vwap": 0.7, "realized_pnl": 1.4399999999999993, "suppress_settlement": true}
2026-06-25 22:25:00.003398+00	fire	poly_sniper_v5_btc_15m_ema50_ema800_off600_down	{"mode": "paper", "fired": true, "reason": "paper_fill", "fire_us": 1782426300000000, "direction": "DOWN", "stake_usd": "5", "entry_vwap": "0.6800000000000000488498130833"}
2026-06-25 22:25:00.102881+00	order_placed	kalshi_sniper_btc_15m_ema50_ema800_off600_down_H	{"mode": "paper", "side": "no", "fired": true, "status": "paper", "ticker": "KXBTC15M-26JUN251830-30", "offset_s": 600, "order_id": "paper-kalshi_sniper_btc_15m_ema50_ema800_off600_down_H-1782426300000000", "direction": "DOWN", "entry_ask": 0.8200000000000001, "entry_vwap": "0.8200000000000000621724893787", "filled_count": 6}
2026-06-25 22:30:45.098954+00	resolve	kalshi_sniper_btc_15m_ema50_ema800_off600_down_H	{"won": true, "mode": "paper", "ticker": "KXBTC15M-26JUN251830-30", "outcome": "no", "pnl_usd": 1.0975609756097555, "direction": "DOWN", "stake_usd": "5", "entry_vwap": "0.8200000000000000621724893787", "event_type": "sleeve_fire_resolved", "resolve_at_us": 1782426645000000, "window_end_us": 1782426600000000}
2026-06-25 22:34:15.092367+00	resolve	poly_sniper_v5_btc_15m_ema50_ema800_off600_down	{"won": true, "mode": "paper", "outcome": "down", "pnl_usd": 2.352941176470588, "direction": "DOWN", "stake_usd": "5", "entry_vwap": "0.6800000000000000488498130833", "event_type": "sleeve_fire_resolved", "slot_end_us": 1782426600000000, "condition_id": "0x7bccac3ee5f8728f398a716d55718534f01bca4856d8ec98b4be7a850b472c38", "resolve_at_us": 1782426645000000}
2026-06-25 22:40:00.004867+00	fire	poly_sniper_v5_btc_15m_ema50_ema800_off600_down	{"mode": "paper", "fired": true, "reason": "paper_fill", "fire_us": 1782427200000000, "direction": "DOWN", "stake_usd": "5", "entry_vwap": "0.5600000000000000532907051819"}
2026-06-25 22:40:00.186894+00	order_placed	kalshi_sniper_btc_15m_ema50_ema800_off600_down_H	{"mode": "paper", "side": "no", "fired": true, "status": "paper", "ticker": "KXBTC15M-26JUN251845-45", "offset_s": 600, "order_id": "paper-kalshi_sniper_btc_15m_ema50_ema800_off600_down_H-1782427200000000", "direction": "DOWN", "entry_ask": 0.61, "entry_vwap": "0.6100000000000000976996261668", "filled_count": 8}
2026-06-25 22:45:45.093843+00	resolve	kalshi_sniper_btc_15m_ema50_ema800_off600_down_H	{"won": true, "mode": "paper", "ticker": "KXBTC15M-26JUN251845-45", "outcome": "no", "pnl_usd": 3.1967213114754087, "direction": "DOWN", "stake_usd": "5", "entry_vwap": "0.6100000000000000976996261668", "event_type": "sleeve_fire_resolved", "resolve_at_us": 1782427545000000, "window_end_us": 1782427500000000}
2026-06-25 22:50:15.123642+00	resolve	poly_sniper_v5_btc_15m_ema50_ema800_off600_down	{"won": false, "mode": "paper", "outcome": "up", "pnl_usd": -5.0, "direction": "DOWN", "stake_usd": "5", "entry_vwap": "0.5600000000000000532907051819", "event_type": "sleeve_fire_resolved", "slot_end_us": 1782427500000000, "condition_id": "0x318315c1b9633fc544cdeb9ad330d42e2a7bc15e34a7ea26261991b3d1ae68c1", "resolve_at_us": 1782427545000000}
2026-06-25 22:55:00.004724+00	fire	poly_sniper_v5_btc_15m_ema50_ema800_off600_down	{"mode": "paper", "fired": true, "reason": "paper_fill", "fire_us": 1782428100000000, "direction": "DOWN", "stake_usd": "5", "entry_vwap": "0.1799999999999999933386618522"}
2026-06-25 23:00:45.011684+00	resolve	poly_sniper_v5_btc_15m_ema50_ema800_off600_down	{"won": false, "mode": "paper", "outcome": "up", "pnl_usd": -5.0, "direction": "DOWN", "stake_usd": "5", "entry_vwap": "0.1799999999999999933386618522", "event_type": "sleeve_fire_resolved", "slot_end_us": 1782428400000000, "condition_id": "0xdb1817229372333a84c5c654ef4764e3066cf194d1834db40934801c3bc72944", "resolve_at_us": 1782428445000000}
2026-06-25 23:55:00.004532+00	fire	poly_sniper_v5_btc_15m_ema50_ema800_off600_down	{"mode": "paper", "fired": true, "reason": "paper_fill", "fire_us": 1782431700000000, "direction": "DOWN", "stake_usd": "5", "entry_vwap": "0.9900000000000001021405182651"}
2026-06-26 00:00:45.011907+00	resolve	poly_sniper_v5_btc_15m_ema50_ema800_off600_down	{"won": true, "mode": "paper", "outcome": "down", "pnl_usd": 0.050505050505049984, "direction": "DOWN", "stake_usd": "5", "entry_vwap": "0.9900000000000001021405182651", "event_type": "sleeve_fire_resolved", "slot_end_us": 1782432000000000, "condition_id": "0x87df642a3ce524abcc9e2ac7307d40aad039483da9b3c95f4dde0428d9d38cb5", "resolve_at_us": 1782432045000000}
2026-06-26 00:10:00.004501+00	fire	poly_sniper_v5_btc_15m_ema50_ema800_off600_down	{"mode": "paper", "fired": true, "reason": "paper_fill", "fire_us": 1782432600000000, "direction": "DOWN", "stake_usd": "5", "entry_vwap": "0.1199999999999999816813200936"}
2026-06-26 00:15:05.005131+00	fire	shadow_scalp_exit_btc_5m_d3_v1	{"mode": "paper", "fired": true, "reason": "paper_fill", "fire_us": 1782432905000000, "direction": "DOWN", "stake_usd": "5", "entry_vwap": "0.6400000000000000133226762952"}
2026-06-26 00:18:45.098737+00	resolve	poly_sniper_v5_btc_15m_ema50_ema800_off600_down	{"won": false, "mode": "paper", "outcome": "up", "pnl_usd": -5.0, "direction": "DOWN", "stake_usd": "5", "entry_vwap": "0.1199999999999999816813200936", "event_type": "sleeve_fire_resolved", "slot_end_us": 1782432900000000, "condition_id": "0x68e56c65d86440bf9afe413b24e2af50e7797083f83d00f5cc598b46e01d435b", "resolve_at_us": 1782432945000000}
2026-06-26 00:24:15.07476+00	resolve	shadow_scalp_exit_btc_5m_d3_v1	{"won": true, "mode": "paper", "outcome": "down", "pnl_usd": 2.8125, "direction": "DOWN", "stake_usd": "5", "entry_vwap": "0.6400000000000000133226762952", "event_type": "sleeve_fire_resolved", "slot_end_us": 1782433200000000, "condition_id": "0x47d226fcde9eddece37761401f3ba4655d3d9078be9019c33ffbf754dd2788a3", "resolve_at_us": 1782433245000000}
2026-06-26 00:25:00.006897+00	fire	poly_sniper_v5_btc_15m_ema50_ema800_off600_down	{"mode": "paper", "fired": true, "reason": "paper_fill", "fire_us": 1782433500000000, "direction": "DOWN", "stake_usd": "5", "entry_vwap": "0.9100000000000000310862446891"}
2026-06-26 00:25:00.357592+00	order_placed	kalshi_sniper_btc_15m_ema50_ema800_off600_down_H	{"mode": "paper", "side": "no", "fired": true, "status": "paper", "ticker": "KXBTC15M-26JUN252030-30", "offset_s": 600, "order_id": "paper-kalshi_sniper_btc_15m_ema50_ema800_off600_down_H-1782433500000000", "direction": "DOWN", "entry_ask": 0.91, "entry_vwap": "0.9100000000000000310862446891", "filled_count": 5}
2026-06-26 00:25:05.005496+00	fire	shadow_scalp_exit_btc_5m_d3_v1	{"mode": "paper", "fired": true, "reason": "paper_fill", "fire_us": 1782433505000000, "direction": "DOWN", "stake_usd": "5", "entry_vwap": "0.6300000000000000044408920983"}
2026-06-26 00:30:45.011613+00	resolve	poly_sniper_v5_btc_15m_ema50_ema800_off600_down	{"won": true, "mode": "paper", "outcome": "down", "pnl_usd": 0.49450549450549436, "direction": "DOWN", "stake_usd": "5", "entry_vwap": "0.9100000000000000310862446891", "event_type": "sleeve_fire_resolved", "slot_end_us": 1782433800000000, "condition_id": "0x7d14d6427101bfdec471792b1b45c0d6b28d1d7376cc3b29928888fa948288da", "resolve_at_us": 1782433845000000}
2026-06-26 00:30:45.09397+00	resolve	kalshi_sniper_btc_15m_ema50_ema800_off600_down_H	{"won": true, "mode": "paper", "ticker": "KXBTC15M-26JUN252030-30", "outcome": "no", "pnl_usd": 0.49450549450549436, "direction": "DOWN", "stake_usd": "5", "entry_vwap": "0.9100000000000000310862446891", "event_type": "sleeve_fire_resolved", "resolve_at_us": 1782433845000000, "window_end_us": 1782433800000000}
2026-06-26 00:34:15.070294+00	resolve	shadow_scalp_exit_btc_5m_d3_v1	{"won": true, "mode": "paper", "outcome": "down", "pnl_usd": 2.9365079365079367, "direction": "DOWN", "stake_usd": "5", "entry_vwap": "0.6300000000000000044408920983", "event_type": "sleeve_fire_resolved", "slot_end_us": 1782433800000000, "condition_id": "0x6de4ad63e01072c86722b3c5e5b253d011a74f0e5a3b8263f0c199c2eeb271d0", "resolve_at_us": 1782433845000000}
2026-06-26 00:40:00.003736+00	fire	poly_sniper_v5_btc_15m_ema50_ema800_off600_down	{"mode": "paper", "fired": true, "reason": "paper_fill", "fire_us": 1782434400000000, "direction": "DOWN", "stake_usd": "5", "entry_vwap": "0.4099999999999999755750934581"}
2026-06-26 00:40:00.189334+00	order_placed	kalshi_sniper_btc_15m_ema50_ema800_off600_down_H	{"mode": "paper", "side": "no", "fired": true, "status": "paper", "ticker": "KXBTC15M-26JUN252045-45", "offset_s": 600, "order_id": "paper-kalshi_sniper_btc_15m_ema50_ema800_off600_down_H-1782434400000000", "direction": "DOWN", "entry_ask": 0.31999999999999995, "entry_vwap": "0.3199999999999999511501869164", "filled_count": 15}
2026-06-26 00:45:45.095657+00	resolve	kalshi_sniper_btc_15m_ema50_ema800_off600_down_H	{"won": false, "mode": "paper", "ticker": "KXBTC15M-26JUN252045-45", "outcome": "yes", "pnl_usd": -5.0, "direction": "DOWN", "stake_usd": "5", "entry_vwap": "0.3199999999999999511501869164", "event_type": "sleeve_fire_resolved", "resolve_at_us": 1782434745000000, "window_end_us": 1782434700000000}
2026-06-26 00:49:15.094634+00	resolve	poly_sniper_v5_btc_15m_ema50_ema800_off600_down	{"won": false, "mode": "paper", "outcome": "up", "pnl_usd": -5.0, "direction": "DOWN", "stake_usd": "5", "entry_vwap": "0.4099999999999999755750934581", "event_type": "sleeve_fire_resolved", "slot_end_us": 1782434700000000, "condition_id": "0x0ed5284b3836e76ebfac5ee156a05e3ea92ab90c003758a393a371262fd56695", "resolve_at_us": 1782434745000000}
2026-06-26 00:55:00.005054+00	fire	poly_sniper_v5_btc_15m_ema50_ema800_off600_down	{"mode": "paper", "fired": true, "reason": "paper_fill", "fire_us": 1782435300000000, "direction": "DOWN", "stake_usd": "5", "entry_vwap": "0.9799999999999999822364316056"}
2026-06-26 01:00:45.0136+00	resolve	poly_sniper_v5_btc_15m_ema50_ema800_off600_down	{"won": true, "mode": "paper", "outcome": "down", "pnl_usd": 0.10204081632653013, "direction": "DOWN", "stake_usd": "5", "entry_vwap": "0.9799999999999999822364316056", "event_type": "sleeve_fire_resolved", "slot_end_us": 1782435600000000, "condition_id": "0x79329318a44bf73b285e86d2ee617149a036220529b26d95d1b4c16638de087d", "resolve_at_us": 1782435645000000}
2026-06-26 01:06:00.007052+00	fire	poly_sniper_v5_eth_5m_l_ema50_hurst_grandparent_V10	{"mode": "paper", "fired": true, "reason": "paper_fill", "fire_us": 1782435960000000, "direction": "DOWN", "stake_usd": "5", "entry_vwap": "0.6500000000000000222044604923"}
2026-06-26 01:10:00.004298+00	fire	poly_sniper_v5_btc_15m_ema50_ema800_off600_down	{"mode": "paper", "fired": true, "reason": "paper_fill", "fire_us": 1782436200000000, "direction": "DOWN", "stake_usd": "5", "entry_vwap": "0.9207920792079208327507444661"}
2026-06-26 01:13:15.06747+00	resolve	poly_sniper_v5_eth_5m_l_ema50_hurst_grandparent_V10	{"won": false, "mode": "paper", "outcome": "up", "pnl_usd": -5.0, "direction": "DOWN", "stake_usd": "5", "entry_vwap": "0.6500000000000000222044604923", "event_type": "sleeve_fire_resolved", "slot_end_us": 1782436200000000, "condition_id": "0x02f281b5348459ef02d192a7a30ccc1b9647a1cdb0edf7700079718e055eb115", "resolve_at_us": 1782436245000000}
2026-06-26 01:15:45.012609+00	resolve	poly_sniper_v5_btc_15m_ema50_ema800_off600_down	{"won": true, "mode": "paper", "outcome": "down", "pnl_usd": 0.4301075268817195, "direction": "DOWN", "stake_usd": "5", "entry_vwap": "0.9207920792079208327507444661", "event_type": "sleeve_fire_resolved", "slot_end_us": 1782436500000000, "condition_id": "0xef94278db31c609ec310ef4f316cada4774e04e521d174e20c34020371d44b5b", "resolve_at_us": 1782436545000000}
2026-06-26 01:25:00.004257+00	fire	poly_sniper_v5_btc_15m_ema50_ema800_off600_down	{"mode": "paper", "fired": true, "reason": "paper_fill", "fire_us": 1782437100000000, "direction": "DOWN", "stake_usd": "5", "entry_vwap": "0.9499999999999999555910790146"}
2026-06-26 01:25:00.186756+00	order_placed	kalshi_sniper_btc_15m_ema50_ema800_off600_down_H	{"mode": "paper", "side": "no", "fired": true, "status": "paper", "ticker": "KXBTC15M-26JUN252130-30", "offset_s": 600, "order_id": "paper-kalshi_sniper_btc_15m_ema50_ema800_off600_down_H-1782437100000000", "direction": "DOWN", "entry_ask": 0.924, "entry_vwap": "0.924000000000000043520742565", "filled_count": 5}
2026-06-26 01:30:05.022966+00	fire	shadow_scalp_exit_btc_5m_d3_v1	{"mode": "paper", "fired": true, "reason": "paper_fill", "fire_us": 1782437405000000, "direction": "UP", "stake_usd": "5", "entry_vwap": "0.6500000000000000222044604923"}
2026-06-26 01:30:45.016917+00	resolve	poly_sniper_v5_btc_15m_ema50_ema800_off600_down	{"won": true, "mode": "paper", "outcome": "down", "pnl_usd": 0.26315789473684237, "direction": "DOWN", "stake_usd": "5", "entry_vwap": "0.9499999999999999555910790146", "event_type": "sleeve_fire_resolved", "slot_end_us": 1782437400000000, "condition_id": "0x9d56d04bbdb04898c156af163480c1bafc1dd6577a0d59d89bad807e4f114444", "resolve_at_us": 1782437445000000}
2026-06-26 01:30:45.110978+00	resolve	kalshi_sniper_btc_15m_ema50_ema800_off600_down_H	{"won": true, "mode": "paper", "ticker": "KXBTC15M-26JUN252130-30", "outcome": "no", "pnl_usd": 0.411255411255411, "direction": "DOWN", "stake_usd": "5", "entry_vwap": "0.924000000000000043520742565", "event_type": "sleeve_fire_resolved", "resolve_at_us": 1782437445000000, "window_end_us": 1782437400000000}
2026-06-26 01:31:00.005335+00	fire	poly_sniper_v5_eth_5m_l_ema50_hurst_grandparent_V10	{"mode": "paper", "fired": true, "reason": "paper_fill", "fire_us": 1782437460000000, "direction": "DOWN", "stake_usd": "5", "entry_vwap": "0.4700000000000000288657986401"}
2026-06-26 01:37:15.033377+00	resolve	shadow_scalp_exit_btc_5m_d3_v1	{"won": false, "mode": "paper", "outcome": "down", "pnl_usd": -5.0, "direction": "UP", "stake_usd": "5", "entry_vwap": "0.6500000000000000222044604923", "event_type": "sleeve_fire_resolved", "slot_end_us": 1782437700000000, "condition_id": "0x206a8d2404dbe2c416860ba9b335d6ca2c3302f1c6d9fbf7fa1db4ef245b2248", "resolve_at_us": 1782437745000000}
2026-06-26 01:40:00.005606+00	fire	poly_sniper_v5_btc_15m_ema50_ema800_off600_down	{"mode": "paper", "fired": true, "reason": "paper_fill", "fire_us": 1782438000000000, "direction": "DOWN", "stake_usd": "5", "entry_vwap": "0.3099999999999999977795539506"}
2026-06-26 01:40:00.188685+00	order_placed	kalshi_sniper_btc_15m_ema50_ema800_off600_down_H	{"mode": "paper", "side": "no", "fired": true, "status": "paper", "ticker": "KXBTC15M-26JUN252145-45", "offset_s": 600, "order_id": "paper-kalshi_sniper_btc_15m_ema50_ema800_off600_down_H-1782438000000000", "direction": "DOWN", "entry_ask": 0.55, "entry_vwap": "0.5500000000000000444089209848", "filled_count": 9}
2026-06-26 01:40:05.005732+00	fire	shadow_scalp_exit_btc_5m_d3_v1	{"mode": "paper", "fired": true, "reason": "paper_fill", "fire_us": 1782438005000000, "direction": "UP", "stake_usd": "5", "entry_vwap": "0.5899999999999999689137553103"}
2026-06-26 01:40:15.111925+00	resolve	poly_sniper_v5_eth_5m_l_ema50_hurst_grandparent_V10	{"won": true, "mode": "paper", "outcome": "down", "pnl_usd": 5.638297872340425, "direction": "DOWN", "stake_usd": "5", "entry_vwap": "0.4700000000000000288657986401", "event_type": "sleeve_fire_resolved", "slot_end_us": 1782437700000000, "condition_id": "0xd8e040eba9a4b48ef5710cb00a1c4108bbcc32f4224d90d2aba3894681df8f94", "resolve_at_us": 1782437745000000}
2026-06-26 01:45:45.095673+00	resolve	kalshi_sniper_btc_15m_ema50_ema800_off600_down_H	{"won": true, "mode": "paper", "ticker": "KXBTC15M-26JUN252145-45", "outcome": "no", "pnl_usd": 4.09090909090909, "direction": "DOWN", "stake_usd": "5", "entry_vwap": "0.5500000000000000444089209848", "event_type": "sleeve_fire_resolved", "resolve_at_us": 1782438345000000, "window_end_us": 1782438300000000}
2026-06-26 01:46:15.020916+00	resolve	poly_sniper_v5_btc_15m_ema50_ema800_off600_down	{"won": false, "mode": "paper", "outcome": "up", "pnl_usd": -5.0, "direction": "DOWN", "stake_usd": "5", "entry_vwap": "0.3099999999999999977795539506", "event_type": "sleeve_fire_resolved", "slot_end_us": 1782438300000000, "condition_id": "0x3ce2319717899260aae56dc8069c3f458a4c1313ef7d3ded27cb7225fad8dc68", "resolve_at_us": 1782438345000000}
2026-06-26 01:47:15.037263+00	resolve	shadow_scalp_exit_btc_5m_d3_v1	{"won": false, "mode": "paper", "outcome": "down", "pnl_usd": -5.0, "direction": "UP", "stake_usd": "5", "entry_vwap": "0.5899999999999999689137553103", "event_type": "sleeve_fire_resolved", "slot_end_us": 1782438300000000, "condition_id": "0x7cb02bdc0d6d3683c68b7c1a38817b744001dbfaf97f217ad7daa8fbbd964bce", "resolve_at_us": 1782438345000000}
2026-06-26 01:50:05.004137+00	fire	shadow_scalp_exit_btc_5m_d3_v1	{"mode": "paper", "fired": true, "reason": "paper_fill", "fire_us": 1782438605000000, "direction": "UP", "stake_usd": "5", "entry_vwap": "0.6600000000000000310862446891"}
2026-06-26 01:55:00.006295+00	fire	poly_sniper_v5_btc_15m_ema50_ema800_off600_down	{"mode": "paper", "fired": true, "reason": "paper_fill", "fire_us": 1782438900000000, "direction": "DOWN", "stake_usd": "5", "entry_vwap": "0.1199999999999999816813200936"}
2026-06-26 01:57:15.046122+00	resolve	shadow_scalp_exit_btc_5m_d3_v1	{"won": false, "mode": "paper", "outcome": "down", "pnl_usd": -5.0, "direction": "UP", "stake_usd": "5", "entry_vwap": "0.6600000000000000310862446891", "event_type": "sleeve_fire_resolved", "slot_end_us": 1782438900000000, "condition_id": "0x89241ce384da75a38ab4f9d2739c82d4baf54fb13872ed1d5d311515c780c5a6", "resolve_at_us": 1782438945000000}
2026-06-26 02:00:05.005464+00	fire	shadow_scalp_exit_btc_5m_d3_v1	{"mode": "paper", "fired": true, "reason": "paper_fill", "fire_us": 1782439205000000, "direction": "UP", "stake_usd": "5", "entry_vwap": "0.6199999999999999955591079013"}
2026-06-26 02:00:45.012539+00	resolve	poly_sniper_v5_btc_15m_ema50_ema800_off600_down	{"won": false, "mode": "paper", "outcome": "up", "pnl_usd": -5.0, "direction": "DOWN", "stake_usd": "5", "entry_vwap": "0.1199999999999999816813200936", "event_type": "sleeve_fire_resolved", "slot_end_us": 1782439200000000, "condition_id": "0xd3cadad7100bb02287dc383a879d5fa7d82b082d885fdb7c4e118cfae783a855", "resolve_at_us": 1782439245000000}
2026-06-26 02:07:15.057783+00	resolve	shadow_scalp_exit_btc_5m_d3_v1	{"won": false, "mode": "paper", "outcome": "down", "pnl_usd": -5.0, "direction": "UP", "stake_usd": "5", "entry_vwap": "0.6199999999999999955591079013", "event_type": "sleeve_fire_resolved", "slot_end_us": 1782439500000000, "condition_id": "0xceb70e51a0433b675c953ba1812c4e73c42e4225fcde01e790023b071dabe24b", "resolve_at_us": 1782439545000000}
2026-06-26 02:10:00.0114+00	fire	poly_sniper_v5_btc_15m_ema50_ema800_off600_down	{"mode": "paper", "fired": true, "reason": "paper_fill", "fire_us": 1782439800000000, "direction": "DOWN", "stake_usd": "5", "entry_vwap": "0.9699999999999999733546474086"}
2026-06-26 02:11:00.005483+00	fire	poly_sniper_v5_eth_5m_l_ema50_hurst_grandparent_V10	{"mode": "paper", "fired": true, "reason": "paper_fill", "fire_us": 1782439860000000, "direction": "DOWN", "stake_usd": "5", "entry_vwap": "0.4199999999999999844568776551"}
2026-06-26 02:15:05.003878+00	fire	shadow_scalp_exit_btc_5m_d3_v1	{"mode": "paper", "fired": true, "reason": "paper_fill", "fire_us": 1782440105000000, "direction": "UP", "stake_usd": "5", "entry_vwap": "0.5938124740207042506767720623"}
2026-06-26 02:15:45.009445+00	resolve	poly_sniper_v5_eth_5m_l_ema50_hurst_grandparent_V10	{"won": true, "mode": "paper", "outcome": "down", "pnl_usd": 6.904761904761906, "direction": "DOWN", "stake_usd": "5", "entry_vwap": "0.4199999999999999844568776551", "event_type": "sleeve_fire_resolved", "slot_end_us": 1782440100000000, "condition_id": "0x53f90f2e9b00d941f316c609ec8bb7f88faf55072b5f5646cb4512855925c6b7", "resolve_at_us": 1782440145000000}
2026-06-26 02:16:45.035532+00	resolve	poly_sniper_v5_btc_15m_ema50_ema800_off600_down	{"won": true, "mode": "paper", "outcome": "down", "pnl_usd": 0.15463917525773152, "direction": "DOWN", "stake_usd": "5", "entry_vwap": "0.9699999999999999733546474086", "event_type": "sleeve_fire_resolved", "slot_end_us": 1782440100000000, "condition_id": "0x20777b347c53170b2d9c3454230eb5882a3236ae56c9eb8af556a543aed51e90", "resolve_at_us": 1782440145000000}
2026-06-26 02:20:05.005776+00	fire	shadow_scalp_exit_btc_5m_d3_v1	{"mode": "paper", "fired": true, "reason": "paper_fill", "fire_us": 1782440405000000, "direction": "UP", "stake_usd": "5", "entry_vwap": "0.5799999999999999600319711133"}
2026-06-26 02:21:45.026553+00	resolve	shadow_scalp_exit_btc_5m_d3_v1	{"won": false, "mode": "paper", "outcome": "down", "pnl_usd": -5.0, "direction": "UP", "stake_usd": "5", "entry_vwap": "0.5938124740207042506767720623", "event_type": "sleeve_fire_resolved", "slot_end_us": 1782440400000000, "condition_id": "0x392873efedad938b3bf3a988e934300fc64aa01269f8c78296e55be55232503b", "resolve_at_us": 1782440445000000}
2026-06-26 02:25:00.005002+00	fire	poly_sniper_v5_btc_15m_ema50_ema800_off600_down	{"mode": "paper", "fired": true, "reason": "paper_fill", "fire_us": 1782440700000000, "direction": "DOWN", "stake_usd": "5", "entry_vwap": "0.9199999999999999289457264236"}
2026-06-26 02:26:45.024867+00	resolve	shadow_scalp_exit_btc_5m_d3_v1	{"won": false, "mode": "paper", "outcome": "down", "pnl_usd": -5.0, "direction": "UP", "stake_usd": "5", "entry_vwap": "0.5799999999999999600319711133", "event_type": "sleeve_fire_resolved", "slot_end_us": 1782440700000000, "condition_id": "0x4fc041346787ce94a1c323c136bf3eee659daeda9135e042e3328b620d913ced", "resolve_at_us": 1782440745000000}
2026-06-26 02:30:05.006911+00	fire	shadow_scalp_exit_btc_5m_d3_v1	{"mode": "paper", "fired": true, "reason": "paper_fill", "fire_us": 1782441005000000, "direction": "DOWN", "stake_usd": "5", "entry_vwap": "0.6100000000000000976996261668"}
2026-06-26 02:31:45.027294+00	resolve	poly_sniper_v5_btc_15m_ema50_ema800_off600_down	{"won": false, "mode": "paper", "outcome": "up", "pnl_usd": -5.0, "direction": "DOWN", "stake_usd": "5", "entry_vwap": "0.9199999999999999289457264236", "event_type": "sleeve_fire_resolved", "slot_end_us": 1782441000000000, "condition_id": "0x33fb2b3da8d2aa8208843e2773c1d9202aa997ba891b34b91d73380fe91de4fc", "resolve_at_us": 1782441045000000}
2026-06-26 02:35:05.005939+00	fire	shadow_scalp_exit_btc_5m_d3_v1	{"mode": "paper", "fired": true, "reason": "paper_fill", "fire_us": 1782441305000000, "direction": "UP", "stake_usd": "5", "entry_vwap": "0.6100000000000000976996261668"}
2026-06-26 02:35:45.008773+00	resolve	shadow_scalp_exit_btc_5m_d3_v1	{"won": false, "mode": "paper", "outcome": "up", "pnl_usd": -5.0, "direction": "DOWN", "stake_usd": "5", "entry_vwap": "0.6100000000000000976996261668", "event_type": "sleeve_fire_resolved", "slot_end_us": 1782441300000000, "condition_id": "0x5d9ab76d12d6655daeffcccf5307c9609b6a7c333611866c05be725da0e59b04", "resolve_at_us": 1782441345000000}
2026-06-26 02:40:00.004738+00	fire	poly_sniper_v5_btc_15m_ema50_ema800_off600_down	{"mode": "paper", "fired": true, "reason": "paper_fill", "fire_us": 1782441600000000, "direction": "DOWN", "stake_usd": "5", "entry_vwap": "0.6800000000000000488498130833"}
2026-06-26 02:40:00.103638+00	order_placed	kalshi_sniper_btc_15m_ema50_ema800_off600_down_H	{"mode": "paper", "side": "no", "fired": true, "status": "paper", "ticker": "KXBTC15M-26JUN252245-45", "offset_s": 600, "order_id": "paper-kalshi_sniper_btc_15m_ema50_ema800_off600_down_H-1782441600000000", "direction": "DOWN", "entry_ask": 0.5900000000000001, "entry_vwap": "0.5900000000000000799360577728", "filled_count": 8}
2026-06-26 02:41:45.027084+00	resolve	shadow_scalp_exit_btc_5m_d3_v1	{"won": false, "mode": "paper", "outcome": "down", "pnl_usd": -5.0, "direction": "UP", "stake_usd": "5", "entry_vwap": "0.6100000000000000976996261668", "event_type": "sleeve_fire_resolved", "slot_end_us": 1782441600000000, "condition_id": "0x405e46db675384227a12f01fe24dec9414c5ea370b407efc217401e3f6c4f672", "resolve_at_us": 1782441645000000}
2026-06-26 02:45:45.010642+00	resolve	poly_sniper_v5_btc_15m_ema50_ema800_off600_down	{"won": true, "mode": "paper", "outcome": "down", "pnl_usd": 2.352941176470588, "direction": "DOWN", "stake_usd": "5", "entry_vwap": "0.6800000000000000488498130833", "event_type": "sleeve_fire_resolved", "slot_end_us": 1782441900000000, "condition_id": "0xd9b8d2b6cb8dea9f85acd785828a5d74631e4a0c7010694e7ee2e9d409c5ffad", "resolve_at_us": 1782441945000000}
2026-06-26 02:45:45.102578+00	resolve	kalshi_sniper_btc_15m_ema50_ema800_off600_down_H	{"won": true, "mode": "paper", "ticker": "KXBTC15M-26JUN252245-45", "outcome": "no", "pnl_usd": 3.4745762711864394, "direction": "DOWN", "stake_usd": "5", "entry_vwap": "0.5900000000000000799360577728", "event_type": "sleeve_fire_resolved", "resolve_at_us": 1782441945000000, "window_end_us": 1782441900000000}
2026-06-26 02:55:00.004685+00	fire	poly_sniper_v5_btc_15m_ema50_ema800_off600_down	{"mode": "paper", "fired": true, "reason": "paper_fill", "fire_us": 1782442500000000, "direction": "DOWN", "stake_usd": "5", "entry_vwap": "0.9799999999999999822364316056"}
2026-06-26 02:55:05.004584+00	fire	shadow_scalp_exit_btc_5m_d3_v1	{"mode": "paper", "fired": true, "reason": "paper_fill", "fire_us": 1782442505000000, "direction": "UP", "stake_usd": "5", "entry_vwap": "0.6400000000000000133226762952"}
2026-06-26 03:01:00.188501+00	order_placed	kalshi_scalp_exit_btc_15m_d3_v1	{"mode": "paper", "side": "yes", "fired": true, "status": "paper", "ticker": "KXBTC15M-26JUN252315-15", "offset_s": 60, "order_id": "paper-kalshi_scalp_exit_btc_15m_d3_v1-1782442860000000", "direction": "UP", "entry_ask": 0.52, "entry_vwap": "0.5200000000000000177635683938", "filled_count": 9}
2026-06-26 03:01:15.017892+00	resolve	poly_sniper_v5_btc_15m_ema50_ema800_off600_down	{"won": true, "mode": "paper", "outcome": "down", "pnl_usd": 0.10204081632653013, "direction": "DOWN", "stake_usd": "5", "entry_vwap": "0.9799999999999999822364316056", "event_type": "sleeve_fire_resolved", "slot_end_us": 1782442800000000, "condition_id": "0x5443229e218c177b214f6b94677e8c3bceee7d4c4c94801d6320609fae8b8a83", "resolve_at_us": 1782442845000000}
2026-06-26 03:02:01.926193+00	resolve	kalshi_scalp_exit_btc_15m_d3_v1	{"mode": "paper", "shares": 9, "ticker": "KXBTC15M-26JUN252315-15", "direction": "UP", "exit_type": "scalp_time", "fill_vwap": 0.52, "sell_vwap": 0.31, "realized_pnl": -1.8900000000000001, "suppress_settlement": true}
2026-06-26 03:02:45.041351+00	resolve	shadow_scalp_exit_btc_5m_d3_v1	{"won": true, "mode": "paper", "outcome": "up", "pnl_usd": 2.8125, "direction": "UP", "stake_usd": "5", "entry_vwap": "0.6400000000000000133226762952", "event_type": "sleeve_fire_resolved", "slot_end_us": 1782442800000000, "condition_id": "0x6c881ccdb9d724a8c8c91839ea0ad3ed4dde25dbc1859355f9068d18059c40a9", "resolve_at_us": 1782442845000000}
2026-06-26 03:10:00.004804+00	fire	poly_sniper_v5_btc_15m_ema50_ema800_off600_down	{"mode": "paper", "fired": true, "reason": "paper_fill", "fire_us": 1782443400000000, "direction": "DOWN", "stake_usd": "5", "entry_vwap": "0.0899999999999999966693309261"}
2026-06-26 03:15:05.004153+00	fire	shadow_scalp_exit_btc_5m_d3_v1	{"mode": "paper", "fired": true, "reason": "paper_fill", "fire_us": 1782443705000000, "direction": "DOWN", "stake_usd": "5", "entry_vwap": "0.5999999999999999777955395073"}
2026-06-26 03:15:45.009552+00	resolve	poly_sniper_v5_btc_15m_ema50_ema800_off600_down	{"won": false, "mode": "paper", "outcome": "up", "pnl_usd": -5.0, "direction": "DOWN", "stake_usd": "5", "entry_vwap": "0.0899999999999999966693309261", "event_type": "sleeve_fire_resolved", "slot_end_us": 1782443700000000, "condition_id": "0x281f5791c171fc8b09cb3a05a27372096731e7de6455eedfd6b9941eb766849e", "resolve_at_us": 1782443745000000}
2026-06-26 03:22:45.043078+00	resolve	shadow_scalp_exit_btc_5m_d3_v1	{"won": false, "mode": "paper", "outcome": "up", "pnl_usd": -5.0, "direction": "DOWN", "stake_usd": "5", "entry_vwap": "0.5999999999999999777955395073", "event_type": "sleeve_fire_resolved", "slot_end_us": 1782444000000000, "condition_id": "0xdb2b1c644916042aa9b9f234da0fe1ca49d4744c67cf6727b7a0912f48ccd169", "resolve_at_us": 1782444045000000}
2026-06-26 03:50:05.004254+00	fire	shadow_scalp_exit_btc_5m_d3_v1	{"mode": "paper", "fired": true, "reason": "paper_fill", "fire_us": 1782445805000000, "direction": "DOWN", "stake_usd": "5", "entry_vwap": "0.5899999999999999689137553103"}
2026-06-26 03:57:45.042157+00	resolve	shadow_scalp_exit_btc_5m_d3_v1	{"won": false, "mode": "paper", "outcome": "up", "pnl_usd": -5.0, "direction": "DOWN", "stake_usd": "5", "entry_vwap": "0.5899999999999999689137553103", "event_type": "sleeve_fire_resolved", "slot_end_us": 1782446100000000, "condition_id": "0xeab4010c70a706eefbb818160f600d5a4c2d622efb1056dd93f826f35066d6d4", "resolve_at_us": 1782446145000000}
2026-06-26 04:30:05.005839+00	fire	shadow_scalp_exit_btc_5m_d3_v1	{"mode": "paper", "fired": true, "reason": "paper_fill", "fire_us": 1782448205000000, "direction": "DOWN", "stake_usd": "5", "entry_vwap": "0.6400000000000000133226762952"}
2026-06-26 04:36:45.025097+00	resolve	shadow_scalp_exit_btc_5m_d3_v1	{"won": true, "mode": "paper", "outcome": "down", "pnl_usd": 2.8125, "direction": "DOWN", "stake_usd": "5", "entry_vwap": "0.6400000000000000133226762952", "event_type": "sleeve_fire_resolved", "slot_end_us": 1782448500000000, "condition_id": "0xf0bb6018001107a0efb876cabc2f4d556473f7785bd7f4d8ff2d85481f215c04", "resolve_at_us": 1782448545000000}
2026-06-26 06:00:05.005268+00	fire	shadow_scalp_exit_btc_5m_d3_v1	{"mode": "paper", "fired": true, "reason": "paper_fill", "fire_us": 1782453605000000, "direction": "DOWN", "stake_usd": "5", "entry_vwap": "0.6600000000000000310862446891"}
2026-06-26 06:06:45.03908+00	resolve	shadow_scalp_exit_btc_5m_d3_v1	{"won": true, "mode": "paper", "outcome": "down", "pnl_usd": 2.5757575757575744, "direction": "DOWN", "stake_usd": "5", "entry_vwap": "0.6600000000000000310862446891", "event_type": "sleeve_fire_resolved", "slot_end_us": 1782453900000000, "condition_id": "0x7bfc743b396c41d23f2de48142dbb4b4a5af89e46bf4cc41f28142b7208f5401", "resolve_at_us": 1782453945000000}
2026-06-26 06:45:05.004632+00	fire	shadow_scalp_exit_btc_5m_d3_v1	{"mode": "paper", "fired": true, "reason": "paper_fill", "fire_us": 1782456305000000, "direction": "DOWN", "stake_usd": "5", "entry_vwap": "0.6199999999999999955591079013"}
2026-06-26 06:51:15.018511+00	resolve	shadow_scalp_exit_btc_5m_d3_v1	{"won": true, "mode": "paper", "outcome": "down", "pnl_usd": 3.064516129032258, "direction": "DOWN", "stake_usd": "5", "entry_vwap": "0.6199999999999999955591079013", "event_type": "sleeve_fire_resolved", "slot_end_us": 1782456600000000, "condition_id": "0x6461cb20a000fc158e4d366c7bc9935b7b4774272b389fa2d5dde289d62d042c", "resolve_at_us": 1782456645000000}
2026-06-26 08:00:05.004682+00	fire	shadow_scalp_exit_btc_5m_d3_v1	{"mode": "paper", "fired": true, "reason": "paper_fill", "fire_us": 1782460805000000, "direction": "UP", "stake_usd": "5", "entry_vwap": "0.6600000000000000310862446891"}
2026-06-26 08:07:15.035815+00	resolve	shadow_scalp_exit_btc_5m_d3_v1	{"won": false, "mode": "paper", "outcome": "down", "pnl_usd": -5.0, "direction": "UP", "stake_usd": "5", "entry_vwap": "0.6600000000000000310862446891", "event_type": "sleeve_fire_resolved", "slot_end_us": 1782461100000000, "condition_id": "0x83e791ab08fba27cd098b580026a9f51ad50827f4acd1f06df4f647142d70260", "resolve_at_us": 1782461145000000}
2026-06-26 09:05:05.005919+00	fire	shadow_scalp_exit_btc_5m_d3_v1	{"mode": "paper", "fired": true, "reason": "paper_fill", "fire_us": 1782464705000000, "direction": "UP", "stake_usd": "5", "entry_vwap": "0.6400000000000000133226762952"}
2026-06-26 09:12:45.068506+00	resolve	shadow_scalp_exit_btc_5m_d3_v1	{"won": false, "mode": "paper", "outcome": "down", "pnl_usd": -5.0, "direction": "UP", "stake_usd": "5", "entry_vwap": "0.6400000000000000133226762952", "event_type": "sleeve_fire_resolved", "slot_end_us": 1782465000000000, "condition_id": "0xd39bee95a538e181cfd9dcc6dbe7ff8215ed6e70bc39ce35d768153b4d5fd3be", "resolve_at_us": 1782465045000000}
2026-06-26 09:40:05.006023+00	fire	shadow_scalp_exit_btc_5m_d3_v1	{"mode": "paper", "fired": true, "reason": "paper_fill", "fire_us": 1782466805000000, "direction": "DOWN", "stake_usd": "5", "entry_vwap": "0.5600000000000000532907051819"}
2026-06-26 09:46:15.018315+00	resolve	shadow_scalp_exit_btc_5m_d3_v1	{"won": true, "mode": "paper", "outcome": "down", "pnl_usd": 3.9285714285714257, "direction": "DOWN", "stake_usd": "5", "entry_vwap": "0.5600000000000000532907051819", "event_type": "sleeve_fire_resolved", "slot_end_us": 1782467100000000, "condition_id": "0x2bde1fe060d60a5fe376ff90db66cacbc788928ba7f00bc73b4bb1be81d27a83", "resolve_at_us": 1782467145000000}
2026-06-26 09:50:05.006596+00	fire	shadow_scalp_exit_btc_5m_d3_v1	{"mode": "paper", "fired": true, "reason": "paper_fill", "fire_us": 1782467405000000, "direction": "UP", "stake_usd": "5", "entry_vwap": "0.5799999999999999600319711133"}
2026-06-26 09:51:00.005129+00	fire	poly_sniper_v5_eth_5m_l_ema50_hurst_grandparent_V10	{"mode": "paper", "fired": true, "reason": "paper_fill", "fire_us": 1782467460000000, "direction": "DOWN", "stake_usd": "5", "entry_vwap": "0.3444881889763779514446184747"}
2026-06-26 09:55:00.003789+00	fire	poly_sniper_v5_btc_15m_ema50_ema800_off600_down	{"mode": "paper", "fired": true, "reason": "paper_fill", "fire_us": 1782467700000000, "direction": "DOWN", "stake_usd": "5", "entry_vwap": "0.9809999999999999831246100253"}
2026-06-26 09:55:45.012379+00	resolve	poly_sniper_v5_eth_5m_l_ema50_hurst_grandparent_V10	{"won": true, "mode": "paper", "outcome": "down", "pnl_usd": 9.514285714285714, "direction": "DOWN", "stake_usd": "5", "entry_vwap": "0.3444881889763779514446184747", "event_type": "sleeve_fire_resolved", "slot_end_us": 1782467700000000, "condition_id": "0xdc68b79f68a88727e2f26e7cc91a71b9abe914385f3f13cb8013a150cb309092", "resolve_at_us": 1782467745000000}
2026-06-26 09:57:15.044928+00	resolve	shadow_scalp_exit_btc_5m_d3_v1	{"won": false, "mode": "paper", "outcome": "down", "pnl_usd": -5.0, "direction": "UP", "stake_usd": "5", "entry_vwap": "0.5799999999999999600319711133", "event_type": "sleeve_fire_resolved", "slot_end_us": 1782467700000000, "condition_id": "0x1eaf40459995344bddee85375924fd099a7196292ecace2b29c5386adbd5ae3a", "resolve_at_us": 1782467745000000}
2026-06-26 10:00:45.011068+00	resolve	poly_sniper_v5_btc_15m_ema50_ema800_off600_down	{"won": true, "mode": "paper", "outcome": "down", "pnl_usd": 0.09683995922527984, "direction": "DOWN", "stake_usd": "5", "entry_vwap": "0.9809999999999999831246100253", "event_type": "sleeve_fire_resolved", "slot_end_us": 1782468000000000, "condition_id": "0x379e8781d0ad22bc03d2ce47ee57e016144785679afefcc33ddcd78952531267", "resolve_at_us": 1782468045000000}
2026-06-26 10:10:00.0043+00	fire	poly_sniper_v5_btc_15m_ema50_ema800_off600_down	{"mode": "paper", "fired": true, "reason": "paper_fill", "fire_us": 1782468600000000, "direction": "DOWN", "stake_usd": "5", "entry_vwap": "0.3300000000000000155431223446"}
2026-06-26 10:10:00.185847+00	order_placed	kalshi_sniper_btc_15m_ema50_ema800_off600_down_H	{"mode": "paper", "side": "no", "fired": true, "status": "paper", "ticker": "KXBTC15M-26JUN260615-15", "offset_s": 600, "order_id": "paper-kalshi_sniper_btc_15m_ema50_ema800_off600_down_H-1782468600000000", "direction": "DOWN", "entry_ask": 0.25, "entry_vwap": "0.25", "filled_count": 20}
2026-06-26 10:15:45.095407+00	resolve	kalshi_sniper_btc_15m_ema50_ema800_off600_down_H	{"won": false, "mode": "paper", "ticker": "KXBTC15M-26JUN260615-15", "outcome": "yes", "pnl_usd": -5.0, "direction": "DOWN", "stake_usd": "5", "entry_vwap": "0.25", "event_type": "sleeve_fire_resolved", "resolve_at_us": 1782468945000000, "window_end_us": 1782468900000000}
2026-06-26 10:20:15.092368+00	resolve	poly_sniper_v5_btc_15m_ema50_ema800_off600_down	{"won": false, "mode": "paper", "outcome": "up", "pnl_usd": -5.0, "direction": "DOWN", "stake_usd": "5", "entry_vwap": "0.3300000000000000155431223446", "event_type": "sleeve_fire_resolved", "slot_end_us": 1782468900000000, "condition_id": "0xf4e76be88087d6348f487d81eb851435dbb4720a362b9e61796f72d02ee90b16", "resolve_at_us": 1782468945000000}
2026-06-26 10:25:00.005464+00	fire	poly_sniper_v5_btc_15m_ema50_ema800_off600_down	{"mode": "paper", "fired": true, "reason": "paper_fill", "fire_us": 1782469500000000, "direction": "DOWN", "stake_usd": "5", "entry_vwap": "0.5200000000000000177635683938"}
2026-06-26 10:25:00.186763+00	order_placed	kalshi_sniper_btc_15m_ema50_ema800_off600_down_H	{"mode": "paper", "side": "no", "fired": true, "status": "paper", "ticker": "KXBTC15M-26JUN260630-30", "offset_s": 600, "order_id": "paper-kalshi_sniper_btc_15m_ema50_ema800_off600_down_H-1782469500000000", "direction": "DOWN", "entry_ask": 0.7, "entry_vwap": "0.6999999999999999555910790147", "filled_count": 7}
2026-06-26 10:30:45.010985+00	resolve	poly_sniper_v5_btc_15m_ema50_ema800_off600_down	{"won": true, "mode": "paper", "outcome": "down", "pnl_usd": 4.615384615384615, "direction": "DOWN", "stake_usd": "5", "entry_vwap": "0.5200000000000000177635683938", "event_type": "sleeve_fire_resolved", "slot_end_us": 1782469800000000, "condition_id": "0xdaa1eafff0f99517a69dfd68bcdc1b051117ffcd84328aec954c109160bcc137", "resolve_at_us": 1782469845000000}
2026-06-26 10:30:45.096689+00	resolve	kalshi_sniper_btc_15m_ema50_ema800_off600_down_H	{"won": true, "mode": "paper", "ticker": "KXBTC15M-26JUN260630-30", "outcome": "no", "pnl_usd": 2.1428571428571432, "direction": "DOWN", "stake_usd": "5", "entry_vwap": "0.6999999999999999555910790147", "event_type": "sleeve_fire_resolved", "resolve_at_us": 1782469845000000, "window_end_us": 1782469800000000}
2026-06-26 10:40:00.004972+00	fire	poly_sniper_v5_btc_15m_ema50_ema800_off600_down	{"mode": "paper", "fired": true, "reason": "paper_fill", "fire_us": 1782470400000000, "direction": "DOWN", "stake_usd": "5", "entry_vwap": "0.9799999999999999822364316056"}
2026-06-26 10:40:05.00484+00	fire	shadow_scalp_exit_btc_5m_d3_v1	{"mode": "paper", "fired": true, "reason": "paper_fill", "fire_us": 1782470405000000, "direction": "UP", "stake_usd": "5", "entry_vwap": "0.5699999999999999511501869163"}
2026-06-26 10:41:00.006755+00	fire	poly_sniper_v5_eth_5m_l_ema50_hurst_grandparent_V10	{"mode": "paper", "fired": true, "reason": "paper_fill", "fire_us": 1782470460000000, "direction": "DOWN", "stake_usd": "5", "entry_vwap": "0.2700000000000000177635683939"}
2026-06-26 10:45:45.009144+00	resolve	poly_sniper_v5_btc_15m_ema50_ema800_off600_down	{"won": true, "mode": "paper", "outcome": "down", "pnl_usd": 0.10204081632653013, "direction": "DOWN", "stake_usd": "5", "entry_vwap": "0.9799999999999999822364316056", "event_type": "sleeve_fire_resolved", "slot_end_us": 1782470700000000, "condition_id": "0x12f518992004aae34b5f2f37893f8e841ec64904cd724f982026512b4de1a569", "resolve_at_us": 1782470745000000}
2026-06-26 10:47:15.043255+00	resolve	shadow_scalp_exit_btc_5m_d3_v1	{"won": true, "mode": "paper", "outcome": "up", "pnl_usd": 3.7719298245614024, "direction": "UP", "stake_usd": "5", "entry_vwap": "0.5699999999999999511501869163", "event_type": "sleeve_fire_resolved", "slot_end_us": 1782470700000000, "condition_id": "0x58c4d3fd88cc6c1c5cc17939c773e91f8da596436d2eae4d5b58777de933788f", "resolve_at_us": 1782470745000000}
2026-06-26 10:49:15.086666+00	resolve	poly_sniper_v5_eth_5m_l_ema50_hurst_grandparent_V10	{"won": false, "mode": "paper", "outcome": "up", "pnl_usd": -5.0, "direction": "DOWN", "stake_usd": "5", "entry_vwap": "0.2700000000000000177635683939", "event_type": "sleeve_fire_resolved", "slot_end_us": 1782470700000000, "condition_id": "0x32ee4566e87d889f99da8a7fb665568e6c4c1314bcad465407199df87cfff4b9", "resolve_at_us": 1782470745000000}
2026-06-26 10:55:00.004303+00	fire	poly_sniper_v5_btc_15m_ema50_ema800_off600_down	{"mode": "paper", "fired": true, "reason": "paper_fill", "fire_us": 1782471300000000, "direction": "DOWN", "stake_usd": "5", "entry_vwap": "0.9799999999999999822364316056"}
2026-06-26 11:00:45.024714+00	resolve	poly_sniper_v5_btc_15m_ema50_ema800_off600_down	{"won": true, "mode": "paper", "outcome": "down", "pnl_usd": 0.10204081632653013, "direction": "DOWN", "stake_usd": "5", "entry_vwap": "0.9799999999999999822364316056", "event_type": "sleeve_fire_resolved", "slot_end_us": 1782471600000000, "condition_id": "0x02bff213b9009b0abacdacd572e961292cbcb3c75bfef0079fbeba69e68c3df0", "resolve_at_us": 1782471645000000}
2026-06-26 11:10:00.006767+00	fire	poly_sniper_v5_btc_15m_ema50_ema800_off600_down	{"mode": "paper", "fired": true, "reason": "paper_fill", "fire_us": 1782472200000000, "direction": "DOWN", "stake_usd": "5", "entry_vwap": "0.1275510204081632681383240424"}
2026-06-26 11:15:45.013123+00	resolve	poly_sniper_v5_btc_15m_ema50_ema800_off600_down	{"won": false, "mode": "paper", "outcome": "up", "pnl_usd": -5.0, "direction": "DOWN", "stake_usd": "5", "entry_vwap": "0.1275510204081632681383240424", "event_type": "sleeve_fire_resolved", "slot_end_us": 1782472500000000, "condition_id": "0x0ced751957355a22dd0c9a7bd7a2fd5b36a934b015ad05ebf3f43936a0271233", "resolve_at_us": 1782472545000000}
2026-06-26 11:25:00.004546+00	fire	poly_sniper_v5_btc_15m_ema50_ema800_off600_down	{"mode": "paper", "fired": true, "reason": "paper_fill", "fire_us": 1782473100000000, "direction": "DOWN", "stake_usd": "5", "entry_vwap": "0.6400000000000000133226762952"}
2026-06-26 11:25:00.188983+00	order_placed	kalshi_sniper_btc_15m_ema50_ema800_off600_down_H	{"mode": "paper", "side": "no", "fired": true, "status": "paper", "ticker": "KXBTC15M-26JUN260730-30", "offset_s": 600, "order_id": "paper-kalshi_sniper_btc_15m_ema50_ema800_off600_down_H-1782473100000000", "direction": "DOWN", "entry_ask": 0.64, "entry_vwap": "0.6400000000000000133226762952", "filled_count": 7}
2026-06-26 11:30:45.015194+00	resolve	poly_sniper_v5_btc_15m_ema50_ema800_off600_down	{"won": true, "mode": "paper", "outcome": "down", "pnl_usd": 2.8125, "direction": "DOWN", "stake_usd": "5", "entry_vwap": "0.6400000000000000133226762952", "event_type": "sleeve_fire_resolved", "slot_end_us": 1782473400000000, "condition_id": "0x878dbbdfaef907cb5b0c25935e9603f6ab5525a2007ee3e16d38d0f7699e3d65", "resolve_at_us": 1782473445000000}
2026-06-26 11:30:45.095672+00	resolve	kalshi_sniper_btc_15m_ema50_ema800_off600_down_H	{"won": true, "mode": "paper", "ticker": "KXBTC15M-26JUN260730-30", "outcome": "no", "pnl_usd": 2.8125, "direction": "DOWN", "stake_usd": "5", "entry_vwap": "0.6400000000000000133226762952", "event_type": "sleeve_fire_resolved", "resolve_at_us": 1782473445000000, "window_end_us": 1782473400000000}
2026-06-26 11:40:00.204029+00	order_placed	kalshi_sniper_btc_15m_ema50_ema800_off600_down_H	{"mode": "paper", "side": "no", "fired": true, "status": "paper", "ticker": "KXBTC15M-26JUN260745-45", "offset_s": 600, "order_id": "paper-kalshi_sniper_btc_15m_ema50_ema800_off600_down_H-1782474000000000", "direction": "DOWN", "entry_ask": 0.22999999999999998, "entry_vwap": "0.2299999999999999822364316059", "filled_count": 21}
2026-06-26 11:45:05.004776+00	fire	shadow_scalp_exit_btc_5m_d3_v1	{"mode": "paper", "fired": true, "reason": "paper_fill", "fire_us": 1782474305000000, "direction": "DOWN", "stake_usd": "5", "entry_vwap": "0.5999999999999999777955395073"}
2026-06-26 11:45:45.106235+00	resolve	kalshi_sniper_btc_15m_ema50_ema800_off600_down_H	{"won": false, "mode": "paper", "ticker": "KXBTC15M-26JUN260745-45", "outcome": "yes", "pnl_usd": -5.0, "direction": "DOWN", "stake_usd": "5", "entry_vwap": "0.2299999999999999822364316059", "event_type": "sleeve_fire_resolved", "resolve_at_us": 1782474345000000, "window_end_us": 1782474300000000}
2026-06-26 11:52:15.058535+00	resolve	shadow_scalp_exit_btc_5m_d3_v1	{"won": true, "mode": "paper", "outcome": "down", "pnl_usd": 3.333333333333334, "direction": "DOWN", "stake_usd": "5", "entry_vwap": "0.5999999999999999777955395073", "event_type": "sleeve_fire_resolved", "slot_end_us": 1782474600000000, "condition_id": "0xf82fb3287c917cb7f3aae772326c114019e90d21f9096c53041588c07fbbed81", "resolve_at_us": 1782474645000000}
2026-06-26 11:55:00.005265+00	fire	poly_sniper_v5_btc_15m_ema50_ema800_off600_down	{"mode": "paper", "fired": true, "reason": "paper_fill", "fire_us": 1782474900000000, "direction": "DOWN", "stake_usd": "5", "entry_vwap": "0.9499999999999999555910790146"}
2026-06-26 11:55:00.201327+00	order_placed	kalshi_sniper_btc_15m_ema50_ema800_off600_down_H	{"mode": "paper", "side": "no", "fired": true, "status": "paper", "ticker": "KXBTC15M-26JUN260800-00", "offset_s": 600, "order_id": "paper-kalshi_sniper_btc_15m_ema50_ema800_off600_down_H-1782474900000000", "direction": "DOWN", "entry_ask": 0.89, "entry_vwap": "0.8900000000000001243449787578", "filled_count": 5}
2026-06-26 11:55:05.019937+00	fire	shadow_scalp_exit_btc_5m_d3_v1	{"mode": "paper", "fired": true, "reason": "paper_fill", "fire_us": 1782474905000000, "direction": "UP", "stake_usd": "5", "entry_vwap": "0.6300000000000000044408920983"}
2026-06-26 12:00:45.264296+00	resolve	kalshi_sniper_btc_15m_ema50_ema800_off600_down_H	{"won": true, "mode": "paper", "ticker": "KXBTC15M-26JUN260800-00", "outcome": "no", "pnl_usd": 0.6179775280898869, "direction": "DOWN", "stake_usd": "5", "entry_vwap": "0.8900000000000001243449787578", "event_type": "sleeve_fire_resolved", "resolve_at_us": 1782475245000000, "window_end_us": 1782475200000000}
2026-06-26 12:01:45.036852+00	resolve	poly_sniper_v5_btc_15m_ema50_ema800_off600_down	{"won": true, "mode": "paper", "outcome": "down", "pnl_usd": 0.26315789473684237, "direction": "DOWN", "stake_usd": "5", "entry_vwap": "0.9499999999999999555910790146", "event_type": "sleeve_fire_resolved", "slot_end_us": 1782475200000000, "condition_id": "0xf767843b7edd74dbe77692ed4525b8f811f94dd4d0bbfce987c00ac78a1b7fe0", "resolve_at_us": 1782475245000000}
2026-06-26 12:02:15.04604+00	resolve	shadow_scalp_exit_btc_5m_d3_v1	{"won": true, "mode": "paper", "outcome": "up", "pnl_usd": 2.9365079365079367, "direction": "UP", "stake_usd": "5", "entry_vwap": "0.6300000000000000044408920983", "event_type": "sleeve_fire_resolved", "slot_end_us": 1782475200000000, "condition_id": "0xe3d690add20eddf998a8c3d6c56c522cb74b0bbd489809cb25c47e58a2ff2d77", "resolve_at_us": 1782475245000000}
2026-06-26 12:10:00.201204+00	order_placed	kalshi_sniper_btc_15m_ema50_ema800_off600_down_H	{"mode": "paper", "side": "no", "fired": true, "status": "paper", "ticker": "KXBTC15M-26JUN260815-15", "offset_s": 600, "order_id": "paper-kalshi_sniper_btc_15m_ema50_ema800_off600_down_H-1782475800000000", "direction": "DOWN", "entry_ask": 0.4, "entry_vwap": "0.4000000000000000222044604924", "filled_count": 12}
2026-06-26 12:15:45.09441+00	resolve	kalshi_sniper_btc_15m_ema50_ema800_off600_down_H	{"won": false, "mode": "paper", "ticker": "KXBTC15M-26JUN260815-15", "outcome": "yes", "pnl_usd": -5.0, "direction": "DOWN", "stake_usd": "5", "entry_vwap": "0.4000000000000000222044604924", "event_type": "sleeve_fire_resolved", "resolve_at_us": 1782476145000000, "window_end_us": 1782476100000000}
2026-06-26 12:25:05.006346+00	fire	shadow_scalp_exit_btc_5m_d3_v1	{"mode": "paper", "fired": true, "reason": "paper_fill", "fire_us": 1782476705000000, "direction": "UP", "stake_usd": "5", "entry_vwap": "0.6435643564356436918671988677"}
2026-06-26 12:31:00.344218+00	order_placed	kalshi_scalp_exit_btc_15m_d3_v1	{"mode": "paper", "side": "no", "fired": true, "status": "paper", "ticker": "KXBTC15M-26JUN260845-45", "offset_s": 60, "order_id": "paper-kalshi_scalp_exit_btc_15m_d3_v1-1782477060000000", "direction": "DOWN", "entry_ask": 0.49, "entry_vwap": "0.4899999999999999911182158028", "filled_count": 10}
2026-06-26 12:32:02.190057+00	resolve	kalshi_scalp_exit_btc_15m_d3_v1	{"mode": "paper", "shares": 10, "ticker": "KXBTC15M-26JUN260845-45", "direction": "DOWN", "exit_type": "scalp_time", "fill_vwap": 0.49000000000000005, "sell_vwap": 0.39, "realized_pnl": -1.0000000000000004, "suppress_settlement": true}
2026-06-26 12:32:15.094903+00	resolve	shadow_scalp_exit_btc_5m_d3_v1	{"won": true, "mode": "paper", "outcome": "up", "pnl_usd": 2.7692307692307674, "direction": "UP", "stake_usd": "5", "entry_vwap": "0.6435643564356436918671988677", "event_type": "sleeve_fire_resolved", "slot_end_us": 1782477000000000, "condition_id": "0xb69c9649446d382e5b606201c705e5347cac5ecbc86ea83291115b327f701ea0", "resolve_at_us": 1782477045000000}
2026-06-26 12:35:05.005533+00	fire	shadow_scalp_exit_btc_5m_d3_v1	{"mode": "paper", "fired": true, "reason": "paper_fill", "fire_us": 1782477305000000, "direction": "DOWN", "stake_usd": "5", "entry_vwap": "0.5799999999999999600319711133"}
2026-06-26 12:41:00.011577+00	fire	poly_sniper_v5_eth_5m_l_ema50_hurst_grandparent_V10	{"mode": "paper", "fired": true, "reason": "paper_fill", "fire_us": 1782477660000000, "direction": "DOWN", "stake_usd": "5", "entry_vwap": "0.7600000000000000088817841968"}
2026-06-26 12:42:45.040775+00	resolve	shadow_scalp_exit_btc_5m_d3_v1	{"won": true, "mode": "paper", "outcome": "down", "pnl_usd": 3.6206896551724146, "direction": "DOWN", "stake_usd": "5", "entry_vwap": "0.5799999999999999600319711133", "event_type": "sleeve_fire_resolved", "slot_end_us": 1782477600000000, "condition_id": "0x38fee2ee0240ebbc982244d8d5a91448615f883c0305c76e0fb70d80f166d0cf", "resolve_at_us": 1782477645000000}
2026-06-26 12:46:45.026875+00	resolve	poly_sniper_v5_eth_5m_l_ema50_hurst_grandparent_V10	{"won": true, "mode": "paper", "outcome": "down", "pnl_usd": 1.5789473684210515, "direction": "DOWN", "stake_usd": "5", "entry_vwap": "0.7600000000000000088817841968", "event_type": "sleeve_fire_resolved", "slot_end_us": 1782477900000000, "condition_id": "0x4510d0bdd889c318808a4bf77020abc2ad4df24c0744cf079c53a6c1e76a1ad5", "resolve_at_us": 1782477945000000}
2026-06-26 12:50:05.050318+00	fire	shadow_scalp_exit_btc_5m_d3_v1	{"mode": "paper", "fired": true, "reason": "paper_fill", "fire_us": 1782478205000000, "direction": "UP", "stake_usd": "5", "entry_vwap": "0.6600000000000000310862446891"}
2026-06-26 12:55:00.004133+00	fire	poly_sniper_v5_btc_15m_ema50_ema800_off600_down	{"mode": "paper", "fired": true, "reason": "paper_fill", "fire_us": 1782478500000000, "direction": "DOWN", "stake_usd": "5", "entry_vwap": "0.1400000000000000133226762955"}
2026-06-26 12:55:45.008794+00	resolve	shadow_scalp_exit_btc_5m_d3_v1	{"won": true, "mode": "paper", "outcome": "up", "pnl_usd": 2.5757575757575744, "direction": "UP", "stake_usd": "5", "entry_vwap": "0.6600000000000000310862446891", "event_type": "sleeve_fire_resolved", "slot_end_us": 1782478500000000, "condition_id": "0xcb030c1a2d17ce560271211695fa8c57699157460f55888bc80a844d2f442129", "resolve_at_us": 1782478545000000}
2026-06-26 13:00:05.007196+00	fire	shadow_scalp_exit_btc_5m_d3_v1	{"mode": "paper", "fired": true, "reason": "paper_fill", "fire_us": 1782478805000000, "direction": "UP", "stake_usd": "5", "entry_vwap": "0.6100000000000000976996261668"}
2026-06-26 13:01:00.12681+00	order_placed	kalshi_scalp_exit_btc_15m_d3_v1	{"mode": "paper", "side": "yes", "fired": true, "status": "paper", "ticker": "KXBTC15M-26JUN260915-15", "offset_s": 60, "order_id": "paper-kalshi_scalp_exit_btc_15m_d3_v1-1782478860000000", "direction": "UP", "entry_ask": 0.49, "entry_vwap": "0.4899999999999999911182158028", "filled_count": 10}
2026-06-26 13:01:15.028217+00	resolve	poly_sniper_v5_btc_15m_ema50_ema800_off600_down	{"won": false, "mode": "paper", "outcome": "up", "pnl_usd": -5.0, "direction": "DOWN", "stake_usd": "5", "entry_vwap": "0.1400000000000000133226762955", "event_type": "sleeve_fire_resolved", "slot_end_us": 1782478800000000, "condition_id": "0x3cf44e35cdf98d2b9bc925f6300e5a27d2e277f9ec3283e9a8b2e7ff0d3b8ad8", "resolve_at_us": 1782478845000000}
2026-06-26 13:02:01.890863+00	resolve	kalshi_scalp_exit_btc_15m_d3_v1	{"mode": "paper", "shares": 10, "ticker": "KXBTC15M-26JUN260915-15", "direction": "UP", "exit_type": "scalp_time", "fill_vwap": 0.49000000000000005, "sell_vwap": 0.48, "realized_pnl": -0.10000000000000064, "suppress_settlement": true}
2026-06-26 13:05:45.010116+00	resolve	shadow_scalp_exit_btc_5m_d3_v1	{"won": true, "mode": "paper", "outcome": "up", "pnl_usd": 3.1967213114754087, "direction": "UP", "stake_usd": "5", "entry_vwap": "0.6100000000000000976996261668", "event_type": "sleeve_fire_resolved", "slot_end_us": 1782479100000000, "condition_id": "0x281615eb357ea706b4175f6f6cba6aa1d0beee3bc7312a4a769b5fd8ee838ead", "resolve_at_us": 1782479145000000}
2026-06-26 13:10:00.005291+00	fire	poly_sniper_v5_btc_15m_ema50_ema800_off600_down	{"mode": "paper", "fired": true, "reason": "paper_fill", "fire_us": 1782479400000000, "direction": "DOWN", "stake_usd": "5", "entry_vwap": "0.9199999999999999289457264236"}
2026-06-26 13:10:05.006191+00	fire	shadow_scalp_exit_btc_5m_d3_v1	{"mode": "paper", "fired": true, "reason": "paper_fill", "fire_us": 1782479405000000, "direction": "UP", "stake_usd": "5", "entry_vwap": "0.5999999999999999777955395073"}
2026-06-26 13:15:05.004394+00	fire	shadow_scalp_exit_btc_5m_d3_v1	{"mode": "paper", "fired": true, "reason": "paper_fill", "fire_us": 1782479705000000, "direction": "UP", "stake_usd": "5", "entry_vwap": "0.5600000000000000532907051819"}
2026-06-26 13:16:00.343392+00	order_placed	kalshi_scalp_exit_btc_15m_d3_v1	{"mode": "paper", "side": "yes", "fired": true, "status": "paper", "ticker": "KXBTC15M-26JUN260930-30", "offset_s": 60, "order_id": "paper-kalshi_scalp_exit_btc_15m_d3_v1-1782479760000000", "direction": "UP", "entry_ask": 0.53, "entry_vwap": "0.5300000000000000266453525908", "filled_count": 9}
2026-06-26 13:16:45.047023+00	resolve	poly_sniper_v5_btc_15m_ema50_ema800_off600_down	{"won": true, "mode": "paper", "outcome": "down", "pnl_usd": 0.43478260869565255, "direction": "DOWN", "stake_usd": "5", "entry_vwap": "0.9199999999999999289457264236", "event_type": "sleeve_fire_resolved", "slot_end_us": 1782479700000000, "condition_id": "0x39fa9e72f9bb8c48b11d6ae92beaeb0bf1dcec54befff70241b98b2cf7cb806a", "resolve_at_us": 1782479745000000}
2026-06-26 13:17:02.257336+00	resolve	kalshi_scalp_exit_btc_15m_d3_v1	{"mode": "paper", "shares": 9, "ticker": "KXBTC15M-26JUN260930-30", "direction": "UP", "exit_type": "scalp_time", "fill_vwap": 0.53, "sell_vwap": 0.35, "realized_pnl": -1.6200000000000006, "suppress_settlement": true}
2026-06-26 13:17:15.044111+00	resolve	shadow_scalp_exit_btc_5m_d3_v1	{"won": true, "mode": "paper", "outcome": "up", "pnl_usd": 3.333333333333334, "direction": "UP", "stake_usd": "5", "entry_vwap": "0.5999999999999999777955395073", "event_type": "sleeve_fire_resolved", "slot_end_us": 1782479700000000, "condition_id": "0x5ede7d617ed7f716e169fb84f08d4a003c0c1f0ace88a2227dea868ecc9925b1", "resolve_at_us": 1782479745000000}
2026-06-26 13:20:05.00407+00	fire	shadow_scalp_exit_btc_5m_d3_v1	{"mode": "paper", "fired": true, "reason": "paper_fill", "fire_us": 1782480005000000, "direction": "UP", "stake_usd": "5", "entry_vwap": "0.5999999999999999777955395073"}
2026-06-26 13:22:45.048634+00	resolve	shadow_scalp_exit_btc_5m_d3_v1	{"won": false, "mode": "paper", "outcome": "down", "pnl_usd": -5.0, "direction": "UP", "stake_usd": "5", "entry_vwap": "0.5600000000000000532907051819", "event_type": "sleeve_fire_resolved", "slot_end_us": 1782480000000000, "condition_id": "0x6b9c07bb9c77feb7b06aa4e7d72cf8c1636e6dc1511601807149476602a48776", "resolve_at_us": 1782480045000000}
2026-06-26 13:25:00.004015+00	fire	poly_sniper_v5_btc_15m_ema50_ema800_off600_down	{"mode": "paper", "fired": true, "reason": "paper_fill", "fire_us": 1782480300000000, "direction": "DOWN", "stake_usd": "5", "entry_vwap": "0.9199999999999999289457264236"}
2026-06-26 13:25:05.004331+00	fire	shadow_scalp_exit_btc_5m_d3_v1	{"mode": "paper", "fired": true, "reason": "paper_fill", "fire_us": 1782480305000000, "direction": "DOWN", "stake_usd": "5", "entry_vwap": "0.5500000000000000444089209848"}
2026-06-26 13:27:15.035885+00	resolve	shadow_scalp_exit_btc_5m_d3_v1	{"won": true, "mode": "paper", "outcome": "up", "pnl_usd": 3.333333333333334, "direction": "UP", "stake_usd": "5", "entry_vwap": "0.5999999999999999777955395073", "event_type": "sleeve_fire_resolved", "slot_end_us": 1782480300000000, "condition_id": "0x91fd8c5ce3d43a0cfea3cec211c802bf53948cdd447bb7ef28bbf88a5861a551", "resolve_at_us": 1782480345000000}
2026-06-26 13:30:05.006436+00	fire	shadow_scalp_exit_btc_5m_d3_v1	{"mode": "paper", "fired": true, "reason": "paper_fill", "fire_us": 1782480605000000, "direction": "UP", "stake_usd": "5", "entry_vwap": "0.5699999999999999511501869163"}
2026-06-26 13:31:45.037134+00	resolve	poly_sniper_v5_btc_15m_ema50_ema800_off600_down	{"won": true, "mode": "paper", "outcome": "down", "pnl_usd": 0.43478260869565255, "direction": "DOWN", "stake_usd": "5", "entry_vwap": "0.9199999999999999289457264236", "event_type": "sleeve_fire_resolved", "slot_end_us": 1782480600000000, "condition_id": "0x82f67c6223633574611a8bbe885bdc5387bbf28fd419ccf2e2415ec23d4321a6", "resolve_at_us": 1782480645000000}
2026-06-26 13:32:45.049277+00	resolve	shadow_scalp_exit_btc_5m_d3_v1	{"won": false, "mode": "paper", "outcome": "up", "pnl_usd": -5.0, "direction": "DOWN", "stake_usd": "5", "entry_vwap": "0.5500000000000000444089209848", "event_type": "sleeve_fire_resolved", "slot_end_us": 1782480600000000, "condition_id": "0x14aae96a403e5fa84d1a3fb29ae6a04cd00b5360e460335cc05b2f28c2fa01bc", "resolve_at_us": 1782480645000000}
2026-06-26 13:35:05.00448+00	fire	shadow_scalp_exit_btc_5m_d3_v1	{"mode": "paper", "fired": true, "reason": "paper_fill", "fire_us": 1782480905000000, "direction": "DOWN", "stake_usd": "5", "entry_vwap": "0.5300000000000000266453525908"}
2026-06-26 13:37:15.036605+00	resolve	shadow_scalp_exit_btc_5m_d3_v1	{"won": true, "mode": "paper", "outcome": "up", "pnl_usd": 3.7719298245614024, "direction": "UP", "stake_usd": "5", "entry_vwap": "0.5699999999999999511501869163", "event_type": "sleeve_fire_resolved", "slot_end_us": 1782480900000000, "condition_id": "0xb5e3d5cf738523b8208b31f12504bbf5feaaec485b54093bd77dbbb86b2ffc5f", "resolve_at_us": 1782480945000000}
2026-06-26 13:42:15.038949+00	resolve	shadow_scalp_exit_btc_5m_d3_v1	{"won": false, "mode": "paper", "outcome": "up", "pnl_usd": -5.0, "direction": "DOWN", "stake_usd": "5", "entry_vwap": "0.5300000000000000266453525908", "event_type": "sleeve_fire_resolved", "slot_end_us": 1782481200000000, "condition_id": "0xb4a2689fdd2960b18cedca99c2a9852b332f7fbf26fe2396d6476b7fe5e6f565", "resolve_at_us": 1782481245000000}
2026-06-26 13:45:05.007253+00	fire	shadow_scalp_exit_btc_5m_d3_v1	{"mode": "paper", "fired": true, "reason": "paper_fill", "fire_us": 1782481505000000, "direction": "DOWN", "stake_usd": "5", "entry_vwap": "0.6400000000000000133226762952"}
2026-06-26 13:51:45.030921+00	resolve	shadow_scalp_exit_btc_5m_d3_v1	{"won": true, "mode": "paper", "outcome": "down", "pnl_usd": 2.8125, "direction": "DOWN", "stake_usd": "5", "entry_vwap": "0.6400000000000000133226762952", "event_type": "sleeve_fire_resolved", "slot_end_us": 1782481800000000, "condition_id": "0x307445fb2c66d8baf3b23fe19f5f3aa6090f6cacf0ac9d3aaeb9f106950de229", "resolve_at_us": 1782481845000000}
2026-06-26 13:55:05.004145+00	fire	shadow_scalp_exit_btc_5m_d3_v1	{"mode": "paper", "fired": true, "reason": "paper_fill", "fire_us": 1782482105000000, "direction": "UP", "stake_usd": "5", "entry_vwap": "0.5300000000000000266453525908"}
2026-06-26 14:00:05.005498+00	fire	shadow_scalp_exit_btc_5m_d3_v1	{"mode": "paper", "fired": true, "reason": "paper_fill", "fire_us": 1782482405000000, "direction": "DOWN", "stake_usd": "5", "entry_vwap": "0.5999999999999999777955395073"}
2026-06-26 14:01:00.349318+00	order_placed	kalshi_scalp_exit_btc_15m_d3_v1	{"mode": "paper", "side": "no", "fired": true, "status": "paper", "ticker": "KXBTC15M-26JUN261015-15", "offset_s": 60, "order_id": "paper-kalshi_scalp_exit_btc_15m_d3_v1-1782482460000000", "direction": "DOWN", "entry_ask": 0.51, "entry_vwap": "0.5100000000000000088817841969", "filled_count": 9}
2026-06-26 14:01:45.028198+00	resolve	shadow_scalp_exit_btc_5m_d3_v1	{"won": true, "mode": "paper", "outcome": "up", "pnl_usd": 4.433962264150942, "direction": "UP", "stake_usd": "5", "entry_vwap": "0.5300000000000000266453525908", "event_type": "sleeve_fire_resolved", "slot_end_us": 1782482400000000, "condition_id": "0x51ea3dace716c917e8d6e34ee3d68726c2cb547cac65a34005074a00a5476c7e", "resolve_at_us": 1782482445000000}
2026-06-26 14:02:02.283217+00	resolve	kalshi_scalp_exit_btc_15m_d3_v1	{"mode": "paper", "shares": 9, "ticker": "KXBTC15M-26JUN261015-15", "direction": "DOWN", "exit_type": "scalp_time", "fill_vwap": 0.51, "sell_vwap": 0.7, "realized_pnl": 1.7099999999999995, "suppress_settlement": true}
2026-06-26 14:07:15.037922+00	resolve	shadow_scalp_exit_btc_5m_d3_v1	{"won": true, "mode": "paper", "outcome": "down", "pnl_usd": 3.333333333333334, "direction": "DOWN", "stake_usd": "5", "entry_vwap": "0.5999999999999999777955395073", "event_type": "sleeve_fire_resolved", "slot_end_us": 1782482700000000, "condition_id": "0x35e91f71e857f421687f28b6706610c2eb64fd33be5787234e2bb603dfd36041", "resolve_at_us": 1782482745000000}
2026-06-26 14:15:05.004545+00	fire	shadow_scalp_exit_btc_5m_d3_v1	{"mode": "paper", "fired": true, "reason": "paper_fill", "fire_us": 1782483305000000, "direction": "DOWN", "stake_usd": "5", "entry_vwap": "0.5699999999999999511501869163"}
2026-06-26 14:20:05.004216+00	fire	shadow_scalp_exit_btc_5m_d3_v1	{"mode": "paper", "fired": true, "reason": "paper_fill", "fire_us": 1782483605000000, "direction": "UP", "stake_usd": "5", "entry_vwap": "0.5999999999999999777955395073"}
2026-06-26 14:21:45.026896+00	resolve	shadow_scalp_exit_btc_5m_d3_v1	{"won": true, "mode": "paper", "outcome": "down", "pnl_usd": 3.7719298245614024, "direction": "DOWN", "stake_usd": "5", "entry_vwap": "0.5699999999999999511501869163", "event_type": "sleeve_fire_resolved", "slot_end_us": 1782483600000000, "condition_id": "0x260488e3ab29fed1ef7a1bd728bed023d3a80f81217b53a542342c2d5cb33e7b", "resolve_at_us": 1782483645000000}
2026-06-26 14:27:15.038404+00	resolve	shadow_scalp_exit_btc_5m_d3_v1	{"won": true, "mode": "paper", "outcome": "up", "pnl_usd": 3.333333333333334, "direction": "UP", "stake_usd": "5", "entry_vwap": "0.5999999999999999777955395073", "event_type": "sleeve_fire_resolved", "slot_end_us": 1782483900000000, "condition_id": "0x54d804f5635716c7e35282fbfa97ea2b66950b4a867839fb245af45e682494b8", "resolve_at_us": 1782483945000000}
2026-06-26 14:30:05.006885+00	fire	shadow_scalp_exit_btc_5m_d3_v1	{"mode": "paper", "fired": true, "reason": "paper_fill", "fire_us": 1782484205000000, "direction": "DOWN", "stake_usd": "5", "entry_vwap": "0.6400000000000000133226762952"}
2026-06-26 14:37:45.051507+00	resolve	shadow_scalp_exit_btc_5m_d3_v1	{"won": true, "mode": "paper", "outcome": "down", "pnl_usd": 2.8125, "direction": "DOWN", "stake_usd": "5", "entry_vwap": "0.6400000000000000133226762952", "event_type": "sleeve_fire_resolved", "slot_end_us": 1782484500000000, "condition_id": "0xdb4666f9a7ce0d8d84f0ca9ba0e7cd0f925b22a5c6f02b8b17e7f2d8b9f35381", "resolve_at_us": 1782484545000000}
2026-06-26 14:40:00.005643+00	fire	poly_sniper_v5_btc_15m_ema50_ema800_off600_down	{"mode": "paper", "fired": true, "reason": "paper_fill", "fire_us": 1782484800000000, "direction": "DOWN", "stake_usd": "5", "entry_vwap": "0.9969999999999999973354647406"}
2026-06-26 14:45:45.009509+00	resolve	poly_sniper_v5_btc_15m_ema50_ema800_off600_down	{"won": true, "mode": "paper", "outcome": "down", "pnl_usd": 0.01504513540621867, "direction": "DOWN", "stake_usd": "5", "entry_vwap": "0.9969999999999999973354647406", "event_type": "sleeve_fire_resolved", "slot_end_us": 1782485100000000, "condition_id": "0x418dc7fad2975d60da411dc0e9ecfef3aaa42b5d8b734bffac093e5a9d18cfad", "resolve_at_us": 1782485145000000}
2026-06-26 14:55:00.006066+00	fire	poly_sniper_v5_btc_15m_ema50_ema800_off600_down	{"mode": "paper", "fired": true, "reason": "paper_fill", "fire_us": 1782485700000000, "direction": "DOWN", "stake_usd": "5", "entry_vwap": "0.5999999999999999777955395073"}
2026-06-26 14:55:00.340724+00	order_placed	kalshi_sniper_btc_15m_ema50_ema800_off600_down_H	{"mode": "paper", "side": "no", "fired": true, "status": "paper", "ticker": "KXBTC15M-26JUN261100-00", "offset_s": 600, "order_id": "paper-kalshi_sniper_btc_15m_ema50_ema800_off600_down_H-1782485700000000", "direction": "DOWN", "entry_ask": 0.63, "entry_vwap": "0.6300000000000000044408920983", "filled_count": 7}
2026-06-26 15:00:05.007126+00	fire	shadow_scalp_exit_btc_5m_d3_v1	{"mode": "paper", "fired": true, "reason": "paper_fill", "fire_us": 1782486005000000, "direction": "UP", "stake_usd": "5", "entry_vwap": "0.5699999999999999511501869163"}
2026-06-26 15:00:45.10709+00	resolve	kalshi_sniper_btc_15m_ema50_ema800_off600_down_H	{"won": false, "mode": "paper", "ticker": "KXBTC15M-26JUN261100-00", "outcome": "yes", "pnl_usd": -5.0, "direction": "DOWN", "stake_usd": "5", "entry_vwap": "0.6300000000000000044408920983", "event_type": "sleeve_fire_resolved", "resolve_at_us": 1782486045000000, "window_end_us": 1782486000000000}
2026-06-26 15:01:00.109555+00	order_placed	kalshi_scalp_exit_btc_15m_d3_v1	{"mode": "paper", "side": "yes", "fired": true, "status": "paper", "ticker": "KXBTC15M-26JUN261115-15", "offset_s": 60, "order_id": "paper-kalshi_scalp_exit_btc_15m_d3_v1-1782486060000000", "direction": "UP", "entry_ask": 0.47, "entry_vwap": "0.4700000000000000288657986401", "filled_count": 10}
2026-06-26 15:02:01.704771+00	resolve	kalshi_scalp_exit_btc_15m_d3_v1	{"mode": "paper", "shares": 10, "ticker": "KXBTC15M-26JUN261115-15", "direction": "UP", "exit_type": "scalp_time", "fill_vwap": 0.47000000000000003, "sell_vwap": 0.53, "realized_pnl": 0.6, "suppress_settlement": true}
2026-06-26 15:02:15.061342+00	resolve	poly_sniper_v5_btc_15m_ema50_ema800_off600_down	{"won": true, "mode": "paper", "outcome": "down", "pnl_usd": 3.333333333333334, "direction": "DOWN", "stake_usd": "5", "entry_vwap": "0.5999999999999999777955395073", "event_type": "sleeve_fire_resolved", "slot_end_us": 1782486000000000, "condition_id": "0xee5fc4693b8352611dcd65eeb467363ce747bcc079d3d17775caf39f2cd8b5ba", "resolve_at_us": 1782486045000000}
2026-06-26 15:05:05.007538+00	fire	shadow_scalp_exit_btc_5m_d3_v1	{"mode": "paper", "fired": true, "reason": "paper_fill", "fire_us": 1782486305000000, "direction": "DOWN", "stake_usd": "5", "entry_vwap": "0.5100000000000000088817841969"}
2026-06-26 15:07:45.052887+00	resolve	shadow_scalp_exit_btc_5m_d3_v1	{"won": true, "mode": "paper", "outcome": "up", "pnl_usd": 3.7719298245614024, "direction": "UP", "stake_usd": "5", "entry_vwap": "0.5699999999999999511501869163", "event_type": "sleeve_fire_resolved", "slot_end_us": 1782486300000000, "condition_id": "0xa3f31257e7b04458de89694002a12e6d0fa460f4ac5441622dc70174a044bbc5", "resolve_at_us": 1782486345000000}
2026-06-26 15:11:45.02926+00	resolve	shadow_scalp_exit_btc_5m_d3_v1	{"won": false, "mode": "paper", "outcome": "up", "pnl_usd": -5.0, "direction": "DOWN", "stake_usd": "5", "entry_vwap": "0.5100000000000000088817841969", "event_type": "sleeve_fire_resolved", "slot_end_us": 1782486600000000, "condition_id": "0x4463250fb7ec49dc5a6b0d05092221901534198606211483f324fa34d318479d", "resolve_at_us": 1782486645000000}
2026-06-26 15:15:05.004838+00	fire	shadow_scalp_exit_btc_5m_d3_v1	{"mode": "paper", "fired": true, "reason": "paper_fill", "fire_us": 1782486905000000, "direction": "DOWN", "stake_usd": "5", "entry_vwap": "0.5999999999999999777955395073"}
2026-06-26 15:20:05.00541+00	fire	shadow_scalp_exit_btc_5m_d3_v1	{"mode": "paper", "fired": true, "reason": "paper_fill", "fire_us": 1782487205000000, "direction": "UP", "stake_usd": "5", "entry_vwap": "0.5799999999999999600319711133"}
2026-06-26 15:22:15.036641+00	resolve	shadow_scalp_exit_btc_5m_d3_v1	{"won": false, "mode": "paper", "outcome": "up", "pnl_usd": -5.0, "direction": "DOWN", "stake_usd": "5", "entry_vwap": "0.5999999999999999777955395073", "event_type": "sleeve_fire_resolved", "slot_end_us": 1782487200000000, "condition_id": "0x08bc19650f71120f0a32d1bccce664424b1dd8ce2996370dc12e09bcab4a07b3", "resolve_at_us": 1782487245000000}
2026-06-26 15:27:45.064045+00	resolve	shadow_scalp_exit_btc_5m_d3_v1	{"won": true, "mode": "paper", "outcome": "up", "pnl_usd": 3.6206896551724146, "direction": "UP", "stake_usd": "5", "entry_vwap": "0.5799999999999999600319711133", "event_type": "sleeve_fire_resolved", "slot_end_us": 1782487500000000, "condition_id": "0x1088b87f8a38cc7c6498e0d0878fd27cc82db74c829cdf2738c7a326ee4e5271", "resolve_at_us": 1782487545000000}
2026-06-26 15:35:05.004295+00	fire	shadow_scalp_exit_btc_5m_d3_v1	{"mode": "paper", "fired": true, "reason": "paper_fill", "fire_us": 1782488105000000, "direction": "UP", "stake_usd": "5", "entry_vwap": "0.5799999999999999600319711133"}
2026-06-26 15:42:15.040418+00	resolve	shadow_scalp_exit_btc_5m_d3_v1	{"won": true, "mode": "paper", "outcome": "up", "pnl_usd": 3.6206896551724146, "direction": "UP", "stake_usd": "5", "entry_vwap": "0.5799999999999999600319711133", "event_type": "sleeve_fire_resolved", "slot_end_us": 1782488400000000, "condition_id": "0x5298f0a605adf6d96a5030d08a13db1c702a80fa491a9a3021eeb6dce21be2fa", "resolve_at_us": 1782488445000000}
2026-06-26 16:25:05.010937+00	fire	shadow_scalp_exit_btc_5m_d3_v1	{"mode": "paper", "fired": true, "reason": "paper_fill", "fire_us": 1782491105000000, "direction": "UP", "stake_usd": "5", "entry_vwap": "0.5999999999999999777955395073"}
2026-06-26 16:30:05.005702+00	fire	shadow_scalp_exit_btc_5m_d3_v1	{"mode": "paper", "fired": true, "reason": "paper_fill", "fire_us": 1782491405000000, "direction": "UP", "stake_usd": "5", "entry_vwap": "0.5999999999999999777955395073"}
2026-06-26 16:32:45.049982+00	resolve	shadow_scalp_exit_btc_5m_d3_v1	{"won": true, "mode": "paper", "outcome": "up", "pnl_usd": 3.333333333333334, "direction": "UP", "stake_usd": "5", "entry_vwap": "0.5999999999999999777955395073", "event_type": "sleeve_fire_resolved", "slot_end_us": 1782491400000000, "condition_id": "0xf0f1392b96b75d9fe3ac288090e48cbc27d13084eead18d8c4aa6a77489915db", "resolve_at_us": 1782491445000000}
2026-06-26 16:35:05.006322+00	fire	shadow_scalp_exit_btc_5m_d3_v1	{"mode": "paper", "fired": true, "reason": "paper_fill", "fire_us": 1782491705000000, "direction": "UP", "stake_usd": "5", "entry_vwap": "0.5899999999999999689137553103"}
2026-06-26 16:36:15.05201+00	resolve	shadow_scalp_exit_btc_5m_d3_v1	{"won": true, "mode": "paper", "outcome": "up", "pnl_usd": 3.333333333333334, "direction": "UP", "stake_usd": "5", "entry_vwap": "0.5999999999999999777955395073", "event_type": "sleeve_fire_resolved", "slot_end_us": 1782491700000000, "condition_id": "0xefeddc27cec63cc5c087dc15d1c2013c8fe7ca5367d9fe8b61e8187494212b07", "resolve_at_us": 1782491745000000}
2026-06-26 16:42:15.051497+00	resolve	shadow_scalp_exit_btc_5m_d3_v1	{"won": false, "mode": "paper", "outcome": "down", "pnl_usd": -5.0, "direction": "UP", "stake_usd": "5", "entry_vwap": "0.5899999999999999689137553103", "event_type": "sleeve_fire_resolved", "slot_end_us": 1782492000000000, "condition_id": "0xb90b3a3737002df94e8cc72c886abaff7f28c27792e45baab0b25dad3bdf69b7", "resolve_at_us": 1782492045000000}
2026-06-26 16:50:05.008146+00	fire	shadow_scalp_exit_btc_5m_d3_v1	{"mode": "paper", "fired": true, "reason": "paper_fill", "fire_us": 1782492605000000, "direction": "DOWN", "stake_usd": "5", "entry_vwap": "0.5799999999999999600319711133"}
2026-06-26 16:55:05.006314+00	fire	shadow_scalp_exit_btc_5m_d3_v1	{"mode": "paper", "fired": true, "reason": "paper_fill", "fire_us": 1782492905000000, "direction": "UP", "stake_usd": "5", "entry_vwap": "0.6800000000000000488498130833"}
2026-06-26 16:56:45.027611+00	resolve	shadow_scalp_exit_btc_5m_d3_v1	{"won": true, "mode": "paper", "outcome": "down", "pnl_usd": 3.6206896551724146, "direction": "DOWN", "stake_usd": "5", "entry_vwap": "0.5799999999999999600319711133", "event_type": "sleeve_fire_resolved", "slot_end_us": 1782492900000000, "condition_id": "0x57d44ab077092911fbb54e96e63a125ebb10cb095e1428a7e0ebd992ac1cef0a", "resolve_at_us": 1782492945000000}
2026-06-26 17:00:45.010972+00	resolve	shadow_scalp_exit_btc_5m_d3_v1	{"won": false, "mode": "paper", "outcome": "down", "pnl_usd": -5.0, "direction": "UP", "stake_usd": "5", "entry_vwap": "0.6800000000000000488498130833", "event_type": "sleeve_fire_resolved", "slot_end_us": 1782493200000000, "condition_id": "0xb8ce30ac7a646c956a8a34a5541cd3ea95ab3aeab8b622289af2f1e4ecf670bd", "resolve_at_us": 1782493245000000}
2026-06-26 17:01:00.362286+00	order_placed	kalshi_scalp_exit_btc_15m_d3_v1	{"mode": "paper", "side": "yes", "fired": true, "status": "paper", "ticker": "KXBTC15M-26JUN261315-15", "offset_s": 60, "order_id": "paper-kalshi_scalp_exit_btc_15m_d3_v1-1782493260000000", "direction": "UP", "entry_ask": 0.5, "entry_vwap": "0.5", "filled_count": 10}
2026-06-26 17:02:02.370206+00	resolve	kalshi_scalp_exit_btc_15m_d3_v1	{"mode": "paper", "shares": 10, "ticker": "KXBTC15M-26JUN261315-15", "direction": "UP", "exit_type": "scalp_time", "fill_vwap": 0.5, "sell_vwap": 0.55, "realized_pnl": 0.5000000000000004, "suppress_settlement": true}
2026-06-26 18:20:05.007836+00	fire	shadow_scalp_exit_btc_5m_d3_v1	{"mode": "paper", "fired": true, "reason": "paper_fill", "fire_us": 1782498005000000, "direction": "UP", "stake_usd": "5", "entry_vwap": "0.6700000000000000399680288863"}
2026-06-26 18:25:05.006871+00	fire	shadow_scalp_exit_btc_5m_d3_v1	{"mode": "paper", "fired": true, "reason": "paper_fill", "fire_us": 1782498305000000, "direction": "UP", "stake_usd": "5", "entry_vwap": "0.6300000000000000044408920983"}
2026-06-26 18:26:45.060033+00	resolve	shadow_scalp_exit_btc_5m_d3_v1	{"won": false, "mode": "paper", "outcome": "down", "pnl_usd": -5.0, "direction": "UP", "stake_usd": "5", "entry_vwap": "0.6700000000000000399680288863", "event_type": "sleeve_fire_resolved", "slot_end_us": 1782498300000000, "condition_id": "0x58f54ac9033ebf12b85b693444b5d8b3449b6b39934e4f251ef252f12d9899c4", "resolve_at_us": 1782498345000000}
2026-06-26 18:32:15.035906+00	resolve	shadow_scalp_exit_btc_5m_d3_v1	{"won": false, "mode": "paper", "outcome": "down", "pnl_usd": -5.0, "direction": "UP", "stake_usd": "5", "entry_vwap": "0.6300000000000000044408920983", "event_type": "sleeve_fire_resolved", "slot_end_us": 1782498600000000, "condition_id": "0x775206e51b5def6be8ede4127c6fa035c17cb063c03af7558c372e4b24ca65f2", "resolve_at_us": 1782498645000000}
2026-06-26 18:40:00.004529+00	fire	poly_sniper_v5_btc_15m_ema50_ema800_off600_down	{"mode": "paper", "fired": true, "reason": "paper_fill", "fire_us": 1782499200000000, "direction": "DOWN", "stake_usd": "5", "entry_vwap": "0.8100000000000000532907051816"}
2026-06-26 18:45:05.005705+00	fire	shadow_scalp_exit_btc_5m_d3_v1	{"mode": "paper", "fired": true, "reason": "paper_fill", "fire_us": 1782499505000000, "direction": "DOWN", "stake_usd": "5", "entry_vwap": "0.6700000000000000399680288863"}
2026-06-26 18:46:45.032463+00	resolve	poly_sniper_v5_btc_15m_ema50_ema800_off600_down	{"won": true, "mode": "paper", "outcome": "down", "pnl_usd": 1.1728395061728392, "direction": "DOWN", "stake_usd": "5", "entry_vwap": "0.8100000000000000532907051816", "event_type": "sleeve_fire_resolved", "slot_end_us": 1782499500000000, "condition_id": "0x0fd34178e28cb826280e22eb9f7d2e1fa03598f40df26b31dbac846d40f4cc79", "resolve_at_us": 1782499545000000}
2026-06-26 18:51:45.040281+00	resolve	shadow_scalp_exit_btc_5m_d3_v1	{"won": true, "mode": "paper", "outcome": "down", "pnl_usd": 2.4626865671641776, "direction": "DOWN", "stake_usd": "5", "entry_vwap": "0.6700000000000000399680288863", "event_type": "sleeve_fire_resolved", "slot_end_us": 1782499800000000, "condition_id": "0x29675be0073856ed9c1a896ddf45c5befdac2e177a6375a0681424fb05560c6f", "resolve_at_us": 1782499845000000}
2026-06-26 18:55:00.004537+00	fire	poly_sniper_v5_btc_15m_ema50_ema800_off600_down	{"mode": "paper", "fired": true, "reason": "paper_fill", "fire_us": 1782500100000000, "direction": "DOWN", "stake_usd": "5", "entry_vwap": "0.9699999999999999733546474086"}
2026-06-26 19:00:45.009944+00	resolve	poly_sniper_v5_btc_15m_ema50_ema800_off600_down	{"won": true, "mode": "paper", "outcome": "down", "pnl_usd": 0.15463917525773152, "direction": "DOWN", "stake_usd": "5", "entry_vwap": "0.9699999999999999733546474086", "event_type": "sleeve_fire_resolved", "slot_end_us": 1782500400000000, "condition_id": "0x523d4201c401e8f44cd03b42c206faf54d95a8209691f093615639c91d4f5b9d", "resolve_at_us": 1782500445000000}
2026-06-26 19:10:05.004574+00	fire	shadow_scalp_exit_btc_5m_d3_v1	{"mode": "paper", "fired": true, "reason": "paper_fill", "fire_us": 1782501005000000, "direction": "DOWN", "stake_usd": "5", "entry_vwap": "0.6999999999999999555910790147"}
2026-06-26 19:16:15.027637+00	resolve	shadow_scalp_exit_btc_5m_d3_v1	{"won": true, "mode": "paper", "outcome": "down", "pnl_usd": 2.1428571428571432, "direction": "DOWN", "stake_usd": "5", "entry_vwap": "0.6999999999999999555910790147", "event_type": "sleeve_fire_resolved", "slot_end_us": 1782501300000000, "condition_id": "0x999a7da3f3fe2fd41c0ccb343ca0515530bf6749462e09165565db2c81577ec5", "resolve_at_us": 1782501345000000}
2026-06-26 19:35:05.003613+00	fire	shadow_scalp_exit_btc_5m_d3_v1	{"mode": "paper", "fired": true, "reason": "paper_fill", "fire_us": 1782502505000000, "direction": "DOWN", "stake_usd": "5", "entry_vwap": "0.6500000000000000222044604923"}
2026-06-26 19:40:00.003871+00	fire	poly_sniper_v5_btc_15m_ema50_ema800_off600_down	{"mode": "paper", "fired": true, "reason": "paper_fill", "fire_us": 1782502800000000, "direction": "DOWN", "stake_usd": "5", "entry_vwap": "0.5699999999999999511501869163"}
2026-06-26 19:42:15.036692+00	resolve	shadow_scalp_exit_btc_5m_d3_v1	{"won": true, "mode": "paper", "outcome": "down", "pnl_usd": 2.692307692307692, "direction": "DOWN", "stake_usd": "5", "entry_vwap": "0.6500000000000000222044604923", "event_type": "sleeve_fire_resolved", "slot_end_us": 1782502800000000, "condition_id": "0xcbd08d4c8430ed9ef6aec4b75e6a71b8f8de16a0407832b4127df3b9a3dd8c91", "resolve_at_us": 1782502845000000}
2026-06-26 19:46:45.049023+00	resolve	poly_sniper_v5_btc_15m_ema50_ema800_off600_down	{"won": true, "mode": "paper", "outcome": "down", "pnl_usd": 3.7719298245614024, "direction": "DOWN", "stake_usd": "5", "entry_vwap": "0.5699999999999999511501869163", "event_type": "sleeve_fire_resolved", "slot_end_us": 1782503100000000, "condition_id": "0x38c3e4d9fcdc074c9bc4f082bc87d66d6555084757cadc5838c45f1a4bbb2237", "resolve_at_us": 1782503145000000}
2026-06-26 19:55:00.004877+00	fire	poly_sniper_v5_btc_15m_ema50_ema800_off600_down	{"mode": "paper", "fired": true, "reason": "paper_fill", "fire_us": 1782503700000000, "direction": "DOWN", "stake_usd": "5", "entry_vwap": "0.5200000000000000177635683938"}
2026-06-26 19:55:00.199978+00	order_placed	kalshi_sniper_btc_15m_ema50_ema800_off600_down_H	{"mode": "paper", "side": "no", "fired": true, "status": "paper", "ticker": "KXBTC15M-26JUN261600-00", "offset_s": 600, "order_id": "paper-kalshi_sniper_btc_15m_ema50_ema800_off600_down_H-1782503700000000", "direction": "DOWN", "entry_ask": 0.7, "entry_vwap": "0.6999999999999999555910790147", "filled_count": 7}
2026-06-26 19:55:05.006065+00	fire	shadow_scalp_exit_btc_5m_d3_v1	{"mode": "paper", "fired": true, "reason": "paper_fill", "fire_us": 1782503705000000, "direction": "DOWN", "stake_usd": "5", "entry_vwap": "0.7199999999999999733546474088"}
2026-06-26 20:00:05.004569+00	fire	shadow_scalp_exit_btc_5m_d3_v1	{"mode": "paper", "fired": true, "reason": "paper_fill", "fire_us": 1782504005000000, "direction": "UP", "stake_usd": "5", "entry_vwap": "0.6100000000000000976996261668"}
2026-06-26 20:00:45.091862+00	resolve	kalshi_sniper_btc_15m_ema50_ema800_off600_down_H	{"won": true, "mode": "paper", "ticker": "KXBTC15M-26JUN261600-00", "outcome": "no", "pnl_usd": 2.1428571428571432, "direction": "DOWN", "stake_usd": "5", "entry_vwap": "0.6999999999999999555910790147", "event_type": "sleeve_fire_resolved", "resolve_at_us": 1782504045000000, "window_end_us": 1782504000000000}
2026-06-26 20:02:15.052267+00	resolve	shadow_scalp_exit_btc_5m_d3_v1	{"won": true, "mode": "paper", "outcome": "down", "pnl_usd": 1.9444444444444446, "direction": "DOWN", "stake_usd": "5", "entry_vwap": "0.7199999999999999733546474088", "event_type": "sleeve_fire_resolved", "slot_end_us": 1782504000000000, "condition_id": "0xa262ff7173da4e67270693a332ea71517b277120a26ca9792dc30d7ae827fdfe", "resolve_at_us": 1782504045000000}
2026-06-26 20:05:15.132421+00	resolve	poly_sniper_v5_btc_15m_ema50_ema800_off600_down	{"won": true, "mode": "paper", "outcome": "down", "pnl_usd": 4.615384615384615, "direction": "DOWN", "stake_usd": "5", "entry_vwap": "0.5200000000000000177635683938", "event_type": "sleeve_fire_resolved", "slot_end_us": 1782504000000000, "condition_id": "0xded053f9d1e2f7fa02d81b0fce716b0ba16355b013241a44f12d0ff5574230c0", "resolve_at_us": 1782504045000000}
2026-06-26 20:06:45.039403+00	resolve	shadow_scalp_exit_btc_5m_d3_v1	{"won": true, "mode": "paper", "outcome": "up", "pnl_usd": 3.1967213114754087, "direction": "UP", "stake_usd": "5", "entry_vwap": "0.6100000000000000976996261668", "event_type": "sleeve_fire_resolved", "slot_end_us": 1782504300000000, "condition_id": "0x3aa04cbf7547e9acf20254e630d1c9617590206508947d778d9f9a919c2bc53c", "resolve_at_us": 1782504345000000}
2026-06-26 20:10:00.004688+00	fire	poly_sniper_v5_btc_15m_ema50_ema800_off600_down	{"mode": "paper", "fired": true, "reason": "paper_fill", "fire_us": 1782504600000000, "direction": "DOWN", "stake_usd": "5", "entry_vwap": "0.8399999999999999689137553101"}
2026-06-26 20:15:45.013164+00	resolve	poly_sniper_v5_btc_15m_ema50_ema800_off600_down	{"won": true, "mode": "paper", "outcome": "down", "pnl_usd": 0.9523809523809526, "direction": "DOWN", "stake_usd": "5", "entry_vwap": "0.8399999999999999689137553101", "event_type": "sleeve_fire_resolved", "slot_end_us": 1782504900000000, "condition_id": "0x9575318598a08488df97df96c1036f268a9729efccbed5fa30ae0b3d38710501", "resolve_at_us": 1782504945000000}
2026-06-26 20:25:00.006705+00	fire	poly_sniper_v5_btc_15m_ema50_ema800_off600_down	{"mode": "paper", "fired": true, "reason": "paper_fill", "fire_us": 1782505500000000, "direction": "DOWN", "stake_usd": "5", "entry_vwap": "0.2700000000000000177635683939"}
2026-06-26 20:25:00.349585+00	order_placed	kalshi_sniper_btc_15m_ema50_ema800_off600_down_H	{"mode": "paper", "side": "no", "fired": true, "status": "paper", "ticker": "KXBTC15M-26JUN261630-30", "offset_s": 600, "order_id": "paper-kalshi_sniper_btc_15m_ema50_ema800_off600_down_H-1782505500000000", "direction": "DOWN", "entry_ask": 0.19999999999999996, "entry_vwap": "0.1999999999999999555910790149", "filled_count": 25}
2026-06-26 20:30:45.096387+00	resolve	kalshi_sniper_btc_15m_ema50_ema800_off600_down_H	{"won": false, "mode": "paper", "ticker": "KXBTC15M-26JUN261630-30", "outcome": "yes", "pnl_usd": -5.0, "direction": "DOWN", "stake_usd": "5", "entry_vwap": "0.1999999999999999555910790149", "event_type": "sleeve_fire_resolved", "resolve_at_us": 1782505845000000, "window_end_us": 1782505800000000}
2026-06-26 20:31:15.023984+00	resolve	poly_sniper_v5_btc_15m_ema50_ema800_off600_down	{"won": false, "mode": "paper", "outcome": "up", "pnl_usd": -5.0, "direction": "DOWN", "stake_usd": "5", "entry_vwap": "0.2700000000000000177635683939", "event_type": "sleeve_fire_resolved", "slot_end_us": 1782505800000000, "condition_id": "0x60344690c81743891fd7864e7081cc93ec39525ed7631bdf39840683f8c76eb5", "resolve_at_us": 1782505845000000}
2026-06-26 20:40:00.011807+00	fire	poly_sniper_v5_btc_15m_ema50_ema800_off600_down	{"mode": "paper", "fired": true, "reason": "paper_fill", "fire_us": 1782506400000000, "direction": "DOWN", "stake_usd": "5", "entry_vwap": "0.9699999999999999733546474086"}
2026-06-26 20:46:45.036544+00	resolve	poly_sniper_v5_btc_15m_ema50_ema800_off600_down	{"won": true, "mode": "paper", "outcome": "down", "pnl_usd": 0.15463917525773152, "direction": "DOWN", "stake_usd": "5", "entry_vwap": "0.9699999999999999733546474086", "event_type": "sleeve_fire_resolved", "slot_end_us": 1782506700000000, "condition_id": "0xec49f84cc1eb4d4bbdcfb676a6997cc27d3600cee9cb591ab7c51744754a70a1", "resolve_at_us": 1782506745000000}
2026-06-26 20:50:05.005571+00	fire	shadow_scalp_exit_btc_5m_d3_v1	{"mode": "paper", "fired": true, "reason": "paper_fill", "fire_us": 1782507005000000, "direction": "UP", "stake_usd": "5", "entry_vwap": "0.6500000000000000222044604923"}
2026-06-26 20:55:05.034412+00	fire	shadow_scalp_exit_btc_5m_d3_v1	{"mode": "paper", "fired": true, "reason": "paper_fill", "fire_us": 1782507305000000, "direction": "UP", "stake_usd": "5", "entry_vwap": "0.6899999999999999467092948178"}
2026-06-26 20:56:45.0283+00	resolve	shadow_scalp_exit_btc_5m_d3_v1	{"won": false, "mode": "paper", "outcome": "down", "pnl_usd": -5.0, "direction": "UP", "stake_usd": "5", "entry_vwap": "0.6500000000000000222044604923", "event_type": "sleeve_fire_resolved", "slot_end_us": 1782507300000000, "condition_id": "0xe0b27ba0160fdb429e638fd4ff74020fb99c62e56c9bb408c6fb476f6fd542c6", "resolve_at_us": 1782507345000000}
2026-06-26 21:00:45.011015+00	resolve	shadow_scalp_exit_btc_5m_d3_v1	{"won": false, "mode": "paper", "outcome": "down", "pnl_usd": -5.0, "direction": "UP", "stake_usd": "5", "entry_vwap": "0.6899999999999999467092948178", "event_type": "sleeve_fire_resolved", "slot_end_us": 1782507600000000, "condition_id": "0xac12bea534db905535179b8003d0b48a46514aa37ca4bd0cd81c78fc5736e954", "resolve_at_us": 1782507645000000}
2026-06-26 22:10:00.004516+00	fire	poly_sniper_v5_btc_15m_ema50_ema800_off600_down	{"mode": "paper", "fired": true, "reason": "paper_fill", "fire_us": 1782511800000000, "direction": "DOWN", "stake_usd": "5", "entry_vwap": "0.8399999999999999689137553101"}
2026-06-26 22:17:15.034998+00	resolve	poly_sniper_v5_btc_15m_ema50_ema800_off600_down	{"won": true, "mode": "paper", "outcome": "down", "pnl_usd": 0.9523809523809526, "direction": "DOWN", "stake_usd": "5", "entry_vwap": "0.8399999999999999689137553101", "event_type": "sleeve_fire_resolved", "slot_end_us": 1782512100000000, "condition_id": "0x62588f660d04316eac24b72952df8c0e4d62435c323883d418457bc51708ad3d", "resolve_at_us": 1782512145000000}
2026-06-27 00:46:00.19059+00	order_placed	kalshi_scalp_exit_btc_15m_d3_v1	{"mode": "paper", "side": "no", "fired": true, "status": "paper", "ticker": "KXBTC15M-26JUN262100-00", "offset_s": 60, "order_id": "paper-kalshi_scalp_exit_btc_15m_d3_v1-1782521160000000", "direction": "DOWN", "entry_ask": 0.5, "entry_vwap": "0.5", "filled_count": 10}
2026-06-27 00:47:01.885459+00	resolve	kalshi_scalp_exit_btc_15m_d3_v1	{"mode": "paper", "shares": 10, "ticker": "KXBTC15M-26JUN262100-00", "direction": "DOWN", "exit_type": "scalp_time", "fill_vwap": 0.5, "sell_vwap": 0.44000000000000006, "realized_pnl": -0.5999999999999994, "suppress_settlement": true}
2026-06-27 02:30:05.005718+00	fire	shadow_scalp_exit_btc_5m_d3_v1	{"mode": "paper", "fired": true, "reason": "paper_fill", "fire_us": 1782527405000000, "direction": "DOWN", "stake_usd": "5", "entry_vwap": "0.6400000000000000133226762952"}
2026-06-27 02:36:45.032565+00	resolve	shadow_scalp_exit_btc_5m_d3_v1	{"won": false, "mode": "paper", "outcome": "up", "pnl_usd": -5.0, "direction": "DOWN", "stake_usd": "5", "entry_vwap": "0.6400000000000000133226762952", "event_type": "sleeve_fire_resolved", "slot_end_us": 1782527700000000, "condition_id": "0xb9d5e881a13d39024c3c4a9acc43c13c532571128d57c02eabc6ef1c50c563a4", "resolve_at_us": 1782527745000000}
2026-06-27 03:00:05.006976+00	fire	shadow_scalp_exit_btc_5m_d3_v1	{"mode": "paper", "fired": true, "reason": "paper_fill", "fire_us": 1782529205000000, "direction": "DOWN", "stake_usd": "5", "entry_vwap": "0.6300000000000000044408920983"}
2026-06-27 03:06:45.043682+00	resolve	shadow_scalp_exit_btc_5m_d3_v1	{"won": true, "mode": "paper", "outcome": "down", "pnl_usd": 2.9365079365079367, "direction": "DOWN", "stake_usd": "5", "entry_vwap": "0.6300000000000000044408920983", "event_type": "sleeve_fire_resolved", "slot_end_us": 1782529500000000, "condition_id": "0x27c26eefe386a8efdb61af883d8f8e843a9221df2e5b60023088b3684e24163a", "resolve_at_us": 1782529545000000}
2026-06-27 05:15:05.005938+00	fire	shadow_scalp_exit_btc_5m_d3_v1	{"mode": "paper", "fired": true, "reason": "paper_fill", "fire_us": 1782537305000000, "direction": "DOWN", "stake_usd": "5", "entry_vwap": "0.75"}
2026-06-27 05:22:15.033162+00	resolve	shadow_scalp_exit_btc_5m_d3_v1	{"won": true, "mode": "paper", "outcome": "down", "pnl_usd": 1.6666666666666667, "direction": "DOWN", "stake_usd": "5", "entry_vwap": "0.75", "event_type": "sleeve_fire_resolved", "slot_end_us": 1782537600000000, "condition_id": "0x1b991f5b9d9aeed7f349eb1c5aefa22909b4f54906ff9265f6d8411565f35ae1", "resolve_at_us": 1782537645000000}
2026-06-27 06:46:00.346216+00	order_placed	kalshi_scalp_exit_btc_15m_d3_v1	{"mode": "paper", "side": "yes", "fired": true, "status": "paper", "ticker": "KXBTC15M-26JUN270300-00", "offset_s": 60, "order_id": "paper-kalshi_scalp_exit_btc_15m_d3_v1-1782542760000000", "direction": "UP", "entry_ask": 0.53, "entry_vwap": "0.5300000000000000266453525908", "filled_count": 9}
2026-06-27 06:47:02.049821+00	resolve	kalshi_scalp_exit_btc_15m_d3_v1	{"mode": "paper", "shares": 9, "ticker": "KXBTC15M-26JUN270300-00", "direction": "UP", "exit_type": "scalp_time", "fill_vwap": 0.53, "sell_vwap": 0.62, "realized_pnl": 0.8099999999999997, "suppress_settlement": true}
2026-06-27 07:55:05.006048+00	fire	shadow_scalp_exit_btc_5m_d3_v1	{"mode": "paper", "fired": true, "reason": "paper_fill", "fire_us": 1782546905000000, "direction": "UP", "stake_usd": "5", "entry_vwap": "0.6300000000000000044408920983"}
2026-06-27 08:01:15.01892+00	resolve	shadow_scalp_exit_btc_5m_d3_v1	{"won": true, "mode": "paper", "outcome": "up", "pnl_usd": 2.9365079365079367, "direction": "UP", "stake_usd": "5", "entry_vwap": "0.6300000000000000044408920983", "event_type": "sleeve_fire_resolved", "slot_end_us": 1782547200000000, "condition_id": "0x223a5124a767c3dd84612f587f98743c40f984253a592a4d4a5c35f171289f8e", "resolve_at_us": 1782547245000000}
2026-06-27 09:10:05.004718+00	fire	shadow_scalp_exit_btc_5m_d3_v1	{"mode": "paper", "fired": true, "reason": "paper_fill", "fire_us": 1782551405000000, "direction": "DOWN", "stake_usd": "5", "entry_vwap": "0.7299999999999999822364316058"}
2026-06-27 09:16:15.024682+00	resolve	shadow_scalp_exit_btc_5m_d3_v1	{"won": true, "mode": "paper", "outcome": "down", "pnl_usd": 1.8493150684931507, "direction": "DOWN", "stake_usd": "5", "entry_vwap": "0.7299999999999999822364316058", "event_type": "sleeve_fire_resolved", "slot_end_us": 1782551700000000, "condition_id": "0xa7b3fe35a8c5aee89811862eab3f076db1f96c5bd148c038a0f15545e8b64245", "resolve_at_us": 1782551745000000}
2026-06-27 11:40:00.004005+00	fire	poly_sniper_v5_btc_15m_ema50_ema800_off600_down	{"mode": "paper", "fired": true, "reason": "paper_fill", "fire_us": 1782560400000000, "direction": "DOWN", "stake_usd": "5", "entry_vwap": "0.7700000000000000177635683938"}
2026-06-27 11:46:45.029933+00	resolve	poly_sniper_v5_btc_15m_ema50_ema800_off600_down	{"won": false, "mode": "paper", "outcome": "up", "pnl_usd": -5.0, "direction": "DOWN", "stake_usd": "5", "entry_vwap": "0.7700000000000000177635683938", "event_type": "sleeve_fire_resolved", "slot_end_us": 1782560700000000, "condition_id": "0x0b159518ad8cbec61344450546eff05f5373a8886be31aaaead7b03409f89bcc", "resolve_at_us": 1782560745000000}
2026-06-27 13:41:00.005766+00	fire	poly_sniper_v5_eth_5m_l_ema50_hurst_grandparent_V10	{"mode": "paper", "fired": true, "reason": "paper_fill", "fire_us": 1782567660000000, "direction": "UP", "stake_usd": "5", "entry_vwap": "0.5600000000000000532907051819"}
2026-06-27 13:50:15.097022+00	resolve	poly_sniper_v5_eth_5m_l_ema50_hurst_grandparent_V10	{"won": true, "mode": "paper", "outcome": "up", "pnl_usd": 3.9285714285714257, "direction": "UP", "stake_usd": "5", "entry_vwap": "0.5600000000000000532907051819", "event_type": "sleeve_fire_resolved", "slot_end_us": 1782567900000000, "condition_id": "0x2c777b587343c358cc1e6952f75cb8095374774dc11c5e7c99db9230fa6b6dc7", "resolve_at_us": 1782567945000000}
2026-06-27 14:16:00.005502+00	fire	poly_sniper_v5_eth_5m_l_ema50_hurst_grandparent_V10	{"mode": "paper", "fired": true, "reason": "paper_fill", "fire_us": 1782569760000000, "direction": "UP", "stake_usd": "5", "entry_vwap": "0.1259689922480620172251519761"}
2026-06-27 14:20:45.00946+00	resolve	poly_sniper_v5_eth_5m_l_ema50_hurst_grandparent_V10	{"won": false, "mode": "paper", "outcome": "down", "pnl_usd": -5.0, "direction": "UP", "stake_usd": "5", "entry_vwap": "0.1259689922480620172251519761", "event_type": "sleeve_fire_resolved", "slot_end_us": 1782570000000000, "condition_id": "0x9e4f0f73647f48a9b6ce8929acf11e061028ca35678570e7fa2f7178f03b7807", "resolve_at_us": 1782570045000000}
2026-06-27 15:16:00.005946+00	fire	poly_sniper_v5_eth_5m_l_ema50_hurst_grandparent_V10	{"mode": "paper", "fired": true, "reason": "paper_fill", "fire_us": 1782573360000000, "direction": "UP", "stake_usd": "5", "entry_vwap": "0.3699999999999999955591079013"}
2026-06-27 15:20:45.009126+00	resolve	poly_sniper_v5_eth_5m_l_ema50_hurst_grandparent_V10	{"won": false, "mode": "paper", "outcome": "down", "pnl_usd": -5.0, "direction": "UP", "stake_usd": "5", "entry_vwap": "0.3699999999999999955591079013", "event_type": "sleeve_fire_resolved", "slot_end_us": 1782573600000000, "condition_id": "0x772d35fc72701bd2d5743773662309a99282edcd1f3d4be147a37d2532aac63e", "resolve_at_us": 1782573645000000}
2026-06-27 15:40:05.004116+00	fire	shadow_scalp_exit_btc_5m_d3_v1	{"mode": "paper", "fired": true, "reason": "paper_fill", "fire_us": 1782574805000000, "direction": "DOWN", "stake_usd": "5", "entry_vwap": "0.5999999999999999777955395073"}
2026-06-27 15:46:15.023089+00	resolve	shadow_scalp_exit_btc_5m_d3_v1	{"won": true, "mode": "paper", "outcome": "down", "pnl_usd": 3.333333333333334, "direction": "DOWN", "stake_usd": "5", "entry_vwap": "0.5999999999999999777955395073", "event_type": "sleeve_fire_resolved", "slot_end_us": 1782575100000000, "condition_id": "0x9301dd8f4c78b7af9a5cdd6f85d1b4a5220e84bb784ba3ff2f572b5fe88c3fcb", "resolve_at_us": 1782575145000000}
2026-06-27 17:05:05.004216+00	fire	shadow_scalp_exit_btc_5m_d3_v1	{"mode": "paper", "fired": true, "reason": "paper_fill", "fire_us": 1782579905000000, "direction": "UP", "stake_usd": "5", "entry_vwap": "0.7800000000000000266453525907"}
2026-06-27 17:11:15.019284+00	resolve	shadow_scalp_exit_btc_5m_d3_v1	{"won": true, "mode": "paper", "outcome": "up", "pnl_usd": 1.41025641025641, "direction": "UP", "stake_usd": "5", "entry_vwap": "0.7800000000000000266453525907", "event_type": "sleeve_fire_resolved", "slot_end_us": 1782580200000000, "condition_id": "0xea1ee2d8b255fbb168fc97c335b77318b7d0717e1edb1249a8676015648befce", "resolve_at_us": 1782580245000000}
2026-06-27 17:45:05.019234+00	fire	shadow_scalp_exit_btc_5m_d3_v1	{"mode": "paper", "fired": true, "reason": "paper_fill", "fire_us": 1782582305000000, "direction": "DOWN", "stake_usd": "5", "entry_vwap": "0.6899999999999999467092948178"}
2026-06-27 17:51:45.023076+00	resolve	shadow_scalp_exit_btc_5m_d3_v1	{"won": true, "mode": "paper", "outcome": "down", "pnl_usd": 2.2463768115942035, "direction": "DOWN", "stake_usd": "5", "entry_vwap": "0.6899999999999999467092948178", "event_type": "sleeve_fire_resolved", "slot_end_us": 1782582600000000, "condition_id": "0x5d149bfcde3d0cad4345568d8ba491243498197794c765afb68ecddf2c154232", "resolve_at_us": 1782582645000000}
2026-06-27 18:25:00.003885+00	fire	poly_sniper_v5_btc_15m_ema50_ema800_off600_down	{"mode": "paper", "fired": true, "reason": "paper_fill", "fire_us": 1782584700000000, "direction": "DOWN", "stake_usd": "5", "entry_vwap": "0.6600000000000000310862446891"}
2026-06-27 18:25:00.190824+00	order_placed	kalshi_sniper_btc_15m_ema50_ema800_off600_down_H	{"mode": "paper", "side": "no", "fired": true, "status": "paper", "ticker": "KXBTC15M-26JUN271430-30", "offset_s": 600, "order_id": "paper-kalshi_sniper_btc_15m_ema50_ema800_off600_down_H-1782584700000000", "direction": "DOWN", "entry_ask": 0.69, "entry_vwap": "0.6899999999999999467092948178", "filled_count": 7}
2026-06-27 18:30:45.092583+00	resolve	kalshi_sniper_btc_15m_ema50_ema800_off600_down_H	{"won": true, "mode": "paper", "ticker": "KXBTC15M-26JUN271430-30", "outcome": "no", "pnl_usd": 2.2463768115942035, "direction": "DOWN", "stake_usd": "5", "entry_vwap": "0.6899999999999999467092948178", "event_type": "sleeve_fire_resolved", "resolve_at_us": 1782585045000000, "window_end_us": 1782585000000000}
2026-06-27 18:32:15.041449+00	resolve	poly_sniper_v5_btc_15m_ema50_ema800_off600_down	{"won": true, "mode": "paper", "outcome": "down", "pnl_usd": 2.5757575757575744, "direction": "DOWN", "stake_usd": "5", "entry_vwap": "0.6600000000000000310862446891", "event_type": "sleeve_fire_resolved", "slot_end_us": 1782585000000000, "condition_id": "0xd133e8fe5cccb62c5e975300d09f5b37224029bf0e57d6fecd212de7f7a683ba", "resolve_at_us": 1782585045000000}
2026-06-27 19:25:00.004826+00	fire	poly_sniper_v5_btc_15m_ema50_ema800_off600_down	{"mode": "paper", "fired": true, "reason": "paper_fill", "fire_us": 1782588300000000, "direction": "DOWN", "stake_usd": "5", "entry_vwap": "0.9949999999999998845368054385"}
2026-06-27 19:25:05.004745+00	fire	shadow_scalp_exit_btc_5m_d3_v1	{"mode": "paper", "fired": true, "reason": "paper_fill", "fire_us": 1782588305000000, "direction": "DOWN", "stake_usd": "5", "entry_vwap": "0.7099999999999999644728632118"}
2026-06-27 19:30:45.013118+00	resolve	poly_sniper_v5_btc_15m_ema50_ema800_off600_down	{"won": true, "mode": "paper", "outcome": "down", "pnl_usd": 0.025125628140704664, "direction": "DOWN", "stake_usd": "5", "entry_vwap": "0.9949999999999998845368054385", "event_type": "sleeve_fire_resolved", "slot_end_us": 1782588600000000, "condition_id": "0x05918869951ea704da5c3c4891cbf6ed6851fd90341e2072c561490969b1ce78", "resolve_at_us": 1782588645000000}
2026-06-27 19:31:45.029368+00	resolve	shadow_scalp_exit_btc_5m_d3_v1	{"won": true, "mode": "paper", "outcome": "down", "pnl_usd": 2.042253521126761, "direction": "DOWN", "stake_usd": "5", "entry_vwap": "0.7099999999999999644728632118", "event_type": "sleeve_fire_resolved", "slot_end_us": 1782588600000000, "condition_id": "0x424390a3613c3e49d36795c81694878655d21152dc572d5e773378a17f1d56ae", "resolve_at_us": 1782588645000000}
2026-06-27 19:40:00.005243+00	fire	poly_sniper_v5_btc_15m_ema50_ema800_off600_down	{"mode": "paper", "fired": true, "reason": "paper_fill", "fire_us": 1782589200000000, "direction": "DOWN", "stake_usd": "5", "entry_vwap": "0.9900000000000001021405182651"}
2026-06-27 19:45:45.00954+00	resolve	poly_sniper_v5_btc_15m_ema50_ema800_off600_down	{"won": true, "mode": "paper", "outcome": "down", "pnl_usd": 0.050505050505049984, "direction": "DOWN", "stake_usd": "5", "entry_vwap": "0.9900000000000001021405182651", "event_type": "sleeve_fire_resolved", "slot_end_us": 1782589500000000, "condition_id": "0x4a57b596c169fb00f2af9937fdb363e8c9959e82d76a616ae9f7b266cea7aed8", "resolve_at_us": 1782589545000000}
2026-06-27 19:55:00.005385+00	fire	poly_sniper_v5_btc_15m_ema50_ema800_off600_down	{"mode": "paper", "fired": true, "reason": "paper_fill", "fire_us": 1782590100000000, "direction": "DOWN", "stake_usd": "5", "entry_vwap": "0.5999999999999999777955395073"}
2026-06-27 19:55:00.105155+00	order_placed	kalshi_sniper_btc_15m_ema50_ema800_off600_down_H	{"mode": "paper", "side": "no", "fired": true, "status": "paper", "ticker": "KXBTC15M-26JUN271600-00", "offset_s": 600, "order_id": "paper-kalshi_sniper_btc_15m_ema50_ema800_off600_down_H-1782590100000000", "direction": "DOWN", "entry_ask": 0.6799999999999999, "entry_vwap": "0.6799999999999999378275106208", "filled_count": 7}
2026-06-27 20:00:45.095503+00	resolve	kalshi_sniper_btc_15m_ema50_ema800_off600_down_H	{"won": true, "mode": "paper", "ticker": "KXBTC15M-26JUN271600-00", "outcome": "no", "pnl_usd": 2.3529411764705888, "direction": "DOWN", "stake_usd": "5", "entry_vwap": "0.6799999999999999378275106208", "event_type": "sleeve_fire_resolved", "resolve_at_us": 1782590445000000, "window_end_us": 1782590400000000}
2026-06-27 20:02:15.050336+00	resolve	poly_sniper_v5_btc_15m_ema50_ema800_off600_down	{"won": true, "mode": "paper", "outcome": "down", "pnl_usd": 3.333333333333334, "direction": "DOWN", "stake_usd": "5", "entry_vwap": "0.5999999999999999777955395073", "event_type": "sleeve_fire_resolved", "slot_end_us": 1782590400000000, "condition_id": "0x76fcc2baa52c06a8b36fd18297d813e588179537bdfab14d88652aea45d3069b", "resolve_at_us": 1782590445000000}
2026-06-27 20:10:00.004341+00	fire	poly_sniper_v5_btc_15m_ema50_ema800_off600_down	{"mode": "paper", "fired": true, "reason": "paper_fill", "fire_us": 1782591000000000, "direction": "DOWN", "stake_usd": "5", "entry_vwap": "0.0200000000000000004163336342"}
2026-06-27 20:15:45.012613+00	resolve	poly_sniper_v5_btc_15m_ema50_ema800_off600_down	{"won": false, "mode": "paper", "outcome": "up", "pnl_usd": -5.0, "direction": "DOWN", "stake_usd": "5", "entry_vwap": "0.0200000000000000004163336342", "event_type": "sleeve_fire_resolved", "slot_end_us": 1782591300000000, "condition_id": "0xd773241cf5e1215b76c0e5223720f9c876b996337f3cc9dc7d0c4bb992d9ea4f", "resolve_at_us": 1782591345000000}
2026-06-27 20:40:00.006376+00	fire	poly_sniper_v5_btc_15m_ema50_ema800_off600_down	{"mode": "paper", "fired": true, "reason": "paper_fill", "fire_us": 1782592800000000, "direction": "DOWN", "stake_usd": "5", "entry_vwap": "0.4500000000000000111022302461"}
2026-06-27 20:47:15.047409+00	resolve	poly_sniper_v5_btc_15m_ema50_ema800_off600_down	{"won": true, "mode": "paper", "outcome": "down", "pnl_usd": 6.111111111111112, "direction": "DOWN", "stake_usd": "5", "entry_vwap": "0.4500000000000000111022302461", "event_type": "sleeve_fire_resolved", "slot_end_us": 1782593100000000, "condition_id": "0xbd164a0ea80494dfe02e16711bfa3e6873587364611198ba0183c7456fa15f27", "resolve_at_us": 1782593145000000}
2026-06-27 20:55:00.182815+00	order_placed	kalshi_sniper_btc_15m_ema50_ema800_off600_down_H	{"mode": "paper", "side": "no", "fired": true, "status": "paper", "ticker": "KXBTC15M-26JUN271700-00", "offset_s": 600, "order_id": "paper-kalshi_sniper_btc_15m_ema50_ema800_off600_down_H-1782593700000000", "direction": "DOWN", "entry_ask": 0.18999999999999995, "entry_vwap": "0.1899999999999999467092948179", "filled_count": 26}
2026-06-27 21:00:45.095335+00	resolve	kalshi_sniper_btc_15m_ema50_ema800_off600_down_H	{"won": false, "mode": "paper", "ticker": "KXBTC15M-26JUN271700-00", "outcome": "yes", "pnl_usd": -5.0, "direction": "DOWN", "stake_usd": "5", "entry_vwap": "0.1899999999999999467092948179", "event_type": "sleeve_fire_resolved", "resolve_at_us": 1782594045000000, "window_end_us": 1782594000000000}
2026-06-27 21:55:00.004949+00	fire	poly_sniper_v5_btc_15m_ema50_ema800_off600_down	{"mode": "paper", "fired": true, "reason": "paper_fill", "fire_us": 1782597300000000, "direction": "DOWN", "stake_usd": "5", "entry_vwap": "0.9300000000000000488498130831"}
2026-06-27 22:00:05.00457+00	fire	shadow_scalp_exit_btc_5m_d3_v1	{"mode": "paper", "fired": true, "reason": "paper_fill", "fire_us": 1782597605000000, "direction": "DOWN", "stake_usd": "5", "entry_vwap": "0.7299999999999999822364316058"}
2026-06-27 22:00:45.008939+00	resolve	poly_sniper_v5_btc_15m_ema50_ema800_off600_down	{"won": true, "mode": "paper", "outcome": "down", "pnl_usd": 0.3763440860215051, "direction": "DOWN", "stake_usd": "5", "entry_vwap": "0.9300000000000000488498130831", "event_type": "sleeve_fire_resolved", "slot_end_us": 1782597600000000, "condition_id": "0x2d8aafa040bf6160386c15781dac092e271ef6dccf2bf0da57633ea2435ccbae", "resolve_at_us": 1782597645000000}
2026-06-27 22:06:45.041948+00	resolve	shadow_scalp_exit_btc_5m_d3_v1	{"won": true, "mode": "paper", "outcome": "down", "pnl_usd": 1.8493150684931507, "direction": "DOWN", "stake_usd": "5", "entry_vwap": "0.7299999999999999822364316058", "event_type": "sleeve_fire_resolved", "slot_end_us": 1782597900000000, "condition_id": "0x01bc109e0e9e3b03539dc2b3c4469749e72a57afcaf6d6aa642bbf4a7245646d", "resolve_at_us": 1782597945000000}
2026-06-27 22:10:00.004038+00	fire	poly_sniper_v5_btc_15m_ema50_ema800_off600_down	{"mode": "paper", "fired": true, "reason": "paper_fill", "fire_us": 1782598200000000, "direction": "DOWN", "stake_usd": "5", "entry_vwap": "0.9400000000000000577315972801"}
2026-06-27 22:16:15.019406+00	resolve	poly_sniper_v5_btc_15m_ema50_ema800_off600_down	{"won": true, "mode": "paper", "outcome": "down", "pnl_usd": 0.31914893617021245, "direction": "DOWN", "stake_usd": "5", "entry_vwap": "0.9400000000000000577315972801", "event_type": "sleeve_fire_resolved", "slot_end_us": 1782598500000000, "condition_id": "0xb23f6cf7e5b860d642d32b3886ae692f1f135444d4818a14a51fa96344387008", "resolve_at_us": 1782598545000000}
2026-06-27 22:25:00.005205+00	fire	poly_sniper_v5_btc_15m_ema50_ema800_off600_down	{"mode": "paper", "fired": true, "reason": "paper_fill", "fire_us": 1782599100000000, "direction": "DOWN", "stake_usd": "5", "entry_vwap": "0.8613861386138612630247735066"}
2026-06-27 22:25:00.188543+00	order_placed	kalshi_sniper_btc_15m_ema50_ema800_off600_down_H	{"mode": "paper", "side": "no", "fired": true, "status": "paper", "ticker": "KXBTC15M-26JUN271830-30", "offset_s": 600, "order_id": "paper-kalshi_sniper_btc_15m_ema50_ema800_off600_down_H-1782599100000000", "direction": "DOWN", "entry_ask": 0.91, "entry_vwap": "0.9100000000000000310862446891", "filled_count": 5}
2026-06-27 22:30:45.097046+00	resolve	kalshi_sniper_btc_15m_ema50_ema800_off600_down_H	{"won": false, "mode": "paper", "ticker": "KXBTC15M-26JUN271830-30", "outcome": "yes", "pnl_usd": -5.0, "direction": "DOWN", "stake_usd": "5", "entry_vwap": "0.9100000000000000310862446891", "event_type": "sleeve_fire_resolved", "resolve_at_us": 1782599445000000, "window_end_us": 1782599400000000}
2026-06-27 22:32:15.033844+00	resolve	poly_sniper_v5_btc_15m_ema50_ema800_off600_down	{"won": false, "mode": "paper", "outcome": "up", "pnl_usd": -5.0, "direction": "DOWN", "stake_usd": "5", "entry_vwap": "0.8613861386138612630247735066", "event_type": "sleeve_fire_resolved", "slot_end_us": 1782599400000000, "condition_id": "0xc158172f2ccd6bc3096519d2f1f910b83783dda841c170dda07446c079466bdb", "resolve_at_us": 1782599445000000}
2026-06-27 23:25:00.00488+00	fire	poly_sniper_v5_btc_15m_ema50_ema800_off600_down	{"mode": "paper", "fired": true, "reason": "paper_fill", "fire_us": 1782602700000000, "direction": "DOWN", "stake_usd": "5", "entry_vwap": "0.8000000000000000444089209847"}
2026-06-27 23:25:00.101562+00	order_placed	kalshi_sniper_btc_15m_ema50_ema800_off600_down_H	{"mode": "paper", "side": "no", "fired": true, "status": "paper", "ticker": "KXBTC15M-26JUN271930-30", "offset_s": 600, "order_id": "paper-kalshi_sniper_btc_15m_ema50_ema800_off600_down_H-1782602700000000", "direction": "DOWN", "entry_ask": 0.88, "entry_vwap": "0.8800000000000000044408920982", "filled_count": 5}
2026-06-27 23:30:45.106316+00	resolve	kalshi_sniper_btc_15m_ema50_ema800_off600_down_H	{"won": true, "mode": "paper", "ticker": "KXBTC15M-26JUN271930-30", "outcome": "no", "pnl_usd": 0.681818181818181, "direction": "DOWN", "stake_usd": "5", "entry_vwap": "0.8800000000000000044408920982", "event_type": "sleeve_fire_resolved", "resolve_at_us": 1782603045000000, "window_end_us": 1782603000000000}
2026-06-27 23:31:15.0172+00	resolve	poly_sniper_v5_btc_15m_ema50_ema800_off600_down	{"won": true, "mode": "paper", "outcome": "down", "pnl_usd": 1.2499999999999998, "direction": "DOWN", "stake_usd": "5", "entry_vwap": "0.8000000000000000444089209847", "event_type": "sleeve_fire_resolved", "slot_end_us": 1782603000000000, "condition_id": "0x6d08e761ed3c9d70e0f30184dc44c7eb38554b5749122b0b991668ac015b24b3", "resolve_at_us": 1782603045000000}
2026-06-27 23:40:00.005702+00	fire	poly_sniper_v5_btc_15m_ema50_ema800_off600_down	{"mode": "paper", "fired": true, "reason": "paper_fill", "fire_us": 1782603600000000, "direction": "DOWN", "stake_usd": "5", "entry_vwap": "0.0400000000000000008326672685"}
2026-06-27 23:46:45.026351+00	resolve	poly_sniper_v5_btc_15m_ema50_ema800_off600_down	{"won": false, "mode": "paper", "outcome": "up", "pnl_usd": -5.0, "direction": "DOWN", "stake_usd": "5", "entry_vwap": "0.0400000000000000008326672685", "event_type": "sleeve_fire_resolved", "slot_end_us": 1782603900000000, "condition_id": "0x8e5920832000cbc6dc3459fd8470f048979910bffce42b92236c63feccade2e8", "resolve_at_us": 1782603945000000}
2026-06-27 23:55:00.006123+00	fire	poly_sniper_v5_btc_15m_ema50_ema800_off600_down	{"mode": "paper", "fired": true, "reason": "paper_fill", "fire_us": 1782604500000000, "direction": "DOWN", "stake_usd": "5", "entry_vwap": "0.3066574339697299422802245771"}
2026-06-28 00:03:15.055107+00	resolve	poly_sniper_v5_btc_15m_ema50_ema800_off600_down	{"won": true, "mode": "paper", "outcome": "down", "pnl_usd": 11.304838709677421, "direction": "DOWN", "stake_usd": "5", "entry_vwap": "0.3066574339697299422802245771", "event_type": "sleeve_fire_resolved", "slot_end_us": 1782604800000000, "condition_id": "0x25402b6c9a260e03611479abbb90d67f86e686b2b93abb96c777b07a7eb9a45f", "resolve_at_us": 1782604845000000}
2026-06-28 01:10:00.004889+00	fire	poly_sniper_v5_btc_15m_ema50_ema800_off600_down	{"mode": "paper", "fired": true, "reason": "paper_fill", "fire_us": 1782609000000000, "direction": "DOWN", "stake_usd": "5", "entry_vwap": "0.9709999999999998632205233657"}
2026-06-28 01:15:45.009404+00	resolve	poly_sniper_v5_btc_15m_ema50_ema800_off600_down	{"won": true, "mode": "paper", "outcome": "down", "pnl_usd": 0.14933058702368765, "direction": "DOWN", "stake_usd": "5", "entry_vwap": "0.9709999999999998632205233657", "event_type": "sleeve_fire_resolved", "slot_end_us": 1782609300000000, "condition_id": "0x536e39ab778cf029a6c247c36f13529a9d15bc4b5f0cd7811d2204c1de4d5297", "resolve_at_us": 1782609345000000}
2026-06-28 02:25:00.004092+00	fire	poly_sniper_v5_btc_15m_ema50_ema800_off600_down	{"mode": "paper", "fired": true, "reason": "paper_fill", "fire_us": 1782613500000000, "direction": "DOWN", "stake_usd": "5", "entry_vwap": "0.9969999999999999973354647406"}
2026-06-28 02:30:45.008824+00	resolve	poly_sniper_v5_btc_15m_ema50_ema800_off600_down	{"won": true, "mode": "paper", "outcome": "down", "pnl_usd": 0.01504513540621867, "direction": "DOWN", "stake_usd": "5", "entry_vwap": "0.9969999999999999973354647406", "event_type": "sleeve_fire_resolved", "slot_end_us": 1782613800000000, "condition_id": "0x18a152e9856554675b96dc7c530e53d1fdb65e6e7af2911551a63113ae9f26fe", "resolve_at_us": 1782613845000000}
2026-06-28 02:40:00.004888+00	fire	poly_sniper_v5_btc_15m_ema50_ema800_off600_down	{"mode": "paper", "fired": true, "reason": "paper_fill", "fire_us": 1782614400000000, "direction": "DOWN", "stake_usd": "5", "entry_vwap": "0.3400000000000000244249065416"}
2026-06-28 02:40:00.186838+00	order_placed	kalshi_sniper_btc_15m_ema50_ema800_off600_down_H	{"mode": "paper", "side": "no", "fired": true, "status": "paper", "ticker": "KXBTC15M-26JUN272245-45", "offset_s": 600, "order_id": "paper-kalshi_sniper_btc_15m_ema50_ema800_off600_down_H-1782614400000000", "direction": "DOWN", "entry_ask": 0.31999999999999995, "entry_vwap": "0.3199999999999999511501869164", "filled_count": 15}
2026-06-28 02:45:45.09413+00	resolve	kalshi_sniper_btc_15m_ema50_ema800_off600_down_H	{"won": false, "mode": "paper", "ticker": "KXBTC15M-26JUN272245-45", "outcome": "yes", "pnl_usd": -5.0, "direction": "DOWN", "stake_usd": "5", "entry_vwap": "0.3199999999999999511501869164", "event_type": "sleeve_fire_resolved", "resolve_at_us": 1782614745000000, "window_end_us": 1782614700000000}
2026-06-28 02:46:15.019114+00	resolve	poly_sniper_v5_btc_15m_ema50_ema800_off600_down	{"won": false, "mode": "paper", "outcome": "up", "pnl_usd": -5.0, "direction": "DOWN", "stake_usd": "5", "entry_vwap": "0.3400000000000000244249065416", "event_type": "sleeve_fire_resolved", "slot_end_us": 1782614700000000, "condition_id": "0x5518e95b3940a645f88d59c0d5a504abc7e7ebaa1603821e6337f49eda9ab39c", "resolve_at_us": 1782614745000000}
2026-06-28 03:40:00.005188+00	fire	poly_sniper_v5_btc_15m_ema50_ema800_off600_down	{"mode": "paper", "fired": true, "reason": "paper_fill", "fire_us": 1782618000000000, "direction": "DOWN", "stake_usd": "5", "entry_vwap": "0.9900000000000001021405182651"}
2026-06-28 03:45:45.007874+00	resolve	poly_sniper_v5_btc_15m_ema50_ema800_off600_down	{"won": true, "mode": "paper", "outcome": "down", "pnl_usd": 0.050505050505049984, "direction": "DOWN", "stake_usd": "5", "entry_vwap": "0.9900000000000001021405182651", "event_type": "sleeve_fire_resolved", "slot_end_us": 1782618300000000, "condition_id": "0xbf83300c6bde43c64aa19d1e5b086e52f7b91a0a931235f01e479cf8d4cecc83", "resolve_at_us": 1782618345000000}
2026-06-28 03:55:00.004599+00	fire	poly_sniper_v5_btc_15m_ema50_ema800_off600_down	{"mode": "paper", "fired": true, "reason": "paper_fill", "fire_us": 1782618900000000, "direction": "DOWN", "stake_usd": "5", "entry_vwap": "0.7199999999999999733546474088"}
2026-06-28 03:55:00.186058+00	order_placed	kalshi_sniper_btc_15m_ema50_ema800_off600_down_H	{"mode": "paper", "side": "no", "fired": true, "status": "paper", "ticker": "KXBTC15M-26JUN280000-00", "offset_s": 600, "order_id": "paper-kalshi_sniper_btc_15m_ema50_ema800_off600_down_H-1782618900000000", "direction": "DOWN", "entry_ask": 0.7, "entry_vwap": "0.6999999999999999555910790147", "filled_count": 7}
2026-06-28 04:00:45.096199+00	resolve	kalshi_sniper_btc_15m_ema50_ema800_off600_down_H	{"won": false, "mode": "paper", "ticker": "KXBTC15M-26JUN280000-00", "outcome": "yes", "pnl_usd": -5.0, "direction": "DOWN", "stake_usd": "5", "entry_vwap": "0.6999999999999999555910790147", "event_type": "sleeve_fire_resolved", "resolve_at_us": 1782619245000000, "window_end_us": 1782619200000000}
2026-06-28 04:01:15.025868+00	resolve	poly_sniper_v5_btc_15m_ema50_ema800_off600_down	{"won": false, "mode": "paper", "outcome": "up", "pnl_usd": -5.0, "direction": "DOWN", "stake_usd": "5", "entry_vwap": "0.7199999999999999733546474088", "event_type": "sleeve_fire_resolved", "slot_end_us": 1782619200000000, "condition_id": "0xf93636fd65e76bf22048b6f7d1f4a1a0e553911b93c9d6555fac9f40ed525977", "resolve_at_us": 1782619245000000}
2026-06-28 04:40:00.004037+00	fire	poly_sniper_v5_btc_15m_ema50_ema800_off600_down	{"mode": "paper", "fired": true, "reason": "paper_fill", "fire_us": 1782621600000000, "direction": "DOWN", "stake_usd": "5", "entry_vwap": "0.9702970297029701596258632885"}
2026-06-28 04:40:00.181536+00	order_placed	kalshi_sniper_btc_15m_ema50_ema800_off600_down_H	{"mode": "paper", "side": "no", "fired": true, "status": "paper", "ticker": "KXBTC15M-26JUN280045-45", "offset_s": 600, "order_id": "paper-kalshi_sniper_btc_15m_ema50_ema800_off600_down_H-1782621600000000", "direction": "DOWN", "entry_ask": 0.929, "entry_vwap": "0.9290000000000000479616346634", "filled_count": 5}
2026-06-28 04:45:45.094551+00	resolve	kalshi_sniper_btc_15m_ema50_ema800_off600_down_H	{"won": true, "mode": "paper", "ticker": "KXBTC15M-26JUN280045-45", "outcome": "no", "pnl_usd": 0.3821313240043048, "direction": "DOWN", "stake_usd": "5", "entry_vwap": "0.9290000000000000479616346634", "event_type": "sleeve_fire_resolved", "resolve_at_us": 1782621945000000, "window_end_us": 1782621900000000}
2026-06-28 04:47:15.033987+00	resolve	poly_sniper_v5_btc_15m_ema50_ema800_off600_down	{"won": true, "mode": "paper", "outcome": "down", "pnl_usd": 0.15306122448979664, "direction": "DOWN", "stake_usd": "5", "entry_vwap": "0.9702970297029701596258632885", "event_type": "sleeve_fire_resolved", "slot_end_us": 1782621900000000, "condition_id": "0xe517cd97a1d24ba104dc51e416644806cd51968d07cf80469b9155bbd1f17e9d", "resolve_at_us": 1782621945000000}
2026-06-28 04:55:00.004391+00	fire	poly_sniper_v5_btc_15m_ema50_ema800_off600_down	{"mode": "paper", "fired": true, "reason": "paper_fill", "fire_us": 1782622500000000, "direction": "DOWN", "stake_usd": "5", "entry_vwap": "0.7399999999999999911182158027"}
2026-06-28 04:55:00.181403+00	order_placed	kalshi_sniper_btc_15m_ema50_ema800_off600_down_H	{"mode": "paper", "side": "no", "fired": true, "status": "paper", "ticker": "KXBTC15M-26JUN280100-00", "offset_s": 600, "order_id": "paper-kalshi_sniper_btc_15m_ema50_ema800_off600_down_H-1782622500000000", "direction": "DOWN", "entry_ask": 0.71, "entry_vwap": "0.7099999999999999644728632118", "filled_count": 7}
2026-06-28 05:00:45.091636+00	resolve	kalshi_sniper_btc_15m_ema50_ema800_off600_down_H	{"won": true, "mode": "paper", "ticker": "KXBTC15M-26JUN280100-00", "outcome": "no", "pnl_usd": 2.042253521126761, "direction": "DOWN", "stake_usd": "5", "entry_vwap": "0.7099999999999999644728632118", "event_type": "sleeve_fire_resolved", "resolve_at_us": 1782622845000000, "window_end_us": 1782622800000000}
2026-06-28 05:02:15.037828+00	resolve	poly_sniper_v5_btc_15m_ema50_ema800_off600_down	{"won": true, "mode": "paper", "outcome": "down", "pnl_usd": 1.7567567567567568, "direction": "DOWN", "stake_usd": "5", "entry_vwap": "0.7399999999999999911182158027", "event_type": "sleeve_fire_resolved", "slot_end_us": 1782622800000000, "condition_id": "0xdd4398e36bfe3a0c85e7ece273bfde8eae91b1a77bc3fd9db084d47592e8da4f", "resolve_at_us": 1782622845000000}
2026-06-28 05:31:00.138609+00	order_placed	kalshi_scalp_exit_btc_15m_d3_v1	{"mode": "paper", "side": "no", "fired": true, "status": "paper", "ticker": "KXBTC15M-26JUN280145-45", "offset_s": 60, "order_id": "paper-kalshi_scalp_exit_btc_15m_d3_v1-1782624660000000", "direction": "DOWN", "entry_ask": 0.51, "entry_vwap": "0.5100000000000000088817841969", "filled_count": 9}
2026-06-28 05:32:01.706726+00	resolve	kalshi_scalp_exit_btc_15m_d3_v1	{"mode": "paper", "shares": 9, "ticker": "KXBTC15M-26JUN280145-45", "direction": "DOWN", "exit_type": "scalp_time", "fill_vwap": 0.51, "sell_vwap": 0.39, "realized_pnl": -1.08, "suppress_settlement": true}
2026-06-28 05:40:00.005132+00	fire	poly_sniper_v5_btc_15m_ema50_ema800_off600_down	{"mode": "paper", "fired": true, "reason": "paper_fill", "fire_us": 1782625200000000, "direction": "DOWN", "stake_usd": "5", "entry_vwap": "0.0356125356125356201664189371"}
2026-06-28 05:45:45.010485+00	resolve	poly_sniper_v5_btc_15m_ema50_ema800_off600_down	{"won": false, "mode": "paper", "outcome": "up", "pnl_usd": -5.0, "direction": "DOWN", "stake_usd": "5", "entry_vwap": "0.0356125356125356201664189371", "event_type": "sleeve_fire_resolved", "slot_end_us": 1782625500000000, "condition_id": "0x32f3299ccdc395fe95f147eb6de7ebdc18299f09f9a5c310eb4ff914288ec982", "resolve_at_us": 1782625545000000}
2026-06-28 05:55:00.005063+00	fire	poly_sniper_v5_btc_15m_ema50_ema800_off600_down	{"mode": "paper", "fired": true, "reason": "paper_fill", "fire_us": 1782626100000000, "direction": "DOWN", "stake_usd": "5", "entry_vwap": "0.1000000000000000055511151231"}
2026-06-28 06:01:45.027154+00	resolve	poly_sniper_v5_btc_15m_ema50_ema800_off600_down	{"won": false, "mode": "paper", "outcome": "up", "pnl_usd": -5.0, "direction": "DOWN", "stake_usd": "5", "entry_vwap": "0.1000000000000000055511151231", "event_type": "sleeve_fire_resolved", "slot_end_us": 1782626400000000, "condition_id": "0x6aa289a7153f661e2f292538d456dc8071057e54772a65a89da66af7d7347b31", "resolve_at_us": 1782626445000000}
2026-06-28 06:25:00.004989+00	fire	poly_sniper_v5_btc_15m_ema50_ema800_off600_down	{"mode": "paper", "fired": true, "reason": "paper_fill", "fire_us": 1782627900000000, "direction": "DOWN", "stake_usd": "5", "entry_vwap": "0.0576923076923076885713648210"}
2026-06-28 06:25:05.006833+00	fire	shadow_scalp_exit_btc_5m_d3_v1	{"mode": "paper", "fired": true, "reason": "paper_fill", "fire_us": 1782627905000000, "direction": "DOWN", "stake_usd": "5", "entry_vwap": "0.6800000000000000488498130833"}
2026-06-28 06:30:45.00912+00	resolve	shadow_scalp_exit_btc_5m_d3_v1	{"won": true, "mode": "paper", "outcome": "down", "pnl_usd": 2.352941176470588, "direction": "DOWN", "stake_usd": "5", "entry_vwap": "0.6800000000000000488498130833", "event_type": "sleeve_fire_resolved", "slot_end_us": 1782628200000000, "condition_id": "0x68e93f866aab62d04115a08b47e763b0c72d40197a62bad058d969472088e471", "resolve_at_us": 1782628245000000}
2026-06-28 06:32:15.035755+00	resolve	poly_sniper_v5_btc_15m_ema50_ema800_off600_down	{"won": false, "mode": "paper", "outcome": "up", "pnl_usd": -5.0, "direction": "DOWN", "stake_usd": "5", "entry_vwap": "0.0576923076923076885713648210", "event_type": "sleeve_fire_resolved", "slot_end_us": 1782628200000000, "condition_id": "0x649e23e09989f6f234115a2753e34ed4a60db1fbe92f2d04aa293658a0495959", "resolve_at_us": 1782628245000000}
2026-06-28 08:01:00.1043+00	order_placed	kalshi_scalp_exit_btc_15m_d3_v1	{"mode": "paper", "side": "no", "fired": true, "status": "paper", "ticker": "KXBTC15M-26JUN280415-15", "offset_s": 60, "order_id": "paper-kalshi_scalp_exit_btc_15m_d3_v1-1782633660000000", "direction": "DOWN", "entry_ask": 0.49, "entry_vwap": "0.4899999999999999911182158028", "filled_count": 10}
2026-06-28 08:02:01.98276+00	resolve	kalshi_scalp_exit_btc_15m_d3_v1	{"mode": "paper", "shares": 10, "ticker": "KXBTC15M-26JUN280415-15", "direction": "DOWN", "exit_type": "scalp_time", "fill_vwap": 0.49000000000000005, "sell_vwap": 0.21000000000000002, "realized_pnl": -2.8000000000000003, "suppress_settlement": true}
2026-06-28 08:40:05.005297+00	fire	shadow_scalp_exit_btc_5m_d3_v1	{"mode": "paper", "fired": true, "reason": "paper_fill", "fire_us": 1782636005000000, "direction": "UP", "stake_usd": "5", "entry_vwap": "0.5899999999999999689137553103"}
2026-06-28 08:47:15.035216+00	resolve	shadow_scalp_exit_btc_5m_d3_v1	{"won": false, "mode": "paper", "outcome": "down", "pnl_usd": -5.0, "direction": "UP", "stake_usd": "5", "entry_vwap": "0.5899999999999999689137553103", "event_type": "sleeve_fire_resolved", "slot_end_us": 1782636300000000, "condition_id": "0xf8dbf8b247f2c08865b7915f69b2f12e181711176873253d464273769e37f2b3", "resolve_at_us": 1782636345000000}
2026-06-28 09:05:05.005439+00	fire	shadow_scalp_exit_btc_5m_d3_v1	{"mode": "paper", "fired": true, "reason": "paper_fill", "fire_us": 1782637505000000, "direction": "UP", "stake_usd": "5", "entry_vwap": "0.7199999999999999733546474088"}
2026-06-28 09:11:15.017896+00	resolve	shadow_scalp_exit_btc_5m_d3_v1	{"won": true, "mode": "paper", "outcome": "up", "pnl_usd": 1.9444444444444446, "direction": "UP", "stake_usd": "5", "entry_vwap": "0.7199999999999999733546474088", "event_type": "sleeve_fire_resolved", "slot_end_us": 1782637800000000, "condition_id": "0xdc8bb789ceb1e0cc3076379e6c8b279cda31b6b1189f7d73b9d64c913f0ee369", "resolve_at_us": 1782637845000000}
2026-06-28 10:10:00.00423+00	fire	poly_sniper_v5_btc_15m_ema50_ema800_off600_down	{"mode": "paper", "fired": true, "reason": "paper_fill", "fire_us": 1782641400000000, "direction": "DOWN", "stake_usd": "5", "entry_vwap": "0.9699999999999999733546474086"}
2026-06-28 10:16:45.027622+00	resolve	poly_sniper_v5_btc_15m_ema50_ema800_off600_down	{"won": false, "mode": "paper", "outcome": "up", "pnl_usd": -5.0, "direction": "DOWN", "stake_usd": "5", "entry_vwap": "0.9699999999999999733546474086", "event_type": "sleeve_fire_resolved", "slot_end_us": 1782641700000000, "condition_id": "0xf66b263d133febbeab0fdd365397bd48c82658cb277ba44f3d66a8562800881b", "resolve_at_us": 1782641745000000}
2026-06-28 10:25:00.004893+00	fire	poly_sniper_v5_btc_15m_ema50_ema800_off600_down	{"mode": "paper", "fired": true, "reason": "paper_fill", "fire_us": 1782642300000000, "direction": "DOWN", "stake_usd": "5", "entry_vwap": "0.9900000000000001021405182651"}
2026-06-28 10:25:05.005478+00	fire	shadow_scalp_exit_btc_5m_d3_v1	{"mode": "paper", "fired": true, "reason": "paper_fill", "fire_us": 1782642305000000, "direction": "DOWN", "stake_usd": "5", "entry_vwap": "0.75"}
2026-06-28 10:30:45.012696+00	resolve	poly_sniper_v5_btc_15m_ema50_ema800_off600_down	{"won": true, "mode": "paper", "outcome": "down", "pnl_usd": 0.050505050505049984, "direction": "DOWN", "stake_usd": "5", "entry_vwap": "0.9900000000000001021405182651", "event_type": "sleeve_fire_resolved", "slot_end_us": 1782642600000000, "condition_id": "0x2a77197218c5b7f52cc28adf5112d39908adeb5de730b8c5168e59da9a0573e9", "resolve_at_us": 1782642645000000}
2026-06-28 10:31:45.034099+00	resolve	shadow_scalp_exit_btc_5m_d3_v1	{"won": true, "mode": "paper", "outcome": "down", "pnl_usd": 1.6666666666666667, "direction": "DOWN", "stake_usd": "5", "entry_vwap": "0.75", "event_type": "sleeve_fire_resolved", "slot_end_us": 1782642600000000, "condition_id": "0xb847695cd2a38cb15bb41cc3a0b77688d89d524951937b369efa460193d6e525", "resolve_at_us": 1782642645000000}
2026-06-28 10:40:00.004589+00	fire	poly_sniper_v5_btc_15m_ema50_ema800_off600_down	{"mode": "paper", "fired": true, "reason": "paper_fill", "fire_us": 1782643200000000, "direction": "DOWN", "stake_usd": "5", "entry_vwap": "0.5999999999999999777955395073"}
2026-06-28 10:40:00.101932+00	order_placed	kalshi_sniper_btc_15m_ema50_ema800_off600_down_H	{"mode": "paper", "side": "no", "fired": true, "status": "paper", "ticker": "KXBTC15M-26JUN280645-45", "offset_s": 600, "order_id": "paper-kalshi_sniper_btc_15m_ema50_ema800_off600_down_H-1782643200000000", "direction": "DOWN", "entry_ask": 0.65, "entry_vwap": "0.6500000000000000222044604923", "filled_count": 7}
2026-06-28 10:45:45.014061+00	resolve	poly_sniper_v5_btc_15m_ema50_ema800_off600_down	{"won": false, "mode": "paper", "outcome": "up", "pnl_usd": -5.0, "direction": "DOWN", "stake_usd": "5", "entry_vwap": "0.5999999999999999777955395073", "event_type": "sleeve_fire_resolved", "slot_end_us": 1782643500000000, "condition_id": "0x4fa5f91cdff19b4b4de2b6576ea66945954fd8c208050bf9d7c2a9785df9b252", "resolve_at_us": 1782643545000000}
2026-06-28 10:45:45.094318+00	resolve	kalshi_sniper_btc_15m_ema50_ema800_off600_down_H	{"won": false, "mode": "paper", "ticker": "KXBTC15M-26JUN280645-45", "outcome": "yes", "pnl_usd": -5.0, "direction": "DOWN", "stake_usd": "5", "entry_vwap": "0.6500000000000000222044604923", "event_type": "sleeve_fire_resolved", "resolve_at_us": 1782643545000000, "window_end_us": 1782643500000000}
2026-06-28 10:55:00.004314+00	fire	poly_sniper_v5_btc_15m_ema50_ema800_off600_down	{"mode": "paper", "fired": true, "reason": "paper_fill", "fire_us": 1782644100000000, "direction": "DOWN", "stake_usd": "5", "entry_vwap": "0.0700000000000000066613381477"}
2026-06-28 11:00:45.014685+00	resolve	poly_sniper_v5_btc_15m_ema50_ema800_off600_down	{"won": false, "mode": "paper", "outcome": "up", "pnl_usd": -5.0, "direction": "DOWN", "stake_usd": "5", "entry_vwap": "0.0700000000000000066613381477", "event_type": "sleeve_fire_resolved", "slot_end_us": 1782644400000000, "condition_id": "0xb6b605ef07549188cbc3e73183c25246a2144aa070c98bcc485e8819bb934f7e", "resolve_at_us": 1782644445000000}
2026-06-28 11:10:00.004137+00	fire	poly_sniper_v5_btc_15m_ema50_ema800_off600_down	{"mode": "paper", "fired": true, "reason": "paper_fill", "fire_us": 1782645000000000, "direction": "DOWN", "stake_usd": "5", "entry_vwap": "0.6999999999999999555910790147"}
2026-06-28 11:10:00.105112+00	order_placed	kalshi_sniper_btc_15m_ema50_ema800_off600_down_H	{"mode": "paper", "side": "no", "fired": true, "status": "paper", "ticker": "KXBTC15M-26JUN280715-15", "offset_s": 600, "order_id": "paper-kalshi_sniper_btc_15m_ema50_ema800_off600_down_H-1782645000000000", "direction": "DOWN", "entry_ask": 0.75, "entry_vwap": "0.75", "filled_count": 6}
2026-06-28 11:15:45.097821+00	resolve	kalshi_sniper_btc_15m_ema50_ema800_off600_down_H	{"won": true, "mode": "paper", "ticker": "KXBTC15M-26JUN280715-15", "outcome": "no", "pnl_usd": 1.6666666666666667, "direction": "DOWN", "stake_usd": "5", "entry_vwap": "0.75", "event_type": "sleeve_fire_resolved", "resolve_at_us": 1782645345000000, "window_end_us": 1782645300000000}
2026-06-28 11:16:15.018855+00	resolve	poly_sniper_v5_btc_15m_ema50_ema800_off600_down	{"won": true, "mode": "paper", "outcome": "down", "pnl_usd": 2.1428571428571432, "direction": "DOWN", "stake_usd": "5", "entry_vwap": "0.6999999999999999555910790147", "event_type": "sleeve_fire_resolved", "slot_end_us": 1782645300000000, "condition_id": "0xd06f9593d1a3499e8d01ab707bcaa73d742085bca53b47fe1d81fc1c566ef903", "resolve_at_us": 1782645345000000}
2026-06-28 11:20:05.005368+00	fire	shadow_scalp_exit_btc_5m_d3_v1	{"mode": "paper", "fired": true, "reason": "paper_fill", "fire_us": 1782645605000000, "direction": "UP", "stake_usd": "5", "entry_vwap": "0.6899999999999999467092948178"}
2026-06-28 11:26:15.017743+00	resolve	shadow_scalp_exit_btc_5m_d3_v1	{"won": true, "mode": "paper", "outcome": "up", "pnl_usd": 2.2463768115942035, "direction": "UP", "stake_usd": "5", "entry_vwap": "0.6899999999999999467092948178", "event_type": "sleeve_fire_resolved", "slot_end_us": 1782645900000000, "condition_id": "0x22936a17b5d50feebf02c5f65a9bcb80e443af35eef3ac1cb1377556aeccd0cc", "resolve_at_us": 1782645945000000}
2026-06-28 12:35:05.004386+00	fire	shadow_scalp_exit_btc_5m_d3_v1	{"mode": "paper", "fired": true, "reason": "paper_fill", "fire_us": 1782650105000000, "direction": "DOWN", "stake_usd": "5", "entry_vwap": "0.6600000000000000310862446891"}
2026-06-28 12:40:45.00883+00	resolve	shadow_scalp_exit_btc_5m_d3_v1	{"won": true, "mode": "paper", "outcome": "down", "pnl_usd": 2.5757575757575744, "direction": "DOWN", "stake_usd": "5", "entry_vwap": "0.6600000000000000310862446891", "event_type": "sleeve_fire_resolved", "slot_end_us": 1782650400000000, "condition_id": "0x5d31bcf4f8f4b7a239b975d2347cf20d1df7d1bd78b2cf358254c2095593e8e8", "resolve_at_us": 1782650445000000}
2026-06-28 13:05:05.00526+00	fire	shadow_scalp_exit_btc_5m_d3_v1	{"mode": "paper", "fired": true, "reason": "paper_fill", "fire_us": 1782651905000000, "direction": "DOWN", "stake_usd": "5", "entry_vwap": "0.4400000000000000022204460491"}
2026-06-28 13:10:00.005055+00	fire	poly_sniper_v5_btc_15m_ema50_ema800_off600_down	{"mode": "paper", "fired": true, "reason": "paper_fill", "fire_us": 1782652200000000, "direction": "DOWN", "stake_usd": "5", "entry_vwap": "0.9979999999999999982236431602"}
2026-06-28 13:10:45.012462+00	resolve	shadow_scalp_exit_btc_5m_d3_v1	{"won": true, "mode": "paper", "outcome": "down", "pnl_usd": 6.3636363636363615, "direction": "DOWN", "stake_usd": "5", "entry_vwap": "0.4400000000000000022204460491", "event_type": "sleeve_fire_resolved", "slot_end_us": 1782652200000000, "condition_id": "0xb981d4cfb57d5eb37110f9c161b10fb191d8e24e3c1e565c7dba7025971ab83f", "resolve_at_us": 1782652245000000}
2026-06-28 13:15:45.013353+00	resolve	poly_sniper_v5_btc_15m_ema50_ema800_off600_down	{"won": true, "mode": "paper", "outcome": "down", "pnl_usd": 0.010020040080159772, "direction": "DOWN", "stake_usd": "5", "entry_vwap": "0.9979999999999999982236431602", "event_type": "sleeve_fire_resolved", "slot_end_us": 1782652500000000, "condition_id": "0xe6a8c5c342a2b25b4b739bd96579294ae92df7342e5c88c75fa6c69dcd4667ff", "resolve_at_us": 1782652545000000}
2026-06-28 13:25:00.006394+00	fire	poly_sniper_v5_btc_15m_ema50_ema800_off600_down	{"mode": "paper", "fired": true, "reason": "paper_fill", "fire_us": 1782653100000000, "direction": "DOWN", "stake_usd": "5", "entry_vwap": "0.2899999999999999800159855566"}
2026-06-28 13:25:00.191919+00	order_placed	kalshi_sniper_btc_15m_ema50_ema800_off600_down_H	{"mode": "paper", "side": "no", "fired": true, "status": "paper", "ticker": "KXBTC15M-26JUN280930-30", "offset_s": 600, "order_id": "paper-kalshi_sniper_btc_15m_ema50_ema800_off600_down_H-1782653100000000", "direction": "DOWN", "entry_ask": 0.18000000000000005, "entry_vwap": "0.1800000000000000488498130835", "filled_count": 27}
2026-06-28 13:30:45.095127+00	resolve	kalshi_sniper_btc_15m_ema50_ema800_off600_down_H	{"won": false, "mode": "paper", "ticker": "KXBTC15M-26JUN280930-30", "outcome": "yes", "pnl_usd": -5.0, "direction": "DOWN", "stake_usd": "5", "entry_vwap": "0.1800000000000000488498130835", "event_type": "sleeve_fire_resolved", "resolve_at_us": 1782653445000000, "window_end_us": 1782653400000000}
2026-06-28 13:31:15.020422+00	resolve	poly_sniper_v5_btc_15m_ema50_ema800_off600_down	{"won": true, "mode": "paper", "outcome": "down", "pnl_usd": 12.241379310344827, "direction": "DOWN", "stake_usd": "5", "entry_vwap": "0.2899999999999999800159855566", "event_type": "sleeve_fire_resolved", "slot_end_us": 1782653400000000, "condition_id": "0x7a35c7b186980eab5f1103d879f1e29ae1de933298d8c11c517944b8c91686c8", "resolve_at_us": 1782653445000000}
2026-06-28 13:40:00.004635+00	fire	poly_sniper_v5_btc_15m_ema50_ema800_off600_down	{"mode": "paper", "fired": true, "reason": "paper_fill", "fire_us": 1782654000000000, "direction": "DOWN", "stake_usd": "5", "entry_vwap": "0.5600000000000000532907051819"}
2026-06-28 13:40:00.106212+00	order_placed	kalshi_sniper_btc_15m_ema50_ema800_off600_down_H	{"mode": "paper", "side": "no", "fired": true, "status": "paper", "ticker": "KXBTC15M-26JUN280945-45", "offset_s": 600, "order_id": "paper-kalshi_sniper_btc_15m_ema50_ema800_off600_down_H-1782654000000000", "direction": "DOWN", "entry_ask": 0.6599999999999999, "entry_vwap": "0.6599999999999999200639422268", "filled_count": 7}
2026-06-28 13:45:45.097829+00	resolve	kalshi_sniper_btc_15m_ema50_ema800_off600_down_H	{"won": false, "mode": "paper", "ticker": "KXBTC15M-26JUN280945-45", "outcome": "yes", "pnl_usd": -5.0, "direction": "DOWN", "stake_usd": "5", "entry_vwap": "0.6599999999999999200639422268", "event_type": "sleeve_fire_resolved", "resolve_at_us": 1782654345000000, "window_end_us": 1782654300000000}
2026-06-28 13:46:45.02749+00	resolve	poly_sniper_v5_btc_15m_ema50_ema800_off600_down	{"won": false, "mode": "paper", "outcome": "up", "pnl_usd": -5.0, "direction": "DOWN", "stake_usd": "5", "entry_vwap": "0.5600000000000000532907051819", "event_type": "sleeve_fire_resolved", "slot_end_us": 1782654300000000, "condition_id": "0x4a900f167416beeca4f2ba0733a3d8ab6cf2c52307c1227a1dd76bd8a271d01d", "resolve_at_us": 1782654345000000}
2026-06-28 13:55:00.005095+00	fire	poly_sniper_v5_btc_15m_ema50_ema800_off600_down	{"mode": "paper", "fired": true, "reason": "paper_fill", "fire_us": 1782654900000000, "direction": "DOWN", "stake_usd": "5", "entry_vwap": "0.7600000000000000088817841968"}
2026-06-28 13:55:00.200784+00	order_placed	kalshi_sniper_btc_15m_ema50_ema800_off600_down_H	{"mode": "paper", "side": "no", "fired": true, "status": "paper", "ticker": "KXBTC15M-26JUN281000-00", "offset_s": 600, "order_id": "paper-kalshi_sniper_btc_15m_ema50_ema800_off600_down_H-1782654900000000", "direction": "DOWN", "entry_ask": 0.79, "entry_vwap": "0.7900000000000000355271367877", "filled_count": 6}
2026-06-28 14:00:45.092276+00	resolve	kalshi_sniper_btc_15m_ema50_ema800_off600_down_H	{"won": true, "mode": "paper", "ticker": "KXBTC15M-26JUN281000-00", "outcome": "no", "pnl_usd": 1.3291139240506327, "direction": "DOWN", "stake_usd": "5", "entry_vwap": "0.7900000000000000355271367877", "event_type": "sleeve_fire_resolved", "resolve_at_us": 1782655245000000, "window_end_us": 1782655200000000}
2026-06-28 14:02:15.040669+00	resolve	poly_sniper_v5_btc_15m_ema50_ema800_off600_down	{"won": true, "mode": "paper", "outcome": "down", "pnl_usd": 1.5789473684210515, "direction": "DOWN", "stake_usd": "5", "entry_vwap": "0.7600000000000000088817841968", "event_type": "sleeve_fire_resolved", "slot_end_us": 1782655200000000, "condition_id": "0x33b676d7d323f7cae94c4446599f9b3bd0dd3bdd973ed6e35ee1265de02d6610", "resolve_at_us": 1782655245000000}
2026-06-28 14:10:00.005028+00	fire	poly_sniper_v5_btc_15m_ema50_ema800_off600_down	{"mode": "paper", "fired": true, "reason": "paper_fill", "fire_us": 1782655800000000, "direction": "DOWN", "stake_usd": "5", "entry_vwap": "0.1000000000000000055511151231"}
2026-06-28 14:17:15.041665+00	resolve	poly_sniper_v5_btc_15m_ema50_ema800_off600_down	{"won": false, "mode": "paper", "outcome": "up", "pnl_usd": -5.0, "direction": "DOWN", "stake_usd": "5", "entry_vwap": "0.1000000000000000055511151231", "event_type": "sleeve_fire_resolved", "slot_end_us": 1782656100000000, "condition_id": "0x08a185e91962576cc8226fbf6988cbb55d16e8616a2f31a817734e186a6d0793", "resolve_at_us": 1782656145000000}
2026-06-28 14:40:00.004961+00	fire	poly_sniper_v5_btc_15m_ema50_ema800_off600_down	{"mode": "paper", "fired": true, "reason": "paper_fill", "fire_us": 1782657600000000, "direction": "DOWN", "stake_usd": "5", "entry_vwap": "0.8100000000000000532907051816"}
2026-06-28 14:40:00.108974+00	order_placed	kalshi_sniper_btc_15m_ema50_ema800_off600_down_H	{"mode": "paper", "side": "no", "fired": true, "status": "paper", "ticker": "KXBTC15M-26JUN281045-45", "offset_s": 600, "order_id": "paper-kalshi_sniper_btc_15m_ema50_ema800_off600_down_H-1782657600000000", "direction": "DOWN", "entry_ask": 0.77, "entry_vwap": "0.7700000000000000177635683938", "filled_count": 6}
2026-06-28 14:45:45.011259+00	resolve	poly_sniper_v5_btc_15m_ema50_ema800_off600_down	{"won": true, "mode": "paper", "outcome": "down", "pnl_usd": 1.1728395061728392, "direction": "DOWN", "stake_usd": "5", "entry_vwap": "0.8100000000000000532907051816", "event_type": "sleeve_fire_resolved", "slot_end_us": 1782657900000000, "condition_id": "0x9a21d420e4c4f97de7abc3c8ec0ecf775f23a5b3eec3fd46482e02d2abc243ac", "resolve_at_us": 1782657945000000}
2026-06-28 14:45:45.103729+00	resolve	kalshi_sniper_btc_15m_ema50_ema800_off600_down_H	{"won": true, "mode": "paper", "ticker": "KXBTC15M-26JUN281045-45", "outcome": "no", "pnl_usd": 1.4935064935064926, "direction": "DOWN", "stake_usd": "5", "entry_vwap": "0.7700000000000000177635683938", "event_type": "sleeve_fire_resolved", "resolve_at_us": 1782657945000000, "window_end_us": 1782657900000000}
2026-06-28 14:55:00.004166+00	fire	poly_sniper_v5_btc_15m_ema50_ema800_off600_down	{"mode": "paper", "fired": true, "reason": "paper_fill", "fire_us": 1782658500000000, "direction": "DOWN", "stake_usd": "5", "entry_vwap": "0.9499999999999999555910790146"}
2026-06-28 15:00:45.009278+00	resolve	poly_sniper_v5_btc_15m_ema50_ema800_off600_down	{"won": true, "mode": "paper", "outcome": "down", "pnl_usd": 0.26315789473684237, "direction": "DOWN", "stake_usd": "5", "entry_vwap": "0.9499999999999999555910790146", "event_type": "sleeve_fire_resolved", "slot_end_us": 1782658800000000, "condition_id": "0xd6e4ef1dafc2468aef8aab2cd17470368bc2741f8037306363650e5bc9f619e6", "resolve_at_us": 1782658845000000}
2026-06-28 15:10:00.004381+00	fire	poly_sniper_v5_btc_15m_ema50_ema800_off600_down	{"mode": "paper", "fired": true, "reason": "paper_fill", "fire_us": 1782659400000000, "direction": "DOWN", "stake_usd": "5", "entry_vwap": "0.9499999999999999555910790146"}
2026-06-28 15:10:05.004776+00	fire	shadow_scalp_exit_btc_5m_d3_v1	{"mode": "paper", "fired": true, "reason": "paper_fill", "fire_us": 1782659405000000, "direction": "UP", "stake_usd": "5", "entry_vwap": "0.6500000000000000222044604923"}
2026-06-28 15:15:45.009449+00	resolve	shadow_scalp_exit_btc_5m_d3_v1	{"won": true, "mode": "paper", "outcome": "up", "pnl_usd": 2.692307692307692, "direction": "UP", "stake_usd": "5", "entry_vwap": "0.6500000000000000222044604923", "event_type": "sleeve_fire_resolved", "slot_end_us": 1782659700000000, "condition_id": "0x6758a105302459fca1cb5164a763265218c5aebd9ab6385e13639f7136140dc8", "resolve_at_us": 1782659745000000}
2026-06-28 15:15:45.011624+00	resolve	poly_sniper_v5_btc_15m_ema50_ema800_off600_down	{"won": false, "mode": "paper", "outcome": "up", "pnl_usd": -5.0, "direction": "DOWN", "stake_usd": "5", "entry_vwap": "0.9499999999999999555910790146", "event_type": "sleeve_fire_resolved", "slot_end_us": 1782659700000000, "condition_id": "0x057f0a35ad5a22925735388a132d5c06d62df420bbc684373cb561873f1abe72", "resolve_at_us": 1782659745000000}
2026-06-28 15:25:00.003712+00	fire	poly_sniper_v5_btc_15m_ema50_ema800_off600_down	{"mode": "paper", "fired": true, "reason": "paper_fill", "fire_us": 1782660300000000, "direction": "DOWN", "stake_usd": "5", "entry_vwap": "0.6500000000000000222044604923"}
2026-06-28 15:25:00.189055+00	order_placed	kalshi_sniper_btc_15m_ema50_ema800_off600_down_H	{"mode": "paper", "side": "no", "fired": true, "status": "paper", "ticker": "KXBTC15M-26JUN281130-30", "offset_s": 600, "order_id": "paper-kalshi_sniper_btc_15m_ema50_ema800_off600_down_H-1782660300000000", "direction": "DOWN", "entry_ask": 0.36, "entry_vwap": "0.3599999999999999866773237044", "filled_count": 13}
2026-06-28 15:30:45.014144+00	resolve	poly_sniper_v5_btc_15m_ema50_ema800_off600_down	{"won": true, "mode": "paper", "outcome": "down", "pnl_usd": 2.692307692307692, "direction": "DOWN", "stake_usd": "5", "entry_vwap": "0.6500000000000000222044604923", "event_type": "sleeve_fire_resolved", "slot_end_us": 1782660600000000, "condition_id": "0x06ef323295f7024b1c326bd96d87d48a10b3da2c409d0183f8d30db8c1f0646c", "resolve_at_us": 1782660645000000}
2026-06-28 15:30:45.094844+00	resolve	kalshi_sniper_btc_15m_ema50_ema800_off600_down_H	{"won": true, "mode": "paper", "ticker": "KXBTC15M-26JUN281130-30", "outcome": "no", "pnl_usd": 8.88888888888889, "direction": "DOWN", "stake_usd": "5", "entry_vwap": "0.3599999999999999866773237044", "event_type": "sleeve_fire_resolved", "resolve_at_us": 1782660645000000, "window_end_us": 1782660600000000}
2026-06-28 15:40:00.006635+00	fire	poly_sniper_v5_btc_15m_ema50_ema800_off600_down	{"mode": "paper", "fired": true, "reason": "paper_fill", "fire_us": 1782661200000000, "direction": "DOWN", "stake_usd": "5", "entry_vwap": "0.9400000000000000577315972801"}
2026-06-28 15:45:45.008143+00	resolve	poly_sniper_v5_btc_15m_ema50_ema800_off600_down	{"won": true, "mode": "paper", "outcome": "down", "pnl_usd": 0.31914893617021245, "direction": "DOWN", "stake_usd": "5", "entry_vwap": "0.9400000000000000577315972801", "event_type": "sleeve_fire_resolved", "slot_end_us": 1782661500000000, "condition_id": "0x1d9d2118adfb21bee11c17b0f5ec576ce6cbbace0db4d90b04679d3b283adb6e", "resolve_at_us": 1782661545000000}
2026-06-28 15:55:00.004481+00	fire	poly_sniper_v5_btc_15m_ema50_ema800_off600_down	{"mode": "paper", "fired": true, "reason": "paper_fill", "fire_us": 1782662100000000, "direction": "DOWN", "stake_usd": "5", "entry_vwap": "0.9300000000000000488498130831"}
2026-06-28 15:55:00.200971+00	order_placed	kalshi_sniper_btc_15m_ema50_ema800_off600_down_H	{"mode": "paper", "side": "no", "fired": true, "status": "paper", "ticker": "KXBTC15M-26JUN281200-00", "offset_s": 600, "order_id": "paper-kalshi_sniper_btc_15m_ema50_ema800_off600_down_H-1782662100000000", "direction": "DOWN", "entry_ask": 0.919, "entry_vwap": "0.9190000000000000390798504665", "filled_count": 5}
2026-06-28 16:00:05.004978+00	fire	shadow_scalp_exit_btc_5m_d3_v1	{"mode": "paper", "fired": true, "reason": "paper_fill", "fire_us": 1782662405000000, "direction": "UP", "stake_usd": "5", "entry_vwap": "0.6500000000000000222044604923"}
2026-06-28 16:08:15.051486+00	resolve	shadow_scalp_exit_btc_5m_d3_v1	{"won": true, "mode": "paper", "outcome": "up", "pnl_usd": 2.692307692307692, "direction": "UP", "stake_usd": "5", "entry_vwap": "0.6500000000000000222044604923", "event_type": "sleeve_fire_resolved", "slot_end_us": 1782662700000000, "condition_id": "0x217852bd808e50b25ba18ae0ea7d44a833a4b56f94dd5aff405aadb1de36eaf8", "resolve_at_us": 1782662745000000}
2026-06-28 16:10:00.004926+00	fire	poly_sniper_v5_btc_15m_ema50_ema800_off600_down	{"mode": "paper", "fired": true, "reason": "paper_fill", "fire_us": 1782663000000000, "direction": "DOWN", "stake_usd": "5", "entry_vwap": "0.7299999999999999822364316058"}
2026-06-28 16:10:00.108168+00	order_placed	kalshi_sniper_btc_15m_ema50_ema800_off600_down_H	{"mode": "paper", "side": "no", "fired": true, "status": "paper", "ticker": "KXBTC15M-26JUN281215-15", "offset_s": 600, "order_id": "paper-kalshi_sniper_btc_15m_ema50_ema800_off600_down_H-1782663000000000", "direction": "DOWN", "entry_ask": 0.74, "entry_vwap": "0.7399999999999999911182158027", "filled_count": 6}
2026-06-28 16:15:45.105531+00	resolve	kalshi_sniper_btc_15m_ema50_ema800_off600_down_H	{"won": true, "mode": "paper", "ticker": "KXBTC15M-26JUN281215-15", "outcome": "no", "pnl_usd": 1.7567567567567568, "direction": "DOWN", "stake_usd": "5", "entry_vwap": "0.7399999999999999911182158027", "event_type": "sleeve_fire_resolved", "resolve_at_us": 1782663345000000, "window_end_us": 1782663300000000}
2026-06-28 16:16:15.01797+00	resolve	poly_sniper_v5_btc_15m_ema50_ema800_off600_down	{"won": true, "mode": "paper", "outcome": "down", "pnl_usd": 1.8493150684931507, "direction": "DOWN", "stake_usd": "5", "entry_vwap": "0.7299999999999999822364316058", "event_type": "sleeve_fire_resolved", "slot_end_us": 1782663300000000, "condition_id": "0x85b2643c3a8d8de3d1d6271d52d2ffd514386829df0515b5957fbb891587f6aa", "resolve_at_us": 1782663345000000}
2026-06-28 16:25:00.004387+00	fire	poly_sniper_v5_btc_15m_ema50_ema800_off600_down	{"mode": "paper", "fired": true, "reason": "paper_fill", "fire_us": 1782663900000000, "direction": "DOWN", "stake_usd": "5", "entry_vwap": "0.7199999999999999733546474088"}
2026-06-28 16:25:00.349714+00	order_placed	kalshi_sniper_btc_15m_ema50_ema800_off600_down_H	{"mode": "paper", "side": "no", "fired": true, "status": "paper", "ticker": "KXBTC15M-26JUN281230-30", "offset_s": 600, "order_id": "paper-kalshi_sniper_btc_15m_ema50_ema800_off600_down_H-1782663900000000", "direction": "DOWN", "entry_ask": 0.8, "entry_vwap": "0.8000000000000000444089209847", "filled_count": 6}
2026-06-30 00:01:00.108462+00	order_placed	kalshi_scalp_exit_btc_15m_d3_v1	{"mode": "paper", "side": "no", "fired": true, "status": "paper", "ticker": "KXBTC15M-26JUN292015-15", "offset_s": 60, "order_id": "paper-kalshi_scalp_exit_btc_15m_d3_v1-1782777660000000", "direction": "DOWN", "entry_ask": 0.53, "entry_vwap": "0.5300000000000000266453525908", "filled_count": 9}
2026-06-30 00:02:02.169303+00	resolve	kalshi_scalp_exit_btc_15m_d3_v1	{"mode": "paper", "shares": 9, "ticker": "KXBTC15M-26JUN292015-15", "direction": "DOWN", "exit_type": "scalp_time", "fill_vwap": 0.53, "sell_vwap": 0.54, "realized_pnl": 0.09000000000000008, "suppress_settlement": true}
2026-06-30 00:05:05.001589+00	fire	shadow_scalp_exit_btc_5m_d3_v1	{"mode": "paper", "fired": true, "reason": "paper_fill", "fire_us": 1782777905000000, "direction": "DOWN", "stake_usd": "5", "entry_vwap": "0.6899999999999999467092948178"}
2026-06-30 00:12:15.044789+00	resolve	shadow_scalp_exit_btc_5m_d3_v1	{"won": true, "mode": "paper", "outcome": "down", "pnl_usd": 2.2463768115942035, "direction": "DOWN", "stake_usd": "5", "entry_vwap": "0.6899999999999999467092948178", "event_type": "sleeve_fire_resolved", "slot_end_us": 1782778200000000, "condition_id": "0x0717cfd60bc3363a331b36c5882642088b9c77188626f81a53586a22822f9b6b", "resolve_at_us": 1782778245000000}
2026-06-30 00:25:00.002294+00	fire	poly_sniper_v5_btc_15m_ema50_ema800_off600_down	{"mode": "paper", "fired": true, "reason": "paper_fill", "fire_us": 1782779100000000, "direction": "DOWN", "stake_usd": "5", "entry_vwap": "0.9699999999999999733546474086"}
2026-06-30 00:30:05.003351+00	fire	shadow_scalp_exit_btc_5m_d3_v1	{"mode": "paper", "fired": true, "reason": "paper_fill", "fire_us": 1782779405000000, "direction": "DOWN", "stake_usd": "5", "entry_vwap": "0.6999999999999999555910790147"}
2026-06-30 00:31:15.032331+00	resolve	poly_sniper_v5_btc_15m_ema50_ema800_off600_down	{"won": true, "mode": "paper", "outcome": "down", "pnl_usd": 0.15463917525773152, "direction": "DOWN", "stake_usd": "5", "entry_vwap": "0.9699999999999999733546474086", "event_type": "sleeve_fire_resolved", "slot_end_us": 1782779400000000, "condition_id": "0x7f60b45ae2352898113c30e4b495c65e8b14f843b21782c7cf15486e8265af5c", "resolve_at_us": 1782779445000000}
2026-06-30 00:35:45.008448+00	resolve	shadow_scalp_exit_btc_5m_d3_v1	{"won": true, "mode": "paper", "outcome": "down", "pnl_usd": 2.1428571428571432, "direction": "DOWN", "stake_usd": "5", "entry_vwap": "0.6999999999999999555910790147", "event_type": "sleeve_fire_resolved", "slot_end_us": 1782779700000000, "condition_id": "0x21910ab329b446a698ae454e4c7e9b11e9df4e31df55060579de55768588013d", "resolve_at_us": 1782779745000000}
2026-06-30 00:40:00.00185+00	fire	poly_sniper_v5_btc_15m_ema50_ema800_off600_down	{"mode": "paper", "fired": true, "reason": "paper_fill", "fire_us": 1782780000000000, "direction": "DOWN", "stake_usd": "5", "entry_vwap": "0.9799999999999999822364316056"}
2026-06-30 00:45:45.017598+00	resolve	poly_sniper_v5_btc_15m_ema50_ema800_off600_down	{"won": true, "mode": "paper", "outcome": "down", "pnl_usd": 0.10204081632653013, "direction": "DOWN", "stake_usd": "5", "entry_vwap": "0.9799999999999999822364316056", "event_type": "sleeve_fire_resolved", "slot_end_us": 1782780300000000, "condition_id": "0xa7e819c692b4303cfcfd92cef93c009f9f8c0cc0e4d6296e0853f35dc3415ef1", "resolve_at_us": 1782780345000000}
2026-06-30 00:55:00.001793+00	fire	poly_sniper_v5_btc_15m_ema50_ema800_off600_down	{"mode": "paper", "fired": true, "reason": "paper_fill", "fire_us": 1782780900000000, "direction": "DOWN", "stake_usd": "5", "entry_vwap": "0.0700000000000000066613381477"}
2026-06-30 01:02:15.034155+00	resolve	poly_sniper_v5_btc_15m_ema50_ema800_off600_down	{"won": false, "mode": "paper", "outcome": "up", "pnl_usd": -5.0, "direction": "DOWN", "stake_usd": "5", "entry_vwap": "0.0700000000000000066613381477", "event_type": "sleeve_fire_resolved", "slot_end_us": 1782781200000000, "condition_id": "0x5a02cd2a959f281b487931ca43344a0d7e1ce471f6ed00e2ed12189dc8ab5106", "resolve_at_us": 1782781245000000}
2026-06-30 01:10:00.002913+00	fire	poly_sniper_v5_btc_15m_ema50_ema800_off600_down	{"mode": "paper", "fired": true, "reason": "paper_fill", "fire_us": 1782781800000000, "direction": "DOWN", "stake_usd": "5", "entry_vwap": "0.7299999999999999822364316058"}
2026-06-30 01:10:00.347874+00	order_placed	kalshi_sniper_btc_15m_ema50_ema800_off600_down_H	{"mode": "paper", "side": "no", "fired": true, "status": "paper", "ticker": "KXBTC15M-26JUN292115-15", "offset_s": 600, "order_id": "paper-kalshi_sniper_btc_15m_ema50_ema800_off600_down_H-1782781800000000", "direction": "DOWN", "entry_ask": 0.8, "entry_vwap": "0.8000000000000000444089209847", "filled_count": 6}
2026-06-30 01:15:45.097059+00	resolve	kalshi_sniper_btc_15m_ema50_ema800_off600_down_H	{"won": true, "mode": "paper", "ticker": "KXBTC15M-26JUN292115-15", "outcome": "no", "pnl_usd": 1.2499999999999998, "direction": "DOWN", "stake_usd": "5", "entry_vwap": "0.8000000000000000444089209847", "event_type": "sleeve_fire_resolved", "resolve_at_us": 1782782145000000, "window_end_us": 1782782100000000}
2026-06-30 01:20:15.083878+00	resolve	poly_sniper_v5_btc_15m_ema50_ema800_off600_down	{"won": true, "mode": "paper", "outcome": "down", "pnl_usd": 1.8493150684931507, "direction": "DOWN", "stake_usd": "5", "entry_vwap": "0.7299999999999999822364316058", "event_type": "sleeve_fire_resolved", "slot_end_us": 1782782100000000, "condition_id": "0x7ace5234beb941e5c7fafb69703ca1d2e5ae57f80edfdec63d2b00913946fa3b", "resolve_at_us": 1782782145000000}
