{
  "real_sharpe": 2.4161041287775684,
  "null_shs": [
    -0.39019428161718744,
    -0.7397610435383534,
    0.33543993175972586,
    -0.13170788332378655,
    -0.24012077977829108,
    0.02737745413561382,
    -0.4008841777872186,
    0.21353913776375516,
    0.4302212288127502,
    -0.3062737398638111,
    -0.12257160051720345,
    -0.462268280401714,
    -0.7385857206427944,
    0.05407953460592957,
    -0.6211628463403795,
    -1.2148503209420223,
    -0.4815591545354697,
    -1.0924412014726763,
    -0.26061397809796005,
    0.4365033555801684,
    -0.9986827394801092,
    -0.8048402959134674,
    -0.5545110287647876,
    -0.6333252920292983,
    -0.5595021105118176,
    -0.8334127767182204,
    -0.7685177204532075,
    0.03448968164609346,
    -0.9830931766366473,
    -0.5036257998790171
  ],
  "null_mean": -0.41036185416471344,
  "null_99th": 0.4346815388176171,
  "p_value": 0.0,
  "pass_p_lt_0_01": true,
  "n_permutations": 30
}