{
  "real_sharpe": 3.039556304608098,
  "null_shs": [
    -0.9585106946604761,
    -0.9462692825444986,
    -0.5968357748506126,
    -0.5618496999004204,
    -0.20844884500324273,
    -0.6175041478886352,
    -0.11585359485109957,
    -0.82881942519245,
    -1.2948949242318952,
    -0.6332235178439135,
    -0.476764728489335,
    -0.8514182078265646,
    -0.5740489250983306,
    -0.3057479922683332,
    0.5402550206718612,
    -1.0363661345889643,
    -1.0652567376791366,
    -0.7043080266364311,
    -1.1528311296845617,
    -1.9481201342247876,
    -1.7298656052064072,
    -1.6399097449022464,
    -0.5812770889233704,
    -1.0356527781962943,
    -0.7801128803966615,
    -1.5343710584305743,
    -0.6210138523315564,
    -0.613434759030751,
    -0.2981463368378744,
    -0.7232093754574369
  ],
  "null_mean": -0.7964603460835,
  "null_99th": 0.3499835221702031,
  "p_value": 0.0,
  "pass": true,
  "n_permutations": 30
}