=== V52 shadow tick 2026-06-08T23:55:28.100831+00:00 ===
--- data refresh ---
  BTC klines no-new (last 2026-06-08 20:00:00+00:00)
  BTC funding no-new (last 2026-06-08 23:00:00.022000+00:00)
  ETH klines no-new (last 2026-06-08 20:00:00+00:00)
  ETH funding no-new (last 2026-06-08 23:00:00.022000+00:00)
  AVAX klines no-new (last 2026-06-08 20:00:00+00:00)
  AVAX funding no-new (last 2026-06-08 23:00:00.022000+00:00)
  SOL klines no-new (last 2026-06-08 20:00:00+00:00)
  SOL funding no-new (last 2026-06-08 23:00:00.022000+00:00)
  LINK klines no-new (last 2026-06-08 20:00:00+00:00)
  LINK funding no-new (last 2026-06-08 23:00:00.022000+00:00)
--- shadow run ---
[2026-06-08T23:55:30.568613+00:00] V52 shadow run complete
  open positions : 0
  pending fires  : 0
  recent closed  : 46
  ledger total   : 46
  data end       : 2026-06-08T20:00:00+00:00
  outputs        : C:\Users\alexandre bandarra\Desktop\global\shadow_v52
=== V52 shadow tick 2026-06-09T00:05:03.447446+00:00 ===
--- data refresh ---
  BTC klines +1 -> 2026-06-09 00:00:00+00:00
  BTC funding no-new (last 2026-06-08 23:00:00.022000+00:00)
  ETH klines +1 -> 2026-06-09 00:00:00+00:00
  ETH funding no-new (last 2026-06-08 23:00:00.022000+00:00)
  AVAX klines +1 -> 2026-06-09 00:00:00+00:00
  AVAX funding no-new (last 2026-06-08 23:00:00.022000+00:00)
  SOL klines +1 -> 2026-06-09 00:00:00+00:00
  SOL funding no-new (last 2026-06-08 23:00:00.022000+00:00)
  LINK klines +1 -> 2026-06-09 00:00:00+00:00
  LINK funding no-new (last 2026-06-08 23:00:00.022000+00:00)
--- shadow run ---
[2026-06-09T00:05:14.893074+00:00] V52 shadow run complete
  open positions : 0
  pending fires  : 0
  recent closed  : 45
  ledger total   : 46
  data end       : 2026-06-09T00:00:00+00:00
  outputs        : C:\Users\alexandre bandarra\Desktop\global\shadow_v52
=== V52 shadow tick 2026-06-09T01:05:03.300688+00:00 ===
--- data refresh ---
  BTC klines no-new (last 2026-06-09 00:00:00+00:00)
  BTC funding +1 -> 2026-06-09 01:00:00.014000+00:00
  ETH klines no-new (last 2026-06-09 00:00:00+00:00)
  ETH funding +1 -> 2026-06-09 01:00:00.014000+00:00
  AVAX klines no-new (last 2026-06-09 00:00:00+00:00)
  AVAX funding +1 -> 2026-06-09 01:00:00.014000+00:00
  SOL klines no-new (last 2026-06-09 00:00:00+00:00)
  SOL funding +1 -> 2026-06-09 01:00:00.014000+00:00
  LINK klines no-new (last 2026-06-09 00:00:00+00:00)
  LINK funding +1 -> 2026-06-09 01:00:00.014000+00:00
--- shadow run ---
[2026-06-09T01:05:10.533297+00:00] V52 shadow run complete
  open positions : 0
  pending fires  : 0
  recent closed  : 45
  ledger total   : 46
  data end       : 2026-06-09T00:00:00+00:00
  outputs        : C:\Users\alexandre bandarra\Desktop\global\shadow_v52
=== V52 shadow tick 2026-06-09T02:05:03.555647+00:00 ===
--- data refresh ---
  BTC klines no-new (last 2026-06-09 00:00:00+00:00)
  BTC funding +1 -> 2026-06-09 02:00:00.051000+00:00
  ETH klines no-new (last 2026-06-09 00:00:00+00:00)
  ETH funding +1 -> 2026-06-09 02:00:00.051000+00:00
  AVAX klines no-new (last 2026-06-09 00:00:00+00:00)
  AVAX funding +1 -> 2026-06-09 02:00:00.051000+00:00
  SOL klines no-new (last 2026-06-09 00:00:00+00:00)
  SOL funding +1 -> 2026-06-09 02:00:00.051000+00:00
  LINK klines no-new (last 2026-06-09 00:00:00+00:00)
  LINK funding +1 -> 2026-06-09 02:00:00.051000+00:00
--- shadow run ---
[2026-06-09T02:05:10.953981+00:00] V52 shadow run complete
  open positions : 0
  pending fires  : 0
  recent closed  : 45
  ledger total   : 46
  data end       : 2026-06-09T00:00:00+00:00
  outputs        : C:\Users\alexandre bandarra\Desktop\global\shadow_v52
=== V52 shadow tick 2026-06-09T03:05:03.677108+00:00 ===
--- data refresh ---
  BTC klines no-new (last 2026-06-09 00:00:00+00:00)
  BTC funding no-new (last 2026-06-09 02:00:00.051000+00:00)
  ETH klines no-new (last 2026-06-09 00:00:00+00:00)
  ETH funding no-new (last 2026-06-09 02:00:00.051000+00:00)
  AVAX klines no-new (last 2026-06-09 00:00:00+00:00)
  AVAX funding no-new (last 2026-06-09 02:00:00.051000+00:00)
  SOL klines no-new (last 2026-06-09 00:00:00+00:00)
  SOL funding no-new (last 2026-06-09 02:00:00.051000+00:00)
  LINK klines no-new (last 2026-06-09 00:00:00+00:00)
  LINK funding no-new (last 2026-06-09 02:00:00.051000+00:00)
--- shadow run ---
[2026-06-09T03:05:10.262440+00:00] V52 shadow run complete
  open positions : 0
  pending fires  : 0
  recent closed  : 45
  ledger total   : 46
  data end       : 2026-06-09T00:00:00+00:00
  outputs        : C:\Users\alexandre bandarra\Desktop\global\shadow_v52
=== V52 shadow tick 2026-06-09T04:05:03.517427+00:00 ===
--- data refresh ---
  BTC klines +1 -> 2026-06-09 04:00:00+00:00
  BTC funding +1 -> 2026-06-09 04:00:00.002000+00:00
  ETH klines +1 -> 2026-06-09 04:00:00+00:00
  ETH funding +1 -> 2026-06-09 04:00:00.002000+00:00
  AVAX klines +1 -> 2026-06-09 04:00:00+00:00
  AVAX funding +1 -> 2026-06-09 04:00:00.002000+00:00
  SOL klines +1 -> 2026-06-09 04:00:00+00:00
  SOL funding +1 -> 2026-06-09 04:00:00.002000+00:00
  LINK klines +1 -> 2026-06-09 04:00:00+00:00
  LINK funding +1 -> 2026-06-09 04:00:00.002000+00:00
--- shadow run ---
[2026-06-09T04:05:16.660951+00:00] V52 shadow run complete
  open positions : 0
  pending fires  : 0
  recent closed  : 45
  ledger total   : 46
  data end       : 2026-06-09T04:00:00+00:00
  outputs        : C:\Users\alexandre bandarra\Desktop\global\shadow_v52
=== V52 shadow tick 2026-06-09T05:05:02.762560+00:00 ===
--- data refresh ---
  BTC klines no-new (last 2026-06-09 04:00:00+00:00)
  BTC funding +1 -> 2026-06-09 05:00:00.011000+00:00
  ETH klines no-new (last 2026-06-09 04:00:00+00:00)
  ETH funding +1 -> 2026-06-09 05:00:00.011000+00:00
  AVAX klines no-new (last 2026-06-09 04:00:00+00:00)
  AVAX funding +1 -> 2026-06-09 05:00:00.011000+00:00
  SOL klines no-new (last 2026-06-09 04:00:00+00:00)
  SOL funding +1 -> 2026-06-09 05:00:00.011000+00:00
  LINK klines no-new (last 2026-06-09 04:00:00+00:00)
  LINK funding +1 -> 2026-06-09 05:00:00.011000+00:00
--- shadow run ---
[2026-06-09T05:05:08.535677+00:00] V52 shadow run complete
  open positions : 0
  pending fires  : 0
  recent closed  : 45
  ledger total   : 46
  data end       : 2026-06-09T04:00:00+00:00
  outputs        : C:\Users\alexandre bandarra\Desktop\global\shadow_v52
=== V52 shadow tick 2026-06-09T06:05:03.453307+00:00 ===
--- data refresh ---
  BTC klines no-new (last 2026-06-09 04:00:00+00:00)
  BTC funding +1 -> 2026-06-09 06:00:00.060000+00:00
  ETH klines no-new (last 2026-06-09 04:00:00+00:00)
  ETH funding +1 -> 2026-06-09 06:00:00.060000+00:00
  AVAX klines no-new (last 2026-06-09 04:00:00+00:00)
  AVAX funding +1 -> 2026-06-09 06:00:00.060000+00:00
  SOL klines no-new (last 2026-06-09 04:00:00+00:00)
  SOL funding +1 -> 2026-06-09 06:00:00.060000+00:00
  LINK klines no-new (last 2026-06-09 04:00:00+00:00)
  LINK funding +1 -> 2026-06-09 06:00:00.060000+00:00
--- shadow run ---
[2026-06-09T06:05:15.256371+00:00] V52 shadow run complete
  open positions : 0
  pending fires  : 0
  recent closed  : 45
  ledger total   : 46
  data end       : 2026-06-09T04:00:00+00:00
  outputs        : C:\Users\alexandre bandarra\Desktop\global\shadow_v52
=== V52 shadow tick 2026-06-09T07:05:03.166422+00:00 ===
--- data refresh ---
  BTC klines no-new (last 2026-06-09 04:00:00+00:00)
  BTC funding no-new (last 2026-06-09 06:00:00.060000+00:00)
  ETH klines no-new (last 2026-06-09 04:00:00+00:00)
  ETH funding no-new (last 2026-06-09 06:00:00.060000+00:00)
  AVAX klines no-new (last 2026-06-09 04:00:00+00:00)
  AVAX funding no-new (last 2026-06-09 06:00:00.060000+00:00)
  SOL klines no-new (last 2026-06-09 04:00:00+00:00)
  SOL funding no-new (last 2026-06-09 06:00:00.060000+00:00)
  LINK klines no-new (last 2026-06-09 04:00:00+00:00)
  LINK funding no-new (last 2026-06-09 06:00:00.060000+00:00)
--- shadow run ---
[2026-06-09T07:05:08.604245+00:00] V52 shadow run complete
  open positions : 0
  pending fires  : 0
  recent closed  : 45
  ledger total   : 46
  data end       : 2026-06-09T04:00:00+00:00
  outputs        : C:\Users\alexandre bandarra\Desktop\global\shadow_v52
=== V52 shadow tick 2026-06-09T08:05:02.803946+00:00 ===
--- data refresh ---
  BTC klines +1 -> 2026-06-09 08:00:00+00:00
  BTC funding +1 -> 2026-06-09 08:00:00.081000+00:00
  ETH klines +1 -> 2026-06-09 08:00:00+00:00
  ETH funding +1 -> 2026-06-09 08:00:00.081000+00:00
  AVAX klines +1 -> 2026-06-09 08:00:00+00:00
  AVAX funding +1 -> 2026-06-09 08:00:00.081000+00:00
  SOL klines +1 -> 2026-06-09 08:00:00+00:00
  SOL funding +1 -> 2026-06-09 08:00:00.081000+00:00
  LINK klines +1 -> 2026-06-09 08:00:00+00:00
  LINK funding +1 -> 2026-06-09 08:00:00.081000+00:00
--- shadow run ---
[2026-06-09T08:05:13.998629+00:00] V52 shadow run complete
  open positions : 0
  pending fires  : 0
  recent closed  : 44
  ledger total   : 46
  data end       : 2026-06-09T08:00:00+00:00
  outputs        : C:\Users\alexandre bandarra\Desktop\global\shadow_v52
=== V52 shadow tick 2026-06-09T09:05:02.801440+00:00 ===
--- data refresh ---
  BTC klines no-new (last 2026-06-09 08:00:00+00:00)
  BTC funding no-new (last 2026-06-09 08:00:00.081000+00:00)
  ETH klines no-new (last 2026-06-09 08:00:00+00:00)
  ETH funding no-new (last 2026-06-09 08:00:00.081000+00:00)
  AVAX klines no-new (last 2026-06-09 08:00:00+00:00)
  AVAX funding no-new (last 2026-06-09 08:00:00.081000+00:00)
  SOL klines no-new (last 2026-06-09 08:00:00+00:00)
  SOL funding no-new (last 2026-06-09 08:00:00.081000+00:00)
  LINK klines no-new (last 2026-06-09 08:00:00+00:00)
  LINK funding no-new (last 2026-06-09 08:00:00.081000+00:00)
--- shadow run ---
[2026-06-09T09:05:07.309366+00:00] V52 shadow run complete
  open positions : 0
  pending fires  : 0
  recent closed  : 44
  ledger total   : 46
  data end       : 2026-06-09T08:00:00+00:00
  outputs        : C:\Users\alexandre bandarra\Desktop\global\shadow_v52
=== V52 shadow tick 2026-06-09T10:05:02.796783+00:00 ===
--- data refresh ---
  BTC klines no-new (last 2026-06-09 08:00:00+00:00)
  BTC funding +1 -> 2026-06-09 10:00:00.031000+00:00
  ETH klines no-new (last 2026-06-09 08:00:00+00:00)
  ETH funding +1 -> 2026-06-09 10:00:00.031000+00:00
  AVAX klines no-new (last 2026-06-09 08:00:00+00:00)
  AVAX funding +1 -> 2026-06-09 10:00:00.031000+00:00
  SOL klines no-new (last 2026-06-09 08:00:00+00:00)
  SOL funding +1 -> 2026-06-09 10:00:00.031000+00:00
  LINK klines no-new (last 2026-06-09 08:00:00+00:00)
  LINK funding +1 -> 2026-06-09 10:00:00.031000+00:00
--- shadow run ---
[2026-06-09T10:05:08.970966+00:00] V52 shadow run complete
  open positions : 0
  pending fires  : 0
  recent closed  : 44
  ledger total   : 46
  data end       : 2026-06-09T08:00:00+00:00
  outputs        : C:\Users\alexandre bandarra\Desktop\global\shadow_v52
=== V52 shadow tick 2026-06-09T11:05:02.901218+00:00 ===
--- data refresh ---
  BTC klines no-new (last 2026-06-09 08:00:00+00:00)
  BTC funding +1 -> 2026-06-09 11:00:00.067000+00:00
  ETH klines no-new (last 2026-06-09 08:00:00+00:00)
  ETH funding +1 -> 2026-06-09 11:00:00.067000+00:00
  AVAX klines no-new (last 2026-06-09 08:00:00+00:00)
  AVAX funding +1 -> 2026-06-09 11:00:00.067000+00:00
  SOL klines no-new (last 2026-06-09 08:00:00+00:00)
  SOL funding +1 -> 2026-06-09 11:00:00.067000+00:00
  LINK klines no-new (last 2026-06-09 08:00:00+00:00)
  LINK funding +1 -> 2026-06-09 10:00:00.031000+00:00
--- shadow run ---
[2026-06-09T11:05:10.239646+00:00] V52 shadow run complete
  open positions : 0
  pending fires  : 0
  recent closed  : 44
  ledger total   : 46
  data end       : 2026-06-09T08:00:00+00:00
  outputs        : C:\Users\alexandre bandarra\Desktop\global\shadow_v52
=== V52 shadow tick 2026-06-09T12:05:02.915999+00:00 ===
--- data refresh ---
  BTC klines +1 -> 2026-06-09 12:00:00+00:00
  BTC funding no-new (last 2026-06-09 11:00:00.067000+00:00)
  ETH klines +1 -> 2026-06-09 12:00:00+00:00
  ETH funding no-new (last 2026-06-09 11:00:00.067000+00:00)
  AVAX klines +1 -> 2026-06-09 12:00:00+00:00
  AVAX funding no-new (last 2026-06-09 11:00:00.067000+00:00)
  SOL klines +1 -> 2026-06-09 12:00:00+00:00
  SOL funding no-new (last 2026-06-09 11:00:00.067000+00:00)
  LINK klines +1 -> 2026-06-09 12:00:00+00:00
  LINK funding +2 -> 2026-06-09 12:00:00.036000+00:00
--- V52 shadow run (9 sleeves) ---
[2026-06-09T12:05:12.853121+00:00] V52 shadow run complete
  open positions : 0
  pending fires  : 0
  recent closed  : 44
  ledger total   : 46
  data end       : 2026-06-09T12:00:00+00:00
  outputs        : C:\Users\alexandre bandarra\Desktop\global\shadow_v52
--- XSM shadow run (basket) ---
[2026-06-09T12:05:16.889182+00:00] XSM shadow: FLAT | breadth 1/9 | btc>100dMA False | 50dMA_rising False
--- refresh sleeve cards ---
Built 10 sleeve cards -> C:\Users\alexandre bandarra\Desktop\global\shadow_v52\cards
  V52: 9  XSM: 1
  index -> C:\Users\alexandre bandarra\Desktop\global\shadow_v52\SLEEVE_CARDS.md
=== V52 shadow tick 2026-06-09T13:05:02.954070+00:00 ===
--- data refresh ---
  BTC klines no-new (last 2026-06-09 12:00:00+00:00)
  BTC funding +1 -> 2026-06-09 13:00:00.031000+00:00
  ETH klines no-new (last 2026-06-09 12:00:00+00:00)
  ETH funding +1 -> 2026-06-09 13:00:00.031000+00:00
  AVAX klines no-new (last 2026-06-09 12:00:00+00:00)
  AVAX funding +1 -> 2026-06-09 13:00:00.031000+00:00
  SOL klines no-new (last 2026-06-09 12:00:00+00:00)
  SOL funding +1 -> 2026-06-09 13:00:00.031000+00:00
  LINK klines no-new (last 2026-06-09 12:00:00+00:00)
  LINK funding no-new (last 2026-06-09 12:00:00.036000+00:00)
--- V52 shadow run (9 sleeves) ---
[2026-06-09T13:05:08.879467+00:00] V52 shadow run complete
  open positions : 0
  pending fires  : 0
  recent closed  : 44
  ledger total   : 46
  data end       : 2026-06-09T12:00:00+00:00
  outputs        : C:\Users\alexandre bandarra\Desktop\global\shadow_v52
--- XSM shadow run (basket) ---
[2026-06-09T13:05:12.558449+00:00] XSM shadow: FLAT | breadth 1/9 | btc>100dMA False | 50dMA_rising False
--- refresh sleeve cards ---
Built 10 sleeve cards -> C:\Users\alexandre bandarra\Desktop\global\shadow_v52\cards
  V52: 9  XSM: 1
  index -> C:\Users\alexandre bandarra\Desktop\global\shadow_v52\SLEEVE_CARDS.md
=== V52 shadow tick 2026-06-09T14:05:02.971577+00:00 ===
--- data refresh ---
  BTC klines no-new (last 2026-06-09 12:00:00+00:00)
  BTC funding no-new (last 2026-06-09 13:00:00.031000+00:00)
  ETH klines no-new (last 2026-06-09 12:00:00+00:00)
  ETH funding no-new (last 2026-06-09 13:00:00.031000+00:00)
  AVAX klines no-new (last 2026-06-09 12:00:00+00:00)
  AVAX funding no-new (last 2026-06-09 13:00:00.031000+00:00)
  SOL klines no-new (last 2026-06-09 12:00:00+00:00)
  SOL funding no-new (last 2026-06-09 13:00:00.031000+00:00)
  LINK klines no-new (last 2026-06-09 12:00:00+00:00)
  LINK funding +1 -> 2026-06-09 14:00:00.014000+00:00
--- V52 shadow run (9 sleeves) ---
[2026-06-09T14:05:08.149107+00:00] V52 shadow run complete
  open positions : 0
  pending fires  : 0
  recent closed  : 44
  ledger total   : 46
  data end       : 2026-06-09T12:00:00+00:00
  outputs        : C:\Users\alexandre bandarra\Desktop\global\shadow_v52
--- XSM shadow run (basket) ---
[2026-06-09T14:05:12.824277+00:00] XSM shadow: FLAT | breadth 1/9 | btc>100dMA False | 50dMA_rising False
--- refresh sleeve cards ---
Built 10 sleeve cards -> C:\Users\alexandre bandarra\Desktop\global\shadow_v52\cards
  V52: 9  XSM: 1
  index -> C:\Users\alexandre bandarra\Desktop\global\shadow_v52\SLEEVE_CARDS.md
=== V52 shadow tick 2026-06-09T15:05:03.174119+00:00 ===
--- data refresh ---
  BTC klines no-new (last 2026-06-09 12:00:00+00:00)
  BTC funding +1 -> 2026-06-09 15:00:00.029000+00:00
  ETH klines no-new (last 2026-06-09 12:00:00+00:00)
  ETH funding +1 -> 2026-06-09 15:00:00.029000+00:00
  AVAX klines no-new (last 2026-06-09 12:00:00+00:00)
  AVAX funding +1 -> 2026-06-09 15:00:00.029000+00:00
  SOL klines no-new (last 2026-06-09 12:00:00+00:00)
  SOL funding +1 -> 2026-06-09 15:00:00.029000+00:00
  LINK klines no-new (last 2026-06-09 12:00:00+00:00)
  LINK funding +1 -> 2026-06-09 15:00:00.029000+00:00
--- V52 shadow run (9 sleeves) ---
[2026-06-09T15:05:10.074913+00:00] V52 shadow run complete
  open positions : 0
  pending fires  : 0
  recent closed  : 44
  ledger total   : 46
  data end       : 2026-06-09T12:00:00+00:00
  outputs        : C:\Users\alexandre bandarra\Desktop\global\shadow_v52
--- XSM shadow run (basket) ---
[2026-06-09T15:05:14.325058+00:00] XSM shadow: FLAT | breadth 1/9 | btc>100dMA False | 50dMA_rising False
--- refresh sleeve cards ---
Built 10 sleeve cards -> C:\Users\alexandre bandarra\Desktop\global\shadow_v52\cards
  V52: 9  XSM: 1
  index -> C:\Users\alexandre bandarra\Desktop\global\shadow_v52\SLEEVE_CARDS.md
=== V52 shadow tick 2026-06-09T16:05:04.033771+00:00 ===
--- data refresh ---
  BTC klines +1 -> 2026-06-09 16:00:00+00:00
  BTC funding +1 -> 2026-06-09 16:00:00.059000+00:00
  ETH klines +1 -> 2026-06-09 16:00:00+00:00
  ETH funding +1 -> 2026-06-09 16:00:00.059000+00:00
  AVAX klines +1 -> 2026-06-09 16:00:00+00:00
  AVAX funding +1 -> 2026-06-09 16:00:00.059000+00:00
  SOL klines +1 -> 2026-06-09 16:00:00+00:00
  SOL funding +1 -> 2026-06-09 16:00:00.059000+00:00
  LINK klines +1 -> 2026-06-09 16:00:00+00:00
  LINK funding +1 -> 2026-06-09 16:00:00.059000+00:00
--- V52 shadow run (9 sleeves) ---
[2026-06-09T16:05:17.496834+00:00] V52 shadow run complete
  open positions : 0
  pending fires  : 0
  recent closed  : 44
  ledger total   : 46
  data end       : 2026-06-09T16:00:00+00:00
  outputs        : C:\Users\alexandre bandarra\Desktop\global\shadow_v52
--- XSM shadow run (basket) ---
[2026-06-09T16:05:22.485741+00:00] XSM shadow: FLAT | breadth 1/9 | btc>100dMA False | 50dMA_rising False
--- refresh sleeve cards ---
Built 10 sleeve cards -> C:\Users\alexandre bandarra\Desktop\global\shadow_v52\cards
  V52: 9  XSM: 1
  index -> C:\Users\alexandre bandarra\Desktop\global\shadow_v52\SLEEVE_CARDS.md
=== V52 shadow tick 2026-06-09T17:05:03.897229+00:00 ===
--- data refresh ---
  BTC klines no-new (last 2026-06-09 16:00:00+00:00)
  BTC funding no-new (last 2026-06-09 16:00:00.059000+00:00)
  ETH klines no-new (last 2026-06-09 16:00:00+00:00)
  ETH funding no-new (last 2026-06-09 16:00:00.059000+00:00)
  AVAX klines no-new (last 2026-06-09 16:00:00+00:00)
  AVAX funding no-new (last 2026-06-09 16:00:00.059000+00:00)
  SOL klines no-new (last 2026-06-09 16:00:00+00:00)
  SOL funding no-new (last 2026-06-09 16:00:00.059000+00:00)
  LINK klines no-new (last 2026-06-09 16:00:00+00:00)
  LINK funding no-new (last 2026-06-09 16:00:00.059000+00:00)
--- V52 shadow run (9 sleeves) ---
[2026-06-09T17:05:11.418088+00:00] V52 shadow run complete
  open positions : 0
  pending fires  : 0
  recent closed  : 44
  ledger total   : 46
  data end       : 2026-06-09T16:00:00+00:00
  outputs        : C:\Users\alexandre bandarra\Desktop\global\shadow_v52
--- XSM shadow run (basket) ---
[2026-06-09T17:05:16.858153+00:00] XSM shadow: FLAT | breadth 1/9 | btc>100dMA False | 50dMA_rising False
--- refresh sleeve cards ---
Built 10 sleeve cards -> C:\Users\alexandre bandarra\Desktop\global\shadow_v52\cards
  V52: 9  XSM: 1
  index -> C:\Users\alexandre bandarra\Desktop\global\shadow_v52\SLEEVE_CARDS.md
=== V52 shadow tick 2026-06-09T18:05:03.309157+00:00 ===
--- data refresh ---
  BTC klines no-new (last 2026-06-09 16:00:00+00:00)
  BTC funding +1 -> 2026-06-09 18:00:00.032000+00:00
  ETH klines no-new (last 2026-06-09 16:00:00+00:00)
  ETH funding +1 -> 2026-06-09 18:00:00.032000+00:00
  AVAX klines no-new (last 2026-06-09 16:00:00+00:00)
  AVAX funding +1 -> 2026-06-09 18:00:00.032000+00:00
  SOL klines no-new (last 2026-06-09 16:00:00+00:00)
  SOL funding +1 -> 2026-06-09 18:00:00.032000+00:00
  LINK klines no-new (last 2026-06-09 16:00:00+00:00)
  LINK funding +1 -> 2026-06-09 18:00:00.032000+00:00
--- V52 shadow run (9 sleeves) ---
[2026-06-09T18:05:10.946939+00:00] V52 shadow run complete
  open positions : 0
  pending fires  : 0
  recent closed  : 44
  ledger total   : 46
  data end       : 2026-06-09T16:00:00+00:00
  outputs        : C:\Users\alexandre bandarra\Desktop\global\shadow_v52
--- XSM shadow run (basket) ---
[2026-06-09T18:05:15.699639+00:00] XSM shadow: FLAT | breadth 1/9 | btc>100dMA False | 50dMA_rising False
--- refresh sleeve cards ---
Built 10 sleeve cards -> C:\Users\alexandre bandarra\Desktop\global\shadow_v52\cards
  V52: 9  XSM: 1
  index -> C:\Users\alexandre bandarra\Desktop\global\shadow_v52\SLEEVE_CARDS.md
=== V52 shadow tick 2026-06-09T19:05:03.359414+00:00 ===
--- data refresh ---
  BTC klines no-new (last 2026-06-09 16:00:00+00:00)
  BTC funding no-new (last 2026-06-09 18:00:00.032000+00:00)
  ETH klines no-new (last 2026-06-09 16:00:00+00:00)
  ETH funding no-new (last 2026-06-09 18:00:00.032000+00:00)
  AVAX klines no-new (last 2026-06-09 16:00:00+00:00)
  AVAX funding no-new (last 2026-06-09 18:00:00.032000+00:00)
  SOL klines no-new (last 2026-06-09 16:00:00+00:00)
  SOL funding no-new (last 2026-06-09 18:00:00.032000+00:00)
  LINK klines no-new (last 2026-06-09 16:00:00+00:00)
  LINK funding no-new (last 2026-06-09 18:00:00.032000+00:00)
--- V52 shadow run (9 sleeves) ---
[2026-06-09T19:05:09.219949+00:00] V52 shadow run complete
  open positions : 0
  pending fires  : 0
  recent closed  : 44
  ledger total   : 46
  data end       : 2026-06-09T16:00:00+00:00
  outputs        : C:\Users\alexandre bandarra\Desktop\global\shadow_v52
--- XSM shadow run (basket) ---
[2026-06-09T19:05:13.269357+00:00] XSM shadow: FLAT | breadth 1/9 | btc>100dMA False | 50dMA_rising False
--- refresh sleeve cards ---
Built 10 sleeve cards -> C:\Users\alexandre bandarra\Desktop\global\shadow_v52\cards
  V52: 9  XSM: 1
  index -> C:\Users\alexandre bandarra\Desktop\global\shadow_v52\SLEEVE_CARDS.md
=== V52 shadow tick 2026-06-09T21:05:03.979721+00:00 ===
--- data refresh ---
  BTC klines no-new (last 2026-06-09 20:00:00+00:00)
  BTC funding +1 -> 2026-06-09 21:00:00.056000+00:00
  ETH klines no-new (last 2026-06-09 20:00:00+00:00)
  ETH funding +1 -> 2026-06-09 21:00:00.056000+00:00
  AVAX klines no-new (last 2026-06-09 20:00:00+00:00)
  AVAX funding +2 -> 2026-06-09 21:00:00.056000+00:00
  SOL klines +1 -> 2026-06-09 20:00:00+00:00
  SOL funding +2 -> 2026-06-09 21:00:00.056000+00:00
  LINK klines +1 -> 2026-06-09 20:00:00+00:00
  LINK funding +2 -> 2026-06-09 21:00:00.056000+00:00
--- V52 shadow run (9 sleeves) ---
[2026-06-09T21:05:12.877721+00:00] V52 shadow run complete
  open positions : 0
  pending fires  : 0
  recent closed  : 44
  ledger total   : 46
  data end       : 2026-06-09T20:00:00+00:00
  outputs        : C:\Users\alexandre bandarra\Desktop\global\shadow_v52
--- XSM shadow run (basket) ---
[2026-06-09T21:05:17.145832+00:00] XSM shadow: FLAT | breadth 1/9 | btc>100dMA False | 50dMA_rising False
--- refresh sleeve cards ---
Built 10 sleeve cards -> C:\Users\alexandre bandarra\Desktop\global\shadow_v52\cards
  V52: 9  XSM: 1
  index -> C:\Users\alexandre bandarra\Desktop\global\shadow_v52\SLEEVE_CARDS.md
=== V52 shadow tick 2026-06-09T22:05:03.803386+00:00 ===
--- data refresh ---
  BTC klines no-new (last 2026-06-09 20:00:00+00:00)
  BTC funding +1 -> 2026-06-09 22:00:00.063000+00:00
  ETH klines no-new (last 2026-06-09 20:00:00+00:00)
  ETH funding +1 -> 2026-06-09 22:00:00.063000+00:00
  AVAX klines no-new (last 2026-06-09 20:00:00+00:00)
  AVAX funding +1 -> 2026-06-09 22:00:00.063000+00:00
  SOL klines no-new (last 2026-06-09 20:00:00+00:00)
  SOL funding +1 -> 2026-06-09 22:00:00.063000+00:00
  LINK klines no-new (last 2026-06-09 20:00:00+00:00)
  LINK funding +1 -> 2026-06-09 22:00:00.063000+00:00
--- V52 shadow run (9 sleeves) ---
[2026-06-09T22:05:11.115511+00:00] V52 shadow run complete
  open positions : 0
  pending fires  : 0
  recent closed  : 44
  ledger total   : 46
  data end       : 2026-06-09T20:00:00+00:00
  outputs        : C:\Users\alexandre bandarra\Desktop\global\shadow_v52
--- XSM shadow run (basket) ---
[2026-06-09T22:05:15.523440+00:00] XSM shadow: FLAT | breadth 1/9 | btc>100dMA False | 50dMA_rising False
--- refresh sleeve cards ---
Built 10 sleeve cards -> C:\Users\alexandre bandarra\Desktop\global\shadow_v52\cards
  V52: 9  XSM: 1
  index -> C:\Users\alexandre bandarra\Desktop\global\shadow_v52\SLEEVE_CARDS.md
=== V52 shadow tick 2026-06-10T02:05:05.517545+00:00 ===
--- data refresh ---
  BTC klines no-new (last 2026-06-10 00:00:00+00:00)
  BTC funding +3 -> 2026-06-10 02:00:00.069000+00:00
  ETH klines +1 -> 2026-06-10 00:00:00+00:00
  ETH funding +3 -> 2026-06-10 02:00:00.069000+00:00
  AVAX klines +1 -> 2026-06-10 00:00:00+00:00
  AVAX funding +3 -> 2026-06-10 02:00:00.069000+00:00
  SOL klines +1 -> 2026-06-10 00:00:00+00:00
  SOL funding +3 -> 2026-06-10 02:00:00.069000+00:00
  LINK klines +1 -> 2026-06-10 00:00:00+00:00
  LINK funding +3 -> 2026-06-10 02:00:00.069000+00:00
--- V52 shadow run (9 sleeves) ---
[2026-06-10T02:05:16.606700+00:00] V52 shadow run complete
  open positions : 0
  pending fires  : 0
  recent closed  : 44
  ledger total   : 46
  data end       : 2026-06-10T00:00:00+00:00
  outputs        : C:\Users\alexandre bandarra\Desktop\global\shadow_v52
--- XSM shadow run (basket) ---
[2026-06-10T02:05:22.213604+00:00] XSM shadow: FLAT | breadth 1/9 | btc>100dMA False | 50dMA_rising False
--- refresh sleeve cards ---
Built 10 sleeve cards -> C:\Users\alexandre bandarra\Desktop\global\shadow_v52\cards
  V52: 9  XSM: 1
  index -> C:\Users\alexandre bandarra\Desktop\global\shadow_v52\SLEEVE_CARDS.md
=== V52 shadow tick 2026-06-10T03:05:03.308864+00:00 ===
--- data refresh ---
  BTC klines no-new (last 2026-06-10 00:00:00+00:00)
  BTC funding no-new (last 2026-06-10 02:00:00.069000+00:00)
  ETH klines no-new (last 2026-06-10 00:00:00+00:00)
  ETH funding no-new (last 2026-06-10 02:00:00.069000+00:00)
  AVAX klines no-new (last 2026-06-10 00:00:00+00:00)
  AVAX funding no-new (last 2026-06-10 02:00:00.069000+00:00)
  SOL klines no-new (last 2026-06-10 00:00:00+00:00)
  SOL funding no-new (last 2026-06-10 02:00:00.069000+00:00)
  LINK klines no-new (last 2026-06-10 00:00:00+00:00)
  LINK funding no-new (last 2026-06-10 02:00:00.069000+00:00)
--- V52 shadow run (9 sleeves) ---
[2026-06-10T03:05:08.479265+00:00] V52 shadow run complete
  open positions : 0
  pending fires  : 0
  recent closed  : 44
  ledger total   : 46
  data end       : 2026-06-10T00:00:00+00:00
  outputs        : C:\Users\alexandre bandarra\Desktop\global\shadow_v52
--- XSM shadow run (basket) ---
[2026-06-10T03:05:12.840493+00:00] XSM shadow: FLAT | breadth 1/9 | btc>100dMA False | 50dMA_rising False
--- refresh sleeve cards ---
Built 10 sleeve cards -> C:\Users\alexandre bandarra\Desktop\global\shadow_v52\cards
  V52: 9  XSM: 1
  index -> C:\Users\alexandre bandarra\Desktop\global\shadow_v52\SLEEVE_CARDS.md
=== V52 shadow tick 2026-06-10T04:05:02.218045+00:00 ===
--- data refresh ---
  BTC klines +1 -> 2026-06-10 04:00:00+00:00
  BTC funding +1 -> 2026-06-10 04:00:00.056000+00:00
  ETH klines +1 -> 2026-06-10 04:00:00+00:00
  ETH funding +1 -> 2026-06-10 04:00:00.056000+00:00
  AVAX klines +1 -> 2026-06-10 04:00:00+00:00
  AVAX funding +1 -> 2026-06-10 04:00:00.056000+00:00
  SOL klines +1 -> 2026-06-10 04:00:00+00:00
  SOL funding +1 -> 2026-06-10 04:00:00.056000+00:00
  LINK klines +1 -> 2026-06-10 04:00:00+00:00
  LINK funding +1 -> 2026-06-10 04:00:00.056000+00:00
--- V52 shadow run (9 sleeves) ---
[2026-06-10T04:05:12.828280+00:00] V52 shadow run complete
  open positions : 0
  pending fires  : 0
  recent closed  : 44
  ledger total   : 46
  data end       : 2026-06-10T04:00:00+00:00
  outputs        : C:\Users\alexandre bandarra\Desktop\global\shadow_v52
--- XSM shadow run (basket) ---
[2026-06-10T04:05:17.041892+00:00] XSM shadow: FLAT | breadth 1/9 | btc>100dMA False | 50dMA_rising False
--- refresh sleeve cards ---
Built 10 sleeve cards -> C:\Users\alexandre bandarra\Desktop\global\shadow_v52\cards
  V52: 9  XSM: 1
  index -> C:\Users\alexandre bandarra\Desktop\global\shadow_v52\SLEEVE_CARDS.md
=== V52 shadow tick 2026-06-10T05:05:02.267654+00:00 ===
--- data refresh ---
  BTC klines no-new (last 2026-06-10 04:00:00+00:00)
  BTC funding no-new (last 2026-06-10 04:00:00.056000+00:00)
  ETH klines no-new (last 2026-06-10 04:00:00+00:00)
  ETH funding no-new (last 2026-06-10 04:00:00.056000+00:00)
  AVAX klines no-new (last 2026-06-10 04:00:00+00:00)
  AVAX funding no-new (last 2026-06-10 04:00:00.056000+00:00)
  SOL klines no-new (last 2026-06-10 04:00:00+00:00)
  SOL funding no-new (last 2026-06-10 04:00:00.056000+00:00)
  LINK klines no-new (last 2026-06-10 04:00:00+00:00)
  LINK funding no-new (last 2026-06-10 04:00:00.056000+00:00)
--- V52 shadow run (9 sleeves) ---
[2026-06-10T05:05:07.225660+00:00] V52 shadow run complete
  open positions : 0
  pending fires  : 0
  recent closed  : 44
  ledger total   : 46
  data end       : 2026-06-10T04:00:00+00:00
  outputs        : C:\Users\alexandre bandarra\Desktop\global\shadow_v52
--- XSM shadow run (basket) ---
[2026-06-10T05:05:11.354707+00:00] XSM shadow: FLAT | breadth 1/9 | btc>100dMA False | 50dMA_rising False
--- refresh sleeve cards ---
Built 10 sleeve cards -> C:\Users\alexandre bandarra\Desktop\global\shadow_v52\cards
  V52: 9  XSM: 1
  index -> C:\Users\alexandre bandarra\Desktop\global\shadow_v52\SLEEVE_CARDS.md
=== V52 shadow tick 2026-06-10T06:05:02.260703+00:00 ===
--- data refresh ---
  BTC klines no-new (last 2026-06-10 04:00:00+00:00)
  BTC funding +1 -> 2026-06-10 06:00:00.052000+00:00
  ETH klines no-new (last 2026-06-10 04:00:00+00:00)
  ETH funding +1 -> 2026-06-10 06:00:00.052000+00:00
  AVAX klines no-new (last 2026-06-10 04:00:00+00:00)
  AVAX funding +1 -> 2026-06-10 06:00:00.052000+00:00
  SOL klines no-new (last 2026-06-10 04:00:00+00:00)
  SOL funding +1 -> 2026-06-10 06:00:00.052000+00:00
  LINK klines no-new (last 2026-06-10 04:00:00+00:00)
  LINK funding +1 -> 2026-06-10 06:00:00.052000+00:00
--- V52 shadow run (9 sleeves) ---
[2026-06-10T06:05:09.292535+00:00] V52 shadow run complete
  open positions : 0
  pending fires  : 0
  recent closed  : 44
  ledger total   : 46
  data end       : 2026-06-10T04:00:00+00:00
  outputs        : C:\Users\alexandre bandarra\Desktop\global\shadow_v52
--- XSM shadow run (basket) ---
[2026-06-10T06:05:13.473155+00:00] XSM shadow: FLAT | breadth 1/9 | btc>100dMA False | 50dMA_rising False
--- refresh sleeve cards ---
Built 10 sleeve cards -> C:\Users\alexandre bandarra\Desktop\global\shadow_v52\cards
  V52: 9  XSM: 1
  index -> C:\Users\alexandre bandarra\Desktop\global\shadow_v52\SLEEVE_CARDS.md
=== V52 shadow tick 2026-06-10T07:05:02.246345+00:00 ===
--- data refresh ---
  BTC klines no-new (last 2026-06-10 04:00:00+00:00)
  BTC funding +1 -> 2026-06-10 07:00:00.059000+00:00
  ETH klines no-new (last 2026-06-10 04:00:00+00:00)
  ETH funding +1 -> 2026-06-10 07:00:00.059000+00:00
  AVAX klines no-new (last 2026-06-10 04:00:00+00:00)
  AVAX funding +1 -> 2026-06-10 07:00:00.059000+00:00
  SOL klines no-new (last 2026-06-10 04:00:00+00:00)
  SOL funding +1 -> 2026-06-10 07:00:00.059000+00:00
  LINK klines no-new (last 2026-06-10 04:00:00+00:00)
  LINK funding +1 -> 2026-06-10 07:00:00.059000+00:00
--- V52 shadow run (9 sleeves) ---
[2026-06-10T07:05:08.654890+00:00] V52 shadow run complete
  open positions : 0
  pending fires  : 0
  recent closed  : 44
  ledger total   : 46
  data end       : 2026-06-10T04:00:00+00:00
  outputs        : C:\Users\alexandre bandarra\Desktop\global\shadow_v52
--- XSM shadow run (basket) ---
[2026-06-10T07:05:13.017621+00:00] XSM shadow: FLAT | breadth 1/9 | btc>100dMA False | 50dMA_rising False
--- refresh sleeve cards ---
Built 10 sleeve cards -> C:\Users\alexandre bandarra\Desktop\global\shadow_v52\cards
  V52: 9  XSM: 1
  index -> C:\Users\alexandre bandarra\Desktop\global\shadow_v52\SLEEVE_CARDS.md
=== V52 shadow tick 2026-06-10T08:05:02.256292+00:00 ===
--- data refresh ---
  BTC klines +1 -> 2026-06-10 08:00:00+00:00
  BTC funding +1 -> 2026-06-10 08:00:00.060000+00:00
  ETH klines +1 -> 2026-06-10 08:00:00+00:00
  ETH funding +1 -> 2026-06-10 08:00:00.060000+00:00
  AVAX klines +1 -> 2026-06-10 08:00:00+00:00
  AVAX funding +1 -> 2026-06-10 08:00:00.060000+00:00
  SOL klines +1 -> 2026-06-10 08:00:00+00:00
  SOL funding +1 -> 2026-06-10 08:00:00.060000+00:00
  LINK klines +1 -> 2026-06-10 08:00:00+00:00
  LINK funding +1 -> 2026-06-10 08:00:00.060000+00:00
--- V52 shadow run (9 sleeves) ---
[2026-06-10T08:05:14.102742+00:00] V52 shadow run complete
  open positions : 0
  pending fires  : 0
  recent closed  : 44
  ledger total   : 46
  data end       : 2026-06-10T08:00:00+00:00
  outputs        : C:\Users\alexandre bandarra\Desktop\global\shadow_v52
--- XSM shadow run (basket) ---
[2026-06-10T08:05:18.521665+00:00] XSM shadow: FLAT | breadth 1/9 | btc>100dMA False | 50dMA_rising False
--- refresh sleeve cards ---
Built 10 sleeve cards -> C:\Users\alexandre bandarra\Desktop\global\shadow_v52\cards
  V52: 9  XSM: 1
  index -> C:\Users\alexandre bandarra\Desktop\global\shadow_v52\SLEEVE_CARDS.md
=== V52 shadow tick 2026-06-10T09:05:02.541988+00:00 ===
--- data refresh ---
  BTC klines no-new (last 2026-06-10 08:00:00+00:00)
  BTC funding no-new (last 2026-06-10 08:00:00.060000+00:00)
  ETH klines no-new (last 2026-06-10 08:00:00+00:00)
  ETH funding no-new (last 2026-06-10 08:00:00.060000+00:00)
  AVAX klines no-new (last 2026-06-10 08:00:00+00:00)
  AVAX funding no-new (last 2026-06-10 08:00:00.060000+00:00)
  SOL klines no-new (last 2026-06-10 08:00:00+00:00)
  SOL funding no-new (last 2026-06-10 08:00:00.060000+00:00)
  LINK klines no-new (last 2026-06-10 08:00:00+00:00)
  LINK funding no-new (last 2026-06-10 08:00:00.060000+00:00)
--- V52 shadow run (9 sleeves) ---
[2026-06-10T09:05:08.140177+00:00] V52 shadow run complete
  open positions : 0
  pending fires  : 0
  recent closed  : 44
  ledger total   : 46
  data end       : 2026-06-10T08:00:00+00:00
  outputs        : C:\Users\alexandre bandarra\Desktop\global\shadow_v52
--- XSM shadow run (basket) ---
[2026-06-10T09:05:12.715285+00:00] XSM shadow: FLAT | breadth 1/9 | btc>100dMA False | 50dMA_rising False
--- refresh sleeve cards ---
Built 10 sleeve cards -> C:\Users\alexandre bandarra\Desktop\global\shadow_v52\cards
  V52: 9  XSM: 1
  index -> C:\Users\alexandre bandarra\Desktop\global\shadow_v52\SLEEVE_CARDS.md
=== V52 shadow tick 2026-06-10T10:05:02.316001+00:00 ===
--- data refresh ---
  BTC klines no-new (last 2026-06-10 08:00:00+00:00)
  BTC funding +1 -> 2026-06-10 10:00:00.013000+00:00
  ETH klines no-new (last 2026-06-10 08:00:00+00:00)
  ETH funding +1 -> 2026-06-10 10:00:00.013000+00:00
  AVAX klines no-new (last 2026-06-10 08:00:00+00:00)
  AVAX funding +1 -> 2026-06-10 10:00:00.013000+00:00
  SOL klines no-new (last 2026-06-10 08:00:00+00:00)
  SOL funding +1 -> 2026-06-10 10:00:00.013000+00:00
  LINK klines no-new (last 2026-06-10 08:00:00+00:00)
  LINK funding +1 -> 2026-06-10 10:00:00.013000+00:00
--- V52 shadow run (9 sleeves) ---
[2026-06-10T10:05:09.384135+00:00] V52 shadow run complete
  open positions : 0
  pending fires  : 0
  recent closed  : 44
  ledger total   : 46
  data end       : 2026-06-10T08:00:00+00:00
  outputs        : C:\Users\alexandre bandarra\Desktop\global\shadow_v52
--- XSM shadow run (basket) ---
[2026-06-10T10:05:13.835203+00:00] XSM shadow: FLAT | breadth 1/9 | btc>100dMA False | 50dMA_rising False
--- refresh sleeve cards ---
Built 10 sleeve cards -> C:\Users\alexandre bandarra\Desktop\global\shadow_v52\cards
  V52: 9  XSM: 1
  index -> C:\Users\alexandre bandarra\Desktop\global\shadow_v52\SLEEVE_CARDS.md
=== V52 shadow tick 2026-06-10T11:05:02.291440+00:00 ===
--- data refresh ---
  BTC klines no-new (last 2026-06-10 08:00:00+00:00)
  BTC funding no-new (last 2026-06-10 10:00:00.013000+00:00)
  ETH klines no-new (last 2026-06-10 08:00:00+00:00)
  ETH funding no-new (last 2026-06-10 10:00:00.013000+00:00)
  AVAX klines no-new (last 2026-06-10 08:00:00+00:00)
  AVAX funding no-new (last 2026-06-10 10:00:00.013000+00:00)
  SOL klines no-new (last 2026-06-10 08:00:00+00:00)
  SOL funding no-new (last 2026-06-10 10:00:00.013000+00:00)
  LINK klines no-new (last 2026-06-10 08:00:00+00:00)
  LINK funding no-new (last 2026-06-10 10:00:00.013000+00:00)
--- V52 shadow run (9 sleeves) ---
[2026-06-10T11:05:08.021353+00:00] V52 shadow run complete
  open positions : 0
  pending fires  : 0
  recent closed  : 44
  ledger total   : 46
  data end       : 2026-06-10T08:00:00+00:00
  outputs        : C:\Users\alexandre bandarra\Desktop\global\shadow_v52
--- XSM shadow run (basket) ---
[2026-06-10T11:05:12.381120+00:00] XSM shadow: FLAT | breadth 1/9 | btc>100dMA False | 50dMA_rising False
--- refresh sleeve cards ---
Built 10 sleeve cards -> C:\Users\alexandre bandarra\Desktop\global\shadow_v52\cards
  V52: 9  XSM: 1
  index -> C:\Users\alexandre bandarra\Desktop\global\shadow_v52\SLEEVE_CARDS.md
=== V52 shadow tick 2026-06-10T12:05:02.296057+00:00 ===
--- data refresh ---
  BTC klines +1 -> 2026-06-10 12:00:00+00:00
  BTC funding +1 -> 2026-06-10 12:00:00.032000+00:00
  ETH klines +1 -> 2026-06-10 12:00:00+00:00
  ETH funding +1 -> 2026-06-10 12:00:00.032000+00:00
  AVAX klines +1 -> 2026-06-10 12:00:00+00:00
  AVAX funding +1 -> 2026-06-10 12:00:00.032000+00:00
  SOL klines +1 -> 2026-06-10 12:00:00+00:00
  SOL funding +1 -> 2026-06-10 12:00:00.032000+00:00
  LINK klines +1 -> 2026-06-10 12:00:00+00:00
  LINK funding +1 -> 2026-06-10 12:00:00.032000+00:00
--- V52 shadow run (9 sleeves) ---
[2026-06-10T12:05:14.538093+00:00] V52 shadow run complete
  open positions : 0
  pending fires  : 0
  recent closed  : 44
  ledger total   : 46
  data end       : 2026-06-10T12:00:00+00:00
  outputs        : C:\Users\alexandre bandarra\Desktop\global\shadow_v52
--- XSM shadow run (basket) ---
[2026-06-10T12:05:18.889850+00:00] XSM shadow: FLAT | breadth 1/9 | btc>100dMA False | 50dMA_rising False
--- refresh sleeve cards ---
Built 10 sleeve cards -> C:\Users\alexandre bandarra\Desktop\global\shadow_v52\cards
  V52: 9  XSM: 1
  index -> C:\Users\alexandre bandarra\Desktop\global\shadow_v52\SLEEVE_CARDS.md
=== V52 shadow tick 2026-06-10T13:05:02.316370+00:00 ===
--- data refresh ---
  BTC klines no-new (last 2026-06-10 12:00:00+00:00)
  BTC funding +1 -> 2026-06-10 13:00:00.058000+00:00
  ETH klines no-new (last 2026-06-10 12:00:00+00:00)
  ETH funding +1 -> 2026-06-10 13:00:00.058000+00:00
  AVAX klines no-new (last 2026-06-10 12:00:00+00:00)
  AVAX funding +1 -> 2026-06-10 13:00:00.058000+00:00
  SOL klines no-new (last 2026-06-10 12:00:00+00:00)
  SOL funding +1 -> 2026-06-10 13:00:00.058000+00:00
  LINK klines no-new (last 2026-06-10 12:00:00+00:00)
  LINK funding +1 -> 2026-06-10 13:00:00.058000+00:00
--- V52 shadow run (9 sleeves) ---
[2026-06-10T13:05:09.111715+00:00] V52 shadow run complete
  open positions : 0
  pending fires  : 0
  recent closed  : 44
  ledger total   : 46
  data end       : 2026-06-10T12:00:00+00:00
  outputs        : C:\Users\alexandre bandarra\Desktop\global\shadow_v52
--- XSM shadow run (basket) ---
[2026-06-10T13:05:13.271409+00:00] XSM shadow: FLAT | breadth 1/9 | btc>100dMA False | 50dMA_rising False
--- refresh sleeve cards ---
Built 10 sleeve cards -> C:\Users\alexandre bandarra\Desktop\global\shadow_v52\cards
  V52: 9  XSM: 1
  index -> C:\Users\alexandre bandarra\Desktop\global\shadow_v52\SLEEVE_CARDS.md
=== V52 shadow tick 2026-06-10T14:05:02.342122+00:00 ===
--- data refresh ---
  BTC klines no-new (last 2026-06-10 12:00:00+00:00)
  BTC funding no-new (last 2026-06-10 13:00:00.058000+00:00)
  ETH klines no-new (last 2026-06-10 12:00:00+00:00)
  ETH funding no-new (last 2026-06-10 13:00:00.058000+00:00)
  AVAX klines no-new (last 2026-06-10 12:00:00+00:00)
  AVAX funding no-new (last 2026-06-10 13:00:00.058000+00:00)
  SOL klines no-new (last 2026-06-10 12:00:00+00:00)
  SOL funding no-new (last 2026-06-10 13:00:00.058000+00:00)
  LINK klines no-new (last 2026-06-10 12:00:00+00:00)
  LINK funding no-new (last 2026-06-10 13:00:00.058000+00:00)
--- V52 shadow run (9 sleeves) ---
[2026-06-10T14:05:07.752001+00:00] V52 shadow run complete
  open positions : 0
  pending fires  : 0
  recent closed  : 44
  ledger total   : 46
  data end       : 2026-06-10T12:00:00+00:00
  outputs        : C:\Users\alexandre bandarra\Desktop\global\shadow_v52
--- XSM shadow run (basket) ---
[2026-06-10T14:05:12.147890+00:00] XSM shadow: FLAT | breadth 1/9 | btc>100dMA False | 50dMA_rising False
--- refresh sleeve cards ---
Built 10 sleeve cards -> C:\Users\alexandre bandarra\Desktop\global\shadow_v52\cards
  V52: 9  XSM: 1
  index -> C:\Users\alexandre bandarra\Desktop\global\shadow_v52\SLEEVE_CARDS.md
=== V52 shadow tick 2026-06-10T15:05:02.578989+00:00 ===
--- data refresh ---
  BTC klines no-new (last 2026-06-10 12:00:00+00:00)
  BTC funding +1 -> 2026-06-10 15:00:00.057000+00:00
  ETH klines no-new (last 2026-06-10 12:00:00+00:00)
  ETH funding +1 -> 2026-06-10 15:00:00.057000+00:00
  AVAX klines no-new (last 2026-06-10 12:00:00+00:00)
  AVAX funding +1 -> 2026-06-10 15:00:00.057000+00:00
  SOL klines no-new (last 2026-06-10 12:00:00+00:00)
  SOL funding +1 -> 2026-06-10 15:00:00.057000+00:00
  LINK klines no-new (last 2026-06-10 12:00:00+00:00)
  LINK funding +1 -> 2026-06-10 15:00:00.057000+00:00
--- V52 shadow run (9 sleeves) ---
[2026-06-10T15:05:09.535068+00:00] V52 shadow run complete
  open positions : 0
  pending fires  : 0
  recent closed  : 44
  ledger total   : 46
  data end       : 2026-06-10T12:00:00+00:00
  outputs        : C:\Users\alexandre bandarra\Desktop\global\shadow_v52
--- XSM shadow run (basket) ---
[2026-06-10T15:05:14.168752+00:00] XSM shadow: FLAT | breadth 1/9 | btc>100dMA False | 50dMA_rising False
--- refresh sleeve cards ---
Built 10 sleeve cards -> C:\Users\alexandre bandarra\Desktop\global\shadow_v52\cards
  V52: 9  XSM: 1
  index -> C:\Users\alexandre bandarra\Desktop\global\shadow_v52\SLEEVE_CARDS.md
=== V52 shadow tick 2026-06-10T16:05:02.312452+00:00 ===
--- data refresh ---
  BTC klines +1 -> 2026-06-10 16:00:00+00:00
  BTC funding +1 -> 2026-06-10 16:00:00.069000+00:00
  ETH klines +1 -> 2026-06-10 16:00:00+00:00
  ETH funding +1 -> 2026-06-10 16:00:00.069000+00:00
  AVAX klines +1 -> 2026-06-10 16:00:00+00:00
  AVAX funding +1 -> 2026-06-10 15:00:00.057000+00:00
  SOL klines +1 -> 2026-06-10 16:00:00+00:00
  SOL funding +1 -> 2026-06-10 16:00:00.069000+00:00
  LINK klines +1 -> 2026-06-10 16:00:00+00:00
  LINK funding +1 -> 2026-06-10 16:00:00.069000+00:00
--- V52 shadow run (9 sleeves) ---
[2026-06-10T16:05:13.676285+00:00] V52 shadow run complete
  open positions : 0
  pending fires  : 0
  recent closed  : 44
  ledger total   : 46
  data end       : 2026-06-10T16:00:00+00:00
  outputs        : C:\Users\alexandre bandarra\Desktop\global\shadow_v52
--- XSM shadow run (basket) ---
[2026-06-10T16:05:18.631044+00:00] XSM shadow: FLAT | breadth 1/9 | btc>100dMA False | 50dMA_rising False
--- refresh sleeve cards ---
Built 10 sleeve cards -> C:\Users\alexandre bandarra\Desktop\global\shadow_v52\cards
  V52: 9  XSM: 1
  index -> C:\Users\alexandre bandarra\Desktop\global\shadow_v52\SLEEVE_CARDS.md
=== V52 shadow tick 2026-06-10T17:05:02.323378+00:00 ===
--- data refresh ---
  BTC klines no-new (last 2026-06-10 16:00:00+00:00)
  BTC funding no-new (last 2026-06-10 16:00:00.069000+00:00)
  ETH klines no-new (last 2026-06-10 16:00:00+00:00)
  ETH funding no-new (last 2026-06-10 16:00:00.069000+00:00)
  AVAX klines no-new (last 2026-06-10 16:00:00+00:00)
  AVAX funding +2 -> 2026-06-10 17:00:00.012000+00:00
  SOL klines no-new (last 2026-06-10 16:00:00+00:00)
  SOL funding no-new (last 2026-06-10 16:00:00.069000+00:00)
  LINK klines no-new (last 2026-06-10 16:00:00+00:00)
  LINK funding no-new (last 2026-06-10 16:00:00.069000+00:00)
--- V52 shadow run (9 sleeves) ---
[2026-06-10T17:05:07.931467+00:00] V52 shadow run complete
  open positions : 0
  pending fires  : 0
  recent closed  : 44
  ledger total   : 46
  data end       : 2026-06-10T16:00:00+00:00
  outputs        : C:\Users\alexandre bandarra\Desktop\global\shadow_v52
--- XSM shadow run (basket) ---
[2026-06-10T17:05:12.017179+00:00] XSM shadow: FLAT | breadth 1/9 | btc>100dMA False | 50dMA_rising False
--- refresh sleeve cards ---
Built 10 sleeve cards -> C:\Users\alexandre bandarra\Desktop\global\shadow_v52\cards
  V52: 9  XSM: 1
  index -> C:\Users\alexandre bandarra\Desktop\global\shadow_v52\SLEEVE_CARDS.md
=== V52 shadow tick 2026-06-10T18:05:02.307712+00:00 ===
--- data refresh ---
  BTC klines no-new (last 2026-06-10 16:00:00+00:00)
  BTC funding +1 -> 2026-06-10 18:00:00.035000+00:00
  ETH klines no-new (last 2026-06-10 16:00:00+00:00)
  ETH funding +1 -> 2026-06-10 18:00:00.035000+00:00
  AVAX klines no-new (last 2026-06-10 16:00:00+00:00)
  AVAX funding +1 -> 2026-06-10 18:00:00.035000+00:00
  SOL klines no-new (last 2026-06-10 16:00:00+00:00)
  SOL funding +1 -> 2026-06-10 18:00:00.035000+00:00
  LINK klines no-new (last 2026-06-10 16:00:00+00:00)
  LINK funding +1 -> 2026-06-10 18:00:00.035000+00:00
--- V52 shadow run (9 sleeves) ---
[2026-06-10T18:05:08.655749+00:00] V52 shadow run complete
  open positions : 0
  pending fires  : 0
  recent closed  : 44
  ledger total   : 46
  data end       : 2026-06-10T16:00:00+00:00
  outputs        : C:\Users\alexandre bandarra\Desktop\global\shadow_v52
--- XSM shadow run (basket) ---
[2026-06-10T18:05:13.059155+00:00] XSM shadow: FLAT | breadth 1/9 | btc>100dMA False | 50dMA_rising False
--- refresh sleeve cards ---
Built 10 sleeve cards -> C:\Users\alexandre bandarra\Desktop\global\shadow_v52\cards
  V52: 9  XSM: 1
  index -> C:\Users\alexandre bandarra\Desktop\global\shadow_v52\SLEEVE_CARDS.md
=== V52 shadow tick 2026-06-10T19:05:02.335515+00:00 ===
--- data refresh ---
  BTC klines no-new (last 2026-06-10 16:00:00+00:00)
  BTC funding +1 -> 2026-06-10 19:00:00.046000+00:00
  ETH klines no-new (last 2026-06-10 16:00:00+00:00)
  ETH funding +1 -> 2026-06-10 19:00:00.046000+00:00
  AVAX klines no-new (last 2026-06-10 16:00:00+00:00)
  AVAX funding +1 -> 2026-06-10 19:00:00.046000+00:00
  SOL klines no-new (last 2026-06-10 16:00:00+00:00)
  SOL funding +1 -> 2026-06-10 19:00:00.046000+00:00
  LINK klines no-new (last 2026-06-10 16:00:00+00:00)
  LINK funding +1 -> 2026-06-10 19:00:00.046000+00:00
--- V52 shadow run (9 sleeves) ---
[2026-06-10T19:05:08.910518+00:00] V52 shadow run complete
  open positions : 0
  pending fires  : 0
  recent closed  : 44
  ledger total   : 46
  data end       : 2026-06-10T16:00:00+00:00
  outputs        : C:\Users\alexandre bandarra\Desktop\global\shadow_v52
--- XSM shadow run (basket) ---
[2026-06-10T19:05:13.341299+00:00] XSM shadow: FLAT | breadth 1/9 | btc>100dMA False | 50dMA_rising False
--- refresh sleeve cards ---
Built 10 sleeve cards -> C:\Users\alexandre bandarra\Desktop\global\shadow_v52\cards
  V52: 9  XSM: 1
  index -> C:\Users\alexandre bandarra\Desktop\global\shadow_v52\SLEEVE_CARDS.md
=== V52 shadow tick 2026-06-10T20:05:02.517734+00:00 ===
--- data refresh ---
  BTC klines +1 -> 2026-06-10 20:00:00+00:00
  BTC funding +1 -> 2026-06-10 20:00:00.093000+00:00
  ETH klines +1 -> 2026-06-10 20:00:00+00:00
  ETH funding +1 -> 2026-06-10 20:00:00.093000+00:00
  AVAX klines +1 -> 2026-06-10 20:00:00+00:00
  AVAX funding +1 -> 2026-06-10 20:00:00.093000+00:00
  SOL klines +1 -> 2026-06-10 20:00:00+00:00
  SOL funding +1 -> 2026-06-10 20:00:00.093000+00:00
  LINK klines +1 -> 2026-06-10 20:00:00+00:00
  LINK funding +1 -> 2026-06-10 20:00:00.093000+00:00
--- V52 shadow run (9 sleeves) ---
[2026-06-10T20:05:14.558818+00:00] V52 shadow run complete
  open positions : 0
  pending fires  : 1
  recent closed  : 44
  ledger total   : 46
  data end       : 2026-06-10T20:00:00+00:00
  outputs        : C:\Users\alexandre bandarra\Desktop\global\shadow_v52
--- XSM shadow run (basket) ---
[2026-06-10T20:05:19.025521+00:00] XSM shadow: FLAT | breadth 1/9 | btc>100dMA False | 50dMA_rising False
--- refresh sleeve cards ---
Built 10 sleeve cards -> C:\Users\alexandre bandarra\Desktop\global\shadow_v52\cards
  V52: 9  XSM: 1
  index -> C:\Users\alexandre bandarra\Desktop\global\shadow_v52\SLEEVE_CARDS.md
=== V52 shadow tick 2026-06-10T21:05:04.418375+00:00 ===
--- data refresh ---
  BTC klines no-new (last 2026-06-10 20:00:00+00:00)
  BTC funding no-new (last 2026-06-10 20:00:00.093000+00:00)
  ETH klines no-new (last 2026-06-10 20:00:00+00:00)
  ETH funding no-new (last 2026-06-10 20:00:00.093000+00:00)
  AVAX klines no-new (last 2026-06-10 20:00:00+00:00)
  AVAX funding no-new (last 2026-06-10 20:00:00.093000+00:00)
  SOL klines no-new (last 2026-06-10 20:00:00+00:00)
  SOL funding no-new (last 2026-06-10 20:00:00.093000+00:00)
  LINK klines no-new (last 2026-06-10 20:00:00+00:00)
  LINK funding no-new (last 2026-06-10 20:00:00.093000+00:00)
--- V52 shadow run (9 sleeves) ---
[2026-06-10T21:05:13.021478+00:00] V52 shadow run complete
  open positions : 0
  pending fires  : 1
  recent closed  : 44
  ledger total   : 46
  data end       : 2026-06-10T20:00:00+00:00
  outputs        : C:\Users\alexandre bandarra\Desktop\global\shadow_v52
--- XSM shadow run (basket) ---
[2026-06-10T21:05:20.288657+00:00] XSM shadow: FLAT | breadth 1/9 | btc>100dMA False | 50dMA_rising False
--- refresh sleeve cards ---
Built 10 sleeve cards -> C:\Users\alexandre bandarra\Desktop\global\shadow_v52\cards
  V52: 9  XSM: 1
  index -> C:\Users\alexandre bandarra\Desktop\global\shadow_v52\SLEEVE_CARDS.md
=== V52 shadow tick 2026-06-10T23:05:03.057169+00:00 ===
--- data refresh ---
  BTC klines no-new (last 2026-06-10 20:00:00+00:00)
  BTC funding +1 -> 2026-06-10 23:00:00.077000+00:00
  ETH klines no-new (last 2026-06-10 20:00:00+00:00)
  ETH funding +1 -> 2026-06-10 23:00:00.077000+00:00
  AVAX klines no-new (last 2026-06-10 20:00:00+00:00)
  AVAX funding +1 -> 2026-06-10 23:00:00.077000+00:00
  SOL klines no-new (last 2026-06-10 20:00:00+00:00)
  SOL funding +1 -> 2026-06-10 23:00:00.077000+00:00
  LINK klines no-new (last 2026-06-10 20:00:00+00:00)
  LINK funding +1 -> 2026-06-10 23:00:00.077000+00:00
--- V52 shadow run (9 sleeves) ---
[2026-06-10T23:05:10.314127+00:00] V52 shadow run complete
  open positions : 0
  pending fires  : 1
  recent closed  : 44
  ledger total   : 46
  data end       : 2026-06-10T20:00:00+00:00
  outputs        : C:\Users\alexandre bandarra\Desktop\global\shadow_v52
--- XSM shadow run (basket) ---
[2026-06-10T23:05:15.441555+00:00] XSM shadow: FLAT | breadth 1/9 | btc>100dMA False | 50dMA_rising False
--- refresh sleeve cards ---
Built 10 sleeve cards -> C:\Users\alexandre bandarra\Desktop\global\shadow_v52\cards
  V52: 9  XSM: 1
  index -> C:\Users\alexandre bandarra\Desktop\global\shadow_v52\SLEEVE_CARDS.md
--- TV dashboard cards feed (6 cards) ---
TV cards feed -> C:\Users\alexandre bandarra\Desktop\global\shadow_v52\_tv_cards_feed.json  (6 cards)
  V52-BTC   FLAT   conf 0 | fires 3
  V52-ETH   FLAT   conf 0 | fires 11
  V52-SOL   FLAT   conf 0 | fires 13
  V52-AVAX  LONG   conf 29 | fires 10
  V52-LINK  FLAT   conf 0 | fires 9
  V52-XSM   FLAT   breadth 1/9
=== V52 shadow tick 2026-06-11T00:05:02.852873+00:00 ===
--- data refresh ---
  BTC klines +1 -> 2026-06-11 00:00:00+00:00
  BTC funding no-new (last 2026-06-10 23:00:00.077000+00:00)
  ETH klines +1 -> 2026-06-11 00:00:00+00:00
  ETH funding no-new (last 2026-06-10 23:00:00.077000+00:00)
  AVAX klines +1 -> 2026-06-11 00:00:00+00:00
  AVAX funding no-new (last 2026-06-10 23:00:00.077000+00:00)
  SOL klines +1 -> 2026-06-11 00:00:00+00:00
  SOL funding no-new (last 2026-06-10 23:00:00.077000+00:00)
  LINK klines +1 -> 2026-06-11 00:00:00+00:00
  LINK funding no-new (last 2026-06-10 23:00:00.077000+00:00)
--- V52 shadow run (9 sleeves) ---
[2026-06-11T00:05:13.198684+00:00] V52 shadow run complete
  open positions : 1
  pending fires  : 1
  recent closed  : 44
  ledger total   : 46
  data end       : 2026-06-11T00:00:00+00:00
  outputs        : C:\Users\alexandre bandarra\Desktop\global\shadow_v52
--- XSM shadow run (basket) ---
[2026-06-11T00:05:17.537787+00:00] XSM shadow: FLAT | breadth 1/9 | btc>100dMA False | 50dMA_rising False
--- refresh sleeve cards ---
Built 10 sleeve cards -> C:\Users\alexandre bandarra\Desktop\global\shadow_v52\cards
  V52: 9  XSM: 1
  index -> C:\Users\alexandre bandarra\Desktop\global\shadow_v52\SLEEVE_CARDS.md
--- TV dashboard cards feed (6 cards) ---
TV cards feed -> C:\Users\alexandre bandarra\Desktop\global\shadow_v52\_tv_cards_feed.json  (6 cards)
  V52-BTC   FLAT   conf 0 | fires 3
  V52-ETH   FLAT   conf 0 | fires 11
  V52-SOL   FLAT   conf 0 | fires 13
  V52-AVAX  LONG   conf 29 | fires 10
  V52-LINK  FLAT   conf 0 | fires 9
  V52-XSM   FLAT   breadth 1/9
=== V52 shadow tick 2026-06-11T01:05:03.176099+00:00 ===
--- data refresh ---
  BTC klines no-new (last 2026-06-11 00:00:00+00:00)
  BTC funding +1 -> 2026-06-11 01:00:00.039000+00:00
  ETH klines no-new (last 2026-06-11 00:00:00+00:00)
  ETH funding +1 -> 2026-06-11 01:00:00.039000+00:00
  AVAX klines no-new (last 2026-06-11 00:00:00+00:00)
  AVAX funding +1 -> 2026-06-11 01:00:00.039000+00:00
  SOL klines no-new (last 2026-06-11 00:00:00+00:00)
  SOL funding +1 -> 2026-06-11 01:00:00.039000+00:00
  LINK klines no-new (last 2026-06-11 00:00:00+00:00)
  LINK funding +1 -> 2026-06-11 01:00:00.039000+00:00
--- V52 shadow run (9 sleeves) ---
[2026-06-11T01:05:11.905049+00:00] V52 shadow run complete
  open positions : 1
  pending fires  : 1
  recent closed  : 44
  ledger total   : 46
  data end       : 2026-06-11T00:00:00+00:00
  outputs        : C:\Users\alexandre bandarra\Desktop\global\shadow_v52
--- XSM shadow run (basket) ---
[2026-06-11T01:05:17.821711+00:00] XSM shadow: FLAT | breadth 1/9 | btc>100dMA False | 50dMA_rising False
--- refresh sleeve cards ---
Built 10 sleeve cards -> C:\Users\alexandre bandarra\Desktop\global\shadow_v52\cards
  V52: 9  XSM: 1
  index -> C:\Users\alexandre bandarra\Desktop\global\shadow_v52\SLEEVE_CARDS.md
--- TV dashboard cards feed (6 cards) ---
TV cards feed -> C:\Users\alexandre bandarra\Desktop\global\shadow_v52\_tv_cards_feed.json  (6 cards)
  V52-BTC   FLAT   conf 0 | fires 3
  V52-ETH   FLAT   conf 0 | fires 11
  V52-SOL   FLAT   conf 0 | fires 13
  V52-AVAX  LONG   conf 29 | fires 10
  V52-LINK  FLAT   conf 0 | fires 9
  V52-XSM   FLAT   breadth 1/9
=== V52 shadow tick 2026-06-11T02:05:03.001030+00:00 ===
--- data refresh ---
  BTC klines no-new (last 2026-06-11 00:00:00+00:00)
  BTC funding no-new (last 2026-06-11 01:00:00.039000+00:00)
  ETH klines no-new (last 2026-06-11 00:00:00+00:00)
  ETH funding no-new (last 2026-06-11 01:00:00.039000+00:00)
  AVAX klines no-new (last 2026-06-11 00:00:00+00:00)
  AVAX funding no-new (last 2026-06-11 01:00:00.039000+00:00)
  SOL klines no-new (last 2026-06-11 00:00:00+00:00)
  SOL funding no-new (last 2026-06-11 01:00:00.039000+00:00)
  LINK klines no-new (last 2026-06-11 00:00:00+00:00)
  LINK funding no-new (last 2026-06-11 01:00:00.039000+00:00)
--- V52 shadow run (9 sleeves) ---
[2026-06-11T02:05:09.273454+00:00] V52 shadow run complete
  open positions : 1
  pending fires  : 1
  recent closed  : 44
  ledger total   : 46
  data end       : 2026-06-11T00:00:00+00:00
  outputs        : C:\Users\alexandre bandarra\Desktop\global\shadow_v52
--- XSM shadow run (basket) ---
[2026-06-11T02:05:14.896265+00:00] XSM shadow: FLAT | breadth 1/9 | btc>100dMA False | 50dMA_rising False
--- refresh sleeve cards ---
Built 10 sleeve cards -> C:\Users\alexandre bandarra\Desktop\global\shadow_v52\cards
  V52: 9  XSM: 1
  index -> C:\Users\alexandre bandarra\Desktop\global\shadow_v52\SLEEVE_CARDS.md
--- TV dashboard cards feed (6 cards) ---
TV cards feed -> C:\Users\alexandre bandarra\Desktop\global\shadow_v52\_tv_cards_feed.json  (6 cards)
  V52-BTC   FLAT   conf 0 | fires 3
  V52-ETH   FLAT   conf 0 | fires 11
  V52-SOL   FLAT   conf 0 | fires 13
  V52-AVAX  LONG   conf 29 | fires 10
  V52-LINK  FLAT   conf 0 | fires 9
  V52-XSM   FLAT   breadth 1/9
=== V52 shadow tick 2026-06-11T03:05:03.178816+00:00 ===
--- data refresh ---
  BTC klines no-new (last 2026-06-11 00:00:00+00:00)
  BTC funding +1 -> 2026-06-11 03:00:00.013000+00:00
  ETH klines no-new (last 2026-06-11 00:00:00+00:00)
  ETH funding +1 -> 2026-06-11 03:00:00.013000+00:00
  AVAX klines no-new (last 2026-06-11 00:00:00+00:00)
  AVAX funding +1 -> 2026-06-11 03:00:00.013000+00:00
  SOL klines no-new (last 2026-06-11 00:00:00+00:00)
  SOL funding +1 -> 2026-06-11 03:00:00.013000+00:00
  LINK klines no-new (last 2026-06-11 00:00:00+00:00)
  LINK funding +1 -> 2026-06-11 03:00:00.013000+00:00
--- V52 shadow run (9 sleeves) ---
[2026-06-11T03:05:12.153754+00:00] V52 shadow run complete
  open positions : 1
  pending fires  : 1
  recent closed  : 44
  ledger total   : 46
  data end       : 2026-06-11T00:00:00+00:00
  outputs        : C:\Users\alexandre bandarra\Desktop\global\shadow_v52
--- XSM shadow run (basket) ---
[2026-06-11T03:05:18.888231+00:00] XSM shadow: FLAT | breadth 1/9 | btc>100dMA False | 50dMA_rising False
--- refresh sleeve cards ---
Built 10 sleeve cards -> C:\Users\alexandre bandarra\Desktop\global\shadow_v52\cards
  V52: 9  XSM: 1
  index -> C:\Users\alexandre bandarra\Desktop\global\shadow_v52\SLEEVE_CARDS.md
--- TV dashboard cards feed (6 cards) ---
TV cards feed -> C:\Users\alexandre bandarra\Desktop\global\shadow_v52\_tv_cards_feed.json  (6 cards)
  V52-BTC   FLAT   conf 0 | fires 3
  V52-ETH   FLAT   conf 0 | fires 11
  V52-SOL   FLAT   conf 0 | fires 13
  V52-AVAX  LONG   conf 29 | fires 10
  V52-LINK  FLAT   conf 0 | fires 9
  V52-XSM   FLAT   breadth 1/9
=== V52 shadow tick 2026-06-11T04:05:03.426094+00:00 ===
--- data refresh ---
  BTC klines +1 -> 2026-06-11 04:00:00+00:00
  BTC funding no-new (last 2026-06-11 03:00:00.013000+00:00)
  ETH klines +1 -> 2026-06-11 04:00:00+00:00
  ETH funding no-new (last 2026-06-11 03:00:00.013000+00:00)
  AVAX klines +1 -> 2026-06-11 04:00:00+00:00
  AVAX funding no-new (last 2026-06-11 03:00:00.013000+00:00)
  SOL klines +1 -> 2026-06-11 04:00:00+00:00
  SOL funding no-new (last 2026-06-11 03:00:00.013000+00:00)
  LINK klines +1 -> 2026-06-11 04:00:00+00:00
  LINK funding no-new (last 2026-06-11 03:00:00.013000+00:00)
--- V52 shadow run (9 sleeves) ---
[2026-06-11T04:05:16.499000+00:00] V52 shadow run complete
  open positions : 1
  pending fires  : 0
  recent closed  : 43
  ledger total   : 46
  data end       : 2026-06-11T04:00:00+00:00
  outputs        : C:\Users\alexandre bandarra\Desktop\global\shadow_v52
--- XSM shadow run (basket) ---
[2026-06-11T04:05:21.890837+00:00] XSM shadow: FLAT | breadth 1/9 | btc>100dMA False | 50dMA_rising False
--- refresh sleeve cards ---
Built 10 sleeve cards -> C:\Users\alexandre bandarra\Desktop\global\shadow_v52\cards
  V52: 9  XSM: 1
  index -> C:\Users\alexandre bandarra\Desktop\global\shadow_v52\SLEEVE_CARDS.md
--- TV dashboard cards feed (6 cards) ---

FEED STDERR:
 main()
    ~~~~^^
  File "C:\Users\alexandre bandarra\Desktop\global\shadow_v52\tv_cards_feed.py", line 133, in main
    feed = build_feed()
  File "C:\Users\alexandre bandarra\Desktop\global\shadow_v52\tv_cards_feed.py", line 51, in build_feed
    pending = _load("pending_fires_latest.csv")
  File "C:\Users\alexandre bandarra\Desktop\global\shadow_v52\tv_cards_feed.py", line 45, in _load
    return pd.read_csv(p) if p.exists() else pd.DataFrame()
           ~~~~~~~~~~~^^^
  File "C:\Python314\Lib\site-packages\pandas\io\parsers\readers.py", line 1026, in read_csv
    return _read(filepath_or_buffer, kwds)
  File "C:\Python314\Lib\site-packages\pandas\io\parsers\readers.py", line 620, in _read
    parser = TextFileReader(filepath_or_buffer, **kwds)
  File "C:\Python314\Lib\site-packages\pandas\io\parsers\readers.py", line 1620, in __init__
    self._engine = self._make_engine(f, self.engine)
                   ~~~~~~~~~~~~~~~~~^^^^^^^^^^^^^^^^
  File "C:\Python314\Lib\site-packages\pandas\io\parsers\readers.py", line 1898, in _make_engine
    return mapping[engine](f, **self.options)
           ~~~~~~~~~~~~~~~^^^^^^^^^^^^^^^^^^^
  File "C:\Python314\Lib\site-packages\pandas\io\parsers\c_parser_wrapper.py", line 93, in __init__
    self._reader = parsers.TextReader(src, **kwds)
                   ~~~~~~~~~~~~~~~~~~^^^^^^^^^^^^^
  File "pandas/_libs/parsers.pyx", line 581, in pandas._libs.parsers.TextReader.__cinit__
pandas.errors.EmptyDataError: No columns to parse from file

=== V52 shadow tick 2026-06-11T05:05:03.440733+00:00 ===
--- data refresh ---
  BTC klines no-new (last 2026-06-11 04:00:00+00:00)
  BTC funding +1 -> 2026-06-11 05:00:00.046000+00:00
  ETH klines no-new (last 2026-06-11 04:00:00+00:00)
  ETH funding +1 -> 2026-06-11 05:00:00.046000+00:00
  AVAX klines no-new (last 2026-06-11 04:00:00+00:00)
  AVAX funding +1 -> 2026-06-11 05:00:00.046000+00:00
  SOL klines no-new (last 2026-06-11 04:00:00+00:00)
  SOL funding +1 -> 2026-06-11 05:00:00.046000+00:00
  LINK klines no-new (last 2026-06-11 04:00:00+00:00)
  LINK funding +1 -> 2026-06-11 05:00:00.046000+00:00
--- V52 shadow run (9 sleeves) ---
[2026-06-11T05:05:12.275925+00:00] V52 shadow run complete
  open positions : 1
  pending fires  : 0
  recent closed  : 43
  ledger total   : 46
  data end       : 2026-06-11T04:00:00+00:00
  outputs        : C:\Users\alexandre bandarra\Desktop\global\shadow_v52
--- XSM shadow run (basket) ---
[2026-06-11T05:05:18.883855+00:00] XSM shadow: FLAT | breadth 1/9 | btc>100dMA False | 50dMA_rising False
--- refresh sleeve cards ---
Built 10 sleeve cards -> C:\Users\alexandre bandarra\Desktop\global\shadow_v52\cards
  V52: 9  XSM: 1
  index -> C:\Users\alexandre bandarra\Desktop\global\shadow_v52\SLEEVE_CARDS.md
--- TV dashboard cards feed (6 cards) ---

FEED STDERR:
 main()
    ~~~~^^
  File "C:\Users\alexandre bandarra\Desktop\global\shadow_v52\tv_cards_feed.py", line 133, in main
    feed = build_feed()
  File "C:\Users\alexandre bandarra\Desktop\global\shadow_v52\tv_cards_feed.py", line 51, in build_feed
    pending = _load("pending_fires_latest.csv")
  File "C:\Users\alexandre bandarra\Desktop\global\shadow_v52\tv_cards_feed.py", line 45, in _load
    return pd.read_csv(p) if p.exists() else pd.DataFrame()
           ~~~~~~~~~~~^^^
  File "C:\Python314\Lib\site-packages\pandas\io\parsers\readers.py", line 1026, in read_csv
    return _read(filepath_or_buffer, kwds)
  File "C:\Python314\Lib\site-packages\pandas\io\parsers\readers.py", line 620, in _read
    parser = TextFileReader(filepath_or_buffer, **kwds)
  File "C:\Python314\Lib\site-packages\pandas\io\parsers\readers.py", line 1620, in __init__
    self._engine = self._make_engine(f, self.engine)
                   ~~~~~~~~~~~~~~~~~^^^^^^^^^^^^^^^^
  File "C:\Python314\Lib\site-packages\pandas\io\parsers\readers.py", line 1898, in _make_engine
    return mapping[engine](f, **self.options)
           ~~~~~~~~~~~~~~~^^^^^^^^^^^^^^^^^^^
  File "C:\Python314\Lib\site-packages\pandas\io\parsers\c_parser_wrapper.py", line 93, in __init__
    self._reader = parsers.TextReader(src, **kwds)
                   ~~~~~~~~~~~~~~~~~~^^^^^^^^^^^^^
  File "pandas/_libs/parsers.pyx", line 581, in pandas._libs.parsers.TextReader.__cinit__
pandas.errors.EmptyDataError: No columns to parse from file

=== V52 shadow tick 2026-06-11T06:05:03.579507+00:00 ===
--- data refresh ---
  BTC klines no-new (last 2026-06-11 04:00:00+00:00)
  BTC funding no-new (last 2026-06-11 05:00:00.046000+00:00)
  ETH klines no-new (last 2026-06-11 04:00:00+00:00)
  ETH funding no-new (last 2026-06-11 05:00:00.046000+00:00)
  AVAX klines no-new (last 2026-06-11 04:00:00+00:00)
  AVAX funding no-new (last 2026-06-11 05:00:00.046000+00:00)
  SOL klines no-new (last 2026-06-11 04:00:00+00:00)
  SOL funding no-new (last 2026-06-11 05:00:00.046000+00:00)
  LINK klines no-new (last 2026-06-11 04:00:00+00:00)
  LINK funding no-new (last 2026-06-11 05:00:00.046000+00:00)
--- V52 shadow run (9 sleeves) ---
[2026-06-11T06:05:11.820672+00:00] V52 shadow run complete
  open positions : 1
  pending fires  : 0
  recent closed  : 43
  ledger total   : 46
  data end       : 2026-06-11T04:00:00+00:00
  outputs        : C:\Users\alexandre bandarra\Desktop\global\shadow_v52
--- XSM shadow run (basket) ---
[2026-06-11T06:05:17.371998+00:00] XSM shadow: FLAT | breadth 1/9 | btc>100dMA False | 50dMA_rising False
--- refresh sleeve cards ---
Built 10 sleeve cards -> C:\Users\alexandre bandarra\Desktop\global\shadow_v52\cards
  V52: 9  XSM: 1
  index -> C:\Users\alexandre bandarra\Desktop\global\shadow_v52\SLEEVE_CARDS.md
--- TV dashboard cards feed (6 cards) ---

FEED STDERR:
 main()
    ~~~~^^
  File "C:\Users\alexandre bandarra\Desktop\global\shadow_v52\tv_cards_feed.py", line 133, in main
    feed = build_feed()
  File "C:\Users\alexandre bandarra\Desktop\global\shadow_v52\tv_cards_feed.py", line 51, in build_feed
    pending = _load("pending_fires_latest.csv")
  File "C:\Users\alexandre bandarra\Desktop\global\shadow_v52\tv_cards_feed.py", line 45, in _load
    return pd.read_csv(p) if p.exists() else pd.DataFrame()
           ~~~~~~~~~~~^^^
  File "C:\Python314\Lib\site-packages\pandas\io\parsers\readers.py", line 1026, in read_csv
    return _read(filepath_or_buffer, kwds)
  File "C:\Python314\Lib\site-packages\pandas\io\parsers\readers.py", line 620, in _read
    parser = TextFileReader(filepath_or_buffer, **kwds)
  File "C:\Python314\Lib\site-packages\pandas\io\parsers\readers.py", line 1620, in __init__
    self._engine = self._make_engine(f, self.engine)
                   ~~~~~~~~~~~~~~~~~^^^^^^^^^^^^^^^^
  File "C:\Python314\Lib\site-packages\pandas\io\parsers\readers.py", line 1898, in _make_engine
    return mapping[engine](f, **self.options)
           ~~~~~~~~~~~~~~~^^^^^^^^^^^^^^^^^^^
  File "C:\Python314\Lib\site-packages\pandas\io\parsers\c_parser_wrapper.py", line 93, in __init__
    self._reader = parsers.TextReader(src, **kwds)
                   ~~~~~~~~~~~~~~~~~~^^^^^^^^^^^^^
  File "pandas/_libs/parsers.pyx", line 581, in pandas._libs.parsers.TextReader.__cinit__
pandas.errors.EmptyDataError: No columns to parse from file

=== V52 shadow tick 2026-06-11T07:05:02.456003+00:00 ===
--- data refresh ---
  BTC klines no-new (last 2026-06-11 04:00:00+00:00)
  BTC funding +1 -> 2026-06-11 07:00:00.008000+00:00
  ETH klines no-new (last 2026-06-11 04:00:00+00:00)
  ETH funding +1 -> 2026-06-11 07:00:00.008000+00:00
  AVAX klines no-new (last 2026-06-11 04:00:00+00:00)
  AVAX funding +1 -> 2026-06-11 07:00:00.008000+00:00
  SOL klines no-new (last 2026-06-11 04:00:00+00:00)
  SOL funding +1 -> 2026-06-11 07:00:00.008000+00:00
  LINK klines no-new (last 2026-06-11 04:00:00+00:00)
  LINK funding +1 -> 2026-06-11 07:00:00.008000+00:00
--- V52 shadow run (9 sleeves) ---
[2026-06-11T07:05:09.764688+00:00] V52 shadow run complete
  open positions : 1
  pending fires  : 0
  recent closed  : 43
  ledger total   : 46
  data end       : 2026-06-11T04:00:00+00:00
  outputs        : C:\Users\alexandre bandarra\Desktop\global\shadow_v52
--- XSM shadow run (basket) ---
[2026-06-11T07:05:13.587116+00:00] XSM shadow: FLAT | breadth 1/9 | btc>100dMA False | 50dMA_rising False
--- refresh sleeve cards ---
Built 10 sleeve cards -> C:\Users\alexandre bandarra\Desktop\global\shadow_v52\cards
  V52: 9  XSM: 1
  index -> C:\Users\alexandre bandarra\Desktop\global\shadow_v52\SLEEVE_CARDS.md
--- TV dashboard cards feed (6 cards) ---

FEED STDERR:
 main()
    ~~~~^^
  File "C:\Users\alexandre bandarra\Desktop\global\shadow_v52\tv_cards_feed.py", line 133, in main
    feed = build_feed()
  File "C:\Users\alexandre bandarra\Desktop\global\shadow_v52\tv_cards_feed.py", line 51, in build_feed
    pending = _load("pending_fires_latest.csv")
  File "C:\Users\alexandre bandarra\Desktop\global\shadow_v52\tv_cards_feed.py", line 45, in _load
    return pd.read_csv(p) if p.exists() else pd.DataFrame()
           ~~~~~~~~~~~^^^
  File "C:\Python314\Lib\site-packages\pandas\io\parsers\readers.py", line 1026, in read_csv
    return _read(filepath_or_buffer, kwds)
  File "C:\Python314\Lib\site-packages\pandas\io\parsers\readers.py", line 620, in _read
    parser = TextFileReader(filepath_or_buffer, **kwds)
  File "C:\Python314\Lib\site-packages\pandas\io\parsers\readers.py", line 1620, in __init__
    self._engine = self._make_engine(f, self.engine)
                   ~~~~~~~~~~~~~~~~~^^^^^^^^^^^^^^^^
  File "C:\Python314\Lib\site-packages\pandas\io\parsers\readers.py", line 1898, in _make_engine
    return mapping[engine](f, **self.options)
           ~~~~~~~~~~~~~~~^^^^^^^^^^^^^^^^^^^
  File "C:\Python314\Lib\site-packages\pandas\io\parsers\c_parser_wrapper.py", line 93, in __init__
    self._reader = parsers.TextReader(src, **kwds)
                   ~~~~~~~~~~~~~~~~~~^^^^^^^^^^^^^
  File "pandas/_libs/parsers.pyx", line 581, in pandas._libs.parsers.TextReader.__cinit__
pandas.errors.EmptyDataError: No columns to parse from file

^C=== V52 shadow tick 2026-06-11T10:05:05.581458+00:00 ===
--- data refresh ---
  BTC klines +1 -> 2026-06-11 08:00:00+00:00
  BTC funding +3 -> 2026-06-11 10:00:00.038000+00:00
  ETH klines +1 -> 2026-06-11 08:00:00+00:00
  ETH funding +3 -> 2026-06-11 10:00:00.038000+00:00
  AVAX klines +1 -> 2026-06-11 08:00:00+00:00
  AVAX funding +3 -> 2026-06-11 10:00:00.038000+00:00
  SOL klines +1 -> 2026-06-11 08:00:00+00:00
  SOL funding +3 -> 2026-06-11 10:00:00.038000+00:00
  LINK klines +1 -> 2026-06-11 08:00:00+00:00
  LINK funding +3 -> 2026-06-11 10:00:00.038000+00:00
--- V52 shadow run (9 sleeves) ---
[2026-06-11T10:05:20.623252+00:00] V52 shadow run complete
  open positions : 1
  pending fires  : 2
  recent closed  : 42
  ledger total   : 46
  data end       : 2026-06-11T08:00:00+00:00
  outputs        : C:\Users\alexandre bandarra\Desktop\global\shadow_v52
--- XSM shadow run (basket) ---
[2026-06-11T10:05:26.920984+00:00] XSM shadow: FLAT | breadth 1/9 | btc>100dMA False | 50dMA_rising False
--- refresh sleeve cards ---
Built 10 sleeve cards -> C:\Users\alexandre bandarra\Desktop\global\shadow_v52\cards
  V52: 9  XSM: 1
  index -> C:\Users\alexandre bandarra\Desktop\global\shadow_v52\SLEEVE_CARDS.md
--- TV dashboard cards feed (6 cards) ---
TV cards feed -> C:\Users\alexandre bandarra\Desktop\global\shadow_v52\_tv_cards_feed.json  (6 cards)
  V52-BTC   FLAT   conf 0 | fires 3
  V52-ETH   LONG   conf 45 | fires 11
  V52-SOL   LONG   conf 45 | fires 13
  V52-AVAX  LONG   conf 29 | fires 10
  V52-LINK  FLAT   conf 0 | fires 9
  V52-XSM   FLAT   breadth 1/9
=== V52 shadow tick 2026-06-11T12:05:03.203761+00:00 ===
--- data refresh ---
  BTC klines +1 -> 2026-06-11 12:00:00+00:00
  BTC funding +1 -> 2026-06-11 12:00:00.033000+00:00
  ETH klines +1 -> 2026-06-11 12:00:00+00:00
  ETH funding +1 -> 2026-06-11 12:00:00.033000+00:00
  AVAX klines +1 -> 2026-06-11 12:00:00+00:00
  AVAX funding +1 -> 2026-06-11 12:00:00.033000+00:00
  SOL klines +1 -> 2026-06-11 12:00:00+00:00
  SOL funding +1 -> 2026-06-11 12:00:00.033000+00:00
  LINK klines +1 -> 2026-06-11 12:00:00+00:00
  LINK funding +1 -> 2026-06-11 12:00:00.033000+00:00
--- V52 shadow run (9 sleeves) ---
[2026-06-11T12:05:16.172188+00:00] V52 shadow run complete
  open positions : 3
  pending fires  : 0
  recent closed  : 42
  ledger total   : 46
  data end       : 2026-06-11T12:00:00+00:00
  outputs        : C:\Users\alexandre bandarra\Desktop\global\shadow_v52
--- XSM shadow run (basket) ---
[2026-06-11T12:05:21.536424+00:00] XSM shadow: FLAT | breadth 1/9 | btc>100dMA False | 50dMA_rising False
--- refresh sleeve cards ---
Built 10 sleeve cards -> C:\Users\alexandre bandarra\Desktop\global\shadow_v52\cards
  V52: 9  XSM: 1
  index -> C:\Users\alexandre bandarra\Desktop\global\shadow_v52\SLEEVE_CARDS.md
--- TV dashboard cards feed (6 cards) ---

FEED STDERR:
 main()
    ~~~~^^
  File "C:\Users\alexandre bandarra\Desktop\global\shadow_v52\tv_cards_feed.py", line 133, in main
    feed = build_feed()
  File "C:\Users\alexandre bandarra\Desktop\global\shadow_v52\tv_cards_feed.py", line 51, in build_feed
    pending = _load("pending_fires_latest.csv")
  File "C:\Users\alexandre bandarra\Desktop\global\shadow_v52\tv_cards_feed.py", line 45, in _load
    return pd.read_csv(p) if p.exists() else pd.DataFrame()
           ~~~~~~~~~~~^^^
  File "C:\Python314\Lib\site-packages\pandas\io\parsers\readers.py", line 1026, in read_csv
    return _read(filepath_or_buffer, kwds)
  File "C:\Python314\Lib\site-packages\pandas\io\parsers\readers.py", line 620, in _read
    parser = TextFileReader(filepath_or_buffer, **kwds)
  File "C:\Python314\Lib\site-packages\pandas\io\parsers\readers.py", line 1620, in __init__
    self._engine = self._make_engine(f, self.engine)
                   ~~~~~~~~~~~~~~~~~^^^^^^^^^^^^^^^^
  File "C:\Python314\Lib\site-packages\pandas\io\parsers\readers.py", line 1898, in _make_engine
    return mapping[engine](f, **self.options)
           ~~~~~~~~~~~~~~~^^^^^^^^^^^^^^^^^^^
  File "C:\Python314\Lib\site-packages\pandas\io\parsers\c_parser_wrapper.py", line 93, in __init__
    self._reader = parsers.TextReader(src, **kwds)
                   ~~~~~~~~~~~~~~~~~~^^^^^^^^^^^^^
  File "pandas/_libs/parsers.pyx", line 581, in pandas._libs.parsers.TextReader.__cinit__
pandas.errors.EmptyDataError: No columns to parse from file

=== V52 shadow tick 2026-06-11T13:05:03.286315+00:00 ===
--- data refresh ---
  BTC klines no-new (last 2026-06-11 12:00:00+00:00)
  BTC funding +1 -> 2026-06-11 13:00:00.055000+00:00
  ETH klines no-new (last 2026-06-11 12:00:00+00:00)
  ETH funding +1 -> 2026-06-11 13:00:00.055000+00:00
  AVAX klines no-new (last 2026-06-11 12:00:00+00:00)
  AVAX funding +1 -> 2026-06-11 13:00:00.055000+00:00
  SOL klines no-new (last 2026-06-11 12:00:00+00:00)
  SOL funding +1 -> 2026-06-11 13:00:00.055000+00:00
  LINK klines no-new (last 2026-06-11 12:00:00+00:00)
  LINK funding +1 -> 2026-06-11 13:00:00.055000+00:00
--- V52 shadow run (9 sleeves) ---
[2026-06-11T13:05:10.790229+00:00] V52 shadow run complete
  open positions : 3
  pending fires  : 0
  recent closed  : 42
  ledger total   : 46
  data end       : 2026-06-11T12:00:00+00:00
  outputs        : C:\Users\alexandre bandarra\Desktop\global\shadow_v52
--- XSM shadow run (basket) ---
[2026-06-11T13:05:15.222561+00:00] XSM shadow: FLAT | breadth 1/9 | btc>100dMA False | 50dMA_rising False
--- refresh sleeve cards ---
Built 10 sleeve cards -> C:\Users\alexandre bandarra\Desktop\global\shadow_v52\cards
  V52: 9  XSM: 1
  index -> C:\Users\alexandre bandarra\Desktop\global\shadow_v52\SLEEVE_CARDS.md
--- TV dashboard cards feed (6 cards) ---

FEED STDERR:
 main()
    ~~~~^^
  File "C:\Users\alexandre bandarra\Desktop\global\shadow_v52\tv_cards_feed.py", line 133, in main
    feed = build_feed()
  File "C:\Users\alexandre bandarra\Desktop\global\shadow_v52\tv_cards_feed.py", line 51, in build_feed
    pending = _load("pending_fires_latest.csv")
  File "C:\Users\alexandre bandarra\Desktop\global\shadow_v52\tv_cards_feed.py", line 45, in _load
    return pd.read_csv(p) if p.exists() else pd.DataFrame()
           ~~~~~~~~~~~^^^
  File "C:\Python314\Lib\site-packages\pandas\io\parsers\readers.py", line 1026, in read_csv
    return _read(filepath_or_buffer, kwds)
  File "C:\Python314\Lib\site-packages\pandas\io\parsers\readers.py", line 620, in _read
    parser = TextFileReader(filepath_or_buffer, **kwds)
  File "C:\Python314\Lib\site-packages\pandas\io\parsers\readers.py", line 1620, in __init__
    self._engine = self._make_engine(f, self.engine)
                   ~~~~~~~~~~~~~~~~~^^^^^^^^^^^^^^^^
  File "C:\Python314\Lib\site-packages\pandas\io\parsers\readers.py", line 1898, in _make_engine
    return mapping[engine](f, **self.options)
           ~~~~~~~~~~~~~~~^^^^^^^^^^^^^^^^^^^
  File "C:\Python314\Lib\site-packages\pandas\io\parsers\c_parser_wrapper.py", line 93, in __init__
    self._reader = parsers.TextReader(src, **kwds)
                   ~~~~~~~~~~~~~~~~~~^^^^^^^^^^^^^
  File "pandas/_libs/parsers.pyx", line 581, in pandas._libs.parsers.TextReader.__cinit__
pandas.errors.EmptyDataError: No columns to parse from file

=== V52 shadow tick 2026-06-11T14:05:02.168511+00:00 ===
--- data refresh ---
  BTC klines no-new (last 2026-06-11 12:00:00+00:00)
  BTC funding no-new (last 2026-06-11 13:00:00.055000+00:00)
  ETH klines no-new (last 2026-06-11 12:00:00+00:00)
  ETH funding no-new (last 2026-06-11 13:00:00.055000+00:00)
  AVAX klines no-new (last 2026-06-11 12:00:00+00:00)
  AVAX funding no-new (last 2026-06-11 13:00:00.055000+00:00)
  SOL klines no-new (last 2026-06-11 12:00:00+00:00)
  SOL funding no-new (last 2026-06-11 13:00:00.055000+00:00)
  LINK klines no-new (last 2026-06-11 12:00:00+00:00)
  LINK funding no-new (last 2026-06-11 13:00:00.055000+00:00)
--- V52 shadow run (9 sleeves) ---
[2026-06-11T14:05:07.710754+00:00] V52 shadow run complete
  open positions : 3
  pending fires  : 0
  recent closed  : 42
  ledger total   : 46
  data end       : 2026-06-11T12:00:00+00:00
  outputs        : C:\Users\alexandre bandarra\Desktop\global\shadow_v52
--- XSM shadow run (basket) ---
[2026-06-11T14:05:11.554685+00:00] XSM shadow: FLAT | breadth 1/9 | btc>100dMA False | 50dMA_rising False
--- refresh sleeve cards ---
Built 10 sleeve cards -> C:\Users\alexandre bandarra\Desktop\global\shadow_v52\cards
  V52: 9  XSM: 1
  index -> C:\Users\alexandre bandarra\Desktop\global\shadow_v52\SLEEVE_CARDS.md
--- TV dashboard cards feed (6 cards) ---

FEED STDERR:
 main()
    ~~~~^^
  File "C:\Users\alexandre bandarra\Desktop\global\shadow_v52\tv_cards_feed.py", line 133, in main
    feed = build_feed()
  File "C:\Users\alexandre bandarra\Desktop\global\shadow_v52\tv_cards_feed.py", line 51, in build_feed
    pending = _load("pending_fires_latest.csv")
  File "C:\Users\alexandre bandarra\Desktop\global\shadow_v52\tv_cards_feed.py", line 45, in _load
    return pd.read_csv(p) if p.exists() else pd.DataFrame()
           ~~~~~~~~~~~^^^
  File "C:\Python314\Lib\site-packages\pandas\io\parsers\readers.py", line 1026, in read_csv
    return _read(filepath_or_buffer, kwds)
  File "C:\Python314\Lib\site-packages\pandas\io\parsers\readers.py", line 620, in _read
    parser = TextFileReader(filepath_or_buffer, **kwds)
  File "C:\Python314\Lib\site-packages\pandas\io\parsers\readers.py", line 1620, in __init__
    self._engine = self._make_engine(f, self.engine)
                   ~~~~~~~~~~~~~~~~~^^^^^^^^^^^^^^^^
  File "C:\Python314\Lib\site-packages\pandas\io\parsers\readers.py", line 1898, in _make_engine
    return mapping[engine](f, **self.options)
           ~~~~~~~~~~~~~~~^^^^^^^^^^^^^^^^^^^
  File "C:\Python314\Lib\site-packages\pandas\io\parsers\c_parser_wrapper.py", line 93, in __init__
    self._reader = parsers.TextReader(src, **kwds)
                   ~~~~~~~~~~~~~~~~~~^^^^^^^^^^^^^
  File "pandas/_libs/parsers.pyx", line 581, in pandas._libs.parsers.TextReader.__cinit__
pandas.errors.EmptyDataError: No columns to parse from file

=== V52 shadow tick 2026-06-11T16:05:02.092794+00:00 ===
--- data refresh ---
  BTC klines +1 -> 2026-06-11 16:00:00+00:00
  BTC funding +1 -> 2026-06-11 16:00:00.017000+00:00
  ETH klines +1 -> 2026-06-11 16:00:00+00:00
  ETH funding +2 -> 2026-06-11 16:00:00.017000+00:00
  AVAX klines +1 -> 2026-06-11 16:00:00+00:00
  AVAX funding +2 -> 2026-06-11 16:00:00.017000+00:00
  SOL klines +1 -> 2026-06-11 16:00:00+00:00
  SOL funding +2 -> 2026-06-11 16:00:00.017000+00:00
  LINK klines +1 -> 2026-06-11 16:00:00+00:00
  LINK funding +2 -> 2026-06-11 16:00:00.017000+00:00
--- V52 shadow run (9 sleeves) ---
[2026-06-11T16:05:14.788642+00:00] V52 shadow run complete
  open positions : 3
  pending fires  : 0
  recent closed  : 42
  ledger total   : 46
  data end       : 2026-06-11T16:00:00+00:00
  outputs        : C:\Users\alexandre bandarra\Desktop\global\shadow_v52
--- XSM shadow run (basket) ---
[2026-06-11T16:05:18.642440+00:00] XSM shadow: FLAT | breadth 1/9 | btc>100dMA False | 50dMA_rising False
--- refresh sleeve cards ---
Built 10 sleeve cards -> C:\Users\alexandre bandarra\Desktop\global\shadow_v52\cards
  V52: 9  XSM: 1
  index -> C:\Users\alexandre bandarra\Desktop\global\shadow_v52\SLEEVE_CARDS.md
--- TV dashboard cards feed (6 cards) ---

FEED STDERR:
 main()
    ~~~~^^
  File "C:\Users\alexandre bandarra\Desktop\global\shadow_v52\tv_cards_feed.py", line 133, in main
    feed = build_feed()
  File "C:\Users\alexandre bandarra\Desktop\global\shadow_v52\tv_cards_feed.py", line 51, in build_feed
    pending = _load("pending_fires_latest.csv")
  File "C:\Users\alexandre bandarra\Desktop\global\shadow_v52\tv_cards_feed.py", line 45, in _load
    return pd.read_csv(p) if p.exists() else pd.DataFrame()
           ~~~~~~~~~~~^^^
  File "C:\Python314\Lib\site-packages\pandas\io\parsers\readers.py", line 1026, in read_csv
    return _read(filepath_or_buffer, kwds)
  File "C:\Python314\Lib\site-packages\pandas\io\parsers\readers.py", line 620, in _read
    parser = TextFileReader(filepath_or_buffer, **kwds)
  File "C:\Python314\Lib\site-packages\pandas\io\parsers\readers.py", line 1620, in __init__
    self._engine = self._make_engine(f, self.engine)
                   ~~~~~~~~~~~~~~~~~^^^^^^^^^^^^^^^^
  File "C:\Python314\Lib\site-packages\pandas\io\parsers\readers.py", line 1898, in _make_engine
    return mapping[engine](f, **self.options)
           ~~~~~~~~~~~~~~~^^^^^^^^^^^^^^^^^^^
  File "C:\Python314\Lib\site-packages\pandas\io\parsers\c_parser_wrapper.py", line 93, in __init__
    self._reader = parsers.TextReader(src, **kwds)
                   ~~~~~~~~~~~~~~~~~~^^^^^^^^^^^^^
  File "pandas/_libs/parsers.pyx", line 581, in pandas._libs.parsers.TextReader.__cinit__
pandas.errors.EmptyDataError: No columns to parse from file

=== V52 shadow tick 2026-06-11T17:05:02.790602+00:00 ===
--- data refresh ---
  BTC klines no-new (last 2026-06-11 16:00:00+00:00)
  BTC funding +1 -> 2026-06-11 17:00:00.083000+00:00
  ETH klines no-new (last 2026-06-11 16:00:00+00:00)
  ETH funding +1 -> 2026-06-11 17:00:00.083000+00:00
  AVAX klines no-new (last 2026-06-11 16:00:00+00:00)
  AVAX funding +1 -> 2026-06-11 17:00:00.083000+00:00
  SOL klines no-new (last 2026-06-11 16:00:00+00:00)
  SOL funding +1 -> 2026-06-11 17:00:00.083000+00:00
  LINK klines no-new (last 2026-06-11 16:00:00+00:00)
  LINK funding +1 -> 2026-06-11 17:00:00.083000+00:00
--- V52 shadow run (9 sleeves) ---
[2026-06-11T17:05:10.116264+00:00] V52 shadow run complete
  open positions : 3
  pending fires  : 0
  recent closed  : 42
  ledger total   : 46
  data end       : 2026-06-11T16:00:00+00:00
  outputs        : C:\Users\alexandre bandarra\Desktop\global\shadow_v52
--- XSM shadow run (basket) ---
[2026-06-11T17:05:14.632674+00:00] XSM shadow: FLAT | breadth 1/9 | btc>100dMA False | 50dMA_rising False
--- refresh sleeve cards ---
Built 10 sleeve cards -> C:\Users\alexandre bandarra\Desktop\global\shadow_v52\cards
  V52: 9  XSM: 1
  index -> C:\Users\alexandre bandarra\Desktop\global\shadow_v52\SLEEVE_CARDS.md
--- TV dashboard cards feed (6 cards) ---

FEED STDERR:
 main()
    ~~~~^^
  File "C:\Users\alexandre bandarra\Desktop\global\shadow_v52\tv_cards_feed.py", line 133, in main
    feed = build_feed()
  File "C:\Users\alexandre bandarra\Desktop\global\shadow_v52\tv_cards_feed.py", line 51, in build_feed
    pending = _load("pending_fires_latest.csv")
  File "C:\Users\alexandre bandarra\Desktop\global\shadow_v52\tv_cards_feed.py", line 45, in _load
    return pd.read_csv(p) if p.exists() else pd.DataFrame()
           ~~~~~~~~~~~^^^
  File "C:\Python314\Lib\site-packages\pandas\io\parsers\readers.py", line 1026, in read_csv
    return _read(filepath_or_buffer, kwds)
  File "C:\Python314\Lib\site-packages\pandas\io\parsers\readers.py", line 620, in _read
    parser = TextFileReader(filepath_or_buffer, **kwds)
  File "C:\Python314\Lib\site-packages\pandas\io\parsers\readers.py", line 1620, in __init__
    self._engine = self._make_engine(f, self.engine)
                   ~~~~~~~~~~~~~~~~~^^^^^^^^^^^^^^^^
  File "C:\Python314\Lib\site-packages\pandas\io\parsers\readers.py", line 1898, in _make_engine
    return mapping[engine](f, **self.options)
           ~~~~~~~~~~~~~~~^^^^^^^^^^^^^^^^^^^
  File "C:\Python314\Lib\site-packages\pandas\io\parsers\c_parser_wrapper.py", line 93, in __init__
    self._reader = parsers.TextReader(src, **kwds)
                   ~~~~~~~~~~~~~~~~~~^^^^^^^^^^^^^
  File "pandas/_libs/parsers.pyx", line 581, in pandas._libs.parsers.TextReader.__cinit__
pandas.errors.EmptyDataError: No columns to parse from file

=== V52 shadow tick 2026-06-11T18:05:02.736342+00:00 ===
--- data refresh ---
  BTC klines no-new (last 2026-06-11 16:00:00+00:00)
  BTC funding no-new (last 2026-06-11 17:00:00.083000+00:00)
  ETH klines no-new (last 2026-06-11 16:00:00+00:00)
  ETH funding no-new (last 2026-06-11 17:00:00.083000+00:00)
  AVAX klines no-new (last 2026-06-11 16:00:00+00:00)
  AVAX funding no-new (last 2026-06-11 17:00:00.083000+00:00)
  SOL klines no-new (last 2026-06-11 16:00:00+00:00)
  SOL funding no-new (last 2026-06-11 17:00:00.083000+00:00)
  LINK klines no-new (last 2026-06-11 16:00:00+00:00)
  LINK funding no-new (last 2026-06-11 17:00:00.083000+00:00)
--- V52 shadow run (9 sleeves) ---
[2026-06-11T18:05:09.034836+00:00] V52 shadow run complete
  open positions : 3
  pending fires  : 0
  recent closed  : 42
  ledger total   : 46
  data end       : 2026-06-11T16:00:00+00:00
  outputs        : C:\Users\alexandre bandarra\Desktop\global\shadow_v52
--- XSM shadow run (basket) ---
[2026-06-11T18:05:12.883952+00:00] XSM shadow: FLAT | breadth 1/9 | btc>100dMA False | 50dMA_rising False
--- refresh sleeve cards ---
Built 10 sleeve cards -> C:\Users\alexandre bandarra\Desktop\global\shadow_v52\cards
  V52: 9  XSM: 1
  index -> C:\Users\alexandre bandarra\Desktop\global\shadow_v52\SLEEVE_CARDS.md
--- TV dashboard cards feed (6 cards) ---

FEED STDERR:
 main()
    ~~~~^^
  File "C:\Users\alexandre bandarra\Desktop\global\shadow_v52\tv_cards_feed.py", line 133, in main
    feed = build_feed()
  File "C:\Users\alexandre bandarra\Desktop\global\shadow_v52\tv_cards_feed.py", line 51, in build_feed
    pending = _load("pending_fires_latest.csv")
  File "C:\Users\alexandre bandarra\Desktop\global\shadow_v52\tv_cards_feed.py", line 45, in _load
    return pd.read_csv(p) if p.exists() else pd.DataFrame()
           ~~~~~~~~~~~^^^
  File "C:\Python314\Lib\site-packages\pandas\io\parsers\readers.py", line 1026, in read_csv
    return _read(filepath_or_buffer, kwds)
  File "C:\Python314\Lib\site-packages\pandas\io\parsers\readers.py", line 620, in _read
    parser = TextFileReader(filepath_or_buffer, **kwds)
  File "C:\Python314\Lib\site-packages\pandas\io\parsers\readers.py", line 1620, in __init__
    self._engine = self._make_engine(f, self.engine)
                   ~~~~~~~~~~~~~~~~~^^^^^^^^^^^^^^^^
  File "C:\Python314\Lib\site-packages\pandas\io\parsers\readers.py", line 1898, in _make_engine
    return mapping[engine](f, **self.options)
           ~~~~~~~~~~~~~~~^^^^^^^^^^^^^^^^^^^
  File "C:\Python314\Lib\site-packages\pandas\io\parsers\c_parser_wrapper.py", line 93, in __init__
    self._reader = parsers.TextReader(src, **kwds)
                   ~~~~~~~~~~~~~~~~~~^^^^^^^^^^^^^
  File "pandas/_libs/parsers.pyx", line 581, in pandas._libs.parsers.TextReader.__cinit__
pandas.errors.EmptyDataError: No columns to parse from file

=== V52 shadow tick 2026-06-11T19:05:02.751528+00:00 ===
--- data refresh ---
  BTC klines no-new (last 2026-06-11 16:00:00+00:00)
  BTC funding +1 -> 2026-06-11 19:00:00.018000+00:00
  ETH klines no-new (last 2026-06-11 16:00:00+00:00)
  ETH funding +1 -> 2026-06-11 19:00:00.018000+00:00
  AVAX klines no-new (last 2026-06-11 16:00:00+00:00)
  AVAX funding +1 -> 2026-06-11 19:00:00.018000+00:00
  SOL klines no-new (last 2026-06-11 16:00:00+00:00)
  SOL funding +1 -> 2026-06-11 19:00:00.018000+00:00
  LINK klines no-new (last 2026-06-11 16:00:00+00:00)
  LINK funding +1 -> 2026-06-11 19:00:00.018000+00:00
--- V52 shadow run (9 sleeves) ---
[2026-06-11T19:05:09.887587+00:00] V52 shadow run complete
  open positions : 3
  pending fires  : 0
  recent closed  : 42
  ledger total   : 46
  data end       : 2026-06-11T16:00:00+00:00
  outputs        : C:\Users\alexandre bandarra\Desktop\global\shadow_v52
--- XSM shadow run (basket) ---
[2026-06-11T19:05:13.753052+00:00] XSM shadow: FLAT | breadth 1/9 | btc>100dMA False | 50dMA_rising False
--- refresh sleeve cards ---
Built 10 sleeve cards -> C:\Users\alexandre bandarra\Desktop\global\shadow_v52\cards
  V52: 9  XSM: 1
  index -> C:\Users\alexandre bandarra\Desktop\global\shadow_v52\SLEEVE_CARDS.md
--- TV dashboard cards feed (6 cards) ---

FEED STDERR:
 main()
    ~~~~^^
  File "C:\Users\alexandre bandarra\Desktop\global\shadow_v52\tv_cards_feed.py", line 133, in main
    feed = build_feed()
  File "C:\Users\alexandre bandarra\Desktop\global\shadow_v52\tv_cards_feed.py", line 51, in build_feed
    pending = _load("pending_fires_latest.csv")
  File "C:\Users\alexandre bandarra\Desktop\global\shadow_v52\tv_cards_feed.py", line 45, in _load
    return pd.read_csv(p) if p.exists() else pd.DataFrame()
           ~~~~~~~~~~~^^^
  File "C:\Python314\Lib\site-packages\pandas\io\parsers\readers.py", line 1026, in read_csv
    return _read(filepath_or_buffer, kwds)
  File "C:\Python314\Lib\site-packages\pandas\io\parsers\readers.py", line 620, in _read
    parser = TextFileReader(filepath_or_buffer, **kwds)
  File "C:\Python314\Lib\site-packages\pandas\io\parsers\readers.py", line 1620, in __init__
    self._engine = self._make_engine(f, self.engine)
                   ~~~~~~~~~~~~~~~~~^^^^^^^^^^^^^^^^
  File "C:\Python314\Lib\site-packages\pandas\io\parsers\readers.py", line 1898, in _make_engine
    return mapping[engine](f, **self.options)
           ~~~~~~~~~~~~~~~^^^^^^^^^^^^^^^^^^^
  File "C:\Python314\Lib\site-packages\pandas\io\parsers\c_parser_wrapper.py", line 93, in __init__
    self._reader = parsers.TextReader(src, **kwds)
                   ~~~~~~~~~~~~~~~~~~^^^^^^^^^^^^^
  File "pandas/_libs/parsers.pyx", line 581, in pandas._libs.parsers.TextReader.__cinit__
pandas.errors.EmptyDataError: No columns to parse from file

=== V52 shadow tick 2026-06-11T20:05:01.754230+00:00 ===
--- data refresh ---
  BTC klines +1 -> 2026-06-11 20:00:00+00:00
  BTC funding no-new (last 2026-06-11 19:00:00.018000+00:00)
  ETH klines +1 -> 2026-06-11 20:00:00+00:00
  ETH funding no-new (last 2026-06-11 19:00:00.018000+00:00)
  AVAX klines +1 -> 2026-06-11 20:00:00+00:00
  AVAX funding no-new (last 2026-06-11 19:00:00.018000+00:00)
  SOL klines +1 -> 2026-06-11 20:00:00+00:00
  SOL funding no-new (last 2026-06-11 19:00:00.018000+00:00)
  LINK klines +1 -> 2026-06-11 20:00:00+00:00
  LINK funding no-new (last 2026-06-11 19:00:00.018000+00:00)
--- V52 shadow run (9 sleeves) ---
[2026-06-11T20:05:11.226678+00:00] V52 shadow run complete
  open positions : 3
  pending fires  : 0
  recent closed  : 42
  ledger total   : 46
  data end       : 2026-06-11T20:00:00+00:00
  outputs        : C:\Users\alexandre bandarra\Desktop\global\shadow_v52
--- XSM shadow run (basket) ---
[2026-06-11T20:05:15.045905+00:00] XSM shadow: FLAT | breadth 1/9 | btc>100dMA False | 50dMA_rising False
--- refresh sleeve cards ---
Built 10 sleeve cards -> C:\Users\alexandre bandarra\Desktop\global\shadow_v52\cards
  V52: 9  XSM: 1
  index -> C:\Users\alexandre bandarra\Desktop\global\shadow_v52\SLEEVE_CARDS.md
--- TV dashboard cards feed (6 cards) ---

FEED STDERR:
 main()
    ~~~~^^
  File "C:\Users\alexandre bandarra\Desktop\global\shadow_v52\tv_cards_feed.py", line 133, in main
    feed = build_feed()
  File "C:\Users\alexandre bandarra\Desktop\global\shadow_v52\tv_cards_feed.py", line 51, in build_feed
    pending = _load("pending_fires_latest.csv")
  File "C:\Users\alexandre bandarra\Desktop\global\shadow_v52\tv_cards_feed.py", line 45, in _load
    return pd.read_csv(p) if p.exists() else pd.DataFrame()
           ~~~~~~~~~~~^^^
  File "C:\Python314\Lib\site-packages\pandas\io\parsers\readers.py", line 1026, in read_csv
    return _read(filepath_or_buffer, kwds)
  File "C:\Python314\Lib\site-packages\pandas\io\parsers\readers.py", line 620, in _read
    parser = TextFileReader(filepath_or_buffer, **kwds)
  File "C:\Python314\Lib\site-packages\pandas\io\parsers\readers.py", line 1620, in __init__
    self._engine = self._make_engine(f, self.engine)
                   ~~~~~~~~~~~~~~~~~^^^^^^^^^^^^^^^^
  File "C:\Python314\Lib\site-packages\pandas\io\parsers\readers.py", line 1898, in _make_engine
    return mapping[engine](f, **self.options)
           ~~~~~~~~~~~~~~~^^^^^^^^^^^^^^^^^^^
  File "C:\Python314\Lib\site-packages\pandas\io\parsers\c_parser_wrapper.py", line 93, in __init__
    self._reader = parsers.TextReader(src, **kwds)
                   ~~~~~~~~~~~~~~~~~~^^^^^^^^^^^^^
  File "pandas/_libs/parsers.pyx", line 581, in pandas._libs.parsers.TextReader.__cinit__
pandas.errors.EmptyDataError: No columns to parse from file

=== V52 shadow tick 2026-06-11T21:05:01.783145+00:00 ===
--- data refresh ---
  BTC klines no-new (last 2026-06-11 20:00:00+00:00)
  funding page 0 ERR: ConnectionError: HTTPSConnectionPool(host='api.hyperliquid.xyz', port=443): Max retries exceeded with url: /info (Caused by NameResolutionError("HTTPSConnection(host='api.hyperliquid.xyz', port=443): Failed to resolve 'api.hyperliquid.xyz' ([Errno 11001] getaddrinfo failed)"))
  BTC funding no-new (last 2026-06-11 19:00:00.018000+00:00)
  ETH klines no-new (last 2026-06-11 20:00:00+00:00)
  funding page 0 ERR: ConnectionError: HTTPSConnectionPool(host='api.hyperliquid.xyz', port=443): Max retries exceeded with url: /info (Caused by NameResolutionError("HTTPSConnection(host='api.hyperliquid.xyz', port=443): Failed to resolve 'api.hyperliquid.xyz' ([Errno 11001] getaddrinfo failed)"))
  ETH funding no-new (last 2026-06-11 19:00:00.018000+00:00)
  AVAX klines no-new (last 2026-06-11 20:00:00+00:00)
  funding page 0 ERR: ConnectionError: HTTPSConnectionPool(host='api.hyperliquid.xyz', port=443): Max retries exceeded with url: /info (Caused by NameResolutionError("HTTPSConnection(host='api.hyperliquid.xyz', port=443): Failed to resolve 'api.hyperliquid.xyz' ([Errno 11001] getaddrinfo failed)"))
  AVAX funding no-new (last 2026-06-11 19:00:00.018000+00:00)
  SOL klines no-new (last 2026-06-11 20:00:00+00:00)
  funding page 0 ERR: ConnectionError: HTTPSConnectionPool(host='api.hyperliquid.xyz', port=443): Max retries exceeded with url: /info (Caused by NameResolutionError("HTTPSConnection(host='api.hyperliquid.xyz', port=443): Failed to resolve 'api.hyperliquid.xyz' ([Errno 11001] getaddrinfo failed)"))
  SOL funding no-new (last 2026-06-11 19:00:00.018000+00:00)
  LINK klines no-new (last 2026-06-11 20:00:00+00:00)
  funding page 0 ERR: ConnectionError: HTTPSConnectionPool(host='api.hyperliquid.xyz', port=443): Max retries exceeded with url: /info (Caused by NameResolutionError("HTTPSConnection(host='api.hyperliquid.xyz', port=443): Failed to resolve 'api.hyperliquid.xyz' ([Errno 11001] getaddrinfo failed)"))
  LINK funding no-new (last 2026-06-11 19:00:00.018000+00:00)
--- V52 shadow run (9 sleeves) ---
[2026-06-11T21:05:27.943594+00:00] V52 shadow run complete
  open positions : 3
  pending fires  : 0
  recent closed  : 42
  ledger total   : 46
  data end       : 2026-06-11T20:00:00+00:00
  outputs        : C:\Users\alexandre bandarra\Desktop\global\shadow_v52
--- XSM shadow run (basket) ---
[2026-06-11T21:05:31.789535+00:00] XSM shadow: FLAT | breadth 1/9 | btc>100dMA False | 50dMA_rising False
--- refresh sleeve cards ---
Built 10 sleeve cards -> C:\Users\alexandre bandarra\Desktop\global\shadow_v52\cards
  V52: 9  XSM: 1
  index -> C:\Users\alexandre bandarra\Desktop\global\shadow_v52\SLEEVE_CARDS.md
--- TV dashboard cards feed (6 cards) ---

FEED STDERR:
 main()
    ~~~~^^
  File "C:\Users\alexandre bandarra\Desktop\global\shadow_v52\tv_cards_feed.py", line 133, in main
    feed = build_feed()
  File "C:\Users\alexandre bandarra\Desktop\global\shadow_v52\tv_cards_feed.py", line 51, in build_feed
    pending = _load("pending_fires_latest.csv")
  File "C:\Users\alexandre bandarra\Desktop\global\shadow_v52\tv_cards_feed.py", line 45, in _load
    return pd.read_csv(p) if p.exists() else pd.DataFrame()
           ~~~~~~~~~~~^^^
  File "C:\Python314\Lib\site-packages\pandas\io\parsers\readers.py", line 1026, in read_csv
    return _read(filepath_or_buffer, kwds)
  File "C:\Python314\Lib\site-packages\pandas\io\parsers\readers.py", line 620, in _read
    parser = TextFileReader(filepath_or_buffer, **kwds)
  File "C:\Python314\Lib\site-packages\pandas\io\parsers\readers.py", line 1620, in __init__
    self._engine = self._make_engine(f, self.engine)
                   ~~~~~~~~~~~~~~~~~^^^^^^^^^^^^^^^^
  File "C:\Python314\Lib\site-packages\pandas\io\parsers\readers.py", line 1898, in _make_engine
    return mapping[engine](f, **self.options)
           ~~~~~~~~~~~~~~~^^^^^^^^^^^^^^^^^^^
  File "C:\Python314\Lib\site-packages\pandas\io\parsers\c_parser_wrapper.py", line 93, in __init__
    self._reader = parsers.TextReader(src, **kwds)
                   ~~~~~~~~~~~~~~~~~~^^^^^^^^^^^^^
  File "pandas/_libs/parsers.pyx", line 581, in pandas._libs.parsers.TextReader.__cinit__
pandas.errors.EmptyDataError: No columns to parse from file

=== V52 shadow tick 2026-06-11T22:05:01.757346+00:00 ===
--- data refresh ---
  BTC klines no-new (last 2026-06-11 20:00:00+00:00)
  funding page 0 ERR: ConnectionError: HTTPSConnectionPool(host='api.hyperliquid.xyz', port=443): Max retries exceeded with url: /info (Caused by NameResolutionError("HTTPSConnection(host='api.hyperliquid.xyz', port=443): Failed to resolve 'api.hyperliquid.xyz' ([Errno 11001] getaddrinfo failed)"))
  BTC funding no-new (last 2026-06-11 19:00:00.018000+00:00)
  ETH klines no-new (last 2026-06-11 20:00:00+00:00)
  funding page 0 ERR: ConnectionError: HTTPSConnectionPool(host='api.hyperliquid.xyz', port=443): Max retries exceeded with url: /info (Caused by NameResolutionError("HTTPSConnection(host='api.hyperliquid.xyz', port=443): Failed to resolve 'api.hyperliquid.xyz' ([Errno 11001] getaddrinfo failed)"))
  ETH funding no-new (last 2026-06-11 19:00:00.018000+00:00)
  AVAX klines no-new (last 2026-06-11 20:00:00+00:00)
  funding page 0 ERR: ConnectionError: HTTPSConnectionPool(host='api.hyperliquid.xyz', port=443): Max retries exceeded with url: /info (Caused by NameResolutionError("HTTPSConnection(host='api.hyperliquid.xyz', port=443): Failed to resolve 'api.hyperliquid.xyz' ([Errno 11001] getaddrinfo failed)"))
  AVAX funding no-new (last 2026-06-11 19:00:00.018000+00:00)
  SOL klines no-new (last 2026-06-11 20:00:00+00:00)
  funding page 0 ERR: ConnectionError: HTTPSConnectionPool(host='api.hyperliquid.xyz', port=443): Max retries exceeded with url: /info (Caused by NameResolutionError("HTTPSConnection(host='api.hyperliquid.xyz', port=443): Failed to resolve 'api.hyperliquid.xyz' ([Errno 11001] getaddrinfo failed)"))
  SOL funding no-new (last 2026-06-11 19:00:00.018000+00:00)
  LINK klines no-new (last 2026-06-11 20:00:00+00:00)
  funding page 0 ERR: ConnectionError: HTTPSConnectionPool(host='api.hyperliquid.xyz', port=443): Max retries exceeded with url: /info (Caused by NameResolutionError("HTTPSConnection(host='api.hyperliquid.xyz', port=443): Failed to resolve 'api.hyperliquid.xyz' ([Errno 11001] getaddrinfo failed)"))
  LINK funding no-new (last 2026-06-11 19:00:00.018000+00:00)
--- V52 shadow run (9 sleeves) ---
[2026-06-11T22:05:27.856368+00:00] V52 shadow run complete
  open positions : 3
  pending fires  : 0
  recent closed  : 42
  ledger total   : 46
  data end       : 2026-06-11T20:00:00+00:00
  outputs        : C:\Users\alexandre bandarra\Desktop\global\shadow_v52
--- XSM shadow run (basket) ---
[2026-06-11T22:05:31.698792+00:00] XSM shadow: FLAT | breadth 1/9 | btc>100dMA False | 50dMA_rising False
--- refresh sleeve cards ---
Built 10 sleeve cards -> C:\Users\alexandre bandarra\Desktop\global\shadow_v52\cards
  V52: 9  XSM: 1
  index -> C:\Users\alexandre bandarra\Desktop\global\shadow_v52\SLEEVE_CARDS.md
--- TV dashboard cards feed (6 cards) ---

FEED STDERR:
 main()
    ~~~~^^
  File "C:\Users\alexandre bandarra\Desktop\global\shadow_v52\tv_cards_feed.py", line 133, in main
    feed = build_feed()
  File "C:\Users\alexandre bandarra\Desktop\global\shadow_v52\tv_cards_feed.py", line 51, in build_feed
    pending = _load("pending_fires_latest.csv")
  File "C:\Users\alexandre bandarra\Desktop\global\shadow_v52\tv_cards_feed.py", line 45, in _load
    return pd.read_csv(p) if p.exists() else pd.DataFrame()
           ~~~~~~~~~~~^^^
  File "C:\Python314\Lib\site-packages\pandas\io\parsers\readers.py", line 1026, in read_csv
    return _read(filepath_or_buffer, kwds)
  File "C:\Python314\Lib\site-packages\pandas\io\parsers\readers.py", line 620, in _read
    parser = TextFileReader(filepath_or_buffer, **kwds)
  File "C:\Python314\Lib\site-packages\pandas\io\parsers\readers.py", line 1620, in __init__
    self._engine = self._make_engine(f, self.engine)
                   ~~~~~~~~~~~~~~~~~^^^^^^^^^^^^^^^^
  File "C:\Python314\Lib\site-packages\pandas\io\parsers\readers.py", line 1898, in _make_engine
    return mapping[engine](f, **self.options)
           ~~~~~~~~~~~~~~~^^^^^^^^^^^^^^^^^^^
  File "C:\Python314\Lib\site-packages\pandas\io\parsers\c_parser_wrapper.py", line 93, in __init__
    self._reader = parsers.TextReader(src, **kwds)
                   ~~~~~~~~~~~~~~~~~~^^^^^^^^^^^^^
  File "pandas/_libs/parsers.pyx", line 581, in pandas._libs.parsers.TextReader.__cinit__
pandas.errors.EmptyDataError: No columns to parse from file

=== V52 shadow tick 2026-06-11T23:05:01.788148+00:00 ===
--- data refresh ---
  BTC klines no-new (last 2026-06-11 20:00:00+00:00)
  funding page 0 ERR: ConnectionError: HTTPSConnectionPool(host='api.hyperliquid.xyz', port=443): Max retries exceeded with url: /info (Caused by NameResolutionError("HTTPSConnection(host='api.hyperliquid.xyz', port=443): Failed to resolve 'api.hyperliquid.xyz' ([Errno 11001] getaddrinfo failed)"))
  BTC funding no-new (last 2026-06-11 19:00:00.018000+00:00)
  ETH klines no-new (last 2026-06-11 20:00:00+00:00)
  funding page 0 ERR: ConnectionError: HTTPSConnectionPool(host='api.hyperliquid.xyz', port=443): Max retries exceeded with url: /info (Caused by NameResolutionError("HTTPSConnection(host='api.hyperliquid.xyz', port=443): Failed to resolve 'api.hyperliquid.xyz' ([Errno 11001] getaddrinfo failed)"))
  ETH funding no-new (last 2026-06-11 19:00:00.018000+00:00)
  AVAX klines no-new (last 2026-06-11 20:00:00+00:00)
  funding page 0 ERR: ConnectionError: HTTPSConnectionPool(host='api.hyperliquid.xyz', port=443): Max retries exceeded with url: /info (Caused by NameResolutionError("HTTPSConnection(host='api.hyperliquid.xyz', port=443): Failed to resolve 'api.hyperliquid.xyz' ([Errno 11001] getaddrinfo failed)"))
  AVAX funding no-new (last 2026-06-11 19:00:00.018000+00:00)
  SOL klines no-new (last 2026-06-11 20:00:00+00:00)
  funding page 0 ERR: ConnectionError: HTTPSConnectionPool(host='api.hyperliquid.xyz', port=443): Max retries exceeded with url: /info (Caused by NameResolutionError("HTTPSConnection(host='api.hyperliquid.xyz', port=443): Failed to resolve 'api.hyperliquid.xyz' ([Errno 11001] getaddrinfo failed)"))
  SOL funding no-new (last 2026-06-11 19:00:00.018000+00:00)
  LINK klines no-new (last 2026-06-11 20:00:00+00:00)
  funding page 0 ERR: ConnectionError: HTTPSConnectionPool(host='api.hyperliquid.xyz', port=443): Max retries exceeded with url: /info (Caused by NameResolutionError("HTTPSConnection(host='api.hyperliquid.xyz', port=443): Failed to resolve 'api.hyperliquid.xyz' ([Errno 11001] getaddrinfo failed)"))
  LINK funding no-new (last 2026-06-11 19:00:00.018000+00:00)
--- V52 shadow run (9 sleeves) ---
[2026-06-11T23:05:27.904432+00:00] V52 shadow run complete
  open positions : 3
  pending fires  : 0
  recent closed  : 42
  ledger total   : 46
  data end       : 2026-06-11T20:00:00+00:00
  outputs        : C:\Users\alexandre bandarra\Desktop\global\shadow_v52
--- XSM shadow run (basket) ---
[2026-06-11T23:05:32.373428+00:00] XSM shadow: FLAT | breadth 1/9 | btc>100dMA False | 50dMA_rising False
--- refresh sleeve cards ---
Built 10 sleeve cards -> C:\Users\alexandre bandarra\Desktop\global\shadow_v52\cards
  V52: 9  XSM: 1
  index -> C:\Users\alexandre bandarra\Desktop\global\shadow_v52\SLEEVE_CARDS.md
--- TV dashboard cards feed (6 cards) ---

FEED STDERR:
 main()
    ~~~~^^
  File "C:\Users\alexandre bandarra\Desktop\global\shadow_v52\tv_cards_feed.py", line 133, in main
    feed = build_feed()
  File "C:\Users\alexandre bandarra\Desktop\global\shadow_v52\tv_cards_feed.py", line 51, in build_feed
    pending = _load("pending_fires_latest.csv")
  File "C:\Users\alexandre bandarra\Desktop\global\shadow_v52\tv_cards_feed.py", line 45, in _load
    return pd.read_csv(p) if p.exists() else pd.DataFrame()
           ~~~~~~~~~~~^^^
  File "C:\Python314\Lib\site-packages\pandas\io\parsers\readers.py", line 1026, in read_csv
    return _read(filepath_or_buffer, kwds)
  File "C:\Python314\Lib\site-packages\pandas\io\parsers\readers.py", line 620, in _read
    parser = TextFileReader(filepath_or_buffer, **kwds)
  File "C:\Python314\Lib\site-packages\pandas\io\parsers\readers.py", line 1620, in __init__
    self._engine = self._make_engine(f, self.engine)
                   ~~~~~~~~~~~~~~~~~^^^^^^^^^^^^^^^^
  File "C:\Python314\Lib\site-packages\pandas\io\parsers\readers.py", line 1898, in _make_engine
    return mapping[engine](f, **self.options)
           ~~~~~~~~~~~~~~~^^^^^^^^^^^^^^^^^^^
  File "C:\Python314\Lib\site-packages\pandas\io\parsers\c_parser_wrapper.py", line 93, in __init__
    self._reader = parsers.TextReader(src, **kwds)
                   ~~~~~~~~~~~~~~~~~~^^^^^^^^^^^^^
  File "pandas/_libs/parsers.pyx", line 581, in pandas._libs.parsers.TextReader.__cinit__
pandas.errors.EmptyDataError: No columns to parse from file

=== V52 shadow tick 2026-06-12T00:05:01.776346+00:00 ===
--- data refresh ---
  page 0 ERR: ConnectionError: HTTPSConnectionPool(host='api.hyperliquid.xyz', port=443): Max retries exceeded with url: /info (Caused by NameResolutionError("HTTPSConnection(host='api.hyperliquid.xyz', port=443): Failed to resolve 'api.hyperliquid.xyz' ([Errno 11001] getaddrinfo failed)"))
  BTC klines no-new (last 2026-06-11 20:00:00+00:00)
  funding page 0 ERR: ConnectionError: HTTPSConnectionPool(host='api.hyperliquid.xyz', port=443): Max retries exceeded with url: /info (Caused by NameResolutionError("HTTPSConnection(host='api.hyperliquid.xyz', port=443): Failed to resolve 'api.hyperliquid.xyz' ([Errno 11001] getaddrinfo failed)"))
  BTC funding no-new (last 2026-06-11 19:00:00.018000+00:00)
  page 0 ERR: ConnectionError: HTTPSConnectionPool(host='api.hyperliquid.xyz', port=443): Max retries exceeded with url: /info (Caused by NameResolutionError("HTTPSConnection(host='api.hyperliquid.xyz', port=443): Failed to resolve 'api.hyperliquid.xyz' ([Errno 11001] getaddrinfo failed)"))
  ETH klines no-new (last 2026-06-11 20:00:00+00:00)
  funding page 0 ERR: ConnectionError: HTTPSConnectionPool(host='api.hyperliquid.xyz', port=443): Max retries exceeded with url: /info (Caused by NameResolutionError("HTTPSConnection(host='api.hyperliquid.xyz', port=443): Failed to resolve 'api.hyperliquid.xyz' ([Errno 11001] getaddrinfo failed)"))
  ETH funding no-new (last 2026-06-11 19:00:00.018000+00:00)
  page 0 ERR: ConnectionError: HTTPSConnectionPool(host='api.hyperliquid.xyz', port=443): Max retries exceeded with url: /info (Caused by NameResolutionError("HTTPSConnection(host='api.hyperliquid.xyz', port=443): Failed to resolve 'api.hyperliquid.xyz' ([Errno 11001] getaddrinfo failed)"))
  AVAX klines no-new (last 2026-06-11 20:00:00+00:00)
  funding page 0 ERR: ConnectionError: HTTPSConnectionPool(host='api.hyperliquid.xyz', port=443): Max retries exceeded with url: /info (Caused by NameResolutionError("HTTPSConnection(host='api.hyperliquid.xyz', port=443): Failed to resolve 'api.hyperliquid.xyz' ([Errno 11001] getaddrinfo failed)"))
  AVAX funding no-new (last 2026-06-11 19:00:00.018000+00:00)
  page 0 ERR: ConnectionError: HTTPSConnectionPool(host='api.hyperliquid.xyz', port=443): Max retries exceeded with url: /info (Caused by NameResolutionError("HTTPSConnection(host='api.hyperliquid.xyz', port=443): Failed to resolve 'api.hyperliquid.xyz' ([Errno 11001] getaddrinfo failed)"))
  SOL klines no-new (last 2026-06-11 20:00:00+00:00)
  funding page 0 ERR: ConnectionError: HTTPSConnectionPool(host='api.hyperliquid.xyz', port=443): Max retries exceeded with url: /info (Caused by NameResolutionError("HTTPSConnection(host='api.hyperliquid.xyz', port=443): Failed to resolve 'api.hyperliquid.xyz' ([Errno 11001] getaddrinfo failed)"))
  SOL funding no-new (last 2026-06-11 19:00:00.018000+00:00)
  page 0 ERR: ConnectionError: HTTPSConnectionPool(host='api.hyperliquid.xyz', port=443): Max retries exceeded with url: /info (Caused by NameResolutionError("HTTPSConnection(host='api.hyperliquid.xyz', port=443): Failed to resolve 'api.hyperliquid.xyz' ([Errno 11001] getaddrinfo failed)"))
  LINK klines no-new (last 2026-06-11 20:00:00+00:00)
  funding page 0 ERR: ConnectionError: HTTPSConnectionPool(host='api.hyperliquid.xyz', port=443): Max retries exceeded with url: /info (Caused by NameResolutionError("HTTPSConnection(host='api.hyperliquid.xyz', port=443): Failed to resolve 'api.hyperliquid.xyz' ([Errno 11001] getaddrinfo failed)"))
  LINK funding no-new (last 2026-06-11 19:00:00.018000+00:00)
--- V52 shadow run (9 sleeves) ---
[2026-06-12T00:05:51.556087+00:00] V52 shadow run complete
  open positions : 3
  pending fires  : 0
  recent closed  : 42
  ledger total   : 46
  data end       : 2026-06-11T20:00:00+00:00
  outputs        : C:\Users\alexandre bandarra\Desktop\global\shadow_v52
--- XSM shadow run (basket) ---
[2026-06-12T00:05:55.466678+00:00] XSM shadow: FLAT | breadth 1/9 | btc>100dMA False | 50dMA_rising False
--- refresh sleeve cards ---
Built 10 sleeve cards -> C:\Users\alexandre bandarra\Desktop\global\shadow_v52\cards
  V52: 9  XSM: 1
  index -> C:\Users\alexandre bandarra\Desktop\global\shadow_v52\SLEEVE_CARDS.md
--- TV dashboard cards feed (6 cards) ---

FEED STDERR:
 main()
    ~~~~^^
  File "C:\Users\alexandre bandarra\Desktop\global\shadow_v52\tv_cards_feed.py", line 133, in main
    feed = build_feed()
  File "C:\Users\alexandre bandarra\Desktop\global\shadow_v52\tv_cards_feed.py", line 51, in build_feed
    pending = _load("pending_fires_latest.csv")
  File "C:\Users\alexandre bandarra\Desktop\global\shadow_v52\tv_cards_feed.py", line 45, in _load
    return pd.read_csv(p) if p.exists() else pd.DataFrame()
           ~~~~~~~~~~~^^^
  File "C:\Python314\Lib\site-packages\pandas\io\parsers\readers.py", line 1026, in read_csv
    return _read(filepath_or_buffer, kwds)
  File "C:\Python314\Lib\site-packages\pandas\io\parsers\readers.py", line 620, in _read
    parser = TextFileReader(filepath_or_buffer, **kwds)
  File "C:\Python314\Lib\site-packages\pandas\io\parsers\readers.py", line 1620, in __init__
    self._engine = self._make_engine(f, self.engine)
                   ~~~~~~~~~~~~~~~~~^^^^^^^^^^^^^^^^
  File "C:\Python314\Lib\site-packages\pandas\io\parsers\readers.py", line 1898, in _make_engine
    return mapping[engine](f, **self.options)
           ~~~~~~~~~~~~~~~^^^^^^^^^^^^^^^^^^^
  File "C:\Python314\Lib\site-packages\pandas\io\parsers\c_parser_wrapper.py", line 93, in __init__
    self._reader = parsers.TextReader(src, **kwds)
                   ~~~~~~~~~~~~~~~~~~^^^^^^^^^^^^^
  File "pandas/_libs/parsers.pyx", line 581, in pandas._libs.parsers.TextReader.__cinit__
pandas.errors.EmptyDataError: No columns to parse from file

=== V52 shadow tick 2026-06-12T01:05:01.788978+00:00 ===
--- data refresh ---
  page 0 ERR: ConnectionError: HTTPSConnectionPool(host='api.hyperliquid.xyz', port=443): Max retries exceeded with url: /info (Caused by NameResolutionError("HTTPSConnection(host='api.hyperliquid.xyz', port=443): Failed to resolve 'api.hyperliquid.xyz' ([Errno 11001] getaddrinfo failed)"))
  BTC klines no-new (last 2026-06-11 20:00:00+00:00)
  funding page 0 ERR: ConnectionError: HTTPSConnectionPool(host='api.hyperliquid.xyz', port=443): Max retries exceeded with url: /info (Caused by NameResolutionError("HTTPSConnection(host='api.hyperliquid.xyz', port=443): Failed to resolve 'api.hyperliquid.xyz' ([Errno 11001] getaddrinfo failed)"))
  BTC funding no-new (last 2026-06-11 19:00:00.018000+00:00)
  page 0 ERR: ConnectionError: HTTPSConnectionPool(host='api.hyperliquid.xyz', port=443): Max retries exceeded with url: /info (Caused by NameResolutionError("HTTPSConnection(host='api.hyperliquid.xyz', port=443): Failed to resolve 'api.hyperliquid.xyz' ([Errno 11001] getaddrinfo failed)"))
  ETH klines no-new (last 2026-06-11 20:00:00+00:00)
  funding page 0 ERR: ConnectionError: HTTPSConnectionPool(host='api.hyperliquid.xyz', port=443): Max retries exceeded with url: /info (Caused by NameResolutionError("HTTPSConnection(host='api.hyperliquid.xyz', port=443): Failed to resolve 'api.hyperliquid.xyz' ([Errno 11001] getaddrinfo failed)"))
  ETH funding no-new (last 2026-06-11 19:00:00.018000+00:00)
  page 0 ERR: ConnectionError: HTTPSConnectionPool(host='api.hyperliquid.xyz', port=443): Max retries exceeded with url: /info (Caused by NameResolutionError("HTTPSConnection(host='api.hyperliquid.xyz', port=443): Failed to resolve 'api.hyperliquid.xyz' ([Errno 11001] getaddrinfo failed)"))
  AVAX klines no-new (last 2026-06-11 20:00:00+00:00)
  funding page 0 ERR: ConnectionError: HTTPSConnectionPool(host='api.hyperliquid.xyz', port=443): Max retries exceeded with url: /info (Caused by NameResolutionError("HTTPSConnection(host='api.hyperliquid.xyz', port=443): Failed to resolve 'api.hyperliquid.xyz' ([Errno 11001] getaddrinfo failed)"))
  AVAX funding no-new (last 2026-06-11 19:00:00.018000+00:00)
  page 0 ERR: ConnectionError: HTTPSConnectionPool(host='api.hyperliquid.xyz', port=443): Max retries exceeded with url: /info (Caused by NameResolutionError("HTTPSConnection(host='api.hyperliquid.xyz', port=443): Failed to resolve 'api.hyperliquid.xyz' ([Errno 11001] getaddrinfo failed)"))
  SOL klines no-new (last 2026-06-11 20:00:00+00:00)
  funding page 0 ERR: ConnectionError: HTTPSConnectionPool(host='api.hyperliquid.xyz', port=443): Max retries exceeded with url: /info (Caused by NameResolutionError("HTTPSConnection(host='api.hyperliquid.xyz', port=443): Failed to resolve 'api.hyperliquid.xyz' ([Errno 11001] getaddrinfo failed)"))
  SOL funding no-new (last 2026-06-11 19:00:00.018000+00:00)
  page 0 ERR: ConnectionError: HTTPSConnectionPool(host='api.hyperliquid.xyz', port=443): Max retries exceeded with url: /info (Caused by NameResolutionError("HTTPSConnection(host='api.hyperliquid.xyz', port=443): Failed to resolve 'api.hyperliquid.xyz' ([Errno 11001] getaddrinfo failed)"))
  LINK klines no-new (last 2026-06-11 20:00:00+00:00)
  funding page 0 ERR: ConnectionError: HTTPSConnectionPool(host='api.hyperliquid.xyz', port=443): Max retries exceeded with url: /info (Caused by NameResolutionError("HTTPSConnection(host='api.hyperliquid.xyz', port=443): Failed to resolve 'api.hyperliquid.xyz' ([Errno 11001] getaddrinfo failed)"))
  LINK funding no-new (last 2026-06-11 19:00:00.018000+00:00)
--- V52 shadow run (9 sleeves) ---
[2026-06-12T01:05:51.854335+00:00] V52 shadow run complete
  open positions : 3
  pending fires  : 0
  recent closed  : 42
  ledger total   : 46
  data end       : 2026-06-11T20:00:00+00:00
  outputs        : C:\Users\alexandre bandarra\Desktop\global\shadow_v52
--- XSM shadow run (basket) ---
[2026-06-12T01:05:55.721722+00:00] XSM shadow: FLAT | breadth 1/9 | btc>100dMA False | 50dMA_rising False
--- refresh sleeve cards ---
Built 10 sleeve cards -> C:\Users\alexandre bandarra\Desktop\global\shadow_v52\cards
  V52: 9  XSM: 1
  index -> C:\Users\alexandre bandarra\Desktop\global\shadow_v52\SLEEVE_CARDS.md
--- TV dashboard cards feed (6 cards) ---

FEED STDERR:
 main()
    ~~~~^^
  File "C:\Users\alexandre bandarra\Desktop\global\shadow_v52\tv_cards_feed.py", line 133, in main
    feed = build_feed()
  File "C:\Users\alexandre bandarra\Desktop\global\shadow_v52\tv_cards_feed.py", line 51, in build_feed
    pending = _load("pending_fires_latest.csv")
  File "C:\Users\alexandre bandarra\Desktop\global\shadow_v52\tv_cards_feed.py", line 45, in _load
    return pd.read_csv(p) if p.exists() else pd.DataFrame()
           ~~~~~~~~~~~^^^
  File "C:\Python314\Lib\site-packages\pandas\io\parsers\readers.py", line 1026, in read_csv
    return _read(filepath_or_buffer, kwds)
  File "C:\Python314\Lib\site-packages\pandas\io\parsers\readers.py", line 620, in _read
    parser = TextFileReader(filepath_or_buffer, **kwds)
  File "C:\Python314\Lib\site-packages\pandas\io\parsers\readers.py", line 1620, in __init__
    self._engine = self._make_engine(f, self.engine)
                   ~~~~~~~~~~~~~~~~~^^^^^^^^^^^^^^^^
  File "C:\Python314\Lib\site-packages\pandas\io\parsers\readers.py", line 1898, in _make_engine
    return mapping[engine](f, **self.options)
           ~~~~~~~~~~~~~~~^^^^^^^^^^^^^^^^^^^
  File "C:\Python314\Lib\site-packages\pandas\io\parsers\c_parser_wrapper.py", line 93, in __init__
    self._reader = parsers.TextReader(src, **kwds)
                   ~~~~~~~~~~~~~~~~~~^^^^^^^^^^^^^
  File "pandas/_libs/parsers.pyx", line 581, in pandas._libs.parsers.TextReader.__cinit__
pandas.errors.EmptyDataError: No columns to parse from file

=== V52 shadow tick 2026-06-12T02:05:01.792604+00:00 ===
--- data refresh ---
  page 0 ERR: ConnectionError: HTTPSConnectionPool(host='api.hyperliquid.xyz', port=443): Max retries exceeded with url: /info (Caused by NameResolutionError("HTTPSConnection(host='api.hyperliquid.xyz', port=443): Failed to resolve 'api.hyperliquid.xyz' ([Errno 11001] getaddrinfo failed)"))
  BTC klines no-new (last 2026-06-11 20:00:00+00:00)
  funding page 0 ERR: ConnectionError: HTTPSConnectionPool(host='api.hyperliquid.xyz', port=443): Max retries exceeded with url: /info (Caused by NameResolutionError("HTTPSConnection(host='api.hyperliquid.xyz', port=443): Failed to resolve 'api.hyperliquid.xyz' ([Errno 11001] getaddrinfo failed)"))
  BTC funding no-new (last 2026-06-11 19:00:00.018000+00:00)
  page 0 ERR: ConnectionError: HTTPSConnectionPool(host='api.hyperliquid.xyz', port=443): Max retries exceeded with url: /info (Caused by NameResolutionError("HTTPSConnection(host='api.hyperliquid.xyz', port=443): Failed to resolve 'api.hyperliquid.xyz' ([Errno 11001] getaddrinfo failed)"))
  ETH klines no-new (last 2026-06-11 20:00:00+00:00)
  funding page 0 ERR: ConnectionError: HTTPSConnectionPool(host='api.hyperliquid.xyz', port=443): Max retries exceeded with url: /info (Caused by NameResolutionError("HTTPSConnection(host='api.hyperliquid.xyz', port=443): Failed to resolve 'api.hyperliquid.xyz' ([Errno 11001] getaddrinfo failed)"))
  ETH funding no-new (last 2026-06-11 19:00:00.018000+00:00)
  page 0 ERR: ConnectionError: HTTPSConnectionPool(host='api.hyperliquid.xyz', port=443): Max retries exceeded with url: /info (Caused by NameResolutionError("HTTPSConnection(host='api.hyperliquid.xyz', port=443): Failed to resolve 'api.hyperliquid.xyz' ([Errno 11001] getaddrinfo failed)"))
  AVAX klines no-new (last 2026-06-11 20:00:00+00:00)
  funding page 0 ERR: ConnectionError: HTTPSConnectionPool(host='api.hyperliquid.xyz', port=443): Max retries exceeded with url: /info (Caused by NameResolutionError("HTTPSConnection(host='api.hyperliquid.xyz', port=443): Failed to resolve 'api.hyperliquid.xyz' ([Errno 11001] getaddrinfo failed)"))
  AVAX funding no-new (last 2026-06-11 19:00:00.018000+00:00)
  page 0 ERR: ConnectionError: HTTPSConnectionPool(host='api.hyperliquid.xyz', port=443): Max retries exceeded with url: /info (Caused by NameResolutionError("HTTPSConnection(host='api.hyperliquid.xyz', port=443): Failed to resolve 'api.hyperliquid.xyz' ([Errno 11001] getaddrinfo failed)"))
  SOL klines no-new (last 2026-06-11 20:00:00+00:00)
  funding page 0 ERR: ConnectionError: HTTPSConnectionPool(host='api.hyperliquid.xyz', port=443): Max retries exceeded with url: /info (Caused by NameResolutionError("HTTPSConnection(host='api.hyperliquid.xyz', port=443): Failed to resolve 'api.hyperliquid.xyz' ([Errno 11001] getaddrinfo failed)"))
  SOL funding no-new (last 2026-06-11 19:00:00.018000+00:00)
  page 0 ERR: ConnectionError: HTTPSConnectionPool(host='api.hyperliquid.xyz', port=443): Max retries exceeded with url: /info (Caused by NameResolutionError("HTTPSConnection(host='api.hyperliquid.xyz', port=443): Failed to resolve 'api.hyperliquid.xyz' ([Errno 11001] getaddrinfo failed)"))
  LINK klines no-new (last 2026-06-11 20:00:00+00:00)
  funding page 0 ERR: ConnectionError: HTTPSConnectionPool(host='api.hyperliquid.xyz', port=443): Max retries exceeded with url: /info (Caused by NameResolutionError("HTTPSConnection(host='api.hyperliquid.xyz', port=443): Failed to resolve 'api.hyperliquid.xyz' ([Errno 11001] getaddrinfo failed)"))
  LINK funding no-new (last 2026-06-11 19:00:00.018000+00:00)
--- V52 shadow run (9 sleeves) ---
[2026-06-12T02:05:51.613759+00:00] V52 shadow run complete
  open positions : 3
  pending fires  : 0
  recent closed  : 42
  ledger total   : 46
  data end       : 2026-06-11T20:00:00+00:00
  outputs        : C:\Users\alexandre bandarra\Desktop\global\shadow_v52
--- XSM shadow run (basket) ---
[2026-06-12T02:05:55.209664+00:00] XSM shadow: FLAT | breadth 1/9 | btc>100dMA False | 50dMA_rising False
--- refresh sleeve cards ---
Built 10 sleeve cards -> C:\Users\alexandre bandarra\Desktop\global\shadow_v52\cards
  V52: 9  XSM: 1
  index -> C:\Users\alexandre bandarra\Desktop\global\shadow_v52\SLEEVE_CARDS.md
--- TV dashboard cards feed (6 cards) ---

FEED STDERR:
 main()
    ~~~~^^
  File "C:\Users\alexandre bandarra\Desktop\global\shadow_v52\tv_cards_feed.py", line 133, in main
    feed = build_feed()
  File "C:\Users\alexandre bandarra\Desktop\global\shadow_v52\tv_cards_feed.py", line 51, in build_feed
    pending = _load("pending_fires_latest.csv")
  File "C:\Users\alexandre bandarra\Desktop\global\shadow_v52\tv_cards_feed.py", line 45, in _load
    return pd.read_csv(p) if p.exists() else pd.DataFrame()
           ~~~~~~~~~~~^^^
  File "C:\Python314\Lib\site-packages\pandas\io\parsers\readers.py", line 1026, in read_csv
    return _read(filepath_or_buffer, kwds)
  File "C:\Python314\Lib\site-packages\pandas\io\parsers\readers.py", line 620, in _read
    parser = TextFileReader(filepath_or_buffer, **kwds)
  File "C:\Python314\Lib\site-packages\pandas\io\parsers\readers.py", line 1620, in __init__
    self._engine = self._make_engine(f, self.engine)
                   ~~~~~~~~~~~~~~~~~^^^^^^^^^^^^^^^^
  File "C:\Python314\Lib\site-packages\pandas\io\parsers\readers.py", line 1898, in _make_engine
    return mapping[engine](f, **self.options)
           ~~~~~~~~~~~~~~~^^^^^^^^^^^^^^^^^^^
  File "C:\Python314\Lib\site-packages\pandas\io\parsers\c_parser_wrapper.py", line 93, in __init__
    self._reader = parsers.TextReader(src, **kwds)
                   ~~~~~~~~~~~~~~~~~~^^^^^^^^^^^^^
  File "pandas/_libs/parsers.pyx", line 581, in pandas._libs.parsers.TextReader.__cinit__
pandas.errors.EmptyDataError: No columns to parse from file

=== V52 shadow tick 2026-06-12T03:05:01.869629+00:00 ===
--- data refresh ---
  BTC klines +1 -> 2026-06-12 00:00:00+00:00
  BTC funding +7 -> 2026-06-12 03:00:00.057000+00:00
  ETH klines +1 -> 2026-06-12 00:00:00+00:00
  ETH funding +7 -> 2026-06-12 03:00:00.057000+00:00
  AVAX klines +1 -> 2026-06-12 00:00:00+00:00
  AVAX funding +7 -> 2026-06-12 03:00:00.057000+00:00
  SOL klines +1 -> 2026-06-12 00:00:00+00:00
  SOL funding +7 -> 2026-06-12 03:00:00.057000+00:00
  LINK klines +1 -> 2026-06-12 00:00:00+00:00
  LINK funding +7 -> 2026-06-12 03:00:00.057000+00:00
--- V52 shadow run (9 sleeves) ---
[2026-06-12T03:05:13.300301+00:00] V52 shadow run complete
  open positions : 3
  pending fires  : 0
  recent closed  : 42
  ledger total   : 46
  data end       : 2026-06-12T00:00:00+00:00
  outputs        : C:\Users\alexandre bandarra\Desktop\global\shadow_v52
--- XSM shadow run (basket) ---
[2026-06-12T03:05:17.161378+00:00] XSM shadow: FLAT | breadth 1/9 | btc>100dMA False | 50dMA_rising False
--- refresh sleeve cards ---
Built 10 sleeve cards -> C:\Users\alexandre bandarra\Desktop\global\shadow_v52\cards
  V52: 9  XSM: 1
  index -> C:\Users\alexandre bandarra\Desktop\global\shadow_v52\SLEEVE_CARDS.md
--- TV dashboard cards feed (6 cards) ---

FEED STDERR:
 main()
    ~~~~^^
  File "C:\Users\alexandre bandarra\Desktop\global\shadow_v52\tv_cards_feed.py", line 133, in main
    feed = build_feed()
  File "C:\Users\alexandre bandarra\Desktop\global\shadow_v52\tv_cards_feed.py", line 51, in build_feed
    pending = _load("pending_fires_latest.csv")
  File "C:\Users\alexandre bandarra\Desktop\global\shadow_v52\tv_cards_feed.py", line 45, in _load
    return pd.read_csv(p) if p.exists() else pd.DataFrame()
           ~~~~~~~~~~~^^^
  File "C:\Python314\Lib\site-packages\pandas\io\parsers\readers.py", line 1026, in read_csv
    return _read(filepath_or_buffer, kwds)
  File "C:\Python314\Lib\site-packages\pandas\io\parsers\readers.py", line 620, in _read
    parser = TextFileReader(filepath_or_buffer, **kwds)
  File "C:\Python314\Lib\site-packages\pandas\io\parsers\readers.py", line 1620, in __init__
    self._engine = self._make_engine(f, self.engine)
                   ~~~~~~~~~~~~~~~~~^^^^^^^^^^^^^^^^
  File "C:\Python314\Lib\site-packages\pandas\io\parsers\readers.py", line 1898, in _make_engine
    return mapping[engine](f, **self.options)
           ~~~~~~~~~~~~~~~^^^^^^^^^^^^^^^^^^^
  File "C:\Python314\Lib\site-packages\pandas\io\parsers\c_parser_wrapper.py", line 93, in __init__
    self._reader = parsers.TextReader(src, **kwds)
                   ~~~~~~~~~~~~~~~~~~^^^^^^^^^^^^^
  File "pandas/_libs/parsers.pyx", line 581, in pandas._libs.parsers.TextReader.__cinit__
pandas.errors.EmptyDataError: No columns to parse from file

=== V52 shadow tick 2026-06-12T04:05:01.824571+00:00 ===
--- data refresh ---
  BTC klines +1 -> 2026-06-12 04:00:00+00:00
  BTC funding no-new (last 2026-06-12 03:00:00.057000+00:00)
  ETH klines +1 -> 2026-06-12 04:00:00+00:00
  ETH funding no-new (last 2026-06-12 03:00:00.057000+00:00)
  AVAX klines +1 -> 2026-06-12 04:00:00+00:00
  AVAX funding no-new (last 2026-06-12 03:00:00.057000+00:00)
  SOL klines +1 -> 2026-06-12 04:00:00+00:00
  SOL funding no-new (last 2026-06-12 03:00:00.057000+00:00)
  LINK klines +1 -> 2026-06-12 04:00:00+00:00
  LINK funding no-new (last 2026-06-12 03:00:00.057000+00:00)
--- V52 shadow run (9 sleeves) ---
[2026-06-12T04:05:11.234411+00:00] V52 shadow run complete
  open positions : 3
  pending fires  : 0
  recent closed  : 42
  ledger total   : 46
  data end       : 2026-06-12T04:00:00+00:00
  outputs        : C:\Users\alexandre bandarra\Desktop\global\shadow_v52
--- XSM shadow run (basket) ---
[2026-06-12T04:05:15.070830+00:00] XSM shadow: FLAT | breadth 1/9 | btc>100dMA False | 50dMA_rising False
--- refresh sleeve cards ---
Built 10 sleeve cards -> C:\Users\alexandre bandarra\Desktop\global\shadow_v52\cards
  V52: 9  XSM: 1
  index -> C:\Users\alexandre bandarra\Desktop\global\shadow_v52\SLEEVE_CARDS.md
--- TV dashboard cards feed (6 cards) ---

FEED STDERR:
 main()
    ~~~~^^
  File "C:\Users\alexandre bandarra\Desktop\global\shadow_v52\tv_cards_feed.py", line 133, in main
    feed = build_feed()
  File "C:\Users\alexandre bandarra\Desktop\global\shadow_v52\tv_cards_feed.py", line 51, in build_feed
    pending = _load("pending_fires_latest.csv")
  File "C:\Users\alexandre bandarra\Desktop\global\shadow_v52\tv_cards_feed.py", line 45, in _load
    return pd.read_csv(p) if p.exists() else pd.DataFrame()
           ~~~~~~~~~~~^^^
  File "C:\Python314\Lib\site-packages\pandas\io\parsers\readers.py", line 1026, in read_csv
    return _read(filepath_or_buffer, kwds)
  File "C:\Python314\Lib\site-packages\pandas\io\parsers\readers.py", line 620, in _read
    parser = TextFileReader(filepath_or_buffer, **kwds)
  File "C:\Python314\Lib\site-packages\pandas\io\parsers\readers.py", line 1620, in __init__
    self._engine = self._make_engine(f, self.engine)
                   ~~~~~~~~~~~~~~~~~^^^^^^^^^^^^^^^^
  File "C:\Python314\Lib\site-packages\pandas\io\parsers\readers.py", line 1898, in _make_engine
    return mapping[engine](f, **self.options)
           ~~~~~~~~~~~~~~~^^^^^^^^^^^^^^^^^^^
  File "C:\Python314\Lib\site-packages\pandas\io\parsers\c_parser_wrapper.py", line 93, in __init__
    self._reader = parsers.TextReader(src, **kwds)
                   ~~~~~~~~~~~~~~~~~~^^^^^^^^^^^^^
  File "pandas/_libs/parsers.pyx", line 581, in pandas._libs.parsers.TextReader.__cinit__
pandas.errors.EmptyDataError: No columns to parse from file

=== V52 shadow tick 2026-06-12T05:05:01.870557+00:00 ===
--- data refresh ---
  BTC klines no-new (last 2026-06-12 04:00:00+00:00)
  BTC funding +1 -> 2026-06-12 05:00:00.001000+00:00
  ETH klines no-new (last 2026-06-12 04:00:00+00:00)
  ETH funding +1 -> 2026-06-12 05:00:00.001000+00:00
  AVAX klines no-new (last 2026-06-12 04:00:00+00:00)
  AVAX funding +1 -> 2026-06-12 05:00:00.001000+00:00
  SOL klines no-new (last 2026-06-12 04:00:00+00:00)
  SOL funding +1 -> 2026-06-12 05:00:00.001000+00:00
  LINK klines no-new (last 2026-06-12 04:00:00+00:00)
  LINK funding +1 -> 2026-06-12 05:00:00.001000+00:00
--- V52 shadow run (9 sleeves) ---
[2026-06-12T05:05:09.198483+00:00] V52 shadow run complete
  open positions : 3
  pending fires  : 0
  recent closed  : 42
  ledger total   : 46
  data end       : 2026-06-12T04:00:00+00:00
  outputs        : C:\Users\alexandre bandarra\Desktop\global\shadow_v52
--- XSM shadow run (basket) ---
[2026-06-12T05:05:13.664321+00:00] XSM shadow: FLAT | breadth 1/9 | btc>100dMA False | 50dMA_rising False
--- refresh sleeve cards ---
Built 10 sleeve cards -> C:\Users\alexandre bandarra\Desktop\global\shadow_v52\cards
  V52: 9  XSM: 1
  index -> C:\Users\alexandre bandarra\Desktop\global\shadow_v52\SLEEVE_CARDS.md
--- TV dashboard cards feed (6 cards) ---

FEED STDERR:
 main()
    ~~~~^^
  File "C:\Users\alexandre bandarra\Desktop\global\shadow_v52\tv_cards_feed.py", line 133, in main
    feed = build_feed()
  File "C:\Users\alexandre bandarra\Desktop\global\shadow_v52\tv_cards_feed.py", line 51, in build_feed
    pending = _load("pending_fires_latest.csv")
  File "C:\Users\alexandre bandarra\Desktop\global\shadow_v52\tv_cards_feed.py", line 45, in _load
    return pd.read_csv(p) if p.exists() else pd.DataFrame()
           ~~~~~~~~~~~^^^
  File "C:\Python314\Lib\site-packages\pandas\io\parsers\readers.py", line 1026, in read_csv
    return _read(filepath_or_buffer, kwds)
  File "C:\Python314\Lib\site-packages\pandas\io\parsers\readers.py", line 620, in _read
    parser = TextFileReader(filepath_or_buffer, **kwds)
  File "C:\Python314\Lib\site-packages\pandas\io\parsers\readers.py", line 1620, in __init__
    self._engine = self._make_engine(f, self.engine)
                   ~~~~~~~~~~~~~~~~~^^^^^^^^^^^^^^^^
  File "C:\Python314\Lib\site-packages\pandas\io\parsers\readers.py", line 1898, in _make_engine
    return mapping[engine](f, **self.options)
           ~~~~~~~~~~~~~~~^^^^^^^^^^^^^^^^^^^
  File "C:\Python314\Lib\site-packages\pandas\io\parsers\c_parser_wrapper.py", line 93, in __init__
    self._reader = parsers.TextReader(src, **kwds)
                   ~~~~~~~~~~~~~~~~~~^^^^^^^^^^^^^
  File "pandas/_libs/parsers.pyx", line 581, in pandas._libs.parsers.TextReader.__cinit__
pandas.errors.EmptyDataError: No columns to parse from file

=== V52 shadow tick 2026-06-12T06:05:01.833610+00:00 ===
--- data refresh ---
  BTC klines no-new (last 2026-06-12 04:00:00+00:00)
  BTC funding +1 -> 2026-06-12 06:00:00.056000+00:00
  ETH klines no-new (last 2026-06-12 04:00:00+00:00)
  ETH funding +1 -> 2026-06-12 06:00:00.056000+00:00
  AVAX klines no-new (last 2026-06-12 04:00:00+00:00)
  AVAX funding +1 -> 2026-06-12 06:00:00.056000+00:00
  SOL klines no-new (last 2026-06-12 04:00:00+00:00)
  SOL funding +1 -> 2026-06-12 06:00:00.056000+00:00
  LINK klines no-new (last 2026-06-12 04:00:00+00:00)
  LINK funding +1 -> 2026-06-12 06:00:00.056000+00:00
--- V52 shadow run (9 sleeves) ---
[2026-06-12T06:05:08.157508+00:00] V52 shadow run complete
  open positions : 3
  pending fires  : 0
  recent closed  : 42
  ledger total   : 46
  data end       : 2026-06-12T04:00:00+00:00
  outputs        : C:\Users\alexandre bandarra\Desktop\global\shadow_v52
--- XSM shadow run (basket) ---
[2026-06-12T06:05:11.875225+00:00] XSM shadow: FLAT | breadth 1/9 | btc>100dMA False | 50dMA_rising False
--- refresh sleeve cards ---
Built 10 sleeve cards -> C:\Users\alexandre bandarra\Desktop\global\shadow_v52\cards
  V52: 9  XSM: 1
  index -> C:\Users\alexandre bandarra\Desktop\global\shadow_v52\SLEEVE_CARDS.md
--- TV dashboard cards feed (6 cards) ---

FEED STDERR:
 main()
    ~~~~^^
  File "C:\Users\alexandre bandarra\Desktop\global\shadow_v52\tv_cards_feed.py", line 133, in main
    feed = build_feed()
  File "C:\Users\alexandre bandarra\Desktop\global\shadow_v52\tv_cards_feed.py", line 51, in build_feed
    pending = _load("pending_fires_latest.csv")
  File "C:\Users\alexandre bandarra\Desktop\global\shadow_v52\tv_cards_feed.py", line 45, in _load
    return pd.read_csv(p) if p.exists() else pd.DataFrame()
           ~~~~~~~~~~~^^^
  File "C:\Python314\Lib\site-packages\pandas\io\parsers\readers.py", line 1026, in read_csv
    return _read(filepath_or_buffer, kwds)
  File "C:\Python314\Lib\site-packages\pandas\io\parsers\readers.py", line 620, in _read
    parser = TextFileReader(filepath_or_buffer, **kwds)
  File "C:\Python314\Lib\site-packages\pandas\io\parsers\readers.py", line 1620, in __init__
    self._engine = self._make_engine(f, self.engine)
                   ~~~~~~~~~~~~~~~~~^^^^^^^^^^^^^^^^
  File "C:\Python314\Lib\site-packages\pandas\io\parsers\readers.py", line 1898, in _make_engine
    return mapping[engine](f, **self.options)
           ~~~~~~~~~~~~~~~^^^^^^^^^^^^^^^^^^^
  File "C:\Python314\Lib\site-packages\pandas\io\parsers\c_parser_wrapper.py", line 93, in __init__
    self._reader = parsers.TextReader(src, **kwds)
                   ~~~~~~~~~~~~~~~~~~^^^^^^^^^^^^^
  File "pandas/_libs/parsers.pyx", line 581, in pandas._libs.parsers.TextReader.__cinit__
pandas.errors.EmptyDataError: No columns to parse from file

=== V52 shadow tick 2026-06-12T07:05:01.829021+00:00 ===
--- data refresh ---
  BTC klines no-new (last 2026-06-12 04:00:00+00:00)
  BTC funding no-new (last 2026-06-12 06:00:00.056000+00:00)
  ETH klines no-new (last 2026-06-12 04:00:00+00:00)
  ETH funding no-new (last 2026-06-12 06:00:00.056000+00:00)
  AVAX klines no-new (last 2026-06-12 04:00:00+00:00)
  AVAX funding no-new (last 2026-06-12 06:00:00.056000+00:00)
  SOL klines no-new (last 2026-06-12 04:00:00+00:00)
  SOL funding no-new (last 2026-06-12 06:00:00.056000+00:00)
  LINK klines no-new (last 2026-06-12 04:00:00+00:00)
  LINK funding no-new (last 2026-06-12 06:00:00.056000+00:00)
--- V52 shadow run (9 sleeves) ---
[2026-06-12T07:05:06.380362+00:00] V52 shadow run complete
  open positions : 3
  pending fires  : 0
  recent closed  : 42
  ledger total   : 46
  data end       : 2026-06-12T04:00:00+00:00
  outputs        : C:\Users\alexandre bandarra\Desktop\global\shadow_v52
--- XSM shadow run (basket) ---
[2026-06-12T07:05:10.116904+00:00] XSM shadow: FLAT | breadth 1/9 | btc>100dMA False | 50dMA_rising False
--- refresh sleeve cards ---
Built 10 sleeve cards -> C:\Users\alexandre bandarra\Desktop\global\shadow_v52\cards
  V52: 9  XSM: 1
  index -> C:\Users\alexandre bandarra\Desktop\global\shadow_v52\SLEEVE_CARDS.md
--- TV dashboard cards feed (6 cards) ---

FEED STDERR:
 main()
    ~~~~^^
  File "C:\Users\alexandre bandarra\Desktop\global\shadow_v52\tv_cards_feed.py", line 133, in main
    feed = build_feed()
  File "C:\Users\alexandre bandarra\Desktop\global\shadow_v52\tv_cards_feed.py", line 51, in build_feed
    pending = _load("pending_fires_latest.csv")
  File "C:\Users\alexandre bandarra\Desktop\global\shadow_v52\tv_cards_feed.py", line 45, in _load
    return pd.read_csv(p) if p.exists() else pd.DataFrame()
           ~~~~~~~~~~~^^^
  File "C:\Python314\Lib\site-packages\pandas\io\parsers\readers.py", line 1026, in read_csv
    return _read(filepath_or_buffer, kwds)
  File "C:\Python314\Lib\site-packages\pandas\io\parsers\readers.py", line 620, in _read
    parser = TextFileReader(filepath_or_buffer, **kwds)
  File "C:\Python314\Lib\site-packages\pandas\io\parsers\readers.py", line 1620, in __init__
    self._engine = self._make_engine(f, self.engine)
                   ~~~~~~~~~~~~~~~~~^^^^^^^^^^^^^^^^
  File "C:\Python314\Lib\site-packages\pandas\io\parsers\readers.py", line 1898, in _make_engine
    return mapping[engine](f, **self.options)
           ~~~~~~~~~~~~~~~^^^^^^^^^^^^^^^^^^^
  File "C:\Python314\Lib\site-packages\pandas\io\parsers\c_parser_wrapper.py", line 93, in __init__
    self._reader = parsers.TextReader(src, **kwds)
                   ~~~~~~~~~~~~~~~~~~^^^^^^^^^^^^^
  File "pandas/_libs/parsers.pyx", line 581, in pandas._libs.parsers.TextReader.__cinit__
pandas.errors.EmptyDataError: No columns to parse from file

=== V52 shadow tick 2026-06-12T08:05:01.950063+00:00 ===
--- data refresh ---
  BTC klines +1 -> 2026-06-12 08:00:00+00:00
  BTC funding +1 -> 2026-06-12 08:00:00.035000+00:00
  ETH klines +1 -> 2026-06-12 08:00:00+00:00
  ETH funding +1 -> 2026-06-12 08:00:00.035000+00:00
  AVAX klines +1 -> 2026-06-12 08:00:00+00:00
  AVAX funding +1 -> 2026-06-12 08:00:00.035000+00:00
  SOL klines +1 -> 2026-06-12 08:00:00+00:00
  SOL funding +1 -> 2026-06-12 08:00:00.035000+00:00
  LINK klines +1 -> 2026-06-12 08:00:00+00:00
  LINK funding +1 -> 2026-06-12 08:00:00.035000+00:00
--- V52 shadow run (9 sleeves) ---
[2026-06-12T08:05:12.393960+00:00] V52 shadow run complete
  open positions : 3
  pending fires  : 0
  recent closed  : 42
  ledger total   : 46
  data end       : 2026-06-12T08:00:00+00:00
  outputs        : C:\Users\alexandre bandarra\Desktop\global\shadow_v52
--- XSM shadow run (basket) ---
[2026-06-12T08:05:16.215363+00:00] XSM shadow: FLAT | breadth 1/9 | btc>100dMA False | 50dMA_rising False
--- refresh sleeve cards ---
Built 10 sleeve cards -> C:\Users\alexandre bandarra\Desktop\global\shadow_v52\cards
  V52: 9  XSM: 1
  index -> C:\Users\alexandre bandarra\Desktop\global\shadow_v52\SLEEVE_CARDS.md
--- TV dashboard cards feed (6 cards) ---

FEED STDERR:
 main()
    ~~~~^^
  File "C:\Users\alexandre bandarra\Desktop\global\shadow_v52\tv_cards_feed.py", line 133, in main
    feed = build_feed()
  File "C:\Users\alexandre bandarra\Desktop\global\shadow_v52\tv_cards_feed.py", line 51, in build_feed
    pending = _load("pending_fires_latest.csv")
  File "C:\Users\alexandre bandarra\Desktop\global\shadow_v52\tv_cards_feed.py", line 45, in _load
    return pd.read_csv(p) if p.exists() else pd.DataFrame()
           ~~~~~~~~~~~^^^
  File "C:\Python314\Lib\site-packages\pandas\io\parsers\readers.py", line 1026, in read_csv
    return _read(filepath_or_buffer, kwds)
  File "C:\Python314\Lib\site-packages\pandas\io\parsers\readers.py", line 620, in _read
    parser = TextFileReader(filepath_or_buffer, **kwds)
  File "C:\Python314\Lib\site-packages\pandas\io\parsers\readers.py", line 1620, in __init__
    self._engine = self._make_engine(f, self.engine)
                   ~~~~~~~~~~~~~~~~~^^^^^^^^^^^^^^^^
  File "C:\Python314\Lib\site-packages\pandas\io\parsers\readers.py", line 1898, in _make_engine
    return mapping[engine](f, **self.options)
           ~~~~~~~~~~~~~~~^^^^^^^^^^^^^^^^^^^
  File "C:\Python314\Lib\site-packages\pandas\io\parsers\c_parser_wrapper.py", line 93, in __init__
    self._reader = parsers.TextReader(src, **kwds)
                   ~~~~~~~~~~~~~~~~~~^^^^^^^^^^^^^
  File "pandas/_libs/parsers.pyx", line 581, in pandas._libs.parsers.TextReader.__cinit__
pandas.errors.EmptyDataError: No columns to parse from file

=== V52 shadow tick 2026-06-12T09:05:02.477678+00:00 ===
--- data refresh ---
  BTC klines no-new (last 2026-06-12 08:00:00+00:00)
  BTC funding no-new (last 2026-06-12 08:00:00.035000+00:00)
  ETH klines no-new (last 2026-06-12 08:00:00+00:00)
  ETH funding no-new (last 2026-06-12 08:00:00.035000+00:00)
  AVAX klines no-new (last 2026-06-12 08:00:00+00:00)
  AVAX funding no-new (last 2026-06-12 08:00:00.035000+00:00)
  SOL klines no-new (last 2026-06-12 08:00:00+00:00)
  SOL funding no-new (last 2026-06-12 08:00:00.035000+00:00)
  LINK klines no-new (last 2026-06-12 08:00:00+00:00)
  LINK funding no-new (last 2026-06-12 08:00:00.035000+00:00)
--- V52 shadow run (9 sleeves) ---
[2026-06-12T09:05:10.081489+00:00] V52 shadow run complete
  open positions : 3
  pending fires  : 0
  recent closed  : 42
  ledger total   : 46
  data end       : 2026-06-12T08:00:00+00:00
  outputs        : C:\Users\alexandre bandarra\Desktop\global\shadow_v52
--- XSM shadow run (basket) ---
[2026-06-12T09:05:15.933848+00:00] XSM shadow: FLAT | breadth 1/9 | btc>100dMA False | 50dMA_rising False
--- refresh sleeve cards ---
Built 10 sleeve cards -> C:\Users\alexandre bandarra\Desktop\global\shadow_v52\cards
  V52: 9  XSM: 1
  index -> C:\Users\alexandre bandarra\Desktop\global\shadow_v52\SLEEVE_CARDS.md
--- TV dashboard cards feed (6 cards) ---

FEED STDERR:
 main()
    ~~~~^^
  File "C:\Users\alexandre bandarra\Desktop\global\shadow_v52\tv_cards_feed.py", line 133, in main
    feed = build_feed()
  File "C:\Users\alexandre bandarra\Desktop\global\shadow_v52\tv_cards_feed.py", line 51, in build_feed
    pending = _load("pending_fires_latest.csv")
  File "C:\Users\alexandre bandarra\Desktop\global\shadow_v52\tv_cards_feed.py", line 45, in _load
    return pd.read_csv(p) if p.exists() else pd.DataFrame()
           ~~~~~~~~~~~^^^
  File "C:\Python314\Lib\site-packages\pandas\io\parsers\readers.py", line 1026, in read_csv
    return _read(filepath_or_buffer, kwds)
  File "C:\Python314\Lib\site-packages\pandas\io\parsers\readers.py", line 620, in _read
    parser = TextFileReader(filepath_or_buffer, **kwds)
  File "C:\Python314\Lib\site-packages\pandas\io\parsers\readers.py", line 1620, in __init__
    self._engine = self._make_engine(f, self.engine)
                   ~~~~~~~~~~~~~~~~~^^^^^^^^^^^^^^^^
  File "C:\Python314\Lib\site-packages\pandas\io\parsers\readers.py", line 1898, in _make_engine
    return mapping[engine](f, **self.options)
           ~~~~~~~~~~~~~~~^^^^^^^^^^^^^^^^^^^
  File "C:\Python314\Lib\site-packages\pandas\io\parsers\c_parser_wrapper.py", line 93, in __init__
    self._reader = parsers.TextReader(src, **kwds)
                   ~~~~~~~~~~~~~~~~~~^^^^^^^^^^^^^
  File "pandas/_libs/parsers.pyx", line 581, in pandas._libs.parsers.TextReader.__cinit__
pandas.errors.EmptyDataError: No columns to parse from file

=== V52 shadow tick 2026-06-12T10:05:02.377936+00:00 ===
--- data refresh ---
  BTC klines no-new (last 2026-06-12 08:00:00+00:00)
  BTC funding +1 -> 2026-06-12 10:00:00.015000+00:00
  ETH klines no-new (last 2026-06-12 08:00:00+00:00)
  ETH funding +1 -> 2026-06-12 10:00:00.015000+00:00
  AVAX klines no-new (last 2026-06-12 08:00:00+00:00)
  AVAX funding +1 -> 2026-06-12 10:00:00.015000+00:00
  SOL klines no-new (last 2026-06-12 08:00:00+00:00)
  SOL funding +1 -> 2026-06-12 10:00:00.015000+00:00
  LINK klines no-new (last 2026-06-12 08:00:00+00:00)
  LINK funding +1 -> 2026-06-12 10:00:00.015000+00:00
--- V52 shadow run (9 sleeves) ---
[2026-06-12T10:05:10.507453+00:00] V52 shadow run complete
  open positions : 3
  pending fires  : 0
  recent closed  : 42
  ledger total   : 46
  data end       : 2026-06-12T08:00:00+00:00
  outputs        : C:\Users\alexandre bandarra\Desktop\global\shadow_v52
--- XSM shadow run (basket) ---
[2026-06-12T10:05:16.192893+00:00] XSM shadow: FLAT | breadth 1/9 | btc>100dMA False | 50dMA_rising False
--- refresh sleeve cards ---
Built 10 sleeve cards -> C:\Users\alexandre bandarra\Desktop\global\shadow_v52\cards
  V52: 9  XSM: 1
  index -> C:\Users\alexandre bandarra\Desktop\global\shadow_v52\SLEEVE_CARDS.md
--- TV dashboard cards feed (6 cards) ---

FEED STDERR:
 main()
    ~~~~^^
  File "C:\Users\alexandre bandarra\Desktop\global\shadow_v52\tv_cards_feed.py", line 133, in main
    feed = build_feed()
  File "C:\Users\alexandre bandarra\Desktop\global\shadow_v52\tv_cards_feed.py", line 51, in build_feed
    pending = _load("pending_fires_latest.csv")
  File "C:\Users\alexandre bandarra\Desktop\global\shadow_v52\tv_cards_feed.py", line 45, in _load
    return pd.read_csv(p) if p.exists() else pd.DataFrame()
           ~~~~~~~~~~~^^^
  File "C:\Python314\Lib\site-packages\pandas\io\parsers\readers.py", line 1026, in read_csv
    return _read(filepath_or_buffer, kwds)
  File "C:\Python314\Lib\site-packages\pandas\io\parsers\readers.py", line 620, in _read
    parser = TextFileReader(filepath_or_buffer, **kwds)
  File "C:\Python314\Lib\site-packages\pandas\io\parsers\readers.py", line 1620, in __init__
    self._engine = self._make_engine(f, self.engine)
                   ~~~~~~~~~~~~~~~~~^^^^^^^^^^^^^^^^
  File "C:\Python314\Lib\site-packages\pandas\io\parsers\readers.py", line 1898, in _make_engine
    return mapping[engine](f, **self.options)
           ~~~~~~~~~~~~~~~^^^^^^^^^^^^^^^^^^^
  File "C:\Python314\Lib\site-packages\pandas\io\parsers\c_parser_wrapper.py", line 93, in __init__
    self._reader = parsers.TextReader(src, **kwds)
                   ~~~~~~~~~~~~~~~~~~^^^^^^^^^^^^^
  File "pandas/_libs/parsers.pyx", line 581, in pandas._libs.parsers.TextReader.__cinit__
pandas.errors.EmptyDataError: No columns to parse from file

=== V52 shadow tick 2026-06-12T11:05:02.214327+00:00 ===
--- data refresh ---
  BTC klines no-new (last 2026-06-12 08:00:00+00:00)
  BTC funding +1 -> 2026-06-12 11:00:00.055000+00:00
  ETH klines no-new (last 2026-06-12 08:00:00+00:00)
  ETH funding +1 -> 2026-06-12 11:00:00.055000+00:00
  AVAX klines no-new (last 2026-06-12 08:00:00+00:00)
  AVAX funding +1 -> 2026-06-12 11:00:00.055000+00:00
  SOL klines no-new (last 2026-06-12 08:00:00+00:00)
  SOL funding +1 -> 2026-06-12 11:00:00.055000+00:00
  LINK klines no-new (last 2026-06-12 08:00:00+00:00)
  LINK funding +1 -> 2026-06-12 11:00:00.055000+00:00
--- V52 shadow run (9 sleeves) ---
[2026-06-12T11:05:11.438773+00:00] V52 shadow run complete
  open positions : 3
  pending fires  : 0
  recent closed  : 42
  ledger total   : 46
  data end       : 2026-06-12T08:00:00+00:00
  outputs        : C:\Users\alexandre bandarra\Desktop\global\shadow_v52
--- XSM shadow run (basket) ---
[2026-06-12T11:05:16.743588+00:00] XSM shadow: FLAT | breadth 1/9 | btc>100dMA False | 50dMA_rising False
--- refresh sleeve cards ---
Built 10 sleeve cards -> C:\Users\alexandre bandarra\Desktop\global\shadow_v52\cards
  V52: 9  XSM: 1
  index -> C:\Users\alexandre bandarra\Desktop\global\shadow_v52\SLEEVE_CARDS.md
--- TV dashboard cards feed (6 cards) ---

FEED STDERR:
 main()
    ~~~~^^
  File "C:\Users\alexandre bandarra\Desktop\global\shadow_v52\tv_cards_feed.py", line 133, in main
    feed = build_feed()
  File "C:\Users\alexandre bandarra\Desktop\global\shadow_v52\tv_cards_feed.py", line 51, in build_feed
    pending = _load("pending_fires_latest.csv")
  File "C:\Users\alexandre bandarra\Desktop\global\shadow_v52\tv_cards_feed.py", line 45, in _load
    return pd.read_csv(p) if p.exists() else pd.DataFrame()
           ~~~~~~~~~~~^^^
  File "C:\Python314\Lib\site-packages\pandas\io\parsers\readers.py", line 1026, in read_csv
    return _read(filepath_or_buffer, kwds)
  File "C:\Python314\Lib\site-packages\pandas\io\parsers\readers.py", line 620, in _read
    parser = TextFileReader(filepath_or_buffer, **kwds)
  File "C:\Python314\Lib\site-packages\pandas\io\parsers\readers.py", line 1620, in __init__
    self._engine = self._make_engine(f, self.engine)
                   ~~~~~~~~~~~~~~~~~^^^^^^^^^^^^^^^^
  File "C:\Python314\Lib\site-packages\pandas\io\parsers\readers.py", line 1898, in _make_engine
    return mapping[engine](f, **self.options)
           ~~~~~~~~~~~~~~~^^^^^^^^^^^^^^^^^^^
  File "C:\Python314\Lib\site-packages\pandas\io\parsers\c_parser_wrapper.py", line 93, in __init__
    self._reader = parsers.TextReader(src, **kwds)
                   ~~~~~~~~~~~~~~~~~~^^^^^^^^^^^^^
  File "pandas/_libs/parsers.pyx", line 581, in pandas._libs.parsers.TextReader.__cinit__
pandas.errors.EmptyDataError: No columns to parse from file

=== V52 shadow tick 2026-06-12T12:05:02.301864+00:00 ===
--- data refresh ---
  BTC klines +1 -> 2026-06-12 12:00:00+00:00
  BTC funding no-new (last 2026-06-12 11:00:00.055000+00:00)
  ETH klines +1 -> 2026-06-12 12:00:00+00:00
  ETH funding no-new (last 2026-06-12 11:00:00.055000+00:00)
  AVAX klines +1 -> 2026-06-12 12:00:00+00:00
  AVAX funding no-new (last 2026-06-12 11:00:00.055000+00:00)
  SOL klines +1 -> 2026-06-12 12:00:00+00:00
  SOL funding no-new (last 2026-06-12 11:00:00.055000+00:00)
  LINK klines +1 -> 2026-06-12 12:00:00+00:00
  LINK funding no-new (last 2026-06-12 11:00:00.055000+00:00)
--- V52 shadow run (9 sleeves) ---
[2026-06-12T12:05:12.227591+00:00] V52 shadow run complete
  open positions : 3
  pending fires  : 0
  recent closed  : 42
  ledger total   : 46
  data end       : 2026-06-12T12:00:00+00:00
  outputs        : C:\Users\alexandre bandarra\Desktop\global\shadow_v52
--- XSM shadow run (basket) ---
[2026-06-12T12:05:16.311045+00:00] XSM shadow: FLAT | breadth 1/9 | btc>100dMA False | 50dMA_rising False
--- refresh sleeve cards ---
Built 10 sleeve cards -> C:\Users\alexandre bandarra\Desktop\global\shadow_v52\cards
  V52: 9  XSM: 1
  index -> C:\Users\alexandre bandarra\Desktop\global\shadow_v52\SLEEVE_CARDS.md
--- TV dashboard cards feed (6 cards) ---

FEED STDERR:
 main()
    ~~~~^^
  File "C:\Users\alexandre bandarra\Desktop\global\shadow_v52\tv_cards_feed.py", line 133, in main
    feed = build_feed()
  File "C:\Users\alexandre bandarra\Desktop\global\shadow_v52\tv_cards_feed.py", line 51, in build_feed
    pending = _load("pending_fires_latest.csv")
  File "C:\Users\alexandre bandarra\Desktop\global\shadow_v52\tv_cards_feed.py", line 45, in _load
    return pd.read_csv(p) if p.exists() else pd.DataFrame()
           ~~~~~~~~~~~^^^
  File "C:\Python314\Lib\site-packages\pandas\io\parsers\readers.py", line 1026, in read_csv
    return _read(filepath_or_buffer, kwds)
  File "C:\Python314\Lib\site-packages\pandas\io\parsers\readers.py", line 620, in _read
    parser = TextFileReader(filepath_or_buffer, **kwds)
  File "C:\Python314\Lib\site-packages\pandas\io\parsers\readers.py", line 1620, in __init__
    self._engine = self._make_engine(f, self.engine)
                   ~~~~~~~~~~~~~~~~~^^^^^^^^^^^^^^^^
  File "C:\Python314\Lib\site-packages\pandas\io\parsers\readers.py", line 1898, in _make_engine
    return mapping[engine](f, **self.options)
           ~~~~~~~~~~~~~~~^^^^^^^^^^^^^^^^^^^
  File "C:\Python314\Lib\site-packages\pandas\io\parsers\c_parser_wrapper.py", line 93, in __init__
    self._reader = parsers.TextReader(src, **kwds)
                   ~~~~~~~~~~~~~~~~~~^^^^^^^^^^^^^
  File "pandas/_libs/parsers.pyx", line 581, in pandas._libs.parsers.TextReader.__cinit__
pandas.errors.EmptyDataError: No columns to parse from file

=== V52 shadow tick 2026-06-12T13:05:02.585094+00:00 ===
--- data refresh ---
  BTC klines no-new (last 2026-06-12 12:00:00+00:00)
  BTC funding +1 -> 2026-06-12 13:00:00.010000+00:00
  ETH klines no-new (last 2026-06-12 12:00:00+00:00)
  ETH funding +1 -> 2026-06-12 13:00:00.010000+00:00
  AVAX klines no-new (last 2026-06-12 12:00:00+00:00)
  AVAX funding +1 -> 2026-06-12 13:00:00.010000+00:00
  SOL klines no-new (last 2026-06-12 12:00:00+00:00)
  SOL funding +1 -> 2026-06-12 13:00:00.010000+00:00
  LINK klines no-new (last 2026-06-12 12:00:00+00:00)
  LINK funding +1 -> 2026-06-12 13:00:00.010000+00:00
--- V52 shadow run (9 sleeves) ---
[2026-06-12T13:05:11.777692+00:00] V52 shadow run complete
  open positions : 3
  pending fires  : 0
  recent closed  : 42
  ledger total   : 46
  data end       : 2026-06-12T12:00:00+00:00
  outputs        : C:\Users\alexandre bandarra\Desktop\global\shadow_v52
--- XSM shadow run (basket) ---
[2026-06-12T13:05:17.751927+00:00] XSM shadow: FLAT | breadth 1/9 | btc>100dMA False | 50dMA_rising False
--- refresh sleeve cards ---
Built 10 sleeve cards -> C:\Users\alexandre bandarra\Desktop\global\shadow_v52\cards
  V52: 9  XSM: 1
  index -> C:\Users\alexandre bandarra\Desktop\global\shadow_v52\SLEEVE_CARDS.md
--- TV dashboard cards feed (6 cards) ---

FEED STDERR:
 main()
    ~~~~^^
  File "C:\Users\alexandre bandarra\Desktop\global\shadow_v52\tv_cards_feed.py", line 133, in main
    feed = build_feed()
  File "C:\Users\alexandre bandarra\Desktop\global\shadow_v52\tv_cards_feed.py", line 51, in build_feed
    pending = _load("pending_fires_latest.csv")
  File "C:\Users\alexandre bandarra\Desktop\global\shadow_v52\tv_cards_feed.py", line 45, in _load
    return pd.read_csv(p) if p.exists() else pd.DataFrame()
           ~~~~~~~~~~~^^^
  File "C:\Python314\Lib\site-packages\pandas\io\parsers\readers.py", line 1026, in read_csv
    return _read(filepath_or_buffer, kwds)
  File "C:\Python314\Lib\site-packages\pandas\io\parsers\readers.py", line 620, in _read
    parser = TextFileReader(filepath_or_buffer, **kwds)
  File "C:\Python314\Lib\site-packages\pandas\io\parsers\readers.py", line 1620, in __init__
    self._engine = self._make_engine(f, self.engine)
                   ~~~~~~~~~~~~~~~~~^^^^^^^^^^^^^^^^
  File "C:\Python314\Lib\site-packages\pandas\io\parsers\readers.py", line 1898, in _make_engine
    return mapping[engine](f, **self.options)
           ~~~~~~~~~~~~~~~^^^^^^^^^^^^^^^^^^^
  File "C:\Python314\Lib\site-packages\pandas\io\parsers\c_parser_wrapper.py", line 93, in __init__
    self._reader = parsers.TextReader(src, **kwds)
                   ~~~~~~~~~~~~~~~~~~^^^^^^^^^^^^^
  File "pandas/_libs/parsers.pyx", line 581, in pandas._libs.parsers.TextReader.__cinit__
pandas.errors.EmptyDataError: No columns to parse from file

=== V52 shadow tick 2026-06-12T14:05:02.668081+00:00 ===
--- data refresh ---
  BTC klines no-new (last 2026-06-12 12:00:00+00:00)
  BTC funding +1 -> 2026-06-12 14:00:00.052000+00:00
  ETH klines no-new (last 2026-06-12 12:00:00+00:00)
  ETH funding +1 -> 2026-06-12 14:00:00.052000+00:00
  AVAX klines no-new (last 2026-06-12 12:00:00+00:00)
  AVAX funding +1 -> 2026-06-12 14:00:00.052000+00:00
  SOL klines no-new (last 2026-06-12 12:00:00+00:00)
  SOL funding +1 -> 2026-06-12 14:00:00.052000+00:00
  LINK klines no-new (last 2026-06-12 12:00:00+00:00)
  LINK funding +1 -> 2026-06-12 14:00:00.052000+00:00
--- V52 shadow run (9 sleeves) ---
[2026-06-12T14:05:12.449548+00:00] V52 shadow run complete
  open positions : 3
  pending fires  : 0
  recent closed  : 42
  ledger total   : 46
  data end       : 2026-06-12T12:00:00+00:00
  outputs        : C:\Users\alexandre bandarra\Desktop\global\shadow_v52
--- XSM shadow run (basket) ---
[2026-06-12T14:05:18.775392+00:00] XSM shadow: FLAT | breadth 1/9 | btc>100dMA False | 50dMA_rising False
--- refresh sleeve cards ---
Built 10 sleeve cards -> C:\Users\alexandre bandarra\Desktop\global\shadow_v52\cards
  V52: 9  XSM: 1
  index -> C:\Users\alexandre bandarra\Desktop\global\shadow_v52\SLEEVE_CARDS.md
--- TV dashboard cards feed (6 cards) ---

FEED STDERR:
 main()
    ~~~~^^
  File "C:\Users\alexandre bandarra\Desktop\global\shadow_v52\tv_cards_feed.py", line 133, in main
    feed = build_feed()
  File "C:\Users\alexandre bandarra\Desktop\global\shadow_v52\tv_cards_feed.py", line 51, in build_feed
    pending = _load("pending_fires_latest.csv")
  File "C:\Users\alexandre bandarra\Desktop\global\shadow_v52\tv_cards_feed.py", line 45, in _load
    return pd.read_csv(p) if p.exists() else pd.DataFrame()
           ~~~~~~~~~~~^^^
  File "C:\Python314\Lib\site-packages\pandas\io\parsers\readers.py", line 1026, in read_csv
    return _read(filepath_or_buffer, kwds)
  File "C:\Python314\Lib\site-packages\pandas\io\parsers\readers.py", line 620, in _read
    parser = TextFileReader(filepath_or_buffer, **kwds)
  File "C:\Python314\Lib\site-packages\pandas\io\parsers\readers.py", line 1620, in __init__
    self._engine = self._make_engine(f, self.engine)
                   ~~~~~~~~~~~~~~~~~^^^^^^^^^^^^^^^^
  File "C:\Python314\Lib\site-packages\pandas\io\parsers\readers.py", line 1898, in _make_engine
    return mapping[engine](f, **self.options)
           ~~~~~~~~~~~~~~~^^^^^^^^^^^^^^^^^^^
  File "C:\Python314\Lib\site-packages\pandas\io\parsers\c_parser_wrapper.py", line 93, in __init__
    self._reader = parsers.TextReader(src, **kwds)
                   ~~~~~~~~~~~~~~~~~~^^^^^^^^^^^^^
  File "pandas/_libs/parsers.pyx", line 581, in pandas._libs.parsers.TextReader.__cinit__
pandas.errors.EmptyDataError: No columns to parse from file

=== V52 shadow tick 2026-06-12T16:05:02.396610+00:00 ===
--- data refresh ---
  BTC klines +1 -> 2026-06-12 16:00:00+00:00
  BTC funding +2 -> 2026-06-12 16:00:00.005000+00:00
  ETH klines +1 -> 2026-06-12 16:00:00+00:00
  ETH funding +2 -> 2026-06-12 16:00:00.005000+00:00
  AVAX klines +1 -> 2026-06-12 16:00:00+00:00
  AVAX funding +2 -> 2026-06-12 16:00:00.005000+00:00
  SOL klines +1 -> 2026-06-12 16:00:00+00:00
  SOL funding +2 -> 2026-06-12 16:00:00.005000+00:00
  LINK klines +1 -> 2026-06-12 16:00:00+00:00
  LINK funding +2 -> 2026-06-12 16:00:00.005000+00:00
--- V52 shadow run (9 sleeves) ---
[2026-06-12T16:05:14.552120+00:00] V52 shadow run complete
  open positions : 3
  pending fires  : 0
  recent closed  : 42
  ledger total   : 46
  data end       : 2026-06-12T16:00:00+00:00
  outputs        : C:\Users\alexandre bandarra\Desktop\global\shadow_v52
--- XSM shadow run (basket) ---
[2026-06-12T16:05:19.295809+00:00] XSM shadow: FLAT | breadth 1/9 | btc>100dMA False | 50dMA_rising False
--- refresh sleeve cards ---
Built 10 sleeve cards -> C:\Users\alexandre bandarra\Desktop\global\shadow_v52\cards
  V52: 9  XSM: 1
  index -> C:\Users\alexandre bandarra\Desktop\global\shadow_v52\SLEEVE_CARDS.md
--- TV dashboard cards feed (6 cards) ---

FEED STDERR:
 main()
    ~~~~^^
  File "C:\Users\alexandre bandarra\Desktop\global\shadow_v52\tv_cards_feed.py", line 133, in main
    feed = build_feed()
  File "C:\Users\alexandre bandarra\Desktop\global\shadow_v52\tv_cards_feed.py", line 51, in build_feed
    pending = _load("pending_fires_latest.csv")
  File "C:\Users\alexandre bandarra\Desktop\global\shadow_v52\tv_cards_feed.py", line 45, in _load
    return pd.read_csv(p) if p.exists() else pd.DataFrame()
           ~~~~~~~~~~~^^^
  File "C:\Python314\Lib\site-packages\pandas\io\parsers\readers.py", line 1026, in read_csv
    return _read(filepath_or_buffer, kwds)
  File "C:\Python314\Lib\site-packages\pandas\io\parsers\readers.py", line 620, in _read
    parser = TextFileReader(filepath_or_buffer, **kwds)
  File "C:\Python314\Lib\site-packages\pandas\io\parsers\readers.py", line 1620, in __init__
    self._engine = self._make_engine(f, self.engine)
                   ~~~~~~~~~~~~~~~~~^^^^^^^^^^^^^^^^
  File "C:\Python314\Lib\site-packages\pandas\io\parsers\readers.py", line 1898, in _make_engine
    return mapping[engine](f, **self.options)
           ~~~~~~~~~~~~~~~^^^^^^^^^^^^^^^^^^^
  File "C:\Python314\Lib\site-packages\pandas\io\parsers\c_parser_wrapper.py", line 93, in __init__
    self._reader = parsers.TextReader(src, **kwds)
                   ~~~~~~~~~~~~~~~~~~^^^^^^^^^^^^^
  File "pandas/_libs/parsers.pyx", line 581, in pandas._libs.parsers.TextReader.__cinit__
pandas.errors.EmptyDataError: No columns to parse from file

=== V52 shadow tick 2026-06-12T19:05:02.059703+00:00 ===
--- data refresh ---
  BTC klines no-new (last 2026-06-12 16:00:00+00:00)
  BTC funding no-new (last 2026-06-12 18:00:00.044000+00:00)
  ETH klines no-new (last 2026-06-12 16:00:00+00:00)
  ETH funding no-new (last 2026-06-12 18:00:00.044000+00:00)
  AVAX klines no-new (last 2026-06-12 16:00:00+00:00)
  AVAX funding +3 -> 2026-06-12 19:00:00.018000+00:00
  SOL klines no-new (last 2026-06-12 16:00:00+00:00)
  SOL funding +3 -> 2026-06-12 19:00:00.018000+00:00
  LINK klines no-new (last 2026-06-12 16:00:00+00:00)
  LINK funding +3 -> 2026-06-12 19:00:00.018000+00:00
--- V52 shadow run (9 sleeves) ---
[2026-06-12T19:05:09.134087+00:00] V52 shadow run complete
  open positions : 3
  pending fires  : 0
  recent closed  : 42
  ledger total   : 46
  data end       : 2026-06-12T16:00:00+00:00
  outputs        : C:\Users\alexandre bandarra\Desktop\global\shadow_v52
--- XSM shadow run (basket) ---
[2026-06-12T19:05:13.418612+00:00] XSM shadow: FLAT | breadth 1/9 | btc>100dMA False | 50dMA_rising False
--- refresh sleeve cards ---
Built 10 sleeve cards -> C:\Users\alexandre bandarra\Desktop\global\shadow_v52\cards
  V52: 9  XSM: 1
  index -> C:\Users\alexandre bandarra\Desktop\global\shadow_v52\SLEEVE_CARDS.md
--- TV dashboard cards feed (6 cards) ---

FEED STDERR:
 main()
    ~~~~^^
  File "C:\Users\alexandre bandarra\Desktop\global\shadow_v52\tv_cards_feed.py", line 133, in main
    feed = build_feed()
  File "C:\Users\alexandre bandarra\Desktop\global\shadow_v52\tv_cards_feed.py", line 51, in build_feed
    pending = _load("pending_fires_latest.csv")
  File "C:\Users\alexandre bandarra\Desktop\global\shadow_v52\tv_cards_feed.py", line 45, in _load
    return pd.read_csv(p) if p.exists() else pd.DataFrame()
           ~~~~~~~~~~~^^^
  File "C:\Python314\Lib\site-packages\pandas\io\parsers\readers.py", line 1026, in read_csv
    return _read(filepath_or_buffer, kwds)
  File "C:\Python314\Lib\site-packages\pandas\io\parsers\readers.py", line 620, in _read
    parser = TextFileReader(filepath_or_buffer, **kwds)
  File "C:\Python314\Lib\site-packages\pandas\io\parsers\readers.py", line 1620, in __init__
    self._engine = self._make_engine(f, self.engine)
                   ~~~~~~~~~~~~~~~~~^^^^^^^^^^^^^^^^
  File "C:\Python314\Lib\site-packages\pandas\io\parsers\readers.py", line 1898, in _make_engine
    return mapping[engine](f, **self.options)
           ~~~~~~~~~~~~~~~^^^^^^^^^^^^^^^^^^^
  File "C:\Python314\Lib\site-packages\pandas\io\parsers\c_parser_wrapper.py", line 93, in __init__
    self._reader = parsers.TextReader(src, **kwds)
                   ~~~~~~~~~~~~~~~~~~^^^^^^^^^^^^^
  File "pandas/_libs/parsers.pyx", line 581, in pandas._libs.parsers.TextReader.__cinit__
pandas.errors.EmptyDataError: No columns to parse from file

=== V52 shadow tick 2026-06-12T20:05:07.394430+00:00 ===
--- data refresh ---
  BTC klines +1 -> 2026-06-12 20:00:00+00:00
  BTC funding +1 -> 2026-06-12 20:00:00.007000+00:00
  ETH klines +1 -> 2026-06-12 20:00:00+00:00
  ETH funding +1 -> 2026-06-12 20:00:00.007000+00:00
  AVAX klines +1 -> 2026-06-12 20:00:00+00:00
  AVAX funding no-new (last 2026-06-12 19:00:00.018000+00:00)
  SOL klines +1 -> 2026-06-12 20:00:00+00:00
  SOL funding no-new (last 2026-06-12 19:00:00.018000+00:00)
  LINK klines +1 -> 2026-06-12 20:00:00+00:00
  LINK funding no-new (last 2026-06-12 19:00:00.018000+00:00)
--- V52 shadow run (9 sleeves) ---
[2026-06-12T20:05:36.781475+00:00] V52 shadow run complete
  open positions : 3
  pending fires  : 0
  recent closed  : 42
  ledger total   : 46
  data end       : 2026-06-12T20:00:00+00:00
  outputs        : C:\Users\alexandre bandarra\Desktop\global\shadow_v52
--- XSM shadow run (basket) ---
[2026-06-12T20:05:48.965464+00:00] XSM shadow: FLAT | breadth 1/9 | btc>100dMA False | 50dMA_rising False
--- refresh sleeve cards ---
Built 10 sleeve cards -> C:\Users\alexandre bandarra\Desktop\global\shadow_v52\cards
  V52: 9  XSM: 1
  index -> C:\Users\alexandre bandarra\Desktop\global\shadow_v52\SLEEVE_CARDS.md
--- TV dashboard cards feed (6 cards) ---

FEED STDERR:
 main()
    ~~~~^^
  File "C:\Users\alexandre bandarra\Desktop\global\shadow_v52\tv_cards_feed.py", line 133, in main
    feed = build_feed()
  File "C:\Users\alexandre bandarra\Desktop\global\shadow_v52\tv_cards_feed.py", line 51, in build_feed
    pending = _load("pending_fires_latest.csv")
  File "C:\Users\alexandre bandarra\Desktop\global\shadow_v52\tv_cards_feed.py", line 45, in _load
    return pd.read_csv(p) if p.exists() else pd.DataFrame()
           ~~~~~~~~~~~^^^
  File "C:\Python314\Lib\site-packages\pandas\io\parsers\readers.py", line 1026, in read_csv
    return _read(filepath_or_buffer, kwds)
  File "C:\Python314\Lib\site-packages\pandas\io\parsers\readers.py", line 620, in _read
    parser = TextFileReader(filepath_or_buffer, **kwds)
  File "C:\Python314\Lib\site-packages\pandas\io\parsers\readers.py", line 1620, in __init__
    self._engine = self._make_engine(f, self.engine)
                   ~~~~~~~~~~~~~~~~~^^^^^^^^^^^^^^^^
  File "C:\Python314\Lib\site-packages\pandas\io\parsers\readers.py", line 1898, in _make_engine
    return mapping[engine](f, **self.options)
           ~~~~~~~~~~~~~~~^^^^^^^^^^^^^^^^^^^
  File "C:\Python314\Lib\site-packages\pandas\io\parsers\c_parser_wrapper.py", line 93, in __init__
    self._reader = parsers.TextReader(src, **kwds)
                   ~~~~~~~~~~~~~~~~~~^^^^^^^^^^^^^
  File "pandas/_libs/parsers.pyx", line 581, in pandas._libs.parsers.TextReader.__cinit__
pandas.errors.EmptyDataError: No columns to parse from file

=== V52 shadow tick 2026-06-12T21:05:03.443771+00:00 ===
--- data refresh ---
  BTC klines no-new (last 2026-06-12 20:00:00+00:00)
  BTC funding +1 -> 2026-06-12 21:00:00.026000+00:00
  ETH klines no-new (last 2026-06-12 20:00:00+00:00)
  ETH funding +1 -> 2026-06-12 21:00:00.026000+00:00
  AVAX klines no-new (last 2026-06-12 20:00:00+00:00)
  AVAX funding +1 -> 2026-06-12 21:00:00.026000+00:00
  SOL klines no-new (last 2026-06-12 20:00:00+00:00)
  SOL funding +1 -> 2026-06-12 21:00:00.026000+00:00
  LINK klines no-new (last 2026-06-12 20:00:00+00:00)
  LINK funding +1 -> 2026-06-12 21:00:00.026000+00:00
--- V52 shadow run (9 sleeves) ---
[2026-06-12T21:05:12.197161+00:00] V52 shadow run complete
  open positions : 3
  pending fires  : 0
  recent closed  : 42
  ledger total   : 46
  data end       : 2026-06-12T20:00:00+00:00
  outputs        : C:\Users\alexandre bandarra\Desktop\global\shadow_v52
--- XSM shadow run (basket) ---
[2026-06-12T21:05:17.018385+00:00] XSM shadow: FLAT | breadth 1/9 | btc>100dMA False | 50dMA_rising False
--- refresh sleeve cards ---
Built 10 sleeve cards -> C:\Users\alexandre bandarra\Desktop\global\shadow_v52\cards
  V52: 9  XSM: 1
  index -> C:\Users\alexandre bandarra\Desktop\global\shadow_v52\SLEEVE_CARDS.md
--- TV dashboard cards feed (6 cards) ---

FEED STDERR:
 main()
    ~~~~^^
  File "C:\Users\alexandre bandarra\Desktop\global\shadow_v52\tv_cards_feed.py", line 133, in main
    feed = build_feed()
  File "C:\Users\alexandre bandarra\Desktop\global\shadow_v52\tv_cards_feed.py", line 51, in build_feed
    pending = _load("pending_fires_latest.csv")
  File "C:\Users\alexandre bandarra\Desktop\global\shadow_v52\tv_cards_feed.py", line 45, in _load
    return pd.read_csv(p) if p.exists() else pd.DataFrame()
           ~~~~~~~~~~~^^^
  File "C:\Python314\Lib\site-packages\pandas\io\parsers\readers.py", line 1026, in read_csv
    return _read(filepath_or_buffer, kwds)
  File "C:\Python314\Lib\site-packages\pandas\io\parsers\readers.py", line 620, in _read
    parser = TextFileReader(filepath_or_buffer, **kwds)
  File "C:\Python314\Lib\site-packages\pandas\io\parsers\readers.py", line 1620, in __init__
    self._engine = self._make_engine(f, self.engine)
                   ~~~~~~~~~~~~~~~~~^^^^^^^^^^^^^^^^
  File "C:\Python314\Lib\site-packages\pandas\io\parsers\readers.py", line 1898, in _make_engine
    return mapping[engine](f, **self.options)
           ~~~~~~~~~~~~~~~^^^^^^^^^^^^^^^^^^^
  File "C:\Python314\Lib\site-packages\pandas\io\parsers\c_parser_wrapper.py", line 93, in __init__
    self._reader = parsers.TextReader(src, **kwds)
                   ~~~~~~~~~~~~~~~~~~^^^^^^^^^^^^^
  File "pandas/_libs/parsers.pyx", line 581, in pandas._libs.parsers.TextReader.__cinit__
pandas.errors.EmptyDataError: No columns to parse from file

=== V52 shadow tick 2026-06-12T23:05:02.623647+00:00 ===
--- data refresh ---
  BTC klines no-new (last 2026-06-12 20:00:00+00:00)
  BTC funding +1 -> 2026-06-12 23:00:00.025000+00:00
  ETH klines no-new (last 2026-06-12 20:00:00+00:00)
  ETH funding +1 -> 2026-06-12 23:00:00.025000+00:00
  AVAX klines no-new (last 2026-06-12 20:00:00+00:00)
  AVAX funding +1 -> 2026-06-12 23:00:00.025000+00:00
  SOL klines no-new (last 2026-06-12 20:00:00+00:00)
  SOL funding +1 -> 2026-06-12 23:00:00.025000+00:00
  LINK klines no-new (last 2026-06-12 20:00:00+00:00)
  LINK funding +1 -> 2026-06-12 23:00:00.025000+00:00
--- V52 shadow run (9 sleeves) ---
[2026-06-12T23:05:09.836120+00:00] V52 shadow run complete
  open positions : 3
  pending fires  : 0
  recent closed  : 42
  ledger total   : 46
  data end       : 2026-06-12T20:00:00+00:00
  outputs        : C:\Users\alexandre bandarra\Desktop\global\shadow_v52
--- XSM shadow run (basket) ---
[2026-06-12T23:05:13.691618+00:00] XSM shadow: FLAT | breadth 1/9 | btc>100dMA False | 50dMA_rising False
--- refresh sleeve cards ---
Built 10 sleeve cards -> C:\Users\alexandre bandarra\Desktop\global\shadow_v52\cards
  V52: 9  XSM: 1
  index -> C:\Users\alexandre bandarra\Desktop\global\shadow_v52\SLEEVE_CARDS.md
--- TV dashboard cards feed (6 cards) ---

FEED STDERR:
 main()
    ~~~~^^
  File "C:\Users\alexandre bandarra\Desktop\global\shadow_v52\tv_cards_feed.py", line 133, in main
    feed = build_feed()
  File "C:\Users\alexandre bandarra\Desktop\global\shadow_v52\tv_cards_feed.py", line 51, in build_feed
    pending = _load("pending_fires_latest.csv")
  File "C:\Users\alexandre bandarra\Desktop\global\shadow_v52\tv_cards_feed.py", line 45, in _load
    return pd.read_csv(p) if p.exists() else pd.DataFrame()
           ~~~~~~~~~~~^^^
  File "C:\Python314\Lib\site-packages\pandas\io\parsers\readers.py", line 1026, in read_csv
    return _read(filepath_or_buffer, kwds)
  File "C:\Python314\Lib\site-packages\pandas\io\parsers\readers.py", line 620, in _read
    parser = TextFileReader(filepath_or_buffer, **kwds)
  File "C:\Python314\Lib\site-packages\pandas\io\parsers\readers.py", line 1620, in __init__
    self._engine = self._make_engine(f, self.engine)
                   ~~~~~~~~~~~~~~~~~^^^^^^^^^^^^^^^^
  File "C:\Python314\Lib\site-packages\pandas\io\parsers\readers.py", line 1898, in _make_engine
    return mapping[engine](f, **self.options)
           ~~~~~~~~~~~~~~~^^^^^^^^^^^^^^^^^^^
  File "C:\Python314\Lib\site-packages\pandas\io\parsers\c_parser_wrapper.py", line 93, in __init__
    self._reader = parsers.TextReader(src, **kwds)
                   ~~~~~~~~~~~~~~~~~~^^^^^^^^^^^^^
  File "pandas/_libs/parsers.pyx", line 581, in pandas._libs.parsers.TextReader.__cinit__
pandas.errors.EmptyDataError: No columns to parse from file

=== V52 shadow tick 2026-06-13T01:05:03.733260+00:00 ===
--- data refresh ---
  BTC klines no-new (last 2026-06-13 00:00:00+00:00)
  BTC funding +2 -> 2026-06-13 01:00:00.044000+00:00
  ETH klines +1 -> 2026-06-13 00:00:00+00:00
  ETH funding +2 -> 2026-06-13 01:00:00.044000+00:00
  AVAX klines +1 -> 2026-06-13 00:00:00+00:00
  AVAX funding +2 -> 2026-06-13 01:00:00.044000+00:00
  SOL klines +1 -> 2026-06-13 00:00:00+00:00
  SOL funding +2 -> 2026-06-13 01:00:00.044000+00:00
  LINK klines +1 -> 2026-06-13 00:00:00+00:00
  LINK funding +2 -> 2026-06-13 01:00:00.044000+00:00
--- V52 shadow run (9 sleeves) ---
[2026-06-13T01:05:17.010577+00:00] V52 shadow run complete
  open positions : 3
  pending fires  : 0
  recent closed  : 41
  ledger total   : 46
  data end       : 2026-06-13T00:00:00+00:00
  outputs        : C:\Users\alexandre bandarra\Desktop\global\shadow_v52
--- XSM shadow run (basket) ---
[2026-06-13T01:05:23.788900+00:00] XSM shadow: FLAT | breadth 1/9 | btc>100dMA False | 50dMA_rising False
--- refresh sleeve cards ---
Built 10 sleeve cards -> C:\Users\alexandre bandarra\Desktop\global\shadow_v52\cards
  V52: 9  XSM: 1
  index -> C:\Users\alexandre bandarra\Desktop\global\shadow_v52\SLEEVE_CARDS.md
--- TV dashboard cards feed (6 cards) ---

FEED STDERR:
 main()
    ~~~~^^
  File "C:\Users\alexandre bandarra\Desktop\global\shadow_v52\tv_cards_feed.py", line 133, in main
    feed = build_feed()
  File "C:\Users\alexandre bandarra\Desktop\global\shadow_v52\tv_cards_feed.py", line 51, in build_feed
    pending = _load("pending_fires_latest.csv")
  File "C:\Users\alexandre bandarra\Desktop\global\shadow_v52\tv_cards_feed.py", line 45, in _load
    return pd.read_csv(p) if p.exists() else pd.DataFrame()
           ~~~~~~~~~~~^^^
  File "C:\Python314\Lib\site-packages\pandas\io\parsers\readers.py", line 1026, in read_csv
    return _read(filepath_or_buffer, kwds)
  File "C:\Python314\Lib\site-packages\pandas\io\parsers\readers.py", line 620, in _read
    parser = TextFileReader(filepath_or_buffer, **kwds)
  File "C:\Python314\Lib\site-packages\pandas\io\parsers\readers.py", line 1620, in __init__
    self._engine = self._make_engine(f, self.engine)
                   ~~~~~~~~~~~~~~~~~^^^^^^^^^^^^^^^^
  File "C:\Python314\Lib\site-packages\pandas\io\parsers\readers.py", line 1898, in _make_engine
    return mapping[engine](f, **self.options)
           ~~~~~~~~~~~~~~~^^^^^^^^^^^^^^^^^^^
  File "C:\Python314\Lib\site-packages\pandas\io\parsers\c_parser_wrapper.py", line 93, in __init__
    self._reader = parsers.TextReader(src, **kwds)
                   ~~~~~~~~~~~~~~~~~~^^^^^^^^^^^^^
  File "pandas/_libs/parsers.pyx", line 581, in pandas._libs.parsers.TextReader.__cinit__
pandas.errors.EmptyDataError: No columns to parse from file

=== V52 shadow tick 2026-06-13T02:05:02.774642+00:00 ===
--- data refresh ---
  BTC klines no-new (last 2026-06-13 00:00:00+00:00)
  BTC funding +1 -> 2026-06-13 02:00:00.044000+00:00
  ETH klines no-new (last 2026-06-13 00:00:00+00:00)
  ETH funding +1 -> 2026-06-13 02:00:00.044000+00:00
  AVAX klines no-new (last 2026-06-13 00:00:00+00:00)
  AVAX funding +1 -> 2026-06-13 02:00:00.044000+00:00
  SOL klines no-new (last 2026-06-13 00:00:00+00:00)
  SOL funding +1 -> 2026-06-13 02:00:00.044000+00:00
  LINK klines no-new (last 2026-06-13 00:00:00+00:00)
  LINK funding +1 -> 2026-06-13 02:00:00.044000+00:00
--- V52 shadow run (9 sleeves) ---
[2026-06-13T02:05:09.779901+00:00] V52 shadow run complete
  open positions : 3
  pending fires  : 0
  recent closed  : 41
  ledger total   : 46
  data end       : 2026-06-13T00:00:00+00:00
  outputs        : C:\Users\alexandre bandarra\Desktop\global\shadow_v52
--- XSM shadow run (basket) ---
[2026-06-13T02:05:14.538535+00:00] XSM shadow: FLAT | breadth 1/9 | btc>100dMA False | 50dMA_rising False
--- refresh sleeve cards ---
Built 10 sleeve cards -> C:\Users\alexandre bandarra\Desktop\global\shadow_v52\cards
  V52: 9  XSM: 1
  index -> C:\Users\alexandre bandarra\Desktop\global\shadow_v52\SLEEVE_CARDS.md
--- TV dashboard cards feed (6 cards) ---

FEED STDERR:
 main()
    ~~~~^^
  File "C:\Users\alexandre bandarra\Desktop\global\shadow_v52\tv_cards_feed.py", line 133, in main
    feed = build_feed()
  File "C:\Users\alexandre bandarra\Desktop\global\shadow_v52\tv_cards_feed.py", line 51, in build_feed
    pending = _load("pending_fires_latest.csv")
  File "C:\Users\alexandre bandarra\Desktop\global\shadow_v52\tv_cards_feed.py", line 45, in _load
    return pd.read_csv(p) if p.exists() else pd.DataFrame()
           ~~~~~~~~~~~^^^
  File "C:\Python314\Lib\site-packages\pandas\io\parsers\readers.py", line 1026, in read_csv
    return _read(filepath_or_buffer, kwds)
  File "C:\Python314\Lib\site-packages\pandas\io\parsers\readers.py", line 620, in _read
    parser = TextFileReader(filepath_or_buffer, **kwds)
  File "C:\Python314\Lib\site-packages\pandas\io\parsers\readers.py", line 1620, in __init__
    self._engine = self._make_engine(f, self.engine)
                   ~~~~~~~~~~~~~~~~~^^^^^^^^^^^^^^^^
  File "C:\Python314\Lib\site-packages\pandas\io\parsers\readers.py", line 1898, in _make_engine
    return mapping[engine](f, **self.options)
           ~~~~~~~~~~~~~~~^^^^^^^^^^^^^^^^^^^
  File "C:\Python314\Lib\site-packages\pandas\io\parsers\c_parser_wrapper.py", line 93, in __init__
    self._reader = parsers.TextReader(src, **kwds)
                   ~~~~~~~~~~~~~~~~~~^^^^^^^^^^^^^
  File "pandas/_libs/parsers.pyx", line 581, in pandas._libs.parsers.TextReader.__cinit__
pandas.errors.EmptyDataError: No columns to parse from file

=== V52 shadow tick 2026-06-13T03:05:03.184222+00:00 ===
--- data refresh ---
  BTC klines no-new (last 2026-06-13 00:00:00+00:00)
  BTC funding no-new (last 2026-06-13 02:00:00.044000+00:00)
  ETH klines no-new (last 2026-06-13 00:00:00+00:00)
  ETH funding no-new (last 2026-06-13 02:00:00.044000+00:00)
  AVAX klines no-new (last 2026-06-13 00:00:00+00:00)
  AVAX funding no-new (last 2026-06-13 02:00:00.044000+00:00)
  SOL klines no-new (last 2026-06-13 00:00:00+00:00)
  SOL funding no-new (last 2026-06-13 02:00:00.044000+00:00)
  LINK klines no-new (last 2026-06-13 00:00:00+00:00)
  LINK funding no-new (last 2026-06-13 02:00:00.044000+00:00)
--- V52 shadow run (9 sleeves) ---
[2026-06-13T03:05:09.128466+00:00] V52 shadow run complete
  open positions : 3
  pending fires  : 0
  recent closed  : 41
  ledger total   : 46
  data end       : 2026-06-13T00:00:00+00:00
  outputs        : C:\Users\alexandre bandarra\Desktop\global\shadow_v52
--- XSM shadow run (basket) ---
[2026-06-13T03:05:14.207099+00:00] XSM shadow: FLAT | breadth 1/9 | btc>100dMA False | 50dMA_rising False
--- refresh sleeve cards ---
Built 10 sleeve cards -> C:\Users\alexandre bandarra\Desktop\global\shadow_v52\cards
  V52: 9  XSM: 1
  index -> C:\Users\alexandre bandarra\Desktop\global\shadow_v52\SLEEVE_CARDS.md
--- TV dashboard cards feed (6 cards) ---

FEED STDERR:
 main()
    ~~~~^^
  File "C:\Users\alexandre bandarra\Desktop\global\shadow_v52\tv_cards_feed.py", line 133, in main
    feed = build_feed()
  File "C:\Users\alexandre bandarra\Desktop\global\shadow_v52\tv_cards_feed.py", line 51, in build_feed
    pending = _load("pending_fires_latest.csv")
  File "C:\Users\alexandre bandarra\Desktop\global\shadow_v52\tv_cards_feed.py", line 45, in _load
    return pd.read_csv(p) if p.exists() else pd.DataFrame()
           ~~~~~~~~~~~^^^
  File "C:\Python314\Lib\site-packages\pandas\io\parsers\readers.py", line 1026, in read_csv
    return _read(filepath_or_buffer, kwds)
  File "C:\Python314\Lib\site-packages\pandas\io\parsers\readers.py", line 620, in _read
    parser = TextFileReader(filepath_or_buffer, **kwds)
  File "C:\Python314\Lib\site-packages\pandas\io\parsers\readers.py", line 1620, in __init__
    self._engine = self._make_engine(f, self.engine)
                   ~~~~~~~~~~~~~~~~~^^^^^^^^^^^^^^^^
  File "C:\Python314\Lib\site-packages\pandas\io\parsers\readers.py", line 1898, in _make_engine
    return mapping[engine](f, **self.options)
           ~~~~~~~~~~~~~~~^^^^^^^^^^^^^^^^^^^
  File "C:\Python314\Lib\site-packages\pandas\io\parsers\c_parser_wrapper.py", line 93, in __init__
    self._reader = parsers.TextReader(src, **kwds)
                   ~~~~~~~~~~~~~~~~~~^^^^^^^^^^^^^
  File "pandas/_libs/parsers.pyx", line 581, in pandas._libs.parsers.TextReader.__cinit__
pandas.errors.EmptyDataError: No columns to parse from file

^C^C=== V52 shadow tick 2026-06-13T11:05:36.714055+00:00 ===
--- data refresh ---
  BTC klines no-new (last 2026-06-13 08:00:00+00:00)
  BTC funding +1 -> 2026-06-13 11:00:00.051000+00:00
  ETH klines no-new (last 2026-06-13 08:00:00+00:00)
  ETH funding +1 -> 2026-06-13 11:00:00.051000+00:00
  AVAX klines no-new (last 2026-06-13 08:00:00+00:00)
  AVAX funding +1 -> 2026-06-13 11:00:00.051000+00:00
  SOL klines no-new (last 2026-06-13 08:00:00+00:00)
  SOL funding +1 -> 2026-06-13 11:00:00.051000+00:00
  LINK klines no-new (last 2026-06-13 08:00:00+00:00)
  LINK funding +1 -> 2026-06-13 11:00:00.051000+00:00
--- V52 shadow run (9 sleeves) ---
[2026-06-13T11:05:43.844460+00:00] V52 shadow run complete
  open positions : 3
  pending fires  : 0
  recent closed  : 41
  ledger total   : 46
  data end       : 2026-06-13T08:00:00+00:00
  outputs        : C:\Users\alexandre bandarra\Desktop\global\shadow_v52
--- XSM shadow run (basket) ---
[2026-06-13T11:05:48.223071+00:00] XSM shadow: FLAT | breadth 1/9 | btc>100dMA False | 50dMA_rising False
--- refresh sleeve cards ---
Built 10 sleeve cards -> C:\Users\alexandre bandarra\Desktop\global\shadow_v52\cards
  V52: 9  XSM: 1
  index -> C:\Users\alexandre bandarra\Desktop\global\shadow_v52\SLEEVE_CARDS.md
--- TV dashboard cards feed (6 cards) ---

FEED STDERR:
 main()
    ~~~~^^
  File "C:\Users\alexandre bandarra\Desktop\global\shadow_v52\tv_cards_feed.py", line 133, in main
    feed = build_feed()
  File "C:\Users\alexandre bandarra\Desktop\global\shadow_v52\tv_cards_feed.py", line 51, in build_feed
    pending = _load("pending_fires_latest.csv")
  File "C:\Users\alexandre bandarra\Desktop\global\shadow_v52\tv_cards_feed.py", line 45, in _load
    return pd.read_csv(p) if p.exists() else pd.DataFrame()
           ~~~~~~~~~~~^^^
  File "C:\Python314\Lib\site-packages\pandas\io\parsers\readers.py", line 1026, in read_csv
    return _read(filepath_or_buffer, kwds)
  File "C:\Python314\Lib\site-packages\pandas\io\parsers\readers.py", line 620, in _read
    parser = TextFileReader(filepath_or_buffer, **kwds)
  File "C:\Python314\Lib\site-packages\pandas\io\parsers\readers.py", line 1620, in __init__
    self._engine = self._make_engine(f, self.engine)
                   ~~~~~~~~~~~~~~~~~^^^^^^^^^^^^^^^^
  File "C:\Python314\Lib\site-packages\pandas\io\parsers\readers.py", line 1898, in _make_engine
    return mapping[engine](f, **self.options)
           ~~~~~~~~~~~~~~~^^^^^^^^^^^^^^^^^^^
  File "C:\Python314\Lib\site-packages\pandas\io\parsers\c_parser_wrapper.py", line 93, in __init__
    self._reader = parsers.TextReader(src, **kwds)
                   ~~~~~~~~~~~~~~~~~~^^^^^^^^^^^^^
  File "pandas/_libs/parsers.pyx", line 581, in pandas._libs.parsers.TextReader.__cinit__
pandas.errors.EmptyDataError: No columns to parse from file

=== V52 shadow tick 2026-06-13T12:05:03.041051+00:00 ===
--- data refresh ---
  BTC klines +1 -> 2026-06-13 12:00:00+00:00
  BTC funding no-new (last 2026-06-13 11:00:00.051000+00:00)
  ETH klines +1 -> 2026-06-13 12:00:00+00:00
  ETH funding no-new (last 2026-06-13 11:00:00.051000+00:00)
  AVAX klines +1 -> 2026-06-13 12:00:00+00:00
  AVAX funding no-new (last 2026-06-13 11:00:00.051000+00:00)
  SOL klines +1 -> 2026-06-13 12:00:00+00:00
  SOL funding no-new (last 2026-06-13 11:00:00.051000+00:00)
  LINK klines +1 -> 2026-06-13 12:00:00+00:00
  LINK funding no-new (last 2026-06-13 11:00:00.051000+00:00)
--- V52 shadow run (9 sleeves) ---
[2026-06-13T12:05:11.968895+00:00] V52 shadow run complete
  open positions : 3
  pending fires  : 0
  recent closed  : 41
  ledger total   : 46
  data end       : 2026-06-13T12:00:00+00:00
  outputs        : C:\Users\alexandre bandarra\Desktop\global\shadow_v52
--- XSM shadow run (basket) ---
[2026-06-13T12:05:15.778097+00:00] XSM shadow: FLAT | breadth 1/9 | btc>100dMA False | 50dMA_rising False
--- refresh sleeve cards ---
Built 10 sleeve cards -> C:\Users\alexandre bandarra\Desktop\global\shadow_v52\cards
  V52: 9  XSM: 1
  index -> C:\Users\alexandre bandarra\Desktop\global\shadow_v52\SLEEVE_CARDS.md
--- TV dashboard cards feed (6 cards) ---

FEED STDERR:
 main()
    ~~~~^^
  File "C:\Users\alexandre bandarra\Desktop\global\shadow_v52\tv_cards_feed.py", line 133, in main
    feed = build_feed()
  File "C:\Users\alexandre bandarra\Desktop\global\shadow_v52\tv_cards_feed.py", line 51, in build_feed
    pending = _load("pending_fires_latest.csv")
  File "C:\Users\alexandre bandarra\Desktop\global\shadow_v52\tv_cards_feed.py", line 45, in _load
    return pd.read_csv(p) if p.exists() else pd.DataFrame()
           ~~~~~~~~~~~^^^
  File "C:\Python314\Lib\site-packages\pandas\io\parsers\readers.py", line 1026, in read_csv
    return _read(filepath_or_buffer, kwds)
  File "C:\Python314\Lib\site-packages\pandas\io\parsers\readers.py", line 620, in _read
    parser = TextFileReader(filepath_or_buffer, **kwds)
  File "C:\Python314\Lib\site-packages\pandas\io\parsers\readers.py", line 1620, in __init__
    self._engine = self._make_engine(f, self.engine)
                   ~~~~~~~~~~~~~~~~~^^^^^^^^^^^^^^^^
  File "C:\Python314\Lib\site-packages\pandas\io\parsers\readers.py", line 1898, in _make_engine
    return mapping[engine](f, **self.options)
           ~~~~~~~~~~~~~~~^^^^^^^^^^^^^^^^^^^
  File "C:\Python314\Lib\site-packages\pandas\io\parsers\c_parser_wrapper.py", line 93, in __init__
    self._reader = parsers.TextReader(src, **kwds)
                   ~~~~~~~~~~~~~~~~~~^^^^^^^^^^^^^
  File "pandas/_libs/parsers.pyx", line 581, in pandas._libs.parsers.TextReader.__cinit__
pandas.errors.EmptyDataError: No columns to parse from file

=== V52 shadow tick 2026-06-13T13:05:02.921876+00:00 ===
--- data refresh ---
  BTC klines no-new (last 2026-06-13 12:00:00+00:00)
  BTC funding +1 -> 2026-06-13 13:00:00.021000+00:00
  ETH klines no-new (last 2026-06-13 12:00:00+00:00)
  ETH funding +1 -> 2026-06-13 13:00:00.021000+00:00
  AVAX klines no-new (last 2026-06-13 12:00:00+00:00)
  AVAX funding +1 -> 2026-06-13 13:00:00.021000+00:00
  SOL klines no-new (last 2026-06-13 12:00:00+00:00)
  SOL funding +1 -> 2026-06-13 13:00:00.021000+00:00
  LINK klines no-new (last 2026-06-13 12:00:00+00:00)
  LINK funding +1 -> 2026-06-13 13:00:00.021000+00:00
--- V52 shadow run (9 sleeves) ---
[2026-06-13T13:05:09.410373+00:00] V52 shadow run complete
  open positions : 3
  pending fires  : 0
  recent closed  : 41
  ledger total   : 46
  data end       : 2026-06-13T12:00:00+00:00
  outputs        : C:\Users\alexandre bandarra\Desktop\global\shadow_v52
--- XSM shadow run (basket) ---
[2026-06-13T13:05:13.050851+00:00] XSM shadow: FLAT | breadth 1/9 | btc>100dMA False | 50dMA_rising False
--- refresh sleeve cards ---
Built 10 sleeve cards -> C:\Users\alexandre bandarra\Desktop\global\shadow_v52\cards
  V52: 9  XSM: 1
  index -> C:\Users\alexandre bandarra\Desktop\global\shadow_v52\SLEEVE_CARDS.md
--- TV dashboard cards feed (6 cards) ---

FEED STDERR:
 main()
    ~~~~^^
  File "C:\Users\alexandre bandarra\Desktop\global\shadow_v52\tv_cards_feed.py", line 133, in main
    feed = build_feed()
  File "C:\Users\alexandre bandarra\Desktop\global\shadow_v52\tv_cards_feed.py", line 51, in build_feed
    pending = _load("pending_fires_latest.csv")
  File "C:\Users\alexandre bandarra\Desktop\global\shadow_v52\tv_cards_feed.py", line 45, in _load
    return pd.read_csv(p) if p.exists() else pd.DataFrame()
           ~~~~~~~~~~~^^^
  File "C:\Python314\Lib\site-packages\pandas\io\parsers\readers.py", line 1026, in read_csv
    return _read(filepath_or_buffer, kwds)
  File "C:\Python314\Lib\site-packages\pandas\io\parsers\readers.py", line 620, in _read
    parser = TextFileReader(filepath_or_buffer, **kwds)
  File "C:\Python314\Lib\site-packages\pandas\io\parsers\readers.py", line 1620, in __init__
    self._engine = self._make_engine(f, self.engine)
                   ~~~~~~~~~~~~~~~~~^^^^^^^^^^^^^^^^
  File "C:\Python314\Lib\site-packages\pandas\io\parsers\readers.py", line 1898, in _make_engine
    return mapping[engine](f, **self.options)
           ~~~~~~~~~~~~~~~^^^^^^^^^^^^^^^^^^^
  File "C:\Python314\Lib\site-packages\pandas\io\parsers\c_parser_wrapper.py", line 93, in __init__
    self._reader = parsers.TextReader(src, **kwds)
                   ~~~~~~~~~~~~~~~~~~^^^^^^^^^^^^^
  File "pandas/_libs/parsers.pyx", line 581, in pandas._libs.parsers.TextReader.__cinit__
pandas.errors.EmptyDataError: No columns to parse from file

=== V52 shadow tick 2026-06-13T14:05:02.941786+00:00 ===
--- data refresh ---
  BTC klines no-new (last 2026-06-13 12:00:00+00:00)
  BTC funding +1 -> 2026-06-13 14:00:00.056000+00:00
  ETH klines no-new (last 2026-06-13 12:00:00+00:00)
  ETH funding +1 -> 2026-06-13 14:00:00.056000+00:00
  AVAX klines no-new (last 2026-06-13 12:00:00+00:00)
  AVAX funding +1 -> 2026-06-13 14:00:00.056000+00:00
  SOL klines no-new (last 2026-06-13 12:00:00+00:00)
  SOL funding +1 -> 2026-06-13 14:00:00.056000+00:00
  LINK klines no-new (last 2026-06-13 12:00:00+00:00)
  LINK funding +1 -> 2026-06-13 14:00:00.056000+00:00
--- V52 shadow run (9 sleeves) ---
[2026-06-13T14:05:09.020714+00:00] V52 shadow run complete
  open positions : 3
  pending fires  : 0
  recent closed  : 41
  ledger total   : 46
  data end       : 2026-06-13T12:00:00+00:00
  outputs        : C:\Users\alexandre bandarra\Desktop\global\shadow_v52
--- XSM shadow run (basket) ---
[2026-06-13T14:05:12.750104+00:00] XSM shadow: FLAT | breadth 1/9 | btc>100dMA False | 50dMA_rising False
--- refresh sleeve cards ---
Built 10 sleeve cards -> C:\Users\alexandre bandarra\Desktop\global\shadow_v52\cards
  V52: 9  XSM: 1
  index -> C:\Users\alexandre bandarra\Desktop\global\shadow_v52\SLEEVE_CARDS.md
--- TV dashboard cards feed (6 cards) ---

FEED STDERR:
 main()
    ~~~~^^
  File "C:\Users\alexandre bandarra\Desktop\global\shadow_v52\tv_cards_feed.py", line 133, in main
    feed = build_feed()
  File "C:\Users\alexandre bandarra\Desktop\global\shadow_v52\tv_cards_feed.py", line 51, in build_feed
    pending = _load("pending_fires_latest.csv")
  File "C:\Users\alexandre bandarra\Desktop\global\shadow_v52\tv_cards_feed.py", line 45, in _load
    return pd.read_csv(p) if p.exists() else pd.DataFrame()
           ~~~~~~~~~~~^^^
  File "C:\Python314\Lib\site-packages\pandas\io\parsers\readers.py", line 1026, in read_csv
    return _read(filepath_or_buffer, kwds)
  File "C:\Python314\Lib\site-packages\pandas\io\parsers\readers.py", line 620, in _read
    parser = TextFileReader(filepath_or_buffer, **kwds)
  File "C:\Python314\Lib\site-packages\pandas\io\parsers\readers.py", line 1620, in __init__
    self._engine = self._make_engine(f, self.engine)
                   ~~~~~~~~~~~~~~~~~^^^^^^^^^^^^^^^^
  File "C:\Python314\Lib\site-packages\pandas\io\parsers\readers.py", line 1898, in _make_engine
    return mapping[engine](f, **self.options)
           ~~~~~~~~~~~~~~~^^^^^^^^^^^^^^^^^^^
  File "C:\Python314\Lib\site-packages\pandas\io\parsers\c_parser_wrapper.py", line 93, in __init__
    self._reader = parsers.TextReader(src, **kwds)
                   ~~~~~~~~~~~~~~~~~~^^^^^^^^^^^^^
  File "pandas/_libs/parsers.pyx", line 581, in pandas._libs.parsers.TextReader.__cinit__
pandas.errors.EmptyDataError: No columns to parse from file

=== V52 shadow tick 2026-06-13T15:05:02.997222+00:00 ===
--- data refresh ---
  BTC klines no-new (last 2026-06-13 12:00:00+00:00)
  BTC funding no-new (last 2026-06-13 14:00:00.056000+00:00)
  ETH klines no-new (last 2026-06-13 12:00:00+00:00)
  ETH funding no-new (last 2026-06-13 14:00:00.056000+00:00)
  AVAX klines no-new (last 2026-06-13 12:00:00+00:00)
  AVAX funding no-new (last 2026-06-13 14:00:00.056000+00:00)
  SOL klines no-new (last 2026-06-13 12:00:00+00:00)
  SOL funding no-new (last 2026-06-13 14:00:00.056000+00:00)
  LINK klines no-new (last 2026-06-13 12:00:00+00:00)
  LINK funding no-new (last 2026-06-13 14:00:00.056000+00:00)
--- V52 shadow run (9 sleeves) ---
[2026-06-13T15:05:07.323747+00:00] V52 shadow run complete
  open positions : 3
  pending fires  : 0
  recent closed  : 41
  ledger total   : 46
  data end       : 2026-06-13T12:00:00+00:00
  outputs        : C:\Users\alexandre bandarra\Desktop\global\shadow_v52
--- XSM shadow run (basket) ---
[2026-06-13T15:05:11.867645+00:00] XSM shadow: FLAT | breadth 1/9 | btc>100dMA False | 50dMA_rising False
--- refresh sleeve cards ---
Built 10 sleeve cards -> C:\Users\alexandre bandarra\Desktop\global\shadow_v52\cards
  V52: 9  XSM: 1
  index -> C:\Users\alexandre bandarra\Desktop\global\shadow_v52\SLEEVE_CARDS.md
--- TV dashboard cards feed (6 cards) ---

FEED STDERR:
 main()
    ~~~~^^
  File "C:\Users\alexandre bandarra\Desktop\global\shadow_v52\tv_cards_feed.py", line 133, in main
    feed = build_feed()
  File "C:\Users\alexandre bandarra\Desktop\global\shadow_v52\tv_cards_feed.py", line 51, in build_feed
    pending = _load("pending_fires_latest.csv")
  File "C:\Users\alexandre bandarra\Desktop\global\shadow_v52\tv_cards_feed.py", line 45, in _load
    return pd.read_csv(p) if p.exists() else pd.DataFrame()
           ~~~~~~~~~~~^^^
  File "C:\Python314\Lib\site-packages\pandas\io\parsers\readers.py", line 1026, in read_csv
    return _read(filepath_or_buffer, kwds)
  File "C:\Python314\Lib\site-packages\pandas\io\parsers\readers.py", line 620, in _read
    parser = TextFileReader(filepath_or_buffer, **kwds)
  File "C:\Python314\Lib\site-packages\pandas\io\parsers\readers.py", line 1620, in __init__
    self._engine = self._make_engine(f, self.engine)
                   ~~~~~~~~~~~~~~~~~^^^^^^^^^^^^^^^^
  File "C:\Python314\Lib\site-packages\pandas\io\parsers\readers.py", line 1898, in _make_engine
    return mapping[engine](f, **self.options)
           ~~~~~~~~~~~~~~~^^^^^^^^^^^^^^^^^^^
  File "C:\Python314\Lib\site-packages\pandas\io\parsers\c_parser_wrapper.py", line 93, in __init__
    self._reader = parsers.TextReader(src, **kwds)
                   ~~~~~~~~~~~~~~~~~~^^^^^^^^^^^^^
  File "pandas/_libs/parsers.pyx", line 581, in pandas._libs.parsers.TextReader.__cinit__
pandas.errors.EmptyDataError: No columns to parse from file

=== V52 shadow tick 2026-06-13T16:05:02.952286+00:00 ===
--- data refresh ---
  BTC klines +1 -> 2026-06-13 16:00:00+00:00
  BTC funding +1 -> 2026-06-13 16:00:00.004000+00:00
  ETH klines +1 -> 2026-06-13 16:00:00+00:00
  ETH funding +1 -> 2026-06-13 16:00:00.004000+00:00
  AVAX klines +1 -> 2026-06-13 16:00:00+00:00
  AVAX funding +1 -> 2026-06-13 16:00:00.004000+00:00
  SOL klines +1 -> 2026-06-13 16:00:00+00:00
  SOL funding +1 -> 2026-06-13 16:00:00.004000+00:00
  LINK klines +1 -> 2026-06-13 16:00:00+00:00
  LINK funding +1 -> 2026-06-13 16:00:00.004000+00:00
--- V52 shadow run (9 sleeves) ---
[2026-06-13T16:05:13.071580+00:00] V52 shadow run complete
  open positions : 3
  pending fires  : 1
  recent closed  : 41
  ledger total   : 46
  data end       : 2026-06-13T16:00:00+00:00
  outputs        : C:\Users\alexandre bandarra\Desktop\global\shadow_v52
--- XSM shadow run (basket) ---
[2026-06-13T16:05:16.770753+00:00] XSM shadow: FLAT | breadth 1/9 | btc>100dMA False | 50dMA_rising False
--- refresh sleeve cards ---
Built 10 sleeve cards -> C:\Users\alexandre bandarra\Desktop\global\shadow_v52\cards
  V52: 9  XSM: 1
  index -> C:\Users\alexandre bandarra\Desktop\global\shadow_v52\SLEEVE_CARDS.md
--- TV dashboard cards feed (6 cards) ---
TV cards feed -> C:\Users\alexandre bandarra\Desktop\global\shadow_v52\_tv_cards_feed.json  (6 cards)
  V52-BTC   FLAT   conf 0 | fires 3
  V52-ETH   LONG   conf 45 | fires 11
  V52-SOL   SHORT  conf 45 | fires 13
  V52-AVAX  LONG   conf 29 | fires 10
  V52-LINK  FLAT   conf 0 | fires 9
  V52-XSM   FLAT   breadth 1/9
=== V52 shadow tick 2026-06-13T17:05:02.998089+00:00 ===
--- data refresh ---
  BTC klines no-new (last 2026-06-13 16:00:00+00:00)
  BTC funding +1 -> 2026-06-13 17:00:00.036000+00:00
  ETH klines no-new (last 2026-06-13 16:00:00+00:00)
  ETH funding +1 -> 2026-06-13 17:00:00.036000+00:00
  AVAX klines no-new (last 2026-06-13 16:00:00+00:00)
  AVAX funding +1 -> 2026-06-13 17:00:00.036000+00:00
  SOL klines no-new (last 2026-06-13 16:00:00+00:00)
  SOL funding +1 -> 2026-06-13 17:00:00.036000+00:00
  LINK klines no-new (last 2026-06-13 16:00:00+00:00)
  LINK funding +1 -> 2026-06-13 17:00:00.036000+00:00
--- V52 shadow run (9 sleeves) ---
[2026-06-13T17:05:10.040355+00:00] V52 shadow run complete
  open positions : 3
  pending fires  : 1
  recent closed  : 41
  ledger total   : 46
  data end       : 2026-06-13T16:00:00+00:00
  outputs        : C:\Users\alexandre bandarra\Desktop\global\shadow_v52
--- XSM shadow run (basket) ---
[2026-06-13T17:05:13.649394+00:00] XSM shadow: FLAT | breadth 1/9 | btc>100dMA False | 50dMA_rising False
--- refresh sleeve cards ---
Built 10 sleeve cards -> C:\Users\alexandre bandarra\Desktop\global\shadow_v52\cards
  V52: 9  XSM: 1
  index -> C:\Users\alexandre bandarra\Desktop\global\shadow_v52\SLEEVE_CARDS.md
--- TV dashboard cards feed (6 cards) ---
TV cards feed -> C:\Users\alexandre bandarra\Desktop\global\shadow_v52\_tv_cards_feed.json  (6 cards)
  V52-BTC   FLAT   conf 0 | fires 3
  V52-ETH   LONG   conf 45 | fires 11
  V52-SOL   SHORT  conf 45 | fires 13
  V52-AVAX  LONG   conf 29 | fires 10
  V52-LINK  FLAT   conf 0 | fires 9
  V52-XSM   FLAT   breadth 1/9
=== V52 shadow tick 2026-06-13T18:05:03.165897+00:00 ===
--- data refresh ---
  BTC klines no-new (last 2026-06-13 16:00:00+00:00)
  BTC funding no-new (last 2026-06-13 17:00:00.036000+00:00)
  ETH klines no-new (last 2026-06-13 16:00:00+00:00)
  ETH funding no-new (last 2026-06-13 17:00:00.036000+00:00)
  AVAX klines no-new (last 2026-06-13 16:00:00+00:00)
  AVAX funding no-new (last 2026-06-13 17:00:00.036000+00:00)
  SOL klines no-new (last 2026-06-13 16:00:00+00:00)
  SOL funding no-new (last 2026-06-13 17:00:00.036000+00:00)
  LINK klines no-new (last 2026-06-13 16:00:00+00:00)
  LINK funding no-new (last 2026-06-13 17:00:00.036000+00:00)
--- V52 shadow run (9 sleeves) ---
[2026-06-13T18:05:08.252052+00:00] V52 shadow run complete
  open positions : 3
  pending fires  : 1
  recent closed  : 41
  ledger total   : 46
  data end       : 2026-06-13T16:00:00+00:00
  outputs        : C:\Users\alexandre bandarra\Desktop\global\shadow_v52
--- XSM shadow run (basket) ---
[2026-06-13T18:05:12.920651+00:00] XSM shadow: FLAT | breadth 1/9 | btc>100dMA False | 50dMA_rising False
--- refresh sleeve cards ---
Built 10 sleeve cards -> C:\Users\alexandre bandarra\Desktop\global\shadow_v52\cards
  V52: 9  XSM: 1
  index -> C:\Users\alexandre bandarra\Desktop\global\shadow_v52\SLEEVE_CARDS.md
--- TV dashboard cards feed (6 cards) ---
TV cards feed -> C:\Users\alexandre bandarra\Desktop\global\shadow_v52\_tv_cards_feed.json  (6 cards)
  V52-BTC   FLAT   conf 0 | fires 3
  V52-ETH   LONG   conf 45 | fires 11
  V52-SOL   SHORT  conf 45 | fires 13
  V52-AVAX  LONG   conf 29 | fires 10
  V52-LINK  FLAT   conf 0 | fires 9
  V52-XSM   FLAT   breadth 1/9
=== V52 shadow tick 2026-06-13T19:05:03.011119+00:00 ===
--- data refresh ---
  BTC klines no-new (last 2026-06-13 16:00:00+00:00)
  BTC funding +1 -> 2026-06-13 19:00:00.021000+00:00
  ETH klines no-new (last 2026-06-13 16:00:00+00:00)
  ETH funding +1 -> 2026-06-13 19:00:00.021000+00:00
  AVAX klines no-new (last 2026-06-13 16:00:00+00:00)
  AVAX funding +1 -> 2026-06-13 19:00:00.021000+00:00
  SOL klines no-new (last 2026-06-13 16:00:00+00:00)
  SOL funding +1 -> 2026-06-13 19:00:00.021000+00:00
  LINK klines no-new (last 2026-06-13 16:00:00+00:00)
  LINK funding +1 -> 2026-06-13 19:00:00.021000+00:00
--- V52 shadow run (9 sleeves) ---
[2026-06-13T19:05:09.173049+00:00] V52 shadow run complete
  open positions : 3
  pending fires  : 1
  recent closed  : 41
  ledger total   : 46
  data end       : 2026-06-13T16:00:00+00:00
  outputs        : C:\Users\alexandre bandarra\Desktop\global\shadow_v52
--- XSM shadow run (basket) ---
[2026-06-13T19:05:12.858412+00:00] XSM shadow: FLAT | breadth 1/9 | btc>100dMA False | 50dMA_rising False
--- refresh sleeve cards ---
Built 10 sleeve cards -> C:\Users\alexandre bandarra\Desktop\global\shadow_v52\cards
  V52: 9  XSM: 1
  index -> C:\Users\alexandre bandarra\Desktop\global\shadow_v52\SLEEVE_CARDS.md
--- TV dashboard cards feed (6 cards) ---
TV cards feed -> C:\Users\alexandre bandarra\Desktop\global\shadow_v52\_tv_cards_feed.json  (6 cards)
  V52-BTC   FLAT   conf 0 | fires 3
  V52-ETH   LONG   conf 45 | fires 11
  V52-SOL   SHORT  conf 45 | fires 13
  V52-AVAX  LONG   conf 29 | fires 10
  V52-LINK  FLAT   conf 0 | fires 9
  V52-XSM   FLAT   breadth 1/9
=== V52 shadow tick 2026-06-13T20:05:01.994186+00:00 ===
--- data refresh ---
  BTC klines +1 -> 2026-06-13 20:00:00+00:00
  BTC funding +1 -> 2026-06-13 20:00:00.035000+00:00
  ETH klines +1 -> 2026-06-13 20:00:00+00:00
  ETH funding +1 -> 2026-06-13 20:00:00.035000+00:00
  AVAX klines +1 -> 2026-06-13 20:00:00+00:00
  AVAX funding +1 -> 2026-06-13 20:00:00.035000+00:00
  SOL klines +1 -> 2026-06-13 20:00:00+00:00
  SOL funding +1 -> 2026-06-13 20:00:00.035000+00:00
  LINK klines +1 -> 2026-06-13 20:00:00+00:00
  LINK funding +1 -> 2026-06-13 19:00:00.021000+00:00
--- V52 shadow run (9 sleeves) ---
[2026-06-13T20:05:12.216271+00:00] V52 shadow run complete
  open positions : 3
  pending fires  : 0
  recent closed  : 40
  ledger total   : 46
  data end       : 2026-06-13T20:00:00+00:00
  outputs        : C:\Users\alexandre bandarra\Desktop\global\shadow_v52
--- XSM shadow run (basket) ---
[2026-06-13T20:05:15.942643+00:00] XSM shadow: FLAT | breadth 1/9 | btc>100dMA False | 50dMA_rising False
--- refresh sleeve cards ---
Built 10 sleeve cards -> C:\Users\alexandre bandarra\Desktop\global\shadow_v52\cards
  V52: 9  XSM: 1
  index -> C:\Users\alexandre bandarra\Desktop\global\shadow_v52\SLEEVE_CARDS.md
--- TV dashboard cards feed (6 cards) ---

FEED STDERR:
 main()
    ~~~~^^
  File "C:\Users\alexandre bandarra\Desktop\global\shadow_v52\tv_cards_feed.py", line 133, in main
    feed = build_feed()
  File "C:\Users\alexandre bandarra\Desktop\global\shadow_v52\tv_cards_feed.py", line 51, in build_feed
    pending = _load("pending_fires_latest.csv")
  File "C:\Users\alexandre bandarra\Desktop\global\shadow_v52\tv_cards_feed.py", line 45, in _load
    return pd.read_csv(p) if p.exists() else pd.DataFrame()
           ~~~~~~~~~~~^^^
  File "C:\Python314\Lib\site-packages\pandas\io\parsers\readers.py", line 1026, in read_csv
    return _read(filepath_or_buffer, kwds)
  File "C:\Python314\Lib\site-packages\pandas\io\parsers\readers.py", line 620, in _read
    parser = TextFileReader(filepath_or_buffer, **kwds)
  File "C:\Python314\Lib\site-packages\pandas\io\parsers\readers.py", line 1620, in __init__
    self._engine = self._make_engine(f, self.engine)
                   ~~~~~~~~~~~~~~~~~^^^^^^^^^^^^^^^^
  File "C:\Python314\Lib\site-packages\pandas\io\parsers\readers.py", line 1898, in _make_engine
    return mapping[engine](f, **self.options)
           ~~~~~~~~~~~~~~~^^^^^^^^^^^^^^^^^^^
  File "C:\Python314\Lib\site-packages\pandas\io\parsers\c_parser_wrapper.py", line 93, in __init__
    self._reader = parsers.TextReader(src, **kwds)
                   ~~~~~~~~~~~~~~~~~~^^^^^^^^^^^^^
  File "pandas/_libs/parsers.pyx", line 581, in pandas._libs.parsers.TextReader.__cinit__
pandas.errors.EmptyDataError: No columns to parse from file

=== V52 shadow tick 2026-06-13T21:05:02.015103+00:00 ===
--- data refresh ---
  BTC klines no-new (last 2026-06-13 20:00:00+00:00)
  BTC funding +1 -> 2026-06-13 21:00:00.042000+00:00
  ETH klines no-new (last 2026-06-13 20:00:00+00:00)
  ETH funding +1 -> 2026-06-13 21:00:00.042000+00:00
  AVAX klines no-new (last 2026-06-13 20:00:00+00:00)
  AVAX funding +1 -> 2026-06-13 21:00:00.042000+00:00
  SOL klines no-new (last 2026-06-13 20:00:00+00:00)
  SOL funding +1 -> 2026-06-13 21:00:00.042000+00:00
  LINK klines no-new (last 2026-06-13 20:00:00+00:00)
  LINK funding +2 -> 2026-06-13 21:00:00.042000+00:00
--- V52 shadow run (9 sleeves) ---
[2026-06-13T21:05:08.225869+00:00] V52 shadow run complete
  open positions : 3
  pending fires  : 0
  recent closed  : 40
  ledger total   : 46
  data end       : 2026-06-13T20:00:00+00:00
  outputs        : C:\Users\alexandre bandarra\Desktop\global\shadow_v52
--- XSM shadow run (basket) ---
[2026-06-13T21:05:12.062490+00:00] XSM shadow: FLAT | breadth 1/9 | btc>100dMA False | 50dMA_rising False
--- refresh sleeve cards ---
Built 10 sleeve cards -> C:\Users\alexandre bandarra\Desktop\global\shadow_v52\cards
  V52: 9  XSM: 1
  index -> C:\Users\alexandre bandarra\Desktop\global\shadow_v52\SLEEVE_CARDS.md
--- TV dashboard cards feed (6 cards) ---

FEED STDERR:
 main()
    ~~~~^^
  File "C:\Users\alexandre bandarra\Desktop\global\shadow_v52\tv_cards_feed.py", line 133, in main
    feed = build_feed()
  File "C:\Users\alexandre bandarra\Desktop\global\shadow_v52\tv_cards_feed.py", line 51, in build_feed
    pending = _load("pending_fires_latest.csv")
  File "C:\Users\alexandre bandarra\Desktop\global\shadow_v52\tv_cards_feed.py", line 45, in _load
    return pd.read_csv(p) if p.exists() else pd.DataFrame()
           ~~~~~~~~~~~^^^
  File "C:\Python314\Lib\site-packages\pandas\io\parsers\readers.py", line 1026, in read_csv
    return _read(filepath_or_buffer, kwds)
  File "C:\Python314\Lib\site-packages\pandas\io\parsers\readers.py", line 620, in _read
    parser = TextFileReader(filepath_or_buffer, **kwds)
  File "C:\Python314\Lib\site-packages\pandas\io\parsers\readers.py", line 1620, in __init__
    self._engine = self._make_engine(f, self.engine)
                   ~~~~~~~~~~~~~~~~~^^^^^^^^^^^^^^^^
  File "C:\Python314\Lib\site-packages\pandas\io\parsers\readers.py", line 1898, in _make_engine
    return mapping[engine](f, **self.options)
           ~~~~~~~~~~~~~~~^^^^^^^^^^^^^^^^^^^
  File "C:\Python314\Lib\site-packages\pandas\io\parsers\c_parser_wrapper.py", line 93, in __init__
    self._reader = parsers.TextReader(src, **kwds)
                   ~~~~~~~~~~~~~~~~~~^^^^^^^^^^^^^
  File "pandas/_libs/parsers.pyx", line 581, in pandas._libs.parsers.TextReader.__cinit__
pandas.errors.EmptyDataError: No columns to parse from file

=== V52 shadow tick 2026-06-13T22:05:02.096119+00:00 ===
--- data refresh ---
  BTC klines no-new (last 2026-06-13 20:00:00+00:00)
  BTC funding no-new (last 2026-06-13 21:00:00.042000+00:00)
  ETH klines no-new (last 2026-06-13 20:00:00+00:00)
  ETH funding no-new (last 2026-06-13 21:00:00.042000+00:00)
  AVAX klines no-new (last 2026-06-13 20:00:00+00:00)
  AVAX funding no-new (last 2026-06-13 21:00:00.042000+00:00)
  SOL klines no-new (last 2026-06-13 20:00:00+00:00)
  SOL funding no-new (last 2026-06-13 21:00:00.042000+00:00)
  LINK klines no-new (last 2026-06-13 20:00:00+00:00)
  LINK funding no-new (last 2026-06-13 21:00:00.042000+00:00)
--- V52 shadow run (9 sleeves) ---
[2026-06-13T22:05:07.010607+00:00] V52 shadow run complete
  open positions : 3
  pending fires  : 0
  recent closed  : 40
  ledger total   : 46
  data end       : 2026-06-13T20:00:00+00:00
  outputs        : C:\Users\alexandre bandarra\Desktop\global\shadow_v52
--- XSM shadow run (basket) ---
[2026-06-13T22:05:10.915009+00:00] XSM shadow: FLAT | breadth 1/9 | btc>100dMA False | 50dMA_rising False
--- refresh sleeve cards ---
Built 10 sleeve cards -> C:\Users\alexandre bandarra\Desktop\global\shadow_v52\cards
  V52: 9  XSM: 1
  index -> C:\Users\alexandre bandarra\Desktop\global\shadow_v52\SLEEVE_CARDS.md
--- TV dashboard cards feed (6 cards) ---

FEED STDERR:
 main()
    ~~~~^^
  File "C:\Users\alexandre bandarra\Desktop\global\shadow_v52\tv_cards_feed.py", line 133, in main
    feed = build_feed()
  File "C:\Users\alexandre bandarra\Desktop\global\shadow_v52\tv_cards_feed.py", line 51, in build_feed
    pending = _load("pending_fires_latest.csv")
  File "C:\Users\alexandre bandarra\Desktop\global\shadow_v52\tv_cards_feed.py", line 45, in _load
    return pd.read_csv(p) if p.exists() else pd.DataFrame()
           ~~~~~~~~~~~^^^
  File "C:\Python314\Lib\site-packages\pandas\io\parsers\readers.py", line 1026, in read_csv
    return _read(filepath_or_buffer, kwds)
  File "C:\Python314\Lib\site-packages\pandas\io\parsers\readers.py", line 620, in _read
    parser = TextFileReader(filepath_or_buffer, **kwds)
  File "C:\Python314\Lib\site-packages\pandas\io\parsers\readers.py", line 1620, in __init__
    self._engine = self._make_engine(f, self.engine)
                   ~~~~~~~~~~~~~~~~~^^^^^^^^^^^^^^^^
  File "C:\Python314\Lib\site-packages\pandas\io\parsers\readers.py", line 1898, in _make_engine
    return mapping[engine](f, **self.options)
           ~~~~~~~~~~~~~~~^^^^^^^^^^^^^^^^^^^
  File "C:\Python314\Lib\site-packages\pandas\io\parsers\c_parser_wrapper.py", line 93, in __init__
    self._reader = parsers.TextReader(src, **kwds)
                   ~~~~~~~~~~~~~~~~~~^^^^^^^^^^^^^
  File "pandas/_libs/parsers.pyx", line 581, in pandas._libs.parsers.TextReader.__cinit__
pandas.errors.EmptyDataError: No columns to parse from file

=== V52 shadow tick 2026-06-13T23:05:02.997674+00:00 ===
--- data refresh ---
  BTC klines no-new (last 2026-06-13 20:00:00+00:00)
  BTC funding +1 -> 2026-06-13 23:00:00.023000+00:00
  ETH klines no-new (last 2026-06-13 20:00:00+00:00)
  ETH funding +1 -> 2026-06-13 23:00:00.023000+00:00
  AVAX klines no-new (last 2026-06-13 20:00:00+00:00)
  AVAX funding +1 -> 2026-06-13 23:00:00.023000+00:00
  SOL klines no-new (last 2026-06-13 20:00:00+00:00)
  SOL funding +1 -> 2026-06-13 23:00:00.023000+00:00
  LINK klines no-new (last 2026-06-13 20:00:00+00:00)
  LINK funding +1 -> 2026-06-13 23:00:00.023000+00:00
--- V52 shadow run (9 sleeves) ---
[2026-06-13T23:05:12.348859+00:00] V52 shadow run complete
  open positions : 3
  pending fires  : 0
  recent closed  : 40
  ledger total   : 46
  data end       : 2026-06-13T20:00:00+00:00
  outputs        : C:\Users\alexandre bandarra\Desktop\global\shadow_v52
--- XSM shadow run (basket) ---
[2026-06-13T23:05:18.376516+00:00] XSM shadow: FLAT | breadth 1/9 | btc>100dMA False | 50dMA_rising False
--- refresh sleeve cards ---
Built 10 sleeve cards -> C:\Users\alexandre bandarra\Desktop\global\shadow_v52\cards
  V52: 9  XSM: 1
  index -> C:\Users\alexandre bandarra\Desktop\global\shadow_v52\SLEEVE_CARDS.md
--- TV dashboard cards feed (6 cards) ---

FEED STDERR:
 main()
    ~~~~^^
  File "C:\Users\alexandre bandarra\Desktop\global\shadow_v52\tv_cards_feed.py", line 133, in main
    feed = build_feed()
  File "C:\Users\alexandre bandarra\Desktop\global\shadow_v52\tv_cards_feed.py", line 51, in build_feed
    pending = _load("pending_fires_latest.csv")
  File "C:\Users\alexandre bandarra\Desktop\global\shadow_v52\tv_cards_feed.py", line 45, in _load
    return pd.read_csv(p) if p.exists() else pd.DataFrame()
           ~~~~~~~~~~~^^^
  File "C:\Python314\Lib\site-packages\pandas\io\parsers\readers.py", line 1026, in read_csv
    return _read(filepath_or_buffer, kwds)
  File "C:\Python314\Lib\site-packages\pandas\io\parsers\readers.py", line 620, in _read
    parser = TextFileReader(filepath_or_buffer, **kwds)
  File "C:\Python314\Lib\site-packages\pandas\io\parsers\readers.py", line 1620, in __init__
    self._engine = self._make_engine(f, self.engine)
                   ~~~~~~~~~~~~~~~~~^^^^^^^^^^^^^^^^
  File "C:\Python314\Lib\site-packages\pandas\io\parsers\readers.py", line 1898, in _make_engine
    return mapping[engine](f, **self.options)
           ~~~~~~~~~~~~~~~^^^^^^^^^^^^^^^^^^^
  File "C:\Python314\Lib\site-packages\pandas\io\parsers\c_parser_wrapper.py", line 93, in __init__
    self._reader = parsers.TextReader(src, **kwds)
                   ~~~~~~~~~~~~~~~~~~^^^^^^^^^^^^^
  File "pandas/_libs/parsers.pyx", line 581, in pandas._libs.parsers.TextReader.__cinit__
pandas.errors.EmptyDataError: No columns to parse from file

=== V52 shadow tick 2026-06-14T01:05:03.260934+00:00 ===
--- data refresh ---
  BTC klines no-new (last 2026-06-14 00:00:00+00:00)
  BTC funding +1 -> 2026-06-14 01:00:00.042000+00:00
  ETH klines no-new (last 2026-06-14 00:00:00+00:00)
  ETH funding +1 -> 2026-06-14 01:00:00.042000+00:00
  AVAX klines no-new (last 2026-06-14 00:00:00+00:00)
  AVAX funding +1 -> 2026-06-14 01:00:00.042000+00:00
  SOL klines no-new (last 2026-06-14 00:00:00+00:00)
  SOL funding +1 -> 2026-06-14 01:00:00.042000+00:00
  LINK klines +1 -> 2026-06-14 00:00:00+00:00
  LINK funding +1 -> 2026-06-14 01:00:00.042000+00:00
--- V52 shadow run (9 sleeves) ---
[2026-06-14T01:05:13.051644+00:00] V52 shadow run complete
  open positions : 3
  pending fires  : 0
  recent closed  : 39
  ledger total   : 46
  data end       : 2026-06-14T00:00:00+00:00
  outputs        : C:\Users\alexandre bandarra\Desktop\global\shadow_v52
--- XSM shadow run (basket) ---
[2026-06-14T01:05:18.332275+00:00] XSM shadow: FLAT | breadth 1/9 | btc>100dMA False | 50dMA_rising False
--- refresh sleeve cards ---
Built 10 sleeve cards -> C:\Users\alexandre bandarra\Desktop\global\shadow_v52\cards
  V52: 9  XSM: 1
  index -> C:\Users\alexandre bandarra\Desktop\global\shadow_v52\SLEEVE_CARDS.md
--- TV dashboard cards feed (6 cards) ---

FEED STDERR:
 main()
    ~~~~^^
  File "C:\Users\alexandre bandarra\Desktop\global\shadow_v52\tv_cards_feed.py", line 133, in main
    feed = build_feed()
  File "C:\Users\alexandre bandarra\Desktop\global\shadow_v52\tv_cards_feed.py", line 51, in build_feed
    pending = _load("pending_fires_latest.csv")
  File "C:\Users\alexandre bandarra\Desktop\global\shadow_v52\tv_cards_feed.py", line 45, in _load
    return pd.read_csv(p) if p.exists() else pd.DataFrame()
           ~~~~~~~~~~~^^^
  File "C:\Python314\Lib\site-packages\pandas\io\parsers\readers.py", line 1026, in read_csv
    return _read(filepath_or_buffer, kwds)
  File "C:\Python314\Lib\site-packages\pandas\io\parsers\readers.py", line 620, in _read
    parser = TextFileReader(filepath_or_buffer, **kwds)
  File "C:\Python314\Lib\site-packages\pandas\io\parsers\readers.py", line 1620, in __init__
    self._engine = self._make_engine(f, self.engine)
                   ~~~~~~~~~~~~~~~~~^^^^^^^^^^^^^^^^
  File "C:\Python314\Lib\site-packages\pandas\io\parsers\readers.py", line 1898, in _make_engine
    return mapping[engine](f, **self.options)
           ~~~~~~~~~~~~~~~^^^^^^^^^^^^^^^^^^^
  File "C:\Python314\Lib\site-packages\pandas\io\parsers\c_parser_wrapper.py", line 93, in __init__
    self._reader = parsers.TextReader(src, **kwds)
                   ~~~~~~~~~~~~~~~~~~^^^^^^^^^^^^^
  File "pandas/_libs/parsers.pyx", line 581, in pandas._libs.parsers.TextReader.__cinit__
pandas.errors.EmptyDataError: No columns to parse from file

=== V52 shadow tick 2026-06-14T02:05:02.733008+00:00 ===
--- data refresh ---
  BTC klines no-new (last 2026-06-14 00:00:00+00:00)
  BTC funding no-new (last 2026-06-14 01:00:00.042000+00:00)
  ETH klines no-new (last 2026-06-14 00:00:00+00:00)
  ETH funding no-new (last 2026-06-14 01:00:00.042000+00:00)
  AVAX klines no-new (last 2026-06-14 00:00:00+00:00)
  AVAX funding no-new (last 2026-06-14 01:00:00.042000+00:00)
  SOL klines no-new (last 2026-06-14 00:00:00+00:00)
  SOL funding no-new (last 2026-06-14 01:00:00.042000+00:00)
  LINK klines no-new (last 2026-06-14 00:00:00+00:00)
  LINK funding no-new (last 2026-06-14 01:00:00.042000+00:00)
--- V52 shadow run (9 sleeves) ---
[2026-06-14T02:05:08.618805+00:00] V52 shadow run complete
  open positions : 3
  pending fires  : 0
  recent closed  : 39
  ledger total   : 46
  data end       : 2026-06-14T00:00:00+00:00
  outputs        : C:\Users\alexandre bandarra\Desktop\global\shadow_v52
--- XSM shadow run (basket) ---
[2026-06-14T02:05:13.693196+00:00] XSM shadow: FLAT | breadth 1/9 | btc>100dMA False | 50dMA_rising False
--- refresh sleeve cards ---
Built 10 sleeve cards -> C:\Users\alexandre bandarra\Desktop\global\shadow_v52\cards
  V52: 9  XSM: 1
  index -> C:\Users\alexandre bandarra\Desktop\global\shadow_v52\SLEEVE_CARDS.md
--- TV dashboard cards feed (6 cards) ---

FEED STDERR:
 main()
    ~~~~^^
  File "C:\Users\alexandre bandarra\Desktop\global\shadow_v52\tv_cards_feed.py", line 133, in main
    feed = build_feed()
  File "C:\Users\alexandre bandarra\Desktop\global\shadow_v52\tv_cards_feed.py", line 51, in build_feed
    pending = _load("pending_fires_latest.csv")
  File "C:\Users\alexandre bandarra\Desktop\global\shadow_v52\tv_cards_feed.py", line 45, in _load
    return pd.read_csv(p) if p.exists() else pd.DataFrame()
           ~~~~~~~~~~~^^^
  File "C:\Python314\Lib\site-packages\pandas\io\parsers\readers.py", line 1026, in read_csv
    return _read(filepath_or_buffer, kwds)
  File "C:\Python314\Lib\site-packages\pandas\io\parsers\readers.py", line 620, in _read
    parser = TextFileReader(filepath_or_buffer, **kwds)
  File "C:\Python314\Lib\site-packages\pandas\io\parsers\readers.py", line 1620, in __init__
    self._engine = self._make_engine(f, self.engine)
                   ~~~~~~~~~~~~~~~~~^^^^^^^^^^^^^^^^
  File "C:\Python314\Lib\site-packages\pandas\io\parsers\readers.py", line 1898, in _make_engine
    return mapping[engine](f, **self.options)
           ~~~~~~~~~~~~~~~^^^^^^^^^^^^^^^^^^^
  File "C:\Python314\Lib\site-packages\pandas\io\parsers\c_parser_wrapper.py", line 93, in __init__
    self._reader = parsers.TextReader(src, **kwds)
                   ~~~~~~~~~~~~~~~~~~^^^^^^^^^^^^^
  File "pandas/_libs/parsers.pyx", line 581, in pandas._libs.parsers.TextReader.__cinit__
pandas.errors.EmptyDataError: No columns to parse from file

=== V52 shadow tick 2026-06-14T03:05:12.981174+00:00 ===
--- data refresh ---
  BTC klines no-new (last 2026-06-14 00:00:00+00:00)
  BTC funding +1 -> 2026-06-14 03:00:00.005000+00:00
  ETH klines no-new (last 2026-06-14 00:00:00+00:00)
  ETH funding +1 -> 2026-06-14 03:00:00.005000+00:00
  AVAX klines no-new (last 2026-06-14 00:00:00+00:00)
  AVAX funding +1 -> 2026-06-14 03:00:00.005000+00:00
  SOL klines no-new (last 2026-06-14 00:00:00+00:00)
  SOL funding +1 -> 2026-06-14 03:00:00.005000+00:00
  LINK klines no-new (last 2026-06-14 00:00:00+00:00)
  LINK funding +1 -> 2026-06-14 03:00:00.005000+00:00
--- V52 shadow run (9 sleeves) ---
[2026-06-14T03:05:38.390536+00:00] V52 shadow run complete
  open positions : 3
  pending fires  : 0
  recent closed  : 39
  ledger total   : 46
  data end       : 2026-06-14T00:00:00+00:00
  outputs        : C:\Users\alexandre bandarra\Desktop\global\shadow_v52
--- XSM shadow run (basket) ---
[2026-06-14T03:05:58.520645+00:00] XSM shadow: FLAT | breadth 1/9 | btc>100dMA False | 50dMA_rising False
--- refresh sleeve cards ---
Built 10 sleeve cards -> C:\Users\alexandre bandarra\Desktop\global\shadow_v52\cards
  V52: 9  XSM: 1
  index -> C:\Users\alexandre bandarra\Desktop\global\shadow_v52\SLEEVE_CARDS.md
--- TV dashboard cards feed (6 cards) ---

FEED STDERR:
 main()
    ~~~~^^
  File "C:\Users\alexandre bandarra\Desktop\global\shadow_v52\tv_cards_feed.py", line 133, in main
    feed = build_feed()
  File "C:\Users\alexandre bandarra\Desktop\global\shadow_v52\tv_cards_feed.py", line 51, in build_feed
    pending = _load("pending_fires_latest.csv")
  File "C:\Users\alexandre bandarra\Desktop\global\shadow_v52\tv_cards_feed.py", line 45, in _load
    return pd.read_csv(p) if p.exists() else pd.DataFrame()
           ~~~~~~~~~~~^^^
  File "C:\Python314\Lib\site-packages\pandas\io\parsers\readers.py", line 1026, in read_csv
    return _read(filepath_or_buffer, kwds)
  File "C:\Python314\Lib\site-packages\pandas\io\parsers\readers.py", line 620, in _read
    parser = TextFileReader(filepath_or_buffer, **kwds)
  File "C:\Python314\Lib\site-packages\pandas\io\parsers\readers.py", line 1620, in __init__
    self._engine = self._make_engine(f, self.engine)
                   ~~~~~~~~~~~~~~~~~^^^^^^^^^^^^^^^^
  File "C:\Python314\Lib\site-packages\pandas\io\parsers\readers.py", line 1898, in _make_engine
    return mapping[engine](f, **self.options)
           ~~~~~~~~~~~~~~~^^^^^^^^^^^^^^^^^^^
  File "C:\Python314\Lib\site-packages\pandas\io\parsers\c_parser_wrapper.py", line 93, in __init__
    self._reader = parsers.TextReader(src, **kwds)
                   ~~~~~~~~~~~~~~~~~~^^^^^^^^^^^^^
  File "pandas/_libs/parsers.pyx", line 581, in pandas._libs.parsers.TextReader.__cinit__
pandas.errors.EmptyDataError: No columns to parse from file

=== V52 shadow tick 2026-06-14T04:05:03.851546+00:00 ===
--- data refresh ---
  BTC klines +1 -> 2026-06-14 04:00:00+00:00
  BTC funding no-new (last 2026-06-14 03:00:00.005000+00:00)
  ETH klines +1 -> 2026-06-14 04:00:00+00:00
  ETH funding no-new (last 2026-06-14 03:00:00.005000+00:00)
  AVAX klines +1 -> 2026-06-14 04:00:00+00:00
  AVAX funding no-new (last 2026-06-14 03:00:00.005000+00:00)
  SOL klines +1 -> 2026-06-14 04:00:00+00:00
  SOL funding no-new (last 2026-06-14 03:00:00.005000+00:00)
  LINK klines +1 -> 2026-06-14 04:00:00+00:00
  LINK funding no-new (last 2026-06-14 03:00:00.005000+00:00)
--- V52 shadow run (9 sleeves) ---
[2026-06-14T04:05:18.818270+00:00] V52 shadow run complete
  open positions : 3
  pending fires  : 1
  recent closed  : 39
  ledger total   : 46
  data end       : 2026-06-14T04:00:00+00:00
  outputs        : C:\Users\alexandre bandarra\Desktop\global\shadow_v52
--- XSM shadow run (basket) ---
[2026-06-14T04:05:27.714039+00:00] XSM shadow: FLAT | breadth 1/9 | btc>100dMA False | 50dMA_rising False
--- refresh sleeve cards ---
Built 10 sleeve cards -> C:\Users\alexandre bandarra\Desktop\global\shadow_v52\cards
  V52: 9  XSM: 1
  index -> C:\Users\alexandre bandarra\Desktop\global\shadow_v52\SLEEVE_CARDS.md
--- TV dashboard cards feed (6 cards) ---
TV cards feed -> C:\Users\alexandre bandarra\Desktop\global\shadow_v52\_tv_cards_feed.json  (6 cards)
  V52-BTC   FLAT   conf 0 | fires 3
  V52-ETH   LONG   conf 45 | fires 11
  V52-SOL   LONG   conf 45 | fires 13
  V52-AVAX  LONG   conf 29 | fires 10
  V52-LINK  SHORT  conf 100 | fires 9
  V52-XSM   FLAT   breadth 1/9
=== V52 shadow tick 2026-06-14T05:05:02.909712+00:00 ===
--- data refresh ---
  BTC klines no-new (last 2026-06-14 04:00:00+00:00)
  BTC funding +1 -> 2026-06-14 05:00:00.060000+00:00
  ETH klines no-new (last 2026-06-14 04:00:00+00:00)
  ETH funding +1 -> 2026-06-14 05:00:00.060000+00:00
  AVAX klines no-new (last 2026-06-14 04:00:00+00:00)
  AVAX funding +1 -> 2026-06-14 05:00:00.060000+00:00
  SOL klines no-new (last 2026-06-14 04:00:00+00:00)
  SOL funding +1 -> 2026-06-14 05:00:00.060000+00:00
  LINK klines no-new (last 2026-06-14 04:00:00+00:00)
  LINK funding +1 -> 2026-06-14 05:00:00.060000+00:00
--- V52 shadow run (9 sleeves) ---
[2026-06-14T05:05:12.654108+00:00] V52 shadow run complete
  open positions : 3
  pending fires  : 1
  recent closed  : 39
  ledger total   : 46
  data end       : 2026-06-14T04:00:00+00:00
  outputs        : C:\Users\alexandre bandarra\Desktop\global\shadow_v52
--- XSM shadow run (basket) ---
[2026-06-14T05:05:18.724063+00:00] XSM shadow: FLAT | breadth 1/9 | btc>100dMA False | 50dMA_rising False
--- refresh sleeve cards ---
Built 10 sleeve cards -> C:\Users\alexandre bandarra\Desktop\global\shadow_v52\cards
  V52: 9  XSM: 1
  index -> C:\Users\alexandre bandarra\Desktop\global\shadow_v52\SLEEVE_CARDS.md
--- TV dashboard cards feed (6 cards) ---
TV cards feed -> C:\Users\alexandre bandarra\Desktop\global\shadow_v52\_tv_cards_feed.json  (6 cards)
  V52-BTC   FLAT   conf 0 | fires 3
  V52-ETH   LONG   conf 45 | fires 11
  V52-SOL   LONG   conf 45 | fires 13
  V52-AVAX  LONG   conf 29 | fires 10
  V52-LINK  SHORT  conf 100 | fires 9
  V52-XSM   FLAT   breadth 1/9
=== V52 shadow tick 2026-06-14T07:05:02.308623+00:00 ===
--- data refresh ---
  BTC klines no-new (last 2026-06-14 04:00:00+00:00)
  BTC funding +1 -> 2026-06-14 07:00:00.012000+00:00
  ETH klines no-new (last 2026-06-14 04:00:00+00:00)
  ETH funding +1 -> 2026-06-14 07:00:00.012000+00:00
  AVAX klines no-new (last 2026-06-14 04:00:00+00:00)
  AVAX funding +1 -> 2026-06-14 07:00:00.012000+00:00
  SOL klines no-new (last 2026-06-14 04:00:00+00:00)
  SOL funding +1 -> 2026-06-14 07:00:00.012000+00:00
  LINK klines no-new (last 2026-06-14 04:00:00+00:00)
  LINK funding +1 -> 2026-06-14 07:00:00.012000+00:00
--- V52 shadow run (9 sleeves) ---
[2026-06-14T07:05:09.740577+00:00] V52 shadow run complete
  open positions : 3
  pending fires  : 1
  recent closed  : 39
  ledger total   : 46
  data end       : 2026-06-14T04:00:00+00:00
  outputs        : C:\Users\alexandre bandarra\Desktop\global\shadow_v52
--- XSM shadow run (basket) ---
[2026-06-14T07:05:13.654083+00:00] XSM shadow: FLAT | breadth 1/9 | btc>100dMA False | 50dMA_rising False
--- refresh sleeve cards ---
Built 10 sleeve cards -> C:\Users\alexandre bandarra\Desktop\global\shadow_v52\cards
  V52: 9  XSM: 1
  index -> C:\Users\alexandre bandarra\Desktop\global\shadow_v52\SLEEVE_CARDS.md
--- TV dashboard cards feed (6 cards) ---
TV cards feed -> C:\Users\alexandre bandarra\Desktop\global\shadow_v52\_tv_cards_feed.json  (6 cards)
  V52-BTC   FLAT   conf 0 | fires 3
  V52-ETH   LONG   conf 45 | fires 11
  V52-SOL   LONG   conf 45 | fires 13
  V52-AVAX  LONG   conf 29 | fires 10
  V52-LINK  SHORT  conf 100 | fires 9
  V52-XSM   FLAT   breadth 1/9
=== V52 shadow tick 2026-06-14T08:05:02.281182+00:00 ===
--- data refresh ---
  BTC klines +1 -> 2026-06-14 08:00:00+00:00
  BTC funding +1 -> 2026-06-14 08:00:00.012000+00:00
  ETH klines +1 -> 2026-06-14 08:00:00+00:00
  ETH funding +1 -> 2026-06-14 08:00:00.012000+00:00
  AVAX klines +1 -> 2026-06-14 08:00:00+00:00
  AVAX funding +1 -> 2026-06-14 08:00:00.012000+00:00
  SOL klines +1 -> 2026-06-14 08:00:00+00:00
  SOL funding +1 -> 2026-06-14 08:00:00.012000+00:00
  LINK klines +1 -> 2026-06-14 08:00:00+00:00
  LINK funding +1 -> 2026-06-14 08:00:00.012000+00:00
--- V52 shadow run (9 sleeves) ---
[2026-06-14T08:05:13.847273+00:00] V52 shadow run complete
  open positions : 4
  pending fires  : 0
  recent closed  : 39
  ledger total   : 46
  data end       : 2026-06-14T08:00:00+00:00
  outputs        : C:\Users\alexandre bandarra\Desktop\global\shadow_v52
--- XSM shadow run (basket) ---
[2026-06-14T08:05:18.024441+00:00] XSM shadow: FLAT | breadth 1/9 | btc>100dMA False | 50dMA_rising False
--- refresh sleeve cards ---
Built 10 sleeve cards -> C:\Users\alexandre bandarra\Desktop\global\shadow_v52\cards
  V52: 9  XSM: 1
  index -> C:\Users\alexandre bandarra\Desktop\global\shadow_v52\SLEEVE_CARDS.md
--- TV dashboard cards feed (6 cards) ---

FEED STDERR:
 main()
    ~~~~^^
  File "C:\Users\alexandre bandarra\Desktop\global\shadow_v52\tv_cards_feed.py", line 133, in main
    feed = build_feed()
  File "C:\Users\alexandre bandarra\Desktop\global\shadow_v52\tv_cards_feed.py", line 51, in build_feed
    pending = _load("pending_fires_latest.csv")
  File "C:\Users\alexandre bandarra\Desktop\global\shadow_v52\tv_cards_feed.py", line 45, in _load
    return pd.read_csv(p) if p.exists() else pd.DataFrame()
           ~~~~~~~~~~~^^^
  File "C:\Python314\Lib\site-packages\pandas\io\parsers\readers.py", line 1026, in read_csv
    return _read(filepath_or_buffer, kwds)
  File "C:\Python314\Lib\site-packages\pandas\io\parsers\readers.py", line 620, in _read
    parser = TextFileReader(filepath_or_buffer, **kwds)
  File "C:\Python314\Lib\site-packages\pandas\io\parsers\readers.py", line 1620, in __init__
    self._engine = self._make_engine(f, self.engine)
                   ~~~~~~~~~~~~~~~~~^^^^^^^^^^^^^^^^
  File "C:\Python314\Lib\site-packages\pandas\io\parsers\readers.py", line 1898, in _make_engine
    return mapping[engine](f, **self.options)
           ~~~~~~~~~~~~~~~^^^^^^^^^^^^^^^^^^^
  File "C:\Python314\Lib\site-packages\pandas\io\parsers\c_parser_wrapper.py", line 93, in __init__
    self._reader = parsers.TextReader(src, **kwds)
                   ~~~~~~~~~~~~~~~~~~^^^^^^^^^^^^^
  File "pandas/_libs/parsers.pyx", line 581, in pandas._libs.parsers.TextReader.__cinit__
pandas.errors.EmptyDataError: No columns to parse from file

=== V52 shadow tick 2026-06-14T09:05:04.772580+00:00 ===
--- data refresh ---
  BTC klines no-new (last 2026-06-14 08:00:00+00:00)
  BTC funding +1 -> 2026-06-14 09:00:00.044000+00:00
  ETH klines no-new (last 2026-06-14 08:00:00+00:00)
  ETH funding +1 -> 2026-06-14 09:00:00.044000+00:00
  AVAX klines no-new (last 2026-06-14 08:00:00+00:00)
  AVAX funding +1 -> 2026-06-14 09:00:00.044000+00:00
  SOL klines no-new (last 2026-06-14 08:00:00+00:00)
  SOL funding +1 -> 2026-06-14 09:00:00.044000+00:00
  LINK klines no-new (last 2026-06-14 08:00:00+00:00)
  LINK funding +1 -> 2026-06-14 09:00:00.044000+00:00
--- V52 shadow run (9 sleeves) ---
[2026-06-14T09:05:14.993451+00:00] V52 shadow run complete
  open positions : 4
  pending fires  : 0
  recent closed  : 39
  ledger total   : 46
  data end       : 2026-06-14T08:00:00+00:00
  outputs        : C:\Users\alexandre bandarra\Desktop\global\shadow_v52
--- XSM shadow run (basket) ---
[2026-06-14T09:05:20.975429+00:00] XSM shadow: FLAT | breadth 1/9 | btc>100dMA False | 50dMA_rising False
--- refresh sleeve cards ---
Built 10 sleeve cards -> C:\Users\alexandre bandarra\Desktop\global\shadow_v52\cards
  V52: 9  XSM: 1
  index -> C:\Users\alexandre bandarra\Desktop\global\shadow_v52\SLEEVE_CARDS.md
--- TV dashboard cards feed (6 cards) ---

FEED STDERR:
 main()
    ~~~~^^
  File "C:\Users\alexandre bandarra\Desktop\global\shadow_v52\tv_cards_feed.py", line 133, in main
    feed = build_feed()
  File "C:\Users\alexandre bandarra\Desktop\global\shadow_v52\tv_cards_feed.py", line 51, in build_feed
    pending = _load("pending_fires_latest.csv")
  File "C:\Users\alexandre bandarra\Desktop\global\shadow_v52\tv_cards_feed.py", line 45, in _load
    return pd.read_csv(p) if p.exists() else pd.DataFrame()
           ~~~~~~~~~~~^^^
  File "C:\Python314\Lib\site-packages\pandas\io\parsers\readers.py", line 1026, in read_csv
    return _read(filepath_or_buffer, kwds)
  File "C:\Python314\Lib\site-packages\pandas\io\parsers\readers.py", line 620, in _read
    parser = TextFileReader(filepath_or_buffer, **kwds)
  File "C:\Python314\Lib\site-packages\pandas\io\parsers\readers.py", line 1620, in __init__
    self._engine = self._make_engine(f, self.engine)
                   ~~~~~~~~~~~~~~~~~^^^^^^^^^^^^^^^^
  File "C:\Python314\Lib\site-packages\pandas\io\parsers\readers.py", line 1898, in _make_engine
    return mapping[engine](f, **self.options)
           ~~~~~~~~~~~~~~~^^^^^^^^^^^^^^^^^^^
  File "C:\Python314\Lib\site-packages\pandas\io\parsers\c_parser_wrapper.py", line 93, in __init__
    self._reader = parsers.TextReader(src, **kwds)
                   ~~~~~~~~~~~~~~~~~~^^^^^^^^^^^^^
  File "pandas/_libs/parsers.pyx", line 581, in pandas._libs.parsers.TextReader.__cinit__
pandas.errors.EmptyDataError: No columns to parse from file

=== V52 shadow tick 2026-06-14T10:05:03.899724+00:00 ===
--- data refresh ---
  BTC klines no-new (last 2026-06-14 08:00:00+00:00)
  BTC funding no-new (last 2026-06-14 09:00:00.044000+00:00)
  ETH klines no-new (last 2026-06-14 08:00:00+00:00)
  ETH funding no-new (last 2026-06-14 09:00:00.044000+00:00)
  AVAX klines no-new (last 2026-06-14 08:00:00+00:00)
  AVAX funding no-new (last 2026-06-14 09:00:00.044000+00:00)
  SOL klines no-new (last 2026-06-14 08:00:00+00:00)
  SOL funding no-new (last 2026-06-14 09:00:00.044000+00:00)
  LINK klines no-new (last 2026-06-14 08:00:00+00:00)
  LINK funding no-new (last 2026-06-14 09:00:00.044000+00:00)
--- V52 shadow run (9 sleeves) ---
[2026-06-14T10:05:09.732107+00:00] V52 shadow run complete
  open positions : 4
  pending fires  : 0
  recent closed  : 39
  ledger total   : 46
  data end       : 2026-06-14T08:00:00+00:00
  outputs        : C:\Users\alexandre bandarra\Desktop\global\shadow_v52
--- XSM shadow run (basket) ---
[2026-06-14T10:05:14.870618+00:00] XSM shadow: FLAT | breadth 1/9 | btc>100dMA False | 50dMA_rising False
--- refresh sleeve cards ---
Built 10 sleeve cards -> C:\Users\alexandre bandarra\Desktop\global\shadow_v52\cards
  V52: 9  XSM: 1
  index -> C:\Users\alexandre bandarra\Desktop\global\shadow_v52\SLEEVE_CARDS.md
--- TV dashboard cards feed (6 cards) ---

FEED STDERR:
 main()
    ~~~~^^
  File "C:\Users\alexandre bandarra\Desktop\global\shadow_v52\tv_cards_feed.py", line 133, in main
    feed = build_feed()
  File "C:\Users\alexandre bandarra\Desktop\global\shadow_v52\tv_cards_feed.py", line 51, in build_feed
    pending = _load("pending_fires_latest.csv")
  File "C:\Users\alexandre bandarra\Desktop\global\shadow_v52\tv_cards_feed.py", line 45, in _load
    return pd.read_csv(p) if p.exists() else pd.DataFrame()
           ~~~~~~~~~~~^^^
  File "C:\Python314\Lib\site-packages\pandas\io\parsers\readers.py", line 1026, in read_csv
    return _read(filepath_or_buffer, kwds)
  File "C:\Python314\Lib\site-packages\pandas\io\parsers\readers.py", line 620, in _read
    parser = TextFileReader(filepath_or_buffer, **kwds)
  File "C:\Python314\Lib\site-packages\pandas\io\parsers\readers.py", line 1620, in __init__
    self._engine = self._make_engine(f, self.engine)
                   ~~~~~~~~~~~~~~~~~^^^^^^^^^^^^^^^^
  File "C:\Python314\Lib\site-packages\pandas\io\parsers\readers.py", line 1898, in _make_engine
    return mapping[engine](f, **self.options)
           ~~~~~~~~~~~~~~~^^^^^^^^^^^^^^^^^^^
  File "C:\Python314\Lib\site-packages\pandas\io\parsers\c_parser_wrapper.py", line 93, in __init__
    self._reader = parsers.TextReader(src, **kwds)
                   ~~~~~~~~~~~~~~~~~~^^^^^^^^^^^^^
  File "pandas/_libs/parsers.pyx", line 581, in pandas._libs.parsers.TextReader.__cinit__
pandas.errors.EmptyDataError: No columns to parse from file

=== V52 shadow tick 2026-06-14T11:05:02.838773+00:00 ===
--- data refresh ---
  BTC klines no-new (last 2026-06-14 08:00:00+00:00)
  BTC funding +1 -> 2026-06-14 11:00:00.048000+00:00
  ETH klines no-new (last 2026-06-14 08:00:00+00:00)
  ETH funding +1 -> 2026-06-14 11:00:00.048000+00:00
  AVAX klines no-new (last 2026-06-14 08:00:00+00:00)
  AVAX funding +1 -> 2026-06-14 11:00:00.048000+00:00
  SOL klines no-new (last 2026-06-14 08:00:00+00:00)
  SOL funding +1 -> 2026-06-14 11:00:00.048000+00:00
  LINK klines no-new (last 2026-06-14 08:00:00+00:00)
  LINK funding +1 -> 2026-06-14 11:00:00.048000+00:00
--- V52 shadow run (9 sleeves) ---
[2026-06-14T11:05:09.166716+00:00] V52 shadow run complete
  open positions : 4
  pending fires  : 0
  recent closed  : 39
  ledger total   : 46
  data end       : 2026-06-14T08:00:00+00:00
  outputs        : C:\Users\alexandre bandarra\Desktop\global\shadow_v52
--- XSM shadow run (basket) ---
[2026-06-14T11:05:13.335908+00:00] XSM shadow: FLAT | breadth 1/9 | btc>100dMA False | 50dMA_rising False
--- refresh sleeve cards ---
Built 10 sleeve cards -> C:\Users\alexandre bandarra\Desktop\global\shadow_v52\cards
  V52: 9  XSM: 1
  index -> C:\Users\alexandre bandarra\Desktop\global\shadow_v52\SLEEVE_CARDS.md
--- TV dashboard cards feed (6 cards) ---

FEED STDERR:
 main()
    ~~~~^^
  File "C:\Users\alexandre bandarra\Desktop\global\shadow_v52\tv_cards_feed.py", line 133, in main
    feed = build_feed()
  File "C:\Users\alexandre bandarra\Desktop\global\shadow_v52\tv_cards_feed.py", line 51, in build_feed
    pending = _load("pending_fires_latest.csv")
  File "C:\Users\alexandre bandarra\Desktop\global\shadow_v52\tv_cards_feed.py", line 45, in _load
    return pd.read_csv(p) if p.exists() else pd.DataFrame()
           ~~~~~~~~~~~^^^
  File "C:\Python314\Lib\site-packages\pandas\io\parsers\readers.py", line 1026, in read_csv
    return _read(filepath_or_buffer, kwds)
  File "C:\Python314\Lib\site-packages\pandas\io\parsers\readers.py", line 620, in _read
    parser = TextFileReader(filepath_or_buffer, **kwds)
  File "C:\Python314\Lib\site-packages\pandas\io\parsers\readers.py", line 1620, in __init__
    self._engine = self._make_engine(f, self.engine)
                   ~~~~~~~~~~~~~~~~~^^^^^^^^^^^^^^^^
  File "C:\Python314\Lib\site-packages\pandas\io\parsers\readers.py", line 1898, in _make_engine
    return mapping[engine](f, **self.options)
           ~~~~~~~~~~~~~~~^^^^^^^^^^^^^^^^^^^
  File "C:\Python314\Lib\site-packages\pandas\io\parsers\c_parser_wrapper.py", line 93, in __init__
    self._reader = parsers.TextReader(src, **kwds)
                   ~~~~~~~~~~~~~~~~~~^^^^^^^^^^^^^
  File "pandas/_libs/parsers.pyx", line 581, in pandas._libs.parsers.TextReader.__cinit__
pandas.errors.EmptyDataError: No columns to parse from file

=== V52 shadow tick 2026-06-14T13:05:04.003064+00:00 ===
--- data refresh ---
  BTC klines no-new (last 2026-06-14 12:00:00+00:00)
  BTC funding +1 -> 2026-06-14 13:00:00.056000+00:00
  ETH klines no-new (last 2026-06-14 12:00:00+00:00)
  ETH funding +1 -> 2026-06-14 13:00:00.056000+00:00
  AVAX klines no-new (last 2026-06-14 12:00:00+00:00)
  AVAX funding +1 -> 2026-06-14 13:00:00.056000+00:00
  SOL klines +1 -> 2026-06-14 12:00:00+00:00
  SOL funding +1 -> 2026-06-14 13:00:00.056000+00:00
  LINK klines +1 -> 2026-06-14 12:00:00+00:00
  LINK funding +1 -> 2026-06-14 13:00:00.056000+00:00
--- V52 shadow run (9 sleeves) ---
[2026-06-14T13:05:15.335284+00:00] V52 shadow run complete
  open positions : 4
  pending fires  : 1
  recent closed  : 39
  ledger total   : 46
  data end       : 2026-06-14T12:00:00+00:00
  outputs        : C:\Users\alexandre bandarra\Desktop\global\shadow_v52
--- XSM shadow run (basket) ---
[2026-06-14T13:05:20.440048+00:00] XSM shadow: FLAT | breadth 1/9 | btc>100dMA False | 50dMA_rising False
--- refresh sleeve cards ---
Built 10 sleeve cards -> C:\Users\alexandre bandarra\Desktop\global\shadow_v52\cards
  V52: 9  XSM: 1
  index -> C:\Users\alexandre bandarra\Desktop\global\shadow_v52\SLEEVE_CARDS.md
--- TV dashboard cards feed (6 cards) ---
TV cards feed -> C:\Users\alexandre bandarra\Desktop\global\shadow_v52\_tv_cards_feed.json  (6 cards)
  V52-BTC   FLAT   conf 0 | fires 3
  V52-ETH   LONG   conf 45 | fires 11
  V52-SOL   LONG   conf 45 | fires 13
  V52-AVAX  LONG   conf 29 | fires 10
  V52-LINK  SHORT  conf 100 | fires 9
  V52-XSM   FLAT   breadth 1/9
=== V52 shadow tick 2026-06-14T14:05:03.061479+00:00 ===
--- data refresh ---
  BTC klines no-new (last 2026-06-14 12:00:00+00:00)
  BTC funding +1 -> 2026-06-14 14:00:00.060000+00:00
  ETH klines no-new (last 2026-06-14 12:00:00+00:00)
  ETH funding +1 -> 2026-06-14 14:00:00.060000+00:00
  AVAX klines no-new (last 2026-06-14 12:00:00+00:00)
  AVAX funding +1 -> 2026-06-14 14:00:00.060000+00:00
  SOL klines no-new (last 2026-06-14 12:00:00+00:00)
  SOL funding +1 -> 2026-06-14 14:00:00.060000+00:00
  LINK klines no-new (last 2026-06-14 12:00:00+00:00)
  LINK funding +1 -> 2026-06-14 14:00:00.060000+00:00
--- V52 shadow run (9 sleeves) ---
[2026-06-14T14:05:10.849249+00:00] V52 shadow run complete
  open positions : 4
  pending fires  : 1
  recent closed  : 39
  ledger total   : 46
  data end       : 2026-06-14T12:00:00+00:00
  outputs        : C:\Users\alexandre bandarra\Desktop\global\shadow_v52
--- XSM shadow run (basket) ---
[2026-06-14T14:05:16.401242+00:00] XSM shadow: FLAT | breadth 1/9 | btc>100dMA False | 50dMA_rising False
--- refresh sleeve cards ---
Built 10 sleeve cards -> C:\Users\alexandre bandarra\Desktop\global\shadow_v52\cards
  V52: 9  XSM: 1
  index -> C:\Users\alexandre bandarra\Desktop\global\shadow_v52\SLEEVE_CARDS.md
--- TV dashboard cards feed (6 cards) ---
TV cards feed -> C:\Users\alexandre bandarra\Desktop\global\shadow_v52\_tv_cards_feed.json  (6 cards)
  V52-BTC   FLAT   conf 0 | fires 3
  V52-ETH   LONG   conf 45 | fires 11
  V52-SOL   LONG   conf 45 | fires 13
  V52-AVAX  LONG   conf 29 | fires 10
  V52-LINK  SHORT  conf 100 | fires 9
  V52-XSM   FLAT   breadth 1/9
=== V52 shadow tick 2026-06-14T15:05:02.361446+00:00 ===
--- data refresh ---
  BTC klines no-new (last 2026-06-14 12:00:00+00:00)
  BTC funding no-new (last 2026-06-14 14:00:00.060000+00:00)
  ETH klines no-new (last 2026-06-14 12:00:00+00:00)
  ETH funding no-new (last 2026-06-14 14:00:00.060000+00:00)
  AVAX klines no-new (last 2026-06-14 12:00:00+00:00)
  AVAX funding no-new (last 2026-06-14 14:00:00.060000+00:00)
  SOL klines no-new (last 2026-06-14 12:00:00+00:00)
  SOL funding no-new (last 2026-06-14 14:00:00.060000+00:00)
  LINK klines no-new (last 2026-06-14 12:00:00+00:00)
  LINK funding no-new (last 2026-06-14 14:00:00.060000+00:00)
--- V52 shadow run (9 sleeves) ---
[2026-06-14T15:05:06.913163+00:00] V52 shadow run complete
  open positions : 4
  pending fires  : 1
  recent closed  : 39
  ledger total   : 46
  data end       : 2026-06-14T12:00:00+00:00
  outputs        : C:\Users\alexandre bandarra\Desktop\global\shadow_v52
--- XSM shadow run (basket) ---
[2026-06-14T15:05:11.852226+00:00] XSM shadow: FLAT | breadth 1/9 | btc>100dMA False | 50dMA_rising False
--- refresh sleeve cards ---
Built 10 sleeve cards -> C:\Users\alexandre bandarra\Desktop\global\shadow_v52\cards
  V52: 9  XSM: 1
  index -> C:\Users\alexandre bandarra\Desktop\global\shadow_v52\SLEEVE_CARDS.md
--- TV dashboard cards feed (6 cards) ---
TV cards feed -> C:\Users\alexandre bandarra\Desktop\global\shadow_v52\_tv_cards_feed.json  (6 cards)
  V52-BTC   FLAT   conf 0 | fires 3
  V52-ETH   LONG   conf 45 | fires 11
  V52-SOL   LONG   conf 45 | fires 13
  V52-AVAX  LONG   conf 29 | fires 10
  V52-LINK  SHORT  conf 100 | fires 9
  V52-XSM   FLAT   breadth 1/9
=== V52 shadow tick 2026-06-14T16:05:02.750729+00:00 ===
--- data refresh ---
  BTC klines +1 -> 2026-06-14 16:00:00+00:00
  BTC funding +1 -> 2026-06-14 16:00:00.021000+00:00
  ETH klines +1 -> 2026-06-14 16:00:00+00:00
  ETH funding +1 -> 2026-06-14 16:00:00.021000+00:00
  AVAX klines +1 -> 2026-06-14 16:00:00+00:00
  AVAX funding +1 -> 2026-06-14 16:00:00.021000+00:00
  SOL klines +1 -> 2026-06-14 16:00:00+00:00
  SOL funding +1 -> 2026-06-14 16:00:00.021000+00:00
  LINK klines +1 -> 2026-06-14 16:00:00+00:00
  LINK funding +1 -> 2026-06-14 16:00:00.021000+00:00
--- V52 shadow run (9 sleeves) ---
[2026-06-14T16:05:12.966254+00:00] V52 shadow run complete
  open positions : 4
  pending fires  : 2
  recent closed  : 39
  ledger total   : 46
  data end       : 2026-06-14T16:00:00+00:00
  outputs        : C:\Users\alexandre bandarra\Desktop\global\shadow_v52
--- XSM shadow run (basket) ---
[2026-06-14T16:05:16.870279+00:00] XSM shadow: FLAT | breadth 1/9 | btc>100dMA False | 50dMA_rising False
--- refresh sleeve cards ---
Built 10 sleeve cards -> C:\Users\alexandre bandarra\Desktop\global\shadow_v52\cards
  V52: 9  XSM: 1
  index -> C:\Users\alexandre bandarra\Desktop\global\shadow_v52\SLEEVE_CARDS.md
--- TV dashboard cards feed (6 cards) ---
TV cards feed -> C:\Users\alexandre bandarra\Desktop\global\shadow_v52\_tv_cards_feed.json  (6 cards)
  V52-BTC   FLAT   conf 0 | fires 3
  V52-ETH   LONG   conf 45 | fires 11
  V52-SOL   LONG   conf 45 | fires 13
  V52-AVAX  LONG   conf 29 | fires 10
  V52-LINK  SHORT  conf 100 | fires 9
  V52-XSM   FLAT   breadth 1/9
=== V52 shadow tick 2026-06-14T17:05:04.470608+00:00 ===
--- data refresh ---
  BTC klines no-new (last 2026-06-14 16:00:00+00:00)
  BTC funding +1 -> 2026-06-14 17:00:00.045000+00:00
  ETH klines no-new (last 2026-06-14 16:00:00+00:00)
  ETH funding +1 -> 2026-06-14 17:00:00.045000+00:00
  AVAX klines no-new (last 2026-06-14 16:00:00+00:00)
  AVAX funding +1 -> 2026-06-14 17:00:00.045000+00:00
  SOL klines no-new (last 2026-06-14 16:00:00+00:00)
  SOL funding +1 -> 2026-06-14 17:00:00.045000+00:00
  LINK klines no-new (last 2026-06-14 16:00:00+00:00)
  LINK funding +1 -> 2026-06-14 17:00:00.045000+00:00
--- V52 shadow run (9 sleeves) ---
[2026-06-14T17:05:12.542408+00:00] V52 shadow run complete
  open positions : 4
  pending fires  : 2
  recent closed  : 39
  ledger total   : 46
  data end       : 2026-06-14T16:00:00+00:00
  outputs        : C:\Users\alexandre bandarra\Desktop\global\shadow_v52
--- XSM shadow run (basket) ---
[2026-06-14T17:05:17.761694+00:00] XSM shadow: FLAT | breadth 1/9 | btc>100dMA False | 50dMA_rising False
--- refresh sleeve cards ---
Built 10 sleeve cards -> C:\Users\alexandre bandarra\Desktop\global\shadow_v52\cards
  V52: 9  XSM: 1
  index -> C:\Users\alexandre bandarra\Desktop\global\shadow_v52\SLEEVE_CARDS.md
--- TV dashboard cards feed (6 cards) ---
TV cards feed -> C:\Users\alexandre bandarra\Desktop\global\shadow_v52\_tv_cards_feed.json  (6 cards)
  V52-BTC   FLAT   conf 0 | fires 3
  V52-ETH   LONG   conf 45 | fires 11
  V52-SOL   LONG   conf 45 | fires 13
  V52-AVAX  LONG   conf 29 | fires 10
  V52-LINK  SHORT  conf 100 | fires 9
  V52-XSM   FLAT   breadth 1/9
=== V52 shadow tick 2026-06-14T18:05:03.480432+00:00 ===
--- data refresh ---
  BTC klines no-new (last 2026-06-14 16:00:00+00:00)
  BTC funding +1 -> 2026-06-14 18:00:00.069000+00:00
  ETH klines no-new (last 2026-06-14 16:00:00+00:00)
  ETH funding +1 -> 2026-06-14 18:00:00.069000+00:00
  AVAX klines no-new (last 2026-06-14 16:00:00+00:00)
  AVAX funding +1 -> 2026-06-14 18:00:00.069000+00:00
  SOL klines no-new (last 2026-06-14 16:00:00+00:00)
  SOL funding +1 -> 2026-06-14 18:00:00.069000+00:00
  LINK klines no-new (last 2026-06-14 16:00:00+00:00)
  LINK funding +1 -> 2026-06-14 18:00:00.069000+00:00
--- V52 shadow run (9 sleeves) ---
[2026-06-14T18:05:11.358264+00:00] V52 shadow run complete
  open positions : 4
  pending fires  : 2
  recent closed  : 39
  ledger total   : 46
  data end       : 2026-06-14T16:00:00+00:00
  outputs        : C:\Users\alexandre bandarra\Desktop\global\shadow_v52
--- XSM shadow run (basket) ---
[2026-06-14T18:05:16.866423+00:00] XSM shadow: FLAT | breadth 1/9 | btc>100dMA False | 50dMA_rising False
--- refresh sleeve cards ---
Built 10 sleeve cards -> C:\Users\alexandre bandarra\Desktop\global\shadow_v52\cards
  V52: 9  XSM: 1
  index -> C:\Users\alexandre bandarra\Desktop\global\shadow_v52\SLEEVE_CARDS.md
--- TV dashboard cards feed (6 cards) ---
TV cards feed -> C:\Users\alexandre bandarra\Desktop\global\shadow_v52\_tv_cards_feed.json  (6 cards)
  V52-BTC   FLAT   conf 0 | fires 3
  V52-ETH   LONG   conf 45 | fires 11
  V52-SOL   LONG   conf 45 | fires 13
  V52-AVAX  LONG   conf 29 | fires 10
  V52-LINK  SHORT  conf 100 | fires 9
  V52-XSM   FLAT   breadth 1/9
=== V52 shadow tick 2026-06-14T20:05:02.911404+00:00 ===
--- data refresh ---
  BTC klines +1 -> 2026-06-14 20:00:00+00:00
  BTC funding +1 -> 2026-06-14 20:00:00.066000+00:00
  ETH klines +1 -> 2026-06-14 20:00:00+00:00
  ETH funding +1 -> 2026-06-14 20:00:00.066000+00:00
  AVAX klines +1 -> 2026-06-14 20:00:00+00:00
  AVAX funding +1 -> 2026-06-14 20:00:00.066000+00:00
  SOL klines +1 -> 2026-06-14 20:00:00+00:00
  SOL funding +1 -> 2026-06-14 20:00:00.066000+00:00
  LINK klines +1 -> 2026-06-14 20:00:00+00:00
  LINK funding +1 -> 2026-06-14 20:00:00.066000+00:00
--- V52 shadow run (9 sleeves) ---
[2026-06-14T20:05:13.143207+00:00] V52 shadow run complete
  open positions : 4
  pending fires  : 1
  recent closed  : 39
  ledger total   : 46
  data end       : 2026-06-14T20:00:00+00:00
  outputs        : C:\Users\alexandre bandarra\Desktop\global\shadow_v52
--- XSM shadow run (basket) ---
[2026-06-14T20:05:17.677050+00:00] XSM shadow: FLAT | breadth 1/9 | btc>100dMA False | 50dMA_rising False
--- refresh sleeve cards ---
Built 10 sleeve cards -> C:\Users\alexandre bandarra\Desktop\global\shadow_v52\cards
  V52: 9  XSM: 1
  index -> C:\Users\alexandre bandarra\Desktop\global\shadow_v52\SLEEVE_CARDS.md
--- TV dashboard cards feed (6 cards) ---
TV cards feed -> C:\Users\alexandre bandarra\Desktop\global\shadow_v52\_tv_cards_feed.json  (6 cards)
  V52-BTC   FLAT   conf 0 | fires 3
  V52-ETH   LONG   conf 45 | fires 11
  V52-SOL   LONG   conf 45 | fires 13
  V52-AVAX  LONG   conf 29 | fires 10
  V52-LINK  SHORT  conf 100 | fires 9
  V52-XSM   FLAT   breadth 1/9
=== V52 shadow tick 2026-06-14T21:05:03.541976+00:00 ===
--- data refresh ---
  BTC klines no-new (last 2026-06-14 20:00:00+00:00)
  BTC funding no-new (last 2026-06-14 20:00:00.066000+00:00)
  ETH klines no-new (last 2026-06-14 20:00:00+00:00)
  ETH funding no-new (last 2026-06-14 20:00:00.066000+00:00)
  AVAX klines no-new (last 2026-06-14 20:00:00+00:00)
  AVAX funding no-new (last 2026-06-14 20:00:00.066000+00:00)
  SOL klines no-new (last 2026-06-14 20:00:00+00:00)
  SOL funding no-new (last 2026-06-14 20:00:00.066000+00:00)
  LINK klines no-new (last 2026-06-14 20:00:00+00:00)
  LINK funding no-new (last 2026-06-14 20:00:00.066000+00:00)
--- V52 shadow run (9 sleeves) ---
[2026-06-14T21:05:09.781168+00:00] V52 shadow run complete
  open positions : 4
  pending fires  : 1
  recent closed  : 39
  ledger total   : 46
  data end       : 2026-06-14T20:00:00+00:00
  outputs        : C:\Users\alexandre bandarra\Desktop\global\shadow_v52
--- XSM shadow run (basket) ---
[2026-06-14T21:05:14.128404+00:00] XSM shadow: FLAT | breadth 1/9 | btc>100dMA False | 50dMA_rising False
--- refresh sleeve cards ---
Built 10 sleeve cards -> C:\Users\alexandre bandarra\Desktop\global\shadow_v52\cards
  V52: 9  XSM: 1
  index -> C:\Users\alexandre bandarra\Desktop\global\shadow_v52\SLEEVE_CARDS.md
--- TV dashboard cards feed (6 cards) ---
TV cards feed -> C:\Users\alexandre bandarra\Desktop\global\shadow_v52\_tv_cards_feed.json  (6 cards)
  V52-BTC   FLAT   conf 0 | fires 3
  V52-ETH   LONG   conf 45 | fires 11
  V52-SOL   LONG   conf 45 | fires 13
  V52-AVAX  LONG   conf 29 | fires 10
  V52-LINK  SHORT  conf 100 | fires 9
  V52-XSM   FLAT   breadth 1/9
=== V52 shadow tick 2026-06-14T22:05:03.537091+00:00 ===
--- data refresh ---
  BTC klines no-new (last 2026-06-14 20:00:00+00:00)
  BTC funding +1 -> 2026-06-14 22:00:00+00:00
  ETH klines no-new (last 2026-06-14 20:00:00+00:00)
  ETH funding +1 -> 2026-06-14 22:00:00+00:00
  AVAX klines no-new (last 2026-06-14 20:00:00+00:00)
  AVAX funding +1 -> 2026-06-14 22:00:00+00:00
  SOL klines no-new (last 2026-06-14 20:00:00+00:00)
  SOL funding +1 -> 2026-06-14 22:00:00+00:00
  LINK klines no-new (last 2026-06-14 20:00:00+00:00)
  LINK funding +1 -> 2026-06-14 22:00:00+00:00
--- V52 shadow run (9 sleeves) ---
[2026-06-14T22:05:10.814543+00:00] V52 shadow run complete
  open positions : 4
  pending fires  : 1
  recent closed  : 39
  ledger total   : 46
  data end       : 2026-06-14T20:00:00+00:00
  outputs        : C:\Users\alexandre bandarra\Desktop\global\shadow_v52
--- XSM shadow run (basket) ---
[2026-06-14T22:05:15.214374+00:00] XSM shadow: FLAT | breadth 1/9 | btc>100dMA False | 50dMA_rising False
--- refresh sleeve cards ---
Built 10 sleeve cards -> C:\Users\alexandre bandarra\Desktop\global\shadow_v52\cards
  V52: 9  XSM: 1
  index -> C:\Users\alexandre bandarra\Desktop\global\shadow_v52\SLEEVE_CARDS.md
--- TV dashboard cards feed (6 cards) ---
TV cards feed -> C:\Users\alexandre bandarra\Desktop\global\shadow_v52\_tv_cards_feed.json  (6 cards)
  V52-BTC   FLAT   conf 0 | fires 3
  V52-ETH   LONG   conf 45 | fires 11
  V52-SOL   LONG   conf 45 | fires 13
  V52-AVAX  LONG   conf 29 | fires 10
  V52-LINK  SHORT  conf 100 | fires 9
  V52-XSM   FLAT   breadth 1/9
=== V52 shadow tick 2026-06-14T23:05:02.812758+00:00 ===
--- data refresh ---
  BTC klines no-new (last 2026-06-14 20:00:00+00:00)
  BTC funding +1 -> 2026-06-14 23:00:00.037000+00:00
  ETH klines no-new (last 2026-06-14 20:00:00+00:00)
  ETH funding +1 -> 2026-06-14 23:00:00.037000+00:00
  AVAX klines no-new (last 2026-06-14 20:00:00+00:00)
  AVAX funding +1 -> 2026-06-14 23:00:00.037000+00:00
  SOL klines no-new (last 2026-06-14 20:00:00+00:00)
  SOL funding +1 -> 2026-06-14 23:00:00.037000+00:00
  LINK klines no-new (last 2026-06-14 20:00:00+00:00)
  LINK funding +1 -> 2026-06-14 23:00:00.037000+00:00
--- V52 shadow run (9 sleeves) ---
[2026-06-14T23:05:09.016129+00:00] V52 shadow run complete
  open positions : 4
  pending fires  : 1
  recent closed  : 39
  ledger total   : 46
  data end       : 2026-06-14T20:00:00+00:00
  outputs        : C:\Users\alexandre bandarra\Desktop\global\shadow_v52
--- XSM shadow run (basket) ---
[2026-06-14T23:05:12.846415+00:00] XSM shadow: FLAT | breadth 1/9 | btc>100dMA False | 50dMA_rising False
--- refresh sleeve cards ---
Built 10 sleeve cards -> C:\Users\alexandre bandarra\Desktop\global\shadow_v52\cards
  V52: 9  XSM: 1
  index -> C:\Users\alexandre bandarra\Desktop\global\shadow_v52\SLEEVE_CARDS.md
--- TV dashboard cards feed (6 cards) ---
TV cards feed -> C:\Users\alexandre bandarra\Desktop\global\shadow_v52\_tv_cards_feed.json  (6 cards)
  V52-BTC   FLAT   conf 0 | fires 3
  V52-ETH   LONG   conf 45 | fires 11
  V52-SOL   LONG   conf 45 | fires 13
  V52-AVAX  LONG   conf 29 | fires 10
  V52-LINK  SHORT  conf 100 | fires 9
  V52-XSM   FLAT   breadth 1/9
=== V52 shadow tick 2026-06-15T00:05:03.535284+00:00 ===
--- data refresh ---
  BTC klines +1 -> 2026-06-15 00:00:00+00:00
  BTC funding +1 -> 2026-06-15 00:00:00.049000+00:00
  ETH klines +1 -> 2026-06-15 00:00:00+00:00
  ETH funding +1 -> 2026-06-15 00:00:00.049000+00:00
  AVAX klines +1 -> 2026-06-15 00:00:00+00:00
  AVAX funding +1 -> 2026-06-15 00:00:00.049000+00:00
  SOL klines +1 -> 2026-06-15 00:00:00+00:00
  SOL funding +1 -> 2026-06-15 00:00:00.049000+00:00
  LINK klines +1 -> 2026-06-15 00:00:00+00:00
  LINK funding +1 -> 2026-06-15 00:00:00.049000+00:00
--- V52 shadow run (9 sleeves) ---
[2026-06-15T00:05:15.352564+00:00] V52 shadow run complete
  open positions : 4
  pending fires  : 2
  recent closed  : 38
  ledger total   : 46
  data end       : 2026-06-15T00:00:00+00:00
  outputs        : C:\Users\alexandre bandarra\Desktop\global\shadow_v52
--- XSM shadow run (basket) ---
[2026-06-15T00:05:19.190917+00:00] XSM shadow: FLAT | breadth 1/9 | btc>100dMA False | 50dMA_rising False
--- refresh sleeve cards ---
Built 10 sleeve cards -> C:\Users\alexandre bandarra\Desktop\global\shadow_v52\cards
  V52: 9  XSM: 1
  index -> C:\Users\alexandre bandarra\Desktop\global\shadow_v52\SLEEVE_CARDS.md
--- TV dashboard cards feed (6 cards) ---
TV cards feed -> C:\Users\alexandre bandarra\Desktop\global\shadow_v52\_tv_cards_feed.json  (6 cards)
  V52-BTC   FLAT   conf 0 | fires 3
  V52-ETH   LONG   conf 45 | fires 11
  V52-SOL   LONG   conf 45 | fires 13
  V52-AVAX  LONG   conf 35 | fires 10
  V52-LINK  SHORT  conf 100 | fires 9
  V52-XSM   FLAT   breadth 1/9
=== V52 shadow tick 2026-06-15T01:05:02.741974+00:00 ===
--- data refresh ---
  BTC klines no-new (last 2026-06-15 00:00:00+00:00)
  BTC funding no-new (last 2026-06-15 00:00:00.049000+00:00)
  ETH klines no-new (last 2026-06-15 00:00:00+00:00)
  ETH funding no-new (last 2026-06-15 00:00:00.049000+00:00)
  AVAX klines no-new (last 2026-06-15 00:00:00+00:00)
  AVAX funding no-new (last 2026-06-15 00:00:00.049000+00:00)
  SOL klines no-new (last 2026-06-15 00:00:00+00:00)
  SOL funding no-new (last 2026-06-15 00:00:00.049000+00:00)
  LINK klines no-new (last 2026-06-15 00:00:00+00:00)
  LINK funding no-new (last 2026-06-15 00:00:00.049000+00:00)
--- V52 shadow run (9 sleeves) ---
[2026-06-15T01:05:07.427014+00:00] V52 shadow run complete
  open positions : 4
  pending fires  : 2
  recent closed  : 38
  ledger total   : 46
  data end       : 2026-06-15T00:00:00+00:00
  outputs        : C:\Users\alexandre bandarra\Desktop\global\shadow_v52
--- XSM shadow run (basket) ---
[2026-06-15T01:05:11.112564+00:00] XSM shadow: FLAT | breadth 1/9 | btc>100dMA False | 50dMA_rising False
--- refresh sleeve cards ---
Built 10 sleeve cards -> C:\Users\alexandre bandarra\Desktop\global\shadow_v52\cards
  V52: 9  XSM: 1
  index -> C:\Users\alexandre bandarra\Desktop\global\shadow_v52\SLEEVE_CARDS.md
--- TV dashboard cards feed (6 cards) ---
TV cards feed -> C:\Users\alexandre bandarra\Desktop\global\shadow_v52\_tv_cards_feed.json  (6 cards)
  V52-BTC   FLAT   conf 0 | fires 3
  V52-ETH   LONG   conf 45 | fires 11
  V52-SOL   LONG   conf 45 | fires 13
  V52-AVAX  LONG   conf 35 | fires 10
  V52-LINK  SHORT  conf 100 | fires 9
  V52-XSM   FLAT   breadth 1/9
=== V52 shadow tick 2026-06-15T02:05:02.755433+00:00 ===
--- data refresh ---
  BTC klines no-new (last 2026-06-15 00:00:00+00:00)
  BTC funding +1 -> 2026-06-15 02:00:00.063000+00:00
  ETH klines no-new (last 2026-06-15 00:00:00+00:00)
  ETH funding +1 -> 2026-06-15 02:00:00.063000+00:00
  AVAX klines no-new (last 2026-06-15 00:00:00+00:00)
  AVAX funding +1 -> 2026-06-15 02:00:00.063000+00:00
  SOL klines no-new (last 2026-06-15 00:00:00+00:00)
  SOL funding +1 -> 2026-06-15 02:00:00.063000+00:00
  LINK klines no-new (last 2026-06-15 00:00:00+00:00)
  LINK funding +1 -> 2026-06-15 02:00:00.063000+00:00
--- V52 shadow run (9 sleeves) ---
[2026-06-15T02:05:08.628612+00:00] V52 shadow run complete
  open positions : 4
  pending fires  : 2
  recent closed  : 38
  ledger total   : 46
  data end       : 2026-06-15T00:00:00+00:00
  outputs        : C:\Users\alexandre bandarra\Desktop\global\shadow_v52
--- XSM shadow run (basket) ---
[2026-06-15T02:05:12.350353+00:00] XSM shadow: FLAT | breadth 1/9 | btc>100dMA False | 50dMA_rising False
--- refresh sleeve cards ---
Built 10 sleeve cards -> C:\Users\alexandre bandarra\Desktop\global\shadow_v52\cards
  V52: 9  XSM: 1
  index -> C:\Users\alexandre bandarra\Desktop\global\shadow_v52\SLEEVE_CARDS.md
--- TV dashboard cards feed (6 cards) ---
TV cards feed -> C:\Users\alexandre bandarra\Desktop\global\shadow_v52\_tv_cards_feed.json  (6 cards)
  V52-BTC   FLAT   conf 0 | fires 3
  V52-ETH   LONG   conf 45 | fires 11
  V52-SOL   LONG   conf 45 | fires 13
  V52-AVAX  LONG   conf 35 | fires 10
  V52-LINK  SHORT  conf 100 | fires 9
  V52-XSM   FLAT   breadth 1/9
=== V52 shadow tick 2026-06-15T03:05:02.779517+00:00 ===
--- data refresh ---
  BTC klines no-new (last 2026-06-15 00:00:00+00:00)
  funding page 0 ERR: ConnectionError: HTTPSConnectionPool(host='api.hyperliquid.xyz', port=443): Max retries exceeded with url: /info (Caused by NameResolutionError("HTTPSConnection(host='api.hyperliquid.xyz', port=443): Failed to resolve 'api.hyperliquid.xyz' ([Errno 11001] getaddrinfo failed)"))
  BTC funding no-new (last 2026-06-15 02:00:00.063000+00:00)
  ETH klines no-new (last 2026-06-15 00:00:00+00:00)
  funding page 0 ERR: ConnectionError: HTTPSConnectionPool(host='api.hyperliquid.xyz', port=443): Max retries exceeded with url: /info (Caused by NameResolutionError("HTTPSConnection(host='api.hyperliquid.xyz', port=443): Failed to resolve 'api.hyperliquid.xyz' ([Errno 11001] getaddrinfo failed)"))
  ETH funding no-new (last 2026-06-15 02:00:00.063000+00:00)
  AVAX klines no-new (last 2026-06-15 00:00:00+00:00)
  funding page 0 ERR: ConnectionError: HTTPSConnectionPool(host='api.hyperliquid.xyz', port=443): Max retries exceeded with url: /info (Caused by NameResolutionError("HTTPSConnection(host='api.hyperliquid.xyz', port=443): Failed to resolve 'api.hyperliquid.xyz' ([Errno 11001] getaddrinfo failed)"))
  AVAX funding no-new (last 2026-06-15 02:00:00.063000+00:00)
  SOL klines no-new (last 2026-06-15 00:00:00+00:00)
  funding page 0 ERR: ConnectionError: HTTPSConnectionPool(host='api.hyperliquid.xyz', port=443): Max retries exceeded with url: /info (Caused by NameResolutionError("HTTPSConnection(host='api.hyperliquid.xyz', port=443): Failed to resolve 'api.hyperliquid.xyz' ([Errno 11001] getaddrinfo failed)"))
  SOL funding no-new (last 2026-06-15 02:00:00.063000+00:00)
  LINK klines no-new (last 2026-06-15 00:00:00+00:00)
  funding page 0 ERR: ConnectionError: HTTPSConnectionPool(host='api.hyperliquid.xyz', port=443): Max retries exceeded with url: /info (Caused by NameResolutionError("HTTPSConnection(host='api.hyperliquid.xyz', port=443): Failed to resolve 'api.hyperliquid.xyz' ([Errno 11001] getaddrinfo failed)"))
  LINK funding no-new (last 2026-06-15 02:00:00.063000+00:00)
--- V52 shadow run (9 sleeves) ---
[2026-06-15T03:06:03.411829+00:00] V52 shadow run complete
  open positions : 4
  pending fires  : 2
  recent closed  : 38
  ledger total   : 46
  data end       : 2026-06-15T00:00:00+00:00
  outputs        : C:\Users\alexandre bandarra\Desktop\global\shadow_v52
--- XSM shadow run (basket) ---
[2026-06-15T03:06:07.224717+00:00] XSM shadow: FLAT | breadth 1/9 | btc>100dMA False | 50dMA_rising False
--- refresh sleeve cards ---
Built 10 sleeve cards -> C:\Users\alexandre bandarra\Desktop\global\shadow_v52\cards
  V52: 9  XSM: 1
  index -> C:\Users\alexandre bandarra\Desktop\global\shadow_v52\SLEEVE_CARDS.md
--- TV dashboard cards feed (6 cards) ---
TV cards feed -> C:\Users\alexandre bandarra\Desktop\global\shadow_v52\_tv_cards_feed.json  (6 cards)
  V52-BTC   FLAT   conf 0 | fires 3
  V52-ETH   LONG   conf 45 | fires 11
  V52-SOL   LONG   conf 45 | fires 13
  V52-AVAX  LONG   conf 35 | fires 10
  V52-LINK  SHORT  conf 100 | fires 9
  V52-XSM   FLAT   breadth 1/9
=== V52 shadow tick 2026-06-15T04:05:03.628052+00:00 ===
--- data refresh ---
  BTC klines +1 -> 2026-06-15 04:00:00+00:00
  BTC funding +1 -> 2026-06-15 04:00:00.023000+00:00
  ETH klines +1 -> 2026-06-15 04:00:00+00:00
  ETH funding +1 -> 2026-06-15 04:00:00.023000+00:00
  AVAX klines +1 -> 2026-06-15 04:00:00+00:00
  AVAX funding +1 -> 2026-06-15 04:00:00.023000+00:00
  SOL klines +1 -> 2026-06-15 04:00:00+00:00
  SOL funding +1 -> 2026-06-15 04:00:00.023000+00:00
  LINK klines +1 -> 2026-06-15 04:00:00+00:00
  LINK funding +1 -> 2026-06-15 04:00:00.023000+00:00
--- V52 shadow run (9 sleeves) ---
[2026-06-15T04:05:18.413713+00:00] V52 shadow run complete
  open positions : 4
  pending fires  : 0
  recent closed  : 39
  ledger total   : 47
  data end       : 2026-06-15T04:00:00+00:00
  outputs        : C:\Users\alexandre bandarra\Desktop\global\shadow_v52
--- XSM shadow run (basket) ---
[2026-06-15T04:05:22.582942+00:00] XSM shadow: FLAT | breadth 1/9 | btc>100dMA False | 50dMA_rising False
--- refresh sleeve cards ---
Built 10 sleeve cards -> C:\Users\alexandre bandarra\Desktop\global\shadow_v52\cards
  V52: 9  XSM: 1
  index -> C:\Users\alexandre bandarra\Desktop\global\shadow_v52\SLEEVE_CARDS.md
--- TV dashboard cards feed (6 cards) ---

FEED STDERR:
 main()
    ~~~~^^
  File "C:\Users\alexandre bandarra\Desktop\global\shadow_v52\tv_cards_feed.py", line 133, in main
    feed = build_feed()
  File "C:\Users\alexandre bandarra\Desktop\global\shadow_v52\tv_cards_feed.py", line 51, in build_feed
    pending = _load("pending_fires_latest.csv")
  File "C:\Users\alexandre bandarra\Desktop\global\shadow_v52\tv_cards_feed.py", line 45, in _load
    return pd.read_csv(p) if p.exists() else pd.DataFrame()
           ~~~~~~~~~~~^^^
  File "C:\Python314\Lib\site-packages\pandas\io\parsers\readers.py", line 1026, in read_csv
    return _read(filepath_or_buffer, kwds)
  File "C:\Python314\Lib\site-packages\pandas\io\parsers\readers.py", line 620, in _read
    parser = TextFileReader(filepath_or_buffer, **kwds)
  File "C:\Python314\Lib\site-packages\pandas\io\parsers\readers.py", line 1620, in __init__
    self._engine = self._make_engine(f, self.engine)
                   ~~~~~~~~~~~~~~~~~^^^^^^^^^^^^^^^^
  File "C:\Python314\Lib\site-packages\pandas\io\parsers\readers.py", line 1898, in _make_engine
    return mapping[engine](f, **self.options)
           ~~~~~~~~~~~~~~~^^^^^^^^^^^^^^^^^^^
  File "C:\Python314\Lib\site-packages\pandas\io\parsers\c_parser_wrapper.py", line 93, in __init__
    self._reader = parsers.TextReader(src, **kwds)
                   ~~~~~~~~~~~~~~~~~~^^^^^^^^^^^^^
  File "pandas/_libs/parsers.pyx", line 581, in pandas._libs.parsers.TextReader.__cinit__
pandas.errors.EmptyDataError: No columns to parse from file

=== V52 shadow tick 2026-06-15T05:05:02.781258+00:00 ===
--- data refresh ---
  BTC klines no-new (last 2026-06-15 04:00:00+00:00)
  BTC funding +1 -> 2026-06-15 05:00:00.034000+00:00
  ETH klines no-new (last 2026-06-15 04:00:00+00:00)
  ETH funding +1 -> 2026-06-15 05:00:00.034000+00:00
  AVAX klines no-new (last 2026-06-15 04:00:00+00:00)
  AVAX funding +1 -> 2026-06-15 05:00:00.034000+00:00
  SOL klines no-new (last 2026-06-15 04:00:00+00:00)
  SOL funding +1 -> 2026-06-15 05:00:00.034000+00:00
  LINK klines no-new (last 2026-06-15 04:00:00+00:00)
  LINK funding +1 -> 2026-06-15 05:00:00.034000+00:00
--- V52 shadow run (9 sleeves) ---
[2026-06-15T05:05:20.739040+00:00] V52 shadow run complete
  open positions : 4
  pending fires  : 0
  recent closed  : 39
  ledger total   : 47
  data end       : 2026-06-15T04:00:00+00:00
  outputs        : C:\Users\alexandre bandarra\Desktop\global\shadow_v52
--- XSM shadow run (basket) ---
[2026-06-15T05:05:24.461195+00:00] XSM shadow: FLAT | breadth 1/9 | btc>100dMA False | 50dMA_rising False
--- refresh sleeve cards ---
Built 10 sleeve cards -> C:\Users\alexandre bandarra\Desktop\global\shadow_v52\cards
  V52: 9  XSM: 1
  index -> C:\Users\alexandre bandarra\Desktop\global\shadow_v52\SLEEVE_CARDS.md
--- TV dashboard cards feed (6 cards) ---

FEED STDERR:
 main()
    ~~~~^^
  File "C:\Users\alexandre bandarra\Desktop\global\shadow_v52\tv_cards_feed.py", line 133, in main
    feed = build_feed()
  File "C:\Users\alexandre bandarra\Desktop\global\shadow_v52\tv_cards_feed.py", line 51, in build_feed
    pending = _load("pending_fires_latest.csv")
  File "C:\Users\alexandre bandarra\Desktop\global\shadow_v52\tv_cards_feed.py", line 45, in _load
    return pd.read_csv(p) if p.exists() else pd.DataFrame()
           ~~~~~~~~~~~^^^
  File "C:\Python314\Lib\site-packages\pandas\io\parsers\readers.py", line 1026, in read_csv
    return _read(filepath_or_buffer, kwds)
  File "C:\Python314\Lib\site-packages\pandas\io\parsers\readers.py", line 620, in _read
    parser = TextFileReader(filepath_or_buffer, **kwds)
  File "C:\Python314\Lib\site-packages\pandas\io\parsers\readers.py", line 1620, in __init__
    self._engine = self._make_engine(f, self.engine)
                   ~~~~~~~~~~~~~~~~~^^^^^^^^^^^^^^^^
  File "C:\Python314\Lib\site-packages\pandas\io\parsers\readers.py", line 1898, in _make_engine
    return mapping[engine](f, **self.options)
           ~~~~~~~~~~~~~~~^^^^^^^^^^^^^^^^^^^
  File "C:\Python314\Lib\site-packages\pandas\io\parsers\c_parser_wrapper.py", line 93, in __init__
    self._reader = parsers.TextReader(src, **kwds)
                   ~~~~~~~~~~~~~~~~~~^^^^^^^^^^^^^
  File "pandas/_libs/parsers.pyx", line 581, in pandas._libs.parsers.TextReader.__cinit__
pandas.errors.EmptyDataError: No columns to parse from file

=== V52 shadow tick 2026-06-15T06:05:02.781262+00:00 ===
--- data refresh ---
  BTC klines no-new (last 2026-06-15 04:00:00+00:00)
  BTC funding no-new (last 2026-06-15 05:00:00.034000+00:00)
  ETH klines no-new (last 2026-06-15 04:00:00+00:00)
  ETH funding no-new (last 2026-06-15 05:00:00.034000+00:00)
  AVAX klines no-new (last 2026-06-15 04:00:00+00:00)
  AVAX funding no-new (last 2026-06-15 05:00:00.034000+00:00)
  SOL klines no-new (last 2026-06-15 04:00:00+00:00)
  SOL funding no-new (last 2026-06-15 05:00:00.034000+00:00)
  LINK klines no-new (last 2026-06-15 04:00:00+00:00)
  LINK funding no-new (last 2026-06-15 05:00:00.034000+00:00)
--- V52 shadow run (9 sleeves) ---
[2026-06-15T06:05:23.906032+00:00] V52 shadow run complete
  open positions : 4
  pending fires  : 0
  recent closed  : 39
  ledger total   : 47
  data end       : 2026-06-15T04:00:00+00:00
  outputs        : C:\Users\alexandre bandarra\Desktop\global\shadow_v52
--- XSM shadow run (basket) ---
[2026-06-15T06:05:27.671104+00:00] XSM shadow: FLAT | breadth 1/9 | btc>100dMA False | 50dMA_rising False
--- refresh sleeve cards ---
Built 10 sleeve cards -> C:\Users\alexandre bandarra\Desktop\global\shadow_v52\cards
  V52: 9  XSM: 1
  index -> C:\Users\alexandre bandarra\Desktop\global\shadow_v52\SLEEVE_CARDS.md
--- TV dashboard cards feed (6 cards) ---

FEED STDERR:
 main()
    ~~~~^^
  File "C:\Users\alexandre bandarra\Desktop\global\shadow_v52\tv_cards_feed.py", line 133, in main
    feed = build_feed()
  File "C:\Users\alexandre bandarra\Desktop\global\shadow_v52\tv_cards_feed.py", line 51, in build_feed
    pending = _load("pending_fires_latest.csv")
  File "C:\Users\alexandre bandarra\Desktop\global\shadow_v52\tv_cards_feed.py", line 45, in _load
    return pd.read_csv(p) if p.exists() else pd.DataFrame()
           ~~~~~~~~~~~^^^
  File "C:\Python314\Lib\site-packages\pandas\io\parsers\readers.py", line 1026, in read_csv
    return _read(filepath_or_buffer, kwds)
  File "C:\Python314\Lib\site-packages\pandas\io\parsers\readers.py", line 620, in _read
    parser = TextFileReader(filepath_or_buffer, **kwds)
  File "C:\Python314\Lib\site-packages\pandas\io\parsers\readers.py", line 1620, in __init__
    self._engine = self._make_engine(f, self.engine)
                   ~~~~~~~~~~~~~~~~~^^^^^^^^^^^^^^^^
  File "C:\Python314\Lib\site-packages\pandas\io\parsers\readers.py", line 1898, in _make_engine
    return mapping[engine](f, **self.options)
           ~~~~~~~~~~~~~~~^^^^^^^^^^^^^^^^^^^
  File "C:\Python314\Lib\site-packages\pandas\io\parsers\c_parser_wrapper.py", line 93, in __init__
    self._reader = parsers.TextReader(src, **kwds)
                   ~~~~~~~~~~~~~~~~~~^^^^^^^^^^^^^
  File "pandas/_libs/parsers.pyx", line 581, in pandas._libs.parsers.TextReader.__cinit__
pandas.errors.EmptyDataError: No columns to parse from file

=== V52 shadow tick 2026-06-15T07:05:02.789396+00:00 ===
--- data refresh ---
  BTC klines no-new (last 2026-06-15 04:00:00+00:00)
  BTC funding +1 -> 2026-06-15 07:00:00.033000+00:00
  ETH klines no-new (last 2026-06-15 04:00:00+00:00)
  ETH funding +1 -> 2026-06-15 07:00:00.033000+00:00
  AVAX klines no-new (last 2026-06-15 04:00:00+00:00)
  AVAX funding +1 -> 2026-06-15 07:00:00.033000+00:00
  SOL klines no-new (last 2026-06-15 04:00:00+00:00)
  SOL funding +1 -> 2026-06-15 07:00:00.033000+00:00
  LINK klines no-new (last 2026-06-15 04:00:00+00:00)
  LINK funding +1 -> 2026-06-15 07:00:00.033000+00:00
--- V52 shadow run (9 sleeves) ---
[2026-06-15T07:05:13.458979+00:00] V52 shadow run complete
  open positions : 4
  pending fires  : 0
  recent closed  : 39
  ledger total   : 47
  data end       : 2026-06-15T04:00:00+00:00
  outputs        : C:\Users\alexandre bandarra\Desktop\global\shadow_v52
--- XSM shadow run (basket) ---
[2026-06-15T07:05:17.129730+00:00] XSM shadow: FLAT | breadth 1/9 | btc>100dMA False | 50dMA_rising False
--- refresh sleeve cards ---
Built 10 sleeve cards -> C:\Users\alexandre bandarra\Desktop\global\shadow_v52\cards
  V52: 9  XSM: 1
  index -> C:\Users\alexandre bandarra\Desktop\global\shadow_v52\SLEEVE_CARDS.md
--- TV dashboard cards feed (6 cards) ---

FEED STDERR:
 main()
    ~~~~^^
  File "C:\Users\alexandre bandarra\Desktop\global\shadow_v52\tv_cards_feed.py", line 133, in main
    feed = build_feed()
  File "C:\Users\alexandre bandarra\Desktop\global\shadow_v52\tv_cards_feed.py", line 51, in build_feed
    pending = _load("pending_fires_latest.csv")
  File "C:\Users\alexandre bandarra\Desktop\global\shadow_v52\tv_cards_feed.py", line 45, in _load
    return pd.read_csv(p) if p.exists() else pd.DataFrame()
           ~~~~~~~~~~~^^^
  File "C:\Python314\Lib\site-packages\pandas\io\parsers\readers.py", line 1026, in read_csv
    return _read(filepath_or_buffer, kwds)
  File "C:\Python314\Lib\site-packages\pandas\io\parsers\readers.py", line 620, in _read
    parser = TextFileReader(filepath_or_buffer, **kwds)
  File "C:\Python314\Lib\site-packages\pandas\io\parsers\readers.py", line 1620, in __init__
    self._engine = self._make_engine(f, self.engine)
                   ~~~~~~~~~~~~~~~~~^^^^^^^^^^^^^^^^
  File "C:\Python314\Lib\site-packages\pandas\io\parsers\readers.py", line 1898, in _make_engine
    return mapping[engine](f, **self.options)
           ~~~~~~~~~~~~~~~^^^^^^^^^^^^^^^^^^^
  File "C:\Python314\Lib\site-packages\pandas\io\parsers\c_parser_wrapper.py", line 93, in __init__
    self._reader = parsers.TextReader(src, **kwds)
                   ~~~~~~~~~~~~~~~~~~^^^^^^^^^^^^^
  File "pandas/_libs/parsers.pyx", line 581, in pandas._libs.parsers.TextReader.__cinit__
pandas.errors.EmptyDataError: No columns to parse from file

=== V52 shadow tick 2026-06-15T08:05:02.817353+00:00 ===
--- data refresh ---
  BTC klines +1 -> 2026-06-15 08:00:00+00:00
  BTC funding +1 -> 2026-06-15 08:00:00.043000+00:00
  ETH klines +1 -> 2026-06-15 08:00:00+00:00
  ETH funding +1 -> 2026-06-15 08:00:00.043000+00:00
  AVAX klines +1 -> 2026-06-15 08:00:00+00:00
  AVAX funding +1 -> 2026-06-15 08:00:00.043000+00:00
  SOL klines +1 -> 2026-06-15 08:00:00+00:00
  SOL funding +1 -> 2026-06-15 08:00:00.043000+00:00
  LINK klines +1 -> 2026-06-15 08:00:00+00:00
  LINK funding +1 -> 2026-06-15 08:00:00.043000+00:00
--- V52 shadow run (9 sleeves) ---
[2026-06-15T08:05:24.774566+00:00] V52 shadow run complete
  open positions : 4
  pending fires  : 0
  recent closed  : 39
  ledger total   : 47
  data end       : 2026-06-15T08:00:00+00:00
  outputs        : C:\Users\alexandre bandarra\Desktop\global\shadow_v52
--- XSM shadow run (basket) ---
[2026-06-15T08:05:28.903893+00:00] XSM shadow: FLAT | breadth 1/9 | btc>100dMA False | 50dMA_rising False
--- refresh sleeve cards ---
Built 10 sleeve cards -> C:\Users\alexandre bandarra\Desktop\global\shadow_v52\cards
  V52: 9  XSM: 1
  index -> C:\Users\alexandre bandarra\Desktop\global\shadow_v52\SLEEVE_CARDS.md
--- TV dashboard cards feed (6 cards) ---

FEED STDERR:
 main()
    ~~~~^^
  File "C:\Users\alexandre bandarra\Desktop\global\shadow_v52\tv_cards_feed.py", line 133, in main
    feed = build_feed()
  File "C:\Users\alexandre bandarra\Desktop\global\shadow_v52\tv_cards_feed.py", line 51, in build_feed
    pending = _load("pending_fires_latest.csv")
  File "C:\Users\alexandre bandarra\Desktop\global\shadow_v52\tv_cards_feed.py", line 45, in _load
    return pd.read_csv(p) if p.exists() else pd.DataFrame()
           ~~~~~~~~~~~^^^
  File "C:\Python314\Lib\site-packages\pandas\io\parsers\readers.py", line 1026, in read_csv
    return _read(filepath_or_buffer, kwds)
  File "C:\Python314\Lib\site-packages\pandas\io\parsers\readers.py", line 620, in _read
    parser = TextFileReader(filepath_or_buffer, **kwds)
  File "C:\Python314\Lib\site-packages\pandas\io\parsers\readers.py", line 1620, in __init__
    self._engine = self._make_engine(f, self.engine)
                   ~~~~~~~~~~~~~~~~~^^^^^^^^^^^^^^^^
  File "C:\Python314\Lib\site-packages\pandas\io\parsers\readers.py", line 1898, in _make_engine
    return mapping[engine](f, **self.options)
           ~~~~~~~~~~~~~~~^^^^^^^^^^^^^^^^^^^
  File "C:\Python314\Lib\site-packages\pandas\io\parsers\c_parser_wrapper.py", line 93, in __init__
    self._reader = parsers.TextReader(src, **kwds)
                   ~~~~~~~~~~~~~~~~~~^^^^^^^^^^^^^
  File "pandas/_libs/parsers.pyx", line 581, in pandas._libs.parsers.TextReader.__cinit__
pandas.errors.EmptyDataError: No columns to parse from file

=== V52 shadow tick 2026-06-15T09:05:02.889873+00:00 ===
--- data refresh ---
  BTC klines no-new (last 2026-06-15 08:00:00+00:00)
  BTC funding no-new (last 2026-06-15 08:00:00.043000+00:00)
  ETH klines no-new (last 2026-06-15 08:00:00+00:00)
  ETH funding no-new (last 2026-06-15 08:00:00.043000+00:00)
  AVAX klines no-new (last 2026-06-15 08:00:00+00:00)
  AVAX funding no-new (last 2026-06-15 08:00:00.043000+00:00)
  SOL klines no-new (last 2026-06-15 08:00:00+00:00)
  SOL funding no-new (last 2026-06-15 08:00:00.043000+00:00)
  LINK klines no-new (last 2026-06-15 08:00:00+00:00)
  LINK funding no-new (last 2026-06-15 08:00:00.043000+00:00)
--- V52 shadow run (9 sleeves) ---
[2026-06-15T09:05:11.550261+00:00] V52 shadow run complete
  open positions : 4
  pending fires  : 0
  recent closed  : 39
  ledger total   : 47
  data end       : 2026-06-15T08:00:00+00:00
  outputs        : C:\Users\alexandre bandarra\Desktop\global\shadow_v52
--- XSM shadow run (basket) ---
[2026-06-15T09:05:15.614576+00:00] XSM shadow: FLAT | breadth 1/9 | btc>100dMA False | 50dMA_rising False
--- refresh sleeve cards ---
Built 10 sleeve cards -> C:\Users\alexandre bandarra\Desktop\global\shadow_v52\cards
  V52: 9  XSM: 1
  index -> C:\Users\alexandre bandarra\Desktop\global\shadow_v52\SLEEVE_CARDS.md
--- TV dashboard cards feed (6 cards) ---

FEED STDERR:
 main()
    ~~~~^^
  File "C:\Users\alexandre bandarra\Desktop\global\shadow_v52\tv_cards_feed.py", line 133, in main
    feed = build_feed()
  File "C:\Users\alexandre bandarra\Desktop\global\shadow_v52\tv_cards_feed.py", line 51, in build_feed
    pending = _load("pending_fires_latest.csv")
  File "C:\Users\alexandre bandarra\Desktop\global\shadow_v52\tv_cards_feed.py", line 45, in _load
    return pd.read_csv(p) if p.exists() else pd.DataFrame()
           ~~~~~~~~~~~^^^
  File "C:\Python314\Lib\site-packages\pandas\io\parsers\readers.py", line 1026, in read_csv
    return _read(filepath_or_buffer, kwds)
  File "C:\Python314\Lib\site-packages\pandas\io\parsers\readers.py", line 620, in _read
    parser = TextFileReader(filepath_or_buffer, **kwds)
  File "C:\Python314\Lib\site-packages\pandas\io\parsers\readers.py", line 1620, in __init__
    self._engine = self._make_engine(f, self.engine)
                   ~~~~~~~~~~~~~~~~~^^^^^^^^^^^^^^^^
  File "C:\Python314\Lib\site-packages\pandas\io\parsers\readers.py", line 1898, in _make_engine
    return mapping[engine](f, **self.options)
           ~~~~~~~~~~~~~~~^^^^^^^^^^^^^^^^^^^
  File "C:\Python314\Lib\site-packages\pandas\io\parsers\c_parser_wrapper.py", line 93, in __init__
    self._reader = parsers.TextReader(src, **kwds)
                   ~~~~~~~~~~~~~~~~~~^^^^^^^^^^^^^
  File "pandas/_libs/parsers.pyx", line 581, in pandas._libs.parsers.TextReader.__cinit__
pandas.errors.EmptyDataError: No columns to parse from file

=== V52 shadow tick 2026-06-15T10:05:03.634966+00:00 ===
--- data refresh ---
  BTC klines no-new (last 2026-06-15 08:00:00+00:00)
  funding page 0 ERR: ConnectionError: HTTPSConnectionPool(host='api.hyperliquid.xyz', port=443): Max retries exceeded with url: /info (Caused by NameResolutionError("HTTPSConnection(host='api.hyperliquid.xyz', port=443): Failed to resolve 'api.hyperliquid.xyz' ([Errno 11001] getaddrinfo failed)"))
  BTC funding no-new (last 2026-06-15 08:00:00.043000+00:00)
  ETH klines no-new (last 2026-06-15 08:00:00+00:00)
  funding page 0 ERR: ConnectionError: HTTPSConnectionPool(host='api.hyperliquid.xyz', port=443): Max retries exceeded with url: /info (Caused by NameResolutionError("HTTPSConnection(host='api.hyperliquid.xyz', port=443): Failed to resolve 'api.hyperliquid.xyz' ([Errno 11001] getaddrinfo failed)"))
  ETH funding no-new (last 2026-06-15 08:00:00.043000+00:00)
  AVAX klines no-new (last 2026-06-15 08:00:00+00:00)
  funding page 0 ERR: ConnectionError: HTTPSConnectionPool(host='api.hyperliquid.xyz', port=443): Max retries exceeded with url: /info (Caused by NameResolutionError("HTTPSConnection(host='api.hyperliquid.xyz', port=443): Failed to resolve 'api.hyperliquid.xyz' ([Errno 11001] getaddrinfo failed)"))
  AVAX funding no-new (last 2026-06-15 08:00:00.043000+00:00)
  SOL klines no-new (last 2026-06-15 08:00:00+00:00)
  funding page 0 ERR: ConnectionError: HTTPSConnectionPool(host='api.hyperliquid.xyz', port=443): Max retries exceeded with url: /info (Caused by NameResolutionError("HTTPSConnection(host='api.hyperliquid.xyz', port=443): Failed to resolve 'api.hyperliquid.xyz' ([Errno 11001] getaddrinfo failed)"))
  SOL funding no-new (last 2026-06-15 08:00:00.043000+00:00)
  LINK klines no-new (last 2026-06-15 08:00:00+00:00)
  funding page 0 ERR: ConnectionError: HTTPSConnectionPool(host='api.hyperliquid.xyz', port=443): Max retries exceeded with url: /info (Caused by NameResolutionError("HTTPSConnection(host='api.hyperliquid.xyz', port=443): Failed to resolve 'api.hyperliquid.xyz' ([Errno 11001] getaddrinfo failed)"))
  LINK funding no-new (last 2026-06-15 08:00:00.043000+00:00)
--- V52 shadow run (9 sleeves) ---
[2026-06-15T10:05:30.002132+00:00] V52 shadow run complete
  open positions : 4
  pending fires  : 0
  recent closed  : 39
  ledger total   : 47
  data end       : 2026-06-15T08:00:00+00:00
  outputs        : C:\Users\alexandre bandarra\Desktop\global\shadow_v52
--- XSM shadow run (basket) ---
[2026-06-15T10:05:33.831027+00:00] XSM shadow: FLAT | breadth 1/9 | btc>100dMA False | 50dMA_rising False
--- refresh sleeve cards ---
Built 10 sleeve cards -> C:\Users\alexandre bandarra\Desktop\global\shadow_v52\cards
  V52: 9  XSM: 1
  index -> C:\Users\alexandre bandarra\Desktop\global\shadow_v52\SLEEVE_CARDS.md
--- TV dashboard cards feed (6 cards) ---

FEED STDERR:
 main()
    ~~~~^^
  File "C:\Users\alexandre bandarra\Desktop\global\shadow_v52\tv_cards_feed.py", line 133, in main
    feed = build_feed()
  File "C:\Users\alexandre bandarra\Desktop\global\shadow_v52\tv_cards_feed.py", line 51, in build_feed
    pending = _load("pending_fires_latest.csv")
  File "C:\Users\alexandre bandarra\Desktop\global\shadow_v52\tv_cards_feed.py", line 45, in _load
    return pd.read_csv(p) if p.exists() else pd.DataFrame()
           ~~~~~~~~~~~^^^
  File "C:\Python314\Lib\site-packages\pandas\io\parsers\readers.py", line 1026, in read_csv
    return _read(filepath_or_buffer, kwds)
  File "C:\Python314\Lib\site-packages\pandas\io\parsers\readers.py", line 620, in _read
    parser = TextFileReader(filepath_or_buffer, **kwds)
  File "C:\Python314\Lib\site-packages\pandas\io\parsers\readers.py", line 1620, in __init__
    self._engine = self._make_engine(f, self.engine)
                   ~~~~~~~~~~~~~~~~~^^^^^^^^^^^^^^^^
  File "C:\Python314\Lib\site-packages\pandas\io\parsers\readers.py", line 1898, in _make_engine
    return mapping[engine](f, **self.options)
           ~~~~~~~~~~~~~~~^^^^^^^^^^^^^^^^^^^
  File "C:\Python314\Lib\site-packages\pandas\io\parsers\c_parser_wrapper.py", line 93, in __init__
    self._reader = parsers.TextReader(src, **kwds)
                   ~~~~~~~~~~~~~~~~~~^^^^^^^^^^^^^
  File "pandas/_libs/parsers.pyx", line 581, in pandas._libs.parsers.TextReader.__cinit__
pandas.errors.EmptyDataError: No columns to parse from file

=== V52 shadow tick 2026-06-15T11:05:02.839859+00:00 ===
--- data refresh ---
  BTC klines no-new (last 2026-06-15 08:00:00+00:00)
  BTC funding +2 -> 2026-06-15 11:00:00.029000+00:00
  ETH klines no-new (last 2026-06-15 08:00:00+00:00)
  ETH funding +2 -> 2026-06-15 11:00:00.029000+00:00
  AVAX klines no-new (last 2026-06-15 08:00:00+00:00)
  AVAX funding +2 -> 2026-06-15 11:00:00.029000+00:00
  SOL klines no-new (last 2026-06-15 08:00:00+00:00)
  SOL funding +2 -> 2026-06-15 11:00:00.029000+00:00
  LINK klines no-new (last 2026-06-15 08:00:00+00:00)
  LINK funding +2 -> 2026-06-15 11:00:00.029000+00:00
--- V52 shadow run (9 sleeves) ---
[2026-06-15T11:05:09.684621+00:00] V52 shadow run complete
  open positions : 4
  pending fires  : 0
  recent closed  : 39
  ledger total   : 47
  data end       : 2026-06-15T08:00:00+00:00
  outputs        : C:\Users\alexandre bandarra\Desktop\global\shadow_v52
--- XSM shadow run (basket) ---
[2026-06-15T11:05:13.691275+00:00] XSM shadow: FLAT | breadth 1/9 | btc>100dMA False | 50dMA_rising False
--- refresh sleeve cards ---
Built 10 sleeve cards -> C:\Users\alexandre bandarra\Desktop\global\shadow_v52\cards
  V52: 9  XSM: 1
  index -> C:\Users\alexandre bandarra\Desktop\global\shadow_v52\SLEEVE_CARDS.md
--- TV dashboard cards feed (6 cards) ---

FEED STDERR:
 main()
    ~~~~^^
  File "C:\Users\alexandre bandarra\Desktop\global\shadow_v52\tv_cards_feed.py", line 133, in main
    feed = build_feed()
  File "C:\Users\alexandre bandarra\Desktop\global\shadow_v52\tv_cards_feed.py", line 51, in build_feed
    pending = _load("pending_fires_latest.csv")
  File "C:\Users\alexandre bandarra\Desktop\global\shadow_v52\tv_cards_feed.py", line 45, in _load
    return pd.read_csv(p) if p.exists() else pd.DataFrame()
           ~~~~~~~~~~~^^^
  File "C:\Python314\Lib\site-packages\pandas\io\parsers\readers.py", line 1026, in read_csv
    return _read(filepath_or_buffer, kwds)
  File "C:\Python314\Lib\site-packages\pandas\io\parsers\readers.py", line 620, in _read
    parser = TextFileReader(filepath_or_buffer, **kwds)
  File "C:\Python314\Lib\site-packages\pandas\io\parsers\readers.py", line 1620, in __init__
    self._engine = self._make_engine(f, self.engine)
                   ~~~~~~~~~~~~~~~~~^^^^^^^^^^^^^^^^
  File "C:\Python314\Lib\site-packages\pandas\io\parsers\readers.py", line 1898, in _make_engine
    return mapping[engine](f, **self.options)
           ~~~~~~~~~~~~~~~^^^^^^^^^^^^^^^^^^^
  File "C:\Python314\Lib\site-packages\pandas\io\parsers\c_parser_wrapper.py", line 93, in __init__
    self._reader = parsers.TextReader(src, **kwds)
                   ~~~~~~~~~~~~~~~~~~^^^^^^^^^^^^^
  File "pandas/_libs/parsers.pyx", line 581, in pandas._libs.parsers.TextReader.__cinit__
pandas.errors.EmptyDataError: No columns to parse from file

=== V52 shadow tick 2026-06-15T12:05:05.558365+00:00 ===
--- data refresh ---
  BTC klines +1 -> 2026-06-15 12:00:00+00:00
  BTC funding no-new (last 2026-06-15 11:00:00.029000+00:00)
  ETH klines +1 -> 2026-06-15 12:00:00+00:00
  ETH funding no-new (last 2026-06-15 11:00:00.029000+00:00)
  AVAX klines +1 -> 2026-06-15 12:00:00+00:00
  AVAX funding no-new (last 2026-06-15 11:00:00.029000+00:00)
  SOL klines +1 -> 2026-06-15 12:00:00+00:00
  SOL funding no-new (last 2026-06-15 11:00:00.029000+00:00)
  LINK klines +1 -> 2026-06-15 12:00:00+00:00
  LINK funding no-new (last 2026-06-15 11:00:00.029000+00:00)
--- V52 shadow run (9 sleeves) ---
[2026-06-15T12:05:19.543912+00:00] V52 shadow run complete
  open positions : 4
  pending fires  : 0
  recent closed  : 39
  ledger total   : 47
  data end       : 2026-06-15T12:00:00+00:00
  outputs        : C:\Users\alexandre bandarra\Desktop\global\shadow_v52
--- XSM shadow run (basket) ---
[2026-06-15T12:05:25.731105+00:00] XSM shadow: FLAT | breadth 1/9 | btc>100dMA False | 50dMA_rising False
--- refresh sleeve cards ---
Built 10 sleeve cards -> C:\Users\alexandre bandarra\Desktop\global\shadow_v52\cards
  V52: 9  XSM: 1
  index -> C:\Users\alexandre bandarra\Desktop\global\shadow_v52\SLEEVE_CARDS.md
--- TV dashboard cards feed (6 cards) ---

FEED STDERR:
 main()
    ~~~~^^
  File "C:\Users\alexandre bandarra\Desktop\global\shadow_v52\tv_cards_feed.py", line 133, in main
    feed = build_feed()
  File "C:\Users\alexandre bandarra\Desktop\global\shadow_v52\tv_cards_feed.py", line 51, in build_feed
    pending = _load("pending_fires_latest.csv")
  File "C:\Users\alexandre bandarra\Desktop\global\shadow_v52\tv_cards_feed.py", line 45, in _load
    return pd.read_csv(p) if p.exists() else pd.DataFrame()
           ~~~~~~~~~~~^^^
  File "C:\Python314\Lib\site-packages\pandas\io\parsers\readers.py", line 1026, in read_csv
    return _read(filepath_or_buffer, kwds)
  File "C:\Python314\Lib\site-packages\pandas\io\parsers\readers.py", line 620, in _read
    parser = TextFileReader(filepath_or_buffer, **kwds)
  File "C:\Python314\Lib\site-packages\pandas\io\parsers\readers.py", line 1620, in __init__
    self._engine = self._make_engine(f, self.engine)
                   ~~~~~~~~~~~~~~~~~^^^^^^^^^^^^^^^^
  File "C:\Python314\Lib\site-packages\pandas\io\parsers\readers.py", line 1898, in _make_engine
    return mapping[engine](f, **self.options)
           ~~~~~~~~~~~~~~~^^^^^^^^^^^^^^^^^^^
  File "C:\Python314\Lib\site-packages\pandas\io\parsers\c_parser_wrapper.py", line 93, in __init__
    self._reader = parsers.TextReader(src, **kwds)
                   ~~~~~~~~~~~~~~~~~~^^^^^^^^^^^^^
  File "pandas/_libs/parsers.pyx", line 581, in pandas._libs.parsers.TextReader.__cinit__
pandas.errors.EmptyDataError: No columns to parse from file

=== V52 shadow tick 2026-06-15T14:05:06.126637+00:00 ===
--- data refresh ---
  BTC klines no-new (last 2026-06-15 12:00:00+00:00)
  BTC funding no-new (last 2026-06-15 13:00:00.063000+00:00)
  ETH klines no-new (last 2026-06-15 12:00:00+00:00)
  ETH funding +2 -> 2026-06-15 14:00:00.031000+00:00
  AVAX klines no-new (last 2026-06-15 12:00:00+00:00)
  AVAX funding +2 -> 2026-06-15 14:00:00.031000+00:00
  SOL klines no-new (last 2026-06-15 12:00:00+00:00)
  SOL funding +2 -> 2026-06-15 14:00:00.031000+00:00
  LINK klines no-new (last 2026-06-15 12:00:00+00:00)
  LINK funding +2 -> 2026-06-15 14:00:00.031000+00:00
--- V52 shadow run (9 sleeves) ---
[2026-06-15T14:05:15.111872+00:00] V52 shadow run complete
  open positions : 4
  pending fires  : 0
  recent closed  : 39
  ledger total   : 47
  data end       : 2026-06-15T12:00:00+00:00
  outputs        : C:\Users\alexandre bandarra\Desktop\global\shadow_v52
--- XSM shadow run (basket) ---
[2026-06-15T14:05:20.074505+00:00] XSM shadow: FLAT | breadth 1/9 | btc>100dMA False | 50dMA_rising False
--- refresh sleeve cards ---
Built 10 sleeve cards -> C:\Users\alexandre bandarra\Desktop\global\shadow_v52\cards
  V52: 9  XSM: 1
  index -> C:\Users\alexandre bandarra\Desktop\global\shadow_v52\SLEEVE_CARDS.md
--- TV dashboard cards feed (6 cards) ---

FEED STDERR:
 main()
    ~~~~^^
  File "C:\Users\alexandre bandarra\Desktop\global\shadow_v52\tv_cards_feed.py", line 133, in main
    feed = build_feed()
  File "C:\Users\alexandre bandarra\Desktop\global\shadow_v52\tv_cards_feed.py", line 51, in build_feed
    pending = _load("pending_fires_latest.csv")
  File "C:\Users\alexandre bandarra\Desktop\global\shadow_v52\tv_cards_feed.py", line 45, in _load
    return pd.read_csv(p) if p.exists() else pd.DataFrame()
           ~~~~~~~~~~~^^^
  File "C:\Python314\Lib\site-packages\pandas\io\parsers\readers.py", line 1026, in read_csv
    return _read(filepath_or_buffer, kwds)
  File "C:\Python314\Lib\site-packages\pandas\io\parsers\readers.py", line 620, in _read
    parser = TextFileReader(filepath_or_buffer, **kwds)
  File "C:\Python314\Lib\site-packages\pandas\io\parsers\readers.py", line 1620, in __init__
    self._engine = self._make_engine(f, self.engine)
                   ~~~~~~~~~~~~~~~~~^^^^^^^^^^^^^^^^
  File "C:\Python314\Lib\site-packages\pandas\io\parsers\readers.py", line 1898, in _make_engine
    return mapping[engine](f, **self.options)
           ~~~~~~~~~~~~~~~^^^^^^^^^^^^^^^^^^^
  File "C:\Python314\Lib\site-packages\pandas\io\parsers\c_parser_wrapper.py", line 93, in __init__
    self._reader = parsers.TextReader(src, **kwds)
                   ~~~~~~~~~~~~~~~~~~^^^^^^^^^^^^^
  File "pandas/_libs/parsers.pyx", line 581, in pandas._libs.parsers.TextReader.__cinit__
pandas.errors.EmptyDataError: No columns to parse from file

=== V52 shadow tick 2026-06-15T15:05:04.444425+00:00 ===
--- data refresh ---
  BTC klines no-new (last 2026-06-15 12:00:00+00:00)
  BTC funding +1 -> 2026-06-15 15:00:00.041000+00:00
  ETH klines no-new (last 2026-06-15 12:00:00+00:00)
  ETH funding +1 -> 2026-06-15 15:00:00.041000+00:00
  AVAX klines no-new (last 2026-06-15 12:00:00+00:00)
  AVAX funding +1 -> 2026-06-15 15:00:00.041000+00:00
  SOL klines no-new (last 2026-06-15 12:00:00+00:00)
  SOL funding +1 -> 2026-06-15 15:00:00.041000+00:00
  LINK klines no-new (last 2026-06-15 12:00:00+00:00)
  LINK funding +1 -> 2026-06-15 15:00:00.041000+00:00
--- V52 shadow run (9 sleeves) ---
[2026-06-15T15:05:13.388985+00:00] V52 shadow run complete
  open positions : 4
  pending fires  : 0
  recent closed  : 39
  ledger total   : 47
  data end       : 2026-06-15T12:00:00+00:00
  outputs        : C:\Users\alexandre bandarra\Desktop\global\shadow_v52
--- XSM shadow run (basket) ---
[2026-06-15T15:05:19.702203+00:00] XSM shadow: FLAT | breadth 1/9 | btc>100dMA False | 50dMA_rising False
--- refresh sleeve cards ---
Built 10 sleeve cards -> C:\Users\alexandre bandarra\Desktop\global\shadow_v52\cards
  V52: 9  XSM: 1
  index -> C:\Users\alexandre bandarra\Desktop\global\shadow_v52\SLEEVE_CARDS.md
--- TV dashboard cards feed (6 cards) ---

FEED STDERR:
 main()
    ~~~~^^
  File "C:\Users\alexandre bandarra\Desktop\global\shadow_v52\tv_cards_feed.py", line 133, in main
    feed = build_feed()
  File "C:\Users\alexandre bandarra\Desktop\global\shadow_v52\tv_cards_feed.py", line 51, in build_feed
    pending = _load("pending_fires_latest.csv")
  File "C:\Users\alexandre bandarra\Desktop\global\shadow_v52\tv_cards_feed.py", line 45, in _load
    return pd.read_csv(p) if p.exists() else pd.DataFrame()
           ~~~~~~~~~~~^^^
  File "C:\Python314\Lib\site-packages\pandas\io\parsers\readers.py", line 1026, in read_csv
    return _read(filepath_or_buffer, kwds)
  File "C:\Python314\Lib\site-packages\pandas\io\parsers\readers.py", line 620, in _read
    parser = TextFileReader(filepath_or_buffer, **kwds)
  File "C:\Python314\Lib\site-packages\pandas\io\parsers\readers.py", line 1620, in __init__
    self._engine = self._make_engine(f, self.engine)
                   ~~~~~~~~~~~~~~~~~^^^^^^^^^^^^^^^^
  File "C:\Python314\Lib\site-packages\pandas\io\parsers\readers.py", line 1898, in _make_engine
    return mapping[engine](f, **self.options)
           ~~~~~~~~~~~~~~~^^^^^^^^^^^^^^^^^^^
  File "C:\Python314\Lib\site-packages\pandas\io\parsers\c_parser_wrapper.py", line 93, in __init__
    self._reader = parsers.TextReader(src, **kwds)
                   ~~~~~~~~~~~~~~~~~~^^^^^^^^^^^^^
  File "pandas/_libs/parsers.pyx", line 581, in pandas._libs.parsers.TextReader.__cinit__
pandas.errors.EmptyDataError: No columns to parse from file

=== V52 shadow tick 2026-06-15T16:05:04.649270+00:00 ===
--- data refresh ---
  BTC klines +1 -> 2026-06-15 16:00:00+00:00
  BTC funding no-new (last 2026-06-15 15:00:00.041000+00:00)
  ETH klines +1 -> 2026-06-15 16:00:00+00:00
  ETH funding no-new (last 2026-06-15 15:00:00.041000+00:00)
  AVAX klines +1 -> 2026-06-15 16:00:00+00:00
  AVAX funding no-new (last 2026-06-15 15:00:00.041000+00:00)
  SOL klines +1 -> 2026-06-15 16:00:00+00:00
  SOL funding no-new (last 2026-06-15 15:00:00.041000+00:00)
  LINK klines +1 -> 2026-06-15 16:00:00+00:00
  LINK funding no-new (last 2026-06-15 15:00:00.041000+00:00)
--- V52 shadow run (9 sleeves) ---
[2026-06-15T16:05:17.149319+00:00] V52 shadow run complete
  open positions : 4
  pending fires  : 0
  recent closed  : 39
  ledger total   : 47
  data end       : 2026-06-15T16:00:00+00:00
  outputs        : C:\Users\alexandre bandarra\Desktop\global\shadow_v52
--- XSM shadow run (basket) ---
[2026-06-15T16:05:23.428209+00:00] XSM shadow: FLAT | breadth 1/9 | btc>100dMA False | 50dMA_rising False
--- refresh sleeve cards ---
Built 10 sleeve cards -> C:\Users\alexandre bandarra\Desktop\global\shadow_v52\cards
  V52: 9  XSM: 1
  index -> C:\Users\alexandre bandarra\Desktop\global\shadow_v52\SLEEVE_CARDS.md
--- TV dashboard cards feed (6 cards) ---

FEED STDERR:
 main()
    ~~~~^^
  File "C:\Users\alexandre bandarra\Desktop\global\shadow_v52\tv_cards_feed.py", line 133, in main
    feed = build_feed()
  File "C:\Users\alexandre bandarra\Desktop\global\shadow_v52\tv_cards_feed.py", line 51, in build_feed
    pending = _load("pending_fires_latest.csv")
  File "C:\Users\alexandre bandarra\Desktop\global\shadow_v52\tv_cards_feed.py", line 45, in _load
    return pd.read_csv(p) if p.exists() else pd.DataFrame()
           ~~~~~~~~~~~^^^
  File "C:\Python314\Lib\site-packages\pandas\io\parsers\readers.py", line 1026, in read_csv
    return _read(filepath_or_buffer, kwds)
  File "C:\Python314\Lib\site-packages\pandas\io\parsers\readers.py", line 620, in _read
    parser = TextFileReader(filepath_or_buffer, **kwds)
  File "C:\Python314\Lib\site-packages\pandas\io\parsers\readers.py", line 1620, in __init__
    self._engine = self._make_engine(f, self.engine)
                   ~~~~~~~~~~~~~~~~~^^^^^^^^^^^^^^^^
  File "C:\Python314\Lib\site-packages\pandas\io\parsers\readers.py", line 1898, in _make_engine
    return mapping[engine](f, **self.options)
           ~~~~~~~~~~~~~~~^^^^^^^^^^^^^^^^^^^
  File "C:\Python314\Lib\site-packages\pandas\io\parsers\c_parser_wrapper.py", line 93, in __init__
    self._reader = parsers.TextReader(src, **kwds)
                   ~~~~~~~~~~~~~~~~~~^^^^^^^^^^^^^
  File "pandas/_libs/parsers.pyx", line 581, in pandas._libs.parsers.TextReader.__cinit__
pandas.errors.EmptyDataError: No columns to parse from file

=== V52 shadow tick 2026-06-15T17:05:03.162556+00:00 ===
--- data refresh ---
  BTC klines no-new (last 2026-06-15 16:00:00+00:00)
  BTC funding +1 -> 2026-06-15 17:00:00.050000+00:00
  ETH klines no-new (last 2026-06-15 16:00:00+00:00)
  ETH funding +1 -> 2026-06-15 17:00:00.050000+00:00
  AVAX klines no-new (last 2026-06-15 16:00:00+00:00)
  AVAX funding +1 -> 2026-06-15 17:00:00.050000+00:00
  SOL klines no-new (last 2026-06-15 16:00:00+00:00)
  SOL funding +1 -> 2026-06-15 17:00:00.050000+00:00
  LINK klines no-new (last 2026-06-15 16:00:00+00:00)
  LINK funding +1 -> 2026-06-15 17:00:00.050000+00:00
--- V52 shadow run (9 sleeves) ---
[2026-06-15T17:05:09.035513+00:00] V52 shadow run complete
  open positions : 4
  pending fires  : 0
  recent closed  : 39
  ledger total   : 47
  data end       : 2026-06-15T16:00:00+00:00
  outputs        : C:\Users\alexandre bandarra\Desktop\global\shadow_v52
--- XSM shadow run (basket) ---
[2026-06-15T17:05:13.758353+00:00] XSM shadow: FLAT | breadth 1/9 | btc>100dMA False | 50dMA_rising False
--- refresh sleeve cards ---
Built 10 sleeve cards -> C:\Users\alexandre bandarra\Desktop\global\shadow_v52\cards
  V52: 9  XSM: 1
  index -> C:\Users\alexandre bandarra\Desktop\global\shadow_v52\SLEEVE_CARDS.md
--- TV dashboard cards feed (6 cards) ---

FEED STDERR:
 main()
    ~~~~^^
  File "C:\Users\alexandre bandarra\Desktop\global\shadow_v52\tv_cards_feed.py", line 133, in main
    feed = build_feed()
  File "C:\Users\alexandre bandarra\Desktop\global\shadow_v52\tv_cards_feed.py", line 51, in build_feed
    pending = _load("pending_fires_latest.csv")
  File "C:\Users\alexandre bandarra\Desktop\global\shadow_v52\tv_cards_feed.py", line 45, in _load
    return pd.read_csv(p) if p.exists() else pd.DataFrame()
           ~~~~~~~~~~~^^^
  File "C:\Python314\Lib\site-packages\pandas\io\parsers\readers.py", line 1026, in read_csv
    return _read(filepath_or_buffer, kwds)
  File "C:\Python314\Lib\site-packages\pandas\io\parsers\readers.py", line 620, in _read
    parser = TextFileReader(filepath_or_buffer, **kwds)
  File "C:\Python314\Lib\site-packages\pandas\io\parsers\readers.py", line 1620, in __init__
    self._engine = self._make_engine(f, self.engine)
                   ~~~~~~~~~~~~~~~~~^^^^^^^^^^^^^^^^
  File "C:\Python314\Lib\site-packages\pandas\io\parsers\readers.py", line 1898, in _make_engine
    return mapping[engine](f, **self.options)
           ~~~~~~~~~~~~~~~^^^^^^^^^^^^^^^^^^^
  File "C:\Python314\Lib\site-packages\pandas\io\parsers\c_parser_wrapper.py", line 93, in __init__
    self._reader = parsers.TextReader(src, **kwds)
                   ~~~~~~~~~~~~~~~~~~^^^^^^^^^^^^^
  File "pandas/_libs/parsers.pyx", line 581, in pandas._libs.parsers.TextReader.__cinit__
pandas.errors.EmptyDataError: No columns to parse from file

=== V52 shadow tick 2026-06-15T18:05:04.258358+00:00 ===
--- data refresh ---
  BTC klines no-new (last 2026-06-15 16:00:00+00:00)
  BTC funding no-new (last 2026-06-15 17:00:00.050000+00:00)
  ETH klines no-new (last 2026-06-15 16:00:00+00:00)
  ETH funding no-new (last 2026-06-15 17:00:00.050000+00:00)
  AVAX klines no-new (last 2026-06-15 16:00:00+00:00)
  AVAX funding no-new (last 2026-06-15 17:00:00.050000+00:00)
  SOL klines no-new (last 2026-06-15 16:00:00+00:00)
  SOL funding no-new (last 2026-06-15 17:00:00.050000+00:00)
  LINK klines no-new (last 2026-06-15 16:00:00+00:00)
  LINK funding no-new (last 2026-06-15 17:00:00.050000+00:00)
--- V52 shadow run (9 sleeves) ---
[2026-06-15T18:05:11.674391+00:00] V52 shadow run complete
  open positions : 4
  pending fires  : 0
  recent closed  : 39
  ledger total   : 47
  data end       : 2026-06-15T16:00:00+00:00
  outputs        : C:\Users\alexandre bandarra\Desktop\global\shadow_v52
--- XSM shadow run (basket) ---
[2026-06-15T18:05:19.151256+00:00] XSM shadow: FLAT | breadth 1/9 | btc>100dMA False | 50dMA_rising False
--- refresh sleeve cards ---
Built 10 sleeve cards -> C:\Users\alexandre bandarra\Desktop\global\shadow_v52\cards
  V52: 9  XSM: 1
  index -> C:\Users\alexandre bandarra\Desktop\global\shadow_v52\SLEEVE_CARDS.md
--- TV dashboard cards feed (6 cards) ---

FEED STDERR:
 main()
    ~~~~^^
  File "C:\Users\alexandre bandarra\Desktop\global\shadow_v52\tv_cards_feed.py", line 133, in main
    feed = build_feed()
  File "C:\Users\alexandre bandarra\Desktop\global\shadow_v52\tv_cards_feed.py", line 51, in build_feed
    pending = _load("pending_fires_latest.csv")
  File "C:\Users\alexandre bandarra\Desktop\global\shadow_v52\tv_cards_feed.py", line 45, in _load
    return pd.read_csv(p) if p.exists() else pd.DataFrame()
           ~~~~~~~~~~~^^^
  File "C:\Python314\Lib\site-packages\pandas\io\parsers\readers.py", line 1026, in read_csv
    return _read(filepath_or_buffer, kwds)
  File "C:\Python314\Lib\site-packages\pandas\io\parsers\readers.py", line 620, in _read
    parser = TextFileReader(filepath_or_buffer, **kwds)
  File "C:\Python314\Lib\site-packages\pandas\io\parsers\readers.py", line 1620, in __init__
    self._engine = self._make_engine(f, self.engine)
                   ~~~~~~~~~~~~~~~~~^^^^^^^^^^^^^^^^
  File "C:\Python314\Lib\site-packages\pandas\io\parsers\readers.py", line 1898, in _make_engine
    return mapping[engine](f, **self.options)
           ~~~~~~~~~~~~~~~^^^^^^^^^^^^^^^^^^^
  File "C:\Python314\Lib\site-packages\pandas\io\parsers\c_parser_wrapper.py", line 93, in __init__
    self._reader = parsers.TextReader(src, **kwds)
                   ~~~~~~~~~~~~~~~~~~^^^^^^^^^^^^^
  File "pandas/_libs/parsers.pyx", line 581, in pandas._libs.parsers.TextReader.__cinit__
pandas.errors.EmptyDataError: No columns to parse from file

