sleeve_idx,asset_pool,offset_bin,r4_gate_stack,added_r5_gate,train_n,train_WR,train_dpt,train_sum,val_n,val_WR,val_dpt,val_sum,lockbox_n,lockbox_WR,lockbox_dpt,lockbox_sum,base_n,base_WR,base_dpt,base_sum,dpt_lift,wr_lift,n_kept_pct
0,POOL,120-240,g_trend_slope_with,g_mp_no_extreme,303,0.8712871287128713,4.945656338178677,1498.533870468139,160,0.8875,6.1153022789240605,978.4483646278497,345,0.7536231884057971,8.185199978506208,2823.8939925846416,466,0.7532188841201717,8.894888934585296,4145.018243516748,-0.7096889560790878,0.0004043042856254342,0.740343347639485
0,POOL,120-240,g_trend_slope_with,g_mp_very_no_extreme,222,0.8513513513513513,5.1907884408817715,1152.3550338757532,110,0.8636363636363636,7.062924185217607,776.9216603739368,315,0.746031746031746,8.567914149180112,2698.8929569917354,466,0.7532188841201717,8.894888934585296,4145.018243516748,-0.3269747854051843,-0.0071871380884256375,0.6759656652360515
0,POOL,120-240,g_trend_slope_with,g_mp_with,162,0.8703703703703703,4.94245581096243,800.6778413759137,95,0.8842105263157894,5.940638676552751,564.3606742725113,187,0.7647058823529411,8.212246340850431,1535.6900657390306,466,0.7532188841201717,8.894888934585296,4145.018243516748,-0.6826425937348652,0.011486998232769441,0.4012875536480687
0,POOL,120-240,g_trend_slope_with,g_mp_strong_with,74,0.8918918918918919,4.025113722360679,297.85841545469026,46,0.9130434782608695,3.5671393024272113,164.08840791165173,46,0.8478260869565217,6.763677316583707,311.12915656285054,466,0.7532188841201717,8.894888934585296,4145.018243516748,-2.131211618001589,0.09460720283635005,0.09871244635193133
0,POOL,120-240,g_trend_slope_with,g_mp_change_with,23,0.8695652173913043,3.1394446926144646,72.20722793013269,18,0.8333333333333334,4.800631261115616,86.4113627000811,12,0.9166666666666666,11.122006729544715,133.46408075453658,466,0.7532188841201717,8.894888934585296,4145.018243516748,2.227117794959419,0.16344778254649495,0.02575107296137339
0,POOL,120-240,g_trend_slope_with,g_mp_change_strong_with,23,0.8695652173913043,3.1394446926144646,72.20722793013269,16,0.875,6.649580613586696,106.39328981738714,9,0.8888888888888888,8.164503384302373,73.48053045872136,466,0.7532188841201717,8.894888934585296,4145.018243516748,-0.7303855502829233,0.13567000476871716,0.019313304721030045
0,POOL,120-240,g_trend_slope_with,g_lm_high_stat,51,0.9215686274509803,4.8518868085465865,247.4462272358759,27,0.9259259259259259,4.9309291589688184,133.1350872921581,15,0.6666666666666666,1.0699934782970433,16.04990217445565,466,0.7532188841201717,8.894888934585296,4145.018243516748,-7.824895456288253,-0.08655221745350505,0.032188841201716736
0,POOL,120-240,g_trend_slope_with,g_lm_low_stat,189,0.8624338624338624,5.1954578491816985,981.941533495341,101,0.8613861386138614,5.415430436311336,546.958474067445,96,0.875,10.177827621176357,977.0714516329302,466,0.7532188841201717,8.894888934585296,4145.018243516748,1.282938686591061,0.12178111587982832,0.20600858369098712
0,POOL,120-240,g_trend_slope_with,g_lm_last_jump_with_60s,53,0.9811320754716981,5.7799056799351956,306.33500103656536,28,1.0,5.9262344887499,165.9345656849972,12,0.9166666666666666,10.252394175249561,123.02873010299473,466,0.7532188841201717,8.894888934585296,4145.018243516748,1.3575052406642651,0.16344778254649495,0.02575107296137339
0,POOL,120-240,g_trend_slope_with,g_lm_extreme_against,307,0.8729641693811075,4.899275745902479,1504.077653992061,162,0.8888888888888888,6.052407607625843,980.4900324353865,466,0.7532188841201717,8.894888934585296,4145.018243516748,466,0.7532188841201717,8.894888934585296,4145.018243516748,0.0,0.0,1.0
0,POOL,120-240,g_trend_slope_with,g_hawkes_imbalance_with,258,0.9108527131782945,5.498864217691773,1418.7069681644775,141,0.8794326241134752,5.520834669228079,778.4376883611591,87,0.8850574712643678,8.204609931033994,713.8010639999575,466,0.7532188841201717,8.894888934585296,4145.018243516748,-0.6902790035513018,0.13183858714419616,0.18669527896995708
0,POOL,120-240,g_trend_slope_with,g_hawkes_imbalance_strong_with,177,0.9209039548022598,5.075161774483625,898.3036340836017,87,0.8735632183908046,4.502621972116998,391.72811157417885,42,0.8809523809523809,6.354327917237286,266.881772523966,466,0.7532188841201717,8.894888934585296,4145.018243516748,-2.5405610173480104,0.12773349683220925,0.09012875536480687
0,POOL,120-240,g_trend_slope_with,g_hawkes_burst,92,0.9565217391304348,4.854299433845083,446.5955479137476,60,0.9333333333333333,5.209418310708882,312.5650986425329,30,0.8333333333333334,7.389727272643254,221.69181817929763,466,0.7532188841201717,8.894888934585296,4145.018243516748,-1.5051616619420418,0.08011444921316169,0.06437768240343347
1,POOL,120-240,g_tr_stack_with&g_trend_slope_with,g_mp_no_extreme,252,0.8928571428571429,5.722093784305457,1441.9676336449752,140,0.8714285714285714,5.6458983826416524,790.4257735698313,237,0.7805907172995781,9.976636039004454,2364.4627412440555,315,0.780952380952381,10.822333352170544,3409.0350059337215,-0.8456973131660899,-0.0003616636528028794,0.7523809523809524
1,POOL,120-240,g_tr_stack_with&g_trend_slope_with,g_mp_very_no_extreme,188,0.8776595744680851,6.031095910870795,1133.8460312437096,96,0.84375,6.499710591173752,623.9722167526802,217,0.7741935483870968,10.49736062482745,2277.927255587557,315,0.780952380952381,10.822333352170544,3409.0350059337215,-0.3249727273430931,-0.006758832565284201,0.6888888888888889
1,POOL,120-240,g_tr_stack_with&g_trend_slope_with,g_mp_with,136,0.8823529411764706,5.368175330065733,730.0718448889397,82,0.8658536585365854,5.286947772116874,433.52971731358366,125,0.816,11.169733575609024,1396.2166969511281,315,0.780952380952381,10.822333352170544,3409.0350059337215,0.34740022343848054,0.035047619047618994,0.3968253968253968
1,POOL,120-240,g_tr_stack_with&g_trend_slope_with,g_mp_strong_with,61,0.9016393442622951,4.216446371585819,257.20322866673496,42,0.9047619047619048,3.4688358882901724,145.69110730818724,31,0.8387096774193549,6.390604073962582,198.10872629284003,315,0.780952380952381,10.822333352170544,3409.0350059337215,-4.431729278207962,0.05775729646697392,0.09841269841269841
1,POOL,120-240,g_tr_stack_with&g_trend_slope_with,g_mp_change_with,18,1.0,7.388484221984401,132.9927159957192,16,0.8125,3.4673853306814184,55.478165290902695,3,1.0,17.720135493644495,53.16040648093349,315,0.780952380952381,10.822333352170544,3409.0350059337215,6.897802141473951,0.21904761904761905,0.009523809523809525
1,POOL,120-240,g_tr_stack_with&g_trend_slope_with,g_mp_change_strong_with,18,1.0,7.388484221984401,132.9927159957192,14,0.8571428571428571,5.390006600586338,75.46009240820872,2,1.0,15.71699444560975,31.4339888912195,315,0.780952380952381,10.822333352170544,3409.0350059337215,4.894661093439206,0.21904761904761905,0.006349206349206349
1,POOL,120-240,g_tr_stack_with&g_trend_slope_with,g_lm_high_stat,49,0.9183673469387755,4.8401503874421765,237.16736898466664,26,0.9230769230769231,4.910119298241685,127.6631017542838,6,0.5,-6.7418983578720715,-40.45139014723243,315,0.780952380952381,10.822333352170544,3409.0350059337215,-17.564231710042616,-0.28095238095238095,0.01904761904761905
1,POOL,120-240,g_tr_stack_with&g_trend_slope_with,g_lm_low_stat,153,0.8823529411764706,6.039107118210743,923.9833890862437,86,0.8372093023255814,4.5799827210938195,393.8785140140685,59,0.8813559322033898,10.958706441701503,646.5636800603887,315,0.780952380952381,10.822333352170544,3409.0350059337215,0.1363730895309594,0.10040355125100886,0.1873015873015873
1,POOL,120-240,g_tr_stack_with&g_trend_slope_with,g_lm_last_jump_with_60s,47,0.9787234042553191,6.128476631399158,288.03840167576044,23,1.0,5.751947319350136,132.29478834505312,9,0.8888888888888888,6.97988756574202,62.81898809167818,315,0.780952380952381,10.822333352170544,3409.0350059337215,-3.8424457864285237,0.10793650793650789,0.02857142857142857
1,POOL,120-240,g_tr_stack_with&g_trend_slope_with,g_lm_extreme_against,256,0.89453125,5.654341473316004,1447.511417168897,142,0.8732394366197183,5.580756629418086,792.4674413773681,315,0.780952380952381,10.822333352170544,3409.0350059337215,315,0.780952380952381,10.822333352170544,3409.0350059337215,0.0,0.0,1.0
1,POOL,120-240,g_tr_stack_with&g_trend_slope_with,g_hawkes_imbalance_with,227,0.9074889867841409,5.435749186655993,1233.9150653709105,122,0.860655737704918,4.86033736621901,592.9611586787192,52,0.9038461538461539,9.350961455368052,486.2499956791387,315,0.780952380952381,10.822333352170544,3409.0350059337215,-1.4713718968024914,0.1228937728937729,0.16507936507936508
1,POOL,120-240,g_tr_stack_with&g_trend_slope_with,g_hawkes_imbalance_strong_with,161,0.9130434782608695,4.892723395329355,787.7284666480261,78,0.8589743589743589,4.133188625167928,322.38871276309834,17,1.0,10.189988728939353,173.229808391969,315,0.780952380952381,10.822333352170544,3409.0350059337215,-0.6323446232311909,0.21904761904761905,0.05396825396825397
1,POOL,120-240,g_tr_stack_with&g_trend_slope_with,g_hawkes_burst,77,0.961038961038961,5.280236257708136,406.5781918435265,52,0.9230769230769231,4.771581813042452,248.12225427820752,23,0.8695652173913043,7.6255573469864695,175.3878189806888,315,0.780952380952381,10.822333352170544,3409.0350059337215,-3.1967760051840743,0.08861283643892337,0.07301587301587302
2,POOL,120-240,g_di_with&g_trend_slope_with,g_mp_no_extreme,182,0.9065934065934066,5.828155166897177,1060.7242403752862,116,0.8706896551724138,4.743243127904166,550.2162028368832,234,0.7692307692307693,9.743453666255391,2279.9681579037615,314,0.767515923566879,10.445121292887354,3279.768085966629,-0.7016676266319628,0.001714845663890241,0.7452229299363057
2,POOL,120-240,g_di_with&g_trend_slope_with,g_mp_very_no_extreme,134,0.8955223880597015,6.154751171219821,824.736656943456,77,0.8441558441558441,5.49183643144775,422.8714052214767,214,0.7616822429906542,10.262041840881109,2196.0769539485573,314,0.767515923566879,10.445121292887354,3279.768085966629,-0.1830794520062451,-0.005833680576224798,0.6815286624203821
2,POOL,120-240,g_di_with&g_trend_slope_with,g_mp_with,101,0.900990099009901,5.515107832840451,557.0258911168855,72,0.875,4.4694005548382165,321.7968399483516,121,0.8181818181818182,11.327588738552974,1370.6382373649099,314,0.767515923566879,10.445121292887354,3279.768085966629,0.8824674456656201,0.0506658946149392,0.3853503184713376
2,POOL,120-240,g_di_with&g_trend_slope_with,g_mp_strong_with,41,0.9512195121951219,6.462444132719714,264.96020944150825,37,0.8918918918918919,2.7453370856909807,101.57747217056628,32,0.84375,6.365677224755235,203.7016711921675,314,0.767515923566879,10.445121292887354,3279.768085966629,-4.079444068132119,0.07623407643312097,0.10191082802547771
2,POOL,120-240,g_di_with&g_trend_slope_with,g_mp_change_with,12,0.9166666666666666,4.994177560363441,59.930130724361284,16,0.8125,4.041814200129022,64.66902720206436,4,1.0,15.11964727181898,60.47858908727592,314,0.767515923566879,10.445121292887354,3279.768085966629,4.6745259789316265,0.23248407643312097,0.012738853503184714
2,POOL,120-240,g_di_with&g_trend_slope_with,g_mp_change_strong_with,12,0.9166666666666666,4.994177560363441,59.930130724361284,14,0.8571428571428571,6.046496737097884,84.65095431937038,2,1.0,15.71699444560975,31.4339888912195,314,0.767515923566879,10.445121292887354,3279.768085966629,5.271873152722396,0.23248407643312097,0.006369426751592357
2,POOL,120-240,g_di_with&g_trend_slope_with,g_lm_high_stat,40,0.95,5.696173178013005,227.8469271205202,21,0.9047619047619048,3.7999433908723352,79.79881120831904,7,0.5714285714285714,-3.719348445690088,-26.035439119830617,314,0.767515923566879,10.445121292887354,3279.768085966629,-14.164469738577441,-0.19608735213830764,0.022292993630573247
2,POOL,120-240,g_di_with&g_trend_slope_with,g_lm_low_stat,108,0.9074074074074074,6.526794853744962,704.8938442044558,70,0.8285714285714286,3.2323866771244796,226.26706739871358,52,0.8846153846153846,11.272482106777684,586.1690695524395,314,0.767515923566879,10.445121292887354,3279.768085966629,0.8273608138903299,0.11709946104850555,0.16560509554140126
2,POOL,120-240,g_di_with&g_trend_slope_with,g_lm_last_jump_with_60s,39,0.9743589743589743,4.701552143927671,183.36053361317917,21,1.0,4.695690344261607,98.60949722949374,9,0.8888888888888888,6.97988756574202,62.81898809167818,314,0.767515923566879,10.445121292887354,3279.768085966629,-3.4652337271453337,0.12137296532200981,0.028662420382165606
2,POOL,120-240,g_di_with&g_trend_slope_with,g_lm_extreme_against,185,0.9081081081081082,5.748896221382937,1063.5458009558433,118,0.8728813559322034,4.680151446139153,552.25787064442,314,0.767515923566879,10.445121292887354,3279.768085966629,314,0.767515923566879,10.445121292887354,3279.768085966629,0.0,0.0,1.0
2,POOL,120-240,g_di_with&g_trend_slope_with,g_hawkes_imbalance_with,159,0.9245283018867925,5.5606655624690795,884.1458244325836,108,0.8703703703703703,4.753441212782252,513.3716509804832,48,0.9166666666666666,9.636054044751939,462.53059414809303,314,0.767515923566879,10.445121292887354,3279.768085966629,-0.8090672481354151,0.1491507430997876,0.15286624203821655
2,POOL,120-240,g_di_with&g_trend_slope_with,g_hawkes_imbalance_strong_with,109,0.9357798165137615,5.486827548319884,598.0642027668673,69,0.855072463768116,3.4992329605605486,241.44707427867786,15,1.0,9.887909520121575,148.31864280182361,314,0.767515923566879,10.445121292887354,3279.768085966629,-0.557211772765779,0.23248407643312097,0.04777070063694268
2,POOL,120-240,g_di_with&g_trend_slope_with,g_hawkes_burst,70,0.9428571428571428,4.204751825055783,294.3326277539048,49,0.9183673469387755,4.251406913568619,208.31893876486234,22,0.8636363636363636,6.889981047263117,151.57958303978856,314,0.767515923566879,10.445121292887354,3279.768085966629,-3.555140245624237,0.09612044006948461,0.07006369426751592
3,POOL,120-240,g_tr_stack_with&g_trend_slope_with&g_vwap_ge_30,g_mp_no_extreme,252,0.8928571428571429,5.722093784305457,1441.9676336449752,140,0.8714285714285714,5.6458983826416524,790.4257735698313,228,0.8026315789473685,10.385389800394131,2367.868874489862,302,0.7980132450331126,10.6767929694728,3224.3914767807855,-0.29140316907866826,0.004618333914255923,0.7549668874172185
3,POOL,120-240,g_tr_stack_with&g_trend_slope_with&g_vwap_ge_30,g_mp_very_no_extreme,188,0.8776595744680851,6.031095910870795,1133.8460312437096,96,0.84375,6.499710591173752,623.9722167526802,210,0.7904761904761904,10.62539708968268,2231.3333888333627,302,0.7980132450331126,10.6767929694728,3224.3914767807855,-0.05139587979011928,-0.007537054556922107,0.695364238410596
3,POOL,120-240,g_tr_stack_with&g_trend_slope_with&g_vwap_ge_30,g_mp_with,136,0.8823529411764706,5.368175330065733,730.0718448889397,82,0.8658536585365854,5.286947772116874,433.52971731358366,123,0.8292682926829268,11.757859324805919,1446.216696951128,302,0.7980132450331126,10.6767929694728,3224.3914767807855,1.0810663553331192,0.03125504764981424,0.40728476821192056
3,POOL,120-240,g_tr_stack_with&g_trend_slope_with&g_vwap_ge_30,g_mp_strong_with,61,0.9016393442622951,4.216446371585819,257.20322866673496,42,0.9047619047619048,3.4688358882901724,145.69110730818724,30,0.8666666666666667,7.436957543094668,223.10872629284006,302,0.7980132450331126,10.6767929694728,3224.3914767807855,-3.2398354263781313,0.06865342163355415,0.09933774834437085
3,POOL,120-240,g_tr_stack_with&g_trend_slope_with&g_vwap_ge_30,g_mp_change_with,18,1.0,7.388484221984401,132.9927159957192,16,0.8125,3.4673853306814184,55.478165290902695,3,1.0,17.720135493644495,53.16040648093349,302,0.7980132450331126,10.6767929694728,3224.3914767807855,7.043342524171695,0.20198675496688745,0.009933774834437087
3,POOL,120-240,g_tr_stack_with&g_trend_slope_with&g_vwap_ge_30,g_mp_change_strong_with,18,1.0,7.388484221984401,132.9927159957192,14,0.8571428571428571,5.390006600586338,75.46009240820872,2,1.0,15.71699444560975,31.4339888912195,302,0.7980132450331126,10.6767929694728,3224.3914767807855,5.04020147613695,0.20198675496688745,0.006622516556291391
3,POOL,120-240,g_tr_stack_with&g_trend_slope_with&g_vwap_ge_30,g_lm_high_stat,49,0.9183673469387755,4.8401503874421765,237.16736898466664,26,0.9230769230769231,4.910119298241685,127.6631017542838,6,0.5,-6.7418983578720715,-40.45139014723243,302,0.7980132450331126,10.6767929694728,3224.3914767807855,-17.41869132734487,-0.29801324503311255,0.019867549668874173
3,POOL,120-240,g_tr_stack_with&g_trend_slope_with&g_vwap_ge_30,g_lm_low_stat,153,0.8823529411764706,6.039107118210743,923.9833890862437,86,0.8372093023255814,4.5799827210938195,393.8785140140685,59,0.8813559322033898,10.958706441701503,646.5636800603887,302,0.7980132450331126,10.6767929694728,3224.3914767807855,0.28191347222870355,0.08334268717027726,0.19536423841059603
3,POOL,120-240,g_tr_stack_with&g_trend_slope_with&g_vwap_ge_30,g_lm_last_jump_with_60s,47,0.9787234042553191,6.128476631399158,288.03840167576044,23,1.0,5.751947319350136,132.29478834505312,9,0.8888888888888888,6.97988756574202,62.81898809167818,302,0.7980132450331126,10.6767929694728,3224.3914767807855,-3.6969054037307796,0.09087564385577629,0.029801324503311258
3,POOL,120-240,g_tr_stack_with&g_trend_slope_with&g_vwap_ge_30,g_lm_extreme_against,256,0.89453125,5.654341473316004,1447.511417168897,142,0.8732394366197183,5.580756629418086,792.4674413773681,302,0.7980132450331126,10.6767929694728,3224.3914767807855,302,0.7980132450331126,10.6767929694728,3224.3914767807855,0.0,0.0,1.0
3,POOL,120-240,g_tr_stack_with&g_trend_slope_with&g_vwap_ge_30,g_hawkes_imbalance_with,227,0.9074889867841409,5.435749186655993,1233.9150653709105,122,0.860655737704918,4.86033736621901,592.9611586787192,52,0.9038461538461539,9.350961455368052,486.2499956791387,302,0.7980132450331126,10.6767929694728,3224.3914767807855,-1.3258315141047472,0.1058329088130413,0.17218543046357615
3,POOL,120-240,g_tr_stack_with&g_trend_slope_with&g_vwap_ge_30,g_hawkes_imbalance_strong_with,161,0.9130434782608695,4.892723395329355,787.7284666480261,78,0.8589743589743589,4.133188625167928,322.38871276309834,17,1.0,10.189988728939353,173.229808391969,302,0.7980132450331126,10.6767929694728,3224.3914767807855,-0.48680424053344673,0.20198675496688745,0.056291390728476824
3,POOL,120-240,g_tr_stack_with&g_trend_slope_with&g_vwap_ge_30,g_hawkes_burst,77,0.961038961038961,5.280236257708136,406.5781918435265,52,0.9230769230769231,4.771581813042452,248.12225427820752,23,0.8695652173913043,7.6255573469864695,175.3878189806888,302,0.7980132450331126,10.6767929694728,3224.3914767807855,-3.05123562248633,0.07155197235819177,0.076158940397351
4,POOL,60-120,g_trend_slope_with&g_tr_stack_with,g_mp_no_extreme,113,0.8672566371681416,6.334590768849171,715.8087568799564,87,0.8620689655172413,7.361552764132202,640.4550904795016,263,0.752851711026616,8.821253083208054,2319.9895608837182,338,0.7544378698224852,9.507625784110493,3213.5775150293466,-0.6863727009024387,-0.001586158795869208,0.7781065088757396
4,POOL,60-120,g_trend_slope_with&g_tr_stack_with,g_mp_very_no_extreme,96,0.84375,6.554415784926669,629.2239153529603,73,0.8767123287671232,8.495217955159616,620.150910726652,246,0.7520325203252033,9.257717160957522,2277.3984215955506,338,0.7544378698224852,9.507625784110493,3213.5775150293466,-0.24990862315297058,-0.0024053494972818834,0.727810650887574
4,POOL,60-120,g_trend_slope_with&g_tr_stack_with,g_mp_with,65,0.8615384615384616,5.715301323370658,371.4945860190928,51,0.8627450980392157,7.680350737052955,391.6978875897007,153,0.7712418300653595,8.791766456445814,1345.1402678362094,338,0.7544378698224852,9.507625784110493,3213.5775150293466,-0.7158593276646794,0.01680396024287434,0.4526627218934911
4,POOL,60-120,g_trend_slope_with&g_tr_stack_with,g_mp_strong_with,21,1.0,7.076363346642728,148.60363027949728,11,0.7272727272727273,-0.2150432779006983,-2.3654760569076814,23,0.8260869565217391,5.344527943002798,122.92414268906435,338,0.7544378698224852,9.507625784110493,3213.5775150293466,-4.163097841107695,0.07164908669925396,0.06804733727810651
4,POOL,60-120,g_trend_slope_with&g_tr_stack_with,g_mp_change_with,12,0.8333333333333334,5.377223853941836,64.52668624730204,6,1.0,13.909375739062646,83.45625443437588,13,0.6923076923076923,5.765668257620583,74.95368734906758,338,0.7544378698224852,9.507625784110493,3213.5775150293466,-3.7419575264899096,-0.062130177514792884,0.038461538461538464
4,POOL,60-120,g_trend_slope_with&g_tr_stack_with,g_mp_change_strong_with,9,0.7777777777777778,2.280274020109452,20.522466180985067,4,1.0,12.004436318113253,48.01774527245301,10,0.7,6.659493006364808,66.59493006364808,338,0.7544378698224852,9.507625784110493,3213.5775150293466,-2.8481327777456853,-0.05443786982248522,0.029585798816568046
4,POOL,60-120,g_trend_slope_with&g_tr_stack_with,g_lm_high_stat,20,0.9,4.271999468125612,85.43998936251225,20,1.0,10.172616744095226,203.45233488190453,20,0.85,3.252516074053779,65.05032148107558,338,0.7544378698224852,9.507625784110493,3213.5775150293466,-6.255109710056714,0.0955621301775148,0.05917159763313609
4,POOL,60-120,g_trend_slope_with&g_tr_stack_with,g_lm_low_stat,62,0.9193548387096774,9.048676246794338,561.017927301249,51,0.803921568627451,6.248347528112476,318.6657239337363,61,0.7868852459016393,7.750055464527801,472.75338333619584,338,0.7544378698224852,9.507625784110493,3213.5775150293466,-1.7575703195826922,0.032447376079154155,0.1804733727810651
4,POOL,60-120,g_trend_slope_with&g_tr_stack_with,g_lm_last_jump_with_60s,27,1.0,5.482413494042821,148.02516433915616,18,0.9444444444444444,7.593441075524814,136.68193935944666,23,0.9130434782608695,5.292402107330554,121.72524846860276,338,0.7544378698224852,9.507625784110493,3213.5775150293466,-4.215223676779939,0.15860560843838434,0.06804733727810651
4,POOL,60-120,g_trend_slope_with&g_tr_stack_with,g_lm_extreme_against,114,0.868421052631579,6.290335358664755,717.098230887782,88,0.8636363636363636,7.289499140718977,641.47592438327,338,0.7544378698224852,9.507625784110493,3213.5775150293466,338,0.7544378698224852,9.507625784110493,3213.5775150293466,0.0,0.0,1.0
4,POOL,60-120,g_trend_slope_with&g_tr_stack_with,g_hawkes_imbalance_with,94,0.9148936170212766,7.213796866473442,678.0969054485035,71,0.8732394366197183,6.918562465052254,491.21793501871,71,0.8309859154929577,6.231585474339295,442.4425686780899,338,0.7544378698224852,9.507625784110493,3213.5775150293466,-3.276040309771198,0.07654804567047258,0.21005917159763313
4,POOL,60-120,g_trend_slope_with&g_tr_stack_with,g_hawkes_imbalance_strong_with,63,0.9523809523809523,7.403154119635404,466.3987095370304,42,0.8571428571428571,5.011265038758409,210.47313162785318,43,0.8604651162790697,6.58152828461789,283.0057162385693,338,0.7544378698224852,9.507625784110493,3213.5775150293466,-2.9260974994926032,0.10602724645658457,0.12721893491124261
4,POOL,60-120,g_trend_slope_with&g_tr_stack_with,g_hawkes_burst,38,0.9210526315789473,5.9486617193423,226.04914533500738,33,0.8787878787878788,6.286744212362537,207.46255900796373,19,0.8421052631578947,1.3849903074345158,26.3148158412558,338,0.7544378698224852,9.507625784110493,3213.5775150293466,-8.122635476675978,0.08766739333540952,0.05621301775147929
5,POOL,60-120,g_tr_stack_with&g_trend_slope_with&g_vwap_ge_30,g_mp_no_extreme,113,0.8672566371681416,6.334590768849171,715.8087568799564,87,0.8620689655172413,7.361552764132202,640.4550904795016,261,0.7547892720306514,8.758721177110615,2286.0262272258706,334,0.7574850299401198,9.256774074137082,3091.762540761785,-0.4980528970264668,-0.0026957579094684103,0.781437125748503
5,POOL,60-120,g_tr_stack_with&g_trend_slope_with&g_vwap_ge_30,g_mp_very_no_extreme,96,0.84375,6.554415784926669,629.2239153529603,73,0.8767123287671232,8.495217955159616,620.150910726652,244,0.7540983606557377,9.19440609810534,2243.435087937703,334,0.7574850299401198,9.256774074137082,3091.762540761785,-0.0623679760317426,-0.0033866692843821378,0.7305389221556886
5,POOL,60-120,g_tr_stack_with&g_trend_slope_with&g_vwap_ge_30,g_mp_with,65,0.8615384615384616,5.715301323370658,371.4945860190928,51,0.8627450980392157,7.680350737052955,391.6978875897007,151,0.7748344370860927,8.683290954823589,1311.176934178362,334,0.7574850299401198,9.256774074137082,3091.762540761785,-0.5734831193134937,0.017349407145972884,0.45209580838323354
5,POOL,60-120,g_tr_stack_with&g_trend_slope_with&g_vwap_ge_30,g_mp_strong_with,21,1.0,7.076363346642728,148.60363027949728,11,0.7272727272727273,-0.2150432779006983,-2.3654760569076814,23,0.8260869565217391,5.344527943002798,122.92414268906435,334,0.7574850299401198,9.256774074137082,3091.762540761785,-3.9122461311342844,0.06860192658161934,0.0688622754491018
5,POOL,60-120,g_tr_stack_with&g_trend_slope_with&g_vwap_ge_30,g_mp_change_with,12,0.8333333333333334,5.377223853941836,64.52668624730204,6,1.0,13.909375739062646,83.45625443437588,13,0.6923076923076923,5.765668257620583,74.95368734906758,334,0.7574850299401198,9.256774074137082,3091.762540761785,-3.491105816516499,-0.0651773376324275,0.038922155688622756
5,POOL,60-120,g_tr_stack_with&g_trend_slope_with&g_vwap_ge_30,g_mp_change_strong_with,9,0.7777777777777778,2.280274020109452,20.522466180985067,4,1.0,12.004436318113253,48.01774527245301,10,0.7,6.659493006364808,66.59493006364808,334,0.7574850299401198,9.256774074137082,3091.762540761785,-2.5972810677722746,-0.057485029940119836,0.029940119760479042
5,POOL,60-120,g_tr_stack_with&g_trend_slope_with&g_vwap_ge_30,g_lm_high_stat,20,0.9,4.271999468125612,85.43998936251225,20,1.0,10.172616744095226,203.45233488190453,20,0.85,3.252516074053779,65.05032148107558,334,0.7574850299401198,9.256774074137082,3091.762540761785,-6.004258000083303,0.09251497005988019,0.059880239520958084
5,POOL,60-120,g_tr_stack_with&g_trend_slope_with&g_vwap_ge_30,g_lm_low_stat,62,0.9193548387096774,9.048676246794338,561.017927301249,51,0.803921568627451,6.248347528112476,318.6657239337363,61,0.7868852459016393,7.750055464527801,472.75338333619584,334,0.7574850299401198,9.256774074137082,3091.762540761785,-1.5067186096092815,0.029400215961519538,0.18263473053892215
5,POOL,60-120,g_tr_stack_with&g_trend_slope_with&g_vwap_ge_30,g_lm_last_jump_with_60s,27,1.0,5.482413494042821,148.02516433915616,18,0.9444444444444444,7.593441075524814,136.68193935944666,23,0.9130434782608695,5.292402107330554,121.72524846860276,334,0.7574850299401198,9.256774074137082,3091.762540761785,-3.964371966806528,0.15555844832074972,0.0688622754491018
5,POOL,60-120,g_tr_stack_with&g_trend_slope_with&g_vwap_ge_30,g_lm_extreme_against,114,0.868421052631579,6.290335358664755,717.098230887782,88,0.8636363636363636,7.289499140718977,641.47592438327,334,0.7574850299401198,9.256774074137082,3091.762540761785,334,0.7574850299401198,9.256774074137082,3091.762540761785,0.0,0.0,1.0
5,POOL,60-120,g_tr_stack_with&g_trend_slope_with&g_vwap_ge_30,g_hawkes_imbalance_with,94,0.9148936170212766,7.213796866473442,678.0969054485035,71,0.8732394366197183,6.918562465052254,491.21793501871,71,0.8309859154929577,6.231585474339295,442.4425686780899,334,0.7574850299401198,9.256774074137082,3091.762540761785,-3.0251885997977874,0.07350088555283796,0.2125748502994012
5,POOL,60-120,g_tr_stack_with&g_trend_slope_with&g_vwap_ge_30,g_hawkes_imbalance_strong_with,63,0.9523809523809523,7.403154119635404,466.3987095370304,42,0.8571428571428571,5.011265038758409,210.47313162785318,43,0.8604651162790697,6.58152828461789,283.0057162385693,334,0.7574850299401198,9.256774074137082,3091.762540761785,-2.6752457895191926,0.10298008633894995,0.12874251497005987
5,POOL,60-120,g_tr_stack_with&g_trend_slope_with&g_vwap_ge_30,g_hawkes_burst,38,0.9210526315789473,5.9486617193423,226.04914533500738,33,0.8787878787878788,6.286744212362537,207.46255900796373,19,0.8421052631578947,1.3849903074345158,26.3148158412558,334,0.7574850299401198,9.256774074137082,3091.762540761785,-7.871783766702567,0.0846202332177749,0.05688622754491018
6,POOL,60-120,g_di_with&g_trend_slope_with,g_mp_no_extreme,74,0.8513513513513513,5.533955414373516,409.51270066364015,56,0.875,7.872940973145107,440.88469449612603,252,0.7380952380952381,8.345790781158431,2103.1392768519245,330,0.7393939393939394,9.01863284149585,2976.1488376936304,-0.6728420603374179,-0.0012987012987012436,0.7636363636363637
6,POOL,60-120,g_di_with&g_trend_slope_with,g_mp_very_no_extreme,65,0.8307692307692308,5.740381941205038,373.12482617832745,47,0.8723404255319149,8.32265063963638,391.16458006290986,237,0.7341772151898734,8.670034334926127,2054.798137377492,330,0.7393939393939394,9.01863284149585,2976.1488376936304,-0.34859850656972213,-0.005216724204065937,0.7181818181818181
6,POOL,60-120,g_di_with&g_trend_slope_with,g_mp_with,38,0.8157894736842105,4.513277531743771,171.5045462062633,31,0.9032258064516129,8.899390596515973,275.8811084919952,147,0.7619047619047619,8.548015845590076,1256.5583293017412,330,0.7393939393939394,9.01863284149585,2976.1488376936304,-0.47061699590577355,0.02251082251082248,0.44545454545454544
6,POOL,60-120,g_di_with&g_trend_slope_with,g_mp_strong_with,10,1.0,7.542013208761118,75.42013208761118,7,0.8571428571428571,4.581218786593273,32.06853150615291,23,0.8695652173913043,6.825240598911913,156.980533774974,330,0.7393939393939394,9.01863284149585,2976.1488376936304,-2.1933922425839363,0.13017127799736494,0.0696969696969697
6,POOL,60-120,g_di_with&g_trend_slope_with,g_mp_change_with,7,0.8571428571428571,8.111249238741566,56.778744671190964,3,1.0,9.99015723528708,29.970471705861243,13,0.6923076923076923,5.765668257620583,74.95368734906758,330,0.7393939393939394,9.01863284149585,2976.1488376936304,-3.252964583875266,-0.04708624708624709,0.03939393939393939
6,POOL,60-120,g_di_with&g_trend_slope_with,g_mp_change_strong_with,5,0.8,4.366580471633108,21.832902358165537,2,1.0,7.882647938635864,15.765295877271727,10,0.7,6.659493006364808,66.59493006364808,330,0.7393939393939394,9.01863284149585,2976.1488376936304,-2.3591398351310415,-0.039393939393939426,0.030303030303030304
6,POOL,60-120,g_di_with&g_trend_slope_with,g_lm_high_stat,12,0.9166666666666666,4.019373482681904,48.23248179218285,16,1.0,9.8777392502203,158.0438280035248,15,0.9333333333333333,5.450004596582963,81.75006894874446,330,0.7393939393939394,9.01863284149585,2976.1488376936304,-3.568628244912886,0.19393939393939397,0.045454545454545456
6,POOL,60-120,g_di_with&g_trend_slope_with,g_lm_low_stat,37,0.8918918918918919,7.429368430940115,274.88663194478426,34,0.8235294117647058,7.105369945594839,241.58257815022455,55,0.7636363636363637,6.754873433877278,371.5180388632503,330,0.7393939393939394,9.01863284149585,2976.1488376936304,-2.263759407618571,0.024242424242424288,0.16666666666666666
6,POOL,60-120,g_di_with&g_trend_slope_with,g_lm_last_jump_with_60s,22,1.0,5.939005790263588,130.65812738579893,12,0.9166666666666666,5.6050578876056045,67.26069465126726,21,0.9523809523809523,7.121469251045087,149.55085427194683,330,0.7393939393939394,9.01863284149585,2976.1488376936304,-1.897163590450762,0.21298701298701295,0.06363636363636363
6,POOL,60-120,g_di_with&g_trend_slope_with,g_lm_extreme_against,75,0.8533333333333334,5.4773623289528794,410.80217467146593,57,0.8771929824561403,7.752728568419203,441.90552839989454,330,0.7393939393939394,9.01863284149585,2976.1488376936304,330,0.7393939393939394,9.01863284149585,2976.1488376936304,0.0,0.0,1.0
6,POOL,60-120,g_di_with&g_trend_slope_with,g_hawkes_imbalance_with,57,0.9473684210526315,7.808365987504632,445.076861287764,50,0.88,7.293930454177291,364.69652270886456,62,0.8225806451612904,5.728467429135997,355.1649806064318,330,0.7393939393939394,9.01863284149585,2976.1488376936304,-3.290165412359852,0.08318670576735099,0.18787878787878787
6,POOL,60-120,g_di_with&g_trend_slope_with,g_hawkes_imbalance_strong_with,37,1.0,8.564317963892393,316.8797646640185,27,0.8888888888888888,5.983451627162152,161.5531939333781,36,0.8611111111111112,6.208072144969037,223.49059721888534,330,0.7393939393939394,9.01863284149585,2976.1488376936304,-2.810560696526812,0.12171717171717178,0.10909090909090909
6,POOL,60-120,g_di_with&g_trend_slope_with,g_hawkes_burst,35,0.8857142857142857,4.920462791255852,172.2161976939548,25,0.88,5.986299867633906,149.65749669084764,18,0.8333333333333334,0.890556643374835,16.03001958074703,330,0.7393939393939394,9.01863284149585,2976.1488376936304,-8.128076198121015,0.09393939393939399,0.05454545454545454
7,POOL,240-360,g_trend_slope_with&g_vwap_ge_30,g_mp_no_extreme,514,0.896887159533074,3.7432469670881163,1924.0289410832918,256,0.90625,5.009208015672657,1282.3572520122002,345,0.7594202898550725,5.394405113407221,1861.0697641254912,456,0.7631578947368421,5.892094336694869,2686.79501753286,-0.4976892232876473,-0.0037376048817696628,0.756578947368421
7,POOL,240-360,g_trend_slope_with&g_vwap_ge_30,g_mp_very_no_extreme,330,0.8757575757575757,4.266258500851749,1407.865305281077,172,0.9127906976744186,6.5247209037233915,1122.2519954404233,284,0.7359154929577465,5.791734162777006,1644.8525022286697,456,0.7631578947368421,5.892094336694869,2686.79501753286,-0.10036017391786256,-0.02724240177909565,0.6228070175438597
7,POOL,240-360,g_trend_slope_with&g_vwap_ge_30,g_mp_with,271,0.9077490774907749,4.01447496616483,1087.922715830669,150,0.9133333333333333,4.917005382086795,737.5508073130192,177,0.7853107344632768,5.165923463994861,914.3684531270903,456,0.7631578947368421,5.892094336694869,2686.79501753286,-0.726170872700008,0.02215283972643467,0.3881578947368421
7,POOL,240-360,g_trend_slope_with&g_vwap_ge_30,g_mp_strong_with,140,0.9071428571428571,2.2336170969847626,312.7063935778668,73,0.9452054794520548,4.445618560409165,324.53015490986905,53,0.8490566037735849,1.8188243010886762,96.39768795769984,456,0.7631578947368421,5.892094336694869,2686.79501753286,-4.073270035606193,0.08589870903674279,0.1162280701754386
7,POOL,240-360,g_trend_slope_with&g_vwap_ge_30,g_mp_change_with,43,0.9069767441860465,4.388561457133265,188.7081426567304,15,0.8,0.2186871649603783,3.2803074744056744,10,0.9,14.991382118649492,149.9138211864949,456,0.7631578947368421,5.892094336694869,2686.79501753286,9.099287781954622,0.13684210526315788,0.021929824561403508
7,POOL,240-360,g_trend_slope_with&g_vwap_ge_30,g_mp_change_strong_with,41,0.9024390243902439,4.065322731233772,166.67823198058466,13,0.7692307692307693,-1.0076552377424965,-13.099518090652456,7,1.0,19.10701221777729,133.74908552444103,456,0.7631578947368421,5.892094336694869,2686.79501753286,13.214917881082421,0.23684210526315785,0.015350877192982455
7,POOL,240-360,g_trend_slope_with&g_vwap_ge_30,g_lm_high_stat,61,0.9344262295081968,3.4318813723117154,209.34476371101465,23,0.9565217391304348,2.8271120625593635,65.02357743886536,9,0.8888888888888888,2.2056526034660644,19.85087343119458,456,0.7631578947368421,5.892094336694869,2686.79501753286,-3.686441733228804,0.1257309941520467,0.019736842105263157
7,POOL,240-360,g_trend_slope_with&g_vwap_ge_30,g_lm_low_stat,395,0.9063291139240506,4.218651370982026,1666.3672915379002,191,0.9109947643979057,5.185470778081413,990.4249186135498,110,0.8181818181818182,5.25238780811049,577.7626588921539,456,0.7631578947368421,5.892094336694869,2686.79501753286,-0.6397065285843784,0.055023923444976086,0.2412280701754386
7,POOL,240-360,g_trend_slope_with&g_vwap_ge_30,g_lm_last_jump_with_60s,66,0.9545454545454546,2.5119052154954487,165.7857442226996,39,0.8974358974358975,2.0151132290988136,78.58941593485373,18,0.6666666666666666,-2.794771679529266,-50.30589023152679,456,0.7631578947368421,5.892094336694869,2686.79501753286,-8.686866016224135,-0.09649122807017552,0.039473684210526314
7,POOL,240-360,g_trend_slope_with&g_vwap_ge_30,g_lm_extreme_against,551,0.9038112522686026,3.5882636533409755,1977.1332729908775,272,0.9117647058823529,4.790770156265027,1303.0894825040873,456,0.7631578947368421,5.892094336694869,2686.79501753286,456,0.7631578947368421,5.892094336694869,2686.79501753286,0.0,0.0,1.0
7,POOL,240-360,g_trend_slope_with&g_vwap_ge_30,g_hawkes_imbalance_with,460,0.9130434782608695,3.7840062929527885,1740.6428947582826,229,0.9082969432314411,4.6699831909727125,1069.4261507327512,103,0.8349514563106796,5.108718760911429,526.1980323738771,456,0.7631578947368421,5.892094336694869,2686.79501753286,-0.78337557578344,0.07179356157383743,0.22587719298245615
7,POOL,240-360,g_trend_slope_with&g_vwap_ge_30,g_hawkes_imbalance_strong_with,285,0.9263157894736842,3.508868588037873,1000.0275475907938,128,0.8984375,3.7148399700515773,475.4995161666019,61,0.8524590163934426,5.275039191509735,321.7773906820938,456,0.7631578947368421,5.892094336694869,2686.79501753286,-0.6170551451851338,0.08930112165660042,0.1337719298245614
7,POOL,240-360,g_trend_slope_with&g_vwap_ge_30,g_hawkes_burst,150,0.9066666666666666,1.2973833945062427,194.6075091759364,77,0.922077922077922,2.6280300102026537,202.35831078560435,28,0.9285714285714286,3.642051178694994,101.97743300345982,456,0.7631578947368421,5.892094336694869,2686.79501753286,-2.2500431579998748,0.16541353383458646,0.06140350877192982
8,POOL,120-240,g_trend_slope_strong_with,g_mp_no_extreme,88,0.9659090909090909,7.027420071163797,618.4129662624141,64,0.953125,7.101727456482698,454.5105572148927,124,0.8629032258064516,12.902082962251816,1599.8582873192252,158,0.8860759493670886,14.183149585909808,2240.9376345737496,-1.281066623657992,-0.023172723560636932,0.7848101265822784
8,POOL,120-240,g_trend_slope_strong_with,g_mp_very_no_extreme,60,0.95,7.447276827007112,446.8366096204267,41,0.926829268292683,8.468784504471758,347.2201646833421,114,0.8596491228070176,13.825952581352814,1576.1585942742208,158,0.8860759493670886,14.183149585909808,2240.9376345737496,-0.3571970045569941,-0.026426826560071004,0.7215189873417721
8,POOL,120-240,g_trend_slope_strong_with,g_mp_with,54,0.9629629629629629,7.0479736307299685,380.5905760594183,37,0.9459459459459459,6.603662166285921,244.33550015257907,70,0.8428571428571429,11.27118988098731,788.9832916691116,158,0.8860759493670886,14.183149585909808,2240.9376345737496,-2.9119597049224986,-0.043218806509945695,0.4430379746835443
8,POOL,120-240,g_trend_slope_strong_with,g_mp_strong_with,22,1.0,5.956075503711347,131.03366108164963,20,1.0,5.345348530589282,106.90697061178564,17,0.8823529411764706,5.180958803173126,88.07629965394314,158,0.8860759493670886,14.183149585909808,2240.9376345737496,-9.002190782736683,-0.0037230081906179935,0.10759493670886076
8,POOL,120-240,g_trend_slope_strong_with,g_mp_change_with,7,0.8571428571428571,3.1925521036177833,22.347864725324484,7,0.8571428571428571,7.986751256655972,55.907258796591805,4,1.0,13.365051702253613,53.46020680901445,158,0.8860759493670886,14.183149585909808,2240.9376345737496,-0.8180978836561952,0.11392405063291144,0.02531645569620253
8,POOL,120-240,g_trend_slope_strong_with,g_mp_change_strong_with,7,0.8571428571428571,3.1925521036177833,22.347864725324484,6,1.0,13.484543132765301,80.9072587965918,2,1.0,12.207803306479015,24.41560661295803,158,0.8860759493670886,14.183149585909808,2240.9376345737496,-1.9753462794307932,0.11392405063291144,0.012658227848101266
8,POOL,120-240,g_trend_slope_strong_with,g_lm_high_stat,18,1.0,6.5994406975766555,118.7899325563798,14,1.0,9.371135493220352,131.19589690508494,4,0.75,4.566149170322787,18.26459668129115,158,0.8860759493670886,14.183149585909808,2240.9376345737496,-9.617000415587022,-0.13607594936708856,0.02531645569620253
8,POOL,120-240,g_trend_slope_strong_with,g_lm_low_stat,51,0.9607843137254902,6.660503325302891,339.68566959044745,31,0.9032258064516129,3.9838516098656713,123.49939990583582,35,0.9428571428571428,12.842413830508772,449.484484067807,158,0.8860759493670886,14.183149585909808,2240.9376345737496,-1.3407357554010364,0.05678119349005428,0.22151898734177214
8,POOL,120-240,g_trend_slope_strong_with,g_lm_last_jump_with_60s,32,0.96875,5.378699409319168,172.11838109821338,15,1.0,3.0914567543236235,46.371851314854354,3,1.0,15.501584801738,46.504754405214,158,0.8860759493670886,14.183149585909808,2240.9376345737496,1.3184352158281918,0.11392405063291144,0.0189873417721519
8,POOL,120-240,g_trend_slope_strong_with,g_lm_extreme_against,90,0.9666666666666667,6.897050303661552,620.7345273295397,66,0.9545454545454546,6.917457954885296,456.5522250224295,158,0.8860759493670886,14.183149585909808,2240.9376345737496,158,0.8860759493670886,14.183149585909808,2240.9376345737496,0.0,0.0,1.0
8,POOL,120-240,g_trend_slope_strong_with,g_hawkes_imbalance_with,81,0.9876543209876543,7.402631604082218,599.6131599306597,63,0.9523809523809523,6.742705006819769,424.7904154296454,37,0.972972972972973,11.841951346272369,438.15219981207764,158,0.8860759493670886,14.183149585909808,2240.9376345737496,-2.341198239637439,0.08689702360588447,0.23417721518987342
8,POOL,120-240,g_trend_slope_strong_with,g_hawkes_imbalance_strong_with,61,0.9836065573770492,6.956084082042037,424.3211290045642,40,0.95,6.291930710249997,251.67722840999988,18,1.0,11.273241717075045,202.9183509073508,158,0.8860759493670886,14.183149585909808,2240.9376345737496,-2.909907868834763,0.11392405063291144,0.11392405063291139
8,POOL,120-240,g_trend_slope_strong_with,g_hawkes_burst,40,0.975,4.318359553447631,172.73438213790524,37,0.972972972972973,6.791287333829954,251.27763135170832,14,0.9285714285714286,9.108209673708211,127.51493543191495,158,0.8860759493670886,14.183149585909808,2240.9376345737496,-5.074939912201597,0.04249547920434005,0.08860759493670886
9,POOL,120-240,g_tr_stack_with&g_tr_stack_full_with&g_trend_slope_with,g_mp_no_extreme,249,0.8995983935742972,5.949669209031843,1481.4676330489287,140,0.8714285714285714,5.6458983826416524,790.4257735698313,154,0.7792207792207793,10.189655186388372,1569.2068987038092,202,0.7871287128712872,11.083821362530738,2238.931915231209,-0.8941661761423667,-0.007907933650507903,0.7623762376237624
9,POOL,120-240,g_tr_stack_with&g_tr_stack_full_with&g_trend_slope_with,g_mp_very_no_extreme,185,0.8864864864864865,6.342410976473855,1173.3460306476632,96,0.84375,6.499710591173752,623.9722167526802,140,0.7785714285714286,11.133478748941931,1558.6870248518703,202,0.7871287128712872,11.083821362530738,2238.931915231209,0.04965738641119266,-0.00855728429985858,0.693069306930693
9,POOL,120-240,g_tr_stack_with&g_tr_stack_full_with&g_trend_slope_with,g_mp_with,136,0.8823529411764706,5.368175330065733,730.0718448889397,82,0.8658536585365854,5.286947772116874,433.52971731358366,82,0.8414634146341463,12.743274244154296,1044.9484880206523,202,0.7871287128712872,11.083821362530738,2238.931915231209,1.659452881623558,0.05433470176285915,0.40594059405940597
9,POOL,120-240,g_tr_stack_with&g_tr_stack_full_with&g_trend_slope_with,g_mp_strong_with,61,0.9016393442622951,4.216446371585819,257.20322866673496,42,0.9047619047619048,3.4688358882901724,145.69110730818724,22,0.8181818181818182,6.572084094131114,144.5858500708845,202,0.7871287128712872,11.083821362530738,2238.931915231209,-4.511737268399624,0.03105310531053107,0.10891089108910891
9,POOL,120-240,g_tr_stack_with&g_tr_stack_full_with&g_trend_slope_with,g_mp_change_with,18,1.0,7.388484221984401,132.9927159957192,16,0.8125,3.4673853306814184,55.478165290902695,2,1.0,18.067490453138248,36.134980906276496,202,0.7871287128712872,11.083821362530738,2238.931915231209,6.98366909060751,0.21287128712871284,0.009900990099009901
9,POOL,120-240,g_tr_stack_with&g_tr_stack_full_with&g_trend_slope_with,g_mp_change_strong_with,18,1.0,7.388484221984401,132.9927159957192,14,0.8571428571428571,5.390006600586338,75.46009240820872,1,1.0,14.408563316562507,14.408563316562507,202,0.7871287128712872,11.083821362530738,2238.931915231209,3.3247419540317686,0.21287128712871284,0.0049504950495049506
9,POOL,120-240,g_tr_stack_with&g_tr_stack_full_with&g_trend_slope_with,g_lm_high_stat,48,0.9375,5.461820187180556,262.16736898466667,26,0.9230769230769231,4.910119298241685,127.6631017542838,1,1.0,10.208332927690634,10.208332927690634,202,0.7871287128712872,11.083821362530738,2238.931915231209,-0.8754884348401042,0.21287128712871284,0.0049504950495049506
9,POOL,120-240,g_tr_stack_with&g_tr_stack_full_with&g_trend_slope_with,g_lm_low_stat,151,0.8874172185430463,6.2151217780807775,938.4833884901974,86,0.8372093023255814,4.5799827210938195,393.8785140140685,37,0.8378378378378378,8.817666475625838,326.253659598156,202,0.7871287128712872,11.083821362530738,2238.931915231209,-2.2661548869049,0.05070912496655067,0.18316831683168316
9,POOL,120-240,g_tr_stack_with&g_tr_stack_full_with&g_trend_slope_with,g_lm_last_jump_with_60s,47,0.9787234042553191,6.128476631399158,288.03840167576044,23,1.0,5.751947319350136,132.29478834505312,2,1.0,6.318828464573167,12.637656929146335,202,0.7871287128712872,11.083821362530738,2238.931915231209,-4.764992897957571,0.21287128712871284,0.009900990099009901
9,POOL,120-240,g_tr_stack_with&g_tr_stack_full_with&g_trend_slope_with,g_lm_extreme_against,253,0.9011857707509882,5.877515480525101,1487.0114165728505,142,0.8732394366197183,5.580756629418086,792.4674413773681,202,0.7871287128712872,11.083821362530738,2238.931915231209,202,0.7871287128712872,11.083821362530738,2238.931915231209,0.0,0.0,1.0
9,POOL,120-240,g_tr_stack_with&g_tr_stack_full_with&g_trend_slope_with,g_hawkes_imbalance_with,225,0.9111111111111111,5.548511398999397,1248.4150647748643,122,0.860655737704918,4.86033736621901,592.9611586787192,28,0.9285714285714286,8.039307368940808,225.1006063303426,202,0.7871287128712872,11.083821362530738,2238.931915231209,-3.0445139935899306,0.14144271570014144,0.13861386138613863
9,POOL,120-240,g_tr_stack_with&g_tr_stack_full_with&g_trend_slope_with,g_hawkes_imbalance_strong_with,161,0.9130434782608695,4.892723395329355,787.7284666480261,78,0.8589743589743589,4.133188625167928,322.38871276309834,11,1.0,11.194564440037238,123.14020884040961,202,0.7871287128712872,11.083821362530738,2238.931915231209,0.11074307750650014,0.21287128712871284,0.054455445544554455
9,POOL,120-240,g_tr_stack_with&g_tr_stack_full_with&g_trend_slope_with,g_hawkes_burst,77,0.961038961038961,5.280236257708136,406.5781918435265,52,0.9230769230769231,4.771581813042452,248.12225427820752,14,0.9285714285714286,10.633647589602017,148.87106625442823,202,0.7871287128712872,11.083821362530738,2238.931915231209,-0.4501737729287214,0.14144271570014144,0.06930693069306931
10,POOL,120-240,g_tr_stack_full_with&g_trend_slope_with,g_mp_no_extreme,249,0.8995983935742972,5.949669209031843,1481.4676330489287,140,0.8714285714285714,5.6458983826416524,790.4257735698313,154,0.7792207792207793,10.189655186388372,1569.2068987038092,202,0.7871287128712872,11.083821362530738,2238.931915231209,-0.8941661761423667,-0.007907933650507903,0.7623762376237624
10,POOL,120-240,g_tr_stack_full_with&g_trend_slope_with,g_mp_very_no_extreme,185,0.8864864864864865,6.342410976473855,1173.3460306476632,96,0.84375,6.499710591173752,623.9722167526802,140,0.7785714285714286,11.133478748941931,1558.6870248518703,202,0.7871287128712872,11.083821362530738,2238.931915231209,0.04965738641119266,-0.00855728429985858,0.693069306930693
10,POOL,120-240,g_tr_stack_full_with&g_trend_slope_with,g_mp_with,136,0.8823529411764706,5.368175330065733,730.0718448889397,82,0.8658536585365854,5.286947772116874,433.52971731358366,82,0.8414634146341463,12.743274244154296,1044.9484880206523,202,0.7871287128712872,11.083821362530738,2238.931915231209,1.659452881623558,0.05433470176285915,0.40594059405940597
10,POOL,120-240,g_tr_stack_full_with&g_trend_slope_with,g_mp_strong_with,61,0.9016393442622951,4.216446371585819,257.20322866673496,42,0.9047619047619048,3.4688358882901724,145.69110730818724,22,0.8181818181818182,6.572084094131114,144.5858500708845,202,0.7871287128712872,11.083821362530738,2238.931915231209,-4.511737268399624,0.03105310531053107,0.10891089108910891
10,POOL,120-240,g_tr_stack_full_with&g_trend_slope_with,g_mp_change_with,18,1.0,7.388484221984401,132.9927159957192,16,0.8125,3.4673853306814184,55.478165290902695,2,1.0,18.067490453138248,36.134980906276496,202,0.7871287128712872,11.083821362530738,2238.931915231209,6.98366909060751,0.21287128712871284,0.009900990099009901
10,POOL,120-240,g_tr_stack_full_with&g_trend_slope_with,g_mp_change_strong_with,18,1.0,7.388484221984401,132.9927159957192,14,0.8571428571428571,5.390006600586338,75.46009240820872,1,1.0,14.408563316562507,14.408563316562507,202,0.7871287128712872,11.083821362530738,2238.931915231209,3.3247419540317686,0.21287128712871284,0.0049504950495049506
10,POOL,120-240,g_tr_stack_full_with&g_trend_slope_with,g_lm_high_stat,48,0.9375,5.461820187180556,262.16736898466667,26,0.9230769230769231,4.910119298241685,127.6631017542838,1,1.0,10.208332927690634,10.208332927690634,202,0.7871287128712872,11.083821362530738,2238.931915231209,-0.8754884348401042,0.21287128712871284,0.0049504950495049506
10,POOL,120-240,g_tr_stack_full_with&g_trend_slope_with,g_lm_low_stat,151,0.8874172185430463,6.2151217780807775,938.4833884901974,86,0.8372093023255814,4.5799827210938195,393.8785140140685,37,0.8378378378378378,8.817666475625838,326.253659598156,202,0.7871287128712872,11.083821362530738,2238.931915231209,-2.2661548869049,0.05070912496655067,0.18316831683168316
10,POOL,120-240,g_tr_stack_full_with&g_trend_slope_with,g_lm_last_jump_with_60s,47,0.9787234042553191,6.128476631399158,288.03840167576044,23,1.0,5.751947319350136,132.29478834505312,2,1.0,6.318828464573167,12.637656929146335,202,0.7871287128712872,11.083821362530738,2238.931915231209,-4.764992897957571,0.21287128712871284,0.009900990099009901
10,POOL,120-240,g_tr_stack_full_with&g_trend_slope_with,g_lm_extreme_against,253,0.9011857707509882,5.877515480525101,1487.0114165728505,142,0.8732394366197183,5.580756629418086,792.4674413773681,202,0.7871287128712872,11.083821362530738,2238.931915231209,202,0.7871287128712872,11.083821362530738,2238.931915231209,0.0,0.0,1.0
10,POOL,120-240,g_tr_stack_full_with&g_trend_slope_with,g_hawkes_imbalance_with,225,0.9111111111111111,5.548511398999397,1248.4150647748643,122,0.860655737704918,4.86033736621901,592.9611586787192,28,0.9285714285714286,8.039307368940808,225.1006063303426,202,0.7871287128712872,11.083821362530738,2238.931915231209,-3.0445139935899306,0.14144271570014144,0.13861386138613863
10,POOL,120-240,g_tr_stack_full_with&g_trend_slope_with,g_hawkes_imbalance_strong_with,161,0.9130434782608695,4.892723395329355,787.7284666480261,78,0.8589743589743589,4.133188625167928,322.38871276309834,11,1.0,11.194564440037238,123.14020884040961,202,0.7871287128712872,11.083821362530738,2238.931915231209,0.11074307750650014,0.21287128712871284,0.054455445544554455
10,POOL,120-240,g_tr_stack_full_with&g_trend_slope_with,g_hawkes_burst,77,0.961038961038961,5.280236257708136,406.5781918435265,52,0.9230769230769231,4.771581813042452,248.12225427820752,14,0.9285714285714286,10.633647589602017,148.87106625442823,202,0.7871287128712872,11.083821362530738,2238.931915231209,-0.4501737729287214,0.14144271570014144,0.06930693069306931
11,POOL,60-120,g_trend_slope_with&g_trend_slope_strong_with,g_mp_no_extreme,49,0.9387755102040817,7.110911966079222,348.4346863378819,29,0.9655172413793104,11.066568975680635,320.9305002947384,128,0.859375,12.842546927614109,1643.846006734606,158,0.8734177215189873,14.072858373816402,2223.5116230629915,-1.2303114462022933,-0.014042721518987333,0.810126582278481
11,POOL,60-120,g_trend_slope_with&g_trend_slope_strong_with,g_mp_very_no_extreme,37,0.918918918918919,7.83598365432484,289.9313952100191,26,0.9615384615384616,11.540198936089512,300.0451723383273,118,0.8559322033898306,13.272314792821431,1566.133145552929,158,0.8734177215189873,14.072858373816402,2223.5116230629915,-0.8005435809949706,-0.017485518129156774,0.7468354430379747
11,POOL,60-120,g_trend_slope_with&g_trend_slope_strong_with,g_mp_with,25,0.92,6.778264407138917,169.45661017847294,18,1.0,12.82781020783752,230.90058374107534,73,0.8767123287671232,12.124268724654527,885.0716168997805,158,0.8734177215189873,14.072858373816402,2223.5116230629915,-1.9485896491618746,0.0032946072481359057,0.4620253164556962
11,POOL,60-120,g_trend_slope_with&g_trend_slope_strong_with,g_mp_strong_with,12,1.0,6.8130818437481055,81.75698212497727,4,1.0,7.92708109610597,31.70832438442388,12,0.9166666666666666,5.66195039079309,67.94340468951708,158,0.8734177215189873,14.072858373816402,2223.5116230629915,-8.41090798302331,0.043248945147679296,0.0759493670886076
11,POOL,60-120,g_trend_slope_with&g_trend_slope_strong_with,g_mp_change_with,7,0.8571428571428571,5.883215158950093,41.18250611265065,3,1.0,13.819290098575593,41.45787029572678,5,1.0,20.00214824394005,100.01074121970025,158,0.8734177215189873,14.072858373816402,2223.5116230629915,5.929289870123647,0.12658227848101267,0.03164556962025317
11,POOL,60-120,g_trend_slope_with&g_trend_slope_strong_with,g_mp_change_strong_with,5,0.8,1.2473327599250443,6.236663799625221,3,1.0,13.819290098575593,41.45787029572678,5,1.0,20.00214824394005,100.01074121970025,158,0.8734177215189873,14.072858373816402,2223.5116230629915,5.929289870123647,0.12658227848101267,0.03164556962025317
11,POOL,60-120,g_trend_slope_with&g_trend_slope_strong_with,g_lm_high_stat,8,1.0,6.099379252957682,48.79503402366146,9,1.0,9.155390880989376,82.39851792890438,16,0.9375,6.620447634726136,105.92716215561818,158,0.8734177215189873,14.072858373816402,2223.5116230629915,-7.452410739090266,0.06408227848101267,0.10126582278481013
11,POOL,60-120,g_trend_slope_with&g_trend_slope_strong_with,g_lm_low_stat,22,1.0,9.713550359886677,213.6981079175069,15,0.9333333333333333,12.07673972808442,181.1510959212663,26,0.9230769230769231,12.848922293510327,334.0719796312685,158,0.8734177215189873,14.072858373816402,2223.5116230629915,-1.2239360803060748,0.049659201557935795,0.16455696202531644
11,POOL,60-120,g_trend_slope_with&g_trend_slope_strong_with,g_lm_last_jump_with_60s,20,1.0,5.574792702613491,111.49585405226983,9,1.0,10.95950908236792,98.63558174131127,16,0.9375,6.168128012913277,98.69004820661243,158,0.8734177215189873,14.072858373816402,2223.5116230629915,-7.904730360903125,0.06408227848101267,0.10126582278481013
11,POOL,60-120,g_trend_slope_with&g_trend_slope_strong_with,g_lm_extreme_against,49,0.9387755102040817,7.110911966079222,348.4346863378819,29,0.9655172413793104,11.066568975680635,320.9305002947384,158,0.8734177215189873,14.072858373816402,2223.5116230629915,158,0.8734177215189873,14.072858373816402,2223.5116230629915,0.0,0.0,1.0
11,POOL,60-120,g_trend_slope_with&g_trend_slope_strong_with,g_hawkes_imbalance_with,45,0.9777777777777777,8.017777407440075,360.79998333480336,25,0.96,10.622485503091593,265.56213757728983,44,0.9090909090909091,9.258574396293719,407.37727343692364,158,0.8734177215189873,14.072858373816402,2223.5116230629915,-4.814283977522683,0.03567318757192173,0.27848101265822783
11,POOL,60-120,g_trend_slope_with&g_trend_slope_strong_with,g_hawkes_imbalance_strong_with,29,1.0,7.610398047337591,220.70154337279013,13,1.0,10.099904002788444,131.29875203624977,32,0.90625,8.475726653638375,271.223252916428,158,0.8734177215189873,14.072858373816402,2223.5116230629915,-5.597131720178027,0.03283227848101267,0.20253164556962025
11,POOL,60-120,g_trend_slope_with&g_trend_slope_strong_with,g_hawkes_burst,32,0.9375,5.57502367547644,178.40075761524608,15,0.9333333333333333,9.151853376967138,137.27780065450708,13,0.8461538461538461,1.138377492462541,14.798907402013032,158,0.8734177215189873,14.072858373816402,2223.5116230629915,-12.934480881353862,-0.027263875365141188,0.08227848101265822
12,POOL,60-120,g_trend_slope_strong_with,g_mp_no_extreme,49,0.9387755102040817,7.110911966079222,348.4346863378819,29,0.9655172413793104,11.066568975680635,320.9305002947384,128,0.859375,12.842546927614109,1643.846006734606,158,0.8734177215189873,14.072858373816402,2223.5116230629915,-1.2303114462022933,-0.014042721518987333,0.810126582278481
12,POOL,60-120,g_trend_slope_strong_with,g_mp_very_no_extreme,37,0.918918918918919,7.83598365432484,289.9313952100191,26,0.9615384615384616,11.540198936089512,300.0451723383273,118,0.8559322033898306,13.272314792821431,1566.133145552929,158,0.8734177215189873,14.072858373816402,2223.5116230629915,-0.8005435809949706,-0.017485518129156774,0.7468354430379747
12,POOL,60-120,g_trend_slope_strong_with,g_mp_with,25,0.92,6.778264407138917,169.45661017847294,18,1.0,12.82781020783752,230.90058374107534,73,0.8767123287671232,12.124268724654527,885.0716168997805,158,0.8734177215189873,14.072858373816402,2223.5116230629915,-1.9485896491618746,0.0032946072481359057,0.4620253164556962
12,POOL,60-120,g_trend_slope_strong_with,g_mp_strong_with,12,1.0,6.8130818437481055,81.75698212497727,4,1.0,7.92708109610597,31.70832438442388,12,0.9166666666666666,5.66195039079309,67.94340468951708,158,0.8734177215189873,14.072858373816402,2223.5116230629915,-8.41090798302331,0.043248945147679296,0.0759493670886076
12,POOL,60-120,g_trend_slope_strong_with,g_mp_change_with,7,0.8571428571428571,5.883215158950093,41.18250611265065,3,1.0,13.819290098575593,41.45787029572678,5,1.0,20.00214824394005,100.01074121970025,158,0.8734177215189873,14.072858373816402,2223.5116230629915,5.929289870123647,0.12658227848101267,0.03164556962025317
12,POOL,60-120,g_trend_slope_strong_with,g_mp_change_strong_with,5,0.8,1.2473327599250443,6.236663799625221,3,1.0,13.819290098575593,41.45787029572678,5,1.0,20.00214824394005,100.01074121970025,158,0.8734177215189873,14.072858373816402,2223.5116230629915,5.929289870123647,0.12658227848101267,0.03164556962025317
12,POOL,60-120,g_trend_slope_strong_with,g_lm_high_stat,8,1.0,6.099379252957682,48.79503402366146,9,1.0,9.155390880989376,82.39851792890438,16,0.9375,6.620447634726136,105.92716215561818,158,0.8734177215189873,14.072858373816402,2223.5116230629915,-7.452410739090266,0.06408227848101267,0.10126582278481013
12,POOL,60-120,g_trend_slope_strong_with,g_lm_low_stat,22,1.0,9.713550359886677,213.6981079175069,15,0.9333333333333333,12.07673972808442,181.1510959212663,26,0.9230769230769231,12.848922293510327,334.0719796312685,158,0.8734177215189873,14.072858373816402,2223.5116230629915,-1.2239360803060748,0.049659201557935795,0.16455696202531644
12,POOL,60-120,g_trend_slope_strong_with,g_lm_last_jump_with_60s,20,1.0,5.574792702613491,111.49585405226983,9,1.0,10.95950908236792,98.63558174131127,16,0.9375,6.168128012913277,98.69004820661243,158,0.8734177215189873,14.072858373816402,2223.5116230629915,-7.904730360903125,0.06408227848101267,0.10126582278481013
12,POOL,60-120,g_trend_slope_strong_with,g_lm_extreme_against,49,0.9387755102040817,7.110911966079222,348.4346863378819,29,0.9655172413793104,11.066568975680635,320.9305002947384,158,0.8734177215189873,14.072858373816402,2223.5116230629915,158,0.8734177215189873,14.072858373816402,2223.5116230629915,0.0,0.0,1.0
12,POOL,60-120,g_trend_slope_strong_with,g_hawkes_imbalance_with,45,0.9777777777777777,8.017777407440075,360.79998333480336,25,0.96,10.622485503091593,265.56213757728983,44,0.9090909090909091,9.258574396293719,407.37727343692364,158,0.8734177215189873,14.072858373816402,2223.5116230629915,-4.814283977522683,0.03567318757192173,0.27848101265822783
12,POOL,60-120,g_trend_slope_strong_with,g_hawkes_imbalance_strong_with,29,1.0,7.610398047337591,220.70154337279013,13,1.0,10.099904002788444,131.29875203624977,32,0.90625,8.475726653638375,271.223252916428,158,0.8734177215189873,14.072858373816402,2223.5116230629915,-5.597131720178027,0.03283227848101267,0.20253164556962025
12,POOL,60-120,g_trend_slope_strong_with,g_hawkes_burst,32,0.9375,5.57502367547644,178.40075761524608,15,0.9333333333333333,9.151853376967138,137.27780065450708,13,0.8461538461538461,1.138377492462541,14.798907402013032,158,0.8734177215189873,14.072858373816402,2223.5116230629915,-12.934480881353862,-0.027263875365141188,0.08227848101265822
13,POOL,120-240,g_tr_stack_full_with&g_trend_slope_with&g_vwap_ge_30,g_mp_no_extreme,249,0.8995983935742972,5.949669209031843,1481.4676330489287,140,0.8714285714285714,5.6458983826416524,790.4257735698313,146,0.8082191780821918,10.600089259928872,1547.6130319496153,192,0.8125,11.35763538686111,2180.665994277333,-0.7575461269322386,-0.0042808219178082085,0.7604166666666666
13,POOL,120-240,g_tr_stack_full_with&g_trend_slope_with&g_vwap_ge_30,g_mp_very_no_extreme,185,0.8864864864864865,6.342410976473855,1173.3460306476632,96,0.84375,6.499710591173752,623.9722167526802,134,0.7985074626865671,11.097710135057289,1487.0931580976767,192,0.8125,11.35763538686111,2180.665994277333,-0.2599252518038213,-0.013992537313432862,0.6979166666666666
13,POOL,120-240,g_tr_stack_full_with&g_trend_slope_with&g_vwap_ge_30,g_mp_with,136,0.8823529411764706,5.368175330065733,730.0718448889397,82,0.8658536585365854,5.286947772116874,433.52971731358366,81,0.8518518518518519,13.20924059284756,1069.9484880206523,192,0.8125,11.35763538686111,2180.665994277333,1.8516052059864503,0.03935185185185186,0.421875
13,POOL,120-240,g_tr_stack_full_with&g_trend_slope_with&g_vwap_ge_30,g_mp_strong_with,61,0.9016393442622951,4.216446371585819,257.20322866673496,42,0.9047619047619048,3.4688358882901724,145.69110730818724,21,0.8571428571428571,8.075516670042118,169.58585007088448,192,0.8125,11.35763538686111,2180.665994277333,-3.2821187168189923,0.044642857142857095,0.109375
13,POOL,120-240,g_tr_stack_full_with&g_trend_slope_with&g_vwap_ge_30,g_mp_change_with,18,1.0,7.388484221984401,132.9927159957192,16,0.8125,3.4673853306814184,55.478165290902695,2,1.0,18.067490453138248,36.134980906276496,192,0.8125,11.35763538686111,2180.665994277333,6.709855066277138,0.1875,0.010416666666666666
13,POOL,120-240,g_tr_stack_full_with&g_trend_slope_with&g_vwap_ge_30,g_mp_change_strong_with,18,1.0,7.388484221984401,132.9927159957192,14,0.8571428571428571,5.390006600586338,75.46009240820872,1,1.0,14.408563316562507,14.408563316562507,192,0.8125,11.35763538686111,2180.665994277333,3.0509279297013965,0.1875,0.005208333333333333
13,POOL,120-240,g_tr_stack_full_with&g_trend_slope_with&g_vwap_ge_30,g_lm_high_stat,48,0.9375,5.461820187180556,262.16736898466667,26,0.9230769230769231,4.910119298241685,127.6631017542838,1,1.0,10.208332927690634,10.208332927690634,192,0.8125,11.35763538686111,2180.665994277333,-1.1493024591704764,0.1875,0.005208333333333333
13,POOL,120-240,g_tr_stack_full_with&g_trend_slope_with&g_vwap_ge_30,g_lm_low_stat,151,0.8874172185430463,6.2151217780807775,938.4833884901974,86,0.8372093023255814,4.5799827210938195,393.8785140140685,37,0.8378378378378378,8.817666475625838,326.253659598156,192,0.8125,11.35763538686111,2180.665994277333,-2.539968911235272,0.02533783783783783,0.19270833333333334
13,POOL,120-240,g_tr_stack_full_with&g_trend_slope_with&g_vwap_ge_30,g_lm_last_jump_with_60s,47,0.9787234042553191,6.128476631399158,288.03840167576044,23,1.0,5.751947319350136,132.29478834505312,2,1.0,6.318828464573167,12.637656929146335,192,0.8125,11.35763538686111,2180.665994277333,-5.038806922287943,0.1875,0.010416666666666666
13,POOL,120-240,g_tr_stack_full_with&g_trend_slope_with&g_vwap_ge_30,g_lm_extreme_against,253,0.9011857707509882,5.877515480525101,1487.0114165728505,142,0.8732394366197183,5.580756629418086,792.4674413773681,192,0.8125,11.35763538686111,2180.665994277333,192,0.8125,11.35763538686111,2180.665994277333,0.0,0.0,1.0
13,POOL,120-240,g_tr_stack_full_with&g_trend_slope_with&g_vwap_ge_30,g_hawkes_imbalance_with,225,0.9111111111111111,5.548511398999397,1248.4150647748643,122,0.860655737704918,4.86033736621901,592.9611586787192,28,0.9285714285714286,8.039307368940808,225.1006063303426,192,0.8125,11.35763538686111,2180.665994277333,-3.3183280179203027,0.1160714285714286,0.14583333333333334
13,POOL,120-240,g_tr_stack_full_with&g_trend_slope_with&g_vwap_ge_30,g_hawkes_imbalance_strong_with,161,0.9130434782608695,4.892723395329355,787.7284666480261,78,0.8589743589743589,4.133188625167928,322.38871276309834,11,1.0,11.194564440037238,123.14020884040961,192,0.8125,11.35763538686111,2180.665994277333,-0.16307094682387202,0.1875,0.057291666666666664
13,POOL,120-240,g_tr_stack_full_with&g_trend_slope_with&g_vwap_ge_30,g_hawkes_burst,77,0.961038961038961,5.280236257708136,406.5781918435265,52,0.9230769230769231,4.771581813042452,248.12225427820752,14,0.9285714285714286,10.633647589602017,148.87106625442823,192,0.8125,11.35763538686111,2180.665994277333,-0.7239877972590936,0.1160714285714286,0.07291666666666667
14,POOL,360-480,g_trend_slope_with,g_mp_no_extreme,626,0.8785942492012779,2.2656111256446456,1418.2725646535482,297,0.9326599326599326,4.46038390158449,1324.7340187705936,363,0.7134986225895317,3.7352552722388137,1355.8976638226893,495,0.7292929292929293,4.3437170085771415,2150.139919245685,-0.6084617363383278,-0.015794306703397654,0.7333333333333333
14,POOL,360-480,g_trend_slope_with,g_mp_very_no_extreme,382,0.8534031413612565,2.8390933669711926,1084.5336661829956,187,0.93048128342246,5.5357165273947935,1035.1789906228264,289,0.6885813148788927,3.4946774657170177,1009.9617875922181,495,0.7292929292929293,4.3437170085771415,2150.139919245685,-0.8490395428601238,-0.04071161441403659,0.5838383838383838
14,POOL,360-480,g_trend_slope_with,g_mp_with,368,0.8940217391304348,2.6202655410803666,964.2577191175749,198,0.9191919191919192,3.5512741589900014,703.1522834800203,194,0.7371134020618557,3.5043087299979194,679.8358936195964,495,0.7292929292929293,4.3437170085771415,2150.139919245685,-0.8394082785792221,0.00782047276892639,0.39191919191919194
14,POOL,360-480,g_trend_slope_with,g_mp_strong_with,200,0.96,2.952993914411474,590.5987828822948,107,0.9345794392523364,2.032271649951221,217.45306654478063,74,0.8108108108108109,1.6964973173018574,125.54080148033745,495,0.7292929292929293,4.3437170085771415,2150.139919245685,-2.647219691275284,0.08151788151788153,0.1494949494949495
14,POOL,360-480,g_trend_slope_with,g_mp_change_with,41,0.8048780487804879,-1.2267369527572864,-50.29621506304875,18,0.9444444444444444,4.998778174438147,89.97800713988666,23,0.6956521739130435,12.812661124417602,294.69120586160483,495,0.7292929292929293,4.3437170085771415,2150.139919245685,8.468944115840461,-0.03364075537988587,0.046464646464646465
14,POOL,360-480,g_trend_slope_with,g_mp_change_strong_with,39,0.7948717948717948,-1.50428563179829,-58.66713964013331,17,0.9411764705882353,4.94018054085744,83.98306919457649,20,0.75,17.008007371590217,340.1601474318043,495,0.7292929292929293,4.3437170085771415,2150.139919245685,12.664290363013077,0.020707070707070674,0.04040404040404041
14,POOL,360-480,g_trend_slope_with,g_lm_high_stat,79,0.8481012658227848,-0.6109894102168798,-48.26816340713351,35,0.8857142857142857,2.482324077706189,86.88134271971661,14,0.7142857142857143,11.174331572959703,156.44064202143585,495,0.7292929292929293,4.3437170085771415,2150.139919245685,6.830614564382562,-0.015007215007215025,0.028282828282828285
14,POOL,360-480,g_trend_slope_with,g_lm_low_stat,519,0.8998073217726397,2.1084841519670405,1094.303274870894,236,0.9364406779661016,3.695714649238195,872.188657220214,118,0.7711864406779662,1.4536824351088862,171.53452734284858,495,0.7292929292929293,4.3437170085771415,2150.139919245685,-2.890034573468255,0.04189351138503683,0.2383838383838384
14,POOL,360-480,g_trend_slope_with,g_lm_last_jump_with_60s,82,0.8536585365853658,-0.7987483512435469,-65.49736480197085,40,0.975,3.010866145837556,120.43464583350223,13,0.7692307692307693,8.185993851792372,106.41792007330082,495,0.7292929292929293,4.3437170085771415,2150.139919245685,3.84227684321523,0.03993783993783995,0.026262626262626262
14,POOL,360-480,g_trend_slope_with,g_lm_extreme_against,736,0.8967391304347826,2.0959715978673814,1542.6350960303928,338,0.9408284023668639,4.051244006173873,1369.3204740867689,495,0.7292929292929293,4.3437170085771415,2150.139919245685,495,0.7292929292929293,4.3437170085771415,2150.139919245685,0.0,0.0,1.0
14,POOL,360-480,g_trend_slope_with,g_hawkes_imbalance_with,581,0.9036144578313253,2.1650808895671387,1257.9119968385075,280,0.9357142857142857,3.2048829214338292,897.3672180014722,91,0.8351648351648352,5.192851164267618,472.5494559483533,495,0.7292929292929293,4.3437170085771415,2150.139919245685,0.8491341556904768,0.10587190587190587,0.18383838383838383
14,POOL,360-480,g_trend_slope_with,g_hawkes_imbalance_strong_with,356,0.9157303370786517,2.304471029137772,820.3916863730469,166,0.9518072289156626,3.6686600625410963,608.997570381822,38,0.8947368421052632,5.065296441728426,192.4812647856802,495,0.7292929292929293,4.3437170085771415,2150.139919245685,0.7215794331512848,0.16544391281233384,0.07676767676767676
14,POOL,360-480,g_trend_slope_with,g_hawkes_burst,177,0.9265536723163842,1.1779934543544448,208.50484142073674,85,0.9529411764705882,1.9775130838920458,168.0886121308239,36,0.75,1.555736865922211,56.0065271731996,495,0.7292929292929293,4.3437170085771415,2150.139919245685,-2.7879801426549307,0.020707070707070674,0.07272727272727272
15,POOL,60-120,g_tr_stack_with&g_tr_stack_full_with&g_trend_slope_with,g_mp_no_extreme,113,0.8672566371681416,6.334590768849171,715.8087568799564,86,0.8604651162790697,7.18411028965839,617.8334849106216,175,0.7485714285714286,8.390478689141272,1468.3337705997226,223,0.7533632286995515,9.493894457828,2117.138464095644,-1.1034157686867285,-0.004791800128122969,0.7847533632286996
15,POOL,60-120,g_tr_stack_with&g_tr_stack_full_with&g_trend_slope_with,g_mp_very_no_extreme,96,0.84375,6.554415784926669,629.2239153529603,72,0.875,8.29901812719128,597.5293051577721,165,0.7454545454545455,8.799849022876451,1451.9750887746143,223,0.7533632286995515,9.493894457828,2117.138464095644,-0.6940454349515495,-0.007908683245006043,0.7399103139013453
15,POOL,60-120,g_tr_stack_with&g_tr_stack_full_with&g_trend_slope_with,g_mp_with,65,0.8615384615384616,5.715301323370658,371.4945860190928,50,0.86,7.381525640416413,369.07628202082066,104,0.7692307692307693,8.65767771455103,900.3984823133071,223,0.7533632286995515,9.493894457828,2117.138464095644,-0.8362167432769709,0.01586754053121775,0.4663677130044843
15,POOL,60-120,g_tr_stack_with&g_tr_stack_full_with&g_trend_slope_with,g_mp_strong_with,21,1.0,7.076363346642728,148.60363027949728,11,0.7272727272727273,-0.2150432779006983,-2.3654760569076814,15,0.8,2.74515984094764,41.1773976142146,223,0.7533632286995515,9.493894457828,2117.138464095644,-6.748734616880361,0.04663677130044852,0.06726457399103139
15,POOL,60-120,g_tr_stack_with&g_tr_stack_full_with&g_trend_slope_with,g_mp_change_with,12,0.8333333333333334,5.377223853941836,64.52668624730204,6,1.0,13.909375739062646,83.45625443437588,7,0.8571428571428571,15.692686889748535,109.84880822823975,223,0.7533632286995515,9.493894457828,2117.138464095644,6.198792431920534,0.10377962844330557,0.03139013452914798
15,POOL,60-120,g_tr_stack_with&g_tr_stack_full_with&g_trend_slope_with,g_mp_change_strong_with,9,0.7777777777777778,2.280274020109452,20.522466180985067,4,1.0,12.004436318113253,48.01774527245301,7,0.8571428571428571,15.692686889748535,109.84880822823975,223,0.7533632286995515,9.493894457828,2117.138464095644,6.198792431920534,0.10377962844330557,0.03139013452914798
15,POOL,60-120,g_tr_stack_with&g_tr_stack_full_with&g_trend_slope_with,g_lm_high_stat,20,0.9,4.271999468125612,85.43998936251225,20,1.0,10.172616744095226,203.45233488190453,15,0.8,1.361897346746525,20.428460201197876,223,0.7533632286995515,9.493894457828,2117.138464095644,-8.131997111081475,0.04663677130044852,0.06726457399103139
15,POOL,60-120,g_tr_stack_with&g_tr_stack_full_with&g_trend_slope_with,g_lm_low_stat,62,0.9193548387096774,9.048676246794338,561.017927301249,50,0.8,5.920882367297124,296.0441183648562,34,0.8529411764705882,10.625892458346701,361.28034358378784,223,0.7533632286995515,9.493894457828,2117.138464095644,1.131998000518701,0.09957794777103668,0.15246636771300448
15,POOL,60-120,g_tr_stack_with&g_tr_stack_full_with&g_trend_slope_with,g_lm_last_jump_with_60s,27,1.0,5.482413494042821,148.02516433915616,18,0.9444444444444444,7.593441075524814,136.68193935944666,18,0.8888888888888888,4.461097171180436,80.29974908124784,223,0.7533632286995515,9.493894457828,2117.138464095644,-5.032797286647565,0.13552566018933732,0.08071748878923767
15,POOL,60-120,g_tr_stack_with&g_tr_stack_full_with&g_trend_slope_with,g_lm_extreme_against,114,0.868421052631579,6.290335358664755,717.098230887782,87,0.8620689655172413,7.11326803234931,618.8543188143899,223,0.7533632286995515,9.493894457828,2117.138464095644,223,0.7533632286995515,9.493894457828,2117.138464095644,0.0,0.0,1.0
15,POOL,60-120,g_tr_stack_with&g_tr_stack_full_with&g_trend_slope_with,g_hawkes_imbalance_with,94,0.9148936170212766,7.213796866473442,678.0969054485035,71,0.8732394366197183,6.918562465052254,491.21793501871,41,0.8292682926829268,5.4134749395359805,221.9524725209752,223,0.7533632286995515,9.493894457828,2117.138464095644,-4.08041951829202,0.07590506398337526,0.18385650224215247
15,POOL,60-120,g_tr_stack_with&g_tr_stack_full_with&g_trend_slope_with,g_hawkes_imbalance_strong_with,63,0.9523809523809523,7.403154119635404,466.3987095370304,42,0.8571428571428571,5.011265038758409,210.47313162785318,27,0.8518518518518519,5.872652303544582,158.5616121957037,223,0.7533632286995515,9.493894457828,2117.138464095644,-3.6212421542834186,0.09848862315230034,0.1210762331838565
15,POOL,60-120,g_tr_stack_with&g_tr_stack_full_with&g_trend_slope_with,g_hawkes_burst,38,0.9210526315789473,5.9486617193423,226.04914533500738,33,0.8787878787878788,6.286744212362537,207.46255900796373,14,0.8571428571428571,1.240009120956339,17.360127693388748,223,0.7533632286995515,9.493894457828,2117.138464095644,-8.253885336871662,0.10377962844330557,0.06278026905829596
16,POOL,60-120,g_tr_stack_full_with&g_trend_slope_with,g_mp_no_extreme,113,0.8672566371681416,6.334590768849171,715.8087568799564,86,0.8604651162790697,7.18411028965839,617.8334849106216,175,0.7485714285714286,8.390478689141272,1468.3337705997226,223,0.7533632286995515,9.493894457828,2117.138464095644,-1.1034157686867285,-0.004791800128122969,0.7847533632286996
16,POOL,60-120,g_tr_stack_full_with&g_trend_slope_with,g_mp_very_no_extreme,96,0.84375,6.554415784926669,629.2239153529603,72,0.875,8.29901812719128,597.5293051577721,165,0.7454545454545455,8.799849022876451,1451.9750887746143,223,0.7533632286995515,9.493894457828,2117.138464095644,-0.6940454349515495,-0.007908683245006043,0.7399103139013453
16,POOL,60-120,g_tr_stack_full_with&g_trend_slope_with,g_mp_with,65,0.8615384615384616,5.715301323370658,371.4945860190928,50,0.86,7.381525640416413,369.07628202082066,104,0.7692307692307693,8.65767771455103,900.3984823133071,223,0.7533632286995515,9.493894457828,2117.138464095644,-0.8362167432769709,0.01586754053121775,0.4663677130044843
16,POOL,60-120,g_tr_stack_full_with&g_trend_slope_with,g_mp_strong_with,21,1.0,7.076363346642728,148.60363027949728,11,0.7272727272727273,-0.2150432779006983,-2.3654760569076814,15,0.8,2.74515984094764,41.1773976142146,223,0.7533632286995515,9.493894457828,2117.138464095644,-6.748734616880361,0.04663677130044852,0.06726457399103139
16,POOL,60-120,g_tr_stack_full_with&g_trend_slope_with,g_mp_change_with,12,0.8333333333333334,5.377223853941836,64.52668624730204,6,1.0,13.909375739062646,83.45625443437588,7,0.8571428571428571,15.692686889748535,109.84880822823975,223,0.7533632286995515,9.493894457828,2117.138464095644,6.198792431920534,0.10377962844330557,0.03139013452914798
16,POOL,60-120,g_tr_stack_full_with&g_trend_slope_with,g_mp_change_strong_with,9,0.7777777777777778,2.280274020109452,20.522466180985067,4,1.0,12.004436318113253,48.01774527245301,7,0.8571428571428571,15.692686889748535,109.84880822823975,223,0.7533632286995515,9.493894457828,2117.138464095644,6.198792431920534,0.10377962844330557,0.03139013452914798
16,POOL,60-120,g_tr_stack_full_with&g_trend_slope_with,g_lm_high_stat,20,0.9,4.271999468125612,85.43998936251225,20,1.0,10.172616744095226,203.45233488190453,15,0.8,1.361897346746525,20.428460201197876,223,0.7533632286995515,9.493894457828,2117.138464095644,-8.131997111081475,0.04663677130044852,0.06726457399103139
16,POOL,60-120,g_tr_stack_full_with&g_trend_slope_with,g_lm_low_stat,62,0.9193548387096774,9.048676246794338,561.017927301249,50,0.8,5.920882367297124,296.0441183648562,34,0.8529411764705882,10.625892458346701,361.28034358378784,223,0.7533632286995515,9.493894457828,2117.138464095644,1.131998000518701,0.09957794777103668,0.15246636771300448
16,POOL,60-120,g_tr_stack_full_with&g_trend_slope_with,g_lm_last_jump_with_60s,27,1.0,5.482413494042821,148.02516433915616,18,0.9444444444444444,7.593441075524814,136.68193935944666,18,0.8888888888888888,4.461097171180436,80.29974908124784,223,0.7533632286995515,9.493894457828,2117.138464095644,-5.032797286647565,0.13552566018933732,0.08071748878923767
16,POOL,60-120,g_tr_stack_full_with&g_trend_slope_with,g_lm_extreme_against,114,0.868421052631579,6.290335358664755,717.098230887782,87,0.8620689655172413,7.11326803234931,618.8543188143899,223,0.7533632286995515,9.493894457828,2117.138464095644,223,0.7533632286995515,9.493894457828,2117.138464095644,0.0,0.0,1.0
16,POOL,60-120,g_tr_stack_full_with&g_trend_slope_with,g_hawkes_imbalance_with,94,0.9148936170212766,7.213796866473442,678.0969054485035,71,0.8732394366197183,6.918562465052254,491.21793501871,41,0.8292682926829268,5.4134749395359805,221.9524725209752,223,0.7533632286995515,9.493894457828,2117.138464095644,-4.08041951829202,0.07590506398337526,0.18385650224215247
16,POOL,60-120,g_tr_stack_full_with&g_trend_slope_with,g_hawkes_imbalance_strong_with,63,0.9523809523809523,7.403154119635404,466.3987095370304,42,0.8571428571428571,5.011265038758409,210.47313162785318,27,0.8518518518518519,5.872652303544582,158.5616121957037,223,0.7533632286995515,9.493894457828,2117.138464095644,-3.6212421542834186,0.09848862315230034,0.1210762331838565
16,POOL,60-120,g_tr_stack_full_with&g_trend_slope_with,g_hawkes_burst,38,0.9210526315789473,5.9486617193423,226.04914533500738,33,0.8787878787878788,6.286744212362537,207.46255900796373,14,0.8571428571428571,1.240009120956339,17.360127693388748,223,0.7533632286995515,9.493894457828,2117.138464095644,-8.253885336871662,0.10377962844330557,0.06278026905829596
17,POOL,480-600,g_trend_slope_with,g_mp_no_extreme,622,0.9003215434083601,3.379272954889455,2101.907777941241,268,0.8955223880597015,2.700779524809143,723.8089126488503,324,0.7314814814814815,4.1622127412966226,1348.5569281801056,464,0.7564655172413793,4.444747887578377,2062.3630198363667,-0.282535146281754,-0.024984035759897827,0.6982758620689655
17,POOL,480-600,g_trend_slope_with,g_mp_very_no_extreme,344,0.8691860465116279,4.643831104430252,1597.4778999240066,156,0.8589743589743589,2.9799439771895075,464.87126044156315,242,0.6818181818181818,4.068775433768073,984.6436549718735,464,0.7564655172413793,4.444747887578377,2062.3630198363667,-0.375972453810304,-0.07464733542319757,0.521551724137931
17,POOL,480-600,g_trend_slope_with,g_mp_with,407,0.918918918918919,3.103303106861549,1263.0443644926504,193,0.9378238341968912,3.253102012096632,627.84868833465,176,0.8181818181818182,4.865560881543883,856.3387151517234,464,0.7564655172413793,4.444747887578377,2062.3630198363667,0.4208129939655061,0.061716300940438895,0.3793103448275862
17,POOL,480-600,g_trend_slope_with,g_mp_strong_with,260,0.95,2.2306017865974614,579.95646451534,124,0.9596774193548387,2.5671973878176497,318.3324760893886,89,0.8539325842696629,1.909112307918088,169.91099540470984,464,0.7564655172413793,4.444747887578377,2062.3630198363667,-2.5356355796602887,0.09746706702828356,0.19181034482758622
17,POOL,480-600,g_trend_slope_with,g_mp_change_with,43,0.9069767441860465,3.924306925377531,168.74519779123384,25,0.84,-1.7274323439504482,-43.185808598761206,25,0.88,13.646920950558915,341.1730237639729,464,0.7564655172413793,4.444747887578377,2062.3630198363667,9.202173062980538,0.12353448275862067,0.05387931034482758
17,POOL,480-600,g_trend_slope_with,g_mp_change_strong_with,38,0.9210526315789473,4.5732347501891555,173.7829205071879,23,0.8695652173913043,-0.8407703209571386,-19.337717382014187,23,0.8695652173913043,13.930868762800579,320.4099815444133,464,0.7564655172413793,4.444747887578377,2062.3630198363667,9.486120875222202,0.11309970014992499,0.04956896551724138
17,POOL,480-600,g_trend_slope_with,g_lm_high_stat,96,0.9479166666666666,2.2657276579311882,217.50985516139406,49,0.8979591836734694,0.719958677854646,35.27797521487765,3,0.6666666666666666,-5.4641144619439315,-16.392343385831794,464,0.7564655172413793,4.444747887578377,2062.3630198363667,-9.908862349522309,-0.08979885057471271,0.00646551724137931
17,POOL,480-600,g_trend_slope_with,g_lm_low_stat,623,0.9213483146067416,2.538085285200898,1581.2271326801595,257,0.9221789883268483,2.4108836105111333,619.5970879013613,115,0.8260869565217391,4.464547767478813,513.4229932600635,464,0.7564655172413793,4.444747887578377,2062.3630198363667,0.019799879900436856,0.0696214392803598,0.2478448275862069
17,POOL,480-600,g_trend_slope_with,g_lm_last_jump_with_60s,93,0.9354838709677419,0.8566375707387639,79.66729407870504,32,0.84375,-2.427316237578256,-77.67411960250419,14,0.7142857142857143,2.8680512138804595,40.15271699432643,464,0.7564655172413793,4.444747887578377,2062.3630198363667,-1.576696673697917,-0.042179802955665036,0.03017241379310345
17,POOL,480-600,g_trend_slope_with,g_lm_extreme_against,883,0.9252548131370328,2.4790269426256146,2188.9807903384176,362,0.9226519337016574,2.204589171787753,798.0612801871665,464,0.7564655172413793,4.444747887578377,2062.3630198363667,464,0.7564655172413793,4.444747887578377,2062.3630198363667,0.0,0.0,1.0
17,POOL,480-600,g_trend_slope_with,g_hawkes_imbalance_with,681,0.9368575624082232,3.006662592110683,2047.5372252273753,288,0.9131944444444444,2.0663691125912345,595.1143044262756,83,0.8795180722891566,5.394769940178179,447.76590503478883,464,0.7564655172413793,4.444747887578377,2062.3630198363667,0.9500220525998024,0.12305255504777723,0.1788793103448276
17,POOL,480-600,g_trend_slope_with,g_hawkes_imbalance_strong_with,388,0.9432989690721649,3.069975186488971,1191.1503723577207,168,0.9345238095238095,2.55723909267491,429.61616756938486,47,0.8936170212765957,5.720979355144661,268.8860296917991,464,0.7564655172413793,4.444747887578377,2062.3630198363667,1.2762314675662845,0.13715150403521637,0.10129310344827586
17,POOL,480-600,g_trend_slope_with,g_hawkes_burst,221,0.9592760180995475,0.8312747275990913,183.71171479939918,87,0.9655172413793104,1.8119837134415946,157.64258306941872,16,0.8125,-1.4567868767655936,-23.308590028249498,464,0.7564655172413793,4.444747887578377,2062.3630198363667,-5.90153476434397,0.05603448275862066,0.034482758620689655
18,POOL,240-360,g_trend_slope_strong_with,g_mp_no_extreme,175,0.9942857142857143,6.1139798192571675,1069.9464683700044,86,0.9767441860465116,5.711644438611095,491.20142172055415,134,0.8731343283582089,11.044781855829827,1480.0007686811969,170,0.888235294117647,11.833727102246726,2011.7336073819436,-0.7889452464168993,-0.01510096575943809,0.788235294117647
18,POOL,240-360,g_trend_slope_strong_with,g_mp_very_no_extreme,111,0.990990990990991,7.186897455934501,797.7456176087296,52,0.9807692307692307,7.432020312875598,386.4650562695311,108,0.8425925925925926,10.899921604216221,1177.191533255352,170,0.888235294117647,11.833727102246726,2011.7336073819436,-0.9338054980305053,-0.04564270152505445,0.6352941176470588
18,POOL,240-360,g_trend_slope_strong_with,g_mp_with,107,1.0,6.413237958264296,686.2164615342797,47,1.0,5.251842072680292,246.83657741597372,68,0.8823529411764706,8.065608711602122,548.4613923889443,170,0.888235294117647,11.833727102246726,2011.7336073819436,-3.768118390644604,-0.00588235294117645,0.4
18,POOL,240-360,g_trend_slope_strong_with,g_mp_strong_with,56,1.0,4.9740464197930905,278.54659950841307,26,1.0,3.246945051399979,84.42057133639946,23,1.0,4.955759043254932,113.98245799486342,170,0.888235294117647,11.833727102246726,2011.7336073819436,-6.877968058991795,0.11176470588235299,0.13529411764705881
18,POOL,240-360,g_trend_slope_strong_with,g_mp_change_with,17,1.0,7.264558563121013,123.49749557305722,1,1.0,1.6576595513304746,1.6576595513304746,1,1.0,35.950224277441286,35.950224277441286,170,0.888235294117647,11.833727102246726,2011.7336073819436,24.11649717519456,0.11176470588235299,0.0058823529411764705
18,POOL,240-360,g_trend_slope_strong_with,g_mp_change_strong_with,17,1.0,7.264558563121013,123.49749557305722,1,1.0,1.6576595513304746,1.6576595513304746,1,1.0,35.950224277441286,35.950224277441286,170,0.888235294117647,11.833727102246726,2011.7336073819436,24.11649717519456,0.11176470588235299,0.0058823529411764705
18,POOL,240-360,g_trend_slope_strong_with,g_lm_high_stat,30,1.0,4.879504898601518,146.38514695804554,12,1.0,2.889260651028593,34.671127812343116,2,1.0,3.522875773325679,7.045751546651358,170,0.888235294117647,11.833727102246726,2011.7336073819436,-8.310851328921046,0.11176470588235299,0.011764705882352941
18,POOL,240-360,g_trend_slope_strong_with,g_lm_low_stat,126,1.0,6.50466946013851,819.5883519774522,59,0.9661016949152542,5.1511202980736215,303.91609758634365,46,0.9565217391304348,9.33875974609607,429.58294832041923,170,0.888235294117647,11.833727102246726,2011.7336073819436,-2.4949673561506565,0.0682864450127878,0.27058823529411763
18,POOL,240-360,g_trend_slope_strong_with,g_lm_last_jump_with_60s,38,1.0,3.8082496058644586,144.71348502284943,16,1.0,4.172613090979224,66.76180945566759,7,1.0,6.974451199702028,48.821158397914196,170,0.888235294117647,11.833727102246726,2011.7336073819436,-4.859275902544698,0.11176470588235299,0.041176470588235294
18,POOL,240-360,g_trend_slope_strong_with,g_lm_extreme_against,194,0.9948453608247423,5.620968784479345,1090.467944188993,92,0.9782608695652174,5.37490271720475,494.491049982837,170,0.888235294117647,11.833727102246726,2011.7336073819436,170,0.888235294117647,11.833727102246726,2011.7336073819436,0.0,0.0,1.0
18,POOL,240-360,g_trend_slope_strong_with,g_hawkes_imbalance_with,168,0.9940476190476191,5.548373505503923,932.1267489246591,74,0.9864864864864865,5.612359518985724,415.31460440494357,36,1.0,8.689254644775827,312.8131672119298,170,0.888235294117647,11.833727102246726,2011.7336073819436,-3.144472457470899,0.11176470588235299,0.21176470588235294
18,POOL,240-360,g_trend_slope_strong_with,g_hawkes_imbalance_strong_with,112,0.9910714285714286,5.1570501253219385,577.5896140360571,46,0.9782608695652174,5.787622989385872,266.2306575117501,21,1.0,8.184968644444869,171.88434153334225,170,0.888235294117647,11.833727102246726,2011.7336073819436,-3.6487584578018577,0.11176470588235299,0.12352941176470589
18,POOL,240-360,g_trend_slope_strong_with,g_hawkes_burst,81,0.9876543209876543,3.448382094706557,279.3189496712311,40,0.95,2.784154481682022,111.36617926728087,16,1.0,5.621331359636407,89.94130175418252,170,0.888235294117647,11.833727102246726,2011.7336073819436,-6.212395742610319,0.11176470588235299,0.09411764705882353
19,POOL,240-360,g_trend_slope_with&g_trend_slope_strong_with,g_mp_no_extreme,175,0.9942857142857143,6.1139798192571675,1069.9464683700044,86,0.9767441860465116,5.711644438611095,491.20142172055415,134,0.8731343283582089,11.044781855829827,1480.0007686811969,170,0.888235294117647,11.833727102246726,2011.7336073819436,-0.7889452464168993,-0.01510096575943809,0.788235294117647
19,POOL,240-360,g_trend_slope_with&g_trend_slope_strong_with,g_mp_very_no_extreme,111,0.990990990990991,7.186897455934501,797.7456176087296,52,0.9807692307692307,7.432020312875598,386.4650562695311,108,0.8425925925925926,10.899921604216221,1177.191533255352,170,0.888235294117647,11.833727102246726,2011.7336073819436,-0.9338054980305053,-0.04564270152505445,0.6352941176470588
19,POOL,240-360,g_trend_slope_with&g_trend_slope_strong_with,g_mp_with,107,1.0,6.413237958264296,686.2164615342797,47,1.0,5.251842072680292,246.83657741597372,68,0.8823529411764706,8.065608711602122,548.4613923889443,170,0.888235294117647,11.833727102246726,2011.7336073819436,-3.768118390644604,-0.00588235294117645,0.4
19,POOL,240-360,g_trend_slope_with&g_trend_slope_strong_with,g_mp_strong_with,56,1.0,4.9740464197930905,278.54659950841307,26,1.0,3.246945051399979,84.42057133639946,23,1.0,4.955759043254932,113.98245799486342,170,0.888235294117647,11.833727102246726,2011.7336073819436,-6.877968058991795,0.11176470588235299,0.13529411764705881
19,POOL,240-360,g_trend_slope_with&g_trend_slope_strong_with,g_mp_change_with,17,1.0,7.264558563121013,123.49749557305722,1,1.0,1.6576595513304746,1.6576595513304746,1,1.0,35.950224277441286,35.950224277441286,170,0.888235294117647,11.833727102246726,2011.7336073819436,24.11649717519456,0.11176470588235299,0.0058823529411764705
19,POOL,240-360,g_trend_slope_with&g_trend_slope_strong_with,g_mp_change_strong_with,17,1.0,7.264558563121013,123.49749557305722,1,1.0,1.6576595513304746,1.6576595513304746,1,1.0,35.950224277441286,35.950224277441286,170,0.888235294117647,11.833727102246726,2011.7336073819436,24.11649717519456,0.11176470588235299,0.0058823529411764705
19,POOL,240-360,g_trend_slope_with&g_trend_slope_strong_with,g_lm_high_stat,30,1.0,4.879504898601518,146.38514695804554,12,1.0,2.889260651028593,34.671127812343116,2,1.0,3.522875773325679,7.045751546651358,170,0.888235294117647,11.833727102246726,2011.7336073819436,-8.310851328921046,0.11176470588235299,0.011764705882352941
19,POOL,240-360,g_trend_slope_with&g_trend_slope_strong_with,g_lm_low_stat,126,1.0,6.50466946013851,819.5883519774522,59,0.9661016949152542,5.1511202980736215,303.91609758634365,46,0.9565217391304348,9.33875974609607,429.58294832041923,170,0.888235294117647,11.833727102246726,2011.7336073819436,-2.4949673561506565,0.0682864450127878,0.27058823529411763
19,POOL,240-360,g_trend_slope_with&g_trend_slope_strong_with,g_lm_last_jump_with_60s,38,1.0,3.8082496058644586,144.71348502284943,16,1.0,4.172613090979224,66.76180945566759,7,1.0,6.974451199702028,48.821158397914196,170,0.888235294117647,11.833727102246726,2011.7336073819436,-4.859275902544698,0.11176470588235299,0.041176470588235294
19,POOL,240-360,g_trend_slope_with&g_trend_slope_strong_with,g_lm_extreme_against,194,0.9948453608247423,5.620968784479345,1090.467944188993,92,0.9782608695652174,5.37490271720475,494.491049982837,170,0.888235294117647,11.833727102246726,2011.7336073819436,170,0.888235294117647,11.833727102246726,2011.7336073819436,0.0,0.0,1.0
19,POOL,240-360,g_trend_slope_with&g_trend_slope_strong_with,g_hawkes_imbalance_with,168,0.9940476190476191,5.548373505503923,932.1267489246591,74,0.9864864864864865,5.612359518985724,415.31460440494357,36,1.0,8.689254644775827,312.8131672119298,170,0.888235294117647,11.833727102246726,2011.7336073819436,-3.144472457470899,0.11176470588235299,0.21176470588235294
19,POOL,240-360,g_trend_slope_with&g_trend_slope_strong_with,g_hawkes_imbalance_strong_with,112,0.9910714285714286,5.1570501253219385,577.5896140360571,46,0.9782608695652174,5.787622989385872,266.2306575117501,21,1.0,8.184968644444869,171.88434153334225,170,0.888235294117647,11.833727102246726,2011.7336073819436,-3.6487584578018577,0.11176470588235299,0.12352941176470589
19,POOL,240-360,g_trend_slope_with&g_trend_slope_strong_with,g_hawkes_burst,81,0.9876543209876543,3.448382094706557,279.3189496712311,40,0.95,2.784154481682022,111.36617926728087,16,1.0,5.621331359636407,89.94130175418252,170,0.888235294117647,11.833727102246726,2011.7336073819436,-6.212395742610319,0.11176470588235299,0.09411764705882353
20,SOL,120-240,g_trend_slope_with,g_mp_no_extreme,130,0.8692307692307693,4.880277737114913,634.4361058249386,61,0.8688524590163934,5.88408959398199,358.9294652329014,38,0.9210526315789473,11.247177305114421,427.39273759434803,154,0.7857142857142857,11.321088399400912,1743.4476135077405,-0.07391109428649045,0.13533834586466165,0.24675324675324675
20,SOL,120-240,g_trend_slope_with,g_mp_very_no_extreme,92,0.8586956521739131,5.246900589187595,482.71485420525875,40,0.85,6.95610970453055,278.244388181222,34,0.9411764705882353,12.198366191914593,414.74445052509617,154,0.7857142857142857,11.321088399400912,1743.4476135077405,0.8772777925136808,0.15546218487394958,0.22077922077922077
20,SOL,120-240,g_trend_slope_with,g_mp_with,62,0.8709677419354839,5.48635944517154,340.1542856006355,28,0.8571428571428571,5.931084188569369,166.07035727994233,20,0.95,13.540583962478431,270.8116792495686,154,0.7857142857142857,11.321088399400912,1743.4476135077405,2.219495563077519,0.16428571428571426,0.12987012987012986
20,SOL,120-240,g_trend_slope_with,g_mp_strong_with,27,0.8148148148148148,2.7493814554663283,74.23329929759086,13,0.8461538461538461,2.7749150243743506,36.073895316866555,2,1.0,9.65317833659512,19.30635667319024,154,0.7857142857142857,11.321088399400912,1743.4476135077405,-1.6679100628057917,0.2142857142857143,0.012987012987012988
20,SOL,120-240,g_trend_slope_with,g_mp_change_with,10,0.9,3.8606226120142026,38.606226120142026,4,0.75,0.9047442896643458,3.6189771586573833,2,1.0,23.306471362523826,46.61294272504765,154,0.7857142857142857,11.321088399400912,1743.4476135077405,11.985382963122914,0.2142857142857143,0.012987012987012988
20,SOL,120-240,g_trend_slope_with,g_mp_change_strong_with,10,0.9,3.8606226120142026,38.606226120142026,4,0.75,0.9047442896643458,3.6189771586573833,1,1.0,15.673992625288856,15.673992625288856,154,0.7857142857142857,11.321088399400912,1743.4476135077405,4.352904225887944,0.2142857142857143,0.006493506493506494
20,SOL,120-240,g_trend_slope_with,g_lm_high_stat,19,0.9473684210526315,5.812484101781503,110.43719793384855,7,0.7142857142857143,-1.375978764695145,-9.631851352866015,5,1.0,15.980895431768676,79.90447715884338,154,0.7857142857142857,11.321088399400912,1743.4476135077405,4.659807032367764,0.2142857142857143,0.032467532467532464
20,SOL,120-240,g_trend_slope_with,g_lm_low_stat,82,0.8536585365853658,5.029185821827129,412.39323738982455,41,0.8780487804878049,5.635624738798463,231.060614290737,28,0.9285714285714286,10.846969143781717,303.71513602588806,154,0.7857142857142857,11.321088399400912,1743.4476135077405,-0.4741192556191951,0.1428571428571429,0.18181818181818182
20,SOL,120-240,g_trend_slope_with,g_lm_last_jump_with_60s,10,1.0,5.802895461670948,58.02895461670948,8,1.0,2.541228934883953,20.329831479071625,3,0.6666666666666666,3.093286447175583,9.27985934152675,154,0.7857142857142857,11.321088399400912,1743.4476135077405,-8.22780195222533,-0.11904761904761907,0.01948051948051948
20,SOL,120-240,g_trend_slope_with,g_lm_extreme_against,132,0.8712121212121212,4.8219692059978145,636.4999351917115,63,0.873015873015873,5.7297005244514,360.9711330404382,154,0.7857142857142857,11.321088399400912,1743.4476135077405,154,0.7857142857142857,11.321088399400912,1743.4476135077405,0.0,0.0,1.0
20,SOL,120-240,g_trend_slope_with,g_hawkes_imbalance_with,116,0.896551724137931,5.597167012506685,649.2713734507755,52,0.8653846153846154,5.148310238424644,267.7121323980815,29,0.9655172413793104,11.094070086415595,321.7280325060523,154,0.7857142857142857,11.321088399400912,1743.4476135077405,-0.22701831298531694,0.1798029556650247,0.18831168831168832
20,SOL,120-240,g_trend_slope_with,g_hawkes_imbalance_strong_with,73,0.9178082191780822,4.914447165032116,358.7546430473445,28,0.8214285714285714,3.048906672660273,85.36938683448764,13,1.0,9.14570489743917,118.8941636667092,154,0.7857142857142857,11.321088399400912,1743.4476135077405,-2.1753835019617416,0.2142857142857143,0.08441558441558442
20,SOL,120-240,g_trend_slope_with,g_hawkes_burst,32,0.90625,3.0893746495407437,98.8599887853038,16,0.9375,2.787199847851053,44.59519756561685,11,0.9090909090909091,9.942300210107504,109.36530231118255,154,0.7857142857142857,11.321088399400912,1743.4476135077405,-1.3787881892934077,0.12337662337662336,0.07142857142857142
21,POOL,120-240,g_trend_slope_with&g_vwap_ge_50_le_85,g_mp_no_extreme,245,0.8734693877551021,5.595023242455533,1370.7806944016056,126,0.8809523809523809,7.067327356567056,890.483246927449,215,0.7906976744186046,5.48478665702602,1179.2291312605944,279,0.7956989247311828,6.099585526502898,1701.7843618943086,-0.6147988694768785,-0.005001250312578143,0.7706093189964157
21,POOL,120-240,g_trend_slope_with&g_vwap_ge_50_le_85,g_mp_very_no_extreme,190,0.8631578947368421,5.896587964409788,1120.3517132378597,96,0.8645833333333334,7.41271912056056,711.6210355738137,203,0.7783251231527094,5.105158349116012,1036.3471448705504,279,0.7956989247311828,6.099585526502898,1701.7843618943086,-0.9944271773868865,-0.017373801578473347,0.7275985663082437
21,POOL,120-240,g_trend_slope_with&g_vwap_ge_50_le_85,g_mp_with,129,0.875968992248062,5.559313569486373,717.1514504637421,74,0.8783783783783784,6.873673821670037,508.65186280358273,125,0.784,5.467201112152179,683.4001390190224,279,0.7956989247311828,6.099585526502898,1701.7843618943086,-0.6323844143507191,-0.011698924731182725,0.44802867383512546
21,POOL,120-240,g_trend_slope_with&g_vwap_ge_50_le_85,g_mp_strong_with,53,0.9056603773584906,4.752014861648797,251.85678766738621,29,0.896551724137931,5.02887606945493,145.83740601419296,33,0.8787878787878788,7.027782465399239,231.9168213581749,279,0.7956989247311828,6.099585526502898,1701.7843618943086,0.9281969388963409,0.08308895405669603,0.11827956989247312
21,POOL,120-240,g_trend_slope_with&g_vwap_ge_50_le_85,g_mp_change_with,19,0.8947368421052632,4.852866041514358,92.20445478877281,17,0.8235294117647058,5.0071699230738425,85.12188869225533,11,0.9090909090909091,9.320466423161617,102.52513065477778,279,0.7956989247311828,6.099585526502898,1701.7843618943086,3.220880896658719,0.1133919843597263,0.03942652329749104
21,POOL,120-240,g_trend_slope_with&g_vwap_ge_50_le_85,g_mp_change_strong_with,19,0.8947368421052632,4.852866041514358,92.20445478877281,15,0.8666666666666667,7.006921053970757,105.10381580956135,9,0.8888888888888888,8.164503384302373,73.48053045872136,279,0.7956989247311828,6.099585526502898,1701.7843618943086,2.0649178577994745,0.09318996415770608,0.03225806451612903
21,POOL,120-240,g_trend_slope_with&g_vwap_ge_50_le_85,g_lm_high_stat,36,0.9166666666666666,6.595014752667358,237.4205310960249,18,0.8888888888888888,6.494499815387493,116.90099667697487,13,0.6153846153846154,-1.4521091957273053,-18.87741954445497,279,0.7956989247311828,6.099585526502898,1701.7843618943086,-7.551694722230204,-0.18031430934656734,0.04659498207885305
21,POOL,120-240,g_trend_slope_with&g_vwap_ge_50_le_85,g_lm_low_stat,157,0.8726114649681529,5.948924697826315,933.9811775587314,83,0.8674698795180723,6.733997203954926,558.9217679282589,72,0.875,8.159355209751233,587.4735751020887,279,0.7956989247311828,6.099585526502898,1701.7843618943086,2.0597696832483345,0.07930107526881724,0.25806451612903225
21,POOL,120-240,g_trend_slope_with&g_vwap_ge_50_le_85,g_lm_last_jump_with_60s,30,0.9666666666666667,8.234938033025092,247.04814099075276,12,1.0,11.019276574907572,132.23131889889086,9,0.8888888888888888,6.665333573603524,59.98800216243172,279,0.7956989247311828,6.099585526502898,1701.7843618943086,0.5657480471006258,0.09318996415770608,0.03225806451612903
21,POOL,120-240,g_trend_slope_with&g_vwap_ge_50_le_85,g_lm_extreme_against,245,0.8734693877551021,5.595023242455533,1370.7806944016056,126,0.8809523809523809,7.067327356567056,890.483246927449,279,0.7956989247311828,6.099585526502898,1701.7843618943086,279,0.7956989247311828,6.099585526502898,1701.7843618943086,0.0,0.0,1.0
21,POOL,120-240,g_trend_slope_with&g_vwap_ge_50_le_85,g_hawkes_imbalance_with,209,0.8947368421052632,5.869980786580559,1226.8259843953367,112,0.875,6.489235027801486,726.7943231137665,70,0.8571428571428571,7.201500556184625,504.1050389329237,279,0.7956989247311828,6.099585526502898,1701.7843618943086,1.1019150296817264,0.06144393241167434,0.25089605734767023
21,POOL,120-240,g_trend_slope_with&g_vwap_ge_50_le_85,g_hawkes_imbalance_strong_with,142,0.9084507042253521,5.6233109912454315,798.5101607568513,69,0.8695652173913043,5.753541870156528,396.99438904080046,40,0.875,6.488812291576155,259.55249166304617,279,0.7956989247311828,6.099585526502898,1701.7843618943086,0.38922676507325615,0.07930107526881724,0.14336917562724014
21,POOL,120-240,g_trend_slope_with&g_vwap_ge_50_le_85,g_hawkes_burst,54,0.9259259259259259,5.877902464820819,317.40673310032423,32,0.9375,8.672405741695478,277.5169837342553,12,0.6666666666666666,-1.034190896417325,-12.4102907570079,279,0.7956989247311828,6.099585526502898,1701.7843618943086,-7.133776422920223,-0.12903225806451613,0.043010752688172046
22,POOL,480-600,g_tr_stack_with&g_trend_slope_with,g_mp_no_extreme,418,0.9114832535885168,4.188209460193864,1750.6715543610353,179,0.9162011173184358,3.5952477748500016,643.5493516981503,229,0.7379912663755459,4.361605547483756,998.8076703737801,319,0.768025078369906,5.017940228875234,1600.7229330111995,-0.6563346813914777,-0.03003381199436006,0.7178683385579937
22,POOL,480-600,g_tr_stack_with&g_trend_slope_with,g_mp_very_no_extreme,232,0.875,5.674950777116208,1316.5885802909602,105,0.8952380952380953,4.051281325383166,425.3845391652324,170,0.6823529411764706,3.9120609091425087,665.0503545542265,319,0.768025078369906,5.017940228875234,1600.7229330111995,-1.105879319732725,-0.08567213719343536,0.5329153605015674
22,POOL,480-600,g_tr_stack_with&g_trend_slope_with,g_mp_with,288,0.9236111111111112,3.752789787318128,1080.8034587476209,130,0.9461538461538461,4.1127381205872116,534.6559556763375,126,0.8095238095238095,4.85037431937534,611.1471642412928,319,0.768025078369906,5.017940228875234,1600.7229330111995,-0.1675659094998938,0.04149873115390357,0.3949843260188088
22,POOL,480-600,g_tr_stack_with&g_trend_slope_with,g_mp_strong_with,179,0.9608938547486033,2.7210016681028346,487.05929859040737,83,0.9518072289156626,3.032980019588762,251.73734162586723,63,0.8412698412698413,2.2555024677531996,142.0966554684516,319,0.768025078369906,5.017940228875234,1600.7229330111995,-2.762437761122034,0.07324476289993531,0.1974921630094044
22,POOL,480-600,g_tr_stack_with&g_trend_slope_with,g_mp_change_with,36,0.8888888888888888,4.028112436854454,145.01204772676036,20,0.9,0.19035684559882032,3.8071369119764062,18,0.9444444444444444,15.059518676994571,271.0713361859023,319,0.768025078369906,5.017940228875234,1600.7229330111995,10.041578448119338,0.17641936607453845,0.05642633228840126
22,POOL,480-600,g_tr_stack_with&g_trend_slope_with,g_mp_change_strong_with,32,0.90625,4.7653485741821635,152.49115437382923,19,0.8947368421052632,0.13974884888018008,2.6552281287234214,17,0.9411764705882353,15.607318982040313,265.3244226946853,319,0.768025078369906,5.017940228875234,1600.7229330111995,10.589378753165079,0.17315139221832931,0.05329153605015674
22,POOL,480-600,g_tr_stack_with&g_trend_slope_with,g_lm_high_stat,76,0.9342105263157895,2.281085502307549,173.3624981753737,41,0.8780487804878049,0.21006587463124474,8.612700859881034,2,0.5,-8.840908696828786,-17.68181739365757,319,0.768025078369906,5.017940228875234,1600.7229330111995,-13.85884892570402,-0.26802507836990597,0.006269592476489028
22,POOL,480-600,g_tr_stack_with&g_trend_slope_with,g_lm_low_stat,404,0.9306930693069307,3.3517036019120314,1354.0882551724608,163,0.950920245398773,3.5624638555899977,580.6816084611696,75,0.8266666666666667,2.8596334030146657,214.47250522609994,319,0.768025078369906,5.017940228875234,1600.7229330111995,-2.158306825860568,0.058641588296760694,0.23510971786833856
22,POOL,480-600,g_tr_stack_with&g_trend_slope_with,g_lm_last_jump_with_60s,73,0.9315068493150684,0.9155645777282714,66.83621417416381,24,0.7916666666666666,-3.9214549616047307,-94.11491907851354,9,0.6666666666666666,-2.531642751792445,-22.784784766132006,319,0.768025078369906,5.017940228875234,1600.7229330111995,-7.549582980667679,-0.10135841170323934,0.02821316614420063
22,POOL,480-600,g_tr_stack_with&g_trend_slope_with,g_lm_extreme_against,581,0.9311531841652324,3.076913777237352,1787.6869045749015,241,0.9377593360995851,2.8645507887273243,690.3567400832851,319,0.768025078369906,5.017940228875234,1600.7229330111995,319,0.768025078369906,5.017940228875234,1600.7229330111995,0.0,0.0,1.0
22,POOL,480-600,g_tr_stack_with&g_trend_slope_with,g_hawkes_imbalance_with,488,0.9323770491803278,3.2349900872813016,1578.6751625932752,209,0.9330143540669856,2.9467299725330536,615.8665642594082,49,0.8979591836734694,2.9494860810131023,144.52481796964202,319,0.768025078369906,5.017940228875234,1600.7229330111995,-2.0684541478621314,0.12993410530356342,0.1536050156739812
22,POOL,480-600,g_tr_stack_with&g_trend_slope_with,g_hawkes_imbalance_strong_with,303,0.9372937293729373,3.130280208399778,948.4749031451327,137,0.9343065693430657,2.572002869351427,352.36439310114554,28,0.8928571428571429,1.9719127846056907,55.21355796895934,319,0.768025078369906,5.017940228875234,1600.7229330111995,-3.046027444269543,0.12483206448723694,0.0877742946708464
22,POOL,480-600,g_tr_stack_with&g_trend_slope_with,g_hawkes_burst,142,0.9577464788732394,0.9637520454293217,136.85279045096368,61,0.9672131147540983,1.325323254602869,80.84471853077501,13,0.7692307692307693,-2.6061072970940105,-33.879394862222135,319,0.768025078369906,5.017940228875234,1600.7229330111995,-7.624047525969244,0.0012056908608633066,0.04075235109717868
23,POOL,240-360,g_trend_slope_strong_with&g_vwap_le_70,g_mp_no_extreme,31,1.0,14.640753294126165,453.8633521179111,17,0.9411764705882353,11.354004157997373,193.01807068595534,70,0.7571428571428571,16.05217707257018,1123.6523950799126,87,0.7816091954022989,18.376649490118744,1598.7685056403307,-2.324472417548563,-0.024466338259441778,0.8045977011494253
23,POOL,240-360,g_trend_slope_strong_with&g_vwap_le_70,g_mp_very_no_extreme,26,1.0,14.71240134930744,382.5224350819934,15,1.0,13.045850117039766,195.68775175559648,66,0.7424242424242424,13.667919884166981,902.0827123550207,87,0.7816091954022989,18.376649490118744,1598.7685056403307,-4.708729605951763,-0.039184952978056464,0.7586206896551724
23,POOL,240-360,g_trend_slope_strong_with&g_vwap_le_70,g_mp_with,22,1.0,14.939882462026917,328.67741416459216,5,1.0,12.015783871505091,60.07891935752546,28,0.7142857142857143,11.964520702345398,335.00657966567115,87,0.7816091954022989,18.376649490118744,1598.7685056403307,-6.412128787773346,-0.0673234811165846,0.3218390804597701
23,POOL,240-360,g_trend_slope_strong_with&g_vwap_le_70,g_mp_strong_with,6,1.0,14.104465053731486,84.62679032238891,0,,,0.0,2,1.0,13.739674661299706,27.47934932259941,87,0.7816091954022989,18.376649490118744,1598.7685056403307,-4.636974828819039,0.2183908045977011,0.022988505747126436
23,POOL,240-360,g_trend_slope_strong_with&g_vwap_le_70,g_mp_change_with,4,1.0,15.658309340027545,62.63323736011018,0,,,0.0,1,1.0,35.950224277441286,35.950224277441286,87,0.7816091954022989,18.376649490118744,1598.7685056403307,17.573574787322542,0.2183908045977011,0.011494252873563218
23,POOL,240-360,g_trend_slope_strong_with&g_vwap_le_70,g_mp_change_strong_with,4,1.0,15.658309340027545,62.63323736011018,0,,,0.0,1,1.0,35.950224277441286,35.950224277441286,87,0.7816091954022989,18.376649490118744,1598.7685056403307,17.573574787322542,0.2183908045977011,0.011494252873563218
23,POOL,240-360,g_trend_slope_strong_with&g_vwap_le_70,g_lm_high_stat,5,1.0,13.655576052918954,68.27788026459477,0,,,0.0,0,,,0.0,87,0.7816091954022989,18.376649490118744,1598.7685056403307,,,0.0
23,POOL,240-360,g_trend_slope_strong_with&g_vwap_le_70,g_lm_low_stat,25,1.0,14.955830085174105,373.8957521293526,12,0.9166666666666666,9.444462254501289,113.33354705401547,15,0.8666666666666667,17.4724851816164,262.087277724246,87,0.7816091954022989,18.376649490118744,1598.7685056403307,-0.9041643085023452,0.0850574712643678,0.1724137931034483
23,POOL,240-360,g_trend_slope_strong_with&g_vwap_le_70,g_lm_last_jump_with_60s,2,1.0,18.61608513585213,37.23217027170426,1,1.0,12.06716326823824,12.06716326823824,1,1.0,20.870368567513903,20.870368567513903,87,0.7816091954022989,18.376649490118744,1598.7685056403307,2.493719077395159,0.2183908045977011,0.011494252873563218
23,POOL,240-360,g_trend_slope_strong_with&g_vwap_le_70,g_lm_extreme_against,31,1.0,14.640753294126165,453.8633521179111,17,0.9411764705882353,11.354004157997373,193.01807068595534,87,0.7816091954022989,18.376649490118744,1598.7685056403307,87,0.7816091954022989,18.376649490118744,1598.7685056403307,0.0,0.0,1.0
23,POOL,240-360,g_trend_slope_strong_with&g_vwap_le_70,g_hawkes_imbalance_with,25,1.0,14.275148653398423,356.8787163349606,13,1.0,13.27914838339485,172.62892898413304,8,1.0,21.344771114219178,170.75816891375342,87,0.7816091954022989,18.376649490118744,1598.7685056403307,2.9681216241004336,0.2183908045977011,0.09195402298850575
23,POOL,240-360,g_trend_slope_strong_with&g_vwap_le_70,g_hawkes_imbalance_strong_with,12,1.0,14.656497914567192,175.8779749748063,7,1.0,13.311676317577637,93.18173422304346,5,1.0,19.50374235156704,97.5187117578352,87,0.7816091954022989,18.376649490118744,1598.7685056403307,1.127092861448297,0.2183908045977011,0.05747126436781609
23,POOL,240-360,g_trend_slope_strong_with&g_vwap_le_70,g_hawkes_burst,6,1.0,14.146350455286429,84.87810273171857,5,0.8,4.409738823647419,22.048694118237094,1,1.0,18.482456679709625,18.482456679709625,87,0.7816091954022989,18.376649490118744,1598.7685056403307,0.10580718959088031,0.2183908045977011,0.011494252873563218
24,SOL,120-240,g_trend_slope_with&g_vwap_ge_30,g_mp_no_extreme,130,0.8692307692307693,4.880277737114913,634.4361058249386,61,0.8688524590163934,5.88408959398199,358.9294652329014,38,0.9210526315789473,11.247177305114421,427.39273759434803,148,0.7905405405405406,10.053265391452083,1487.8832779349082,1.1939119136623386,0.13051209103840677,0.25675675675675674
24,SOL,120-240,g_trend_slope_with&g_vwap_ge_30,g_mp_very_no_extreme,92,0.8586956521739131,5.246900589187595,482.71485420525875,40,0.85,6.95610970453055,278.244388181222,34,0.9411764705882353,12.198366191914593,414.74445052509617,148,0.7905405405405406,10.053265391452083,1487.8832779349082,2.14510080046251,0.1506359300476947,0.22972972972972974
24,SOL,120-240,g_trend_slope_with&g_vwap_ge_30,g_mp_with,62,0.8709677419354839,5.48635944517154,340.1542856006355,28,0.8571428571428571,5.931084188569369,166.07035727994233,20,0.95,13.540583962478431,270.8116792495686,148,0.7905405405405406,10.053265391452083,1487.8832779349082,3.487318571026348,0.15945945945945939,0.13513513513513514
24,SOL,120-240,g_trend_slope_with&g_vwap_ge_30,g_mp_strong_with,27,0.8148148148148148,2.7493814554663283,74.23329929759086,13,0.8461538461538461,2.7749150243743506,36.073895316866555,2,1.0,9.65317833659512,19.30635667319024,148,0.7905405405405406,10.053265391452083,1487.8832779349082,-0.4000870548569626,0.20945945945945943,0.013513513513513514
24,SOL,120-240,g_trend_slope_with&g_vwap_ge_30,g_mp_change_with,10,0.9,3.8606226120142026,38.606226120142026,4,0.75,0.9047442896643458,3.6189771586573833,2,1.0,23.306471362523826,46.61294272504765,148,0.7905405405405406,10.053265391452083,1487.8832779349082,13.253205971071743,0.20945945945945943,0.013513513513513514
24,SOL,120-240,g_trend_slope_with&g_vwap_ge_30,g_mp_change_strong_with,10,0.9,3.8606226120142026,38.606226120142026,4,0.75,0.9047442896643458,3.6189771586573833,1,1.0,15.673992625288856,15.673992625288856,148,0.7905405405405406,10.053265391452083,1487.8832779349082,5.620727233836773,0.20945945945945943,0.006756756756756757
24,SOL,120-240,g_trend_slope_with&g_vwap_ge_30,g_lm_high_stat,19,0.9473684210526315,5.812484101781503,110.43719793384855,7,0.7142857142857143,-1.375978764695145,-9.631851352866015,5,1.0,15.980895431768676,79.90447715884338,148,0.7905405405405406,10.053265391452083,1487.8832779349082,5.927630040316593,0.20945945945945943,0.033783783783783786
24,SOL,120-240,g_trend_slope_with&g_vwap_ge_30,g_lm_low_stat,82,0.8536585365853658,5.029185821827129,412.39323738982455,41,0.8780487804878049,5.635624738798463,231.060614290737,28,0.9285714285714286,10.846969143781717,303.71513602588806,148,0.7905405405405406,10.053265391452083,1487.8832779349082,0.793703752329634,0.13803088803088803,0.1891891891891892
24,SOL,120-240,g_trend_slope_with&g_vwap_ge_30,g_lm_last_jump_with_60s,10,1.0,5.802895461670948,58.02895461670948,8,1.0,2.541228934883953,20.329831479071625,3,0.6666666666666666,3.093286447175583,9.27985934152675,148,0.7905405405405406,10.053265391452083,1487.8832779349082,-6.9599789442765,-0.12387387387387394,0.02027027027027027
24,SOL,120-240,g_trend_slope_with&g_vwap_ge_30,g_lm_extreme_against,132,0.8712121212121212,4.8219692059978145,636.4999351917115,63,0.873015873015873,5.7297005244514,360.9711330404382,148,0.7905405405405406,10.053265391452083,1487.8832779349082,148,0.7905405405405406,10.053265391452083,1487.8832779349082,0.0,0.0,1.0
24,SOL,120-240,g_trend_slope_with&g_vwap_ge_30,g_hawkes_imbalance_with,116,0.896551724137931,5.597167012506685,649.2713734507755,52,0.8653846153846154,5.148310238424644,267.7121323980815,29,0.9655172413793104,11.094070086415595,321.7280325060523,148,0.7905405405405406,10.053265391452083,1487.8832779349082,1.0408046949635121,0.17497670083876982,0.19594594594594594
24,SOL,120-240,g_trend_slope_with&g_vwap_ge_30,g_hawkes_imbalance_strong_with,73,0.9178082191780822,4.914447165032116,358.7546430473445,28,0.8214285714285714,3.048906672660273,85.36938683448764,13,1.0,9.14570489743917,118.8941636667092,148,0.7905405405405406,10.053265391452083,1487.8832779349082,-0.9075604940129125,0.20945945945945943,0.08783783783783784
24,SOL,120-240,g_trend_slope_with&g_vwap_ge_30,g_hawkes_burst,32,0.90625,3.0893746495407437,98.8599887853038,16,0.9375,2.787199847851053,44.59519756561685,11,0.9090909090909091,9.942300210107504,109.36530231118255,148,0.7905405405405406,10.053265391452083,1487.8832779349082,-0.11096518134457867,0.11855036855036849,0.07432432432432433
