fire_us,fire_at,sleeve_id,is_f7,base_cell,symbol,tf,signal,condition_id,won,pnl_usd,outcome,entry_price,version,policy,sleeve,regime_w20_1m_voladaptive,markov_pass_w20_1m_voladaptive,regime_w20_5m_voladaptive,markov_pass_w20_5m_voladaptive,regime_w20_1m_fixed,markov_pass_w20_1m_fixed,regime_w20_5m_fixed,markov_pass_w20_5m_fixed
1779307269746685,2026-05-20 20:01:09.746685,poly_updown_btc_5m_momo_v2_HEDGE,False,btc_5m_momo_v2_HEDGE,BTC,5m,DOWN,0xaed8a9b511ac9352fba4ac8f1cc2820c68ba9cbb130580fe0b13f287f01fa48b,False,-25.078292,Up,0.5115972386555581,v2,HEDGE,btc_5m_v2,1,False,2,False,1,False,1,False
1779307269749215,2026-05-20 20:01:09.749215,poly_updown_eth_5m_momo_v2_SELL,False,eth_5m_momo_v2_SELL,ETH,5m,DOWN,0xf1ebeb54382f6cb15127497f85619ab3d93dd45a7a948113cdf495a90bd9ee78,False,-25.4,Up,0.508,v2,SELL,eth_5m_v2,0,True,1,False,1,False,1,False
1779307269760079,2026-05-20 20:01:09.760079,poly_updown_sol_5m_momo_v2_SELL,False,sol_5m_momo_v2_SELL,SOL,5m,DOWN,0x1639ca627c4fdb748f030cb12dd6adda3f03815999da77425a4bab7976491ddd,False,-25.580388,Up,0.5218399986943997,v2,SELL,sol_5m_v2,0,True,0,True,1,False,1,False
1779307269764882,2026-05-20 20:01:09.764882,poly_updown_btc_5m_momo_v2_SELL,False,btc_5m_momo_v2_SELL,BTC,5m,DOWN,0xaed8a9b511ac9352fba4ac8f1cc2820c68ba9cbb130580fe0b13f287f01fa48b,False,-25.078292,Up,0.5115972386555581,v2,SELL,btc_5m_v2,1,False,2,False,1,False,1,False
1779307269801715,2026-05-20 20:01:09.801715,poly_updown_btc_5m_momo_v2_HOLD,False,btc_5m_momo_v2_HOLD,BTC,5m,DOWN,0xaed8a9b511ac9352fba4ac8f1cc2820c68ba9cbb130580fe0b13f287f01fa48b,False,-25.078292,Up,0.5115972386555581,v2,HOLD,btc_5m_v2,1,False,2,False,1,False,1,False
1779307269826615,2026-05-20 20:01:09.826615,poly_updown_eth_5m_momo_v2_HEDGE,False,eth_5m_momo_v2_HEDGE,ETH,5m,DOWN,0xf1ebeb54382f6cb15127497f85619ab3d93dd45a7a948113cdf495a90bd9ee78,False,-25.4,Up,0.508,v2,HEDGE,eth_5m_v2,0,True,1,False,1,False,1,False
1779307269837612,2026-05-20 20:01:09.837612,poly_updown_eth_5m_momo_v2_HOLD,False,eth_5m_momo_v2_HOLD,ETH,5m,DOWN,0xf1ebeb54382f6cb15127497f85619ab3d93dd45a7a948113cdf495a90bd9ee78,False,-25.4,Up,0.508,v2,HOLD,eth_5m_v2,0,True,1,False,1,False,1,False
1779307269838633,2026-05-20 20:01:09.838633,poly_updown_sol_5m_momo_v2_HOLD,False,sol_5m_momo_v2_HOLD,SOL,5m,DOWN,0x1639ca627c4fdb748f030cb12dd6adda3f03815999da77425a4bab7976491ddd,False,-25.580388,Up,0.5218399986943997,v2,HOLD,sol_5m_v2,0,True,0,True,1,False,1,False
1779307269841947,2026-05-20 20:01:09.841947,poly_updown_sol_5m_momo_v2_HEDGE,False,sol_5m_momo_v2_HEDGE,SOL,5m,DOWN,0x1639ca627c4fdb748f030cb12dd6adda3f03815999da77425a4bab7976491ddd,False,-25.580388,Up,0.5218399986943997,v2,HEDGE,sol_5m_v2,0,True,0,True,1,False,1,False
1779307270005532,2026-05-20 20:01:10.005532,poly_updown_btc_15m_momo_v2_HOLD,False,btc_15m_momo_v2_HOLD,BTC,15m,DOWN,0xd5c118670220351b2cbe2e2ac0747faa3005595a539c98fbdda8a61b0b9bd8e2,True,22.43586814,Down,0.5238099170287601,v2,HOLD,btc_15m_v2,1,False,2,False,1,False,1,False
1779307270005987,2026-05-20 20:01:10.005987,poly_updown_eth_15m_momo_v2_HOLD,False,eth_15m_momo_v2_HOLD,ETH,15m,DOWN,0x7fc2706458aab83934d1a54e61f01e5f17e3f1d3952ff7e10d31996d1c7f18bc,True,21.64183784,Down,0.5318295180390843,v2,HOLD,eth_15m_v2,0,True,1,False,1,False,1,False
1779307270006870,2026-05-20 20:01:10.006870,poly_updown_sol_15m_momo_v2_SELL,False,sol_15m_momo_v2_SELL,SOL,15m,DOWN,0x5d552c61f6e6d4783dbf143e830d90215ae267e65ab2c3b2c9b8aacbc8b69022,True,24.2149964,Down,0.5156999945119991,v2,SELL,sol_15m_v2,0,True,0,True,1,False,1,False
1779307270009949,2026-05-20 20:01:10.009949,poly_updown_eth_15m_momo_v2_SELL,False,eth_15m_momo_v2_SELL,ETH,15m,DOWN,0x7fc2706458aab83934d1a54e61f01e5f17e3f1d3952ff7e10d31996d1c7f18bc,True,21.64183784,Down,0.5318295180390843,v2,SELL,eth_15m_v2,0,True,1,False,1,False,1,False
1779307270010257,2026-05-20 20:01:10.010257,poly_updown_eth_15m_momo_v2_HEDGE,False,eth_15m_momo_v2_HEDGE,ETH,15m,DOWN,0x7fc2706458aab83934d1a54e61f01e5f17e3f1d3952ff7e10d31996d1c7f18bc,True,21.64183784,Down,0.5318295180390843,v2,HEDGE,eth_15m_v2,0,True,1,False,1,False,1,False
1779307270010871,2026-05-20 20:01:10.010871,poly_updown_btc_15m_momo_v2_HEDGE,False,btc_15m_momo_v2_HEDGE,BTC,15m,DOWN,0xd5c118670220351b2cbe2e2ac0747faa3005595a539c98fbdda8a61b0b9bd8e2,True,0.32049414,Down,0.5238099170287601,v2,HEDGE,btc_15m_v2,1,False,2,False,1,False,1,False
1779307270011845,2026-05-20 20:01:10.011845,poly_updown_btc_15m_momo_v2_SELL,False,btc_15m_momo_v2_SELL,BTC,15m,DOWN,0xd5c118670220351b2cbe2e2ac0747faa3005595a539c98fbdda8a61b0b9bd8e2,True,0.778369,exited_at_bid,0.5238099170287601,v2,SELL,btc_15m_v2,1,False,2,False,1,False,1,False
1779307270012775,2026-05-20 20:01:10.012775,poly_updown_sol_15m_momo_v2_HOLD,False,sol_15m_momo_v2_HOLD,SOL,15m,DOWN,0x5d552c61f6e6d4783dbf143e830d90215ae267e65ab2c3b2c9b8aacbc8b69022,True,24.2149964,Down,0.5156999945119991,v2,HOLD,sol_15m_v2,0,True,0,True,1,False,1,False
1779307270014883,2026-05-20 20:01:10.014883,poly_updown_sol_15m_momo_v2_HEDGE,False,sol_15m_momo_v2_HEDGE,SOL,15m,DOWN,0x5d552c61f6e6d4783dbf143e830d90215ae267e65ab2c3b2c9b8aacbc8b69022,True,24.2149964,Down,0.5156999945119991,v2,HEDGE,sol_15m_v2,0,True,0,True,1,False,1,False
1779307270015416,2026-05-20 20:01:10.015416,poly_updown_eth_15m_momo_v2_SELL_f7,True,eth_15m_momo_v2_SELL,ETH,15m,DOWN,0x7fc2706458aab83934d1a54e61f01e5f17e3f1d3952ff7e10d31996d1c7f18bc,True,21.59283784,Down,0.5328895182934843,v2,SELL,eth_15m_v2,0,True,1,False,1,False,1,False
1779307270020627,2026-05-20 20:01:10.020627,poly_updown_eth_15m_momo_v2_HOLD_f7,True,eth_15m_momo_v2_HOLD,ETH,15m,DOWN,0x7fc2706458aab83934d1a54e61f01e5f17e3f1d3952ff7e10d31996d1c7f18bc,True,21.59283784,Down,0.5328895182934843,v2,HOLD,eth_15m_v2,0,True,1,False,1,False,1,False
1779307270021205,2026-05-20 20:01:10.021205,poly_updown_eth_15m_momo_v2_HEDGE_f7,True,eth_15m_momo_v2_HEDGE,ETH,15m,DOWN,0x7fc2706458aab83934d1a54e61f01e5f17e3f1d3952ff7e10d31996d1c7f18bc,True,21.59283784,Down,0.5328895182934843,v2,HEDGE,eth_15m_v2,0,True,1,False,1,False,1,False
1779307320816064,2026-05-20 20:02:00.816064,poly_updown_eth_5m_momo_HOLD,False,eth_5m_momo_HOLD,ETH,5m,DOWN,0xf1ebeb54382f6cb15127497f85619ab3d93dd45a7a948113cdf495a90bd9ee78,False,-25.3778,Up,0.507556,v1,HOLD,eth_5m_v1,0,True,1,False,1,False,1,False
1779307320817049,2026-05-20 20:02:00.817049,poly_updown_eth_5m_momo_SELL,False,eth_5m_momo_SELL,ETH,5m,DOWN,0xf1ebeb54382f6cb15127497f85619ab3d93dd45a7a948113cdf495a90bd9ee78,False,-25.3778,Up,0.507556,v1,SELL,eth_5m_v1,0,True,1,False,1,False,1,False
1779307320823391,2026-05-20 20:02:00.823391,poly_updown_eth_5m_momo_HEDGE,False,eth_5m_momo_HEDGE,ETH,5m,DOWN,0xf1ebeb54382f6cb15127497f85619ab3d93dd45a7a948113cdf495a90bd9ee78,False,-25.3778,Up,0.507556,v1,HEDGE,eth_5m_v1,0,True,1,False,1,False,1,False
1779307321111036,2026-05-20 20:02:01.111036,poly_updown_eth_5m_momo_HEDGE_f7,True,eth_5m_momo_HEDGE,ETH,5m,DOWN,0xf1ebeb54382f6cb15127497f85619ab3d93dd45a7a948113cdf495a90bd9ee78,False,-25.3778,Up,0.507556,v1,HEDGE,eth_5m_v1,0,True,1,False,1,False,1,False
1779307321111077,2026-05-20 20:02:01.111077,poly_updown_eth_5m_momo_SELL_f7,True,eth_5m_momo_SELL,ETH,5m,DOWN,0xf1ebeb54382f6cb15127497f85619ab3d93dd45a7a948113cdf495a90bd9ee78,False,-25.3778,Up,0.507556,v1,SELL,eth_5m_v1,0,True,1,False,1,False,1,False
1779307321111333,2026-05-20 20:02:01.111333,poly_updown_eth_5m_momo_HOLD_f7,True,eth_5m_momo_HOLD,ETH,5m,DOWN,0xf1ebeb54382f6cb15127497f85619ab3d93dd45a7a948113cdf495a90bd9ee78,False,-25.3778,Up,0.507556,v1,HOLD,eth_5m_v1,0,True,1,False,1,False,1,False
1779308104967480,2026-05-20 20:15:04.967480,poly_updown_btc_15m_sniper,False,btc_15m_sniper,BTC,15m,UP,0x7c7e816eedfabd2da624d06b26b8fddb53e5b65248f877e0a63f0fdd40924228,True,23.53921192,Up,0.51,v1,sniper,btc_15m_v1,2,True,2,True,1,False,1,False
1779308104967480,2026-05-20 20:15:04.967480,poly_updown_btc_15m_sniper,False,btc_15m_sniper,BTC,15m,UP,0x7c7e816eedfabd2da624d06b26b8fddb53e5b65248f877e0a63f0fdd40924228,True,26.566526,Up,0.4903555837973807,v1,sniper,btc_15m_v1,2,True,2,True,1,False,1,False
1779308105671476,2026-05-20 20:15:05.671476,poly_updown_sol_15m_sniper,False,sol_15m_sniper,SOL,15m,UP,0x7ea5748f12dcaec963a21eb406285ee69182b8f4f62d5474e284314dbe23a66a,True,-2.05061176,Up,0.5103999968639994,v1,sniper,sol_15m_v1,1,False,1,False,1,False,1,False
1779308105675707,2026-05-20 20:15:05.675707,poly_updown_eth_15m_sniper,False,eth_15m_sniper,ETH,15m,UP,0x3918f8d91420fe19ef09d6a34dda91936484313ef2a586f7d392b04427f5df47,False,-24.999996,Down,0.51,v1,sniper,eth_15m_v1,1,False,2,True,1,False,1,False
1779308105711084,2026-05-20 20:15:05.711084,poly_updown_btc_15m_sniper,False,btc_15m_sniper,BTC,15m,UP,0x7c7e816eedfabd2da624d06b26b8fddb53e5b65248f877e0a63f0fdd40924228,True,23.53921192,Up,0.51,v1,sniper,btc_15m_v1,2,True,2,True,1,False,1,False
1779308105711084,2026-05-20 20:15:05.711084,poly_updown_btc_15m_sniper,False,btc_15m_sniper,BTC,15m,UP,0x7c7e816eedfabd2da624d06b26b8fddb53e5b65248f877e0a63f0fdd40924228,True,26.566526,Up,0.4903555837973807,v1,sniper,btc_15m_v1,2,True,2,True,1,False,1,False
1779308228518991,2026-05-20 20:17:08.518991,poly_updown_btc_5m_momo_HOLD,False,btc_5m_momo_HOLD,BTC,5m,DOWN,0xe4e5d75e766e96876057ce75298d6d8dc04e1e26625a41ae8d8dbe8ec4b5c504,True,23.51745984,Down,0.5104527984724477,v1,HOLD,btc_5m_v1,1,False,2,False,1,False,1,False
1779308228519726,2026-05-20 20:17:08.519726,poly_updown_eth_5m_momo_SELL,False,eth_5m_momo_SELL,ETH,5m,DOWN,0xf460b329742b46fa8c2881ac05fb39386d49e0bd98d7f18b11348667b17f11aa,True,23.53921192,Down,0.51,v1,SELL,eth_5m_v1,0,True,2,False,1,False,1,False
1779308228574629,2026-05-20 20:17:08.574629,poly_updown_sol_5m_momo_HOLD,False,sol_5m_momo_HOLD,SOL,5m,DOWN,0xe87044b7f477c440e981851ced5282fe72defdaf9dfade6fcbed83b38b1af3aa,True,23.863,Down,0.513,v1,HOLD,sol_5m_v1,0,True,1,False,1,False,1,False
1779308228688392,2026-05-20 20:17:08.688392,poly_updown_btc_5m_momo_HEDGE,False,btc_5m_momo_HEDGE,BTC,5m,DOWN,0xe4e5d75e766e96876057ce75298d6d8dc04e1e26625a41ae8d8dbe8ec4b5c504,True,23.51745984,Down,0.5104527984724477,v1,HEDGE,btc_5m_v1,1,False,2,False,1,False,1,False
1779308228690522,2026-05-20 20:17:08.690522,poly_updown_sol_5m_momo_SELL,False,sol_5m_momo_SELL,SOL,5m,DOWN,0xe87044b7f477c440e981851ced5282fe72defdaf9dfade6fcbed83b38b1af3aa,True,23.863,Down,0.513,v1,SELL,sol_5m_v1,0,True,1,False,1,False,1,False
1779308228695858,2026-05-20 20:17:08.695858,poly_updown_eth_5m_momo_HEDGE,False,eth_5m_momo_HEDGE,ETH,5m,DOWN,0xf460b329742b46fa8c2881ac05fb39386d49e0bd98d7f18b11348667b17f11aa,True,23.53921192,Down,0.51,v1,HEDGE,eth_5m_v1,0,True,2,False,1,False,1,False
1779308228766419,2026-05-20 20:17:08.766419,poly_updown_btc_5m_momo_SELL,False,btc_5m_momo_SELL,BTC,5m,DOWN,0xe4e5d75e766e96876057ce75298d6d8dc04e1e26625a41ae8d8dbe8ec4b5c504,True,23.51745984,Down,0.5104527984724477,v1,SELL,btc_5m_v1,1,False,2,False,1,False,1,False
1779308228768230,2026-05-20 20:17:08.768230,poly_updown_eth_5m_momo_HOLD,False,eth_5m_momo_HOLD,ETH,5m,DOWN,0xf460b329742b46fa8c2881ac05fb39386d49e0bd98d7f18b11348667b17f11aa,True,23.53921192,Down,0.51,v1,HOLD,eth_5m_v1,0,True,2,False,1,False,1,False
1779308228786060,2026-05-20 20:17:08.786060,poly_updown_sol_5m_momo_HEDGE,False,sol_5m_momo_HEDGE,SOL,5m,DOWN,0xe87044b7f477c440e981851ced5282fe72defdaf9dfade6fcbed83b38b1af3aa,True,23.863,Down,0.513,v1,HEDGE,sol_5m_v1,0,True,1,False,1,False,1,False
1779308229088361,2026-05-20 20:17:09.088361,poly_updown_eth_15m_momo_HOLD,False,eth_15m_momo_HOLD,ETH,15m,DOWN,0x3918f8d91420fe19ef09d6a34dda91936484313ef2a586f7d392b04427f5df47,True,24.5,Down,0.5,v1,HOLD,eth_15m_v1,0,True,2,False,1,False,1,False
1779308229090506,2026-05-20 20:17:09.090506,poly_updown_sol_15m_momo_HEDGE,False,sol_15m_momo_HEDGE,SOL,15m,DOWN,0x7ea5748f12dcaec963a21eb406285ee69182b8f4f62d5474e284314dbe23a66a,False,-26.36122,Up,0.5166799946687991,v1,HEDGE,sol_15m_v1,0,True,1,False,1,False,1,False
1779308229097375,2026-05-20 20:17:09.097375,poly_updown_eth_15m_momo_SELL,False,eth_15m_momo_SELL,ETH,15m,DOWN,0x3918f8d91420fe19ef09d6a34dda91936484313ef2a586f7d392b04427f5df47,True,24.5,Down,0.5,v1,SELL,eth_15m_v1,0,True,2,False,1,False,1,False
1779308229099762,2026-05-20 20:17:09.099762,poly_updown_sol_15m_momo_HOLD,False,sol_15m_momo_HOLD,SOL,15m,DOWN,0x7ea5748f12dcaec963a21eb406285ee69182b8f4f62d5474e284314dbe23a66a,False,-26.36122,Up,0.5166799946687991,v1,HOLD,sol_15m_v1,0,True,1,False,1,False,1,False
1779308229100178,2026-05-20 20:17:09.100178,poly_updown_eth_15m_momo_HEDGE,False,eth_15m_momo_HEDGE,ETH,15m,DOWN,0x3918f8d91420fe19ef09d6a34dda91936484313ef2a586f7d392b04427f5df47,True,24.5,Down,0.5,v1,HEDGE,eth_15m_v1,0,True,2,False,1,False,1,False
1779308229103292,2026-05-20 20:17:09.103292,poly_updown_sol_15m_momo_SELL,False,sol_15m_momo_SELL,SOL,15m,DOWN,0x7ea5748f12dcaec963a21eb406285ee69182b8f4f62d5474e284314dbe23a66a,False,-26.36122,Up,0.5166799946687991,v1,SELL,sol_15m_v1,0,True,1,False,1,False,1,False
1779308401092366,2026-05-20 20:20:01.092366,poly_updown_sol_5m_sniper,False,sol_5m_sniper,SOL,5m,DOWN,0xd1b1174d8704f2afc071d35d2e42935940f85c96f7e76ed259b7c68d77a37dfb,False,-25.880388,Up,0.5279599996735999,v1,sniper,sol_5m_v1,0,True,1,False,1,False,1,False
1779308401095984,2026-05-20 20:20:01.095984,poly_updown_sol_5m_sniper_INV,False,sol_5m_sniper_INV,SOL,5m,UP,0xd1b1174d8704f2afc071d35d2e42935940f85c96f7e76ed259b7c68d77a37dfb,True,22.67642776,Up,0.5279599996735999,v1,INV,sol_5m_v1,0,False,1,False,1,False,1,False
1779308524663185,2026-05-20 20:22:04.663185,poly_updown_btc_5m_momo_SELL,False,btc_5m_momo_SELL,BTC,5m,DOWN,0xf3aef1b3b8a92537e2aa8e5ef82f915e7b133eabc30af706bab3213a393c5ef6,False,-24.999996,Up,0.49,v1,SELL,btc_5m_v1,1,False,2,False,1,False,1,False
1779308524663871,2026-05-20 20:22:04.663871,poly_updown_btc_5m_momo_HEDGE,False,btc_5m_momo_HEDGE,BTC,5m,DOWN,0xf3aef1b3b8a92537e2aa8e5ef82f915e7b133eabc30af706bab3213a393c5ef6,False,-24.999996,Up,0.49,v1,HEDGE,btc_5m_v1,1,False,2,False,1,False,1,False
1779308524672447,2026-05-20 20:22:04.672447,poly_updown_eth_5m_momo_HEDGE,False,eth_5m_momo_HEDGE,ETH,5m,DOWN,0xfdb2a04171b6dc2219eb24d2c605d5720d9409bde89b9f14628a840e3275303c,False,-25.430422,Up,0.4679199894015949,v1,HEDGE,eth_5m_v1,0,True,2,False,1,False,1,False
1779308524675074,2026-05-20 20:22:04.675074,poly_updown_eth_5m_momo_HOLD,False,eth_5m_momo_HOLD,ETH,5m,DOWN,0xfdb2a04171b6dc2219eb24d2c605d5720d9409bde89b9f14628a840e3275303c,False,-25.430422,Up,0.4679199894015949,v1,HOLD,eth_5m_v1,0,True,2,False,1,False,1,False
1779308524681081,2026-05-20 20:22:04.681081,poly_updown_eth_5m_momo_SELL,False,eth_5m_momo_SELL,ETH,5m,DOWN,0xfdb2a04171b6dc2219eb24d2c605d5720d9409bde89b9f14628a840e3275303c,False,-25.430422,Up,0.4679199894015949,v1,SELL,eth_5m_v1,0,True,2,False,1,False,1,False
1779308524681220,2026-05-20 20:22:04.681220,poly_updown_btc_5m_momo_HOLD,False,btc_5m_momo_HOLD,BTC,5m,DOWN,0xf3aef1b3b8a92537e2aa8e5ef82f915e7b133eabc30af706bab3213a393c5ef6,False,-24.999996,Up,0.49,v1,HOLD,btc_5m_v1,1,False,2,False,1,False,1,False
1779309006349712,2026-05-20 20:30:06.349712,poly_updown_sol_15m_sniper,False,sol_15m_sniper,SOL,15m,UP,0x140e8b374b6ccbf92a5ff79fbc3e766b33fc4a61764d02bfb3ae5a542994dcb6,True,22.24222014,Up,0.5279199990015995,v1,sniper,sol_15m_v1,0,False,1,False,1,False,1,False
1779309906975450,2026-05-20 20:45:06.975450,poly_updown_sol_15m_sniper,False,sol_15m_sniper,SOL,15m,UP,0x46dba7bbe4a214fbb8c3fd33db3130b2802bbe2aea7823ffec59a8918700b7f7,True,23.667,Up,0.517,v1,sniper,sol_15m_v1,2,True,1,False,1,False,1,False
1779309906975450,2026-05-20 20:45:06.975450,poly_updown_sol_15m_sniper,False,sol_15m_sniper,SOL,15m,UP,0x46dba7bbe4a214fbb8c3fd33db3130b2802bbe2aea7823ffec59a8918700b7f7,True,23.667,Up,0.517,v1,sniper,sol_15m_v1,2,True,1,False,1,False,1,False
1779309912168267,2026-05-20 20:45:12.168267,poly_updown_sol_15m_sniper,False,sol_15m_sniper,SOL,15m,UP,0x46dba7bbe4a214fbb8c3fd33db3130b2802bbe2aea7823ffec59a8918700b7f7,True,23.667,Up,0.517,v1,sniper,sol_15m_v1,2,True,1,False,1,False,1,False
1779309912168267,2026-05-20 20:45:12.168267,poly_updown_sol_15m_sniper,False,sol_15m_sniper,SOL,15m,UP,0x46dba7bbe4a214fbb8c3fd33db3130b2802bbe2aea7823ffec59a8918700b7f7,True,23.667,Up,0.517,v1,sniper,sol_15m_v1,2,True,1,False,1,False,1,False
1779312611866341,2026-05-20 21:30:11.866341,poly_updown_sol_15m_sniper,False,sol_15m_sniper,SOL,15m,DOWN,0x1bdfcf28f28a053b4e8a815eda87f59f9a8d50dfdd20a47e6a123ca923def2a8,True,24.47999624,Down,0.5103999968639994,v1,sniper,sol_15m_v1,0,True,1,False,1,False,1,False
1779314409106479,2026-05-20 22:00:09.106479,poly_updown_btc_15m_sniper,False,btc_15m_sniper,BTC,15m,DOWN,0x07caf4245bd117cdff4496d998a4b7deaaae0de13899fa25f681039832aa96c1,False,-25.0,Up,0.5,v1,sniper,btc_15m_v1,0,True,0,True,1,False,1,False
1779314409106479,2026-05-20 22:00:09.106479,poly_updown_btc_15m_sniper,False,btc_15m_sniper,BTC,15m,DOWN,0x07caf4245bd117cdff4496d998a4b7deaaae0de13899fa25f681039832aa96c1,False,-25.0,Up,0.5,v1,sniper,btc_15m_v1,0,True,0,True,1,False,1,False
1779314409106479,2026-05-20 22:00:09.106479,poly_updown_btc_15m_sniper,False,btc_15m_sniper,BTC,15m,DOWN,0x07caf4245bd117cdff4496d998a4b7deaaae0de13899fa25f681039832aa96c1,False,-25.0,Up,0.5,v1,sniper,btc_15m_v1,0,True,0,True,1,False,1,False
1779314409106479,2026-05-20 22:00:09.106479,poly_updown_btc_15m_sniper,False,btc_15m_sniper,BTC,15m,DOWN,0x07caf4245bd117cdff4496d998a4b7deaaae0de13899fa25f681039832aa96c1,False,-25.0,Up,0.5,v1,sniper,btc_15m_v1,0,True,0,True,1,False,1,False
1779314409164887,2026-05-20 22:00:09.164887,poly_updown_sol_15m_sniper,False,sol_15m_sniper,SOL,15m,DOWN,0x555c27fc7253bdedf731a8a1bf125dba0e38eab14a12c956ee95f5696dbce938,False,-26.040812,Up,0.5103999968639994,v1,sniper,sol_15m_v1,0,True,1,False,1,False,1,False
1779314409164887,2026-05-20 22:00:09.164887,poly_updown_sol_15m_sniper,False,sol_15m_sniper,SOL,15m,DOWN,0x555c27fc7253bdedf731a8a1bf125dba0e38eab14a12c956ee95f5696dbce938,False,-26.040812,Up,0.5103999968639994,v1,sniper,sol_15m_v1,0,True,1,False,1,False,1,False
1779314409164887,2026-05-20 22:00:09.164887,poly_updown_sol_15m_sniper,False,sol_15m_sniper,SOL,15m,DOWN,0x555c27fc7253bdedf731a8a1bf125dba0e38eab14a12c956ee95f5696dbce938,False,-26.040812,Up,0.5103999968639994,v1,sniper,sol_15m_v1,0,True,1,False,1,False,1,False
1779314409164887,2026-05-20 22:00:09.164887,poly_updown_sol_15m_sniper,False,sol_15m_sniper,SOL,15m,DOWN,0x555c27fc7253bdedf731a8a1bf125dba0e38eab14a12c956ee95f5696dbce938,False,-26.040812,Up,0.5103999968639994,v1,sniper,sol_15m_v1,0,True,1,False,1,False,1,False
1779314410818537,2026-05-20 22:00:10.818537,poly_updown_sol_15m_sniper,False,sol_15m_sniper,SOL,15m,DOWN,0x555c27fc7253bdedf731a8a1bf125dba0e38eab14a12c956ee95f5696dbce938,False,-26.040812,Up,0.5103999968639994,v1,sniper,sol_15m_v1,0,True,1,False,1,False,1,False
1779314410818537,2026-05-20 22:00:10.818537,poly_updown_sol_15m_sniper,False,sol_15m_sniper,SOL,15m,DOWN,0x555c27fc7253bdedf731a8a1bf125dba0e38eab14a12c956ee95f5696dbce938,False,-26.040812,Up,0.5103999968639994,v1,sniper,sol_15m_v1,0,True,1,False,1,False,1,False
1779314410818537,2026-05-20 22:00:10.818537,poly_updown_sol_15m_sniper,False,sol_15m_sniper,SOL,15m,DOWN,0x555c27fc7253bdedf731a8a1bf125dba0e38eab14a12c956ee95f5696dbce938,False,-26.040812,Up,0.5103999968639994,v1,sniper,sol_15m_v1,0,True,1,False,1,False,1,False
1779314410818537,2026-05-20 22:00:10.818537,poly_updown_sol_15m_sniper,False,sol_15m_sniper,SOL,15m,DOWN,0x555c27fc7253bdedf731a8a1bf125dba0e38eab14a12c956ee95f5696dbce938,False,-26.040812,Up,0.5103999968639994,v1,sniper,sol_15m_v1,0,True,1,False,1,False,1,False
1779314410843390,2026-05-20 22:00:10.843390,poly_updown_btc_15m_sniper,False,btc_15m_sniper,BTC,15m,DOWN,0x07caf4245bd117cdff4496d998a4b7deaaae0de13899fa25f681039832aa96c1,False,-25.0,Up,0.5,v1,sniper,btc_15m_v1,0,True,0,True,1,False,1,False
1779314410843390,2026-05-20 22:00:10.843390,poly_updown_btc_15m_sniper,False,btc_15m_sniper,BTC,15m,DOWN,0x07caf4245bd117cdff4496d998a4b7deaaae0de13899fa25f681039832aa96c1,False,-25.0,Up,0.5,v1,sniper,btc_15m_v1,0,True,0,True,1,False,1,False
1779314410843390,2026-05-20 22:00:10.843390,poly_updown_btc_15m_sniper,False,btc_15m_sniper,BTC,15m,DOWN,0x07caf4245bd117cdff4496d998a4b7deaaae0de13899fa25f681039832aa96c1,False,-25.0,Up,0.5,v1,sniper,btc_15m_v1,0,True,0,True,1,False,1,False
1779314410843390,2026-05-20 22:00:10.843390,poly_updown_btc_15m_sniper,False,btc_15m_sniper,BTC,15m,DOWN,0x07caf4245bd117cdff4496d998a4b7deaaae0de13899fa25f681039832aa96c1,False,-25.0,Up,0.5,v1,sniper,btc_15m_v1,0,True,0,True,1,False,1,False
1779314522524630,2026-05-20 22:02:02.524630,poly_updown_eth_5m_momo_HOLD_f7,True,eth_5m_momo_HOLD,ETH,5m,DOWN,0xd463eb055ed4f5c51661a5eda2bb4721f2b8b49e56ea6378ce8b2582ab8bf134,True,26.18538734,Down,0.4869798380670963,v1,HOLD,eth_5m_v1,0,True,0,True,1,False,1,False
1779314522526106,2026-05-20 22:02:02.526106,poly_updown_eth_5m_momo_SELL_f7,True,eth_5m_momo_SELL,ETH,5m,DOWN,0xd463eb055ed4f5c51661a5eda2bb4721f2b8b49e56ea6378ce8b2582ab8bf134,True,26.18538734,Down,0.4869798380670963,v1,SELL,eth_5m_v1,0,True,0,True,1,False,1,False
1779314522568099,2026-05-20 22:02:02.568099,poly_updown_btc_5m_momo_SELL_f7,True,btc_5m_momo_SELL,BTC,5m,DOWN,0x629d0104ded36aaf97a1c3d0a49296c09dbf1d1ea97a7d01ce302c4ab961b24f,True,26.54164968,Down,0.48,v1,SELL,btc_5m_v1,0,True,0,True,1,False,1,False
1779314522569810,2026-05-20 22:02:02.569810,poly_updown_btc_5m_momo_HOLD_f7,True,btc_5m_momo_HOLD,BTC,5m,DOWN,0x629d0104ded36aaf97a1c3d0a49296c09dbf1d1ea97a7d01ce302c4ab961b24f,True,26.54164968,Down,0.48,v1,HOLD,btc_5m_v1,0,True,0,True,1,False,1,False
1779314522571616,2026-05-20 22:02:02.571616,poly_updown_eth_5m_momo_HEDGE_f7,True,eth_5m_momo_HEDGE,ETH,5m,DOWN,0xd463eb055ed4f5c51661a5eda2bb4721f2b8b49e56ea6378ce8b2582ab8bf134,True,26.18538734,Down,0.4869798380670963,v1,HEDGE,eth_5m_v1,0,True,0,True,1,False,1,False
1779314522667568,2026-05-20 22:02:02.667568,poly_updown_btc_5m_momo_HEDGE_f7,True,btc_5m_momo_HEDGE,BTC,5m,DOWN,0x629d0104ded36aaf97a1c3d0a49296c09dbf1d1ea97a7d01ce302c4ab961b24f,True,26.54164968,Down,0.48,v1,HEDGE,btc_5m_v1,0,True,0,True,1,False,1,False
1779314522843572,2026-05-20 22:02:02.843572,poly_updown_eth_5m_momo_HOLD,False,eth_5m_momo_HOLD,ETH,5m,DOWN,0xd463eb055ed4f5c51661a5eda2bb4721f2b8b49e56ea6378ce8b2582ab8bf134,True,27.83795644,Down,0.4773279139173986,v1,HOLD,eth_5m_v1,0,True,0,True,1,False,1,False
1779314522863028,2026-05-20 22:02:02.863028,poly_updown_btc_5m_momo_SELL,False,btc_5m_momo_SELL,BTC,5m,DOWN,0x629d0104ded36aaf97a1c3d0a49296c09dbf1d1ea97a7d01ce302c4ab961b24f,True,26.54164968,Down,0.48,v1,SELL,btc_5m_v1,0,True,0,True,1,False,1,False
1779314522877848,2026-05-20 22:02:02.877848,poly_updown_eth_5m_momo_HEDGE,False,eth_5m_momo_HEDGE,ETH,5m,DOWN,0xd463eb055ed4f5c51661a5eda2bb4721f2b8b49e56ea6378ce8b2582ab8bf134,True,27.83795644,Down,0.4773279139173986,v1,HEDGE,eth_5m_v1,0,True,0,True,1,False,1,False
1779314522881694,2026-05-20 22:02:02.881694,poly_updown_eth_5m_momo_SELL,False,eth_5m_momo_SELL,ETH,5m,DOWN,0xd463eb055ed4f5c51661a5eda2bb4721f2b8b49e56ea6378ce8b2582ab8bf134,True,27.83795644,Down,0.4773279139173986,v1,SELL,eth_5m_v1,0,True,0,True,1,False,1,False
1779314522884828,2026-05-20 22:02:02.884828,poly_updown_btc_5m_momo_HOLD,False,btc_5m_momo_HOLD,BTC,5m,DOWN,0x629d0104ded36aaf97a1c3d0a49296c09dbf1d1ea97a7d01ce302c4ab961b24f,True,26.54164968,Down,0.48,v1,HOLD,btc_5m_v1,0,True,0,True,1,False,1,False
1779314522885582,2026-05-20 22:02:02.885582,poly_updown_btc_5m_momo_HEDGE,False,btc_5m_momo_HEDGE,BTC,5m,DOWN,0x629d0104ded36aaf97a1c3d0a49296c09dbf1d1ea97a7d01ce302c4ab961b24f,True,26.54164968,Down,0.48,v1,HEDGE,btc_5m_v1,0,True,0,True,1,False,1,False
1779314522893712,2026-05-20 22:02:02.893712,poly_updown_sol_5m_momo_HEDGE,False,sol_5m_momo_HEDGE,SOL,5m,DOWN,0x2670feabb9023ac50cbfe638dce34757d85308c6d842b4eab8fe208a6e329864,True,23.91347,Down,0.51197,v1,HEDGE,sol_5m_v1,0,True,1,False,1,False,1,False
1779314522896383,2026-05-20 22:02:02.896383,poly_updown_sol_5m_momo_SELL,False,sol_5m_momo_SELL,SOL,5m,DOWN,0x2670feabb9023ac50cbfe638dce34757d85308c6d842b4eab8fe208a6e329864,True,23.91347,Down,0.51197,v1,SELL,sol_5m_v1,0,True,1,False,1,False,1,False
1779314522950873,2026-05-20 22:02:02.950873,poly_updown_sol_5m_momo_HOLD,False,sol_5m_momo_HOLD,SOL,5m,DOWN,0x2670feabb9023ac50cbfe638dce34757d85308c6d842b4eab8fe208a6e329864,True,23.91347,Down,0.51197,v1,HOLD,sol_5m_v1,0,True,1,False,1,False,1,False
1779314523512814,2026-05-20 22:02:03.512814,poly_updown_eth_15m_momo_SELL,False,eth_15m_momo_SELL,ETH,15m,DOWN,0x09b8c66f9b8bd3ac3c70575b3dbf5d009a06deb05a1ba150596efe90861b74c2,False,-25.1102,Up,0.4921599987455997,v1,SELL,eth_15m_v1,0,True,0,True,1,False,1,False
1779314523517346,2026-05-20 22:02:03.517346,poly_updown_eth_15m_momo_HEDGE,False,eth_15m_momo_HEDGE,ETH,15m,DOWN,0x09b8c66f9b8bd3ac3c70575b3dbf5d009a06deb05a1ba150596efe90861b74c2,False,-25.1102,Up,0.4921599987455997,v1,HEDGE,eth_15m_v1,0,True,0,True,1,False,1,False
1779314523517346,2026-05-20 22:02:03.517346,poly_updown_eth_15m_momo_HEDGE,False,eth_15m_momo_HEDGE,ETH,15m,DOWN,0x09b8c66f9b8bd3ac3c70575b3dbf5d009a06deb05a1ba150596efe90861b74c2,False,-25.1102,Up,0.4921599987455997,v1,HEDGE,eth_15m_v1,0,True,0,True,1,False,1,False
1779314523526041,2026-05-20 22:02:03.526041,poly_updown_eth_15m_momo_HOLD,False,eth_15m_momo_HOLD,ETH,15m,DOWN,0x09b8c66f9b8bd3ac3c70575b3dbf5d009a06deb05a1ba150596efe90861b74c2,False,-25.1102,Up,0.4921599987455997,v1,HOLD,eth_15m_v1,0,True,0,True,1,False,1,False
1779314523526041,2026-05-20 22:02:03.526041,poly_updown_eth_15m_momo_HOLD,False,eth_15m_momo_HOLD,ETH,15m,DOWN,0x09b8c66f9b8bd3ac3c70575b3dbf5d009a06deb05a1ba150596efe90861b74c2,False,-25.1102,Up,0.4921599987455997,v1,HOLD,eth_15m_v1,0,True,0,True,1,False,1,False
1779314706021405,2026-05-20 22:05:06.021405,poly_updown_eth_5m_sniper,False,eth_5m_sniper,ETH,5m,DOWN,0x991b6195aa563e620b1be534ca0f91726b00f1ccc180e754f5709cdc9fa07cd0,False,-25.0,Up,0.5,v1,sniper,eth_5m_v1,0,True,0,True,1,False,1,False
1779314706027167,2026-05-20 22:05:06.027167,poly_updown_eth_5m_sniper_DOWN_INV,False,eth_5m_sniper_DOWN_INV,ETH,5m,UP,0x991b6195aa563e620b1be534ca0f91726b00f1ccc180e754f5709cdc9fa07cd0,True,20.5146242,Up,0.5478399955071906,v1,INV,eth_5m_v1,0,False,0,False,1,False,1,False
1779315011197873,2026-05-20 22:10:11.197873,poly_updown_eth_5m_sniper,False,eth_5m_sniper,ETH,5m,DOWN,0xba21385942f9d97efaa16eca1cf4c0db98d194eb58428379d478c94155690ede,True,26.130181,Down,0.4880614323593167,v1,sniper,eth_5m_v1,0,True,0,True,0,True,1,False
1779315011197873,2026-05-20 22:10:11.197873,poly_updown_eth_5m_sniper,False,eth_5m_sniper,ETH,5m,DOWN,0xba21385942f9d97efaa16eca1cf4c0db98d194eb58428379d478c94155690ede,True,26.130181,Down,0.4880614323593167,v1,sniper,eth_5m_v1,0,True,0,True,0,True,1,False
1779315011239682,2026-05-20 22:10:11.239682,poly_updown_eth_5m_sniper_DOWN_INV,False,eth_5m_sniper_DOWN_INV,ETH,5m,UP,0xba21385942f9d97efaa16eca1cf4c0db98d194eb58428379d478c94155690ede,False,-24.999975,Down,0.55,v1,INV,eth_5m_v1,0,False,0,False,0,False,1,False
1779315011239682,2026-05-20 22:10:11.239682,poly_updown_eth_5m_sniper_DOWN_INV,False,eth_5m_sniper_DOWN_INV,ETH,5m,UP,0xba21385942f9d97efaa16eca1cf4c0db98d194eb58428379d478c94155690ede,False,-24.999975,Down,0.55,v1,INV,eth_5m_v1,0,False,0,False,0,False,1,False
1779315011443476,2026-05-20 22:10:11.443476,poly_updown_eth_5m_sniper,False,eth_5m_sniper,ETH,5m,DOWN,0xba21385942f9d97efaa16eca1cf4c0db98d194eb58428379d478c94155690ede,True,26.130181,Down,0.4880614323593167,v1,sniper,eth_5m_v1,0,True,0,True,0,True,1,False
1779315011443476,2026-05-20 22:10:11.443476,poly_updown_eth_5m_sniper,False,eth_5m_sniper,ETH,5m,DOWN,0xba21385942f9d97efaa16eca1cf4c0db98d194eb58428379d478c94155690ede,True,26.130181,Down,0.4880614323593167,v1,sniper,eth_5m_v1,0,True,0,True,0,True,1,False
1779315011489486,2026-05-20 22:10:11.489486,poly_updown_eth_5m_sniper_DOWN_INV,False,eth_5m_sniper_DOWN_INV,ETH,5m,UP,0xba21385942f9d97efaa16eca1cf4c0db98d194eb58428379d478c94155690ede,False,-24.999975,Down,0.55,v1,INV,eth_5m_v1,0,False,0,False,0,False,1,False
1779315011489486,2026-05-20 22:10:11.489486,poly_updown_eth_5m_sniper_DOWN_INV,False,eth_5m_sniper_DOWN_INV,ETH,5m,UP,0xba21385942f9d97efaa16eca1cf4c0db98d194eb58428379d478c94155690ede,False,-24.999975,Down,0.55,v1,INV,eth_5m_v1,0,False,0,False,0,False,1,False
1779315601042567,2026-05-20 22:20:01.042567,poly_updown_btc_5m_sniper,False,btc_5m_sniper,BTC,5m,DOWN,0x05336976b981401d24b0714d749fab1fed23b00322163d5baee75a900953d053,False,-1.49999976,Up,0.49,v1,sniper,btc_5m_v1,0,True,0,True,0,True,1,False
1779315601042567,2026-05-20 22:20:01.042567,poly_updown_btc_5m_sniper,False,btc_5m_sniper,BTC,5m,DOWN,0x05336976b981401d24b0714d749fab1fed23b00322163d5baee75a900953d053,False,-1.49999976,Up,0.49,v1,sniper,btc_5m_v1,0,True,0,True,0,True,1,False
1779315601042567,2026-05-20 22:20:01.042567,poly_updown_btc_5m_sniper,False,btc_5m_sniper,BTC,5m,DOWN,0x05336976b981401d24b0714d749fab1fed23b00322163d5baee75a900953d053,False,-1.49999976,Up,0.49,v1,sniper,btc_5m_v1,0,True,0,True,0,True,1,False
1779315601042567,2026-05-20 22:20:01.042567,poly_updown_btc_5m_sniper,False,btc_5m_sniper,BTC,5m,DOWN,0x05336976b981401d24b0714d749fab1fed23b00322163d5baee75a900953d053,False,-1.49999976,Up,0.49,v1,sniper,btc_5m_v1,0,True,0,True,0,True,1,False
1779315601042567,2026-05-20 22:20:01.042567,poly_updown_btc_5m_sniper,False,btc_5m_sniper,BTC,5m,DOWN,0x05336976b981401d24b0714d749fab1fed23b00322163d5baee75a900953d053,False,-1.49999976,Up,0.49,v1,sniper,btc_5m_v1,0,True,0,True,0,True,1,False
1779315601042567,2026-05-20 22:20:01.042567,poly_updown_btc_5m_sniper,False,btc_5m_sniper,BTC,5m,DOWN,0x05336976b981401d24b0714d749fab1fed23b00322163d5baee75a900953d053,False,-1.49999976,Up,0.49,v1,sniper,btc_5m_v1,0,True,0,True,0,True,1,False
1779315601042567,2026-05-20 22:20:01.042567,poly_updown_btc_5m_sniper,False,btc_5m_sniper,BTC,5m,DOWN,0x05336976b981401d24b0714d749fab1fed23b00322163d5baee75a900953d053,False,-1.49999976,Up,0.49,v1,sniper,btc_5m_v1,0,True,0,True,0,True,1,False
1779315601042567,2026-05-20 22:20:01.042567,poly_updown_btc_5m_sniper,False,btc_5m_sniper,BTC,5m,DOWN,0x05336976b981401d24b0714d749fab1fed23b00322163d5baee75a900953d053,False,-1.49999976,Up,0.49,v1,sniper,btc_5m_v1,0,True,0,True,0,True,1,False
1779315602047611,2026-05-20 22:20:02.047611,poly_updown_btc_5m_sniper,False,btc_5m_sniper,BTC,5m,DOWN,0x05336976b981401d24b0714d749fab1fed23b00322163d5baee75a900953d053,False,-1.49999976,Up,0.49,v1,sniper,btc_5m_v1,0,True,0,True,0,True,1,False
1779315602047611,2026-05-20 22:20:02.047611,poly_updown_btc_5m_sniper,False,btc_5m_sniper,BTC,5m,DOWN,0x05336976b981401d24b0714d749fab1fed23b00322163d5baee75a900953d053,False,-1.49999976,Up,0.49,v1,sniper,btc_5m_v1,0,True,0,True,0,True,1,False
1779315602047611,2026-05-20 22:20:02.047611,poly_updown_btc_5m_sniper,False,btc_5m_sniper,BTC,5m,DOWN,0x05336976b981401d24b0714d749fab1fed23b00322163d5baee75a900953d053,False,-1.49999976,Up,0.49,v1,sniper,btc_5m_v1,0,True,0,True,0,True,1,False
1779315602047611,2026-05-20 22:20:02.047611,poly_updown_btc_5m_sniper,False,btc_5m_sniper,BTC,5m,DOWN,0x05336976b981401d24b0714d749fab1fed23b00322163d5baee75a900953d053,False,-1.49999976,Up,0.49,v1,sniper,btc_5m_v1,0,True,0,True,0,True,1,False
1779315602047611,2026-05-20 22:20:02.047611,poly_updown_btc_5m_sniper,False,btc_5m_sniper,BTC,5m,DOWN,0x05336976b981401d24b0714d749fab1fed23b00322163d5baee75a900953d053,False,-1.49999976,Up,0.49,v1,sniper,btc_5m_v1,0,True,0,True,0,True,1,False
1779315602047611,2026-05-20 22:20:02.047611,poly_updown_btc_5m_sniper,False,btc_5m_sniper,BTC,5m,DOWN,0x05336976b981401d24b0714d749fab1fed23b00322163d5baee75a900953d053,False,-1.49999976,Up,0.49,v1,sniper,btc_5m_v1,0,True,0,True,0,True,1,False
1779315602047611,2026-05-20 22:20:02.047611,poly_updown_btc_5m_sniper,False,btc_5m_sniper,BTC,5m,DOWN,0x05336976b981401d24b0714d749fab1fed23b00322163d5baee75a900953d053,False,-1.49999976,Up,0.49,v1,sniper,btc_5m_v1,0,True,0,True,0,True,1,False
1779315602047611,2026-05-20 22:20:02.047611,poly_updown_btc_5m_sniper,False,btc_5m_sniper,BTC,5m,DOWN,0x05336976b981401d24b0714d749fab1fed23b00322163d5baee75a900953d053,False,-1.49999976,Up,0.49,v1,sniper,btc_5m_v1,0,True,0,True,0,True,1,False
1779315907314857,2026-05-20 22:25:07.314857,poly_updown_eth_5m_sniper,False,eth_5m_sniper,ETH,5m,UP,0x3857671a0f879263860f296576c45d8c14c96f2830f12b7aaff45185eb0dc96c,True,23.08900776,Up,0.5193715982994557,v1,sniper,eth_5m_v1,0,False,0,False,1,False,0,False
1779315907314857,2026-05-20 22:25:07.314857,poly_updown_eth_5m_sniper,False,eth_5m_sniper,ETH,5m,UP,0x3857671a0f879263860f296576c45d8c14c96f2830f12b7aaff45185eb0dc96c,True,22.99002776,Up,0.5214319986291197,v1,sniper,eth_5m_v1,0,False,0,False,1,False,0,False
1779315907316160,2026-05-20 22:25:07.316160,poly_updown_btc_5m_v3_1,False,btc_5m_v3_1,BTC,5m,UP,0xc5f25bc50ba030f23aa0dec6bf248c78beaadae4b972377fdeeac41170fa7553,True,21.1415498,Up,0.5426520782364987,v1,1,btc_5m_v1,0,False,0,False,1,False,0,False
1779315907316160,2026-05-20 22:25:07.316160,poly_updown_btc_5m_v3_1,False,btc_5m_v3_1,BTC,5m,UP,0xc5f25bc50ba030f23aa0dec6bf248c78beaadae4b972377fdeeac41170fa7553,True,21.0435498,Up,0.5447720787452988,v1,1,btc_5m_v1,0,False,0,False,1,False,0,False
1779315907325443,2026-05-20 22:25:07.325443,poly_updown_btc_5m_v3,False,btc_5m_v3,BTC,5m,UP,0xc5f25bc50ba030f23aa0dec6bf248c78beaadae4b972377fdeeac41170fa7553,True,21.1415498,Up,0.5426520782364987,v1,v3,btc_5m_v1,0,False,0,False,1,False,0,False
1779315907325443,2026-05-20 22:25:07.325443,poly_updown_btc_5m_v3,False,btc_5m_v3,BTC,5m,UP,0xc5f25bc50ba030f23aa0dec6bf248c78beaadae4b972377fdeeac41170fa7553,True,21.0435498,Up,0.5447720787452988,v1,v3,btc_5m_v1,0,False,0,False,1,False,0,False
1779315907329133,2026-05-20 22:25:07.329133,poly_updown_btc_5m_sniper,False,btc_5m_sniper,BTC,5m,UP,0xc5f25bc50ba030f23aa0dec6bf248c78beaadae4b972377fdeeac41170fa7553,True,21.1415498,Up,0.5426520782364987,v1,sniper,btc_5m_v1,0,False,0,False,1,False,0,False
1779315907329133,2026-05-20 22:25:07.329133,poly_updown_btc_5m_sniper,False,btc_5m_sniper,BTC,5m,UP,0xc5f25bc50ba030f23aa0dec6bf248c78beaadae4b972377fdeeac41170fa7553,True,21.0435498,Up,0.5447720787452988,v1,sniper,btc_5m_v1,0,False,0,False,1,False,0,False
1779315907488164,2026-05-20 22:25:07.488164,poly_updown_sol_5m_sniper,False,sol_5m_sniper,SOL,5m,UP,0x01e36b93b3f0dee151724d31f62c6e620a07f4cd24eff23d16d096391fff6f63,True,22.97140776,Up,0.5218195986911357,v1,sniper,sol_5m_v1,1,False,0,False,1,False,1,False
1779315907497499,2026-05-20 22:25:07.497499,poly_updown_sol_5m_sniper_INV,False,sol_5m_sniper_INV,SOL,5m,DOWN,0x01e36b93b3f0dee151724d31f62c6e620a07f4cd24eff23d16d096391fff6f63,False,-25.9455,Up,0.51891,v1,INV,sol_5m_v1,1,False,0,True,1,False,1,False
1779315907762551,2026-05-20 22:25:07.762551,poly_updown_btc_5m_v3,False,btc_5m_v3,BTC,5m,UP,0xc5f25bc50ba030f23aa0dec6bf248c78beaadae4b972377fdeeac41170fa7553,True,21.1415498,Up,0.5426520782364987,v1,v3,btc_5m_v1,0,False,0,False,1,False,0,False
1779315907762551,2026-05-20 22:25:07.762551,poly_updown_btc_5m_v3,False,btc_5m_v3,BTC,5m,UP,0xc5f25bc50ba030f23aa0dec6bf248c78beaadae4b972377fdeeac41170fa7553,True,21.0435498,Up,0.5447720787452988,v1,v3,btc_5m_v1,0,False,0,False,1,False,0,False
1779315907779191,2026-05-20 22:25:07.779191,poly_updown_eth_5m_sniper,False,eth_5m_sniper,ETH,5m,UP,0x3857671a0f879263860f296576c45d8c14c96f2830f12b7aaff45185eb0dc96c,True,23.08900776,Up,0.5193715982994557,v1,sniper,eth_5m_v1,0,False,0,False,1,False,0,False
1779315907779191,2026-05-20 22:25:07.779191,poly_updown_eth_5m_sniper,False,eth_5m_sniper,ETH,5m,UP,0x3857671a0f879263860f296576c45d8c14c96f2830f12b7aaff45185eb0dc96c,True,22.99002776,Up,0.5214319986291197,v1,sniper,eth_5m_v1,0,False,0,False,1,False,0,False
1779315907787334,2026-05-20 22:25:07.787334,poly_updown_btc_5m_v3_1,False,btc_5m_v3_1,BTC,5m,UP,0xc5f25bc50ba030f23aa0dec6bf248c78beaadae4b972377fdeeac41170fa7553,True,21.1415498,Up,0.5426520782364987,v1,1,btc_5m_v1,0,False,0,False,1,False,0,False
1779315907787334,2026-05-20 22:25:07.787334,poly_updown_btc_5m_v3_1,False,btc_5m_v3_1,BTC,5m,UP,0xc5f25bc50ba030f23aa0dec6bf248c78beaadae4b972377fdeeac41170fa7553,True,21.0435498,Up,0.5447720787452988,v1,1,btc_5m_v1,0,False,0,False,1,False,0,False
1779315907794574,2026-05-20 22:25:07.794574,poly_updown_eth_5m_v3,False,eth_5m_v3,ETH,5m,UP,0x3857671a0f879263860f296576c45d8c14c96f2830f12b7aaff45185eb0dc96c,True,22.99002776,Up,0.5214319986291197,v1,v3,eth_5m_v1,0,False,0,False,1,False,0,False
1779315907856295,2026-05-20 22:25:07.856295,poly_updown_btc_5m_sniper,False,btc_5m_sniper,BTC,5m,UP,0xc5f25bc50ba030f23aa0dec6bf248c78beaadae4b972377fdeeac41170fa7553,True,21.1415498,Up,0.5426520782364987,v1,sniper,btc_5m_v1,0,False,0,False,1,False,0,False
1779315907856295,2026-05-20 22:25:07.856295,poly_updown_btc_5m_sniper,False,btc_5m_sniper,BTC,5m,UP,0xc5f25bc50ba030f23aa0dec6bf248c78beaadae4b972377fdeeac41170fa7553,True,21.0435498,Up,0.5447720787452988,v1,sniper,btc_5m_v1,0,False,0,False,1,False,0,False
1779316203316951,2026-05-20 22:30:03.316951,poly_updown_btc_15m_sniper,False,btc_15m_sniper,BTC,15m,UP,0xdffa51b29fb9568efd068577bf6aa720a574d8966b7b75be18e83664b32f9e90,True,23.53921192,Up,0.51,v1,sniper,btc_15m_v1,2,True,0,False,1,False,1,False
1779316203388467,2026-05-20 22:30:03.388467,poly_updown_sol_15m_sniper,False,sol_15m_sniper,SOL,15m,UP,0x953fe209513980833b95a90fdd0dd8826e70e54b180b4d84bbbd3a3bfaa694be,True,24.47999624,Up,0.5103999968639994,v1,sniper,sol_15m_v1,2,True,1,False,1,False,1,False
1779316203388467,2026-05-20 22:30:03.388467,poly_updown_sol_15m_sniper,False,sol_15m_sniper,SOL,15m,UP,0x953fe209513980833b95a90fdd0dd8826e70e54b180b4d84bbbd3a3bfaa694be,True,24.47999624,Up,0.5103999968639994,v1,sniper,sol_15m_v1,2,True,1,False,1,False,1,False
1779316203388467,2026-05-20 22:30:03.388467,poly_updown_sol_15m_sniper,False,sol_15m_sniper,SOL,15m,UP,0x953fe209513980833b95a90fdd0dd8826e70e54b180b4d84bbbd3a3bfaa694be,True,24.47999624,Up,0.5103999968639994,v1,sniper,sol_15m_v1,2,True,1,False,1,False,1,False
1779316212782681,2026-05-20 22:30:12.782681,poly_updown_sol_5m_sniper_INV,False,sol_5m_sniper_INV,SOL,5m,DOWN,0x5891d0222cd6c8977236f63a7fabd73e5b8aa0090c0d3726504d9111b9931211,True,23.27647,Down,0.52497,v1,INV,sol_5m_v1,2,False,1,False,1,False,1,False
1779316212782681,2026-05-20 22:30:12.782681,poly_updown_sol_5m_sniper_INV,False,sol_5m_sniper_INV,SOL,5m,DOWN,0x5891d0222cd6c8977236f63a7fabd73e5b8aa0090c0d3726504d9111b9931211,True,23.27647,Down,0.52497,v1,INV,sol_5m_v1,2,False,1,False,1,False,1,False
1779316212814829,2026-05-20 22:30:12.814829,poly_updown_sol_5m_sniper,False,sol_5m_sniper,SOL,5m,UP,0x5891d0222cd6c8977236f63a7fabd73e5b8aa0090c0d3726504d9111b9931211,False,-25.189692,Down,0.5138697990191678,v1,sniper,sol_5m_v1,2,True,1,False,1,False,1,False
1779316212814829,2026-05-20 22:30:12.814829,poly_updown_sol_5m_sniper,False,sol_5m_sniper,SOL,5m,UP,0x5891d0222cd6c8977236f63a7fabd73e5b8aa0090c0d3726504d9111b9931211,False,-25.189692,Down,0.5138697990191678,v1,sniper,sol_5m_v1,2,True,1,False,1,False,1,False
1779316212827031,2026-05-20 22:30:12.827031,poly_updown_sol_5m_v3,False,sol_5m_v3,SOL,5m,UP,0x5891d0222cd6c8977236f63a7fabd73e5b8aa0090c0d3726504d9111b9931211,False,-25.189692,Down,0.5138697990191678,v1,v3,sol_5m_v1,2,True,1,False,1,False,1,False
1779316212827031,2026-05-20 22:30:12.827031,poly_updown_sol_5m_v3,False,sol_5m_v3,SOL,5m,UP,0x5891d0222cd6c8977236f63a7fabd73e5b8aa0090c0d3726504d9111b9931211,False,-25.189692,Down,0.5138697990191678,v1,v3,sol_5m_v1,2,True,1,False,1,False,1,False
1779316213704868,2026-05-20 22:30:13.704868,poly_updown_sol_15m_sniper,False,sol_15m_sniper,SOL,15m,UP,0x953fe209513980833b95a90fdd0dd8826e70e54b180b4d84bbbd3a3bfaa694be,True,24.47999624,Up,0.5103999968639994,v1,sniper,sol_15m_v1,2,True,1,False,1,False,1,False
1779316213704868,2026-05-20 22:30:13.704868,poly_updown_sol_15m_sniper,False,sol_15m_sniper,SOL,15m,UP,0x953fe209513980833b95a90fdd0dd8826e70e54b180b4d84bbbd3a3bfaa694be,True,24.47999624,Up,0.5103999968639994,v1,sniper,sol_15m_v1,2,True,1,False,1,False,1,False
1779316213704868,2026-05-20 22:30:13.704868,poly_updown_sol_15m_sniper,False,sol_15m_sniper,SOL,15m,UP,0x953fe209513980833b95a90fdd0dd8826e70e54b180b4d84bbbd3a3bfaa694be,True,24.47999624,Up,0.5103999968639994,v1,sniper,sol_15m_v1,2,True,1,False,1,False,1,False
1779317525447539,2026-05-20 22:52:05.447539,poly_updown_sol_5m_momo_HEDGE,False,sol_5m_momo_HEDGE,SOL,5m,DOWN,0x5b133d3997890fad103e0d047afd3bd6c3be895745fcef1731eabd9c357430c3,False,-25.478388,Up,0.5197591983614717,v1,HEDGE,sol_5m_v1,0,True,1,False,1,False,1,False
1779317525447539,2026-05-20 22:52:05.447539,poly_updown_sol_5m_momo_HEDGE,False,sol_5m_momo_HEDGE,SOL,5m,DOWN,0x5b133d3997890fad103e0d047afd3bd6c3be895745fcef1731eabd9c357430c3,False,-25.478388,Up,0.5197591983614717,v1,HEDGE,sol_5m_v1,0,True,1,False,1,False,1,False
1779317525452376,2026-05-20 22:52:05.452376,poly_updown_sol_5m_momo_SELL,False,sol_5m_momo_SELL,SOL,5m,DOWN,0x5b133d3997890fad103e0d047afd3bd6c3be895745fcef1731eabd9c357430c3,False,-25.478388,Up,0.5197591983614717,v1,SELL,sol_5m_v1,0,True,1,False,1,False,1,False
1779317525452376,2026-05-20 22:52:05.452376,poly_updown_sol_5m_momo_SELL,False,sol_5m_momo_SELL,SOL,5m,DOWN,0x5b133d3997890fad103e0d047afd3bd6c3be895745fcef1731eabd9c357430c3,False,-25.478388,Up,0.5197591983614717,v1,SELL,sol_5m_v1,0,True,1,False,1,False,1,False
1779317525452583,2026-05-20 22:52:05.452583,poly_updown_sol_5m_momo_HOLD,False,sol_5m_momo_HOLD,SOL,5m,DOWN,0x5b133d3997890fad103e0d047afd3bd6c3be895745fcef1731eabd9c357430c3,False,-25.478388,Up,0.5197591983614717,v1,HOLD,sol_5m_v1,0,True,1,False,1,False,1,False
1779317525452583,2026-05-20 22:52:05.452583,poly_updown_sol_5m_momo_HOLD,False,sol_5m_momo_HOLD,SOL,5m,DOWN,0x5b133d3997890fad103e0d047afd3bd6c3be895745fcef1731eabd9c357430c3,False,-25.478388,Up,0.5197591983614717,v1,HOLD,sol_5m_v1,0,True,1,False,1,False,1,False
1779324420568186,2026-05-21 00:47:00.568186,poly_updown_btc_5m_momo_HOLD,False,btc_5m_momo_HOLD,BTC,5m,UP,0xa14c169c2a5b4d6621c942ff0979fbcb66e17a13192d377c6f9d7fc0c934bf13,True,24.5,Up,0.5,v1,HOLD,btc_5m_v1,2,True,2,True,1,False,1,False
1779324420580189,2026-05-21 00:47:00.580189,poly_updown_btc_5m_momo_SELL,False,btc_5m_momo_SELL,BTC,5m,UP,0xa14c169c2a5b4d6621c942ff0979fbcb66e17a13192d377c6f9d7fc0c934bf13,True,24.5,Up,0.5,v1,SELL,btc_5m_v1,2,True,2,True,1,False,1,False
1779324420580425,2026-05-21 00:47:00.580425,poly_updown_btc_5m_momo_HEDGE,False,btc_5m_momo_HEDGE,BTC,5m,UP,0xa14c169c2a5b4d6621c942ff0979fbcb66e17a13192d377c6f9d7fc0c934bf13,True,24.5,Up,0.5,v1,HEDGE,btc_5m_v1,2,True,2,True,1,False,1,False
1779324420726817,2026-05-21 00:47:00.726817,poly_updown_btc_15m_momo_HEDGE,False,btc_15m_momo_HEDGE,BTC,15m,UP,0x4f277405b44ec0bd08282132b0c7cf3d523b859fd752507d3bb4160827af11c7,True,27.62761316,Up,0.47,v1,HEDGE,btc_15m_v1,2,True,2,True,1,False,1,False
1779324420727364,2026-05-21 00:47:00.727364,poly_updown_btc_15m_momo_HOLD,False,btc_15m_momo_HOLD,BTC,15m,UP,0x4f277405b44ec0bd08282132b0c7cf3d523b859fd752507d3bb4160827af11c7,True,27.62761316,Up,0.47,v1,HOLD,btc_15m_v1,2,True,2,True,1,False,1,False
1779324420734291,2026-05-21 00:47:00.734291,poly_updown_btc_15m_momo_SELL,False,btc_15m_momo_SELL,BTC,15m,UP,0x4f277405b44ec0bd08282132b0c7cf3d523b859fd752507d3bb4160827af11c7,True,27.62761316,Up,0.47,v1,SELL,btc_15m_v1,2,True,2,True,1,False,1,False
1779324426782531,2026-05-21 00:47:06.782531,poly_updown_btc_5m_momo_HEDGE_f7,True,btc_5m_momo_HEDGE,BTC,5m,UP,0xa14c169c2a5b4d6621c942ff0979fbcb66e17a13192d377c6f9d7fc0c934bf13,True,24.5,Up,0.5,v1,HEDGE,btc_5m_v1,2,True,2,True,1,False,1,False
1779324426783699,2026-05-21 00:47:06.783699,poly_updown_btc_5m_momo_HOLD_f7,True,btc_5m_momo_HOLD,BTC,5m,UP,0xa14c169c2a5b4d6621c942ff0979fbcb66e17a13192d377c6f9d7fc0c934bf13,True,24.5,Up,0.5,v1,HOLD,btc_5m_v1,2,True,2,True,1,False,1,False
1779324426787792,2026-05-21 00:47:06.787792,poly_updown_btc_5m_momo_SELL_f7,True,btc_5m_momo_SELL,BTC,5m,UP,0xa14c169c2a5b4d6621c942ff0979fbcb66e17a13192d377c6f9d7fc0c934bf13,True,24.5,Up,0.5,v1,SELL,btc_5m_v1,2,True,2,True,1,False,1,False
1779324426844188,2026-05-21 00:47:06.844188,poly_updown_btc_15m_momo_HOLD_f7,True,btc_15m_momo_HOLD,BTC,15m,UP,0x4f277405b44ec0bd08282132b0c7cf3d523b859fd752507d3bb4160827af11c7,True,27.62761316,Up,0.47,v1,HOLD,btc_15m_v1,2,True,2,True,1,False,1,False
1779324426848070,2026-05-21 00:47:06.848070,poly_updown_btc_15m_momo_HEDGE_f7,True,btc_15m_momo_HEDGE,BTC,15m,UP,0x4f277405b44ec0bd08282132b0c7cf3d523b859fd752507d3bb4160827af11c7,True,27.62761316,Up,0.47,v1,HEDGE,btc_15m_v1,2,True,2,True,1,False,1,False
1779324426848409,2026-05-21 00:47:06.848409,poly_updown_btc_15m_momo_SELL_f7,True,btc_15m_momo_SELL,BTC,15m,UP,0x4f277405b44ec0bd08282132b0c7cf3d523b859fd752507d3bb4160827af11c7,True,27.62761316,Up,0.47,v1,SELL,btc_15m_v1,2,True,2,True,1,False,1,False
1779324604503339,2026-05-21 00:50:04.503339,poly_updown_btc_5m_sniper,False,btc_5m_sniper,BTC,5m,UP,0x0a3655a9962ae3d793f5a87809d3612ba3e4bec90345bf7803840da0ee72c169,False,-25.400817,Down,0.487695998525439,v1,sniper,btc_5m_v1,2,True,2,True,1,False,1,False
1779324604503339,2026-05-21 00:50:04.503339,poly_updown_btc_5m_sniper,False,btc_5m_sniper,BTC,5m,UP,0x0a3655a9962ae3d793f5a87809d3612ba3e4bec90345bf7803840da0ee72c169,False,-24.999996,Down,0.49,v1,sniper,btc_5m_v1,2,True,2,True,1,False,1,False
1779324608568465,2026-05-21 00:50:08.568465,poly_updown_btc_5m_sniper,False,btc_5m_sniper,BTC,5m,UP,0x0a3655a9962ae3d793f5a87809d3612ba3e4bec90345bf7803840da0ee72c169,False,-25.400817,Down,0.487695998525439,v1,sniper,btc_5m_v1,2,True,2,True,1,False,1,False
1779324608568465,2026-05-21 00:50:08.568465,poly_updown_btc_5m_sniper,False,btc_5m_sniper,BTC,5m,UP,0x0a3655a9962ae3d793f5a87809d3612ba3e4bec90345bf7803840da0ee72c169,False,-24.999996,Down,0.49,v1,sniper,btc_5m_v1,2,True,2,True,1,False,1,False
1779324665341909,2026-05-21 00:51:05.341909,poly_updown_eth_5m_momo_v2_HEDGE,False,eth_5m_momo_v2_HEDGE,ETH,5m,UP,0x023dec042f99c6d89a090abda0f84fed213c6f8831a8d084cb1f874be768dca9,False,-24.999996,Down,0.49,v2,HEDGE,eth_5m_v2,2,True,2,True,1,False,1,False
1779324665344090,2026-05-21 00:51:05.344090,poly_updown_eth_5m_momo_v2_SELL,False,eth_5m_momo_v2_SELL,ETH,5m,UP,0x023dec042f99c6d89a090abda0f84fed213c6f8831a8d084cb1f874be768dca9,False,-24.999996,Down,0.49,v2,SELL,eth_5m_v2,2,True,2,True,1,False,1,False
1779324665344903,2026-05-21 00:51:05.344903,poly_updown_btc_5m_momo_v2_SELL,False,btc_5m_momo_v2_SELL,BTC,5m,UP,0x0a3655a9962ae3d793f5a87809d3612ba3e4bec90345bf7803840da0ee72c169,False,-24.999984,Down,0.48,v2,SELL,btc_5m_v2,2,True,2,True,2,True,1,False
1779324665353676,2026-05-21 00:51:05.353676,poly_updown_btc_5m_momo_v2_HOLD,False,btc_5m_momo_v2_HOLD,BTC,5m,UP,0x0a3655a9962ae3d793f5a87809d3612ba3e4bec90345bf7803840da0ee72c169,False,-24.999984,Down,0.48,v2,HOLD,btc_5m_v2,2,True,2,True,2,True,1,False
1779324665354453,2026-05-21 00:51:05.354453,poly_updown_sol_5m_momo_v2_HEDGE,False,sol_5m_momo_v2_HEDGE,SOL,5m,UP,0x059a323f8daacb2780b519f7c992f921304862b688709286c61c7efee7d29bd6,False,-2.51860768,Down,0.5001647184263549,v2,HEDGE,sol_5m_v2,2,True,2,True,1,False,1,False
1779324665355305,2026-05-21 00:51:05.355305,poly_updown_btc_5m_momo_v2_HEDGE,False,btc_5m_momo_v2_HEDGE,BTC,5m,UP,0x0a3655a9962ae3d793f5a87809d3612ba3e4bec90345bf7803840da0ee72c169,False,-24.999984,Down,0.48,v2,HEDGE,btc_5m_v2,2,True,2,True,2,True,1,False
1779324665355634,2026-05-21 00:51:05.355634,poly_updown_eth_5m_momo_v2_HOLD,False,eth_5m_momo_v2_HOLD,ETH,5m,UP,0x023dec042f99c6d89a090abda0f84fed213c6f8831a8d084cb1f874be768dca9,False,-24.999996,Down,0.49,v2,HOLD,eth_5m_v2,2,True,2,True,1,False,1,False
1779324665360928,2026-05-21 00:51:05.360928,poly_updown_sol_5m_momo_v2_HOLD,False,sol_5m_momo_v2_HOLD,SOL,5m,UP,0x059a323f8daacb2780b519f7c992f921304862b688709286c61c7efee7d29bd6,False,-25.518604,Down,0.5001647184263549,v2,HOLD,sol_5m_v2,2,True,2,True,1,False,1,False
1779324665361577,2026-05-21 00:51:05.361577,poly_updown_sol_5m_momo_v2_SELL,False,sol_5m_momo_v2_SELL,SOL,5m,UP,0x059a323f8daacb2780b519f7c992f921304862b688709286c61c7efee7d29bd6,False,-2.04922,exited_at_bid,0.5001647184263549,v2,SELL,sol_5m_v2,2,True,2,True,1,False,1,False
1779324669281296,2026-05-21 00:51:09.281296,poly_updown_btc_5m_momo_v2_HOLD_f7,True,btc_5m_momo_v2_HOLD,BTC,5m,UP,0x0a3655a9962ae3d793f5a87809d3612ba3e4bec90345bf7803840da0ee72c169,False,-24.999984,Down,0.48,v2,HOLD,btc_5m_v2,2,True,2,True,2,True,1,False
1779324669281583,2026-05-21 00:51:09.281583,poly_updown_btc_5m_momo_v2_SELL_f7,True,btc_5m_momo_v2_SELL,BTC,5m,UP,0x0a3655a9962ae3d793f5a87809d3612ba3e4bec90345bf7803840da0ee72c169,False,-24.999984,Down,0.48,v2,SELL,btc_5m_v2,2,True,2,True,2,True,1,False
1779324669285320,2026-05-21 00:51:09.285320,poly_updown_btc_5m_momo_v2_HEDGE_f7,True,btc_5m_momo_v2_HEDGE,BTC,5m,UP,0x0a3655a9962ae3d793f5a87809d3612ba3e4bec90345bf7803840da0ee72c169,False,-24.999984,Down,0.48,v2,HEDGE,btc_5m_v2,2,True,2,True,2,True,1,False
1779324669294135,2026-05-21 00:51:09.294135,poly_updown_sol_5m_momo_v2_HOLD_f7,True,sol_5m_momo_v2_HOLD,SOL,5m,UP,0x059a323f8daacb2780b519f7c992f921304862b688709286c61c7efee7d29bd6,False,-25.418604,Down,0.4982047181127548,v2,HOLD,sol_5m_v2,2,True,2,True,1,False,1,False
1779324669294621,2026-05-21 00:51:09.294621,poly_updown_sol_5m_momo_v2_SELL_f7,True,sol_5m_momo_v2_SELL,SOL,5m,UP,0x059a323f8daacb2780b519f7c992f921304862b688709286c61c7efee7d29bd6,False,-1.94922,exited_at_bid,0.4982047181127548,v2,SELL,sol_5m_v2,2,True,2,True,1,False,1,False
1779324669295430,2026-05-21 00:51:09.295430,poly_updown_sol_5m_momo_v2_HEDGE_f7,True,sol_5m_momo_v2_HEDGE,SOL,5m,UP,0x059a323f8daacb2780b519f7c992f921304862b688709286c61c7efee7d29bd6,False,-2.41860768,Down,0.4982047181127548,v2,HEDGE,sol_5m_v2,2,True,2,True,1,False,1,False
1779325208288793,2026-05-21 01:00:08.288793,poly_updown_btc_5m_volume_INV_NIGHT,False,btc_5m_volume_INV_NIGHT,BTC,5m,UP,0x438ea9c0f4899452d5cc57a7c4e3c42271937ccbc2e4eeafbb5c94d964f15147,True,25.49999592,Up,0.49,v1,NIGHT,btc_5m_v1,2,True,2,True,1,False,2,True
1779325208288793,2026-05-21 01:00:08.288793,poly_updown_btc_5m_volume_INV_NIGHT,False,btc_5m_volume_INV_NIGHT,BTC,5m,UP,0x438ea9c0f4899452d5cc57a7c4e3c42271937ccbc2e4eeafbb5c94d964f15147,True,25.49999592,Up,0.49,v1,NIGHT,btc_5m_v1,2,True,2,True,1,False,2,True
1779325208305267,2026-05-21 01:00:08.305267,poly_updown_sol_5m_volume_INV_NIGHT,False,sol_5m_volume_INV_NIGHT,SOL,5m,UP,0xdf2420966b2e5856023b6bdd53d7b3d0657f2bcfe16d8ec71fa3e13cd8b3869e,True,22.10194,Up,0.54894,v1,NIGHT,sol_5m_v1,2,True,2,True,1,False,1,False
1779325208305267,2026-05-21 01:00:08.305267,poly_updown_sol_5m_volume_INV_NIGHT,False,sol_5m_volume_INV_NIGHT,SOL,5m,UP,0xdf2420966b2e5856023b6bdd53d7b3d0657f2bcfe16d8ec71fa3e13cd8b3869e,True,23.81645,Up,0.51395,v1,NIGHT,sol_5m_v1,2,True,2,True,1,False,1,False
1779325208319375,2026-05-21 01:00:08.319375,poly_updown_eth_5m_volume_INV_NIGHT,False,eth_5m_volume_INV_NIGHT,ETH,5m,UP,0xac1155797815c25ab89e10b8dc50f55b2f6b8f21eff259d32bc990d0e6745d3f,False,-24.999996,Down,0.51,v1,NIGHT,eth_5m_v1,2,True,2,True,1,False,2,True
1779325208319375,2026-05-21 01:00:08.319375,poly_updown_eth_5m_volume_INV_NIGHT,False,eth_5m_volume_INV_NIGHT,ETH,5m,UP,0xac1155797815c25ab89e10b8dc50f55b2f6b8f21eff259d32bc990d0e6745d3f,False,-25.0,Down,0.5,v1,NIGHT,eth_5m_v1,2,True,2,True,1,False,2,True
1779325209378554,2026-05-21 01:00:09.378554,poly_updown_btc_15m_volume_INV_NIGHT,False,btc_15m_volume_INV_NIGHT,BTC,15m,UP,0xc1a290d90c765a05b1770c94a98e32a32fbda7417a0858a19da3c0f2ededf746,False,-24.999958,Down,0.47,v1,NIGHT,btc_15m_v1,2,True,2,True,1,False,2,True
1779325209378554,2026-05-21 01:00:09.378554,poly_updown_btc_15m_volume_INV_NIGHT,False,btc_15m_volume_INV_NIGHT,BTC,15m,UP,0xc1a290d90c765a05b1770c94a98e32a32fbda7417a0858a19da3c0f2ededf746,False,-24.999958,Down,0.47,v1,NIGHT,btc_15m_v1,2,True,2,True,1,False,2,True
1779325209379375,2026-05-21 01:00:09.379375,poly_updown_eth_15m_volume_INV_NIGHT,False,eth_15m_volume_INV_NIGHT,ETH,15m,UP,0xdb36df6257fb3acea1829aa849fe5ff3d1a846419cfd11cdf4c53b275d35db6f,False,-25.1102,Down,0.4921599987455997,v1,NIGHT,eth_15m_v1,2,True,2,True,1,False,2,True
1779325209379375,2026-05-21 01:00:09.379375,poly_updown_eth_15m_volume_INV_NIGHT,False,eth_15m_volume_INV_NIGHT,ETH,15m,UP,0xdb36df6257fb3acea1829aa849fe5ff3d1a846419cfd11cdf4c53b275d35db6f,False,-25.1102,Down,0.4921599987455997,v1,NIGHT,eth_15m_v1,2,True,2,True,1,False,2,True
1779325209389652,2026-05-21 01:00:09.389652,poly_updown_sol_15m_volume_INV_NIGHT,False,sol_15m_volume_INV_NIGHT,SOL,15m,UP,0x1b300b0370f1eca89978ecce82895b61884936cfbe15e81bf2ff1e641381433a,False,-25.440812,Down,0.4986399949823991,v1,NIGHT,sol_15m_v1,2,True,2,True,1,False,1,False
1779325209389652,2026-05-21 01:00:09.389652,poly_updown_sol_15m_volume_INV_NIGHT,False,sol_15m_volume_INV_NIGHT,SOL,15m,UP,0x1b300b0370f1eca89978ecce82895b61884936cfbe15e81bf2ff1e641381433a,False,-25.440812,Down,0.4986399949823991,v1,NIGHT,sol_15m_v1,2,True,2,True,1,False,1,False
1779325211093782,2026-05-21 01:00:11.093782,poly_updown_btc_5m_volume_INV_NIGHT,False,btc_5m_volume_INV_NIGHT,BTC,5m,UP,0x438ea9c0f4899452d5cc57a7c4e3c42271937ccbc2e4eeafbb5c94d964f15147,True,25.49999592,Up,0.49,v1,NIGHT,btc_5m_v1,2,True,2,True,1,False,2,True
1779325211093782,2026-05-21 01:00:11.093782,poly_updown_btc_5m_volume_INV_NIGHT,False,btc_5m_volume_INV_NIGHT,BTC,5m,UP,0x438ea9c0f4899452d5cc57a7c4e3c42271937ccbc2e4eeafbb5c94d964f15147,True,25.49999592,Up,0.49,v1,NIGHT,btc_5m_v1,2,True,2,True,1,False,2,True
1779325211103898,2026-05-21 01:00:11.103898,poly_updown_eth_5m_volume_INV_NIGHT,False,eth_5m_volume_INV_NIGHT,ETH,5m,UP,0xac1155797815c25ab89e10b8dc50f55b2f6b8f21eff259d32bc990d0e6745d3f,False,-24.999996,Down,0.51,v1,NIGHT,eth_5m_v1,2,True,2,True,1,False,2,True
1779325211103898,2026-05-21 01:00:11.103898,poly_updown_eth_5m_volume_INV_NIGHT,False,eth_5m_volume_INV_NIGHT,ETH,5m,UP,0xac1155797815c25ab89e10b8dc50f55b2f6b8f21eff259d32bc990d0e6745d3f,False,-25.0,Down,0.5,v1,NIGHT,eth_5m_v1,2,True,2,True,1,False,2,True
1779325211107002,2026-05-21 01:00:11.107002,poly_updown_sol_5m_volume_INV_NIGHT,False,sol_5m_volume_INV_NIGHT,SOL,5m,UP,0xdf2420966b2e5856023b6bdd53d7b3d0657f2bcfe16d8ec71fa3e13cd8b3869e,True,22.10194,Up,0.54894,v1,NIGHT,sol_5m_v1,2,True,2,True,1,False,1,False
1779325211107002,2026-05-21 01:00:11.107002,poly_updown_sol_5m_volume_INV_NIGHT,False,sol_5m_volume_INV_NIGHT,SOL,5m,UP,0xdf2420966b2e5856023b6bdd53d7b3d0657f2bcfe16d8ec71fa3e13cd8b3869e,True,23.81645,Up,0.51395,v1,NIGHT,sol_5m_v1,2,True,2,True,1,False,1,False
1779325211552760,2026-05-21 01:00:11.552760,poly_updown_eth_15m_volume_INV_NIGHT,False,eth_15m_volume_INV_NIGHT,ETH,15m,UP,0xdb36df6257fb3acea1829aa849fe5ff3d1a846419cfd11cdf4c53b275d35db6f,False,-25.1102,Down,0.4921599987455997,v1,NIGHT,eth_15m_v1,2,True,2,True,1,False,2,True
1779325211552760,2026-05-21 01:00:11.552760,poly_updown_eth_15m_volume_INV_NIGHT,False,eth_15m_volume_INV_NIGHT,ETH,15m,UP,0xdb36df6257fb3acea1829aa849fe5ff3d1a846419cfd11cdf4c53b275d35db6f,False,-25.1102,Down,0.4921599987455997,v1,NIGHT,eth_15m_v1,2,True,2,True,1,False,2,True
1779325211556695,2026-05-21 01:00:11.556695,poly_updown_btc_15m_volume_INV_NIGHT,False,btc_15m_volume_INV_NIGHT,BTC,15m,UP,0xc1a290d90c765a05b1770c94a98e32a32fbda7417a0858a19da3c0f2ededf746,False,-24.999958,Down,0.47,v1,NIGHT,btc_15m_v1,2,True,2,True,1,False,2,True
1779325211556695,2026-05-21 01:00:11.556695,poly_updown_btc_15m_volume_INV_NIGHT,False,btc_15m_volume_INV_NIGHT,BTC,15m,UP,0xc1a290d90c765a05b1770c94a98e32a32fbda7417a0858a19da3c0f2ededf746,False,-24.999958,Down,0.47,v1,NIGHT,btc_15m_v1,2,True,2,True,1,False,2,True
1779325211722172,2026-05-21 01:00:11.722172,poly_updown_sol_15m_volume_INV_NIGHT,False,sol_15m_volume_INV_NIGHT,SOL,15m,UP,0x1b300b0370f1eca89978ecce82895b61884936cfbe15e81bf2ff1e641381433a,False,-25.440812,Down,0.4986399949823991,v1,NIGHT,sol_15m_v1,2,True,2,True,1,False,1,False
1779325211722172,2026-05-21 01:00:11.722172,poly_updown_sol_15m_volume_INV_NIGHT,False,sol_15m_volume_INV_NIGHT,SOL,15m,UP,0x1b300b0370f1eca89978ecce82895b61884936cfbe15e81bf2ff1e641381433a,False,-25.440812,Down,0.4986399949823991,v1,NIGHT,sol_15m_v1,2,True,2,True,1,False,1,False
1779325260667851,2026-05-21 01:01:00.667851,poly_updown_eth_5m_momo_v2_HEDGE_f7,True,eth_5m_momo_v2_HEDGE,ETH,5m,UP,0xac1155797815c25ab89e10b8dc50f55b2f6b8f21eff259d32bc990d0e6745d3f,False,-24.999996,Down,0.49,v2,HEDGE,eth_5m_v2,2,True,2,True,1,False,2,True
1779325260702491,2026-05-21 01:01:00.702491,poly_updown_eth_5m_momo_v2_SELL_f7,True,eth_5m_momo_v2_SELL,ETH,5m,UP,0xac1155797815c25ab89e10b8dc50f55b2f6b8f21eff259d32bc990d0e6745d3f,False,-24.999996,Down,0.49,v2,SELL,eth_5m_v2,2,True,2,True,1,False,2,True
1779325260704597,2026-05-21 01:01:00.704597,poly_updown_eth_5m_momo_v2_HOLD_f7,True,eth_5m_momo_v2_HOLD,ETH,5m,UP,0xac1155797815c25ab89e10b8dc50f55b2f6b8f21eff259d32bc990d0e6745d3f,False,-24.999996,Down,0.49,v2,HOLD,eth_5m_v2,2,True,2,True,1,False,2,True
1779325260877015,2026-05-21 01:01:00.877015,poly_updown_eth_15m_momo_v2_SELL_f7,True,eth_15m_momo_v2_SELL,ETH,15m,UP,0xdb36df6257fb3acea1829aa849fe5ff3d1a846419cfd11cdf4c53b275d35db6f,False,-24.999958,Down,0.47,v2,SELL,eth_15m_v2,2,True,2,True,1,False,2,True
1779325260877170,2026-05-21 01:01:00.877170,poly_updown_eth_15m_momo_v2_HOLD_f7,True,eth_15m_momo_v2_HOLD,ETH,15m,UP,0xdb36df6257fb3acea1829aa849fe5ff3d1a846419cfd11cdf4c53b275d35db6f,False,-24.999958,Down,0.47,v2,HOLD,eth_15m_v2,2,True,2,True,1,False,2,True
1779325260877485,2026-05-21 01:01:00.877485,poly_updown_eth_15m_momo_v2_HEDGE_f7,True,eth_15m_momo_v2_HEDGE,ETH,15m,UP,0xdb36df6257fb3acea1829aa849fe5ff3d1a846419cfd11cdf4c53b275d35db6f,False,-24.999958,Down,0.47,v2,HEDGE,eth_15m_v2,2,True,2,True,1,False,2,True
1779325503420974,2026-05-21 01:05:03.420974,poly_updown_btc_5m_volume_INV_NIGHT,False,btc_5m_volume_INV_NIGHT,BTC,5m,DOWN,0x8ec1fcb00f17f55c53c991729d2fe3e30e2098a0ef585c53a5a889969f44a88d,False,-25.151657,Up,0.523154716714264,v1,NIGHT,btc_5m_v1,2,False,2,False,2,False,2,False
1779325503420974,2026-05-21 01:05:03.420974,poly_updown_btc_5m_volume_INV_NIGHT,False,btc_5m_volume_INV_NIGHT,BTC,5m,DOWN,0x8ec1fcb00f17f55c53c991729d2fe3e30e2098a0ef585c53a5a889969f44a88d,False,-25.305557,Up,0.5263558382508023,v1,NIGHT,btc_5m_v1,2,False,2,False,2,False,2,False
1779325503430473,2026-05-21 01:05:03.430473,poly_updown_eth_5m_volume_INV_NIGHT,False,eth_5m_volume_INV_NIGHT,ETH,5m,DOWN,0x00b835b91a383e8307af73e6b6f6169f5581eb460d77ddc56a2eb7b461bc4988,False,-24.999948,Up,0.54,v1,NIGHT,eth_5m_v1,2,False,2,False,2,False,2,False
1779325503430473,2026-05-21 01:05:03.430473,poly_updown_eth_5m_volume_INV_NIGHT,False,eth_5m_volume_INV_NIGHT,ETH,5m,DOWN,0x00b835b91a383e8307af73e6b6f6169f5581eb460d77ddc56a2eb7b461bc4988,False,-24.999948,Up,0.54,v1,NIGHT,eth_5m_v1,2,False,2,False,2,False,2,False
1779325505608237,2026-05-21 01:05:05.608237,poly_updown_eth_5m_volume_INV_NIGHT,False,eth_5m_volume_INV_NIGHT,ETH,5m,DOWN,0x00b835b91a383e8307af73e6b6f6169f5581eb460d77ddc56a2eb7b461bc4988,False,-24.999948,Up,0.54,v1,NIGHT,eth_5m_v1,2,False,2,False,2,False,2,False
1779325505608237,2026-05-21 01:05:05.608237,poly_updown_eth_5m_volume_INV_NIGHT,False,eth_5m_volume_INV_NIGHT,ETH,5m,DOWN,0x00b835b91a383e8307af73e6b6f6169f5581eb460d77ddc56a2eb7b461bc4988,False,-24.999948,Up,0.54,v1,NIGHT,eth_5m_v1,2,False,2,False,2,False,2,False
1779325505612721,2026-05-21 01:05:05.612721,poly_updown_btc_5m_volume_INV_NIGHT,False,btc_5m_volume_INV_NIGHT,BTC,5m,DOWN,0x8ec1fcb00f17f55c53c991729d2fe3e30e2098a0ef585c53a5a889969f44a88d,False,-25.151657,Up,0.523154716714264,v1,NIGHT,btc_5m_v1,2,False,2,False,2,False,2,False
1779325505612721,2026-05-21 01:05:05.612721,poly_updown_btc_5m_volume_INV_NIGHT,False,btc_5m_volume_INV_NIGHT,BTC,5m,DOWN,0x8ec1fcb00f17f55c53c991729d2fe3e30e2098a0ef585c53a5a889969f44a88d,False,-25.305557,Up,0.5263558382508023,v1,NIGHT,btc_5m_v1,2,False,2,False,2,False,2,False
1779325505614737,2026-05-21 01:05:05.614737,poly_updown_sol_5m_volume_INV_NIGHT,False,sol_5m_volume_INV_NIGHT,SOL,5m,DOWN,0xb8b580e62eeec0c0ad309e76a5e406f67da48e9f2cc43269dcb6c9ef9079db9a,False,-26.069084,Up,0.5318093986895037,v1,NIGHT,sol_5m_v1,2,False,2,False,1,False,1,False
1779325807374649,2026-05-21 01:10:07.374649,poly_updown_btc_5m_volume_INV_NIGHT,False,btc_5m_volume_INV_NIGHT,BTC,5m,UP,0x50f98ac819968d2d0391e01cbc0b030b925f7e613abd4a806a3f793e148629fa,False,-25.2311,Down,0.4945296391247422,v1,NIGHT,btc_5m_v1,1,False,2,True,1,False,2,True
1779325807374649,2026-05-21 01:10:07.374649,poly_updown_btc_5m_volume_INV_NIGHT,False,btc_5m_volume_INV_NIGHT,BTC,5m,UP,0x50f98ac819968d2d0391e01cbc0b030b925f7e613abd4a806a3f793e148629fa,False,-24.999996,Down,0.49,v1,NIGHT,btc_5m_v1,1,False,2,True,1,False,2,True
1779325807421289,2026-05-21 01:10:07.421289,poly_updown_eth_5m_volume_INV_NIGHT,False,eth_5m_volume_INV_NIGHT,ETH,5m,UP,0x44a32d115caf20c2a90b814e3c1354db4bc795bc0e8f3b68887a30f2aea9718f,False,-25.360388,Down,0.5173519979763196,v1,NIGHT,eth_5m_v1,2,True,2,True,1,False,2,True
1779325807421289,2026-05-21 01:10:07.421289,poly_updown_eth_5m_volume_INV_NIGHT,False,eth_5m_volume_INV_NIGHT,ETH,5m,UP,0x44a32d115caf20c2a90b814e3c1354db4bc795bc0e8f3b68887a30f2aea9718f,False,-24.999996,Down,0.51,v1,NIGHT,eth_5m_v1,2,True,2,True,1,False,2,True
1779325808512715,2026-05-21 01:10:08.512715,poly_updown_sol_5m_volume_INV_NIGHT,False,sol_5m_volume_INV_NIGHT,SOL,5m,DOWN,0x43cc36bce376795e495130c4fc2ba65a413884799404b20aeebf7cda33ffeea7,True,22.68750568,Down,0.5277293980367036,v1,NIGHT,sol_5m_v1,1,False,2,False,1,False,1,False
1779325808522469,2026-05-21 01:10:08.522469,poly_updown_eth_5m_volume_INV_NIGHT,False,eth_5m_volume_INV_NIGHT,ETH,5m,UP,0x44a32d115caf20c2a90b814e3c1354db4bc795bc0e8f3b68887a30f2aea9718f,False,-25.360388,Down,0.5173519979763196,v1,NIGHT,eth_5m_v1,2,True,2,True,1,False,2,True
1779325808522469,2026-05-21 01:10:08.522469,poly_updown_eth_5m_volume_INV_NIGHT,False,eth_5m_volume_INV_NIGHT,ETH,5m,UP,0x44a32d115caf20c2a90b814e3c1354db4bc795bc0e8f3b68887a30f2aea9718f,False,-24.999996,Down,0.51,v1,NIGHT,eth_5m_v1,2,True,2,True,1,False,2,True
1779325808528794,2026-05-21 01:10:08.528794,poly_updown_btc_5m_volume_INV_NIGHT,False,btc_5m_volume_INV_NIGHT,BTC,5m,UP,0x50f98ac819968d2d0391e01cbc0b030b925f7e613abd4a806a3f793e148629fa,False,-25.2311,Down,0.4945296391247422,v1,NIGHT,btc_5m_v1,1,False,2,True,1,False,2,True
1779325808528794,2026-05-21 01:10:08.528794,poly_updown_btc_5m_volume_INV_NIGHT,False,btc_5m_volume_INV_NIGHT,BTC,5m,UP,0x50f98ac819968d2d0391e01cbc0b030b925f7e613abd4a806a3f793e148629fa,False,-24.999996,Down,0.49,v1,NIGHT,btc_5m_v1,1,False,2,True,1,False,2,True
1779326101170986,2026-05-21 01:15:01.170986,poly_updown_sol_5m_sniper_INV,False,sol_5m_sniper_INV,SOL,5m,DOWN,0xb69114ea11b2afb5bf26082a80c4d0a76d06384f9713845fcb49762014595ca3,True,21.72640988,Down,0.53,v1,INV,sol_5m_v1,2,False,2,False,1,False,1,False
1779326101185190,2026-05-21 01:15:01.185190,poly_updown_sol_5m_sniper,False,sol_5m_sniper,SOL,5m,UP,0xb69114ea11b2afb5bf26082a80c4d0a76d06384f9713845fcb49762014595ca3,False,-25.9955,Down,0.51991,v1,sniper,sol_5m_v1,2,True,2,True,1,False,1,False
1779326101186235,2026-05-21 01:15:01.186235,poly_updown_btc_5m_sniper,False,btc_5m_sniper,BTC,5m,UP,0x7efc10d2ac7bfdac9591f8730297c28eea0c8baa680a683a21fbb36b1f016eb4,True,-2.05102008,Up,0.49,v1,sniper,btc_5m_v1,2,True,2,True,1,False,2,True
1779326101186235,2026-05-21 01:15:01.186235,poly_updown_btc_5m_sniper,False,btc_5m_sniper,BTC,5m,UP,0x7efc10d2ac7bfdac9591f8730297c28eea0c8baa680a683a21fbb36b1f016eb4,True,-2.05102008,Up,0.49,v1,sniper,btc_5m_v1,2,True,2,True,1,False,2,True
1779326101186235,2026-05-21 01:15:01.186235,poly_updown_btc_5m_sniper,False,btc_5m_sniper,BTC,5m,UP,0x7efc10d2ac7bfdac9591f8730297c28eea0c8baa680a683a21fbb36b1f016eb4,True,-2.05102008,Up,0.49,v1,sniper,btc_5m_v1,2,True,2,True,1,False,2,True
1779326101186235,2026-05-21 01:15:01.186235,poly_updown_btc_5m_sniper,False,btc_5m_sniper,BTC,5m,UP,0x7efc10d2ac7bfdac9591f8730297c28eea0c8baa680a683a21fbb36b1f016eb4,True,-2.05102008,Up,0.49,v1,sniper,btc_5m_v1,2,True,2,True,1,False,2,True
1779326101186433,2026-05-21 01:15:01.186433,poly_updown_sol_5m_volume_INV_NIGHT,False,sol_5m_volume_INV_NIGHT,SOL,5m,DOWN,0xb69114ea11b2afb5bf26082a80c4d0a76d06384f9713845fcb49762014595ca3,True,21.72640988,Down,0.53,v1,NIGHT,sol_5m_v1,2,False,2,False,1,False,1,False
1779326101190133,2026-05-21 01:15:01.190133,poly_updown_btc_5m_volume_INV_NIGHT,False,btc_5m_volume_INV_NIGHT,BTC,5m,DOWN,0x7efc10d2ac7bfdac9591f8730297c28eea0c8baa680a683a21fbb36b1f016eb4,False,-24.999988,Up,0.52,v1,NIGHT,btc_5m_v1,2,False,2,False,1,False,2,False
1779326101190133,2026-05-21 01:15:01.190133,poly_updown_btc_5m_volume_INV_NIGHT,False,btc_5m_volume_INV_NIGHT,BTC,5m,DOWN,0x7efc10d2ac7bfdac9591f8730297c28eea0c8baa680a683a21fbb36b1f016eb4,False,-25.212357,Up,0.5244172773202931,v1,NIGHT,btc_5m_v1,2,False,2,False,1,False,2,False
1779326101220963,2026-05-21 01:15:01.220963,poly_updown_eth_5m_volume_INV_NIGHT,False,eth_5m_volume_INV_NIGHT,ETH,5m,DOWN,0xa4944481a4705bac28a8666e8c1e007f1348c7c6bfc08876358d35565d1b4dd3,True,23.59987,Down,0.51837,v1,NIGHT,eth_5m_v1,2,False,2,False,1,False,2,False
1779326101571948,2026-05-21 01:15:01.571948,poly_updown_btc_5m_sniper,False,btc_5m_sniper,BTC,5m,UP,0x7efc10d2ac7bfdac9591f8730297c28eea0c8baa680a683a21fbb36b1f016eb4,True,-2.05102008,Up,0.49,v1,sniper,btc_5m_v1,2,True,2,True,1,False,2,True
1779326101571948,2026-05-21 01:15:01.571948,poly_updown_btc_5m_sniper,False,btc_5m_sniper,BTC,5m,UP,0x7efc10d2ac7bfdac9591f8730297c28eea0c8baa680a683a21fbb36b1f016eb4,True,-2.05102008,Up,0.49,v1,sniper,btc_5m_v1,2,True,2,True,1,False,2,True
1779326101571948,2026-05-21 01:15:01.571948,poly_updown_btc_5m_sniper,False,btc_5m_sniper,BTC,5m,UP,0x7efc10d2ac7bfdac9591f8730297c28eea0c8baa680a683a21fbb36b1f016eb4,True,-2.05102008,Up,0.49,v1,sniper,btc_5m_v1,2,True,2,True,1,False,2,True
1779326101571948,2026-05-21 01:15:01.571948,poly_updown_btc_5m_sniper,False,btc_5m_sniper,BTC,5m,UP,0x7efc10d2ac7bfdac9591f8730297c28eea0c8baa680a683a21fbb36b1f016eb4,True,-2.05102008,Up,0.49,v1,sniper,btc_5m_v1,2,True,2,True,1,False,2,True
1779326101576356,2026-05-21 01:15:01.576356,poly_updown_btc_5m_volume_INV_NIGHT,False,btc_5m_volume_INV_NIGHT,BTC,5m,DOWN,0x7efc10d2ac7bfdac9591f8730297c28eea0c8baa680a683a21fbb36b1f016eb4,False,-24.999988,Up,0.52,v1,NIGHT,btc_5m_v1,2,False,2,False,1,False,2,False
1779326101576356,2026-05-21 01:15:01.576356,poly_updown_btc_5m_volume_INV_NIGHT,False,btc_5m_volume_INV_NIGHT,BTC,5m,DOWN,0x7efc10d2ac7bfdac9591f8730297c28eea0c8baa680a683a21fbb36b1f016eb4,False,-25.212357,Up,0.5244172773202931,v1,NIGHT,btc_5m_v1,2,False,2,False,1,False,2,False
1779326101704867,2026-05-21 01:15:01.704867,poly_updown_eth_15m_volume_INV_NIGHT,False,eth_15m_volume_INV_NIGHT,ETH,15m,DOWN,0xcfa500116ed1d2d5bd568ab75315f803249fb9b9f6183fa760159bb76d3581b7,True,23.128,Down,0.528,v1,NIGHT,eth_15m_v1,2,False,2,False,1,False,2,False
1779326101704867,2026-05-21 01:15:01.704867,poly_updown_eth_15m_volume_INV_NIGHT,False,eth_15m_volume_INV_NIGHT,ETH,15m,DOWN,0xcfa500116ed1d2d5bd568ab75315f803249fb9b9f6183fa760159bb76d3581b7,True,23.128,Down,0.528,v1,NIGHT,eth_15m_v1,2,False,2,False,1,False,2,False
1779326101706212,2026-05-21 01:15:01.706212,poly_updown_sol_15m_sniper,False,sol_15m_sniper,SOL,15m,UP,0x3523865662c7ee3ea06f4b23ab304e9c84a3c1a7985530f94a495eb9d97d725f,True,21.3898818,Up,0.5372799969471992,v1,sniper,sol_15m_v1,2,True,2,True,1,False,1,False
1779326101706212,2026-05-21 01:15:01.706212,poly_updown_sol_15m_sniper,False,sol_15m_sniper,SOL,15m,UP,0x3523865662c7ee3ea06f4b23ab304e9c84a3c1a7985530f94a495eb9d97d725f,True,21.3898818,Up,0.5372799969471992,v1,sniper,sol_15m_v1,2,True,2,True,1,False,1,False
1779326101719888,2026-05-21 01:15:01.719888,poly_updown_sol_15m_volume_INV_NIGHT,False,sol_15m_volume_INV_NIGHT,SOL,15m,DOWN,0x3523865662c7ee3ea06f4b23ab304e9c84a3c1a7985530f94a495eb9d97d725f,False,-25.34339,Up,0.5372799969471992,v1,NIGHT,sol_15m_v1,2,False,2,False,1,False,1,False
1779326101719888,2026-05-21 01:15:01.719888,poly_updown_sol_15m_volume_INV_NIGHT,False,sol_15m_volume_INV_NIGHT,SOL,15m,DOWN,0x3523865662c7ee3ea06f4b23ab304e9c84a3c1a7985530f94a495eb9d97d725f,False,-25.34339,Up,0.5372799969471992,v1,NIGHT,sol_15m_v1,2,False,2,False,1,False,1,False
1779326101729053,2026-05-21 01:15:01.729053,poly_updown_eth_15m_sniper,False,eth_15m_sniper,ETH,15m,UP,0xcfa500116ed1d2d5bd568ab75315f803249fb9b9f6183fa760159bb76d3581b7,False,-25.280388,Down,0.5157199977151996,v1,sniper,eth_15m_v1,2,True,2,True,1,False,2,True
1779326101729053,2026-05-21 01:15:01.729053,poly_updown_eth_15m_sniper,False,eth_15m_sniper,ETH,15m,UP,0xcfa500116ed1d2d5bd568ab75315f803249fb9b9f6183fa760159bb76d3581b7,False,-25.280388,Down,0.5157199977151996,v1,sniper,eth_15m_v1,2,True,2,True,1,False,2,True
1779326101861589,2026-05-21 01:15:01.861589,poly_updown_btc_15m_sniper,False,btc_15m_sniper,BTC,15m,UP,0x427085c110981fdb224deb10d6911cf04bf533c2408eb98a8dd7988e1e4bd594,True,-2.0,Up,0.5,v1,sniper,btc_15m_v1,2,True,2,True,1,False,2,True
1779326101861589,2026-05-21 01:15:01.861589,poly_updown_btc_15m_sniper,False,btc_15m_sniper,BTC,15m,UP,0x427085c110981fdb224deb10d6911cf04bf533c2408eb98a8dd7988e1e4bd594,True,-2.0,Up,0.5,v1,sniper,btc_15m_v1,2,True,2,True,1,False,2,True
1779326101861589,2026-05-21 01:15:01.861589,poly_updown_btc_15m_sniper,False,btc_15m_sniper,BTC,15m,UP,0x427085c110981fdb224deb10d6911cf04bf533c2408eb98a8dd7988e1e4bd594,True,-2.0,Up,0.5,v1,sniper,btc_15m_v1,2,True,2,True,1,False,2,True
1779326101861589,2026-05-21 01:15:01.861589,poly_updown_btc_15m_sniper,False,btc_15m_sniper,BTC,15m,UP,0x427085c110981fdb224deb10d6911cf04bf533c2408eb98a8dd7988e1e4bd594,True,-2.0,Up,0.5,v1,sniper,btc_15m_v1,2,True,2,True,1,False,2,True
1779326101862127,2026-05-21 01:15:01.862127,poly_updown_btc_15m_volume_INV_NIGHT,False,btc_15m_volume_INV_NIGHT,BTC,15m,DOWN,0x427085c110981fdb224deb10d6911cf04bf533c2408eb98a8dd7988e1e4bd594,False,-25.208892,Up,0.5142614790818366,v1,NIGHT,btc_15m_v1,2,False,2,False,1,False,2,False
1779326101862127,2026-05-21 01:15:01.862127,poly_updown_btc_15m_volume_INV_NIGHT,False,btc_15m_volume_INV_NIGHT,BTC,15m,DOWN,0x427085c110981fdb224deb10d6911cf04bf533c2408eb98a8dd7988e1e4bd594,False,-24.999948,Up,0.54,v1,NIGHT,btc_15m_v1,2,False,2,False,1,False,2,False
1779326103318133,2026-05-21 01:15:03.318133,poly_updown_sol_15m_sniper,False,sol_15m_sniper,SOL,15m,UP,0x3523865662c7ee3ea06f4b23ab304e9c84a3c1a7985530f94a495eb9d97d725f,True,21.3898818,Up,0.5372799969471992,v1,sniper,sol_15m_v1,2,True,2,True,1,False,1,False
1779326103318133,2026-05-21 01:15:03.318133,poly_updown_sol_15m_sniper,False,sol_15m_sniper,SOL,15m,UP,0x3523865662c7ee3ea06f4b23ab304e9c84a3c1a7985530f94a495eb9d97d725f,True,21.3898818,Up,0.5372799969471992,v1,sniper,sol_15m_v1,2,True,2,True,1,False,1,False
1779326103319324,2026-05-21 01:15:03.319324,poly_updown_sol_15m_volume_INV_NIGHT,False,sol_15m_volume_INV_NIGHT,SOL,15m,DOWN,0x3523865662c7ee3ea06f4b23ab304e9c84a3c1a7985530f94a495eb9d97d725f,False,-25.34339,Up,0.5372799969471992,v1,NIGHT,sol_15m_v1,2,False,2,False,1,False,1,False
1779326103319324,2026-05-21 01:15:03.319324,poly_updown_sol_15m_volume_INV_NIGHT,False,sol_15m_volume_INV_NIGHT,SOL,15m,DOWN,0x3523865662c7ee3ea06f4b23ab304e9c84a3c1a7985530f94a495eb9d97d725f,False,-25.34339,Up,0.5372799969471992,v1,NIGHT,sol_15m_v1,2,False,2,False,1,False,1,False
1779326104001384,2026-05-21 01:15:04.001384,poly_updown_eth_15m_volume_INV_NIGHT,False,eth_15m_volume_INV_NIGHT,ETH,15m,DOWN,0xcfa500116ed1d2d5bd568ab75315f803249fb9b9f6183fa760159bb76d3581b7,True,23.128,Down,0.528,v1,NIGHT,eth_15m_v1,2,False,2,False,1,False,2,False
1779326104001384,2026-05-21 01:15:04.001384,poly_updown_eth_15m_volume_INV_NIGHT,False,eth_15m_volume_INV_NIGHT,ETH,15m,DOWN,0xcfa500116ed1d2d5bd568ab75315f803249fb9b9f6183fa760159bb76d3581b7,True,23.128,Down,0.528,v1,NIGHT,eth_15m_v1,2,False,2,False,1,False,2,False
1779326104108072,2026-05-21 01:15:04.108072,poly_updown_btc_15m_volume_INV_NIGHT,False,btc_15m_volume_INV_NIGHT,BTC,15m,DOWN,0x427085c110981fdb224deb10d6911cf04bf533c2408eb98a8dd7988e1e4bd594,False,-25.208892,Up,0.5142614790818366,v1,NIGHT,btc_15m_v1,2,False,2,False,1,False,2,False
1779326104108072,2026-05-21 01:15:04.108072,poly_updown_btc_15m_volume_INV_NIGHT,False,btc_15m_volume_INV_NIGHT,BTC,15m,DOWN,0x427085c110981fdb224deb10d6911cf04bf533c2408eb98a8dd7988e1e4bd594,False,-24.999948,Up,0.54,v1,NIGHT,btc_15m_v1,2,False,2,False,1,False,2,False
1779326104138906,2026-05-21 01:15:04.138906,poly_updown_eth_15m_sniper,False,eth_15m_sniper,ETH,15m,UP,0xcfa500116ed1d2d5bd568ab75315f803249fb9b9f6183fa760159bb76d3581b7,False,-25.280388,Down,0.5157199977151996,v1,sniper,eth_15m_v1,2,True,2,True,1,False,2,True
1779326104138906,2026-05-21 01:15:04.138906,poly_updown_eth_15m_sniper,False,eth_15m_sniper,ETH,15m,UP,0xcfa500116ed1d2d5bd568ab75315f803249fb9b9f6183fa760159bb76d3581b7,False,-25.280388,Down,0.5157199977151996,v1,sniper,eth_15m_v1,2,True,2,True,1,False,2,True
1779326104611735,2026-05-21 01:15:04.611735,poly_updown_btc_15m_sniper,False,btc_15m_sniper,BTC,15m,UP,0x427085c110981fdb224deb10d6911cf04bf533c2408eb98a8dd7988e1e4bd594,True,-2.0,Up,0.5,v1,sniper,btc_15m_v1,2,True,2,True,1,False,2,True
1779326104611735,2026-05-21 01:15:04.611735,poly_updown_btc_15m_sniper,False,btc_15m_sniper,BTC,15m,UP,0x427085c110981fdb224deb10d6911cf04bf533c2408eb98a8dd7988e1e4bd594,True,-2.0,Up,0.5,v1,sniper,btc_15m_v1,2,True,2,True,1,False,2,True
1779326104611735,2026-05-21 01:15:04.611735,poly_updown_btc_15m_sniper,False,btc_15m_sniper,BTC,15m,UP,0x427085c110981fdb224deb10d6911cf04bf533c2408eb98a8dd7988e1e4bd594,True,-2.0,Up,0.5,v1,sniper,btc_15m_v1,2,True,2,True,1,False,2,True
1779326104611735,2026-05-21 01:15:04.611735,poly_updown_btc_15m_sniper,False,btc_15m_sniper,BTC,15m,UP,0x427085c110981fdb224deb10d6911cf04bf533c2408eb98a8dd7988e1e4bd594,True,-2.0,Up,0.5,v1,sniper,btc_15m_v1,2,True,2,True,1,False,2,True
1779326162779676,2026-05-21 01:16:02.779676,poly_updown_sol_5m_momo_v2_HEDGE,False,sol_5m_momo_v2_HEDGE,SOL,5m,UP,0xb69114ea11b2afb5bf26082a80c4d0a76d06384f9713845fcb49762014595ca3,False,-25.418404,Down,0.4982007981121276,v2,HEDGE,sol_5m_v2,2,True,2,True,1,False,1,False
1779326162782369,2026-05-21 01:16:02.782369,poly_updown_sol_5m_momo_v2_HOLD,False,sol_5m_momo_v2_HOLD,SOL,5m,UP,0xb69114ea11b2afb5bf26082a80c4d0a76d06384f9713845fcb49762014595ca3,False,-25.418404,Down,0.4982007981121276,v2,HOLD,sol_5m_v2,2,True,2,True,1,False,1,False
1779326162783560,2026-05-21 01:16:02.783560,poly_updown_sol_5m_momo_v2_SELL,False,sol_5m_momo_v2_SELL,SOL,5m,UP,0xb69114ea11b2afb5bf26082a80c4d0a76d06384f9713845fcb49762014595ca3,False,-25.418404,Down,0.4982007981121276,v2,SELL,sol_5m_v2,2,True,2,True,1,False,1,False
1779326162847502,2026-05-21 01:16:02.847502,poly_updown_eth_15m_momo_v2_HOLD,False,eth_15m_momo_v2_HOLD,ETH,15m,UP,0xcfa500116ed1d2d5bd568ab75315f803249fb9b9f6183fa760159bb76d3581b7,False,-24.999958,Down,0.47,v2,HOLD,eth_15m_v2,2,True,2,True,2,True,2,True
1779326162850475,2026-05-21 01:16:02.850475,poly_updown_sol_15m_momo_v2_SELL,False,sol_15m_momo_v2_SELL,SOL,15m,UP,0x3523865662c7ee3ea06f4b23ab304e9c84a3c1a7985530f94a495eb9d97d725f,True,24.2149964,Up,0.5156999945119991,v2,SELL,sol_15m_v2,2,True,2,True,1,False,1,False
1779326162852673,2026-05-21 01:16:02.852673,poly_updown_sol_15m_momo_v2_HOLD,False,sol_15m_momo_v2_HOLD,SOL,15m,UP,0x3523865662c7ee3ea06f4b23ab304e9c84a3c1a7985530f94a495eb9d97d725f,True,24.2149964,Up,0.5156999945119991,v2,HOLD,sol_15m_v2,2,True,2,True,1,False,1,False
1779326162853162,2026-05-21 01:16:02.853162,poly_updown_eth_15m_momo_v2_HEDGE,False,eth_15m_momo_v2_HEDGE,ETH,15m,UP,0xcfa500116ed1d2d5bd568ab75315f803249fb9b9f6183fa760159bb76d3581b7,False,-24.999958,Down,0.47,v2,HEDGE,eth_15m_v2,2,True,2,True,2,True,2,True
1779326162853882,2026-05-21 01:16:02.853882,poly_updown_eth_15m_momo_v2_SELL,False,eth_15m_momo_v2_SELL,ETH,15m,UP,0xcfa500116ed1d2d5bd568ab75315f803249fb9b9f6183fa760159bb76d3581b7,False,-24.999958,Down,0.47,v2,SELL,eth_15m_v2,2,True,2,True,2,True,2,True
1779326162854421,2026-05-21 01:16:02.854421,poly_updown_sol_15m_momo_v2_HEDGE,False,sol_15m_momo_v2_HEDGE,SOL,15m,UP,0x3523865662c7ee3ea06f4b23ab304e9c84a3c1a7985530f94a495eb9d97d725f,True,24.2149964,Up,0.5156999945119991,v2,HEDGE,sol_15m_v2,2,True,2,True,1,False,1,False
1779326165941203,2026-05-21 01:16:05.941203,poly_updown_sol_5m_momo_v2_HOLD_f7,True,sol_5m_momo_v2_HOLD,SOL,5m,UP,0xb69114ea11b2afb5bf26082a80c4d0a76d06384f9713845fcb49762014595ca3,False,-25.418404,Down,0.4982007981121276,v2,HOLD,sol_5m_v2,2,True,2,True,1,False,1,False
1779326165989001,2026-05-21 01:16:05.989001,poly_updown_sol_5m_momo_v2_HEDGE_f7,True,sol_5m_momo_v2_HEDGE,SOL,5m,UP,0xb69114ea11b2afb5bf26082a80c4d0a76d06384f9713845fcb49762014595ca3,False,-25.418404,Down,0.4982007981121276,v2,HEDGE,sol_5m_v2,2,True,2,True,1,False,1,False
1779326165992736,2026-05-21 01:16:05.992736,poly_updown_sol_5m_momo_v2_SELL_f7,True,sol_5m_momo_v2_SELL,SOL,5m,UP,0xb69114ea11b2afb5bf26082a80c4d0a76d06384f9713845fcb49762014595ca3,False,-6.021604,Down,0.4982007981121276,v2,SELL,sol_5m_v2,2,True,2,True,1,False,1,False
1779326166190558,2026-05-21 01:16:06.190558,poly_updown_sol_15m_momo_v2_HOLD_f7,True,sol_15m_momo_v2_HOLD,SOL,15m,UP,0x3523865662c7ee3ea06f4b23ab304e9c84a3c1a7985530f94a495eb9d97d725f,True,24.2149964,Up,0.5156999945119991,v2,HOLD,sol_15m_v2,2,True,2,True,1,False,1,False
1779326166192058,2026-05-21 01:16:06.192058,poly_updown_eth_15m_momo_v2_SELL_f7,True,eth_15m_momo_v2_SELL,ETH,15m,UP,0xcfa500116ed1d2d5bd568ab75315f803249fb9b9f6183fa760159bb76d3581b7,True,0.531914,exited_at_bid,0.47,v2,SELL,eth_15m_v2,2,True,2,True,2,True,2,True
1779326166194926,2026-05-21 01:16:06.194926,poly_updown_sol_15m_momo_v2_HEDGE_f7,True,sol_15m_momo_v2_HEDGE,SOL,15m,UP,0x3523865662c7ee3ea06f4b23ab304e9c84a3c1a7985530f94a495eb9d97d725f,True,-2.3156116,Up,0.5156999945119991,v2,HEDGE,sol_15m_v2,2,True,2,True,1,False,1,False
1779326166195565,2026-05-21 01:16:06.195565,poly_updown_sol_15m_momo_v2_SELL_f7,True,sol_15m_momo_v2_SELL,SOL,15m,UP,0x3523865662c7ee3ea06f4b23ab304e9c84a3c1a7985530f94a495eb9d97d725f,True,14.0087164021952,Up,0.5156999945119991,v2,SELL,sol_15m_v2,2,True,2,True,1,False,1,False
1779326166196471,2026-05-21 01:16:06.196471,poly_updown_eth_15m_momo_v2_HOLD_f7,True,eth_15m_momo_v2_HOLD,ETH,15m,UP,0xcfa500116ed1d2d5bd568ab75315f803249fb9b9f6183fa760159bb76d3581b7,False,-24.999958,Down,0.47,v2,HOLD,eth_15m_v2,2,True,2,True,2,True,2,True
1779326166206718,2026-05-21 01:16:06.206718,poly_updown_eth_15m_momo_v2_HEDGE_f7,True,eth_15m_momo_v2_HEDGE,ETH,15m,UP,0xcfa500116ed1d2d5bd568ab75315f803249fb9b9f6183fa760159bb76d3581b7,False,0.02127656,Down,0.47,v2,HEDGE,eth_15m_v2,2,True,2,True,2,True,2,True
1779326223780885,2026-05-21 01:17:03.780885,poly_updown_eth_5m_momo_SELL,False,eth_5m_momo_SELL,ETH,5m,UP,0xa4944481a4705bac28a8666e8c1e007f1348c7c6bfc08876358d35565d1b4dd3,False,-2.5,exited_at_bid,0.5,v1,SELL,eth_5m_v1,2,True,2,True,2,True,2,True
1779326223783504,2026-05-21 01:17:03.783504,poly_updown_eth_5m_momo_HOLD,False,eth_5m_momo_HOLD,ETH,5m,UP,0xa4944481a4705bac28a8666e8c1e007f1348c7c6bfc08876358d35565d1b4dd3,False,-25.0,Down,0.5,v1,HOLD,eth_5m_v1,2,True,2,True,2,True,2,True
1779326223785500,2026-05-21 01:17:03.785500,poly_updown_eth_5m_momo_HEDGE,False,eth_5m_momo_HEDGE,ETH,5m,UP,0xa4944481a4705bac28a8666e8c1e007f1348c7c6bfc08876358d35565d1b4dd3,False,-2.95,Down,0.5,v1,HEDGE,eth_5m_v1,2,True,2,True,2,True,2,True
1779326227504880,2026-05-21 01:17:07.504880,poly_updown_eth_5m_momo_HOLD_f7,True,eth_5m_momo_HOLD,ETH,5m,UP,0xa4944481a4705bac28a8666e8c1e007f1348c7c6bfc08876358d35565d1b4dd3,False,-25.0,Down,0.5,v1,HOLD,eth_5m_v1,2,True,2,True,2,True,2,True
1779326227506763,2026-05-21 01:17:07.506763,poly_updown_eth_5m_momo_HEDGE_f7,True,eth_5m_momo_HEDGE,ETH,5m,UP,0xa4944481a4705bac28a8666e8c1e007f1348c7c6bfc08876358d35565d1b4dd3,False,-2.95,Down,0.5,v1,HEDGE,eth_5m_v1,2,True,2,True,2,True,2,True
1779326227507492,2026-05-21 01:17:07.507492,poly_updown_eth_5m_momo_SELL_f7,True,eth_5m_momo_SELL,ETH,5m,UP,0xa4944481a4705bac28a8666e8c1e007f1348c7c6bfc08876358d35565d1b4dd3,False,-2.5,exited_at_bid,0.5,v1,SELL,eth_5m_v1,2,True,2,True,2,True,2,True
1779326401225252,2026-05-21 01:20:01.225252,poly_updown_eth_5m_volume_INV_NIGHT,False,eth_5m_volume_INV_NIGHT,ETH,5m,UP,0x9bef2aca4ad5844bfd7c415294d3e427dbc1c3d3404b8f6cad577593797f2dde,False,-25.059388,Down,0.5112115969938555,v1,NIGHT,eth_5m_v1,2,True,2,True,1,False,2,True
1779326401225252,2026-05-21 01:20:01.225252,poly_updown_eth_5m_volume_INV_NIGHT,False,eth_5m_volume_INV_NIGHT,ETH,5m,UP,0x9bef2aca4ad5844bfd7c415294d3e427dbc1c3d3404b8f6cad577593797f2dde,False,-25.059388,Down,0.5112115969938555,v1,NIGHT,eth_5m_v1,2,True,2,True,1,False,2,True
1779326401225814,2026-05-21 01:20:01.225814,poly_updown_sol_5m_volume_INV_NIGHT,False,sol_5m_volume_INV_NIGHT,SOL,5m,UP,0x2bd25d0e6e921580c3fad6c582a3afec96770d9688f9da2fdc6d218a73f8242d,False,-25.7985,Down,0.51597,v1,NIGHT,sol_5m_v1,0,False,2,True,1,False,2,True
1779326401225814,2026-05-21 01:20:01.225814,poly_updown_sol_5m_volume_INV_NIGHT,False,sol_5m_volume_INV_NIGHT,SOL,5m,UP,0x2bd25d0e6e921580c3fad6c582a3afec96770d9688f9da2fdc6d218a73f8242d,False,-25.7985,Down,0.51597,v1,NIGHT,sol_5m_v1,0,False,2,True,1,False,2,True
1779326401226588,2026-05-21 01:20:01.226588,poly_updown_btc_5m_sniper,False,btc_5m_sniper,BTC,5m,DOWN,0xfd94ef580f9b244da66142c927a204eadb5462bb18be4263036829dd8592bc09,True,-1.0,Down,0.5,v1,sniper,btc_5m_v1,0,True,2,False,1,False,2,False
1779326401226588,2026-05-21 01:20:01.226588,poly_updown_btc_5m_sniper,False,btc_5m_sniper,BTC,5m,DOWN,0xfd94ef580f9b244da66142c927a204eadb5462bb18be4263036829dd8592bc09,True,-1.0,Down,0.5,v1,sniper,btc_5m_v1,0,True,2,False,1,False,2,False
1779326401226588,2026-05-21 01:20:01.226588,poly_updown_btc_5m_sniper,False,btc_5m_sniper,BTC,5m,DOWN,0xfd94ef580f9b244da66142c927a204eadb5462bb18be4263036829dd8592bc09,True,-1.0,Down,0.5,v1,sniper,btc_5m_v1,0,True,2,False,1,False,2,False
1779326401226588,2026-05-21 01:20:01.226588,poly_updown_btc_5m_sniper,False,btc_5m_sniper,BTC,5m,DOWN,0xfd94ef580f9b244da66142c927a204eadb5462bb18be4263036829dd8592bc09,True,-1.0,Down,0.5,v1,sniper,btc_5m_v1,0,True,2,False,1,False,2,False
1779326401226588,2026-05-21 01:20:01.226588,poly_updown_btc_5m_sniper,False,btc_5m_sniper,BTC,5m,DOWN,0xfd94ef580f9b244da66142c927a204eadb5462bb18be4263036829dd8592bc09,True,-1.0,Down,0.5,v1,sniper,btc_5m_v1,0,True,2,False,1,False,2,False
1779326401226588,2026-05-21 01:20:01.226588,poly_updown_btc_5m_sniper,False,btc_5m_sniper,BTC,5m,DOWN,0xfd94ef580f9b244da66142c927a204eadb5462bb18be4263036829dd8592bc09,True,-1.0,Down,0.5,v1,sniper,btc_5m_v1,0,True,2,False,1,False,2,False
1779326401226588,2026-05-21 01:20:01.226588,poly_updown_btc_5m_sniper,False,btc_5m_sniper,BTC,5m,DOWN,0xfd94ef580f9b244da66142c927a204eadb5462bb18be4263036829dd8592bc09,True,-1.0,Down,0.5,v1,sniper,btc_5m_v1,0,True,2,False,1,False,2,False
1779326401226588,2026-05-21 01:20:01.226588,poly_updown_btc_5m_sniper,False,btc_5m_sniper,BTC,5m,DOWN,0xfd94ef580f9b244da66142c927a204eadb5462bb18be4263036829dd8592bc09,True,-1.0,Down,0.5,v1,sniper,btc_5m_v1,0,True,2,False,1,False,2,False
1779326401229861,2026-05-21 01:20:01.229861,poly_updown_btc_5m_volume_INV_NIGHT,False,btc_5m_volume_INV_NIGHT,BTC,5m,UP,0xfd94ef580f9b244da66142c927a204eadb5462bb18be4263036829dd8592bc09,False,-24.999996,Down,0.51,v1,NIGHT,btc_5m_v1,0,False,2,True,1,False,2,True
1779326401229861,2026-05-21 01:20:01.229861,poly_updown_btc_5m_volume_INV_NIGHT,False,btc_5m_volume_INV_NIGHT,BTC,5m,UP,0xfd94ef580f9b244da66142c927a204eadb5462bb18be4263036829dd8592bc09,False,-24.999996,Down,0.51,v1,NIGHT,btc_5m_v1,0,False,2,True,1,False,2,True
1779326401229861,2026-05-21 01:20:01.229861,poly_updown_btc_5m_volume_INV_NIGHT,False,btc_5m_volume_INV_NIGHT,BTC,5m,UP,0xfd94ef580f9b244da66142c927a204eadb5462bb18be4263036829dd8592bc09,False,-24.999996,Down,0.51,v1,NIGHT,btc_5m_v1,0,False,2,True,1,False,2,True
1779326401229861,2026-05-21 01:20:01.229861,poly_updown_btc_5m_volume_INV_NIGHT,False,btc_5m_volume_INV_NIGHT,BTC,5m,UP,0xfd94ef580f9b244da66142c927a204eadb5462bb18be4263036829dd8592bc09,False,-24.999996,Down,0.51,v1,NIGHT,btc_5m_v1,0,False,2,True,1,False,2,True
1779326401249811,2026-05-21 01:20:01.249811,poly_updown_sol_5m_sniper_INV,False,sol_5m_sniper_INV,SOL,5m,UP,0x2bd25d0e6e921580c3fad6c582a3afec96770d9688f9da2fdc6d218a73f8242d,False,-25.7985,Down,0.51597,v1,INV,sol_5m_v1,0,False,2,True,1,False,2,True
1779326401249811,2026-05-21 01:20:01.249811,poly_updown_sol_5m_sniper_INV,False,sol_5m_sniper_INV,SOL,5m,UP,0x2bd25d0e6e921580c3fad6c582a3afec96770d9688f9da2fdc6d218a73f8242d,False,-25.7985,Down,0.51597,v1,INV,sol_5m_v1,0,False,2,True,1,False,2,True
1779326401261356,2026-05-21 01:20:01.261356,poly_updown_sol_5m_sniper,False,sol_5m_sniper,SOL,5m,DOWN,0x2bd25d0e6e921580c3fad6c582a3afec96770d9688f9da2fdc6d218a73f8242d,True,22.77540776,Down,0.5258995993439358,v1,sniper,sol_5m_v1,0,True,2,False,1,False,2,False
1779326401261356,2026-05-21 01:20:01.261356,poly_updown_sol_5m_sniper,False,sol_5m_sniper,SOL,5m,DOWN,0x2bd25d0e6e921580c3fad6c582a3afec96770d9688f9da2fdc6d218a73f8242d,True,22.77540776,Down,0.5258995993439358,v1,sniper,sol_5m_v1,0,True,2,False,1,False,2,False
1779326403701235,2026-05-21 01:20:03.701235,poly_updown_btc_5m_sniper,False,btc_5m_sniper,BTC,5m,DOWN,0xfd94ef580f9b244da66142c927a204eadb5462bb18be4263036829dd8592bc09,True,-1.0,Down,0.5,v1,sniper,btc_5m_v1,0,True,2,False,1,False,2,False
1779326403701235,2026-05-21 01:20:03.701235,poly_updown_btc_5m_sniper,False,btc_5m_sniper,BTC,5m,DOWN,0xfd94ef580f9b244da66142c927a204eadb5462bb18be4263036829dd8592bc09,True,-1.0,Down,0.5,v1,sniper,btc_5m_v1,0,True,2,False,1,False,2,False
1779326403701235,2026-05-21 01:20:03.701235,poly_updown_btc_5m_sniper,False,btc_5m_sniper,BTC,5m,DOWN,0xfd94ef580f9b244da66142c927a204eadb5462bb18be4263036829dd8592bc09,True,-1.0,Down,0.5,v1,sniper,btc_5m_v1,0,True,2,False,1,False,2,False
1779326403701235,2026-05-21 01:20:03.701235,poly_updown_btc_5m_sniper,False,btc_5m_sniper,BTC,5m,DOWN,0xfd94ef580f9b244da66142c927a204eadb5462bb18be4263036829dd8592bc09,True,-1.0,Down,0.5,v1,sniper,btc_5m_v1,0,True,2,False,1,False,2,False
1779326403701235,2026-05-21 01:20:03.701235,poly_updown_btc_5m_sniper,False,btc_5m_sniper,BTC,5m,DOWN,0xfd94ef580f9b244da66142c927a204eadb5462bb18be4263036829dd8592bc09,True,-1.0,Down,0.5,v1,sniper,btc_5m_v1,0,True,2,False,1,False,2,False
1779326403701235,2026-05-21 01:20:03.701235,poly_updown_btc_5m_sniper,False,btc_5m_sniper,BTC,5m,DOWN,0xfd94ef580f9b244da66142c927a204eadb5462bb18be4263036829dd8592bc09,True,-1.0,Down,0.5,v1,sniper,btc_5m_v1,0,True,2,False,1,False,2,False
1779326403701235,2026-05-21 01:20:03.701235,poly_updown_btc_5m_sniper,False,btc_5m_sniper,BTC,5m,DOWN,0xfd94ef580f9b244da66142c927a204eadb5462bb18be4263036829dd8592bc09,True,-1.0,Down,0.5,v1,sniper,btc_5m_v1,0,True,2,False,1,False,2,False
1779326403701235,2026-05-21 01:20:03.701235,poly_updown_btc_5m_sniper,False,btc_5m_sniper,BTC,5m,DOWN,0xfd94ef580f9b244da66142c927a204eadb5462bb18be4263036829dd8592bc09,True,-1.0,Down,0.5,v1,sniper,btc_5m_v1,0,True,2,False,1,False,2,False
1779326403703320,2026-05-21 01:20:03.703320,poly_updown_btc_5m_volume_INV_NIGHT,False,btc_5m_volume_INV_NIGHT,BTC,5m,UP,0xfd94ef580f9b244da66142c927a204eadb5462bb18be4263036829dd8592bc09,False,-24.999996,Down,0.51,v1,NIGHT,btc_5m_v1,0,False,2,True,1,False,2,True
1779326403703320,2026-05-21 01:20:03.703320,poly_updown_btc_5m_volume_INV_NIGHT,False,btc_5m_volume_INV_NIGHT,BTC,5m,UP,0xfd94ef580f9b244da66142c927a204eadb5462bb18be4263036829dd8592bc09,False,-24.999996,Down,0.51,v1,NIGHT,btc_5m_v1,0,False,2,True,1,False,2,True
1779326403703320,2026-05-21 01:20:03.703320,poly_updown_btc_5m_volume_INV_NIGHT,False,btc_5m_volume_INV_NIGHT,BTC,5m,UP,0xfd94ef580f9b244da66142c927a204eadb5462bb18be4263036829dd8592bc09,False,-24.999996,Down,0.51,v1,NIGHT,btc_5m_v1,0,False,2,True,1,False,2,True
1779326403703320,2026-05-21 01:20:03.703320,poly_updown_btc_5m_volume_INV_NIGHT,False,btc_5m_volume_INV_NIGHT,BTC,5m,UP,0xfd94ef580f9b244da66142c927a204eadb5462bb18be4263036829dd8592bc09,False,-24.999996,Down,0.51,v1,NIGHT,btc_5m_v1,0,False,2,True,1,False,2,True
1779326706727738,2026-05-21 01:25:06.727738,poly_updown_btc_5m_volume_INV_NIGHT,False,btc_5m_volume_INV_NIGHT,BTC,5m,DOWN,0x7a2e39312e24f93adaa8f020102954e74c01f8be983d7c276fbe41da8aa99b9a,False,-24.999996,Up,0.51,v1,NIGHT,btc_5m_v1,0,True,2,False,1,False,2,False
1779326706727738,2026-05-21 01:25:06.727738,poly_updown_btc_5m_volume_INV_NIGHT,False,btc_5m_volume_INV_NIGHT,BTC,5m,DOWN,0x7a2e39312e24f93adaa8f020102954e74c01f8be983d7c276fbe41da8aa99b9a,False,-24.999996,Up,0.51,v1,NIGHT,btc_5m_v1,0,True,2,False,1,False,2,False
1779326706727738,2026-05-21 01:25:06.727738,poly_updown_btc_5m_volume_INV_NIGHT,False,btc_5m_volume_INV_NIGHT,BTC,5m,DOWN,0x7a2e39312e24f93adaa8f020102954e74c01f8be983d7c276fbe41da8aa99b9a,False,-24.999996,Up,0.51,v1,NIGHT,btc_5m_v1,0,True,2,False,1,False,2,False
1779326706727738,2026-05-21 01:25:06.727738,poly_updown_btc_5m_volume_INV_NIGHT,False,btc_5m_volume_INV_NIGHT,BTC,5m,DOWN,0x7a2e39312e24f93adaa8f020102954e74c01f8be983d7c276fbe41da8aa99b9a,False,-24.999996,Up,0.51,v1,NIGHT,btc_5m_v1,0,True,2,False,1,False,2,False
1779326706857204,2026-05-21 01:25:06.857204,poly_updown_eth_5m_volume_INV_NIGHT,False,eth_5m_volume_INV_NIGHT,ETH,5m,UP,0xe51fa01c34f149b7cf5ffc61baff5e4f9fc0345beb0ff672b82f16d657f9ec3a,False,-24.999996,Down,0.51,v1,NIGHT,eth_5m_v1,0,False,2,True,1,False,2,True
1779326706857204,2026-05-21 01:25:06.857204,poly_updown_eth_5m_volume_INV_NIGHT,False,eth_5m_volume_INV_NIGHT,ETH,5m,UP,0xe51fa01c34f149b7cf5ffc61baff5e4f9fc0345beb0ff672b82f16d657f9ec3a,False,-24.999996,Down,0.51,v1,NIGHT,eth_5m_v1,0,False,2,True,1,False,2,True
1779326709621394,2026-05-21 01:25:09.621394,poly_updown_btc_5m_volume_INV_NIGHT,False,btc_5m_volume_INV_NIGHT,BTC,5m,DOWN,0x7a2e39312e24f93adaa8f020102954e74c01f8be983d7c276fbe41da8aa99b9a,False,-24.999996,Up,0.51,v1,NIGHT,btc_5m_v1,0,True,2,False,1,False,2,False
1779326709621394,2026-05-21 01:25:09.621394,poly_updown_btc_5m_volume_INV_NIGHT,False,btc_5m_volume_INV_NIGHT,BTC,5m,DOWN,0x7a2e39312e24f93adaa8f020102954e74c01f8be983d7c276fbe41da8aa99b9a,False,-24.999996,Up,0.51,v1,NIGHT,btc_5m_v1,0,True,2,False,1,False,2,False
1779326709621394,2026-05-21 01:25:09.621394,poly_updown_btc_5m_volume_INV_NIGHT,False,btc_5m_volume_INV_NIGHT,BTC,5m,DOWN,0x7a2e39312e24f93adaa8f020102954e74c01f8be983d7c276fbe41da8aa99b9a,False,-24.999996,Up,0.51,v1,NIGHT,btc_5m_v1,0,True,2,False,1,False,2,False
1779326709621394,2026-05-21 01:25:09.621394,poly_updown_btc_5m_volume_INV_NIGHT,False,btc_5m_volume_INV_NIGHT,BTC,5m,DOWN,0x7a2e39312e24f93adaa8f020102954e74c01f8be983d7c276fbe41da8aa99b9a,False,-24.999996,Up,0.51,v1,NIGHT,btc_5m_v1,0,True,2,False,1,False,2,False
1779326760658905,2026-05-21 01:26:00.658905,poly_updown_btc_5m_momo_v2_HEDGE_f7,True,btc_5m_momo_v2_HEDGE,BTC,5m,DOWN,0x7a2e39312e24f93adaa8f020102954e74c01f8be983d7c276fbe41da8aa99b9a,False,-24.999996,Up,0.51,v2,HEDGE,btc_5m_v2,0,True,2,False,1,False,2,False
1779326760658905,2026-05-21 01:26:00.658905,poly_updown_btc_5m_momo_v2_HEDGE_f7,True,btc_5m_momo_v2_HEDGE,BTC,5m,DOWN,0x7a2e39312e24f93adaa8f020102954e74c01f8be983d7c276fbe41da8aa99b9a,False,-24.999996,Up,0.51,v2,HEDGE,btc_5m_v2,0,True,2,False,1,False,2,False
1779326760658927,2026-05-21 01:26:00.658927,poly_updown_btc_5m_momo_v2_HOLD_f7,True,btc_5m_momo_v2_HOLD,BTC,5m,DOWN,0x7a2e39312e24f93adaa8f020102954e74c01f8be983d7c276fbe41da8aa99b9a,False,-24.999996,Up,0.51,v2,HOLD,btc_5m_v2,0,True,2,False,1,False,2,False
1779326760658927,2026-05-21 01:26:00.658927,poly_updown_btc_5m_momo_v2_HOLD_f7,True,btc_5m_momo_v2_HOLD,BTC,5m,DOWN,0x7a2e39312e24f93adaa8f020102954e74c01f8be983d7c276fbe41da8aa99b9a,False,-24.999996,Up,0.51,v2,HOLD,btc_5m_v2,0,True,2,False,1,False,2,False
1779326760663000,2026-05-21 01:26:00.663000,poly_updown_btc_5m_momo_v2_SELL_f7,True,btc_5m_momo_v2_SELL,BTC,5m,DOWN,0x7a2e39312e24f93adaa8f020102954e74c01f8be983d7c276fbe41da8aa99b9a,False,-24.999996,Up,0.51,v2,SELL,btc_5m_v2,0,True,2,False,1,False,2,False
1779326760663000,2026-05-21 01:26:00.663000,poly_updown_btc_5m_momo_v2_SELL_f7,True,btc_5m_momo_v2_SELL,BTC,5m,DOWN,0x7a2e39312e24f93adaa8f020102954e74c01f8be983d7c276fbe41da8aa99b9a,False,-24.999996,Up,0.51,v2,SELL,btc_5m_v2,0,True,2,False,1,False,2,False
1779326768648186,2026-05-21 01:26:08.648186,poly_updown_btc_5m_momo_v2_HEDGE,False,btc_5m_momo_v2_HEDGE,BTC,5m,DOWN,0x7a2e39312e24f93adaa8f020102954e74c01f8be983d7c276fbe41da8aa99b9a,False,-24.999996,Up,0.51,v2,HEDGE,btc_5m_v2,0,True,2,False,1,False,2,False
1779326768648186,2026-05-21 01:26:08.648186,poly_updown_btc_5m_momo_v2_HEDGE,False,btc_5m_momo_v2_HEDGE,BTC,5m,DOWN,0x7a2e39312e24f93adaa8f020102954e74c01f8be983d7c276fbe41da8aa99b9a,False,-24.999996,Up,0.51,v2,HEDGE,btc_5m_v2,0,True,2,False,1,False,2,False
1779326768650868,2026-05-21 01:26:08.650868,poly_updown_btc_5m_momo_v2_SELL,False,btc_5m_momo_v2_SELL,BTC,5m,DOWN,0x7a2e39312e24f93adaa8f020102954e74c01f8be983d7c276fbe41da8aa99b9a,False,-24.999996,Up,0.51,v2,SELL,btc_5m_v2,0,True,2,False,1,False,2,False
1779326768650868,2026-05-21 01:26:08.650868,poly_updown_btc_5m_momo_v2_SELL,False,btc_5m_momo_v2_SELL,BTC,5m,DOWN,0x7a2e39312e24f93adaa8f020102954e74c01f8be983d7c276fbe41da8aa99b9a,False,-24.999996,Up,0.51,v2,SELL,btc_5m_v2,0,True,2,False,1,False,2,False
1779326768652007,2026-05-21 01:26:08.652007,poly_updown_btc_5m_momo_v2_HOLD,False,btc_5m_momo_v2_HOLD,BTC,5m,DOWN,0x7a2e39312e24f93adaa8f020102954e74c01f8be983d7c276fbe41da8aa99b9a,False,-24.999996,Up,0.51,v2,HOLD,btc_5m_v2,0,True,2,False,1,False,2,False
1779326768652007,2026-05-21 01:26:08.652007,poly_updown_btc_5m_momo_v2_HOLD,False,btc_5m_momo_v2_HOLD,BTC,5m,DOWN,0x7a2e39312e24f93adaa8f020102954e74c01f8be983d7c276fbe41da8aa99b9a,False,-24.999996,Up,0.51,v2,HOLD,btc_5m_v2,0,True,2,False,1,False,2,False
1779327002484519,2026-05-21 01:30:02.484519,poly_updown_eth_5m_volume_INV_NIGHT,False,eth_5m_volume_INV_NIGHT,ETH,5m,UP,0xfff080a5080cb0cddca13447317135ec86705ca08d6987fabcc6bd3a17b8df97,False,-25.789084,Down,0.5260973977755836,v1,NIGHT,eth_5m_v1,1,False,2,True,1,False,1,False
1779327002492224,2026-05-21 01:30:02.492224,poly_updown_sol_5m_volume_INV_NIGHT,False,sol_5m_volume_INV_NIGHT,SOL,5m,UP,0x291d85be32bf5e4fa8237c1d71b2e069bc0eff7b86bf2b5932b1d15adb97f779,False,-26.848476,Down,0.5477089980334396,v1,NIGHT,sol_5m_v1,0,False,2,True,1,False,1,False
1779327002510208,2026-05-21 01:30:02.510208,poly_updown_btc_5m_volume_INV_NIGHT,False,btc_5m_volume_INV_NIGHT,BTC,5m,UP,0x575134495d6ed231008234c81308697249bba4498ebab96726b1373dcc56f8e4,False,-24.999996,Down,0.51,v1,NIGHT,btc_5m_v1,0,False,2,True,1,False,1,False
1779327002510208,2026-05-21 01:30:02.510208,poly_updown_btc_5m_volume_INV_NIGHT,False,btc_5m_volume_INV_NIGHT,BTC,5m,UP,0x575134495d6ed231008234c81308697249bba4498ebab96726b1373dcc56f8e4,False,-24.999996,Down,0.51,v1,NIGHT,btc_5m_v1,0,False,2,True,1,False,1,False
1779327003374939,2026-05-21 01:30:03.374939,poly_updown_eth_15m_volume_INV_NIGHT,False,eth_15m_volume_INV_NIGHT,ETH,15m,UP,0xf468e5263d024ea98c5c7ade77eaa57c4ff3045ec1236100fea7b69a2889f5e8,False,-25.280388,Down,0.5157199977151996,v1,NIGHT,eth_15m_v1,1,False,2,True,1,False,1,False
1779327003374939,2026-05-21 01:30:03.374939,poly_updown_eth_15m_volume_INV_NIGHT,False,eth_15m_volume_INV_NIGHT,ETH,15m,UP,0xf468e5263d024ea98c5c7ade77eaa57c4ff3045ec1236100fea7b69a2889f5e8,False,-24.999996,Down,0.51,v1,NIGHT,eth_15m_v1,1,False,2,True,1,False,1,False
1779327003377542,2026-05-21 01:30:03.377542,poly_updown_sol_15m_volume_INV_NIGHT,False,sol_15m_volume_INV_NIGHT,SOL,15m,UP,0x54058266561d89ed9e54bb054deda67602dfb615887d8d4224588809482d495c,False,-25.970584,Down,0.5297999983679997,v1,NIGHT,sol_15m_v1,0,False,2,True,1,False,1,False
1779327003377542,2026-05-21 01:30:03.377542,poly_updown_sol_15m_volume_INV_NIGHT,False,sol_15m_volume_INV_NIGHT,SOL,15m,UP,0x54058266561d89ed9e54bb054deda67602dfb615887d8d4224588809482d495c,False,-25.461526,Down,0.5295999950079976,v1,NIGHT,sol_15m_v1,0,False,2,True,1,False,1,False
1779327003382637,2026-05-21 01:30:03.382637,poly_updown_btc_15m_volume_INV_NIGHT,False,btc_15m_volume_INV_NIGHT,BTC,15m,UP,0x22e7c7d52aa82816353985fd2e96e27c441f142e0812c6850c8ef26728df513c,False,-24.999996,Down,0.51,v1,NIGHT,btc_15m_v1,0,False,2,True,1,False,1,False
1779327003382637,2026-05-21 01:30:03.382637,poly_updown_btc_15m_volume_INV_NIGHT,False,btc_15m_volume_INV_NIGHT,BTC,15m,UP,0x22e7c7d52aa82816353985fd2e96e27c441f142e0812c6850c8ef26728df513c,False,-24.999996,Down,0.51,v1,NIGHT,btc_15m_v1,0,False,2,True,1,False,1,False
1779327005298902,2026-05-21 01:30:05.298902,poly_updown_btc_5m_volume_INV_NIGHT,False,btc_5m_volume_INV_NIGHT,BTC,5m,UP,0x575134495d6ed231008234c81308697249bba4498ebab96726b1373dcc56f8e4,False,-24.999996,Down,0.51,v1,NIGHT,btc_5m_v1,0,False,2,True,1,False,1,False
1779327005298902,2026-05-21 01:30:05.298902,poly_updown_btc_5m_volume_INV_NIGHT,False,btc_5m_volume_INV_NIGHT,BTC,5m,UP,0x575134495d6ed231008234c81308697249bba4498ebab96726b1373dcc56f8e4,False,-24.999996,Down,0.51,v1,NIGHT,btc_5m_v1,0,False,2,True,1,False,1,False
1779327006133210,2026-05-21 01:30:06.133210,poly_updown_sol_15m_volume_INV_NIGHT,False,sol_15m_volume_INV_NIGHT,SOL,15m,UP,0x54058266561d89ed9e54bb054deda67602dfb615887d8d4224588809482d495c,False,-25.970584,Down,0.5297999983679997,v1,NIGHT,sol_15m_v1,0,False,2,True,1,False,1,False
1779327006133210,2026-05-21 01:30:06.133210,poly_updown_sol_15m_volume_INV_NIGHT,False,sol_15m_volume_INV_NIGHT,SOL,15m,UP,0x54058266561d89ed9e54bb054deda67602dfb615887d8d4224588809482d495c,False,-25.461526,Down,0.5295999950079976,v1,NIGHT,sol_15m_v1,0,False,2,True,1,False,1,False
1779327006144750,2026-05-21 01:30:06.144750,poly_updown_btc_15m_volume_INV_NIGHT,False,btc_15m_volume_INV_NIGHT,BTC,15m,UP,0x22e7c7d52aa82816353985fd2e96e27c441f142e0812c6850c8ef26728df513c,False,-24.999996,Down,0.51,v1,NIGHT,btc_15m_v1,0,False,2,True,1,False,1,False
1779327006144750,2026-05-21 01:30:06.144750,poly_updown_btc_15m_volume_INV_NIGHT,False,btc_15m_volume_INV_NIGHT,BTC,15m,UP,0x22e7c7d52aa82816353985fd2e96e27c441f142e0812c6850c8ef26728df513c,False,-24.999996,Down,0.51,v1,NIGHT,btc_15m_v1,0,False,2,True,1,False,1,False
1779327006195986,2026-05-21 01:30:06.195986,poly_updown_eth_15m_volume_INV_NIGHT,False,eth_15m_volume_INV_NIGHT,ETH,15m,UP,0xf468e5263d024ea98c5c7ade77eaa57c4ff3045ec1236100fea7b69a2889f5e8,False,-25.280388,Down,0.5157199977151996,v1,NIGHT,eth_15m_v1,1,False,2,True,1,False,1,False
1779327006195986,2026-05-21 01:30:06.195986,poly_updown_eth_15m_volume_INV_NIGHT,False,eth_15m_volume_INV_NIGHT,ETH,15m,UP,0xf468e5263d024ea98c5c7ade77eaa57c4ff3045ec1236100fea7b69a2889f5e8,False,-24.999996,Down,0.51,v1,NIGHT,eth_15m_v1,1,False,2,True,1,False,1,False
1779327306992386,2026-05-21 01:35:06.992386,poly_updown_btc_5m_volume_INV_NIGHT,False,btc_5m_volume_INV_NIGHT,BTC,5m,DOWN,0xedc87fd352ca589c95084898fbd3560d423fbabfc7e68dd8b6b04720fac0e3d0,False,-25.0,Up,0.5,v1,NIGHT,btc_5m_v1,0,True,2,False,0,True,1,False
1779327306992386,2026-05-21 01:35:06.992386,poly_updown_btc_5m_volume_INV_NIGHT,False,btc_5m_volume_INV_NIGHT,BTC,5m,DOWN,0xedc87fd352ca589c95084898fbd3560d423fbabfc7e68dd8b6b04720fac0e3d0,False,-25.0,Up,0.5,v1,NIGHT,btc_5m_v1,0,True,2,False,0,True,1,False
1779327307061189,2026-05-21 01:35:07.061189,poly_updown_sol_5m_volume_INV_NIGHT,False,sol_5m_volume_INV_NIGHT,SOL,5m,DOWN,0x03089c632982e43e7789aea9ee98d2bc6d010e4bd2055c9727d4fed6fec48554,False,-25.449,Up,0.50898,v1,NIGHT,sol_5m_v1,0,True,2,False,1,False,1,False
1779327308098488,2026-05-21 01:35:08.098488,poly_updown_eth_5m_volume_INV_NIGHT,False,eth_5m_volume_INV_NIGHT,ETH,5m,UP,0xbd08ae800c1f7040acf1d3953b6e62d806bb81a46cb6222e05c33d51b0cff07d,True,23.53921192,Up,0.51,v1,NIGHT,eth_5m_v1,0,False,2,True,1,False,1,False
1779327311143195,2026-05-21 01:35:11.143195,poly_updown_btc_5m_volume_INV_NIGHT,False,btc_5m_volume_INV_NIGHT,BTC,5m,DOWN,0xedc87fd352ca589c95084898fbd3560d423fbabfc7e68dd8b6b04720fac0e3d0,False,-25.0,Up,0.5,v1,NIGHT,btc_5m_v1,0,True,2,False,0,True,1,False
1779327311143195,2026-05-21 01:35:11.143195,poly_updown_btc_5m_volume_INV_NIGHT,False,btc_5m_volume_INV_NIGHT,BTC,5m,DOWN,0xedc87fd352ca589c95084898fbd3560d423fbabfc7e68dd8b6b04720fac0e3d0,False,-25.0,Up,0.5,v1,NIGHT,btc_5m_v1,0,True,2,False,0,True,1,False
1779327602153974,2026-05-21 01:40:02.153974,poly_updown_btc_5m_volume_INV_NIGHT,False,btc_5m_volume_INV_NIGHT,BTC,5m,UP,0xc2c6260a721a7df9dc298759562776b24e97c7a0ee34d6c9a85e5dec156683b6,True,23.53921192,Up,0.51,v1,NIGHT,btc_5m_v1,0,False,2,True,1,False,1,False
1779327602153974,2026-05-21 01:40:02.153974,poly_updown_btc_5m_volume_INV_NIGHT,False,btc_5m_volume_INV_NIGHT,BTC,5m,UP,0xc2c6260a721a7df9dc298759562776b24e97c7a0ee34d6c9a85e5dec156683b6,True,23.53921192,Up,0.51,v1,NIGHT,btc_5m_v1,0,False,2,True,1,False,1,False
1779327602175999,2026-05-21 01:40:02.175999,poly_updown_eth_5m_volume_INV_NIGHT,False,eth_5m_volume_INV_NIGHT,ETH,5m,UP,0x78ea6bb58aeb54ac483e0e32df1833dc4d23337747c5169fcc258826ec1bd6f9,True,22.76590568,Up,0.5260973977755836,v1,NIGHT,eth_5m_v1,0,False,2,True,1,False,1,False
1779327602191246,2026-05-21 01:40:02.191246,poly_updown_sol_5m_volume_INV_NIGHT,False,sol_5m_volume_INV_NIGHT,SOL,5m,UP,0x99548dad4d09d1a88ed33af9fe9fc6c2f5811b030f6b26c18fcd59e7bc62a327,True,21.67870152,Up,0.5487289981966397,v1,NIGHT,sol_5m_v1,1,False,2,True,1,False,1,False
1779327605904815,2026-05-21 01:40:05.904815,poly_updown_btc_5m_volume_INV_NIGHT,False,btc_5m_volume_INV_NIGHT,BTC,5m,UP,0xc2c6260a721a7df9dc298759562776b24e97c7a0ee34d6c9a85e5dec156683b6,True,23.53921192,Up,0.51,v1,NIGHT,btc_5m_v1,0,False,2,True,1,False,1,False
1779327605904815,2026-05-21 01:40:05.904815,poly_updown_btc_5m_volume_INV_NIGHT,False,btc_5m_volume_INV_NIGHT,BTC,5m,UP,0xc2c6260a721a7df9dc298759562776b24e97c7a0ee34d6c9a85e5dec156683b6,True,23.53921192,Up,0.51,v1,NIGHT,btc_5m_v1,0,False,2,True,1,False,1,False
1779327908531630,2026-05-21 01:45:08.531630,poly_updown_eth_15m_volume_INV_NIGHT,False,eth_15m_volume_INV_NIGHT,ETH,15m,DOWN,0xb8a709e21ebdccdd3b54afcbb195628b784aaf5956aaaecb4a15240154023922,False,-25.0,Up,0.5,v1,NIGHT,eth_15m_v1,0,True,2,False,1,False,1,False
1779327908531630,2026-05-21 01:45:08.531630,poly_updown_eth_15m_volume_INV_NIGHT,False,eth_15m_volume_INV_NIGHT,ETH,15m,DOWN,0xb8a709e21ebdccdd3b54afcbb195628b784aaf5956aaaecb4a15240154023922,False,-25.0,Up,0.5,v1,NIGHT,eth_15m_v1,0,True,2,False,1,False,1,False
1779327908602825,2026-05-21 01:45:08.602825,poly_updown_btc_5m_volume_INV_NIGHT,False,btc_5m_volume_INV_NIGHT,BTC,5m,DOWN,0xde21c75147295d4614df433c3f4d009a6884c60e7e24852d62340b1de6c9463f,True,24.5,Down,0.5,v1,NIGHT,btc_5m_v1,1,False,2,False,1,False,1,False
1779327908661260,2026-05-21 01:45:08.661260,poly_updown_sol_5m_volume_INV_NIGHT,False,sol_5m_volume_INV_NIGHT,SOL,5m,DOWN,0x923cb8e48574934eb56be741ff497e9a6e14a201c7bb4c26f563e0f9a438ea32,True,24.05998,Down,0.50898,v1,NIGHT,sol_5m_v1,1,False,2,False,1,False,1,False
1779327908672374,2026-05-21 01:45:08.672374,poly_updown_sol_15m_volume_INV_NIGHT,False,sol_15m_volume_INV_NIGHT,SOL,15m,DOWN,0x4d4f7984b3ca9357dd8a03d4cf5e7fec27041f2ca8781fe8e998e0137f628de5,True,23.618,Down,0.518,v1,NIGHT,sol_15m_v1,1,False,2,False,1,False,1,False
1779327908672374,2026-05-21 01:45:08.672374,poly_updown_sol_15m_volume_INV_NIGHT,False,sol_15m_volume_INV_NIGHT,SOL,15m,DOWN,0x4d4f7984b3ca9357dd8a03d4cf5e7fec27041f2ca8781fe8e998e0137f628de5,True,23.618,Down,0.518,v1,NIGHT,sol_15m_v1,1,False,2,False,1,False,1,False
1779327908681761,2026-05-21 01:45:08.681761,poly_updown_eth_5m_volume_INV_NIGHT,False,eth_5m_volume_INV_NIGHT,ETH,5m,DOWN,0xaef8728b5de9d5f445220fbe9b65c9b326cfbbe9bea141841ddd909ffd1fa266,True,24.11829,Down,0.50779,v1,NIGHT,eth_5m_v1,0,True,2,False,1,False,1,False
1779327908697727,2026-05-21 01:45:08.697727,poly_updown_btc_15m_volume_INV_NIGHT,False,btc_15m_volume_INV_NIGHT,BTC,15m,DOWN,0xeaa99c832d88769dca1d2c2c7aa459a673875869a6d93a50246bf90a6b987263,False,-25.06,Up,0.5012,v1,NIGHT,btc_15m_v1,1,False,2,False,1,False,1,False
1779327908697727,2026-05-21 01:45:08.697727,poly_updown_btc_15m_volume_INV_NIGHT,False,btc_15m_volume_INV_NIGHT,BTC,15m,DOWN,0xeaa99c832d88769dca1d2c2c7aa459a673875869a6d93a50246bf90a6b987263,False,-25.06,Up,0.5012,v1,NIGHT,btc_15m_v1,1,False,2,False,1,False,1,False
1779327909250937,2026-05-21 01:45:09.250937,poly_updown_btc_15m_volume_INV_NIGHT,False,btc_15m_volume_INV_NIGHT,BTC,15m,DOWN,0xeaa99c832d88769dca1d2c2c7aa459a673875869a6d93a50246bf90a6b987263,False,-25.06,Up,0.5012,v1,NIGHT,btc_15m_v1,1,False,2,False,1,False,1,False
1779327909250937,2026-05-21 01:45:09.250937,poly_updown_btc_15m_volume_INV_NIGHT,False,btc_15m_volume_INV_NIGHT,BTC,15m,DOWN,0xeaa99c832d88769dca1d2c2c7aa459a673875869a6d93a50246bf90a6b987263,False,-25.06,Up,0.5012,v1,NIGHT,btc_15m_v1,1,False,2,False,1,False,1,False
1779327909261522,2026-05-21 01:45:09.261522,poly_updown_sol_15m_volume_INV_NIGHT,False,sol_15m_volume_INV_NIGHT,SOL,15m,DOWN,0x4d4f7984b3ca9357dd8a03d4cf5e7fec27041f2ca8781fe8e998e0137f628de5,True,23.618,Down,0.518,v1,NIGHT,sol_15m_v1,1,False,2,False,1,False,1,False
1779327909261522,2026-05-21 01:45:09.261522,poly_updown_sol_15m_volume_INV_NIGHT,False,sol_15m_volume_INV_NIGHT,SOL,15m,DOWN,0x4d4f7984b3ca9357dd8a03d4cf5e7fec27041f2ca8781fe8e998e0137f628de5,True,23.618,Down,0.518,v1,NIGHT,sol_15m_v1,1,False,2,False,1,False,1,False
1779327909296987,2026-05-21 01:45:09.296987,poly_updown_eth_15m_volume_INV_NIGHT,False,eth_15m_volume_INV_NIGHT,ETH,15m,DOWN,0xb8a709e21ebdccdd3b54afcbb195628b784aaf5956aaaecb4a15240154023922,False,-25.0,Up,0.5,v1,NIGHT,eth_15m_v1,0,True,2,False,1,False,1,False
1779327909296987,2026-05-21 01:45:09.296987,poly_updown_eth_15m_volume_INV_NIGHT,False,eth_15m_volume_INV_NIGHT,ETH,15m,DOWN,0xb8a709e21ebdccdd3b54afcbb195628b784aaf5956aaaecb4a15240154023922,False,-25.0,Up,0.5,v1,NIGHT,eth_15m_v1,0,True,2,False,1,False,1,False
1779327970286844,2026-05-21 01:46:10.286844,poly_updown_eth_15m_momo_v2_HOLD_f7,True,eth_15m_momo_v2_HOLD,ETH,15m,UP,0xb8a709e21ebdccdd3b54afcbb195628b784aaf5956aaaecb4a15240154023922,True,23.53921192,Up,0.51,v2,HOLD,eth_15m_v2,2,True,2,True,1,False,1,False
1779327970287684,2026-05-21 01:46:10.287684,poly_updown_eth_15m_momo_v2_HEDGE_f7,True,eth_15m_momo_v2_HEDGE,ETH,15m,UP,0xb8a709e21ebdccdd3b54afcbb195628b784aaf5956aaaecb4a15240154023922,True,23.53921192,Up,0.51,v2,HEDGE,eth_15m_v2,2,True,2,True,1,False,1,False
1779327970287855,2026-05-21 01:46:10.287855,poly_updown_eth_15m_momo_v2_SELL_f7,True,eth_15m_momo_v2_SELL,ETH,15m,UP,0xb8a709e21ebdccdd3b54afcbb195628b784aaf5956aaaecb4a15240154023922,True,23.53921192,Up,0.51,v2,SELL,eth_15m_v2,2,True,2,True,1,False,1,False
1779328021351505,2026-05-21 01:47:01.351505,poly_updown_btc_5m_momo_HOLD_f7,True,btc_5m_momo_HOLD,BTC,5m,UP,0xde21c75147295d4614df433c3f4d009a6884c60e7e24852d62340b1de6c9463f,False,-25.0,Down,0.5,v1,HOLD,btc_5m_v1,2,True,2,True,1,False,1,False
1779328021352256,2026-05-21 01:47:01.352256,poly_updown_btc_5m_momo_SELL_f7,True,btc_5m_momo_SELL,BTC,5m,UP,0xde21c75147295d4614df433c3f4d009a6884c60e7e24852d62340b1de6c9463f,False,-25.0,Down,0.5,v1,SELL,btc_5m_v1,2,True,2,True,1,False,1,False
1779328021364106,2026-05-21 01:47:01.364106,poly_updown_btc_5m_momo_HEDGE_f7,True,btc_5m_momo_HEDGE,BTC,5m,UP,0xde21c75147295d4614df433c3f4d009a6884c60e7e24852d62340b1de6c9463f,False,-25.0,Down,0.5,v1,HEDGE,btc_5m_v1,2,True,2,True,1,False,1,False
1779328021657207,2026-05-21 01:47:01.657207,poly_updown_sol_15m_momo_HEDGE_f7,True,sol_15m_momo_HEDGE,SOL,15m,UP,0x4d4f7984b3ca9357dd8a03d4cf5e7fec27041f2ca8781fe8e998e0137f628de5,False,-25.91078,Down,0.5285799965727994,v1,HEDGE,sol_15m_v1,2,True,2,True,1,False,1,False
1779328021660050,2026-05-21 01:47:01.660050,poly_updown_sol_15m_momo_SELL_f7,True,sol_15m_momo_SELL,SOL,15m,UP,0x4d4f7984b3ca9357dd8a03d4cf5e7fec27041f2ca8781fe8e998e0137f628de5,False,-25.91078,Down,0.5285799965727994,v1,SELL,sol_15m_v1,2,True,2,True,1,False,1,False
1779328021661821,2026-05-21 01:47:01.661821,poly_updown_sol_15m_momo_HOLD_f7,True,sol_15m_momo_HOLD,SOL,15m,UP,0x4d4f7984b3ca9357dd8a03d4cf5e7fec27041f2ca8781fe8e998e0137f628de5,False,-25.91078,Down,0.5285799965727994,v1,HOLD,sol_15m_v1,2,True,2,True,1,False,1,False
1779328021845188,2026-05-21 01:47:01.845188,poly_updown_btc_5m_momo_HEDGE,False,btc_5m_momo_HEDGE,BTC,5m,UP,0xde21c75147295d4614df433c3f4d009a6884c60e7e24852d62340b1de6c9463f,False,-25.0,Down,0.5,v1,HEDGE,btc_5m_v1,2,True,2,True,1,False,1,False
1779328021856434,2026-05-21 01:47:01.856434,poly_updown_btc_5m_momo_SELL,False,btc_5m_momo_SELL,BTC,5m,UP,0xde21c75147295d4614df433c3f4d009a6884c60e7e24852d62340b1de6c9463f,False,-25.0,Down,0.5,v1,SELL,btc_5m_v1,2,True,2,True,1,False,1,False
1779328021878698,2026-05-21 01:47:01.878698,poly_updown_btc_5m_momo_HOLD,False,btc_5m_momo_HOLD,BTC,5m,UP,0xde21c75147295d4614df433c3f4d009a6884c60e7e24852d62340b1de6c9463f,False,-25.0,Down,0.5,v1,HOLD,btc_5m_v1,2,True,2,True,1,False,1,False
1779328205666751,2026-05-21 01:50:05.666751,poly_updown_btc_5m_volume_INV_NIGHT,False,btc_5m_volume_INV_NIGHT,BTC,5m,DOWN,0x83fcf7bf481a98d34e17ba90a42c777fa4a85d345825cedb66061000f70cfab6,False,-25.0,Up,0.5,v1,NIGHT,btc_5m_v1,2,False,2,False,1,False,1,False
1779328205666751,2026-05-21 01:50:05.666751,poly_updown_btc_5m_volume_INV_NIGHT,False,btc_5m_volume_INV_NIGHT,BTC,5m,DOWN,0x83fcf7bf481a98d34e17ba90a42c777fa4a85d345825cedb66061000f70cfab6,False,-25.0,Up,0.5,v1,NIGHT,btc_5m_v1,2,False,2,False,1,False,1,False
1779328205691664,2026-05-21 01:50:05.691664,poly_updown_sol_5m_volume_INV_NIGHT,False,sol_5m_volume_INV_NIGHT,SOL,5m,DOWN,0x951641b90a690a8ae69c8eb08be462fdd150865b6f86c0b0be07a80d6549f772,False,-26.348,Up,0.52696,v1,NIGHT,sol_5m_v1,2,False,2,False,1,False,1,False
1779328205730559,2026-05-21 01:50:05.730559,poly_updown_eth_5m_volume_INV_NIGHT,False,eth_5m_volume_INV_NIGHT,ETH,5m,DOWN,0x9dfc591c660487c042312e2f4448a90a141430610d6ab107510682ce7d4c81d7,False,-25.7185,Up,0.51437,v1,NIGHT,eth_5m_v1,1,False,2,False,1,False,1,False
1779328205975336,2026-05-21 01:50:05.975336,poly_updown_btc_5m_volume_INV_NIGHT,False,btc_5m_volume_INV_NIGHT,BTC,5m,DOWN,0x83fcf7bf481a98d34e17ba90a42c777fa4a85d345825cedb66061000f70cfab6,False,-25.0,Up,0.5,v1,NIGHT,btc_5m_v1,2,False,2,False,1,False,1,False
1779328205975336,2026-05-21 01:50:05.975336,poly_updown_btc_5m_volume_INV_NIGHT,False,btc_5m_volume_INV_NIGHT,BTC,5m,DOWN,0x83fcf7bf481a98d34e17ba90a42c777fa4a85d345825cedb66061000f70cfab6,False,-25.0,Up,0.5,v1,NIGHT,btc_5m_v1,2,False,2,False,1,False,1,False
1779328501527152,2026-05-21 01:55:01.527152,poly_updown_sol_5m_volume_INV_NIGHT,False,sol_5m_volume_INV_NIGHT,SOL,5m,UP,0xfd30f72febc0f2071e20e482d771dec896d6b0f24cc3566da8143a1a9a80e151,True,21.77915152,Up,0.5466379978620796,v1,NIGHT,sol_5m_v1,1,False,2,True,1,False,1,False
1779328501527152,2026-05-21 01:55:01.527152,poly_updown_sol_5m_volume_INV_NIGHT,False,sol_5m_volume_INV_NIGHT,SOL,5m,UP,0xfd30f72febc0f2071e20e482d771dec896d6b0f24cc3566da8143a1a9a80e151,True,22.78697568,Up,0.5256587977054076,v1,NIGHT,sol_5m_v1,1,False,2,True,1,False,1,False
1779328501527815,2026-05-21 01:55:01.527815,poly_updown_btc_5m_volume_INV_NIGHT,False,btc_5m_volume_INV_NIGHT,BTC,5m,UP,0x440dc848159554f2ad74fa401dfc3365c0d5b1d9eac629d81195009081137bb0,True,23.53921192,Up,0.51,v1,NIGHT,btc_5m_v1,0,False,2,True,1,False,1,False
1779328501527815,2026-05-21 01:55:01.527815,poly_updown_btc_5m_volume_INV_NIGHT,False,btc_5m_volume_INV_NIGHT,BTC,5m,UP,0x440dc848159554f2ad74fa401dfc3365c0d5b1d9eac629d81195009081137bb0,True,23.53921192,Up,0.51,v1,NIGHT,btc_5m_v1,0,False,2,True,1,False,1,False
1779328501570018,2026-05-21 01:55:01.570018,poly_updown_eth_5m_volume_INV_NIGHT,False,eth_5m_volume_INV_NIGHT,ETH,5m,UP,0x8eb0e5754586f140baab75c0b8d08fbb015c93cb3327270b0de87895a3a1a131,True,22.7368036,Up,0.5267031962725114,v1,NIGHT,eth_5m_v1,0,False,2,True,1,False,1,False
1779328501570018,2026-05-21 01:55:01.570018,poly_updown_eth_5m_volume_INV_NIGHT,False,eth_5m_volume_INV_NIGHT,ETH,5m,UP,0x8eb0e5754586f140baab75c0b8d08fbb015c93cb3327270b0de87895a3a1a131,True,23.18700776,Up,0.5173315979730556,v1,NIGHT,eth_5m_v1,0,False,2,True,1,False,1,False
1779328509785312,2026-05-21 01:55:09.785312,poly_updown_sol_5m_v3_1,False,sol_5m_v3_1,SOL,5m,DOWN,0xfd30f72febc0f2071e20e482d771dec896d6b0f24cc3566da8143a1a9a80e151,False,-25.499,Up,0.50998,v1,1,sol_5m_v1,1,False,2,False,1,False,1,False
1779328509793924,2026-05-21 01:55:09.793924,poly_updown_btc_5m_volume_INV_NIGHT,False,btc_5m_volume_INV_NIGHT,BTC,5m,UP,0x440dc848159554f2ad74fa401dfc3365c0d5b1d9eac629d81195009081137bb0,True,23.53921192,Up,0.51,v1,NIGHT,btc_5m_v1,0,False,2,True,1,False,1,False
1779328509793924,2026-05-21 01:55:09.793924,poly_updown_btc_5m_volume_INV_NIGHT,False,btc_5m_volume_INV_NIGHT,BTC,5m,UP,0x440dc848159554f2ad74fa401dfc3365c0d5b1d9eac629d81195009081137bb0,True,23.53921192,Up,0.51,v1,NIGHT,btc_5m_v1,0,False,2,True,1,False,1,False
1779328509815645,2026-05-21 01:55:09.815645,poly_updown_sol_5m_v3,False,sol_5m_v3,SOL,5m,DOWN,0xfd30f72febc0f2071e20e482d771dec896d6b0f24cc3566da8143a1a9a80e151,False,-25.499,Up,0.50998,v1,v3,sol_5m_v1,1,False,2,False,1,False,1,False
1779328509817700,2026-05-21 01:55:09.817700,poly_updown_sol_5m_volume_INV_NIGHT,False,sol_5m_volume_INV_NIGHT,SOL,5m,UP,0xfd30f72febc0f2071e20e482d771dec896d6b0f24cc3566da8143a1a9a80e151,True,21.77915152,Up,0.5466379978620796,v1,NIGHT,sol_5m_v1,1,False,2,True,1,False,1,False
1779328509817700,2026-05-21 01:55:09.817700,poly_updown_sol_5m_volume_INV_NIGHT,False,sol_5m_volume_INV_NIGHT,SOL,5m,UP,0xfd30f72febc0f2071e20e482d771dec896d6b0f24cc3566da8143a1a9a80e151,True,22.78697568,Up,0.5256587977054076,v1,NIGHT,sol_5m_v1,1,False,2,True,1,False,1,False
1779328509825591,2026-05-21 01:55:09.825591,poly_updown_eth_5m_volume_INV_NIGHT,False,eth_5m_volume_INV_NIGHT,ETH,5m,UP,0x8eb0e5754586f140baab75c0b8d08fbb015c93cb3327270b0de87895a3a1a131,True,22.7368036,Up,0.5267031962725114,v1,NIGHT,eth_5m_v1,0,False,2,True,1,False,1,False
1779328509825591,2026-05-21 01:55:09.825591,poly_updown_eth_5m_volume_INV_NIGHT,False,eth_5m_volume_INV_NIGHT,ETH,5m,UP,0x8eb0e5754586f140baab75c0b8d08fbb015c93cb3327270b0de87895a3a1a131,True,23.18700776,Up,0.5173315979730556,v1,NIGHT,eth_5m_v1,0,False,2,True,1,False,1,False
1779328805521361,2026-05-21 02:00:05.521361,poly_updown_eth_5m_volume_INV_NIGHT,False,eth_5m_volume_INV_NIGHT,ETH,5m,DOWN,0xdda45d7573c9ca9ace08146cb039b948c04f9de47c3564632c5faecdaa94fed7,True,24.5,Down,0.5,v1,NIGHT,eth_5m_v1,1,False,2,False,1,False,1,False
1779328805521361,2026-05-21 02:00:05.521361,poly_updown_eth_5m_volume_INV_NIGHT,False,eth_5m_volume_INV_NIGHT,ETH,5m,DOWN,0xdda45d7573c9ca9ace08146cb039b948c04f9de47c3564632c5faecdaa94fed7,True,24.5,Down,0.5,v1,NIGHT,eth_5m_v1,1,False,2,False,1,False,1,False
1779328805527349,2026-05-21 02:00:05.527349,poly_updown_btc_5m_volume_INV_NIGHT,False,btc_5m_volume_INV_NIGHT,BTC,5m,DOWN,0x238a21299714cf942c64276c9ba8098600ba39d7c5141fd8dfcc5af573b6c5f7,True,24.5,Down,0.5,v1,NIGHT,btc_5m_v1,1,False,2,False,1,False,1,False
1779328805527349,2026-05-21 02:00:05.527349,poly_updown_btc_5m_volume_INV_NIGHT,False,btc_5m_volume_INV_NIGHT,BTC,5m,DOWN,0x238a21299714cf942c64276c9ba8098600ba39d7c5141fd8dfcc5af573b6c5f7,True,24.5,Down,0.5,v1,NIGHT,btc_5m_v1,1,False,2,False,1,False,1,False
1779328805563891,2026-05-21 02:00:05.563891,poly_updown_sol_5m_volume_INV_NIGHT,False,sol_5m_volume_INV_NIGHT,SOL,5m,DOWN,0x1b4e0e2de43238fde6f81453165f8382de3a3cd8603d84a3c8c7e1cdc63e746f,True,23.86496,Down,0.51296,v1,NIGHT,sol_5m_v1,1,False,1,False,1,False,1,False
1779328805563891,2026-05-21 02:00:05.563891,poly_updown_sol_5m_volume_INV_NIGHT,False,sol_5m_volume_INV_NIGHT,SOL,5m,DOWN,0x1b4e0e2de43238fde6f81453165f8382de3a3cd8603d84a3c8c7e1cdc63e746f,True,23.86153,Down,0.51303,v1,NIGHT,sol_5m_v1,1,False,1,False,1,False,1,False
1779328805856318,2026-05-21 02:00:05.856318,poly_updown_btc_15m_volume_INV_NIGHT,False,btc_15m_volume_INV_NIGHT,BTC,15m,DOWN,0x71f5d5a492ce2225052f5e88be5b2abc3f21a3db8cef2d3a21fa6ffed2baca6f,False,-25.0,Up,0.5,v1,NIGHT,btc_15m_v1,1,False,2,False,1,False,1,False
1779328805856318,2026-05-21 02:00:05.856318,poly_updown_btc_15m_volume_INV_NIGHT,False,btc_15m_volume_INV_NIGHT,BTC,15m,DOWN,0x71f5d5a492ce2225052f5e88be5b2abc3f21a3db8cef2d3a21fa6ffed2baca6f,False,-25.0,Up,0.5,v1,NIGHT,btc_15m_v1,1,False,2,False,1,False,1,False
1779328805867300,2026-05-21 02:00:05.867300,poly_updown_sol_15m_volume_INV_NIGHT,False,sol_15m_volume_INV_NIGHT,SOL,15m,DOWN,0x74fea4bfd7d9bcd9fd0381f9c711f78c85ce2b931675236b2a7aae80291380cb,False,-25.680388,Up,0.5238799990207998,v1,NIGHT,sol_15m_v1,1,False,1,False,1,False,1,False
1779328805867300,2026-05-21 02:00:05.867300,poly_updown_sol_15m_volume_INV_NIGHT,False,sol_15m_volume_INV_NIGHT,SOL,15m,DOWN,0x74fea4bfd7d9bcd9fd0381f9c711f78c85ce2b931675236b2a7aae80291380cb,False,-25.680388,Up,0.5238799990207998,v1,NIGHT,sol_15m_v1,1,False,1,False,1,False,1,False
1779328805950805,2026-05-21 02:00:05.950805,poly_updown_eth_15m_volume_INV_NIGHT,False,eth_15m_volume_INV_NIGHT,ETH,15m,DOWN,0xfb76c209b83b8a490db1f733dfa4d0b69246709ed18cbbb1b6454876bb78b224,False,-25.05,Up,0.501,v1,NIGHT,eth_15m_v1,1,False,2,False,1,False,1,False
1779328805950805,2026-05-21 02:00:05.950805,poly_updown_eth_15m_volume_INV_NIGHT,False,eth_15m_volume_INV_NIGHT,ETH,15m,DOWN,0xfb76c209b83b8a490db1f733dfa4d0b69246709ed18cbbb1b6454876bb78b224,False,-25.05,Up,0.501,v1,NIGHT,eth_15m_v1,1,False,2,False,1,False,1,False
1779328808980139,2026-05-21 02:00:08.980139,poly_updown_eth_5m_volume_INV_NIGHT,False,eth_5m_volume_INV_NIGHT,ETH,5m,DOWN,0xdda45d7573c9ca9ace08146cb039b948c04f9de47c3564632c5faecdaa94fed7,True,24.5,Down,0.5,v1,NIGHT,eth_5m_v1,1,False,2,False,1,False,1,False
1779328808980139,2026-05-21 02:00:08.980139,poly_updown_eth_5m_volume_INV_NIGHT,False,eth_5m_volume_INV_NIGHT,ETH,5m,DOWN,0xdda45d7573c9ca9ace08146cb039b948c04f9de47c3564632c5faecdaa94fed7,True,24.5,Down,0.5,v1,NIGHT,eth_5m_v1,1,False,2,False,1,False,1,False
1779328809005056,2026-05-21 02:00:09.005056,poly_updown_sol_5m_volume_INV_NIGHT,False,sol_5m_volume_INV_NIGHT,SOL,5m,DOWN,0x1b4e0e2de43238fde6f81453165f8382de3a3cd8603d84a3c8c7e1cdc63e746f,True,23.86496,Down,0.51296,v1,NIGHT,sol_5m_v1,1,False,1,False,1,False,1,False
1779328809005056,2026-05-21 02:00:09.005056,poly_updown_sol_5m_volume_INV_NIGHT,False,sol_5m_volume_INV_NIGHT,SOL,5m,DOWN,0x1b4e0e2de43238fde6f81453165f8382de3a3cd8603d84a3c8c7e1cdc63e746f,True,23.86153,Down,0.51303,v1,NIGHT,sol_5m_v1,1,False,1,False,1,False,1,False
1779328809005666,2026-05-21 02:00:09.005666,poly_updown_btc_5m_volume_INV_NIGHT,False,btc_5m_volume_INV_NIGHT,BTC,5m,DOWN,0x238a21299714cf942c64276c9ba8098600ba39d7c5141fd8dfcc5af573b6c5f7,True,24.5,Down,0.5,v1,NIGHT,btc_5m_v1,1,False,2,False,1,False,1,False
1779328809005666,2026-05-21 02:00:09.005666,poly_updown_btc_5m_volume_INV_NIGHT,False,btc_5m_volume_INV_NIGHT,BTC,5m,DOWN,0x238a21299714cf942c64276c9ba8098600ba39d7c5141fd8dfcc5af573b6c5f7,True,24.5,Down,0.5,v1,NIGHT,btc_5m_v1,1,False,2,False,1,False,1,False
1779328810047289,2026-05-21 02:00:10.047289,poly_updown_eth_15m_volume_INV_NIGHT,False,eth_15m_volume_INV_NIGHT,ETH,15m,DOWN,0xfb76c209b83b8a490db1f733dfa4d0b69246709ed18cbbb1b6454876bb78b224,False,-25.05,Up,0.501,v1,NIGHT,eth_15m_v1,1,False,2,False,1,False,1,False
1779328810047289,2026-05-21 02:00:10.047289,poly_updown_eth_15m_volume_INV_NIGHT,False,eth_15m_volume_INV_NIGHT,ETH,15m,DOWN,0xfb76c209b83b8a490db1f733dfa4d0b69246709ed18cbbb1b6454876bb78b224,False,-25.05,Up,0.501,v1,NIGHT,eth_15m_v1,1,False,2,False,1,False,1,False
1779328810072434,2026-05-21 02:00:10.072434,poly_updown_btc_15m_volume_INV_NIGHT,False,btc_15m_volume_INV_NIGHT,BTC,15m,DOWN,0x71f5d5a492ce2225052f5e88be5b2abc3f21a3db8cef2d3a21fa6ffed2baca6f,False,-25.0,Up,0.5,v1,NIGHT,btc_15m_v1,1,False,2,False,1,False,1,False
1779328810072434,2026-05-21 02:00:10.072434,poly_updown_btc_15m_volume_INV_NIGHT,False,btc_15m_volume_INV_NIGHT,BTC,15m,DOWN,0x71f5d5a492ce2225052f5e88be5b2abc3f21a3db8cef2d3a21fa6ffed2baca6f,False,-25.0,Up,0.5,v1,NIGHT,btc_15m_v1,1,False,2,False,1,False,1,False
1779328810098643,2026-05-21 02:00:10.098643,poly_updown_sol_15m_volume_INV_NIGHT,False,sol_15m_volume_INV_NIGHT,SOL,15m,DOWN,0x74fea4bfd7d9bcd9fd0381f9c711f78c85ce2b931675236b2a7aae80291380cb,False,-25.680388,Up,0.5238799990207998,v1,NIGHT,sol_15m_v1,1,False,1,False,1,False,1,False
1779328810098643,2026-05-21 02:00:10.098643,poly_updown_sol_15m_volume_INV_NIGHT,False,sol_15m_volume_INV_NIGHT,SOL,15m,DOWN,0x74fea4bfd7d9bcd9fd0381f9c711f78c85ce2b931675236b2a7aae80291380cb,False,-25.680388,Up,0.5238799990207998,v1,NIGHT,sol_15m_v1,1,False,1,False,1,False,1,False
1779329105202263,2026-05-21 02:05:05.202263,poly_updown_btc_5m_volume_INV_NIGHT,False,btc_5m_volume_INV_NIGHT,BTC,5m,DOWN,0x3bb2ede6bf422c9107aad0575fdd103ce5b95ce4d855ffff5296769328b1bca6,False,-25.4088,Up,0.508176,v1,NIGHT,btc_5m_v1,1,False,2,False,1,False,1,False
1779329105202263,2026-05-21 02:05:05.202263,poly_updown_btc_5m_volume_INV_NIGHT,False,btc_5m_volume_INV_NIGHT,BTC,5m,DOWN,0x3bb2ede6bf422c9107aad0575fdd103ce5b95ce4d855ffff5296769328b1bca6,False,-24.999996,Up,0.51,v1,NIGHT,btc_5m_v1,1,False,2,False,1,False,1,False
1779329110170094,2026-05-21 02:05:10.170094,poly_updown_btc_5m_volume_INV_NIGHT,False,btc_5m_volume_INV_NIGHT,BTC,5m,DOWN,0x3bb2ede6bf422c9107aad0575fdd103ce5b95ce4d855ffff5296769328b1bca6,False,-25.4088,Up,0.508176,v1,NIGHT,btc_5m_v1,1,False,2,False,1,False,1,False
1779329110170094,2026-05-21 02:05:10.170094,poly_updown_btc_5m_volume_INV_NIGHT,False,btc_5m_volume_INV_NIGHT,BTC,5m,DOWN,0x3bb2ede6bf422c9107aad0575fdd103ce5b95ce4d855ffff5296769328b1bca6,False,-24.999996,Up,0.51,v1,NIGHT,btc_5m_v1,1,False,2,False,1,False,1,False
1779329110188686,2026-05-21 02:05:10.188686,poly_updown_sol_5m_volume_INV_NIGHT,False,sol_5m_volume_INV_NIGHT,SOL,5m,DOWN,0xe636184b6c59497fb6fcd2632d11d3f31811a61c341dabd5d0306260bb896f6a,False,-25.648,Up,0.51296,v1,NIGHT,sol_5m_v1,1,False,2,False,1,False,1,False
1779329110217560,2026-05-21 02:05:10.217560,poly_updown_eth_5m_volume_INV_NIGHT,False,eth_5m_volume_INV_NIGHT,ETH,5m,DOWN,0x04809ebdcfe9e98fb1c41c585ea7d22e07dc75a95749129d7db4c3ae5166aad0,False,-25.0,Up,0.5,v1,NIGHT,eth_5m_v1,1,False,2,False,1,False,1,False
1779329404636161,2026-05-21 02:10:04.636161,poly_updown_eth_5m_volume_INV_NIGHT,False,eth_5m_volume_INV_NIGHT,ETH,5m,UP,0xdf44bac4ee7d860ea3d1a8d272cc108590864c8a0c96b4c062997924c4d92171,True,22.91290568,Up,0.5230373972859835,v1,NIGHT,eth_5m_v1,0,False,2,True,1,False,1,False
1779329404641344,2026-05-21 02:10:04.641344,poly_updown_btc_5m_volume_INV_NIGHT,False,btc_5m_volume_INV_NIGHT,BTC,5m,UP,0x87c260d98567df07e60b078d0173d3887731dc2adb6b524402010a2db2bd07a9,True,23.53921192,Up,0.51,v1,NIGHT,btc_5m_v1,0,False,2,True,1,False,1,False
1779329404641344,2026-05-21 02:10:04.641344,poly_updown_btc_5m_volume_INV_NIGHT,False,btc_5m_volume_INV_NIGHT,BTC,5m,UP,0x87c260d98567df07e60b078d0173d3887731dc2adb6b524402010a2db2bd07a9,True,23.53921192,Up,0.51,v1,NIGHT,btc_5m_v1,0,False,2,True,1,False,1,False
1779329404660619,2026-05-21 02:10:04.660619,poly_updown_sol_5m_volume_INV_NIGHT,False,sol_5m_volume_INV_NIGHT,SOL,5m,UP,0x99a5e26eff891cba6268d52e52e5ff13a31866c4af00fcbf002273389ae91512,True,22.98345,Up,0.53095,v1,NIGHT,sol_5m_v1,0,False,2,True,1,False,1,False
1779329409210871,2026-05-21 02:10:09.210871,poly_updown_btc_5m_volume_INV_NIGHT,False,btc_5m_volume_INV_NIGHT,BTC,5m,UP,0x87c260d98567df07e60b078d0173d3887731dc2adb6b524402010a2db2bd07a9,True,23.53921192,Up,0.51,v1,NIGHT,btc_5m_v1,0,False,2,True,1,False,1,False
1779329409210871,2026-05-21 02:10:09.210871,poly_updown_btc_5m_volume_INV_NIGHT,False,btc_5m_volume_INV_NIGHT,BTC,5m,UP,0x87c260d98567df07e60b078d0173d3887731dc2adb6b524402010a2db2bd07a9,True,23.53921192,Up,0.51,v1,NIGHT,btc_5m_v1,0,False,2,True,1,False,1,False
1779329703569928,2026-05-21 02:15:03.569928,poly_updown_btc_5m_volume_INV_NIGHT,False,btc_5m_volume_INV_NIGHT,BTC,5m,DOWN,0x980d104179f1abdad941106efc371f19e7e16d2ac189afbae546e38534aedeba,False,-25.0,Up,0.5,v1,NIGHT,btc_5m_v1,2,False,2,False,1,False,1,False
1779329703569928,2026-05-21 02:15:03.569928,poly_updown_btc_5m_volume_INV_NIGHT,False,btc_5m_volume_INV_NIGHT,BTC,5m,DOWN,0x980d104179f1abdad941106efc371f19e7e16d2ac189afbae546e38534aedeba,False,-25.0,Up,0.5,v1,NIGHT,btc_5m_v1,2,False,2,False,1,False,1,False
1779329703945292,2026-05-21 02:15:03.945292,poly_updown_btc_15m_volume_INV_NIGHT,False,btc_15m_volume_INV_NIGHT,BTC,15m,DOWN,0x48a275f3c9d8483040e623b2d1f97e890e84878a5e26a497e37271ff3beb5be9,True,24.353,Down,0.503,v1,NIGHT,btc_15m_v1,2,False,2,False,1,False,1,False
1779329703945292,2026-05-21 02:15:03.945292,poly_updown_btc_15m_volume_INV_NIGHT,False,btc_15m_volume_INV_NIGHT,BTC,15m,DOWN,0x48a275f3c9d8483040e623b2d1f97e890e84878a5e26a497e37271ff3beb5be9,True,24.353,Down,0.503,v1,NIGHT,btc_15m_v1,2,False,2,False,1,False,1,False
1779329703947250,2026-05-21 02:15:03.947250,poly_updown_sol_15m_volume_INV_NIGHT,False,sol_15m_volume_INV_NIGHT,SOL,15m,DOWN,0xa7c65de225fdb6f19487c5a7d173428c9709b16807dbfdcd82a5ad25cfa1d4c8,False,-25.9,Up,0.518,v1,NIGHT,sol_15m_v1,1,False,1,False,1,False,1,False
1779329703947250,2026-05-21 02:15:03.947250,poly_updown_sol_15m_volume_INV_NIGHT,False,sol_15m_volume_INV_NIGHT,SOL,15m,DOWN,0xa7c65de225fdb6f19487c5a7d173428c9709b16807dbfdcd82a5ad25cfa1d4c8,False,-26.15,Up,0.523,v1,NIGHT,sol_15m_v1,1,False,1,False,1,False,1,False
1779329704086338,2026-05-21 02:15:04.086338,poly_updown_eth_15m_volume_INV_NIGHT,False,eth_15m_volume_INV_NIGHT,ETH,15m,DOWN,0xb0c060d488f80748a1d5c610d292518fb9aa0cd829b2dda487428b50d8dcbfa4,True,22.932,Down,0.532,v1,NIGHT,eth_15m_v1,1,False,2,False,1,False,1,False
1779329704086338,2026-05-21 02:15:04.086338,poly_updown_eth_15m_volume_INV_NIGHT,False,eth_15m_volume_INV_NIGHT,ETH,15m,DOWN,0xb0c060d488f80748a1d5c610d292518fb9aa0cd829b2dda487428b50d8dcbfa4,True,24.451,Down,0.501,v1,NIGHT,eth_15m_v1,1,False,2,False,1,False,1,False
1779329708040126,2026-05-21 02:15:08.040126,poly_updown_btc_5m_volume_INV_NIGHT,False,btc_5m_volume_INV_NIGHT,BTC,5m,DOWN,0x980d104179f1abdad941106efc371f19e7e16d2ac189afbae546e38534aedeba,False,-25.0,Up,0.5,v1,NIGHT,btc_5m_v1,2,False,2,False,1,False,1,False
1779329708040126,2026-05-21 02:15:08.040126,poly_updown_btc_5m_volume_INV_NIGHT,False,btc_5m_volume_INV_NIGHT,BTC,5m,DOWN,0x980d104179f1abdad941106efc371f19e7e16d2ac189afbae546e38534aedeba,False,-25.0,Up,0.5,v1,NIGHT,btc_5m_v1,2,False,2,False,1,False,1,False
1779329708045533,2026-05-21 02:15:08.045533,poly_updown_sol_5m_volume_INV_NIGHT,False,sol_5m_volume_INV_NIGHT,SOL,5m,DOWN,0x09981e133d16a0f1e6723fcd5f50ef17de6d7acbeb56d960510fe9ac644906f6,False,-25.697,Up,0.51394,v1,NIGHT,sol_5m_v1,1,False,1,False,1,False,1,False
1779329708068446,2026-05-21 02:15:08.068446,poly_updown_eth_5m_volume_INV_NIGHT,False,eth_5m_volume_INV_NIGHT,ETH,5m,DOWN,0x54ddece507d8e86a94309b919a22e763c6a0baa2f898280b362d0309c9c82c38,False,-25.3895,Up,0.50779,v1,NIGHT,eth_5m_v1,1,False,2,False,1,False,1,False
1779329708625261,2026-05-21 02:15:08.625261,poly_updown_sol_15m_volume_INV_NIGHT,False,sol_15m_volume_INV_NIGHT,SOL,15m,DOWN,0xa7c65de225fdb6f19487c5a7d173428c9709b16807dbfdcd82a5ad25cfa1d4c8,False,-25.9,Up,0.518,v1,NIGHT,sol_15m_v1,1,False,1,False,1,False,1,False
1779329708625261,2026-05-21 02:15:08.625261,poly_updown_sol_15m_volume_INV_NIGHT,False,sol_15m_volume_INV_NIGHT,SOL,15m,DOWN,0xa7c65de225fdb6f19487c5a7d173428c9709b16807dbfdcd82a5ad25cfa1d4c8,False,-26.15,Up,0.523,v1,NIGHT,sol_15m_v1,1,False,1,False,1,False,1,False
1779329708647794,2026-05-21 02:15:08.647794,poly_updown_btc_15m_volume_INV_NIGHT,False,btc_15m_volume_INV_NIGHT,BTC,15m,DOWN,0x48a275f3c9d8483040e623b2d1f97e890e84878a5e26a497e37271ff3beb5be9,True,24.353,Down,0.503,v1,NIGHT,btc_15m_v1,2,False,2,False,1,False,1,False
1779329708647794,2026-05-21 02:15:08.647794,poly_updown_btc_15m_volume_INV_NIGHT,False,btc_15m_volume_INV_NIGHT,BTC,15m,DOWN,0x48a275f3c9d8483040e623b2d1f97e890e84878a5e26a497e37271ff3beb5be9,True,24.353,Down,0.503,v1,NIGHT,btc_15m_v1,2,False,2,False,1,False,1,False
1779329708706085,2026-05-21 02:15:08.706085,poly_updown_eth_15m_volume_INV_NIGHT,False,eth_15m_volume_INV_NIGHT,ETH,15m,DOWN,0xb0c060d488f80748a1d5c610d292518fb9aa0cd829b2dda487428b50d8dcbfa4,True,22.932,Down,0.532,v1,NIGHT,eth_15m_v1,1,False,2,False,1,False,1,False
1779329708706085,2026-05-21 02:15:08.706085,poly_updown_eth_15m_volume_INV_NIGHT,False,eth_15m_volume_INV_NIGHT,ETH,15m,DOWN,0xb0c060d488f80748a1d5c610d292518fb9aa0cd829b2dda487428b50d8dcbfa4,True,24.451,Down,0.501,v1,NIGHT,eth_15m_v1,1,False,2,False,1,False,1,False
1779330005064277,2026-05-21 02:20:05.064277,poly_updown_sol_5m_volume_INV_NIGHT,False,sol_5m_volume_INV_NIGHT,SOL,5m,DOWN,0xc816821d56d1e249362e99d1d2d1c223f0b77e65866e8fc0a9b9a44ae3b50f8c,True,22.39497568,Down,0.5338187990110078,v1,NIGHT,sol_5m_v1,2,False,1,False,1,False,1,False
1779330005066074,2026-05-21 02:20:05.066074,poly_updown_btc_5m_volume_INV_NIGHT,False,btc_5m_volume_INV_NIGHT,BTC,5m,DOWN,0xc199452f33389a6ce154e9ff8a2664392b2dfa710cb544c4c0dc16e68d44f116,False,-25.1726,Up,0.503452,v1,NIGHT,btc_5m_v1,2,False,2,False,1,False,1,False
1779330005066842,2026-05-21 02:20:05.066842,poly_updown_sol_5m_v3,False,sol_5m_v3,SOL,5m,UP,0xc816821d56d1e249362e99d1d2d1c223f0b77e65866e8fc0a9b9a44ae3b50f8c,False,-25.6975,Down,0.51395,v1,v3,sol_5m_v1,2,True,1,False,1,False,1,False
1779330005067798,2026-05-21 02:20:05.067798,poly_updown_sol_5m_v4,False,sol_5m_v4,SOL,5m,UP,0xc816821d56d1e249362e99d1d2d1c223f0b77e65866e8fc0a9b9a44ae3b50f8c,False,-25.6975,Down,0.51395,v1,v4,sol_5m_v1,2,True,1,False,1,False,1,False
1779330005070848,2026-05-21 02:20:05.070848,poly_updown_eth_5m_volume_INV_NIGHT,False,eth_5m_volume_INV_NIGHT,ETH,5m,DOWN,0x56c3592c8605af5c638c38b79880ab8b59cd1c02511ab2d413f653ba5348c44a,True,23.812824,Down,0.514024,v1,NIGHT,eth_5m_v1,2,False,2,False,1,False,1,False
1779330005070848,2026-05-21 02:20:05.070848,poly_updown_eth_5m_volume_INV_NIGHT,False,eth_5m_volume_INV_NIGHT,ETH,5m,DOWN,0x56c3592c8605af5c638c38b79880ab8b59cd1c02511ab2d413f653ba5348c44a,True,21.58264584,Down,0.5331099983463996,v1,NIGHT,eth_5m_v1,2,False,2,False,1,False,1,False
1779330005071599,2026-05-21 02:20:05.071599,poly_updown_sol_5m_sniper,False,sol_5m_sniper,SOL,5m,UP,0xc816821d56d1e249362e99d1d2d1c223f0b77e65866e8fc0a9b9a44ae3b50f8c,False,-25.6975,Down,0.51395,v1,sniper,sol_5m_v1,2,True,1,False,1,False,1,False
1779330005761313,2026-05-21 02:20:05.761313,poly_updown_sol_5m_v3_1,False,sol_5m_v3_1,SOL,5m,UP,0xc816821d56d1e249362e99d1d2d1c223f0b77e65866e8fc0a9b9a44ae3b50f8c,False,-25.6975,Down,0.51395,v1,1,sol_5m_v1,2,True,1,False,1,False,1,False
1779330005762706,2026-05-21 02:20:05.762706,poly_updown_sol_5m_v3_3,False,sol_5m_v3_3,SOL,5m,UP,0xc816821d56d1e249362e99d1d2d1c223f0b77e65866e8fc0a9b9a44ae3b50f8c,False,-25.6975,Down,0.51395,v1,3,sol_5m_v1,2,True,1,False,1,False,1,False
1779330005763224,2026-05-21 02:20:05.763224,poly_updown_sol_5m_v3_2,False,sol_5m_v3_2,SOL,5m,UP,0xc816821d56d1e249362e99d1d2d1c223f0b77e65866e8fc0a9b9a44ae3b50f8c,False,-25.6975,Down,0.51395,v1,2,sol_5m_v1,2,True,1,False,1,False,1,False
1779330005763353,2026-05-21 02:20:05.763353,poly_updown_sol_5m_sniper_INV,False,sol_5m_sniper_INV,SOL,5m,DOWN,0xc816821d56d1e249362e99d1d2d1c223f0b77e65866e8fc0a9b9a44ae3b50f8c,True,22.39497568,Down,0.5338187990110078,v1,INV,sol_5m_v1,2,False,1,False,1,False,1,False
1779330009731061,2026-05-21 02:20:09.731061,poly_updown_eth_5m_sniper,False,eth_5m_sniper,ETH,5m,UP,0x56c3592c8605af5c638c38b79880ab8b59cd1c02511ab2d413f653ba5348c44a,False,-24.999996,Down,0.51,v1,sniper,eth_5m_v1,2,True,2,True,1,False,1,False
1779330009745505,2026-05-21 02:20:09.745505,poly_updown_eth_5m_volume_INV_NIGHT,False,eth_5m_volume_INV_NIGHT,ETH,5m,DOWN,0x56c3592c8605af5c638c38b79880ab8b59cd1c02511ab2d413f653ba5348c44a,True,23.812824,Down,0.514024,v1,NIGHT,eth_5m_v1,2,False,2,False,1,False,1,False
1779330009745505,2026-05-21 02:20:09.745505,poly_updown_eth_5m_volume_INV_NIGHT,False,eth_5m_volume_INV_NIGHT,ETH,5m,DOWN,0x56c3592c8605af5c638c38b79880ab8b59cd1c02511ab2d413f653ba5348c44a,True,21.58264584,Down,0.5331099983463996,v1,NIGHT,eth_5m_v1,2,False,2,False,1,False,1,False
1779330060399539,2026-05-21 02:21:00.399539,poly_updown_sol_5m_momo_v2_HEDGE_f7,True,sol_5m_momo_v2_HEDGE,SOL,5m,UP,0xc816821d56d1e249362e99d1d2d1c223f0b77e65866e8fc0a9b9a44ae3b50f8c,False,-25.1995,Down,0.50399,v2,HEDGE,sol_5m_v2,2,True,1,False,1,False,1,False
1779330060411787,2026-05-21 02:21:00.411787,poly_updown_sol_5m_momo_v2_HOLD_f7,True,sol_5m_momo_v2_HOLD,SOL,5m,UP,0xc816821d56d1e249362e99d1d2d1c223f0b77e65866e8fc0a9b9a44ae3b50f8c,False,-25.1995,Down,0.50399,v2,HOLD,sol_5m_v2,2,True,1,False,1,False,1,False
1779330060412553,2026-05-21 02:21:00.412553,poly_updown_sol_5m_momo_v2_SELL_f7,True,sol_5m_momo_v2_SELL,SOL,5m,UP,0xc816821d56d1e249362e99d1d2d1c223f0b77e65866e8fc0a9b9a44ae3b50f8c,False,-25.1995,Down,0.50399,v2,SELL,sol_5m_v2,2,True,1,False,1,False,1,False
1779330066271553,2026-05-21 02:21:06.271553,poly_updown_sol_5m_momo_v2_HOLD,False,sol_5m_momo_v2_HOLD,SOL,5m,UP,0xc816821d56d1e249362e99d1d2d1c223f0b77e65866e8fc0a9b9a44ae3b50f8c,False,-25.1995,Down,0.50399,v2,HOLD,sol_5m_v2,2,True,1,False,1,False,1,False
1779330066662871,2026-05-21 02:21:06.662871,poly_updown_sol_5m_momo_v2_SELL,False,sol_5m_momo_v2_SELL,SOL,5m,UP,0xc816821d56d1e249362e99d1d2d1c223f0b77e65866e8fc0a9b9a44ae3b50f8c,False,-25.1995,Down,0.50399,v2,SELL,sol_5m_v2,2,True,1,False,1,False,1,False
1779330066666976,2026-05-21 02:21:06.666976,poly_updown_sol_5m_momo_v2_HEDGE,False,sol_5m_momo_v2_HEDGE,SOL,5m,UP,0xc816821d56d1e249362e99d1d2d1c223f0b77e65866e8fc0a9b9a44ae3b50f8c,False,-25.1995,Down,0.50399,v2,HEDGE,sol_5m_v2,2,True,1,False,1,False,1,False
1779330304571894,2026-05-21 02:25:04.571894,poly_updown_btc_5m_volume_INV_NIGHT,False,btc_5m_volume_INV_NIGHT,BTC,5m,DOWN,0x924f85ea44fd824ffa2ad416e76f196f7e8c5fc0d411aca6a354d03ed8d70317,True,23.09821584,Down,0.5191799198687871,v1,NIGHT,btc_5m_v1,2,False,2,False,1,False,1,False
1779330304571894,2026-05-21 02:25:04.571894,poly_updown_btc_5m_volume_INV_NIGHT,False,btc_5m_volume_INV_NIGHT,BTC,5m,DOWN,0x924f85ea44fd824ffa2ad416e76f196f7e8c5fc0d411aca6a354d03ed8d70317,True,23.09821584,Down,0.5191799198687871,v1,NIGHT,btc_5m_v1,2,False,2,False,1,False,1,False
1779330309906032,2026-05-21 02:25:09.906032,poly_updown_btc_5m_volume_INV_NIGHT,False,btc_5m_volume_INV_NIGHT,BTC,5m,DOWN,0x924f85ea44fd824ffa2ad416e76f196f7e8c5fc0d411aca6a354d03ed8d70317,True,23.09821584,Down,0.5191799198687871,v1,NIGHT,btc_5m_v1,2,False,2,False,1,False,1,False
1779330309906032,2026-05-21 02:25:09.906032,poly_updown_btc_5m_volume_INV_NIGHT,False,btc_5m_volume_INV_NIGHT,BTC,5m,DOWN,0x924f85ea44fd824ffa2ad416e76f196f7e8c5fc0d411aca6a354d03ed8d70317,True,23.09821584,Down,0.5191799198687871,v1,NIGHT,btc_5m_v1,2,False,2,False,1,False,1,False
1779330309956345,2026-05-21 02:25:09.956345,poly_updown_sol_5m_volume_INV_NIGHT,False,sol_5m_volume_INV_NIGHT,SOL,5m,UP,0x781c5f676b061dafd3857623b2d6071187f372df41b7c186baa0462589d517f3,False,-25.6975,Down,0.51395,v1,NIGHT,sol_5m_v1,2,True,2,True,1,False,1,False
1779330309975848,2026-05-21 02:25:09.975848,poly_updown_eth_5m_volume_INV_NIGHT,False,eth_5m_volume_INV_NIGHT,ETH,5m,UP,0x095993964bb7317d9e1d1a7f2b51c7ac2fd7bb6b4c4b3d92bce5da2fb740913d,False,-24.999996,Down,0.51,v1,NIGHT,eth_5m_v1,2,True,2,True,1,False,1,False
1779330605392588,2026-05-21 02:30:05.392588,poly_updown_btc_5m_volume_INV_NIGHT,False,btc_5m_volume_INV_NIGHT,BTC,5m,DOWN,0xca65d5b94ffdca963bb5b828dced845bcecc596366d3e2e72efa4e284b5ccdd2,False,-25.340192,Up,0.5169399995103999,v1,NIGHT,btc_5m_v1,2,False,2,False,1,False,1,False
1779330605392588,2026-05-21 02:30:05.392588,poly_updown_btc_5m_volume_INV_NIGHT,False,btc_5m_volume_INV_NIGHT,BTC,5m,DOWN,0xca65d5b94ffdca963bb5b828dced845bcecc596366d3e2e72efa4e284b5ccdd2,False,-25.421692,Up,0.5186025997764159,v1,NIGHT,btc_5m_v1,2,False,2,False,1,False,1,False
1779330605401701,2026-05-21 02:30:05.401701,poly_updown_eth_5m_volume_INV_NIGHT,False,eth_5m_volume_INV_NIGHT,ETH,5m,UP,0xeb494433d698ce12056f8dc8b53ede0aa170041b5b040dc32777af1354e7672c,True,23.53921192,Up,0.51,v1,NIGHT,eth_5m_v1,2,True,2,True,1,False,1,False
1779330605401701,2026-05-21 02:30:05.401701,poly_updown_eth_5m_volume_INV_NIGHT,False,eth_5m_volume_INV_NIGHT,ETH,5m,UP,0xeb494433d698ce12056f8dc8b53ede0aa170041b5b040dc32777af1354e7672c,True,23.53921192,Up,0.51,v1,NIGHT,eth_5m_v1,2,True,2,True,1,False,1,False
1779330605531614,2026-05-21 02:30:05.531614,poly_updown_sol_5m_volume_INV_NIGHT,False,sol_5m_volume_INV_NIGHT,SOL,5m,DOWN,0xe8561b61e547e6692745f3c517513018f68e58c9deeed691966e4129a936b834,False,-26.069084,Up,0.5318093986895037,v1,NIGHT,sol_5m_v1,2,False,1,False,1,False,1,False
1779330605961938,2026-05-21 02:30:05.961938,poly_updown_btc_15m_volume_INV_NIGHT,False,btc_15m_volume_INV_NIGHT,BTC,15m,DOWN,0x014cc85fe3b5e57e0c1c8ad6be04f3ec1bc0729618ac65fdc38dd8bf4f9f7aa1,True,21.87729852,Down,0.5356652779193334,v1,NIGHT,btc_15m_v1,2,False,2,False,1,False,1,False
1779330605961938,2026-05-21 02:30:05.961938,poly_updown_btc_15m_volume_INV_NIGHT,False,btc_15m_volume_INV_NIGHT,BTC,15m,DOWN,0x014cc85fe3b5e57e0c1c8ad6be04f3ec1bc0729618ac65fdc38dd8bf4f9f7aa1,True,20.87032696,Down,0.54,v1,NIGHT,btc_15m_v1,2,False,2,False,1,False,1,False
1779330605965026,2026-05-21 02:30:05.965026,poly_updown_sol_15m_volume_INV_NIGHT,False,sol_15m_volume_INV_NIGHT,SOL,15m,DOWN,0x470b73f26d023d5ccff2b4e79b0363d9482ce645367b0ce189052ae9f17d2160,True,21.4878818,Down,0.5351599964383991,v1,NIGHT,sol_15m_v1,2,False,1,False,1,False,1,False
1779330605965026,2026-05-21 02:30:05.965026,poly_updown_sol_15m_volume_INV_NIGHT,False,sol_15m_volume_INV_NIGHT,SOL,15m,DOWN,0x470b73f26d023d5ccff2b4e79b0363d9482ce645367b0ce189052ae9f17d2160,True,21.4878818,Down,0.5351599964383991,v1,NIGHT,sol_15m_v1,2,False,1,False,1,False,1,False
1779330605966251,2026-05-21 02:30:05.966251,poly_updown_eth_15m_volume_INV_NIGHT,False,eth_15m_volume_INV_NIGHT,ETH,15m,UP,0xa3100d2cf7bb327e601d549cbb3728e98879db0afe6f45fafdf9cee42fc76df3,False,-24.999996,Down,0.51,v1,NIGHT,eth_15m_v1,2,True,2,True,1,False,1,False
1779330605966251,2026-05-21 02:30:05.966251,poly_updown_eth_15m_volume_INV_NIGHT,False,eth_15m_volume_INV_NIGHT,ETH,15m,UP,0xa3100d2cf7bb327e601d549cbb3728e98879db0afe6f45fafdf9cee42fc76df3,False,-24.999996,Down,0.51,v1,NIGHT,eth_15m_v1,2,True,2,True,1,False,1,False
1779330610128618,2026-05-21 02:30:10.128618,poly_updown_btc_5m_volume_INV_NIGHT,False,btc_5m_volume_INV_NIGHT,BTC,5m,DOWN,0xca65d5b94ffdca963bb5b828dced845bcecc596366d3e2e72efa4e284b5ccdd2,False,-25.340192,Up,0.5169399995103999,v1,NIGHT,btc_5m_v1,2,False,2,False,1,False,1,False
1779330610128618,2026-05-21 02:30:10.128618,poly_updown_btc_5m_volume_INV_NIGHT,False,btc_5m_volume_INV_NIGHT,BTC,5m,DOWN,0xca65d5b94ffdca963bb5b828dced845bcecc596366d3e2e72efa4e284b5ccdd2,False,-25.421692,Up,0.5186025997764159,v1,NIGHT,btc_5m_v1,2,False,2,False,1,False,1,False
1779330610168832,2026-05-21 02:30:10.168832,poly_updown_eth_5m_volume_INV_NIGHT,False,eth_5m_volume_INV_NIGHT,ETH,5m,UP,0xeb494433d698ce12056f8dc8b53ede0aa170041b5b040dc32777af1354e7672c,True,23.53921192,Up,0.51,v1,NIGHT,eth_5m_v1,2,True,2,True,1,False,1,False
1779330610168832,2026-05-21 02:30:10.168832,poly_updown_eth_5m_volume_INV_NIGHT,False,eth_5m_volume_INV_NIGHT,ETH,5m,UP,0xeb494433d698ce12056f8dc8b53ede0aa170041b5b040dc32777af1354e7672c,True,23.53921192,Up,0.51,v1,NIGHT,eth_5m_v1,2,True,2,True,1,False,1,False
1779330610547521,2026-05-21 02:30:10.547521,poly_updown_btc_15m_volume_INV_NIGHT,False,btc_15m_volume_INV_NIGHT,BTC,15m,DOWN,0x014cc85fe3b5e57e0c1c8ad6be04f3ec1bc0729618ac65fdc38dd8bf4f9f7aa1,True,21.87729852,Down,0.5356652779193334,v1,NIGHT,btc_15m_v1,2,False,2,False,1,False,1,False
1779330610547521,2026-05-21 02:30:10.547521,poly_updown_btc_15m_volume_INV_NIGHT,False,btc_15m_volume_INV_NIGHT,BTC,15m,DOWN,0x014cc85fe3b5e57e0c1c8ad6be04f3ec1bc0729618ac65fdc38dd8bf4f9f7aa1,True,20.87032696,Down,0.54,v1,NIGHT,btc_15m_v1,2,False,2,False,1,False,1,False
1779330610548878,2026-05-21 02:30:10.548878,poly_updown_eth_15m_volume_INV_NIGHT,False,eth_15m_volume_INV_NIGHT,ETH,15m,UP,0xa3100d2cf7bb327e601d549cbb3728e98879db0afe6f45fafdf9cee42fc76df3,False,-24.999996,Down,0.51,v1,NIGHT,eth_15m_v1,2,True,2,True,1,False,1,False
1779330610548878,2026-05-21 02:30:10.548878,poly_updown_eth_15m_volume_INV_NIGHT,False,eth_15m_volume_INV_NIGHT,ETH,15m,UP,0xa3100d2cf7bb327e601d549cbb3728e98879db0afe6f45fafdf9cee42fc76df3,False,-24.999996,Down,0.51,v1,NIGHT,eth_15m_v1,2,True,2,True,1,False,1,False
1779330610551888,2026-05-21 02:30:10.551888,poly_updown_sol_15m_volume_INV_NIGHT,False,sol_15m_volume_INV_NIGHT,SOL,15m,DOWN,0x470b73f26d023d5ccff2b4e79b0363d9482ce645367b0ce189052ae9f17d2160,True,21.4878818,Down,0.5351599964383991,v1,NIGHT,sol_15m_v1,2,False,1,False,1,False,1,False
1779330610551888,2026-05-21 02:30:10.551888,poly_updown_sol_15m_volume_INV_NIGHT,False,sol_15m_volume_INV_NIGHT,SOL,15m,DOWN,0x470b73f26d023d5ccff2b4e79b0363d9482ce645367b0ce189052ae9f17d2160,True,21.4878818,Down,0.5351599964383991,v1,NIGHT,sol_15m_v1,2,False,1,False,1,False,1,False
1779330908332898,2026-05-21 02:35:08.332898,poly_updown_btc_5m_volume_INV_NIGHT,False,btc_5m_volume_INV_NIGHT,BTC,5m,UP,0x153289ef2b3aa44577b9adb47a355f9d635ee8c5167f54165a59e6aeca8413b2,False,-25.0,Down,0.5,v1,NIGHT,btc_5m_v1,2,True,1,False,1,False,1,False
1779330908332898,2026-05-21 02:35:08.332898,poly_updown_btc_5m_volume_INV_NIGHT,False,btc_5m_volume_INV_NIGHT,BTC,5m,UP,0x153289ef2b3aa44577b9adb47a355f9d635ee8c5167f54165a59e6aeca8413b2,False,-25.0,Down,0.5,v1,NIGHT,btc_5m_v1,2,True,1,False,1,False,1,False
1779330911113537,2026-05-21 02:35:11.113537,poly_updown_btc_5m_volume_INV_NIGHT,False,btc_5m_volume_INV_NIGHT,BTC,5m,UP,0x153289ef2b3aa44577b9adb47a355f9d635ee8c5167f54165a59e6aeca8413b2,False,-25.0,Down,0.5,v1,NIGHT,btc_5m_v1,2,True,1,False,1,False,1,False
1779330911113537,2026-05-21 02:35:11.113537,poly_updown_btc_5m_volume_INV_NIGHT,False,btc_5m_volume_INV_NIGHT,BTC,5m,UP,0x153289ef2b3aa44577b9adb47a355f9d635ee8c5167f54165a59e6aeca8413b2,False,-25.0,Down,0.5,v1,NIGHT,btc_5m_v1,2,True,1,False,1,False,1,False
1779330911123759,2026-05-21 02:35:11.123759,poly_updown_sol_5m_volume_INV_NIGHT,False,sol_5m_volume_INV_NIGHT,SOL,5m,UP,0xfa8b50ac63cec0423a53ed00c8a0fed19622bf71b842453c56241fbf49bc6653,False,-25.549,Down,0.51098,v1,NIGHT,sol_5m_v1,2,True,1,False,1,False,1,False
1779330911218543,2026-05-21 02:35:11.218543,poly_updown_eth_5m_volume_INV_NIGHT,False,eth_5m_volume_INV_NIGHT,ETH,5m,UP,0xdf22c37a391ed370738e675780f0d3f9e70cc5425295344e125a6fb32f88e297,False,-24.999996,Down,0.51,v1,NIGHT,eth_5m_v1,2,True,1,False,1,False,1,False
1779331202209704,2026-05-21 02:40:02.209704,poly_updown_btc_5m_volume_INV_NIGHT,False,btc_5m_volume_INV_NIGHT,BTC,5m,DOWN,0xad9e5cbc018f04b50421c55f10b4a935ddce01ec7b3f0824a50340c30065ff29,True,24.203452,Down,0.506052,v1,NIGHT,btc_5m_v1,2,False,1,False,1,False,1,False
1779331202209704,2026-05-21 02:40:02.209704,poly_updown_btc_5m_volume_INV_NIGHT,False,btc_5m_volume_INV_NIGHT,BTC,5m,DOWN,0xad9e5cbc018f04b50421c55f10b4a935ddce01ec7b3f0824a50340c30065ff29,True,23.20581984,Down,0.5169399995103999,v1,NIGHT,btc_5m_v1,2,False,1,False,1,False,1,False
1779331206694837,2026-05-21 02:40:06.694837,poly_updown_btc_5m_volume_INV_NIGHT,False,btc_5m_volume_INV_NIGHT,BTC,5m,DOWN,0xad9e5cbc018f04b50421c55f10b4a935ddce01ec7b3f0824a50340c30065ff29,True,24.203452,Down,0.506052,v1,NIGHT,btc_5m_v1,2,False,1,False,1,False,1,False
1779331206694837,2026-05-21 02:40:06.694837,poly_updown_btc_5m_volume_INV_NIGHT,False,btc_5m_volume_INV_NIGHT,BTC,5m,DOWN,0xad9e5cbc018f04b50421c55f10b4a935ddce01ec7b3f0824a50340c30065ff29,True,23.20581984,Down,0.5169399995103999,v1,NIGHT,btc_5m_v1,2,False,1,False,1,False,1,False
1779331206695503,2026-05-21 02:40:06.695503,poly_updown_sol_5m_volume_INV_NIGHT,False,sol_5m_volume_INV_NIGHT,SOL,5m,DOWN,0xd0283540050c160b79d103e595dcf5fd417d2352f53a132e5886c6061cbf2fd5,True,22.68897568,Down,0.5276987980318076,v1,NIGHT,sol_5m_v1,1,False,1,False,1,False,1,False
1779331206706167,2026-05-21 02:40:06.706167,poly_updown_eth_5m_volume_INV_NIGHT,False,eth_5m_volume_INV_NIGHT,ETH,5m,DOWN,0x858131db4ade49f10efa9d68b6cfd6be9307fd745d564dd0a5a081c2545e427b,True,23.36516,Down,0.52316,v1,NIGHT,eth_5m_v1,1,False,1,False,1,False,1,False
1779331506962395,2026-05-21 02:45:06.962395,poly_updown_btc_5m_volume_INV_NIGHT,False,btc_5m_volume_INV_NIGHT,BTC,5m,UP,0xd94ce9dd6e698d6ac3cebdfa897e9ca37c784f8e13cf4f677b223ef7826f3cf7,False,-25.0,Down,0.5,v1,NIGHT,btc_5m_v1,1,False,1,False,1,False,1,False
1779331506962395,2026-05-21 02:45:06.962395,poly_updown_btc_5m_volume_INV_NIGHT,False,btc_5m_volume_INV_NIGHT,BTC,5m,UP,0xd94ce9dd6e698d6ac3cebdfa897e9ca37c784f8e13cf4f677b223ef7826f3cf7,False,-25.0,Down,0.5,v1,NIGHT,btc_5m_v1,1,False,1,False,1,False,1,False
1779331507386581,2026-05-21 02:45:07.386581,poly_updown_btc_15m_volume_INV_NIGHT,False,btc_15m_volume_INV_NIGHT,BTC,15m,UP,0x28d9bdd18f48efd6f37e5136f9317c47685dfafc679e9581ea150e2b999ae841,False,-25.1326,Down,0.4925990388158462,v1,NIGHT,btc_15m_v1,1,False,1,False,1,False,1,False
1779331507386581,2026-05-21 02:45:07.386581,poly_updown_btc_15m_volume_INV_NIGHT,False,btc_15m_volume_INV_NIGHT,BTC,15m,UP,0x28d9bdd18f48efd6f37e5136f9317c47685dfafc679e9581ea150e2b999ae841,False,-25.2326,Down,0.4945590391294462,v1,NIGHT,btc_15m_v1,1,False,1,False,1,False,1,False
1779331507393431,2026-05-21 02:45:07.393431,poly_updown_sol_15m_volume_INV_NIGHT,False,sol_15m_volume_INV_NIGHT,SOL,15m,UP,0xfef4da20788fffceda02f58b2b5aa56e988a08bc13809a560200d80f302e9769,True,23.667,Up,0.517,v1,NIGHT,sol_15m_v1,1,False,1,False,1,False,1,False
1779331507393431,2026-05-21 02:45:07.393431,poly_updown_sol_15m_volume_INV_NIGHT,False,sol_15m_volume_INV_NIGHT,SOL,15m,UP,0xfef4da20788fffceda02f58b2b5aa56e988a08bc13809a560200d80f302e9769,True,23.667,Up,0.517,v1,NIGHT,sol_15m_v1,1,False,1,False,1,False,1,False
1779331507393837,2026-05-21 02:45:07.393837,poly_updown_eth_15m_volume_INV_NIGHT,False,eth_15m_volume_INV_NIGHT,ETH,15m,UP,0x8d33649799883712a669f13fbc5ca2f2ae29783c0e8148ab8e70a3db7f56291f,True,23.49981984,Up,0.5108199985311997,v1,NIGHT,eth_15m_v1,1,False,1,False,1,False,1,False
1779331507393837,2026-05-21 02:45:07.393837,poly_updown_eth_15m_volume_INV_NIGHT,False,eth_15m_volume_INV_NIGHT,ETH,15m,UP,0x8d33649799883712a669f13fbc5ca2f2ae29783c0e8148ab8e70a3db7f56291f,True,23.49981984,Up,0.5108199985311997,v1,NIGHT,eth_15m_v1,1,False,1,False,1,False,1,False
1779331510425611,2026-05-21 02:45:10.425611,poly_updown_btc_5m_volume_INV_NIGHT,False,btc_5m_volume_INV_NIGHT,BTC,5m,UP,0xd94ce9dd6e698d6ac3cebdfa897e9ca37c784f8e13cf4f677b223ef7826f3cf7,False,-25.0,Down,0.5,v1,NIGHT,btc_5m_v1,1,False,1,False,1,False,1,False
1779331510425611,2026-05-21 02:45:10.425611,poly_updown_btc_5m_volume_INV_NIGHT,False,btc_5m_volume_INV_NIGHT,BTC,5m,UP,0xd94ce9dd6e698d6ac3cebdfa897e9ca37c784f8e13cf4f677b223ef7826f3cf7,False,-25.0,Down,0.5,v1,NIGHT,btc_5m_v1,1,False,1,False,1,False,1,False
1779331510433013,2026-05-21 02:45:10.433013,poly_updown_sol_5m_volume_INV_NIGHT,False,sol_5m_volume_INV_NIGHT,SOL,5m,UP,0xb1bceadf6855e1ccdaa08e33889070f2939d4ec3ce640bb7663f7a1ca1e7dde5,False,-25.55678,Down,0.5213583954173432,v1,NIGHT,sol_5m_v1,1,False,1,False,1,False,1,False
1779331510455836,2026-05-21 02:45:10.455836,poly_updown_eth_5m_volume_INV_NIGHT,False,eth_5m_volume_INV_NIGHT,ETH,5m,UP,0x5075891c1606892ff9dbc84a580ecafc3ab6bbd2f4a954c53f2a51a6655a095b,False,-24.999996,Down,0.51,v1,NIGHT,eth_5m_v1,1,False,1,False,1,False,1,False
1779331510720272,2026-05-21 02:45:10.720272,poly_updown_btc_15m_volume_INV_NIGHT,False,btc_15m_volume_INV_NIGHT,BTC,15m,UP,0x28d9bdd18f48efd6f37e5136f9317c47685dfafc679e9581ea150e2b999ae841,False,-25.1326,Down,0.4925990388158462,v1,NIGHT,btc_15m_v1,1,False,1,False,1,False,1,False
1779331510720272,2026-05-21 02:45:10.720272,poly_updown_btc_15m_volume_INV_NIGHT,False,btc_15m_volume_INV_NIGHT,BTC,15m,UP,0x28d9bdd18f48efd6f37e5136f9317c47685dfafc679e9581ea150e2b999ae841,False,-25.2326,Down,0.4945590391294462,v1,NIGHT,btc_15m_v1,1,False,1,False,1,False,1,False
1779331510726467,2026-05-21 02:45:10.726467,poly_updown_eth_15m_volume_INV_NIGHT,False,eth_15m_volume_INV_NIGHT,ETH,15m,UP,0x8d33649799883712a669f13fbc5ca2f2ae29783c0e8148ab8e70a3db7f56291f,True,23.49981984,Up,0.5108199985311997,v1,NIGHT,eth_15m_v1,1,False,1,False,1,False,1,False
1779331510726467,2026-05-21 02:45:10.726467,poly_updown_eth_15m_volume_INV_NIGHT,False,eth_15m_volume_INV_NIGHT,ETH,15m,UP,0x8d33649799883712a669f13fbc5ca2f2ae29783c0e8148ab8e70a3db7f56291f,True,23.49981984,Up,0.5108199985311997,v1,NIGHT,eth_15m_v1,1,False,1,False,1,False,1,False
1779331510759739,2026-05-21 02:45:10.759739,poly_updown_sol_15m_volume_INV_NIGHT,False,sol_15m_volume_INV_NIGHT,SOL,15m,UP,0xfef4da20788fffceda02f58b2b5aa56e988a08bc13809a560200d80f302e9769,True,23.667,Up,0.517,v1,NIGHT,sol_15m_v1,1,False,1,False,1,False,1,False
1779331510759739,2026-05-21 02:45:10.759739,poly_updown_sol_15m_volume_INV_NIGHT,False,sol_15m_volume_INV_NIGHT,SOL,15m,UP,0xfef4da20788fffceda02f58b2b5aa56e988a08bc13809a560200d80f302e9769,True,23.667,Up,0.517,v1,NIGHT,sol_15m_v1,1,False,1,False,1,False,1,False
1779331804701132,2026-05-21 02:50:04.701132,poly_updown_btc_5m_volume_INV_NIGHT,False,btc_5m_volume_INV_NIGHT,BTC,5m,UP,0x34ca7d2511e6aae6befe02a7ce57b02d09602d46798b476b9b6d508fe0a8dbee,False,-24.999996,Down,0.51,v1,NIGHT,btc_5m_v1,0,False,1,False,1,False,1,False
1779331804701132,2026-05-21 02:50:04.701132,poly_updown_btc_5m_volume_INV_NIGHT,False,btc_5m_volume_INV_NIGHT,BTC,5m,UP,0x34ca7d2511e6aae6befe02a7ce57b02d09602d46798b476b9b6d508fe0a8dbee,False,-24.999996,Down,0.51,v1,NIGHT,btc_5m_v1,0,False,1,False,1,False,1,False
1779331804710353,2026-05-21 02:50:04.710353,poly_updown_sol_5m_volume_INV_NIGHT,False,sol_5m_volume_INV_NIGHT,SOL,5m,UP,0xe53bce4273a47edbbe6e84792de455f0664d5f137f54d7d540653d4ba440c606,False,-25.867584,Down,0.5276987980318076,v1,NIGHT,sol_5m_v1,1,False,2,True,1,False,1,False
1779331804718721,2026-05-21 02:50:04.718721,poly_updown_eth_5m_volume_INV_NIGHT,False,eth_5m_volume_INV_NIGHT,ETH,5m,UP,0x4a6c25e8b385c5b14500c475402a1c868990acb61d9470e2641eea2963bfebfc,False,-25.789084,Down,0.5260973977755836,v1,NIGHT,eth_5m_v1,0,False,1,False,1,False,1,False
1779331811138496,2026-05-21 02:50:11.138496,poly_updown_btc_5m_volume_INV_NIGHT,False,btc_5m_volume_INV_NIGHT,BTC,5m,UP,0x34ca7d2511e6aae6befe02a7ce57b02d09602d46798b476b9b6d508fe0a8dbee,False,-24.999996,Down,0.51,v1,NIGHT,btc_5m_v1,0,False,1,False,1,False,1,False
1779331811138496,2026-05-21 02:50:11.138496,poly_updown_btc_5m_volume_INV_NIGHT,False,btc_5m_volume_INV_NIGHT,BTC,5m,UP,0x34ca7d2511e6aae6befe02a7ce57b02d09602d46798b476b9b6d508fe0a8dbee,False,-24.999996,Down,0.51,v1,NIGHT,btc_5m_v1,0,False,1,False,1,False,1,False
1779332109376002,2026-05-21 02:55:09.376002,poly_updown_btc_5m_volume_INV_NIGHT,False,btc_5m_volume_INV_NIGHT,BTC,5m,UP,0x24fc5eac3c485652ddd48f50b646ce1f4194ff434e6dd16e2e421866af269f55,False,-25.0,Down,0.5,v1,NIGHT,btc_5m_v1,0,False,1,False,1,False,1,False
1779332109383222,2026-05-21 02:55:09.383222,poly_updown_sol_5m_volume_INV_NIGHT,False,sol_5m_volume_INV_NIGHT,SOL,5m,UP,0xae0339cd051fab7223ecb9531f8279be684c1bc7d3e4bf344301003c45553fe8,False,-26.140976,Down,0.5332759957241593,v1,NIGHT,sol_5m_v1,1,False,1,False,1,False,1,False
1779332109460812,2026-05-21 02:55:09.460812,poly_updown_eth_5m_volume_INV_NIGHT,False,eth_5m_volume_INV_NIGHT,ETH,5m,UP,0xb11ecea70714f24294ca4c4f785e077562b7c4e1129881981e8d08ae78c858c9,True,22.89300776,Up,0.5234515989522558,v1,NIGHT,eth_5m_v1,0,False,0,False,1,False,1,False
1779332404220987,2026-05-21 03:00:04.220987,poly_updown_btc_5m_volume_INV_NIGHT,False,btc_5m_volume_INV_NIGHT,BTC,5m,UP,0x8b308ff6c9526a30a53260de7bf8e1cb37eeb3961c6b26803f8aa8f752ffac27,True,23.53921192,Up,0.51,v1,NIGHT,btc_5m_v1,0,False,0,False,1,False,1,False
1779332404220987,2026-05-21 03:00:04.220987,poly_updown_btc_5m_volume_INV_NIGHT,False,btc_5m_volume_INV_NIGHT,BTC,5m,UP,0x8b308ff6c9526a30a53260de7bf8e1cb37eeb3961c6b26803f8aa8f752ffac27,True,23.53921192,Up,0.51,v1,NIGHT,btc_5m_v1,0,False,0,False,1,False,1,False
1779332404227460,2026-05-21 03:00:04.227460,poly_updown_eth_5m_volume_INV_NIGHT,False,eth_5m_volume_INV_NIGHT,ETH,5m,UP,0x9a6ca6176df5bd5873aa18de58d371e574934f7bffde79b341b34bc0d27a7632,True,22.99100776,Up,0.5214115986258557,v1,NIGHT,eth_5m_v1,0,False,0,False,1,False,1,False
1779332404236500,2026-05-21 03:00:04.236500,poly_updown_sol_5m_volume_INV_NIGHT,False,sol_5m_volume_INV_NIGHT,SOL,5m,UP,0xf044e0935c702443e51107e038e67ce248ae044f7d9d2c0a66c915299f7dfc75,True,22.07315152,Up,0.5405179968828795,v1,NIGHT,sol_5m_v1,0,False,0,False,1,False,1,False
1779332404972525,2026-05-21 03:00:04.972525,poly_updown_sol_15m_volume_INV_NIGHT,False,sol_15m_volume_INV_NIGHT,SOL,15m,UP,0x9cacc6f25fc2ee71cbe5573adedb86b7f0033163fd4e07a83c69ae9a88f65485,True,21.3898818,Up,0.5372799969471992,v1,NIGHT,sol_15m_v1,0,False,0,False,1,False,1,False
1779332404972525,2026-05-21 03:00:04.972525,poly_updown_sol_15m_volume_INV_NIGHT,False,sol_15m_volume_INV_NIGHT,SOL,15m,UP,0x9cacc6f25fc2ee71cbe5573adedb86b7f0033163fd4e07a83c69ae9a88f65485,True,21.3898818,Up,0.5372799969471992,v1,NIGHT,sol_15m_v1,0,False,0,False,1,False,1,False
1779332404975652,2026-05-21 03:00:04.975652,poly_updown_eth_15m_volume_INV_NIGHT,False,eth_15m_volume_INV_NIGHT,ETH,15m,UP,0xc120ff909a3a7746e3565e356e6379ca924198d193bd1652d6dbeca963cd6f17,True,22.63703568,Up,0.5287799982047997,v1,NIGHT,eth_15m_v1,0,False,0,False,1,False,1,False
1779332404975652,2026-05-21 03:00:04.975652,poly_updown_eth_15m_volume_INV_NIGHT,False,eth_15m_volume_INV_NIGHT,ETH,15m,UP,0xc120ff909a3a7746e3565e356e6379ca924198d193bd1652d6dbeca963cd6f17,True,22.63703568,Up,0.5287799982047997,v1,NIGHT,eth_15m_v1,0,False,0,False,1,False,1,False
1779332404978710,2026-05-21 03:00:04.978710,poly_updown_btc_15m_volume_INV_NIGHT,False,btc_15m_volume_INV_NIGHT,BTC,15m,UP,0xab2842ad746fe1679e2266ffd50b3cffd3b75c0be1e3863913fde7bf673b122f,True,23.53921192,Up,0.51,v1,NIGHT,btc_15m_v1,0,False,0,False,1,False,1,False
1779332404978710,2026-05-21 03:00:04.978710,poly_updown_btc_15m_volume_INV_NIGHT,False,btc_15m_volume_INV_NIGHT,BTC,15m,UP,0xab2842ad746fe1679e2266ffd50b3cffd3b75c0be1e3863913fde7bf673b122f,True,23.53921192,Up,0.51,v1,NIGHT,btc_15m_v1,0,False,0,False,1,False,1,False
1779332410130571,2026-05-21 03:00:10.130571,poly_updown_btc_5m_volume_INV_NIGHT,False,btc_5m_volume_INV_NIGHT,BTC,5m,UP,0x8b308ff6c9526a30a53260de7bf8e1cb37eeb3961c6b26803f8aa8f752ffac27,True,23.53921192,Up,0.51,v1,NIGHT,btc_5m_v1,0,False,0,False,1,False,1,False
1779332410130571,2026-05-21 03:00:10.130571,poly_updown_btc_5m_volume_INV_NIGHT,False,btc_5m_volume_INV_NIGHT,BTC,5m,UP,0x8b308ff6c9526a30a53260de7bf8e1cb37eeb3961c6b26803f8aa8f752ffac27,True,23.53921192,Up,0.51,v1,NIGHT,btc_5m_v1,0,False,0,False,1,False,1,False
1779332410780598,2026-05-21 03:00:10.780598,poly_updown_btc_15m_volume_INV_NIGHT,False,btc_15m_volume_INV_NIGHT,BTC,15m,UP,0xab2842ad746fe1679e2266ffd50b3cffd3b75c0be1e3863913fde7bf673b122f,True,23.53921192,Up,0.51,v1,NIGHT,btc_15m_v1,0,False,0,False,1,False,1,False
1779332410780598,2026-05-21 03:00:10.780598,poly_updown_btc_15m_volume_INV_NIGHT,False,btc_15m_volume_INV_NIGHT,BTC,15m,UP,0xab2842ad746fe1679e2266ffd50b3cffd3b75c0be1e3863913fde7bf673b122f,True,23.53921192,Up,0.51,v1,NIGHT,btc_15m_v1,0,False,0,False,1,False,1,False
1779332410781814,2026-05-21 03:00:10.781814,poly_updown_eth_15m_volume_INV_NIGHT,False,eth_15m_volume_INV_NIGHT,ETH,15m,UP,0xc120ff909a3a7746e3565e356e6379ca924198d193bd1652d6dbeca963cd6f17,True,22.63703568,Up,0.5287799982047997,v1,NIGHT,eth_15m_v1,0,False,0,False,1,False,1,False
1779332410781814,2026-05-21 03:00:10.781814,poly_updown_eth_15m_volume_INV_NIGHT,False,eth_15m_volume_INV_NIGHT,ETH,15m,UP,0xc120ff909a3a7746e3565e356e6379ca924198d193bd1652d6dbeca963cd6f17,True,22.63703568,Up,0.5287799982047997,v1,NIGHT,eth_15m_v1,0,False,0,False,1,False,1,False
1779332410794723,2026-05-21 03:00:10.794723,poly_updown_sol_15m_volume_INV_NIGHT,False,sol_15m_volume_INV_NIGHT,SOL,15m,UP,0x9cacc6f25fc2ee71cbe5573adedb86b7f0033163fd4e07a83c69ae9a88f65485,True,21.3898818,Up,0.5372799969471992,v1,NIGHT,sol_15m_v1,0,False,0,False,1,False,1,False
1779332410794723,2026-05-21 03:00:10.794723,poly_updown_sol_15m_volume_INV_NIGHT,False,sol_15m_volume_INV_NIGHT,SOL,15m,UP,0x9cacc6f25fc2ee71cbe5573adedb86b7f0033163fd4e07a83c69ae9a88f65485,True,21.3898818,Up,0.5372799969471992,v1,NIGHT,sol_15m_v1,0,False,0,False,1,False,1,False
1779332705992979,2026-05-21 03:05:05.992979,poly_updown_btc_5m_volume_INV_NIGHT,False,btc_5m_volume_INV_NIGHT,BTC,5m,UP,0x6c09fd9b02cce26122a46c06a782bdab9d22e80657054ed62bc76877c5ed8071,False,-24.999996,Down,0.51,v1,NIGHT,btc_5m_v1,0,False,1,False,1,False,1,False
1779332705992979,2026-05-21 03:05:05.992979,poly_updown_btc_5m_volume_INV_NIGHT,False,btc_5m_volume_INV_NIGHT,BTC,5m,UP,0x6c09fd9b02cce26122a46c06a782bdab9d22e80657054ed62bc76877c5ed8071,False,-24.999996,Down,0.51,v1,NIGHT,btc_5m_v1,0,False,1,False,1,False,1,False
1779332706044789,2026-05-21 03:05:06.044789,poly_updown_eth_5m_volume_INV_NIGHT,False,eth_5m_volume_INV_NIGHT,ETH,5m,DOWN,0xe93b2fe0d6dc671c991f49fab612ea3c1568c070f84ea047b3115d5366ef40c1,True,24.5,Down,0.5,v1,NIGHT,eth_5m_v1,0,True,1,False,1,False,1,False
1779332706044789,2026-05-21 03:05:06.044789,poly_updown_eth_5m_volume_INV_NIGHT,False,eth_5m_volume_INV_NIGHT,ETH,5m,DOWN,0xe93b2fe0d6dc671c991f49fab612ea3c1568c070f84ea047b3115d5366ef40c1,True,24.5,Down,0.5,v1,NIGHT,eth_5m_v1,0,True,1,False,1,False,1,False
1779332710547239,2026-05-21 03:05:10.547239,poly_updown_btc_5m_volume_INV_NIGHT,False,btc_5m_volume_INV_NIGHT,BTC,5m,UP,0x6c09fd9b02cce26122a46c06a782bdab9d22e80657054ed62bc76877c5ed8071,False,-24.999996,Down,0.51,v1,NIGHT,btc_5m_v1,0,False,1,False,1,False,1,False
1779332710547239,2026-05-21 03:05:10.547239,poly_updown_btc_5m_volume_INV_NIGHT,False,btc_5m_volume_INV_NIGHT,BTC,5m,UP,0x6c09fd9b02cce26122a46c06a782bdab9d22e80657054ed62bc76877c5ed8071,False,-24.999996,Down,0.51,v1,NIGHT,btc_5m_v1,0,False,1,False,1,False,1,False
1779332710552196,2026-05-21 03:05:10.552196,poly_updown_sol_5m_volume_INV_NIGHT,False,sol_5m_volume_INV_NIGHT,SOL,5m,UP,0xdef0ea35c524a3f2e17e9aa1d306e4c4a969fa1d3179effbfa35e5e70abec328,False,-26.25678,Down,0.5356383977021436,v1,NIGHT,sol_5m_v1,0,False,1,False,1,False,1,False
1779332710787516,2026-05-21 03:05:10.787516,poly_updown_eth_5m_volume_INV_NIGHT,False,eth_5m_volume_INV_NIGHT,ETH,5m,DOWN,0xe93b2fe0d6dc671c991f49fab612ea3c1568c070f84ea047b3115d5366ef40c1,True,24.5,Down,0.5,v1,NIGHT,eth_5m_v1,0,True,1,False,1,False,1,False
1779332710787516,2026-05-21 03:05:10.787516,poly_updown_eth_5m_volume_INV_NIGHT,False,eth_5m_volume_INV_NIGHT,ETH,5m,DOWN,0xe93b2fe0d6dc671c991f49fab612ea3c1568c070f84ea047b3115d5366ef40c1,True,24.5,Down,0.5,v1,NIGHT,eth_5m_v1,0,True,1,False,1,False,1,False
1779333005229943,2026-05-21 03:10:05.229943,poly_updown_eth_5m_volume_INV_NIGHT,False,eth_5m_volume_INV_NIGHT,ETH,5m,DOWN,0x2b632414a4ecc929006d911152b0d8e5f188f0042638e9fafb36270e7e0027bf,False,-25.0,Up,0.5,v1,NIGHT,eth_5m_v1,1,False,1,False,1,False,1,False
1779333005233270,2026-05-21 03:10:05.233270,poly_updown_btc_5m_volume_INV_NIGHT,False,btc_5m_volume_INV_NIGHT,BTC,5m,DOWN,0x24520a9c2030c3e0ee6766f7cc017f31ec808c01b8b8bccec1b5c6e1ad74666a,True,24.5,Down,0.5,v1,NIGHT,btc_5m_v1,1,False,2,False,1,False,1,False
1779333005233270,2026-05-21 03:10:05.233270,poly_updown_btc_5m_volume_INV_NIGHT,False,btc_5m_volume_INV_NIGHT,BTC,5m,DOWN,0x24520a9c2030c3e0ee6766f7cc017f31ec808c01b8b8bccec1b5c6e1ad74666a,True,23.53921192,Down,0.51,v1,NIGHT,btc_5m_v1,1,False,2,False,1,False,1,False
1779333005238357,2026-05-21 03:10:05.238357,poly_updown_sol_5m_volume_INV_NIGHT,False,sol_5m_volume_INV_NIGHT,SOL,5m,DOWN,0xa036248bc8dacb60efaeaab26e862c5012c0835575fb887c49ec3af27d26e786,True,23.86496,Down,0.51296,v1,NIGHT,sol_5m_v1,1,False,1,False,1,False,1,False
1779333010108963,2026-05-21 03:10:10.108963,poly_updown_btc_5m_volume_INV_NIGHT,False,btc_5m_volume_INV_NIGHT,BTC,5m,DOWN,0x24520a9c2030c3e0ee6766f7cc017f31ec808c01b8b8bccec1b5c6e1ad74666a,True,24.5,Down,0.5,v1,NIGHT,btc_5m_v1,1,False,2,False,1,False,1,False
1779333010108963,2026-05-21 03:10:10.108963,poly_updown_btc_5m_volume_INV_NIGHT,False,btc_5m_volume_INV_NIGHT,BTC,5m,DOWN,0x24520a9c2030c3e0ee6766f7cc017f31ec808c01b8b8bccec1b5c6e1ad74666a,True,23.53921192,Down,0.51,v1,NIGHT,btc_5m_v1,1,False,2,False,1,False,1,False
1779333304298050,2026-05-21 03:15:04.298050,poly_updown_btc_5m_volume_INV_NIGHT,False,btc_5m_volume_INV_NIGHT,BTC,5m,UP,0x2310e44faf08689af1e3afe49c2299803264af50060aa871dccfe0de5e5f5e65,True,23.53921192,Up,0.51,v1,NIGHT,btc_5m_v1,1,False,2,True,1,False,1,False
1779333304298050,2026-05-21 03:15:04.298050,poly_updown_btc_5m_volume_INV_NIGHT,False,btc_5m_volume_INV_NIGHT,BTC,5m,UP,0x2310e44faf08689af1e3afe49c2299803264af50060aa871dccfe0de5e5f5e65,True,23.53921192,Up,0.51,v1,NIGHT,btc_5m_v1,1,False,2,True,1,False,1,False
1779333305323160,2026-05-21 03:15:05.323160,poly_updown_eth_15m_volume_INV_NIGHT,False,eth_15m_volume_INV_NIGHT,ETH,15m,UP,0x8177b4d3a847bcc7f7a62cd51407c8338ef60a64dda4e95e90d5d9069f46bfd3,True,23.53921192,Up,0.51,v1,NIGHT,eth_15m_v1,1,False,1,False,1,False,1,False
1779333305323160,2026-05-21 03:15:05.323160,poly_updown_eth_15m_volume_INV_NIGHT,False,eth_15m_volume_INV_NIGHT,ETH,15m,UP,0x8177b4d3a847bcc7f7a62cd51407c8338ef60a64dda4e95e90d5d9069f46bfd3,True,23.53921192,Up,0.51,v1,NIGHT,eth_15m_v1,1,False,1,False,1,False,1,False
1779333305325251,2026-05-21 03:15:05.325251,poly_updown_btc_15m_volume_INV_NIGHT,False,btc_15m_volume_INV_NIGHT,BTC,15m,UP,0xd4d29797be09d4976bdba8feea44221965c3abfe7cd5f0f4a1ee24169d8fb9fa,False,-24.999996,Down,0.51,v1,NIGHT,btc_15m_v1,1,False,2,True,1,False,1,False
1779333305325251,2026-05-21 03:15:05.325251,poly_updown_btc_15m_volume_INV_NIGHT,False,btc_15m_volume_INV_NIGHT,BTC,15m,UP,0xd4d29797be09d4976bdba8feea44221965c3abfe7cd5f0f4a1ee24169d8fb9fa,False,-24.999996,Down,0.51,v1,NIGHT,btc_15m_v1,1,False,2,True,1,False,1,False
1779333308795855,2026-05-21 03:15:08.795855,poly_updown_btc_5m_volume_INV_NIGHT,False,btc_5m_volume_INV_NIGHT,BTC,5m,UP,0x2310e44faf08689af1e3afe49c2299803264af50060aa871dccfe0de5e5f5e65,True,23.53921192,Up,0.51,v1,NIGHT,btc_5m_v1,1,False,2,True,1,False,1,False
1779333308795855,2026-05-21 03:15:08.795855,poly_updown_btc_5m_volume_INV_NIGHT,False,btc_5m_volume_INV_NIGHT,BTC,5m,UP,0x2310e44faf08689af1e3afe49c2299803264af50060aa871dccfe0de5e5f5e65,True,23.53921192,Up,0.51,v1,NIGHT,btc_5m_v1,1,False,2,True,1,False,1,False
1779333308810892,2026-05-21 03:15:08.810892,poly_updown_eth_5m_volume_INV_NIGHT,False,eth_5m_volume_INV_NIGHT,ETH,5m,UP,0x490e842925fc344d35192ebae450cb192f99f4784df88f4c5f43a4fab6ecd65e,True,23.53921192,Up,0.51,v1,NIGHT,eth_5m_v1,1,False,1,False,1,False,1,False
1779333309179804,2026-05-21 03:15:09.179804,poly_updown_btc_15m_volume_INV_NIGHT,False,btc_15m_volume_INV_NIGHT,BTC,15m,UP,0xd4d29797be09d4976bdba8feea44221965c3abfe7cd5f0f4a1ee24169d8fb9fa,False,-24.999996,Down,0.51,v1,NIGHT,btc_15m_v1,1,False,2,True,1,False,1,False
1779333309179804,2026-05-21 03:15:09.179804,poly_updown_btc_15m_volume_INV_NIGHT,False,btc_15m_volume_INV_NIGHT,BTC,15m,UP,0xd4d29797be09d4976bdba8feea44221965c3abfe7cd5f0f4a1ee24169d8fb9fa,False,-24.999996,Down,0.51,v1,NIGHT,btc_15m_v1,1,False,2,True,1,False,1,False
1779333309187875,2026-05-21 03:15:09.187875,poly_updown_eth_15m_volume_INV_NIGHT,False,eth_15m_volume_INV_NIGHT,ETH,15m,UP,0x8177b4d3a847bcc7f7a62cd51407c8338ef60a64dda4e95e90d5d9069f46bfd3,True,23.53921192,Up,0.51,v1,NIGHT,eth_15m_v1,1,False,1,False,1,False,1,False
1779333309187875,2026-05-21 03:15:09.187875,poly_updown_eth_15m_volume_INV_NIGHT,False,eth_15m_volume_INV_NIGHT,ETH,15m,UP,0x8177b4d3a847bcc7f7a62cd51407c8338ef60a64dda4e95e90d5d9069f46bfd3,True,23.53921192,Up,0.51,v1,NIGHT,eth_15m_v1,1,False,1,False,1,False,1,False
1779333606038923,2026-05-21 03:20:06.038923,poly_updown_eth_5m_volume_INV_NIGHT,False,eth_5m_volume_INV_NIGHT,ETH,5m,UP,0x0a18966d39769a99a8639dd7f9e55f7d6b88a18a37885cae4eade25c7a3f52b4,True,23.26510984,Up,0.5157057993129278,v1,NIGHT,eth_5m_v1,1,False,1,False,1,False,1,False
1779333606116189,2026-05-21 03:20:06.116189,poly_updown_sol_5m_volume_INV_NIGHT,False,sol_5m_volume_INV_NIGHT,SOL,5m,UP,0xc2a9ad6a92f38387a39bf22f6c0e21f1effbacf137ba099a6d356b8563d644b2,True,22.9935636,Up,0.5213583954173432,v1,NIGHT,sol_5m_v1,1,False,1,False,1,False,1,False
1779333606125004,2026-05-21 03:20:06.125004,poly_updown_btc_5m_volume_INV_NIGHT,False,btc_5m_volume_INV_NIGHT,BTC,5m,UP,0xf42a87e0727e3445a51bc533b35b1788c8fdd74118689693990bf2dcea6d3fb9,True,24.5,Up,0.5,v1,NIGHT,btc_5m_v1,1,False,1,False,1,False,1,False
1779333606125004,2026-05-21 03:20:06.125004,poly_updown_btc_5m_volume_INV_NIGHT,False,btc_5m_volume_INV_NIGHT,BTC,5m,UP,0xf42a87e0727e3445a51bc533b35b1788c8fdd74118689693990bf2dcea6d3fb9,True,24.5,Up,0.5,v1,NIGHT,btc_5m_v1,1,False,1,False,1,False,1,False
1779333611465200,2026-05-21 03:20:11.465200,poly_updown_btc_5m_volume_INV_NIGHT,False,btc_5m_volume_INV_NIGHT,BTC,5m,UP,0xf42a87e0727e3445a51bc533b35b1788c8fdd74118689693990bf2dcea6d3fb9,True,24.5,Up,0.5,v1,NIGHT,btc_5m_v1,1,False,1,False,1,False,1,False
1779333611465200,2026-05-21 03:20:11.465200,poly_updown_btc_5m_volume_INV_NIGHT,False,btc_5m_volume_INV_NIGHT,BTC,5m,UP,0xf42a87e0727e3445a51bc533b35b1788c8fdd74118689693990bf2dcea6d3fb9,True,24.5,Up,0.5,v1,NIGHT,btc_5m_v1,1,False,1,False,1,False,1,False
1779333908994844,2026-05-21 03:25:08.994844,poly_updown_btc_5m_volume_INV_NIGHT,False,btc_5m_volume_INV_NIGHT,BTC,5m,DOWN,0xdbb22096c2bdd78bf8805ec17ee0226b48f68df507ed2ff721820d4add629a82,True,23.20581984,Down,0.5169399995103999,v1,NIGHT,btc_5m_v1,2,False,2,False,1,False,1,False
1779333908994844,2026-05-21 03:25:08.994844,poly_updown_btc_5m_volume_INV_NIGHT,False,btc_5m_volume_INV_NIGHT,BTC,5m,DOWN,0xdbb22096c2bdd78bf8805ec17ee0226b48f68df507ed2ff721820d4add629a82,True,23.25285984,Down,0.5159607993537279,v1,NIGHT,btc_5m_v1,2,False,2,False,1,False,1,False
1779333910649929,2026-05-21 03:25:10.649929,poly_updown_btc_5m_volume_INV_NIGHT,False,btc_5m_volume_INV_NIGHT,BTC,5m,DOWN,0xdbb22096c2bdd78bf8805ec17ee0226b48f68df507ed2ff721820d4add629a82,True,23.20581984,Down,0.5169399995103999,v1,NIGHT,btc_5m_v1,2,False,2,False,1,False,1,False
1779333910649929,2026-05-21 03:25:10.649929,poly_updown_btc_5m_volume_INV_NIGHT,False,btc_5m_volume_INV_NIGHT,BTC,5m,DOWN,0xdbb22096c2bdd78bf8805ec17ee0226b48f68df507ed2ff721820d4add629a82,True,23.25285984,Down,0.5159607993537279,v1,NIGHT,btc_5m_v1,2,False,2,False,1,False,1,False
1779333910655984,2026-05-21 03:25:10.655984,poly_updown_sol_5m_volume_INV_NIGHT,False,sol_5m_volume_INV_NIGHT,SOL,5m,DOWN,0x2c4ffd349d192ed9388129ea4e63fe8ec1bf4f21f3454e5fc76a127edd18005f,False,-26.548,Up,0.53096,v1,NIGHT,sol_5m_v1,2,False,1,False,1,False,1,False
1779333910710318,2026-05-21 03:25:10.710318,poly_updown_eth_5m_volume_INV_NIGHT,False,eth_5m_volume_INV_NIGHT,ETH,5m,DOWN,0x1d1c68162ccf3e321bbd0914d37d3946e1335a06bb362c46fcd00cca18569bc2,True,21.37390584,Down,0.5376255994301438,v1,NIGHT,eth_5m_v1,2,False,1,False,1,False,1,False
1779334205565051,2026-05-21 03:30:05.565051,poly_updown_btc_5m_volume_INV_NIGHT,False,btc_5m_volume_INV_NIGHT,BTC,5m,DOWN,0x2254669f96e3607fae991a9c62170e4e8233d3efb6de76b54297c982d1193c7c,True,23.10781984,Down,0.5189799998367999,v1,NIGHT,btc_5m_v1,2,False,1,False,1,False,1,False
1779334205565051,2026-05-21 03:30:05.565051,poly_updown_btc_5m_volume_INV_NIGHT,False,btc_5m_volume_INV_NIGHT,BTC,5m,DOWN,0x2254669f96e3607fae991a9c62170e4e8233d3efb6de76b54297c982d1193c7c,True,23.10634984,Down,0.519010599841696,v1,NIGHT,btc_5m_v1,2,False,1,False,1,False,1,False
1779334205737605,2026-05-21 03:30:05.737605,poly_updown_eth_5m_volume_INV_NIGHT,False,eth_5m_volume_INV_NIGHT,ETH,5m,DOWN,0xcf38750cd492f21a9a3333bdfbc05bbf9c0cb88c564df5483586caa693c8ce7b,False,-26.7344,Up,0.534688,v1,NIGHT,eth_5m_v1,2,False,1,False,1,False,1,False
1779334205737605,2026-05-21 03:30:05.737605,poly_updown_eth_5m_volume_INV_NIGHT,False,eth_5m_volume_INV_NIGHT,ETH,5m,DOWN,0xcf38750cd492f21a9a3333bdfbc05bbf9c0cb88c564df5483586caa693c8ce7b,False,-26.7344,Up,0.534688,v1,NIGHT,eth_5m_v1,2,False,1,False,1,False,1,False
1779334206795856,2026-05-21 03:30:06.795856,poly_updown_eth_15m_volume_INV_NIGHT,False,eth_15m_volume_INV_NIGHT,ETH,15m,DOWN,0xdc2547b6253861acd4cc015e788a83419ae1b90f1047db30be594fc665134ed7,True,23.128,Down,0.528,v1,NIGHT,eth_15m_v1,2,False,1,False,1,False,1,False
1779334206795856,2026-05-21 03:30:06.795856,poly_updown_eth_15m_volume_INV_NIGHT,False,eth_15m_volume_INV_NIGHT,ETH,15m,DOWN,0xdc2547b6253861acd4cc015e788a83419ae1b90f1047db30be594fc665134ed7,True,23.128,Down,0.528,v1,NIGHT,eth_15m_v1,2,False,1,False,1,False,1,False
1779334206796437,2026-05-21 03:30:06.796437,poly_updown_btc_15m_volume_INV_NIGHT,False,btc_15m_volume_INV_NIGHT,BTC,15m,DOWN,0xd50cb4561ee6976ab09f4be381598acc0890fee1655906269ffb406694fe7032,False,-25.58,Up,0.5116,v1,NIGHT,btc_15m_v1,2,False,1,False,1,False,1,False
1779334206796437,2026-05-21 03:30:06.796437,poly_updown_btc_15m_volume_INV_NIGHT,False,btc_15m_volume_INV_NIGHT,BTC,15m,DOWN,0xd50cb4561ee6976ab09f4be381598acc0890fee1655906269ffb406694fe7032,False,-25.68,Up,0.5136,v1,NIGHT,btc_15m_v1,2,False,1,False,1,False,1,False
1779334206835038,2026-05-21 03:30:06.835038,poly_updown_sol_15m_volume_INV_NIGHT,False,sol_15m_volume_INV_NIGHT,SOL,15m,DOWN,0xf27b86555d70ebbc8f89d14fdbf0f640326a9bcaaf13b8e86008a0334c535d06,False,-25.24339,Up,0.5351599964383991,v1,NIGHT,sol_15m_v1,2,False,1,False,1,False,1,False
1779334206835038,2026-05-21 03:30:06.835038,poly_updown_sol_15m_volume_INV_NIGHT,False,sol_15m_volume_INV_NIGHT,SOL,15m,DOWN,0xf27b86555d70ebbc8f89d14fdbf0f640326a9bcaaf13b8e86008a0334c535d06,False,-25.24339,Up,0.5351599964383991,v1,NIGHT,sol_15m_v1,2,False,1,False,1,False,1,False
1779334208496197,2026-05-21 03:30:08.496197,poly_updown_btc_5m_volume_INV_NIGHT,False,btc_5m_volume_INV_NIGHT,BTC,5m,DOWN,0x2254669f96e3607fae991a9c62170e4e8233d3efb6de76b54297c982d1193c7c,True,23.10781984,Down,0.5189799998367999,v1,NIGHT,btc_5m_v1,2,False,1,False,1,False,1,False
1779334208496197,2026-05-21 03:30:08.496197,poly_updown_btc_5m_volume_INV_NIGHT,False,btc_5m_volume_INV_NIGHT,BTC,5m,DOWN,0x2254669f96e3607fae991a9c62170e4e8233d3efb6de76b54297c982d1193c7c,True,23.10634984,Down,0.519010599841696,v1,NIGHT,btc_5m_v1,2,False,1,False,1,False,1,False
1779334208580649,2026-05-21 03:30:08.580649,poly_updown_sol_5m_volume_INV_NIGHT,False,sol_5m_volume_INV_NIGHT,SOL,5m,DOWN,0x154bc2b1c814e18bbc3f43e760c82cc4e168f13261dd319cce281194acd091bf,True,21.31510584,Down,0.538897599735424,v1,NIGHT,sol_5m_v1,2,False,1,False,1,False,1,False
1779334208593098,2026-05-21 03:30:08.593098,poly_updown_eth_5m_volume_INV_NIGHT,False,eth_5m_volume_INV_NIGHT,ETH,5m,DOWN,0xcf38750cd492f21a9a3333bdfbc05bbf9c0cb88c564df5483586caa693c8ce7b,False,-26.7344,Up,0.534688,v1,NIGHT,eth_5m_v1,2,False,1,False,1,False,1,False
1779334208593098,2026-05-21 03:30:08.593098,poly_updown_eth_5m_volume_INV_NIGHT,False,eth_5m_volume_INV_NIGHT,ETH,5m,DOWN,0xcf38750cd492f21a9a3333bdfbc05bbf9c0cb88c564df5483586caa693c8ce7b,False,-26.7344,Up,0.534688,v1,NIGHT,eth_5m_v1,2,False,1,False,1,False,1,False
1779334208947474,2026-05-21 03:30:08.947474,poly_updown_btc_15m_volume_INV_NIGHT,False,btc_15m_volume_INV_NIGHT,BTC,15m,DOWN,0xd50cb4561ee6976ab09f4be381598acc0890fee1655906269ffb406694fe7032,False,-25.58,Up,0.5116,v1,NIGHT,btc_15m_v1,2,False,1,False,1,False,1,False
1779334208947474,2026-05-21 03:30:08.947474,poly_updown_btc_15m_volume_INV_NIGHT,False,btc_15m_volume_INV_NIGHT,BTC,15m,DOWN,0xd50cb4561ee6976ab09f4be381598acc0890fee1655906269ffb406694fe7032,False,-25.68,Up,0.5136,v1,NIGHT,btc_15m_v1,2,False,1,False,1,False,1,False
1779334208952534,2026-05-21 03:30:08.952534,poly_updown_sol_15m_volume_INV_NIGHT,False,sol_15m_volume_INV_NIGHT,SOL,15m,DOWN,0xf27b86555d70ebbc8f89d14fdbf0f640326a9bcaaf13b8e86008a0334c535d06,False,-25.24339,Up,0.5351599964383991,v1,NIGHT,sol_15m_v1,2,False,1,False,1,False,1,False
1779334208952534,2026-05-21 03:30:08.952534,poly_updown_sol_15m_volume_INV_NIGHT,False,sol_15m_volume_INV_NIGHT,SOL,15m,DOWN,0xf27b86555d70ebbc8f89d14fdbf0f640326a9bcaaf13b8e86008a0334c535d06,False,-25.24339,Up,0.5351599964383991,v1,NIGHT,sol_15m_v1,2,False,1,False,1,False,1,False
1779334208953990,2026-05-21 03:30:08.953990,poly_updown_eth_15m_volume_INV_NIGHT,False,eth_15m_volume_INV_NIGHT,ETH,15m,DOWN,0xdc2547b6253861acd4cc015e788a83419ae1b90f1047db30be594fc665134ed7,True,23.128,Down,0.528,v1,NIGHT,eth_15m_v1,2,False,1,False,1,False,1,False
1779334208953990,2026-05-21 03:30:08.953990,poly_updown_eth_15m_volume_INV_NIGHT,False,eth_15m_volume_INV_NIGHT,ETH,15m,DOWN,0xdc2547b6253861acd4cc015e788a83419ae1b90f1047db30be594fc665134ed7,True,23.128,Down,0.528,v1,NIGHT,eth_15m_v1,2,False,1,False,1,False,1,False
1779334502833330,2026-05-21 03:35:02.833330,poly_updown_btc_5m_volume_INV_NIGHT,False,btc_5m_volume_INV_NIGHT,BTC,5m,UP,0xd7d57a988dfeb024cdaad82b6a123fd236b19c532ec4a87697b3adc6cc926523,True,23.53921192,Up,0.51,v1,NIGHT,btc_5m_v1,2,True,2,True,1,False,1,False
1779334502833330,2026-05-21 03:35:02.833330,poly_updown_btc_5m_volume_INV_NIGHT,False,btc_5m_volume_INV_NIGHT,BTC,5m,UP,0xd7d57a988dfeb024cdaad82b6a123fd236b19c532ec4a87697b3adc6cc926523,True,24.5,Up,0.5,v1,NIGHT,btc_5m_v1,2,True,2,True,1,False,1,False
1779334502833330,2026-05-21 03:35:02.833330,poly_updown_btc_5m_volume_INV_NIGHT,False,btc_5m_volume_INV_NIGHT,BTC,5m,UP,0xd7d57a988dfeb024cdaad82b6a123fd236b19c532ec4a87697b3adc6cc926523,True,23.53921192,Up,0.51,v1,NIGHT,btc_5m_v1,2,True,2,True,1,False,1,False
1779334502833330,2026-05-21 03:35:02.833330,poly_updown_btc_5m_volume_INV_NIGHT,False,btc_5m_volume_INV_NIGHT,BTC,5m,UP,0xd7d57a988dfeb024cdaad82b6a123fd236b19c532ec4a87697b3adc6cc926523,True,24.5,Up,0.5,v1,NIGHT,btc_5m_v1,2,True,2,True,1,False,1,False
1779334504782296,2026-05-21 03:35:04.782296,poly_updown_btc_5m_volume_INV_NIGHT,False,btc_5m_volume_INV_NIGHT,BTC,5m,UP,0xd7d57a988dfeb024cdaad82b6a123fd236b19c532ec4a87697b3adc6cc926523,True,23.53921192,Up,0.51,v1,NIGHT,btc_5m_v1,2,True,2,True,1,False,1,False
1779334504782296,2026-05-21 03:35:04.782296,poly_updown_btc_5m_volume_INV_NIGHT,False,btc_5m_volume_INV_NIGHT,BTC,5m,UP,0xd7d57a988dfeb024cdaad82b6a123fd236b19c532ec4a87697b3adc6cc926523,True,24.5,Up,0.5,v1,NIGHT,btc_5m_v1,2,True,2,True,1,False,1,False
1779334504782296,2026-05-21 03:35:04.782296,poly_updown_btc_5m_volume_INV_NIGHT,False,btc_5m_volume_INV_NIGHT,BTC,5m,UP,0xd7d57a988dfeb024cdaad82b6a123fd236b19c532ec4a87697b3adc6cc926523,True,23.53921192,Up,0.51,v1,NIGHT,btc_5m_v1,2,True,2,True,1,False,1,False
1779334504782296,2026-05-21 03:35:04.782296,poly_updown_btc_5m_volume_INV_NIGHT,False,btc_5m_volume_INV_NIGHT,BTC,5m,UP,0xd7d57a988dfeb024cdaad82b6a123fd236b19c532ec4a87697b3adc6cc926523,True,24.5,Up,0.5,v1,NIGHT,btc_5m_v1,2,True,2,True,1,False,1,False
1779334504795244,2026-05-21 03:35:04.795244,poly_updown_sol_5m_volume_INV_NIGHT,False,sol_5m_volume_INV_NIGHT,SOL,5m,DOWN,0x58f9fe22780c1b30eec4b39300a78a826affb758f0de5bb089c78e971bc095f7,True,22.49297568,Down,0.5317787986846076,v1,NIGHT,sol_5m_v1,2,False,1,False,1,False,1,False
1779334504795244,2026-05-21 03:35:04.795244,poly_updown_sol_5m_volume_INV_NIGHT,False,sol_5m_volume_INV_NIGHT,SOL,5m,DOWN,0x58f9fe22780c1b30eec4b39300a78a826affb758f0de5bb089c78e971bc095f7,True,22.49297568,Down,0.5317787986846076,v1,NIGHT,sol_5m_v1,2,False,1,False,1,False,1,False
1779334504817809,2026-05-21 03:35:04.817809,poly_updown_eth_5m_volume_INV_NIGHT,False,eth_5m_volume_INV_NIGHT,ETH,5m,UP,0xbf385596345c57f4fc4628fcc0fc0d4286bd06691ae3ba693181bd30ce53d88a,True,23.53921192,Up,0.51,v1,NIGHT,eth_5m_v1,2,True,1,False,1,False,1,False
1779334504817809,2026-05-21 03:35:04.817809,poly_updown_eth_5m_volume_INV_NIGHT,False,eth_5m_volume_INV_NIGHT,ETH,5m,UP,0xbf385596345c57f4fc4628fcc0fc0d4286bd06691ae3ba693181bd30ce53d88a,True,23.53921192,Up,0.51,v1,NIGHT,eth_5m_v1,2,True,1,False,1,False,1,False
1779334808397709,2026-05-21 03:40:08.397709,poly_updown_btc_5m_volume_INV_NIGHT,False,btc_5m_volume_INV_NIGHT,BTC,5m,UP,0xe10f7df4c35bd7cdd3055c2d36bf198759f8e0c850412252fad54dcec1831a08,False,-25.3005,Down,0.50601,v1,NIGHT,btc_5m_v1,2,True,2,True,1,False,1,False
1779334808397709,2026-05-21 03:40:08.397709,poly_updown_btc_5m_volume_INV_NIGHT,False,btc_5m_volume_INV_NIGHT,BTC,5m,UP,0xe10f7df4c35bd7cdd3055c2d36bf198759f8e0c850412252fad54dcec1831a08,False,-25.0,Down,0.5,v1,NIGHT,btc_5m_v1,2,True,2,True,1,False,1,False
1779334808764462,2026-05-21 03:40:08.764462,poly_updown_btc_5m_volume_INV_NIGHT,False,btc_5m_volume_INV_NIGHT,BTC,5m,UP,0xe10f7df4c35bd7cdd3055c2d36bf198759f8e0c850412252fad54dcec1831a08,False,-25.3005,Down,0.50601,v1,NIGHT,btc_5m_v1,2,True,2,True,1,False,1,False
1779334808764462,2026-05-21 03:40:08.764462,poly_updown_btc_5m_volume_INV_NIGHT,False,btc_5m_volume_INV_NIGHT,BTC,5m,UP,0xe10f7df4c35bd7cdd3055c2d36bf198759f8e0c850412252fad54dcec1831a08,False,-25.0,Down,0.5,v1,NIGHT,btc_5m_v1,2,True,2,True,1,False,1,False
1779334808772518,2026-05-21 03:40:08.772518,poly_updown_sol_5m_volume_INV_NIGHT,False,sol_5m_volume_INV_NIGHT,SOL,5m,DOWN,0xb7a9b77cb09083ea2b7faa6d8821ba3c0bf93960b7884b62891bb5882d5b843f,True,22.68897568,Down,0.5276987980318076,v1,NIGHT,sol_5m_v1,2,False,2,False,1,False,1,False
1779334808772518,2026-05-21 03:40:08.772518,poly_updown_sol_5m_volume_INV_NIGHT,False,sol_5m_volume_INV_NIGHT,SOL,5m,DOWN,0xb7a9b77cb09083ea2b7faa6d8821ba3c0bf93960b7884b62891bb5882d5b843f,True,22.68897568,Down,0.5276987980318076,v1,NIGHT,sol_5m_v1,2,False,2,False,1,False,1,False
1779334808831778,2026-05-21 03:40:08.831778,poly_updown_eth_5m_volume_INV_NIGHT,False,eth_5m_volume_INV_NIGHT,ETH,5m,DOWN,0xadb347595159e3738159d3fa29c8e96b12f770b8412b5281ba8eaf3e3e90d362,True,23.36516,Down,0.52316,v1,NIGHT,eth_5m_v1,2,False,2,False,1,False,1,False
1779334808831778,2026-05-21 03:40:08.831778,poly_updown_eth_5m_volume_INV_NIGHT,False,eth_5m_volume_INV_NIGHT,ETH,5m,DOWN,0xadb347595159e3738159d3fa29c8e96b12f770b8412b5281ba8eaf3e3e90d362,True,23.36516,Down,0.52316,v1,NIGHT,eth_5m_v1,2,False,2,False,1,False,1,False
1779335104708690,2026-05-21 03:45:04.708690,poly_updown_eth_5m_volume_INV_NIGHT,False,eth_5m_volume_INV_NIGHT,ETH,5m,UP,0x9d88fa019f01d0014b687bddfa54309201ed19c08021a5151e56ef2830689d18,True,23.53921192,Up,0.51,v1,NIGHT,eth_5m_v1,1,False,2,True,1,False,1,False
1779335104709995,2026-05-21 03:45:04.709995,poly_updown_btc_5m_volume_INV_NIGHT,False,btc_5m_volume_INV_NIGHT,BTC,5m,DOWN,0x56ec8b636d7024c94f69a53677e185f5bf02a7df6dc71a94ca458e3abdc0b282,False,-24.999996,Up,0.51,v1,NIGHT,btc_5m_v1,1,False,2,False,1,False,1,False
1779335104709995,2026-05-21 03:45:04.709995,poly_updown_btc_5m_volume_INV_NIGHT,False,btc_5m_volume_INV_NIGHT,BTC,5m,DOWN,0x56ec8b636d7024c94f69a53677e185f5bf02a7df6dc71a94ca458e3abdc0b282,False,-25.340192,Up,0.5169399995103999,v1,NIGHT,btc_5m_v1,1,False,2,False,1,False,1,False
1779335104714182,2026-05-21 03:45:04.714182,poly_updown_btc_5m_volume_INV_NIGHT,False,btc_5m_volume_INV_NIGHT,BTC,5m,DOWN,0x56ec8b636d7024c94f69a53677e185f5bf02a7df6dc71a94ca458e3abdc0b282,False,-24.999996,Up,0.51,v1,NIGHT,btc_5m_v1,1,False,2,False,1,False,1,False
1779335104714182,2026-05-21 03:45:04.714182,poly_updown_btc_5m_volume_INV_NIGHT,False,btc_5m_volume_INV_NIGHT,BTC,5m,DOWN,0x56ec8b636d7024c94f69a53677e185f5bf02a7df6dc71a94ca458e3abdc0b282,False,-25.340192,Up,0.5169399995103999,v1,NIGHT,btc_5m_v1,1,False,2,False,1,False,1,False
1779335104720250,2026-05-21 03:45:04.720250,poly_updown_sol_5m_volume_INV_NIGHT,False,sol_5m_volume_INV_NIGHT,SOL,5m,UP,0xe81babb7420b9eecb65f6e2086cff0098f3c4b95ece5fd9e4b784f29ce72e2c8,True,23.76892,Up,0.51492,v1,NIGHT,sol_5m_v1,1,False,2,True,1,False,1,False
1779335105020668,2026-05-21 03:45:05.020668,poly_updown_eth_15m_volume_INV_NIGHT,False,eth_15m_volume_INV_NIGHT,ETH,15m,UP,0x39e40304af34080c3ab970d51cccd4b907b21552e1859f67f4a91ae414b936db,False,-24.999996,Down,0.51,v1,NIGHT,eth_15m_v1,1,False,2,True,1,False,1,False
1779335105020668,2026-05-21 03:45:05.020668,poly_updown_eth_15m_volume_INV_NIGHT,False,eth_15m_volume_INV_NIGHT,ETH,15m,UP,0x39e40304af34080c3ab970d51cccd4b907b21552e1859f67f4a91ae414b936db,False,-24.999996,Down,0.51,v1,NIGHT,eth_15m_v1,1,False,2,True,1,False,1,False
1779335105023532,2026-05-21 03:45:05.023532,poly_updown_btc_15m_volume_INV_NIGHT,False,btc_15m_volume_INV_NIGHT,BTC,15m,DOWN,0x12d055467ea9fe113ac9e94f9e4a2835fabbd5216fc55f001a27e4de2eb79afe,True,23.9708,Down,0.5108,v1,NIGHT,btc_15m_v1,1,False,2,False,1,False,1,False
1779335105023532,2026-05-21 03:45:05.023532,poly_updown_btc_15m_volume_INV_NIGHT,False,btc_15m_volume_INV_NIGHT,BTC,15m,DOWN,0x12d055467ea9fe113ac9e94f9e4a2835fabbd5216fc55f001a27e4de2eb79afe,True,23.9708,Down,0.5108,v1,NIGHT,btc_15m_v1,1,False,2,False,1,False,1,False
1779335105033507,2026-05-21 03:45:05.033507,poly_updown_sol_15m_volume_INV_NIGHT,False,sol_15m_volume_INV_NIGHT,SOL,15m,UP,0x5bfe6f2ed90e0a6c9047efe159f71255daa15bd2ad730291fdc52c7931e6658b,True,22.87242776,Up,0.5238799990207998,v1,NIGHT,sol_15m_v1,1,False,2,True,1,False,1,False
1779335105033507,2026-05-21 03:45:05.033507,poly_updown_sol_15m_volume_INV_NIGHT,False,sol_15m_volume_INV_NIGHT,SOL,15m,UP,0x5bfe6f2ed90e0a6c9047efe159f71255daa15bd2ad730291fdc52c7931e6658b,True,22.87242776,Up,0.5238799990207998,v1,NIGHT,sol_15m_v1,1,False,2,True,1,False,1,False
1779335106154265,2026-05-21 03:45:06.154265,poly_updown_btc_15m_volume_INV_NIGHT,False,btc_15m_volume_INV_NIGHT,BTC,15m,DOWN,0x12d055467ea9fe113ac9e94f9e4a2835fabbd5216fc55f001a27e4de2eb79afe,True,23.9708,Down,0.5108,v1,NIGHT,btc_15m_v1,1,False,2,False,1,False,1,False
1779335106154265,2026-05-21 03:45:06.154265,poly_updown_btc_15m_volume_INV_NIGHT,False,btc_15m_volume_INV_NIGHT,BTC,15m,DOWN,0x12d055467ea9fe113ac9e94f9e4a2835fabbd5216fc55f001a27e4de2eb79afe,True,23.9708,Down,0.5108,v1,NIGHT,btc_15m_v1,1,False,2,False,1,False,1,False
1779335106230407,2026-05-21 03:45:06.230407,poly_updown_sol_15m_volume_INV_NIGHT,False,sol_15m_volume_INV_NIGHT,SOL,15m,UP,0x5bfe6f2ed90e0a6c9047efe159f71255daa15bd2ad730291fdc52c7931e6658b,True,22.87242776,Up,0.5238799990207998,v1,NIGHT,sol_15m_v1,1,False,2,True,1,False,1,False
1779335106230407,2026-05-21 03:45:06.230407,poly_updown_sol_15m_volume_INV_NIGHT,False,sol_15m_volume_INV_NIGHT,SOL,15m,UP,0x5bfe6f2ed90e0a6c9047efe159f71255daa15bd2ad730291fdc52c7931e6658b,True,22.87242776,Up,0.5238799990207998,v1,NIGHT,sol_15m_v1,1,False,2,True,1,False,1,False
1779335106447777,2026-05-21 03:45:06.447777,poly_updown_eth_15m_volume_INV_NIGHT,False,eth_15m_volume_INV_NIGHT,ETH,15m,UP,0x39e40304af34080c3ab970d51cccd4b907b21552e1859f67f4a91ae414b936db,False,-24.999996,Down,0.51,v1,NIGHT,eth_15m_v1,1,False,2,True,1,False,1,False
1779335106447777,2026-05-21 03:45:06.447777,poly_updown_eth_15m_volume_INV_NIGHT,False,eth_15m_volume_INV_NIGHT,ETH,15m,UP,0x39e40304af34080c3ab970d51cccd4b907b21552e1859f67f4a91ae414b936db,False,-24.999996,Down,0.51,v1,NIGHT,eth_15m_v1,1,False,2,True,1,False,1,False
1779335401075866,2026-05-21 03:50:01.075866,poly_updown_sol_5m_volume_INV_NIGHT,False,sol_5m_volume_INV_NIGHT,SOL,5m,UP,0x77dae1f1d4b5d528b8a0b02f3592da15d37f6362df54b6fdfd2e11055734e2be,True,22.77638776,Up,0.5258791993406718,v1,NIGHT,sol_5m_v1,1,False,2,True,1,False,1,False
1779335401077976,2026-05-21 03:50:01.077976,poly_updown_eth_5m_volume_INV_NIGHT,False,eth_5m_volume_INV_NIGHT,ETH,5m,UP,0x0d0292758aadf8543ae3e6dbcc9278d782804415be86919cc4f08a56717cf366,True,22.89300776,Up,0.5234515989522558,v1,NIGHT,eth_5m_v1,1,False,2,True,1,False,1,False
1779335401088012,2026-05-21 03:50:01.088012,poly_updown_btc_5m_volume_INV_NIGHT,False,btc_5m_volume_INV_NIGHT,BTC,5m,UP,0xf8ec7d80ec56c075a5d85f198805b9e0362222f27a3a4c3e03a10868f62ed056,True,26.42519334,Up,0.4822815950602208,v1,NIGHT,btc_5m_v1,1,False,2,True,1,False,1,False
1779335401088012,2026-05-21 03:50:01.088012,poly_updown_btc_5m_volume_INV_NIGHT,False,btc_5m_volume_INV_NIGHT,BTC,5m,UP,0xf8ec7d80ec56c075a5d85f198805b9e0362222f27a3a4c3e03a10868f62ed056,True,26.42519334,Up,0.4822815950602208,v1,NIGHT,btc_5m_v1,1,False,2,True,1,False,1,False
1779335401709211,2026-05-21 03:50:01.709211,poly_updown_btc_5m_volume_INV_NIGHT,False,btc_5m_volume_INV_NIGHT,BTC,5m,UP,0xf8ec7d80ec56c075a5d85f198805b9e0362222f27a3a4c3e03a10868f62ed056,True,26.42519334,Up,0.4822815950602208,v1,NIGHT,btc_5m_v1,1,False,2,True,1,False,1,False
1779335401709211,2026-05-21 03:50:01.709211,poly_updown_btc_5m_volume_INV_NIGHT,False,btc_5m_volume_INV_NIGHT,BTC,5m,UP,0xf8ec7d80ec56c075a5d85f198805b9e0362222f27a3a4c3e03a10868f62ed056,True,26.42519334,Up,0.4822815950602208,v1,NIGHT,btc_5m_v1,1,False,2,True,1,False,1,False
1779335706266655,2026-05-21 03:55:06.266655,poly_updown_btc_5m_volume_INV_NIGHT,False,btc_5m_volume_INV_NIGHT,BTC,5m,DOWN,0xed841600ceb857c4e8e52f3a61845be50dabaa0d87f03eb67d3058715fdea46a,False,-25.390192,Up,0.5179599996735998,v1,NIGHT,btc_5m_v1,1,False,2,False,1,False,1,False
1779335706266655,2026-05-21 03:55:06.266655,poly_updown_btc_5m_volume_INV_NIGHT,False,btc_5m_volume_INV_NIGHT,BTC,5m,DOWN,0xed841600ceb857c4e8e52f3a61845be50dabaa0d87f03eb67d3058715fdea46a,False,-25.390192,Up,0.5179599996735998,v1,NIGHT,btc_5m_v1,1,False,2,False,1,False,1,False
1779335706288693,2026-05-21 03:55:06.288693,poly_updown_eth_5m_volume_INV_NIGHT,False,eth_5m_volume_INV_NIGHT,ETH,5m,DOWN,0x20553d44c19b968fd2a37ed9d9e42051d3680689d616f10a3bbd3128ea43320c,False,-25.579,Up,0.51158,v1,NIGHT,eth_5m_v1,1,False,2,False,1,False,1,False
1779335706294655,2026-05-21 03:55:06.294655,poly_updown_sol_5m_volume_INV_NIGHT,False,sol_5m_volume_INV_NIGHT,SOL,5m,DOWN,0xad08a44f1719587dcfd8161ae7e8bfb6b51177593bb492bed22fc69cac21056d,False,-25.867584,Up,0.5276987980318076,v1,NIGHT,sol_5m_v1,1,False,2,False,1,False,1,False
1779335707068404,2026-05-21 03:55:07.068404,poly_updown_btc_5m_volume_INV_NIGHT,False,btc_5m_volume_INV_NIGHT,BTC,5m,DOWN,0xed841600ceb857c4e8e52f3a61845be50dabaa0d87f03eb67d3058715fdea46a,False,-25.390192,Up,0.5179599996735998,v1,NIGHT,btc_5m_v1,1,False,2,False,1,False,1,False
1779335707068404,2026-05-21 03:55:07.068404,poly_updown_btc_5m_volume_INV_NIGHT,False,btc_5m_volume_INV_NIGHT,BTC,5m,DOWN,0xed841600ceb857c4e8e52f3a61845be50dabaa0d87f03eb67d3058715fdea46a,False,-25.390192,Up,0.5179599996735998,v1,NIGHT,btc_5m_v1,1,False,2,False,1,False,1,False
1779336002146173,2026-05-21 04:00:02.146173,poly_updown_btc_5m_volume_INV_NIGHT,False,btc_5m_volume_INV_NIGHT,BTC,5m,DOWN,0xbafc6c9276b435f3ce80638ec27dd371559ce235dd25da50f36a2aab1667da35,True,23.30381984,Down,0.5148999991839998,v1,NIGHT,btc_5m_v1,2,False,2,False,1,False,1,False
1779336002146173,2026-05-21 04:00:02.146173,poly_updown_btc_5m_volume_INV_NIGHT,False,btc_5m_volume_INV_NIGHT,BTC,5m,DOWN,0xbafc6c9276b435f3ce80638ec27dd371559ce235dd25da50f36a2aab1667da35,True,22.61537376,Down,0.52,v1,NIGHT,btc_5m_v1,2,False,2,False,1,False,1,False
1779336003200996,2026-05-21 04:00:03.200996,poly_updown_eth_15m_volume_INV_NIGHT,False,eth_15m_volume_INV_NIGHT,ETH,15m,DOWN,0x4b77b36f3aa52dcf6289b3e24eb723391be9bfa7b9590ba8c30fcf2e77719ea1,False,-26.4,Up,0.528,v1,NIGHT,eth_15m_v1,1,False,2,False,1,False,1,False
1779336003200996,2026-05-21 04:00:03.200996,poly_updown_eth_15m_volume_INV_NIGHT,False,eth_15m_volume_INV_NIGHT,ETH,15m,DOWN,0x4b77b36f3aa52dcf6289b3e24eb723391be9bfa7b9590ba8c30fcf2e77719ea1,False,-26.4,Up,0.528,v1,NIGHT,eth_15m_v1,1,False,2,False,1,False,1,False
1779336003202429,2026-05-21 04:00:03.202429,poly_updown_btc_15m_volume_INV_NIGHT,False,btc_15m_volume_INV_NIGHT,BTC,15m,DOWN,0xc6e73e436b3eac5fc9566caff7db7238e4def5a0f0cc11878ef20ce09c969779,False,-25.349092,Up,0.537400879376211,v1,NIGHT,btc_15m_v1,2,False,2,False,1,False,1,False
1779336003202429,2026-05-21 04:00:03.202429,poly_updown_btc_15m_volume_INV_NIGHT,False,btc_15m_volume_INV_NIGHT,BTC,15m,DOWN,0xc6e73e436b3eac5fc9566caff7db7238e4def5a0f0cc11878ef20ce09c969779,False,-25.274992,Up,0.5358299589991901,v1,NIGHT,btc_15m_v1,2,False,2,False,1,False,1,False
1779336003427903,2026-05-21 04:00:03.427903,poly_updown_sol_15m_volume_INV_NIGHT,False,sol_15m_volume_INV_NIGHT,SOL,15m,DOWN,0x6d8290e6e02c987fde2cb53ac29a2de49388b62dab76eafc94abfe5c3599c852,False,-25.34339,Up,0.5372799969471992,v1,NIGHT,sol_15m_v1,1,False,2,False,1,False,1,False
1779336003427903,2026-05-21 04:00:03.427903,poly_updown_sol_15m_volume_INV_NIGHT,False,sol_15m_volume_INV_NIGHT,SOL,15m,DOWN,0x6d8290e6e02c987fde2cb53ac29a2de49388b62dab76eafc94abfe5c3599c852,False,-25.24339,Up,0.5351599964383991,v1,NIGHT,sol_15m_v1,1,False,2,False,1,False,1,False
1779336011881162,2026-05-21 04:00:11.881162,poly_updown_eth_5m_volume_INV_NIGHT,False,eth_5m_volume_INV_NIGHT,ETH,5m,DOWN,0xa572dfa5b6509a772d31de85087af967b011f18265383650e94473c7f880efbd,True,23.36516,Down,0.52316,v1,NIGHT,eth_5m_v1,1,False,2,False,1,False,1,False
1779336011890416,2026-05-21 04:00:11.890416,poly_updown_sol_5m_volume_INV_NIGHT,False,sol_5m_volume_INV_NIGHT,SOL,5m,DOWN,0x39f6eb3697f1189444699705da096c13ff72e2a1fc2ede843548f50b26c3eb91,False,-26.169084,Up,0.5338493990159038,v1,NIGHT,sol_5m_v1,1,False,2,False,1,False,1,False
1779336011915148,2026-05-21 04:00:11.915148,poly_updown_btc_5m_volume_INV_NIGHT,False,btc_5m_volume_INV_NIGHT,BTC,5m,DOWN,0xbafc6c9276b435f3ce80638ec27dd371559ce235dd25da50f36a2aab1667da35,True,23.30381984,Down,0.5148999991839998,v1,NIGHT,btc_5m_v1,2,False,2,False,1,False,1,False
1779336011915148,2026-05-21 04:00:11.915148,poly_updown_btc_5m_volume_INV_NIGHT,False,btc_5m_volume_INV_NIGHT,BTC,5m,DOWN,0xbafc6c9276b435f3ce80638ec27dd371559ce235dd25da50f36a2aab1667da35,True,22.61537376,Down,0.52,v1,NIGHT,btc_5m_v1,2,False,2,False,1,False,1,False
1779336012946941,2026-05-21 04:00:12.946941,poly_updown_eth_15m_volume_INV_NIGHT,False,eth_15m_volume_INV_NIGHT,ETH,15m,DOWN,0x4b77b36f3aa52dcf6289b3e24eb723391be9bfa7b9590ba8c30fcf2e77719ea1,False,-26.4,Up,0.528,v1,NIGHT,eth_15m_v1,1,False,2,False,1,False,1,False
1779336012946941,2026-05-21 04:00:12.946941,poly_updown_eth_15m_volume_INV_NIGHT,False,eth_15m_volume_INV_NIGHT,ETH,15m,DOWN,0x4b77b36f3aa52dcf6289b3e24eb723391be9bfa7b9590ba8c30fcf2e77719ea1,False,-26.4,Up,0.528,v1,NIGHT,eth_15m_v1,1,False,2,False,1,False,1,False
1779336012975483,2026-05-21 04:00:12.975483,poly_updown_sol_15m_volume_INV_NIGHT,False,sol_15m_volume_INV_NIGHT,SOL,15m,DOWN,0x6d8290e6e02c987fde2cb53ac29a2de49388b62dab76eafc94abfe5c3599c852,False,-25.34339,Up,0.5372799969471992,v1,NIGHT,sol_15m_v1,1,False,2,False,1,False,1,False
1779336012975483,2026-05-21 04:00:12.975483,poly_updown_sol_15m_volume_INV_NIGHT,False,sol_15m_volume_INV_NIGHT,SOL,15m,DOWN,0x6d8290e6e02c987fde2cb53ac29a2de49388b62dab76eafc94abfe5c3599c852,False,-25.24339,Up,0.5351599964383991,v1,NIGHT,sol_15m_v1,1,False,2,False,1,False,1,False
1779336012987867,2026-05-21 04:00:12.987867,poly_updown_btc_15m_volume_INV_NIGHT,False,btc_15m_volume_INV_NIGHT,BTC,15m,DOWN,0xc6e73e436b3eac5fc9566caff7db7238e4def5a0f0cc11878ef20ce09c969779,False,-25.349092,Up,0.537400879376211,v1,NIGHT,btc_15m_v1,2,False,2,False,1,False,1,False
1779336012987867,2026-05-21 04:00:12.987867,poly_updown_btc_15m_volume_INV_NIGHT,False,btc_15m_volume_INV_NIGHT,BTC,15m,DOWN,0xc6e73e436b3eac5fc9566caff7db7238e4def5a0f0cc11878ef20ce09c969779,False,-25.274992,Up,0.5358299589991901,v1,NIGHT,btc_15m_v1,2,False,2,False,1,False,1,False
1779336307371165,2026-05-21 04:05:07.371165,poly_updown_sol_5m_volume_INV_NIGHT,False,sol_5m_volume_INV_NIGHT,SOL,5m,DOWN,0xb5d41cccd36645639e416ed4978a75dde33214e1fd7882bc3336465d199391d6,True,21.41310584,Down,0.5367775992266238,v1,NIGHT,sol_5m_v1,2,False,1,False,1,False,1,False
1779336307379271,2026-05-21 04:05:07.379271,poly_updown_eth_5m_volume_INV_NIGHT,False,eth_5m_volume_INV_NIGHT,ETH,5m,DOWN,0x1106338eafd3375514cad750f4cd1240f40f7057610deae77a29a5ad9c7a28aa,True,21.78958852,Down,0.5375268788129018,v1,NIGHT,eth_5m_v1,2,False,1,False,1,False,1,False
1779336307379271,2026-05-21 04:05:07.379271,poly_updown_eth_5m_volume_INV_NIGHT,False,eth_5m_volume_INV_NIGHT,ETH,5m,DOWN,0x1106338eafd3375514cad750f4cd1240f40f7057610deae77a29a5ad9c7a28aa,True,21.67953452,Down,0.5398627199341055,v1,NIGHT,eth_5m_v1,2,False,1,False,1,False,1,False
1779336307379271,2026-05-21 04:05:07.379271,poly_updown_eth_5m_volume_INV_NIGHT,False,eth_5m_volume_INV_NIGHT,ETH,5m,DOWN,0x1106338eafd3375514cad750f4cd1240f40f7057610deae77a29a5ad9c7a28aa,True,21.67953452,Down,0.5398627199341055,v1,NIGHT,eth_5m_v1,2,False,1,False,1,False,1,False
1779336307385270,2026-05-21 04:05:07.385270,poly_updown_btc_5m_volume_INV_NIGHT,False,btc_5m_volume_INV_NIGHT,BTC,5m,DOWN,0x42636368b19fb8f3092017f82e8187bd20da5db8b9fe04215b62a88f5da12a9c,True,22.22957814,Down,0.5281883191303931,v1,NIGHT,btc_5m_v1,2,False,2,False,1,False,1,False
1779336307385270,2026-05-21 04:05:07.385270,poly_updown_btc_5m_volume_INV_NIGHT,False,btc_5m_volume_INV_NIGHT,BTC,5m,DOWN,0x42636368b19fb8f3092017f82e8187bd20da5db8b9fe04215b62a88f5da12a9c,True,22.22957814,Down,0.5281883191303931,v1,NIGHT,btc_5m_v1,2,False,2,False,1,False,1,False
1779336307385270,2026-05-21 04:05:07.385270,poly_updown_btc_5m_volume_INV_NIGHT,False,btc_5m_volume_INV_NIGHT,BTC,5m,DOWN,0x42636368b19fb8f3092017f82e8187bd20da5db8b9fe04215b62a88f5da12a9c,True,22.22957814,Down,0.5281883191303931,v1,NIGHT,btc_5m_v1,2,False,2,False,1,False,1,False
1779336307385270,2026-05-21 04:05:07.385270,poly_updown_btc_5m_volume_INV_NIGHT,False,btc_5m_volume_INV_NIGHT,BTC,5m,DOWN,0x42636368b19fb8f3092017f82e8187bd20da5db8b9fe04215b62a88f5da12a9c,True,22.22957814,Down,0.5281883191303931,v1,NIGHT,btc_5m_v1,2,False,2,False,1,False,1,False
1779336309005266,2026-05-21 04:05:09.005266,poly_updown_btc_5m_volume_INV_NIGHT,False,btc_5m_volume_INV_NIGHT,BTC,5m,DOWN,0x42636368b19fb8f3092017f82e8187bd20da5db8b9fe04215b62a88f5da12a9c,True,22.22957814,Down,0.5281883191303931,v1,NIGHT,btc_5m_v1,2,False,2,False,1,False,1,False
1779336309005266,2026-05-21 04:05:09.005266,poly_updown_btc_5m_volume_INV_NIGHT,False,btc_5m_volume_INV_NIGHT,BTC,5m,DOWN,0x42636368b19fb8f3092017f82e8187bd20da5db8b9fe04215b62a88f5da12a9c,True,22.22957814,Down,0.5281883191303931,v1,NIGHT,btc_5m_v1,2,False,2,False,1,False,1,False
1779336309005266,2026-05-21 04:05:09.005266,poly_updown_btc_5m_volume_INV_NIGHT,False,btc_5m_volume_INV_NIGHT,BTC,5m,DOWN,0x42636368b19fb8f3092017f82e8187bd20da5db8b9fe04215b62a88f5da12a9c,True,22.22957814,Down,0.5281883191303931,v1,NIGHT,btc_5m_v1,2,False,2,False,1,False,1,False
1779336309005266,2026-05-21 04:05:09.005266,poly_updown_btc_5m_volume_INV_NIGHT,False,btc_5m_volume_INV_NIGHT,BTC,5m,DOWN,0x42636368b19fb8f3092017f82e8187bd20da5db8b9fe04215b62a88f5da12a9c,True,22.22957814,Down,0.5281883191303931,v1,NIGHT,btc_5m_v1,2,False,2,False,1,False,1,False
1779336309042974,2026-05-21 04:05:09.042974,poly_updown_eth_5m_volume_INV_NIGHT,False,eth_5m_volume_INV_NIGHT,ETH,5m,DOWN,0x1106338eafd3375514cad750f4cd1240f40f7057610deae77a29a5ad9c7a28aa,True,21.78958852,Down,0.5375268788129018,v1,NIGHT,eth_5m_v1,2,False,1,False,1,False,1,False
1779336309042974,2026-05-21 04:05:09.042974,poly_updown_eth_5m_volume_INV_NIGHT,False,eth_5m_volume_INV_NIGHT,ETH,5m,DOWN,0x1106338eafd3375514cad750f4cd1240f40f7057610deae77a29a5ad9c7a28aa,True,21.67953452,Down,0.5398627199341055,v1,NIGHT,eth_5m_v1,2,False,1,False,1,False,1,False
1779336309042974,2026-05-21 04:05:09.042974,poly_updown_eth_5m_volume_INV_NIGHT,False,eth_5m_volume_INV_NIGHT,ETH,5m,DOWN,0x1106338eafd3375514cad750f4cd1240f40f7057610deae77a29a5ad9c7a28aa,True,21.67953452,Down,0.5398627199341055,v1,NIGHT,eth_5m_v1,2,False,1,False,1,False,1,False
1779336601695922,2026-05-21 04:10:01.695922,poly_updown_btc_5m_v3_1,False,btc_5m_v3_1,BTC,5m,DOWN,0x23279bdcbc01b9897cd9e59e6e17cdae03cce3fb734b37a915234c7e15dccdec,True,22.61537376,Down,0.52,v1,1,btc_5m_v1,1,False,2,False,1,False,1,False
1779336601698858,2026-05-21 04:10:01.698858,poly_updown_btc_5m_v3,False,btc_5m_v3,BTC,5m,DOWN,0x23279bdcbc01b9897cd9e59e6e17cdae03cce3fb734b37a915234c7e15dccdec,True,22.61537376,Down,0.52,v1,v3,btc_5m_v1,1,False,2,False,1,False,1,False
1779336601699386,2026-05-21 04:10:01.699386,poly_updown_btc_5m_v3_2,False,btc_5m_v3_2,BTC,5m,DOWN,0x23279bdcbc01b9897cd9e59e6e17cdae03cce3fb734b37a915234c7e15dccdec,True,22.61537376,Down,0.52,v1,2,btc_5m_v1,1,False,2,False,1,False,1,False
1779336601699980,2026-05-21 04:10:01.699980,poly_updown_btc_5m_v4,False,btc_5m_v4,BTC,5m,DOWN,0x23279bdcbc01b9897cd9e59e6e17cdae03cce3fb734b37a915234c7e15dccdec,True,22.61537376,Down,0.52,v1,v4,btc_5m_v1,1,False,2,False,1,False,1,False
1779336601703646,2026-05-21 04:10:01.703646,poly_updown_sol_5m_volume_INV_NIGHT,False,sol_5m_volume_INV_NIGHT,SOL,5m,DOWN,0x3a6e550691179159e3e0ed17cdfc661e4baeacdc3791beced048cc93a905f9ad,False,-26.167584,Up,0.5338187990110078,v1,NIGHT,sol_5m_v1,2,False,1,False,1,False,1,False
1779336601703683,2026-05-21 04:10:01.703683,poly_updown_btc_5m_v3_3,False,btc_5m_v3_3,BTC,5m,DOWN,0x23279bdcbc01b9897cd9e59e6e17cdae03cce3fb734b37a915234c7e15dccdec,True,22.61537376,Down,0.52,v1,3,btc_5m_v1,1,False,2,False,1,False,1,False
1779336601722519,2026-05-21 04:10:01.722519,poly_updown_btc_5m_sniper,False,btc_5m_sniper,BTC,5m,DOWN,0x23279bdcbc01b9897cd9e59e6e17cdae03cce3fb734b37a915234c7e15dccdec,True,22.61537376,Down,0.52,v1,sniper,btc_5m_v1,1,False,2,False,1,False,1,False
1779336602306259,2026-05-21 04:10:02.306259,poly_updown_btc_5m_volume_INV_NIGHT,False,btc_5m_volume_INV_NIGHT,BTC,5m,UP,0x23279bdcbc01b9897cd9e59e6e17cdae03cce3fb734b37a915234c7e15dccdec,False,-25.545604,Down,0.5006939185110268,v1,NIGHT,btc_5m_v1,1,False,2,True,1,False,1,False
1779336602865469,2026-05-21 04:10:02.865469,poly_updown_eth_5m_volume_INV_NIGHT,False,eth_5m_volume_INV_NIGHT,ETH,5m,UP,0x8ddc87dadc04d7522d837df36f28757263f90b8ef252a1e620ce51750c06ef0a,False,-24.999996,Down,0.51,v1,NIGHT,eth_5m_v1,1,False,1,False,1,False,1,False
1779336663370928,2026-05-21 04:11:03.370928,poly_updown_btc_5m_momo_v2_HEDGE,False,btc_5m_momo_v2_HEDGE,BTC,5m,DOWN,0x23279bdcbc01b9897cd9e59e6e17cdae03cce3fb734b37a915234c7e15dccdec,True,22.61537376,Down,0.52,v2,HEDGE,btc_5m_v2,1,False,2,False,1,False,1,False
1779336663372181,2026-05-21 04:11:03.372181,poly_updown_btc_5m_momo_v2_SELL,False,btc_5m_momo_v2_SELL,BTC,5m,DOWN,0x23279bdcbc01b9897cd9e59e6e17cdae03cce3fb734b37a915234c7e15dccdec,True,22.61537376,Down,0.52,v2,SELL,btc_5m_v2,1,False,2,False,1,False,1,False
1779336663381246,2026-05-21 04:11:03.381246,poly_updown_btc_5m_momo_v2_HOLD,False,btc_5m_momo_v2_HOLD,BTC,5m,DOWN,0x23279bdcbc01b9897cd9e59e6e17cdae03cce3fb734b37a915234c7e15dccdec,True,22.61537376,Down,0.52,v2,HOLD,btc_5m_v2,1,False,2,False,1,False,1,False
1779336666207620,2026-05-21 04:11:06.207620,poly_updown_btc_5m_momo_v2_HEDGE_f7,True,btc_5m_momo_v2_HEDGE,BTC,5m,DOWN,0x23279bdcbc01b9897cd9e59e6e17cdae03cce3fb734b37a915234c7e15dccdec,True,22.61537376,Down,0.52,v2,HEDGE,btc_5m_v2,1,False,2,False,1,False,1,False
1779336666207836,2026-05-21 04:11:06.207836,poly_updown_btc_5m_momo_v2_SELL_f7,True,btc_5m_momo_v2_SELL,BTC,5m,DOWN,0x23279bdcbc01b9897cd9e59e6e17cdae03cce3fb734b37a915234c7e15dccdec,True,22.61537376,Down,0.52,v2,SELL,btc_5m_v2,1,False,2,False,1,False,1,False
1779336666207836,2026-05-21 04:11:06.207836,poly_updown_btc_5m_momo_v2_SELL_f7,True,btc_5m_momo_v2_SELL,BTC,5m,DOWN,0x23279bdcbc01b9897cd9e59e6e17cdae03cce3fb734b37a915234c7e15dccdec,True,22.61537376,Down,0.52,v2,SELL,btc_5m_v2,1,False,2,False,1,False,1,False
1779336666212060,2026-05-21 04:11:06.212060,poly_updown_btc_5m_momo_v2_HOLD_f7,True,btc_5m_momo_v2_HOLD,BTC,5m,DOWN,0x23279bdcbc01b9897cd9e59e6e17cdae03cce3fb734b37a915234c7e15dccdec,True,22.61537376,Down,0.52,v2,HOLD,btc_5m_v2,1,False,2,False,1,False,1,False
1779336666212060,2026-05-21 04:11:06.212060,poly_updown_btc_5m_momo_v2_HOLD_f7,True,btc_5m_momo_v2_HOLD,BTC,5m,DOWN,0x23279bdcbc01b9897cd9e59e6e17cdae03cce3fb734b37a915234c7e15dccdec,True,22.61537376,Down,0.52,v2,HOLD,btc_5m_v2,1,False,2,False,1,False,1,False
1779336901237578,2026-05-21 04:15:01.237578,poly_updown_btc_5m_volume_INV_NIGHT,False,btc_5m_volume_INV_NIGHT,BTC,5m,UP,0x6f05164b63e004f6a6f062e175bc5256b0e13b6b7d8ec7659f4384fc277e55cd,True,23.53921192,Up,0.51,v1,NIGHT,btc_5m_v1,0,False,1,False,1,False,1,False
1779336901237578,2026-05-21 04:15:01.237578,poly_updown_btc_5m_volume_INV_NIGHT,False,btc_5m_volume_INV_NIGHT,BTC,5m,UP,0x6f05164b63e004f6a6f062e175bc5256b0e13b6b7d8ec7659f4384fc277e55cd,True,23.53921192,Up,0.51,v1,NIGHT,btc_5m_v1,0,False,1,False,1,False,1,False
1779336902082805,2026-05-21 04:15:02.082805,poly_updown_eth_15m_volume_INV_NIGHT,False,eth_15m_volume_INV_NIGHT,ETH,15m,UP,0x262c1ec51aad78a6f0dfcfec93051fceff6a34b0c36fc5c4b7bba959801e93eb,False,-25.880388,Down,0.5279599996735999,v1,NIGHT,eth_15m_v1,1,False,1,False,1,False,1,False
1779336902082805,2026-05-21 04:15:02.082805,poly_updown_eth_15m_volume_INV_NIGHT,False,eth_15m_volume_INV_NIGHT,ETH,15m,UP,0x262c1ec51aad78a6f0dfcfec93051fceff6a34b0c36fc5c4b7bba959801e93eb,False,-25.480388,Down,0.5197999983679997,v1,NIGHT,eth_15m_v1,1,False,1,False,1,False,1,False
1779336902083353,2026-05-21 04:15:02.083353,poly_updown_sol_15m_volume_INV_NIGHT,False,sol_15m_volume_INV_NIGHT,SOL,15m,UP,0x67b6452428aa1050412ae7f698c2931209727505b54ef3aca48c37c58e09e960,True,23.275,Up,0.525,v1,NIGHT,sol_15m_v1,1,False,2,True,1,False,1,False
1779336902083353,2026-05-21 04:15:02.083353,poly_updown_sol_15m_volume_INV_NIGHT,False,sol_15m_volume_INV_NIGHT,SOL,15m,UP,0x67b6452428aa1050412ae7f698c2931209727505b54ef3aca48c37c58e09e960,True,23.667,Up,0.517,v1,NIGHT,sol_15m_v1,1,False,2,True,1,False,1,False
1779336902092077,2026-05-21 04:15:02.092077,poly_updown_btc_15m_volume_INV_NIGHT,False,btc_15m_volume_INV_NIGHT,BTC,15m,UP,0x3499be06cf0f1379e4e52ebfd2af7f0b32c313e20670686d6ba6452158d93548,False,-24.999996,Down,0.51,v1,NIGHT,btc_15m_v1,0,False,1,False,1,False,1,False
1779336902092077,2026-05-21 04:15:02.092077,poly_updown_btc_15m_volume_INV_NIGHT,False,btc_15m_volume_INV_NIGHT,BTC,15m,UP,0x3499be06cf0f1379e4e52ebfd2af7f0b32c313e20670686d6ba6452158d93548,False,-24.999996,Down,0.51,v1,NIGHT,btc_15m_v1,0,False,1,False,1,False,1,False
1779336906960658,2026-05-21 04:15:06.960658,poly_updown_btc_5m_volume_INV_NIGHT,False,btc_5m_volume_INV_NIGHT,BTC,5m,UP,0x6f05164b63e004f6a6f062e175bc5256b0e13b6b7d8ec7659f4384fc277e55cd,True,23.53921192,Up,0.51,v1,NIGHT,btc_5m_v1,0,False,1,False,1,False,1,False
1779336906960658,2026-05-21 04:15:06.960658,poly_updown_btc_5m_volume_INV_NIGHT,False,btc_5m_volume_INV_NIGHT,BTC,5m,UP,0x6f05164b63e004f6a6f062e175bc5256b0e13b6b7d8ec7659f4384fc277e55cd,True,23.53921192,Up,0.51,v1,NIGHT,btc_5m_v1,0,False,1,False,1,False,1,False
1779336906976995,2026-05-21 04:15:06.976995,poly_updown_sol_5m_volume_INV_NIGHT,False,sol_5m_volume_INV_NIGHT,SOL,5m,UP,0x94a6556b421cc0184ce9bda993f4ebec96cb883863563f6cd1ef32193255b314,True,23.81645,Up,0.51395,v1,NIGHT,sol_5m_v1,1,False,2,True,1,False,1,False
1779336906976995,2026-05-21 04:15:06.976995,poly_updown_sol_5m_volume_INV_NIGHT,False,sol_5m_volume_INV_NIGHT,SOL,5m,UP,0x94a6556b421cc0184ce9bda993f4ebec96cb883863563f6cd1ef32193255b314,True,23.81645,Up,0.51395,v1,NIGHT,sol_5m_v1,1,False,2,True,1,False,1,False
1779336906987833,2026-05-21 04:15:06.987833,poly_updown_eth_5m_volume_INV_NIGHT,False,eth_5m_volume_INV_NIGHT,ETH,5m,UP,0x323f16810e5c50421d31f7e75f6349bc50d5ca17272f8416c3f18f2368194fe7,True,23.26510984,Up,0.5157057993129278,v1,NIGHT,eth_5m_v1,1,False,1,False,1,False,1,False
1779336906987833,2026-05-21 04:15:06.987833,poly_updown_eth_5m_volume_INV_NIGHT,False,eth_5m_volume_INV_NIGHT,ETH,5m,UP,0x323f16810e5c50421d31f7e75f6349bc50d5ca17272f8416c3f18f2368194fe7,True,23.26510984,Up,0.5157057993129278,v1,NIGHT,eth_5m_v1,1,False,1,False,1,False,1,False
1779336907230982,2026-05-21 04:15:07.230982,poly_updown_sol_15m_volume_INV_NIGHT,False,sol_15m_volume_INV_NIGHT,SOL,15m,UP,0x67b6452428aa1050412ae7f698c2931209727505b54ef3aca48c37c58e09e960,True,23.275,Up,0.525,v1,NIGHT,sol_15m_v1,1,False,2,True,1,False,1,False
1779336907230982,2026-05-21 04:15:07.230982,poly_updown_sol_15m_volume_INV_NIGHT,False,sol_15m_volume_INV_NIGHT,SOL,15m,UP,0x67b6452428aa1050412ae7f698c2931209727505b54ef3aca48c37c58e09e960,True,23.667,Up,0.517,v1,NIGHT,sol_15m_v1,1,False,2,True,1,False,1,False
1779336907234245,2026-05-21 04:15:07.234245,poly_updown_eth_15m_volume_INV_NIGHT,False,eth_15m_volume_INV_NIGHT,ETH,15m,UP,0x262c1ec51aad78a6f0dfcfec93051fceff6a34b0c36fc5c4b7bba959801e93eb,False,-25.880388,Down,0.5279599996735999,v1,NIGHT,eth_15m_v1,1,False,1,False,1,False,1,False
1779336907234245,2026-05-21 04:15:07.234245,poly_updown_eth_15m_volume_INV_NIGHT,False,eth_15m_volume_INV_NIGHT,ETH,15m,UP,0x262c1ec51aad78a6f0dfcfec93051fceff6a34b0c36fc5c4b7bba959801e93eb,False,-25.480388,Down,0.5197999983679997,v1,NIGHT,eth_15m_v1,1,False,1,False,1,False,1,False
1779336907239630,2026-05-21 04:15:07.239630,poly_updown_btc_15m_volume_INV_NIGHT,False,btc_15m_volume_INV_NIGHT,BTC,15m,UP,0x3499be06cf0f1379e4e52ebfd2af7f0b32c313e20670686d6ba6452158d93548,False,-24.999996,Down,0.51,v1,NIGHT,btc_15m_v1,0,False,1,False,1,False,1,False
1779336907239630,2026-05-21 04:15:07.239630,poly_updown_btc_15m_volume_INV_NIGHT,False,btc_15m_volume_INV_NIGHT,BTC,15m,UP,0x3499be06cf0f1379e4e52ebfd2af7f0b32c313e20670686d6ba6452158d93548,False,-24.999996,Down,0.51,v1,NIGHT,btc_15m_v1,0,False,1,False,1,False,1,False
1779337029903106,2026-05-21 04:17:09.903106,poly_updown_sol_5m_momo_HOLD,False,sol_5m_momo_HOLD,SOL,5m,UP,0x94a6556b421cc0184ce9bda993f4ebec96cb883863563f6cd1ef32193255b314,True,23.96198,Up,0.51098,v1,HOLD,sol_5m_v1,2,True,2,True,1,False,1,False
1779337029903106,2026-05-21 04:17:09.903106,poly_updown_sol_5m_momo_HOLD,False,sol_5m_momo_HOLD,SOL,5m,UP,0x94a6556b421cc0184ce9bda993f4ebec96cb883863563f6cd1ef32193255b314,True,23.96198,Up,0.51098,v1,HOLD,sol_5m_v1,2,True,2,True,1,False,1,False
1779337029903369,2026-05-21 04:17:09.903369,poly_updown_sol_5m_momo_SELL,False,sol_5m_momo_SELL,SOL,5m,UP,0x94a6556b421cc0184ce9bda993f4ebec96cb883863563f6cd1ef32193255b314,True,23.96198,Up,0.51098,v1,SELL,sol_5m_v1,2,True,2,True,1,False,1,False
1779337029903369,2026-05-21 04:17:09.903369,poly_updown_sol_5m_momo_SELL,False,sol_5m_momo_SELL,SOL,5m,UP,0x94a6556b421cc0184ce9bda993f4ebec96cb883863563f6cd1ef32193255b314,True,23.96198,Up,0.51098,v1,SELL,sol_5m_v1,2,True,2,True,1,False,1,False
1779337029926362,2026-05-21 04:17:09.926362,poly_updown_sol_5m_momo_HEDGE,False,sol_5m_momo_HEDGE,SOL,5m,UP,0x94a6556b421cc0184ce9bda993f4ebec96cb883863563f6cd1ef32193255b314,True,23.96198,Up,0.51098,v1,HEDGE,sol_5m_v1,2,True,2,True,1,False,1,False
1779337029926362,2026-05-21 04:17:09.926362,poly_updown_sol_5m_momo_HEDGE,False,sol_5m_momo_HEDGE,SOL,5m,UP,0x94a6556b421cc0184ce9bda993f4ebec96cb883863563f6cd1ef32193255b314,True,23.96198,Up,0.51098,v1,HEDGE,sol_5m_v1,2,True,2,True,1,False,1,False
1779337203712375,2026-05-21 04:20:03.712375,poly_updown_btc_5m_volume_INV_NIGHT,False,btc_5m_volume_INV_NIGHT,BTC,5m,UP,0x3e78743e64cd5b6641d9a5d3bfb0a67fdcd2401b61d7ff7431f86202006aad65,True,23.53921192,Up,0.51,v1,NIGHT,btc_5m_v1,0,False,1,False,1,False,1,False
1779337203712375,2026-05-21 04:20:03.712375,poly_updown_btc_5m_volume_INV_NIGHT,False,btc_5m_volume_INV_NIGHT,BTC,5m,UP,0x3e78743e64cd5b6641d9a5d3bfb0a67fdcd2401b61d7ff7431f86202006aad65,True,23.53921192,Up,0.51,v1,NIGHT,btc_5m_v1,0,False,1,False,1,False,1,False
1779337203776559,2026-05-21 04:20:03.776559,poly_updown_sol_5m_volume_INV_NIGHT,False,sol_5m_volume_INV_NIGHT,SOL,5m,DOWN,0x478b25acbfb6db7731623ac79518c85792d306b10e0ee098d543c0879d4c57d4,True,22.68897568,Down,0.5276987980318076,v1,NIGHT,sol_5m_v1,1,False,2,False,1,False,1,False
1779337203776559,2026-05-21 04:20:03.776559,poly_updown_sol_5m_volume_INV_NIGHT,False,sol_5m_volume_INV_NIGHT,SOL,5m,DOWN,0x478b25acbfb6db7731623ac79518c85792d306b10e0ee098d543c0879d4c57d4,True,22.68897568,Down,0.5276987980318076,v1,NIGHT,sol_5m_v1,1,False,2,False,1,False,1,False
1779337203789044,2026-05-21 04:20:03.789044,poly_updown_eth_5m_volume_INV_NIGHT,False,eth_5m_volume_INV_NIGHT,ETH,5m,UP,0x268cbcc73e6fcd71ebb62aeeea719c6e7713c53db27b4f769b513816514c983b,False,-25.559388,Down,0.5214115986258557,v1,NIGHT,eth_5m_v1,0,False,1,False,1,False,1,False
1779337203789044,2026-05-21 04:20:03.789044,poly_updown_eth_5m_volume_INV_NIGHT,False,eth_5m_volume_INV_NIGHT,ETH,5m,UP,0x268cbcc73e6fcd71ebb62aeeea719c6e7713c53db27b4f769b513816514c983b,False,-25.559388,Down,0.5214115986258557,v1,NIGHT,eth_5m_v1,0,False,1,False,1,False,1,False
1779337209579844,2026-05-21 04:20:09.579844,poly_updown_btc_5m_volume_INV_NIGHT,False,btc_5m_volume_INV_NIGHT,BTC,5m,UP,0x3e78743e64cd5b6641d9a5d3bfb0a67fdcd2401b61d7ff7431f86202006aad65,True,23.53921192,Up,0.51,v1,NIGHT,btc_5m_v1,0,False,1,False,1,False,1,False
1779337209579844,2026-05-21 04:20:09.579844,poly_updown_btc_5m_volume_INV_NIGHT,False,btc_5m_volume_INV_NIGHT,BTC,5m,UP,0x3e78743e64cd5b6641d9a5d3bfb0a67fdcd2401b61d7ff7431f86202006aad65,True,23.53921192,Up,0.51,v1,NIGHT,btc_5m_v1,0,False,1,False,1,False,1,False
1779337209609645,2026-05-21 04:20:09.609645,poly_updown_eth_5m_volume_INV_NIGHT,False,eth_5m_volume_INV_NIGHT,ETH,5m,UP,0x268cbcc73e6fcd71ebb62aeeea719c6e7713c53db27b4f769b513816514c983b,False,-25.559388,Down,0.5214115986258557,v1,NIGHT,eth_5m_v1,0,False,1,False,1,False,1,False
1779337209609645,2026-05-21 04:20:09.609645,poly_updown_eth_5m_volume_INV_NIGHT,False,eth_5m_volume_INV_NIGHT,ETH,5m,UP,0x268cbcc73e6fcd71ebb62aeeea719c6e7713c53db27b4f769b513816514c983b,False,-25.559388,Down,0.5214115986258557,v1,NIGHT,eth_5m_v1,0,False,1,False,1,False,1,False
1779337209718343,2026-05-21 04:20:09.718343,poly_updown_sol_5m_volume_INV_NIGHT,False,sol_5m_volume_INV_NIGHT,SOL,5m,DOWN,0x478b25acbfb6db7731623ac79518c85792d306b10e0ee098d543c0879d4c57d4,True,22.68897568,Down,0.5276987980318076,v1,NIGHT,sol_5m_v1,1,False,2,False,1,False,1,False
1779337209718343,2026-05-21 04:20:09.718343,poly_updown_sol_5m_volume_INV_NIGHT,False,sol_5m_volume_INV_NIGHT,SOL,5m,DOWN,0x478b25acbfb6db7731623ac79518c85792d306b10e0ee098d543c0879d4c57d4,True,22.68897568,Down,0.5276987980318076,v1,NIGHT,sol_5m_v1,1,False,2,False,1,False,1,False
1779337508335436,2026-05-21 04:25:08.335436,poly_updown_btc_5m_volume_INV_NIGHT,False,btc_5m_volume_INV_NIGHT,BTC,5m,DOWN,0x966d4598401d14163b8d3c159c1c841e56225d39e633b95ffc576071ddfa6841,True,23.53921192,Down,0.51,v1,NIGHT,btc_5m_v1,0,True,1,False,1,False,1,False
1779337508335436,2026-05-21 04:25:08.335436,poly_updown_btc_5m_volume_INV_NIGHT,False,btc_5m_volume_INV_NIGHT,BTC,5m,DOWN,0x966d4598401d14163b8d3c159c1c841e56225d39e633b95ffc576071ddfa6841,True,23.53921192,Down,0.51,v1,NIGHT,btc_5m_v1,0,True,1,False,1,False,1,False
1779337510099442,2026-05-21 04:25:10.099442,poly_updown_sol_5m_volume_INV_NIGHT,False,sol_5m_volume_INV_NIGHT,SOL,5m,DOWN,0x9220ac1a19081b913eddba7e7b44a3bd8c75e5a3005be93f79e5bffabfa13c85,True,22.68750568,Down,0.5277293980367036,v1,NIGHT,sol_5m_v1,1,False,2,False,1,False,1,False
1779337510143563,2026-05-21 04:25:10.143563,poly_updown_btc_5m_volume_INV_NIGHT,False,btc_5m_volume_INV_NIGHT,BTC,5m,DOWN,0x966d4598401d14163b8d3c159c1c841e56225d39e633b95ffc576071ddfa6841,True,23.53921192,Down,0.51,v1,NIGHT,btc_5m_v1,0,True,1,False,1,False,1,False
1779337510143563,2026-05-21 04:25:10.143563,poly_updown_btc_5m_volume_INV_NIGHT,False,btc_5m_volume_INV_NIGHT,BTC,5m,DOWN,0x966d4598401d14163b8d3c159c1c841e56225d39e633b95ffc576071ddfa6841,True,23.53921192,Down,0.51,v1,NIGHT,btc_5m_v1,0,True,1,False,1,False,1,False
1779337510341601,2026-05-21 04:25:10.341601,poly_updown_eth_5m_volume_INV_NIGHT,False,eth_5m_volume_INV_NIGHT,ETH,5m,DOWN,0x636271a41ee1f216203b25ef237aecbc1a869a0d93ed20c1b8e13d83bbfcad53,True,23.83458,Down,0.51358,v1,NIGHT,eth_5m_v1,0,True,1,False,1,False,1,False
1779337807099751,2026-05-21 04:30:07.099751,poly_updown_btc_5m_volume_INV_NIGHT,False,btc_5m_volume_INV_NIGHT,BTC,5m,DOWN,0x4069258f3e76f99ab9701001a70d33d595caf51a65db07fdd58abdf72a8e4d73,False,-25.0,Up,0.5,v1,NIGHT,btc_5m_v1,2,False,1,False,1,False,1,False
1779337807099751,2026-05-21 04:30:07.099751,poly_updown_btc_5m_volume_INV_NIGHT,False,btc_5m_volume_INV_NIGHT,BTC,5m,DOWN,0x4069258f3e76f99ab9701001a70d33d595caf51a65db07fdd58abdf72a8e4d73,False,-25.0,Up,0.5,v1,NIGHT,btc_5m_v1,2,False,1,False,1,False,1,False
1779337808047699,2026-05-21 04:30:08.047699,poly_updown_sol_5m_volume_INV_NIGHT,False,sol_5m_volume_INV_NIGHT,SOL,5m,UP,0xf9b2c2a09ae1e5c3a703244194e08987f97a595f76711939256c9df5e0c4d56a,True,22.9935636,Up,0.5213583954173432,v1,NIGHT,sol_5m_v1,1,False,2,True,1,False,1,False
1779337808085960,2026-05-21 04:30:08.085960,poly_updown_eth_5m_volume_INV_NIGHT,False,eth_5m_volume_INV_NIGHT,ETH,5m,UP,0x3475d387c94a4b043b17570fca9de3ac270095aca2d7cf05c49c16b6815b4eb7,True,23.53921192,Up,0.51,v1,NIGHT,eth_5m_v1,1,False,1,False,1,False,1,False
1779337808086827,2026-05-21 04:30:08.086827,poly_updown_btc_5m_volume_INV_NIGHT,False,btc_5m_volume_INV_NIGHT,BTC,5m,DOWN,0x4069258f3e76f99ab9701001a70d33d595caf51a65db07fdd58abdf72a8e4d73,False,-25.0,Up,0.5,v1,NIGHT,btc_5m_v1,2,False,1,False,1,False,1,False
1779337808086827,2026-05-21 04:30:08.086827,poly_updown_btc_5m_volume_INV_NIGHT,False,btc_5m_volume_INV_NIGHT,BTC,5m,DOWN,0x4069258f3e76f99ab9701001a70d33d595caf51a65db07fdd58abdf72a8e4d73,False,-25.0,Up,0.5,v1,NIGHT,btc_5m_v1,2,False,1,False,1,False,1,False
1779337809156728,2026-05-21 04:30:09.156728,poly_updown_btc_15m_volume_INV_NIGHT,False,btc_15m_volume_INV_NIGHT,BTC,15m,DOWN,0x216f66095ebb570d33f9495e7ba226a28c23646d20196b817e72713b6bebfd74,False,-25.3,Up,0.506,v1,NIGHT,btc_15m_v1,2,False,1,False,1,False,1,False
1779337809156728,2026-05-21 04:30:09.156728,poly_updown_btc_15m_volume_INV_NIGHT,False,btc_15m_volume_INV_NIGHT,BTC,15m,DOWN,0x216f66095ebb570d33f9495e7ba226a28c23646d20196b817e72713b6bebfd74,False,-25.3,Up,0.506,v1,NIGHT,btc_15m_v1,2,False,1,False,1,False,1,False
1779337809180057,2026-05-21 04:30:09.180057,poly_updown_sol_15m_volume_INV_NIGHT,False,sol_15m_volume_INV_NIGHT,SOL,15m,UP,0x6587f378b6a8dcb3411d20d7da92deefbfd125fd8eeb5db9cd5ff70ed9868369,False,-25.85,Down,0.517,v1,NIGHT,sol_15m_v1,1,False,2,True,1,False,1,False
1779337809180057,2026-05-21 04:30:09.180057,poly_updown_sol_15m_volume_INV_NIGHT,False,sol_15m_volume_INV_NIGHT,SOL,15m,UP,0x6587f378b6a8dcb3411d20d7da92deefbfd125fd8eeb5db9cd5ff70ed9868369,False,-25.85,Down,0.517,v1,NIGHT,sol_15m_v1,1,False,2,True,1,False,1,False
1779337809180585,2026-05-21 04:30:09.180585,poly_updown_eth_15m_volume_INV_NIGHT,False,eth_15m_volume_INV_NIGHT,ETH,15m,UP,0x6b86e64d5c63bfcfcbb00c7c2fe3d6f467e26a84371dd6c1765f149be5fe560d,True,22.61537376,Up,0.52,v1,NIGHT,eth_15m_v1,1,False,1,False,1,False,1,False
1779337809180585,2026-05-21 04:30:09.180585,poly_updown_eth_15m_volume_INV_NIGHT,False,eth_15m_volume_INV_NIGHT,ETH,15m,UP,0x6b86e64d5c63bfcfcbb00c7c2fe3d6f467e26a84371dd6c1765f149be5fe560d,True,22.61537376,Up,0.52,v1,NIGHT,eth_15m_v1,1,False,1,False,1,False,1,False
1779337809427056,2026-05-21 04:30:09.427056,poly_updown_sol_15m_volume_INV_NIGHT,False,sol_15m_volume_INV_NIGHT,SOL,15m,UP,0x6587f378b6a8dcb3411d20d7da92deefbfd125fd8eeb5db9cd5ff70ed9868369,False,-25.85,Down,0.517,v1,NIGHT,sol_15m_v1,1,False,2,True,1,False,1,False
1779337809427056,2026-05-21 04:30:09.427056,poly_updown_sol_15m_volume_INV_NIGHT,False,sol_15m_volume_INV_NIGHT,SOL,15m,UP,0x6587f378b6a8dcb3411d20d7da92deefbfd125fd8eeb5db9cd5ff70ed9868369,False,-25.85,Down,0.517,v1,NIGHT,sol_15m_v1,1,False,2,True,1,False,1,False
1779337809429421,2026-05-21 04:30:09.429421,poly_updown_btc_15m_volume_INV_NIGHT,False,btc_15m_volume_INV_NIGHT,BTC,15m,DOWN,0x216f66095ebb570d33f9495e7ba226a28c23646d20196b817e72713b6bebfd74,False,-25.3,Up,0.506,v1,NIGHT,btc_15m_v1,2,False,1,False,1,False,1,False
1779337809429421,2026-05-21 04:30:09.429421,poly_updown_btc_15m_volume_INV_NIGHT,False,btc_15m_volume_INV_NIGHT,BTC,15m,DOWN,0x216f66095ebb570d33f9495e7ba226a28c23646d20196b817e72713b6bebfd74,False,-25.3,Up,0.506,v1,NIGHT,btc_15m_v1,2,False,1,False,1,False,1,False
1779337809680207,2026-05-21 04:30:09.680207,poly_updown_eth_15m_volume_INV_NIGHT,False,eth_15m_volume_INV_NIGHT,ETH,15m,UP,0x6b86e64d5c63bfcfcbb00c7c2fe3d6f467e26a84371dd6c1765f149be5fe560d,True,22.61537376,Up,0.52,v1,NIGHT,eth_15m_v1,1,False,1,False,1,False,1,False
1779337809680207,2026-05-21 04:30:09.680207,poly_updown_eth_15m_volume_INV_NIGHT,False,eth_15m_volume_INV_NIGHT,ETH,15m,UP,0x6b86e64d5c63bfcfcbb00c7c2fe3d6f467e26a84371dd6c1765f149be5fe560d,True,22.61537376,Up,0.52,v1,NIGHT,eth_15m_v1,1,False,1,False,1,False,1,False
1779342003771262,2026-05-21 05:40:03.771262,poly_updown_btc_5m_volume_INV_NIGHT,False,btc_5m_volume_INV_NIGHT,BTC,5m,UP,0x059dabda02a8895f715cb7c4d0b62220c7411cc7a65f49b79790471308144ef5,False,-24.999996,Down,0.51,v1,NIGHT,btc_5m_v1,1,False,0,False,1,False,1,False
1779342308593562,2026-05-21 05:45:08.593562,poly_updown_btc_5m_volume_INV_NIGHT,False,btc_5m_volume_INV_NIGHT,BTC,5m,UP,0x7110248ae787d2244e2be15f84c9695adafc666e66a125bb270bf1f2ed09e6e1,True,23.53921192,Up,0.51,v1,NIGHT,btc_5m_v1,1,False,0,False,1,False,1,False
1779342308598661,2026-05-21 05:45:08.598661,poly_updown_sol_5m_volume_INV_NIGHT,False,sol_5m_volume_INV_NIGHT,SOL,5m,UP,0xd5eb730a694a78a3d04be17d23bd0c6d7536cd007bb0840c286acbeef52a51de,True,22.58509176,Up,0.5298612799778047,v1,NIGHT,sol_5m_v1,0,False,0,False,1,False,1,False
1779342308605010,2026-05-21 05:45:08.605010,poly_updown_eth_5m_volume_INV_NIGHT,False,eth_5m_volume_INV_NIGHT,ETH,5m,UP,0x53f83da4754c3b0b74295486190173ce4b35e57b057e10aaabfd7d389e39ac13,True,22.58607176,Up,0.5298408799745407,v1,NIGHT,eth_5m_v1,0,False,0,False,1,False,1,False
1779342309033829,2026-05-21 05:45:09.033829,poly_updown_eth_15m_volume_INV_NIGHT,False,eth_15m_volume_INV_NIGHT,ETH,15m,UP,0xf2fbc3fcdaf23b93323f2b9beb0d97e5a9a7b428900022a4a2618b89979057b4,False,-25.920584,Down,0.5287799982047997,v1,NIGHT,eth_15m_v1,0,False,0,False,1,False,1,False
1779342309062237,2026-05-21 05:45:09.062237,poly_updown_btc_15m_volume_INV_NIGHT,False,btc_15m_volume_INV_NIGHT,BTC,15m,UP,0xb2cd070225b1f32bf76551b963cf132adfbc5bf4b8e195556bf6f9ab18e05499,False,-25.431192,Down,0.5187963998074239,v1,NIGHT,btc_15m_v1,1,False,0,False,1,False,1,False
1779342309069344,2026-05-21 05:45:09.069344,poly_updown_sol_15m_volume_INV_NIGHT,False,sol_15m_volume_INV_NIGHT,SOL,15m,UP,0xd9c686c5f349dbb3262b6729b52b152336b9bbf20d6fac21af4a15c28645c828,False,-25.24339,Down,0.5351599964383991,v1,NIGHT,sol_15m_v1,0,False,0,False,1,False,1,False
1779342604671662,2026-05-21 05:50:04.671662,poly_updown_eth_5m_sniper_DOWN_INV,False,eth_5m_sniper_DOWN_INV,ETH,5m,UP,0xfa79d9165ebbadab46df3f16b7e51019153b13ffb18f690d5a23139a6c163a4a,False,-25.36291,Down,0.5478399955071906,v1,INV,eth_5m_v1,0,False,0,False,1,False,1,False
1779342604676539,2026-05-21 05:50:04.676539,poly_updown_btc_5m_volume_INV_NIGHT,False,btc_5m_volume_INV_NIGHT,BTC,5m,UP,0xc7350e2fcdc3fd399e98d79e6280b45a28a63a3c670f3a78a707cd5d49a8cbe1,True,22.38824014,Up,0.5248207975139828,v1,NIGHT,btc_5m_v1,0,False,0,False,1,False,1,False
1779342604680076,2026-05-21 05:50:04.680076,poly_updown_eth_5m_sniper,False,eth_5m_sniper,ETH,5m,DOWN,0xfa79d9165ebbadab46df3f16b7e51019153b13ffb18f690d5a23139a6c163a4a,True,25.49999592,Down,0.49,v1,sniper,eth_5m_v1,0,True,0,True,1,False,1,False
1779342604685643,2026-05-21 05:50:04.685643,poly_updown_sol_5m_v3,False,sol_5m_v3,SOL,5m,DOWN,0x22dfeb25fb2d88dd9da052dafa483f1028f892af94d3c079df08915533dd6562,True,-2.74402,Down,0.50498,v1,v3,sol_5m_v1,0,True,0,True,1,False,1,False
1779342604690654,2026-05-21 05:50:04.690654,poly_updown_sol_5m_volume_INV_NIGHT,False,sol_5m_volume_INV_NIGHT,SOL,5m,UP,0x22dfeb25fb2d88dd9da052dafa483f1028f892af94d3c079df08915533dd6562,False,-26.09718,Down,0.5323825571812091,v1,NIGHT,sol_5m_v1,0,False,0,False,1,False,1,False
1779342604690868,2026-05-21 05:50:04.690868,poly_updown_sol_5m_v3_2,False,sol_5m_v3_2,SOL,5m,DOWN,0x22dfeb25fb2d88dd9da052dafa483f1028f892af94d3c079df08915533dd6562,True,-2.74402,Down,0.50498,v1,2,sol_5m_v1,0,True,0,True,1,False,1,False
1779342604691560,2026-05-21 05:50:04.691560,poly_updown_sol_5m_v3_3,False,sol_5m_v3_3,SOL,5m,DOWN,0x22dfeb25fb2d88dd9da052dafa483f1028f892af94d3c079df08915533dd6562,True,-2.74402,Down,0.50498,v1,3,sol_5m_v1,0,True,0,True,1,False,1,False
1779342604694801,2026-05-21 05:50:04.694801,poly_updown_sol_5m_v3_1,False,sol_5m_v3_1,SOL,5m,DOWN,0x22dfeb25fb2d88dd9da052dafa483f1028f892af94d3c079df08915533dd6562,True,-2.74402,Down,0.50498,v1,1,sol_5m_v1,0,True,0,True,1,False,1,False
1779342604701047,2026-05-21 05:50:04.701047,poly_updown_sol_5m_v4,False,sol_5m_v4,SOL,5m,DOWN,0x22dfeb25fb2d88dd9da052dafa483f1028f892af94d3c079df08915533dd6562,True,-2.74402,Down,0.50498,v1,v4,sol_5m_v1,0,True,0,True,1,False,1,False
1779342604816289,2026-05-21 05:50:04.816289,poly_updown_eth_5m_volume_INV_NIGHT,False,eth_5m_volume_INV_NIGHT,ETH,5m,UP,0xfa79d9165ebbadab46df3f16b7e51019153b13ffb18f690d5a23139a6c163a4a,False,-25.36291,Down,0.5478399955071906,v1,NIGHT,eth_5m_v1,0,False,0,False,1,False,1,False
1779342909769557,2026-05-21 05:55:09.769557,poly_updown_btc_5m_volume_INV_NIGHT,False,btc_5m_volume_INV_NIGHT,BTC,5m,DOWN,0xf1df733bea5c1ea717ae214a3c93bc2851a97ab269289bb3b2392c3c6e969534,False,-24.999996,Up,0.49,v1,NIGHT,btc_5m_v1,0,True,0,True,1,False,1,False
1779342909789495,2026-05-21 05:55:09.789495,poly_updown_sol_5m_volume_INV_NIGHT,False,sol_5m_volume_INV_NIGHT,SOL,5m,DOWN,0x4b1fdf41019bfeb0e4635e88fbe531fa4d8d03ad8031defd4bb8f68a36d583bb,False,-26.2455,Up,0.52491,v1,NIGHT,sol_5m_v1,0,True,0,True,1,False,1,False
1779342909798452,2026-05-21 05:55:09.798452,poly_updown_eth_5m_volume_INV_NIGHT,False,eth_5m_volume_INV_NIGHT,ETH,5m,DOWN,0xfe58564e96b35360b9738b2db8dbee8762f617bcec45ddbe55ede12e0a60a116,False,-25.277408,Up,0.4954372760699641,v1,NIGHT,eth_5m_v1,0,True,0,True,1,False,1,False
1779350220399202,2026-05-21 07:57:00.399202,poly_updown_btc_5m_momo_HOLD_f7,True,btc_5m_momo_HOLD,BTC,5m,UP,0xab635219bea6f1aa30cd078a6871507d31f9a7455bb5b8abfa2a48cb04faffe4,True,28.76085576,Up,0.46,v1,HOLD,btc_5m_v1,2,True,1,False,2,True,1,False
1779350220399202,2026-05-21 07:57:00.399202,poly_updown_btc_5m_momo_HOLD_f7,True,btc_5m_momo_HOLD,BTC,5m,UP,0xab635219bea6f1aa30cd078a6871507d31f9a7455bb5b8abfa2a48cb04faffe4,True,28.76085576,Up,0.46,v1,HOLD,btc_5m_v1,2,True,1,False,2,True,1,False
1779350220409788,2026-05-21 07:57:00.409788,poly_updown_btc_5m_momo_HEDGE_f7,True,btc_5m_momo_HEDGE,BTC,5m,UP,0xab635219bea6f1aa30cd078a6871507d31f9a7455bb5b8abfa2a48cb04faffe4,True,28.76085576,Up,0.46,v1,HEDGE,btc_5m_v1,2,True,1,False,2,True,1,False
1779350220409788,2026-05-21 07:57:00.409788,poly_updown_btc_5m_momo_HEDGE_f7,True,btc_5m_momo_HEDGE,BTC,5m,UP,0xab635219bea6f1aa30cd078a6871507d31f9a7455bb5b8abfa2a48cb04faffe4,True,28.76085576,Up,0.46,v1,HEDGE,btc_5m_v1,2,True,1,False,2,True,1,False
1779350220410432,2026-05-21 07:57:00.410432,poly_updown_btc_5m_momo_SELL_f7,True,btc_5m_momo_SELL,BTC,5m,UP,0xab635219bea6f1aa30cd078a6871507d31f9a7455bb5b8abfa2a48cb04faffe4,True,28.76085576,Up,0.46,v1,SELL,btc_5m_v1,2,True,1,False,2,True,1,False
1779350220410432,2026-05-21 07:57:00.410432,poly_updown_btc_5m_momo_SELL_f7,True,btc_5m_momo_SELL,BTC,5m,UP,0xab635219bea6f1aa30cd078a6871507d31f9a7455bb5b8abfa2a48cb04faffe4,True,28.76085576,Up,0.46,v1,SELL,btc_5m_v1,2,True,1,False,2,True,1,False
1779350226634939,2026-05-21 07:57:06.634939,poly_updown_btc_5m_momo_HEDGE_f7,True,btc_5m_momo_HEDGE,BTC,5m,UP,0xab635219bea6f1aa30cd078a6871507d31f9a7455bb5b8abfa2a48cb04faffe4,True,28.76085576,Up,0.46,v1,HEDGE,btc_5m_v1,2,True,1,False,2,True,1,False
1779350226634939,2026-05-21 07:57:06.634939,poly_updown_btc_5m_momo_HEDGE_f7,True,btc_5m_momo_HEDGE,BTC,5m,UP,0xab635219bea6f1aa30cd078a6871507d31f9a7455bb5b8abfa2a48cb04faffe4,True,28.76085576,Up,0.46,v1,HEDGE,btc_5m_v1,2,True,1,False,2,True,1,False
1779350226635386,2026-05-21 07:57:06.635386,poly_updown_btc_5m_momo_SELL_f7,True,btc_5m_momo_SELL,BTC,5m,UP,0xab635219bea6f1aa30cd078a6871507d31f9a7455bb5b8abfa2a48cb04faffe4,True,28.76085576,Up,0.46,v1,SELL,btc_5m_v1,2,True,1,False,2,True,1,False
1779350226635386,2026-05-21 07:57:06.635386,poly_updown_btc_5m_momo_SELL_f7,True,btc_5m_momo_SELL,BTC,5m,UP,0xab635219bea6f1aa30cd078a6871507d31f9a7455bb5b8abfa2a48cb04faffe4,True,28.76085576,Up,0.46,v1,SELL,btc_5m_v1,2,True,1,False,2,True,1,False
1779350226636075,2026-05-21 07:57:06.636075,poly_updown_btc_5m_momo_HOLD_f7,True,btc_5m_momo_HOLD,BTC,5m,UP,0xab635219bea6f1aa30cd078a6871507d31f9a7455bb5b8abfa2a48cb04faffe4,True,28.76085576,Up,0.46,v1,HOLD,btc_5m_v1,2,True,1,False,2,True,1,False
1779350226636075,2026-05-21 07:57:06.636075,poly_updown_btc_5m_momo_HOLD_f7,True,btc_5m_momo_HOLD,BTC,5m,UP,0xab635219bea6f1aa30cd078a6871507d31f9a7455bb5b8abfa2a48cb04faffe4,True,28.76085576,Up,0.46,v1,HOLD,btc_5m_v1,2,True,1,False,2,True,1,False
1779350406755128,2026-05-21 08:00:06.755128,poly_updown_btc_15m_sniper,False,btc_15m_sniper,BTC,15m,UP,0xba8dd142db8ffe50226cf188c8db931cf59e5d676e1e1340e28bae283fb2b9ed,False,-24.999996,Down,0.51,v1,sniper,btc_15m_v1,2,True,1,False,1,False,1,False
1779350406755128,2026-05-21 08:00:06.755128,poly_updown_btc_15m_sniper,False,btc_15m_sniper,BTC,15m,UP,0xba8dd142db8ffe50226cf188c8db931cf59e5d676e1e1340e28bae283fb2b9ed,False,-24.999996,Down,0.51,v1,sniper,btc_15m_v1,2,True,1,False,1,False,1,False
1779350410118971,2026-05-21 08:00:10.118971,poly_updown_btc_15m_sniper,False,btc_15m_sniper,BTC,15m,UP,0xba8dd142db8ffe50226cf188c8db931cf59e5d676e1e1340e28bae283fb2b9ed,False,-24.999996,Down,0.51,v1,sniper,btc_15m_v1,2,True,1,False,1,False,1,False
1779350410118971,2026-05-21 08:00:10.118971,poly_updown_btc_15m_sniper,False,btc_15m_sniper,BTC,15m,UP,0xba8dd142db8ffe50226cf188c8db931cf59e5d676e1e1340e28bae283fb2b9ed,False,-24.999996,Down,0.51,v1,sniper,btc_15m_v1,2,True,1,False,1,False,1,False
1779350705479463,2026-05-21 08:05:05.479463,poly_updown_btc_5m_sniper,False,btc_5m_sniper,BTC,5m,UP,0xd9fc6f45fd73f0a6cebb4d46334807d8492c3f16fec8a4589bb14cf350fca9bd,True,25.49999592,Up,0.49,v1,sniper,btc_5m_v1,2,True,2,True,2,True,1,False
1779350705479463,2026-05-21 08:05:05.479463,poly_updown_btc_5m_sniper,False,btc_5m_sniper,BTC,5m,UP,0xd9fc6f45fd73f0a6cebb4d46334807d8492c3f16fec8a4589bb14cf350fca9bd,True,26.43303334,Up,0.4821279949619167,v1,sniper,btc_5m_v1,2,True,2,True,2,True,1,False
1779350705511077,2026-05-21 08:05:05.511077,poly_updown_sol_5m_sniper_INV,False,sol_5m_sniper_INV,SOL,5m,DOWN,0xd0309ae517d076a9369b4596c425ae63f3d878b5aa6f1841c721e7cbc8a4fb68,False,-26.065484,Up,0.5317359586777533,v1,INV,sol_5m_v1,2,False,2,False,1,False,1,False
1779350705511077,2026-05-21 08:05:05.511077,poly_updown_sol_5m_sniper_INV,False,sol_5m_sniper_INV,SOL,5m,DOWN,0xd0309ae517d076a9369b4596c425ae63f3d878b5aa6f1841c721e7cbc8a4fb68,False,-26.065484,Up,0.5317359586777533,v1,INV,sol_5m_v1,2,False,2,False,1,False,1,False
1779350705514058,2026-05-21 08:05:05.514058,poly_updown_sol_5m_sniper,False,sol_5m_sniper,SOL,5m,UP,0xd0309ae517d076a9369b4596c425ae63f3d878b5aa6f1841c721e7cbc8a4fb68,True,22.63703568,Up,0.5287799982047997,v1,sniper,sol_5m_v1,2,True,2,True,1,False,1,False
1779350705514058,2026-05-21 08:05:05.514058,poly_updown_sol_5m_sniper,False,sol_5m_sniper,SOL,5m,UP,0xd0309ae517d076a9369b4596c425ae63f3d878b5aa6f1841c721e7cbc8a4fb68,True,22.63703568,Up,0.5287799982047997,v1,sniper,sol_5m_v1,2,True,2,True,1,False,1,False
1779350711554016,2026-05-21 08:05:11.554016,poly_updown_btc_5m_sniper,False,btc_5m_sniper,BTC,5m,UP,0xd9fc6f45fd73f0a6cebb4d46334807d8492c3f16fec8a4589bb14cf350fca9bd,True,25.49999592,Up,0.49,v1,sniper,btc_5m_v1,2,True,2,True,2,True,1,False
1779350711554016,2026-05-21 08:05:11.554016,poly_updown_btc_5m_sniper,False,btc_5m_sniper,BTC,5m,UP,0xd9fc6f45fd73f0a6cebb4d46334807d8492c3f16fec8a4589bb14cf350fca9bd,True,26.43303334,Up,0.4821279949619167,v1,sniper,btc_5m_v1,2,True,2,True,2,True,1,False
1779350711576180,2026-05-21 08:05:11.576180,poly_updown_sol_5m_sniper_INV,False,sol_5m_sniper_INV,SOL,5m,DOWN,0xd0309ae517d076a9369b4596c425ae63f3d878b5aa6f1841c721e7cbc8a4fb68,False,-26.065484,Up,0.5317359586777533,v1,INV,sol_5m_v1,2,False,2,False,1,False,1,False
1779350711576180,2026-05-21 08:05:11.576180,poly_updown_sol_5m_sniper_INV,False,sol_5m_sniper_INV,SOL,5m,DOWN,0xd0309ae517d076a9369b4596c425ae63f3d878b5aa6f1841c721e7cbc8a4fb68,False,-26.065484,Up,0.5317359586777533,v1,INV,sol_5m_v1,2,False,2,False,1,False,1,False
1779350711617954,2026-05-21 08:05:11.617954,poly_updown_sol_5m_sniper,False,sol_5m_sniper,SOL,5m,UP,0xd0309ae517d076a9369b4596c425ae63f3d878b5aa6f1841c721e7cbc8a4fb68,True,22.63703568,Up,0.5287799982047997,v1,sniper,sol_5m_v1,2,True,2,True,1,False,1,False
1779350711617954,2026-05-21 08:05:11.617954,poly_updown_sol_5m_sniper,False,sol_5m_sniper,SOL,5m,UP,0xd0309ae517d076a9369b4596c425ae63f3d878b5aa6f1841c721e7cbc8a4fb68,True,22.63703568,Up,0.5287799982047997,v1,sniper,sol_5m_v1,2,True,2,True,1,False,1,False
1779351006759298,2026-05-21 08:10:06.759298,poly_updown_eth_5m_sniper,False,eth_5m_sniper,ETH,5m,UP,0x51aa620b7a83b5096555149fe2e3c75ff0f03a5eb23e17b5340f98b77aca77af,False,-25.311312,Down,0.4961017945762871,v1,sniper,eth_5m_v1,2,True,2,True,2,True,1,False
1779351006759298,2026-05-21 08:10:06.759298,poly_updown_eth_5m_sniper,False,eth_5m_sniper,ETH,5m,UP,0x51aa620b7a83b5096555149fe2e3c75ff0f03a5eb23e17b5340f98b77aca77af,False,-25.311312,Down,0.4961017945762871,v1,sniper,eth_5m_v1,2,True,2,True,2,True,1,False
1779351009657890,2026-05-21 08:10:09.657890,poly_updown_eth_5m_sniper,False,eth_5m_sniper,ETH,5m,UP,0x51aa620b7a83b5096555149fe2e3c75ff0f03a5eb23e17b5340f98b77aca77af,False,-25.311312,Down,0.4961017945762871,v1,sniper,eth_5m_v1,2,True,2,True,2,True,1,False
1779351009657890,2026-05-21 08:10:09.657890,poly_updown_eth_5m_sniper,False,eth_5m_sniper,ETH,5m,UP,0x51aa620b7a83b5096555149fe2e3c75ff0f03a5eb23e17b5340f98b77aca77af,False,-25.311312,Down,0.4961017945762871,v1,sniper,eth_5m_v1,2,True,2,True,2,True,1,False
1779351306779427,2026-05-21 08:15:06.779427,poly_updown_eth_15m_sniper,False,eth_15m_sniper,ETH,15m,UP,0xfa276e9b21aa7a0d56e608271b8fdfc5fb73324942c9d606ac0db947cc773c55,False,-24.999996,Down,0.51,v1,sniper,eth_15m_v1,2,True,2,True,2,True,1,False
1779351306779427,2026-05-21 08:15:06.779427,poly_updown_eth_15m_sniper,False,eth_15m_sniper,ETH,15m,UP,0xfa276e9b21aa7a0d56e608271b8fdfc5fb73324942c9d606ac0db947cc773c55,False,-24.999996,Down,0.51,v1,sniper,eth_15m_v1,2,True,2,True,2,True,1,False
1779351313329678,2026-05-21 08:15:13.329678,poly_updown_eth_15m_sniper,False,eth_15m_sniper,ETH,15m,UP,0xfa276e9b21aa7a0d56e608271b8fdfc5fb73324942c9d606ac0db947cc773c55,False,-24.999996,Down,0.51,v1,sniper,eth_15m_v1,2,True,2,True,2,True,1,False
1779351313329678,2026-05-21 08:15:13.329678,poly_updown_eth_15m_sniper,False,eth_15m_sniper,ETH,15m,UP,0xfa276e9b21aa7a0d56e608271b8fdfc5fb73324942c9d606ac0db947cc773c55,False,-24.999996,Down,0.51,v1,sniper,eth_15m_v1,2,True,2,True,2,True,1,False
1779351606424559,2026-05-21 08:20:06.424559,poly_updown_btc_5m_sniper,False,btc_5m_sniper,BTC,5m,DOWN,0xad0feaac27241f6296d5db073689bf63b012e718c9c1ad5138529d5391a1fe20,False,-24.999988,Up,0.52,v1,sniper,btc_5m_v1,2,False,2,False,1,False,1,False
1779351606436153,2026-05-21 08:20:06.436153,poly_updown_btc_5m_v3,False,btc_5m_v3,BTC,5m,DOWN,0xad0feaac27241f6296d5db073689bf63b012e718c9c1ad5138529d5391a1fe20,False,-24.999988,Up,0.52,v1,v3,btc_5m_v1,2,False,2,False,1,False,1,False
1779354002489254,2026-05-21 09:00:02.489254,poly_updown_sol_15m_volume_INV_NIGHT,False,sol_15m_volume_INV_NIGHT,SOL,15m,DOWN,0xf6f5b50ce553b35385283032f2b2d71f2c2d2afb443525f7c7a82649c256aaf9,True,22.24222014,Down,0.5279199990015995,v1,NIGHT,sol_15m_v1,1,False,2,False,1,False,1,False
1779354002489254,2026-05-21 09:00:02.489254,poly_updown_sol_15m_volume_INV_NIGHT,False,sol_15m_volume_INV_NIGHT,SOL,15m,DOWN,0xf6f5b50ce553b35385283032f2b2d71f2c2d2afb443525f7c7a82649c256aaf9,True,22.24222014,Down,0.5279199990015995,v1,NIGHT,sol_15m_v1,1,False,2,False,1,False,1,False
1779354002489254,2026-05-21 09:00:02.489254,poly_updown_sol_15m_volume_INV_NIGHT,False,sol_15m_volume_INV_NIGHT,SOL,15m,DOWN,0xf6f5b50ce553b35385283032f2b2d71f2c2d2afb443525f7c7a82649c256aaf9,True,22.24222014,Down,0.5279199990015995,v1,NIGHT,sol_15m_v1,1,False,2,False,1,False,1,False
1779354002519507,2026-05-21 09:00:02.519507,poly_updown_btc_15m_volume_INV_NIGHT,False,btc_15m_volume_INV_NIGHT,BTC,15m,DOWN,0x258a9b735c7455dad457bd4cde8d228467d9c9d5c985e206917f6221df42a0d4,True,24.3334,Down,0.5034,v1,NIGHT,btc_15m_v1,1,False,2,False,1,False,1,False
1779354002519507,2026-05-21 09:00:02.519507,poly_updown_btc_15m_volume_INV_NIGHT,False,btc_15m_volume_INV_NIGHT,BTC,15m,DOWN,0x258a9b735c7455dad457bd4cde8d228467d9c9d5c985e206917f6221df42a0d4,True,24.3334,Down,0.5034,v1,NIGHT,btc_15m_v1,1,False,2,False,1,False,1,False
1779354002519507,2026-05-21 09:00:02.519507,poly_updown_btc_15m_volume_INV_NIGHT,False,btc_15m_volume_INV_NIGHT,BTC,15m,DOWN,0x258a9b735c7455dad457bd4cde8d228467d9c9d5c985e206917f6221df42a0d4,True,24.5,Down,0.5,v1,NIGHT,btc_15m_v1,1,False,2,False,1,False,1,False
1779354002519507,2026-05-21 09:00:02.519507,poly_updown_btc_15m_volume_INV_NIGHT,False,btc_15m_volume_INV_NIGHT,BTC,15m,DOWN,0x258a9b735c7455dad457bd4cde8d228467d9c9d5c985e206917f6221df42a0d4,True,24.5,Down,0.5,v1,NIGHT,btc_15m_v1,1,False,2,False,1,False,1,False
1779354002561006,2026-05-21 09:00:02.561006,poly_updown_eth_15m_volume_INV_NIGHT,False,eth_15m_volume_INV_NIGHT,ETH,15m,DOWN,0x96b172b7a5a043381e7d815b1e626f13aaa53b046e04382461c15d5a1d68ba71,True,23.226,Down,0.526,v1,NIGHT,eth_15m_v1,1,False,2,False,1,False,1,False
1779354002561006,2026-05-21 09:00:02.561006,poly_updown_eth_15m_volume_INV_NIGHT,False,eth_15m_volume_INV_NIGHT,ETH,15m,DOWN,0x96b172b7a5a043381e7d815b1e626f13aaa53b046e04382461c15d5a1d68ba71,True,23.226,Down,0.526,v1,NIGHT,eth_15m_v1,1,False,2,False,1,False,1,False
1779354002561006,2026-05-21 09:00:02.561006,poly_updown_eth_15m_volume_INV_NIGHT,False,eth_15m_volume_INV_NIGHT,ETH,15m,DOWN,0x96b172b7a5a043381e7d815b1e626f13aaa53b046e04382461c15d5a1d68ba71,True,24.01,Down,0.51,v1,NIGHT,eth_15m_v1,1,False,2,False,1,False,1,False
1779354002561006,2026-05-21 09:00:02.561006,poly_updown_eth_15m_volume_INV_NIGHT,False,eth_15m_volume_INV_NIGHT,ETH,15m,DOWN,0x96b172b7a5a043381e7d815b1e626f13aaa53b046e04382461c15d5a1d68ba71,True,24.01,Down,0.51,v1,NIGHT,eth_15m_v1,1,False,2,False,1,False,1,False
1779354007608426,2026-05-21 09:00:07.608426,poly_updown_btc_5m_volume_INV_NIGHT,False,btc_5m_volume_INV_NIGHT,BTC,5m,DOWN,0x423403a224b6b8f47abf8bdec2a8e6199bbafff05a7d3eb85345ead5ea29d378,False,-25.0,Up,0.5,v1,NIGHT,btc_5m_v1,1,False,2,False,1,False,1,False
1779354008615015,2026-05-21 09:00:08.615015,poly_updown_eth_15m_volume_INV_NIGHT,False,eth_15m_volume_INV_NIGHT,ETH,15m,DOWN,0x96b172b7a5a043381e7d815b1e626f13aaa53b046e04382461c15d5a1d68ba71,True,23.226,Down,0.526,v1,NIGHT,eth_15m_v1,1,False,2,False,1,False,1,False
1779354008615015,2026-05-21 09:00:08.615015,poly_updown_eth_15m_volume_INV_NIGHT,False,eth_15m_volume_INV_NIGHT,ETH,15m,DOWN,0x96b172b7a5a043381e7d815b1e626f13aaa53b046e04382461c15d5a1d68ba71,True,23.226,Down,0.526,v1,NIGHT,eth_15m_v1,1,False,2,False,1,False,1,False
1779354008615015,2026-05-21 09:00:08.615015,poly_updown_eth_15m_volume_INV_NIGHT,False,eth_15m_volume_INV_NIGHT,ETH,15m,DOWN,0x96b172b7a5a043381e7d815b1e626f13aaa53b046e04382461c15d5a1d68ba71,True,24.01,Down,0.51,v1,NIGHT,eth_15m_v1,1,False,2,False,1,False,1,False
1779354008615015,2026-05-21 09:00:08.615015,poly_updown_eth_15m_volume_INV_NIGHT,False,eth_15m_volume_INV_NIGHT,ETH,15m,DOWN,0x96b172b7a5a043381e7d815b1e626f13aaa53b046e04382461c15d5a1d68ba71,True,24.01,Down,0.51,v1,NIGHT,eth_15m_v1,1,False,2,False,1,False,1,False
1779354008617987,2026-05-21 09:00:08.617987,poly_updown_btc_15m_volume_INV_NIGHT,False,btc_15m_volume_INV_NIGHT,BTC,15m,DOWN,0x258a9b735c7455dad457bd4cde8d228467d9c9d5c985e206917f6221df42a0d4,True,24.3334,Down,0.5034,v1,NIGHT,btc_15m_v1,1,False,2,False,1,False,1,False
1779354008617987,2026-05-21 09:00:08.617987,poly_updown_btc_15m_volume_INV_NIGHT,False,btc_15m_volume_INV_NIGHT,BTC,15m,DOWN,0x258a9b735c7455dad457bd4cde8d228467d9c9d5c985e206917f6221df42a0d4,True,24.3334,Down,0.5034,v1,NIGHT,btc_15m_v1,1,False,2,False,1,False,1,False
1779354008617987,2026-05-21 09:00:08.617987,poly_updown_btc_15m_volume_INV_NIGHT,False,btc_15m_volume_INV_NIGHT,BTC,15m,DOWN,0x258a9b735c7455dad457bd4cde8d228467d9c9d5c985e206917f6221df42a0d4,True,24.5,Down,0.5,v1,NIGHT,btc_15m_v1,1,False,2,False,1,False,1,False
1779354008617987,2026-05-21 09:00:08.617987,poly_updown_btc_15m_volume_INV_NIGHT,False,btc_15m_volume_INV_NIGHT,BTC,15m,DOWN,0x258a9b735c7455dad457bd4cde8d228467d9c9d5c985e206917f6221df42a0d4,True,24.5,Down,0.5,v1,NIGHT,btc_15m_v1,1,False,2,False,1,False,1,False
1779354008619021,2026-05-21 09:00:08.619021,poly_updown_sol_15m_volume_INV_NIGHT,False,sol_15m_volume_INV_NIGHT,SOL,15m,DOWN,0xf6f5b50ce553b35385283032f2b2d71f2c2d2afb443525f7c7a82649c256aaf9,True,22.24222014,Down,0.5279199990015995,v1,NIGHT,sol_15m_v1,1,False,2,False,1,False,1,False
1779354008619021,2026-05-21 09:00:08.619021,poly_updown_sol_15m_volume_INV_NIGHT,False,sol_15m_volume_INV_NIGHT,SOL,15m,DOWN,0xf6f5b50ce553b35385283032f2b2d71f2c2d2afb443525f7c7a82649c256aaf9,True,22.24222014,Down,0.5279199990015995,v1,NIGHT,sol_15m_v1,1,False,2,False,1,False,1,False
1779354008619021,2026-05-21 09:00:08.619021,poly_updown_sol_15m_volume_INV_NIGHT,False,sol_15m_volume_INV_NIGHT,SOL,15m,DOWN,0xf6f5b50ce553b35385283032f2b2d71f2c2d2afb443525f7c7a82649c256aaf9,True,22.24222014,Down,0.5279199990015995,v1,NIGHT,sol_15m_v1,1,False,2,False,1,False,1,False
1779354302439043,2026-05-21 09:05:02.439043,poly_updown_btc_5m_volume_INV_NIGHT,False,btc_5m_volume_INV_NIGHT,BTC,5m,UP,0x32d739b83f1c42aeb0407d657f7fddc1d45d27f1a8a0be3c4fff2d23a49f84c7,False,-24.999996,Down,0.51,v1,NIGHT,btc_5m_v1,1,False,2,True,1,False,1,False
1779354302439043,2026-05-21 09:05:02.439043,poly_updown_btc_5m_volume_INV_NIGHT,False,btc_5m_volume_INV_NIGHT,BTC,5m,UP,0x32d739b83f1c42aeb0407d657f7fddc1d45d27f1a8a0be3c4fff2d23a49f84c7,False,-24.999996,Down,0.51,v1,NIGHT,btc_5m_v1,1,False,2,True,1,False,1,False
1779354302439043,2026-05-21 09:05:02.439043,poly_updown_btc_5m_volume_INV_NIGHT,False,btc_5m_volume_INV_NIGHT,BTC,5m,UP,0x32d739b83f1c42aeb0407d657f7fddc1d45d27f1a8a0be3c4fff2d23a49f84c7,False,-24.999996,Down,0.51,v1,NIGHT,btc_5m_v1,1,False,2,True,1,False,1,False
1779354302439043,2026-05-21 09:05:02.439043,poly_updown_btc_5m_volume_INV_NIGHT,False,btc_5m_volume_INV_NIGHT,BTC,5m,UP,0x32d739b83f1c42aeb0407d657f7fddc1d45d27f1a8a0be3c4fff2d23a49f84c7,False,-24.999996,Down,0.51,v1,NIGHT,btc_5m_v1,1,False,2,True,1,False,1,False
1779354308869835,2026-05-21 09:05:08.869835,poly_updown_btc_5m_volume_INV_NIGHT,False,btc_5m_volume_INV_NIGHT,BTC,5m,UP,0x32d739b83f1c42aeb0407d657f7fddc1d45d27f1a8a0be3c4fff2d23a49f84c7,False,-24.999996,Down,0.51,v1,NIGHT,btc_5m_v1,1,False,2,True,1,False,1,False
1779354308869835,2026-05-21 09:05:08.869835,poly_updown_btc_5m_volume_INV_NIGHT,False,btc_5m_volume_INV_NIGHT,BTC,5m,UP,0x32d739b83f1c42aeb0407d657f7fddc1d45d27f1a8a0be3c4fff2d23a49f84c7,False,-24.999996,Down,0.51,v1,NIGHT,btc_5m_v1,1,False,2,True,1,False,1,False
1779354308869835,2026-05-21 09:05:08.869835,poly_updown_btc_5m_volume_INV_NIGHT,False,btc_5m_volume_INV_NIGHT,BTC,5m,UP,0x32d739b83f1c42aeb0407d657f7fddc1d45d27f1a8a0be3c4fff2d23a49f84c7,False,-24.999996,Down,0.51,v1,NIGHT,btc_5m_v1,1,False,2,True,1,False,1,False
1779354308869835,2026-05-21 09:05:08.869835,poly_updown_btc_5m_volume_INV_NIGHT,False,btc_5m_volume_INV_NIGHT,BTC,5m,UP,0x32d739b83f1c42aeb0407d657f7fddc1d45d27f1a8a0be3c4fff2d23a49f84c7,False,-24.999996,Down,0.51,v1,NIGHT,btc_5m_v1,1,False,2,True,1,False,1,False
1779354425807640,2026-05-21 09:07:05.807640,poly_updown_eth_5m_momo_HOLD_f7,True,eth_5m_momo_HOLD,ETH,5m,UP,0x6911acfbac09bbc19002676bafe5a3caa31982fa8a955408af491408e3df094f,True,27.35937344,Up,0.4751458318449974,v1,HOLD,eth_5m_v1,2,True,2,True,1,False,1,False
1779354425807640,2026-05-21 09:07:05.807640,poly_updown_eth_5m_momo_HOLD_f7,True,eth_5m_momo_HOLD,ETH,5m,UP,0x6911acfbac09bbc19002676bafe5a3caa31982fa8a955408af491408e3df094f,True,27.35937344,Up,0.4751458318449974,v1,HOLD,eth_5m_v1,2,True,2,True,1,False,1,False
1779354425809198,2026-05-21 09:07:05.809198,poly_updown_eth_5m_momo_SELL_f7,True,eth_5m_momo_SELL,ETH,5m,UP,0x6911acfbac09bbc19002676bafe5a3caa31982fa8a955408af491408e3df094f,True,27.35937344,Up,0.4751458318449974,v1,SELL,eth_5m_v1,2,True,2,True,1,False,1,False
1779354425809198,2026-05-21 09:07:05.809198,poly_updown_eth_5m_momo_SELL_f7,True,eth_5m_momo_SELL,ETH,5m,UP,0x6911acfbac09bbc19002676bafe5a3caa31982fa8a955408af491408e3df094f,True,27.35937344,Up,0.4751458318449974,v1,SELL,eth_5m_v1,2,True,2,True,1,False,1,False
1779354425811892,2026-05-21 09:07:05.811892,poly_updown_eth_5m_momo_HEDGE_f7,True,eth_5m_momo_HEDGE,ETH,5m,UP,0x6911acfbac09bbc19002676bafe5a3caa31982fa8a955408af491408e3df094f,True,27.35937344,Up,0.4751458318449974,v1,HEDGE,eth_5m_v1,2,True,2,True,1,False,1,False
1779354425811892,2026-05-21 09:07:05.811892,poly_updown_eth_5m_momo_HEDGE_f7,True,eth_5m_momo_HEDGE,ETH,5m,UP,0x6911acfbac09bbc19002676bafe5a3caa31982fa8a955408af491408e3df094f,True,27.35937344,Up,0.4751458318449974,v1,HEDGE,eth_5m_v1,2,True,2,True,1,False,1,False
1779354605348411,2026-05-21 09:10:05.348411,poly_updown_eth_5m_volume_INV_NIGHT,False,eth_5m_volume_INV_NIGHT,ETH,5m,DOWN,0xafed3b6f50d6953b484ef3819a7f1fd6f4dc67c1fed120c6a2336cdc6b756fc5,True,23.5004,Down,0.5204,v1,NIGHT,eth_5m_v1,2,False,2,False,1,False,1,False
1779354605348411,2026-05-21 09:10:05.348411,poly_updown_eth_5m_volume_INV_NIGHT,False,eth_5m_volume_INV_NIGHT,ETH,5m,DOWN,0xafed3b6f50d6953b484ef3819a7f1fd6f4dc67c1fed120c6a2336cdc6b756fc5,True,23.98158,Down,0.51058,v1,NIGHT,eth_5m_v1,2,False,2,False,1,False,1,False
1779354605348411,2026-05-21 09:10:05.348411,poly_updown_eth_5m_volume_INV_NIGHT,False,eth_5m_volume_INV_NIGHT,ETH,5m,DOWN,0xafed3b6f50d6953b484ef3819a7f1fd6f4dc67c1fed120c6a2336cdc6b756fc5,True,23.98158,Down,0.51058,v1,NIGHT,eth_5m_v1,2,False,2,False,1,False,1,False
1779354605376590,2026-05-21 09:10:05.376590,poly_updown_btc_5m_volume_INV_NIGHT,False,btc_5m_volume_INV_NIGHT,BTC,5m,DOWN,0xb7c6d5ff6d1839187c14c0ecc3304d67428edb79ef41c5f1917b22edaac8abf2,True,24.5,Down,0.5,v1,NIGHT,btc_5m_v1,1,False,2,False,1,False,1,False
1779354605376590,2026-05-21 09:10:05.376590,poly_updown_btc_5m_volume_INV_NIGHT,False,btc_5m_volume_INV_NIGHT,BTC,5m,DOWN,0xb7c6d5ff6d1839187c14c0ecc3304d67428edb79ef41c5f1917b22edaac8abf2,True,24.5,Down,0.5,v1,NIGHT,btc_5m_v1,1,False,2,False,1,False,1,False
1779354605376590,2026-05-21 09:10:05.376590,poly_updown_btc_5m_volume_INV_NIGHT,False,btc_5m_volume_INV_NIGHT,BTC,5m,DOWN,0xb7c6d5ff6d1839187c14c0ecc3304d67428edb79ef41c5f1917b22edaac8abf2,True,24.5,Down,0.5,v1,NIGHT,btc_5m_v1,1,False,2,False,1,False,1,False
1779354605396186,2026-05-21 09:10:05.396186,poly_updown_sol_5m_volume_INV_NIGHT,False,sol_5m_volume_INV_NIGHT,SOL,5m,UP,0x06fea71914105c264a73e3a95305d945e4a766db2e8b87c60f036264c36d97fb,False,-25.880388,Down,0.5279599996735999,v1,NIGHT,sol_5m_v1,2,True,2,True,1,False,1,False
1779354605396186,2026-05-21 09:10:05.396186,poly_updown_sol_5m_volume_INV_NIGHT,False,sol_5m_volume_INV_NIGHT,SOL,5m,UP,0x06fea71914105c264a73e3a95305d945e4a766db2e8b87c60f036264c36d97fb,False,-25.597,Down,0.51194,v1,NIGHT,sol_5m_v1,2,True,2,True,1,False,1,False
1779354605396186,2026-05-21 09:10:05.396186,poly_updown_sol_5m_volume_INV_NIGHT,False,sol_5m_volume_INV_NIGHT,SOL,5m,UP,0x06fea71914105c264a73e3a95305d945e4a766db2e8b87c60f036264c36d97fb,False,-25.597,Down,0.51194,v1,NIGHT,sol_5m_v1,2,True,2,True,1,False,1,False
1779354609652260,2026-05-21 09:10:09.652260,poly_updown_btc_5m_volume_INV_NIGHT,False,btc_5m_volume_INV_NIGHT,BTC,5m,DOWN,0xb7c6d5ff6d1839187c14c0ecc3304d67428edb79ef41c5f1917b22edaac8abf2,True,24.5,Down,0.5,v1,NIGHT,btc_5m_v1,1,False,2,False,1,False,1,False
1779354609652260,2026-05-21 09:10:09.652260,poly_updown_btc_5m_volume_INV_NIGHT,False,btc_5m_volume_INV_NIGHT,BTC,5m,DOWN,0xb7c6d5ff6d1839187c14c0ecc3304d67428edb79ef41c5f1917b22edaac8abf2,True,24.5,Down,0.5,v1,NIGHT,btc_5m_v1,1,False,2,False,1,False,1,False
1779354609652260,2026-05-21 09:10:09.652260,poly_updown_btc_5m_volume_INV_NIGHT,False,btc_5m_volume_INV_NIGHT,BTC,5m,DOWN,0xb7c6d5ff6d1839187c14c0ecc3304d67428edb79ef41c5f1917b22edaac8abf2,True,24.5,Down,0.5,v1,NIGHT,btc_5m_v1,1,False,2,False,1,False,1,False
1779354609655147,2026-05-21 09:10:09.655147,poly_updown_sol_5m_volume_INV_NIGHT,False,sol_5m_volume_INV_NIGHT,SOL,5m,UP,0x06fea71914105c264a73e3a95305d945e4a766db2e8b87c60f036264c36d97fb,False,-25.880388,Down,0.5279599996735999,v1,NIGHT,sol_5m_v1,2,True,2,True,1,False,1,False
1779354609655147,2026-05-21 09:10:09.655147,poly_updown_sol_5m_volume_INV_NIGHT,False,sol_5m_volume_INV_NIGHT,SOL,5m,UP,0x06fea71914105c264a73e3a95305d945e4a766db2e8b87c60f036264c36d97fb,False,-25.597,Down,0.51194,v1,NIGHT,sol_5m_v1,2,True,2,True,1,False,1,False
1779354609655147,2026-05-21 09:10:09.655147,poly_updown_sol_5m_volume_INV_NIGHT,False,sol_5m_volume_INV_NIGHT,SOL,5m,UP,0x06fea71914105c264a73e3a95305d945e4a766db2e8b87c60f036264c36d97fb,False,-25.597,Down,0.51194,v1,NIGHT,sol_5m_v1,2,True,2,True,1,False,1,False
1779354609679094,2026-05-21 09:10:09.679094,poly_updown_eth_5m_volume_INV_NIGHT,False,eth_5m_volume_INV_NIGHT,ETH,5m,DOWN,0xafed3b6f50d6953b484ef3819a7f1fd6f4dc67c1fed120c6a2336cdc6b756fc5,True,23.5004,Down,0.5204,v1,NIGHT,eth_5m_v1,2,False,2,False,1,False,1,False
1779354609679094,2026-05-21 09:10:09.679094,poly_updown_eth_5m_volume_INV_NIGHT,False,eth_5m_volume_INV_NIGHT,ETH,5m,DOWN,0xafed3b6f50d6953b484ef3819a7f1fd6f4dc67c1fed120c6a2336cdc6b756fc5,True,23.98158,Down,0.51058,v1,NIGHT,eth_5m_v1,2,False,2,False,1,False,1,False
1779354609679094,2026-05-21 09:10:09.679094,poly_updown_eth_5m_volume_INV_NIGHT,False,eth_5m_volume_INV_NIGHT,ETH,5m,DOWN,0xafed3b6f50d6953b484ef3819a7f1fd6f4dc67c1fed120c6a2336cdc6b756fc5,True,23.98158,Down,0.51058,v1,NIGHT,eth_5m_v1,2,False,2,False,1,False,1,False
1779354902389800,2026-05-21 09:15:02.389800,poly_updown_btc_15m_volume_INV_NIGHT,False,btc_15m_volume_INV_NIGHT,BTC,15m,DOWN,0x538317db2c7d0e1b65d21336a10472800e094515c9ef188d9f7fbaca987f8fbf,True,24.157,Down,0.507,v1,NIGHT,btc_15m_v1,1,False,2,False,1,False,1,False
1779354902389800,2026-05-21 09:15:02.389800,poly_updown_btc_15m_volume_INV_NIGHT,False,btc_15m_volume_INV_NIGHT,BTC,15m,DOWN,0x538317db2c7d0e1b65d21336a10472800e094515c9ef188d9f7fbaca987f8fbf,True,24.157,Down,0.507,v1,NIGHT,btc_15m_v1,1,False,2,False,1,False,1,False
1779354902389800,2026-05-21 09:15:02.389800,poly_updown_btc_15m_volume_INV_NIGHT,False,btc_15m_volume_INV_NIGHT,BTC,15m,DOWN,0x538317db2c7d0e1b65d21336a10472800e094515c9ef188d9f7fbaca987f8fbf,True,23.53921192,Down,0.51,v1,NIGHT,btc_15m_v1,1,False,2,False,1,False,1,False
1779354902389800,2026-05-21 09:15:02.389800,poly_updown_btc_15m_volume_INV_NIGHT,False,btc_15m_volume_INV_NIGHT,BTC,15m,DOWN,0x538317db2c7d0e1b65d21336a10472800e094515c9ef188d9f7fbaca987f8fbf,True,23.53921192,Down,0.51,v1,NIGHT,btc_15m_v1,1,False,2,False,1,False,1,False
1779354902393633,2026-05-21 09:15:02.393633,poly_updown_eth_15m_volume_INV_NIGHT,False,eth_15m_volume_INV_NIGHT,ETH,15m,DOWN,0x1da63de18084deac350029cdbe520339611fd675627ddd3b9adb793a2642c211,True,23.177,Down,0.527,v1,NIGHT,eth_15m_v1,2,False,2,False,1,False,1,False
1779354902393633,2026-05-21 09:15:02.393633,poly_updown_eth_15m_volume_INV_NIGHT,False,eth_15m_volume_INV_NIGHT,ETH,15m,DOWN,0x1da63de18084deac350029cdbe520339611fd675627ddd3b9adb793a2642c211,True,23.177,Down,0.527,v1,NIGHT,eth_15m_v1,2,False,2,False,1,False,1,False
1779354902393633,2026-05-21 09:15:02.393633,poly_updown_eth_15m_volume_INV_NIGHT,False,eth_15m_volume_INV_NIGHT,ETH,15m,DOWN,0x1da63de18084deac350029cdbe520339611fd675627ddd3b9adb793a2642c211,True,24.059,Down,0.509,v1,NIGHT,eth_15m_v1,2,False,2,False,1,False,1,False
1779354902393633,2026-05-21 09:15:02.393633,poly_updown_eth_15m_volume_INV_NIGHT,False,eth_15m_volume_INV_NIGHT,ETH,15m,DOWN,0x1da63de18084deac350029cdbe520339611fd675627ddd3b9adb793a2642c211,True,24.059,Down,0.509,v1,NIGHT,eth_15m_v1,2,False,2,False,1,False,1,False
1779354902467059,2026-05-21 09:15:02.467059,poly_updown_sol_15m_volume_INV_NIGHT,False,sol_15m_volume_INV_NIGHT,SOL,15m,UP,0x99a1750ee25c46d77b277d78d586745486a6305ecdca781a8ffd129e9763b554,False,-25.680388,Down,0.5238799990207998,v1,NIGHT,sol_15m_v1,2,True,2,True,1,False,1,False
1779354902467059,2026-05-21 09:15:02.467059,poly_updown_sol_15m_volume_INV_NIGHT,False,sol_15m_volume_INV_NIGHT,SOL,15m,UP,0x99a1750ee25c46d77b277d78d586745486a6305ecdca781a8ffd129e9763b554,False,-25.680388,Down,0.5238799990207998,v1,NIGHT,sol_15m_v1,2,True,2,True,1,False,1,False
1779354902467059,2026-05-21 09:15:02.467059,poly_updown_sol_15m_volume_INV_NIGHT,False,sol_15m_volume_INV_NIGHT,SOL,15m,UP,0x99a1750ee25c46d77b277d78d586745486a6305ecdca781a8ffd129e9763b554,False,-25.680388,Down,0.5238799990207998,v1,NIGHT,sol_15m_v1,2,True,2,True,1,False,1,False
1779354902467059,2026-05-21 09:15:02.467059,poly_updown_sol_15m_volume_INV_NIGHT,False,sol_15m_volume_INV_NIGHT,SOL,15m,UP,0x99a1750ee25c46d77b277d78d586745486a6305ecdca781a8ffd129e9763b554,False,-25.680388,Down,0.5238799990207998,v1,NIGHT,sol_15m_v1,2,True,2,True,1,False,1,False
1779354906819910,2026-05-21 09:15:06.819910,poly_updown_eth_15m_volume_INV_NIGHT,False,eth_15m_volume_INV_NIGHT,ETH,15m,DOWN,0x1da63de18084deac350029cdbe520339611fd675627ddd3b9adb793a2642c211,True,23.177,Down,0.527,v1,NIGHT,eth_15m_v1,2,False,2,False,1,False,1,False
1779354906819910,2026-05-21 09:15:06.819910,poly_updown_eth_15m_volume_INV_NIGHT,False,eth_15m_volume_INV_NIGHT,ETH,15m,DOWN,0x1da63de18084deac350029cdbe520339611fd675627ddd3b9adb793a2642c211,True,23.177,Down,0.527,v1,NIGHT,eth_15m_v1,2,False,2,False,1,False,1,False
1779354906819910,2026-05-21 09:15:06.819910,poly_updown_eth_15m_volume_INV_NIGHT,False,eth_15m_volume_INV_NIGHT,ETH,15m,DOWN,0x1da63de18084deac350029cdbe520339611fd675627ddd3b9adb793a2642c211,True,24.059,Down,0.509,v1,NIGHT,eth_15m_v1,2,False,2,False,1,False,1,False
1779354906819910,2026-05-21 09:15:06.819910,poly_updown_eth_15m_volume_INV_NIGHT,False,eth_15m_volume_INV_NIGHT,ETH,15m,DOWN,0x1da63de18084deac350029cdbe520339611fd675627ddd3b9adb793a2642c211,True,24.059,Down,0.509,v1,NIGHT,eth_15m_v1,2,False,2,False,1,False,1,False
1779354906820829,2026-05-21 09:15:06.820829,poly_updown_sol_15m_volume_INV_NIGHT,False,sol_15m_volume_INV_NIGHT,SOL,15m,UP,0x99a1750ee25c46d77b277d78d586745486a6305ecdca781a8ffd129e9763b554,False,-25.680388,Down,0.5238799990207998,v1,NIGHT,sol_15m_v1,2,True,2,True,1,False,1,False
1779354906820829,2026-05-21 09:15:06.820829,poly_updown_sol_15m_volume_INV_NIGHT,False,sol_15m_volume_INV_NIGHT,SOL,15m,UP,0x99a1750ee25c46d77b277d78d586745486a6305ecdca781a8ffd129e9763b554,False,-25.680388,Down,0.5238799990207998,v1,NIGHT,sol_15m_v1,2,True,2,True,1,False,1,False
1779354906820829,2026-05-21 09:15:06.820829,poly_updown_sol_15m_volume_INV_NIGHT,False,sol_15m_volume_INV_NIGHT,SOL,15m,UP,0x99a1750ee25c46d77b277d78d586745486a6305ecdca781a8ffd129e9763b554,False,-25.680388,Down,0.5238799990207998,v1,NIGHT,sol_15m_v1,2,True,2,True,1,False,1,False
1779354906820829,2026-05-21 09:15:06.820829,poly_updown_sol_15m_volume_INV_NIGHT,False,sol_15m_volume_INV_NIGHT,SOL,15m,UP,0x99a1750ee25c46d77b277d78d586745486a6305ecdca781a8ffd129e9763b554,False,-25.680388,Down,0.5238799990207998,v1,NIGHT,sol_15m_v1,2,True,2,True,1,False,1,False
1779354906821632,2026-05-21 09:15:06.821632,poly_updown_btc_15m_volume_INV_NIGHT,False,btc_15m_volume_INV_NIGHT,BTC,15m,DOWN,0x538317db2c7d0e1b65d21336a10472800e094515c9ef188d9f7fbaca987f8fbf,True,24.157,Down,0.507,v1,NIGHT,btc_15m_v1,1,False,2,False,1,False,1,False
1779354906821632,2026-05-21 09:15:06.821632,poly_updown_btc_15m_volume_INV_NIGHT,False,btc_15m_volume_INV_NIGHT,BTC,15m,DOWN,0x538317db2c7d0e1b65d21336a10472800e094515c9ef188d9f7fbaca987f8fbf,True,24.157,Down,0.507,v1,NIGHT,btc_15m_v1,1,False,2,False,1,False,1,False
1779354906821632,2026-05-21 09:15:06.821632,poly_updown_btc_15m_volume_INV_NIGHT,False,btc_15m_volume_INV_NIGHT,BTC,15m,DOWN,0x538317db2c7d0e1b65d21336a10472800e094515c9ef188d9f7fbaca987f8fbf,True,23.53921192,Down,0.51,v1,NIGHT,btc_15m_v1,1,False,2,False,1,False,1,False
1779354906821632,2026-05-21 09:15:06.821632,poly_updown_btc_15m_volume_INV_NIGHT,False,btc_15m_volume_INV_NIGHT,BTC,15m,DOWN,0x538317db2c7d0e1b65d21336a10472800e094515c9ef188d9f7fbaca987f8fbf,True,23.53921192,Down,0.51,v1,NIGHT,btc_15m_v1,1,False,2,False,1,False,1,False
1779355203269622,2026-05-21 09:20:03.269622,poly_updown_btc_5m_volume_INV_NIGHT,False,btc_5m_volume_INV_NIGHT,BTC,5m,UP,0xfb6bcab6d7a82bbd06cdcaa2b0c8409e8c0a330b41d3d851c64fe37180e285be,True,23.53921192,Up,0.51,v1,NIGHT,btc_5m_v1,1,False,2,True,1,False,1,False
1779355203269622,2026-05-21 09:20:03.269622,poly_updown_btc_5m_volume_INV_NIGHT,False,btc_5m_volume_INV_NIGHT,BTC,5m,UP,0xfb6bcab6d7a82bbd06cdcaa2b0c8409e8c0a330b41d3d851c64fe37180e285be,True,23.53921192,Up,0.51,v1,NIGHT,btc_5m_v1,1,False,2,True,1,False,1,False
1779355203269622,2026-05-21 09:20:03.269622,poly_updown_btc_5m_volume_INV_NIGHT,False,btc_5m_volume_INV_NIGHT,BTC,5m,UP,0xfb6bcab6d7a82bbd06cdcaa2b0c8409e8c0a330b41d3d851c64fe37180e285be,True,23.53921192,Up,0.51,v1,NIGHT,btc_5m_v1,1,False,2,True,1,False,1,False
1779355203269622,2026-05-21 09:20:03.269622,poly_updown_btc_5m_volume_INV_NIGHT,False,btc_5m_volume_INV_NIGHT,BTC,5m,UP,0xfb6bcab6d7a82bbd06cdcaa2b0c8409e8c0a330b41d3d851c64fe37180e285be,True,23.53921192,Up,0.51,v1,NIGHT,btc_5m_v1,1,False,2,True,1,False,1,False
1779355203634220,2026-05-21 09:20:03.634220,poly_updown_btc_5m_volume_INV_NIGHT,False,btc_5m_volume_INV_NIGHT,BTC,5m,UP,0xfb6bcab6d7a82bbd06cdcaa2b0c8409e8c0a330b41d3d851c64fe37180e285be,True,23.53921192,Up,0.51,v1,NIGHT,btc_5m_v1,1,False,2,True,1,False,1,False
1779355203634220,2026-05-21 09:20:03.634220,poly_updown_btc_5m_volume_INV_NIGHT,False,btc_5m_volume_INV_NIGHT,BTC,5m,UP,0xfb6bcab6d7a82bbd06cdcaa2b0c8409e8c0a330b41d3d851c64fe37180e285be,True,23.53921192,Up,0.51,v1,NIGHT,btc_5m_v1,1,False,2,True,1,False,1,False
1779355203634220,2026-05-21 09:20:03.634220,poly_updown_btc_5m_volume_INV_NIGHT,False,btc_5m_volume_INV_NIGHT,BTC,5m,UP,0xfb6bcab6d7a82bbd06cdcaa2b0c8409e8c0a330b41d3d851c64fe37180e285be,True,23.53921192,Up,0.51,v1,NIGHT,btc_5m_v1,1,False,2,True,1,False,1,False
1779355203634220,2026-05-21 09:20:03.634220,poly_updown_btc_5m_volume_INV_NIGHT,False,btc_5m_volume_INV_NIGHT,BTC,5m,UP,0xfb6bcab6d7a82bbd06cdcaa2b0c8409e8c0a330b41d3d851c64fe37180e285be,True,23.53921192,Up,0.51,v1,NIGHT,btc_5m_v1,1,False,2,True,1,False,1,False
1779355500579905,2026-05-21 09:25:00.579905,poly_updown_btc_5m_volume_INV_NIGHT,False,btc_5m_volume_INV_NIGHT,BTC,5m,DOWN,0xe3af79a464377ccb75b378e5e2e3d45fecef6e647210819a9602d4a6cbcf15fb,True,24.5,Down,0.5,v1,NIGHT,btc_5m_v1,1,False,2,False,1,False,1,False
1779355500579905,2026-05-21 09:25:00.579905,poly_updown_btc_5m_volume_INV_NIGHT,False,btc_5m_volume_INV_NIGHT,BTC,5m,DOWN,0xe3af79a464377ccb75b378e5e2e3d45fecef6e647210819a9602d4a6cbcf15fb,True,24.5,Down,0.5,v1,NIGHT,btc_5m_v1,1,False,2,False,1,False,1,False
1779355500579905,2026-05-21 09:25:00.579905,poly_updown_btc_5m_volume_INV_NIGHT,False,btc_5m_volume_INV_NIGHT,BTC,5m,DOWN,0xe3af79a464377ccb75b378e5e2e3d45fecef6e647210819a9602d4a6cbcf15fb,False,-24.999996,Down,0.51,v1,NIGHT,btc_5m_v1,1,False,2,False,1,False,1,False
1779355500579905,2026-05-21 09:25:00.579905,poly_updown_btc_5m_volume_INV_NIGHT,False,btc_5m_volume_INV_NIGHT,BTC,5m,DOWN,0xe3af79a464377ccb75b378e5e2e3d45fecef6e647210819a9602d4a6cbcf15fb,False,-24.999996,Down,0.51,v1,NIGHT,btc_5m_v1,1,False,2,False,1,False,1,False
1779355500606253,2026-05-21 09:25:00.606253,poly_updown_eth_5m_volume_INV_NIGHT,False,eth_5m_volume_INV_NIGHT,ETH,5m,DOWN,0xcae8c38b6dcbf940569a7473bcd9be05a823b9e8bcd8be4b803e38df3b80d313,True,23.4514,Down,0.5214,v1,NIGHT,eth_5m_v1,1,False,2,False,1,False,1,False
1779355500606253,2026-05-21 09:25:00.606253,poly_updown_eth_5m_volume_INV_NIGHT,False,eth_5m_volume_INV_NIGHT,ETH,5m,DOWN,0xcae8c38b6dcbf940569a7473bcd9be05a823b9e8bcd8be4b803e38df3b80d313,True,23.4514,Down,0.5214,v1,NIGHT,eth_5m_v1,1,False,2,False,1,False,1,False
1779355500606253,2026-05-21 09:25:00.606253,poly_updown_eth_5m_volume_INV_NIGHT,False,eth_5m_volume_INV_NIGHT,ETH,5m,DOWN,0xcae8c38b6dcbf940569a7473bcd9be05a823b9e8bcd8be4b803e38df3b80d313,True,23.83458,Down,0.51358,v1,NIGHT,eth_5m_v1,1,False,2,False,1,False,1,False
1779355500606253,2026-05-21 09:25:00.606253,poly_updown_eth_5m_volume_INV_NIGHT,False,eth_5m_volume_INV_NIGHT,ETH,5m,DOWN,0xcae8c38b6dcbf940569a7473bcd9be05a823b9e8bcd8be4b803e38df3b80d313,True,23.83458,Down,0.51358,v1,NIGHT,eth_5m_v1,1,False,2,False,1,False,1,False
1779355500608688,2026-05-21 09:25:00.608688,poly_updown_sol_5m_volume_INV_NIGHT,False,sol_5m_volume_INV_NIGHT,SOL,5m,DOWN,0x868a23c2e2a1ba0e4e4f77ce7010f25699e4f94e54f0c790ad09df9e71a4ea12,True,22.67642776,Down,0.5279599996735999,v1,NIGHT,sol_5m_v1,1,False,2,False,1,False,1,False
1779355500608688,2026-05-21 09:25:00.608688,poly_updown_sol_5m_volume_INV_NIGHT,False,sol_5m_volume_INV_NIGHT,SOL,5m,DOWN,0x868a23c2e2a1ba0e4e4f77ce7010f25699e4f94e54f0c790ad09df9e71a4ea12,True,22.67642776,Down,0.5279599996735999,v1,NIGHT,sol_5m_v1,1,False,2,False,1,False,1,False
1779355500608688,2026-05-21 09:25:00.608688,poly_updown_sol_5m_volume_INV_NIGHT,False,sol_5m_volume_INV_NIGHT,SOL,5m,DOWN,0x868a23c2e2a1ba0e4e4f77ce7010f25699e4f94e54f0c790ad09df9e71a4ea12,True,22.67642776,Down,0.5279599996735999,v1,NIGHT,sol_5m_v1,1,False,2,False,1,False,1,False
1779355500608688,2026-05-21 09:25:00.608688,poly_updown_sol_5m_volume_INV_NIGHT,False,sol_5m_volume_INV_NIGHT,SOL,5m,DOWN,0x868a23c2e2a1ba0e4e4f77ce7010f25699e4f94e54f0c790ad09df9e71a4ea12,True,22.67642776,Down,0.5279599996735999,v1,NIGHT,sol_5m_v1,1,False,2,False,1,False,1,False
1779355510856901,2026-05-21 09:25:10.856901,poly_updown_btc_5m_volume_INV_NIGHT,False,btc_5m_volume_INV_NIGHT,BTC,5m,UP,0xe3af79a464377ccb75b378e5e2e3d45fecef6e647210819a9602d4a6cbcf15fb,True,24.5,Down,0.5,v1,NIGHT,btc_5m_v1,1,False,2,True,1,False,1,False
1779355510856901,2026-05-21 09:25:10.856901,poly_updown_btc_5m_volume_INV_NIGHT,False,btc_5m_volume_INV_NIGHT,BTC,5m,UP,0xe3af79a464377ccb75b378e5e2e3d45fecef6e647210819a9602d4a6cbcf15fb,True,24.5,Down,0.5,v1,NIGHT,btc_5m_v1,1,False,2,True,1,False,1,False
1779355510856901,2026-05-21 09:25:10.856901,poly_updown_btc_5m_volume_INV_NIGHT,False,btc_5m_volume_INV_NIGHT,BTC,5m,UP,0xe3af79a464377ccb75b378e5e2e3d45fecef6e647210819a9602d4a6cbcf15fb,False,-24.999996,Down,0.51,v1,NIGHT,btc_5m_v1,1,False,2,True,1,False,1,False
1779355510856901,2026-05-21 09:25:10.856901,poly_updown_btc_5m_volume_INV_NIGHT,False,btc_5m_volume_INV_NIGHT,BTC,5m,UP,0xe3af79a464377ccb75b378e5e2e3d45fecef6e647210819a9602d4a6cbcf15fb,False,-24.999996,Down,0.51,v1,NIGHT,btc_5m_v1,1,False,2,True,1,False,1,False
1779355510860483,2026-05-21 09:25:10.860483,poly_updown_sol_5m_volume_INV_NIGHT,False,sol_5m_volume_INV_NIGHT,SOL,5m,DOWN,0x868a23c2e2a1ba0e4e4f77ce7010f25699e4f94e54f0c790ad09df9e71a4ea12,True,22.67642776,Down,0.5279599996735999,v1,NIGHT,sol_5m_v1,1,False,2,False,1,False,1,False
1779355510860483,2026-05-21 09:25:10.860483,poly_updown_sol_5m_volume_INV_NIGHT,False,sol_5m_volume_INV_NIGHT,SOL,5m,DOWN,0x868a23c2e2a1ba0e4e4f77ce7010f25699e4f94e54f0c790ad09df9e71a4ea12,True,22.67642776,Down,0.5279599996735999,v1,NIGHT,sol_5m_v1,1,False,2,False,1,False,1,False
1779355510860483,2026-05-21 09:25:10.860483,poly_updown_sol_5m_volume_INV_NIGHT,False,sol_5m_volume_INV_NIGHT,SOL,5m,DOWN,0x868a23c2e2a1ba0e4e4f77ce7010f25699e4f94e54f0c790ad09df9e71a4ea12,True,22.67642776,Down,0.5279599996735999,v1,NIGHT,sol_5m_v1,1,False,2,False,1,False,1,False
1779355510860483,2026-05-21 09:25:10.860483,poly_updown_sol_5m_volume_INV_NIGHT,False,sol_5m_volume_INV_NIGHT,SOL,5m,DOWN,0x868a23c2e2a1ba0e4e4f77ce7010f25699e4f94e54f0c790ad09df9e71a4ea12,True,22.67642776,Down,0.5279599996735999,v1,NIGHT,sol_5m_v1,1,False,2,False,1,False,1,False
1779355510868323,2026-05-21 09:25:10.868323,poly_updown_eth_5m_volume_INV_NIGHT,False,eth_5m_volume_INV_NIGHT,ETH,5m,DOWN,0xcae8c38b6dcbf940569a7473bcd9be05a823b9e8bcd8be4b803e38df3b80d313,True,23.4514,Down,0.5214,v1,NIGHT,eth_5m_v1,1,False,2,False,1,False,1,False
1779355510868323,2026-05-21 09:25:10.868323,poly_updown_eth_5m_volume_INV_NIGHT,False,eth_5m_volume_INV_NIGHT,ETH,5m,DOWN,0xcae8c38b6dcbf940569a7473bcd9be05a823b9e8bcd8be4b803e38df3b80d313,True,23.4514,Down,0.5214,v1,NIGHT,eth_5m_v1,1,False,2,False,1,False,1,False
1779355510868323,2026-05-21 09:25:10.868323,poly_updown_eth_5m_volume_INV_NIGHT,False,eth_5m_volume_INV_NIGHT,ETH,5m,DOWN,0xcae8c38b6dcbf940569a7473bcd9be05a823b9e8bcd8be4b803e38df3b80d313,True,23.83458,Down,0.51358,v1,NIGHT,eth_5m_v1,1,False,2,False,1,False,1,False
1779355510868323,2026-05-21 09:25:10.868323,poly_updown_eth_5m_volume_INV_NIGHT,False,eth_5m_volume_INV_NIGHT,ETH,5m,DOWN,0xcae8c38b6dcbf940569a7473bcd9be05a823b9e8bcd8be4b803e38df3b80d313,True,23.83458,Down,0.51358,v1,NIGHT,eth_5m_v1,1,False,2,False,1,False,1,False
1779355806698392,2026-05-21 09:30:06.698392,poly_updown_btc_5m_volume_INV_NIGHT,False,btc_5m_volume_INV_NIGHT,BTC,5m,DOWN,0x9e06f38ad4a0892ac9acdd0246894be8643f38b21ba4512f99bf6ce316997cf6,True,24.5,Down,0.5,v1,NIGHT,btc_5m_v1,1,False,2,False,1,False,1,False
1779355806698392,2026-05-21 09:30:06.698392,poly_updown_btc_5m_volume_INV_NIGHT,False,btc_5m_volume_INV_NIGHT,BTC,5m,DOWN,0x9e06f38ad4a0892ac9acdd0246894be8643f38b21ba4512f99bf6ce316997cf6,True,24.5,Down,0.5,v1,NIGHT,btc_5m_v1,1,False,2,False,1,False,1,False
1779355806698392,2026-05-21 09:30:06.698392,poly_updown_btc_5m_volume_INV_NIGHT,False,btc_5m_volume_INV_NIGHT,BTC,5m,DOWN,0x9e06f38ad4a0892ac9acdd0246894be8643f38b21ba4512f99bf6ce316997cf6,True,24.5,Down,0.5,v1,NIGHT,btc_5m_v1,1,False,2,False,1,False,1,False
1779355806698392,2026-05-21 09:30:06.698392,poly_updown_btc_5m_volume_INV_NIGHT,False,btc_5m_volume_INV_NIGHT,BTC,5m,DOWN,0x9e06f38ad4a0892ac9acdd0246894be8643f38b21ba4512f99bf6ce316997cf6,True,24.5,Down,0.5,v1,NIGHT,btc_5m_v1,1,False,2,False,1,False,1,False
1779355806713485,2026-05-21 09:30:06.713485,poly_updown_btc_5m_volume_INV_NIGHT,False,btc_5m_volume_INV_NIGHT,BTC,5m,DOWN,0x9e06f38ad4a0892ac9acdd0246894be8643f38b21ba4512f99bf6ce316997cf6,True,24.5,Down,0.5,v1,NIGHT,btc_5m_v1,1,False,2,False,1,False,1,False
1779355806713485,2026-05-21 09:30:06.713485,poly_updown_btc_5m_volume_INV_NIGHT,False,btc_5m_volume_INV_NIGHT,BTC,5m,DOWN,0x9e06f38ad4a0892ac9acdd0246894be8643f38b21ba4512f99bf6ce316997cf6,True,24.5,Down,0.5,v1,NIGHT,btc_5m_v1,1,False,2,False,1,False,1,False
1779355806713485,2026-05-21 09:30:06.713485,poly_updown_btc_5m_volume_INV_NIGHT,False,btc_5m_volume_INV_NIGHT,BTC,5m,DOWN,0x9e06f38ad4a0892ac9acdd0246894be8643f38b21ba4512f99bf6ce316997cf6,True,24.5,Down,0.5,v1,NIGHT,btc_5m_v1,1,False,2,False,1,False,1,False
1779355806713485,2026-05-21 09:30:06.713485,poly_updown_btc_5m_volume_INV_NIGHT,False,btc_5m_volume_INV_NIGHT,BTC,5m,DOWN,0x9e06f38ad4a0892ac9acdd0246894be8643f38b21ba4512f99bf6ce316997cf6,True,24.5,Down,0.5,v1,NIGHT,btc_5m_v1,1,False,2,False,1,False,1,False
1779355807327944,2026-05-21 09:30:07.327944,poly_updown_eth_15m_volume_INV_NIGHT,False,eth_15m_volume_INV_NIGHT,ETH,15m,UP,0x767f72b61a864e2f5a8de1b1cf3b95d33132a862d453f4ec6d683e544c9b44a7,False,-24.999996,Down,0.51,v1,NIGHT,eth_15m_v1,1,False,2,True,1,False,1,False
1779355807327944,2026-05-21 09:30:07.327944,poly_updown_eth_15m_volume_INV_NIGHT,False,eth_15m_volume_INV_NIGHT,ETH,15m,UP,0x767f72b61a864e2f5a8de1b1cf3b95d33132a862d453f4ec6d683e544c9b44a7,False,-24.999996,Down,0.51,v1,NIGHT,eth_15m_v1,1,False,2,True,1,False,1,False
1779355807327944,2026-05-21 09:30:07.327944,poly_updown_eth_15m_volume_INV_NIGHT,False,eth_15m_volume_INV_NIGHT,ETH,15m,UP,0x767f72b61a864e2f5a8de1b1cf3b95d33132a862d453f4ec6d683e544c9b44a7,False,-24.999996,Down,0.51,v1,NIGHT,eth_15m_v1,1,False,2,True,1,False,1,False
1779355807330684,2026-05-21 09:30:07.330684,poly_updown_btc_15m_volume_INV_NIGHT,False,btc_15m_volume_INV_NIGHT,BTC,15m,DOWN,0x332cd49bcf947fc07bb7b040ed08b1f2f7e0b326e9b7cb7d634c9337565bde08,True,23.53921192,Down,0.51,v1,NIGHT,btc_15m_v1,1,False,2,False,1,False,1,False
1779355807330684,2026-05-21 09:30:07.330684,poly_updown_btc_15m_volume_INV_NIGHT,False,btc_15m_volume_INV_NIGHT,BTC,15m,DOWN,0x332cd49bcf947fc07bb7b040ed08b1f2f7e0b326e9b7cb7d634c9337565bde08,True,23.53921192,Down,0.51,v1,NIGHT,btc_15m_v1,1,False,2,False,1,False,1,False
1779355807330684,2026-05-21 09:30:07.330684,poly_updown_btc_15m_volume_INV_NIGHT,False,btc_15m_volume_INV_NIGHT,BTC,15m,DOWN,0x332cd49bcf947fc07bb7b040ed08b1f2f7e0b326e9b7cb7d634c9337565bde08,True,23.53921192,Down,0.51,v1,NIGHT,btc_15m_v1,1,False,2,False,1,False,1,False
1779355807336640,2026-05-21 09:30:07.336640,poly_updown_sol_15m_volume_INV_NIGHT,False,sol_15m_volume_INV_NIGHT,SOL,15m,UP,0xa69dea1ee1f6d85c6fa9ed7f67e117f1b696b6e98ddec3ccca89ab6396f55984,False,-25.071692,Down,0.5315199979647995,v1,NIGHT,sol_15m_v1,1,False,2,True,1,False,1,False
1779355807336640,2026-05-21 09:30:07.336640,poly_updown_sol_15m_volume_INV_NIGHT,False,sol_15m_volume_INV_NIGHT,SOL,15m,UP,0xa69dea1ee1f6d85c6fa9ed7f67e117f1b696b6e98ddec3ccca89ab6396f55984,False,-25.071692,Down,0.5315199979647995,v1,NIGHT,sol_15m_v1,1,False,2,True,1,False,1,False
1779355807336640,2026-05-21 09:30:07.336640,poly_updown_sol_15m_volume_INV_NIGHT,False,sol_15m_volume_INV_NIGHT,SOL,15m,UP,0xa69dea1ee1f6d85c6fa9ed7f67e117f1b696b6e98ddec3ccca89ab6396f55984,False,-25.071692,Down,0.5315199979647995,v1,NIGHT,sol_15m_v1,1,False,2,True,1,False,1,False
1779355807336640,2026-05-21 09:30:07.336640,poly_updown_sol_15m_volume_INV_NIGHT,False,sol_15m_volume_INV_NIGHT,SOL,15m,UP,0xa69dea1ee1f6d85c6fa9ed7f67e117f1b696b6e98ddec3ccca89ab6396f55984,False,-25.071692,Down,0.5315199979647995,v1,NIGHT,sol_15m_v1,1,False,2,True,1,False,1,False
1779355807397474,2026-05-21 09:30:07.397474,poly_updown_eth_15m_volume_INV_NIGHT,False,eth_15m_volume_INV_NIGHT,ETH,15m,UP,0x767f72b61a864e2f5a8de1b1cf3b95d33132a862d453f4ec6d683e544c9b44a7,False,-24.999996,Down,0.51,v1,NIGHT,eth_15m_v1,1,False,2,True,1,False,1,False
1779355807397474,2026-05-21 09:30:07.397474,poly_updown_eth_15m_volume_INV_NIGHT,False,eth_15m_volume_INV_NIGHT,ETH,15m,UP,0x767f72b61a864e2f5a8de1b1cf3b95d33132a862d453f4ec6d683e544c9b44a7,False,-24.999996,Down,0.51,v1,NIGHT,eth_15m_v1,1,False,2,True,1,False,1,False
1779355807397474,2026-05-21 09:30:07.397474,poly_updown_eth_15m_volume_INV_NIGHT,False,eth_15m_volume_INV_NIGHT,ETH,15m,UP,0x767f72b61a864e2f5a8de1b1cf3b95d33132a862d453f4ec6d683e544c9b44a7,False,-24.999996,Down,0.51,v1,NIGHT,eth_15m_v1,1,False,2,True,1,False,1,False
1779355807410182,2026-05-21 09:30:07.410182,poly_updown_btc_15m_volume_INV_NIGHT,False,btc_15m_volume_INV_NIGHT,BTC,15m,DOWN,0x332cd49bcf947fc07bb7b040ed08b1f2f7e0b326e9b7cb7d634c9337565bde08,True,23.53921192,Down,0.51,v1,NIGHT,btc_15m_v1,1,False,2,False,1,False,1,False
1779355807410182,2026-05-21 09:30:07.410182,poly_updown_btc_15m_volume_INV_NIGHT,False,btc_15m_volume_INV_NIGHT,BTC,15m,DOWN,0x332cd49bcf947fc07bb7b040ed08b1f2f7e0b326e9b7cb7d634c9337565bde08,True,23.53921192,Down,0.51,v1,NIGHT,btc_15m_v1,1,False,2,False,1,False,1,False
1779355807410182,2026-05-21 09:30:07.410182,poly_updown_btc_15m_volume_INV_NIGHT,False,btc_15m_volume_INV_NIGHT,BTC,15m,DOWN,0x332cd49bcf947fc07bb7b040ed08b1f2f7e0b326e9b7cb7d634c9337565bde08,True,23.53921192,Down,0.51,v1,NIGHT,btc_15m_v1,1,False,2,False,1,False,1,False
1779355807420297,2026-05-21 09:30:07.420297,poly_updown_sol_15m_volume_INV_NIGHT,False,sol_15m_volume_INV_NIGHT,SOL,15m,UP,0xa69dea1ee1f6d85c6fa9ed7f67e117f1b696b6e98ddec3ccca89ab6396f55984,False,-25.071692,Down,0.5315199979647995,v1,NIGHT,sol_15m_v1,1,False,2,True,1,False,1,False
1779355807420297,2026-05-21 09:30:07.420297,poly_updown_sol_15m_volume_INV_NIGHT,False,sol_15m_volume_INV_NIGHT,SOL,15m,UP,0xa69dea1ee1f6d85c6fa9ed7f67e117f1b696b6e98ddec3ccca89ab6396f55984,False,-25.071692,Down,0.5315199979647995,v1,NIGHT,sol_15m_v1,1,False,2,True,1,False,1,False
1779355807420297,2026-05-21 09:30:07.420297,poly_updown_sol_15m_volume_INV_NIGHT,False,sol_15m_volume_INV_NIGHT,SOL,15m,UP,0xa69dea1ee1f6d85c6fa9ed7f67e117f1b696b6e98ddec3ccca89ab6396f55984,False,-25.071692,Down,0.5315199979647995,v1,NIGHT,sol_15m_v1,1,False,2,True,1,False,1,False
1779355807420297,2026-05-21 09:30:07.420297,poly_updown_sol_15m_volume_INV_NIGHT,False,sol_15m_volume_INV_NIGHT,SOL,15m,UP,0xa69dea1ee1f6d85c6fa9ed7f67e117f1b696b6e98ddec3ccca89ab6396f55984,False,-25.071692,Down,0.5315199979647995,v1,NIGHT,sol_15m_v1,1,False,2,True,1,False,1,False
1779355930022856,2026-05-21 09:32:10.022856,poly_updown_btc_5m_momo_HOLD_f7,True,btc_5m_momo_HOLD,BTC,5m,DOWN,0x9e06f38ad4a0892ac9acdd0246894be8643f38b21ba4512f99bf6ce316997cf6,True,25.49999592,Down,0.49,v1,HOLD,btc_5m_v1,0,True,2,False,1,False,1,False
1779355930022856,2026-05-21 09:32:10.022856,poly_updown_btc_5m_momo_HOLD_f7,True,btc_5m_momo_HOLD,BTC,5m,DOWN,0x9e06f38ad4a0892ac9acdd0246894be8643f38b21ba4512f99bf6ce316997cf6,True,25.49999592,Down,0.49,v1,HOLD,btc_5m_v1,0,True,2,False,1,False,1,False
1779355930022856,2026-05-21 09:32:10.022856,poly_updown_btc_5m_momo_HOLD_f7,True,btc_5m_momo_HOLD,BTC,5m,DOWN,0x9e06f38ad4a0892ac9acdd0246894be8643f38b21ba4512f99bf6ce316997cf6,True,25.49999592,Down,0.49,v1,HOLD,btc_5m_v1,0,True,2,False,1,False,1,False
1779355930022856,2026-05-21 09:32:10.022856,poly_updown_btc_5m_momo_HOLD_f7,True,btc_5m_momo_HOLD,BTC,5m,DOWN,0x9e06f38ad4a0892ac9acdd0246894be8643f38b21ba4512f99bf6ce316997cf6,True,25.49999592,Down,0.49,v1,HOLD,btc_5m_v1,0,True,2,False,1,False,1,False
1779355930024763,2026-05-21 09:32:10.024763,poly_updown_eth_5m_momo_SELL_f7,True,eth_5m_momo_SELL,ETH,5m,DOWN,0x5d86c626e139feaebf1f7ff06c28449ad995e47fefe6b6fb78b0a1f5c9201943,True,24.5,Down,0.5,v1,SELL,eth_5m_v1,0,True,2,False,1,False,1,False
1779355930024763,2026-05-21 09:32:10.024763,poly_updown_eth_5m_momo_SELL_f7,True,eth_5m_momo_SELL,ETH,5m,DOWN,0x5d86c626e139feaebf1f7ff06c28449ad995e47fefe6b6fb78b0a1f5c9201943,True,24.5,Down,0.5,v1,SELL,eth_5m_v1,0,True,2,False,1,False,1,False
1779355930024763,2026-05-21 09:32:10.024763,poly_updown_eth_5m_momo_SELL_f7,True,eth_5m_momo_SELL,ETH,5m,DOWN,0x5d86c626e139feaebf1f7ff06c28449ad995e47fefe6b6fb78b0a1f5c9201943,True,24.5,Down,0.5,v1,SELL,eth_5m_v1,0,True,2,False,1,False,1,False
1779355930024763,2026-05-21 09:32:10.024763,poly_updown_eth_5m_momo_SELL_f7,True,eth_5m_momo_SELL,ETH,5m,DOWN,0x5d86c626e139feaebf1f7ff06c28449ad995e47fefe6b6fb78b0a1f5c9201943,True,24.5,Down,0.5,v1,SELL,eth_5m_v1,0,True,2,False,1,False,1,False
1779355930026996,2026-05-21 09:32:10.026996,poly_updown_eth_5m_momo_HEDGE_f7,True,eth_5m_momo_HEDGE,ETH,5m,DOWN,0x5d86c626e139feaebf1f7ff06c28449ad995e47fefe6b6fb78b0a1f5c9201943,True,24.5,Down,0.5,v1,HEDGE,eth_5m_v1,0,True,2,False,1,False,1,False
1779355930026996,2026-05-21 09:32:10.026996,poly_updown_eth_5m_momo_HEDGE_f7,True,eth_5m_momo_HEDGE,ETH,5m,DOWN,0x5d86c626e139feaebf1f7ff06c28449ad995e47fefe6b6fb78b0a1f5c9201943,True,24.5,Down,0.5,v1,HEDGE,eth_5m_v1,0,True,2,False,1,False,1,False
1779355930026996,2026-05-21 09:32:10.026996,poly_updown_eth_5m_momo_HEDGE_f7,True,eth_5m_momo_HEDGE,ETH,5m,DOWN,0x5d86c626e139feaebf1f7ff06c28449ad995e47fefe6b6fb78b0a1f5c9201943,True,24.5,Down,0.5,v1,HEDGE,eth_5m_v1,0,True,2,False,1,False,1,False
1779355930026996,2026-05-21 09:32:10.026996,poly_updown_eth_5m_momo_HEDGE_f7,True,eth_5m_momo_HEDGE,ETH,5m,DOWN,0x5d86c626e139feaebf1f7ff06c28449ad995e47fefe6b6fb78b0a1f5c9201943,True,24.5,Down,0.5,v1,HEDGE,eth_5m_v1,0,True,2,False,1,False,1,False
1779355930028031,2026-05-21 09:32:10.028031,poly_updown_eth_5m_momo_HOLD_f7,True,eth_5m_momo_HOLD,ETH,5m,DOWN,0x5d86c626e139feaebf1f7ff06c28449ad995e47fefe6b6fb78b0a1f5c9201943,True,24.5,Down,0.5,v1,HOLD,eth_5m_v1,0,True,2,False,1,False,1,False
1779355930028031,2026-05-21 09:32:10.028031,poly_updown_eth_5m_momo_HOLD_f7,True,eth_5m_momo_HOLD,ETH,5m,DOWN,0x5d86c626e139feaebf1f7ff06c28449ad995e47fefe6b6fb78b0a1f5c9201943,True,24.5,Down,0.5,v1,HOLD,eth_5m_v1,0,True,2,False,1,False,1,False
1779355930028031,2026-05-21 09:32:10.028031,poly_updown_eth_5m_momo_HOLD_f7,True,eth_5m_momo_HOLD,ETH,5m,DOWN,0x5d86c626e139feaebf1f7ff06c28449ad995e47fefe6b6fb78b0a1f5c9201943,True,24.5,Down,0.5,v1,HOLD,eth_5m_v1,0,True,2,False,1,False,1,False
1779355930028031,2026-05-21 09:32:10.028031,poly_updown_eth_5m_momo_HOLD_f7,True,eth_5m_momo_HOLD,ETH,5m,DOWN,0x5d86c626e139feaebf1f7ff06c28449ad995e47fefe6b6fb78b0a1f5c9201943,True,24.5,Down,0.5,v1,HOLD,eth_5m_v1,0,True,2,False,1,False,1,False
1779355930030607,2026-05-21 09:32:10.030607,poly_updown_btc_5m_momo_SELL_f7,True,btc_5m_momo_SELL,BTC,5m,DOWN,0x9e06f38ad4a0892ac9acdd0246894be8643f38b21ba4512f99bf6ce316997cf6,True,25.49999592,Down,0.49,v1,SELL,btc_5m_v1,0,True,2,False,1,False,1,False
1779355930030607,2026-05-21 09:32:10.030607,poly_updown_btc_5m_momo_SELL_f7,True,btc_5m_momo_SELL,BTC,5m,DOWN,0x9e06f38ad4a0892ac9acdd0246894be8643f38b21ba4512f99bf6ce316997cf6,True,25.49999592,Down,0.49,v1,SELL,btc_5m_v1,0,True,2,False,1,False,1,False
1779355930030607,2026-05-21 09:32:10.030607,poly_updown_btc_5m_momo_SELL_f7,True,btc_5m_momo_SELL,BTC,5m,DOWN,0x9e06f38ad4a0892ac9acdd0246894be8643f38b21ba4512f99bf6ce316997cf6,True,25.49999592,Down,0.49,v1,SELL,btc_5m_v1,0,True,2,False,1,False,1,False
1779355930030607,2026-05-21 09:32:10.030607,poly_updown_btc_5m_momo_SELL_f7,True,btc_5m_momo_SELL,BTC,5m,DOWN,0x9e06f38ad4a0892ac9acdd0246894be8643f38b21ba4512f99bf6ce316997cf6,True,25.49999592,Down,0.49,v1,SELL,btc_5m_v1,0,True,2,False,1,False,1,False
1779355930030797,2026-05-21 09:32:10.030797,poly_updown_btc_5m_momo_HEDGE_f7,True,btc_5m_momo_HEDGE,BTC,5m,DOWN,0x9e06f38ad4a0892ac9acdd0246894be8643f38b21ba4512f99bf6ce316997cf6,True,25.49999592,Down,0.49,v1,HEDGE,btc_5m_v1,0,True,2,False,1,False,1,False
1779355930030797,2026-05-21 09:32:10.030797,poly_updown_btc_5m_momo_HEDGE_f7,True,btc_5m_momo_HEDGE,BTC,5m,DOWN,0x9e06f38ad4a0892ac9acdd0246894be8643f38b21ba4512f99bf6ce316997cf6,True,25.49999592,Down,0.49,v1,HEDGE,btc_5m_v1,0,True,2,False,1,False,1,False
1779355930030797,2026-05-21 09:32:10.030797,poly_updown_btc_5m_momo_HEDGE_f7,True,btc_5m_momo_HEDGE,BTC,5m,DOWN,0x9e06f38ad4a0892ac9acdd0246894be8643f38b21ba4512f99bf6ce316997cf6,True,25.49999592,Down,0.49,v1,HEDGE,btc_5m_v1,0,True,2,False,1,False,1,False
1779355930030797,2026-05-21 09:32:10.030797,poly_updown_btc_5m_momo_HEDGE_f7,True,btc_5m_momo_HEDGE,BTC,5m,DOWN,0x9e06f38ad4a0892ac9acdd0246894be8643f38b21ba4512f99bf6ce316997cf6,True,25.49999592,Down,0.49,v1,HEDGE,btc_5m_v1,0,True,2,False,1,False,1,False
1779355930147515,2026-05-21 09:32:10.147515,poly_updown_eth_5m_momo_SELL_f7,True,eth_5m_momo_SELL,ETH,5m,DOWN,0x5d86c626e139feaebf1f7ff06c28449ad995e47fefe6b6fb78b0a1f5c9201943,True,24.5,Down,0.5,v1,SELL,eth_5m_v1,0,True,2,False,1,False,1,False
1779355930147515,2026-05-21 09:32:10.147515,poly_updown_eth_5m_momo_SELL_f7,True,eth_5m_momo_SELL,ETH,5m,DOWN,0x5d86c626e139feaebf1f7ff06c28449ad995e47fefe6b6fb78b0a1f5c9201943,True,24.5,Down,0.5,v1,SELL,eth_5m_v1,0,True,2,False,1,False,1,False
1779355930147515,2026-05-21 09:32:10.147515,poly_updown_eth_5m_momo_SELL_f7,True,eth_5m_momo_SELL,ETH,5m,DOWN,0x5d86c626e139feaebf1f7ff06c28449ad995e47fefe6b6fb78b0a1f5c9201943,True,24.5,Down,0.5,v1,SELL,eth_5m_v1,0,True,2,False,1,False,1,False
1779355930147515,2026-05-21 09:32:10.147515,poly_updown_eth_5m_momo_SELL_f7,True,eth_5m_momo_SELL,ETH,5m,DOWN,0x5d86c626e139feaebf1f7ff06c28449ad995e47fefe6b6fb78b0a1f5c9201943,True,24.5,Down,0.5,v1,SELL,eth_5m_v1,0,True,2,False,1,False,1,False
1779355930149941,2026-05-21 09:32:10.149941,poly_updown_btc_5m_momo_SELL_f7,True,btc_5m_momo_SELL,BTC,5m,DOWN,0x9e06f38ad4a0892ac9acdd0246894be8643f38b21ba4512f99bf6ce316997cf6,True,25.49999592,Down,0.49,v1,SELL,btc_5m_v1,0,True,2,False,1,False,1,False
1779355930149941,2026-05-21 09:32:10.149941,poly_updown_btc_5m_momo_SELL_f7,True,btc_5m_momo_SELL,BTC,5m,DOWN,0x9e06f38ad4a0892ac9acdd0246894be8643f38b21ba4512f99bf6ce316997cf6,True,25.49999592,Down,0.49,v1,SELL,btc_5m_v1,0,True,2,False,1,False,1,False
1779355930149941,2026-05-21 09:32:10.149941,poly_updown_btc_5m_momo_SELL_f7,True,btc_5m_momo_SELL,BTC,5m,DOWN,0x9e06f38ad4a0892ac9acdd0246894be8643f38b21ba4512f99bf6ce316997cf6,True,25.49999592,Down,0.49,v1,SELL,btc_5m_v1,0,True,2,False,1,False,1,False
1779355930149941,2026-05-21 09:32:10.149941,poly_updown_btc_5m_momo_SELL_f7,True,btc_5m_momo_SELL,BTC,5m,DOWN,0x9e06f38ad4a0892ac9acdd0246894be8643f38b21ba4512f99bf6ce316997cf6,True,25.49999592,Down,0.49,v1,SELL,btc_5m_v1,0,True,2,False,1,False,1,False
1779355930150140,2026-05-21 09:32:10.150140,poly_updown_btc_5m_momo_HOLD_f7,True,btc_5m_momo_HOLD,BTC,5m,DOWN,0x9e06f38ad4a0892ac9acdd0246894be8643f38b21ba4512f99bf6ce316997cf6,True,25.49999592,Down,0.49,v1,HOLD,btc_5m_v1,0,True,2,False,1,False,1,False
1779355930150140,2026-05-21 09:32:10.150140,poly_updown_btc_5m_momo_HOLD_f7,True,btc_5m_momo_HOLD,BTC,5m,DOWN,0x9e06f38ad4a0892ac9acdd0246894be8643f38b21ba4512f99bf6ce316997cf6,True,25.49999592,Down,0.49,v1,HOLD,btc_5m_v1,0,True,2,False,1,False,1,False
1779355930150140,2026-05-21 09:32:10.150140,poly_updown_btc_5m_momo_HOLD_f7,True,btc_5m_momo_HOLD,BTC,5m,DOWN,0x9e06f38ad4a0892ac9acdd0246894be8643f38b21ba4512f99bf6ce316997cf6,True,25.49999592,Down,0.49,v1,HOLD,btc_5m_v1,0,True,2,False,1,False,1,False
1779355930150140,2026-05-21 09:32:10.150140,poly_updown_btc_5m_momo_HOLD_f7,True,btc_5m_momo_HOLD,BTC,5m,DOWN,0x9e06f38ad4a0892ac9acdd0246894be8643f38b21ba4512f99bf6ce316997cf6,True,25.49999592,Down,0.49,v1,HOLD,btc_5m_v1,0,True,2,False,1,False,1,False
1779355930150834,2026-05-21 09:32:10.150834,poly_updown_eth_5m_momo_HOLD_f7,True,eth_5m_momo_HOLD,ETH,5m,DOWN,0x5d86c626e139feaebf1f7ff06c28449ad995e47fefe6b6fb78b0a1f5c9201943,True,24.5,Down,0.5,v1,HOLD,eth_5m_v1,0,True,2,False,1,False,1,False
1779355930150834,2026-05-21 09:32:10.150834,poly_updown_eth_5m_momo_HOLD_f7,True,eth_5m_momo_HOLD,ETH,5m,DOWN,0x5d86c626e139feaebf1f7ff06c28449ad995e47fefe6b6fb78b0a1f5c9201943,True,24.5,Down,0.5,v1,HOLD,eth_5m_v1,0,True,2,False,1,False,1,False
1779355930150834,2026-05-21 09:32:10.150834,poly_updown_eth_5m_momo_HOLD_f7,True,eth_5m_momo_HOLD,ETH,5m,DOWN,0x5d86c626e139feaebf1f7ff06c28449ad995e47fefe6b6fb78b0a1f5c9201943,True,24.5,Down,0.5,v1,HOLD,eth_5m_v1,0,True,2,False,1,False,1,False
1779355930150834,2026-05-21 09:32:10.150834,poly_updown_eth_5m_momo_HOLD_f7,True,eth_5m_momo_HOLD,ETH,5m,DOWN,0x5d86c626e139feaebf1f7ff06c28449ad995e47fefe6b6fb78b0a1f5c9201943,True,24.5,Down,0.5,v1,HOLD,eth_5m_v1,0,True,2,False,1,False,1,False
1779355930152196,2026-05-21 09:32:10.152196,poly_updown_eth_5m_momo_HEDGE_f7,True,eth_5m_momo_HEDGE,ETH,5m,DOWN,0x5d86c626e139feaebf1f7ff06c28449ad995e47fefe6b6fb78b0a1f5c9201943,True,24.5,Down,0.5,v1,HEDGE,eth_5m_v1,0,True,2,False,1,False,1,False
1779355930152196,2026-05-21 09:32:10.152196,poly_updown_eth_5m_momo_HEDGE_f7,True,eth_5m_momo_HEDGE,ETH,5m,DOWN,0x5d86c626e139feaebf1f7ff06c28449ad995e47fefe6b6fb78b0a1f5c9201943,True,24.5,Down,0.5,v1,HEDGE,eth_5m_v1,0,True,2,False,1,False,1,False
1779355930152196,2026-05-21 09:32:10.152196,poly_updown_eth_5m_momo_HEDGE_f7,True,eth_5m_momo_HEDGE,ETH,5m,DOWN,0x5d86c626e139feaebf1f7ff06c28449ad995e47fefe6b6fb78b0a1f5c9201943,True,24.5,Down,0.5,v1,HEDGE,eth_5m_v1,0,True,2,False,1,False,1,False
1779355930152196,2026-05-21 09:32:10.152196,poly_updown_eth_5m_momo_HEDGE_f7,True,eth_5m_momo_HEDGE,ETH,5m,DOWN,0x5d86c626e139feaebf1f7ff06c28449ad995e47fefe6b6fb78b0a1f5c9201943,True,24.5,Down,0.5,v1,HEDGE,eth_5m_v1,0,True,2,False,1,False,1,False
1779355930152819,2026-05-21 09:32:10.152819,poly_updown_btc_5m_momo_HEDGE_f7,True,btc_5m_momo_HEDGE,BTC,5m,DOWN,0x9e06f38ad4a0892ac9acdd0246894be8643f38b21ba4512f99bf6ce316997cf6,True,25.49999592,Down,0.49,v1,HEDGE,btc_5m_v1,0,True,2,False,1,False,1,False
1779355930152819,2026-05-21 09:32:10.152819,poly_updown_btc_5m_momo_HEDGE_f7,True,btc_5m_momo_HEDGE,BTC,5m,DOWN,0x9e06f38ad4a0892ac9acdd0246894be8643f38b21ba4512f99bf6ce316997cf6,True,25.49999592,Down,0.49,v1,HEDGE,btc_5m_v1,0,True,2,False,1,False,1,False
1779355930152819,2026-05-21 09:32:10.152819,poly_updown_btc_5m_momo_HEDGE_f7,True,btc_5m_momo_HEDGE,BTC,5m,DOWN,0x9e06f38ad4a0892ac9acdd0246894be8643f38b21ba4512f99bf6ce316997cf6,True,25.49999592,Down,0.49,v1,HEDGE,btc_5m_v1,0,True,2,False,1,False,1,False
1779355930152819,2026-05-21 09:32:10.152819,poly_updown_btc_5m_momo_HEDGE_f7,True,btc_5m_momo_HEDGE,BTC,5m,DOWN,0x9e06f38ad4a0892ac9acdd0246894be8643f38b21ba4512f99bf6ce316997cf6,True,25.49999592,Down,0.49,v1,HEDGE,btc_5m_v1,0,True,2,False,1,False,1,False
1779356103358190,2026-05-21 09:35:03.358190,poly_updown_eth_5m_sniper_DOWN_INV,False,eth_5m_sniper_DOWN_INV,ETH,5m,UP,0xe08ac3bee303e447e62c727f9e04faa39921a2ce3ca0e02a1bc19ab6b371fff5,True,21.0468818,Up,0.5446999987279996,v1,INV,eth_5m_v1,0,False,2,True,1,False,1,False
1779356103358190,2026-05-21 09:35:03.358190,poly_updown_eth_5m_sniper_DOWN_INV,False,eth_5m_sniper_DOWN_INV,ETH,5m,UP,0xe08ac3bee303e447e62c727f9e04faa39921a2ce3ca0e02a1bc19ab6b371fff5,True,21.0468818,Up,0.5446999987279996,v1,INV,eth_5m_v1,0,False,2,True,1,False,1,False
1779356103358190,2026-05-21 09:35:03.358190,poly_updown_eth_5m_sniper_DOWN_INV,False,eth_5m_sniper_DOWN_INV,ETH,5m,UP,0xe08ac3bee303e447e62c727f9e04faa39921a2ce3ca0e02a1bc19ab6b371fff5,True,21.0468818,Up,0.5446999987279996,v1,INV,eth_5m_v1,0,False,2,True,1,False,1,False
1779356103358190,2026-05-21 09:35:03.358190,poly_updown_eth_5m_sniper_DOWN_INV,False,eth_5m_sniper_DOWN_INV,ETH,5m,UP,0xe08ac3bee303e447e62c727f9e04faa39921a2ce3ca0e02a1bc19ab6b371fff5,True,21.0468818,Up,0.5446999987279996,v1,INV,eth_5m_v1,0,False,2,True,1,False,1,False
1779356103361018,2026-05-21 09:35:03.361018,poly_updown_sol_5m_sniper_INV,False,sol_5m_sniper_INV,SOL,5m,UP,0x086a1fb9bed2c6f822af025af928fcd9a48f459e3a566330182ef5ac7dd1e2a0,True,22.58489576,Up,0.5298653599784575,v1,INV,sol_5m_v1,0,False,2,True,1,False,1,False
1779356103361018,2026-05-21 09:35:03.361018,poly_updown_sol_5m_sniper_INV,False,sol_5m_sniper_INV,SOL,5m,UP,0x086a1fb9bed2c6f822af025af928fcd9a48f459e3a566330182ef5ac7dd1e2a0,True,22.58489576,Up,0.5298653599784575,v1,INV,sol_5m_v1,0,False,2,True,1,False,1,False
1779356103361018,2026-05-21 09:35:03.361018,poly_updown_sol_5m_sniper_INV,False,sol_5m_sniper_INV,SOL,5m,UP,0x086a1fb9bed2c6f822af025af928fcd9a48f459e3a566330182ef5ac7dd1e2a0,True,22.58489576,Up,0.5298653599784575,v1,INV,sol_5m_v1,0,False,2,True,1,False,1,False
1779356103361018,2026-05-21 09:35:03.361018,poly_updown_sol_5m_sniper_INV,False,sol_5m_sniper_INV,SOL,5m,UP,0x086a1fb9bed2c6f822af025af928fcd9a48f459e3a566330182ef5ac7dd1e2a0,True,22.58489576,Up,0.5298653599784575,v1,INV,sol_5m_v1,0,False,2,True,1,False,1,False
1779356103364072,2026-05-21 09:35:03.364072,poly_updown_eth_5m_sniper,False,eth_5m_sniper,ETH,5m,DOWN,0xe08ac3bee303e447e62c727f9e04faa39921a2ce3ca0e02a1bc19ab6b371fff5,False,-25.93705,Up,0.4979916787146743,v1,sniper,eth_5m_v1,0,True,2,False,1,False,1,False
1779356103364072,2026-05-21 09:35:03.364072,poly_updown_eth_5m_sniper,False,eth_5m_sniper,ETH,5m,DOWN,0xe08ac3bee303e447e62c727f9e04faa39921a2ce3ca0e02a1bc19ab6b371fff5,False,-25.93705,Up,0.4979916787146743,v1,sniper,eth_5m_v1,0,True,2,False,1,False,1,False
1779356103364072,2026-05-21 09:35:03.364072,poly_updown_eth_5m_sniper,False,eth_5m_sniper,ETH,5m,DOWN,0xe08ac3bee303e447e62c727f9e04faa39921a2ce3ca0e02a1bc19ab6b371fff5,False,-25.93705,Up,0.4979916787146743,v1,sniper,eth_5m_v1,0,True,2,False,1,False,1,False
1779356103364072,2026-05-21 09:35:03.364072,poly_updown_eth_5m_sniper,False,eth_5m_sniper,ETH,5m,DOWN,0xe08ac3bee303e447e62c727f9e04faa39921a2ce3ca0e02a1bc19ab6b371fff5,False,-25.93705,Up,0.4979916787146743,v1,sniper,eth_5m_v1,0,True,2,False,1,False,1,False
1779356103367854,2026-05-21 09:35:03.367854,poly_updown_btc_5m_volume_INV_NIGHT,False,btc_5m_volume_INV_NIGHT,BTC,5m,UP,0x9bf34c5eb741a57ce11d0b3aeb345ff53fa0a012219d2eb4b6561bb63508b303,True,23.46228584,Up,0.511601318656211,v1,NIGHT,btc_5m_v1,0,False,2,True,1,False,1,False
1779356103367854,2026-05-21 09:35:03.367854,poly_updown_btc_5m_volume_INV_NIGHT,False,btc_5m_volume_INV_NIGHT,BTC,5m,UP,0x9bf34c5eb741a57ce11d0b3aeb345ff53fa0a012219d2eb4b6561bb63508b303,True,23.46228584,Up,0.511601318656211,v1,NIGHT,btc_5m_v1,0,False,2,True,1,False,1,False
1779356103367854,2026-05-21 09:35:03.367854,poly_updown_btc_5m_volume_INV_NIGHT,False,btc_5m_volume_INV_NIGHT,BTC,5m,UP,0x9bf34c5eb741a57ce11d0b3aeb345ff53fa0a012219d2eb4b6561bb63508b303,True,23.46228584,Up,0.511601318656211,v1,NIGHT,btc_5m_v1,0,False,2,True,1,False,1,False
1779356103367854,2026-05-21 09:35:03.367854,poly_updown_btc_5m_volume_INV_NIGHT,False,btc_5m_volume_INV_NIGHT,BTC,5m,UP,0x9bf34c5eb741a57ce11d0b3aeb345ff53fa0a012219d2eb4b6561bb63508b303,True,23.46228584,Up,0.511601318656211,v1,NIGHT,btc_5m_v1,0,False,2,True,1,False,1,False
1779356103370587,2026-05-21 09:35:03.370587,poly_updown_btc_5m_sniper,False,btc_5m_sniper,BTC,5m,DOWN,0x9bf34c5eb741a57ce11d0b3aeb345ff53fa0a012219d2eb4b6561bb63508b303,False,-25.0,Up,0.5,v1,sniper,btc_5m_v1,0,True,2,False,1,False,1,False
1779356103370587,2026-05-21 09:35:03.370587,poly_updown_btc_5m_sniper,False,btc_5m_sniper,BTC,5m,DOWN,0x9bf34c5eb741a57ce11d0b3aeb345ff53fa0a012219d2eb4b6561bb63508b303,False,-25.0,Up,0.5,v1,sniper,btc_5m_v1,0,True,2,False,1,False,1,False
1779356103370587,2026-05-21 09:35:03.370587,poly_updown_btc_5m_sniper,False,btc_5m_sniper,BTC,5m,DOWN,0x9bf34c5eb741a57ce11d0b3aeb345ff53fa0a012219d2eb4b6561bb63508b303,False,-25.0,Up,0.5,v1,sniper,btc_5m_v1,0,True,2,False,1,False,1,False
1779356103370587,2026-05-21 09:35:03.370587,poly_updown_btc_5m_sniper,False,btc_5m_sniper,BTC,5m,DOWN,0x9bf34c5eb741a57ce11d0b3aeb345ff53fa0a012219d2eb4b6561bb63508b303,False,-25.0,Up,0.5,v1,sniper,btc_5m_v1,0,True,2,False,1,False,1,False
1779356103372808,2026-05-21 09:35:03.372808,poly_updown_sol_5m_volume_INV_NIGHT,False,sol_5m_volume_INV_NIGHT,SOL,5m,UP,0x086a1fb9bed2c6f822af025af928fcd9a48f459e3a566330182ef5ac7dd1e2a0,True,22.58489576,Up,0.5298653599784575,v1,NIGHT,sol_5m_v1,0,False,2,True,1,False,1,False
1779356103372808,2026-05-21 09:35:03.372808,poly_updown_sol_5m_volume_INV_NIGHT,False,sol_5m_volume_INV_NIGHT,SOL,5m,UP,0x086a1fb9bed2c6f822af025af928fcd9a48f459e3a566330182ef5ac7dd1e2a0,True,22.58489576,Up,0.5298653599784575,v1,NIGHT,sol_5m_v1,0,False,2,True,1,False,1,False
1779356103372808,2026-05-21 09:35:03.372808,poly_updown_sol_5m_volume_INV_NIGHT,False,sol_5m_volume_INV_NIGHT,SOL,5m,UP,0x086a1fb9bed2c6f822af025af928fcd9a48f459e3a566330182ef5ac7dd1e2a0,True,22.58489576,Up,0.5298653599784575,v1,NIGHT,sol_5m_v1,0,False,2,True,1,False,1,False
1779356103372808,2026-05-21 09:35:03.372808,poly_updown_sol_5m_volume_INV_NIGHT,False,sol_5m_volume_INV_NIGHT,SOL,5m,UP,0x086a1fb9bed2c6f822af025af928fcd9a48f459e3a566330182ef5ac7dd1e2a0,True,22.58489576,Up,0.5298653599784575,v1,NIGHT,sol_5m_v1,0,False,2,True,1,False,1,False
1779356103380843,2026-05-21 09:35:03.380843,poly_updown_sol_5m_sniper,False,sol_5m_sniper,SOL,5m,DOWN,0x086a1fb9bed2c6f822af025af928fcd9a48f459e3a566330182ef5ac7dd1e2a0,False,-25.778388,Up,0.5258791993406718,v1,sniper,sol_5m_v1,0,True,2,False,1,False,1,False
1779356103380843,2026-05-21 09:35:03.380843,poly_updown_sol_5m_sniper,False,sol_5m_sniper,SOL,5m,DOWN,0x086a1fb9bed2c6f822af025af928fcd9a48f459e3a566330182ef5ac7dd1e2a0,False,-25.778388,Up,0.5258791993406718,v1,sniper,sol_5m_v1,0,True,2,False,1,False,1,False
1779356103380843,2026-05-21 09:35:03.380843,poly_updown_sol_5m_sniper,False,sol_5m_sniper,SOL,5m,DOWN,0x086a1fb9bed2c6f822af025af928fcd9a48f459e3a566330182ef5ac7dd1e2a0,False,-25.778388,Up,0.5258791993406718,v1,sniper,sol_5m_v1,0,True,2,False,1,False,1,False
1779356103380843,2026-05-21 09:35:03.380843,poly_updown_sol_5m_sniper,False,sol_5m_sniper,SOL,5m,DOWN,0x086a1fb9bed2c6f822af025af928fcd9a48f459e3a566330182ef5ac7dd1e2a0,False,-25.778388,Up,0.5258791993406718,v1,sniper,sol_5m_v1,0,True,2,False,1,False,1,False
1779356103400376,2026-05-21 09:35:03.400376,poly_updown_eth_5m_volume_INV_NIGHT,False,eth_5m_volume_INV_NIGHT,ETH,5m,UP,0xe08ac3bee303e447e62c727f9e04faa39921a2ce3ca0e02a1bc19ab6b371fff5,True,21.0468818,Up,0.5446999987279996,v1,NIGHT,eth_5m_v1,0,False,2,True,1,False,1,False
1779356103400376,2026-05-21 09:35:03.400376,poly_updown_eth_5m_volume_INV_NIGHT,False,eth_5m_volume_INV_NIGHT,ETH,5m,UP,0xe08ac3bee303e447e62c727f9e04faa39921a2ce3ca0e02a1bc19ab6b371fff5,True,21.0468818,Up,0.5446999987279996,v1,NIGHT,eth_5m_v1,0,False,2,True,1,False,1,False
1779356103400376,2026-05-21 09:35:03.400376,poly_updown_eth_5m_volume_INV_NIGHT,False,eth_5m_volume_INV_NIGHT,ETH,5m,UP,0xe08ac3bee303e447e62c727f9e04faa39921a2ce3ca0e02a1bc19ab6b371fff5,True,21.0468818,Up,0.5446999987279996,v1,NIGHT,eth_5m_v1,0,False,2,True,1,False,1,False
1779356103400376,2026-05-21 09:35:03.400376,poly_updown_eth_5m_volume_INV_NIGHT,False,eth_5m_volume_INV_NIGHT,ETH,5m,UP,0xe08ac3bee303e447e62c727f9e04faa39921a2ce3ca0e02a1bc19ab6b371fff5,True,21.0468818,Up,0.5446999987279996,v1,NIGHT,eth_5m_v1,0,False,2,True,1,False,1,False
1779356103428309,2026-05-21 09:35:03.428309,poly_updown_btc_5m_sniper,False,btc_5m_sniper,BTC,5m,DOWN,0x9bf34c5eb741a57ce11d0b3aeb345ff53fa0a012219d2eb4b6561bb63508b303,False,-25.0,Up,0.5,v1,sniper,btc_5m_v1,0,True,2,False,1,False,1,False
1779356103428309,2026-05-21 09:35:03.428309,poly_updown_btc_5m_sniper,False,btc_5m_sniper,BTC,5m,DOWN,0x9bf34c5eb741a57ce11d0b3aeb345ff53fa0a012219d2eb4b6561bb63508b303,False,-25.0,Up,0.5,v1,sniper,btc_5m_v1,0,True,2,False,1,False,1,False
1779356103428309,2026-05-21 09:35:03.428309,poly_updown_btc_5m_sniper,False,btc_5m_sniper,BTC,5m,DOWN,0x9bf34c5eb741a57ce11d0b3aeb345ff53fa0a012219d2eb4b6561bb63508b303,False,-25.0,Up,0.5,v1,sniper,btc_5m_v1,0,True,2,False,1,False,1,False
1779356103428309,2026-05-21 09:35:03.428309,poly_updown_btc_5m_sniper,False,btc_5m_sniper,BTC,5m,DOWN,0x9bf34c5eb741a57ce11d0b3aeb345ff53fa0a012219d2eb4b6561bb63508b303,False,-25.0,Up,0.5,v1,sniper,btc_5m_v1,0,True,2,False,1,False,1,False
1779356103429863,2026-05-21 09:35:03.429863,poly_updown_eth_5m_volume_INV_NIGHT,False,eth_5m_volume_INV_NIGHT,ETH,5m,UP,0xe08ac3bee303e447e62c727f9e04faa39921a2ce3ca0e02a1bc19ab6b371fff5,True,21.0468818,Up,0.5446999987279996,v1,NIGHT,eth_5m_v1,0,False,2,True,1,False,1,False
1779356103429863,2026-05-21 09:35:03.429863,poly_updown_eth_5m_volume_INV_NIGHT,False,eth_5m_volume_INV_NIGHT,ETH,5m,UP,0xe08ac3bee303e447e62c727f9e04faa39921a2ce3ca0e02a1bc19ab6b371fff5,True,21.0468818,Up,0.5446999987279996,v1,NIGHT,eth_5m_v1,0,False,2,True,1,False,1,False
1779356103429863,2026-05-21 09:35:03.429863,poly_updown_eth_5m_volume_INV_NIGHT,False,eth_5m_volume_INV_NIGHT,ETH,5m,UP,0xe08ac3bee303e447e62c727f9e04faa39921a2ce3ca0e02a1bc19ab6b371fff5,True,21.0468818,Up,0.5446999987279996,v1,NIGHT,eth_5m_v1,0,False,2,True,1,False,1,False
1779356103429863,2026-05-21 09:35:03.429863,poly_updown_eth_5m_volume_INV_NIGHT,False,eth_5m_volume_INV_NIGHT,ETH,5m,UP,0xe08ac3bee303e447e62c727f9e04faa39921a2ce3ca0e02a1bc19ab6b371fff5,True,21.0468818,Up,0.5446999987279996,v1,NIGHT,eth_5m_v1,0,False,2,True,1,False,1,False
1779356103431038,2026-05-21 09:35:03.431038,poly_updown_sol_5m_volume_INV_NIGHT,False,sol_5m_volume_INV_NIGHT,SOL,5m,UP,0x086a1fb9bed2c6f822af025af928fcd9a48f459e3a566330182ef5ac7dd1e2a0,True,22.58489576,Up,0.5298653599784575,v1,NIGHT,sol_5m_v1,0,False,2,True,1,False,1,False
1779356103431038,2026-05-21 09:35:03.431038,poly_updown_sol_5m_volume_INV_NIGHT,False,sol_5m_volume_INV_NIGHT,SOL,5m,UP,0x086a1fb9bed2c6f822af025af928fcd9a48f459e3a566330182ef5ac7dd1e2a0,True,22.58489576,Up,0.5298653599784575,v1,NIGHT,sol_5m_v1,0,False,2,True,1,False,1,False
1779356103431038,2026-05-21 09:35:03.431038,poly_updown_sol_5m_volume_INV_NIGHT,False,sol_5m_volume_INV_NIGHT,SOL,5m,UP,0x086a1fb9bed2c6f822af025af928fcd9a48f459e3a566330182ef5ac7dd1e2a0,True,22.58489576,Up,0.5298653599784575,v1,NIGHT,sol_5m_v1,0,False,2,True,1,False,1,False
1779356103431038,2026-05-21 09:35:03.431038,poly_updown_sol_5m_volume_INV_NIGHT,False,sol_5m_volume_INV_NIGHT,SOL,5m,UP,0x086a1fb9bed2c6f822af025af928fcd9a48f459e3a566330182ef5ac7dd1e2a0,True,22.58489576,Up,0.5298653599784575,v1,NIGHT,sol_5m_v1,0,False,2,True,1,False,1,False
1779356103431475,2026-05-21 09:35:03.431475,poly_updown_sol_5m_sniper_INV,False,sol_5m_sniper_INV,SOL,5m,UP,0x086a1fb9bed2c6f822af025af928fcd9a48f459e3a566330182ef5ac7dd1e2a0,True,22.58489576,Up,0.5298653599784575,v1,INV,sol_5m_v1,0,False,2,True,1,False,1,False
1779356103431475,2026-05-21 09:35:03.431475,poly_updown_sol_5m_sniper_INV,False,sol_5m_sniper_INV,SOL,5m,UP,0x086a1fb9bed2c6f822af025af928fcd9a48f459e3a566330182ef5ac7dd1e2a0,True,22.58489576,Up,0.5298653599784575,v1,INV,sol_5m_v1,0,False,2,True,1,False,1,False
1779356103431475,2026-05-21 09:35:03.431475,poly_updown_sol_5m_sniper_INV,False,sol_5m_sniper_INV,SOL,5m,UP,0x086a1fb9bed2c6f822af025af928fcd9a48f459e3a566330182ef5ac7dd1e2a0,True,22.58489576,Up,0.5298653599784575,v1,INV,sol_5m_v1,0,False,2,True,1,False,1,False
1779356103431475,2026-05-21 09:35:03.431475,poly_updown_sol_5m_sniper_INV,False,sol_5m_sniper_INV,SOL,5m,UP,0x086a1fb9bed2c6f822af025af928fcd9a48f459e3a566330182ef5ac7dd1e2a0,True,22.58489576,Up,0.5298653599784575,v1,INV,sol_5m_v1,0,False,2,True,1,False,1,False
1779356103446459,2026-05-21 09:35:03.446459,poly_updown_eth_5m_sniper,False,eth_5m_sniper,ETH,5m,DOWN,0xe08ac3bee303e447e62c727f9e04faa39921a2ce3ca0e02a1bc19ab6b371fff5,False,-25.93705,Up,0.4979916787146743,v1,sniper,eth_5m_v1,0,True,2,False,1,False,1,False
1779356103446459,2026-05-21 09:35:03.446459,poly_updown_eth_5m_sniper,False,eth_5m_sniper,ETH,5m,DOWN,0xe08ac3bee303e447e62c727f9e04faa39921a2ce3ca0e02a1bc19ab6b371fff5,False,-25.93705,Up,0.4979916787146743,v1,sniper,eth_5m_v1,0,True,2,False,1,False,1,False
1779356103446459,2026-05-21 09:35:03.446459,poly_updown_eth_5m_sniper,False,eth_5m_sniper,ETH,5m,DOWN,0xe08ac3bee303e447e62c727f9e04faa39921a2ce3ca0e02a1bc19ab6b371fff5,False,-25.93705,Up,0.4979916787146743,v1,sniper,eth_5m_v1,0,True,2,False,1,False,1,False
1779356103446459,2026-05-21 09:35:03.446459,poly_updown_eth_5m_sniper,False,eth_5m_sniper,ETH,5m,DOWN,0xe08ac3bee303e447e62c727f9e04faa39921a2ce3ca0e02a1bc19ab6b371fff5,False,-25.93705,Up,0.4979916787146743,v1,sniper,eth_5m_v1,0,True,2,False,1,False,1,False
1779356103447387,2026-05-21 09:35:03.447387,poly_updown_btc_5m_volume_INV_NIGHT,False,btc_5m_volume_INV_NIGHT,BTC,5m,UP,0x9bf34c5eb741a57ce11d0b3aeb345ff53fa0a012219d2eb4b6561bb63508b303,True,23.46228584,Up,0.511601318656211,v1,NIGHT,btc_5m_v1,0,False,2,True,1,False,1,False
1779356103447387,2026-05-21 09:35:03.447387,poly_updown_btc_5m_volume_INV_NIGHT,False,btc_5m_volume_INV_NIGHT,BTC,5m,UP,0x9bf34c5eb741a57ce11d0b3aeb345ff53fa0a012219d2eb4b6561bb63508b303,True,23.46228584,Up,0.511601318656211,v1,NIGHT,btc_5m_v1,0,False,2,True,1,False,1,False
1779356103447387,2026-05-21 09:35:03.447387,poly_updown_btc_5m_volume_INV_NIGHT,False,btc_5m_volume_INV_NIGHT,BTC,5m,UP,0x9bf34c5eb741a57ce11d0b3aeb345ff53fa0a012219d2eb4b6561bb63508b303,True,23.46228584,Up,0.511601318656211,v1,NIGHT,btc_5m_v1,0,False,2,True,1,False,1,False
1779356103447387,2026-05-21 09:35:03.447387,poly_updown_btc_5m_volume_INV_NIGHT,False,btc_5m_volume_INV_NIGHT,BTC,5m,UP,0x9bf34c5eb741a57ce11d0b3aeb345ff53fa0a012219d2eb4b6561bb63508b303,True,23.46228584,Up,0.511601318656211,v1,NIGHT,btc_5m_v1,0,False,2,True,1,False,1,False
1779356103450978,2026-05-21 09:35:03.450978,poly_updown_sol_5m_sniper,False,sol_5m_sniper,SOL,5m,DOWN,0x086a1fb9bed2c6f822af025af928fcd9a48f459e3a566330182ef5ac7dd1e2a0,False,-25.778388,Up,0.5258791993406718,v1,sniper,sol_5m_v1,0,True,2,False,1,False,1,False
1779356103450978,2026-05-21 09:35:03.450978,poly_updown_sol_5m_sniper,False,sol_5m_sniper,SOL,5m,DOWN,0x086a1fb9bed2c6f822af025af928fcd9a48f459e3a566330182ef5ac7dd1e2a0,False,-25.778388,Up,0.5258791993406718,v1,sniper,sol_5m_v1,0,True,2,False,1,False,1,False
1779356103450978,2026-05-21 09:35:03.450978,poly_updown_sol_5m_sniper,False,sol_5m_sniper,SOL,5m,DOWN,0x086a1fb9bed2c6f822af025af928fcd9a48f459e3a566330182ef5ac7dd1e2a0,False,-25.778388,Up,0.5258791993406718,v1,sniper,sol_5m_v1,0,True,2,False,1,False,1,False
1779356103450978,2026-05-21 09:35:03.450978,poly_updown_sol_5m_sniper,False,sol_5m_sniper,SOL,5m,DOWN,0x086a1fb9bed2c6f822af025af928fcd9a48f459e3a566330182ef5ac7dd1e2a0,False,-25.778388,Up,0.5258791993406718,v1,sniper,sol_5m_v1,0,True,2,False,1,False,1,False
1779356103470900,2026-05-21 09:35:03.470900,poly_updown_eth_5m_sniper_DOWN_INV,False,eth_5m_sniper_DOWN_INV,ETH,5m,UP,0xe08ac3bee303e447e62c727f9e04faa39921a2ce3ca0e02a1bc19ab6b371fff5,True,21.0468818,Up,0.5446999987279996,v1,INV,eth_5m_v1,0,False,2,True,1,False,1,False
1779356103470900,2026-05-21 09:35:03.470900,poly_updown_eth_5m_sniper_DOWN_INV,False,eth_5m_sniper_DOWN_INV,ETH,5m,UP,0xe08ac3bee303e447e62c727f9e04faa39921a2ce3ca0e02a1bc19ab6b371fff5,True,21.0468818,Up,0.5446999987279996,v1,INV,eth_5m_v1,0,False,2,True,1,False,1,False
1779356103470900,2026-05-21 09:35:03.470900,poly_updown_eth_5m_sniper_DOWN_INV,False,eth_5m_sniper_DOWN_INV,ETH,5m,UP,0xe08ac3bee303e447e62c727f9e04faa39921a2ce3ca0e02a1bc19ab6b371fff5,True,21.0468818,Up,0.5446999987279996,v1,INV,eth_5m_v1,0,False,2,True,1,False,1,False
1779356103470900,2026-05-21 09:35:03.470900,poly_updown_eth_5m_sniper_DOWN_INV,False,eth_5m_sniper_DOWN_INV,ETH,5m,UP,0xe08ac3bee303e447e62c727f9e04faa39921a2ce3ca0e02a1bc19ab6b371fff5,True,21.0468818,Up,0.5446999987279996,v1,INV,eth_5m_v1,0,False,2,True,1,False,1,False
1779356409368144,2026-05-21 09:40:09.368144,poly_updown_btc_5m_sniper,False,btc_5m_sniper,BTC,5m,DOWN,0xc52e2222cf01e71459e9c28e07df153e0581a03a9696a6ca10d5af8106d01012,False,-24.999996,Up,0.49,v1,sniper,btc_5m_v1,0,True,1,False,0,True,1,False
1779356409368144,2026-05-21 09:40:09.368144,poly_updown_btc_5m_sniper,False,btc_5m_sniper,BTC,5m,DOWN,0xc52e2222cf01e71459e9c28e07df153e0581a03a9696a6ca10d5af8106d01012,False,-24.999996,Up,0.49,v1,sniper,btc_5m_v1,0,True,1,False,0,True,1,False
1779356409368144,2026-05-21 09:40:09.368144,poly_updown_btc_5m_sniper,False,btc_5m_sniper,BTC,5m,DOWN,0xc52e2222cf01e71459e9c28e07df153e0581a03a9696a6ca10d5af8106d01012,False,-24.999996,Up,0.49,v1,sniper,btc_5m_v1,0,True,1,False,0,True,1,False
1779356409368144,2026-05-21 09:40:09.368144,poly_updown_btc_5m_sniper,False,btc_5m_sniper,BTC,5m,DOWN,0xc52e2222cf01e71459e9c28e07df153e0581a03a9696a6ca10d5af8106d01012,False,-24.999996,Up,0.49,v1,sniper,btc_5m_v1,0,True,1,False,0,True,1,False
1779356409409654,2026-05-21 09:40:09.409654,poly_updown_sol_5m_volume_INV_NIGHT,False,sol_5m_volume_INV_NIGHT,SOL,5m,UP,0x7512bc5fab0b3e358eea1067aac6f9f71706d4e78820de9a691baabea5bfbd08,True,20.92310976,Up,0.547377516970604,v1,NIGHT,sol_5m_v1,0,False,1,False,1,False,1,False
1779356409409654,2026-05-21 09:40:09.409654,poly_updown_sol_5m_volume_INV_NIGHT,False,sol_5m_volume_INV_NIGHT,SOL,5m,UP,0x7512bc5fab0b3e358eea1067aac6f9f71706d4e78820de9a691baabea5bfbd08,True,20.92310976,Up,0.547377516970604,v1,NIGHT,sol_5m_v1,0,False,1,False,1,False,1,False
1779356409409654,2026-05-21 09:40:09.409654,poly_updown_sol_5m_volume_INV_NIGHT,False,sol_5m_volume_INV_NIGHT,SOL,5m,UP,0x7512bc5fab0b3e358eea1067aac6f9f71706d4e78820de9a691baabea5bfbd08,True,20.92310976,Up,0.547377516970604,v1,NIGHT,sol_5m_v1,0,False,1,False,1,False,1,False
1779356409409654,2026-05-21 09:40:09.409654,poly_updown_sol_5m_volume_INV_NIGHT,False,sol_5m_volume_INV_NIGHT,SOL,5m,UP,0x7512bc5fab0b3e358eea1067aac6f9f71706d4e78820de9a691baabea5bfbd08,True,20.92310976,Up,0.547377516970604,v1,NIGHT,sol_5m_v1,0,False,1,False,1,False,1,False
1779356409417049,2026-05-21 09:40:09.417049,poly_updown_btc_5m_volume_INV_NIGHT,False,btc_5m_volume_INV_NIGHT,BTC,5m,UP,0xc52e2222cf01e71459e9c28e07df153e0581a03a9696a6ca10d5af8106d01012,True,22.22771614,Up,0.5282278391493627,v1,NIGHT,btc_5m_v1,0,False,1,False,0,False,1,False
1779356409417049,2026-05-21 09:40:09.417049,poly_updown_btc_5m_volume_INV_NIGHT,False,btc_5m_volume_INV_NIGHT,BTC,5m,UP,0xc52e2222cf01e71459e9c28e07df153e0581a03a9696a6ca10d5af8106d01012,True,22.22771614,Up,0.5282278391493627,v1,NIGHT,btc_5m_v1,0,False,1,False,0,False,1,False
1779356409417049,2026-05-21 09:40:09.417049,poly_updown_btc_5m_volume_INV_NIGHT,False,btc_5m_volume_INV_NIGHT,BTC,5m,UP,0xc52e2222cf01e71459e9c28e07df153e0581a03a9696a6ca10d5af8106d01012,True,22.22771614,Up,0.5282278391493627,v1,NIGHT,btc_5m_v1,0,False,1,False,0,False,1,False
1779356409417049,2026-05-21 09:40:09.417049,poly_updown_btc_5m_volume_INV_NIGHT,False,btc_5m_volume_INV_NIGHT,BTC,5m,UP,0xc52e2222cf01e71459e9c28e07df153e0581a03a9696a6ca10d5af8106d01012,True,22.22771614,Up,0.5282278391493627,v1,NIGHT,btc_5m_v1,0,False,1,False,0,False,1,False
1779356409436195,2026-05-21 09:40:09.436195,poly_updown_eth_5m_sniper,False,eth_5m_sniper,ETH,5m,DOWN,0x5dffc26ddd4a56b0b86c8db55844d1c74f6e3ed78bcebbffcd57a5d8487a0488,False,-2.4926817,Up,0.4888595192700923,v1,sniper,eth_5m_v1,0,True,1,False,0,True,1,False
1779356409436195,2026-05-21 09:40:09.436195,poly_updown_eth_5m_sniper,False,eth_5m_sniper,ETH,5m,DOWN,0x5dffc26ddd4a56b0b86c8db55844d1c74f6e3ed78bcebbffcd57a5d8487a0488,False,-2.4926817,Up,0.4888595192700923,v1,sniper,eth_5m_v1,0,True,1,False,0,True,1,False
1779356409436195,2026-05-21 09:40:09.436195,poly_updown_eth_5m_sniper,False,eth_5m_sniper,ETH,5m,DOWN,0x5dffc26ddd4a56b0b86c8db55844d1c74f6e3ed78bcebbffcd57a5d8487a0488,False,-2.4926817,Up,0.4888595192700923,v1,sniper,eth_5m_v1,0,True,1,False,0,True,1,False
1779356409436195,2026-05-21 09:40:09.436195,poly_updown_eth_5m_sniper,False,eth_5m_sniper,ETH,5m,DOWN,0x5dffc26ddd4a56b0b86c8db55844d1c74f6e3ed78bcebbffcd57a5d8487a0488,False,-2.4926817,Up,0.4888595192700923,v1,sniper,eth_5m_v1,0,True,1,False,0,True,1,False
1779356409436195,2026-05-21 09:40:09.436195,poly_updown_eth_5m_sniper,False,eth_5m_sniper,ETH,5m,DOWN,0x5dffc26ddd4a56b0b86c8db55844d1c74f6e3ed78bcebbffcd57a5d8487a0488,False,-2.4926817,Up,0.4888595192700923,v1,sniper,eth_5m_v1,0,True,1,False,0,True,1,False
1779356409436195,2026-05-21 09:40:09.436195,poly_updown_eth_5m_sniper,False,eth_5m_sniper,ETH,5m,DOWN,0x5dffc26ddd4a56b0b86c8db55844d1c74f6e3ed78bcebbffcd57a5d8487a0488,False,-2.4926817,Up,0.4888595192700923,v1,sniper,eth_5m_v1,0,True,1,False,0,True,1,False
1779356409436195,2026-05-21 09:40:09.436195,poly_updown_eth_5m_sniper,False,eth_5m_sniper,ETH,5m,DOWN,0x5dffc26ddd4a56b0b86c8db55844d1c74f6e3ed78bcebbffcd57a5d8487a0488,False,-2.4926817,Up,0.4888595192700923,v1,sniper,eth_5m_v1,0,True,1,False,0,True,1,False
1779356409436195,2026-05-21 09:40:09.436195,poly_updown_eth_5m_sniper,False,eth_5m_sniper,ETH,5m,DOWN,0x5dffc26ddd4a56b0b86c8db55844d1c74f6e3ed78bcebbffcd57a5d8487a0488,False,-2.4926817,Up,0.4888595192700923,v1,sniper,eth_5m_v1,0,True,1,False,0,True,1,False
1779356409441021,2026-05-21 09:40:09.441021,poly_updown_eth_5m_volume_INV_NIGHT,False,eth_5m_volume_INV_NIGHT,ETH,5m,UP,0x5dffc26ddd4a56b0b86c8db55844d1c74f6e3ed78bcebbffcd57a5d8487a0488,True,20.0454345,Up,0.55,v1,NIGHT,eth_5m_v1,0,False,1,False,0,False,1,False
1779356409441021,2026-05-21 09:40:09.441021,poly_updown_eth_5m_volume_INV_NIGHT,False,eth_5m_volume_INV_NIGHT,ETH,5m,UP,0x5dffc26ddd4a56b0b86c8db55844d1c74f6e3ed78bcebbffcd57a5d8487a0488,True,20.0454345,Up,0.55,v1,NIGHT,eth_5m_v1,0,False,1,False,0,False,1,False
1779356409441021,2026-05-21 09:40:09.441021,poly_updown_eth_5m_volume_INV_NIGHT,False,eth_5m_volume_INV_NIGHT,ETH,5m,UP,0x5dffc26ddd4a56b0b86c8db55844d1c74f6e3ed78bcebbffcd57a5d8487a0488,True,20.0454345,Up,0.55,v1,NIGHT,eth_5m_v1,0,False,1,False,0,False,1,False
1779356409449257,2026-05-21 09:40:09.449257,poly_updown_eth_5m_sniper_DOWN_INV,False,eth_5m_sniper_DOWN_INV,ETH,5m,UP,0x5dffc26ddd4a56b0b86c8db55844d1c74f6e3ed78bcebbffcd57a5d8487a0488,True,20.0454345,Up,0.55,v1,INV,eth_5m_v1,0,False,1,False,0,False,1,False
1779356409449257,2026-05-21 09:40:09.449257,poly_updown_eth_5m_sniper_DOWN_INV,False,eth_5m_sniper_DOWN_INV,ETH,5m,UP,0x5dffc26ddd4a56b0b86c8db55844d1c74f6e3ed78bcebbffcd57a5d8487a0488,True,20.0454345,Up,0.55,v1,INV,eth_5m_v1,0,False,1,False,0,False,1,False
1779356409449257,2026-05-21 09:40:09.449257,poly_updown_eth_5m_sniper_DOWN_INV,False,eth_5m_sniper_DOWN_INV,ETH,5m,UP,0x5dffc26ddd4a56b0b86c8db55844d1c74f6e3ed78bcebbffcd57a5d8487a0488,True,20.0454345,Up,0.55,v1,INV,eth_5m_v1,0,False,1,False,0,False,1,False
1779356409449257,2026-05-21 09:40:09.449257,poly_updown_eth_5m_sniper_DOWN_INV,False,eth_5m_sniper_DOWN_INV,ETH,5m,UP,0x5dffc26ddd4a56b0b86c8db55844d1c74f6e3ed78bcebbffcd57a5d8487a0488,True,20.0454345,Up,0.55,v1,INV,eth_5m_v1,0,False,1,False,0,False,1,False
1779356409937343,2026-05-21 09:40:09.937343,poly_updown_btc_5m_sniper,False,btc_5m_sniper,BTC,5m,DOWN,0xc52e2222cf01e71459e9c28e07df153e0581a03a9696a6ca10d5af8106d01012,False,-24.999996,Up,0.49,v1,sniper,btc_5m_v1,0,True,1,False,0,True,1,False
1779356409937343,2026-05-21 09:40:09.937343,poly_updown_btc_5m_sniper,False,btc_5m_sniper,BTC,5m,DOWN,0xc52e2222cf01e71459e9c28e07df153e0581a03a9696a6ca10d5af8106d01012,False,-24.999996,Up,0.49,v1,sniper,btc_5m_v1,0,True,1,False,0,True,1,False
1779356409937343,2026-05-21 09:40:09.937343,poly_updown_btc_5m_sniper,False,btc_5m_sniper,BTC,5m,DOWN,0xc52e2222cf01e71459e9c28e07df153e0581a03a9696a6ca10d5af8106d01012,False,-24.999996,Up,0.49,v1,sniper,btc_5m_v1,0,True,1,False,0,True,1,False
1779356409937343,2026-05-21 09:40:09.937343,poly_updown_btc_5m_sniper,False,btc_5m_sniper,BTC,5m,DOWN,0xc52e2222cf01e71459e9c28e07df153e0581a03a9696a6ca10d5af8106d01012,False,-24.999996,Up,0.49,v1,sniper,btc_5m_v1,0,True,1,False,0,True,1,False
1779356409938175,2026-05-21 09:40:09.938175,poly_updown_eth_5m_sniper,False,eth_5m_sniper,ETH,5m,DOWN,0x5dffc26ddd4a56b0b86c8db55844d1c74f6e3ed78bcebbffcd57a5d8487a0488,False,-2.4926817,Up,0.4888595192700923,v1,sniper,eth_5m_v1,0,True,1,False,0,True,1,False
1779356409938175,2026-05-21 09:40:09.938175,poly_updown_eth_5m_sniper,False,eth_5m_sniper,ETH,5m,DOWN,0x5dffc26ddd4a56b0b86c8db55844d1c74f6e3ed78bcebbffcd57a5d8487a0488,False,-2.4926817,Up,0.4888595192700923,v1,sniper,eth_5m_v1,0,True,1,False,0,True,1,False
1779356409938175,2026-05-21 09:40:09.938175,poly_updown_eth_5m_sniper,False,eth_5m_sniper,ETH,5m,DOWN,0x5dffc26ddd4a56b0b86c8db55844d1c74f6e3ed78bcebbffcd57a5d8487a0488,False,-2.4926817,Up,0.4888595192700923,v1,sniper,eth_5m_v1,0,True,1,False,0,True,1,False
1779356409938175,2026-05-21 09:40:09.938175,poly_updown_eth_5m_sniper,False,eth_5m_sniper,ETH,5m,DOWN,0x5dffc26ddd4a56b0b86c8db55844d1c74f6e3ed78bcebbffcd57a5d8487a0488,False,-2.4926817,Up,0.4888595192700923,v1,sniper,eth_5m_v1,0,True,1,False,0,True,1,False
1779356409938175,2026-05-21 09:40:09.938175,poly_updown_eth_5m_sniper,False,eth_5m_sniper,ETH,5m,DOWN,0x5dffc26ddd4a56b0b86c8db55844d1c74f6e3ed78bcebbffcd57a5d8487a0488,False,-2.4926817,Up,0.4888595192700923,v1,sniper,eth_5m_v1,0,True,1,False,0,True,1,False
1779356409938175,2026-05-21 09:40:09.938175,poly_updown_eth_5m_sniper,False,eth_5m_sniper,ETH,5m,DOWN,0x5dffc26ddd4a56b0b86c8db55844d1c74f6e3ed78bcebbffcd57a5d8487a0488,False,-2.4926817,Up,0.4888595192700923,v1,sniper,eth_5m_v1,0,True,1,False,0,True,1,False
1779356409938175,2026-05-21 09:40:09.938175,poly_updown_eth_5m_sniper,False,eth_5m_sniper,ETH,5m,DOWN,0x5dffc26ddd4a56b0b86c8db55844d1c74f6e3ed78bcebbffcd57a5d8487a0488,False,-2.4926817,Up,0.4888595192700923,v1,sniper,eth_5m_v1,0,True,1,False,0,True,1,False
1779356409938175,2026-05-21 09:40:09.938175,poly_updown_eth_5m_sniper,False,eth_5m_sniper,ETH,5m,DOWN,0x5dffc26ddd4a56b0b86c8db55844d1c74f6e3ed78bcebbffcd57a5d8487a0488,False,-2.4926817,Up,0.4888595192700923,v1,sniper,eth_5m_v1,0,True,1,False,0,True,1,False
1779356409941511,2026-05-21 09:40:09.941511,poly_updown_btc_5m_volume_INV_NIGHT,False,btc_5m_volume_INV_NIGHT,BTC,5m,UP,0xc52e2222cf01e71459e9c28e07df153e0581a03a9696a6ca10d5af8106d01012,True,22.22771614,Up,0.5282278391493627,v1,NIGHT,btc_5m_v1,0,False,1,False,0,False,1,False
1779356409941511,2026-05-21 09:40:09.941511,poly_updown_btc_5m_volume_INV_NIGHT,False,btc_5m_volume_INV_NIGHT,BTC,5m,UP,0xc52e2222cf01e71459e9c28e07df153e0581a03a9696a6ca10d5af8106d01012,True,22.22771614,Up,0.5282278391493627,v1,NIGHT,btc_5m_v1,0,False,1,False,0,False,1,False
1779356409941511,2026-05-21 09:40:09.941511,poly_updown_btc_5m_volume_INV_NIGHT,False,btc_5m_volume_INV_NIGHT,BTC,5m,UP,0xc52e2222cf01e71459e9c28e07df153e0581a03a9696a6ca10d5af8106d01012,True,22.22771614,Up,0.5282278391493627,v1,NIGHT,btc_5m_v1,0,False,1,False,0,False,1,False
1779356409941511,2026-05-21 09:40:09.941511,poly_updown_btc_5m_volume_INV_NIGHT,False,btc_5m_volume_INV_NIGHT,BTC,5m,UP,0xc52e2222cf01e71459e9c28e07df153e0581a03a9696a6ca10d5af8106d01012,True,22.22771614,Up,0.5282278391493627,v1,NIGHT,btc_5m_v1,0,False,1,False,0,False,1,False
1779356409956892,2026-05-21 09:40:09.956892,poly_updown_sol_5m_volume_INV_NIGHT,False,sol_5m_volume_INV_NIGHT,SOL,5m,UP,0x7512bc5fab0b3e358eea1067aac6f9f71706d4e78820de9a691baabea5bfbd08,True,20.92310976,Up,0.547377516970604,v1,NIGHT,sol_5m_v1,0,False,1,False,1,False,1,False
1779356409956892,2026-05-21 09:40:09.956892,poly_updown_sol_5m_volume_INV_NIGHT,False,sol_5m_volume_INV_NIGHT,SOL,5m,UP,0x7512bc5fab0b3e358eea1067aac6f9f71706d4e78820de9a691baabea5bfbd08,True,20.92310976,Up,0.547377516970604,v1,NIGHT,sol_5m_v1,0,False,1,False,1,False,1,False
1779356409956892,2026-05-21 09:40:09.956892,poly_updown_sol_5m_volume_INV_NIGHT,False,sol_5m_volume_INV_NIGHT,SOL,5m,UP,0x7512bc5fab0b3e358eea1067aac6f9f71706d4e78820de9a691baabea5bfbd08,True,20.92310976,Up,0.547377516970604,v1,NIGHT,sol_5m_v1,0,False,1,False,1,False,1,False
1779356409956892,2026-05-21 09:40:09.956892,poly_updown_sol_5m_volume_INV_NIGHT,False,sol_5m_volume_INV_NIGHT,SOL,5m,UP,0x7512bc5fab0b3e358eea1067aac6f9f71706d4e78820de9a691baabea5bfbd08,True,20.92310976,Up,0.547377516970604,v1,NIGHT,sol_5m_v1,0,False,1,False,1,False,1,False
1779356409964076,2026-05-21 09:40:09.964076,poly_updown_eth_5m_sniper_DOWN_INV,False,eth_5m_sniper_DOWN_INV,ETH,5m,UP,0x5dffc26ddd4a56b0b86c8db55844d1c74f6e3ed78bcebbffcd57a5d8487a0488,True,20.0454345,Up,0.55,v1,INV,eth_5m_v1,0,False,1,False,0,False,1,False
1779356409964076,2026-05-21 09:40:09.964076,poly_updown_eth_5m_sniper_DOWN_INV,False,eth_5m_sniper_DOWN_INV,ETH,5m,UP,0x5dffc26ddd4a56b0b86c8db55844d1c74f6e3ed78bcebbffcd57a5d8487a0488,True,20.0454345,Up,0.55,v1,INV,eth_5m_v1,0,False,1,False,0,False,1,False
1779356409964076,2026-05-21 09:40:09.964076,poly_updown_eth_5m_sniper_DOWN_INV,False,eth_5m_sniper_DOWN_INV,ETH,5m,UP,0x5dffc26ddd4a56b0b86c8db55844d1c74f6e3ed78bcebbffcd57a5d8487a0488,True,20.0454345,Up,0.55,v1,INV,eth_5m_v1,0,False,1,False,0,False,1,False
1779356409964076,2026-05-21 09:40:09.964076,poly_updown_eth_5m_sniper_DOWN_INV,False,eth_5m_sniper_DOWN_INV,ETH,5m,UP,0x5dffc26ddd4a56b0b86c8db55844d1c74f6e3ed78bcebbffcd57a5d8487a0488,True,20.0454345,Up,0.55,v1,INV,eth_5m_v1,0,False,1,False,0,False,1,False
1779356409971007,2026-05-21 09:40:09.971007,poly_updown_eth_5m_volume_INV_NIGHT,False,eth_5m_volume_INV_NIGHT,ETH,5m,UP,0x5dffc26ddd4a56b0b86c8db55844d1c74f6e3ed78bcebbffcd57a5d8487a0488,True,20.0454345,Up,0.55,v1,NIGHT,eth_5m_v1,0,False,1,False,0,False,1,False
1779356409971007,2026-05-21 09:40:09.971007,poly_updown_eth_5m_volume_INV_NIGHT,False,eth_5m_volume_INV_NIGHT,ETH,5m,UP,0x5dffc26ddd4a56b0b86c8db55844d1c74f6e3ed78bcebbffcd57a5d8487a0488,True,20.0454345,Up,0.55,v1,NIGHT,eth_5m_v1,0,False,1,False,0,False,1,False
1779356409971007,2026-05-21 09:40:09.971007,poly_updown_eth_5m_volume_INV_NIGHT,False,eth_5m_volume_INV_NIGHT,ETH,5m,UP,0x5dffc26ddd4a56b0b86c8db55844d1c74f6e3ed78bcebbffcd57a5d8487a0488,True,20.0454345,Up,0.55,v1,NIGHT,eth_5m_v1,0,False,1,False,0,False,1,False
1779356460460637,2026-05-21 09:41:00.460637,poly_updown_eth_5m_momo_v2_SELL_f7,True,eth_5m_momo_v2_SELL,ETH,5m,DOWN,0x5dffc26ddd4a56b0b86c8db55844d1c74f6e3ed78bcebbffcd57a5d8487a0488,False,-1.783012,exited_at_bid,0.4828074365475695,v2,SELL,eth_5m_v2,0,True,1,False,1,False,1,False
1779356460461887,2026-05-21 09:41:00.461887,poly_updown_eth_5m_momo_v2_HEDGE_f7,True,eth_5m_momo_v2_HEDGE,ETH,5m,DOWN,0x5dffc26ddd4a56b0b86c8db55844d1c74f6e3ed78bcebbffcd57a5d8487a0488,False,-2.2721422,Up,0.4828074365475695,v2,HEDGE,eth_5m_v2,0,True,1,False,1,False,1,False
1779356460461887,2026-05-21 09:41:00.461887,poly_updown_eth_5m_momo_v2_HEDGE_f7,True,eth_5m_momo_v2_HEDGE,ETH,5m,DOWN,0x5dffc26ddd4a56b0b86c8db55844d1c74f6e3ed78bcebbffcd57a5d8487a0488,False,-2.2721422,Up,0.4828074365475695,v2,HEDGE,eth_5m_v2,0,True,1,False,1,False,1,False
1779356460465895,2026-05-21 09:41:00.465895,poly_updown_eth_5m_momo_v2_HOLD_f7,True,eth_5m_momo_v2_HOLD,ETH,5m,DOWN,0x5dffc26ddd4a56b0b86c8db55844d1c74f6e3ed78bcebbffcd57a5d8487a0488,False,-26.239522,Up,0.4828074365475695,v2,HOLD,eth_5m_v2,0,True,1,False,1,False,1,False
1779356460465895,2026-05-21 09:41:00.465895,poly_updown_eth_5m_momo_v2_HOLD_f7,True,eth_5m_momo_v2_HOLD,ETH,5m,DOWN,0x5dffc26ddd4a56b0b86c8db55844d1c74f6e3ed78bcebbffcd57a5d8487a0488,False,-26.239522,Up,0.4828074365475695,v2,HOLD,eth_5m_v2,0,True,1,False,1,False,1,False
1779356704540144,2026-05-21 09:45:04.540144,poly_updown_eth_5m_volume_INV_NIGHT,False,eth_5m_volume_INV_NIGHT,ETH,5m,DOWN,0x98f8eccd57fed3eae73f75414ab7629cf0cff427a8baa78fcf554dfd87ac4f32,True,25.333196,Down,0.4933359989337598,v1,NIGHT,eth_5m_v1,0,True,0,True,0,True,1,False
1779356704540144,2026-05-21 09:45:04.540144,poly_updown_eth_5m_volume_INV_NIGHT,False,eth_5m_volume_INV_NIGHT,ETH,5m,DOWN,0x98f8eccd57fed3eae73f75414ab7629cf0cff427a8baa78fcf554dfd87ac4f32,True,25.333196,Down,0.4933359989337598,v1,NIGHT,eth_5m_v1,0,True,0,True,0,True,1,False
1779356704540144,2026-05-21 09:45:04.540144,poly_updown_eth_5m_volume_INV_NIGHT,False,eth_5m_volume_INV_NIGHT,ETH,5m,DOWN,0x98f8eccd57fed3eae73f75414ab7629cf0cff427a8baa78fcf554dfd87ac4f32,True,25.333196,Down,0.4933359989337598,v1,NIGHT,eth_5m_v1,0,True,0,True,0,True,1,False
1779356704541158,2026-05-21 09:45:04.541158,poly_updown_btc_5m_volume_INV_NIGHT,False,btc_5m_volume_INV_NIGHT,BTC,5m,DOWN,0x6667b4ee1b5af531222c61b724041bd484f7bc712a152f914834f7d8d60e8435,True,25.49999592,Down,0.49,v1,NIGHT,btc_5m_v1,0,True,0,True,1,False,1,False
1779356704541158,2026-05-21 09:45:04.541158,poly_updown_btc_5m_volume_INV_NIGHT,False,btc_5m_volume_INV_NIGHT,BTC,5m,DOWN,0x6667b4ee1b5af531222c61b724041bd484f7bc712a152f914834f7d8d60e8435,True,24.5,Down,0.5,v1,NIGHT,btc_5m_v1,0,True,0,True,1,False,1,False
1779356704541158,2026-05-21 09:45:04.541158,poly_updown_btc_5m_volume_INV_NIGHT,False,btc_5m_volume_INV_NIGHT,BTC,5m,DOWN,0x6667b4ee1b5af531222c61b724041bd484f7bc712a152f914834f7d8d60e8435,True,25.49999592,Down,0.49,v1,NIGHT,btc_5m_v1,0,True,0,True,1,False,1,False
1779356705438166,2026-05-21 09:45:05.438166,poly_updown_eth_15m_volume_INV_NIGHT,False,eth_15m_volume_INV_NIGHT,ETH,15m,DOWN,0x8dbf106233a263e0e0bc053cfdd9ff03992987f38dd161afa80e67978b17bdc0,False,-25.0,Up,0.5,v1,NIGHT,eth_15m_v1,0,True,0,True,0,True,1,False
1779356705438166,2026-05-21 09:45:05.438166,poly_updown_eth_15m_volume_INV_NIGHT,False,eth_15m_volume_INV_NIGHT,ETH,15m,DOWN,0x8dbf106233a263e0e0bc053cfdd9ff03992987f38dd161afa80e67978b17bdc0,False,-25.0,Up,0.5,v1,NIGHT,eth_15m_v1,0,True,0,True,0,True,1,False
1779356705438166,2026-05-21 09:45:05.438166,poly_updown_eth_15m_volume_INV_NIGHT,False,eth_15m_volume_INV_NIGHT,ETH,15m,DOWN,0x8dbf106233a263e0e0bc053cfdd9ff03992987f38dd161afa80e67978b17bdc0,False,-25.0,Up,0.5,v1,NIGHT,eth_15m_v1,0,True,0,True,0,True,1,False
1779356705438166,2026-05-21 09:45:05.438166,poly_updown_eth_15m_volume_INV_NIGHT,False,eth_15m_volume_INV_NIGHT,ETH,15m,DOWN,0x8dbf106233a263e0e0bc053cfdd9ff03992987f38dd161afa80e67978b17bdc0,False,-25.0,Up,0.5,v1,NIGHT,eth_15m_v1,0,True,0,True,0,True,1,False
1779356705463887,2026-05-21 09:45:05.463887,poly_updown_btc_15m_volume_INV_NIGHT,False,btc_15m_volume_INV_NIGHT,BTC,15m,DOWN,0x1eeab498b8e380569379c656a462055ef1a8cddc51b3a032136860be6fc7d62f,False,-25.0,Up,0.5,v1,NIGHT,btc_15m_v1,0,True,0,True,1,False,1,False
1779356705463887,2026-05-21 09:45:05.463887,poly_updown_btc_15m_volume_INV_NIGHT,False,btc_15m_volume_INV_NIGHT,BTC,15m,DOWN,0x1eeab498b8e380569379c656a462055ef1a8cddc51b3a032136860be6fc7d62f,False,-25.0,Up,0.5,v1,NIGHT,btc_15m_v1,0,True,0,True,1,False,1,False
1779356705463887,2026-05-21 09:45:05.463887,poly_updown_btc_15m_volume_INV_NIGHT,False,btc_15m_volume_INV_NIGHT,BTC,15m,DOWN,0x1eeab498b8e380569379c656a462055ef1a8cddc51b3a032136860be6fc7d62f,False,-25.0,Up,0.5,v1,NIGHT,btc_15m_v1,0,True,0,True,1,False,1,False
1779356705463887,2026-05-21 09:45:05.463887,poly_updown_btc_15m_volume_INV_NIGHT,False,btc_15m_volume_INV_NIGHT,BTC,15m,DOWN,0x1eeab498b8e380569379c656a462055ef1a8cddc51b3a032136860be6fc7d62f,False,-25.0,Up,0.5,v1,NIGHT,btc_15m_v1,0,True,0,True,1,False,1,False
1779356705467028,2026-05-21 09:45:05.467028,poly_updown_sol_15m_volume_INV_NIGHT,False,sol_15m_volume_INV_NIGHT,SOL,15m,DOWN,0x9d4c48b40cbf4c67275cf81026135a3eebf27c5cbfcd6b90387590f622d49d52,False,-25.34339,Up,0.5372799969471992,v1,NIGHT,sol_15m_v1,0,True,1,False,1,False,1,False
1779356705467028,2026-05-21 09:45:05.467028,poly_updown_sol_15m_volume_INV_NIGHT,False,sol_15m_volume_INV_NIGHT,SOL,15m,DOWN,0x9d4c48b40cbf4c67275cf81026135a3eebf27c5cbfcd6b90387590f622d49d52,False,-25.34339,Up,0.5372799969471992,v1,NIGHT,sol_15m_v1,0,True,1,False,1,False,1,False
1779356705467028,2026-05-21 09:45:05.467028,poly_updown_sol_15m_volume_INV_NIGHT,False,sol_15m_volume_INV_NIGHT,SOL,15m,DOWN,0x9d4c48b40cbf4c67275cf81026135a3eebf27c5cbfcd6b90387590f622d49d52,False,-25.85,Up,0.517,v1,NIGHT,sol_15m_v1,0,True,1,False,1,False,1,False
1779356705467028,2026-05-21 09:45:05.467028,poly_updown_sol_15m_volume_INV_NIGHT,False,sol_15m_volume_INV_NIGHT,SOL,15m,DOWN,0x9d4c48b40cbf4c67275cf81026135a3eebf27c5cbfcd6b90387590f622d49d52,False,-25.85,Up,0.517,v1,NIGHT,sol_15m_v1,0,True,1,False,1,False,1,False
1779356706816821,2026-05-21 09:45:06.816821,poly_updown_btc_5m_volume_INV_NIGHT,False,btc_5m_volume_INV_NIGHT,BTC,5m,DOWN,0x6667b4ee1b5af531222c61b724041bd484f7bc712a152f914834f7d8d60e8435,True,25.49999592,Down,0.49,v1,NIGHT,btc_5m_v1,0,True,0,True,1,False,1,False
1779356706816821,2026-05-21 09:45:06.816821,poly_updown_btc_5m_volume_INV_NIGHT,False,btc_5m_volume_INV_NIGHT,BTC,5m,DOWN,0x6667b4ee1b5af531222c61b724041bd484f7bc712a152f914834f7d8d60e8435,True,24.5,Down,0.5,v1,NIGHT,btc_5m_v1,0,True,0,True,1,False,1,False
1779356706816821,2026-05-21 09:45:06.816821,poly_updown_btc_5m_volume_INV_NIGHT,False,btc_5m_volume_INV_NIGHT,BTC,5m,DOWN,0x6667b4ee1b5af531222c61b724041bd484f7bc712a152f914834f7d8d60e8435,True,25.49999592,Down,0.49,v1,NIGHT,btc_5m_v1,0,True,0,True,1,False,1,False
1779356706817091,2026-05-21 09:45:06.817091,poly_updown_eth_5m_volume_INV_NIGHT,False,eth_5m_volume_INV_NIGHT,ETH,5m,DOWN,0x98f8eccd57fed3eae73f75414ab7629cf0cff427a8baa78fcf554dfd87ac4f32,True,25.333196,Down,0.4933359989337598,v1,NIGHT,eth_5m_v1,0,True,0,True,0,True,1,False
1779356706817091,2026-05-21 09:45:06.817091,poly_updown_eth_5m_volume_INV_NIGHT,False,eth_5m_volume_INV_NIGHT,ETH,5m,DOWN,0x98f8eccd57fed3eae73f75414ab7629cf0cff427a8baa78fcf554dfd87ac4f32,True,25.333196,Down,0.4933359989337598,v1,NIGHT,eth_5m_v1,0,True,0,True,0,True,1,False
1779356706817091,2026-05-21 09:45:06.817091,poly_updown_eth_5m_volume_INV_NIGHT,False,eth_5m_volume_INV_NIGHT,ETH,5m,DOWN,0x98f8eccd57fed3eae73f75414ab7629cf0cff427a8baa78fcf554dfd87ac4f32,True,25.333196,Down,0.4933359989337598,v1,NIGHT,eth_5m_v1,0,True,0,True,0,True,1,False
1779356707797179,2026-05-21 09:45:07.797179,poly_updown_btc_15m_volume_INV_NIGHT,False,btc_15m_volume_INV_NIGHT,BTC,15m,DOWN,0x1eeab498b8e380569379c656a462055ef1a8cddc51b3a032136860be6fc7d62f,False,-25.0,Up,0.5,v1,NIGHT,btc_15m_v1,0,True,0,True,1,False,1,False
1779356707797179,2026-05-21 09:45:07.797179,poly_updown_btc_15m_volume_INV_NIGHT,False,btc_15m_volume_INV_NIGHT,BTC,15m,DOWN,0x1eeab498b8e380569379c656a462055ef1a8cddc51b3a032136860be6fc7d62f,False,-25.0,Up,0.5,v1,NIGHT,btc_15m_v1,0,True,0,True,1,False,1,False
1779356707797179,2026-05-21 09:45:07.797179,poly_updown_btc_15m_volume_INV_NIGHT,False,btc_15m_volume_INV_NIGHT,BTC,15m,DOWN,0x1eeab498b8e380569379c656a462055ef1a8cddc51b3a032136860be6fc7d62f,False,-25.0,Up,0.5,v1,NIGHT,btc_15m_v1,0,True,0,True,1,False,1,False
1779356707797179,2026-05-21 09:45:07.797179,poly_updown_btc_15m_volume_INV_NIGHT,False,btc_15m_volume_INV_NIGHT,BTC,15m,DOWN,0x1eeab498b8e380569379c656a462055ef1a8cddc51b3a032136860be6fc7d62f,False,-25.0,Up,0.5,v1,NIGHT,btc_15m_v1,0,True,0,True,1,False,1,False
1779356707801986,2026-05-21 09:45:07.801986,poly_updown_eth_15m_volume_INV_NIGHT,False,eth_15m_volume_INV_NIGHT,ETH,15m,DOWN,0x8dbf106233a263e0e0bc053cfdd9ff03992987f38dd161afa80e67978b17bdc0,False,-25.0,Up,0.5,v1,NIGHT,eth_15m_v1,0,True,0,True,0,True,1,False
1779356707801986,2026-05-21 09:45:07.801986,poly_updown_eth_15m_volume_INV_NIGHT,False,eth_15m_volume_INV_NIGHT,ETH,15m,DOWN,0x8dbf106233a263e0e0bc053cfdd9ff03992987f38dd161afa80e67978b17bdc0,False,-25.0,Up,0.5,v1,NIGHT,eth_15m_v1,0,True,0,True,0,True,1,False
1779356707801986,2026-05-21 09:45:07.801986,poly_updown_eth_15m_volume_INV_NIGHT,False,eth_15m_volume_INV_NIGHT,ETH,15m,DOWN,0x8dbf106233a263e0e0bc053cfdd9ff03992987f38dd161afa80e67978b17bdc0,False,-25.0,Up,0.5,v1,NIGHT,eth_15m_v1,0,True,0,True,0,True,1,False
1779356707801986,2026-05-21 09:45:07.801986,poly_updown_eth_15m_volume_INV_NIGHT,False,eth_15m_volume_INV_NIGHT,ETH,15m,DOWN,0x8dbf106233a263e0e0bc053cfdd9ff03992987f38dd161afa80e67978b17bdc0,False,-25.0,Up,0.5,v1,NIGHT,eth_15m_v1,0,True,0,True,0,True,1,False
1779356707802716,2026-05-21 09:45:07.802716,poly_updown_sol_15m_volume_INV_NIGHT,False,sol_15m_volume_INV_NIGHT,SOL,15m,DOWN,0x9d4c48b40cbf4c67275cf81026135a3eebf27c5cbfcd6b90387590f622d49d52,False,-25.34339,Up,0.5372799969471992,v1,NIGHT,sol_15m_v1,0,True,1,False,1,False,1,False
1779356707802716,2026-05-21 09:45:07.802716,poly_updown_sol_15m_volume_INV_NIGHT,False,sol_15m_volume_INV_NIGHT,SOL,15m,DOWN,0x9d4c48b40cbf4c67275cf81026135a3eebf27c5cbfcd6b90387590f622d49d52,False,-25.34339,Up,0.5372799969471992,v1,NIGHT,sol_15m_v1,0,True,1,False,1,False,1,False
1779356707802716,2026-05-21 09:45:07.802716,poly_updown_sol_15m_volume_INV_NIGHT,False,sol_15m_volume_INV_NIGHT,SOL,15m,DOWN,0x9d4c48b40cbf4c67275cf81026135a3eebf27c5cbfcd6b90387590f622d49d52,False,-25.85,Up,0.517,v1,NIGHT,sol_15m_v1,0,True,1,False,1,False,1,False
1779356707802716,2026-05-21 09:45:07.802716,poly_updown_sol_15m_volume_INV_NIGHT,False,sol_15m_volume_INV_NIGHT,SOL,15m,DOWN,0x9d4c48b40cbf4c67275cf81026135a3eebf27c5cbfcd6b90387590f622d49d52,False,-25.85,Up,0.517,v1,NIGHT,sol_15m_v1,0,True,1,False,1,False,1,False
1779357000688824,2026-05-21 09:50:00.688824,poly_updown_btc_5m_volume_INV_NIGHT,False,btc_5m_volume_INV_NIGHT,BTC,5m,DOWN,0x487314f3e93ca7ac7d0182c6741207043413256908ced4ecb7a7535e85f57dc0,True,24.5,Down,0.5,v1,NIGHT,btc_5m_v1,0,True,0,True,1,False,1,False
1779357000688824,2026-05-21 09:50:00.688824,poly_updown_btc_5m_volume_INV_NIGHT,False,btc_5m_volume_INV_NIGHT,BTC,5m,DOWN,0x487314f3e93ca7ac7d0182c6741207043413256908ced4ecb7a7535e85f57dc0,True,24.5,Down,0.5,v1,NIGHT,btc_5m_v1,0,True,0,True,1,False,1,False
1779357000688824,2026-05-21 09:50:00.688824,poly_updown_btc_5m_volume_INV_NIGHT,False,btc_5m_volume_INV_NIGHT,BTC,5m,DOWN,0x487314f3e93ca7ac7d0182c6741207043413256908ced4ecb7a7535e85f57dc0,True,24.5,Down,0.5,v1,NIGHT,btc_5m_v1,0,True,0,True,1,False,1,False
1779357000688824,2026-05-21 09:50:00.688824,poly_updown_btc_5m_volume_INV_NIGHT,False,btc_5m_volume_INV_NIGHT,BTC,5m,DOWN,0x487314f3e93ca7ac7d0182c6741207043413256908ced4ecb7a7535e85f57dc0,True,24.5,Down,0.5,v1,NIGHT,btc_5m_v1,0,True,0,True,1,False,1,False
1779357002436439,2026-05-21 09:50:02.436439,poly_updown_btc_5m_volume_INV_NIGHT,False,btc_5m_volume_INV_NIGHT,BTC,5m,DOWN,0x487314f3e93ca7ac7d0182c6741207043413256908ced4ecb7a7535e85f57dc0,True,24.5,Down,0.5,v1,NIGHT,btc_5m_v1,0,True,0,True,1,False,1,False
1779357002436439,2026-05-21 09:50:02.436439,poly_updown_btc_5m_volume_INV_NIGHT,False,btc_5m_volume_INV_NIGHT,BTC,5m,DOWN,0x487314f3e93ca7ac7d0182c6741207043413256908ced4ecb7a7535e85f57dc0,True,24.5,Down,0.5,v1,NIGHT,btc_5m_v1,0,True,0,True,1,False,1,False
1779357002436439,2026-05-21 09:50:02.436439,poly_updown_btc_5m_volume_INV_NIGHT,False,btc_5m_volume_INV_NIGHT,BTC,5m,DOWN,0x487314f3e93ca7ac7d0182c6741207043413256908ced4ecb7a7535e85f57dc0,True,24.5,Down,0.5,v1,NIGHT,btc_5m_v1,0,True,0,True,1,False,1,False
1779357002436439,2026-05-21 09:50:02.436439,poly_updown_btc_5m_volume_INV_NIGHT,False,btc_5m_volume_INV_NIGHT,BTC,5m,DOWN,0x487314f3e93ca7ac7d0182c6741207043413256908ced4ecb7a7535e85f57dc0,True,24.5,Down,0.5,v1,NIGHT,btc_5m_v1,0,True,0,True,1,False,1,False
1779357307383280,2026-05-21 09:55:07.383280,poly_updown_btc_5m_volume_INV_NIGHT,False,btc_5m_volume_INV_NIGHT,BTC,5m,UP,0x3af9e8c22ccb3852e672d249ac27e4def4a663a9218cced23c362a47cdb47a0e,True,23.53921192,Up,0.51,v1,NIGHT,btc_5m_v1,0,False,0,False,1,False,1,False
1779357307383280,2026-05-21 09:55:07.383280,poly_updown_btc_5m_volume_INV_NIGHT,False,btc_5m_volume_INV_NIGHT,BTC,5m,UP,0x3af9e8c22ccb3852e672d249ac27e4def4a663a9218cced23c362a47cdb47a0e,True,23.53921192,Up,0.51,v1,NIGHT,btc_5m_v1,0,False,0,False,1,False,1,False
1779357307383280,2026-05-21 09:55:07.383280,poly_updown_btc_5m_volume_INV_NIGHT,False,btc_5m_volume_INV_NIGHT,BTC,5m,UP,0x3af9e8c22ccb3852e672d249ac27e4def4a663a9218cced23c362a47cdb47a0e,True,23.53921192,Up,0.51,v1,NIGHT,btc_5m_v1,0,False,0,False,1,False,1,False
1779357307383280,2026-05-21 09:55:07.383280,poly_updown_btc_5m_volume_INV_NIGHT,False,btc_5m_volume_INV_NIGHT,BTC,5m,UP,0x3af9e8c22ccb3852e672d249ac27e4def4a663a9218cced23c362a47cdb47a0e,True,23.53921192,Up,0.51,v1,NIGHT,btc_5m_v1,0,False,0,False,1,False,1,False
1779357307435396,2026-05-21 09:55:07.435396,poly_updown_sol_5m_volume_INV_NIGHT,False,sol_5m_volume_INV_NIGHT,SOL,5m,UP,0xcb2d49674d5f245ba6be7439c67e510960ba58291d6bc1f3604596d829c20b53,True,20.35492144,Up,0.5513599820287626,v1,NIGHT,sol_5m_v1,0,False,0,False,1,False,1,False
1779357307435396,2026-05-21 09:55:07.435396,poly_updown_sol_5m_volume_INV_NIGHT,False,sol_5m_volume_INV_NIGHT,SOL,5m,UP,0xcb2d49674d5f245ba6be7439c67e510960ba58291d6bc1f3604596d829c20b53,True,20.35492144,Up,0.5513599820287626,v1,NIGHT,sol_5m_v1,0,False,0,False,1,False,1,False
1779357307435396,2026-05-21 09:55:07.435396,poly_updown_sol_5m_volume_INV_NIGHT,False,sol_5m_volume_INV_NIGHT,SOL,5m,UP,0xcb2d49674d5f245ba6be7439c67e510960ba58291d6bc1f3604596d829c20b53,True,20.35492144,Up,0.5513599820287626,v1,NIGHT,sol_5m_v1,0,False,0,False,1,False,1,False
1779357307435396,2026-05-21 09:55:07.435396,poly_updown_sol_5m_volume_INV_NIGHT,False,sol_5m_volume_INV_NIGHT,SOL,5m,UP,0xcb2d49674d5f245ba6be7439c67e510960ba58291d6bc1f3604596d829c20b53,True,20.35492144,Up,0.5513599820287626,v1,NIGHT,sol_5m_v1,0,False,0,False,1,False,1,False
1779357307446808,2026-05-21 09:55:07.446808,poly_updown_eth_5m_volume_INV_NIGHT,False,eth_5m_volume_INV_NIGHT,ETH,5m,UP,0xe054b0251aa7a7983e612f822432b3ba01c4af13732434b79c670d223cbe88bb,False,-24.999975,Down,0.55,v1,NIGHT,eth_5m_v1,0,False,0,False,1,False,1,False
1779357307446808,2026-05-21 09:55:07.446808,poly_updown_eth_5m_volume_INV_NIGHT,False,eth_5m_volume_INV_NIGHT,ETH,5m,UP,0xe054b0251aa7a7983e612f822432b3ba01c4af13732434b79c670d223cbe88bb,False,-24.999975,Down,0.55,v1,NIGHT,eth_5m_v1,0,False,0,False,1,False,1,False
1779357307446808,2026-05-21 09:55:07.446808,poly_updown_eth_5m_volume_INV_NIGHT,False,eth_5m_volume_INV_NIGHT,ETH,5m,UP,0xe054b0251aa7a7983e612f822432b3ba01c4af13732434b79c670d223cbe88bb,False,-24.999975,Down,0.55,v1,NIGHT,eth_5m_v1,0,False,0,False,1,False,1,False
1779357307446808,2026-05-21 09:55:07.446808,poly_updown_eth_5m_volume_INV_NIGHT,False,eth_5m_volume_INV_NIGHT,ETH,5m,UP,0xe054b0251aa7a7983e612f822432b3ba01c4af13732434b79c670d223cbe88bb,False,-24.999975,Down,0.55,v1,NIGHT,eth_5m_v1,0,False,0,False,1,False,1,False
1779357307496402,2026-05-21 09:55:07.496402,poly_updown_btc_5m_volume_INV_NIGHT,False,btc_5m_volume_INV_NIGHT,BTC,5m,UP,0x3af9e8c22ccb3852e672d249ac27e4def4a663a9218cced23c362a47cdb47a0e,True,23.53921192,Up,0.51,v1,NIGHT,btc_5m_v1,0,False,0,False,1,False,1,False
1779357307496402,2026-05-21 09:55:07.496402,poly_updown_btc_5m_volume_INV_NIGHT,False,btc_5m_volume_INV_NIGHT,BTC,5m,UP,0x3af9e8c22ccb3852e672d249ac27e4def4a663a9218cced23c362a47cdb47a0e,True,23.53921192,Up,0.51,v1,NIGHT,btc_5m_v1,0,False,0,False,1,False,1,False
1779357307496402,2026-05-21 09:55:07.496402,poly_updown_btc_5m_volume_INV_NIGHT,False,btc_5m_volume_INV_NIGHT,BTC,5m,UP,0x3af9e8c22ccb3852e672d249ac27e4def4a663a9218cced23c362a47cdb47a0e,True,23.53921192,Up,0.51,v1,NIGHT,btc_5m_v1,0,False,0,False,1,False,1,False
1779357307496402,2026-05-21 09:55:07.496402,poly_updown_btc_5m_volume_INV_NIGHT,False,btc_5m_volume_INV_NIGHT,BTC,5m,UP,0x3af9e8c22ccb3852e672d249ac27e4def4a663a9218cced23c362a47cdb47a0e,True,23.53921192,Up,0.51,v1,NIGHT,btc_5m_v1,0,False,0,False,1,False,1,False
1779357307525807,2026-05-21 09:55:07.525807,poly_updown_sol_5m_volume_INV_NIGHT,False,sol_5m_volume_INV_NIGHT,SOL,5m,UP,0xcb2d49674d5f245ba6be7439c67e510960ba58291d6bc1f3604596d829c20b53,True,20.35492144,Up,0.5513599820287626,v1,NIGHT,sol_5m_v1,0,False,0,False,1,False,1,False
1779357307525807,2026-05-21 09:55:07.525807,poly_updown_sol_5m_volume_INV_NIGHT,False,sol_5m_volume_INV_NIGHT,SOL,5m,UP,0xcb2d49674d5f245ba6be7439c67e510960ba58291d6bc1f3604596d829c20b53,True,20.35492144,Up,0.5513599820287626,v1,NIGHT,sol_5m_v1,0,False,0,False,1,False,1,False
1779357307525807,2026-05-21 09:55:07.525807,poly_updown_sol_5m_volume_INV_NIGHT,False,sol_5m_volume_INV_NIGHT,SOL,5m,UP,0xcb2d49674d5f245ba6be7439c67e510960ba58291d6bc1f3604596d829c20b53,True,20.35492144,Up,0.5513599820287626,v1,NIGHT,sol_5m_v1,0,False,0,False,1,False,1,False
1779357307525807,2026-05-21 09:55:07.525807,poly_updown_sol_5m_volume_INV_NIGHT,False,sol_5m_volume_INV_NIGHT,SOL,5m,UP,0xcb2d49674d5f245ba6be7439c67e510960ba58291d6bc1f3604596d829c20b53,True,20.35492144,Up,0.5513599820287626,v1,NIGHT,sol_5m_v1,0,False,0,False,1,False,1,False
1779357307534179,2026-05-21 09:55:07.534179,poly_updown_eth_5m_volume_INV_NIGHT,False,eth_5m_volume_INV_NIGHT,ETH,5m,UP,0xe054b0251aa7a7983e612f822432b3ba01c4af13732434b79c670d223cbe88bb,False,-24.999975,Down,0.55,v1,NIGHT,eth_5m_v1,0,False,0,False,1,False,1,False
1779357307534179,2026-05-21 09:55:07.534179,poly_updown_eth_5m_volume_INV_NIGHT,False,eth_5m_volume_INV_NIGHT,ETH,5m,UP,0xe054b0251aa7a7983e612f822432b3ba01c4af13732434b79c670d223cbe88bb,False,-24.999975,Down,0.55,v1,NIGHT,eth_5m_v1,0,False,0,False,1,False,1,False
1779357307534179,2026-05-21 09:55:07.534179,poly_updown_eth_5m_volume_INV_NIGHT,False,eth_5m_volume_INV_NIGHT,ETH,5m,UP,0xe054b0251aa7a7983e612f822432b3ba01c4af13732434b79c670d223cbe88bb,False,-24.999975,Down,0.55,v1,NIGHT,eth_5m_v1,0,False,0,False,1,False,1,False
1779357307534179,2026-05-21 09:55:07.534179,poly_updown_eth_5m_volume_INV_NIGHT,False,eth_5m_volume_INV_NIGHT,ETH,5m,UP,0xe054b0251aa7a7983e612f822432b3ba01c4af13732434b79c670d223cbe88bb,False,-24.999975,Down,0.55,v1,NIGHT,eth_5m_v1,0,False,0,False,1,False,1,False
1779357601883256,2026-05-21 10:00:01.883256,poly_updown_btc_5m_volume_INV_NIGHT,False,btc_5m_volume_INV_NIGHT,BTC,5m,UP,0x2341c85aeb8e26cf258d5b613681166df4ac74cd3443811f7fc94cd26f48c6ee,True,23.20376184,Up,0.5169828395172543,v1,NIGHT,btc_5m_v1,1,False,0,False,1,False,0,False
1779357601883256,2026-05-21 10:00:01.883256,poly_updown_btc_5m_volume_INV_NIGHT,False,btc_5m_volume_INV_NIGHT,BTC,5m,UP,0x2341c85aeb8e26cf258d5b613681166df4ac74cd3443811f7fc94cd26f48c6ee,True,23.20376184,Up,0.5169828395172543,v1,NIGHT,btc_5m_v1,1,False,0,False,1,False,0,False
1779357601883256,2026-05-21 10:00:01.883256,poly_updown_btc_5m_volume_INV_NIGHT,False,btc_5m_volume_INV_NIGHT,BTC,5m,UP,0x2341c85aeb8e26cf258d5b613681166df4ac74cd3443811f7fc94cd26f48c6ee,True,22.52720414,Up,0.5218713560982509,v1,NIGHT,btc_5m_v1,1,False,0,False,1,False,0,False
1779357601883256,2026-05-21 10:00:01.883256,poly_updown_btc_5m_volume_INV_NIGHT,False,btc_5m_volume_INV_NIGHT,BTC,5m,UP,0x2341c85aeb8e26cf258d5b613681166df4ac74cd3443811f7fc94cd26f48c6ee,True,22.52720414,Up,0.5218713560982509,v1,NIGHT,btc_5m_v1,1,False,0,False,1,False,0,False
1779357602436005,2026-05-21 10:00:02.436005,poly_updown_btc_5m_volume_INV_NIGHT,False,btc_5m_volume_INV_NIGHT,BTC,5m,UP,0x2341c85aeb8e26cf258d5b613681166df4ac74cd3443811f7fc94cd26f48c6ee,True,23.20376184,Up,0.5169828395172543,v1,NIGHT,btc_5m_v1,1,False,0,False,1,False,0,False
1779357602436005,2026-05-21 10:00:02.436005,poly_updown_btc_5m_volume_INV_NIGHT,False,btc_5m_volume_INV_NIGHT,BTC,5m,UP,0x2341c85aeb8e26cf258d5b613681166df4ac74cd3443811f7fc94cd26f48c6ee,True,23.20376184,Up,0.5169828395172543,v1,NIGHT,btc_5m_v1,1,False,0,False,1,False,0,False
1779357602436005,2026-05-21 10:00:02.436005,poly_updown_btc_5m_volume_INV_NIGHT,False,btc_5m_volume_INV_NIGHT,BTC,5m,UP,0x2341c85aeb8e26cf258d5b613681166df4ac74cd3443811f7fc94cd26f48c6ee,True,22.52720414,Up,0.5218713560982509,v1,NIGHT,btc_5m_v1,1,False,0,False,1,False,0,False
1779357602436005,2026-05-21 10:00:02.436005,poly_updown_btc_5m_volume_INV_NIGHT,False,btc_5m_volume_INV_NIGHT,BTC,5m,UP,0x2341c85aeb8e26cf258d5b613681166df4ac74cd3443811f7fc94cd26f48c6ee,True,22.52720414,Up,0.5218713560982509,v1,NIGHT,btc_5m_v1,1,False,0,False,1,False,0,False
1779357602466637,2026-05-21 10:00:02.466637,poly_updown_eth_5m_volume_INV_NIGHT,False,eth_5m_volume_INV_NIGHT,ETH,5m,UP,0x33c2c264a9438a76e00563701a3d7de2ebd928e6de879273f2f9a24e037b03d7,True,21.7434756,Up,0.5473806395809023,v1,NIGHT,eth_5m_v1,1,False,0,False,1,False,0,False
1779357602466637,2026-05-21 10:00:02.466637,poly_updown_eth_5m_volume_INV_NIGHT,False,eth_5m_volume_INV_NIGHT,ETH,5m,UP,0x33c2c264a9438a76e00563701a3d7de2ebd928e6de879273f2f9a24e037b03d7,True,21.7434756,Up,0.5473806395809023,v1,NIGHT,eth_5m_v1,1,False,0,False,1,False,0,False
1779357602547201,2026-05-21 10:00:02.547201,poly_updown_sol_5m_volume_INV_NIGHT,False,sol_5m_volume_INV_NIGHT,SOL,5m,UP,0x9dbd3c43688b2a399ffd614fc7f96fec7db7a471e76dce7eddfb8841e053d2a0,True,21.15391152,Up,0.5596531999445119,v1,NIGHT,sol_5m_v1,1,False,0,False,1,False,1,False
1779357602547201,2026-05-21 10:00:02.547201,poly_updown_sol_5m_volume_INV_NIGHT,False,sol_5m_volume_INV_NIGHT,SOL,5m,UP,0x9dbd3c43688b2a399ffd614fc7f96fec7db7a471e76dce7eddfb8841e053d2a0,True,21.15391152,Up,0.5596531999445119,v1,NIGHT,sol_5m_v1,1,False,0,False,1,False,1,False
1779357603291392,2026-05-21 10:00:03.291392,poly_updown_eth_15m_volume_INV_NIGHT,False,eth_15m_volume_INV_NIGHT,ETH,15m,UP,0x0d68891fa9ef44e99ca0efb369026e3ab9856b4710ef9a4bde9dac501cfc11ad,False,-25.920584,Down,0.5287799982047997,v1,NIGHT,eth_15m_v1,1,False,0,False,1,False,0,False
1779357603291392,2026-05-21 10:00:03.291392,poly_updown_eth_15m_volume_INV_NIGHT,False,eth_15m_volume_INV_NIGHT,ETH,15m,UP,0x0d68891fa9ef44e99ca0efb369026e3ab9856b4710ef9a4bde9dac501cfc11ad,False,-25.920584,Down,0.5287799982047997,v1,NIGHT,eth_15m_v1,1,False,0,False,1,False,0,False
1779357603291392,2026-05-21 10:00:03.291392,poly_updown_eth_15m_volume_INV_NIGHT,False,eth_15m_volume_INV_NIGHT,ETH,15m,UP,0x0d68891fa9ef44e99ca0efb369026e3ab9856b4710ef9a4bde9dac501cfc11ad,False,-25.920584,Down,0.5287799982047997,v1,NIGHT,eth_15m_v1,1,False,0,False,1,False,0,False
1779357603291392,2026-05-21 10:00:03.291392,poly_updown_eth_15m_volume_INV_NIGHT,False,eth_15m_volume_INV_NIGHT,ETH,15m,UP,0x0d68891fa9ef44e99ca0efb369026e3ab9856b4710ef9a4bde9dac501cfc11ad,False,-25.920584,Down,0.5287799982047997,v1,NIGHT,eth_15m_v1,1,False,0,False,1,False,0,False
1779357603363158,2026-05-21 10:00:03.363158,poly_updown_sol_15m_volume_INV_NIGHT,False,sol_15m_volume_INV_NIGHT,SOL,15m,UP,0x430443500e36a844c9b887fa2d207607966f640554d88bbf7e785f6f3a914f37,False,-25.24339,Down,0.5351599964383991,v1,NIGHT,sol_15m_v1,1,False,0,False,1,False,1,False
1779357603363158,2026-05-21 10:00:03.363158,poly_updown_sol_15m_volume_INV_NIGHT,False,sol_15m_volume_INV_NIGHT,SOL,15m,UP,0x430443500e36a844c9b887fa2d207607966f640554d88bbf7e785f6f3a914f37,False,-25.24339,Down,0.5351599964383991,v1,NIGHT,sol_15m_v1,1,False,0,False,1,False,1,False
1779357603363158,2026-05-21 10:00:03.363158,poly_updown_sol_15m_volume_INV_NIGHT,False,sol_15m_volume_INV_NIGHT,SOL,15m,UP,0x430443500e36a844c9b887fa2d207607966f640554d88bbf7e785f6f3a914f37,False,-25.24339,Down,0.5351599964383991,v1,NIGHT,sol_15m_v1,1,False,0,False,1,False,1,False
1779357603363158,2026-05-21 10:00:03.363158,poly_updown_sol_15m_volume_INV_NIGHT,False,sol_15m_volume_INV_NIGHT,SOL,15m,UP,0x430443500e36a844c9b887fa2d207607966f640554d88bbf7e785f6f3a914f37,False,-25.24339,Down,0.5351599964383991,v1,NIGHT,sol_15m_v1,1,False,0,False,1,False,1,False
1779357603512730,2026-05-21 10:00:03.512730,poly_updown_btc_15m_volume_INV_NIGHT,False,btc_15m_volume_INV_NIGHT,BTC,15m,UP,0x8a4f40322fce79442d96a5291226ad5ff12f19809e818e10160bad2661b3672b,False,-25.140192,Down,0.5128599988575998,v1,NIGHT,btc_15m_v1,1,False,0,False,1,False,0,False
1779357603512730,2026-05-21 10:00:03.512730,poly_updown_btc_15m_volume_INV_NIGHT,False,btc_15m_volume_INV_NIGHT,BTC,15m,UP,0x8a4f40322fce79442d96a5291226ad5ff12f19809e818e10160bad2661b3672b,False,-25.140192,Down,0.5128599988575998,v1,NIGHT,btc_15m_v1,1,False,0,False,1,False,0,False
1779357603512730,2026-05-21 10:00:03.512730,poly_updown_btc_15m_volume_INV_NIGHT,False,btc_15m_volume_INV_NIGHT,BTC,15m,UP,0x8a4f40322fce79442d96a5291226ad5ff12f19809e818e10160bad2661b3672b,False,-25.140192,Down,0.5128599988575998,v1,NIGHT,btc_15m_v1,1,False,0,False,1,False,0,False
1779357603512730,2026-05-21 10:00:03.512730,poly_updown_btc_15m_volume_INV_NIGHT,False,btc_15m_volume_INV_NIGHT,BTC,15m,UP,0x8a4f40322fce79442d96a5291226ad5ff12f19809e818e10160bad2661b3672b,False,-25.140192,Down,0.5128599988575998,v1,NIGHT,btc_15m_v1,1,False,0,False,1,False,0,False
1779357604013356,2026-05-21 10:00:04.013356,poly_updown_btc_15m_volume_INV_NIGHT,False,btc_15m_volume_INV_NIGHT,BTC,15m,UP,0x8a4f40322fce79442d96a5291226ad5ff12f19809e818e10160bad2661b3672b,False,-25.140192,Down,0.5128599988575998,v1,NIGHT,btc_15m_v1,1,False,0,False,1,False,0,False
1779357604013356,2026-05-21 10:00:04.013356,poly_updown_btc_15m_volume_INV_NIGHT,False,btc_15m_volume_INV_NIGHT,BTC,15m,UP,0x8a4f40322fce79442d96a5291226ad5ff12f19809e818e10160bad2661b3672b,False,-25.140192,Down,0.5128599988575998,v1,NIGHT,btc_15m_v1,1,False,0,False,1,False,0,False
1779357604013356,2026-05-21 10:00:04.013356,poly_updown_btc_15m_volume_INV_NIGHT,False,btc_15m_volume_INV_NIGHT,BTC,15m,UP,0x8a4f40322fce79442d96a5291226ad5ff12f19809e818e10160bad2661b3672b,False,-25.140192,Down,0.5128599988575998,v1,NIGHT,btc_15m_v1,1,False,0,False,1,False,0,False
1779357604013356,2026-05-21 10:00:04.013356,poly_updown_btc_15m_volume_INV_NIGHT,False,btc_15m_volume_INV_NIGHT,BTC,15m,UP,0x8a4f40322fce79442d96a5291226ad5ff12f19809e818e10160bad2661b3672b,False,-25.140192,Down,0.5128599988575998,v1,NIGHT,btc_15m_v1,1,False,0,False,1,False,0,False
1779357604047499,2026-05-21 10:00:04.047499,poly_updown_sol_15m_volume_INV_NIGHT,False,sol_15m_volume_INV_NIGHT,SOL,15m,UP,0x430443500e36a844c9b887fa2d207607966f640554d88bbf7e785f6f3a914f37,False,-25.24339,Down,0.5351599964383991,v1,NIGHT,sol_15m_v1,1,False,0,False,1,False,1,False
1779357604047499,2026-05-21 10:00:04.047499,poly_updown_sol_15m_volume_INV_NIGHT,False,sol_15m_volume_INV_NIGHT,SOL,15m,UP,0x430443500e36a844c9b887fa2d207607966f640554d88bbf7e785f6f3a914f37,False,-25.24339,Down,0.5351599964383991,v1,NIGHT,sol_15m_v1,1,False,0,False,1,False,1,False
1779357604047499,2026-05-21 10:00:04.047499,poly_updown_sol_15m_volume_INV_NIGHT,False,sol_15m_volume_INV_NIGHT,SOL,15m,UP,0x430443500e36a844c9b887fa2d207607966f640554d88bbf7e785f6f3a914f37,False,-25.24339,Down,0.5351599964383991,v1,NIGHT,sol_15m_v1,1,False,0,False,1,False,1,False
1779357604047499,2026-05-21 10:00:04.047499,poly_updown_sol_15m_volume_INV_NIGHT,False,sol_15m_volume_INV_NIGHT,SOL,15m,UP,0x430443500e36a844c9b887fa2d207607966f640554d88bbf7e785f6f3a914f37,False,-25.24339,Down,0.5351599964383991,v1,NIGHT,sol_15m_v1,1,False,0,False,1,False,1,False
1779357604914359,2026-05-21 10:00:04.914359,poly_updown_eth_15m_volume_INV_NIGHT,False,eth_15m_volume_INV_NIGHT,ETH,15m,UP,0x0d68891fa9ef44e99ca0efb369026e3ab9856b4710ef9a4bde9dac501cfc11ad,False,-25.920584,Down,0.5287799982047997,v1,NIGHT,eth_15m_v1,1,False,0,False,1,False,0,False
1779357604914359,2026-05-21 10:00:04.914359,poly_updown_eth_15m_volume_INV_NIGHT,False,eth_15m_volume_INV_NIGHT,ETH,15m,UP,0x0d68891fa9ef44e99ca0efb369026e3ab9856b4710ef9a4bde9dac501cfc11ad,False,-25.920584,Down,0.5287799982047997,v1,NIGHT,eth_15m_v1,1,False,0,False,1,False,0,False
1779357604914359,2026-05-21 10:00:04.914359,poly_updown_eth_15m_volume_INV_NIGHT,False,eth_15m_volume_INV_NIGHT,ETH,15m,UP,0x0d68891fa9ef44e99ca0efb369026e3ab9856b4710ef9a4bde9dac501cfc11ad,False,-25.920584,Down,0.5287799982047997,v1,NIGHT,eth_15m_v1,1,False,0,False,1,False,0,False
1779357604914359,2026-05-21 10:00:04.914359,poly_updown_eth_15m_volume_INV_NIGHT,False,eth_15m_volume_INV_NIGHT,ETH,15m,UP,0x0d68891fa9ef44e99ca0efb369026e3ab9856b4710ef9a4bde9dac501cfc11ad,False,-25.920584,Down,0.5287799982047997,v1,NIGHT,eth_15m_v1,1,False,0,False,1,False,0,False
1779357908114081,2026-05-21 10:05:08.114081,poly_updown_btc_5m_volume_INV_NIGHT,False,btc_5m_volume_INV_NIGHT,BTC,5m,DOWN,0x5e2d7412b1b6e357f5d64819cc28a339e9af9df5e915fcb58ba4db13a6c3949e,True,25.49999592,Down,0.49,v1,NIGHT,btc_5m_v1,0,True,0,True,1,False,1,False
1779357908114081,2026-05-21 10:05:08.114081,poly_updown_btc_5m_volume_INV_NIGHT,False,btc_5m_volume_INV_NIGHT,BTC,5m,DOWN,0x5e2d7412b1b6e357f5d64819cc28a339e9af9df5e915fcb58ba4db13a6c3949e,True,25.49999592,Down,0.49,v1,NIGHT,btc_5m_v1,0,True,0,True,1,False,1,False
1779357908114081,2026-05-21 10:05:08.114081,poly_updown_btc_5m_volume_INV_NIGHT,False,btc_5m_volume_INV_NIGHT,BTC,5m,DOWN,0x5e2d7412b1b6e357f5d64819cc28a339e9af9df5e915fcb58ba4db13a6c3949e,True,25.49999592,Down,0.49,v1,NIGHT,btc_5m_v1,0,True,0,True,1,False,1,False
1779357908114081,2026-05-21 10:05:08.114081,poly_updown_btc_5m_volume_INV_NIGHT,False,btc_5m_volume_INV_NIGHT,BTC,5m,DOWN,0x5e2d7412b1b6e357f5d64819cc28a339e9af9df5e915fcb58ba4db13a6c3949e,True,25.49999592,Down,0.49,v1,NIGHT,btc_5m_v1,0,True,0,True,1,False,1,False
1779357908129202,2026-05-21 10:05:08.129202,poly_updown_eth_5m_volume_INV_NIGHT,False,eth_5m_volume_INV_NIGHT,ETH,5m,DOWN,0xbd23f885f7b3ac1aea30310c60d1f20da299bbbc8044bf6020c49f0547bc2a18,True,24.5,Down,0.5,v1,NIGHT,eth_5m_v1,1,False,0,True,1,False,1,False
1779357908129202,2026-05-21 10:05:08.129202,poly_updown_eth_5m_volume_INV_NIGHT,False,eth_5m_volume_INV_NIGHT,ETH,5m,DOWN,0xbd23f885f7b3ac1aea30310c60d1f20da299bbbc8044bf6020c49f0547bc2a18,True,24.5,Down,0.5,v1,NIGHT,eth_5m_v1,1,False,0,True,1,False,1,False
1779357908129202,2026-05-21 10:05:08.129202,poly_updown_eth_5m_volume_INV_NIGHT,False,eth_5m_volume_INV_NIGHT,ETH,5m,DOWN,0xbd23f885f7b3ac1aea30310c60d1f20da299bbbc8044bf6020c49f0547bc2a18,True,24.5,Down,0.5,v1,NIGHT,eth_5m_v1,1,False,0,True,1,False,1,False
1779357908129202,2026-05-21 10:05:08.129202,poly_updown_eth_5m_volume_INV_NIGHT,False,eth_5m_volume_INV_NIGHT,ETH,5m,DOWN,0xbd23f885f7b3ac1aea30310c60d1f20da299bbbc8044bf6020c49f0547bc2a18,True,24.5,Down,0.5,v1,NIGHT,eth_5m_v1,1,False,0,True,1,False,1,False
1779357909006884,2026-05-21 10:05:09.006884,poly_updown_btc_5m_volume_INV_NIGHT,False,btc_5m_volume_INV_NIGHT,BTC,5m,DOWN,0x5e2d7412b1b6e357f5d64819cc28a339e9af9df5e915fcb58ba4db13a6c3949e,True,25.49999592,Down,0.49,v1,NIGHT,btc_5m_v1,0,True,0,True,1,False,1,False
1779357909006884,2026-05-21 10:05:09.006884,poly_updown_btc_5m_volume_INV_NIGHT,False,btc_5m_volume_INV_NIGHT,BTC,5m,DOWN,0x5e2d7412b1b6e357f5d64819cc28a339e9af9df5e915fcb58ba4db13a6c3949e,True,25.49999592,Down,0.49,v1,NIGHT,btc_5m_v1,0,True,0,True,1,False,1,False
1779357909006884,2026-05-21 10:05:09.006884,poly_updown_btc_5m_volume_INV_NIGHT,False,btc_5m_volume_INV_NIGHT,BTC,5m,DOWN,0x5e2d7412b1b6e357f5d64819cc28a339e9af9df5e915fcb58ba4db13a6c3949e,True,25.49999592,Down,0.49,v1,NIGHT,btc_5m_v1,0,True,0,True,1,False,1,False
1779357909006884,2026-05-21 10:05:09.006884,poly_updown_btc_5m_volume_INV_NIGHT,False,btc_5m_volume_INV_NIGHT,BTC,5m,DOWN,0x5e2d7412b1b6e357f5d64819cc28a339e9af9df5e915fcb58ba4db13a6c3949e,True,25.49999592,Down,0.49,v1,NIGHT,btc_5m_v1,0,True,0,True,1,False,1,False
1779357909022090,2026-05-21 10:05:09.022090,poly_updown_eth_5m_volume_INV_NIGHT,False,eth_5m_volume_INV_NIGHT,ETH,5m,DOWN,0xbd23f885f7b3ac1aea30310c60d1f20da299bbbc8044bf6020c49f0547bc2a18,True,24.5,Down,0.5,v1,NIGHT,eth_5m_v1,1,False,0,True,1,False,1,False
1779357909022090,2026-05-21 10:05:09.022090,poly_updown_eth_5m_volume_INV_NIGHT,False,eth_5m_volume_INV_NIGHT,ETH,5m,DOWN,0xbd23f885f7b3ac1aea30310c60d1f20da299bbbc8044bf6020c49f0547bc2a18,True,24.5,Down,0.5,v1,NIGHT,eth_5m_v1,1,False,0,True,1,False,1,False
1779357909022090,2026-05-21 10:05:09.022090,poly_updown_eth_5m_volume_INV_NIGHT,False,eth_5m_volume_INV_NIGHT,ETH,5m,DOWN,0xbd23f885f7b3ac1aea30310c60d1f20da299bbbc8044bf6020c49f0547bc2a18,True,24.5,Down,0.5,v1,NIGHT,eth_5m_v1,1,False,0,True,1,False,1,False
1779357909022090,2026-05-21 10:05:09.022090,poly_updown_eth_5m_volume_INV_NIGHT,False,eth_5m_volume_INV_NIGHT,ETH,5m,DOWN,0xbd23f885f7b3ac1aea30310c60d1f20da299bbbc8044bf6020c49f0547bc2a18,True,24.5,Down,0.5,v1,NIGHT,eth_5m_v1,1,False,0,True,1,False,1,False
1779358202821560,2026-05-21 10:10:02.821560,poly_updown_btc_5m_volume_INV_NIGHT,False,btc_5m_volume_INV_NIGHT,BTC,5m,DOWN,0x9a14385c5f0932ddcf69ad2d2d3550256cc46c5cf8ba9ccddffa0d5d9f5ccb5a,False,-25.0,Up,0.5,v1,NIGHT,btc_5m_v1,0,True,0,True,1,False,1,False
1779358202821560,2026-05-21 10:10:02.821560,poly_updown_btc_5m_volume_INV_NIGHT,False,btc_5m_volume_INV_NIGHT,BTC,5m,DOWN,0x9a14385c5f0932ddcf69ad2d2d3550256cc46c5cf8ba9ccddffa0d5d9f5ccb5a,False,-25.0,Up,0.5,v1,NIGHT,btc_5m_v1,0,True,0,True,1,False,1,False
1779358202821560,2026-05-21 10:10:02.821560,poly_updown_btc_5m_volume_INV_NIGHT,False,btc_5m_volume_INV_NIGHT,BTC,5m,DOWN,0x9a14385c5f0932ddcf69ad2d2d3550256cc46c5cf8ba9ccddffa0d5d9f5ccb5a,False,-25.0,Up,0.5,v1,NIGHT,btc_5m_v1,0,True,0,True,1,False,1,False
1779358202821560,2026-05-21 10:10:02.821560,poly_updown_btc_5m_volume_INV_NIGHT,False,btc_5m_volume_INV_NIGHT,BTC,5m,DOWN,0x9a14385c5f0932ddcf69ad2d2d3550256cc46c5cf8ba9ccddffa0d5d9f5ccb5a,False,-25.0,Up,0.5,v1,NIGHT,btc_5m_v1,0,True,0,True,1,False,1,False
1779358205514728,2026-05-21 10:10:05.514728,poly_updown_btc_5m_volume_INV_NIGHT,False,btc_5m_volume_INV_NIGHT,BTC,5m,DOWN,0x9a14385c5f0932ddcf69ad2d2d3550256cc46c5cf8ba9ccddffa0d5d9f5ccb5a,False,-25.0,Up,0.5,v1,NIGHT,btc_5m_v1,0,True,0,True,1,False,1,False
1779358205514728,2026-05-21 10:10:05.514728,poly_updown_btc_5m_volume_INV_NIGHT,False,btc_5m_volume_INV_NIGHT,BTC,5m,DOWN,0x9a14385c5f0932ddcf69ad2d2d3550256cc46c5cf8ba9ccddffa0d5d9f5ccb5a,False,-25.0,Up,0.5,v1,NIGHT,btc_5m_v1,0,True,0,True,1,False,1,False
1779358205514728,2026-05-21 10:10:05.514728,poly_updown_btc_5m_volume_INV_NIGHT,False,btc_5m_volume_INV_NIGHT,BTC,5m,DOWN,0x9a14385c5f0932ddcf69ad2d2d3550256cc46c5cf8ba9ccddffa0d5d9f5ccb5a,False,-25.0,Up,0.5,v1,NIGHT,btc_5m_v1,0,True,0,True,1,False,1,False
1779358205514728,2026-05-21 10:10:05.514728,poly_updown_btc_5m_volume_INV_NIGHT,False,btc_5m_volume_INV_NIGHT,BTC,5m,DOWN,0x9a14385c5f0932ddcf69ad2d2d3550256cc46c5cf8ba9ccddffa0d5d9f5ccb5a,False,-25.0,Up,0.5,v1,NIGHT,btc_5m_v1,0,True,0,True,1,False,1,False
1779358506961917,2026-05-21 10:15:06.961917,poly_updown_btc_5m_volume_INV_NIGHT,False,btc_5m_volume_INV_NIGHT,BTC,5m,UP,0x2796ea0c3ddf81a52fd01ca471ae6fcb6a0c422acbacc3b90f659629a9bbdde3,False,-24.999996,Down,0.51,v1,NIGHT,btc_5m_v1,1,False,0,False,1,False,1,False
1779358506961917,2026-05-21 10:15:06.961917,poly_updown_btc_5m_volume_INV_NIGHT,False,btc_5m_volume_INV_NIGHT,BTC,5m,UP,0x2796ea0c3ddf81a52fd01ca471ae6fcb6a0c422acbacc3b90f659629a9bbdde3,False,-24.999996,Down,0.51,v1,NIGHT,btc_5m_v1,1,False,0,False,1,False,1,False
1779358506961917,2026-05-21 10:15:06.961917,poly_updown_btc_5m_volume_INV_NIGHT,False,btc_5m_volume_INV_NIGHT,BTC,5m,UP,0x2796ea0c3ddf81a52fd01ca471ae6fcb6a0c422acbacc3b90f659629a9bbdde3,False,-24.999996,Down,0.51,v1,NIGHT,btc_5m_v1,1,False,0,False,1,False,1,False
1779358506961917,2026-05-21 10:15:06.961917,poly_updown_btc_5m_volume_INV_NIGHT,False,btc_5m_volume_INV_NIGHT,BTC,5m,UP,0x2796ea0c3ddf81a52fd01ca471ae6fcb6a0c422acbacc3b90f659629a9bbdde3,False,-24.999996,Down,0.51,v1,NIGHT,btc_5m_v1,1,False,0,False,1,False,1,False
1779358507652016,2026-05-21 10:15:07.652016,poly_updown_sol_15m_volume_INV_NIGHT,False,sol_15m_volume_INV_NIGHT,SOL,15m,DOWN,0xf666356bbdfd9f2d68473fca568529217f82f707161e4022e3af8b3f67248cb3,True,21.65614584,Down,0.5315199979647995,v1,NIGHT,sol_15m_v1,1,False,0,True,1,False,1,False
1779358507652016,2026-05-21 10:15:07.652016,poly_updown_sol_15m_volume_INV_NIGHT,False,sol_15m_volume_INV_NIGHT,SOL,15m,DOWN,0xf666356bbdfd9f2d68473fca568529217f82f707161e4022e3af8b3f67248cb3,True,21.65614584,Down,0.5315199979647995,v1,NIGHT,sol_15m_v1,1,False,0,True,1,False,1,False
1779358507652016,2026-05-21 10:15:07.652016,poly_updown_sol_15m_volume_INV_NIGHT,False,sol_15m_volume_INV_NIGHT,SOL,15m,DOWN,0xf666356bbdfd9f2d68473fca568529217f82f707161e4022e3af8b3f67248cb3,True,21.65614584,Down,0.5315199979647995,v1,NIGHT,sol_15m_v1,1,False,0,True,1,False,1,False
1779358507654640,2026-05-21 10:15:07.654640,poly_updown_btc_15m_volume_INV_NIGHT,False,btc_15m_volume_INV_NIGHT,BTC,15m,UP,0x97bc371fc77f82bb8a176791098d88104c82404dd1b0cddf25588ae51daad8b5,False,-24.999996,Down,0.51,v1,NIGHT,btc_15m_v1,1,False,0,False,1,False,1,False
1779358507654640,2026-05-21 10:15:07.654640,poly_updown_btc_15m_volume_INV_NIGHT,False,btc_15m_volume_INV_NIGHT,BTC,15m,UP,0x97bc371fc77f82bb8a176791098d88104c82404dd1b0cddf25588ae51daad8b5,False,-24.999996,Down,0.51,v1,NIGHT,btc_15m_v1,1,False,0,False,1,False,1,False
1779358507659491,2026-05-21 10:15:07.659491,poly_updown_eth_15m_volume_INV_NIGHT,False,eth_15m_volume_INV_NIGHT,ETH,15m,DOWN,0x43e96c5910ee72969206d729669b64f8cdf5b71142b7c203ea78610c930448e0,True,24.5,Down,0.5,v1,NIGHT,eth_15m_v1,1,False,0,True,1,False,1,False
1779358507659491,2026-05-21 10:15:07.659491,poly_updown_eth_15m_volume_INV_NIGHT,False,eth_15m_volume_INV_NIGHT,ETH,15m,DOWN,0x43e96c5910ee72969206d729669b64f8cdf5b71142b7c203ea78610c930448e0,True,24.5,Down,0.5,v1,NIGHT,eth_15m_v1,1,False,0,True,1,False,1,False
1779358507659491,2026-05-21 10:15:07.659491,poly_updown_eth_15m_volume_INV_NIGHT,False,eth_15m_volume_INV_NIGHT,ETH,15m,DOWN,0x43e96c5910ee72969206d729669b64f8cdf5b71142b7c203ea78610c930448e0,True,24.5,Down,0.5,v1,NIGHT,eth_15m_v1,1,False,0,True,1,False,1,False
1779358507659491,2026-05-21 10:15:07.659491,poly_updown_eth_15m_volume_INV_NIGHT,False,eth_15m_volume_INV_NIGHT,ETH,15m,DOWN,0x43e96c5910ee72969206d729669b64f8cdf5b71142b7c203ea78610c930448e0,True,24.5,Down,0.5,v1,NIGHT,eth_15m_v1,1,False,0,True,1,False,1,False
1779358510001240,2026-05-21 10:15:10.001240,poly_updown_btc_5m_volume_INV_NIGHT,False,btc_5m_volume_INV_NIGHT,BTC,5m,UP,0x2796ea0c3ddf81a52fd01ca471ae6fcb6a0c422acbacc3b90f659629a9bbdde3,False,-24.999996,Down,0.51,v1,NIGHT,btc_5m_v1,1,False,0,False,1,False,1,False
1779358510001240,2026-05-21 10:15:10.001240,poly_updown_btc_5m_volume_INV_NIGHT,False,btc_5m_volume_INV_NIGHT,BTC,5m,UP,0x2796ea0c3ddf81a52fd01ca471ae6fcb6a0c422acbacc3b90f659629a9bbdde3,False,-24.999996,Down,0.51,v1,NIGHT,btc_5m_v1,1,False,0,False,1,False,1,False
1779358510001240,2026-05-21 10:15:10.001240,poly_updown_btc_5m_volume_INV_NIGHT,False,btc_5m_volume_INV_NIGHT,BTC,5m,UP,0x2796ea0c3ddf81a52fd01ca471ae6fcb6a0c422acbacc3b90f659629a9bbdde3,False,-24.999996,Down,0.51,v1,NIGHT,btc_5m_v1,1,False,0,False,1,False,1,False
1779358510001240,2026-05-21 10:15:10.001240,poly_updown_btc_5m_volume_INV_NIGHT,False,btc_5m_volume_INV_NIGHT,BTC,5m,UP,0x2796ea0c3ddf81a52fd01ca471ae6fcb6a0c422acbacc3b90f659629a9bbdde3,False,-24.999996,Down,0.51,v1,NIGHT,btc_5m_v1,1,False,0,False,1,False,1,False
1779358510485149,2026-05-21 10:15:10.485149,poly_updown_btc_15m_volume_INV_NIGHT,False,btc_15m_volume_INV_NIGHT,BTC,15m,UP,0x97bc371fc77f82bb8a176791098d88104c82404dd1b0cddf25588ae51daad8b5,False,-24.999996,Down,0.51,v1,NIGHT,btc_15m_v1,1,False,0,False,1,False,1,False
1779358510485149,2026-05-21 10:15:10.485149,poly_updown_btc_15m_volume_INV_NIGHT,False,btc_15m_volume_INV_NIGHT,BTC,15m,UP,0x97bc371fc77f82bb8a176791098d88104c82404dd1b0cddf25588ae51daad8b5,False,-24.999996,Down,0.51,v1,NIGHT,btc_15m_v1,1,False,0,False,1,False,1,False
1779358510489827,2026-05-21 10:15:10.489827,poly_updown_eth_15m_volume_INV_NIGHT,False,eth_15m_volume_INV_NIGHT,ETH,15m,DOWN,0x43e96c5910ee72969206d729669b64f8cdf5b71142b7c203ea78610c930448e0,True,24.5,Down,0.5,v1,NIGHT,eth_15m_v1,1,False,0,True,1,False,1,False
1779358510489827,2026-05-21 10:15:10.489827,poly_updown_eth_15m_volume_INV_NIGHT,False,eth_15m_volume_INV_NIGHT,ETH,15m,DOWN,0x43e96c5910ee72969206d729669b64f8cdf5b71142b7c203ea78610c930448e0,True,24.5,Down,0.5,v1,NIGHT,eth_15m_v1,1,False,0,True,1,False,1,False
1779358510489827,2026-05-21 10:15:10.489827,poly_updown_eth_15m_volume_INV_NIGHT,False,eth_15m_volume_INV_NIGHT,ETH,15m,DOWN,0x43e96c5910ee72969206d729669b64f8cdf5b71142b7c203ea78610c930448e0,True,24.5,Down,0.5,v1,NIGHT,eth_15m_v1,1,False,0,True,1,False,1,False
1779358510489827,2026-05-21 10:15:10.489827,poly_updown_eth_15m_volume_INV_NIGHT,False,eth_15m_volume_INV_NIGHT,ETH,15m,DOWN,0x43e96c5910ee72969206d729669b64f8cdf5b71142b7c203ea78610c930448e0,True,24.5,Down,0.5,v1,NIGHT,eth_15m_v1,1,False,0,True,1,False,1,False
1779358510502517,2026-05-21 10:15:10.502517,poly_updown_sol_15m_volume_INV_NIGHT,False,sol_15m_volume_INV_NIGHT,SOL,15m,DOWN,0xf666356bbdfd9f2d68473fca568529217f82f707161e4022e3af8b3f67248cb3,True,21.65614584,Down,0.5315199979647995,v1,NIGHT,sol_15m_v1,1,False,0,True,1,False,1,False
1779358510502517,2026-05-21 10:15:10.502517,poly_updown_sol_15m_volume_INV_NIGHT,False,sol_15m_volume_INV_NIGHT,SOL,15m,DOWN,0xf666356bbdfd9f2d68473fca568529217f82f707161e4022e3af8b3f67248cb3,True,21.65614584,Down,0.5315199979647995,v1,NIGHT,sol_15m_v1,1,False,0,True,1,False,1,False
1779358510502517,2026-05-21 10:15:10.502517,poly_updown_sol_15m_volume_INV_NIGHT,False,sol_15m_volume_INV_NIGHT,SOL,15m,DOWN,0xf666356bbdfd9f2d68473fca568529217f82f707161e4022e3af8b3f67248cb3,True,21.65614584,Down,0.5315199979647995,v1,NIGHT,sol_15m_v1,1,False,0,True,1,False,1,False
1779358802924691,2026-05-21 10:20:02.924691,poly_updown_btc_5m_volume_INV_NIGHT,False,btc_5m_volume_INV_NIGHT,BTC,5m,DOWN,0xd20e2a92459a65d3a2cc54cb2f8dbdb7f59b6fa6c2e1673d6c99859cda29d9c2,True,24.5,Down,0.5,v1,NIGHT,btc_5m_v1,1,False,0,True,1,False,1,False
1779358802924691,2026-05-21 10:20:02.924691,poly_updown_btc_5m_volume_INV_NIGHT,False,btc_5m_volume_INV_NIGHT,BTC,5m,DOWN,0xd20e2a92459a65d3a2cc54cb2f8dbdb7f59b6fa6c2e1673d6c99859cda29d9c2,True,24.5,Down,0.5,v1,NIGHT,btc_5m_v1,1,False,0,True,1,False,1,False
1779358802924691,2026-05-21 10:20:02.924691,poly_updown_btc_5m_volume_INV_NIGHT,False,btc_5m_volume_INV_NIGHT,BTC,5m,DOWN,0xd20e2a92459a65d3a2cc54cb2f8dbdb7f59b6fa6c2e1673d6c99859cda29d9c2,True,24.5,Down,0.5,v1,NIGHT,btc_5m_v1,1,False,0,True,1,False,1,False
1779358802924691,2026-05-21 10:20:02.924691,poly_updown_btc_5m_volume_INV_NIGHT,False,btc_5m_volume_INV_NIGHT,BTC,5m,DOWN,0xd20e2a92459a65d3a2cc54cb2f8dbdb7f59b6fa6c2e1673d6c99859cda29d9c2,True,24.5,Down,0.5,v1,NIGHT,btc_5m_v1,1,False,0,True,1,False,1,False
1779358807331260,2026-05-21 10:20:07.331260,poly_updown_btc_5m_volume_INV_NIGHT,False,btc_5m_volume_INV_NIGHT,BTC,5m,DOWN,0xd20e2a92459a65d3a2cc54cb2f8dbdb7f59b6fa6c2e1673d6c99859cda29d9c2,True,24.5,Down,0.5,v1,NIGHT,btc_5m_v1,1,False,0,True,1,False,1,False
1779358807331260,2026-05-21 10:20:07.331260,poly_updown_btc_5m_volume_INV_NIGHT,False,btc_5m_volume_INV_NIGHT,BTC,5m,DOWN,0xd20e2a92459a65d3a2cc54cb2f8dbdb7f59b6fa6c2e1673d6c99859cda29d9c2,True,24.5,Down,0.5,v1,NIGHT,btc_5m_v1,1,False,0,True,1,False,1,False
1779358807331260,2026-05-21 10:20:07.331260,poly_updown_btc_5m_volume_INV_NIGHT,False,btc_5m_volume_INV_NIGHT,BTC,5m,DOWN,0xd20e2a92459a65d3a2cc54cb2f8dbdb7f59b6fa6c2e1673d6c99859cda29d9c2,True,24.5,Down,0.5,v1,NIGHT,btc_5m_v1,1,False,0,True,1,False,1,False
1779358807331260,2026-05-21 10:20:07.331260,poly_updown_btc_5m_volume_INV_NIGHT,False,btc_5m_volume_INV_NIGHT,BTC,5m,DOWN,0xd20e2a92459a65d3a2cc54cb2f8dbdb7f59b6fa6c2e1673d6c99859cda29d9c2,True,24.5,Down,0.5,v1,NIGHT,btc_5m_v1,1,False,0,True,1,False,1,False
1779359107253383,2026-05-21 10:25:07.253383,poly_updown_btc_5m_volume_INV_NIGHT,False,btc_5m_volume_INV_NIGHT,BTC,5m,DOWN,0x4566cd403f9987b481296fd25e75cc58c7d5c48fdc9b2d0802e98df6354cda6a,False,-25.0,Up,0.5,v1,NIGHT,btc_5m_v1,1,False,0,True,1,False,1,False
1779359107253383,2026-05-21 10:25:07.253383,poly_updown_btc_5m_volume_INV_NIGHT,False,btc_5m_volume_INV_NIGHT,BTC,5m,DOWN,0x4566cd403f9987b481296fd25e75cc58c7d5c48fdc9b2d0802e98df6354cda6a,False,-25.0,Up,0.5,v1,NIGHT,btc_5m_v1,1,False,0,True,1,False,1,False
1779359162296391,2026-05-21 10:26:02.296391,poly_updown_btc_5m_momo_v2_SELL_f7,True,btc_5m_momo_v2_SELL,BTC,5m,DOWN,0x4566cd403f9987b481296fd25e75cc58c7d5c48fdc9b2d0802e98df6354cda6a,False,-24.999984,Up,0.48,v2,SELL,btc_5m_v2,0,True,0,True,1,False,1,False
1779359162296391,2026-05-21 10:26:02.296391,poly_updown_btc_5m_momo_v2_SELL_f7,True,btc_5m_momo_v2_SELL,BTC,5m,DOWN,0x4566cd403f9987b481296fd25e75cc58c7d5c48fdc9b2d0802e98df6354cda6a,False,-24.999984,Up,0.48,v2,SELL,btc_5m_v2,0,True,0,True,1,False,1,False
1779359162296391,2026-05-21 10:26:02.296391,poly_updown_btc_5m_momo_v2_SELL_f7,True,btc_5m_momo_v2_SELL,BTC,5m,DOWN,0x4566cd403f9987b481296fd25e75cc58c7d5c48fdc9b2d0802e98df6354cda6a,False,-24.999984,Up,0.48,v2,SELL,btc_5m_v2,0,True,0,True,1,False,1,False
1779359162296391,2026-05-21 10:26:02.296391,poly_updown_btc_5m_momo_v2_SELL_f7,True,btc_5m_momo_v2_SELL,BTC,5m,DOWN,0x4566cd403f9987b481296fd25e75cc58c7d5c48fdc9b2d0802e98df6354cda6a,False,-24.999984,Up,0.48,v2,SELL,btc_5m_v2,0,True,0,True,1,False,1,False
1779359162296589,2026-05-21 10:26:02.296589,poly_updown_eth_5m_momo_v2_HOLD_f7,True,eth_5m_momo_v2_HOLD,ETH,5m,DOWN,0x5a8a6c44186e74f11cac3690dc01bdffcce733d6b1258e520d1e3d0a759bdb55,False,-25.742786,Up,0.4839651898615189,v2,HOLD,eth_5m_v2,0,True,0,True,1,False,1,False
1779359162296589,2026-05-21 10:26:02.296589,poly_updown_eth_5m_momo_v2_HOLD_f7,True,eth_5m_momo_v2_HOLD,ETH,5m,DOWN,0x5a8a6c44186e74f11cac3690dc01bdffcce733d6b1258e520d1e3d0a759bdb55,False,-25.742786,Up,0.4839651898615189,v2,HOLD,eth_5m_v2,0,True,0,True,1,False,1,False
1779359162296589,2026-05-21 10:26:02.296589,poly_updown_eth_5m_momo_v2_HOLD_f7,True,eth_5m_momo_v2_HOLD,ETH,5m,DOWN,0x5a8a6c44186e74f11cac3690dc01bdffcce733d6b1258e520d1e3d0a759bdb55,False,-25.881986,Up,0.4865821542580191,v2,HOLD,eth_5m_v2,0,True,0,True,1,False,1,False
1779359162296589,2026-05-21 10:26:02.296589,poly_updown_eth_5m_momo_v2_HOLD_f7,True,eth_5m_momo_v2_HOLD,ETH,5m,DOWN,0x5a8a6c44186e74f11cac3690dc01bdffcce733d6b1258e520d1e3d0a759bdb55,False,-25.881986,Up,0.4865821542580191,v2,HOLD,eth_5m_v2,0,True,0,True,1,False,1,False
1779359162298148,2026-05-21 10:26:02.298148,poly_updown_eth_5m_momo_v2_HEDGE_f7,True,eth_5m_momo_v2_HEDGE,ETH,5m,DOWN,0x5a8a6c44186e74f11cac3690dc01bdffcce733d6b1258e520d1e3d0a759bdb55,False,-25.742786,Up,0.4839651898615189,v2,HEDGE,eth_5m_v2,0,True,0,True,1,False,1,False
1779359162298148,2026-05-21 10:26:02.298148,poly_updown_eth_5m_momo_v2_HEDGE_f7,True,eth_5m_momo_v2_HEDGE,ETH,5m,DOWN,0x5a8a6c44186e74f11cac3690dc01bdffcce733d6b1258e520d1e3d0a759bdb55,False,-25.742786,Up,0.4839651898615189,v2,HEDGE,eth_5m_v2,0,True,0,True,1,False,1,False
1779359162298148,2026-05-21 10:26:02.298148,poly_updown_eth_5m_momo_v2_HEDGE_f7,True,eth_5m_momo_v2_HEDGE,ETH,5m,DOWN,0x5a8a6c44186e74f11cac3690dc01bdffcce733d6b1258e520d1e3d0a759bdb55,False,-25.881986,Up,0.4865821542580191,v2,HEDGE,eth_5m_v2,0,True,0,True,1,False,1,False
1779359162298148,2026-05-21 10:26:02.298148,poly_updown_eth_5m_momo_v2_HEDGE_f7,True,eth_5m_momo_v2_HEDGE,ETH,5m,DOWN,0x5a8a6c44186e74f11cac3690dc01bdffcce733d6b1258e520d1e3d0a759bdb55,False,-25.881986,Up,0.4865821542580191,v2,HEDGE,eth_5m_v2,0,True,0,True,1,False,1,False
1779359162301204,2026-05-21 10:26:02.301204,poly_updown_eth_5m_momo_v2_SELL_f7,True,eth_5m_momo_v2_SELL,ETH,5m,DOWN,0x5a8a6c44186e74f11cac3690dc01bdffcce733d6b1258e520d1e3d0a759bdb55,False,-25.742786,Up,0.4839651898615189,v2,SELL,eth_5m_v2,0,True,0,True,1,False,1,False
1779359162301204,2026-05-21 10:26:02.301204,poly_updown_eth_5m_momo_v2_SELL_f7,True,eth_5m_momo_v2_SELL,ETH,5m,DOWN,0x5a8a6c44186e74f11cac3690dc01bdffcce733d6b1258e520d1e3d0a759bdb55,False,-25.742786,Up,0.4839651898615189,v2,SELL,eth_5m_v2,0,True,0,True,1,False,1,False
1779359162301204,2026-05-21 10:26:02.301204,poly_updown_eth_5m_momo_v2_SELL_f7,True,eth_5m_momo_v2_SELL,ETH,5m,DOWN,0x5a8a6c44186e74f11cac3690dc01bdffcce733d6b1258e520d1e3d0a759bdb55,False,-25.881986,Up,0.4865821542580191,v2,SELL,eth_5m_v2,0,True,0,True,1,False,1,False
1779359162301204,2026-05-21 10:26:02.301204,poly_updown_eth_5m_momo_v2_SELL_f7,True,eth_5m_momo_v2_SELL,ETH,5m,DOWN,0x5a8a6c44186e74f11cac3690dc01bdffcce733d6b1258e520d1e3d0a759bdb55,False,-25.881986,Up,0.4865821542580191,v2,SELL,eth_5m_v2,0,True,0,True,1,False,1,False
1779359162301789,2026-05-21 10:26:02.301789,poly_updown_btc_5m_momo_v2_HEDGE_f7,True,btc_5m_momo_v2_HEDGE,BTC,5m,DOWN,0x4566cd403f9987b481296fd25e75cc58c7d5c48fdc9b2d0802e98df6354cda6a,False,-24.999984,Up,0.48,v2,HEDGE,btc_5m_v2,0,True,0,True,1,False,1,False
1779359162301789,2026-05-21 10:26:02.301789,poly_updown_btc_5m_momo_v2_HEDGE_f7,True,btc_5m_momo_v2_HEDGE,BTC,5m,DOWN,0x4566cd403f9987b481296fd25e75cc58c7d5c48fdc9b2d0802e98df6354cda6a,False,-24.999984,Up,0.48,v2,HEDGE,btc_5m_v2,0,True,0,True,1,False,1,False
1779359162301789,2026-05-21 10:26:02.301789,poly_updown_btc_5m_momo_v2_HEDGE_f7,True,btc_5m_momo_v2_HEDGE,BTC,5m,DOWN,0x4566cd403f9987b481296fd25e75cc58c7d5c48fdc9b2d0802e98df6354cda6a,False,-24.999984,Up,0.48,v2,HEDGE,btc_5m_v2,0,True,0,True,1,False,1,False
1779359162301789,2026-05-21 10:26:02.301789,poly_updown_btc_5m_momo_v2_HEDGE_f7,True,btc_5m_momo_v2_HEDGE,BTC,5m,DOWN,0x4566cd403f9987b481296fd25e75cc58c7d5c48fdc9b2d0802e98df6354cda6a,False,-24.999984,Up,0.48,v2,HEDGE,btc_5m_v2,0,True,0,True,1,False,1,False
1779359162901987,2026-05-21 10:26:02.901987,poly_updown_btc_5m_momo_v2_HOLD_f7,True,btc_5m_momo_v2_HOLD,BTC,5m,DOWN,0x4566cd403f9987b481296fd25e75cc58c7d5c48fdc9b2d0802e98df6354cda6a,False,-24.999984,Up,0.48,v2,HOLD,btc_5m_v2,0,True,0,True,1,False,1,False
1779359162901987,2026-05-21 10:26:02.901987,poly_updown_btc_5m_momo_v2_HOLD_f7,True,btc_5m_momo_v2_HOLD,BTC,5m,DOWN,0x4566cd403f9987b481296fd25e75cc58c7d5c48fdc9b2d0802e98df6354cda6a,False,-24.999984,Up,0.48,v2,HOLD,btc_5m_v2,0,True,0,True,1,False,1,False
1779359162901987,2026-05-21 10:26:02.901987,poly_updown_btc_5m_momo_v2_HOLD_f7,True,btc_5m_momo_v2_HOLD,BTC,5m,DOWN,0x4566cd403f9987b481296fd25e75cc58c7d5c48fdc9b2d0802e98df6354cda6a,False,-24.999984,Up,0.48,v2,HOLD,btc_5m_v2,0,True,0,True,1,False,1,False
1779359162901987,2026-05-21 10:26:02.901987,poly_updown_btc_5m_momo_v2_HOLD_f7,True,btc_5m_momo_v2_HOLD,BTC,5m,DOWN,0x4566cd403f9987b481296fd25e75cc58c7d5c48fdc9b2d0802e98df6354cda6a,False,-24.999984,Up,0.48,v2,HOLD,btc_5m_v2,0,True,0,True,1,False,1,False
1779359167765305,2026-05-21 10:26:07.765305,poly_updown_eth_5m_momo_v2_SELL_f7,True,eth_5m_momo_v2_SELL,ETH,5m,DOWN,0x5a8a6c44186e74f11cac3690dc01bdffcce733d6b1258e520d1e3d0a759bdb55,False,-25.742786,Up,0.4839651898615189,v2,SELL,eth_5m_v2,0,True,0,True,1,False,1,False
1779359167765305,2026-05-21 10:26:07.765305,poly_updown_eth_5m_momo_v2_SELL_f7,True,eth_5m_momo_v2_SELL,ETH,5m,DOWN,0x5a8a6c44186e74f11cac3690dc01bdffcce733d6b1258e520d1e3d0a759bdb55,False,-25.742786,Up,0.4839651898615189,v2,SELL,eth_5m_v2,0,True,0,True,1,False,1,False
1779359167765305,2026-05-21 10:26:07.765305,poly_updown_eth_5m_momo_v2_SELL_f7,True,eth_5m_momo_v2_SELL,ETH,5m,DOWN,0x5a8a6c44186e74f11cac3690dc01bdffcce733d6b1258e520d1e3d0a759bdb55,False,-25.881986,Up,0.4865821542580191,v2,SELL,eth_5m_v2,0,True,0,True,1,False,1,False
1779359167765305,2026-05-21 10:26:07.765305,poly_updown_eth_5m_momo_v2_SELL_f7,True,eth_5m_momo_v2_SELL,ETH,5m,DOWN,0x5a8a6c44186e74f11cac3690dc01bdffcce733d6b1258e520d1e3d0a759bdb55,False,-25.881986,Up,0.4865821542580191,v2,SELL,eth_5m_v2,0,True,0,True,1,False,1,False
1779359167773211,2026-05-21 10:26:07.773211,poly_updown_btc_5m_momo_v2_HOLD_f7,True,btc_5m_momo_v2_HOLD,BTC,5m,DOWN,0x4566cd403f9987b481296fd25e75cc58c7d5c48fdc9b2d0802e98df6354cda6a,False,-24.999984,Up,0.48,v2,HOLD,btc_5m_v2,0,True,0,True,1,False,1,False
1779359167773211,2026-05-21 10:26:07.773211,poly_updown_btc_5m_momo_v2_HOLD_f7,True,btc_5m_momo_v2_HOLD,BTC,5m,DOWN,0x4566cd403f9987b481296fd25e75cc58c7d5c48fdc9b2d0802e98df6354cda6a,False,-24.999984,Up,0.48,v2,HOLD,btc_5m_v2,0,True,0,True,1,False,1,False
1779359167773211,2026-05-21 10:26:07.773211,poly_updown_btc_5m_momo_v2_HOLD_f7,True,btc_5m_momo_v2_HOLD,BTC,5m,DOWN,0x4566cd403f9987b481296fd25e75cc58c7d5c48fdc9b2d0802e98df6354cda6a,False,-24.999984,Up,0.48,v2,HOLD,btc_5m_v2,0,True,0,True,1,False,1,False
1779359167773211,2026-05-21 10:26:07.773211,poly_updown_btc_5m_momo_v2_HOLD_f7,True,btc_5m_momo_v2_HOLD,BTC,5m,DOWN,0x4566cd403f9987b481296fd25e75cc58c7d5c48fdc9b2d0802e98df6354cda6a,False,-24.999984,Up,0.48,v2,HOLD,btc_5m_v2,0,True,0,True,1,False,1,False
1779359167773600,2026-05-21 10:26:07.773600,poly_updown_eth_5m_momo_v2_HEDGE_f7,True,eth_5m_momo_v2_HEDGE,ETH,5m,DOWN,0x5a8a6c44186e74f11cac3690dc01bdffcce733d6b1258e520d1e3d0a759bdb55,False,-25.742786,Up,0.4839651898615189,v2,HEDGE,eth_5m_v2,0,True,0,True,1,False,1,False
1779359167773600,2026-05-21 10:26:07.773600,poly_updown_eth_5m_momo_v2_HEDGE_f7,True,eth_5m_momo_v2_HEDGE,ETH,5m,DOWN,0x5a8a6c44186e74f11cac3690dc01bdffcce733d6b1258e520d1e3d0a759bdb55,False,-25.742786,Up,0.4839651898615189,v2,HEDGE,eth_5m_v2,0,True,0,True,1,False,1,False
1779359167773600,2026-05-21 10:26:07.773600,poly_updown_eth_5m_momo_v2_HEDGE_f7,True,eth_5m_momo_v2_HEDGE,ETH,5m,DOWN,0x5a8a6c44186e74f11cac3690dc01bdffcce733d6b1258e520d1e3d0a759bdb55,False,-25.881986,Up,0.4865821542580191,v2,HEDGE,eth_5m_v2,0,True,0,True,1,False,1,False
1779359167773600,2026-05-21 10:26:07.773600,poly_updown_eth_5m_momo_v2_HEDGE_f7,True,eth_5m_momo_v2_HEDGE,ETH,5m,DOWN,0x5a8a6c44186e74f11cac3690dc01bdffcce733d6b1258e520d1e3d0a759bdb55,False,-25.881986,Up,0.4865821542580191,v2,HEDGE,eth_5m_v2,0,True,0,True,1,False,1,False
1779359167774658,2026-05-21 10:26:07.774658,poly_updown_eth_5m_momo_v2_HOLD_f7,True,eth_5m_momo_v2_HOLD,ETH,5m,DOWN,0x5a8a6c44186e74f11cac3690dc01bdffcce733d6b1258e520d1e3d0a759bdb55,False,-25.742786,Up,0.4839651898615189,v2,HOLD,eth_5m_v2,0,True,0,True,1,False,1,False
1779359167774658,2026-05-21 10:26:07.774658,poly_updown_eth_5m_momo_v2_HOLD_f7,True,eth_5m_momo_v2_HOLD,ETH,5m,DOWN,0x5a8a6c44186e74f11cac3690dc01bdffcce733d6b1258e520d1e3d0a759bdb55,False,-25.742786,Up,0.4839651898615189,v2,HOLD,eth_5m_v2,0,True,0,True,1,False,1,False
1779359167774658,2026-05-21 10:26:07.774658,poly_updown_eth_5m_momo_v2_HOLD_f7,True,eth_5m_momo_v2_HOLD,ETH,5m,DOWN,0x5a8a6c44186e74f11cac3690dc01bdffcce733d6b1258e520d1e3d0a759bdb55,False,-25.881986,Up,0.4865821542580191,v2,HOLD,eth_5m_v2,0,True,0,True,1,False,1,False
1779359167774658,2026-05-21 10:26:07.774658,poly_updown_eth_5m_momo_v2_HOLD_f7,True,eth_5m_momo_v2_HOLD,ETH,5m,DOWN,0x5a8a6c44186e74f11cac3690dc01bdffcce733d6b1258e520d1e3d0a759bdb55,False,-25.881986,Up,0.4865821542580191,v2,HOLD,eth_5m_v2,0,True,0,True,1,False,1,False
1779359167777467,2026-05-21 10:26:07.777467,poly_updown_btc_5m_momo_v2_SELL_f7,True,btc_5m_momo_v2_SELL,BTC,5m,DOWN,0x4566cd403f9987b481296fd25e75cc58c7d5c48fdc9b2d0802e98df6354cda6a,False,-24.999984,Up,0.48,v2,SELL,btc_5m_v2,0,True,0,True,1,False,1,False
1779359167777467,2026-05-21 10:26:07.777467,poly_updown_btc_5m_momo_v2_SELL_f7,True,btc_5m_momo_v2_SELL,BTC,5m,DOWN,0x4566cd403f9987b481296fd25e75cc58c7d5c48fdc9b2d0802e98df6354cda6a,False,-24.999984,Up,0.48,v2,SELL,btc_5m_v2,0,True,0,True,1,False,1,False
1779359167777467,2026-05-21 10:26:07.777467,poly_updown_btc_5m_momo_v2_SELL_f7,True,btc_5m_momo_v2_SELL,BTC,5m,DOWN,0x4566cd403f9987b481296fd25e75cc58c7d5c48fdc9b2d0802e98df6354cda6a,False,-24.999984,Up,0.48,v2,SELL,btc_5m_v2,0,True,0,True,1,False,1,False
1779359167777467,2026-05-21 10:26:07.777467,poly_updown_btc_5m_momo_v2_SELL_f7,True,btc_5m_momo_v2_SELL,BTC,5m,DOWN,0x4566cd403f9987b481296fd25e75cc58c7d5c48fdc9b2d0802e98df6354cda6a,False,-24.999984,Up,0.48,v2,SELL,btc_5m_v2,0,True,0,True,1,False,1,False
1779359167778141,2026-05-21 10:26:07.778141,poly_updown_btc_5m_momo_v2_HEDGE_f7,True,btc_5m_momo_v2_HEDGE,BTC,5m,DOWN,0x4566cd403f9987b481296fd25e75cc58c7d5c48fdc9b2d0802e98df6354cda6a,False,-24.999984,Up,0.48,v2,HEDGE,btc_5m_v2,0,True,0,True,1,False,1,False
1779359167778141,2026-05-21 10:26:07.778141,poly_updown_btc_5m_momo_v2_HEDGE_f7,True,btc_5m_momo_v2_HEDGE,BTC,5m,DOWN,0x4566cd403f9987b481296fd25e75cc58c7d5c48fdc9b2d0802e98df6354cda6a,False,-24.999984,Up,0.48,v2,HEDGE,btc_5m_v2,0,True,0,True,1,False,1,False
1779359167778141,2026-05-21 10:26:07.778141,poly_updown_btc_5m_momo_v2_HEDGE_f7,True,btc_5m_momo_v2_HEDGE,BTC,5m,DOWN,0x4566cd403f9987b481296fd25e75cc58c7d5c48fdc9b2d0802e98df6354cda6a,False,-24.999984,Up,0.48,v2,HEDGE,btc_5m_v2,0,True,0,True,1,False,1,False
1779359167778141,2026-05-21 10:26:07.778141,poly_updown_btc_5m_momo_v2_HEDGE_f7,True,btc_5m_momo_v2_HEDGE,BTC,5m,DOWN,0x4566cd403f9987b481296fd25e75cc58c7d5c48fdc9b2d0802e98df6354cda6a,False,-24.999984,Up,0.48,v2,HEDGE,btc_5m_v2,0,True,0,True,1,False,1,False
1779359224391473,2026-05-21 10:27:04.391473,poly_updown_eth_5m_momo_HEDGE_f7,True,eth_5m_momo_HEDGE,ETH,5m,DOWN,0x5a8a6c44186e74f11cac3690dc01bdffcce733d6b1258e520d1e3d0a759bdb55,False,-24.999958,Up,0.47,v1,HEDGE,eth_5m_v1,0,True,0,True,0,True,1,False
1779359224391473,2026-05-21 10:27:04.391473,poly_updown_eth_5m_momo_HEDGE_f7,True,eth_5m_momo_HEDGE,ETH,5m,DOWN,0x5a8a6c44186e74f11cac3690dc01bdffcce733d6b1258e520d1e3d0a759bdb55,False,-24.999958,Up,0.47,v1,HEDGE,eth_5m_v1,0,True,0,True,0,True,1,False
1779359224391473,2026-05-21 10:27:04.391473,poly_updown_eth_5m_momo_HEDGE_f7,True,eth_5m_momo_HEDGE,ETH,5m,DOWN,0x5a8a6c44186e74f11cac3690dc01bdffcce733d6b1258e520d1e3d0a759bdb55,False,-24.999958,Up,0.47,v1,HEDGE,eth_5m_v1,0,True,0,True,0,True,1,False
1779359224391473,2026-05-21 10:27:04.391473,poly_updown_eth_5m_momo_HEDGE_f7,True,eth_5m_momo_HEDGE,ETH,5m,DOWN,0x5a8a6c44186e74f11cac3690dc01bdffcce733d6b1258e520d1e3d0a759bdb55,False,-24.999958,Up,0.47,v1,HEDGE,eth_5m_v1,0,True,0,True,0,True,1,False
1779359224393269,2026-05-21 10:27:04.393269,poly_updown_btc_5m_momo_HOLD_f7,True,btc_5m_momo_HOLD,BTC,5m,DOWN,0x4566cd403f9987b481296fd25e75cc58c7d5c48fdc9b2d0802e98df6354cda6a,False,-25.173466,Up,0.4631919967321584,v1,HOLD,btc_5m_v1,0,True,0,True,0,True,1,False
1779359224393269,2026-05-21 10:27:04.393269,poly_updown_btc_5m_momo_HOLD_f7,True,btc_5m_momo_HOLD,BTC,5m,DOWN,0x4566cd403f9987b481296fd25e75cc58c7d5c48fdc9b2d0802e98df6354cda6a,False,-25.173466,Up,0.4631919967321584,v1,HOLD,btc_5m_v1,0,True,0,True,0,True,1,False
1779359224393269,2026-05-21 10:27:04.393269,poly_updown_btc_5m_momo_HOLD_f7,True,btc_5m_momo_HOLD,BTC,5m,DOWN,0x4566cd403f9987b481296fd25e75cc58c7d5c48fdc9b2d0802e98df6354cda6a,False,-25.233266,Up,0.4642923172603122,v1,HOLD,btc_5m_v1,0,True,0,True,0,True,1,False
1779359224393269,2026-05-21 10:27:04.393269,poly_updown_btc_5m_momo_HOLD_f7,True,btc_5m_momo_HOLD,BTC,5m,DOWN,0x4566cd403f9987b481296fd25e75cc58c7d5c48fdc9b2d0802e98df6354cda6a,False,-25.233266,Up,0.4642923172603122,v1,HOLD,btc_5m_v1,0,True,0,True,0,True,1,False
1779359224396366,2026-05-21 10:27:04.396366,poly_updown_eth_5m_momo_SELL_f7,True,eth_5m_momo_SELL,ETH,5m,DOWN,0x5a8a6c44186e74f11cac3690dc01bdffcce733d6b1258e520d1e3d0a759bdb55,False,-24.999958,Up,0.47,v1,SELL,eth_5m_v1,0,True,0,True,0,True,1,False
1779359224396366,2026-05-21 10:27:04.396366,poly_updown_eth_5m_momo_SELL_f7,True,eth_5m_momo_SELL,ETH,5m,DOWN,0x5a8a6c44186e74f11cac3690dc01bdffcce733d6b1258e520d1e3d0a759bdb55,False,-24.999958,Up,0.47,v1,SELL,eth_5m_v1,0,True,0,True,0,True,1,False
1779359224396366,2026-05-21 10:27:04.396366,poly_updown_eth_5m_momo_SELL_f7,True,eth_5m_momo_SELL,ETH,5m,DOWN,0x5a8a6c44186e74f11cac3690dc01bdffcce733d6b1258e520d1e3d0a759bdb55,False,-24.999958,Up,0.47,v1,SELL,eth_5m_v1,0,True,0,True,0,True,1,False
1779359224396366,2026-05-21 10:27:04.396366,poly_updown_eth_5m_momo_SELL_f7,True,eth_5m_momo_SELL,ETH,5m,DOWN,0x5a8a6c44186e74f11cac3690dc01bdffcce733d6b1258e520d1e3d0a759bdb55,False,-24.999958,Up,0.47,v1,SELL,eth_5m_v1,0,True,0,True,0,True,1,False
1779359224397296,2026-05-21 10:27:04.397296,poly_updown_btc_5m_momo_SELL_f7,True,btc_5m_momo_SELL,BTC,5m,DOWN,0x4566cd403f9987b481296fd25e75cc58c7d5c48fdc9b2d0802e98df6354cda6a,False,-25.173466,Up,0.4631919967321584,v1,SELL,btc_5m_v1,0,True,0,True,0,True,1,False
1779359224397296,2026-05-21 10:27:04.397296,poly_updown_btc_5m_momo_SELL_f7,True,btc_5m_momo_SELL,BTC,5m,DOWN,0x4566cd403f9987b481296fd25e75cc58c7d5c48fdc9b2d0802e98df6354cda6a,False,-25.173466,Up,0.4631919967321584,v1,SELL,btc_5m_v1,0,True,0,True,0,True,1,False
1779359224397296,2026-05-21 10:27:04.397296,poly_updown_btc_5m_momo_SELL_f7,True,btc_5m_momo_SELL,BTC,5m,DOWN,0x4566cd403f9987b481296fd25e75cc58c7d5c48fdc9b2d0802e98df6354cda6a,False,-25.233266,Up,0.4642923172603122,v1,SELL,btc_5m_v1,0,True,0,True,0,True,1,False
1779359224397296,2026-05-21 10:27:04.397296,poly_updown_btc_5m_momo_SELL_f7,True,btc_5m_momo_SELL,BTC,5m,DOWN,0x4566cd403f9987b481296fd25e75cc58c7d5c48fdc9b2d0802e98df6354cda6a,False,-25.233266,Up,0.4642923172603122,v1,SELL,btc_5m_v1,0,True,0,True,0,True,1,False
1779359224405214,2026-05-21 10:27:04.405214,poly_updown_btc_5m_momo_HEDGE_f7,True,btc_5m_momo_HEDGE,BTC,5m,DOWN,0x4566cd403f9987b481296fd25e75cc58c7d5c48fdc9b2d0802e98df6354cda6a,False,-25.173466,Up,0.4631919967321584,v1,HEDGE,btc_5m_v1,0,True,0,True,0,True,1,False
1779359224405214,2026-05-21 10:27:04.405214,poly_updown_btc_5m_momo_HEDGE_f7,True,btc_5m_momo_HEDGE,BTC,5m,DOWN,0x4566cd403f9987b481296fd25e75cc58c7d5c48fdc9b2d0802e98df6354cda6a,False,-25.173466,Up,0.4631919967321584,v1,HEDGE,btc_5m_v1,0,True,0,True,0,True,1,False
1779359224405214,2026-05-21 10:27:04.405214,poly_updown_btc_5m_momo_HEDGE_f7,True,btc_5m_momo_HEDGE,BTC,5m,DOWN,0x4566cd403f9987b481296fd25e75cc58c7d5c48fdc9b2d0802e98df6354cda6a,False,-25.233266,Up,0.4642923172603122,v1,HEDGE,btc_5m_v1,0,True,0,True,0,True,1,False
1779359224405214,2026-05-21 10:27:04.405214,poly_updown_btc_5m_momo_HEDGE_f7,True,btc_5m_momo_HEDGE,BTC,5m,DOWN,0x4566cd403f9987b481296fd25e75cc58c7d5c48fdc9b2d0802e98df6354cda6a,False,-25.233266,Up,0.4642923172603122,v1,HEDGE,btc_5m_v1,0,True,0,True,0,True,1,False
1779359224482829,2026-05-21 10:27:04.482829,poly_updown_eth_5m_momo_HOLD_f7,True,eth_5m_momo_HOLD,ETH,5m,DOWN,0x5a8a6c44186e74f11cac3690dc01bdffcce733d6b1258e520d1e3d0a759bdb55,False,-24.999958,Up,0.47,v1,HOLD,eth_5m_v1,0,True,0,True,0,True,1,False
1779359224482829,2026-05-21 10:27:04.482829,poly_updown_eth_5m_momo_HOLD_f7,True,eth_5m_momo_HOLD,ETH,5m,DOWN,0x5a8a6c44186e74f11cac3690dc01bdffcce733d6b1258e520d1e3d0a759bdb55,False,-24.999958,Up,0.47,v1,HOLD,eth_5m_v1,0,True,0,True,0,True,1,False
1779359224482829,2026-05-21 10:27:04.482829,poly_updown_eth_5m_momo_HOLD_f7,True,eth_5m_momo_HOLD,ETH,5m,DOWN,0x5a8a6c44186e74f11cac3690dc01bdffcce733d6b1258e520d1e3d0a759bdb55,False,-24.999958,Up,0.47,v1,HOLD,eth_5m_v1,0,True,0,True,0,True,1,False
1779359224482829,2026-05-21 10:27:04.482829,poly_updown_eth_5m_momo_HOLD_f7,True,eth_5m_momo_HOLD,ETH,5m,DOWN,0x5a8a6c44186e74f11cac3690dc01bdffcce733d6b1258e520d1e3d0a759bdb55,False,-24.999958,Up,0.47,v1,HOLD,eth_5m_v1,0,True,0,True,0,True,1,False
1779359228422775,2026-05-21 10:27:08.422775,poly_updown_btc_5m_momo_SELL_f7,True,btc_5m_momo_SELL,BTC,5m,DOWN,0x4566cd403f9987b481296fd25e75cc58c7d5c48fdc9b2d0802e98df6354cda6a,False,-25.173466,Up,0.4631919967321584,v1,SELL,btc_5m_v1,0,True,0,True,0,True,1,False
1779359228422775,2026-05-21 10:27:08.422775,poly_updown_btc_5m_momo_SELL_f7,True,btc_5m_momo_SELL,BTC,5m,DOWN,0x4566cd403f9987b481296fd25e75cc58c7d5c48fdc9b2d0802e98df6354cda6a,False,-25.173466,Up,0.4631919967321584,v1,SELL,btc_5m_v1,0,True,0,True,0,True,1,False
1779359228422775,2026-05-21 10:27:08.422775,poly_updown_btc_5m_momo_SELL_f7,True,btc_5m_momo_SELL,BTC,5m,DOWN,0x4566cd403f9987b481296fd25e75cc58c7d5c48fdc9b2d0802e98df6354cda6a,False,-25.233266,Up,0.4642923172603122,v1,SELL,btc_5m_v1,0,True,0,True,0,True,1,False
1779359228422775,2026-05-21 10:27:08.422775,poly_updown_btc_5m_momo_SELL_f7,True,btc_5m_momo_SELL,BTC,5m,DOWN,0x4566cd403f9987b481296fd25e75cc58c7d5c48fdc9b2d0802e98df6354cda6a,False,-25.233266,Up,0.4642923172603122,v1,SELL,btc_5m_v1,0,True,0,True,0,True,1,False
1779359228424391,2026-05-21 10:27:08.424391,poly_updown_eth_5m_momo_HEDGE_f7,True,eth_5m_momo_HEDGE,ETH,5m,DOWN,0x5a8a6c44186e74f11cac3690dc01bdffcce733d6b1258e520d1e3d0a759bdb55,False,-24.999958,Up,0.47,v1,HEDGE,eth_5m_v1,0,True,0,True,0,True,1,False
1779359228424391,2026-05-21 10:27:08.424391,poly_updown_eth_5m_momo_HEDGE_f7,True,eth_5m_momo_HEDGE,ETH,5m,DOWN,0x5a8a6c44186e74f11cac3690dc01bdffcce733d6b1258e520d1e3d0a759bdb55,False,-24.999958,Up,0.47,v1,HEDGE,eth_5m_v1,0,True,0,True,0,True,1,False
1779359228424391,2026-05-21 10:27:08.424391,poly_updown_eth_5m_momo_HEDGE_f7,True,eth_5m_momo_HEDGE,ETH,5m,DOWN,0x5a8a6c44186e74f11cac3690dc01bdffcce733d6b1258e520d1e3d0a759bdb55,False,-24.999958,Up,0.47,v1,HEDGE,eth_5m_v1,0,True,0,True,0,True,1,False
1779359228424391,2026-05-21 10:27:08.424391,poly_updown_eth_5m_momo_HEDGE_f7,True,eth_5m_momo_HEDGE,ETH,5m,DOWN,0x5a8a6c44186e74f11cac3690dc01bdffcce733d6b1258e520d1e3d0a759bdb55,False,-24.999958,Up,0.47,v1,HEDGE,eth_5m_v1,0,True,0,True,0,True,1,False
1779359228424394,2026-05-21 10:27:08.424394,poly_updown_btc_5m_momo_HEDGE_f7,True,btc_5m_momo_HEDGE,BTC,5m,DOWN,0x4566cd403f9987b481296fd25e75cc58c7d5c48fdc9b2d0802e98df6354cda6a,False,-25.173466,Up,0.4631919967321584,v1,HEDGE,btc_5m_v1,0,True,0,True,0,True,1,False
1779359228424394,2026-05-21 10:27:08.424394,poly_updown_btc_5m_momo_HEDGE_f7,True,btc_5m_momo_HEDGE,BTC,5m,DOWN,0x4566cd403f9987b481296fd25e75cc58c7d5c48fdc9b2d0802e98df6354cda6a,False,-25.173466,Up,0.4631919967321584,v1,HEDGE,btc_5m_v1,0,True,0,True,0,True,1,False
1779359228424394,2026-05-21 10:27:08.424394,poly_updown_btc_5m_momo_HEDGE_f7,True,btc_5m_momo_HEDGE,BTC,5m,DOWN,0x4566cd403f9987b481296fd25e75cc58c7d5c48fdc9b2d0802e98df6354cda6a,False,-25.233266,Up,0.4642923172603122,v1,HEDGE,btc_5m_v1,0,True,0,True,0,True,1,False
1779359228424394,2026-05-21 10:27:08.424394,poly_updown_btc_5m_momo_HEDGE_f7,True,btc_5m_momo_HEDGE,BTC,5m,DOWN,0x4566cd403f9987b481296fd25e75cc58c7d5c48fdc9b2d0802e98df6354cda6a,False,-25.233266,Up,0.4642923172603122,v1,HEDGE,btc_5m_v1,0,True,0,True,0,True,1,False
1779359228425073,2026-05-21 10:27:08.425073,poly_updown_eth_5m_momo_SELL_f7,True,eth_5m_momo_SELL,ETH,5m,DOWN,0x5a8a6c44186e74f11cac3690dc01bdffcce733d6b1258e520d1e3d0a759bdb55,False,-24.999958,Up,0.47,v1,SELL,eth_5m_v1,0,True,0,True,0,True,1,False
1779359228425073,2026-05-21 10:27:08.425073,poly_updown_eth_5m_momo_SELL_f7,True,eth_5m_momo_SELL,ETH,5m,DOWN,0x5a8a6c44186e74f11cac3690dc01bdffcce733d6b1258e520d1e3d0a759bdb55,False,-24.999958,Up,0.47,v1,SELL,eth_5m_v1,0,True,0,True,0,True,1,False
1779359228425073,2026-05-21 10:27:08.425073,poly_updown_eth_5m_momo_SELL_f7,True,eth_5m_momo_SELL,ETH,5m,DOWN,0x5a8a6c44186e74f11cac3690dc01bdffcce733d6b1258e520d1e3d0a759bdb55,False,-24.999958,Up,0.47,v1,SELL,eth_5m_v1,0,True,0,True,0,True,1,False
1779359228425073,2026-05-21 10:27:08.425073,poly_updown_eth_5m_momo_SELL_f7,True,eth_5m_momo_SELL,ETH,5m,DOWN,0x5a8a6c44186e74f11cac3690dc01bdffcce733d6b1258e520d1e3d0a759bdb55,False,-24.999958,Up,0.47,v1,SELL,eth_5m_v1,0,True,0,True,0,True,1,False
1779359228425457,2026-05-21 10:27:08.425457,poly_updown_eth_5m_momo_HOLD_f7,True,eth_5m_momo_HOLD,ETH,5m,DOWN,0x5a8a6c44186e74f11cac3690dc01bdffcce733d6b1258e520d1e3d0a759bdb55,False,-24.999958,Up,0.47,v1,HOLD,eth_5m_v1,0,True,0,True,0,True,1,False
1779359228425457,2026-05-21 10:27:08.425457,poly_updown_eth_5m_momo_HOLD_f7,True,eth_5m_momo_HOLD,ETH,5m,DOWN,0x5a8a6c44186e74f11cac3690dc01bdffcce733d6b1258e520d1e3d0a759bdb55,False,-24.999958,Up,0.47,v1,HOLD,eth_5m_v1,0,True,0,True,0,True,1,False
1779359228425457,2026-05-21 10:27:08.425457,poly_updown_eth_5m_momo_HOLD_f7,True,eth_5m_momo_HOLD,ETH,5m,DOWN,0x5a8a6c44186e74f11cac3690dc01bdffcce733d6b1258e520d1e3d0a759bdb55,False,-24.999958,Up,0.47,v1,HOLD,eth_5m_v1,0,True,0,True,0,True,1,False
1779359228425457,2026-05-21 10:27:08.425457,poly_updown_eth_5m_momo_HOLD_f7,True,eth_5m_momo_HOLD,ETH,5m,DOWN,0x5a8a6c44186e74f11cac3690dc01bdffcce733d6b1258e520d1e3d0a759bdb55,False,-24.999958,Up,0.47,v1,HOLD,eth_5m_v1,0,True,0,True,0,True,1,False
1779359228427339,2026-05-21 10:27:08.427339,poly_updown_btc_5m_momo_HOLD_f7,True,btc_5m_momo_HOLD,BTC,5m,DOWN,0x4566cd403f9987b481296fd25e75cc58c7d5c48fdc9b2d0802e98df6354cda6a,False,-25.173466,Up,0.4631919967321584,v1,HOLD,btc_5m_v1,0,True,0,True,0,True,1,False
1779359228427339,2026-05-21 10:27:08.427339,poly_updown_btc_5m_momo_HOLD_f7,True,btc_5m_momo_HOLD,BTC,5m,DOWN,0x4566cd403f9987b481296fd25e75cc58c7d5c48fdc9b2d0802e98df6354cda6a,False,-25.173466,Up,0.4631919967321584,v1,HOLD,btc_5m_v1,0,True,0,True,0,True,1,False
1779359228427339,2026-05-21 10:27:08.427339,poly_updown_btc_5m_momo_HOLD_f7,True,btc_5m_momo_HOLD,BTC,5m,DOWN,0x4566cd403f9987b481296fd25e75cc58c7d5c48fdc9b2d0802e98df6354cda6a,False,-25.233266,Up,0.4642923172603122,v1,HOLD,btc_5m_v1,0,True,0,True,0,True,1,False
1779359228427339,2026-05-21 10:27:08.427339,poly_updown_btc_5m_momo_HOLD_f7,True,btc_5m_momo_HOLD,BTC,5m,DOWN,0x4566cd403f9987b481296fd25e75cc58c7d5c48fdc9b2d0802e98df6354cda6a,False,-25.233266,Up,0.4642923172603122,v1,HOLD,btc_5m_v1,0,True,0,True,0,True,1,False
1779359406363183,2026-05-21 10:30:06.363183,poly_updown_sol_5m_volume_INV_NIGHT,False,sol_5m_volume_INV_NIGHT,SOL,5m,UP,0x53892f613679f8f075551c781f699c2b6015f99598d1c7cc69ad97a6452d4dc7,False,-25.21059,Down,0.5344646362715127,v1,NIGHT,sol_5m_v1,0,False,0,False,0,False,1,False
1779359406363183,2026-05-21 10:30:06.363183,poly_updown_sol_5m_volume_INV_NIGHT,False,sol_5m_volume_INV_NIGHT,SOL,5m,UP,0x53892f613679f8f075551c781f699c2b6015f99598d1c7cc69ad97a6452d4dc7,False,-25.21059,Down,0.5344646362715127,v1,NIGHT,sol_5m_v1,0,False,0,False,0,False,1,False
1779359406363183,2026-05-21 10:30:06.363183,poly_updown_sol_5m_volume_INV_NIGHT,False,sol_5m_volume_INV_NIGHT,SOL,5m,UP,0x53892f613679f8f075551c781f699c2b6015f99598d1c7cc69ad97a6452d4dc7,False,-25.21059,Down,0.5344646362715127,v1,NIGHT,sol_5m_v1,0,False,0,False,0,False,1,False
1779359406363183,2026-05-21 10:30:06.363183,poly_updown_sol_5m_volume_INV_NIGHT,False,sol_5m_volume_INV_NIGHT,SOL,5m,UP,0x53892f613679f8f075551c781f699c2b6015f99598d1c7cc69ad97a6452d4dc7,False,-25.21059,Down,0.5344646362715127,v1,NIGHT,sol_5m_v1,0,False,0,False,0,False,1,False
1779359406372733,2026-05-21 10:30:06.372733,poly_updown_btc_5m_sniper,False,btc_5m_sniper,BTC,5m,DOWN,0xa83c0b46323eb9eaf6e8fce58d02d334b84d616bce09bb7ddb4399fc468ef479,True,-1.03061208,Down,0.49,v1,sniper,btc_5m_v1,0,True,0,True,0,True,0,True
1779359406372733,2026-05-21 10:30:06.372733,poly_updown_btc_5m_sniper,False,btc_5m_sniper,BTC,5m,DOWN,0xa83c0b46323eb9eaf6e8fce58d02d334b84d616bce09bb7ddb4399fc468ef479,True,-1.03061208,Down,0.49,v1,sniper,btc_5m_v1,0,True,0,True,0,True,0,True
1779359406372733,2026-05-21 10:30:06.372733,poly_updown_btc_5m_sniper,False,btc_5m_sniper,BTC,5m,DOWN,0xa83c0b46323eb9eaf6e8fce58d02d334b84d616bce09bb7ddb4399fc468ef479,True,-1.03061208,Down,0.49,v1,sniper,btc_5m_v1,0,True,0,True,0,True,0,True
1779359406372733,2026-05-21 10:30:06.372733,poly_updown_btc_5m_sniper,False,btc_5m_sniper,BTC,5m,DOWN,0xa83c0b46323eb9eaf6e8fce58d02d334b84d616bce09bb7ddb4399fc468ef479,True,-1.03061208,Down,0.49,v1,sniper,btc_5m_v1,0,True,0,True,0,True,0,True
1779359406372733,2026-05-21 10:30:06.372733,poly_updown_btc_5m_sniper,False,btc_5m_sniper,BTC,5m,DOWN,0xa83c0b46323eb9eaf6e8fce58d02d334b84d616bce09bb7ddb4399fc468ef479,True,-1.03061208,Down,0.49,v1,sniper,btc_5m_v1,0,True,0,True,0,True,0,True
1779359406372733,2026-05-21 10:30:06.372733,poly_updown_btc_5m_sniper,False,btc_5m_sniper,BTC,5m,DOWN,0xa83c0b46323eb9eaf6e8fce58d02d334b84d616bce09bb7ddb4399fc468ef479,True,-1.03061208,Down,0.49,v1,sniper,btc_5m_v1,0,True,0,True,0,True,0,True
1779359406372733,2026-05-21 10:30:06.372733,poly_updown_btc_5m_sniper,False,btc_5m_sniper,BTC,5m,DOWN,0xa83c0b46323eb9eaf6e8fce58d02d334b84d616bce09bb7ddb4399fc468ef479,True,-1.03061208,Down,0.49,v1,sniper,btc_5m_v1,0,True,0,True,0,True,0,True
1779359406372733,2026-05-21 10:30:06.372733,poly_updown_btc_5m_sniper,False,btc_5m_sniper,BTC,5m,DOWN,0xa83c0b46323eb9eaf6e8fce58d02d334b84d616bce09bb7ddb4399fc468ef479,True,-1.03061208,Down,0.49,v1,sniper,btc_5m_v1,0,True,0,True,0,True,0,True
1779359406372964,2026-05-21 10:30:06.372964,poly_updown_btc_5m_volume_INV_NIGHT,False,btc_5m_volume_INV_NIGHT,BTC,5m,UP,0xa83c0b46323eb9eaf6e8fce58d02d334b84d616bce09bb7ddb4399fc468ef479,False,-25.276557,Down,0.5257526379612661,v1,NIGHT,btc_5m_v1,0,False,0,False,0,False,0,False
1779359406372964,2026-05-21 10:30:06.372964,poly_updown_btc_5m_volume_INV_NIGHT,False,btc_5m_volume_INV_NIGHT,BTC,5m,UP,0xa83c0b46323eb9eaf6e8fce58d02d334b84d616bce09bb7ddb4399fc468ef479,False,-25.276557,Down,0.5257526379612661,v1,NIGHT,btc_5m_v1,0,False,0,False,0,False,0,False
1779359406372964,2026-05-21 10:30:06.372964,poly_updown_btc_5m_volume_INV_NIGHT,False,btc_5m_volume_INV_NIGHT,BTC,5m,UP,0xa83c0b46323eb9eaf6e8fce58d02d334b84d616bce09bb7ddb4399fc468ef479,False,-25.315857,Down,0.5265700783536376,v1,NIGHT,btc_5m_v1,0,False,0,False,0,False,0,False
1779359406372964,2026-05-21 10:30:06.372964,poly_updown_btc_5m_volume_INV_NIGHT,False,btc_5m_volume_INV_NIGHT,BTC,5m,UP,0xa83c0b46323eb9eaf6e8fce58d02d334b84d616bce09bb7ddb4399fc468ef479,False,-25.315857,Down,0.5265700783536376,v1,NIGHT,btc_5m_v1,0,False,0,False,0,False,0,False
1779359406377962,2026-05-21 10:30:06.377962,poly_updown_eth_5m_sniper,False,eth_5m_sniper,ETH,5m,DOWN,0xbbf4adeb57fda5fcf1ecfbd46cb0664163089c8adaad5b2afbb29759a4c1e622,True,25.333196,Down,0.4933359989337598,v1,sniper,eth_5m_v1,0,True,0,True,0,True,0,True
1779359406377962,2026-05-21 10:30:06.377962,poly_updown_eth_5m_sniper,False,eth_5m_sniper,ETH,5m,DOWN,0xbbf4adeb57fda5fcf1ecfbd46cb0664163089c8adaad5b2afbb29759a4c1e622,True,25.333196,Down,0.4933359989337598,v1,sniper,eth_5m_v1,0,True,0,True,0,True,0,True
1779359406377962,2026-05-21 10:30:06.377962,poly_updown_eth_5m_sniper,False,eth_5m_sniper,ETH,5m,DOWN,0xbbf4adeb57fda5fcf1ecfbd46cb0664163089c8adaad5b2afbb29759a4c1e622,True,25.333196,Down,0.4933359989337598,v1,sniper,eth_5m_v1,0,True,0,True,0,True,0,True
1779359406377962,2026-05-21 10:30:06.377962,poly_updown_eth_5m_sniper,False,eth_5m_sniper,ETH,5m,DOWN,0xbbf4adeb57fda5fcf1ecfbd46cb0664163089c8adaad5b2afbb29759a4c1e622,True,25.333196,Down,0.4933359989337598,v1,sniper,eth_5m_v1,0,True,0,True,0,True,0,True
1779359406382599,2026-05-21 10:30:06.382599,poly_updown_sol_5m_sniper_INV,False,sol_5m_sniper_INV,SOL,5m,UP,0x53892f613679f8f075551c781f699c2b6015f99598d1c7cc69ad97a6452d4dc7,False,-25.21059,Down,0.5344646362715127,v1,INV,sol_5m_v1,0,False,0,False,0,False,1,False
1779359406382599,2026-05-21 10:30:06.382599,poly_updown_sol_5m_sniper_INV,False,sol_5m_sniper_INV,SOL,5m,UP,0x53892f613679f8f075551c781f699c2b6015f99598d1c7cc69ad97a6452d4dc7,False,-25.21059,Down,0.5344646362715127,v1,INV,sol_5m_v1,0,False,0,False,0,False,1,False
1779359406382599,2026-05-21 10:30:06.382599,poly_updown_sol_5m_sniper_INV,False,sol_5m_sniper_INV,SOL,5m,UP,0x53892f613679f8f075551c781f699c2b6015f99598d1c7cc69ad97a6452d4dc7,False,-25.21059,Down,0.5344646362715127,v1,INV,sol_5m_v1,0,False,0,False,0,False,1,False
1779359406382599,2026-05-21 10:30:06.382599,poly_updown_sol_5m_sniper_INV,False,sol_5m_sniper_INV,SOL,5m,UP,0x53892f613679f8f075551c781f699c2b6015f99598d1c7cc69ad97a6452d4dc7,False,-25.21059,Down,0.5344646362715127,v1,INV,sol_5m_v1,0,False,0,False,0,False,1,False
1779359406383005,2026-05-21 10:30:06.383005,poly_updown_sol_5m_sniper,False,sol_5m_sniper,SOL,5m,DOWN,0x53892f613679f8f075551c781f699c2b6015f99598d1c7cc69ad97a6452d4dc7,True,-8.78146792,Down,0.5021599987455997,v1,sniper,sol_5m_v1,0,True,0,True,0,True,1,False
1779359406383005,2026-05-21 10:30:06.383005,poly_updown_sol_5m_sniper,False,sol_5m_sniper,SOL,5m,DOWN,0x53892f613679f8f075551c781f699c2b6015f99598d1c7cc69ad97a6452d4dc7,True,-8.78146792,Down,0.5021599987455997,v1,sniper,sol_5m_v1,0,True,0,True,0,True,1,False
1779359406383005,2026-05-21 10:30:06.383005,poly_updown_sol_5m_sniper,False,sol_5m_sniper,SOL,5m,DOWN,0x53892f613679f8f075551c781f699c2b6015f99598d1c7cc69ad97a6452d4dc7,True,-8.78146792,Down,0.5021599987455997,v1,sniper,sol_5m_v1,0,True,0,True,0,True,1,False
1779359406383005,2026-05-21 10:30:06.383005,poly_updown_sol_5m_sniper,False,sol_5m_sniper,SOL,5m,DOWN,0x53892f613679f8f075551c781f699c2b6015f99598d1c7cc69ad97a6452d4dc7,True,-8.78146792,Down,0.5021599987455997,v1,sniper,sol_5m_v1,0,True,0,True,0,True,1,False
1779359406383517,2026-05-21 10:30:06.383517,poly_updown_eth_5m_sniper_DOWN_INV,False,eth_5m_sniper_DOWN_INV,ETH,5m,UP,0xbbf4adeb57fda5fcf1ecfbd46cb0664163089c8adaad5b2afbb29759a4c1e622,False,-25.41281,Down,0.5489178377491025,v1,INV,eth_5m_v1,0,False,0,False,0,False,0,False
1779359406383517,2026-05-21 10:30:06.383517,poly_updown_eth_5m_sniper_DOWN_INV,False,eth_5m_sniper_DOWN_INV,ETH,5m,UP,0xbbf4adeb57fda5fcf1ecfbd46cb0664163089c8adaad5b2afbb29759a4c1e622,False,-25.41281,Down,0.5489178377491025,v1,INV,eth_5m_v1,0,False,0,False,0,False,0,False
1779359406383517,2026-05-21 10:30:06.383517,poly_updown_eth_5m_sniper_DOWN_INV,False,eth_5m_sniper_DOWN_INV,ETH,5m,UP,0xbbf4adeb57fda5fcf1ecfbd46cb0664163089c8adaad5b2afbb29759a4c1e622,False,-25.41281,Down,0.5489178377491025,v1,INV,eth_5m_v1,0,False,0,False,0,False,0,False
1779359406383517,2026-05-21 10:30:06.383517,poly_updown_eth_5m_sniper_DOWN_INV,False,eth_5m_sniper_DOWN_INV,ETH,5m,UP,0xbbf4adeb57fda5fcf1ecfbd46cb0664163089c8adaad5b2afbb29759a4c1e622,False,-25.41281,Down,0.5489178377491025,v1,INV,eth_5m_v1,0,False,0,False,0,False,0,False
1779359406384973,2026-05-21 10:30:06.384973,poly_updown_eth_5m_volume_INV_NIGHT,False,eth_5m_volume_INV_NIGHT,ETH,5m,UP,0xbbf4adeb57fda5fcf1ecfbd46cb0664163089c8adaad5b2afbb29759a4c1e622,False,-25.41281,Down,0.5489178377491025,v1,NIGHT,eth_5m_v1,0,False,0,False,0,False,0,False
1779359406384973,2026-05-21 10:30:06.384973,poly_updown_eth_5m_volume_INV_NIGHT,False,eth_5m_volume_INV_NIGHT,ETH,5m,UP,0xbbf4adeb57fda5fcf1ecfbd46cb0664163089c8adaad5b2afbb29759a4c1e622,False,-25.41281,Down,0.5489178377491025,v1,NIGHT,eth_5m_v1,0,False,0,False,0,False,0,False
1779359406384973,2026-05-21 10:30:06.384973,poly_updown_eth_5m_volume_INV_NIGHT,False,eth_5m_volume_INV_NIGHT,ETH,5m,UP,0xbbf4adeb57fda5fcf1ecfbd46cb0664163089c8adaad5b2afbb29759a4c1e622,False,-25.41281,Down,0.5489178377491025,v1,NIGHT,eth_5m_v1,0,False,0,False,0,False,0,False
1779359406384973,2026-05-21 10:30:06.384973,poly_updown_eth_5m_volume_INV_NIGHT,False,eth_5m_volume_INV_NIGHT,ETH,5m,UP,0xbbf4adeb57fda5fcf1ecfbd46cb0664163089c8adaad5b2afbb29759a4c1e622,False,-25.41281,Down,0.5489178377491025,v1,NIGHT,eth_5m_v1,0,False,0,False,0,False,0,False
1779359406662353,2026-05-21 10:30:06.662353,poly_updown_sol_15m_sniper,False,sol_15m_sniper,SOL,15m,DOWN,0x2a30faedf94e858da012ae61bf5e02eeb2caa91e07feedcf7c25c56f34edfc49,True,-2.00161176,Down,0.5094199967071994,v1,sniper,sol_15m_v1,0,True,0,True,0,True,1,False
1779359406662353,2026-05-21 10:30:06.662353,poly_updown_sol_15m_sniper,False,sol_15m_sniper,SOL,15m,DOWN,0x2a30faedf94e858da012ae61bf5e02eeb2caa91e07feedcf7c25c56f34edfc49,True,-2.00161176,Down,0.5094199967071994,v1,sniper,sol_15m_v1,0,True,0,True,0,True,1,False
1779359406662353,2026-05-21 10:30:06.662353,poly_updown_sol_15m_sniper,False,sol_15m_sniper,SOL,15m,DOWN,0x2a30faedf94e858da012ae61bf5e02eeb2caa91e07feedcf7c25c56f34edfc49,True,-2.00161176,Down,0.5094199967071994,v1,sniper,sol_15m_v1,0,True,0,True,0,True,1,False
1779359406662353,2026-05-21 10:30:06.662353,poly_updown_sol_15m_sniper,False,sol_15m_sniper,SOL,15m,DOWN,0x2a30faedf94e858da012ae61bf5e02eeb2caa91e07feedcf7c25c56f34edfc49,True,-2.00161176,Down,0.5094199967071994,v1,sniper,sol_15m_v1,0,True,0,True,0,True,1,False
1779359406662353,2026-05-21 10:30:06.662353,poly_updown_sol_15m_sniper,False,sol_15m_sniper,SOL,15m,DOWN,0x2a30faedf94e858da012ae61bf5e02eeb2caa91e07feedcf7c25c56f34edfc49,True,-2.00161176,Down,0.5094199967071994,v1,sniper,sol_15m_v1,0,True,0,True,0,True,1,False
1779359406662353,2026-05-21 10:30:06.662353,poly_updown_sol_15m_sniper,False,sol_15m_sniper,SOL,15m,DOWN,0x2a30faedf94e858da012ae61bf5e02eeb2caa91e07feedcf7c25c56f34edfc49,True,-2.00161176,Down,0.5094199967071994,v1,sniper,sol_15m_v1,0,True,0,True,0,True,1,False
1779359406662353,2026-05-21 10:30:06.662353,poly_updown_sol_15m_sniper,False,sol_15m_sniper,SOL,15m,DOWN,0x2a30faedf94e858da012ae61bf5e02eeb2caa91e07feedcf7c25c56f34edfc49,True,-2.00161176,Down,0.5094199967071994,v1,sniper,sol_15m_v1,0,True,0,True,0,True,1,False
1779359406662353,2026-05-21 10:30:06.662353,poly_updown_sol_15m_sniper,False,sol_15m_sniper,SOL,15m,DOWN,0x2a30faedf94e858da012ae61bf5e02eeb2caa91e07feedcf7c25c56f34edfc49,True,-2.00161176,Down,0.5094199967071994,v1,sniper,sol_15m_v1,0,True,0,True,0,True,1,False
1779359406668033,2026-05-21 10:30:06.668033,poly_updown_eth_15m_volume_INV_NIGHT,False,eth_15m_volume_INV_NIGHT,ETH,15m,UP,0x6cf3bb8ebd01042e343dc7f726c8521ade378f903846888187e4a92143c21f5f,False,-25.330757,Down,0.5268799985023992,v1,NIGHT,eth_15m_v1,0,False,0,False,0,False,0,False
1779359406668033,2026-05-21 10:30:06.668033,poly_updown_eth_15m_volume_INV_NIGHT,False,eth_15m_volume_INV_NIGHT,ETH,15m,UP,0x6cf3bb8ebd01042e343dc7f726c8521ade378f903846888187e4a92143c21f5f,False,-25.330757,Down,0.5268799985023992,v1,NIGHT,eth_15m_v1,0,False,0,False,0,False,0,False
1779359406668033,2026-05-21 10:30:06.668033,poly_updown_eth_15m_volume_INV_NIGHT,False,eth_15m_volume_INV_NIGHT,ETH,15m,UP,0x6cf3bb8ebd01042e343dc7f726c8521ade378f903846888187e4a92143c21f5f,False,-25.330757,Down,0.5268799985023992,v1,NIGHT,eth_15m_v1,0,False,0,False,0,False,0,False
1779359406668033,2026-05-21 10:30:06.668033,poly_updown_eth_15m_volume_INV_NIGHT,False,eth_15m_volume_INV_NIGHT,ETH,15m,UP,0x6cf3bb8ebd01042e343dc7f726c8521ade378f903846888187e4a92143c21f5f,False,-25.330757,Down,0.5268799985023992,v1,NIGHT,eth_15m_v1,0,False,0,False,0,False,0,False
1779359406669167,2026-05-21 10:30:06.669167,poly_updown_eth_15m_sniper,False,eth_15m_sniper,ETH,15m,DOWN,0x6cf3bb8ebd01042e343dc7f726c8521ade378f903846888187e4a92143c21f5f,True,25.391996,Down,0.4921599987455997,v1,sniper,eth_15m_v1,0,True,0,True,0,True,0,True
1779359406669167,2026-05-21 10:30:06.669167,poly_updown_eth_15m_sniper,False,eth_15m_sniper,ETH,15m,DOWN,0x6cf3bb8ebd01042e343dc7f726c8521ade378f903846888187e4a92143c21f5f,True,25.391996,Down,0.4921599987455997,v1,sniper,eth_15m_v1,0,True,0,True,0,True,0,True
1779359406669167,2026-05-21 10:30:06.669167,poly_updown_eth_15m_sniper,False,eth_15m_sniper,ETH,15m,DOWN,0x6cf3bb8ebd01042e343dc7f726c8521ade378f903846888187e4a92143c21f5f,True,25.391996,Down,0.4921599987455997,v1,sniper,eth_15m_v1,0,True,0,True,0,True,0,True
1779359406669167,2026-05-21 10:30:06.669167,poly_updown_eth_15m_sniper,False,eth_15m_sniper,ETH,15m,DOWN,0x6cf3bb8ebd01042e343dc7f726c8521ade378f903846888187e4a92143c21f5f,True,25.391996,Down,0.4921599987455997,v1,sniper,eth_15m_v1,0,True,0,True,0,True,0,True
1779359406674510,2026-05-21 10:30:06.674510,poly_updown_btc_15m_volume_INV_NIGHT,False,btc_15m_volume_INV_NIGHT,BTC,15m,UP,0x5519209a61f814a539cc609631c6a5b211f26098cceb59c961e243c6b62d3965,False,-24.999994,Down,0.53,v1,NIGHT,btc_15m_v1,0,False,0,False,0,False,0,False
1779359406674510,2026-05-21 10:30:06.674510,poly_updown_btc_15m_volume_INV_NIGHT,False,btc_15m_volume_INV_NIGHT,BTC,15m,UP,0x5519209a61f814a539cc609631c6a5b211f26098cceb59c961e243c6b62d3965,False,-24.999994,Down,0.53,v1,NIGHT,btc_15m_v1,0,False,0,False,0,False,0,False
1779359406674510,2026-05-21 10:30:06.674510,poly_updown_btc_15m_volume_INV_NIGHT,False,btc_15m_volume_INV_NIGHT,BTC,15m,UP,0x5519209a61f814a539cc609631c6a5b211f26098cceb59c961e243c6b62d3965,False,-24.999994,Down,0.53,v1,NIGHT,btc_15m_v1,0,False,0,False,0,False,0,False
1779359406674510,2026-05-21 10:30:06.674510,poly_updown_btc_15m_volume_INV_NIGHT,False,btc_15m_volume_INV_NIGHT,BTC,15m,UP,0x5519209a61f814a539cc609631c6a5b211f26098cceb59c961e243c6b62d3965,False,-24.999994,Down,0.53,v1,NIGHT,btc_15m_v1,0,False,0,False,0,False,0,False
1779359406675194,2026-05-21 10:30:06.675194,poly_updown_btc_15m_sniper,False,btc_15m_sniper,BTC,15m,DOWN,0x5519209a61f814a539cc609631c6a5b211f26098cceb59c961e243c6b62d3965,True,-1.58333232,Down,0.48,v1,sniper,btc_15m_v1,0,True,0,True,0,True,0,True
1779359406675194,2026-05-21 10:30:06.675194,poly_updown_btc_15m_sniper,False,btc_15m_sniper,BTC,15m,DOWN,0x5519209a61f814a539cc609631c6a5b211f26098cceb59c961e243c6b62d3965,True,-1.58333232,Down,0.48,v1,sniper,btc_15m_v1,0,True,0,True,0,True,0,True
1779359406675194,2026-05-21 10:30:06.675194,poly_updown_btc_15m_sniper,False,btc_15m_sniper,BTC,15m,DOWN,0x5519209a61f814a539cc609631c6a5b211f26098cceb59c961e243c6b62d3965,True,-1.58333232,Down,0.48,v1,sniper,btc_15m_v1,0,True,0,True,0,True,0,True
1779359406675194,2026-05-21 10:30:06.675194,poly_updown_btc_15m_sniper,False,btc_15m_sniper,BTC,15m,DOWN,0x5519209a61f814a539cc609631c6a5b211f26098cceb59c961e243c6b62d3965,True,-1.58333232,Down,0.48,v1,sniper,btc_15m_v1,0,True,0,True,0,True,0,True
1779359406676486,2026-05-21 10:30:06.676486,poly_updown_sol_15m_volume_INV_NIGHT,False,sol_15m_volume_INV_NIGHT,SOL,15m,UP,0x2a30faedf94e858da012ae61bf5e02eeb2caa91e07feedcf7c25c56f34edfc49,False,-25.692295,Down,0.5343999925119964,v1,NIGHT,sol_15m_v1,0,False,0,False,0,False,1,False
1779359406676486,2026-05-21 10:30:06.676486,poly_updown_sol_15m_volume_INV_NIGHT,False,sol_15m_volume_INV_NIGHT,SOL,15m,UP,0x2a30faedf94e858da012ae61bf5e02eeb2caa91e07feedcf7c25c56f34edfc49,False,-25.692295,Down,0.5343999925119964,v1,NIGHT,sol_15m_v1,0,False,0,False,0,False,1,False
1779359406676486,2026-05-21 10:30:06.676486,poly_updown_sol_15m_volume_INV_NIGHT,False,sol_15m_volume_INV_NIGHT,SOL,15m,UP,0x2a30faedf94e858da012ae61bf5e02eeb2caa91e07feedcf7c25c56f34edfc49,False,-25.692295,Down,0.5343999925119964,v1,NIGHT,sol_15m_v1,0,False,0,False,0,False,1,False
1779359406676486,2026-05-21 10:30:06.676486,poly_updown_sol_15m_volume_INV_NIGHT,False,sol_15m_volume_INV_NIGHT,SOL,15m,UP,0x2a30faedf94e858da012ae61bf5e02eeb2caa91e07feedcf7c25c56f34edfc49,False,-25.692295,Down,0.5343999925119964,v1,NIGHT,sol_15m_v1,0,False,0,False,0,False,1,False
1779359410351614,2026-05-21 10:30:10.351614,poly_updown_btc_5m_sniper,False,btc_5m_sniper,BTC,5m,DOWN,0xa83c0b46323eb9eaf6e8fce58d02d334b84d616bce09bb7ddb4399fc468ef479,True,-1.03061208,Down,0.49,v1,sniper,btc_5m_v1,0,True,0,True,0,True,0,True
1779359410351614,2026-05-21 10:30:10.351614,poly_updown_btc_5m_sniper,False,btc_5m_sniper,BTC,5m,DOWN,0xa83c0b46323eb9eaf6e8fce58d02d334b84d616bce09bb7ddb4399fc468ef479,True,-1.03061208,Down,0.49,v1,sniper,btc_5m_v1,0,True,0,True,0,True,0,True
1779359410351614,2026-05-21 10:30:10.351614,poly_updown_btc_5m_sniper,False,btc_5m_sniper,BTC,5m,DOWN,0xa83c0b46323eb9eaf6e8fce58d02d334b84d616bce09bb7ddb4399fc468ef479,True,-1.03061208,Down,0.49,v1,sniper,btc_5m_v1,0,True,0,True,0,True,0,True
1779359410351614,2026-05-21 10:30:10.351614,poly_updown_btc_5m_sniper,False,btc_5m_sniper,BTC,5m,DOWN,0xa83c0b46323eb9eaf6e8fce58d02d334b84d616bce09bb7ddb4399fc468ef479,True,-1.03061208,Down,0.49,v1,sniper,btc_5m_v1,0,True,0,True,0,True,0,True
1779359410351614,2026-05-21 10:30:10.351614,poly_updown_btc_5m_sniper,False,btc_5m_sniper,BTC,5m,DOWN,0xa83c0b46323eb9eaf6e8fce58d02d334b84d616bce09bb7ddb4399fc468ef479,True,-1.03061208,Down,0.49,v1,sniper,btc_5m_v1,0,True,0,True,0,True,0,True
1779359410351614,2026-05-21 10:30:10.351614,poly_updown_btc_5m_sniper,False,btc_5m_sniper,BTC,5m,DOWN,0xa83c0b46323eb9eaf6e8fce58d02d334b84d616bce09bb7ddb4399fc468ef479,True,-1.03061208,Down,0.49,v1,sniper,btc_5m_v1,0,True,0,True,0,True,0,True
1779359410351614,2026-05-21 10:30:10.351614,poly_updown_btc_5m_sniper,False,btc_5m_sniper,BTC,5m,DOWN,0xa83c0b46323eb9eaf6e8fce58d02d334b84d616bce09bb7ddb4399fc468ef479,True,-1.03061208,Down,0.49,v1,sniper,btc_5m_v1,0,True,0,True,0,True,0,True
1779359410351614,2026-05-21 10:30:10.351614,poly_updown_btc_5m_sniper,False,btc_5m_sniper,BTC,5m,DOWN,0xa83c0b46323eb9eaf6e8fce58d02d334b84d616bce09bb7ddb4399fc468ef479,True,-1.03061208,Down,0.49,v1,sniper,btc_5m_v1,0,True,0,True,0,True,0,True
1779359410359064,2026-05-21 10:30:10.359064,poly_updown_btc_5m_volume_INV_NIGHT,False,btc_5m_volume_INV_NIGHT,BTC,5m,UP,0xa83c0b46323eb9eaf6e8fce58d02d334b84d616bce09bb7ddb4399fc468ef479,False,-25.276557,Down,0.5257526379612661,v1,NIGHT,btc_5m_v1,0,False,0,False,0,False,0,False
1779359410359064,2026-05-21 10:30:10.359064,poly_updown_btc_5m_volume_INV_NIGHT,False,btc_5m_volume_INV_NIGHT,BTC,5m,UP,0xa83c0b46323eb9eaf6e8fce58d02d334b84d616bce09bb7ddb4399fc468ef479,False,-25.276557,Down,0.5257526379612661,v1,NIGHT,btc_5m_v1,0,False,0,False,0,False,0,False
1779359410359064,2026-05-21 10:30:10.359064,poly_updown_btc_5m_volume_INV_NIGHT,False,btc_5m_volume_INV_NIGHT,BTC,5m,UP,0xa83c0b46323eb9eaf6e8fce58d02d334b84d616bce09bb7ddb4399fc468ef479,False,-25.315857,Down,0.5265700783536376,v1,NIGHT,btc_5m_v1,0,False,0,False,0,False,0,False
1779359410359064,2026-05-21 10:30:10.359064,poly_updown_btc_5m_volume_INV_NIGHT,False,btc_5m_volume_INV_NIGHT,BTC,5m,UP,0xa83c0b46323eb9eaf6e8fce58d02d334b84d616bce09bb7ddb4399fc468ef479,False,-25.315857,Down,0.5265700783536376,v1,NIGHT,btc_5m_v1,0,False,0,False,0,False,0,False
1779359410378557,2026-05-21 10:30:10.378557,poly_updown_eth_5m_sniper,False,eth_5m_sniper,ETH,5m,DOWN,0xbbf4adeb57fda5fcf1ecfbd46cb0664163089c8adaad5b2afbb29759a4c1e622,True,25.333196,Down,0.4933359989337598,v1,sniper,eth_5m_v1,0,True,0,True,0,True,0,True
1779359410378557,2026-05-21 10:30:10.378557,poly_updown_eth_5m_sniper,False,eth_5m_sniper,ETH,5m,DOWN,0xbbf4adeb57fda5fcf1ecfbd46cb0664163089c8adaad5b2afbb29759a4c1e622,True,25.333196,Down,0.4933359989337598,v1,sniper,eth_5m_v1,0,True,0,True,0,True,0,True
1779359410378557,2026-05-21 10:30:10.378557,poly_updown_eth_5m_sniper,False,eth_5m_sniper,ETH,5m,DOWN,0xbbf4adeb57fda5fcf1ecfbd46cb0664163089c8adaad5b2afbb29759a4c1e622,True,25.333196,Down,0.4933359989337598,v1,sniper,eth_5m_v1,0,True,0,True,0,True,0,True
1779359410378557,2026-05-21 10:30:10.378557,poly_updown_eth_5m_sniper,False,eth_5m_sniper,ETH,5m,DOWN,0xbbf4adeb57fda5fcf1ecfbd46cb0664163089c8adaad5b2afbb29759a4c1e622,True,25.333196,Down,0.4933359989337598,v1,sniper,eth_5m_v1,0,True,0,True,0,True,0,True
1779359410385715,2026-05-21 10:30:10.385715,poly_updown_eth_5m_sniper_DOWN_INV,False,eth_5m_sniper_DOWN_INV,ETH,5m,UP,0xbbf4adeb57fda5fcf1ecfbd46cb0664163089c8adaad5b2afbb29759a4c1e622,False,-25.41281,Down,0.5489178377491025,v1,INV,eth_5m_v1,0,False,0,False,0,False,0,False
1779359410385715,2026-05-21 10:30:10.385715,poly_updown_eth_5m_sniper_DOWN_INV,False,eth_5m_sniper_DOWN_INV,ETH,5m,UP,0xbbf4adeb57fda5fcf1ecfbd46cb0664163089c8adaad5b2afbb29759a4c1e622,False,-25.41281,Down,0.5489178377491025,v1,INV,eth_5m_v1,0,False,0,False,0,False,0,False
1779359410385715,2026-05-21 10:30:10.385715,poly_updown_eth_5m_sniper_DOWN_INV,False,eth_5m_sniper_DOWN_INV,ETH,5m,UP,0xbbf4adeb57fda5fcf1ecfbd46cb0664163089c8adaad5b2afbb29759a4c1e622,False,-25.41281,Down,0.5489178377491025,v1,INV,eth_5m_v1,0,False,0,False,0,False,0,False
1779359410385715,2026-05-21 10:30:10.385715,poly_updown_eth_5m_sniper_DOWN_INV,False,eth_5m_sniper_DOWN_INV,ETH,5m,UP,0xbbf4adeb57fda5fcf1ecfbd46cb0664163089c8adaad5b2afbb29759a4c1e622,False,-25.41281,Down,0.5489178377491025,v1,INV,eth_5m_v1,0,False,0,False,0,False,0,False
1779359410390362,2026-05-21 10:30:10.390362,poly_updown_sol_5m_volume_INV_NIGHT,False,sol_5m_volume_INV_NIGHT,SOL,5m,UP,0x53892f613679f8f075551c781f699c2b6015f99598d1c7cc69ad97a6452d4dc7,False,-25.21059,Down,0.5344646362715127,v1,NIGHT,sol_5m_v1,0,False,0,False,0,False,1,False
1779359410390362,2026-05-21 10:30:10.390362,poly_updown_sol_5m_volume_INV_NIGHT,False,sol_5m_volume_INV_NIGHT,SOL,5m,UP,0x53892f613679f8f075551c781f699c2b6015f99598d1c7cc69ad97a6452d4dc7,False,-25.21059,Down,0.5344646362715127,v1,NIGHT,sol_5m_v1,0,False,0,False,0,False,1,False
1779359410390362,2026-05-21 10:30:10.390362,poly_updown_sol_5m_volume_INV_NIGHT,False,sol_5m_volume_INV_NIGHT,SOL,5m,UP,0x53892f613679f8f075551c781f699c2b6015f99598d1c7cc69ad97a6452d4dc7,False,-25.21059,Down,0.5344646362715127,v1,NIGHT,sol_5m_v1,0,False,0,False,0,False,1,False
1779359410390362,2026-05-21 10:30:10.390362,poly_updown_sol_5m_volume_INV_NIGHT,False,sol_5m_volume_INV_NIGHT,SOL,5m,UP,0x53892f613679f8f075551c781f699c2b6015f99598d1c7cc69ad97a6452d4dc7,False,-25.21059,Down,0.5344646362715127,v1,NIGHT,sol_5m_v1,0,False,0,False,0,False,1,False
1779359410392602,2026-05-21 10:30:10.392602,poly_updown_eth_5m_volume_INV_NIGHT,False,eth_5m_volume_INV_NIGHT,ETH,5m,UP,0xbbf4adeb57fda5fcf1ecfbd46cb0664163089c8adaad5b2afbb29759a4c1e622,False,-25.41281,Down,0.5489178377491025,v1,NIGHT,eth_5m_v1,0,False,0,False,0,False,0,False
1779359410392602,2026-05-21 10:30:10.392602,poly_updown_eth_5m_volume_INV_NIGHT,False,eth_5m_volume_INV_NIGHT,ETH,5m,UP,0xbbf4adeb57fda5fcf1ecfbd46cb0664163089c8adaad5b2afbb29759a4c1e622,False,-25.41281,Down,0.5489178377491025,v1,NIGHT,eth_5m_v1,0,False,0,False,0,False,0,False
1779359410392602,2026-05-21 10:30:10.392602,poly_updown_eth_5m_volume_INV_NIGHT,False,eth_5m_volume_INV_NIGHT,ETH,5m,UP,0xbbf4adeb57fda5fcf1ecfbd46cb0664163089c8adaad5b2afbb29759a4c1e622,False,-25.41281,Down,0.5489178377491025,v1,NIGHT,eth_5m_v1,0,False,0,False,0,False,0,False
1779359410392602,2026-05-21 10:30:10.392602,poly_updown_eth_5m_volume_INV_NIGHT,False,eth_5m_volume_INV_NIGHT,ETH,5m,UP,0xbbf4adeb57fda5fcf1ecfbd46cb0664163089c8adaad5b2afbb29759a4c1e622,False,-25.41281,Down,0.5489178377491025,v1,NIGHT,eth_5m_v1,0,False,0,False,0,False,0,False
1779359410397955,2026-05-21 10:30:10.397955,poly_updown_sol_5m_sniper,False,sol_5m_sniper,SOL,5m,DOWN,0x53892f613679f8f075551c781f699c2b6015f99598d1c7cc69ad97a6452d4dc7,True,-8.78146792,Down,0.5021599987455997,v1,sniper,sol_5m_v1,0,True,0,True,0,True,1,False
1779359410397955,2026-05-21 10:30:10.397955,poly_updown_sol_5m_sniper,False,sol_5m_sniper,SOL,5m,DOWN,0x53892f613679f8f075551c781f699c2b6015f99598d1c7cc69ad97a6452d4dc7,True,-8.78146792,Down,0.5021599987455997,v1,sniper,sol_5m_v1,0,True,0,True,0,True,1,False
1779359410397955,2026-05-21 10:30:10.397955,poly_updown_sol_5m_sniper,False,sol_5m_sniper,SOL,5m,DOWN,0x53892f613679f8f075551c781f699c2b6015f99598d1c7cc69ad97a6452d4dc7,True,-8.78146792,Down,0.5021599987455997,v1,sniper,sol_5m_v1,0,True,0,True,0,True,1,False
1779359410397955,2026-05-21 10:30:10.397955,poly_updown_sol_5m_sniper,False,sol_5m_sniper,SOL,5m,DOWN,0x53892f613679f8f075551c781f699c2b6015f99598d1c7cc69ad97a6452d4dc7,True,-8.78146792,Down,0.5021599987455997,v1,sniper,sol_5m_v1,0,True,0,True,0,True,1,False
1779359410400399,2026-05-21 10:30:10.400399,poly_updown_sol_5m_sniper_INV,False,sol_5m_sniper_INV,SOL,5m,UP,0x53892f613679f8f075551c781f699c2b6015f99598d1c7cc69ad97a6452d4dc7,False,-25.21059,Down,0.5344646362715127,v1,INV,sol_5m_v1,0,False,0,False,0,False,1,False
1779359410400399,2026-05-21 10:30:10.400399,poly_updown_sol_5m_sniper_INV,False,sol_5m_sniper_INV,SOL,5m,UP,0x53892f613679f8f075551c781f699c2b6015f99598d1c7cc69ad97a6452d4dc7,False,-25.21059,Down,0.5344646362715127,v1,INV,sol_5m_v1,0,False,0,False,0,False,1,False
1779359410400399,2026-05-21 10:30:10.400399,poly_updown_sol_5m_sniper_INV,False,sol_5m_sniper_INV,SOL,5m,UP,0x53892f613679f8f075551c781f699c2b6015f99598d1c7cc69ad97a6452d4dc7,False,-25.21059,Down,0.5344646362715127,v1,INV,sol_5m_v1,0,False,0,False,0,False,1,False
1779359410400399,2026-05-21 10:30:10.400399,poly_updown_sol_5m_sniper_INV,False,sol_5m_sniper_INV,SOL,5m,UP,0x53892f613679f8f075551c781f699c2b6015f99598d1c7cc69ad97a6452d4dc7,False,-25.21059,Down,0.5344646362715127,v1,INV,sol_5m_v1,0,False,0,False,0,False,1,False
1779359410747545,2026-05-21 10:30:10.747545,poly_updown_btc_15m_sniper,False,btc_15m_sniper,BTC,15m,DOWN,0x5519209a61f814a539cc609631c6a5b211f26098cceb59c961e243c6b62d3965,True,-1.58333232,Down,0.48,v1,sniper,btc_15m_v1,0,True,0,True,0,True,0,True
1779359410747545,2026-05-21 10:30:10.747545,poly_updown_btc_15m_sniper,False,btc_15m_sniper,BTC,15m,DOWN,0x5519209a61f814a539cc609631c6a5b211f26098cceb59c961e243c6b62d3965,True,-1.58333232,Down,0.48,v1,sniper,btc_15m_v1,0,True,0,True,0,True,0,True
1779359410747545,2026-05-21 10:30:10.747545,poly_updown_btc_15m_sniper,False,btc_15m_sniper,BTC,15m,DOWN,0x5519209a61f814a539cc609631c6a5b211f26098cceb59c961e243c6b62d3965,True,-1.58333232,Down,0.48,v1,sniper,btc_15m_v1,0,True,0,True,0,True,0,True
1779359410747545,2026-05-21 10:30:10.747545,poly_updown_btc_15m_sniper,False,btc_15m_sniper,BTC,15m,DOWN,0x5519209a61f814a539cc609631c6a5b211f26098cceb59c961e243c6b62d3965,True,-1.58333232,Down,0.48,v1,sniper,btc_15m_v1,0,True,0,True,0,True,0,True
1779359410749082,2026-05-21 10:30:10.749082,poly_updown_eth_15m_volume_INV_NIGHT,False,eth_15m_volume_INV_NIGHT,ETH,15m,UP,0x6cf3bb8ebd01042e343dc7f726c8521ade378f903846888187e4a92143c21f5f,False,-25.330757,Down,0.5268799985023992,v1,NIGHT,eth_15m_v1,0,False,0,False,0,False,0,False
1779359410749082,2026-05-21 10:30:10.749082,poly_updown_eth_15m_volume_INV_NIGHT,False,eth_15m_volume_INV_NIGHT,ETH,15m,UP,0x6cf3bb8ebd01042e343dc7f726c8521ade378f903846888187e4a92143c21f5f,False,-25.330757,Down,0.5268799985023992,v1,NIGHT,eth_15m_v1,0,False,0,False,0,False,0,False
1779359410749082,2026-05-21 10:30:10.749082,poly_updown_eth_15m_volume_INV_NIGHT,False,eth_15m_volume_INV_NIGHT,ETH,15m,UP,0x6cf3bb8ebd01042e343dc7f726c8521ade378f903846888187e4a92143c21f5f,False,-25.330757,Down,0.5268799985023992,v1,NIGHT,eth_15m_v1,0,False,0,False,0,False,0,False
1779359410749082,2026-05-21 10:30:10.749082,poly_updown_eth_15m_volume_INV_NIGHT,False,eth_15m_volume_INV_NIGHT,ETH,15m,UP,0x6cf3bb8ebd01042e343dc7f726c8521ade378f903846888187e4a92143c21f5f,False,-25.330757,Down,0.5268799985023992,v1,NIGHT,eth_15m_v1,0,False,0,False,0,False,0,False
1779359410749597,2026-05-21 10:30:10.749597,poly_updown_sol_15m_volume_INV_NIGHT,False,sol_15m_volume_INV_NIGHT,SOL,15m,UP,0x2a30faedf94e858da012ae61bf5e02eeb2caa91e07feedcf7c25c56f34edfc49,False,-25.692295,Down,0.5343999925119964,v1,NIGHT,sol_15m_v1,0,False,0,False,0,False,1,False
1779359410749597,2026-05-21 10:30:10.749597,poly_updown_sol_15m_volume_INV_NIGHT,False,sol_15m_volume_INV_NIGHT,SOL,15m,UP,0x2a30faedf94e858da012ae61bf5e02eeb2caa91e07feedcf7c25c56f34edfc49,False,-25.692295,Down,0.5343999925119964,v1,NIGHT,sol_15m_v1,0,False,0,False,0,False,1,False
1779359410749597,2026-05-21 10:30:10.749597,poly_updown_sol_15m_volume_INV_NIGHT,False,sol_15m_volume_INV_NIGHT,SOL,15m,UP,0x2a30faedf94e858da012ae61bf5e02eeb2caa91e07feedcf7c25c56f34edfc49,False,-25.692295,Down,0.5343999925119964,v1,NIGHT,sol_15m_v1,0,False,0,False,0,False,1,False
1779359410749597,2026-05-21 10:30:10.749597,poly_updown_sol_15m_volume_INV_NIGHT,False,sol_15m_volume_INV_NIGHT,SOL,15m,UP,0x2a30faedf94e858da012ae61bf5e02eeb2caa91e07feedcf7c25c56f34edfc49,False,-25.692295,Down,0.5343999925119964,v1,NIGHT,sol_15m_v1,0,False,0,False,0,False,1,False
1779359410750185,2026-05-21 10:30:10.750185,poly_updown_sol_15m_sniper,False,sol_15m_sniper,SOL,15m,DOWN,0x2a30faedf94e858da012ae61bf5e02eeb2caa91e07feedcf7c25c56f34edfc49,True,-2.00161176,Down,0.5094199967071994,v1,sniper,sol_15m_v1,0,True,0,True,0,True,1,False
1779359410750185,2026-05-21 10:30:10.750185,poly_updown_sol_15m_sniper,False,sol_15m_sniper,SOL,15m,DOWN,0x2a30faedf94e858da012ae61bf5e02eeb2caa91e07feedcf7c25c56f34edfc49,True,-2.00161176,Down,0.5094199967071994,v1,sniper,sol_15m_v1,0,True,0,True,0,True,1,False
1779359410750185,2026-05-21 10:30:10.750185,poly_updown_sol_15m_sniper,False,sol_15m_sniper,SOL,15m,DOWN,0x2a30faedf94e858da012ae61bf5e02eeb2caa91e07feedcf7c25c56f34edfc49,True,-2.00161176,Down,0.5094199967071994,v1,sniper,sol_15m_v1,0,True,0,True,0,True,1,False
1779359410750185,2026-05-21 10:30:10.750185,poly_updown_sol_15m_sniper,False,sol_15m_sniper,SOL,15m,DOWN,0x2a30faedf94e858da012ae61bf5e02eeb2caa91e07feedcf7c25c56f34edfc49,True,-2.00161176,Down,0.5094199967071994,v1,sniper,sol_15m_v1,0,True,0,True,0,True,1,False
1779359410750185,2026-05-21 10:30:10.750185,poly_updown_sol_15m_sniper,False,sol_15m_sniper,SOL,15m,DOWN,0x2a30faedf94e858da012ae61bf5e02eeb2caa91e07feedcf7c25c56f34edfc49,True,-2.00161176,Down,0.5094199967071994,v1,sniper,sol_15m_v1,0,True,0,True,0,True,1,False
1779359410750185,2026-05-21 10:30:10.750185,poly_updown_sol_15m_sniper,False,sol_15m_sniper,SOL,15m,DOWN,0x2a30faedf94e858da012ae61bf5e02eeb2caa91e07feedcf7c25c56f34edfc49,True,-2.00161176,Down,0.5094199967071994,v1,sniper,sol_15m_v1,0,True,0,True,0,True,1,False
1779359410750185,2026-05-21 10:30:10.750185,poly_updown_sol_15m_sniper,False,sol_15m_sniper,SOL,15m,DOWN,0x2a30faedf94e858da012ae61bf5e02eeb2caa91e07feedcf7c25c56f34edfc49,True,-2.00161176,Down,0.5094199967071994,v1,sniper,sol_15m_v1,0,True,0,True,0,True,1,False
1779359410750185,2026-05-21 10:30:10.750185,poly_updown_sol_15m_sniper,False,sol_15m_sniper,SOL,15m,DOWN,0x2a30faedf94e858da012ae61bf5e02eeb2caa91e07feedcf7c25c56f34edfc49,True,-2.00161176,Down,0.5094199967071994,v1,sniper,sol_15m_v1,0,True,0,True,0,True,1,False
1779359410750278,2026-05-21 10:30:10.750278,poly_updown_eth_15m_sniper,False,eth_15m_sniper,ETH,15m,DOWN,0x6cf3bb8ebd01042e343dc7f726c8521ade378f903846888187e4a92143c21f5f,True,25.391996,Down,0.4921599987455997,v1,sniper,eth_15m_v1,0,True,0,True,0,True,0,True
1779359410750278,2026-05-21 10:30:10.750278,poly_updown_eth_15m_sniper,False,eth_15m_sniper,ETH,15m,DOWN,0x6cf3bb8ebd01042e343dc7f726c8521ade378f903846888187e4a92143c21f5f,True,25.391996,Down,0.4921599987455997,v1,sniper,eth_15m_v1,0,True,0,True,0,True,0,True
1779359410750278,2026-05-21 10:30:10.750278,poly_updown_eth_15m_sniper,False,eth_15m_sniper,ETH,15m,DOWN,0x6cf3bb8ebd01042e343dc7f726c8521ade378f903846888187e4a92143c21f5f,True,25.391996,Down,0.4921599987455997,v1,sniper,eth_15m_v1,0,True,0,True,0,True,0,True
1779359410750278,2026-05-21 10:30:10.750278,poly_updown_eth_15m_sniper,False,eth_15m_sniper,ETH,15m,DOWN,0x6cf3bb8ebd01042e343dc7f726c8521ade378f903846888187e4a92143c21f5f,True,25.391996,Down,0.4921599987455997,v1,sniper,eth_15m_v1,0,True,0,True,0,True,0,True
1779359410750422,2026-05-21 10:30:10.750422,poly_updown_btc_15m_volume_INV_NIGHT,False,btc_15m_volume_INV_NIGHT,BTC,15m,UP,0x5519209a61f814a539cc609631c6a5b211f26098cceb59c961e243c6b62d3965,False,-24.999994,Down,0.53,v1,NIGHT,btc_15m_v1,0,False,0,False,0,False,0,False
1779359410750422,2026-05-21 10:30:10.750422,poly_updown_btc_15m_volume_INV_NIGHT,False,btc_15m_volume_INV_NIGHT,BTC,15m,UP,0x5519209a61f814a539cc609631c6a5b211f26098cceb59c961e243c6b62d3965,False,-24.999994,Down,0.53,v1,NIGHT,btc_15m_v1,0,False,0,False,0,False,0,False
1779359410750422,2026-05-21 10:30:10.750422,poly_updown_btc_15m_volume_INV_NIGHT,False,btc_15m_volume_INV_NIGHT,BTC,15m,UP,0x5519209a61f814a539cc609631c6a5b211f26098cceb59c961e243c6b62d3965,False,-24.999994,Down,0.53,v1,NIGHT,btc_15m_v1,0,False,0,False,0,False,0,False
1779359410750422,2026-05-21 10:30:10.750422,poly_updown_btc_15m_volume_INV_NIGHT,False,btc_15m_volume_INV_NIGHT,BTC,15m,UP,0x5519209a61f814a539cc609631c6a5b211f26098cceb59c961e243c6b62d3965,False,-24.999994,Down,0.53,v1,NIGHT,btc_15m_v1,0,False,0,False,0,False,0,False
1779359461838852,2026-05-21 10:31:01.838852,poly_updown_btc_5m_momo_v2_SELL_f7,True,btc_5m_momo_v2_SELL,BTC,5m,DOWN,0xa83c0b46323eb9eaf6e8fce58d02d334b84d616bce09bb7ddb4399fc468ef479,False,-0.510204,exited_at_bid,0.49,v2,SELL,btc_5m_v2,0,True,0,True,0,True,0,True
1779359461838852,2026-05-21 10:31:01.838852,poly_updown_btc_5m_momo_v2_SELL_f7,True,btc_5m_momo_v2_SELL,BTC,5m,DOWN,0xa83c0b46323eb9eaf6e8fce58d02d334b84d616bce09bb7ddb4399fc468ef479,True,1.086948,exited_at_bid,0.49,v2,SELL,btc_5m_v2,0,True,0,True,0,True,0,True
1779359461838852,2026-05-21 10:31:01.838852,poly_updown_btc_5m_momo_v2_SELL_f7,True,btc_5m_momo_v2_SELL,BTC,5m,DOWN,0xa83c0b46323eb9eaf6e8fce58d02d334b84d616bce09bb7ddb4399fc468ef479,True,0.918722,exited_at_bid,0.4630955070858434,v2,SELL,btc_5m_v2,0,True,0,True,0,True,0,True
1779359461842220,2026-05-21 10:31:01.842220,poly_updown_btc_5m_momo_v2_HOLD_f7,True,btc_5m_momo_v2_HOLD,BTC,5m,DOWN,0xa83c0b46323eb9eaf6e8fce58d02d334b84d616bce09bb7ddb4399fc468ef479,True,25.49999592,Down,0.49,v2,HOLD,btc_5m_v2,0,True,0,True,0,True,0,True
1779359461842220,2026-05-21 10:31:01.842220,poly_updown_btc_5m_momo_v2_HOLD_f7,True,btc_5m_momo_v2_HOLD,BTC,5m,DOWN,0xa83c0b46323eb9eaf6e8fce58d02d334b84d616bce09bb7ddb4399fc468ef479,True,25.49999592,Down,0.49,v2,HOLD,btc_5m_v2,0,True,0,True,0,True,0,True
1779359461842220,2026-05-21 10:31:01.842220,poly_updown_btc_5m_momo_v2_HOLD_f7,True,btc_5m_momo_v2_HOLD,BTC,5m,DOWN,0xa83c0b46323eb9eaf6e8fce58d02d334b84d616bce09bb7ddb4399fc468ef479,True,28.59598644,Down,0.4630955070858434,v2,HOLD,btc_5m_v2,0,True,0,True,0,True,0,True
1779359461842220,2026-05-21 10:31:01.842220,poly_updown_btc_5m_momo_v2_HOLD_f7,True,btc_5m_momo_v2_HOLD,BTC,5m,DOWN,0xa83c0b46323eb9eaf6e8fce58d02d334b84d616bce09bb7ddb4399fc468ef479,True,28.59598644,Down,0.4630955070858434,v2,HOLD,btc_5m_v2,0,True,0,True,0,True,0,True
1779359461842628,2026-05-21 10:31:01.842628,poly_updown_btc_5m_momo_v2_HEDGE_f7,True,btc_5m_momo_v2_HEDGE,BTC,5m,DOWN,0xa83c0b46323eb9eaf6e8fce58d02d334b84d616bce09bb7ddb4399fc468ef479,True,-1.03061208,Down,0.49,v2,HEDGE,btc_5m_v2,0,True,0,True,0,True,0,True
1779359461842628,2026-05-21 10:31:01.842628,poly_updown_btc_5m_momo_v2_HEDGE_f7,True,btc_5m_momo_v2_HEDGE,BTC,5m,DOWN,0xa83c0b46323eb9eaf6e8fce58d02d334b84d616bce09bb7ddb4399fc468ef479,True,-1.03061208,Down,0.49,v2,HEDGE,btc_5m_v2,0,True,0,True,0,True,0,True
1779359461842628,2026-05-21 10:31:01.842628,poly_updown_btc_5m_momo_v2_HEDGE_f7,True,btc_5m_momo_v2_HEDGE,BTC,5m,DOWN,0xa83c0b46323eb9eaf6e8fce58d02d334b84d616bce09bb7ddb4399fc468ef479,True,-1.03061208,Down,0.49,v2,HEDGE,btc_5m_v2,0,True,0,True,0,True,0,True
1779359461842628,2026-05-21 10:31:01.842628,poly_updown_btc_5m_momo_v2_HEDGE_f7,True,btc_5m_momo_v2_HEDGE,BTC,5m,DOWN,0xa83c0b46323eb9eaf6e8fce58d02d334b84d616bce09bb7ddb4399fc468ef479,True,-1.03061208,Down,0.49,v2,HEDGE,btc_5m_v2,0,True,0,True,0,True,0,True
1779359461842628,2026-05-21 10:31:01.842628,poly_updown_btc_5m_momo_v2_HEDGE_f7,True,btc_5m_momo_v2_HEDGE,BTC,5m,DOWN,0xa83c0b46323eb9eaf6e8fce58d02d334b84d616bce09bb7ddb4399fc468ef479,True,0.33513044,Down,0.4630955070858434,v2,HEDGE,btc_5m_v2,0,True,0,True,0,True,0,True
1779359461842628,2026-05-21 10:31:01.842628,poly_updown_btc_5m_momo_v2_HEDGE_f7,True,btc_5m_momo_v2_HEDGE,BTC,5m,DOWN,0xa83c0b46323eb9eaf6e8fce58d02d334b84d616bce09bb7ddb4399fc468ef479,True,0.33513044,Down,0.4630955070858434,v2,HEDGE,btc_5m_v2,0,True,0,True,0,True,0,True
1779359461842628,2026-05-21 10:31:01.842628,poly_updown_btc_5m_momo_v2_HEDGE_f7,True,btc_5m_momo_v2_HEDGE,BTC,5m,DOWN,0xa83c0b46323eb9eaf6e8fce58d02d334b84d616bce09bb7ddb4399fc468ef479,True,0.33513044,Down,0.4630955070858434,v2,HEDGE,btc_5m_v2,0,True,0,True,0,True,0,True
1779359461842628,2026-05-21 10:31:01.842628,poly_updown_btc_5m_momo_v2_HEDGE_f7,True,btc_5m_momo_v2_HEDGE,BTC,5m,DOWN,0xa83c0b46323eb9eaf6e8fce58d02d334b84d616bce09bb7ddb4399fc468ef479,True,0.33513044,Down,0.4630955070858434,v2,HEDGE,btc_5m_v2,0,True,0,True,0,True,0,True
1779359461842924,2026-05-21 10:31:01.842924,poly_updown_sol_5m_momo_v2_HEDGE_f7,True,sol_5m_momo_v2_HEDGE,SOL,5m,DOWN,0x53892f613679f8f075551c781f699c2b6015f99598d1c7cc69ad97a6452d4dc7,True,-4.4212441,Down,0.4791657891657891,v2,HEDGE,sol_5m_v2,0,True,0,True,0,True,1,False
1779359461842924,2026-05-21 10:31:01.842924,poly_updown_sol_5m_momo_v2_HEDGE_f7,True,sol_5m_momo_v2_HEDGE,SOL,5m,DOWN,0x53892f613679f8f075551c781f699c2b6015f99598d1c7cc69ad97a6452d4dc7,True,-6.6434641,Down,0.4791657891657891,v2,HEDGE,sol_5m_v2,0,True,0,True,0,True,1,False
1779359461842924,2026-05-21 10:31:01.842924,poly_updown_sol_5m_momo_v2_HEDGE_f7,True,sol_5m_momo_v2_HEDGE,SOL,5m,DOWN,0x53892f613679f8f075551c781f699c2b6015f99598d1c7cc69ad97a6452d4dc7,True,-6.6434641,Down,0.4791657891657891,v2,HEDGE,sol_5m_v2,0,True,0,True,0,True,1,False
1779359461842924,2026-05-21 10:31:01.842924,poly_updown_sol_5m_momo_v2_HEDGE_f7,True,sol_5m_momo_v2_HEDGE,SOL,5m,DOWN,0x53892f613679f8f075551c781f699c2b6015f99598d1c7cc69ad97a6452d4dc7,True,-4.4212441,Down,0.4791657891657891,v2,HEDGE,sol_5m_v2,0,True,0,True,0,True,1,False
1779359461842924,2026-05-21 10:31:01.842924,poly_updown_sol_5m_momo_v2_HEDGE_f7,True,sol_5m_momo_v2_HEDGE,SOL,5m,DOWN,0x53892f613679f8f075551c781f699c2b6015f99598d1c7cc69ad97a6452d4dc7,True,-4.40400228,Down,0.482444267306369,v2,HEDGE,sol_5m_v2,0,True,0,True,0,True,1,False
1779359461842924,2026-05-21 10:31:01.842924,poly_updown_sol_5m_momo_v2_HEDGE_f7,True,sol_5m_momo_v2_HEDGE,SOL,5m,DOWN,0x53892f613679f8f075551c781f699c2b6015f99598d1c7cc69ad97a6452d4dc7,True,-6.53165828,Down,0.482444267306369,v2,HEDGE,sol_5m_v2,0,True,0,True,0,True,1,False
1779359461842924,2026-05-21 10:31:01.842924,poly_updown_sol_5m_momo_v2_HEDGE_f7,True,sol_5m_momo_v2_HEDGE,SOL,5m,DOWN,0x53892f613679f8f075551c781f699c2b6015f99598d1c7cc69ad97a6452d4dc7,True,-6.53165828,Down,0.482444267306369,v2,HEDGE,sol_5m_v2,0,True,0,True,0,True,1,False
1779359461842924,2026-05-21 10:31:01.842924,poly_updown_sol_5m_momo_v2_HEDGE_f7,True,sol_5m_momo_v2_HEDGE,SOL,5m,DOWN,0x53892f613679f8f075551c781f699c2b6015f99598d1c7cc69ad97a6452d4dc7,True,-4.40400228,Down,0.482444267306369,v2,HEDGE,sol_5m_v2,0,True,0,True,0,True,1,False
1779359461843184,2026-05-21 10:31:01.843184,poly_updown_sol_5m_momo_v2_HOLD_f7,True,sol_5m_momo_v2_HOLD,SOL,5m,DOWN,0x53892f613679f8f075551c781f699c2b6015f99598d1c7cc69ad97a6452d4dc7,True,28.3565009,Down,0.4791657891657891,v2,HOLD,sol_5m_v2,0,True,0,True,0,True,1,False
1779359461843184,2026-05-21 10:31:01.843184,poly_updown_sol_5m_momo_v2_HOLD_f7,True,sol_5m_momo_v2_HOLD,SOL,5m,DOWN,0x53892f613679f8f075551c781f699c2b6015f99598d1c7cc69ad97a6452d4dc7,True,28.3565009,Down,0.4791657891657891,v2,HOLD,sol_5m_v2,0,True,0,True,0,True,1,False
1779359461843184,2026-05-21 10:31:01.843184,poly_updown_sol_5m_momo_v2_HOLD_f7,True,sol_5m_momo_v2_HOLD,SOL,5m,DOWN,0x53892f613679f8f075551c781f699c2b6015f99598d1c7cc69ad97a6452d4dc7,True,26.97892372,Down,0.482444267306369,v2,HOLD,sol_5m_v2,0,True,0,True,0,True,1,False
1779359461843184,2026-05-21 10:31:01.843184,poly_updown_sol_5m_momo_v2_HOLD_f7,True,sol_5m_momo_v2_HOLD,SOL,5m,DOWN,0x53892f613679f8f075551c781f699c2b6015f99598d1c7cc69ad97a6452d4dc7,True,26.97892372,Down,0.482444267306369,v2,HOLD,sol_5m_v2,0,True,0,True,0,True,1,False
1779359461854515,2026-05-21 10:31:01.854515,poly_updown_sol_5m_momo_v2_SELL_f7,True,sol_5m_momo_v2_SELL,SOL,5m,DOWN,0x53892f613679f8f075551c781f699c2b6015f99598d1c7cc69ad97a6452d4dc7,False,-3.853412,exited_at_bid,0.482444267306369,v2,SELL,sol_5m_v2,0,True,0,True,0,True,1,False
1779359461854515,2026-05-21 10:31:01.854515,poly_updown_sol_5m_momo_v2_SELL_f7,True,sol_5m_momo_v2_SELL,SOL,5m,DOWN,0x53892f613679f8f075551c781f699c2b6015f99598d1c7cc69ad97a6452d4dc7,True,18.67241367430677,Down,0.4791657891657891,v2,SELL,sol_5m_v2,0,True,0,True,0,True,1,False
1779359461854515,2026-05-21 10:31:01.854515,poly_updown_sol_5m_momo_v2_SELL_f7,True,sol_5m_momo_v2_SELL,SOL,5m,DOWN,0x53892f613679f8f075551c781f699c2b6015f99598d1c7cc69ad97a6452d4dc7,True,18.67241367430677,Down,0.4791657891657891,v2,SELL,sol_5m_v2,0,True,0,True,0,True,1,False
1779359461854515,2026-05-21 10:31:01.854515,poly_updown_sol_5m_momo_v2_SELL_f7,True,sol_5m_momo_v2_SELL,SOL,5m,DOWN,0x53892f613679f8f075551c781f699c2b6015f99598d1c7cc69ad97a6452d4dc7,True,-2.4723470831566634,Down,0.4791657891657891,v2,SELL,sol_5m_v2,0,True,0,True,0,True,1,False
1779359461854515,2026-05-21 10:31:01.854515,poly_updown_sol_5m_momo_v2_SELL_f7,True,sol_5m_momo_v2_SELL,SOL,5m,DOWN,0x53892f613679f8f075551c781f699c2b6015f99598d1c7cc69ad97a6452d4dc7,True,-2.4723470831566634,Down,0.4791657891657891,v2,SELL,sol_5m_v2,0,True,0,True,0,True,1,False
1779359462591421,2026-05-21 10:31:02.591421,poly_updown_btc_15m_momo_v2_HOLD_f7,True,btc_15m_momo_v2_HOLD,BTC,15m,DOWN,0x5519209a61f814a539cc609631c6a5b211f26098cceb59c961e243c6b62d3965,True,26.54164968,Down,0.48,v2,HOLD,btc_15m_v2,0,True,0,True,0,True,0,True
1779359462591421,2026-05-21 10:31:02.591421,poly_updown_btc_15m_momo_v2_HOLD_f7,True,btc_15m_momo_v2_HOLD,BTC,15m,DOWN,0x5519209a61f814a539cc609631c6a5b211f26098cceb59c961e243c6b62d3965,True,26.54164968,Down,0.48,v2,HOLD,btc_15m_v2,0,True,0,True,0,True,0,True
1779359462592100,2026-05-21 10:31:02.592100,poly_updown_btc_15m_momo_v2_HEDGE_f7,True,btc_15m_momo_v2_HEDGE,BTC,15m,DOWN,0x5519209a61f814a539cc609631c6a5b211f26098cceb59c961e243c6b62d3965,True,26.54164968,Down,0.48,v2,HEDGE,btc_15m_v2,0,True,0,True,0,True,0,True
1779359462592100,2026-05-21 10:31:02.592100,poly_updown_btc_15m_momo_v2_HEDGE_f7,True,btc_15m_momo_v2_HEDGE,BTC,15m,DOWN,0x5519209a61f814a539cc609631c6a5b211f26098cceb59c961e243c6b62d3965,True,26.54164968,Down,0.48,v2,HEDGE,btc_15m_v2,0,True,0,True,0,True,0,True
1779359462592691,2026-05-21 10:31:02.592691,poly_updown_btc_15m_momo_v2_SELL_f7,True,btc_15m_momo_v2_SELL,BTC,15m,DOWN,0x5519209a61f814a539cc609631c6a5b211f26098cceb59c961e243c6b62d3965,True,26.54164968,Down,0.48,v2,SELL,btc_15m_v2,0,True,0,True,0,True,0,True
1779359462592691,2026-05-21 10:31:02.592691,poly_updown_btc_15m_momo_v2_SELL_f7,True,btc_15m_momo_v2_SELL,BTC,15m,DOWN,0x5519209a61f814a539cc609631c6a5b211f26098cceb59c961e243c6b62d3965,True,26.54164968,Down,0.48,v2,SELL,btc_15m_v2,0,True,0,True,0,True,0,True
1779359462602190,2026-05-21 10:31:02.602190,poly_updown_eth_15m_momo_v2_HOLD_f7,True,eth_15m_momo_v2_HOLD,ETH,15m,DOWN,0x6cf3bb8ebd01042e343dc7f726c8521ade378f903846888187e4a92143c21f5f,True,27.62761316,Down,0.47,v2,HOLD,eth_15m_v2,0,True,0,True,0,True,0,True
1779359462602190,2026-05-21 10:31:02.602190,poly_updown_eth_15m_momo_v2_HOLD_f7,True,eth_15m_momo_v2_HOLD,ETH,15m,DOWN,0x6cf3bb8ebd01042e343dc7f726c8521ade378f903846888187e4a92143c21f5f,True,27.62761316,Down,0.47,v2,HOLD,eth_15m_v2,0,True,0,True,0,True,0,True
1779359462602190,2026-05-21 10:31:02.602190,poly_updown_eth_15m_momo_v2_HOLD_f7,True,eth_15m_momo_v2_HOLD,ETH,15m,DOWN,0x6cf3bb8ebd01042e343dc7f726c8521ade378f903846888187e4a92143c21f5f,True,27.62761316,Down,0.47,v2,HOLD,eth_15m_v2,0,True,0,True,0,True,0,True
1779359462602190,2026-05-21 10:31:02.602190,poly_updown_eth_15m_momo_v2_HOLD_f7,True,eth_15m_momo_v2_HOLD,ETH,15m,DOWN,0x6cf3bb8ebd01042e343dc7f726c8521ade378f903846888187e4a92143c21f5f,True,27.62761316,Down,0.47,v2,HOLD,eth_15m_v2,0,True,0,True,0,True,0,True
1779359462608970,2026-05-21 10:31:02.608970,poly_updown_eth_15m_momo_v2_HEDGE_f7,True,eth_15m_momo_v2_HEDGE,ETH,15m,DOWN,0x6cf3bb8ebd01042e343dc7f726c8521ade378f903846888187e4a92143c21f5f,True,27.62761316,Down,0.47,v2,HEDGE,eth_15m_v2,0,True,0,True,0,True,0,True
1779359462608970,2026-05-21 10:31:02.608970,poly_updown_eth_15m_momo_v2_HEDGE_f7,True,eth_15m_momo_v2_HEDGE,ETH,15m,DOWN,0x6cf3bb8ebd01042e343dc7f726c8521ade378f903846888187e4a92143c21f5f,True,27.62761316,Down,0.47,v2,HEDGE,eth_15m_v2,0,True,0,True,0,True,0,True
1779359462608970,2026-05-21 10:31:02.608970,poly_updown_eth_15m_momo_v2_HEDGE_f7,True,eth_15m_momo_v2_HEDGE,ETH,15m,DOWN,0x6cf3bb8ebd01042e343dc7f726c8521ade378f903846888187e4a92143c21f5f,True,27.62761316,Down,0.47,v2,HEDGE,eth_15m_v2,0,True,0,True,0,True,0,True
1779359462608970,2026-05-21 10:31:02.608970,poly_updown_eth_15m_momo_v2_HEDGE_f7,True,eth_15m_momo_v2_HEDGE,ETH,15m,DOWN,0x6cf3bb8ebd01042e343dc7f726c8521ade378f903846888187e4a92143c21f5f,True,27.62761316,Down,0.47,v2,HEDGE,eth_15m_v2,0,True,0,True,0,True,0,True
1779359462619132,2026-05-21 10:31:02.619132,poly_updown_eth_15m_momo_v2_SELL_f7,True,eth_15m_momo_v2_SELL,ETH,15m,DOWN,0x6cf3bb8ebd01042e343dc7f726c8521ade378f903846888187e4a92143c21f5f,True,27.62761316,Down,0.47,v2,SELL,eth_15m_v2,0,True,0,True,0,True,0,True
1779359462619132,2026-05-21 10:31:02.619132,poly_updown_eth_15m_momo_v2_SELL_f7,True,eth_15m_momo_v2_SELL,ETH,15m,DOWN,0x6cf3bb8ebd01042e343dc7f726c8521ade378f903846888187e4a92143c21f5f,True,27.62761316,Down,0.47,v2,SELL,eth_15m_v2,0,True,0,True,0,True,0,True
1779359462619132,2026-05-21 10:31:02.619132,poly_updown_eth_15m_momo_v2_SELL_f7,True,eth_15m_momo_v2_SELL,ETH,15m,DOWN,0x6cf3bb8ebd01042e343dc7f726c8521ade378f903846888187e4a92143c21f5f,True,27.62761316,Down,0.47,v2,SELL,eth_15m_v2,0,True,0,True,0,True,0,True
1779359462619132,2026-05-21 10:31:02.619132,poly_updown_eth_15m_momo_v2_SELL_f7,True,eth_15m_momo_v2_SELL,ETH,15m,DOWN,0x6cf3bb8ebd01042e343dc7f726c8521ade378f903846888187e4a92143c21f5f,True,27.62761316,Down,0.47,v2,SELL,eth_15m_v2,0,True,0,True,0,True,0,True
1779359467586223,2026-05-21 10:31:07.586223,poly_updown_sol_5m_momo_v2_SELL_f7,True,sol_5m_momo_v2_SELL,SOL,5m,DOWN,0x53892f613679f8f075551c781f699c2b6015f99598d1c7cc69ad97a6452d4dc7,False,-3.853412,exited_at_bid,0.482444267306369,v2,SELL,sol_5m_v2,0,True,0,True,0,True,1,False
1779359467586223,2026-05-21 10:31:07.586223,poly_updown_sol_5m_momo_v2_SELL_f7,True,sol_5m_momo_v2_SELL,SOL,5m,DOWN,0x53892f613679f8f075551c781f699c2b6015f99598d1c7cc69ad97a6452d4dc7,True,18.67241367430677,Down,0.4791657891657891,v2,SELL,sol_5m_v2,0,True,0,True,0,True,1,False
1779359467586223,2026-05-21 10:31:07.586223,poly_updown_sol_5m_momo_v2_SELL_f7,True,sol_5m_momo_v2_SELL,SOL,5m,DOWN,0x53892f613679f8f075551c781f699c2b6015f99598d1c7cc69ad97a6452d4dc7,True,18.67241367430677,Down,0.4791657891657891,v2,SELL,sol_5m_v2,0,True,0,True,0,True,1,False
1779359467586223,2026-05-21 10:31:07.586223,poly_updown_sol_5m_momo_v2_SELL_f7,True,sol_5m_momo_v2_SELL,SOL,5m,DOWN,0x53892f613679f8f075551c781f699c2b6015f99598d1c7cc69ad97a6452d4dc7,True,-2.4723470831566634,Down,0.4791657891657891,v2,SELL,sol_5m_v2,0,True,0,True,0,True,1,False
1779359467586223,2026-05-21 10:31:07.586223,poly_updown_sol_5m_momo_v2_SELL_f7,True,sol_5m_momo_v2_SELL,SOL,5m,DOWN,0x53892f613679f8f075551c781f699c2b6015f99598d1c7cc69ad97a6452d4dc7,True,-2.4723470831566634,Down,0.4791657891657891,v2,SELL,sol_5m_v2,0,True,0,True,0,True,1,False
1779359467587211,2026-05-21 10:31:07.587211,poly_updown_sol_5m_momo_v2_HEDGE_f7,True,sol_5m_momo_v2_HEDGE,SOL,5m,DOWN,0x53892f613679f8f075551c781f699c2b6015f99598d1c7cc69ad97a6452d4dc7,True,-4.4212441,Down,0.4791657891657891,v2,HEDGE,sol_5m_v2,0,True,0,True,0,True,1,False
1779359467587211,2026-05-21 10:31:07.587211,poly_updown_sol_5m_momo_v2_HEDGE_f7,True,sol_5m_momo_v2_HEDGE,SOL,5m,DOWN,0x53892f613679f8f075551c781f699c2b6015f99598d1c7cc69ad97a6452d4dc7,True,-6.6434641,Down,0.4791657891657891,v2,HEDGE,sol_5m_v2,0,True,0,True,0,True,1,False
1779359467587211,2026-05-21 10:31:07.587211,poly_updown_sol_5m_momo_v2_HEDGE_f7,True,sol_5m_momo_v2_HEDGE,SOL,5m,DOWN,0x53892f613679f8f075551c781f699c2b6015f99598d1c7cc69ad97a6452d4dc7,True,-6.6434641,Down,0.4791657891657891,v2,HEDGE,sol_5m_v2,0,True,0,True,0,True,1,False
1779359467587211,2026-05-21 10:31:07.587211,poly_updown_sol_5m_momo_v2_HEDGE_f7,True,sol_5m_momo_v2_HEDGE,SOL,5m,DOWN,0x53892f613679f8f075551c781f699c2b6015f99598d1c7cc69ad97a6452d4dc7,True,-4.4212441,Down,0.4791657891657891,v2,HEDGE,sol_5m_v2,0,True,0,True,0,True,1,False
1779359467587211,2026-05-21 10:31:07.587211,poly_updown_sol_5m_momo_v2_HEDGE_f7,True,sol_5m_momo_v2_HEDGE,SOL,5m,DOWN,0x53892f613679f8f075551c781f699c2b6015f99598d1c7cc69ad97a6452d4dc7,True,-4.40400228,Down,0.482444267306369,v2,HEDGE,sol_5m_v2,0,True,0,True,0,True,1,False
1779359467587211,2026-05-21 10:31:07.587211,poly_updown_sol_5m_momo_v2_HEDGE_f7,True,sol_5m_momo_v2_HEDGE,SOL,5m,DOWN,0x53892f613679f8f075551c781f699c2b6015f99598d1c7cc69ad97a6452d4dc7,True,-6.53165828,Down,0.482444267306369,v2,HEDGE,sol_5m_v2,0,True,0,True,0,True,1,False
1779359467587211,2026-05-21 10:31:07.587211,poly_updown_sol_5m_momo_v2_HEDGE_f7,True,sol_5m_momo_v2_HEDGE,SOL,5m,DOWN,0x53892f613679f8f075551c781f699c2b6015f99598d1c7cc69ad97a6452d4dc7,True,-6.53165828,Down,0.482444267306369,v2,HEDGE,sol_5m_v2,0,True,0,True,0,True,1,False
1779359467587211,2026-05-21 10:31:07.587211,poly_updown_sol_5m_momo_v2_HEDGE_f7,True,sol_5m_momo_v2_HEDGE,SOL,5m,DOWN,0x53892f613679f8f075551c781f699c2b6015f99598d1c7cc69ad97a6452d4dc7,True,-4.40400228,Down,0.482444267306369,v2,HEDGE,sol_5m_v2,0,True,0,True,0,True,1,False
1779359467587879,2026-05-21 10:31:07.587879,poly_updown_btc_5m_momo_v2_HEDGE_f7,True,btc_5m_momo_v2_HEDGE,BTC,5m,DOWN,0xa83c0b46323eb9eaf6e8fce58d02d334b84d616bce09bb7ddb4399fc468ef479,True,-1.03061208,Down,0.49,v2,HEDGE,btc_5m_v2,0,True,0,True,0,True,0,True
1779359467587879,2026-05-21 10:31:07.587879,poly_updown_btc_5m_momo_v2_HEDGE_f7,True,btc_5m_momo_v2_HEDGE,BTC,5m,DOWN,0xa83c0b46323eb9eaf6e8fce58d02d334b84d616bce09bb7ddb4399fc468ef479,True,-1.03061208,Down,0.49,v2,HEDGE,btc_5m_v2,0,True,0,True,0,True,0,True
1779359467587879,2026-05-21 10:31:07.587879,poly_updown_btc_5m_momo_v2_HEDGE_f7,True,btc_5m_momo_v2_HEDGE,BTC,5m,DOWN,0xa83c0b46323eb9eaf6e8fce58d02d334b84d616bce09bb7ddb4399fc468ef479,True,-1.03061208,Down,0.49,v2,HEDGE,btc_5m_v2,0,True,0,True,0,True,0,True
1779359467587879,2026-05-21 10:31:07.587879,poly_updown_btc_5m_momo_v2_HEDGE_f7,True,btc_5m_momo_v2_HEDGE,BTC,5m,DOWN,0xa83c0b46323eb9eaf6e8fce58d02d334b84d616bce09bb7ddb4399fc468ef479,True,-1.03061208,Down,0.49,v2,HEDGE,btc_5m_v2,0,True,0,True,0,True,0,True
1779359467587879,2026-05-21 10:31:07.587879,poly_updown_btc_5m_momo_v2_HEDGE_f7,True,btc_5m_momo_v2_HEDGE,BTC,5m,DOWN,0xa83c0b46323eb9eaf6e8fce58d02d334b84d616bce09bb7ddb4399fc468ef479,True,0.33513044,Down,0.4630955070858434,v2,HEDGE,btc_5m_v2,0,True,0,True,0,True,0,True
1779359467587879,2026-05-21 10:31:07.587879,poly_updown_btc_5m_momo_v2_HEDGE_f7,True,btc_5m_momo_v2_HEDGE,BTC,5m,DOWN,0xa83c0b46323eb9eaf6e8fce58d02d334b84d616bce09bb7ddb4399fc468ef479,True,0.33513044,Down,0.4630955070858434,v2,HEDGE,btc_5m_v2,0,True,0,True,0,True,0,True
1779359467587879,2026-05-21 10:31:07.587879,poly_updown_btc_5m_momo_v2_HEDGE_f7,True,btc_5m_momo_v2_HEDGE,BTC,5m,DOWN,0xa83c0b46323eb9eaf6e8fce58d02d334b84d616bce09bb7ddb4399fc468ef479,True,0.33513044,Down,0.4630955070858434,v2,HEDGE,btc_5m_v2,0,True,0,True,0,True,0,True
1779359467587879,2026-05-21 10:31:07.587879,poly_updown_btc_5m_momo_v2_HEDGE_f7,True,btc_5m_momo_v2_HEDGE,BTC,5m,DOWN,0xa83c0b46323eb9eaf6e8fce58d02d334b84d616bce09bb7ddb4399fc468ef479,True,0.33513044,Down,0.4630955070858434,v2,HEDGE,btc_5m_v2,0,True,0,True,0,True,0,True
1779359467595021,2026-05-21 10:31:07.595021,poly_updown_btc_5m_momo_v2_SELL_f7,True,btc_5m_momo_v2_SELL,BTC,5m,DOWN,0xa83c0b46323eb9eaf6e8fce58d02d334b84d616bce09bb7ddb4399fc468ef479,False,-0.510204,exited_at_bid,0.49,v2,SELL,btc_5m_v2,0,True,0,True,0,True,0,True
1779359467595021,2026-05-21 10:31:07.595021,poly_updown_btc_5m_momo_v2_SELL_f7,True,btc_5m_momo_v2_SELL,BTC,5m,DOWN,0xa83c0b46323eb9eaf6e8fce58d02d334b84d616bce09bb7ddb4399fc468ef479,True,1.086948,exited_at_bid,0.49,v2,SELL,btc_5m_v2,0,True,0,True,0,True,0,True
1779359467595021,2026-05-21 10:31:07.595021,poly_updown_btc_5m_momo_v2_SELL_f7,True,btc_5m_momo_v2_SELL,BTC,5m,DOWN,0xa83c0b46323eb9eaf6e8fce58d02d334b84d616bce09bb7ddb4399fc468ef479,True,0.918722,exited_at_bid,0.4630955070858434,v2,SELL,btc_5m_v2,0,True,0,True,0,True,0,True
1779359467610790,2026-05-21 10:31:07.610790,poly_updown_btc_5m_momo_v2_HOLD_f7,True,btc_5m_momo_v2_HOLD,BTC,5m,DOWN,0xa83c0b46323eb9eaf6e8fce58d02d334b84d616bce09bb7ddb4399fc468ef479,True,25.49999592,Down,0.49,v2,HOLD,btc_5m_v2,0,True,0,True,0,True,0,True
1779359467610790,2026-05-21 10:31:07.610790,poly_updown_btc_5m_momo_v2_HOLD_f7,True,btc_5m_momo_v2_HOLD,BTC,5m,DOWN,0xa83c0b46323eb9eaf6e8fce58d02d334b84d616bce09bb7ddb4399fc468ef479,True,25.49999592,Down,0.49,v2,HOLD,btc_5m_v2,0,True,0,True,0,True,0,True
1779359467610790,2026-05-21 10:31:07.610790,poly_updown_btc_5m_momo_v2_HOLD_f7,True,btc_5m_momo_v2_HOLD,BTC,5m,DOWN,0xa83c0b46323eb9eaf6e8fce58d02d334b84d616bce09bb7ddb4399fc468ef479,True,28.59598644,Down,0.4630955070858434,v2,HOLD,btc_5m_v2,0,True,0,True,0,True,0,True
1779359467610790,2026-05-21 10:31:07.610790,poly_updown_btc_5m_momo_v2_HOLD_f7,True,btc_5m_momo_v2_HOLD,BTC,5m,DOWN,0xa83c0b46323eb9eaf6e8fce58d02d334b84d616bce09bb7ddb4399fc468ef479,True,28.59598644,Down,0.4630955070858434,v2,HOLD,btc_5m_v2,0,True,0,True,0,True,0,True
1779359467667366,2026-05-21 10:31:07.667366,poly_updown_sol_5m_momo_v2_HOLD_f7,True,sol_5m_momo_v2_HOLD,SOL,5m,DOWN,0x53892f613679f8f075551c781f699c2b6015f99598d1c7cc69ad97a6452d4dc7,True,28.3565009,Down,0.4791657891657891,v2,HOLD,sol_5m_v2,0,True,0,True,0,True,1,False
1779359467667366,2026-05-21 10:31:07.667366,poly_updown_sol_5m_momo_v2_HOLD_f7,True,sol_5m_momo_v2_HOLD,SOL,5m,DOWN,0x53892f613679f8f075551c781f699c2b6015f99598d1c7cc69ad97a6452d4dc7,True,28.3565009,Down,0.4791657891657891,v2,HOLD,sol_5m_v2,0,True,0,True,0,True,1,False
1779359467667366,2026-05-21 10:31:07.667366,poly_updown_sol_5m_momo_v2_HOLD_f7,True,sol_5m_momo_v2_HOLD,SOL,5m,DOWN,0x53892f613679f8f075551c781f699c2b6015f99598d1c7cc69ad97a6452d4dc7,True,26.97892372,Down,0.482444267306369,v2,HOLD,sol_5m_v2,0,True,0,True,0,True,1,False
1779359467667366,2026-05-21 10:31:07.667366,poly_updown_sol_5m_momo_v2_HOLD_f7,True,sol_5m_momo_v2_HOLD,SOL,5m,DOWN,0x53892f613679f8f075551c781f699c2b6015f99598d1c7cc69ad97a6452d4dc7,True,26.97892372,Down,0.482444267306369,v2,HOLD,sol_5m_v2,0,True,0,True,0,True,1,False
1779359467784995,2026-05-21 10:31:07.784995,poly_updown_eth_15m_momo_v2_HOLD_f7,True,eth_15m_momo_v2_HOLD,ETH,15m,DOWN,0x6cf3bb8ebd01042e343dc7f726c8521ade378f903846888187e4a92143c21f5f,True,27.62761316,Down,0.47,v2,HOLD,eth_15m_v2,0,True,0,True,0,True,0,True
1779359467784995,2026-05-21 10:31:07.784995,poly_updown_eth_15m_momo_v2_HOLD_f7,True,eth_15m_momo_v2_HOLD,ETH,15m,DOWN,0x6cf3bb8ebd01042e343dc7f726c8521ade378f903846888187e4a92143c21f5f,True,27.62761316,Down,0.47,v2,HOLD,eth_15m_v2,0,True,0,True,0,True,0,True
1779359467784995,2026-05-21 10:31:07.784995,poly_updown_eth_15m_momo_v2_HOLD_f7,True,eth_15m_momo_v2_HOLD,ETH,15m,DOWN,0x6cf3bb8ebd01042e343dc7f726c8521ade378f903846888187e4a92143c21f5f,True,27.62761316,Down,0.47,v2,HOLD,eth_15m_v2,0,True,0,True,0,True,0,True
1779359467784995,2026-05-21 10:31:07.784995,poly_updown_eth_15m_momo_v2_HOLD_f7,True,eth_15m_momo_v2_HOLD,ETH,15m,DOWN,0x6cf3bb8ebd01042e343dc7f726c8521ade378f903846888187e4a92143c21f5f,True,27.62761316,Down,0.47,v2,HOLD,eth_15m_v2,0,True,0,True,0,True,0,True
1779359467785947,2026-05-21 10:31:07.785947,poly_updown_eth_15m_momo_v2_SELL_f7,True,eth_15m_momo_v2_SELL,ETH,15m,DOWN,0x6cf3bb8ebd01042e343dc7f726c8521ade378f903846888187e4a92143c21f5f,True,27.62761316,Down,0.47,v2,SELL,eth_15m_v2,0,True,0,True,0,True,0,True
1779359467785947,2026-05-21 10:31:07.785947,poly_updown_eth_15m_momo_v2_SELL_f7,True,eth_15m_momo_v2_SELL,ETH,15m,DOWN,0x6cf3bb8ebd01042e343dc7f726c8521ade378f903846888187e4a92143c21f5f,True,27.62761316,Down,0.47,v2,SELL,eth_15m_v2,0,True,0,True,0,True,0,True
1779359467785947,2026-05-21 10:31:07.785947,poly_updown_eth_15m_momo_v2_SELL_f7,True,eth_15m_momo_v2_SELL,ETH,15m,DOWN,0x6cf3bb8ebd01042e343dc7f726c8521ade378f903846888187e4a92143c21f5f,True,27.62761316,Down,0.47,v2,SELL,eth_15m_v2,0,True,0,True,0,True,0,True
1779359467785947,2026-05-21 10:31:07.785947,poly_updown_eth_15m_momo_v2_SELL_f7,True,eth_15m_momo_v2_SELL,ETH,15m,DOWN,0x6cf3bb8ebd01042e343dc7f726c8521ade378f903846888187e4a92143c21f5f,True,27.62761316,Down,0.47,v2,SELL,eth_15m_v2,0,True,0,True,0,True,0,True
1779359467787234,2026-05-21 10:31:07.787234,poly_updown_eth_15m_momo_v2_HEDGE_f7,True,eth_15m_momo_v2_HEDGE,ETH,15m,DOWN,0x6cf3bb8ebd01042e343dc7f726c8521ade378f903846888187e4a92143c21f5f,True,27.62761316,Down,0.47,v2,HEDGE,eth_15m_v2,0,True,0,True,0,True,0,True
1779359467787234,2026-05-21 10:31:07.787234,poly_updown_eth_15m_momo_v2_HEDGE_f7,True,eth_15m_momo_v2_HEDGE,ETH,15m,DOWN,0x6cf3bb8ebd01042e343dc7f726c8521ade378f903846888187e4a92143c21f5f,True,27.62761316,Down,0.47,v2,HEDGE,eth_15m_v2,0,True,0,True,0,True,0,True
1779359467787234,2026-05-21 10:31:07.787234,poly_updown_eth_15m_momo_v2_HEDGE_f7,True,eth_15m_momo_v2_HEDGE,ETH,15m,DOWN,0x6cf3bb8ebd01042e343dc7f726c8521ade378f903846888187e4a92143c21f5f,True,27.62761316,Down,0.47,v2,HEDGE,eth_15m_v2,0,True,0,True,0,True,0,True
1779359467787234,2026-05-21 10:31:07.787234,poly_updown_eth_15m_momo_v2_HEDGE_f7,True,eth_15m_momo_v2_HEDGE,ETH,15m,DOWN,0x6cf3bb8ebd01042e343dc7f726c8521ade378f903846888187e4a92143c21f5f,True,27.62761316,Down,0.47,v2,HEDGE,eth_15m_v2,0,True,0,True,0,True,0,True
1779359523885037,2026-05-21 10:32:03.885037,poly_updown_btc_5m_momo_HEDGE_f7,True,btc_5m_momo_HEDGE,BTC,5m,DOWN,0xa83c0b46323eb9eaf6e8fce58d02d334b84d616bce09bb7ddb4399fc468ef479,True,0.48757532,Down,0.4602332753119721,v1,HEDGE,btc_5m_v1,0,True,0,True,0,True,0,True
1779359523885037,2026-05-21 10:32:03.885037,poly_updown_btc_5m_momo_HEDGE_f7,True,btc_5m_momo_HEDGE,BTC,5m,DOWN,0xa83c0b46323eb9eaf6e8fce58d02d334b84d616bce09bb7ddb4399fc468ef479,True,0.48757532,Down,0.4602332753119721,v1,HEDGE,btc_5m_v1,0,True,0,True,0,True,0,True
1779359523885037,2026-05-21 10:32:03.885037,poly_updown_btc_5m_momo_HEDGE_f7,True,btc_5m_momo_HEDGE,BTC,5m,DOWN,0xa83c0b46323eb9eaf6e8fce58d02d334b84d616bce09bb7ddb4399fc468ef479,True,0.48757532,Down,0.4602332753119721,v1,HEDGE,btc_5m_v1,0,True,0,True,0,True,0,True
1779359523885037,2026-05-21 10:32:03.885037,poly_updown_btc_5m_momo_HEDGE_f7,True,btc_5m_momo_HEDGE,BTC,5m,DOWN,0xa83c0b46323eb9eaf6e8fce58d02d334b84d616bce09bb7ddb4399fc468ef479,True,0.48757532,Down,0.4602332753119721,v1,HEDGE,btc_5m_v1,0,True,0,True,0,True,0,True
1779359523885037,2026-05-21 10:32:03.885037,poly_updown_btc_5m_momo_HEDGE_f7,True,btc_5m_momo_HEDGE,BTC,5m,DOWN,0xa83c0b46323eb9eaf6e8fce58d02d334b84d616bce09bb7ddb4399fc468ef479,True,-0.16119056,Down,0.4724799873663787,v1,HEDGE,btc_5m_v1,0,True,0,True,0,True,0,True
1779359523885037,2026-05-21 10:32:03.885037,poly_updown_btc_5m_momo_HEDGE_f7,True,btc_5m_momo_HEDGE,BTC,5m,DOWN,0xa83c0b46323eb9eaf6e8fce58d02d334b84d616bce09bb7ddb4399fc468ef479,True,-0.16119056,Down,0.4724799873663787,v1,HEDGE,btc_5m_v1,0,True,0,True,0,True,0,True
1779359523885037,2026-05-21 10:32:03.885037,poly_updown_btc_5m_momo_HEDGE_f7,True,btc_5m_momo_HEDGE,BTC,5m,DOWN,0xa83c0b46323eb9eaf6e8fce58d02d334b84d616bce09bb7ddb4399fc468ef479,True,-0.16119056,Down,0.4724799873663787,v1,HEDGE,btc_5m_v1,0,True,0,True,0,True,0,True
1779359523885037,2026-05-21 10:32:03.885037,poly_updown_btc_5m_momo_HEDGE_f7,True,btc_5m_momo_HEDGE,BTC,5m,DOWN,0xa83c0b46323eb9eaf6e8fce58d02d334b84d616bce09bb7ddb4399fc468ef479,True,-0.16119056,Down,0.4724799873663787,v1,HEDGE,btc_5m_v1,0,True,0,True,0,True,0,True
1779359523889540,2026-05-21 10:32:03.889540,poly_updown_btc_5m_momo_SELL_f7,True,btc_5m_momo_SELL,BTC,5m,DOWN,0xa83c0b46323eb9eaf6e8fce58d02d334b84d616bce09bb7ddb4399fc468ef479,True,1.074278,exited_at_bid,0.4602332753119721,v1,SELL,btc_5m_v1,0,True,0,True,0,True,0,True
1779359523889540,2026-05-21 10:32:03.889540,poly_updown_btc_5m_momo_SELL_f7,True,btc_5m_momo_SELL,BTC,5m,DOWN,0xa83c0b46323eb9eaf6e8fce58d02d334b84d616bce09bb7ddb4399fc468ef479,True,0.4,exited_at_bid,0.4724799873663787,v1,SELL,btc_5m_v1,0,True,0,True,0,True,0,True
1779359523889540,2026-05-21 10:32:03.889540,poly_updown_btc_5m_momo_SELL_f7,True,btc_5m_momo_SELL,BTC,5m,DOWN,0xa83c0b46323eb9eaf6e8fce58d02d334b84d616bce09bb7ddb4399fc468ef479,True,0.955072,exited_at_bid,0.4724799873663787,v1,SELL,btc_5m_v1,0,True,0,True,0,True,0,True
1779359523929145,2026-05-21 10:32:03.929145,poly_updown_sol_5m_momo_HEDGE_f7,True,sol_5m_momo_HEDGE,SOL,5m,DOWN,0x53892f613679f8f075551c781f699c2b6015f99598d1c7cc69ad97a6452d4dc7,True,-6.47540628,Down,0.4813651454934444,v1,HEDGE,sol_5m_v1,0,True,0,True,0,True,1,False
1779359523929145,2026-05-21 10:32:03.929145,poly_updown_sol_5m_momo_HEDGE_f7,True,sol_5m_momo_HEDGE,SOL,5m,DOWN,0x53892f613679f8f075551c781f699c2b6015f99598d1c7cc69ad97a6452d4dc7,True,-6.47540628,Down,0.4813651454934444,v1,HEDGE,sol_5m_v1,0,True,0,True,0,True,1,False
1779359523941206,2026-05-21 10:32:03.941206,poly_updown_sol_5m_momo_HOLD_f7,True,sol_5m_momo_HOLD,SOL,5m,DOWN,0x53892f613679f8f075551c781f699c2b6015f99598d1c7cc69ad97a6452d4dc7,True,27.03517572,Down,0.4813651454934444,v1,HOLD,sol_5m_v1,0,True,0,True,0,True,1,False
1779359523941206,2026-05-21 10:32:03.941206,poly_updown_sol_5m_momo_HOLD_f7,True,sol_5m_momo_HOLD,SOL,5m,DOWN,0x53892f613679f8f075551c781f699c2b6015f99598d1c7cc69ad97a6452d4dc7,True,27.03517572,Down,0.4813651454934444,v1,HOLD,sol_5m_v1,0,True,0,True,0,True,1,False
1779359523946480,2026-05-21 10:32:03.946480,poly_updown_sol_5m_momo_SELL_f7,True,sol_5m_momo_SELL,SOL,5m,DOWN,0x53892f613679f8f075551c781f699c2b6015f99598d1c7cc69ad97a6452d4dc7,True,17.35040097551875,Down,0.4813651454934444,v1,SELL,sol_5m_v1,0,True,0,True,0,True,1,False
1779359523946480,2026-05-21 10:32:03.946480,poly_updown_sol_5m_momo_SELL_f7,True,sol_5m_momo_SELL,SOL,5m,DOWN,0x53892f613679f8f075551c781f699c2b6015f99598d1c7cc69ad97a6452d4dc7,True,17.35040097551875,Down,0.4813651454934444,v1,SELL,sol_5m_v1,0,True,0,True,0,True,1,False
1779359523946494,2026-05-21 10:32:03.946494,poly_updown_btc_5m_momo_HOLD_f7,True,btc_5m_momo_HOLD,BTC,5m,DOWN,0xa83c0b46323eb9eaf6e8fce58d02d334b84d616bce09bb7ddb4399fc468ef479,True,28.74843132,Down,0.4602332753119721,v1,HOLD,btc_5m_v1,0,True,0,True,0,True,0,True
1779359523946494,2026-05-21 10:32:03.946494,poly_updown_btc_5m_momo_HOLD_f7,True,btc_5m_momo_HOLD,BTC,5m,DOWN,0xa83c0b46323eb9eaf6e8fce58d02d334b84d616bce09bb7ddb4399fc468ef479,True,28.74843132,Down,0.4602332753119721,v1,HOLD,btc_5m_v1,0,True,0,True,0,True,0,True
1779359523946494,2026-05-21 10:32:03.946494,poly_updown_btc_5m_momo_HOLD_f7,True,btc_5m_momo_HOLD,BTC,5m,DOWN,0xa83c0b46323eb9eaf6e8fce58d02d334b84d616bce09bb7ddb4399fc468ef479,True,27.49833744,Down,0.4724799873663787,v1,HOLD,btc_5m_v1,0,True,0,True,0,True,0,True
1779359523946494,2026-05-21 10:32:03.946494,poly_updown_btc_5m_momo_HOLD_f7,True,btc_5m_momo_HOLD,BTC,5m,DOWN,0xa83c0b46323eb9eaf6e8fce58d02d334b84d616bce09bb7ddb4399fc468ef479,True,27.49833744,Down,0.4724799873663787,v1,HOLD,btc_5m_v1,0,True,0,True,0,True,0,True
1779359524070875,2026-05-21 10:32:04.070875,poly_updown_btc_15m_momo_HEDGE_f7,True,btc_15m_momo_HEDGE,BTC,15m,DOWN,0x5519209a61f814a539cc609631c6a5b211f26098cceb59c961e243c6b62d3965,True,26.54164968,Down,0.48,v1,HEDGE,btc_15m_v1,0,True,0,True,0,True,0,True
1779359524070875,2026-05-21 10:32:04.070875,poly_updown_btc_15m_momo_HEDGE_f7,True,btc_15m_momo_HEDGE,BTC,15m,DOWN,0x5519209a61f814a539cc609631c6a5b211f26098cceb59c961e243c6b62d3965,True,26.54164968,Down,0.48,v1,HEDGE,btc_15m_v1,0,True,0,True,0,True,0,True
1779359524108011,2026-05-21 10:32:04.108011,poly_updown_btc_15m_momo_SELL_f7,True,btc_15m_momo_SELL,BTC,15m,DOWN,0x5519209a61f814a539cc609631c6a5b211f26098cceb59c961e243c6b62d3965,True,26.54164968,Down,0.48,v1,SELL,btc_15m_v1,0,True,0,True,0,True,0,True
1779359524108011,2026-05-21 10:32:04.108011,poly_updown_btc_15m_momo_SELL_f7,True,btc_15m_momo_SELL,BTC,15m,DOWN,0x5519209a61f814a539cc609631c6a5b211f26098cceb59c961e243c6b62d3965,True,26.54164968,Down,0.48,v1,SELL,btc_15m_v1,0,True,0,True,0,True,0,True
1779359524119180,2026-05-21 10:32:04.119180,poly_updown_btc_15m_momo_HOLD_f7,True,btc_15m_momo_HOLD,BTC,15m,DOWN,0x5519209a61f814a539cc609631c6a5b211f26098cceb59c961e243c6b62d3965,True,26.54164968,Down,0.48,v1,HOLD,btc_15m_v1,0,True,0,True,0,True,0,True
1779359524119180,2026-05-21 10:32:04.119180,poly_updown_btc_15m_momo_HOLD_f7,True,btc_15m_momo_HOLD,BTC,15m,DOWN,0x5519209a61f814a539cc609631c6a5b211f26098cceb59c961e243c6b62d3965,True,26.54164968,Down,0.48,v1,HOLD,btc_15m_v1,0,True,0,True,0,True,0,True
1779359528645580,2026-05-21 10:32:08.645580,poly_updown_btc_5m_momo_SELL_f7,True,btc_5m_momo_SELL,BTC,5m,DOWN,0xa83c0b46323eb9eaf6e8fce58d02d334b84d616bce09bb7ddb4399fc468ef479,True,1.074278,exited_at_bid,0.4602332753119721,v1,SELL,btc_5m_v1,0,True,0,True,0,True,0,True
1779359528645580,2026-05-21 10:32:08.645580,poly_updown_btc_5m_momo_SELL_f7,True,btc_5m_momo_SELL,BTC,5m,DOWN,0xa83c0b46323eb9eaf6e8fce58d02d334b84d616bce09bb7ddb4399fc468ef479,True,0.4,exited_at_bid,0.4724799873663787,v1,SELL,btc_5m_v1,0,True,0,True,0,True,0,True
1779359528645580,2026-05-21 10:32:08.645580,poly_updown_btc_5m_momo_SELL_f7,True,btc_5m_momo_SELL,BTC,5m,DOWN,0xa83c0b46323eb9eaf6e8fce58d02d334b84d616bce09bb7ddb4399fc468ef479,True,0.955072,exited_at_bid,0.4724799873663787,v1,SELL,btc_5m_v1,0,True,0,True,0,True,0,True
1779359528646287,2026-05-21 10:32:08.646287,poly_updown_btc_5m_momo_HOLD_f7,True,btc_5m_momo_HOLD,BTC,5m,DOWN,0xa83c0b46323eb9eaf6e8fce58d02d334b84d616bce09bb7ddb4399fc468ef479,True,28.74843132,Down,0.4602332753119721,v1,HOLD,btc_5m_v1,0,True,0,True,0,True,0,True
1779359528646287,2026-05-21 10:32:08.646287,poly_updown_btc_5m_momo_HOLD_f7,True,btc_5m_momo_HOLD,BTC,5m,DOWN,0xa83c0b46323eb9eaf6e8fce58d02d334b84d616bce09bb7ddb4399fc468ef479,True,28.74843132,Down,0.4602332753119721,v1,HOLD,btc_5m_v1,0,True,0,True,0,True,0,True
1779359528646287,2026-05-21 10:32:08.646287,poly_updown_btc_5m_momo_HOLD_f7,True,btc_5m_momo_HOLD,BTC,5m,DOWN,0xa83c0b46323eb9eaf6e8fce58d02d334b84d616bce09bb7ddb4399fc468ef479,True,27.49833744,Down,0.4724799873663787,v1,HOLD,btc_5m_v1,0,True,0,True,0,True,0,True
1779359528646287,2026-05-21 10:32:08.646287,poly_updown_btc_5m_momo_HOLD_f7,True,btc_5m_momo_HOLD,BTC,5m,DOWN,0xa83c0b46323eb9eaf6e8fce58d02d334b84d616bce09bb7ddb4399fc468ef479,True,27.49833744,Down,0.4724799873663787,v1,HOLD,btc_5m_v1,0,True,0,True,0,True,0,True
1779359528673077,2026-05-21 10:32:08.673077,poly_updown_btc_5m_momo_HEDGE_f7,True,btc_5m_momo_HEDGE,BTC,5m,DOWN,0xa83c0b46323eb9eaf6e8fce58d02d334b84d616bce09bb7ddb4399fc468ef479,True,0.48757532,Down,0.4602332753119721,v1,HEDGE,btc_5m_v1,0,True,0,True,0,True,0,True
1779359528673077,2026-05-21 10:32:08.673077,poly_updown_btc_5m_momo_HEDGE_f7,True,btc_5m_momo_HEDGE,BTC,5m,DOWN,0xa83c0b46323eb9eaf6e8fce58d02d334b84d616bce09bb7ddb4399fc468ef479,True,0.48757532,Down,0.4602332753119721,v1,HEDGE,btc_5m_v1,0,True,0,True,0,True,0,True
1779359528673077,2026-05-21 10:32:08.673077,poly_updown_btc_5m_momo_HEDGE_f7,True,btc_5m_momo_HEDGE,BTC,5m,DOWN,0xa83c0b46323eb9eaf6e8fce58d02d334b84d616bce09bb7ddb4399fc468ef479,True,0.48757532,Down,0.4602332753119721,v1,HEDGE,btc_5m_v1,0,True,0,True,0,True,0,True
1779359528673077,2026-05-21 10:32:08.673077,poly_updown_btc_5m_momo_HEDGE_f7,True,btc_5m_momo_HEDGE,BTC,5m,DOWN,0xa83c0b46323eb9eaf6e8fce58d02d334b84d616bce09bb7ddb4399fc468ef479,True,0.48757532,Down,0.4602332753119721,v1,HEDGE,btc_5m_v1,0,True,0,True,0,True,0,True
1779359528673077,2026-05-21 10:32:08.673077,poly_updown_btc_5m_momo_HEDGE_f7,True,btc_5m_momo_HEDGE,BTC,5m,DOWN,0xa83c0b46323eb9eaf6e8fce58d02d334b84d616bce09bb7ddb4399fc468ef479,True,-0.16119056,Down,0.4724799873663787,v1,HEDGE,btc_5m_v1,0,True,0,True,0,True,0,True
1779359528673077,2026-05-21 10:32:08.673077,poly_updown_btc_5m_momo_HEDGE_f7,True,btc_5m_momo_HEDGE,BTC,5m,DOWN,0xa83c0b46323eb9eaf6e8fce58d02d334b84d616bce09bb7ddb4399fc468ef479,True,-0.16119056,Down,0.4724799873663787,v1,HEDGE,btc_5m_v1,0,True,0,True,0,True,0,True
1779359528673077,2026-05-21 10:32:08.673077,poly_updown_btc_5m_momo_HEDGE_f7,True,btc_5m_momo_HEDGE,BTC,5m,DOWN,0xa83c0b46323eb9eaf6e8fce58d02d334b84d616bce09bb7ddb4399fc468ef479,True,-0.16119056,Down,0.4724799873663787,v1,HEDGE,btc_5m_v1,0,True,0,True,0,True,0,True
1779359528673077,2026-05-21 10:32:08.673077,poly_updown_btc_5m_momo_HEDGE_f7,True,btc_5m_momo_HEDGE,BTC,5m,DOWN,0xa83c0b46323eb9eaf6e8fce58d02d334b84d616bce09bb7ddb4399fc468ef479,True,-0.16119056,Down,0.4724799873663787,v1,HEDGE,btc_5m_v1,0,True,0,True,0,True,0,True
1779359704408640,2026-05-21 10:35:04.408640,poly_updown_btc_5m_volume_INV_NIGHT,False,btc_5m_volume_INV_NIGHT,BTC,5m,DOWN,0x46ba92f218a10e8b169fd24e503faf53011cc39a1e233f8410ead69a49293bc0,False,-25.1822,Up,0.4935711989713918,v1,NIGHT,btc_5m_v1,0,True,0,True,1,False,0,True
1779359704408640,2026-05-21 10:35:04.408640,poly_updown_btc_5m_volume_INV_NIGHT,False,btc_5m_volume_INV_NIGHT,BTC,5m,DOWN,0x46ba92f218a10e8b169fd24e503faf53011cc39a1e233f8410ead69a49293bc0,False,-25.0,Up,0.5,v1,NIGHT,btc_5m_v1,0,True,0,True,1,False,0,True
1779359704408640,2026-05-21 10:35:04.408640,poly_updown_btc_5m_volume_INV_NIGHT,False,btc_5m_volume_INV_NIGHT,BTC,5m,DOWN,0x46ba92f218a10e8b169fd24e503faf53011cc39a1e233f8410ead69a49293bc0,False,-25.1822,Up,0.4935711989713918,v1,NIGHT,btc_5m_v1,0,True,0,True,1,False,0,True
1779359704412962,2026-05-21 10:35:04.412962,poly_updown_sol_5m_volume_INV_NIGHT,False,sol_5m_volume_INV_NIGHT,SOL,5m,DOWN,0x8061a8193979cdc4849766195c409859bcfb6ed543f61df7ef7872fe854edde9,False,-26.147,Up,0.52294,v1,NIGHT,sol_5m_v1,0,True,0,True,0,True,0,True
1779359704412962,2026-05-21 10:35:04.412962,poly_updown_sol_5m_volume_INV_NIGHT,False,sol_5m_volume_INV_NIGHT,SOL,5m,DOWN,0x8061a8193979cdc4849766195c409859bcfb6ed543f61df7ef7872fe854edde9,False,-26.147,Up,0.52294,v1,NIGHT,sol_5m_v1,0,True,0,True,0,True,0,True
1779359704412962,2026-05-21 10:35:04.412962,poly_updown_sol_5m_volume_INV_NIGHT,False,sol_5m_volume_INV_NIGHT,SOL,5m,DOWN,0x8061a8193979cdc4849766195c409859bcfb6ed543f61df7ef7872fe854edde9,False,-26.147,Up,0.52294,v1,NIGHT,sol_5m_v1,0,True,0,True,0,True,0,True
1779359704418161,2026-05-21 10:35:04.418161,poly_updown_eth_5m_volume_INV_NIGHT,False,eth_5m_volume_INV_NIGHT,ETH,5m,DOWN,0x1ccaa950a84025602d456ae6826384238c7d7a7404b516c2ce7a21866b92e35e,False,-25.1197,Up,0.4923461987753918,v1,NIGHT,eth_5m_v1,0,True,0,True,0,True,0,True
1779359704418161,2026-05-21 10:35:04.418161,poly_updown_eth_5m_volume_INV_NIGHT,False,eth_5m_volume_INV_NIGHT,ETH,5m,DOWN,0x1ccaa950a84025602d456ae6826384238c7d7a7404b516c2ce7a21866b92e35e,False,-25.1197,Up,0.4923461987753918,v1,NIGHT,eth_5m_v1,0,True,0,True,0,True,0,True
1779359704418161,2026-05-21 10:35:04.418161,poly_updown_eth_5m_volume_INV_NIGHT,False,eth_5m_volume_INV_NIGHT,ETH,5m,DOWN,0x1ccaa950a84025602d456ae6826384238c7d7a7404b516c2ce7a21866b92e35e,False,-25.1197,Up,0.4923461987753918,v1,NIGHT,eth_5m_v1,0,True,0,True,0,True,0,True
1779359704418161,2026-05-21 10:35:04.418161,poly_updown_eth_5m_volume_INV_NIGHT,False,eth_5m_volume_INV_NIGHT,ETH,5m,DOWN,0x1ccaa950a84025602d456ae6826384238c7d7a7404b516c2ce7a21866b92e35e,False,-25.1197,Up,0.4923461987753918,v1,NIGHT,eth_5m_v1,0,True,0,True,0,True,0,True
1779359711280252,2026-05-21 10:35:11.280252,poly_updown_btc_5m_volume_INV_NIGHT,False,btc_5m_volume_INV_NIGHT,BTC,5m,DOWN,0x46ba92f218a10e8b169fd24e503faf53011cc39a1e233f8410ead69a49293bc0,False,-25.1822,Up,0.4935711989713918,v1,NIGHT,btc_5m_v1,0,True,0,True,1,False,0,True
1779359711280252,2026-05-21 10:35:11.280252,poly_updown_btc_5m_volume_INV_NIGHT,False,btc_5m_volume_INV_NIGHT,BTC,5m,DOWN,0x46ba92f218a10e8b169fd24e503faf53011cc39a1e233f8410ead69a49293bc0,False,-25.0,Up,0.5,v1,NIGHT,btc_5m_v1,0,True,0,True,1,False,0,True
1779359711280252,2026-05-21 10:35:11.280252,poly_updown_btc_5m_volume_INV_NIGHT,False,btc_5m_volume_INV_NIGHT,BTC,5m,DOWN,0x46ba92f218a10e8b169fd24e503faf53011cc39a1e233f8410ead69a49293bc0,False,-25.1822,Up,0.4935711989713918,v1,NIGHT,btc_5m_v1,0,True,0,True,1,False,0,True
1779359711298307,2026-05-21 10:35:11.298307,poly_updown_sol_5m_volume_INV_NIGHT,False,sol_5m_volume_INV_NIGHT,SOL,5m,DOWN,0x8061a8193979cdc4849766195c409859bcfb6ed543f61df7ef7872fe854edde9,False,-26.147,Up,0.52294,v1,NIGHT,sol_5m_v1,0,True,0,True,0,True,0,True
1779359711298307,2026-05-21 10:35:11.298307,poly_updown_sol_5m_volume_INV_NIGHT,False,sol_5m_volume_INV_NIGHT,SOL,5m,DOWN,0x8061a8193979cdc4849766195c409859bcfb6ed543f61df7ef7872fe854edde9,False,-26.147,Up,0.52294,v1,NIGHT,sol_5m_v1,0,True,0,True,0,True,0,True
1779359711298307,2026-05-21 10:35:11.298307,poly_updown_sol_5m_volume_INV_NIGHT,False,sol_5m_volume_INV_NIGHT,SOL,5m,DOWN,0x8061a8193979cdc4849766195c409859bcfb6ed543f61df7ef7872fe854edde9,False,-26.147,Up,0.52294,v1,NIGHT,sol_5m_v1,0,True,0,True,0,True,0,True
1779359711301888,2026-05-21 10:35:11.301888,poly_updown_eth_5m_volume_INV_NIGHT,False,eth_5m_volume_INV_NIGHT,ETH,5m,DOWN,0x1ccaa950a84025602d456ae6826384238c7d7a7404b516c2ce7a21866b92e35e,False,-25.1197,Up,0.4923461987753918,v1,NIGHT,eth_5m_v1,0,True,0,True,0,True,0,True
1779359711301888,2026-05-21 10:35:11.301888,poly_updown_eth_5m_volume_INV_NIGHT,False,eth_5m_volume_INV_NIGHT,ETH,5m,DOWN,0x1ccaa950a84025602d456ae6826384238c7d7a7404b516c2ce7a21866b92e35e,False,-25.1197,Up,0.4923461987753918,v1,NIGHT,eth_5m_v1,0,True,0,True,0,True,0,True
1779359711301888,2026-05-21 10:35:11.301888,poly_updown_eth_5m_volume_INV_NIGHT,False,eth_5m_volume_INV_NIGHT,ETH,5m,DOWN,0x1ccaa950a84025602d456ae6826384238c7d7a7404b516c2ce7a21866b92e35e,False,-25.1197,Up,0.4923461987753918,v1,NIGHT,eth_5m_v1,0,True,0,True,0,True,0,True
1779359711301888,2026-05-21 10:35:11.301888,poly_updown_eth_5m_volume_INV_NIGHT,False,eth_5m_volume_INV_NIGHT,ETH,5m,DOWN,0x1ccaa950a84025602d456ae6826384238c7d7a7404b516c2ce7a21866b92e35e,False,-25.1197,Up,0.4923461987753918,v1,NIGHT,eth_5m_v1,0,True,0,True,0,True,0,True
1779360003697105,2026-05-21 10:40:03.697105,poly_updown_btc_5m_sniper,False,btc_5m_sniper,BTC,5m,DOWN,0xdfe76757e54f16388dc31b0477f47c1151fee0f79f1871bcd84c5764b652341b,True,-1.5,Down,0.5,v1,sniper,btc_5m_v1,0,True,0,True,0,True,0,True
1779360003697105,2026-05-21 10:40:03.697105,poly_updown_btc_5m_sniper,False,btc_5m_sniper,BTC,5m,DOWN,0xdfe76757e54f16388dc31b0477f47c1151fee0f79f1871bcd84c5764b652341b,True,-1.5,Down,0.5,v1,sniper,btc_5m_v1,0,True,0,True,0,True,0,True
1779360003697105,2026-05-21 10:40:03.697105,poly_updown_btc_5m_sniper,False,btc_5m_sniper,BTC,5m,DOWN,0xdfe76757e54f16388dc31b0477f47c1151fee0f79f1871bcd84c5764b652341b,True,-1.5,Down,0.5,v1,sniper,btc_5m_v1,0,True,0,True,0,True,0,True
1779360003697105,2026-05-21 10:40:03.697105,poly_updown_btc_5m_sniper,False,btc_5m_sniper,BTC,5m,DOWN,0xdfe76757e54f16388dc31b0477f47c1151fee0f79f1871bcd84c5764b652341b,True,-1.5,Down,0.5,v1,sniper,btc_5m_v1,0,True,0,True,0,True,0,True
1779360003697105,2026-05-21 10:40:03.697105,poly_updown_btc_5m_sniper,False,btc_5m_sniper,BTC,5m,DOWN,0xdfe76757e54f16388dc31b0477f47c1151fee0f79f1871bcd84c5764b652341b,True,-1.03061208,Down,0.49,v1,sniper,btc_5m_v1,0,True,0,True,0,True,0,True
1779360003697105,2026-05-21 10:40:03.697105,poly_updown_btc_5m_sniper,False,btc_5m_sniper,BTC,5m,DOWN,0xdfe76757e54f16388dc31b0477f47c1151fee0f79f1871bcd84c5764b652341b,True,-1.03061208,Down,0.49,v1,sniper,btc_5m_v1,0,True,0,True,0,True,0,True
1779360003697105,2026-05-21 10:40:03.697105,poly_updown_btc_5m_sniper,False,btc_5m_sniper,BTC,5m,DOWN,0xdfe76757e54f16388dc31b0477f47c1151fee0f79f1871bcd84c5764b652341b,True,-1.03061208,Down,0.49,v1,sniper,btc_5m_v1,0,True,0,True,0,True,0,True
1779360003697105,2026-05-21 10:40:03.697105,poly_updown_btc_5m_sniper,False,btc_5m_sniper,BTC,5m,DOWN,0xdfe76757e54f16388dc31b0477f47c1151fee0f79f1871bcd84c5764b652341b,True,-1.03061208,Down,0.49,v1,sniper,btc_5m_v1,0,True,0,True,0,True,0,True
1779360003835373,2026-05-21 10:40:03.835373,poly_updown_eth_5m_sniper,False,eth_5m_sniper,ETH,5m,DOWN,0x9d9f6b0bf202f8f213a98fc4ace3f6affa1e9f564e2e9f2f937506efbf9a0276,True,-1.81561592,Down,0.4954959976793596,v1,sniper,eth_5m_v1,0,True,0,True,0,True,0,True
1779360003835373,2026-05-21 10:40:03.835373,poly_updown_eth_5m_sniper,False,eth_5m_sniper,ETH,5m,DOWN,0x9d9f6b0bf202f8f213a98fc4ace3f6affa1e9f564e2e9f2f937506efbf9a0276,True,-1.81561592,Down,0.4954959976793596,v1,sniper,eth_5m_v1,0,True,0,True,0,True,0,True
1779360003835373,2026-05-21 10:40:03.835373,poly_updown_eth_5m_sniper,False,eth_5m_sniper,ETH,5m,DOWN,0x9d9f6b0bf202f8f213a98fc4ace3f6affa1e9f564e2e9f2f937506efbf9a0276,True,-1.81561592,Down,0.4954959976793596,v1,sniper,eth_5m_v1,0,True,0,True,0,True,0,True
1779360003835373,2026-05-21 10:40:03.835373,poly_updown_eth_5m_sniper,False,eth_5m_sniper,ETH,5m,DOWN,0x9d9f6b0bf202f8f213a98fc4ace3f6affa1e9f564e2e9f2f937506efbf9a0276,True,-1.81561592,Down,0.4954959976793596,v1,sniper,eth_5m_v1,0,True,0,True,0,True,0,True
1779360003840963,2026-05-21 10:40:03.840963,poly_updown_btc_5m_volume_INV_NIGHT,False,btc_5m_volume_INV_NIGHT,BTC,5m,UP,0xdfe76757e54f16388dc31b0477f47c1151fee0f79f1871bcd84c5764b652341b,False,-25.369992,Down,0.5175479196076671,v1,NIGHT,btc_5m_v1,0,False,0,False,0,False,0,False
1779360003840963,2026-05-21 10:40:03.840963,poly_updown_btc_5m_volume_INV_NIGHT,False,btc_5m_volume_INV_NIGHT,BTC,5m,UP,0xdfe76757e54f16388dc31b0477f47c1151fee0f79f1871bcd84c5764b652341b,False,-25.369992,Down,0.5175479196076671,v1,NIGHT,btc_5m_v1,0,False,0,False,0,False,0,False
1779360003840963,2026-05-21 10:40:03.840963,poly_updown_btc_5m_volume_INV_NIGHT,False,btc_5m_volume_INV_NIGHT,BTC,5m,UP,0xdfe76757e54f16388dc31b0477f47c1151fee0f79f1871bcd84c5764b652341b,False,-25.471257,Down,0.5298023999051519,v1,NIGHT,btc_5m_v1,0,False,0,False,0,False,0,False
1779360003840963,2026-05-21 10:40:03.840963,poly_updown_btc_5m_volume_INV_NIGHT,False,btc_5m_volume_INV_NIGHT,BTC,5m,UP,0xdfe76757e54f16388dc31b0477f47c1151fee0f79f1871bcd84c5764b652341b,False,-25.471257,Down,0.5298023999051519,v1,NIGHT,btc_5m_v1,0,False,0,False,0,False,0,False
1779360003871419,2026-05-21 10:40:03.871419,poly_updown_eth_5m_sniper_DOWN_INV,False,eth_5m_sniper_DOWN_INV,ETH,5m,UP,0x9d9f6b0bf202f8f213a98fc4ace3f6affa1e9f564e2e9f2f937506efbf9a0276,False,-25.65259,Down,0.5438350385204092,v1,INV,eth_5m_v1,0,False,0,False,0,False,0,False
1779360003871419,2026-05-21 10:40:03.871419,poly_updown_eth_5m_sniper_DOWN_INV,False,eth_5m_sniper_DOWN_INV,ETH,5m,UP,0x9d9f6b0bf202f8f213a98fc4ace3f6affa1e9f564e2e9f2f937506efbf9a0276,False,-25.65259,Down,0.5438350385204092,v1,INV,eth_5m_v1,0,False,0,False,0,False,0,False
1779360003871419,2026-05-21 10:40:03.871419,poly_updown_eth_5m_sniper_DOWN_INV,False,eth_5m_sniper_DOWN_INV,ETH,5m,UP,0x9d9f6b0bf202f8f213a98fc4ace3f6affa1e9f564e2e9f2f937506efbf9a0276,False,-25.65259,Down,0.5438350385204092,v1,INV,eth_5m_v1,0,False,0,False,0,False,0,False
1779360003871419,2026-05-21 10:40:03.871419,poly_updown_eth_5m_sniper_DOWN_INV,False,eth_5m_sniper_DOWN_INV,ETH,5m,UP,0x9d9f6b0bf202f8f213a98fc4ace3f6affa1e9f564e2e9f2f937506efbf9a0276,False,-25.65259,Down,0.5438350385204092,v1,INV,eth_5m_v1,0,False,0,False,0,False,0,False
1779360003946779,2026-05-21 10:40:03.946779,poly_updown_eth_5m_volume_INV_NIGHT,False,eth_5m_volume_INV_NIGHT,ETH,5m,UP,0x9d9f6b0bf202f8f213a98fc4ace3f6affa1e9f564e2e9f2f937506efbf9a0276,False,-25.65259,Down,0.5438350385204092,v1,NIGHT,eth_5m_v1,0,False,0,False,0,False,0,False
1779360003946779,2026-05-21 10:40:03.946779,poly_updown_eth_5m_volume_INV_NIGHT,False,eth_5m_volume_INV_NIGHT,ETH,5m,UP,0x9d9f6b0bf202f8f213a98fc4ace3f6affa1e9f564e2e9f2f937506efbf9a0276,False,-25.65259,Down,0.5438350385204092,v1,NIGHT,eth_5m_v1,0,False,0,False,0,False,0,False
1779360003946779,2026-05-21 10:40:03.946779,poly_updown_eth_5m_volume_INV_NIGHT,False,eth_5m_volume_INV_NIGHT,ETH,5m,UP,0x9d9f6b0bf202f8f213a98fc4ace3f6affa1e9f564e2e9f2f937506efbf9a0276,False,-25.65259,Down,0.5438350385204092,v1,NIGHT,eth_5m_v1,0,False,0,False,0,False,0,False
1779360003946779,2026-05-21 10:40:03.946779,poly_updown_eth_5m_volume_INV_NIGHT,False,eth_5m_volume_INV_NIGHT,ETH,5m,UP,0x9d9f6b0bf202f8f213a98fc4ace3f6affa1e9f564e2e9f2f937506efbf9a0276,False,-25.65259,Down,0.5438350385204092,v1,NIGHT,eth_5m_v1,0,False,0,False,0,False,0,False
1779360009737073,2026-05-21 10:40:09.737073,poly_updown_eth_5m_sniper,False,eth_5m_sniper,ETH,5m,DOWN,0x9d9f6b0bf202f8f213a98fc4ace3f6affa1e9f564e2e9f2f937506efbf9a0276,True,-1.81561592,Down,0.4954959976793596,v1,sniper,eth_5m_v1,0,True,0,True,0,True,0,True
1779360009737073,2026-05-21 10:40:09.737073,poly_updown_eth_5m_sniper,False,eth_5m_sniper,ETH,5m,DOWN,0x9d9f6b0bf202f8f213a98fc4ace3f6affa1e9f564e2e9f2f937506efbf9a0276,True,-1.81561592,Down,0.4954959976793596,v1,sniper,eth_5m_v1,0,True,0,True,0,True,0,True
1779360009737073,2026-05-21 10:40:09.737073,poly_updown_eth_5m_sniper,False,eth_5m_sniper,ETH,5m,DOWN,0x9d9f6b0bf202f8f213a98fc4ace3f6affa1e9f564e2e9f2f937506efbf9a0276,True,-1.81561592,Down,0.4954959976793596,v1,sniper,eth_5m_v1,0,True,0,True,0,True,0,True
1779360009737073,2026-05-21 10:40:09.737073,poly_updown_eth_5m_sniper,False,eth_5m_sniper,ETH,5m,DOWN,0x9d9f6b0bf202f8f213a98fc4ace3f6affa1e9f564e2e9f2f937506efbf9a0276,True,-1.81561592,Down,0.4954959976793596,v1,sniper,eth_5m_v1,0,True,0,True,0,True,0,True
1779360009738263,2026-05-21 10:40:09.738263,poly_updown_btc_5m_sniper,False,btc_5m_sniper,BTC,5m,DOWN,0xdfe76757e54f16388dc31b0477f47c1151fee0f79f1871bcd84c5764b652341b,True,-1.5,Down,0.5,v1,sniper,btc_5m_v1,0,True,0,True,0,True,0,True
1779360009738263,2026-05-21 10:40:09.738263,poly_updown_btc_5m_sniper,False,btc_5m_sniper,BTC,5m,DOWN,0xdfe76757e54f16388dc31b0477f47c1151fee0f79f1871bcd84c5764b652341b,True,-1.5,Down,0.5,v1,sniper,btc_5m_v1,0,True,0,True,0,True,0,True
1779360009738263,2026-05-21 10:40:09.738263,poly_updown_btc_5m_sniper,False,btc_5m_sniper,BTC,5m,DOWN,0xdfe76757e54f16388dc31b0477f47c1151fee0f79f1871bcd84c5764b652341b,True,-1.5,Down,0.5,v1,sniper,btc_5m_v1,0,True,0,True,0,True,0,True
1779360009738263,2026-05-21 10:40:09.738263,poly_updown_btc_5m_sniper,False,btc_5m_sniper,BTC,5m,DOWN,0xdfe76757e54f16388dc31b0477f47c1151fee0f79f1871bcd84c5764b652341b,True,-1.5,Down,0.5,v1,sniper,btc_5m_v1,0,True,0,True,0,True,0,True
1779360009738263,2026-05-21 10:40:09.738263,poly_updown_btc_5m_sniper,False,btc_5m_sniper,BTC,5m,DOWN,0xdfe76757e54f16388dc31b0477f47c1151fee0f79f1871bcd84c5764b652341b,True,-1.03061208,Down,0.49,v1,sniper,btc_5m_v1,0,True,0,True,0,True,0,True
1779360009738263,2026-05-21 10:40:09.738263,poly_updown_btc_5m_sniper,False,btc_5m_sniper,BTC,5m,DOWN,0xdfe76757e54f16388dc31b0477f47c1151fee0f79f1871bcd84c5764b652341b,True,-1.03061208,Down,0.49,v1,sniper,btc_5m_v1,0,True,0,True,0,True,0,True
1779360009738263,2026-05-21 10:40:09.738263,poly_updown_btc_5m_sniper,False,btc_5m_sniper,BTC,5m,DOWN,0xdfe76757e54f16388dc31b0477f47c1151fee0f79f1871bcd84c5764b652341b,True,-1.03061208,Down,0.49,v1,sniper,btc_5m_v1,0,True,0,True,0,True,0,True
1779360009738263,2026-05-21 10:40:09.738263,poly_updown_btc_5m_sniper,False,btc_5m_sniper,BTC,5m,DOWN,0xdfe76757e54f16388dc31b0477f47c1151fee0f79f1871bcd84c5764b652341b,True,-1.03061208,Down,0.49,v1,sniper,btc_5m_v1,0,True,0,True,0,True,0,True
1779360009754504,2026-05-21 10:40:09.754504,poly_updown_btc_5m_volume_INV_NIGHT,False,btc_5m_volume_INV_NIGHT,BTC,5m,UP,0xdfe76757e54f16388dc31b0477f47c1151fee0f79f1871bcd84c5764b652341b,False,-25.369992,Down,0.5175479196076671,v1,NIGHT,btc_5m_v1,0,False,0,False,0,False,0,False
1779360009754504,2026-05-21 10:40:09.754504,poly_updown_btc_5m_volume_INV_NIGHT,False,btc_5m_volume_INV_NIGHT,BTC,5m,UP,0xdfe76757e54f16388dc31b0477f47c1151fee0f79f1871bcd84c5764b652341b,False,-25.369992,Down,0.5175479196076671,v1,NIGHT,btc_5m_v1,0,False,0,False,0,False,0,False
1779360009754504,2026-05-21 10:40:09.754504,poly_updown_btc_5m_volume_INV_NIGHT,False,btc_5m_volume_INV_NIGHT,BTC,5m,UP,0xdfe76757e54f16388dc31b0477f47c1151fee0f79f1871bcd84c5764b652341b,False,-25.471257,Down,0.5298023999051519,v1,NIGHT,btc_5m_v1,0,False,0,False,0,False,0,False
1779360009754504,2026-05-21 10:40:09.754504,poly_updown_btc_5m_volume_INV_NIGHT,False,btc_5m_volume_INV_NIGHT,BTC,5m,UP,0xdfe76757e54f16388dc31b0477f47c1151fee0f79f1871bcd84c5764b652341b,False,-25.471257,Down,0.5298023999051519,v1,NIGHT,btc_5m_v1,0,False,0,False,0,False,0,False
1779360009764491,2026-05-21 10:40:09.764491,poly_updown_eth_5m_volume_INV_NIGHT,False,eth_5m_volume_INV_NIGHT,ETH,5m,UP,0x9d9f6b0bf202f8f213a98fc4ace3f6affa1e9f564e2e9f2f937506efbf9a0276,False,-25.65259,Down,0.5438350385204092,v1,NIGHT,eth_5m_v1,0,False,0,False,0,False,0,False
1779360009764491,2026-05-21 10:40:09.764491,poly_updown_eth_5m_volume_INV_NIGHT,False,eth_5m_volume_INV_NIGHT,ETH,5m,UP,0x9d9f6b0bf202f8f213a98fc4ace3f6affa1e9f564e2e9f2f937506efbf9a0276,False,-25.65259,Down,0.5438350385204092,v1,NIGHT,eth_5m_v1,0,False,0,False,0,False,0,False
1779360009764491,2026-05-21 10:40:09.764491,poly_updown_eth_5m_volume_INV_NIGHT,False,eth_5m_volume_INV_NIGHT,ETH,5m,UP,0x9d9f6b0bf202f8f213a98fc4ace3f6affa1e9f564e2e9f2f937506efbf9a0276,False,-25.65259,Down,0.5438350385204092,v1,NIGHT,eth_5m_v1,0,False,0,False,0,False,0,False
1779360009764491,2026-05-21 10:40:09.764491,poly_updown_eth_5m_volume_INV_NIGHT,False,eth_5m_volume_INV_NIGHT,ETH,5m,UP,0x9d9f6b0bf202f8f213a98fc4ace3f6affa1e9f564e2e9f2f937506efbf9a0276,False,-25.65259,Down,0.5438350385204092,v1,NIGHT,eth_5m_v1,0,False,0,False,0,False,0,False
1779360009838673,2026-05-21 10:40:09.838673,poly_updown_sol_5m_volume_INV_NIGHT,False,sol_5m_volume_INV_NIGHT,SOL,5m,UP,0xbdb5c9087a7d54b72f049c2439cb552aece46de148374d44c439bf4207915844,False,-25.582395,Down,0.5321140714147542,v1,NIGHT,sol_5m_v1,0,False,0,False,0,False,1,False
1779360009838673,2026-05-21 10:40:09.838673,poly_updown_sol_5m_volume_INV_NIGHT,False,sol_5m_volume_INV_NIGHT,SOL,5m,UP,0xbdb5c9087a7d54b72f049c2439cb552aece46de148374d44c439bf4207915844,False,-25.582395,Down,0.5321140714147542,v1,NIGHT,sol_5m_v1,0,False,0,False,0,False,1,False
1779360009878451,2026-05-21 10:40:09.878451,poly_updown_eth_5m_sniper_DOWN_INV,False,eth_5m_sniper_DOWN_INV,ETH,5m,UP,0x9d9f6b0bf202f8f213a98fc4ace3f6affa1e9f564e2e9f2f937506efbf9a0276,False,-25.65259,Down,0.5438350385204092,v1,INV,eth_5m_v1,0,False,0,False,0,False,0,False
1779360009878451,2026-05-21 10:40:09.878451,poly_updown_eth_5m_sniper_DOWN_INV,False,eth_5m_sniper_DOWN_INV,ETH,5m,UP,0x9d9f6b0bf202f8f213a98fc4ace3f6affa1e9f564e2e9f2f937506efbf9a0276,False,-25.65259,Down,0.5438350385204092,v1,INV,eth_5m_v1,0,False,0,False,0,False,0,False
1779360009878451,2026-05-21 10:40:09.878451,poly_updown_eth_5m_sniper_DOWN_INV,False,eth_5m_sniper_DOWN_INV,ETH,5m,UP,0x9d9f6b0bf202f8f213a98fc4ace3f6affa1e9f564e2e9f2f937506efbf9a0276,False,-25.65259,Down,0.5438350385204092,v1,INV,eth_5m_v1,0,False,0,False,0,False,0,False
1779360009878451,2026-05-21 10:40:09.878451,poly_updown_eth_5m_sniper_DOWN_INV,False,eth_5m_sniper_DOWN_INV,ETH,5m,UP,0x9d9f6b0bf202f8f213a98fc4ace3f6affa1e9f564e2e9f2f937506efbf9a0276,False,-25.65259,Down,0.5438350385204092,v1,INV,eth_5m_v1,0,False,0,False,0,False,0,False
1779360304862328,2026-05-21 10:45:04.862328,poly_updown_btc_5m_volume_INV_NIGHT,False,btc_5m_volume_INV_NIGHT,BTC,5m,DOWN,0x4bdf21ca8e8f4d53a59a516fc4e8cb8ffececbbe4457c66c9a1214505882b12e,True,25.49999592,Down,0.49,v1,NIGHT,btc_5m_v1,0,True,0,True,0,True,0,True
1779360304862328,2026-05-21 10:45:04.862328,poly_updown_btc_5m_volume_INV_NIGHT,False,btc_5m_volume_INV_NIGHT,BTC,5m,DOWN,0x4bdf21ca8e8f4d53a59a516fc4e8cb8ffececbbe4457c66c9a1214505882b12e,True,25.49999592,Down,0.49,v1,NIGHT,btc_5m_v1,0,True,0,True,0,True,0,True
1779360304862328,2026-05-21 10:45:04.862328,poly_updown_btc_5m_volume_INV_NIGHT,False,btc_5m_volume_INV_NIGHT,BTC,5m,DOWN,0x4bdf21ca8e8f4d53a59a516fc4e8cb8ffececbbe4457c66c9a1214505882b12e,True,25.49999592,Down,0.49,v1,NIGHT,btc_5m_v1,0,True,0,True,0,True,0,True
1779360304862328,2026-05-21 10:45:04.862328,poly_updown_btc_5m_volume_INV_NIGHT,False,btc_5m_volume_INV_NIGHT,BTC,5m,DOWN,0x4bdf21ca8e8f4d53a59a516fc4e8cb8ffececbbe4457c66c9a1214505882b12e,True,25.49999592,Down,0.49,v1,NIGHT,btc_5m_v1,0,True,0,True,0,True,0,True
1779360304869294,2026-05-21 10:45:04.869294,poly_updown_btc_5m_sniper,False,btc_5m_sniper,BTC,5m,UP,0x4bdf21ca8e8f4d53a59a516fc4e8cb8ffececbbe4457c66c9a1214505882b12e,False,-1.65932596,Down,0.5349777187946525,v1,sniper,btc_5m_v1,0,False,0,False,0,False,0,False
1779360304869294,2026-05-21 10:45:04.869294,poly_updown_btc_5m_sniper,False,btc_5m_sniper,BTC,5m,UP,0x4bdf21ca8e8f4d53a59a516fc4e8cb8ffececbbe4457c66c9a1214505882b12e,False,-1.65932596,Down,0.5349777187946525,v1,sniper,btc_5m_v1,0,False,0,False,0,False,0,False
1779360304869294,2026-05-21 10:45:04.869294,poly_updown_btc_5m_sniper,False,btc_5m_sniper,BTC,5m,UP,0x4bdf21ca8e8f4d53a59a516fc4e8cb8ffececbbe4457c66c9a1214505882b12e,False,-1.65932596,Down,0.5349777187946525,v1,sniper,btc_5m_v1,0,False,0,False,0,False,0,False
1779360304869294,2026-05-21 10:45:04.869294,poly_updown_btc_5m_sniper,False,btc_5m_sniper,BTC,5m,UP,0x4bdf21ca8e8f4d53a59a516fc4e8cb8ffececbbe4457c66c9a1214505882b12e,False,-1.65932596,Down,0.5349777187946525,v1,sniper,btc_5m_v1,0,False,0,False,0,False,0,False
1779360304869294,2026-05-21 10:45:04.869294,poly_updown_btc_5m_sniper,False,btc_5m_sniper,BTC,5m,UP,0x4bdf21ca8e8f4d53a59a516fc4e8cb8ffececbbe4457c66c9a1214505882b12e,False,-1.65932596,Down,0.5349777187946525,v1,sniper,btc_5m_v1,0,False,0,False,0,False,0,False
1779360304869294,2026-05-21 10:45:04.869294,poly_updown_btc_5m_sniper,False,btc_5m_sniper,BTC,5m,UP,0x4bdf21ca8e8f4d53a59a516fc4e8cb8ffececbbe4457c66c9a1214505882b12e,False,-1.65932596,Down,0.5349777187946525,v1,sniper,btc_5m_v1,0,False,0,False,0,False,0,False
1779360304869294,2026-05-21 10:45:04.869294,poly_updown_btc_5m_sniper,False,btc_5m_sniper,BTC,5m,UP,0x4bdf21ca8e8f4d53a59a516fc4e8cb8ffececbbe4457c66c9a1214505882b12e,False,-1.65932596,Down,0.5349777187946525,v1,sniper,btc_5m_v1,0,False,0,False,0,False,0,False
1779360304869294,2026-05-21 10:45:04.869294,poly_updown_btc_5m_sniper,False,btc_5m_sniper,BTC,5m,UP,0x4bdf21ca8e8f4d53a59a516fc4e8cb8ffececbbe4457c66c9a1214505882b12e,False,-1.65932596,Down,0.5349777187946525,v1,sniper,btc_5m_v1,0,False,0,False,0,False,0,False
1779360305459899,2026-05-21 10:45:05.459899,poly_updown_eth_15m_sniper,False,eth_15m_sniper,ETH,15m,UP,0x520151cb7f100dfbd82b1d096654373388832f1ae6fd3081a19bd92cf9ccce24,True,-1.68637224,Up,0.5248999991839998,v1,sniper,eth_15m_v1,0,False,0,False,0,False,0,False
1779360305459899,2026-05-21 10:45:05.459899,poly_updown_eth_15m_sniper,False,eth_15m_sniper,ETH,15m,UP,0x520151cb7f100dfbd82b1d096654373388832f1ae6fd3081a19bd92cf9ccce24,True,-1.68637224,Up,0.5248999991839998,v1,sniper,eth_15m_v1,0,False,0,False,0,False,0,False
1779360305459899,2026-05-21 10:45:05.459899,poly_updown_eth_15m_sniper,False,eth_15m_sniper,ETH,15m,UP,0x520151cb7f100dfbd82b1d096654373388832f1ae6fd3081a19bd92cf9ccce24,True,-1.68637224,Up,0.5248999991839998,v1,sniper,eth_15m_v1,0,False,0,False,0,False,0,False
1779360305459899,2026-05-21 10:45:05.459899,poly_updown_eth_15m_sniper,False,eth_15m_sniper,ETH,15m,UP,0x520151cb7f100dfbd82b1d096654373388832f1ae6fd3081a19bd92cf9ccce24,True,-1.68637224,Up,0.5248999991839998,v1,sniper,eth_15m_v1,0,False,0,False,0,False,0,False
1779360305459899,2026-05-21 10:45:05.459899,poly_updown_eth_15m_sniper,False,eth_15m_sniper,ETH,15m,UP,0x520151cb7f100dfbd82b1d096654373388832f1ae6fd3081a19bd92cf9ccce24,True,-1.68637224,Up,0.5248999991839998,v1,sniper,eth_15m_v1,0,False,0,False,0,False,0,False
1779360305459899,2026-05-21 10:45:05.459899,poly_updown_eth_15m_sniper,False,eth_15m_sniper,ETH,15m,UP,0x520151cb7f100dfbd82b1d096654373388832f1ae6fd3081a19bd92cf9ccce24,True,-1.68637224,Up,0.5248999991839998,v1,sniper,eth_15m_v1,0,False,0,False,0,False,0,False
1779360305459899,2026-05-21 10:45:05.459899,poly_updown_eth_15m_sniper,False,eth_15m_sniper,ETH,15m,UP,0x520151cb7f100dfbd82b1d096654373388832f1ae6fd3081a19bd92cf9ccce24,True,-1.68637224,Up,0.5248999991839998,v1,sniper,eth_15m_v1,0,False,0,False,0,False,0,False
1779360305459899,2026-05-21 10:45:05.459899,poly_updown_eth_15m_sniper,False,eth_15m_sniper,ETH,15m,UP,0x520151cb7f100dfbd82b1d096654373388832f1ae6fd3081a19bd92cf9ccce24,True,-1.68637224,Up,0.5248999991839998,v1,sniper,eth_15m_v1,0,False,0,False,0,False,0,False
1779360305464488,2026-05-21 10:45:05.464488,poly_updown_btc_15m_volume_INV_NIGHT,False,btc_15m_volume_INV_NIGHT,BTC,15m,DOWN,0xa83c8286fc6bf3aa85d44fa2de7ee0a3b083b3a69662340eda0968583f8d0458,False,-25.0,Up,0.5,v1,NIGHT,btc_15m_v1,0,True,0,True,0,True,0,True
1779360305464488,2026-05-21 10:45:05.464488,poly_updown_btc_15m_volume_INV_NIGHT,False,btc_15m_volume_INV_NIGHT,BTC,15m,DOWN,0xa83c8286fc6bf3aa85d44fa2de7ee0a3b083b3a69662340eda0968583f8d0458,False,-25.0,Up,0.5,v1,NIGHT,btc_15m_v1,0,True,0,True,0,True,0,True
1779360305464488,2026-05-21 10:45:05.464488,poly_updown_btc_15m_volume_INV_NIGHT,False,btc_15m_volume_INV_NIGHT,BTC,15m,DOWN,0xa83c8286fc6bf3aa85d44fa2de7ee0a3b083b3a69662340eda0968583f8d0458,False,-25.0,Up,0.5,v1,NIGHT,btc_15m_v1,0,True,0,True,0,True,0,True
1779360305483181,2026-05-21 10:45:05.483181,poly_updown_btc_15m_sniper,False,btc_15m_sniper,BTC,15m,UP,0xa83c8286fc6bf3aa85d44fa2de7ee0a3b083b3a69662340eda0968583f8d0458,True,-0.51978416,Up,0.5108199985311997,v1,sniper,btc_15m_v1,0,False,0,False,0,False,0,False
1779360305483181,2026-05-21 10:45:05.483181,poly_updown_btc_15m_sniper,False,btc_15m_sniper,BTC,15m,UP,0xa83c8286fc6bf3aa85d44fa2de7ee0a3b083b3a69662340eda0968583f8d0458,True,-0.51978416,Up,0.5108199985311997,v1,sniper,btc_15m_v1,0,False,0,False,0,False,0,False
1779360305483181,2026-05-21 10:45:05.483181,poly_updown_btc_15m_sniper,False,btc_15m_sniper,BTC,15m,UP,0xa83c8286fc6bf3aa85d44fa2de7ee0a3b083b3a69662340eda0968583f8d0458,True,-0.51978416,Up,0.5108199985311997,v1,sniper,btc_15m_v1,0,False,0,False,0,False,0,False
1779360305483181,2026-05-21 10:45:05.483181,poly_updown_btc_15m_sniper,False,btc_15m_sniper,BTC,15m,UP,0xa83c8286fc6bf3aa85d44fa2de7ee0a3b083b3a69662340eda0968583f8d0458,True,-0.51978416,Up,0.5108199985311997,v1,sniper,btc_15m_v1,0,False,0,False,0,False,0,False
1779360305483181,2026-05-21 10:45:05.483181,poly_updown_btc_15m_sniper,False,btc_15m_sniper,BTC,15m,UP,0xa83c8286fc6bf3aa85d44fa2de7ee0a3b083b3a69662340eda0968583f8d0458,True,-0.51978416,Up,0.5108199985311997,v1,sniper,btc_15m_v1,0,False,0,False,0,False,0,False
1779360305483181,2026-05-21 10:45:05.483181,poly_updown_btc_15m_sniper,False,btc_15m_sniper,BTC,15m,UP,0xa83c8286fc6bf3aa85d44fa2de7ee0a3b083b3a69662340eda0968583f8d0458,True,-0.51978416,Up,0.5108199985311997,v1,sniper,btc_15m_v1,0,False,0,False,0,False,0,False
1779360305483181,2026-05-21 10:45:05.483181,poly_updown_btc_15m_sniper,False,btc_15m_sniper,BTC,15m,UP,0xa83c8286fc6bf3aa85d44fa2de7ee0a3b083b3a69662340eda0968583f8d0458,True,-0.51978416,Up,0.5108199985311997,v1,sniper,btc_15m_v1,0,False,0,False,0,False,0,False
1779360305483181,2026-05-21 10:45:05.483181,poly_updown_btc_15m_sniper,False,btc_15m_sniper,BTC,15m,UP,0xa83c8286fc6bf3aa85d44fa2de7ee0a3b083b3a69662340eda0968583f8d0458,True,-0.51978416,Up,0.5108199985311997,v1,sniper,btc_15m_v1,0,False,0,False,0,False,0,False
1779360305504516,2026-05-21 10:45:05.504516,poly_updown_eth_15m_volume_INV_NIGHT,False,eth_15m_volume_INV_NIGHT,ETH,15m,DOWN,0x520151cb7f100dfbd82b1d096654373388832f1ae6fd3081a19bd92cf9ccce24,False,-25.0,Up,0.5,v1,NIGHT,eth_15m_v1,0,True,0,True,0,True,0,True
1779360305504516,2026-05-21 10:45:05.504516,poly_updown_eth_15m_volume_INV_NIGHT,False,eth_15m_volume_INV_NIGHT,ETH,15m,DOWN,0x520151cb7f100dfbd82b1d096654373388832f1ae6fd3081a19bd92cf9ccce24,False,-25.0,Up,0.5,v1,NIGHT,eth_15m_v1,0,True,0,True,0,True,0,True
1779360305504516,2026-05-21 10:45:05.504516,poly_updown_eth_15m_volume_INV_NIGHT,False,eth_15m_volume_INV_NIGHT,ETH,15m,DOWN,0x520151cb7f100dfbd82b1d096654373388832f1ae6fd3081a19bd92cf9ccce24,False,-25.0,Up,0.5,v1,NIGHT,eth_15m_v1,0,True,0,True,0,True,0,True
1779360305504516,2026-05-21 10:45:05.504516,poly_updown_eth_15m_volume_INV_NIGHT,False,eth_15m_volume_INV_NIGHT,ETH,15m,DOWN,0x520151cb7f100dfbd82b1d096654373388832f1ae6fd3081a19bd92cf9ccce24,False,-25.0,Up,0.5,v1,NIGHT,eth_15m_v1,0,True,0,True,0,True,0,True
1779360305547392,2026-05-21 10:45:05.547392,poly_updown_sol_15m_volume_INV_NIGHT,False,sol_15m_volume_INV_NIGHT,SOL,15m,DOWN,0x5cd062f20267f6acd114618361d51ad2e475dae6adeead75aaee092e1bb2c290,False,-25.95,Up,0.519,v1,NIGHT,sol_15m_v1,0,True,0,True,0,True,0,True
1779360305547392,2026-05-21 10:45:05.547392,poly_updown_sol_15m_volume_INV_NIGHT,False,sol_15m_volume_INV_NIGHT,SOL,15m,DOWN,0x5cd062f20267f6acd114618361d51ad2e475dae6adeead75aaee092e1bb2c290,False,-25.95,Up,0.519,v1,NIGHT,sol_15m_v1,0,True,0,True,0,True,0,True
1779360305547392,2026-05-21 10:45:05.547392,poly_updown_sol_15m_volume_INV_NIGHT,False,sol_15m_volume_INV_NIGHT,SOL,15m,DOWN,0x5cd062f20267f6acd114618361d51ad2e475dae6adeead75aaee092e1bb2c290,False,-25.8,Up,0.516,v1,NIGHT,sol_15m_v1,0,True,0,True,0,True,0,True
1779360305547392,2026-05-21 10:45:05.547392,poly_updown_sol_15m_volume_INV_NIGHT,False,sol_15m_volume_INV_NIGHT,SOL,15m,DOWN,0x5cd062f20267f6acd114618361d51ad2e475dae6adeead75aaee092e1bb2c290,False,-25.8,Up,0.516,v1,NIGHT,sol_15m_v1,0,True,0,True,0,True,0,True
1779360310629775,2026-05-21 10:45:10.629775,poly_updown_btc_5m_sniper,False,btc_5m_sniper,BTC,5m,UP,0x4bdf21ca8e8f4d53a59a516fc4e8cb8ffececbbe4457c66c9a1214505882b12e,False,-1.65932596,Down,0.5349777187946525,v1,sniper,btc_5m_v1,0,False,0,False,0,False,0,False
1779360310629775,2026-05-21 10:45:10.629775,poly_updown_btc_5m_sniper,False,btc_5m_sniper,BTC,5m,UP,0x4bdf21ca8e8f4d53a59a516fc4e8cb8ffececbbe4457c66c9a1214505882b12e,False,-1.65932596,Down,0.5349777187946525,v1,sniper,btc_5m_v1,0,False,0,False,0,False,0,False
1779360310629775,2026-05-21 10:45:10.629775,poly_updown_btc_5m_sniper,False,btc_5m_sniper,BTC,5m,UP,0x4bdf21ca8e8f4d53a59a516fc4e8cb8ffececbbe4457c66c9a1214505882b12e,False,-1.65932596,Down,0.5349777187946525,v1,sniper,btc_5m_v1,0,False,0,False,0,False,0,False
1779360310629775,2026-05-21 10:45:10.629775,poly_updown_btc_5m_sniper,False,btc_5m_sniper,BTC,5m,UP,0x4bdf21ca8e8f4d53a59a516fc4e8cb8ffececbbe4457c66c9a1214505882b12e,False,-1.65932596,Down,0.5349777187946525,v1,sniper,btc_5m_v1,0,False,0,False,0,False,0,False
1779360310629775,2026-05-21 10:45:10.629775,poly_updown_btc_5m_sniper,False,btc_5m_sniper,BTC,5m,UP,0x4bdf21ca8e8f4d53a59a516fc4e8cb8ffececbbe4457c66c9a1214505882b12e,False,-1.65932596,Down,0.5349777187946525,v1,sniper,btc_5m_v1,0,False,0,False,0,False,0,False
1779360310629775,2026-05-21 10:45:10.629775,poly_updown_btc_5m_sniper,False,btc_5m_sniper,BTC,5m,UP,0x4bdf21ca8e8f4d53a59a516fc4e8cb8ffececbbe4457c66c9a1214505882b12e,False,-1.65932596,Down,0.5349777187946525,v1,sniper,btc_5m_v1,0,False,0,False,0,False,0,False
1779360310629775,2026-05-21 10:45:10.629775,poly_updown_btc_5m_sniper,False,btc_5m_sniper,BTC,5m,UP,0x4bdf21ca8e8f4d53a59a516fc4e8cb8ffececbbe4457c66c9a1214505882b12e,False,-1.65932596,Down,0.5349777187946525,v1,sniper,btc_5m_v1,0,False,0,False,0,False,0,False
1779360310629775,2026-05-21 10:45:10.629775,poly_updown_btc_5m_sniper,False,btc_5m_sniper,BTC,5m,UP,0x4bdf21ca8e8f4d53a59a516fc4e8cb8ffececbbe4457c66c9a1214505882b12e,False,-1.65932596,Down,0.5349777187946525,v1,sniper,btc_5m_v1,0,False,0,False,0,False,0,False
1779360310630442,2026-05-21 10:45:10.630442,poly_updown_btc_5m_volume_INV_NIGHT,False,btc_5m_volume_INV_NIGHT,BTC,5m,DOWN,0x4bdf21ca8e8f4d53a59a516fc4e8cb8ffececbbe4457c66c9a1214505882b12e,True,25.49999592,Down,0.49,v1,NIGHT,btc_5m_v1,0,True,0,True,0,True,0,True
1779360310630442,2026-05-21 10:45:10.630442,poly_updown_btc_5m_volume_INV_NIGHT,False,btc_5m_volume_INV_NIGHT,BTC,5m,DOWN,0x4bdf21ca8e8f4d53a59a516fc4e8cb8ffececbbe4457c66c9a1214505882b12e,True,25.49999592,Down,0.49,v1,NIGHT,btc_5m_v1,0,True,0,True,0,True,0,True
1779360310630442,2026-05-21 10:45:10.630442,poly_updown_btc_5m_volume_INV_NIGHT,False,btc_5m_volume_INV_NIGHT,BTC,5m,DOWN,0x4bdf21ca8e8f4d53a59a516fc4e8cb8ffececbbe4457c66c9a1214505882b12e,True,25.49999592,Down,0.49,v1,NIGHT,btc_5m_v1,0,True,0,True,0,True,0,True
1779360310630442,2026-05-21 10:45:10.630442,poly_updown_btc_5m_volume_INV_NIGHT,False,btc_5m_volume_INV_NIGHT,BTC,5m,DOWN,0x4bdf21ca8e8f4d53a59a516fc4e8cb8ffececbbe4457c66c9a1214505882b12e,True,25.49999592,Down,0.49,v1,NIGHT,btc_5m_v1,0,True,0,True,0,True,0,True
1779360310652639,2026-05-21 10:45:10.652639,poly_updown_eth_5m_volume_INV_NIGHT,False,eth_5m_volume_INV_NIGHT,ETH,5m,DOWN,0xfad2dc684e189b21d394e2b98a93a3d7aafd5a5ab52f7d8106845b3900efb0df,True,24.5,Down,0.5,v1,NIGHT,eth_5m_v1,0,True,0,True,0,True,0,True
1779360310652639,2026-05-21 10:45:10.652639,poly_updown_eth_5m_volume_INV_NIGHT,False,eth_5m_volume_INV_NIGHT,ETH,5m,DOWN,0xfad2dc684e189b21d394e2b98a93a3d7aafd5a5ab52f7d8106845b3900efb0df,True,24.5,Down,0.5,v1,NIGHT,eth_5m_v1,0,True,0,True,0,True,0,True
1779360311063164,2026-05-21 10:45:11.063164,poly_updown_eth_15m_volume_INV_NIGHT,False,eth_15m_volume_INV_NIGHT,ETH,15m,DOWN,0x520151cb7f100dfbd82b1d096654373388832f1ae6fd3081a19bd92cf9ccce24,False,-25.0,Up,0.5,v1,NIGHT,eth_15m_v1,0,True,0,True,0,True,0,True
1779360311063164,2026-05-21 10:45:11.063164,poly_updown_eth_15m_volume_INV_NIGHT,False,eth_15m_volume_INV_NIGHT,ETH,15m,DOWN,0x520151cb7f100dfbd82b1d096654373388832f1ae6fd3081a19bd92cf9ccce24,False,-25.0,Up,0.5,v1,NIGHT,eth_15m_v1,0,True,0,True,0,True,0,True
1779360311063164,2026-05-21 10:45:11.063164,poly_updown_eth_15m_volume_INV_NIGHT,False,eth_15m_volume_INV_NIGHT,ETH,15m,DOWN,0x520151cb7f100dfbd82b1d096654373388832f1ae6fd3081a19bd92cf9ccce24,False,-25.0,Up,0.5,v1,NIGHT,eth_15m_v1,0,True,0,True,0,True,0,True
1779360311063164,2026-05-21 10:45:11.063164,poly_updown_eth_15m_volume_INV_NIGHT,False,eth_15m_volume_INV_NIGHT,ETH,15m,DOWN,0x520151cb7f100dfbd82b1d096654373388832f1ae6fd3081a19bd92cf9ccce24,False,-25.0,Up,0.5,v1,NIGHT,eth_15m_v1,0,True,0,True,0,True,0,True
1779360311073366,2026-05-21 10:45:11.073366,poly_updown_eth_15m_sniper,False,eth_15m_sniper,ETH,15m,UP,0x520151cb7f100dfbd82b1d096654373388832f1ae6fd3081a19bd92cf9ccce24,True,-1.68637224,Up,0.5248999991839998,v1,sniper,eth_15m_v1,0,False,0,False,0,False,0,False
1779360311073366,2026-05-21 10:45:11.073366,poly_updown_eth_15m_sniper,False,eth_15m_sniper,ETH,15m,UP,0x520151cb7f100dfbd82b1d096654373388832f1ae6fd3081a19bd92cf9ccce24,True,-1.68637224,Up,0.5248999991839998,v1,sniper,eth_15m_v1,0,False,0,False,0,False,0,False
1779360311073366,2026-05-21 10:45:11.073366,poly_updown_eth_15m_sniper,False,eth_15m_sniper,ETH,15m,UP,0x520151cb7f100dfbd82b1d096654373388832f1ae6fd3081a19bd92cf9ccce24,True,-1.68637224,Up,0.5248999991839998,v1,sniper,eth_15m_v1,0,False,0,False,0,False,0,False
1779360311073366,2026-05-21 10:45:11.073366,poly_updown_eth_15m_sniper,False,eth_15m_sniper,ETH,15m,UP,0x520151cb7f100dfbd82b1d096654373388832f1ae6fd3081a19bd92cf9ccce24,True,-1.68637224,Up,0.5248999991839998,v1,sniper,eth_15m_v1,0,False,0,False,0,False,0,False
1779360311073366,2026-05-21 10:45:11.073366,poly_updown_eth_15m_sniper,False,eth_15m_sniper,ETH,15m,UP,0x520151cb7f100dfbd82b1d096654373388832f1ae6fd3081a19bd92cf9ccce24,True,-1.68637224,Up,0.5248999991839998,v1,sniper,eth_15m_v1,0,False,0,False,0,False,0,False
1779360311073366,2026-05-21 10:45:11.073366,poly_updown_eth_15m_sniper,False,eth_15m_sniper,ETH,15m,UP,0x520151cb7f100dfbd82b1d096654373388832f1ae6fd3081a19bd92cf9ccce24,True,-1.68637224,Up,0.5248999991839998,v1,sniper,eth_15m_v1,0,False,0,False,0,False,0,False
1779360311073366,2026-05-21 10:45:11.073366,poly_updown_eth_15m_sniper,False,eth_15m_sniper,ETH,15m,UP,0x520151cb7f100dfbd82b1d096654373388832f1ae6fd3081a19bd92cf9ccce24,True,-1.68637224,Up,0.5248999991839998,v1,sniper,eth_15m_v1,0,False,0,False,0,False,0,False
1779360311073366,2026-05-21 10:45:11.073366,poly_updown_eth_15m_sniper,False,eth_15m_sniper,ETH,15m,UP,0x520151cb7f100dfbd82b1d096654373388832f1ae6fd3081a19bd92cf9ccce24,True,-1.68637224,Up,0.5248999991839998,v1,sniper,eth_15m_v1,0,False,0,False,0,False,0,False
1779360311074378,2026-05-21 10:45:11.074378,poly_updown_btc_15m_sniper,False,btc_15m_sniper,BTC,15m,UP,0xa83c8286fc6bf3aa85d44fa2de7ee0a3b083b3a69662340eda0968583f8d0458,True,-0.51978416,Up,0.5108199985311997,v1,sniper,btc_15m_v1,0,False,0,False,0,False,0,False
1779360311074378,2026-05-21 10:45:11.074378,poly_updown_btc_15m_sniper,False,btc_15m_sniper,BTC,15m,UP,0xa83c8286fc6bf3aa85d44fa2de7ee0a3b083b3a69662340eda0968583f8d0458,True,-0.51978416,Up,0.5108199985311997,v1,sniper,btc_15m_v1,0,False,0,False,0,False,0,False
1779360311074378,2026-05-21 10:45:11.074378,poly_updown_btc_15m_sniper,False,btc_15m_sniper,BTC,15m,UP,0xa83c8286fc6bf3aa85d44fa2de7ee0a3b083b3a69662340eda0968583f8d0458,True,-0.51978416,Up,0.5108199985311997,v1,sniper,btc_15m_v1,0,False,0,False,0,False,0,False
1779360311074378,2026-05-21 10:45:11.074378,poly_updown_btc_15m_sniper,False,btc_15m_sniper,BTC,15m,UP,0xa83c8286fc6bf3aa85d44fa2de7ee0a3b083b3a69662340eda0968583f8d0458,True,-0.51978416,Up,0.5108199985311997,v1,sniper,btc_15m_v1,0,False,0,False,0,False,0,False
1779360311074378,2026-05-21 10:45:11.074378,poly_updown_btc_15m_sniper,False,btc_15m_sniper,BTC,15m,UP,0xa83c8286fc6bf3aa85d44fa2de7ee0a3b083b3a69662340eda0968583f8d0458,True,-0.51978416,Up,0.5108199985311997,v1,sniper,btc_15m_v1,0,False,0,False,0,False,0,False
1779360311074378,2026-05-21 10:45:11.074378,poly_updown_btc_15m_sniper,False,btc_15m_sniper,BTC,15m,UP,0xa83c8286fc6bf3aa85d44fa2de7ee0a3b083b3a69662340eda0968583f8d0458,True,-0.51978416,Up,0.5108199985311997,v1,sniper,btc_15m_v1,0,False,0,False,0,False,0,False
1779360311074378,2026-05-21 10:45:11.074378,poly_updown_btc_15m_sniper,False,btc_15m_sniper,BTC,15m,UP,0xa83c8286fc6bf3aa85d44fa2de7ee0a3b083b3a69662340eda0968583f8d0458,True,-0.51978416,Up,0.5108199985311997,v1,sniper,btc_15m_v1,0,False,0,False,0,False,0,False
1779360311074378,2026-05-21 10:45:11.074378,poly_updown_btc_15m_sniper,False,btc_15m_sniper,BTC,15m,UP,0xa83c8286fc6bf3aa85d44fa2de7ee0a3b083b3a69662340eda0968583f8d0458,True,-0.51978416,Up,0.5108199985311997,v1,sniper,btc_15m_v1,0,False,0,False,0,False,0,False
1779360311083275,2026-05-21 10:45:11.083275,poly_updown_sol_15m_volume_INV_NIGHT,False,sol_15m_volume_INV_NIGHT,SOL,15m,DOWN,0x5cd062f20267f6acd114618361d51ad2e475dae6adeead75aaee092e1bb2c290,False,-25.95,Up,0.519,v1,NIGHT,sol_15m_v1,0,True,0,True,0,True,0,True
1779360311083275,2026-05-21 10:45:11.083275,poly_updown_sol_15m_volume_INV_NIGHT,False,sol_15m_volume_INV_NIGHT,SOL,15m,DOWN,0x5cd062f20267f6acd114618361d51ad2e475dae6adeead75aaee092e1bb2c290,False,-25.95,Up,0.519,v1,NIGHT,sol_15m_v1,0,True,0,True,0,True,0,True
1779360311083275,2026-05-21 10:45:11.083275,poly_updown_sol_15m_volume_INV_NIGHT,False,sol_15m_volume_INV_NIGHT,SOL,15m,DOWN,0x5cd062f20267f6acd114618361d51ad2e475dae6adeead75aaee092e1bb2c290,False,-25.8,Up,0.516,v1,NIGHT,sol_15m_v1,0,True,0,True,0,True,0,True
1779360311083275,2026-05-21 10:45:11.083275,poly_updown_sol_15m_volume_INV_NIGHT,False,sol_15m_volume_INV_NIGHT,SOL,15m,DOWN,0x5cd062f20267f6acd114618361d51ad2e475dae6adeead75aaee092e1bb2c290,False,-25.8,Up,0.516,v1,NIGHT,sol_15m_v1,0,True,0,True,0,True,0,True
1779360311087020,2026-05-21 10:45:11.087020,poly_updown_btc_15m_volume_INV_NIGHT,False,btc_15m_volume_INV_NIGHT,BTC,15m,DOWN,0xa83c8286fc6bf3aa85d44fa2de7ee0a3b083b3a69662340eda0968583f8d0458,False,-25.0,Up,0.5,v1,NIGHT,btc_15m_v1,0,True,0,True,0,True,0,True
1779360311087020,2026-05-21 10:45:11.087020,poly_updown_btc_15m_volume_INV_NIGHT,False,btc_15m_volume_INV_NIGHT,BTC,15m,DOWN,0xa83c8286fc6bf3aa85d44fa2de7ee0a3b083b3a69662340eda0968583f8d0458,False,-25.0,Up,0.5,v1,NIGHT,btc_15m_v1,0,True,0,True,0,True,0,True
1779360311087020,2026-05-21 10:45:11.087020,poly_updown_btc_15m_volume_INV_NIGHT,False,btc_15m_volume_INV_NIGHT,BTC,15m,DOWN,0xa83c8286fc6bf3aa85d44fa2de7ee0a3b083b3a69662340eda0968583f8d0458,False,-25.0,Up,0.5,v1,NIGHT,btc_15m_v1,0,True,0,True,0,True,0,True
1779360604113086,2026-05-21 10:50:04.113086,poly_updown_btc_5m_volume_INV_NIGHT,False,btc_5m_volume_INV_NIGHT,BTC,5m,UP,0x4dd2c28aa066c40de67f8cf888cc20be00bc70f80b7d6995cc3e714d2aa8bb8b,False,-25.157857,Down,0.5232836767761648,v1,NIGHT,btc_5m_v1,0,False,0,False,1,False,0,False
1779360604113086,2026-05-21 10:50:04.113086,poly_updown_btc_5m_volume_INV_NIGHT,False,btc_5m_volume_INV_NIGHT,BTC,5m,UP,0x4dd2c28aa066c40de67f8cf888cc20be00bc70f80b7d6995cc3e714d2aa8bb8b,False,-25.157857,Down,0.5232836767761648,v1,NIGHT,btc_5m_v1,0,False,0,False,1,False,0,False
1779360604113086,2026-05-21 10:50:04.113086,poly_updown_btc_5m_volume_INV_NIGHT,False,btc_5m_volume_INV_NIGHT,BTC,5m,UP,0x4dd2c28aa066c40de67f8cf888cc20be00bc70f80b7d6995cc3e714d2aa8bb8b,False,-25.357857,Down,0.5274436787729658,v1,NIGHT,btc_5m_v1,0,False,0,False,1,False,0,False
1779360604113086,2026-05-21 10:50:04.113086,poly_updown_btc_5m_volume_INV_NIGHT,False,btc_5m_volume_INV_NIGHT,BTC,5m,UP,0x4dd2c28aa066c40de67f8cf888cc20be00bc70f80b7d6995cc3e714d2aa8bb8b,False,-25.357857,Down,0.5274436787729658,v1,NIGHT,btc_5m_v1,0,False,0,False,1,False,0,False
1779360607761286,2026-05-21 10:50:07.761286,poly_updown_btc_5m_volume_INV_NIGHT,False,btc_5m_volume_INV_NIGHT,BTC,5m,UP,0x4dd2c28aa066c40de67f8cf888cc20be00bc70f80b7d6995cc3e714d2aa8bb8b,False,-25.157857,Down,0.5232836767761648,v1,NIGHT,btc_5m_v1,0,False,0,False,1,False,0,False
1779360607761286,2026-05-21 10:50:07.761286,poly_updown_btc_5m_volume_INV_NIGHT,False,btc_5m_volume_INV_NIGHT,BTC,5m,UP,0x4dd2c28aa066c40de67f8cf888cc20be00bc70f80b7d6995cc3e714d2aa8bb8b,False,-25.157857,Down,0.5232836767761648,v1,NIGHT,btc_5m_v1,0,False,0,False,1,False,0,False
1779360607761286,2026-05-21 10:50:07.761286,poly_updown_btc_5m_volume_INV_NIGHT,False,btc_5m_volume_INV_NIGHT,BTC,5m,UP,0x4dd2c28aa066c40de67f8cf888cc20be00bc70f80b7d6995cc3e714d2aa8bb8b,False,-25.357857,Down,0.5274436787729658,v1,NIGHT,btc_5m_v1,0,False,0,False,1,False,0,False
1779360607761286,2026-05-21 10:50:07.761286,poly_updown_btc_5m_volume_INV_NIGHT,False,btc_5m_volume_INV_NIGHT,BTC,5m,UP,0x4dd2c28aa066c40de67f8cf888cc20be00bc70f80b7d6995cc3e714d2aa8bb8b,False,-25.357857,Down,0.5274436787729658,v1,NIGHT,btc_5m_v1,0,False,0,False,1,False,0,False
1779360665146981,2026-05-21 10:51:05.146981,poly_updown_btc_5m_momo_v2_SELL_f7,True,btc_5m_momo_v2_SELL,BTC,5m,DOWN,0x4dd2c28aa066c40de67f8cf888cc20be00bc70f80b7d6995cc3e714d2aa8bb8b,True,25.49999592,Down,0.49,v2,SELL,btc_5m_v2,1,False,0,True,1,False,0,True
1779360665146981,2026-05-21 10:51:05.146981,poly_updown_btc_5m_momo_v2_SELL_f7,True,btc_5m_momo_v2_SELL,BTC,5m,DOWN,0x4dd2c28aa066c40de67f8cf888cc20be00bc70f80b7d6995cc3e714d2aa8bb8b,True,25.49999592,Down,0.49,v2,SELL,btc_5m_v2,1,False,0,True,1,False,0,True
1779360665146981,2026-05-21 10:51:05.146981,poly_updown_btc_5m_momo_v2_SELL_f7,True,btc_5m_momo_v2_SELL,BTC,5m,DOWN,0x4dd2c28aa066c40de67f8cf888cc20be00bc70f80b7d6995cc3e714d2aa8bb8b,True,25.49999592,Down,0.49,v2,SELL,btc_5m_v2,1,False,0,True,1,False,0,True
1779360665146981,2026-05-21 10:51:05.146981,poly_updown_btc_5m_momo_v2_SELL_f7,True,btc_5m_momo_v2_SELL,BTC,5m,DOWN,0x4dd2c28aa066c40de67f8cf888cc20be00bc70f80b7d6995cc3e714d2aa8bb8b,True,25.49999592,Down,0.49,v2,SELL,btc_5m_v2,1,False,0,True,1,False,0,True
1779360665154288,2026-05-21 10:51:05.154288,poly_updown_btc_5m_momo_v2_HOLD_f7,True,btc_5m_momo_v2_HOLD,BTC,5m,DOWN,0x4dd2c28aa066c40de67f8cf888cc20be00bc70f80b7d6995cc3e714d2aa8bb8b,True,25.49999592,Down,0.49,v2,HOLD,btc_5m_v2,1,False,0,True,1,False,0,True
1779360665154288,2026-05-21 10:51:05.154288,poly_updown_btc_5m_momo_v2_HOLD_f7,True,btc_5m_momo_v2_HOLD,BTC,5m,DOWN,0x4dd2c28aa066c40de67f8cf888cc20be00bc70f80b7d6995cc3e714d2aa8bb8b,True,25.49999592,Down,0.49,v2,HOLD,btc_5m_v2,1,False,0,True,1,False,0,True
1779360665154288,2026-05-21 10:51:05.154288,poly_updown_btc_5m_momo_v2_HOLD_f7,True,btc_5m_momo_v2_HOLD,BTC,5m,DOWN,0x4dd2c28aa066c40de67f8cf888cc20be00bc70f80b7d6995cc3e714d2aa8bb8b,True,25.49999592,Down,0.49,v2,HOLD,btc_5m_v2,1,False,0,True,1,False,0,True
1779360665154288,2026-05-21 10:51:05.154288,poly_updown_btc_5m_momo_v2_HOLD_f7,True,btc_5m_momo_v2_HOLD,BTC,5m,DOWN,0x4dd2c28aa066c40de67f8cf888cc20be00bc70f80b7d6995cc3e714d2aa8bb8b,True,25.49999592,Down,0.49,v2,HOLD,btc_5m_v2,1,False,0,True,1,False,0,True
1779360665155878,2026-05-21 10:51:05.155878,poly_updown_btc_5m_momo_v2_HEDGE_f7,True,btc_5m_momo_v2_HEDGE,BTC,5m,DOWN,0x4dd2c28aa066c40de67f8cf888cc20be00bc70f80b7d6995cc3e714d2aa8bb8b,True,25.49999592,Down,0.49,v2,HEDGE,btc_5m_v2,1,False,0,True,1,False,0,True
1779360665155878,2026-05-21 10:51:05.155878,poly_updown_btc_5m_momo_v2_HEDGE_f7,True,btc_5m_momo_v2_HEDGE,BTC,5m,DOWN,0x4dd2c28aa066c40de67f8cf888cc20be00bc70f80b7d6995cc3e714d2aa8bb8b,True,25.49999592,Down,0.49,v2,HEDGE,btc_5m_v2,1,False,0,True,1,False,0,True
1779360665155878,2026-05-21 10:51:05.155878,poly_updown_btc_5m_momo_v2_HEDGE_f7,True,btc_5m_momo_v2_HEDGE,BTC,5m,DOWN,0x4dd2c28aa066c40de67f8cf888cc20be00bc70f80b7d6995cc3e714d2aa8bb8b,True,25.49999592,Down,0.49,v2,HEDGE,btc_5m_v2,1,False,0,True,1,False,0,True
1779360665155878,2026-05-21 10:51:05.155878,poly_updown_btc_5m_momo_v2_HEDGE_f7,True,btc_5m_momo_v2_HEDGE,BTC,5m,DOWN,0x4dd2c28aa066c40de67f8cf888cc20be00bc70f80b7d6995cc3e714d2aa8bb8b,True,25.49999592,Down,0.49,v2,HEDGE,btc_5m_v2,1,False,0,True,1,False,0,True
1779360669294775,2026-05-21 10:51:09.294775,poly_updown_btc_5m_momo_v2_HOLD_f7,True,btc_5m_momo_v2_HOLD,BTC,5m,DOWN,0x4dd2c28aa066c40de67f8cf888cc20be00bc70f80b7d6995cc3e714d2aa8bb8b,True,25.49999592,Down,0.49,v2,HOLD,btc_5m_v2,1,False,0,True,1,False,0,True
1779360669294775,2026-05-21 10:51:09.294775,poly_updown_btc_5m_momo_v2_HOLD_f7,True,btc_5m_momo_v2_HOLD,BTC,5m,DOWN,0x4dd2c28aa066c40de67f8cf888cc20be00bc70f80b7d6995cc3e714d2aa8bb8b,True,25.49999592,Down,0.49,v2,HOLD,btc_5m_v2,1,False,0,True,1,False,0,True
1779360669294775,2026-05-21 10:51:09.294775,poly_updown_btc_5m_momo_v2_HOLD_f7,True,btc_5m_momo_v2_HOLD,BTC,5m,DOWN,0x4dd2c28aa066c40de67f8cf888cc20be00bc70f80b7d6995cc3e714d2aa8bb8b,True,25.49999592,Down,0.49,v2,HOLD,btc_5m_v2,1,False,0,True,1,False,0,True
1779360669294775,2026-05-21 10:51:09.294775,poly_updown_btc_5m_momo_v2_HOLD_f7,True,btc_5m_momo_v2_HOLD,BTC,5m,DOWN,0x4dd2c28aa066c40de67f8cf888cc20be00bc70f80b7d6995cc3e714d2aa8bb8b,True,25.49999592,Down,0.49,v2,HOLD,btc_5m_v2,1,False,0,True,1,False,0,True
1779360669295099,2026-05-21 10:51:09.295099,poly_updown_btc_5m_momo_v2_HEDGE_f7,True,btc_5m_momo_v2_HEDGE,BTC,5m,DOWN,0x4dd2c28aa066c40de67f8cf888cc20be00bc70f80b7d6995cc3e714d2aa8bb8b,True,25.49999592,Down,0.49,v2,HEDGE,btc_5m_v2,1,False,0,True,1,False,0,True
1779360669295099,2026-05-21 10:51:09.295099,poly_updown_btc_5m_momo_v2_HEDGE_f7,True,btc_5m_momo_v2_HEDGE,BTC,5m,DOWN,0x4dd2c28aa066c40de67f8cf888cc20be00bc70f80b7d6995cc3e714d2aa8bb8b,True,25.49999592,Down,0.49,v2,HEDGE,btc_5m_v2,1,False,0,True,1,False,0,True
1779360669295099,2026-05-21 10:51:09.295099,poly_updown_btc_5m_momo_v2_HEDGE_f7,True,btc_5m_momo_v2_HEDGE,BTC,5m,DOWN,0x4dd2c28aa066c40de67f8cf888cc20be00bc70f80b7d6995cc3e714d2aa8bb8b,True,25.49999592,Down,0.49,v2,HEDGE,btc_5m_v2,1,False,0,True,1,False,0,True
1779360669295099,2026-05-21 10:51:09.295099,poly_updown_btc_5m_momo_v2_HEDGE_f7,True,btc_5m_momo_v2_HEDGE,BTC,5m,DOWN,0x4dd2c28aa066c40de67f8cf888cc20be00bc70f80b7d6995cc3e714d2aa8bb8b,True,25.49999592,Down,0.49,v2,HEDGE,btc_5m_v2,1,False,0,True,1,False,0,True
1779360669298204,2026-05-21 10:51:09.298204,poly_updown_btc_5m_momo_v2_SELL_f7,True,btc_5m_momo_v2_SELL,BTC,5m,DOWN,0x4dd2c28aa066c40de67f8cf888cc20be00bc70f80b7d6995cc3e714d2aa8bb8b,True,25.49999592,Down,0.49,v2,SELL,btc_5m_v2,1,False,0,True,1,False,0,True
1779360669298204,2026-05-21 10:51:09.298204,poly_updown_btc_5m_momo_v2_SELL_f7,True,btc_5m_momo_v2_SELL,BTC,5m,DOWN,0x4dd2c28aa066c40de67f8cf888cc20be00bc70f80b7d6995cc3e714d2aa8bb8b,True,25.49999592,Down,0.49,v2,SELL,btc_5m_v2,1,False,0,True,1,False,0,True
1779360669298204,2026-05-21 10:51:09.298204,poly_updown_btc_5m_momo_v2_SELL_f7,True,btc_5m_momo_v2_SELL,BTC,5m,DOWN,0x4dd2c28aa066c40de67f8cf888cc20be00bc70f80b7d6995cc3e714d2aa8bb8b,True,25.49999592,Down,0.49,v2,SELL,btc_5m_v2,1,False,0,True,1,False,0,True
1779360669298204,2026-05-21 10:51:09.298204,poly_updown_btc_5m_momo_v2_SELL_f7,True,btc_5m_momo_v2_SELL,BTC,5m,DOWN,0x4dd2c28aa066c40de67f8cf888cc20be00bc70f80b7d6995cc3e714d2aa8bb8b,True,25.49999592,Down,0.49,v2,SELL,btc_5m_v2,1,False,0,True,1,False,0,True
1779360903335671,2026-05-21 10:55:03.335671,poly_updown_eth_5m_volume_INV_NIGHT,False,eth_5m_volume_INV_NIGHT,ETH,5m,UP,0x120b52651bf348d32df5a415b90aff1a118d8e00e07ea2d3fd995209b88e0797,True,22.1001956,Up,0.5399550383928061,v1,NIGHT,eth_5m_v1,0,False,0,False,1,False,0,False
1779360903335671,2026-05-21 10:55:03.335671,poly_updown_eth_5m_volume_INV_NIGHT,False,eth_5m_volume_INV_NIGHT,ETH,5m,UP,0x120b52651bf348d32df5a415b90aff1a118d8e00e07ea2d3fd995209b88e0797,True,22.1001956,Up,0.5399550383928061,v1,NIGHT,eth_5m_v1,0,False,0,False,1,False,0,False
1779360903335671,2026-05-21 10:55:03.335671,poly_updown_eth_5m_volume_INV_NIGHT,False,eth_5m_volume_INV_NIGHT,ETH,5m,UP,0x120b52651bf348d32df5a415b90aff1a118d8e00e07ea2d3fd995209b88e0797,True,22.1001956,Up,0.5399550383928061,v1,NIGHT,eth_5m_v1,0,False,0,False,1,False,0,False
1779360903337458,2026-05-21 10:55:03.337458,poly_updown_btc_5m_volume_INV_NIGHT,False,btc_5m_volume_INV_NIGHT,BTC,5m,UP,0xd2cf59cfa57772b7906e79502c3cd457a71792ce342374e42b9d0e80d838e176,True,22.55552614,Up,0.5212702358097131,v1,NIGHT,btc_5m_v1,0,False,0,False,1,False,0,False
1779360903337458,2026-05-21 10:55:03.337458,poly_updown_btc_5m_volume_INV_NIGHT,False,btc_5m_volume_INV_NIGHT,BTC,5m,UP,0xd2cf59cfa57772b7906e79502c3cd457a71792ce342374e42b9d0e80d838e176,True,22.45958414,Up,0.5233065567871472,v1,NIGHT,btc_5m_v1,0,False,0,False,1,False,0,False
1779360903337458,2026-05-21 10:55:03.337458,poly_updown_btc_5m_volume_INV_NIGHT,False,btc_5m_volume_INV_NIGHT,BTC,5m,UP,0xd2cf59cfa57772b7906e79502c3cd457a71792ce342374e42b9d0e80d838e176,True,22.45958414,Up,0.5233065567871472,v1,NIGHT,btc_5m_v1,0,False,0,False,1,False,0,False
1779360903342948,2026-05-21 10:55:03.342948,poly_updown_sol_5m_volume_INV_NIGHT,False,sol_5m_volume_INV_NIGHT,SOL,5m,UP,0xd23f6f00f0cc3f165be15cf853f96b7a06625bab9e161c967068f49b219e11e0,True,21.48180776,Up,0.5352913940699345,v1,NIGHT,sol_5m_v1,0,False,0,False,1,False,0,False
1779360903342948,2026-05-21 10:55:03.342948,poly_updown_sol_5m_volume_INV_NIGHT,False,sol_5m_volume_INV_NIGHT,SOL,5m,UP,0xd23f6f00f0cc3f165be15cf853f96b7a06625bab9e161c967068f49b219e11e0,True,21.3134418,Up,0.5389335973440633,v1,NIGHT,sol_5m_v1,0,False,0,False,1,False,0,False
1779360903342948,2026-05-21 10:55:03.342948,poly_updown_sol_5m_volume_INV_NIGHT,False,sol_5m_volume_INV_NIGHT,SOL,5m,UP,0xd23f6f00f0cc3f165be15cf853f96b7a06625bab9e161c967068f49b219e11e0,True,21.3134418,Up,0.5389335973440633,v1,NIGHT,sol_5m_v1,0,False,0,False,1,False,0,False
1779360909358080,2026-05-21 10:55:09.358080,poly_updown_sol_5m_volume_INV_NIGHT,False,sol_5m_volume_INV_NIGHT,SOL,5m,UP,0xd23f6f00f0cc3f165be15cf853f96b7a06625bab9e161c967068f49b219e11e0,True,21.48180776,Up,0.5352913940699345,v1,NIGHT,sol_5m_v1,0,False,0,False,1,False,0,False
1779360909358080,2026-05-21 10:55:09.358080,poly_updown_sol_5m_volume_INV_NIGHT,False,sol_5m_volume_INV_NIGHT,SOL,5m,UP,0xd23f6f00f0cc3f165be15cf853f96b7a06625bab9e161c967068f49b219e11e0,True,21.3134418,Up,0.5389335973440633,v1,NIGHT,sol_5m_v1,0,False,0,False,1,False,0,False
1779360909358080,2026-05-21 10:55:09.358080,poly_updown_sol_5m_volume_INV_NIGHT,False,sol_5m_volume_INV_NIGHT,SOL,5m,UP,0xd23f6f00f0cc3f165be15cf853f96b7a06625bab9e161c967068f49b219e11e0,True,21.3134418,Up,0.5389335973440633,v1,NIGHT,sol_5m_v1,0,False,0,False,1,False,0,False
1779360909370766,2026-05-21 10:55:09.370766,poly_updown_btc_5m_volume_INV_NIGHT,False,btc_5m_volume_INV_NIGHT,BTC,5m,UP,0xd2cf59cfa57772b7906e79502c3cd457a71792ce342374e42b9d0e80d838e176,True,22.55552614,Up,0.5212702358097131,v1,NIGHT,btc_5m_v1,0,False,0,False,1,False,0,False
1779360909370766,2026-05-21 10:55:09.370766,poly_updown_btc_5m_volume_INV_NIGHT,False,btc_5m_volume_INV_NIGHT,BTC,5m,UP,0xd2cf59cfa57772b7906e79502c3cd457a71792ce342374e42b9d0e80d838e176,True,22.45958414,Up,0.5233065567871472,v1,NIGHT,btc_5m_v1,0,False,0,False,1,False,0,False
1779360909370766,2026-05-21 10:55:09.370766,poly_updown_btc_5m_volume_INV_NIGHT,False,btc_5m_volume_INV_NIGHT,BTC,5m,UP,0xd2cf59cfa57772b7906e79502c3cd457a71792ce342374e42b9d0e80d838e176,True,22.45958414,Up,0.5233065567871472,v1,NIGHT,btc_5m_v1,0,False,0,False,1,False,0,False
1779360909371467,2026-05-21 10:55:09.371467,poly_updown_eth_5m_volume_INV_NIGHT,False,eth_5m_volume_INV_NIGHT,ETH,5m,UP,0x120b52651bf348d32df5a415b90aff1a118d8e00e07ea2d3fd995209b88e0797,True,22.1001956,Up,0.5399550383928061,v1,NIGHT,eth_5m_v1,0,False,0,False,1,False,0,False
1779360909371467,2026-05-21 10:55:09.371467,poly_updown_eth_5m_volume_INV_NIGHT,False,eth_5m_volume_INV_NIGHT,ETH,5m,UP,0x120b52651bf348d32df5a415b90aff1a118d8e00e07ea2d3fd995209b88e0797,True,22.1001956,Up,0.5399550383928061,v1,NIGHT,eth_5m_v1,0,False,0,False,1,False,0,False
1779360909371467,2026-05-21 10:55:09.371467,poly_updown_eth_5m_volume_INV_NIGHT,False,eth_5m_volume_INV_NIGHT,ETH,5m,UP,0x120b52651bf348d32df5a415b90aff1a118d8e00e07ea2d3fd995209b88e0797,True,22.1001956,Up,0.5399550383928061,v1,NIGHT,eth_5m_v1,0,False,0,False,1,False,0,False
1779361206003875,2026-05-21 11:00:06.003875,poly_updown_sol_5m_v3_1,False,sol_5m_v3_1,SOL,5m,DOWN,0x3bb3778339feba139c2ce876c093e0faa69d2ea9bd953ceb6b39631c32646621,True,24.82593624,Down,0.5034811957569914,v1,1,sol_5m_v1,0,True,0,True,1,False,0,True
1779361206003875,2026-05-21 11:00:06.003875,poly_updown_sol_5m_v3_1,False,sol_5m_v3_1,SOL,5m,DOWN,0x3bb3778339feba139c2ce876c093e0faa69d2ea9bd953ceb6b39631c32646621,True,24.82593624,Down,0.5034811957569914,v1,1,sol_5m_v1,0,True,0,True,1,False,0,True
1779361206013055,2026-05-21 11:00:06.013055,poly_updown_sol_5m_sniper_INV,False,sol_5m_sniper_INV,SOL,5m,UP,0x3bb3778339feba139c2ce876c093e0faa69d2ea9bd953ceb6b39631c32646621,False,-25.554926,Down,0.5315427159405036,v1,INV,sol_5m_v1,0,False,0,False,1,False,0,False
1779361206013055,2026-05-21 11:00:06.013055,poly_updown_sol_5m_sniper_INV,False,sol_5m_sniper_INV,SOL,5m,UP,0x3bb3778339feba139c2ce876c093e0faa69d2ea9bd953ceb6b39631c32646621,False,-25.554926,Down,0.5315427159405036,v1,INV,sol_5m_v1,0,False,0,False,1,False,0,False
1779361206013055,2026-05-21 11:00:06.013055,poly_updown_sol_5m_sniper_INV,False,sol_5m_sniper_INV,SOL,5m,UP,0x3bb3778339feba139c2ce876c093e0faa69d2ea9bd953ceb6b39631c32646621,False,-25.554926,Down,0.5315427159405036,v1,INV,sol_5m_v1,0,False,0,False,1,False,0,False
1779361206013055,2026-05-21 11:00:06.013055,poly_updown_sol_5m_sniper_INV,False,sol_5m_sniper_INV,SOL,5m,UP,0x3bb3778339feba139c2ce876c093e0faa69d2ea9bd953ceb6b39631c32646621,False,-25.554926,Down,0.5315427159405036,v1,INV,sol_5m_v1,0,False,0,False,1,False,0,False
1779361206023341,2026-05-21 11:00:06.023341,poly_updown_sol_5m_sniper,False,sol_5m_sniper,SOL,5m,DOWN,0x3bb3778339feba139c2ce876c093e0faa69d2ea9bd953ceb6b39631c32646621,True,24.82593624,Down,0.5034811957569914,v1,sniper,sol_5m_v1,0,True,0,True,1,False,0,True
1779361206023341,2026-05-21 11:00:06.023341,poly_updown_sol_5m_sniper,False,sol_5m_sniper,SOL,5m,DOWN,0x3bb3778339feba139c2ce876c093e0faa69d2ea9bd953ceb6b39631c32646621,True,24.82593624,Down,0.5034811957569914,v1,sniper,sol_5m_v1,0,True,0,True,1,False,0,True
1779361206023341,2026-05-21 11:00:06.023341,poly_updown_sol_5m_sniper,False,sol_5m_sniper,SOL,5m,DOWN,0x3bb3778339feba139c2ce876c093e0faa69d2ea9bd953ceb6b39631c32646621,True,23.37594,Down,0.52294,v1,sniper,sol_5m_v1,0,True,0,True,1,False,0,True
1779361206023341,2026-05-21 11:00:06.023341,poly_updown_sol_5m_sniper,False,sol_5m_sniper,SOL,5m,DOWN,0x3bb3778339feba139c2ce876c093e0faa69d2ea9bd953ceb6b39631c32646621,True,23.37594,Down,0.52294,v1,sniper,sol_5m_v1,0,True,0,True,1,False,0,True
1779361206032530,2026-05-21 11:00:06.032530,poly_updown_sol_5m_v3_2,False,sol_5m_v3_2,SOL,5m,DOWN,0x3bb3778339feba139c2ce876c093e0faa69d2ea9bd953ceb6b39631c32646621,True,24.82593624,Down,0.5034811957569914,v1,2,sol_5m_v1,0,True,0,True,1,False,0,True
1779361206032530,2026-05-21 11:00:06.032530,poly_updown_sol_5m_v3_2,False,sol_5m_v3_2,SOL,5m,DOWN,0x3bb3778339feba139c2ce876c093e0faa69d2ea9bd953ceb6b39631c32646621,True,24.82593624,Down,0.5034811957569914,v1,2,sol_5m_v1,0,True,0,True,1,False,0,True
1779361206036198,2026-05-21 11:00:06.036198,poly_updown_sol_5m_v3,False,sol_5m_v3,SOL,5m,DOWN,0x3bb3778339feba139c2ce876c093e0faa69d2ea9bd953ceb6b39631c32646621,True,24.82593624,Down,0.5034811957569914,v1,v3,sol_5m_v1,0,True,0,True,1,False,0,True
1779361206036198,2026-05-21 11:00:06.036198,poly_updown_sol_5m_v3,False,sol_5m_v3,SOL,5m,DOWN,0x3bb3778339feba139c2ce876c093e0faa69d2ea9bd953ceb6b39631c32646621,True,24.82593624,Down,0.5034811957569914,v1,v3,sol_5m_v1,0,True,0,True,1,False,0,True
1779361206037832,2026-05-21 11:00:06.037832,poly_updown_sol_5m_v4,False,sol_5m_v4,SOL,5m,DOWN,0x3bb3778339feba139c2ce876c093e0faa69d2ea9bd953ceb6b39631c32646621,True,24.82593624,Down,0.5034811957569914,v1,v4,sol_5m_v1,0,True,0,True,1,False,0,True
1779361206037832,2026-05-21 11:00:06.037832,poly_updown_sol_5m_v4,False,sol_5m_v4,SOL,5m,DOWN,0x3bb3778339feba139c2ce876c093e0faa69d2ea9bd953ceb6b39631c32646621,True,24.82593624,Down,0.5034811957569914,v1,v4,sol_5m_v1,0,True,0,True,1,False,0,True
1779361206080250,2026-05-21 11:00:06.080250,poly_updown_sol_5m_v3_3,False,sol_5m_v3_3,SOL,5m,DOWN,0x3bb3778339feba139c2ce876c093e0faa69d2ea9bd953ceb6b39631c32646621,True,24.82593624,Down,0.5034811957569914,v1,3,sol_5m_v1,0,True,0,True,1,False,0,True
1779361206080250,2026-05-21 11:00:06.080250,poly_updown_sol_5m_v3_3,False,sol_5m_v3_3,SOL,5m,DOWN,0x3bb3778339feba139c2ce876c093e0faa69d2ea9bd953ceb6b39631c32646621,True,24.82593624,Down,0.5034811957569914,v1,3,sol_5m_v1,0,True,0,True,1,False,0,True
1779361208498207,2026-05-21 11:00:08.498207,poly_updown_sol_15m_sniper,False,sol_15m_sniper,SOL,15m,DOWN,0x564d53f0b1a0c0dbd09c2c87a584cec4a78d45795e4aafd05d0ad5cb5a46cc74,True,24.67599624,Down,0.5064799962367993,v1,sniper,sol_15m_v1,0,True,0,True,1,False,0,True
1779361208498207,2026-05-21 11:00:08.498207,poly_updown_sol_15m_sniper,False,sol_15m_sniper,SOL,15m,DOWN,0x564d53f0b1a0c0dbd09c2c87a584cec4a78d45795e4aafd05d0ad5cb5a46cc74,True,24.67599624,Down,0.5064799962367993,v1,sniper,sol_15m_v1,0,True,0,True,1,False,0,True
1779361208498207,2026-05-21 11:00:08.498207,poly_updown_sol_15m_sniper,False,sol_15m_sniper,SOL,15m,DOWN,0x564d53f0b1a0c0dbd09c2c87a584cec4a78d45795e4aafd05d0ad5cb5a46cc74,True,24.67599624,Down,0.5064799962367993,v1,sniper,sol_15m_v1,0,True,0,True,1,False,0,True
1779361208498207,2026-05-21 11:00:08.498207,poly_updown_sol_15m_sniper,False,sol_15m_sniper,SOL,15m,DOWN,0x564d53f0b1a0c0dbd09c2c87a584cec4a78d45795e4aafd05d0ad5cb5a46cc74,True,24.67599624,Down,0.5064799962367993,v1,sniper,sol_15m_v1,0,True,0,True,1,False,0,True
1779361208877746,2026-05-21 11:00:08.877746,poly_updown_btc_15m_sniper,False,btc_15m_sniper,BTC,15m,DOWN,0xb15a9aca51a13203367a6ae86660121c8ab480d91bf75cf87e7e375d5c046362,False,-24.999958,Up,0.47,v1,sniper,btc_15m_v1,0,True,0,True,1,False,0,True
1779361208877746,2026-05-21 11:00:08.877746,poly_updown_btc_15m_sniper,False,btc_15m_sniper,BTC,15m,DOWN,0xb15a9aca51a13203367a6ae86660121c8ab480d91bf75cf87e7e375d5c046362,False,-24.999958,Up,0.47,v1,sniper,btc_15m_v1,0,True,0,True,1,False,0,True
1779361208877746,2026-05-21 11:00:08.877746,poly_updown_btc_15m_sniper,False,btc_15m_sniper,BTC,15m,DOWN,0xb15a9aca51a13203367a6ae86660121c8ab480d91bf75cf87e7e375d5c046362,False,-24.999958,Up,0.47,v1,sniper,btc_15m_v1,0,True,0,True,1,False,0,True
1779361208877746,2026-05-21 11:00:08.877746,poly_updown_btc_15m_sniper,False,btc_15m_sniper,BTC,15m,DOWN,0xb15a9aca51a13203367a6ae86660121c8ab480d91bf75cf87e7e375d5c046362,False,-24.999958,Up,0.47,v1,sniper,btc_15m_v1,0,True,0,True,1,False,0,True
1779361209370065,2026-05-21 11:00:09.370065,poly_updown_sol_5m_sniper_INV,False,sol_5m_sniper_INV,SOL,5m,UP,0x3bb3778339feba139c2ce876c093e0faa69d2ea9bd953ceb6b39631c32646621,False,-25.554926,Down,0.5315427159405036,v1,INV,sol_5m_v1,0,False,0,False,1,False,0,False
1779361209370065,2026-05-21 11:00:09.370065,poly_updown_sol_5m_sniper_INV,False,sol_5m_sniper_INV,SOL,5m,UP,0x3bb3778339feba139c2ce876c093e0faa69d2ea9bd953ceb6b39631c32646621,False,-25.554926,Down,0.5315427159405036,v1,INV,sol_5m_v1,0,False,0,False,1,False,0,False
1779361209370065,2026-05-21 11:00:09.370065,poly_updown_sol_5m_sniper_INV,False,sol_5m_sniper_INV,SOL,5m,UP,0x3bb3778339feba139c2ce876c093e0faa69d2ea9bd953ceb6b39631c32646621,False,-25.554926,Down,0.5315427159405036,v1,INV,sol_5m_v1,0,False,0,False,1,False,0,False
1779361209370065,2026-05-21 11:00:09.370065,poly_updown_sol_5m_sniper_INV,False,sol_5m_sniper_INV,SOL,5m,UP,0x3bb3778339feba139c2ce876c093e0faa69d2ea9bd953ceb6b39631c32646621,False,-25.554926,Down,0.5315427159405036,v1,INV,sol_5m_v1,0,False,0,False,1,False,0,False
1779361209386461,2026-05-21 11:00:09.386461,poly_updown_sol_5m_sniper,False,sol_5m_sniper,SOL,5m,DOWN,0x3bb3778339feba139c2ce876c093e0faa69d2ea9bd953ceb6b39631c32646621,True,24.82593624,Down,0.5034811957569914,v1,sniper,sol_5m_v1,0,True,0,True,1,False,0,True
1779361209386461,2026-05-21 11:00:09.386461,poly_updown_sol_5m_sniper,False,sol_5m_sniper,SOL,5m,DOWN,0x3bb3778339feba139c2ce876c093e0faa69d2ea9bd953ceb6b39631c32646621,True,24.82593624,Down,0.5034811957569914,v1,sniper,sol_5m_v1,0,True,0,True,1,False,0,True
1779361209386461,2026-05-21 11:00:09.386461,poly_updown_sol_5m_sniper,False,sol_5m_sniper,SOL,5m,DOWN,0x3bb3778339feba139c2ce876c093e0faa69d2ea9bd953ceb6b39631c32646621,True,23.37594,Down,0.52294,v1,sniper,sol_5m_v1,0,True,0,True,1,False,0,True
1779361209386461,2026-05-21 11:00:09.386461,poly_updown_sol_5m_sniper,False,sol_5m_sniper,SOL,5m,DOWN,0x3bb3778339feba139c2ce876c093e0faa69d2ea9bd953ceb6b39631c32646621,True,23.37594,Down,0.52294,v1,sniper,sol_5m_v1,0,True,0,True,1,False,0,True
1779361210781573,2026-05-21 11:00:10.781573,poly_updown_sol_15m_sniper,False,sol_15m_sniper,SOL,15m,DOWN,0x564d53f0b1a0c0dbd09c2c87a584cec4a78d45795e4aafd05d0ad5cb5a46cc74,True,24.67599624,Down,0.5064799962367993,v1,sniper,sol_15m_v1,0,True,0,True,1,False,0,True
1779361210781573,2026-05-21 11:00:10.781573,poly_updown_sol_15m_sniper,False,sol_15m_sniper,SOL,15m,DOWN,0x564d53f0b1a0c0dbd09c2c87a584cec4a78d45795e4aafd05d0ad5cb5a46cc74,True,24.67599624,Down,0.5064799962367993,v1,sniper,sol_15m_v1,0,True,0,True,1,False,0,True
1779361210781573,2026-05-21 11:00:10.781573,poly_updown_sol_15m_sniper,False,sol_15m_sniper,SOL,15m,DOWN,0x564d53f0b1a0c0dbd09c2c87a584cec4a78d45795e4aafd05d0ad5cb5a46cc74,True,24.67599624,Down,0.5064799962367993,v1,sniper,sol_15m_v1,0,True,0,True,1,False,0,True
1779361210781573,2026-05-21 11:00:10.781573,poly_updown_sol_15m_sniper,False,sol_15m_sniper,SOL,15m,DOWN,0x564d53f0b1a0c0dbd09c2c87a584cec4a78d45795e4aafd05d0ad5cb5a46cc74,True,24.67599624,Down,0.5064799962367993,v1,sniper,sol_15m_v1,0,True,0,True,1,False,0,True
1779361210782165,2026-05-21 11:00:10.782165,poly_updown_btc_15m_sniper,False,btc_15m_sniper,BTC,15m,DOWN,0xb15a9aca51a13203367a6ae86660121c8ab480d91bf75cf87e7e375d5c046362,False,-24.999958,Up,0.47,v1,sniper,btc_15m_v1,0,True,0,True,1,False,0,True
1779361210782165,2026-05-21 11:00:10.782165,poly_updown_btc_15m_sniper,False,btc_15m_sniper,BTC,15m,DOWN,0xb15a9aca51a13203367a6ae86660121c8ab480d91bf75cf87e7e375d5c046362,False,-24.999958,Up,0.47,v1,sniper,btc_15m_v1,0,True,0,True,1,False,0,True
1779361210782165,2026-05-21 11:00:10.782165,poly_updown_btc_15m_sniper,False,btc_15m_sniper,BTC,15m,DOWN,0xb15a9aca51a13203367a6ae86660121c8ab480d91bf75cf87e7e375d5c046362,False,-24.999958,Up,0.47,v1,sniper,btc_15m_v1,0,True,0,True,1,False,0,True
1779361210782165,2026-05-21 11:00:10.782165,poly_updown_btc_15m_sniper,False,btc_15m_sniper,BTC,15m,DOWN,0xb15a9aca51a13203367a6ae86660121c8ab480d91bf75cf87e7e375d5c046362,False,-24.999958,Up,0.47,v1,sniper,btc_15m_v1,0,True,0,True,1,False,0,True
1779361568550810,2026-05-21 11:06:08.550810,poly_updown_eth_5m_momo_v2_HEDGE_f7,True,eth_5m_momo_v2_HEDGE,ETH,5m,DOWN,0x17d7fc14b75f6d0fdf2a2883ef3b833a8a5d0d92b83f7a738514bbdcc572d53f,False,-25.0,Up,0.5,v2,HEDGE,eth_5m_v2,1,False,0,True,1,False,0,True
1779361568550810,2026-05-21 11:06:08.550810,poly_updown_eth_5m_momo_v2_HEDGE_f7,True,eth_5m_momo_v2_HEDGE,ETH,5m,DOWN,0x17d7fc14b75f6d0fdf2a2883ef3b833a8a5d0d92b83f7a738514bbdcc572d53f,False,-25.0,Up,0.5,v2,HEDGE,eth_5m_v2,1,False,0,True,1,False,0,True
1779361568550810,2026-05-21 11:06:08.550810,poly_updown_eth_5m_momo_v2_HEDGE_f7,True,eth_5m_momo_v2_HEDGE,ETH,5m,DOWN,0x17d7fc14b75f6d0fdf2a2883ef3b833a8a5d0d92b83f7a738514bbdcc572d53f,False,-25.0,Up,0.5,v2,HEDGE,eth_5m_v2,1,False,0,True,1,False,0,True
1779361568550810,2026-05-21 11:06:08.550810,poly_updown_eth_5m_momo_v2_HEDGE_f7,True,eth_5m_momo_v2_HEDGE,ETH,5m,DOWN,0x17d7fc14b75f6d0fdf2a2883ef3b833a8a5d0d92b83f7a738514bbdcc572d53f,False,-25.0,Up,0.5,v2,HEDGE,eth_5m_v2,1,False,0,True,1,False,0,True
1779361568551296,2026-05-21 11:06:08.551296,poly_updown_btc_5m_momo_v2_HOLD_f7,True,btc_5m_momo_v2_HOLD,BTC,5m,DOWN,0x8e3c76aef1a9f44a66e4fd9429a0b468ab73e72687611886e6282552d6efc652,False,-24.999984,Up,0.48,v2,HOLD,btc_5m_v2,0,True,0,True,1,False,0,True
1779361568551296,2026-05-21 11:06:08.551296,poly_updown_btc_5m_momo_v2_HOLD_f7,True,btc_5m_momo_v2_HOLD,BTC,5m,DOWN,0x8e3c76aef1a9f44a66e4fd9429a0b468ab73e72687611886e6282552d6efc652,False,-24.999984,Up,0.48,v2,HOLD,btc_5m_v2,0,True,0,True,1,False,0,True
1779361568551296,2026-05-21 11:06:08.551296,poly_updown_btc_5m_momo_v2_HOLD_f7,True,btc_5m_momo_v2_HOLD,BTC,5m,DOWN,0x8e3c76aef1a9f44a66e4fd9429a0b468ab73e72687611886e6282552d6efc652,False,-24.999984,Up,0.48,v2,HOLD,btc_5m_v2,0,True,0,True,1,False,0,True
1779361568551296,2026-05-21 11:06:08.551296,poly_updown_btc_5m_momo_v2_HOLD_f7,True,btc_5m_momo_v2_HOLD,BTC,5m,DOWN,0x8e3c76aef1a9f44a66e4fd9429a0b468ab73e72687611886e6282552d6efc652,False,-24.999984,Up,0.48,v2,HOLD,btc_5m_v2,0,True,0,True,1,False,0,True
1779361568552426,2026-05-21 11:06:08.552426,poly_updown_btc_5m_momo_v2_HEDGE_f7,True,btc_5m_momo_v2_HEDGE,BTC,5m,DOWN,0x8e3c76aef1a9f44a66e4fd9429a0b468ab73e72687611886e6282552d6efc652,False,-24.999984,Up,0.48,v2,HEDGE,btc_5m_v2,0,True,0,True,1,False,0,True
1779361568552426,2026-05-21 11:06:08.552426,poly_updown_btc_5m_momo_v2_HEDGE_f7,True,btc_5m_momo_v2_HEDGE,BTC,5m,DOWN,0x8e3c76aef1a9f44a66e4fd9429a0b468ab73e72687611886e6282552d6efc652,False,-24.999984,Up,0.48,v2,HEDGE,btc_5m_v2,0,True,0,True,1,False,0,True
1779361568552426,2026-05-21 11:06:08.552426,poly_updown_btc_5m_momo_v2_HEDGE_f7,True,btc_5m_momo_v2_HEDGE,BTC,5m,DOWN,0x8e3c76aef1a9f44a66e4fd9429a0b468ab73e72687611886e6282552d6efc652,False,-24.999984,Up,0.48,v2,HEDGE,btc_5m_v2,0,True,0,True,1,False,0,True
1779361568552426,2026-05-21 11:06:08.552426,poly_updown_btc_5m_momo_v2_HEDGE_f7,True,btc_5m_momo_v2_HEDGE,BTC,5m,DOWN,0x8e3c76aef1a9f44a66e4fd9429a0b468ab73e72687611886e6282552d6efc652,False,-24.999984,Up,0.48,v2,HEDGE,btc_5m_v2,0,True,0,True,1,False,0,True
1779361568552914,2026-05-21 11:06:08.552914,poly_updown_btc_5m_momo_v2_SELL_f7,True,btc_5m_momo_v2_SELL,BTC,5m,DOWN,0x8e3c76aef1a9f44a66e4fd9429a0b468ab73e72687611886e6282552d6efc652,False,-24.999984,Up,0.48,v2,SELL,btc_5m_v2,0,True,0,True,1,False,0,True
1779361568552914,2026-05-21 11:06:08.552914,poly_updown_btc_5m_momo_v2_SELL_f7,True,btc_5m_momo_v2_SELL,BTC,5m,DOWN,0x8e3c76aef1a9f44a66e4fd9429a0b468ab73e72687611886e6282552d6efc652,False,-24.999984,Up,0.48,v2,SELL,btc_5m_v2,0,True,0,True,1,False,0,True
1779361568552914,2026-05-21 11:06:08.552914,poly_updown_btc_5m_momo_v2_SELL_f7,True,btc_5m_momo_v2_SELL,BTC,5m,DOWN,0x8e3c76aef1a9f44a66e4fd9429a0b468ab73e72687611886e6282552d6efc652,False,-24.999984,Up,0.48,v2,SELL,btc_5m_v2,0,True,0,True,1,False,0,True
1779361568552914,2026-05-21 11:06:08.552914,poly_updown_btc_5m_momo_v2_SELL_f7,True,btc_5m_momo_v2_SELL,BTC,5m,DOWN,0x8e3c76aef1a9f44a66e4fd9429a0b468ab73e72687611886e6282552d6efc652,False,-24.999984,Up,0.48,v2,SELL,btc_5m_v2,0,True,0,True,1,False,0,True
1779361568556239,2026-05-21 11:06:08.556239,poly_updown_eth_5m_momo_v2_HOLD_f7,True,eth_5m_momo_v2_HOLD,ETH,5m,DOWN,0x17d7fc14b75f6d0fdf2a2883ef3b833a8a5d0d92b83f7a738514bbdcc572d53f,False,-25.0,Up,0.5,v2,HOLD,eth_5m_v2,1,False,0,True,1,False,0,True
1779361568556239,2026-05-21 11:06:08.556239,poly_updown_eth_5m_momo_v2_HOLD_f7,True,eth_5m_momo_v2_HOLD,ETH,5m,DOWN,0x17d7fc14b75f6d0fdf2a2883ef3b833a8a5d0d92b83f7a738514bbdcc572d53f,False,-25.0,Up,0.5,v2,HOLD,eth_5m_v2,1,False,0,True,1,False,0,True
1779361568556239,2026-05-21 11:06:08.556239,poly_updown_eth_5m_momo_v2_HOLD_f7,True,eth_5m_momo_v2_HOLD,ETH,5m,DOWN,0x17d7fc14b75f6d0fdf2a2883ef3b833a8a5d0d92b83f7a738514bbdcc572d53f,False,-25.0,Up,0.5,v2,HOLD,eth_5m_v2,1,False,0,True,1,False,0,True
1779361568556239,2026-05-21 11:06:08.556239,poly_updown_eth_5m_momo_v2_HOLD_f7,True,eth_5m_momo_v2_HOLD,ETH,5m,DOWN,0x17d7fc14b75f6d0fdf2a2883ef3b833a8a5d0d92b83f7a738514bbdcc572d53f,False,-25.0,Up,0.5,v2,HOLD,eth_5m_v2,1,False,0,True,1,False,0,True
1779361568559226,2026-05-21 11:06:08.559226,poly_updown_eth_5m_momo_v2_SELL_f7,True,eth_5m_momo_v2_SELL,ETH,5m,DOWN,0x17d7fc14b75f6d0fdf2a2883ef3b833a8a5d0d92b83f7a738514bbdcc572d53f,False,-25.0,Up,0.5,v2,SELL,eth_5m_v2,1,False,0,True,1,False,0,True
1779361568559226,2026-05-21 11:06:08.559226,poly_updown_eth_5m_momo_v2_SELL_f7,True,eth_5m_momo_v2_SELL,ETH,5m,DOWN,0x17d7fc14b75f6d0fdf2a2883ef3b833a8a5d0d92b83f7a738514bbdcc572d53f,False,-25.0,Up,0.5,v2,SELL,eth_5m_v2,1,False,0,True,1,False,0,True
1779361568559226,2026-05-21 11:06:08.559226,poly_updown_eth_5m_momo_v2_SELL_f7,True,eth_5m_momo_v2_SELL,ETH,5m,DOWN,0x17d7fc14b75f6d0fdf2a2883ef3b833a8a5d0d92b83f7a738514bbdcc572d53f,False,-25.0,Up,0.5,v2,SELL,eth_5m_v2,1,False,0,True,1,False,0,True
1779361568559226,2026-05-21 11:06:08.559226,poly_updown_eth_5m_momo_v2_SELL_f7,True,eth_5m_momo_v2_SELL,ETH,5m,DOWN,0x17d7fc14b75f6d0fdf2a2883ef3b833a8a5d0d92b83f7a738514bbdcc572d53f,False,-25.0,Up,0.5,v2,SELL,eth_5m_v2,1,False,0,True,1,False,0,True
1779361570260382,2026-05-21 11:06:10.260382,poly_updown_btc_5m_momo_v2_HEDGE_f7,True,btc_5m_momo_v2_HEDGE,BTC,5m,DOWN,0x8e3c76aef1a9f44a66e4fd9429a0b468ab73e72687611886e6282552d6efc652,False,-24.999984,Up,0.48,v2,HEDGE,btc_5m_v2,0,True,0,True,1,False,0,True
1779361570260382,2026-05-21 11:06:10.260382,poly_updown_btc_5m_momo_v2_HEDGE_f7,True,btc_5m_momo_v2_HEDGE,BTC,5m,DOWN,0x8e3c76aef1a9f44a66e4fd9429a0b468ab73e72687611886e6282552d6efc652,False,-24.999984,Up,0.48,v2,HEDGE,btc_5m_v2,0,True,0,True,1,False,0,True
1779361570260382,2026-05-21 11:06:10.260382,poly_updown_btc_5m_momo_v2_HEDGE_f7,True,btc_5m_momo_v2_HEDGE,BTC,5m,DOWN,0x8e3c76aef1a9f44a66e4fd9429a0b468ab73e72687611886e6282552d6efc652,False,-24.999984,Up,0.48,v2,HEDGE,btc_5m_v2,0,True,0,True,1,False,0,True
1779361570260382,2026-05-21 11:06:10.260382,poly_updown_btc_5m_momo_v2_HEDGE_f7,True,btc_5m_momo_v2_HEDGE,BTC,5m,DOWN,0x8e3c76aef1a9f44a66e4fd9429a0b468ab73e72687611886e6282552d6efc652,False,-24.999984,Up,0.48,v2,HEDGE,btc_5m_v2,0,True,0,True,1,False,0,True
1779361570260984,2026-05-21 11:06:10.260984,poly_updown_btc_5m_momo_v2_SELL_f7,True,btc_5m_momo_v2_SELL,BTC,5m,DOWN,0x8e3c76aef1a9f44a66e4fd9429a0b468ab73e72687611886e6282552d6efc652,False,-24.999984,Up,0.48,v2,SELL,btc_5m_v2,0,True,0,True,1,False,0,True
1779361570260984,2026-05-21 11:06:10.260984,poly_updown_btc_5m_momo_v2_SELL_f7,True,btc_5m_momo_v2_SELL,BTC,5m,DOWN,0x8e3c76aef1a9f44a66e4fd9429a0b468ab73e72687611886e6282552d6efc652,False,-24.999984,Up,0.48,v2,SELL,btc_5m_v2,0,True,0,True,1,False,0,True
1779361570260984,2026-05-21 11:06:10.260984,poly_updown_btc_5m_momo_v2_SELL_f7,True,btc_5m_momo_v2_SELL,BTC,5m,DOWN,0x8e3c76aef1a9f44a66e4fd9429a0b468ab73e72687611886e6282552d6efc652,False,-24.999984,Up,0.48,v2,SELL,btc_5m_v2,0,True,0,True,1,False,0,True
1779361570260984,2026-05-21 11:06:10.260984,poly_updown_btc_5m_momo_v2_SELL_f7,True,btc_5m_momo_v2_SELL,BTC,5m,DOWN,0x8e3c76aef1a9f44a66e4fd9429a0b468ab73e72687611886e6282552d6efc652,False,-24.999984,Up,0.48,v2,SELL,btc_5m_v2,0,True,0,True,1,False,0,True
1779361570263184,2026-05-21 11:06:10.263184,poly_updown_btc_5m_momo_v2_HOLD_f7,True,btc_5m_momo_v2_HOLD,BTC,5m,DOWN,0x8e3c76aef1a9f44a66e4fd9429a0b468ab73e72687611886e6282552d6efc652,False,-24.999984,Up,0.48,v2,HOLD,btc_5m_v2,0,True,0,True,1,False,0,True
1779361570263184,2026-05-21 11:06:10.263184,poly_updown_btc_5m_momo_v2_HOLD_f7,True,btc_5m_momo_v2_HOLD,BTC,5m,DOWN,0x8e3c76aef1a9f44a66e4fd9429a0b468ab73e72687611886e6282552d6efc652,False,-24.999984,Up,0.48,v2,HOLD,btc_5m_v2,0,True,0,True,1,False,0,True
1779361570263184,2026-05-21 11:06:10.263184,poly_updown_btc_5m_momo_v2_HOLD_f7,True,btc_5m_momo_v2_HOLD,BTC,5m,DOWN,0x8e3c76aef1a9f44a66e4fd9429a0b468ab73e72687611886e6282552d6efc652,False,-24.999984,Up,0.48,v2,HOLD,btc_5m_v2,0,True,0,True,1,False,0,True
1779361570263184,2026-05-21 11:06:10.263184,poly_updown_btc_5m_momo_v2_HOLD_f7,True,btc_5m_momo_v2_HOLD,BTC,5m,DOWN,0x8e3c76aef1a9f44a66e4fd9429a0b468ab73e72687611886e6282552d6efc652,False,-24.999984,Up,0.48,v2,HOLD,btc_5m_v2,0,True,0,True,1,False,0,True
1779361570266774,2026-05-21 11:06:10.266774,poly_updown_eth_5m_momo_v2_SELL_f7,True,eth_5m_momo_v2_SELL,ETH,5m,DOWN,0x17d7fc14b75f6d0fdf2a2883ef3b833a8a5d0d92b83f7a738514bbdcc572d53f,False,-25.0,Up,0.5,v2,SELL,eth_5m_v2,1,False,0,True,1,False,0,True
1779361570266774,2026-05-21 11:06:10.266774,poly_updown_eth_5m_momo_v2_SELL_f7,True,eth_5m_momo_v2_SELL,ETH,5m,DOWN,0x17d7fc14b75f6d0fdf2a2883ef3b833a8a5d0d92b83f7a738514bbdcc572d53f,False,-25.0,Up,0.5,v2,SELL,eth_5m_v2,1,False,0,True,1,False,0,True
1779361570266774,2026-05-21 11:06:10.266774,poly_updown_eth_5m_momo_v2_SELL_f7,True,eth_5m_momo_v2_SELL,ETH,5m,DOWN,0x17d7fc14b75f6d0fdf2a2883ef3b833a8a5d0d92b83f7a738514bbdcc572d53f,False,-25.0,Up,0.5,v2,SELL,eth_5m_v2,1,False,0,True,1,False,0,True
1779361570266774,2026-05-21 11:06:10.266774,poly_updown_eth_5m_momo_v2_SELL_f7,True,eth_5m_momo_v2_SELL,ETH,5m,DOWN,0x17d7fc14b75f6d0fdf2a2883ef3b833a8a5d0d92b83f7a738514bbdcc572d53f,False,-25.0,Up,0.5,v2,SELL,eth_5m_v2,1,False,0,True,1,False,0,True
1779361570267641,2026-05-21 11:06:10.267641,poly_updown_eth_5m_momo_v2_HEDGE_f7,True,eth_5m_momo_v2_HEDGE,ETH,5m,DOWN,0x17d7fc14b75f6d0fdf2a2883ef3b833a8a5d0d92b83f7a738514bbdcc572d53f,False,-25.0,Up,0.5,v2,HEDGE,eth_5m_v2,1,False,0,True,1,False,0,True
1779361570267641,2026-05-21 11:06:10.267641,poly_updown_eth_5m_momo_v2_HEDGE_f7,True,eth_5m_momo_v2_HEDGE,ETH,5m,DOWN,0x17d7fc14b75f6d0fdf2a2883ef3b833a8a5d0d92b83f7a738514bbdcc572d53f,False,-25.0,Up,0.5,v2,HEDGE,eth_5m_v2,1,False,0,True,1,False,0,True
1779361570267641,2026-05-21 11:06:10.267641,poly_updown_eth_5m_momo_v2_HEDGE_f7,True,eth_5m_momo_v2_HEDGE,ETH,5m,DOWN,0x17d7fc14b75f6d0fdf2a2883ef3b833a8a5d0d92b83f7a738514bbdcc572d53f,False,-25.0,Up,0.5,v2,HEDGE,eth_5m_v2,1,False,0,True,1,False,0,True
1779361570267641,2026-05-21 11:06:10.267641,poly_updown_eth_5m_momo_v2_HEDGE_f7,True,eth_5m_momo_v2_HEDGE,ETH,5m,DOWN,0x17d7fc14b75f6d0fdf2a2883ef3b833a8a5d0d92b83f7a738514bbdcc572d53f,False,-25.0,Up,0.5,v2,HEDGE,eth_5m_v2,1,False,0,True,1,False,0,True
1779361570270961,2026-05-21 11:06:10.270961,poly_updown_eth_5m_momo_v2_HOLD_f7,True,eth_5m_momo_v2_HOLD,ETH,5m,DOWN,0x17d7fc14b75f6d0fdf2a2883ef3b833a8a5d0d92b83f7a738514bbdcc572d53f,False,-25.0,Up,0.5,v2,HOLD,eth_5m_v2,1,False,0,True,1,False,0,True
1779361570270961,2026-05-21 11:06:10.270961,poly_updown_eth_5m_momo_v2_HOLD_f7,True,eth_5m_momo_v2_HOLD,ETH,5m,DOWN,0x17d7fc14b75f6d0fdf2a2883ef3b833a8a5d0d92b83f7a738514bbdcc572d53f,False,-25.0,Up,0.5,v2,HOLD,eth_5m_v2,1,False,0,True,1,False,0,True
1779361570270961,2026-05-21 11:06:10.270961,poly_updown_eth_5m_momo_v2_HOLD_f7,True,eth_5m_momo_v2_HOLD,ETH,5m,DOWN,0x17d7fc14b75f6d0fdf2a2883ef3b833a8a5d0d92b83f7a738514bbdcc572d53f,False,-25.0,Up,0.5,v2,HOLD,eth_5m_v2,1,False,0,True,1,False,0,True
1779361570270961,2026-05-21 11:06:10.270961,poly_updown_eth_5m_momo_v2_HOLD_f7,True,eth_5m_momo_v2_HOLD,ETH,5m,DOWN,0x17d7fc14b75f6d0fdf2a2883ef3b833a8a5d0d92b83f7a738514bbdcc572d53f,False,-25.0,Up,0.5,v2,HOLD,eth_5m_v2,1,False,0,True,1,False,0,True
1779362109802003,2026-05-21 11:15:09.802003,poly_updown_btc_15m_sniper,False,btc_15m_sniper,BTC,15m,UP,0x7dea045c6dac74d2ea7b5170ee1c40cf6b31a2d8993a498ce88f7b403b84bc1b,False,-25.090192,Down,0.5118399986943997,v1,sniper,btc_15m_v1,1,False,0,False,1,False,0,False
1779362109802003,2026-05-21 11:15:09.802003,poly_updown_btc_15m_sniper,False,btc_15m_sniper,BTC,15m,UP,0x7dea045c6dac74d2ea7b5170ee1c40cf6b31a2d8993a498ce88f7b403b84bc1b,False,-25.090192,Down,0.5118399986943997,v1,sniper,btc_15m_v1,1,False,0,False,1,False,0,False
1779362111505041,2026-05-21 11:15:11.505041,poly_updown_btc_15m_sniper,False,btc_15m_sniper,BTC,15m,UP,0x7dea045c6dac74d2ea7b5170ee1c40cf6b31a2d8993a498ce88f7b403b84bc1b,False,-25.090192,Down,0.5118399986943997,v1,sniper,btc_15m_v1,1,False,0,False,1,False,0,False
1779362111505041,2026-05-21 11:15:11.505041,poly_updown_btc_15m_sniper,False,btc_15m_sniper,BTC,15m,UP,0x7dea045c6dac74d2ea7b5170ee1c40cf6b31a2d8993a498ce88f7b403b84bc1b,False,-25.090192,Down,0.5118399986943997,v1,sniper,btc_15m_v1,1,False,0,False,1,False,0,False
1779366903414712,2026-05-21 12:35:03.414712,poly_updown_btc_5m_sniper,False,btc_5m_sniper,BTC,5m,UP,0x1298c1e04f3f3a423d6c2b5da9e44881bf03a868dd3bd3e5baa531b738542f74,False,-24.999996,Down,0.51,v1,sniper,btc_5m_v1,2,True,0,False,1,False,1,False
1779366903414712,2026-05-21 12:35:03.414712,poly_updown_btc_5m_sniper,False,btc_5m_sniper,BTC,5m,UP,0x1298c1e04f3f3a423d6c2b5da9e44881bf03a868dd3bd3e5baa531b738542f74,False,-24.999996,Down,0.51,v1,sniper,btc_5m_v1,2,True,0,False,1,False,1,False
1779366903414712,2026-05-21 12:35:03.414712,poly_updown_btc_5m_sniper,False,btc_5m_sniper,BTC,5m,UP,0x1298c1e04f3f3a423d6c2b5da9e44881bf03a868dd3bd3e5baa531b738542f74,False,-24.999996,Down,0.51,v1,sniper,btc_5m_v1,2,True,0,False,1,False,1,False
1779366903416106,2026-05-21 12:35:03.416106,poly_updown_btc_5m_v3_2,False,btc_5m_v3_2,BTC,5m,UP,0x1298c1e04f3f3a423d6c2b5da9e44881bf03a868dd3bd3e5baa531b738542f74,False,-24.999996,Down,0.51,v1,2,btc_5m_v1,2,True,0,False,1,False,1,False
1779366903416106,2026-05-21 12:35:03.416106,poly_updown_btc_5m_v3_2,False,btc_5m_v3_2,BTC,5m,UP,0x1298c1e04f3f3a423d6c2b5da9e44881bf03a868dd3bd3e5baa531b738542f74,False,-24.999996,Down,0.51,v1,2,btc_5m_v1,2,True,0,False,1,False,1,False
1779366903416106,2026-05-21 12:35:03.416106,poly_updown_btc_5m_v3_2,False,btc_5m_v3_2,BTC,5m,UP,0x1298c1e04f3f3a423d6c2b5da9e44881bf03a868dd3bd3e5baa531b738542f74,False,-24.999996,Down,0.51,v1,2,btc_5m_v1,2,True,0,False,1,False,1,False
1779366903435929,2026-05-21 12:35:03.435929,poly_updown_btc_5m_v3,False,btc_5m_v3,BTC,5m,UP,0x1298c1e04f3f3a423d6c2b5da9e44881bf03a868dd3bd3e5baa531b738542f74,False,-24.999996,Down,0.51,v1,v3,btc_5m_v1,2,True,0,False,1,False,1,False
1779366903435929,2026-05-21 12:35:03.435929,poly_updown_btc_5m_v3,False,btc_5m_v3,BTC,5m,UP,0x1298c1e04f3f3a423d6c2b5da9e44881bf03a868dd3bd3e5baa531b738542f74,False,-24.999996,Down,0.51,v1,v3,btc_5m_v1,2,True,0,False,1,False,1,False
1779366903435929,2026-05-21 12:35:03.435929,poly_updown_btc_5m_v3,False,btc_5m_v3,BTC,5m,UP,0x1298c1e04f3f3a423d6c2b5da9e44881bf03a868dd3bd3e5baa531b738542f74,False,-24.999996,Down,0.51,v1,v3,btc_5m_v1,2,True,0,False,1,False,1,False
1779366903450034,2026-05-21 12:35:03.450034,poly_updown_btc_5m_v4,False,btc_5m_v4,BTC,5m,UP,0x1298c1e04f3f3a423d6c2b5da9e44881bf03a868dd3bd3e5baa531b738542f74,False,-24.999996,Down,0.51,v1,v4,btc_5m_v1,2,True,0,False,1,False,1,False
1779366903450034,2026-05-21 12:35:03.450034,poly_updown_btc_5m_v4,False,btc_5m_v4,BTC,5m,UP,0x1298c1e04f3f3a423d6c2b5da9e44881bf03a868dd3bd3e5baa531b738542f74,False,-24.999996,Down,0.51,v1,v4,btc_5m_v1,2,True,0,False,1,False,1,False
1779366903450034,2026-05-21 12:35:03.450034,poly_updown_btc_5m_v4,False,btc_5m_v4,BTC,5m,UP,0x1298c1e04f3f3a423d6c2b5da9e44881bf03a868dd3bd3e5baa531b738542f74,False,-24.999996,Down,0.51,v1,v4,btc_5m_v1,2,True,0,False,1,False,1,False
1779366903457168,2026-05-21 12:35:03.457168,poly_updown_btc_5m_v3_3,False,btc_5m_v3_3,BTC,5m,UP,0x1298c1e04f3f3a423d6c2b5da9e44881bf03a868dd3bd3e5baa531b738542f74,False,-24.999996,Down,0.51,v1,3,btc_5m_v1,2,True,0,False,1,False,1,False
1779366903457168,2026-05-21 12:35:03.457168,poly_updown_btc_5m_v3_3,False,btc_5m_v3_3,BTC,5m,UP,0x1298c1e04f3f3a423d6c2b5da9e44881bf03a868dd3bd3e5baa531b738542f74,False,-24.999996,Down,0.51,v1,3,btc_5m_v1,2,True,0,False,1,False,1,False
1779366903457168,2026-05-21 12:35:03.457168,poly_updown_btc_5m_v3_3,False,btc_5m_v3_3,BTC,5m,UP,0x1298c1e04f3f3a423d6c2b5da9e44881bf03a868dd3bd3e5baa531b738542f74,False,-24.999996,Down,0.51,v1,3,btc_5m_v1,2,True,0,False,1,False,1,False
1779366903481243,2026-05-21 12:35:03.481243,poly_updown_btc_5m_v3_1,False,btc_5m_v3_1,BTC,5m,UP,0x1298c1e04f3f3a423d6c2b5da9e44881bf03a868dd3bd3e5baa531b738542f74,False,-24.999996,Down,0.51,v1,1,btc_5m_v1,2,True,0,False,1,False,1,False
1779366903481243,2026-05-21 12:35:03.481243,poly_updown_btc_5m_v3_1,False,btc_5m_v3_1,BTC,5m,UP,0x1298c1e04f3f3a423d6c2b5da9e44881bf03a868dd3bd3e5baa531b738542f74,False,-24.999996,Down,0.51,v1,1,btc_5m_v1,2,True,0,False,1,False,1,False
1779366903481243,2026-05-21 12:35:03.481243,poly_updown_btc_5m_v3_1,False,btc_5m_v3_1,BTC,5m,UP,0x1298c1e04f3f3a423d6c2b5da9e44881bf03a868dd3bd3e5baa531b738542f74,False,-24.999996,Down,0.51,v1,1,btc_5m_v1,2,True,0,False,1,False,1,False
1779366907690789,2026-05-21 12:35:07.690789,poly_updown_btc_5m_sniper,False,btc_5m_sniper,BTC,5m,UP,0x1298c1e04f3f3a423d6c2b5da9e44881bf03a868dd3bd3e5baa531b738542f74,False,-24.999996,Down,0.51,v1,sniper,btc_5m_v1,2,True,0,False,1,False,1,False
1779366907690789,2026-05-21 12:35:07.690789,poly_updown_btc_5m_sniper,False,btc_5m_sniper,BTC,5m,UP,0x1298c1e04f3f3a423d6c2b5da9e44881bf03a868dd3bd3e5baa531b738542f74,False,-24.999996,Down,0.51,v1,sniper,btc_5m_v1,2,True,0,False,1,False,1,False
1779366907690789,2026-05-21 12:35:07.690789,poly_updown_btc_5m_sniper,False,btc_5m_sniper,BTC,5m,UP,0x1298c1e04f3f3a423d6c2b5da9e44881bf03a868dd3bd3e5baa531b738542f74,False,-24.999996,Down,0.51,v1,sniper,btc_5m_v1,2,True,0,False,1,False,1,False
1779366907690975,2026-05-21 12:35:07.690975,poly_updown_btc_5m_v3_3,False,btc_5m_v3_3,BTC,5m,UP,0x1298c1e04f3f3a423d6c2b5da9e44881bf03a868dd3bd3e5baa531b738542f74,False,-24.999996,Down,0.51,v1,3,btc_5m_v1,2,True,0,False,1,False,1,False
1779366907690975,2026-05-21 12:35:07.690975,poly_updown_btc_5m_v3_3,False,btc_5m_v3_3,BTC,5m,UP,0x1298c1e04f3f3a423d6c2b5da9e44881bf03a868dd3bd3e5baa531b738542f74,False,-24.999996,Down,0.51,v1,3,btc_5m_v1,2,True,0,False,1,False,1,False
1779366907690975,2026-05-21 12:35:07.690975,poly_updown_btc_5m_v3_3,False,btc_5m_v3_3,BTC,5m,UP,0x1298c1e04f3f3a423d6c2b5da9e44881bf03a868dd3bd3e5baa531b738542f74,False,-24.999996,Down,0.51,v1,3,btc_5m_v1,2,True,0,False,1,False,1,False
1779366907692407,2026-05-21 12:35:07.692407,poly_updown_btc_5m_v3,False,btc_5m_v3,BTC,5m,UP,0x1298c1e04f3f3a423d6c2b5da9e44881bf03a868dd3bd3e5baa531b738542f74,False,-24.999996,Down,0.51,v1,v3,btc_5m_v1,2,True,0,False,1,False,1,False
1779366907692407,2026-05-21 12:35:07.692407,poly_updown_btc_5m_v3,False,btc_5m_v3,BTC,5m,UP,0x1298c1e04f3f3a423d6c2b5da9e44881bf03a868dd3bd3e5baa531b738542f74,False,-24.999996,Down,0.51,v1,v3,btc_5m_v1,2,True,0,False,1,False,1,False
1779366907692407,2026-05-21 12:35:07.692407,poly_updown_btc_5m_v3,False,btc_5m_v3,BTC,5m,UP,0x1298c1e04f3f3a423d6c2b5da9e44881bf03a868dd3bd3e5baa531b738542f74,False,-24.999996,Down,0.51,v1,v3,btc_5m_v1,2,True,0,False,1,False,1,False
1779366907693451,2026-05-21 12:35:07.693451,poly_updown_btc_5m_v4,False,btc_5m_v4,BTC,5m,UP,0x1298c1e04f3f3a423d6c2b5da9e44881bf03a868dd3bd3e5baa531b738542f74,False,-24.999996,Down,0.51,v1,v4,btc_5m_v1,2,True,0,False,1,False,1,False
1779366907693451,2026-05-21 12:35:07.693451,poly_updown_btc_5m_v4,False,btc_5m_v4,BTC,5m,UP,0x1298c1e04f3f3a423d6c2b5da9e44881bf03a868dd3bd3e5baa531b738542f74,False,-24.999996,Down,0.51,v1,v4,btc_5m_v1,2,True,0,False,1,False,1,False
1779366907693451,2026-05-21 12:35:07.693451,poly_updown_btc_5m_v4,False,btc_5m_v4,BTC,5m,UP,0x1298c1e04f3f3a423d6c2b5da9e44881bf03a868dd3bd3e5baa531b738542f74,False,-24.999996,Down,0.51,v1,v4,btc_5m_v1,2,True,0,False,1,False,1,False
1779366907694409,2026-05-21 12:35:07.694409,poly_updown_btc_5m_v3_2,False,btc_5m_v3_2,BTC,5m,UP,0x1298c1e04f3f3a423d6c2b5da9e44881bf03a868dd3bd3e5baa531b738542f74,False,-24.999996,Down,0.51,v1,2,btc_5m_v1,2,True,0,False,1,False,1,False
1779366907694409,2026-05-21 12:35:07.694409,poly_updown_btc_5m_v3_2,False,btc_5m_v3_2,BTC,5m,UP,0x1298c1e04f3f3a423d6c2b5da9e44881bf03a868dd3bd3e5baa531b738542f74,False,-24.999996,Down,0.51,v1,2,btc_5m_v1,2,True,0,False,1,False,1,False
1779366907694409,2026-05-21 12:35:07.694409,poly_updown_btc_5m_v3_2,False,btc_5m_v3_2,BTC,5m,UP,0x1298c1e04f3f3a423d6c2b5da9e44881bf03a868dd3bd3e5baa531b738542f74,False,-24.999996,Down,0.51,v1,2,btc_5m_v1,2,True,0,False,1,False,1,False
1779366907747921,2026-05-21 12:35:07.747921,poly_updown_btc_5m_v3_1,False,btc_5m_v3_1,BTC,5m,UP,0x1298c1e04f3f3a423d6c2b5da9e44881bf03a868dd3bd3e5baa531b738542f74,False,-24.999996,Down,0.51,v1,1,btc_5m_v1,2,True,0,False,1,False,1,False
1779366907747921,2026-05-21 12:35:07.747921,poly_updown_btc_5m_v3_1,False,btc_5m_v3_1,BTC,5m,UP,0x1298c1e04f3f3a423d6c2b5da9e44881bf03a868dd3bd3e5baa531b738542f74,False,-24.999996,Down,0.51,v1,1,btc_5m_v1,2,True,0,False,1,False,1,False
1779366907747921,2026-05-21 12:35:07.747921,poly_updown_btc_5m_v3_1,False,btc_5m_v3_1,BTC,5m,UP,0x1298c1e04f3f3a423d6c2b5da9e44881bf03a868dd3bd3e5baa531b738542f74,False,-24.999996,Down,0.51,v1,1,btc_5m_v1,2,True,0,False,1,False,1,False
1779369306742639,2026-05-21 13:15:06.742639,poly_updown_btc_15m_sniper,False,btc_15m_sniper,BTC,15m,DOWN,0x3037ba52a6daf9ab8ec5676427d87ac02ccc7acfc8b6e816092123fcc24fb711,True,23.53921192,Down,0.51,v1,sniper,btc_15m_v1,0,True,1,False,1,False,1,False
1779369306742639,2026-05-21 13:15:06.742639,poly_updown_btc_15m_sniper,False,btc_15m_sniper,BTC,15m,DOWN,0x3037ba52a6daf9ab8ec5676427d87ac02ccc7acfc8b6e816092123fcc24fb711,True,23.53921192,Down,0.51,v1,sniper,btc_15m_v1,0,True,1,False,1,False,1,False
1779369311585253,2026-05-21 13:15:11.585253,poly_updown_btc_15m_sniper,False,btc_15m_sniper,BTC,15m,DOWN,0x3037ba52a6daf9ab8ec5676427d87ac02ccc7acfc8b6e816092123fcc24fb711,True,23.53921192,Down,0.51,v1,sniper,btc_15m_v1,0,True,1,False,1,False,1,False
1779369311585253,2026-05-21 13:15:11.585253,poly_updown_btc_15m_sniper,False,btc_15m_sniper,BTC,15m,DOWN,0x3037ba52a6daf9ab8ec5676427d87ac02ccc7acfc8b6e816092123fcc24fb711,True,23.53921192,Down,0.51,v1,sniper,btc_15m_v1,0,True,1,False,1,False,1,False
1779369362183725,2026-05-21 13:16:02.183725,poly_updown_btc_5m_momo_v2_HOLD_f7,True,btc_5m_momo_v2_HOLD,BTC,5m,DOWN,0x89d00c5a61dddecb73352e07abf6b04a5442e6b7be3becdb75a21fc5e4ae9e9f,False,-25.0,Up,0.5,v2,HOLD,btc_5m_v2,0,True,1,False,1,False,1,False
1779369362183725,2026-05-21 13:16:02.183725,poly_updown_btc_5m_momo_v2_HOLD_f7,True,btc_5m_momo_v2_HOLD,BTC,5m,DOWN,0x89d00c5a61dddecb73352e07abf6b04a5442e6b7be3becdb75a21fc5e4ae9e9f,False,-25.0,Up,0.5,v2,HOLD,btc_5m_v2,0,True,1,False,1,False,1,False
1779369362183725,2026-05-21 13:16:02.183725,poly_updown_btc_5m_momo_v2_HOLD_f7,True,btc_5m_momo_v2_HOLD,BTC,5m,DOWN,0x89d00c5a61dddecb73352e07abf6b04a5442e6b7be3becdb75a21fc5e4ae9e9f,False,-25.0,Up,0.5,v2,HOLD,btc_5m_v2,0,True,1,False,1,False,1,False
1779369362183725,2026-05-21 13:16:02.183725,poly_updown_btc_5m_momo_v2_HOLD_f7,True,btc_5m_momo_v2_HOLD,BTC,5m,DOWN,0x89d00c5a61dddecb73352e07abf6b04a5442e6b7be3becdb75a21fc5e4ae9e9f,False,-25.0,Up,0.5,v2,HOLD,btc_5m_v2,0,True,1,False,1,False,1,False
1779369362198192,2026-05-21 13:16:02.198192,poly_updown_btc_5m_momo_v2_HEDGE_f7,True,btc_5m_momo_v2_HEDGE,BTC,5m,DOWN,0x89d00c5a61dddecb73352e07abf6b04a5442e6b7be3becdb75a21fc5e4ae9e9f,False,-25.0,Up,0.5,v2,HEDGE,btc_5m_v2,0,True,1,False,1,False,1,False
1779369362198192,2026-05-21 13:16:02.198192,poly_updown_btc_5m_momo_v2_HEDGE_f7,True,btc_5m_momo_v2_HEDGE,BTC,5m,DOWN,0x89d00c5a61dddecb73352e07abf6b04a5442e6b7be3becdb75a21fc5e4ae9e9f,False,-25.0,Up,0.5,v2,HEDGE,btc_5m_v2,0,True,1,False,1,False,1,False
1779369362198192,2026-05-21 13:16:02.198192,poly_updown_btc_5m_momo_v2_HEDGE_f7,True,btc_5m_momo_v2_HEDGE,BTC,5m,DOWN,0x89d00c5a61dddecb73352e07abf6b04a5442e6b7be3becdb75a21fc5e4ae9e9f,False,-25.0,Up,0.5,v2,HEDGE,btc_5m_v2,0,True,1,False,1,False,1,False
1779369362198192,2026-05-21 13:16:02.198192,poly_updown_btc_5m_momo_v2_HEDGE_f7,True,btc_5m_momo_v2_HEDGE,BTC,5m,DOWN,0x89d00c5a61dddecb73352e07abf6b04a5442e6b7be3becdb75a21fc5e4ae9e9f,False,-25.0,Up,0.5,v2,HEDGE,btc_5m_v2,0,True,1,False,1,False,1,False
1779369362208492,2026-05-21 13:16:02.208492,poly_updown_btc_5m_momo_v2_SELL_f7,True,btc_5m_momo_v2_SELL,BTC,5m,DOWN,0x89d00c5a61dddecb73352e07abf6b04a5442e6b7be3becdb75a21fc5e4ae9e9f,False,-25.0,Up,0.5,v2,SELL,btc_5m_v2,0,True,1,False,1,False,1,False
1779369362208492,2026-05-21 13:16:02.208492,poly_updown_btc_5m_momo_v2_SELL_f7,True,btc_5m_momo_v2_SELL,BTC,5m,DOWN,0x89d00c5a61dddecb73352e07abf6b04a5442e6b7be3becdb75a21fc5e4ae9e9f,False,-25.0,Up,0.5,v2,SELL,btc_5m_v2,0,True,1,False,1,False,1,False
1779369362208492,2026-05-21 13:16:02.208492,poly_updown_btc_5m_momo_v2_SELL_f7,True,btc_5m_momo_v2_SELL,BTC,5m,DOWN,0x89d00c5a61dddecb73352e07abf6b04a5442e6b7be3becdb75a21fc5e4ae9e9f,False,-25.0,Up,0.5,v2,SELL,btc_5m_v2,0,True,1,False,1,False,1,False
1779369362208492,2026-05-21 13:16:02.208492,poly_updown_btc_5m_momo_v2_SELL_f7,True,btc_5m_momo_v2_SELL,BTC,5m,DOWN,0x89d00c5a61dddecb73352e07abf6b04a5442e6b7be3becdb75a21fc5e4ae9e9f,False,-25.0,Up,0.5,v2,SELL,btc_5m_v2,0,True,1,False,1,False,1,False
1779369367805965,2026-05-21 13:16:07.805965,poly_updown_btc_5m_momo_v2_HEDGE_f7,True,btc_5m_momo_v2_HEDGE,BTC,5m,DOWN,0x89d00c5a61dddecb73352e07abf6b04a5442e6b7be3becdb75a21fc5e4ae9e9f,False,-25.0,Up,0.5,v2,HEDGE,btc_5m_v2,0,True,1,False,1,False,1,False
1779369367805965,2026-05-21 13:16:07.805965,poly_updown_btc_5m_momo_v2_HEDGE_f7,True,btc_5m_momo_v2_HEDGE,BTC,5m,DOWN,0x89d00c5a61dddecb73352e07abf6b04a5442e6b7be3becdb75a21fc5e4ae9e9f,False,-25.0,Up,0.5,v2,HEDGE,btc_5m_v2,0,True,1,False,1,False,1,False
1779369367805965,2026-05-21 13:16:07.805965,poly_updown_btc_5m_momo_v2_HEDGE_f7,True,btc_5m_momo_v2_HEDGE,BTC,5m,DOWN,0x89d00c5a61dddecb73352e07abf6b04a5442e6b7be3becdb75a21fc5e4ae9e9f,False,-25.0,Up,0.5,v2,HEDGE,btc_5m_v2,0,True,1,False,1,False,1,False
1779369367805965,2026-05-21 13:16:07.805965,poly_updown_btc_5m_momo_v2_HEDGE_f7,True,btc_5m_momo_v2_HEDGE,BTC,5m,DOWN,0x89d00c5a61dddecb73352e07abf6b04a5442e6b7be3becdb75a21fc5e4ae9e9f,False,-25.0,Up,0.5,v2,HEDGE,btc_5m_v2,0,True,1,False,1,False,1,False
1779369367815219,2026-05-21 13:16:07.815219,poly_updown_btc_5m_momo_v2_SELL_f7,True,btc_5m_momo_v2_SELL,BTC,5m,DOWN,0x89d00c5a61dddecb73352e07abf6b04a5442e6b7be3becdb75a21fc5e4ae9e9f,False,-25.0,Up,0.5,v2,SELL,btc_5m_v2,0,True,1,False,1,False,1,False
1779369367815219,2026-05-21 13:16:07.815219,poly_updown_btc_5m_momo_v2_SELL_f7,True,btc_5m_momo_v2_SELL,BTC,5m,DOWN,0x89d00c5a61dddecb73352e07abf6b04a5442e6b7be3becdb75a21fc5e4ae9e9f,False,-25.0,Up,0.5,v2,SELL,btc_5m_v2,0,True,1,False,1,False,1,False
1779369367815219,2026-05-21 13:16:07.815219,poly_updown_btc_5m_momo_v2_SELL_f7,True,btc_5m_momo_v2_SELL,BTC,5m,DOWN,0x89d00c5a61dddecb73352e07abf6b04a5442e6b7be3becdb75a21fc5e4ae9e9f,False,-25.0,Up,0.5,v2,SELL,btc_5m_v2,0,True,1,False,1,False,1,False
1779369367815219,2026-05-21 13:16:07.815219,poly_updown_btc_5m_momo_v2_SELL_f7,True,btc_5m_momo_v2_SELL,BTC,5m,DOWN,0x89d00c5a61dddecb73352e07abf6b04a5442e6b7be3becdb75a21fc5e4ae9e9f,False,-25.0,Up,0.5,v2,SELL,btc_5m_v2,0,True,1,False,1,False,1,False
1779369368022303,2026-05-21 13:16:08.022303,poly_updown_btc_5m_momo_v2_HOLD_f7,True,btc_5m_momo_v2_HOLD,BTC,5m,DOWN,0x89d00c5a61dddecb73352e07abf6b04a5442e6b7be3becdb75a21fc5e4ae9e9f,False,-25.0,Up,0.5,v2,HOLD,btc_5m_v2,0,True,1,False,1,False,1,False
1779369368022303,2026-05-21 13:16:08.022303,poly_updown_btc_5m_momo_v2_HOLD_f7,True,btc_5m_momo_v2_HOLD,BTC,5m,DOWN,0x89d00c5a61dddecb73352e07abf6b04a5442e6b7be3becdb75a21fc5e4ae9e9f,False,-25.0,Up,0.5,v2,HOLD,btc_5m_v2,0,True,1,False,1,False,1,False
1779369368022303,2026-05-21 13:16:08.022303,poly_updown_btc_5m_momo_v2_HOLD_f7,True,btc_5m_momo_v2_HOLD,BTC,5m,DOWN,0x89d00c5a61dddecb73352e07abf6b04a5442e6b7be3becdb75a21fc5e4ae9e9f,False,-25.0,Up,0.5,v2,HOLD,btc_5m_v2,0,True,1,False,1,False,1,False
1779369368022303,2026-05-21 13:16:08.022303,poly_updown_btc_5m_momo_v2_HOLD_f7,True,btc_5m_momo_v2_HOLD,BTC,5m,DOWN,0x89d00c5a61dddecb73352e07abf6b04a5442e6b7be3becdb75a21fc5e4ae9e9f,False,-25.0,Up,0.5,v2,HOLD,btc_5m_v2,0,True,1,False,1,False,1,False
1779370629645138,2026-05-21 13:37:09.645138,poly_updown_btc_5m_momo_HEDGE_f7,True,btc_5m_momo_HEDGE,BTC,5m,DOWN,0x9c5d6b642560976793d33b2f1b7c9efdfb61e275659d15d919362d02cd7d4406,True,25.49999592,Down,0.49,v1,HEDGE,btc_5m_v1,0,True,1,False,1,False,1,False
1779370629645138,2026-05-21 13:37:09.645138,poly_updown_btc_5m_momo_HEDGE_f7,True,btc_5m_momo_HEDGE,BTC,5m,DOWN,0x9c5d6b642560976793d33b2f1b7c9efdfb61e275659d15d919362d02cd7d4406,True,25.49999592,Down,0.49,v1,HEDGE,btc_5m_v1,0,True,1,False,1,False,1,False
1779370629645138,2026-05-21 13:37:09.645138,poly_updown_btc_5m_momo_HEDGE_f7,True,btc_5m_momo_HEDGE,BTC,5m,DOWN,0x9c5d6b642560976793d33b2f1b7c9efdfb61e275659d15d919362d02cd7d4406,True,25.49999592,Down,0.49,v1,HEDGE,btc_5m_v1,0,True,1,False,1,False,1,False
1779370629646556,2026-05-21 13:37:09.646556,poly_updown_btc_5m_momo_SELL_f7,True,btc_5m_momo_SELL,BTC,5m,DOWN,0x9c5d6b642560976793d33b2f1b7c9efdfb61e275659d15d919362d02cd7d4406,True,25.49999592,Down,0.49,v1,SELL,btc_5m_v1,0,True,1,False,1,False,1,False
1779370629646556,2026-05-21 13:37:09.646556,poly_updown_btc_5m_momo_SELL_f7,True,btc_5m_momo_SELL,BTC,5m,DOWN,0x9c5d6b642560976793d33b2f1b7c9efdfb61e275659d15d919362d02cd7d4406,True,25.49999592,Down,0.49,v1,SELL,btc_5m_v1,0,True,1,False,1,False,1,False
1779370629646556,2026-05-21 13:37:09.646556,poly_updown_btc_5m_momo_SELL_f7,True,btc_5m_momo_SELL,BTC,5m,DOWN,0x9c5d6b642560976793d33b2f1b7c9efdfb61e275659d15d919362d02cd7d4406,True,25.49999592,Down,0.49,v1,SELL,btc_5m_v1,0,True,1,False,1,False,1,False
1779370629695910,2026-05-21 13:37:09.695910,poly_updown_btc_5m_momo_HOLD_f7,True,btc_5m_momo_HOLD,BTC,5m,DOWN,0x9c5d6b642560976793d33b2f1b7c9efdfb61e275659d15d919362d02cd7d4406,True,25.49999592,Down,0.49,v1,HOLD,btc_5m_v1,0,True,1,False,1,False,1,False
1779370629695910,2026-05-21 13:37:09.695910,poly_updown_btc_5m_momo_HOLD_f7,True,btc_5m_momo_HOLD,BTC,5m,DOWN,0x9c5d6b642560976793d33b2f1b7c9efdfb61e275659d15d919362d02cd7d4406,True,25.49999592,Down,0.49,v1,HOLD,btc_5m_v1,0,True,1,False,1,False,1,False
1779370629695910,2026-05-21 13:37:09.695910,poly_updown_btc_5m_momo_HOLD_f7,True,btc_5m_momo_HOLD,BTC,5m,DOWN,0x9c5d6b642560976793d33b2f1b7c9efdfb61e275659d15d919362d02cd7d4406,True,25.49999592,Down,0.49,v1,HOLD,btc_5m_v1,0,True,1,False,1,False,1,False
1779370629695910,2026-05-21 13:37:09.695910,poly_updown_btc_5m_momo_HOLD_f7,True,btc_5m_momo_HOLD,BTC,5m,DOWN,0x9c5d6b642560976793d33b2f1b7c9efdfb61e275659d15d919362d02cd7d4406,True,25.49999592,Down,0.49,v1,HOLD,btc_5m_v1,0,True,1,False,1,False,1,False
1779370630366060,2026-05-21 13:37:10.366060,poly_updown_btc_5m_momo_HEDGE_f7,True,btc_5m_momo_HEDGE,BTC,5m,DOWN,0x9c5d6b642560976793d33b2f1b7c9efdfb61e275659d15d919362d02cd7d4406,True,25.49999592,Down,0.49,v1,HEDGE,btc_5m_v1,0,True,1,False,1,False,1,False
1779370630366060,2026-05-21 13:37:10.366060,poly_updown_btc_5m_momo_HEDGE_f7,True,btc_5m_momo_HEDGE,BTC,5m,DOWN,0x9c5d6b642560976793d33b2f1b7c9efdfb61e275659d15d919362d02cd7d4406,True,25.49999592,Down,0.49,v1,HEDGE,btc_5m_v1,0,True,1,False,1,False,1,False
1779370630366060,2026-05-21 13:37:10.366060,poly_updown_btc_5m_momo_HEDGE_f7,True,btc_5m_momo_HEDGE,BTC,5m,DOWN,0x9c5d6b642560976793d33b2f1b7c9efdfb61e275659d15d919362d02cd7d4406,True,25.49999592,Down,0.49,v1,HEDGE,btc_5m_v1,0,True,1,False,1,False,1,False
1779370630371436,2026-05-21 13:37:10.371436,poly_updown_btc_5m_momo_SELL_f7,True,btc_5m_momo_SELL,BTC,5m,DOWN,0x9c5d6b642560976793d33b2f1b7c9efdfb61e275659d15d919362d02cd7d4406,True,25.49999592,Down,0.49,v1,SELL,btc_5m_v1,0,True,1,False,1,False,1,False
1779370630371436,2026-05-21 13:37:10.371436,poly_updown_btc_5m_momo_SELL_f7,True,btc_5m_momo_SELL,BTC,5m,DOWN,0x9c5d6b642560976793d33b2f1b7c9efdfb61e275659d15d919362d02cd7d4406,True,25.49999592,Down,0.49,v1,SELL,btc_5m_v1,0,True,1,False,1,False,1,False
1779370630371436,2026-05-21 13:37:10.371436,poly_updown_btc_5m_momo_SELL_f7,True,btc_5m_momo_SELL,BTC,5m,DOWN,0x9c5d6b642560976793d33b2f1b7c9efdfb61e275659d15d919362d02cd7d4406,True,25.49999592,Down,0.49,v1,SELL,btc_5m_v1,0,True,1,False,1,False,1,False
1779370630374160,2026-05-21 13:37:10.374160,poly_updown_btc_5m_momo_HOLD_f7,True,btc_5m_momo_HOLD,BTC,5m,DOWN,0x9c5d6b642560976793d33b2f1b7c9efdfb61e275659d15d919362d02cd7d4406,True,25.49999592,Down,0.49,v1,HOLD,btc_5m_v1,0,True,1,False,1,False,1,False
1779370630374160,2026-05-21 13:37:10.374160,poly_updown_btc_5m_momo_HOLD_f7,True,btc_5m_momo_HOLD,BTC,5m,DOWN,0x9c5d6b642560976793d33b2f1b7c9efdfb61e275659d15d919362d02cd7d4406,True,25.49999592,Down,0.49,v1,HOLD,btc_5m_v1,0,True,1,False,1,False,1,False
1779370630374160,2026-05-21 13:37:10.374160,poly_updown_btc_5m_momo_HOLD_f7,True,btc_5m_momo_HOLD,BTC,5m,DOWN,0x9c5d6b642560976793d33b2f1b7c9efdfb61e275659d15d919362d02cd7d4406,True,25.49999592,Down,0.49,v1,HOLD,btc_5m_v1,0,True,1,False,1,False,1,False
1779370630374160,2026-05-21 13:37:10.374160,poly_updown_btc_5m_momo_HOLD_f7,True,btc_5m_momo_HOLD,BTC,5m,DOWN,0x9c5d6b642560976793d33b2f1b7c9efdfb61e275659d15d919362d02cd7d4406,True,25.49999592,Down,0.49,v1,HOLD,btc_5m_v1,0,True,1,False,1,False,1,False
1779370804950097,2026-05-21 13:40:04.950097,poly_updown_btc_5m_sniper,False,btc_5m_sniper,BTC,5m,DOWN,0x99e8c7359bcf137275e63d9be4cc0f6d709326651ecd627bc7cdf3836ad4b4ae,False,-1.49999976,Up,0.49,v1,sniper,btc_5m_v1,0,True,1,False,0,True,1,False
1779370804950097,2026-05-21 13:40:04.950097,poly_updown_btc_5m_sniper,False,btc_5m_sniper,BTC,5m,DOWN,0x99e8c7359bcf137275e63d9be4cc0f6d709326651ecd627bc7cdf3836ad4b4ae,False,-1.49999976,Up,0.49,v1,sniper,btc_5m_v1,0,True,1,False,0,True,1,False
1779370804950097,2026-05-21 13:40:04.950097,poly_updown_btc_5m_sniper,False,btc_5m_sniper,BTC,5m,DOWN,0x99e8c7359bcf137275e63d9be4cc0f6d709326651ecd627bc7cdf3836ad4b4ae,False,-1.49999976,Up,0.49,v1,sniper,btc_5m_v1,0,True,1,False,0,True,1,False
1779370804950097,2026-05-21 13:40:04.950097,poly_updown_btc_5m_sniper,False,btc_5m_sniper,BTC,5m,DOWN,0x99e8c7359bcf137275e63d9be4cc0f6d709326651ecd627bc7cdf3836ad4b4ae,False,-1.49999976,Up,0.49,v1,sniper,btc_5m_v1,0,True,1,False,0,True,1,False
1779370804950097,2026-05-21 13:40:04.950097,poly_updown_btc_5m_sniper,False,btc_5m_sniper,BTC,5m,DOWN,0x99e8c7359bcf137275e63d9be4cc0f6d709326651ecd627bc7cdf3836ad4b4ae,False,-1.49999976,Up,0.49,v1,sniper,btc_5m_v1,0,True,1,False,0,True,1,False
1779370804950097,2026-05-21 13:40:04.950097,poly_updown_btc_5m_sniper,False,btc_5m_sniper,BTC,5m,DOWN,0x99e8c7359bcf137275e63d9be4cc0f6d709326651ecd627bc7cdf3836ad4b4ae,False,-1.49999976,Up,0.49,v1,sniper,btc_5m_v1,0,True,1,False,0,True,1,False
1779370804950097,2026-05-21 13:40:04.950097,poly_updown_btc_5m_sniper,False,btc_5m_sniper,BTC,5m,DOWN,0x99e8c7359bcf137275e63d9be4cc0f6d709326651ecd627bc7cdf3836ad4b4ae,False,-1.49999976,Up,0.49,v1,sniper,btc_5m_v1,0,True,1,False,0,True,1,False
1779370804950097,2026-05-21 13:40:04.950097,poly_updown_btc_5m_sniper,False,btc_5m_sniper,BTC,5m,DOWN,0x99e8c7359bcf137275e63d9be4cc0f6d709326651ecd627bc7cdf3836ad4b4ae,False,-1.49999976,Up,0.49,v1,sniper,btc_5m_v1,0,True,1,False,0,True,1,False
1779370805269075,2026-05-21 13:40:05.269075,poly_updown_btc_5m_sniper,False,btc_5m_sniper,BTC,5m,DOWN,0x99e8c7359bcf137275e63d9be4cc0f6d709326651ecd627bc7cdf3836ad4b4ae,False,-1.49999976,Up,0.49,v1,sniper,btc_5m_v1,0,True,1,False,0,True,1,False
1779370805269075,2026-05-21 13:40:05.269075,poly_updown_btc_5m_sniper,False,btc_5m_sniper,BTC,5m,DOWN,0x99e8c7359bcf137275e63d9be4cc0f6d709326651ecd627bc7cdf3836ad4b4ae,False,-1.49999976,Up,0.49,v1,sniper,btc_5m_v1,0,True,1,False,0,True,1,False
1779370805269075,2026-05-21 13:40:05.269075,poly_updown_btc_5m_sniper,False,btc_5m_sniper,BTC,5m,DOWN,0x99e8c7359bcf137275e63d9be4cc0f6d709326651ecd627bc7cdf3836ad4b4ae,False,-1.49999976,Up,0.49,v1,sniper,btc_5m_v1,0,True,1,False,0,True,1,False
1779370805269075,2026-05-21 13:40:05.269075,poly_updown_btc_5m_sniper,False,btc_5m_sniper,BTC,5m,DOWN,0x99e8c7359bcf137275e63d9be4cc0f6d709326651ecd627bc7cdf3836ad4b4ae,False,-1.49999976,Up,0.49,v1,sniper,btc_5m_v1,0,True,1,False,0,True,1,False
1779370805269075,2026-05-21 13:40:05.269075,poly_updown_btc_5m_sniper,False,btc_5m_sniper,BTC,5m,DOWN,0x99e8c7359bcf137275e63d9be4cc0f6d709326651ecd627bc7cdf3836ad4b4ae,False,-1.49999976,Up,0.49,v1,sniper,btc_5m_v1,0,True,1,False,0,True,1,False
1779370805269075,2026-05-21 13:40:05.269075,poly_updown_btc_5m_sniper,False,btc_5m_sniper,BTC,5m,DOWN,0x99e8c7359bcf137275e63d9be4cc0f6d709326651ecd627bc7cdf3836ad4b4ae,False,-1.49999976,Up,0.49,v1,sniper,btc_5m_v1,0,True,1,False,0,True,1,False
1779370805269075,2026-05-21 13:40:05.269075,poly_updown_btc_5m_sniper,False,btc_5m_sniper,BTC,5m,DOWN,0x99e8c7359bcf137275e63d9be4cc0f6d709326651ecd627bc7cdf3836ad4b4ae,False,-1.49999976,Up,0.49,v1,sniper,btc_5m_v1,0,True,1,False,0,True,1,False
1779370805269075,2026-05-21 13:40:05.269075,poly_updown_btc_5m_sniper,False,btc_5m_sniper,BTC,5m,DOWN,0x99e8c7359bcf137275e63d9be4cc0f6d709326651ecd627bc7cdf3836ad4b4ae,False,-1.49999976,Up,0.49,v1,sniper,btc_5m_v1,0,True,1,False,0,True,1,False
1779370805269211,2026-05-21 13:40:05.269211,poly_updown_eth_5m_sniper,False,eth_5m_sniper,ETH,5m,DOWN,0x9629b40373ae5415059c94a869a81c45fcbcd0eefcedcabadec31e95a033829d,False,-25.0,Up,0.5,v1,sniper,eth_5m_v1,0,True,1,False,1,False,1,False
1779370805269211,2026-05-21 13:40:05.269211,poly_updown_eth_5m_sniper,False,eth_5m_sniper,ETH,5m,DOWN,0x9629b40373ae5415059c94a869a81c45fcbcd0eefcedcabadec31e95a033829d,False,-25.0,Up,0.5,v1,sniper,eth_5m_v1,0,True,1,False,1,False,1,False
1779370805283439,2026-05-21 13:40:05.283439,poly_updown_eth_5m_sniper_DOWN_INV,False,eth_5m_sniper_DOWN_INV,ETH,5m,UP,0x9629b40373ae5415059c94a869a81c45fcbcd0eefcedcabadec31e95a033829d,True,22.49611168,Up,0.5317135186741629,v1,INV,eth_5m_v1,0,False,1,False,1,False,1,False
1779370805283439,2026-05-21 13:40:05.283439,poly_updown_eth_5m_sniper_DOWN_INV,False,eth_5m_sniper_DOWN_INV,ETH,5m,UP,0x9629b40373ae5415059c94a869a81c45fcbcd0eefcedcabadec31e95a033829d,True,22.49611168,Up,0.5317135186741629,v1,INV,eth_5m_v1,0,False,1,False,1,False,1,False
1779371101561672,2026-05-21 13:45:01.561672,poly_updown_sol_15m_sniper,False,sol_15m_sniper,SOL,15m,DOWN,0xdc912e74f45cf4a841275c7c0d389ea848e3319894e12e3e4cfad3faab5cd16a,True,-3.07101976,Down,0.5103999968639994,v1,sniper,sol_15m_v1,0,True,1,False,0,True,1,False
1779371101561672,2026-05-21 13:45:01.561672,poly_updown_sol_15m_sniper,False,sol_15m_sniper,SOL,15m,DOWN,0xdc912e74f45cf4a841275c7c0d389ea848e3319894e12e3e4cfad3faab5cd16a,True,-3.79845948,Down,0.5295999950079976,v1,sniper,sol_15m_v1,0,True,1,False,0,True,1,False
1779371101565207,2026-05-21 13:45:01.565207,poly_updown_eth_15m_sniper,False,eth_15m_sniper,ETH,15m,DOWN,0x172aea9c6c478278003aea486af447f6ca8dcdecee71307fc56b1d77c94c8f28,True,-1.92980424,Down,0.5197632783621245,v1,sniper,eth_15m_v1,0,True,0,True,0,True,1,False
1779371101565207,2026-05-21 13:45:01.565207,poly_updown_eth_15m_sniper,False,eth_15m_sniper,ETH,15m,DOWN,0x172aea9c6c478278003aea486af447f6ca8dcdecee71307fc56b1d77c94c8f28,True,-1.46078408,Down,0.51,v1,sniper,eth_15m_v1,0,True,0,True,0,True,1,False
1779371101565207,2026-05-21 13:45:01.565207,poly_updown_eth_15m_sniper,False,eth_15m_sniper,ETH,15m,DOWN,0x172aea9c6c478278003aea486af447f6ca8dcdecee71307fc56b1d77c94c8f28,True,-1.46078408,Down,0.51,v1,sniper,eth_15m_v1,0,True,0,True,0,True,1,False
1779371101590912,2026-05-21 13:45:01.590912,poly_updown_btc_15m_sniper,False,btc_15m_sniper,BTC,15m,DOWN,0xf14b1c03279660deb34cc4cc74f56aece49c80763fcdfce816d8bdccd42602c8,True,24.255,Down,0.505,v1,sniper,btc_15m_v1,0,True,0,True,0,True,1,False
1779371101590912,2026-05-21 13:45:01.590912,poly_updown_btc_15m_sniper,False,btc_15m_sniper,BTC,15m,DOWN,0xf14b1c03279660deb34cc4cc74f56aece49c80763fcdfce816d8bdccd42602c8,True,26.134689,Down,0.4879731123027918,v1,sniper,btc_15m_v1,0,True,0,True,0,True,1,False
1779371112355455,2026-05-21 13:45:12.355455,poly_updown_eth_15m_sniper,False,eth_15m_sniper,ETH,15m,DOWN,0x172aea9c6c478278003aea486af447f6ca8dcdecee71307fc56b1d77c94c8f28,True,-1.92980424,Down,0.5197632783621245,v1,sniper,eth_15m_v1,0,True,0,True,0,True,1,False
1779371112355455,2026-05-21 13:45:12.355455,poly_updown_eth_15m_sniper,False,eth_15m_sniper,ETH,15m,DOWN,0x172aea9c6c478278003aea486af447f6ca8dcdecee71307fc56b1d77c94c8f28,True,-1.46078408,Down,0.51,v1,sniper,eth_15m_v1,0,True,0,True,0,True,1,False
1779371112355455,2026-05-21 13:45:12.355455,poly_updown_eth_15m_sniper,False,eth_15m_sniper,ETH,15m,DOWN,0x172aea9c6c478278003aea486af447f6ca8dcdecee71307fc56b1d77c94c8f28,True,-1.46078408,Down,0.51,v1,sniper,eth_15m_v1,0,True,0,True,0,True,1,False
1779371112356227,2026-05-21 13:45:12.356227,poly_updown_sol_15m_sniper,False,sol_15m_sniper,SOL,15m,DOWN,0xdc912e74f45cf4a841275c7c0d389ea848e3319894e12e3e4cfad3faab5cd16a,True,-3.07101976,Down,0.5103999968639994,v1,sniper,sol_15m_v1,0,True,1,False,0,True,1,False
1779371112356227,2026-05-21 13:45:12.356227,poly_updown_sol_15m_sniper,False,sol_15m_sniper,SOL,15m,DOWN,0xdc912e74f45cf4a841275c7c0d389ea848e3319894e12e3e4cfad3faab5cd16a,True,-3.79845948,Down,0.5295999950079976,v1,sniper,sol_15m_v1,0,True,1,False,0,True,1,False
1779371112473701,2026-05-21 13:45:12.473701,poly_updown_btc_15m_sniper,False,btc_15m_sniper,BTC,15m,DOWN,0xf14b1c03279660deb34cc4cc74f56aece49c80763fcdfce816d8bdccd42602c8,True,24.255,Down,0.505,v1,sniper,btc_15m_v1,0,True,0,True,0,True,1,False
1779371112473701,2026-05-21 13:45:12.473701,poly_updown_btc_15m_sniper,False,btc_15m_sniper,BTC,15m,DOWN,0xf14b1c03279660deb34cc4cc74f56aece49c80763fcdfce816d8bdccd42602c8,True,26.134689,Down,0.4879731123027918,v1,sniper,btc_15m_v1,0,True,0,True,0,True,1,False
1779371705782438,2026-05-21 13:55:05.782438,poly_updown_btc_5m_sniper,False,btc_5m_sniper,BTC,5m,UP,0x0cf0a70d43c346a21090c4beea948cc5312aa56cdce10b9d5129e9824adeeb63,True,22.61537376,Up,0.52,v1,sniper,btc_5m_v1,0,False,0,False,1,False,1,False
1779371705782438,2026-05-21 13:55:05.782438,poly_updown_btc_5m_sniper,False,btc_5m_sniper,BTC,5m,UP,0x0cf0a70d43c346a21090c4beea948cc5312aa56cdce10b9d5129e9824adeeb63,True,22.61537376,Up,0.52,v1,sniper,btc_5m_v1,0,False,0,False,1,False,1,False
1779371705782647,2026-05-21 13:55:05.782647,poly_updown_btc_5m_v3_1,False,btc_5m_v3_1,BTC,5m,UP,0x0cf0a70d43c346a21090c4beea948cc5312aa56cdce10b9d5129e9824adeeb63,True,22.61537376,Up,0.52,v1,1,btc_5m_v1,0,False,0,False,1,False,1,False
1779371705782647,2026-05-21 13:55:05.782647,poly_updown_btc_5m_v3_1,False,btc_5m_v3_1,BTC,5m,UP,0x0cf0a70d43c346a21090c4beea948cc5312aa56cdce10b9d5129e9824adeeb63,True,22.61537376,Up,0.52,v1,1,btc_5m_v1,0,False,0,False,1,False,1,False
1779371705790221,2026-05-21 13:55:05.790221,poly_updown_btc_5m_v3_2,False,btc_5m_v3_2,BTC,5m,UP,0x0cf0a70d43c346a21090c4beea948cc5312aa56cdce10b9d5129e9824adeeb63,True,22.61537376,Up,0.52,v1,2,btc_5m_v1,0,False,0,False,1,False,1,False
1779371705790221,2026-05-21 13:55:05.790221,poly_updown_btc_5m_v3_2,False,btc_5m_v3_2,BTC,5m,UP,0x0cf0a70d43c346a21090c4beea948cc5312aa56cdce10b9d5129e9824adeeb63,True,22.61537376,Up,0.52,v1,2,btc_5m_v1,0,False,0,False,1,False,1,False
1779371705798673,2026-05-21 13:55:05.798673,poly_updown_eth_5m_v3_1,False,eth_5m_v3_1,ETH,5m,UP,0xf60689644cdbc45e36c43e882d729d23e989ba15ce68d38858f915f058047d23,True,23.49981984,Up,0.5108199985311997,v1,1,eth_5m_v1,2,True,1,False,1,False,1,False
1779371705798673,2026-05-21 13:55:05.798673,poly_updown_eth_5m_v3_1,False,eth_5m_v3_1,ETH,5m,UP,0xf60689644cdbc45e36c43e882d729d23e989ba15ce68d38858f915f058047d23,True,23.49981984,Up,0.5108199985311997,v1,1,eth_5m_v1,2,True,1,False,1,False,1,False
1779371705800245,2026-05-21 13:55:05.800245,poly_updown_btc_5m_v3,False,btc_5m_v3,BTC,5m,UP,0x0cf0a70d43c346a21090c4beea948cc5312aa56cdce10b9d5129e9824adeeb63,True,22.61537376,Up,0.52,v1,v3,btc_5m_v1,0,False,0,False,1,False,1,False
1779371705800245,2026-05-21 13:55:05.800245,poly_updown_btc_5m_v3,False,btc_5m_v3,BTC,5m,UP,0x0cf0a70d43c346a21090c4beea948cc5312aa56cdce10b9d5129e9824adeeb63,True,22.61537376,Up,0.52,v1,v3,btc_5m_v1,0,False,0,False,1,False,1,False
1779371705811541,2026-05-21 13:55:05.811541,poly_updown_btc_5m_v3_3,False,btc_5m_v3_3,BTC,5m,UP,0x0cf0a70d43c346a21090c4beea948cc5312aa56cdce10b9d5129e9824adeeb63,True,22.61537376,Up,0.52,v1,3,btc_5m_v1,0,False,0,False,1,False,1,False
1779371705811541,2026-05-21 13:55:05.811541,poly_updown_btc_5m_v3_3,False,btc_5m_v3_3,BTC,5m,UP,0x0cf0a70d43c346a21090c4beea948cc5312aa56cdce10b9d5129e9824adeeb63,True,22.61537376,Up,0.52,v1,3,btc_5m_v1,0,False,0,False,1,False,1,False
1779371705813245,2026-05-21 13:55:05.813245,poly_updown_btc_5m_v4,False,btc_5m_v4,BTC,5m,UP,0x0cf0a70d43c346a21090c4beea948cc5312aa56cdce10b9d5129e9824adeeb63,True,22.61537376,Up,0.52,v1,v4,btc_5m_v1,0,False,0,False,1,False,1,False
1779371705813245,2026-05-21 13:55:05.813245,poly_updown_btc_5m_v4,False,btc_5m_v4,BTC,5m,UP,0x0cf0a70d43c346a21090c4beea948cc5312aa56cdce10b9d5129e9824adeeb63,True,22.61537376,Up,0.52,v1,v4,btc_5m_v1,0,False,0,False,1,False,1,False
1779371705820937,2026-05-21 13:55:05.820937,poly_updown_eth_5m_v3,False,eth_5m_v3,ETH,5m,UP,0xf60689644cdbc45e36c43e882d729d23e989ba15ce68d38858f915f058047d23,True,23.49981984,Up,0.5108199985311997,v1,v3,eth_5m_v1,2,True,1,False,1,False,1,False
1779371705820937,2026-05-21 13:55:05.820937,poly_updown_eth_5m_v3,False,eth_5m_v3,ETH,5m,UP,0xf60689644cdbc45e36c43e882d729d23e989ba15ce68d38858f915f058047d23,True,23.49981984,Up,0.5108199985311997,v1,v3,eth_5m_v1,2,True,1,False,1,False,1,False
1779371705827194,2026-05-21 13:55:05.827194,poly_updown_eth_5m_sniper,False,eth_5m_sniper,ETH,5m,UP,0xf60689644cdbc45e36c43e882d729d23e989ba15ce68d38858f915f058047d23,True,23.49981984,Up,0.5108199985311997,v1,sniper,eth_5m_v1,2,True,1,False,1,False,1,False
1779371705827194,2026-05-21 13:55:05.827194,poly_updown_eth_5m_sniper,False,eth_5m_sniper,ETH,5m,UP,0xf60689644cdbc45e36c43e882d729d23e989ba15ce68d38858f915f058047d23,True,23.49981984,Up,0.5108199985311997,v1,sniper,eth_5m_v1,2,True,1,False,1,False,1,False
1779371705845997,2026-05-21 13:55:05.845997,poly_updown_eth_5m_v4,False,eth_5m_v4,ETH,5m,UP,0xf60689644cdbc45e36c43e882d729d23e989ba15ce68d38858f915f058047d23,True,23.49981984,Up,0.5108199985311997,v1,v4,eth_5m_v1,2,True,1,False,1,False,1,False
1779371705845997,2026-05-21 13:55:05.845997,poly_updown_eth_5m_v4,False,eth_5m_v4,ETH,5m,UP,0xf60689644cdbc45e36c43e882d729d23e989ba15ce68d38858f915f058047d23,True,23.49981984,Up,0.5108199985311997,v1,v4,eth_5m_v1,2,True,1,False,1,False,1,False
1779371705870843,2026-05-21 13:55:05.870843,poly_updown_eth_5m_v3_2,False,eth_5m_v3_2,ETH,5m,UP,0xf60689644cdbc45e36c43e882d729d23e989ba15ce68d38858f915f058047d23,True,23.49981984,Up,0.5108199985311997,v1,2,eth_5m_v1,2,True,1,False,1,False,1,False
1779371705870843,2026-05-21 13:55:05.870843,poly_updown_eth_5m_v3_2,False,eth_5m_v3_2,ETH,5m,UP,0xf60689644cdbc45e36c43e882d729d23e989ba15ce68d38858f915f058047d23,True,23.49981984,Up,0.5108199985311997,v1,2,eth_5m_v1,2,True,1,False,1,False,1,False
1779371705875195,2026-05-21 13:55:05.875195,poly_updown_eth_5m_v3_3,False,eth_5m_v3_3,ETH,5m,UP,0xf60689644cdbc45e36c43e882d729d23e989ba15ce68d38858f915f058047d23,True,23.49981984,Up,0.5108199985311997,v1,3,eth_5m_v1,2,True,1,False,1,False,1,False
1779371705875195,2026-05-21 13:55:05.875195,poly_updown_eth_5m_v3_3,False,eth_5m_v3_3,ETH,5m,UP,0xf60689644cdbc45e36c43e882d729d23e989ba15ce68d38858f915f058047d23,True,23.49981984,Up,0.5108199985311997,v1,3,eth_5m_v1,2,True,1,False,1,False,1,False
1779371707751309,2026-05-21 13:55:07.751309,poly_updown_eth_5m_sniper,False,eth_5m_sniper,ETH,5m,UP,0xf60689644cdbc45e36c43e882d729d23e989ba15ce68d38858f915f058047d23,True,23.49981984,Up,0.5108199985311997,v1,sniper,eth_5m_v1,2,True,1,False,1,False,1,False
1779371707751309,2026-05-21 13:55:07.751309,poly_updown_eth_5m_sniper,False,eth_5m_sniper,ETH,5m,UP,0xf60689644cdbc45e36c43e882d729d23e989ba15ce68d38858f915f058047d23,True,23.49981984,Up,0.5108199985311997,v1,sniper,eth_5m_v1,2,True,1,False,1,False,1,False
1779371707751798,2026-05-21 13:55:07.751798,poly_updown_btc_5m_v4,False,btc_5m_v4,BTC,5m,UP,0x0cf0a70d43c346a21090c4beea948cc5312aa56cdce10b9d5129e9824adeeb63,True,22.61537376,Up,0.52,v1,v4,btc_5m_v1,0,False,0,False,1,False,1,False
1779371707751798,2026-05-21 13:55:07.751798,poly_updown_btc_5m_v4,False,btc_5m_v4,BTC,5m,UP,0x0cf0a70d43c346a21090c4beea948cc5312aa56cdce10b9d5129e9824adeeb63,True,22.61537376,Up,0.52,v1,v4,btc_5m_v1,0,False,0,False,1,False,1,False
1779371707761767,2026-05-21 13:55:07.761767,poly_updown_eth_5m_v3,False,eth_5m_v3,ETH,5m,UP,0xf60689644cdbc45e36c43e882d729d23e989ba15ce68d38858f915f058047d23,True,23.49981984,Up,0.5108199985311997,v1,v3,eth_5m_v1,2,True,1,False,1,False,1,False
1779371707761767,2026-05-21 13:55:07.761767,poly_updown_eth_5m_v3,False,eth_5m_v3,ETH,5m,UP,0xf60689644cdbc45e36c43e882d729d23e989ba15ce68d38858f915f058047d23,True,23.49981984,Up,0.5108199985311997,v1,v3,eth_5m_v1,2,True,1,False,1,False,1,False
1779371707763235,2026-05-21 13:55:07.763235,poly_updown_btc_5m_v3_3,False,btc_5m_v3_3,BTC,5m,UP,0x0cf0a70d43c346a21090c4beea948cc5312aa56cdce10b9d5129e9824adeeb63,True,22.61537376,Up,0.52,v1,3,btc_5m_v1,0,False,0,False,1,False,1,False
1779371707763235,2026-05-21 13:55:07.763235,poly_updown_btc_5m_v3_3,False,btc_5m_v3_3,BTC,5m,UP,0x0cf0a70d43c346a21090c4beea948cc5312aa56cdce10b9d5129e9824adeeb63,True,22.61537376,Up,0.52,v1,3,btc_5m_v1,0,False,0,False,1,False,1,False
1779371707765257,2026-05-21 13:55:07.765257,poly_updown_eth_5m_v3_1,False,eth_5m_v3_1,ETH,5m,UP,0xf60689644cdbc45e36c43e882d729d23e989ba15ce68d38858f915f058047d23,True,23.49981984,Up,0.5108199985311997,v1,1,eth_5m_v1,2,True,1,False,1,False,1,False
1779371707765257,2026-05-21 13:55:07.765257,poly_updown_eth_5m_v3_1,False,eth_5m_v3_1,ETH,5m,UP,0xf60689644cdbc45e36c43e882d729d23e989ba15ce68d38858f915f058047d23,True,23.49981984,Up,0.5108199985311997,v1,1,eth_5m_v1,2,True,1,False,1,False,1,False
1779371707768319,2026-05-21 13:55:07.768319,poly_updown_btc_5m_v3_1,False,btc_5m_v3_1,BTC,5m,UP,0x0cf0a70d43c346a21090c4beea948cc5312aa56cdce10b9d5129e9824adeeb63,True,22.61537376,Up,0.52,v1,1,btc_5m_v1,0,False,0,False,1,False,1,False
1779371707768319,2026-05-21 13:55:07.768319,poly_updown_btc_5m_v3_1,False,btc_5m_v3_1,BTC,5m,UP,0x0cf0a70d43c346a21090c4beea948cc5312aa56cdce10b9d5129e9824adeeb63,True,22.61537376,Up,0.52,v1,1,btc_5m_v1,0,False,0,False,1,False,1,False
1779371707772996,2026-05-21 13:55:07.772996,poly_updown_btc_5m_sniper,False,btc_5m_sniper,BTC,5m,UP,0x0cf0a70d43c346a21090c4beea948cc5312aa56cdce10b9d5129e9824adeeb63,True,22.61537376,Up,0.52,v1,sniper,btc_5m_v1,0,False,0,False,1,False,1,False
1779371707772996,2026-05-21 13:55:07.772996,poly_updown_btc_5m_sniper,False,btc_5m_sniper,BTC,5m,UP,0x0cf0a70d43c346a21090c4beea948cc5312aa56cdce10b9d5129e9824adeeb63,True,22.61537376,Up,0.52,v1,sniper,btc_5m_v1,0,False,0,False,1,False,1,False
1779371707777228,2026-05-21 13:55:07.777228,poly_updown_btc_5m_v3_2,False,btc_5m_v3_2,BTC,5m,UP,0x0cf0a70d43c346a21090c4beea948cc5312aa56cdce10b9d5129e9824adeeb63,True,22.61537376,Up,0.52,v1,2,btc_5m_v1,0,False,0,False,1,False,1,False
1779371707777228,2026-05-21 13:55:07.777228,poly_updown_btc_5m_v3_2,False,btc_5m_v3_2,BTC,5m,UP,0x0cf0a70d43c346a21090c4beea948cc5312aa56cdce10b9d5129e9824adeeb63,True,22.61537376,Up,0.52,v1,2,btc_5m_v1,0,False,0,False,1,False,1,False
1779371707777379,2026-05-21 13:55:07.777379,poly_updown_eth_5m_v4,False,eth_5m_v4,ETH,5m,UP,0xf60689644cdbc45e36c43e882d729d23e989ba15ce68d38858f915f058047d23,True,23.49981984,Up,0.5108199985311997,v1,v4,eth_5m_v1,2,True,1,False,1,False,1,False
1779371707777379,2026-05-21 13:55:07.777379,poly_updown_eth_5m_v4,False,eth_5m_v4,ETH,5m,UP,0xf60689644cdbc45e36c43e882d729d23e989ba15ce68d38858f915f058047d23,True,23.49981984,Up,0.5108199985311997,v1,v4,eth_5m_v1,2,True,1,False,1,False,1,False
1779371707780098,2026-05-21 13:55:07.780098,poly_updown_btc_5m_v3,False,btc_5m_v3,BTC,5m,UP,0x0cf0a70d43c346a21090c4beea948cc5312aa56cdce10b9d5129e9824adeeb63,True,22.61537376,Up,0.52,v1,v3,btc_5m_v1,0,False,0,False,1,False,1,False
1779371707780098,2026-05-21 13:55:07.780098,poly_updown_btc_5m_v3,False,btc_5m_v3,BTC,5m,UP,0x0cf0a70d43c346a21090c4beea948cc5312aa56cdce10b9d5129e9824adeeb63,True,22.61537376,Up,0.52,v1,v3,btc_5m_v1,0,False,0,False,1,False,1,False
1779371707791171,2026-05-21 13:55:07.791171,poly_updown_eth_5m_v3_3,False,eth_5m_v3_3,ETH,5m,UP,0xf60689644cdbc45e36c43e882d729d23e989ba15ce68d38858f915f058047d23,True,23.49981984,Up,0.5108199985311997,v1,3,eth_5m_v1,2,True,1,False,1,False,1,False
1779371707791171,2026-05-21 13:55:07.791171,poly_updown_eth_5m_v3_3,False,eth_5m_v3_3,ETH,5m,UP,0xf60689644cdbc45e36c43e882d729d23e989ba15ce68d38858f915f058047d23,True,23.49981984,Up,0.5108199985311997,v1,3,eth_5m_v1,2,True,1,False,1,False,1,False
1779371707794943,2026-05-21 13:55:07.794943,poly_updown_eth_5m_v3_2,False,eth_5m_v3_2,ETH,5m,UP,0xf60689644cdbc45e36c43e882d729d23e989ba15ce68d38858f915f058047d23,True,23.49981984,Up,0.5108199985311997,v1,2,eth_5m_v1,2,True,1,False,1,False,1,False
1779371707794943,2026-05-21 13:55:07.794943,poly_updown_eth_5m_v3_2,False,eth_5m_v3_2,ETH,5m,UP,0xf60689644cdbc45e36c43e882d729d23e989ba15ce68d38858f915f058047d23,True,23.49981984,Up,0.5108199985311997,v1,2,eth_5m_v1,2,True,1,False,1,False,1,False
1779371767272546,2026-05-21 13:56:07.272546,poly_updown_btc_5m_momo_v2_HOLD_f7,True,btc_5m_momo_v2_HOLD,BTC,5m,UP,0x0cf0a70d43c346a21090c4beea948cc5312aa56cdce10b9d5129e9824adeeb63,True,23.53921192,Up,0.51,v2,HOLD,btc_5m_v2,0,False,0,False,1,False,1,False
1779371767272546,2026-05-21 13:56:07.272546,poly_updown_btc_5m_momo_v2_HOLD_f7,True,btc_5m_momo_v2_HOLD,BTC,5m,UP,0x0cf0a70d43c346a21090c4beea948cc5312aa56cdce10b9d5129e9824adeeb63,True,23.53921192,Up,0.51,v2,HOLD,btc_5m_v2,0,False,0,False,1,False,1,False
1779371767274777,2026-05-21 13:56:07.274777,poly_updown_btc_5m_momo_v2_HEDGE_f7,True,btc_5m_momo_v2_HEDGE,BTC,5m,UP,0x0cf0a70d43c346a21090c4beea948cc5312aa56cdce10b9d5129e9824adeeb63,True,23.53921192,Up,0.51,v2,HEDGE,btc_5m_v2,0,False,0,False,1,False,1,False
1779371767274777,2026-05-21 13:56:07.274777,poly_updown_btc_5m_momo_v2_HEDGE_f7,True,btc_5m_momo_v2_HEDGE,BTC,5m,UP,0x0cf0a70d43c346a21090c4beea948cc5312aa56cdce10b9d5129e9824adeeb63,True,23.53921192,Up,0.51,v2,HEDGE,btc_5m_v2,0,False,0,False,1,False,1,False
1779371767342017,2026-05-21 13:56:07.342017,poly_updown_btc_5m_momo_v2_SELL_f7,True,btc_5m_momo_v2_SELL,BTC,5m,UP,0x0cf0a70d43c346a21090c4beea948cc5312aa56cdce10b9d5129e9824adeeb63,True,23.53921192,Up,0.51,v2,SELL,btc_5m_v2,0,False,0,False,1,False,1,False
1779371767342017,2026-05-21 13:56:07.342017,poly_updown_btc_5m_momo_v2_SELL_f7,True,btc_5m_momo_v2_SELL,BTC,5m,UP,0x0cf0a70d43c346a21090c4beea948cc5312aa56cdce10b9d5129e9824adeeb63,True,23.53921192,Up,0.51,v2,SELL,btc_5m_v2,0,False,0,False,1,False,1,False
1779371769805291,2026-05-21 13:56:09.805291,poly_updown_btc_5m_momo_v2_HEDGE_f7,True,btc_5m_momo_v2_HEDGE,BTC,5m,UP,0x0cf0a70d43c346a21090c4beea948cc5312aa56cdce10b9d5129e9824adeeb63,True,23.53921192,Up,0.51,v2,HEDGE,btc_5m_v2,0,False,0,False,1,False,1,False
1779371769805291,2026-05-21 13:56:09.805291,poly_updown_btc_5m_momo_v2_HEDGE_f7,True,btc_5m_momo_v2_HEDGE,BTC,5m,UP,0x0cf0a70d43c346a21090c4beea948cc5312aa56cdce10b9d5129e9824adeeb63,True,23.53921192,Up,0.51,v2,HEDGE,btc_5m_v2,0,False,0,False,1,False,1,False
1779371769812311,2026-05-21 13:56:09.812311,poly_updown_btc_5m_momo_v2_SELL_f7,True,btc_5m_momo_v2_SELL,BTC,5m,UP,0x0cf0a70d43c346a21090c4beea948cc5312aa56cdce10b9d5129e9824adeeb63,True,23.53921192,Up,0.51,v2,SELL,btc_5m_v2,0,False,0,False,1,False,1,False
1779371769812311,2026-05-21 13:56:09.812311,poly_updown_btc_5m_momo_v2_SELL_f7,True,btc_5m_momo_v2_SELL,BTC,5m,UP,0x0cf0a70d43c346a21090c4beea948cc5312aa56cdce10b9d5129e9824adeeb63,True,23.53921192,Up,0.51,v2,SELL,btc_5m_v2,0,False,0,False,1,False,1,False
1779371769821627,2026-05-21 13:56:09.821627,poly_updown_btc_5m_momo_v2_HOLD_f7,True,btc_5m_momo_v2_HOLD,BTC,5m,UP,0x0cf0a70d43c346a21090c4beea948cc5312aa56cdce10b9d5129e9824adeeb63,True,23.53921192,Up,0.51,v2,HOLD,btc_5m_v2,0,False,0,False,1,False,1,False
1779371769821627,2026-05-21 13:56:09.821627,poly_updown_btc_5m_momo_v2_HOLD_f7,True,btc_5m_momo_v2_HOLD,BTC,5m,UP,0x0cf0a70d43c346a21090c4beea948cc5312aa56cdce10b9d5129e9824adeeb63,True,23.53921192,Up,0.51,v2,HOLD,btc_5m_v2,0,False,0,False,1,False,1,False
1779372006771895,2026-05-21 14:00:06.771895,poly_updown_sol_15m_sniper,False,sol_15m_sniper,SOL,15m,UP,0x892c823482268b4031da0a997401ce782d971a9567558e213da67dbe11901680,False,-27.16122,Down,0.5323599971775995,v1,sniper,sol_15m_v1,2,True,2,True,2,True,1,False
1779372006771895,2026-05-21 14:00:06.771895,poly_updown_sol_15m_sniper,False,sol_15m_sniper,SOL,15m,UP,0x892c823482268b4031da0a997401ce782d971a9567558e213da67dbe11901680,False,-26.040812,Down,0.5103999968639994,v1,sniper,sol_15m_v1,2,True,2,True,2,True,1,False
1779372011356835,2026-05-21 14:00:11.356835,poly_updown_sol_15m_sniper,False,sol_15m_sniper,SOL,15m,UP,0x892c823482268b4031da0a997401ce782d971a9567558e213da67dbe11901680,False,-27.16122,Down,0.5323599971775995,v1,sniper,sol_15m_v1,2,True,2,True,2,True,1,False
1779372011356835,2026-05-21 14:00:11.356835,poly_updown_sol_15m_sniper,False,sol_15m_sniper,SOL,15m,UP,0x892c823482268b4031da0a997401ce782d971a9567558e213da67dbe11901680,False,-26.040812,Down,0.5103999968639994,v1,sniper,sol_15m_v1,2,True,2,True,2,True,1,False
1779372906874665,2026-05-21 14:15:06.874665,poly_updown_btc_15m_sniper,False,btc_15m_sniper,BTC,15m,DOWN,0x991c3a3f837c2fe1587437f27fb5b19015632b1dff40f3068fbf1560a1ade320,True,24.5,Down,0.5,v1,sniper,btc_15m_v1,1,False,1,False,1,False,1,False
1779372906874665,2026-05-21 14:15:06.874665,poly_updown_btc_15m_sniper,False,btc_15m_sniper,BTC,15m,DOWN,0x991c3a3f837c2fe1587437f27fb5b19015632b1dff40f3068fbf1560a1ade320,True,24.5,Down,0.5,v1,sniper,btc_15m_v1,1,False,1,False,1,False,1,False
1779372913266215,2026-05-21 14:15:13.266215,poly_updown_btc_15m_sniper,False,btc_15m_sniper,BTC,15m,DOWN,0x991c3a3f837c2fe1587437f27fb5b19015632b1dff40f3068fbf1560a1ade320,True,24.5,Down,0.5,v1,sniper,btc_15m_v1,1,False,1,False,1,False,1,False
1779372913266215,2026-05-21 14:15:13.266215,poly_updown_btc_15m_sniper,False,btc_15m_sniper,BTC,15m,DOWN,0x991c3a3f837c2fe1587437f27fb5b19015632b1dff40f3068fbf1560a1ade320,True,24.5,Down,0.5,v1,sniper,btc_15m_v1,1,False,1,False,1,False,1,False
1779372969412687,2026-05-21 14:16:09.412687,poly_updown_btc_5m_momo_v2_SELL_f7,True,btc_5m_momo_v2_SELL,BTC,5m,DOWN,0x025b89c2c7030f146ea1ce694f01730e62a4104cf631e5a3586981386b43dc2e,False,-24.999996,Up,0.49,v2,SELL,btc_5m_v2,0,True,1,False,1,False,1,False
1779372969413373,2026-05-21 14:16:09.413373,poly_updown_btc_5m_momo_v2_HEDGE_f7,True,btc_5m_momo_v2_HEDGE,BTC,5m,DOWN,0x025b89c2c7030f146ea1ce694f01730e62a4104cf631e5a3586981386b43dc2e,False,-24.999996,Up,0.49,v2,HEDGE,btc_5m_v2,0,True,1,False,1,False,1,False
1779372969418744,2026-05-21 14:16:09.418744,poly_updown_btc_5m_momo_v2_HOLD_f7,True,btc_5m_momo_v2_HOLD,BTC,5m,DOWN,0x025b89c2c7030f146ea1ce694f01730e62a4104cf631e5a3586981386b43dc2e,False,-24.999996,Up,0.49,v2,HOLD,btc_5m_v2,0,True,1,False,1,False,1,False
1779373022858984,2026-05-21 14:17:02.858984,poly_updown_eth_5m_momo_HOLD_f7,True,eth_5m_momo_HOLD,ETH,5m,DOWN,0x6e447f9d83471182758fdf8566456fefa394cfbf094bb805e9b0599fab6f0120,False,-25.0,Up,0.5,v1,HOLD,eth_5m_v1,0,True,2,False,1,False,1,False
1779373022889067,2026-05-21 14:17:02.889067,poly_updown_btc_5m_momo_HOLD_f7,True,btc_5m_momo_HOLD,BTC,5m,DOWN,0x025b89c2c7030f146ea1ce694f01730e62a4104cf631e5a3586981386b43dc2e,False,-24.999984,Up,0.48,v1,HOLD,btc_5m_v1,0,True,1,False,1,False,1,False
1779373022889067,2026-05-21 14:17:02.889067,poly_updown_btc_5m_momo_HOLD_f7,True,btc_5m_momo_HOLD,BTC,5m,DOWN,0x025b89c2c7030f146ea1ce694f01730e62a4104cf631e5a3586981386b43dc2e,False,-24.999984,Up,0.48,v1,HOLD,btc_5m_v1,0,True,1,False,1,False,1,False
1779373022904564,2026-05-21 14:17:02.904564,poly_updown_sol_5m_momo_HEDGE_f7,True,sol_5m_momo_HEDGE,SOL,5m,DOWN,0x8f9e0ea257cda1aa78b395412104fd57091f916b825f3962c254ee91f3f4179b,False,-25.508988,Up,0.52038343846135,v1,HEDGE,sol_5m_v1,0,True,2,False,1,False,1,False
1779373022904564,2026-05-21 14:17:02.904564,poly_updown_sol_5m_momo_HEDGE_f7,True,sol_5m_momo_HEDGE,SOL,5m,DOWN,0x8f9e0ea257cda1aa78b395412104fd57091f916b825f3962c254ee91f3f4179b,False,-25.849,Up,0.51698,v1,HEDGE,sol_5m_v1,0,True,2,False,1,False,1,False
1779373022905652,2026-05-21 14:17:02.905652,poly_updown_btc_5m_momo_HEDGE_f7,True,btc_5m_momo_HEDGE,BTC,5m,DOWN,0x025b89c2c7030f146ea1ce694f01730e62a4104cf631e5a3586981386b43dc2e,False,-24.999984,Up,0.48,v1,HEDGE,btc_5m_v1,0,True,1,False,1,False,1,False
1779373022905652,2026-05-21 14:17:02.905652,poly_updown_btc_5m_momo_HEDGE_f7,True,btc_5m_momo_HEDGE,BTC,5m,DOWN,0x025b89c2c7030f146ea1ce694f01730e62a4104cf631e5a3586981386b43dc2e,False,-24.999984,Up,0.48,v1,HEDGE,btc_5m_v1,0,True,1,False,1,False,1,False
1779373022939247,2026-05-21 14:17:02.939247,poly_updown_eth_5m_momo_HEDGE_f7,True,eth_5m_momo_HEDGE,ETH,5m,DOWN,0x6e447f9d83471182758fdf8566456fefa394cfbf094bb805e9b0599fab6f0120,False,-25.0,Up,0.5,v1,HEDGE,eth_5m_v1,0,True,2,False,1,False,1,False
1779373023079471,2026-05-21 14:17:03.079471,poly_updown_sol_5m_momo_SELL_f7,True,sol_5m_momo_SELL,SOL,5m,DOWN,0x8f9e0ea257cda1aa78b395412104fd57091f916b825f3962c254ee91f3f4179b,False,-25.849,Up,0.51698,v1,SELL,sol_5m_v1,0,True,2,False,1,False,1,False
1779373023079471,2026-05-21 14:17:03.079471,poly_updown_sol_5m_momo_SELL_f7,True,sol_5m_momo_SELL,SOL,5m,DOWN,0x8f9e0ea257cda1aa78b395412104fd57091f916b825f3962c254ee91f3f4179b,False,-25.508988,Up,0.52038343846135,v1,SELL,sol_5m_v1,0,True,2,False,1,False,1,False
1779373023234628,2026-05-21 14:17:03.234628,poly_updown_sol_5m_momo_HOLD_f7,True,sol_5m_momo_HOLD,SOL,5m,DOWN,0x8f9e0ea257cda1aa78b395412104fd57091f916b825f3962c254ee91f3f4179b,False,-25.849,Up,0.51698,v1,HOLD,sol_5m_v1,0,True,2,False,1,False,1,False
1779373023234628,2026-05-21 14:17:03.234628,poly_updown_sol_5m_momo_HOLD_f7,True,sol_5m_momo_HOLD,SOL,5m,DOWN,0x8f9e0ea257cda1aa78b395412104fd57091f916b825f3962c254ee91f3f4179b,False,-25.508988,Up,0.52038343846135,v1,HOLD,sol_5m_v1,0,True,2,False,1,False,1,False
1779373023255567,2026-05-21 14:17:03.255567,poly_updown_eth_5m_momo_SELL_f7,True,eth_5m_momo_SELL,ETH,5m,DOWN,0x6e447f9d83471182758fdf8566456fefa394cfbf094bb805e9b0599fab6f0120,False,-25.0,Up,0.5,v1,SELL,eth_5m_v1,0,True,2,False,1,False,1,False
1779373023258196,2026-05-21 14:17:03.258196,poly_updown_btc_5m_momo_SELL_f7,True,btc_5m_momo_SELL,BTC,5m,DOWN,0x025b89c2c7030f146ea1ce694f01730e62a4104cf631e5a3586981386b43dc2e,False,-24.999984,Up,0.48,v1,SELL,btc_5m_v1,0,True,1,False,1,False,1,False
1779373023258196,2026-05-21 14:17:03.258196,poly_updown_btc_5m_momo_SELL_f7,True,btc_5m_momo_SELL,BTC,5m,DOWN,0x025b89c2c7030f146ea1ce694f01730e62a4104cf631e5a3586981386b43dc2e,False,-24.999984,Up,0.48,v1,SELL,btc_5m_v1,0,True,1,False,1,False,1,False
1779373023561324,2026-05-21 14:17:03.561324,poly_updown_btc_15m_momo_HEDGE_f7,True,btc_15m_momo_HEDGE,BTC,15m,DOWN,0x991c3a3f837c2fe1587437f27fb5b19015632b1dff40f3068fbf1560a1ade320,True,24.5,Down,0.5,v1,HEDGE,btc_15m_v1,0,True,1,False,1,False,1,False
1779373023561324,2026-05-21 14:17:03.561324,poly_updown_btc_15m_momo_HEDGE_f7,True,btc_15m_momo_HEDGE,BTC,15m,DOWN,0x991c3a3f837c2fe1587437f27fb5b19015632b1dff40f3068fbf1560a1ade320,True,24.5,Down,0.5,v1,HEDGE,btc_15m_v1,0,True,1,False,1,False,1,False
1779373023582586,2026-05-21 14:17:03.582586,poly_updown_btc_15m_momo_HOLD_f7,True,btc_15m_momo_HOLD,BTC,15m,DOWN,0x991c3a3f837c2fe1587437f27fb5b19015632b1dff40f3068fbf1560a1ade320,True,24.5,Down,0.5,v1,HOLD,btc_15m_v1,0,True,1,False,1,False,1,False
1779373023582586,2026-05-21 14:17:03.582586,poly_updown_btc_15m_momo_HOLD_f7,True,btc_15m_momo_HOLD,BTC,15m,DOWN,0x991c3a3f837c2fe1587437f27fb5b19015632b1dff40f3068fbf1560a1ade320,True,24.5,Down,0.5,v1,HOLD,btc_15m_v1,0,True,1,False,1,False,1,False
1779373023583547,2026-05-21 14:17:03.583547,poly_updown_btc_15m_momo_SELL_f7,True,btc_15m_momo_SELL,BTC,15m,DOWN,0x991c3a3f837c2fe1587437f27fb5b19015632b1dff40f3068fbf1560a1ade320,True,24.5,Down,0.5,v1,SELL,btc_15m_v1,0,True,1,False,1,False,1,False
1779373023583547,2026-05-21 14:17:03.583547,poly_updown_btc_15m_momo_SELL_f7,True,btc_15m_momo_SELL,BTC,15m,DOWN,0x991c3a3f837c2fe1587437f27fb5b19015632b1dff40f3068fbf1560a1ade320,True,24.5,Down,0.5,v1,SELL,btc_15m_v1,0,True,1,False,1,False,1,False
1779373026906775,2026-05-21 14:17:06.906775,poly_updown_btc_5m_momo_HEDGE_f7,True,btc_5m_momo_HEDGE,BTC,5m,DOWN,0x025b89c2c7030f146ea1ce694f01730e62a4104cf631e5a3586981386b43dc2e,False,-24.999984,Up,0.48,v1,HEDGE,btc_5m_v1,0,True,1,False,1,False,1,False
1779373026906775,2026-05-21 14:17:06.906775,poly_updown_btc_5m_momo_HEDGE_f7,True,btc_5m_momo_HEDGE,BTC,5m,DOWN,0x025b89c2c7030f146ea1ce694f01730e62a4104cf631e5a3586981386b43dc2e,False,-24.999984,Up,0.48,v1,HEDGE,btc_5m_v1,0,True,1,False,1,False,1,False
1779373026908211,2026-05-21 14:17:06.908211,poly_updown_btc_5m_momo_HOLD_f7,True,btc_5m_momo_HOLD,BTC,5m,DOWN,0x025b89c2c7030f146ea1ce694f01730e62a4104cf631e5a3586981386b43dc2e,False,-24.999984,Up,0.48,v1,HOLD,btc_5m_v1,0,True,1,False,1,False,1,False
1779373026908211,2026-05-21 14:17:06.908211,poly_updown_btc_5m_momo_HOLD_f7,True,btc_5m_momo_HOLD,BTC,5m,DOWN,0x025b89c2c7030f146ea1ce694f01730e62a4104cf631e5a3586981386b43dc2e,False,-24.999984,Up,0.48,v1,HOLD,btc_5m_v1,0,True,1,False,1,False,1,False
1779373026908375,2026-05-21 14:17:06.908375,poly_updown_sol_5m_momo_HEDGE_f7,True,sol_5m_momo_HEDGE,SOL,5m,DOWN,0x8f9e0ea257cda1aa78b395412104fd57091f916b825f3962c254ee91f3f4179b,False,-25.508988,Up,0.52038343846135,v1,HEDGE,sol_5m_v1,0,True,2,False,1,False,1,False
1779373026908375,2026-05-21 14:17:06.908375,poly_updown_sol_5m_momo_HEDGE_f7,True,sol_5m_momo_HEDGE,SOL,5m,DOWN,0x8f9e0ea257cda1aa78b395412104fd57091f916b825f3962c254ee91f3f4179b,False,-25.849,Up,0.51698,v1,HEDGE,sol_5m_v1,0,True,2,False,1,False,1,False
1779373026913065,2026-05-21 14:17:06.913065,poly_updown_sol_5m_momo_HOLD_f7,True,sol_5m_momo_HOLD,SOL,5m,DOWN,0x8f9e0ea257cda1aa78b395412104fd57091f916b825f3962c254ee91f3f4179b,False,-25.849,Up,0.51698,v1,HOLD,sol_5m_v1,0,True,2,False,1,False,1,False
1779373026913065,2026-05-21 14:17:06.913065,poly_updown_sol_5m_momo_HOLD_f7,True,sol_5m_momo_HOLD,SOL,5m,DOWN,0x8f9e0ea257cda1aa78b395412104fd57091f916b825f3962c254ee91f3f4179b,False,-25.508988,Up,0.52038343846135,v1,HOLD,sol_5m_v1,0,True,2,False,1,False,1,False
1779373026955613,2026-05-21 14:17:06.955613,poly_updown_sol_5m_momo_SELL_f7,True,sol_5m_momo_SELL,SOL,5m,DOWN,0x8f9e0ea257cda1aa78b395412104fd57091f916b825f3962c254ee91f3f4179b,False,-25.849,Up,0.51698,v1,SELL,sol_5m_v1,0,True,2,False,1,False,1,False
1779373026955613,2026-05-21 14:17:06.955613,poly_updown_sol_5m_momo_SELL_f7,True,sol_5m_momo_SELL,SOL,5m,DOWN,0x8f9e0ea257cda1aa78b395412104fd57091f916b825f3962c254ee91f3f4179b,False,-25.508988,Up,0.52038343846135,v1,SELL,sol_5m_v1,0,True,2,False,1,False,1,False
1779373026962735,2026-05-21 14:17:06.962735,poly_updown_btc_5m_momo_SELL_f7,True,btc_5m_momo_SELL,BTC,5m,DOWN,0x025b89c2c7030f146ea1ce694f01730e62a4104cf631e5a3586981386b43dc2e,False,-24.999984,Up,0.48,v1,SELL,btc_5m_v1,0,True,1,False,1,False,1,False
1779373026962735,2026-05-21 14:17:06.962735,poly_updown_btc_5m_momo_SELL_f7,True,btc_5m_momo_SELL,BTC,5m,DOWN,0x025b89c2c7030f146ea1ce694f01730e62a4104cf631e5a3586981386b43dc2e,False,-24.999984,Up,0.48,v1,SELL,btc_5m_v1,0,True,1,False,1,False,1,False
1779373027159491,2026-05-21 14:17:07.159491,poly_updown_btc_15m_momo_SELL_f7,True,btc_15m_momo_SELL,BTC,15m,DOWN,0x991c3a3f837c2fe1587437f27fb5b19015632b1dff40f3068fbf1560a1ade320,True,24.5,Down,0.5,v1,SELL,btc_15m_v1,0,True,1,False,1,False,1,False
1779373027159491,2026-05-21 14:17:07.159491,poly_updown_btc_15m_momo_SELL_f7,True,btc_15m_momo_SELL,BTC,15m,DOWN,0x991c3a3f837c2fe1587437f27fb5b19015632b1dff40f3068fbf1560a1ade320,True,24.5,Down,0.5,v1,SELL,btc_15m_v1,0,True,1,False,1,False,1,False
1779373027175203,2026-05-21 14:17:07.175203,poly_updown_btc_15m_momo_HEDGE_f7,True,btc_15m_momo_HEDGE,BTC,15m,DOWN,0x991c3a3f837c2fe1587437f27fb5b19015632b1dff40f3068fbf1560a1ade320,True,24.5,Down,0.5,v1,HEDGE,btc_15m_v1,0,True,1,False,1,False,1,False
1779373027175203,2026-05-21 14:17:07.175203,poly_updown_btc_15m_momo_HEDGE_f7,True,btc_15m_momo_HEDGE,BTC,15m,DOWN,0x991c3a3f837c2fe1587437f27fb5b19015632b1dff40f3068fbf1560a1ade320,True,24.5,Down,0.5,v1,HEDGE,btc_15m_v1,0,True,1,False,1,False,1,False
1779373027194153,2026-05-21 14:17:07.194153,poly_updown_btc_15m_momo_HOLD_f7,True,btc_15m_momo_HOLD,BTC,15m,DOWN,0x991c3a3f837c2fe1587437f27fb5b19015632b1dff40f3068fbf1560a1ade320,True,24.5,Down,0.5,v1,HOLD,btc_15m_v1,0,True,1,False,1,False,1,False
1779373027194153,2026-05-21 14:17:07.194153,poly_updown_btc_15m_momo_HOLD_f7,True,btc_15m_momo_HOLD,BTC,15m,DOWN,0x991c3a3f837c2fe1587437f27fb5b19015632b1dff40f3068fbf1560a1ade320,True,24.5,Down,0.5,v1,HOLD,btc_15m_v1,0,True,1,False,1,False,1,False
1779373201034212,2026-05-21 14:20:01.034212,poly_updown_btc_5m_sniper,False,btc_5m_sniper,BTC,5m,DOWN,0x735bf7d59b6b578b30022bc45a198650882fe9746760d0d6ed230049bc5ba29a,False,-24.999996,Up,0.49,v1,sniper,btc_5m_v1,0,True,0,True,1,False,1,False
1779373201034212,2026-05-21 14:20:01.034212,poly_updown_btc_5m_sniper,False,btc_5m_sniper,BTC,5m,DOWN,0x735bf7d59b6b578b30022bc45a198650882fe9746760d0d6ed230049bc5ba29a,False,-24.999996,Up,0.49,v1,sniper,btc_5m_v1,0,True,0,True,1,False,1,False
1779373209382207,2026-05-21 14:20:09.382207,poly_updown_btc_5m_sniper,False,btc_5m_sniper,BTC,5m,DOWN,0x735bf7d59b6b578b30022bc45a198650882fe9746760d0d6ed230049bc5ba29a,False,-24.999996,Up,0.49,v1,sniper,btc_5m_v1,0,True,0,True,1,False,1,False
1779373209382207,2026-05-21 14:20:09.382207,poly_updown_btc_5m_sniper,False,btc_5m_sniper,BTC,5m,DOWN,0x735bf7d59b6b578b30022bc45a198650882fe9746760d0d6ed230049bc5ba29a,False,-24.999996,Up,0.49,v1,sniper,btc_5m_v1,0,True,0,True,1,False,1,False
1779373209710801,2026-05-21 14:20:09.710801,poly_updown_sol_5m_sniper_INV,False,sol_5m_sniper_INV,SOL,5m,UP,0x322d045e2650b0d495a19595f915a56296c2ac487a62bdd1097d23914e8d8827,True,23.37447,Up,0.52297,v1,INV,sol_5m_v1,0,False,1,False,1,False,1,False
1779373209805175,2026-05-21 14:20:09.805175,poly_updown_sol_5m_sniper,False,sol_5m_sniper,SOL,5m,DOWN,0x322d045e2650b0d495a19595f915a56296c2ac487a62bdd1097d23914e8d8827,False,-25.579388,Up,0.5218195986911357,v1,sniper,sol_5m_v1,0,True,1,False,1,False,1,False
1779373262067660,2026-05-21 14:21:02.067660,poly_updown_eth_5m_momo_v2_SELL_f7,True,eth_5m_momo_v2_SELL,ETH,5m,DOWN,0x512d3cdb002d9ffc504df4073c97b2c7df85c05bde225d7f4fb16fb73d6291a2,False,-2.45098,exited_at_bid,0.51,v2,SELL,eth_5m_v2,0,True,1,False,0,True,1,False
1779373262067660,2026-05-21 14:21:02.067660,poly_updown_eth_5m_momo_v2_SELL_f7,True,eth_5m_momo_v2_SELL,ETH,5m,DOWN,0x512d3cdb002d9ffc504df4073c97b2c7df85c05bde225d7f4fb16fb73d6291a2,False,-1.960784,exited_at_bid,0.51,v2,SELL,eth_5m_v2,0,True,1,False,0,True,1,False
1779373262067660,2026-05-21 14:21:02.067660,poly_updown_eth_5m_momo_v2_SELL_f7,True,eth_5m_momo_v2_SELL,ETH,5m,DOWN,0x512d3cdb002d9ffc504df4073c97b2c7df85c05bde225d7f4fb16fb73d6291a2,False,-2.45098,exited_at_bid,0.51,v2,SELL,eth_5m_v2,0,True,1,False,0,True,1,False
1779373262067660,2026-05-21 14:21:02.067660,poly_updown_eth_5m_momo_v2_SELL_f7,True,eth_5m_momo_v2_SELL,ETH,5m,DOWN,0x512d3cdb002d9ffc504df4073c97b2c7df85c05bde225d7f4fb16fb73d6291a2,False,-1.960784,exited_at_bid,0.51,v2,SELL,eth_5m_v2,0,True,1,False,0,True,1,False
1779373262071571,2026-05-21 14:21:02.071571,poly_updown_btc_5m_momo_v2_SELL_f7,True,btc_5m_momo_v2_SELL,BTC,5m,DOWN,0x735bf7d59b6b578b30022bc45a198650882fe9746760d0d6ed230049bc5ba29a,False,-6.632652,exited_at_bid,0.49,v2,SELL,btc_5m_v2,0,True,0,True,0,True,1,False
1779373262071571,2026-05-21 14:21:02.071571,poly_updown_btc_5m_momo_v2_SELL_f7,True,btc_5m_momo_v2_SELL,BTC,5m,DOWN,0x735bf7d59b6b578b30022bc45a198650882fe9746760d0d6ed230049bc5ba29a,False,-6.632652,exited_at_bid,0.49,v2,SELL,btc_5m_v2,0,True,0,True,0,True,1,False
1779373262090964,2026-05-21 14:21:02.090964,poly_updown_eth_5m_momo_v2_HEDGE_f7,True,eth_5m_momo_v2_HEDGE,ETH,5m,DOWN,0x512d3cdb002d9ffc504df4073c97b2c7df85c05bde225d7f4fb16fb73d6291a2,False,-2.42156824,Up,0.51,v2,HEDGE,eth_5m_v2,0,True,1,False,0,True,1,False
1779373262090964,2026-05-21 14:21:02.090964,poly_updown_eth_5m_momo_v2_HEDGE_f7,True,eth_5m_momo_v2_HEDGE,ETH,5m,DOWN,0x512d3cdb002d9ffc504df4073c97b2c7df85c05bde225d7f4fb16fb73d6291a2,False,-3.86274448,Up,0.51,v2,HEDGE,eth_5m_v2,0,True,1,False,0,True,1,False
1779373262090964,2026-05-21 14:21:02.090964,poly_updown_eth_5m_momo_v2_HEDGE_f7,True,eth_5m_momo_v2_HEDGE,ETH,5m,DOWN,0x512d3cdb002d9ffc504df4073c97b2c7df85c05bde225d7f4fb16fb73d6291a2,False,-2.42156824,Up,0.51,v2,HEDGE,eth_5m_v2,0,True,1,False,0,True,1,False
1779373262090964,2026-05-21 14:21:02.090964,poly_updown_eth_5m_momo_v2_HEDGE_f7,True,eth_5m_momo_v2_HEDGE,ETH,5m,DOWN,0x512d3cdb002d9ffc504df4073c97b2c7df85c05bde225d7f4fb16fb73d6291a2,False,-3.86274448,Up,0.51,v2,HEDGE,eth_5m_v2,0,True,1,False,0,True,1,False
1779373262091905,2026-05-21 14:21:02.091905,poly_updown_btc_5m_momo_v2_HEDGE_f7,True,btc_5m_momo_v2_HEDGE,BTC,5m,DOWN,0x735bf7d59b6b578b30022bc45a198650882fe9746760d0d6ed230049bc5ba29a,False,-7.99999872,Up,0.49,v2,HEDGE,btc_5m_v2,0,True,0,True,0,True,1,False
1779373262091905,2026-05-21 14:21:02.091905,poly_updown_btc_5m_momo_v2_HEDGE_f7,True,btc_5m_momo_v2_HEDGE,BTC,5m,DOWN,0x735bf7d59b6b578b30022bc45a198650882fe9746760d0d6ed230049bc5ba29a,False,-6.99999888,Up,0.49,v2,HEDGE,btc_5m_v2,0,True,0,True,0,True,1,False
1779373262091905,2026-05-21 14:21:02.091905,poly_updown_btc_5m_momo_v2_HEDGE_f7,True,btc_5m_momo_v2_HEDGE,BTC,5m,DOWN,0x735bf7d59b6b578b30022bc45a198650882fe9746760d0d6ed230049bc5ba29a,False,-6.99999888,Up,0.49,v2,HEDGE,btc_5m_v2,0,True,0,True,0,True,1,False
1779373262091905,2026-05-21 14:21:02.091905,poly_updown_btc_5m_momo_v2_HEDGE_f7,True,btc_5m_momo_v2_HEDGE,BTC,5m,DOWN,0x735bf7d59b6b578b30022bc45a198650882fe9746760d0d6ed230049bc5ba29a,False,-7.99999872,Up,0.49,v2,HEDGE,btc_5m_v2,0,True,0,True,0,True,1,False
1779373262111148,2026-05-21 14:21:02.111148,poly_updown_eth_5m_momo_v2_HOLD_f7,True,eth_5m_momo_v2_HOLD,ETH,5m,DOWN,0x512d3cdb002d9ffc504df4073c97b2c7df85c05bde225d7f4fb16fb73d6291a2,False,-24.999996,Up,0.51,v2,HOLD,eth_5m_v2,0,True,1,False,0,True,1,False
1779373262111148,2026-05-21 14:21:02.111148,poly_updown_eth_5m_momo_v2_HOLD_f7,True,eth_5m_momo_v2_HOLD,ETH,5m,DOWN,0x512d3cdb002d9ffc504df4073c97b2c7df85c05bde225d7f4fb16fb73d6291a2,False,-24.999996,Up,0.51,v2,HOLD,eth_5m_v2,0,True,1,False,0,True,1,False
1779373262252543,2026-05-21 14:21:02.252543,poly_updown_btc_5m_momo_v2_HOLD_f7,True,btc_5m_momo_v2_HOLD,BTC,5m,DOWN,0x735bf7d59b6b578b30022bc45a198650882fe9746760d0d6ed230049bc5ba29a,False,-24.999996,Up,0.49,v2,HOLD,btc_5m_v2,0,True,0,True,0,True,1,False
1779373262252543,2026-05-21 14:21:02.252543,poly_updown_btc_5m_momo_v2_HOLD_f7,True,btc_5m_momo_v2_HOLD,BTC,5m,DOWN,0x735bf7d59b6b578b30022bc45a198650882fe9746760d0d6ed230049bc5ba29a,False,-24.999996,Up,0.49,v2,HOLD,btc_5m_v2,0,True,0,True,0,True,1,False
1779373263141918,2026-05-21 14:21:03.141918,poly_updown_btc_5m_momo_v2_HOLD_f7,True,btc_5m_momo_v2_HOLD,BTC,5m,DOWN,0x735bf7d59b6b578b30022bc45a198650882fe9746760d0d6ed230049bc5ba29a,False,-24.999996,Up,0.49,v2,HOLD,btc_5m_v2,0,True,0,True,0,True,1,False
1779373263141918,2026-05-21 14:21:03.141918,poly_updown_btc_5m_momo_v2_HOLD_f7,True,btc_5m_momo_v2_HOLD,BTC,5m,DOWN,0x735bf7d59b6b578b30022bc45a198650882fe9746760d0d6ed230049bc5ba29a,False,-24.999996,Up,0.49,v2,HOLD,btc_5m_v2,0,True,0,True,0,True,1,False
1779373263143886,2026-05-21 14:21:03.143886,poly_updown_eth_5m_momo_v2_HEDGE_f7,True,eth_5m_momo_v2_HEDGE,ETH,5m,DOWN,0x512d3cdb002d9ffc504df4073c97b2c7df85c05bde225d7f4fb16fb73d6291a2,False,-2.42156824,Up,0.51,v2,HEDGE,eth_5m_v2,0,True,1,False,0,True,1,False
1779373263143886,2026-05-21 14:21:03.143886,poly_updown_eth_5m_momo_v2_HEDGE_f7,True,eth_5m_momo_v2_HEDGE,ETH,5m,DOWN,0x512d3cdb002d9ffc504df4073c97b2c7df85c05bde225d7f4fb16fb73d6291a2,False,-3.86274448,Up,0.51,v2,HEDGE,eth_5m_v2,0,True,1,False,0,True,1,False
1779373263143886,2026-05-21 14:21:03.143886,poly_updown_eth_5m_momo_v2_HEDGE_f7,True,eth_5m_momo_v2_HEDGE,ETH,5m,DOWN,0x512d3cdb002d9ffc504df4073c97b2c7df85c05bde225d7f4fb16fb73d6291a2,False,-2.42156824,Up,0.51,v2,HEDGE,eth_5m_v2,0,True,1,False,0,True,1,False
1779373263143886,2026-05-21 14:21:03.143886,poly_updown_eth_5m_momo_v2_HEDGE_f7,True,eth_5m_momo_v2_HEDGE,ETH,5m,DOWN,0x512d3cdb002d9ffc504df4073c97b2c7df85c05bde225d7f4fb16fb73d6291a2,False,-3.86274448,Up,0.51,v2,HEDGE,eth_5m_v2,0,True,1,False,0,True,1,False
1779373263144817,2026-05-21 14:21:03.144817,poly_updown_eth_5m_momo_v2_SELL_f7,True,eth_5m_momo_v2_SELL,ETH,5m,DOWN,0x512d3cdb002d9ffc504df4073c97b2c7df85c05bde225d7f4fb16fb73d6291a2,False,-2.45098,exited_at_bid,0.51,v2,SELL,eth_5m_v2,0,True,1,False,0,True,1,False
1779373263144817,2026-05-21 14:21:03.144817,poly_updown_eth_5m_momo_v2_SELL_f7,True,eth_5m_momo_v2_SELL,ETH,5m,DOWN,0x512d3cdb002d9ffc504df4073c97b2c7df85c05bde225d7f4fb16fb73d6291a2,False,-1.960784,exited_at_bid,0.51,v2,SELL,eth_5m_v2,0,True,1,False,0,True,1,False
1779373263144817,2026-05-21 14:21:03.144817,poly_updown_eth_5m_momo_v2_SELL_f7,True,eth_5m_momo_v2_SELL,ETH,5m,DOWN,0x512d3cdb002d9ffc504df4073c97b2c7df85c05bde225d7f4fb16fb73d6291a2,False,-2.45098,exited_at_bid,0.51,v2,SELL,eth_5m_v2,0,True,1,False,0,True,1,False
1779373263144817,2026-05-21 14:21:03.144817,poly_updown_eth_5m_momo_v2_SELL_f7,True,eth_5m_momo_v2_SELL,ETH,5m,DOWN,0x512d3cdb002d9ffc504df4073c97b2c7df85c05bde225d7f4fb16fb73d6291a2,False,-1.960784,exited_at_bid,0.51,v2,SELL,eth_5m_v2,0,True,1,False,0,True,1,False
1779373263153773,2026-05-21 14:21:03.153773,poly_updown_btc_5m_momo_v2_SELL_f7,True,btc_5m_momo_v2_SELL,BTC,5m,DOWN,0x735bf7d59b6b578b30022bc45a198650882fe9746760d0d6ed230049bc5ba29a,False,-6.632652,exited_at_bid,0.49,v2,SELL,btc_5m_v2,0,True,0,True,0,True,1,False
1779373263153773,2026-05-21 14:21:03.153773,poly_updown_btc_5m_momo_v2_SELL_f7,True,btc_5m_momo_v2_SELL,BTC,5m,DOWN,0x735bf7d59b6b578b30022bc45a198650882fe9746760d0d6ed230049bc5ba29a,False,-6.632652,exited_at_bid,0.49,v2,SELL,btc_5m_v2,0,True,0,True,0,True,1,False
1779373263172371,2026-05-21 14:21:03.172371,poly_updown_btc_5m_momo_v2_HEDGE_f7,True,btc_5m_momo_v2_HEDGE,BTC,5m,DOWN,0x735bf7d59b6b578b30022bc45a198650882fe9746760d0d6ed230049bc5ba29a,False,-7.99999872,Up,0.49,v2,HEDGE,btc_5m_v2,0,True,0,True,0,True,1,False
1779373263172371,2026-05-21 14:21:03.172371,poly_updown_btc_5m_momo_v2_HEDGE_f7,True,btc_5m_momo_v2_HEDGE,BTC,5m,DOWN,0x735bf7d59b6b578b30022bc45a198650882fe9746760d0d6ed230049bc5ba29a,False,-6.99999888,Up,0.49,v2,HEDGE,btc_5m_v2,0,True,0,True,0,True,1,False
1779373263172371,2026-05-21 14:21:03.172371,poly_updown_btc_5m_momo_v2_HEDGE_f7,True,btc_5m_momo_v2_HEDGE,BTC,5m,DOWN,0x735bf7d59b6b578b30022bc45a198650882fe9746760d0d6ed230049bc5ba29a,False,-6.99999888,Up,0.49,v2,HEDGE,btc_5m_v2,0,True,0,True,0,True,1,False
1779373263172371,2026-05-21 14:21:03.172371,poly_updown_btc_5m_momo_v2_HEDGE_f7,True,btc_5m_momo_v2_HEDGE,BTC,5m,DOWN,0x735bf7d59b6b578b30022bc45a198650882fe9746760d0d6ed230049bc5ba29a,False,-7.99999872,Up,0.49,v2,HEDGE,btc_5m_v2,0,True,0,True,0,True,1,False
1779373263215084,2026-05-21 14:21:03.215084,poly_updown_eth_5m_momo_v2_HOLD_f7,True,eth_5m_momo_v2_HOLD,ETH,5m,DOWN,0x512d3cdb002d9ffc504df4073c97b2c7df85c05bde225d7f4fb16fb73d6291a2,False,-24.999996,Up,0.51,v2,HOLD,eth_5m_v2,0,True,1,False,0,True,1,False
1779373263215084,2026-05-21 14:21:03.215084,poly_updown_eth_5m_momo_v2_HOLD_f7,True,eth_5m_momo_v2_HOLD,ETH,5m,DOWN,0x512d3cdb002d9ffc504df4073c97b2c7df85c05bde225d7f4fb16fb73d6291a2,False,-24.999996,Up,0.51,v2,HOLD,eth_5m_v2,0,True,1,False,0,True,1,False
1779373801928381,2026-05-21 14:30:01.928381,poly_updown_btc_15m_sniper,False,btc_15m_sniper,BTC,15m,UP,0xfac768f1382e2782495c74f00d380d7b99ace2be9189b2c4c811e7bff54bcd90,False,-0.980392,Down,0.51,v1,sniper,btc_15m_v1,0,False,0,False,1,False,1,False
1779373801928381,2026-05-21 14:30:01.928381,poly_updown_btc_15m_sniper,False,btc_15m_sniper,BTC,15m,UP,0xfac768f1382e2782495c74f00d380d7b99ace2be9189b2c4c811e7bff54bcd90,False,-0.980392,Down,0.51,v1,sniper,btc_15m_v1,0,False,0,False,1,False,1,False
1779373801928381,2026-05-21 14:30:01.928381,poly_updown_btc_15m_sniper,False,btc_15m_sniper,BTC,15m,UP,0xfac768f1382e2782495c74f00d380d7b99ace2be9189b2c4c811e7bff54bcd90,False,-0.980392,Down,0.51,v1,sniper,btc_15m_v1,0,False,0,False,1,False,1,False
1779373801928381,2026-05-21 14:30:01.928381,poly_updown_btc_15m_sniper,False,btc_15m_sniper,BTC,15m,UP,0xfac768f1382e2782495c74f00d380d7b99ace2be9189b2c4c811e7bff54bcd90,False,-0.980392,Down,0.51,v1,sniper,btc_15m_v1,0,False,0,False,1,False,1,False
1779373801928381,2026-05-21 14:30:01.928381,poly_updown_btc_15m_sniper,False,btc_15m_sniper,BTC,15m,UP,0xfac768f1382e2782495c74f00d380d7b99ace2be9189b2c4c811e7bff54bcd90,False,-0.980392,Down,0.51,v1,sniper,btc_15m_v1,0,False,0,False,1,False,1,False
1779373801928381,2026-05-21 14:30:01.928381,poly_updown_btc_15m_sniper,False,btc_15m_sniper,BTC,15m,UP,0xfac768f1382e2782495c74f00d380d7b99ace2be9189b2c4c811e7bff54bcd90,False,-0.980392,Down,0.51,v1,sniper,btc_15m_v1,0,False,0,False,1,False,1,False
1779373801928381,2026-05-21 14:30:01.928381,poly_updown_btc_15m_sniper,False,btc_15m_sniper,BTC,15m,UP,0xfac768f1382e2782495c74f00d380d7b99ace2be9189b2c4c811e7bff54bcd90,False,-0.980392,Down,0.51,v1,sniper,btc_15m_v1,0,False,0,False,1,False,1,False
1779373801928381,2026-05-21 14:30:01.928381,poly_updown_btc_15m_sniper,False,btc_15m_sniper,BTC,15m,UP,0xfac768f1382e2782495c74f00d380d7b99ace2be9189b2c4c811e7bff54bcd90,False,-0.980392,Down,0.51,v1,sniper,btc_15m_v1,0,False,0,False,1,False,1,False
1779373801928892,2026-05-21 14:30:01.928892,poly_updown_eth_15m_sniper,False,eth_15m_sniper,ETH,15m,UP,0xfa3da3d154cf69a8571594f9fc9e7ccc622f595d34c52aeb228189fbfe018544,True,21.72640988,Up,0.53,v1,sniper,eth_15m_v1,0,False,1,False,1,False,1,False
1779373801928892,2026-05-21 14:30:01.928892,poly_updown_eth_15m_sniper,False,eth_15m_sniper,ETH,15m,UP,0xfa3da3d154cf69a8571594f9fc9e7ccc622f595d34c52aeb228189fbfe018544,True,21.72640988,Up,0.53,v1,sniper,eth_15m_v1,0,False,1,False,1,False,1,False
1779373801928892,2026-05-21 14:30:01.928892,poly_updown_eth_15m_sniper,False,eth_15m_sniper,ETH,15m,UP,0xfa3da3d154cf69a8571594f9fc9e7ccc622f595d34c52aeb228189fbfe018544,True,23.45081984,Up,0.5118399986943997,v1,sniper,eth_15m_v1,0,False,1,False,1,False,1,False
1779373801928892,2026-05-21 14:30:01.928892,poly_updown_eth_15m_sniper,False,eth_15m_sniper,ETH,15m,UP,0xfa3da3d154cf69a8571594f9fc9e7ccc622f595d34c52aeb228189fbfe018544,True,23.45081984,Up,0.5118399986943997,v1,sniper,eth_15m_v1,0,False,1,False,1,False,1,False
1779373808350724,2026-05-21 14:30:08.350724,poly_updown_btc_5m_v3,False,btc_5m_v3,BTC,5m,UP,0xd73ede5dbe1b8fb2ee7d1f05235b8e9e5114d2c414dba3b179b6678bef67d166,True,23.53921192,Up,0.51,v1,v3,btc_5m_v1,0,False,0,False,1,False,1,False
1779373808354478,2026-05-21 14:30:08.354478,poly_updown_btc_5m_v3_1,False,btc_5m_v3_1,BTC,5m,UP,0xd73ede5dbe1b8fb2ee7d1f05235b8e9e5114d2c414dba3b179b6678bef67d166,True,23.53921192,Up,0.51,v1,1,btc_5m_v1,0,False,0,False,1,False,1,False
1779373808355422,2026-05-21 14:30:08.355422,poly_updown_btc_5m_sniper,False,btc_5m_sniper,BTC,5m,UP,0xd73ede5dbe1b8fb2ee7d1f05235b8e9e5114d2c414dba3b179b6678bef67d166,True,23.53921192,Up,0.51,v1,sniper,btc_5m_v1,0,False,0,False,1,False,1,False
1779373809330043,2026-05-21 14:30:09.330043,poly_updown_eth_15m_sniper,False,eth_15m_sniper,ETH,15m,UP,0xfa3da3d154cf69a8571594f9fc9e7ccc622f595d34c52aeb228189fbfe018544,True,21.72640988,Up,0.53,v1,sniper,eth_15m_v1,0,False,1,False,1,False,1,False
1779373809330043,2026-05-21 14:30:09.330043,poly_updown_eth_15m_sniper,False,eth_15m_sniper,ETH,15m,UP,0xfa3da3d154cf69a8571594f9fc9e7ccc622f595d34c52aeb228189fbfe018544,True,21.72640988,Up,0.53,v1,sniper,eth_15m_v1,0,False,1,False,1,False,1,False
1779373809330043,2026-05-21 14:30:09.330043,poly_updown_eth_15m_sniper,False,eth_15m_sniper,ETH,15m,UP,0xfa3da3d154cf69a8571594f9fc9e7ccc622f595d34c52aeb228189fbfe018544,True,23.45081984,Up,0.5118399986943997,v1,sniper,eth_15m_v1,0,False,1,False,1,False,1,False
1779373809330043,2026-05-21 14:30:09.330043,poly_updown_eth_15m_sniper,False,eth_15m_sniper,ETH,15m,UP,0xfa3da3d154cf69a8571594f9fc9e7ccc622f595d34c52aeb228189fbfe018544,True,23.45081984,Up,0.5118399986943997,v1,sniper,eth_15m_v1,0,False,1,False,1,False,1,False
1779373809391695,2026-05-21 14:30:09.391695,poly_updown_btc_15m_sniper,False,btc_15m_sniper,BTC,15m,UP,0xfac768f1382e2782495c74f00d380d7b99ace2be9189b2c4c811e7bff54bcd90,False,-0.980392,Down,0.51,v1,sniper,btc_15m_v1,0,False,0,False,1,False,1,False
1779373809391695,2026-05-21 14:30:09.391695,poly_updown_btc_15m_sniper,False,btc_15m_sniper,BTC,15m,UP,0xfac768f1382e2782495c74f00d380d7b99ace2be9189b2c4c811e7bff54bcd90,False,-0.980392,Down,0.51,v1,sniper,btc_15m_v1,0,False,0,False,1,False,1,False
1779373809391695,2026-05-21 14:30:09.391695,poly_updown_btc_15m_sniper,False,btc_15m_sniper,BTC,15m,UP,0xfac768f1382e2782495c74f00d380d7b99ace2be9189b2c4c811e7bff54bcd90,False,-0.980392,Down,0.51,v1,sniper,btc_15m_v1,0,False,0,False,1,False,1,False
1779373809391695,2026-05-21 14:30:09.391695,poly_updown_btc_15m_sniper,False,btc_15m_sniper,BTC,15m,UP,0xfac768f1382e2782495c74f00d380d7b99ace2be9189b2c4c811e7bff54bcd90,False,-0.980392,Down,0.51,v1,sniper,btc_15m_v1,0,False,0,False,1,False,1,False
1779373809391695,2026-05-21 14:30:09.391695,poly_updown_btc_15m_sniper,False,btc_15m_sniper,BTC,15m,UP,0xfac768f1382e2782495c74f00d380d7b99ace2be9189b2c4c811e7bff54bcd90,False,-0.980392,Down,0.51,v1,sniper,btc_15m_v1,0,False,0,False,1,False,1,False
1779373809391695,2026-05-21 14:30:09.391695,poly_updown_btc_15m_sniper,False,btc_15m_sniper,BTC,15m,UP,0xfac768f1382e2782495c74f00d380d7b99ace2be9189b2c4c811e7bff54bcd90,False,-0.980392,Down,0.51,v1,sniper,btc_15m_v1,0,False,0,False,1,False,1,False
1779373809391695,2026-05-21 14:30:09.391695,poly_updown_btc_15m_sniper,False,btc_15m_sniper,BTC,15m,UP,0xfac768f1382e2782495c74f00d380d7b99ace2be9189b2c4c811e7bff54bcd90,False,-0.980392,Down,0.51,v1,sniper,btc_15m_v1,0,False,0,False,1,False,1,False
1779373809391695,2026-05-21 14:30:09.391695,poly_updown_btc_15m_sniper,False,btc_15m_sniper,BTC,15m,UP,0xfac768f1382e2782495c74f00d380d7b99ace2be9189b2c4c811e7bff54bcd90,False,-0.980392,Down,0.51,v1,sniper,btc_15m_v1,0,False,0,False,1,False,1,False
1779373864306530,2026-05-21 14:31:04.306530,poly_updown_btc_5m_momo_v2_HOLD_f7,True,btc_5m_momo_v2_HOLD,BTC,5m,UP,0xd73ede5dbe1b8fb2ee7d1f05235b8e9e5114d2c414dba3b179b6678bef67d166,True,23.53921192,Up,0.51,v2,HOLD,btc_5m_v2,1,False,0,False,1,False,1,False
1779373864306530,2026-05-21 14:31:04.306530,poly_updown_btc_5m_momo_v2_HOLD_f7,True,btc_5m_momo_v2_HOLD,BTC,5m,UP,0xd73ede5dbe1b8fb2ee7d1f05235b8e9e5114d2c414dba3b179b6678bef67d166,True,23.53921192,Up,0.51,v2,HOLD,btc_5m_v2,1,False,0,False,1,False,1,False
1779373864308079,2026-05-21 14:31:04.308079,poly_updown_eth_5m_momo_v2_HOLD_f7,True,eth_5m_momo_v2_HOLD,ETH,5m,UP,0x7340da7a80eb2d00560b120cc7fef7bff82ee8775a150661cb93d6fafbccd885,True,23.53921192,Up,0.51,v2,HOLD,eth_5m_v2,2,True,1,False,1,False,1,False
1779373864309632,2026-05-21 14:31:04.309632,poly_updown_btc_5m_momo_v2_SELL_f7,True,btc_5m_momo_v2_SELL,BTC,5m,UP,0xd73ede5dbe1b8fb2ee7d1f05235b8e9e5114d2c414dba3b179b6678bef67d166,True,23.53921192,Up,0.51,v2,SELL,btc_5m_v2,1,False,0,False,1,False,1,False
1779373864309632,2026-05-21 14:31:04.309632,poly_updown_btc_5m_momo_v2_SELL_f7,True,btc_5m_momo_v2_SELL,BTC,5m,UP,0xd73ede5dbe1b8fb2ee7d1f05235b8e9e5114d2c414dba3b179b6678bef67d166,True,23.53921192,Up,0.51,v2,SELL,btc_5m_v2,1,False,0,False,1,False,1,False
1779373864310328,2026-05-21 14:31:04.310328,poly_updown_btc_5m_momo_v2_HEDGE_f7,True,btc_5m_momo_v2_HEDGE,BTC,5m,UP,0xd73ede5dbe1b8fb2ee7d1f05235b8e9e5114d2c414dba3b179b6678bef67d166,True,23.53921192,Up,0.51,v2,HEDGE,btc_5m_v2,1,False,0,False,1,False,1,False
1779373864310328,2026-05-21 14:31:04.310328,poly_updown_btc_5m_momo_v2_HEDGE_f7,True,btc_5m_momo_v2_HEDGE,BTC,5m,UP,0xd73ede5dbe1b8fb2ee7d1f05235b8e9e5114d2c414dba3b179b6678bef67d166,True,23.53921192,Up,0.51,v2,HEDGE,btc_5m_v2,1,False,0,False,1,False,1,False
1779373864310818,2026-05-21 14:31:04.310818,poly_updown_eth_5m_momo_v2_HEDGE_f7,True,eth_5m_momo_v2_HEDGE,ETH,5m,UP,0x7340da7a80eb2d00560b120cc7fef7bff82ee8775a150661cb93d6fafbccd885,True,23.53921192,Up,0.51,v2,HEDGE,eth_5m_v2,2,True,1,False,1,False,1,False
1779373864335182,2026-05-21 14:31:04.335182,poly_updown_eth_5m_momo_v2_SELL_f7,True,eth_5m_momo_v2_SELL,ETH,5m,UP,0x7340da7a80eb2d00560b120cc7fef7bff82ee8775a150661cb93d6fafbccd885,True,23.53921192,Up,0.51,v2,SELL,eth_5m_v2,2,True,1,False,1,False,1,False
1779373864517294,2026-05-21 14:31:04.517294,poly_updown_btc_15m_momo_v2_HOLD_f7,True,btc_15m_momo_v2_HOLD,BTC,15m,UP,0xfac768f1382e2782495c74f00d380d7b99ace2be9189b2c4c811e7bff54bcd90,False,-24.999996,Down,0.51,v2,HOLD,btc_15m_v2,1,False,0,False,1,False,1,False
1779373864517294,2026-05-21 14:31:04.517294,poly_updown_btc_15m_momo_v2_HOLD_f7,True,btc_15m_momo_v2_HOLD,BTC,15m,UP,0xfac768f1382e2782495c74f00d380d7b99ace2be9189b2c4c811e7bff54bcd90,False,-24.999996,Down,0.51,v2,HOLD,btc_15m_v2,1,False,0,False,1,False,1,False
1779373864517294,2026-05-21 14:31:04.517294,poly_updown_btc_15m_momo_v2_HOLD_f7,True,btc_15m_momo_v2_HOLD,BTC,15m,UP,0xfac768f1382e2782495c74f00d380d7b99ace2be9189b2c4c811e7bff54bcd90,False,-24.999996,Down,0.51,v2,HOLD,btc_15m_v2,1,False,0,False,1,False,1,False
1779373864517294,2026-05-21 14:31:04.517294,poly_updown_btc_15m_momo_v2_HOLD_f7,True,btc_15m_momo_v2_HOLD,BTC,15m,UP,0xfac768f1382e2782495c74f00d380d7b99ace2be9189b2c4c811e7bff54bcd90,False,-24.999996,Down,0.51,v2,HOLD,btc_15m_v2,1,False,0,False,1,False,1,False
1779373864519964,2026-05-21 14:31:04.519964,poly_updown_btc_15m_momo_v2_SELL_f7,True,btc_15m_momo_v2_SELL,BTC,15m,UP,0xfac768f1382e2782495c74f00d380d7b99ace2be9189b2c4c811e7bff54bcd90,False,-0.490196,exited_at_bid,0.51,v2,SELL,btc_15m_v2,1,False,0,False,1,False,1,False
1779373864519964,2026-05-21 14:31:04.519964,poly_updown_btc_15m_momo_v2_SELL_f7,True,btc_15m_momo_v2_SELL,BTC,15m,UP,0xfac768f1382e2782495c74f00d380d7b99ace2be9189b2c4c811e7bff54bcd90,False,-0.490196,exited_at_bid,0.51,v2,SELL,btc_15m_v2,1,False,0,False,1,False,1,False
1779373864519964,2026-05-21 14:31:04.519964,poly_updown_btc_15m_momo_v2_SELL_f7,True,btc_15m_momo_v2_SELL,BTC,15m,UP,0xfac768f1382e2782495c74f00d380d7b99ace2be9189b2c4c811e7bff54bcd90,False,-0.490196,exited_at_bid,0.51,v2,SELL,btc_15m_v2,1,False,0,False,1,False,1,False
1779373864519964,2026-05-21 14:31:04.519964,poly_updown_btc_15m_momo_v2_SELL_f7,True,btc_15m_momo_v2_SELL,BTC,15m,UP,0xfac768f1382e2782495c74f00d380d7b99ace2be9189b2c4c811e7bff54bcd90,False,-0.490196,exited_at_bid,0.51,v2,SELL,btc_15m_v2,1,False,0,False,1,False,1,False
1779373864520356,2026-05-21 14:31:04.520356,poly_updown_eth_15m_momo_v2_HOLD_f7,True,eth_15m_momo_v2_HOLD,ETH,15m,UP,0xfa3da3d154cf69a8571594f9fc9e7ccc622f595d34c52aeb228189fbfe018544,True,23.53921192,Up,0.51,v2,HOLD,eth_15m_v2,2,True,1,False,1,False,1,False
1779373864520356,2026-05-21 14:31:04.520356,poly_updown_eth_15m_momo_v2_HOLD_f7,True,eth_15m_momo_v2_HOLD,ETH,15m,UP,0xfa3da3d154cf69a8571594f9fc9e7ccc622f595d34c52aeb228189fbfe018544,True,23.53921192,Up,0.51,v2,HOLD,eth_15m_v2,2,True,1,False,1,False,1,False
1779373864520356,2026-05-21 14:31:04.520356,poly_updown_eth_15m_momo_v2_HOLD_f7,True,eth_15m_momo_v2_HOLD,ETH,15m,UP,0xfa3da3d154cf69a8571594f9fc9e7ccc622f595d34c52aeb228189fbfe018544,True,23.53921192,Up,0.51,v2,HOLD,eth_15m_v2,2,True,1,False,1,False,1,False
1779373864520356,2026-05-21 14:31:04.520356,poly_updown_eth_15m_momo_v2_HOLD_f7,True,eth_15m_momo_v2_HOLD,ETH,15m,UP,0xfa3da3d154cf69a8571594f9fc9e7ccc622f595d34c52aeb228189fbfe018544,True,23.53921192,Up,0.51,v2,HOLD,eth_15m_v2,2,True,1,False,1,False,1,False
1779373864521789,2026-05-21 14:31:04.521789,poly_updown_eth_15m_momo_v2_SELL_f7,True,eth_15m_momo_v2_SELL,ETH,15m,UP,0xfa3da3d154cf69a8571594f9fc9e7ccc622f595d34c52aeb228189fbfe018544,True,23.53921192,Up,0.51,v2,SELL,eth_15m_v2,2,True,1,False,1,False,1,False
1779373864521789,2026-05-21 14:31:04.521789,poly_updown_eth_15m_momo_v2_SELL_f7,True,eth_15m_momo_v2_SELL,ETH,15m,UP,0xfa3da3d154cf69a8571594f9fc9e7ccc622f595d34c52aeb228189fbfe018544,True,23.53921192,Up,0.51,v2,SELL,eth_15m_v2,2,True,1,False,1,False,1,False
1779373864521789,2026-05-21 14:31:04.521789,poly_updown_eth_15m_momo_v2_SELL_f7,True,eth_15m_momo_v2_SELL,ETH,15m,UP,0xfa3da3d154cf69a8571594f9fc9e7ccc622f595d34c52aeb228189fbfe018544,True,23.53921192,Up,0.51,v2,SELL,eth_15m_v2,2,True,1,False,1,False,1,False
1779373864521789,2026-05-21 14:31:04.521789,poly_updown_eth_15m_momo_v2_SELL_f7,True,eth_15m_momo_v2_SELL,ETH,15m,UP,0xfa3da3d154cf69a8571594f9fc9e7ccc622f595d34c52aeb228189fbfe018544,True,23.53921192,Up,0.51,v2,SELL,eth_15m_v2,2,True,1,False,1,False,1,False
1779373864522382,2026-05-21 14:31:04.522382,poly_updown_btc_15m_momo_v2_HEDGE_f7,True,btc_15m_momo_v2_HEDGE,BTC,15m,UP,0xfac768f1382e2782495c74f00d380d7b99ace2be9189b2c4c811e7bff54bcd90,False,-0.980392,Down,0.51,v2,HEDGE,btc_15m_v2,1,False,0,False,1,False,1,False
1779373864522382,2026-05-21 14:31:04.522382,poly_updown_btc_15m_momo_v2_HEDGE_f7,True,btc_15m_momo_v2_HEDGE,BTC,15m,UP,0xfac768f1382e2782495c74f00d380d7b99ace2be9189b2c4c811e7bff54bcd90,False,-0.980392,Down,0.51,v2,HEDGE,btc_15m_v2,1,False,0,False,1,False,1,False
1779373864522382,2026-05-21 14:31:04.522382,poly_updown_btc_15m_momo_v2_HEDGE_f7,True,btc_15m_momo_v2_HEDGE,BTC,15m,UP,0xfac768f1382e2782495c74f00d380d7b99ace2be9189b2c4c811e7bff54bcd90,False,-0.980392,Down,0.51,v2,HEDGE,btc_15m_v2,1,False,0,False,1,False,1,False
1779373864522382,2026-05-21 14:31:04.522382,poly_updown_btc_15m_momo_v2_HEDGE_f7,True,btc_15m_momo_v2_HEDGE,BTC,15m,UP,0xfac768f1382e2782495c74f00d380d7b99ace2be9189b2c4c811e7bff54bcd90,False,-0.980392,Down,0.51,v2,HEDGE,btc_15m_v2,1,False,0,False,1,False,1,False
1779373864522382,2026-05-21 14:31:04.522382,poly_updown_btc_15m_momo_v2_HEDGE_f7,True,btc_15m_momo_v2_HEDGE,BTC,15m,UP,0xfac768f1382e2782495c74f00d380d7b99ace2be9189b2c4c811e7bff54bcd90,False,-0.980392,Down,0.51,v2,HEDGE,btc_15m_v2,1,False,0,False,1,False,1,False
1779373864522382,2026-05-21 14:31:04.522382,poly_updown_btc_15m_momo_v2_HEDGE_f7,True,btc_15m_momo_v2_HEDGE,BTC,15m,UP,0xfac768f1382e2782495c74f00d380d7b99ace2be9189b2c4c811e7bff54bcd90,False,-0.980392,Down,0.51,v2,HEDGE,btc_15m_v2,1,False,0,False,1,False,1,False
1779373864522382,2026-05-21 14:31:04.522382,poly_updown_btc_15m_momo_v2_HEDGE_f7,True,btc_15m_momo_v2_HEDGE,BTC,15m,UP,0xfac768f1382e2782495c74f00d380d7b99ace2be9189b2c4c811e7bff54bcd90,False,-0.980392,Down,0.51,v2,HEDGE,btc_15m_v2,1,False,0,False,1,False,1,False
1779373864522382,2026-05-21 14:31:04.522382,poly_updown_btc_15m_momo_v2_HEDGE_f7,True,btc_15m_momo_v2_HEDGE,BTC,15m,UP,0xfac768f1382e2782495c74f00d380d7b99ace2be9189b2c4c811e7bff54bcd90,False,-0.980392,Down,0.51,v2,HEDGE,btc_15m_v2,1,False,0,False,1,False,1,False
1779373864548790,2026-05-21 14:31:04.548790,poly_updown_eth_15m_momo_v2_HEDGE_f7,True,eth_15m_momo_v2_HEDGE,ETH,15m,UP,0xfa3da3d154cf69a8571594f9fc9e7ccc622f595d34c52aeb228189fbfe018544,True,23.53921192,Up,0.51,v2,HEDGE,eth_15m_v2,2,True,1,False,1,False,1,False
1779373864548790,2026-05-21 14:31:04.548790,poly_updown_eth_15m_momo_v2_HEDGE_f7,True,eth_15m_momo_v2_HEDGE,ETH,15m,UP,0xfa3da3d154cf69a8571594f9fc9e7ccc622f595d34c52aeb228189fbfe018544,True,23.53921192,Up,0.51,v2,HEDGE,eth_15m_v2,2,True,1,False,1,False,1,False
1779373864548790,2026-05-21 14:31:04.548790,poly_updown_eth_15m_momo_v2_HEDGE_f7,True,eth_15m_momo_v2_HEDGE,ETH,15m,UP,0xfa3da3d154cf69a8571594f9fc9e7ccc622f595d34c52aeb228189fbfe018544,True,23.53921192,Up,0.51,v2,HEDGE,eth_15m_v2,2,True,1,False,1,False,1,False
1779373864548790,2026-05-21 14:31:04.548790,poly_updown_eth_15m_momo_v2_HEDGE_f7,True,eth_15m_momo_v2_HEDGE,ETH,15m,UP,0xfa3da3d154cf69a8571594f9fc9e7ccc622f595d34c52aeb228189fbfe018544,True,23.53921192,Up,0.51,v2,HEDGE,eth_15m_v2,2,True,1,False,1,False,1,False
1779373870416006,2026-05-21 14:31:10.416006,poly_updown_btc_5m_momo_v2_HOLD_f7,True,btc_5m_momo_v2_HOLD,BTC,5m,UP,0xd73ede5dbe1b8fb2ee7d1f05235b8e9e5114d2c414dba3b179b6678bef67d166,True,23.53921192,Up,0.51,v2,HOLD,btc_5m_v2,1,False,0,False,1,False,1,False
1779373870416006,2026-05-21 14:31:10.416006,poly_updown_btc_5m_momo_v2_HOLD_f7,True,btc_5m_momo_v2_HOLD,BTC,5m,UP,0xd73ede5dbe1b8fb2ee7d1f05235b8e9e5114d2c414dba3b179b6678bef67d166,True,23.53921192,Up,0.51,v2,HOLD,btc_5m_v2,1,False,0,False,1,False,1,False
1779373870417411,2026-05-21 14:31:10.417411,poly_updown_btc_5m_momo_v2_SELL_f7,True,btc_5m_momo_v2_SELL,BTC,5m,UP,0xd73ede5dbe1b8fb2ee7d1f05235b8e9e5114d2c414dba3b179b6678bef67d166,True,23.53921192,Up,0.51,v2,SELL,btc_5m_v2,1,False,0,False,1,False,1,False
1779373870417411,2026-05-21 14:31:10.417411,poly_updown_btc_5m_momo_v2_SELL_f7,True,btc_5m_momo_v2_SELL,BTC,5m,UP,0xd73ede5dbe1b8fb2ee7d1f05235b8e9e5114d2c414dba3b179b6678bef67d166,True,23.53921192,Up,0.51,v2,SELL,btc_5m_v2,1,False,0,False,1,False,1,False
1779373870422558,2026-05-21 14:31:10.422558,poly_updown_btc_5m_momo_v2_HEDGE_f7,True,btc_5m_momo_v2_HEDGE,BTC,5m,UP,0xd73ede5dbe1b8fb2ee7d1f05235b8e9e5114d2c414dba3b179b6678bef67d166,True,23.53921192,Up,0.51,v2,HEDGE,btc_5m_v2,1,False,0,False,1,False,1,False
1779373870422558,2026-05-21 14:31:10.422558,poly_updown_btc_5m_momo_v2_HEDGE_f7,True,btc_5m_momo_v2_HEDGE,BTC,5m,UP,0xd73ede5dbe1b8fb2ee7d1f05235b8e9e5114d2c414dba3b179b6678bef67d166,True,23.53921192,Up,0.51,v2,HEDGE,btc_5m_v2,1,False,0,False,1,False,1,False
1779373870528794,2026-05-21 14:31:10.528794,poly_updown_eth_15m_momo_v2_HOLD_f7,True,eth_15m_momo_v2_HOLD,ETH,15m,UP,0xfa3da3d154cf69a8571594f9fc9e7ccc622f595d34c52aeb228189fbfe018544,True,23.53921192,Up,0.51,v2,HOLD,eth_15m_v2,2,True,1,False,1,False,1,False
1779373870528794,2026-05-21 14:31:10.528794,poly_updown_eth_15m_momo_v2_HOLD_f7,True,eth_15m_momo_v2_HOLD,ETH,15m,UP,0xfa3da3d154cf69a8571594f9fc9e7ccc622f595d34c52aeb228189fbfe018544,True,23.53921192,Up,0.51,v2,HOLD,eth_15m_v2,2,True,1,False,1,False,1,False
1779373870528794,2026-05-21 14:31:10.528794,poly_updown_eth_15m_momo_v2_HOLD_f7,True,eth_15m_momo_v2_HOLD,ETH,15m,UP,0xfa3da3d154cf69a8571594f9fc9e7ccc622f595d34c52aeb228189fbfe018544,True,23.53921192,Up,0.51,v2,HOLD,eth_15m_v2,2,True,1,False,1,False,1,False
1779373870528794,2026-05-21 14:31:10.528794,poly_updown_eth_15m_momo_v2_HOLD_f7,True,eth_15m_momo_v2_HOLD,ETH,15m,UP,0xfa3da3d154cf69a8571594f9fc9e7ccc622f595d34c52aeb228189fbfe018544,True,23.53921192,Up,0.51,v2,HOLD,eth_15m_v2,2,True,1,False,1,False,1,False
1779373870529177,2026-05-21 14:31:10.529177,poly_updown_eth_15m_momo_v2_SELL_f7,True,eth_15m_momo_v2_SELL,ETH,15m,UP,0xfa3da3d154cf69a8571594f9fc9e7ccc622f595d34c52aeb228189fbfe018544,True,23.53921192,Up,0.51,v2,SELL,eth_15m_v2,2,True,1,False,1,False,1,False
1779373870529177,2026-05-21 14:31:10.529177,poly_updown_eth_15m_momo_v2_SELL_f7,True,eth_15m_momo_v2_SELL,ETH,15m,UP,0xfa3da3d154cf69a8571594f9fc9e7ccc622f595d34c52aeb228189fbfe018544,True,23.53921192,Up,0.51,v2,SELL,eth_15m_v2,2,True,1,False,1,False,1,False
1779373870529177,2026-05-21 14:31:10.529177,poly_updown_eth_15m_momo_v2_SELL_f7,True,eth_15m_momo_v2_SELL,ETH,15m,UP,0xfa3da3d154cf69a8571594f9fc9e7ccc622f595d34c52aeb228189fbfe018544,True,23.53921192,Up,0.51,v2,SELL,eth_15m_v2,2,True,1,False,1,False,1,False
1779373870529177,2026-05-21 14:31:10.529177,poly_updown_eth_15m_momo_v2_SELL_f7,True,eth_15m_momo_v2_SELL,ETH,15m,UP,0xfa3da3d154cf69a8571594f9fc9e7ccc622f595d34c52aeb228189fbfe018544,True,23.53921192,Up,0.51,v2,SELL,eth_15m_v2,2,True,1,False,1,False,1,False
1779373870529749,2026-05-21 14:31:10.529749,poly_updown_btc_15m_momo_v2_SELL_f7,True,btc_15m_momo_v2_SELL,BTC,15m,UP,0xfac768f1382e2782495c74f00d380d7b99ace2be9189b2c4c811e7bff54bcd90,False,-0.490196,exited_at_bid,0.51,v2,SELL,btc_15m_v2,1,False,0,False,1,False,1,False
1779373870529749,2026-05-21 14:31:10.529749,poly_updown_btc_15m_momo_v2_SELL_f7,True,btc_15m_momo_v2_SELL,BTC,15m,UP,0xfac768f1382e2782495c74f00d380d7b99ace2be9189b2c4c811e7bff54bcd90,False,-0.490196,exited_at_bid,0.51,v2,SELL,btc_15m_v2,1,False,0,False,1,False,1,False
1779373870529749,2026-05-21 14:31:10.529749,poly_updown_btc_15m_momo_v2_SELL_f7,True,btc_15m_momo_v2_SELL,BTC,15m,UP,0xfac768f1382e2782495c74f00d380d7b99ace2be9189b2c4c811e7bff54bcd90,False,-0.490196,exited_at_bid,0.51,v2,SELL,btc_15m_v2,1,False,0,False,1,False,1,False
1779373870529749,2026-05-21 14:31:10.529749,poly_updown_btc_15m_momo_v2_SELL_f7,True,btc_15m_momo_v2_SELL,BTC,15m,UP,0xfac768f1382e2782495c74f00d380d7b99ace2be9189b2c4c811e7bff54bcd90,False,-0.490196,exited_at_bid,0.51,v2,SELL,btc_15m_v2,1,False,0,False,1,False,1,False
1779373870531853,2026-05-21 14:31:10.531853,poly_updown_btc_15m_momo_v2_HEDGE_f7,True,btc_15m_momo_v2_HEDGE,BTC,15m,UP,0xfac768f1382e2782495c74f00d380d7b99ace2be9189b2c4c811e7bff54bcd90,False,-0.980392,Down,0.51,v2,HEDGE,btc_15m_v2,1,False,0,False,1,False,1,False
1779373870531853,2026-05-21 14:31:10.531853,poly_updown_btc_15m_momo_v2_HEDGE_f7,True,btc_15m_momo_v2_HEDGE,BTC,15m,UP,0xfac768f1382e2782495c74f00d380d7b99ace2be9189b2c4c811e7bff54bcd90,False,-0.980392,Down,0.51,v2,HEDGE,btc_15m_v2,1,False,0,False,1,False,1,False
1779373870531853,2026-05-21 14:31:10.531853,poly_updown_btc_15m_momo_v2_HEDGE_f7,True,btc_15m_momo_v2_HEDGE,BTC,15m,UP,0xfac768f1382e2782495c74f00d380d7b99ace2be9189b2c4c811e7bff54bcd90,False,-0.980392,Down,0.51,v2,HEDGE,btc_15m_v2,1,False,0,False,1,False,1,False
1779373870531853,2026-05-21 14:31:10.531853,poly_updown_btc_15m_momo_v2_HEDGE_f7,True,btc_15m_momo_v2_HEDGE,BTC,15m,UP,0xfac768f1382e2782495c74f00d380d7b99ace2be9189b2c4c811e7bff54bcd90,False,-0.980392,Down,0.51,v2,HEDGE,btc_15m_v2,1,False,0,False,1,False,1,False
1779373870531853,2026-05-21 14:31:10.531853,poly_updown_btc_15m_momo_v2_HEDGE_f7,True,btc_15m_momo_v2_HEDGE,BTC,15m,UP,0xfac768f1382e2782495c74f00d380d7b99ace2be9189b2c4c811e7bff54bcd90,False,-0.980392,Down,0.51,v2,HEDGE,btc_15m_v2,1,False,0,False,1,False,1,False
1779373870531853,2026-05-21 14:31:10.531853,poly_updown_btc_15m_momo_v2_HEDGE_f7,True,btc_15m_momo_v2_HEDGE,BTC,15m,UP,0xfac768f1382e2782495c74f00d380d7b99ace2be9189b2c4c811e7bff54bcd90,False,-0.980392,Down,0.51,v2,HEDGE,btc_15m_v2,1,False,0,False,1,False,1,False
1779373870531853,2026-05-21 14:31:10.531853,poly_updown_btc_15m_momo_v2_HEDGE_f7,True,btc_15m_momo_v2_HEDGE,BTC,15m,UP,0xfac768f1382e2782495c74f00d380d7b99ace2be9189b2c4c811e7bff54bcd90,False,-0.980392,Down,0.51,v2,HEDGE,btc_15m_v2,1,False,0,False,1,False,1,False
1779373870531853,2026-05-21 14:31:10.531853,poly_updown_btc_15m_momo_v2_HEDGE_f7,True,btc_15m_momo_v2_HEDGE,BTC,15m,UP,0xfac768f1382e2782495c74f00d380d7b99ace2be9189b2c4c811e7bff54bcd90,False,-0.980392,Down,0.51,v2,HEDGE,btc_15m_v2,1,False,0,False,1,False,1,False
1779373870535466,2026-05-21 14:31:10.535466,poly_updown_btc_15m_momo_v2_HOLD_f7,True,btc_15m_momo_v2_HOLD,BTC,15m,UP,0xfac768f1382e2782495c74f00d380d7b99ace2be9189b2c4c811e7bff54bcd90,False,-24.999996,Down,0.51,v2,HOLD,btc_15m_v2,1,False,0,False,1,False,1,False
1779373870535466,2026-05-21 14:31:10.535466,poly_updown_btc_15m_momo_v2_HOLD_f7,True,btc_15m_momo_v2_HOLD,BTC,15m,UP,0xfac768f1382e2782495c74f00d380d7b99ace2be9189b2c4c811e7bff54bcd90,False,-24.999996,Down,0.51,v2,HOLD,btc_15m_v2,1,False,0,False,1,False,1,False
1779373870535466,2026-05-21 14:31:10.535466,poly_updown_btc_15m_momo_v2_HOLD_f7,True,btc_15m_momo_v2_HOLD,BTC,15m,UP,0xfac768f1382e2782495c74f00d380d7b99ace2be9189b2c4c811e7bff54bcd90,False,-24.999996,Down,0.51,v2,HOLD,btc_15m_v2,1,False,0,False,1,False,1,False
1779373870535466,2026-05-21 14:31:10.535466,poly_updown_btc_15m_momo_v2_HOLD_f7,True,btc_15m_momo_v2_HOLD,BTC,15m,UP,0xfac768f1382e2782495c74f00d380d7b99ace2be9189b2c4c811e7bff54bcd90,False,-24.999996,Down,0.51,v2,HOLD,btc_15m_v2,1,False,0,False,1,False,1,False
1779373870538026,2026-05-21 14:31:10.538026,poly_updown_eth_15m_momo_v2_HEDGE_f7,True,eth_15m_momo_v2_HEDGE,ETH,15m,UP,0xfa3da3d154cf69a8571594f9fc9e7ccc622f595d34c52aeb228189fbfe018544,True,23.53921192,Up,0.51,v2,HEDGE,eth_15m_v2,2,True,1,False,1,False,1,False
1779373870538026,2026-05-21 14:31:10.538026,poly_updown_eth_15m_momo_v2_HEDGE_f7,True,eth_15m_momo_v2_HEDGE,ETH,15m,UP,0xfa3da3d154cf69a8571594f9fc9e7ccc622f595d34c52aeb228189fbfe018544,True,23.53921192,Up,0.51,v2,HEDGE,eth_15m_v2,2,True,1,False,1,False,1,False
1779373870538026,2026-05-21 14:31:10.538026,poly_updown_eth_15m_momo_v2_HEDGE_f7,True,eth_15m_momo_v2_HEDGE,ETH,15m,UP,0xfa3da3d154cf69a8571594f9fc9e7ccc622f595d34c52aeb228189fbfe018544,True,23.53921192,Up,0.51,v2,HEDGE,eth_15m_v2,2,True,1,False,1,False,1,False
1779373870538026,2026-05-21 14:31:10.538026,poly_updown_eth_15m_momo_v2_HEDGE_f7,True,eth_15m_momo_v2_HEDGE,ETH,15m,UP,0xfa3da3d154cf69a8571594f9fc9e7ccc622f595d34c52aeb228189fbfe018544,True,23.53921192,Up,0.51,v2,HEDGE,eth_15m_v2,2,True,1,False,1,False,1,False
1779374706828469,2026-05-21 14:45:06.828469,poly_updown_btc_5m_sniper,False,btc_5m_sniper,BTC,5m,DOWN,0x6b8e7800722e0d0bbe82539fd50f983c4d314d88d3c15771ce2da3c7ae5fa311,False,-25.0,Up,0.5,v1,sniper,btc_5m_v1,2,False,0,True,1,False,1,False
1779374706828469,2026-05-21 14:45:06.828469,poly_updown_btc_5m_sniper,False,btc_5m_sniper,BTC,5m,DOWN,0x6b8e7800722e0d0bbe82539fd50f983c4d314d88d3c15771ce2da3c7ae5fa311,False,-25.0,Up,0.5,v1,sniper,btc_5m_v1,2,False,0,True,1,False,1,False
1779374706828469,2026-05-21 14:45:06.828469,poly_updown_btc_5m_sniper,False,btc_5m_sniper,BTC,5m,DOWN,0x6b8e7800722e0d0bbe82539fd50f983c4d314d88d3c15771ce2da3c7ae5fa311,False,-25.0,Up,0.5,v1,sniper,btc_5m_v1,2,False,0,True,1,False,1,False
1779374706828469,2026-05-21 14:45:06.828469,poly_updown_btc_5m_sniper,False,btc_5m_sniper,BTC,5m,DOWN,0x6b8e7800722e0d0bbe82539fd50f983c4d314d88d3c15771ce2da3c7ae5fa311,False,-25.0,Up,0.5,v1,sniper,btc_5m_v1,2,False,0,True,1,False,1,False
1779374707860338,2026-05-21 14:45:07.860338,poly_updown_eth_15m_sniper,False,eth_15m_sniper,ETH,15m,DOWN,0xe41bbf229c5b7c55a4280fecc75c3bc4b604a67107725853adc65d2b4f8a8f24,False,-25.040192,Up,0.5108199985311997,v1,sniper,eth_15m_v1,2,False,1,False,1,False,1,False
1779374707860338,2026-05-21 14:45:07.860338,poly_updown_eth_15m_sniper,False,eth_15m_sniper,ETH,15m,DOWN,0xe41bbf229c5b7c55a4280fecc75c3bc4b604a67107725853adc65d2b4f8a8f24,False,-25.040192,Up,0.5108199985311997,v1,sniper,eth_15m_v1,2,False,1,False,1,False,1,False
1779374707860338,2026-05-21 14:45:07.860338,poly_updown_eth_15m_sniper,False,eth_15m_sniper,ETH,15m,DOWN,0xe41bbf229c5b7c55a4280fecc75c3bc4b604a67107725853adc65d2b4f8a8f24,False,-25.040192,Up,0.5108199985311997,v1,sniper,eth_15m_v1,2,False,1,False,1,False,1,False
1779374707860338,2026-05-21 14:45:07.860338,poly_updown_eth_15m_sniper,False,eth_15m_sniper,ETH,15m,DOWN,0xe41bbf229c5b7c55a4280fecc75c3bc4b604a67107725853adc65d2b4f8a8f24,False,-25.040192,Up,0.5108199985311997,v1,sniper,eth_15m_v1,2,False,1,False,1,False,1,False
1779374707865392,2026-05-21 14:45:07.865392,poly_updown_btc_15m_sniper,False,btc_15m_sniper,BTC,15m,DOWN,0x71fb820bd114d80ef2c508efca026b4c3bdad882b8e1d0378033cac7665bd76f,False,-2.46,Up,0.5,v1,sniper,btc_15m_v1,2,False,0,True,1,False,1,False
1779374707865392,2026-05-21 14:45:07.865392,poly_updown_btc_15m_sniper,False,btc_15m_sniper,BTC,15m,DOWN,0x71fb820bd114d80ef2c508efca026b4c3bdad882b8e1d0378033cac7665bd76f,False,-2.46,Up,0.5,v1,sniper,btc_15m_v1,2,False,0,True,1,False,1,False
1779374707865392,2026-05-21 14:45:07.865392,poly_updown_btc_15m_sniper,False,btc_15m_sniper,BTC,15m,DOWN,0x71fb820bd114d80ef2c508efca026b4c3bdad882b8e1d0378033cac7665bd76f,False,-2.46,Up,0.5,v1,sniper,btc_15m_v1,2,False,0,True,1,False,1,False
1779374707865392,2026-05-21 14:45:07.865392,poly_updown_btc_15m_sniper,False,btc_15m_sniper,BTC,15m,DOWN,0x71fb820bd114d80ef2c508efca026b4c3bdad882b8e1d0378033cac7665bd76f,False,-2.46,Up,0.5,v1,sniper,btc_15m_v1,2,False,0,True,1,False,1,False
1779374707865392,2026-05-21 14:45:07.865392,poly_updown_btc_15m_sniper,False,btc_15m_sniper,BTC,15m,DOWN,0x71fb820bd114d80ef2c508efca026b4c3bdad882b8e1d0378033cac7665bd76f,False,-2.46,Up,0.5,v1,sniper,btc_15m_v1,2,False,0,True,1,False,1,False
1779374707865392,2026-05-21 14:45:07.865392,poly_updown_btc_15m_sniper,False,btc_15m_sniper,BTC,15m,DOWN,0x71fb820bd114d80ef2c508efca026b4c3bdad882b8e1d0378033cac7665bd76f,False,-2.46,Up,0.5,v1,sniper,btc_15m_v1,2,False,0,True,1,False,1,False
1779374707865392,2026-05-21 14:45:07.865392,poly_updown_btc_15m_sniper,False,btc_15m_sniper,BTC,15m,DOWN,0x71fb820bd114d80ef2c508efca026b4c3bdad882b8e1d0378033cac7665bd76f,False,-2.46,Up,0.5,v1,sniper,btc_15m_v1,2,False,0,True,1,False,1,False
1779374707866740,2026-05-21 14:45:07.866740,poly_updown_sol_15m_sniper,False,sol_15m_sniper,SOL,15m,DOWN,0x55e3e23e55c1b0c083a85a5e2c008c45725cffb8a3bdaa86bfe6806dba62cdb3,False,-26.1,Up,0.522,v1,sniper,sol_15m_v1,2,False,2,False,1,False,1,False
1779374707866740,2026-05-21 14:45:07.866740,poly_updown_sol_15m_sniper,False,sol_15m_sniper,SOL,15m,DOWN,0x55e3e23e55c1b0c083a85a5e2c008c45725cffb8a3bdaa86bfe6806dba62cdb3,False,-26.1,Up,0.522,v1,sniper,sol_15m_v1,2,False,2,False,1,False,1,False
1779374707866740,2026-05-21 14:45:07.866740,poly_updown_sol_15m_sniper,False,sol_15m_sniper,SOL,15m,DOWN,0x55e3e23e55c1b0c083a85a5e2c008c45725cffb8a3bdaa86bfe6806dba62cdb3,False,-26.1,Up,0.522,v1,sniper,sol_15m_v1,2,False,2,False,1,False,1,False
1779374707866740,2026-05-21 14:45:07.866740,poly_updown_sol_15m_sniper,False,sol_15m_sniper,SOL,15m,DOWN,0x55e3e23e55c1b0c083a85a5e2c008c45725cffb8a3bdaa86bfe6806dba62cdb3,False,-26.1,Up,0.522,v1,sniper,sol_15m_v1,2,False,2,False,1,False,1,False
1779374711541075,2026-05-21 14:45:11.541075,poly_updown_btc_5m_sniper,False,btc_5m_sniper,BTC,5m,DOWN,0x6b8e7800722e0d0bbe82539fd50f983c4d314d88d3c15771ce2da3c7ae5fa311,False,-25.0,Up,0.5,v1,sniper,btc_5m_v1,2,False,0,True,1,False,1,False
1779374711541075,2026-05-21 14:45:11.541075,poly_updown_btc_5m_sniper,False,btc_5m_sniper,BTC,5m,DOWN,0x6b8e7800722e0d0bbe82539fd50f983c4d314d88d3c15771ce2da3c7ae5fa311,False,-25.0,Up,0.5,v1,sniper,btc_5m_v1,2,False,0,True,1,False,1,False
1779374711541075,2026-05-21 14:45:11.541075,poly_updown_btc_5m_sniper,False,btc_5m_sniper,BTC,5m,DOWN,0x6b8e7800722e0d0bbe82539fd50f983c4d314d88d3c15771ce2da3c7ae5fa311,False,-25.0,Up,0.5,v1,sniper,btc_5m_v1,2,False,0,True,1,False,1,False
1779374711541075,2026-05-21 14:45:11.541075,poly_updown_btc_5m_sniper,False,btc_5m_sniper,BTC,5m,DOWN,0x6b8e7800722e0d0bbe82539fd50f983c4d314d88d3c15771ce2da3c7ae5fa311,False,-25.0,Up,0.5,v1,sniper,btc_5m_v1,2,False,0,True,1,False,1,False
1779374713595096,2026-05-21 14:45:13.595096,poly_updown_eth_15m_sniper,False,eth_15m_sniper,ETH,15m,DOWN,0xe41bbf229c5b7c55a4280fecc75c3bc4b604a67107725853adc65d2b4f8a8f24,False,-25.040192,Up,0.5108199985311997,v1,sniper,eth_15m_v1,2,False,1,False,1,False,1,False
1779374713595096,2026-05-21 14:45:13.595096,poly_updown_eth_15m_sniper,False,eth_15m_sniper,ETH,15m,DOWN,0xe41bbf229c5b7c55a4280fecc75c3bc4b604a67107725853adc65d2b4f8a8f24,False,-25.040192,Up,0.5108199985311997,v1,sniper,eth_15m_v1,2,False,1,False,1,False,1,False
1779374713595096,2026-05-21 14:45:13.595096,poly_updown_eth_15m_sniper,False,eth_15m_sniper,ETH,15m,DOWN,0xe41bbf229c5b7c55a4280fecc75c3bc4b604a67107725853adc65d2b4f8a8f24,False,-25.040192,Up,0.5108199985311997,v1,sniper,eth_15m_v1,2,False,1,False,1,False,1,False
1779374713595096,2026-05-21 14:45:13.595096,poly_updown_eth_15m_sniper,False,eth_15m_sniper,ETH,15m,DOWN,0xe41bbf229c5b7c55a4280fecc75c3bc4b604a67107725853adc65d2b4f8a8f24,False,-25.040192,Up,0.5108199985311997,v1,sniper,eth_15m_v1,2,False,1,False,1,False,1,False
1779374713770779,2026-05-21 14:45:13.770779,poly_updown_sol_15m_sniper,False,sol_15m_sniper,SOL,15m,DOWN,0x55e3e23e55c1b0c083a85a5e2c008c45725cffb8a3bdaa86bfe6806dba62cdb3,False,-26.1,Up,0.522,v1,sniper,sol_15m_v1,2,False,2,False,1,False,1,False
1779374713770779,2026-05-21 14:45:13.770779,poly_updown_sol_15m_sniper,False,sol_15m_sniper,SOL,15m,DOWN,0x55e3e23e55c1b0c083a85a5e2c008c45725cffb8a3bdaa86bfe6806dba62cdb3,False,-26.1,Up,0.522,v1,sniper,sol_15m_v1,2,False,2,False,1,False,1,False
1779374713770779,2026-05-21 14:45:13.770779,poly_updown_sol_15m_sniper,False,sol_15m_sniper,SOL,15m,DOWN,0x55e3e23e55c1b0c083a85a5e2c008c45725cffb8a3bdaa86bfe6806dba62cdb3,False,-26.1,Up,0.522,v1,sniper,sol_15m_v1,2,False,2,False,1,False,1,False
1779374713770779,2026-05-21 14:45:13.770779,poly_updown_sol_15m_sniper,False,sol_15m_sniper,SOL,15m,DOWN,0x55e3e23e55c1b0c083a85a5e2c008c45725cffb8a3bdaa86bfe6806dba62cdb3,False,-26.1,Up,0.522,v1,sniper,sol_15m_v1,2,False,2,False,1,False,1,False
1779374714108922,2026-05-21 14:45:14.108922,poly_updown_btc_15m_sniper,False,btc_15m_sniper,BTC,15m,DOWN,0x71fb820bd114d80ef2c508efca026b4c3bdad882b8e1d0378033cac7665bd76f,False,-2.46,Up,0.5,v1,sniper,btc_15m_v1,2,False,0,True,1,False,1,False
1779374714108922,2026-05-21 14:45:14.108922,poly_updown_btc_15m_sniper,False,btc_15m_sniper,BTC,15m,DOWN,0x71fb820bd114d80ef2c508efca026b4c3bdad882b8e1d0378033cac7665bd76f,False,-2.46,Up,0.5,v1,sniper,btc_15m_v1,2,False,0,True,1,False,1,False
1779374714108922,2026-05-21 14:45:14.108922,poly_updown_btc_15m_sniper,False,btc_15m_sniper,BTC,15m,DOWN,0x71fb820bd114d80ef2c508efca026b4c3bdad882b8e1d0378033cac7665bd76f,False,-2.46,Up,0.5,v1,sniper,btc_15m_v1,2,False,0,True,1,False,1,False
1779374714108922,2026-05-21 14:45:14.108922,poly_updown_btc_15m_sniper,False,btc_15m_sniper,BTC,15m,DOWN,0x71fb820bd114d80ef2c508efca026b4c3bdad882b8e1d0378033cac7665bd76f,False,-2.46,Up,0.5,v1,sniper,btc_15m_v1,2,False,0,True,1,False,1,False
1779374714108922,2026-05-21 14:45:14.108922,poly_updown_btc_15m_sniper,False,btc_15m_sniper,BTC,15m,DOWN,0x71fb820bd114d80ef2c508efca026b4c3bdad882b8e1d0378033cac7665bd76f,False,-2.46,Up,0.5,v1,sniper,btc_15m_v1,2,False,0,True,1,False,1,False
1779374714108922,2026-05-21 14:45:14.108922,poly_updown_btc_15m_sniper,False,btc_15m_sniper,BTC,15m,DOWN,0x71fb820bd114d80ef2c508efca026b4c3bdad882b8e1d0378033cac7665bd76f,False,-2.46,Up,0.5,v1,sniper,btc_15m_v1,2,False,0,True,1,False,1,False
1779374714108922,2026-05-21 14:45:14.108922,poly_updown_btc_15m_sniper,False,btc_15m_sniper,BTC,15m,DOWN,0x71fb820bd114d80ef2c508efca026b4c3bdad882b8e1d0378033cac7665bd76f,False,-2.46,Up,0.5,v1,sniper,btc_15m_v1,2,False,0,True,1,False,1,False
1779376511024182,2026-05-21 15:15:11.024182,poly_updown_btc_5m_sniper,False,btc_5m_sniper,BTC,5m,UP,0xe6270d5d7fdd26b4c13025e105451dcf2ab87fe9a053418b155f73a95d8a4feb,True,23.53921192,Up,0.51,v1,sniper,btc_5m_v1,2,True,0,False,1,False,1,False
1779376511024182,2026-05-21 15:15:11.024182,poly_updown_btc_5m_sniper,False,btc_5m_sniper,BTC,5m,UP,0xe6270d5d7fdd26b4c13025e105451dcf2ab87fe9a053418b155f73a95d8a4feb,True,23.53921192,Up,0.51,v1,sniper,btc_5m_v1,2,True,0,False,1,False,1,False
1779376511024182,2026-05-21 15:15:11.024182,poly_updown_btc_5m_sniper,False,btc_5m_sniper,BTC,5m,UP,0xe6270d5d7fdd26b4c13025e105451dcf2ab87fe9a053418b155f73a95d8a4feb,True,23.53921192,Up,0.51,v1,sniper,btc_5m_v1,2,True,0,False,1,False,1,False
1779376511024182,2026-05-21 15:15:11.024182,poly_updown_btc_5m_sniper,False,btc_5m_sniper,BTC,5m,UP,0xe6270d5d7fdd26b4c13025e105451dcf2ab87fe9a053418b155f73a95d8a4feb,True,23.53921192,Up,0.51,v1,sniper,btc_5m_v1,2,True,0,False,1,False,1,False
1779376511028786,2026-05-21 15:15:11.028786,poly_updown_btc_5m_v3,False,btc_5m_v3,BTC,5m,UP,0xe6270d5d7fdd26b4c13025e105451dcf2ab87fe9a053418b155f73a95d8a4feb,True,23.53921192,Up,0.51,v1,v3,btc_5m_v1,2,True,0,False,1,False,1,False
1779376511028786,2026-05-21 15:15:11.028786,poly_updown_btc_5m_v3,False,btc_5m_v3,BTC,5m,UP,0xe6270d5d7fdd26b4c13025e105451dcf2ab87fe9a053418b155f73a95d8a4feb,True,23.53921192,Up,0.51,v1,v3,btc_5m_v1,2,True,0,False,1,False,1,False
1779376511028786,2026-05-21 15:15:11.028786,poly_updown_btc_5m_v3,False,btc_5m_v3,BTC,5m,UP,0xe6270d5d7fdd26b4c13025e105451dcf2ab87fe9a053418b155f73a95d8a4feb,True,23.53921192,Up,0.51,v1,v3,btc_5m_v1,2,True,0,False,1,False,1,False
1779376511028786,2026-05-21 15:15:11.028786,poly_updown_btc_5m_v3,False,btc_5m_v3,BTC,5m,UP,0xe6270d5d7fdd26b4c13025e105451dcf2ab87fe9a053418b155f73a95d8a4feb,True,23.53921192,Up,0.51,v1,v3,btc_5m_v1,2,True,0,False,1,False,1,False
1779376511029894,2026-05-21 15:15:11.029894,poly_updown_btc_5m_v3_3,False,btc_5m_v3_3,BTC,5m,UP,0xe6270d5d7fdd26b4c13025e105451dcf2ab87fe9a053418b155f73a95d8a4feb,True,23.53921192,Up,0.51,v1,3,btc_5m_v1,2,True,0,False,1,False,1,False
1779376511029894,2026-05-21 15:15:11.029894,poly_updown_btc_5m_v3_3,False,btc_5m_v3_3,BTC,5m,UP,0xe6270d5d7fdd26b4c13025e105451dcf2ab87fe9a053418b155f73a95d8a4feb,True,23.53921192,Up,0.51,v1,3,btc_5m_v1,2,True,0,False,1,False,1,False
1779376511029894,2026-05-21 15:15:11.029894,poly_updown_btc_5m_v3_3,False,btc_5m_v3_3,BTC,5m,UP,0xe6270d5d7fdd26b4c13025e105451dcf2ab87fe9a053418b155f73a95d8a4feb,True,23.53921192,Up,0.51,v1,3,btc_5m_v1,2,True,0,False,1,False,1,False
1779376511029894,2026-05-21 15:15:11.029894,poly_updown_btc_5m_v3_3,False,btc_5m_v3_3,BTC,5m,UP,0xe6270d5d7fdd26b4c13025e105451dcf2ab87fe9a053418b155f73a95d8a4feb,True,23.53921192,Up,0.51,v1,3,btc_5m_v1,2,True,0,False,1,False,1,False
1779376511039560,2026-05-21 15:15:11.039560,poly_updown_btc_5m_v3_2,False,btc_5m_v3_2,BTC,5m,UP,0xe6270d5d7fdd26b4c13025e105451dcf2ab87fe9a053418b155f73a95d8a4feb,True,23.53921192,Up,0.51,v1,2,btc_5m_v1,2,True,0,False,1,False,1,False
1779376511039560,2026-05-21 15:15:11.039560,poly_updown_btc_5m_v3_2,False,btc_5m_v3_2,BTC,5m,UP,0xe6270d5d7fdd26b4c13025e105451dcf2ab87fe9a053418b155f73a95d8a4feb,True,23.53921192,Up,0.51,v1,2,btc_5m_v1,2,True,0,False,1,False,1,False
1779376511039560,2026-05-21 15:15:11.039560,poly_updown_btc_5m_v3_2,False,btc_5m_v3_2,BTC,5m,UP,0xe6270d5d7fdd26b4c13025e105451dcf2ab87fe9a053418b155f73a95d8a4feb,True,23.53921192,Up,0.51,v1,2,btc_5m_v1,2,True,0,False,1,False,1,False
1779376511039560,2026-05-21 15:15:11.039560,poly_updown_btc_5m_v3_2,False,btc_5m_v3_2,BTC,5m,UP,0xe6270d5d7fdd26b4c13025e105451dcf2ab87fe9a053418b155f73a95d8a4feb,True,23.53921192,Up,0.51,v1,2,btc_5m_v1,2,True,0,False,1,False,1,False
1779376511044950,2026-05-21 15:15:11.044950,poly_updown_btc_5m_v3_1,False,btc_5m_v3_1,BTC,5m,UP,0xe6270d5d7fdd26b4c13025e105451dcf2ab87fe9a053418b155f73a95d8a4feb,True,23.53921192,Up,0.51,v1,1,btc_5m_v1,2,True,0,False,1,False,1,False
1779376511044950,2026-05-21 15:15:11.044950,poly_updown_btc_5m_v3_1,False,btc_5m_v3_1,BTC,5m,UP,0xe6270d5d7fdd26b4c13025e105451dcf2ab87fe9a053418b155f73a95d8a4feb,True,23.53921192,Up,0.51,v1,1,btc_5m_v1,2,True,0,False,1,False,1,False
1779376511044950,2026-05-21 15:15:11.044950,poly_updown_btc_5m_v3_1,False,btc_5m_v3_1,BTC,5m,UP,0xe6270d5d7fdd26b4c13025e105451dcf2ab87fe9a053418b155f73a95d8a4feb,True,23.53921192,Up,0.51,v1,1,btc_5m_v1,2,True,0,False,1,False,1,False
1779376511044950,2026-05-21 15:15:11.044950,poly_updown_btc_5m_v3_1,False,btc_5m_v3_1,BTC,5m,UP,0xe6270d5d7fdd26b4c13025e105451dcf2ab87fe9a053418b155f73a95d8a4feb,True,23.53921192,Up,0.51,v1,1,btc_5m_v1,2,True,0,False,1,False,1,False
1779376511047888,2026-05-21 15:15:11.047888,poly_updown_btc_5m_v4,False,btc_5m_v4,BTC,5m,UP,0xe6270d5d7fdd26b4c13025e105451dcf2ab87fe9a053418b155f73a95d8a4feb,True,23.53921192,Up,0.51,v1,v4,btc_5m_v1,2,True,0,False,1,False,1,False
1779376511047888,2026-05-21 15:15:11.047888,poly_updown_btc_5m_v4,False,btc_5m_v4,BTC,5m,UP,0xe6270d5d7fdd26b4c13025e105451dcf2ab87fe9a053418b155f73a95d8a4feb,True,23.53921192,Up,0.51,v1,v4,btc_5m_v1,2,True,0,False,1,False,1,False
1779376511047888,2026-05-21 15:15:11.047888,poly_updown_btc_5m_v4,False,btc_5m_v4,BTC,5m,UP,0xe6270d5d7fdd26b4c13025e105451dcf2ab87fe9a053418b155f73a95d8a4feb,True,23.53921192,Up,0.51,v1,v4,btc_5m_v1,2,True,0,False,1,False,1,False
1779376511047888,2026-05-21 15:15:11.047888,poly_updown_btc_5m_v4,False,btc_5m_v4,BTC,5m,UP,0xe6270d5d7fdd26b4c13025e105451dcf2ab87fe9a053418b155f73a95d8a4feb,True,23.53921192,Up,0.51,v1,v4,btc_5m_v1,2,True,0,False,1,False,1,False
1779376511048447,2026-05-21 15:15:11.048447,poly_updown_eth_5m_v3_1,False,eth_5m_v3_1,ETH,5m,UP,0xb740295fe143abc668d2426eb9b1bf776edf3655dbf7d797d9e938899cf01b63,True,23.53921192,Up,0.51,v1,1,eth_5m_v1,2,True,2,True,2,True,1,False
1779376511048447,2026-05-21 15:15:11.048447,poly_updown_eth_5m_v3_1,False,eth_5m_v3_1,ETH,5m,UP,0xb740295fe143abc668d2426eb9b1bf776edf3655dbf7d797d9e938899cf01b63,True,23.53921192,Up,0.51,v1,1,eth_5m_v1,2,True,2,True,2,True,1,False
1779376511048447,2026-05-21 15:15:11.048447,poly_updown_eth_5m_v3_1,False,eth_5m_v3_1,ETH,5m,UP,0xb740295fe143abc668d2426eb9b1bf776edf3655dbf7d797d9e938899cf01b63,True,23.53921192,Up,0.51,v1,1,eth_5m_v1,2,True,2,True,2,True,1,False
1779376511048447,2026-05-21 15:15:11.048447,poly_updown_eth_5m_v3_1,False,eth_5m_v3_1,ETH,5m,UP,0xb740295fe143abc668d2426eb9b1bf776edf3655dbf7d797d9e938899cf01b63,True,23.53921192,Up,0.51,v1,1,eth_5m_v1,2,True,2,True,2,True,1,False
1779376511048767,2026-05-21 15:15:11.048767,poly_updown_eth_5m_sniper,False,eth_5m_sniper,ETH,5m,UP,0xb740295fe143abc668d2426eb9b1bf776edf3655dbf7d797d9e938899cf01b63,True,23.53921192,Up,0.51,v1,sniper,eth_5m_v1,2,True,2,True,2,True,1,False
1779376511048767,2026-05-21 15:15:11.048767,poly_updown_eth_5m_sniper,False,eth_5m_sniper,ETH,5m,UP,0xb740295fe143abc668d2426eb9b1bf776edf3655dbf7d797d9e938899cf01b63,True,23.53921192,Up,0.51,v1,sniper,eth_5m_v1,2,True,2,True,2,True,1,False
1779376511048767,2026-05-21 15:15:11.048767,poly_updown_eth_5m_sniper,False,eth_5m_sniper,ETH,5m,UP,0xb740295fe143abc668d2426eb9b1bf776edf3655dbf7d797d9e938899cf01b63,True,23.53921192,Up,0.51,v1,sniper,eth_5m_v1,2,True,2,True,2,True,1,False
1779376511055458,2026-05-21 15:15:11.055458,poly_updown_eth_5m_v3,False,eth_5m_v3,ETH,5m,UP,0xb740295fe143abc668d2426eb9b1bf776edf3655dbf7d797d9e938899cf01b63,True,23.53921192,Up,0.51,v1,v3,eth_5m_v1,2,True,2,True,2,True,1,False
1779376511055458,2026-05-21 15:15:11.055458,poly_updown_eth_5m_v3,False,eth_5m_v3,ETH,5m,UP,0xb740295fe143abc668d2426eb9b1bf776edf3655dbf7d797d9e938899cf01b63,True,23.53921192,Up,0.51,v1,v3,eth_5m_v1,2,True,2,True,2,True,1,False
1779376511055458,2026-05-21 15:15:11.055458,poly_updown_eth_5m_v3,False,eth_5m_v3,ETH,5m,UP,0xb740295fe143abc668d2426eb9b1bf776edf3655dbf7d797d9e938899cf01b63,True,23.53921192,Up,0.51,v1,v3,eth_5m_v1,2,True,2,True,2,True,1,False
1779376511072323,2026-05-21 15:15:11.072323,poly_updown_eth_5m_v3_3,False,eth_5m_v3_3,ETH,5m,UP,0xb740295fe143abc668d2426eb9b1bf776edf3655dbf7d797d9e938899cf01b63,True,23.53921192,Up,0.51,v1,3,eth_5m_v1,2,True,2,True,2,True,1,False
1779376511072323,2026-05-21 15:15:11.072323,poly_updown_eth_5m_v3_3,False,eth_5m_v3_3,ETH,5m,UP,0xb740295fe143abc668d2426eb9b1bf776edf3655dbf7d797d9e938899cf01b63,True,23.53921192,Up,0.51,v1,3,eth_5m_v1,2,True,2,True,2,True,1,False
1779376511072323,2026-05-21 15:15:11.072323,poly_updown_eth_5m_v3_3,False,eth_5m_v3_3,ETH,5m,UP,0xb740295fe143abc668d2426eb9b1bf776edf3655dbf7d797d9e938899cf01b63,True,23.53921192,Up,0.51,v1,3,eth_5m_v1,2,True,2,True,2,True,1,False
1779376511072323,2026-05-21 15:15:11.072323,poly_updown_eth_5m_v3_3,False,eth_5m_v3_3,ETH,5m,UP,0xb740295fe143abc668d2426eb9b1bf776edf3655dbf7d797d9e938899cf01b63,True,23.53921192,Up,0.51,v1,3,eth_5m_v1,2,True,2,True,2,True,1,False
1779376511072797,2026-05-21 15:15:11.072797,poly_updown_eth_5m_v3_2,False,eth_5m_v3_2,ETH,5m,UP,0xb740295fe143abc668d2426eb9b1bf776edf3655dbf7d797d9e938899cf01b63,True,23.53921192,Up,0.51,v1,2,eth_5m_v1,2,True,2,True,2,True,1,False
1779376511072797,2026-05-21 15:15:11.072797,poly_updown_eth_5m_v3_2,False,eth_5m_v3_2,ETH,5m,UP,0xb740295fe143abc668d2426eb9b1bf776edf3655dbf7d797d9e938899cf01b63,True,23.53921192,Up,0.51,v1,2,eth_5m_v1,2,True,2,True,2,True,1,False
1779376511072797,2026-05-21 15:15:11.072797,poly_updown_eth_5m_v3_2,False,eth_5m_v3_2,ETH,5m,UP,0xb740295fe143abc668d2426eb9b1bf776edf3655dbf7d797d9e938899cf01b63,True,23.53921192,Up,0.51,v1,2,eth_5m_v1,2,True,2,True,2,True,1,False
1779376511072797,2026-05-21 15:15:11.072797,poly_updown_eth_5m_v3_2,False,eth_5m_v3_2,ETH,5m,UP,0xb740295fe143abc668d2426eb9b1bf776edf3655dbf7d797d9e938899cf01b63,True,23.53921192,Up,0.51,v1,2,eth_5m_v1,2,True,2,True,2,True,1,False
1779376511079281,2026-05-21 15:15:11.079281,poly_updown_btc_5m_sniper,False,btc_5m_sniper,BTC,5m,UP,0xe6270d5d7fdd26b4c13025e105451dcf2ab87fe9a053418b155f73a95d8a4feb,True,23.53921192,Up,0.51,v1,sniper,btc_5m_v1,2,True,0,False,1,False,1,False
1779376511079281,2026-05-21 15:15:11.079281,poly_updown_btc_5m_sniper,False,btc_5m_sniper,BTC,5m,UP,0xe6270d5d7fdd26b4c13025e105451dcf2ab87fe9a053418b155f73a95d8a4feb,True,23.53921192,Up,0.51,v1,sniper,btc_5m_v1,2,True,0,False,1,False,1,False
1779376511079281,2026-05-21 15:15:11.079281,poly_updown_btc_5m_sniper,False,btc_5m_sniper,BTC,5m,UP,0xe6270d5d7fdd26b4c13025e105451dcf2ab87fe9a053418b155f73a95d8a4feb,True,23.53921192,Up,0.51,v1,sniper,btc_5m_v1,2,True,0,False,1,False,1,False
1779376511079281,2026-05-21 15:15:11.079281,poly_updown_btc_5m_sniper,False,btc_5m_sniper,BTC,5m,UP,0xe6270d5d7fdd26b4c13025e105451dcf2ab87fe9a053418b155f73a95d8a4feb,True,23.53921192,Up,0.51,v1,sniper,btc_5m_v1,2,True,0,False,1,False,1,False
1779376511081377,2026-05-21 15:15:11.081377,poly_updown_eth_5m_v4,False,eth_5m_v4,ETH,5m,UP,0xb740295fe143abc668d2426eb9b1bf776edf3655dbf7d797d9e938899cf01b63,True,23.53921192,Up,0.51,v1,v4,eth_5m_v1,2,True,2,True,2,True,1,False
1779376511081377,2026-05-21 15:15:11.081377,poly_updown_eth_5m_v4,False,eth_5m_v4,ETH,5m,UP,0xb740295fe143abc668d2426eb9b1bf776edf3655dbf7d797d9e938899cf01b63,True,23.53921192,Up,0.51,v1,v4,eth_5m_v1,2,True,2,True,2,True,1,False
1779376511081377,2026-05-21 15:15:11.081377,poly_updown_eth_5m_v4,False,eth_5m_v4,ETH,5m,UP,0xb740295fe143abc668d2426eb9b1bf776edf3655dbf7d797d9e938899cf01b63,True,23.53921192,Up,0.51,v1,v4,eth_5m_v1,2,True,2,True,2,True,1,False
1779376511081377,2026-05-21 15:15:11.081377,poly_updown_eth_5m_v4,False,eth_5m_v4,ETH,5m,UP,0xb740295fe143abc668d2426eb9b1bf776edf3655dbf7d797d9e938899cf01b63,True,23.53921192,Up,0.51,v1,v4,eth_5m_v1,2,True,2,True,2,True,1,False
1779376511082920,2026-05-21 15:15:11.082920,poly_updown_btc_5m_v4,False,btc_5m_v4,BTC,5m,UP,0xe6270d5d7fdd26b4c13025e105451dcf2ab87fe9a053418b155f73a95d8a4feb,True,23.53921192,Up,0.51,v1,v4,btc_5m_v1,2,True,0,False,1,False,1,False
1779376511082920,2026-05-21 15:15:11.082920,poly_updown_btc_5m_v4,False,btc_5m_v4,BTC,5m,UP,0xe6270d5d7fdd26b4c13025e105451dcf2ab87fe9a053418b155f73a95d8a4feb,True,23.53921192,Up,0.51,v1,v4,btc_5m_v1,2,True,0,False,1,False,1,False
1779376511082920,2026-05-21 15:15:11.082920,poly_updown_btc_5m_v4,False,btc_5m_v4,BTC,5m,UP,0xe6270d5d7fdd26b4c13025e105451dcf2ab87fe9a053418b155f73a95d8a4feb,True,23.53921192,Up,0.51,v1,v4,btc_5m_v1,2,True,0,False,1,False,1,False
1779376511082920,2026-05-21 15:15:11.082920,poly_updown_btc_5m_v4,False,btc_5m_v4,BTC,5m,UP,0xe6270d5d7fdd26b4c13025e105451dcf2ab87fe9a053418b155f73a95d8a4feb,True,23.53921192,Up,0.51,v1,v4,btc_5m_v1,2,True,0,False,1,False,1,False
1779376511094270,2026-05-21 15:15:11.094270,poly_updown_btc_5m_v3_1,False,btc_5m_v3_1,BTC,5m,UP,0xe6270d5d7fdd26b4c13025e105451dcf2ab87fe9a053418b155f73a95d8a4feb,True,23.53921192,Up,0.51,v1,1,btc_5m_v1,2,True,0,False,1,False,1,False
1779376511094270,2026-05-21 15:15:11.094270,poly_updown_btc_5m_v3_1,False,btc_5m_v3_1,BTC,5m,UP,0xe6270d5d7fdd26b4c13025e105451dcf2ab87fe9a053418b155f73a95d8a4feb,True,23.53921192,Up,0.51,v1,1,btc_5m_v1,2,True,0,False,1,False,1,False
1779376511094270,2026-05-21 15:15:11.094270,poly_updown_btc_5m_v3_1,False,btc_5m_v3_1,BTC,5m,UP,0xe6270d5d7fdd26b4c13025e105451dcf2ab87fe9a053418b155f73a95d8a4feb,True,23.53921192,Up,0.51,v1,1,btc_5m_v1,2,True,0,False,1,False,1,False
1779376511094270,2026-05-21 15:15:11.094270,poly_updown_btc_5m_v3_1,False,btc_5m_v3_1,BTC,5m,UP,0xe6270d5d7fdd26b4c13025e105451dcf2ab87fe9a053418b155f73a95d8a4feb,True,23.53921192,Up,0.51,v1,1,btc_5m_v1,2,True,0,False,1,False,1,False
1779376511101021,2026-05-21 15:15:11.101021,poly_updown_btc_5m_v3,False,btc_5m_v3,BTC,5m,UP,0xe6270d5d7fdd26b4c13025e105451dcf2ab87fe9a053418b155f73a95d8a4feb,True,23.53921192,Up,0.51,v1,v3,btc_5m_v1,2,True,0,False,1,False,1,False
1779376511101021,2026-05-21 15:15:11.101021,poly_updown_btc_5m_v3,False,btc_5m_v3,BTC,5m,UP,0xe6270d5d7fdd26b4c13025e105451dcf2ab87fe9a053418b155f73a95d8a4feb,True,23.53921192,Up,0.51,v1,v3,btc_5m_v1,2,True,0,False,1,False,1,False
1779376511101021,2026-05-21 15:15:11.101021,poly_updown_btc_5m_v3,False,btc_5m_v3,BTC,5m,UP,0xe6270d5d7fdd26b4c13025e105451dcf2ab87fe9a053418b155f73a95d8a4feb,True,23.53921192,Up,0.51,v1,v3,btc_5m_v1,2,True,0,False,1,False,1,False
1779376511101021,2026-05-21 15:15:11.101021,poly_updown_btc_5m_v3,False,btc_5m_v3,BTC,5m,UP,0xe6270d5d7fdd26b4c13025e105451dcf2ab87fe9a053418b155f73a95d8a4feb,True,23.53921192,Up,0.51,v1,v3,btc_5m_v1,2,True,0,False,1,False,1,False
1779376511103170,2026-05-21 15:15:11.103170,poly_updown_eth_5m_v3,False,eth_5m_v3,ETH,5m,UP,0xb740295fe143abc668d2426eb9b1bf776edf3655dbf7d797d9e938899cf01b63,True,23.53921192,Up,0.51,v1,v3,eth_5m_v1,2,True,2,True,2,True,1,False
1779376511103170,2026-05-21 15:15:11.103170,poly_updown_eth_5m_v3,False,eth_5m_v3,ETH,5m,UP,0xb740295fe143abc668d2426eb9b1bf776edf3655dbf7d797d9e938899cf01b63,True,23.53921192,Up,0.51,v1,v3,eth_5m_v1,2,True,2,True,2,True,1,False
1779376511103170,2026-05-21 15:15:11.103170,poly_updown_eth_5m_v3,False,eth_5m_v3,ETH,5m,UP,0xb740295fe143abc668d2426eb9b1bf776edf3655dbf7d797d9e938899cf01b63,True,23.53921192,Up,0.51,v1,v3,eth_5m_v1,2,True,2,True,2,True,1,False
1779376511110006,2026-05-21 15:15:11.110006,poly_updown_btc_5m_v3_2,False,btc_5m_v3_2,BTC,5m,UP,0xe6270d5d7fdd26b4c13025e105451dcf2ab87fe9a053418b155f73a95d8a4feb,True,23.53921192,Up,0.51,v1,2,btc_5m_v1,2,True,0,False,1,False,1,False
1779376511110006,2026-05-21 15:15:11.110006,poly_updown_btc_5m_v3_2,False,btc_5m_v3_2,BTC,5m,UP,0xe6270d5d7fdd26b4c13025e105451dcf2ab87fe9a053418b155f73a95d8a4feb,True,23.53921192,Up,0.51,v1,2,btc_5m_v1,2,True,0,False,1,False,1,False
1779376511110006,2026-05-21 15:15:11.110006,poly_updown_btc_5m_v3_2,False,btc_5m_v3_2,BTC,5m,UP,0xe6270d5d7fdd26b4c13025e105451dcf2ab87fe9a053418b155f73a95d8a4feb,True,23.53921192,Up,0.51,v1,2,btc_5m_v1,2,True,0,False,1,False,1,False
1779376511110006,2026-05-21 15:15:11.110006,poly_updown_btc_5m_v3_2,False,btc_5m_v3_2,BTC,5m,UP,0xe6270d5d7fdd26b4c13025e105451dcf2ab87fe9a053418b155f73a95d8a4feb,True,23.53921192,Up,0.51,v1,2,btc_5m_v1,2,True,0,False,1,False,1,False
1779376511112089,2026-05-21 15:15:11.112089,poly_updown_eth_5m_v3_1,False,eth_5m_v3_1,ETH,5m,UP,0xb740295fe143abc668d2426eb9b1bf776edf3655dbf7d797d9e938899cf01b63,True,23.53921192,Up,0.51,v1,1,eth_5m_v1,2,True,2,True,2,True,1,False
1779376511112089,2026-05-21 15:15:11.112089,poly_updown_eth_5m_v3_1,False,eth_5m_v3_1,ETH,5m,UP,0xb740295fe143abc668d2426eb9b1bf776edf3655dbf7d797d9e938899cf01b63,True,23.53921192,Up,0.51,v1,1,eth_5m_v1,2,True,2,True,2,True,1,False
1779376511112089,2026-05-21 15:15:11.112089,poly_updown_eth_5m_v3_1,False,eth_5m_v3_1,ETH,5m,UP,0xb740295fe143abc668d2426eb9b1bf776edf3655dbf7d797d9e938899cf01b63,True,23.53921192,Up,0.51,v1,1,eth_5m_v1,2,True,2,True,2,True,1,False
1779376511112089,2026-05-21 15:15:11.112089,poly_updown_eth_5m_v3_1,False,eth_5m_v3_1,ETH,5m,UP,0xb740295fe143abc668d2426eb9b1bf776edf3655dbf7d797d9e938899cf01b63,True,23.53921192,Up,0.51,v1,1,eth_5m_v1,2,True,2,True,2,True,1,False
1779376511117506,2026-05-21 15:15:11.117506,poly_updown_btc_5m_v3_3,False,btc_5m_v3_3,BTC,5m,UP,0xe6270d5d7fdd26b4c13025e105451dcf2ab87fe9a053418b155f73a95d8a4feb,True,23.53921192,Up,0.51,v1,3,btc_5m_v1,2,True,0,False,1,False,1,False
1779376511117506,2026-05-21 15:15:11.117506,poly_updown_btc_5m_v3_3,False,btc_5m_v3_3,BTC,5m,UP,0xe6270d5d7fdd26b4c13025e105451dcf2ab87fe9a053418b155f73a95d8a4feb,True,23.53921192,Up,0.51,v1,3,btc_5m_v1,2,True,0,False,1,False,1,False
1779376511117506,2026-05-21 15:15:11.117506,poly_updown_btc_5m_v3_3,False,btc_5m_v3_3,BTC,5m,UP,0xe6270d5d7fdd26b4c13025e105451dcf2ab87fe9a053418b155f73a95d8a4feb,True,23.53921192,Up,0.51,v1,3,btc_5m_v1,2,True,0,False,1,False,1,False
1779376511117506,2026-05-21 15:15:11.117506,poly_updown_btc_5m_v3_3,False,btc_5m_v3_3,BTC,5m,UP,0xe6270d5d7fdd26b4c13025e105451dcf2ab87fe9a053418b155f73a95d8a4feb,True,23.53921192,Up,0.51,v1,3,btc_5m_v1,2,True,0,False,1,False,1,False
1779376511127728,2026-05-21 15:15:11.127728,poly_updown_eth_5m_sniper,False,eth_5m_sniper,ETH,5m,UP,0xb740295fe143abc668d2426eb9b1bf776edf3655dbf7d797d9e938899cf01b63,True,23.53921192,Up,0.51,v1,sniper,eth_5m_v1,2,True,2,True,2,True,1,False
1779376511127728,2026-05-21 15:15:11.127728,poly_updown_eth_5m_sniper,False,eth_5m_sniper,ETH,5m,UP,0xb740295fe143abc668d2426eb9b1bf776edf3655dbf7d797d9e938899cf01b63,True,23.53921192,Up,0.51,v1,sniper,eth_5m_v1,2,True,2,True,2,True,1,False
1779376511127728,2026-05-21 15:15:11.127728,poly_updown_eth_5m_sniper,False,eth_5m_sniper,ETH,5m,UP,0xb740295fe143abc668d2426eb9b1bf776edf3655dbf7d797d9e938899cf01b63,True,23.53921192,Up,0.51,v1,sniper,eth_5m_v1,2,True,2,True,2,True,1,False
1779376511131370,2026-05-21 15:15:11.131370,poly_updown_eth_5m_v3_3,False,eth_5m_v3_3,ETH,5m,UP,0xb740295fe143abc668d2426eb9b1bf776edf3655dbf7d797d9e938899cf01b63,True,23.53921192,Up,0.51,v1,3,eth_5m_v1,2,True,2,True,2,True,1,False
1779376511131370,2026-05-21 15:15:11.131370,poly_updown_eth_5m_v3_3,False,eth_5m_v3_3,ETH,5m,UP,0xb740295fe143abc668d2426eb9b1bf776edf3655dbf7d797d9e938899cf01b63,True,23.53921192,Up,0.51,v1,3,eth_5m_v1,2,True,2,True,2,True,1,False
1779376511131370,2026-05-21 15:15:11.131370,poly_updown_eth_5m_v3_3,False,eth_5m_v3_3,ETH,5m,UP,0xb740295fe143abc668d2426eb9b1bf776edf3655dbf7d797d9e938899cf01b63,True,23.53921192,Up,0.51,v1,3,eth_5m_v1,2,True,2,True,2,True,1,False
1779376511131370,2026-05-21 15:15:11.131370,poly_updown_eth_5m_v3_3,False,eth_5m_v3_3,ETH,5m,UP,0xb740295fe143abc668d2426eb9b1bf776edf3655dbf7d797d9e938899cf01b63,True,23.53921192,Up,0.51,v1,3,eth_5m_v1,2,True,2,True,2,True,1,False
1779376511143243,2026-05-21 15:15:11.143243,poly_updown_eth_5m_v4,False,eth_5m_v4,ETH,5m,UP,0xb740295fe143abc668d2426eb9b1bf776edf3655dbf7d797d9e938899cf01b63,True,23.53921192,Up,0.51,v1,v4,eth_5m_v1,2,True,2,True,2,True,1,False
1779376511143243,2026-05-21 15:15:11.143243,poly_updown_eth_5m_v4,False,eth_5m_v4,ETH,5m,UP,0xb740295fe143abc668d2426eb9b1bf776edf3655dbf7d797d9e938899cf01b63,True,23.53921192,Up,0.51,v1,v4,eth_5m_v1,2,True,2,True,2,True,1,False
1779376511143243,2026-05-21 15:15:11.143243,poly_updown_eth_5m_v4,False,eth_5m_v4,ETH,5m,UP,0xb740295fe143abc668d2426eb9b1bf776edf3655dbf7d797d9e938899cf01b63,True,23.53921192,Up,0.51,v1,v4,eth_5m_v1,2,True,2,True,2,True,1,False
1779376511143243,2026-05-21 15:15:11.143243,poly_updown_eth_5m_v4,False,eth_5m_v4,ETH,5m,UP,0xb740295fe143abc668d2426eb9b1bf776edf3655dbf7d797d9e938899cf01b63,True,23.53921192,Up,0.51,v1,v4,eth_5m_v1,2,True,2,True,2,True,1,False
1779376511159044,2026-05-21 15:15:11.159044,poly_updown_eth_5m_v3_2,False,eth_5m_v3_2,ETH,5m,UP,0xb740295fe143abc668d2426eb9b1bf776edf3655dbf7d797d9e938899cf01b63,True,23.53921192,Up,0.51,v1,2,eth_5m_v1,2,True,2,True,2,True,1,False
1779376511159044,2026-05-21 15:15:11.159044,poly_updown_eth_5m_v3_2,False,eth_5m_v3_2,ETH,5m,UP,0xb740295fe143abc668d2426eb9b1bf776edf3655dbf7d797d9e938899cf01b63,True,23.53921192,Up,0.51,v1,2,eth_5m_v1,2,True,2,True,2,True,1,False
1779376511159044,2026-05-21 15:15:11.159044,poly_updown_eth_5m_v3_2,False,eth_5m_v3_2,ETH,5m,UP,0xb740295fe143abc668d2426eb9b1bf776edf3655dbf7d797d9e938899cf01b63,True,23.53921192,Up,0.51,v1,2,eth_5m_v1,2,True,2,True,2,True,1,False
1779376511159044,2026-05-21 15:15:11.159044,poly_updown_eth_5m_v3_2,False,eth_5m_v3_2,ETH,5m,UP,0xb740295fe143abc668d2426eb9b1bf776edf3655dbf7d797d9e938899cf01b63,True,23.53921192,Up,0.51,v1,2,eth_5m_v1,2,True,2,True,2,True,1,False
1779376511458663,2026-05-21 15:15:11.458663,poly_updown_btc_15m_sniper,False,btc_15m_sniper,BTC,15m,UP,0xb658f4c3991d8e55da4ce8110af1cbc7cae5bd3003ab81049ef98177aa3ba68e,False,-24.999996,Down,0.51,v1,sniper,btc_15m_v1,2,True,0,False,1,False,1,False
1779376511458663,2026-05-21 15:15:11.458663,poly_updown_btc_15m_sniper,False,btc_15m_sniper,BTC,15m,UP,0xb658f4c3991d8e55da4ce8110af1cbc7cae5bd3003ab81049ef98177aa3ba68e,False,-24.999996,Down,0.51,v1,sniper,btc_15m_v1,2,True,0,False,1,False,1,False
1779376511458663,2026-05-21 15:15:11.458663,poly_updown_btc_15m_sniper,False,btc_15m_sniper,BTC,15m,UP,0xb658f4c3991d8e55da4ce8110af1cbc7cae5bd3003ab81049ef98177aa3ba68e,False,-24.999996,Down,0.51,v1,sniper,btc_15m_v1,2,True,0,False,1,False,1,False
1779376511458663,2026-05-21 15:15:11.458663,poly_updown_btc_15m_sniper,False,btc_15m_sniper,BTC,15m,UP,0xb658f4c3991d8e55da4ce8110af1cbc7cae5bd3003ab81049ef98177aa3ba68e,False,-24.999996,Down,0.51,v1,sniper,btc_15m_v1,2,True,0,False,1,False,1,False
1779376511463145,2026-05-21 15:15:11.463145,poly_updown_eth_15m_sniper,False,eth_15m_sniper,ETH,15m,UP,0x41dc321e3e540e164201f3b94670dfd30aca368a185ac5dbd47318501088b100,False,-24.999996,Down,0.51,v1,sniper,eth_15m_v1,2,True,2,True,2,True,1,False
1779376511463145,2026-05-21 15:15:11.463145,poly_updown_eth_15m_sniper,False,eth_15m_sniper,ETH,15m,UP,0x41dc321e3e540e164201f3b94670dfd30aca368a185ac5dbd47318501088b100,False,-24.999996,Down,0.51,v1,sniper,eth_15m_v1,2,True,2,True,2,True,1,False
1779376511463145,2026-05-21 15:15:11.463145,poly_updown_eth_15m_sniper,False,eth_15m_sniper,ETH,15m,UP,0x41dc321e3e540e164201f3b94670dfd30aca368a185ac5dbd47318501088b100,False,-24.999996,Down,0.51,v1,sniper,eth_15m_v1,2,True,2,True,2,True,1,False
1779376511463145,2026-05-21 15:15:11.463145,poly_updown_eth_15m_sniper,False,eth_15m_sniper,ETH,15m,UP,0x41dc321e3e540e164201f3b94670dfd30aca368a185ac5dbd47318501088b100,False,-24.999996,Down,0.51,v1,sniper,eth_15m_v1,2,True,2,True,2,True,1,False
1779376511463904,2026-05-21 15:15:11.463904,poly_updown_sol_15m_sniper,False,sol_15m_sniper,SOL,15m,UP,0x1dbed927318742b10ac493b37baa678514bc413cbda18e7485f3672fa9b1570f,False,-26.040812,Down,0.5103999968639994,v1,sniper,sol_15m_v1,2,True,1,False,1,False,1,False
1779376511463904,2026-05-21 15:15:11.463904,poly_updown_sol_15m_sniper,False,sol_15m_sniper,SOL,15m,UP,0x1dbed927318742b10ac493b37baa678514bc413cbda18e7485f3672fa9b1570f,False,-26.040812,Down,0.5103999968639994,v1,sniper,sol_15m_v1,2,True,1,False,1,False,1,False
1779376511463904,2026-05-21 15:15:11.463904,poly_updown_sol_15m_sniper,False,sol_15m_sniper,SOL,15m,UP,0x1dbed927318742b10ac493b37baa678514bc413cbda18e7485f3672fa9b1570f,False,-26.040812,Down,0.5103999968639994,v1,sniper,sol_15m_v1,2,True,1,False,1,False,1,False
1779376511463904,2026-05-21 15:15:11.463904,poly_updown_sol_15m_sniper,False,sol_15m_sniper,SOL,15m,UP,0x1dbed927318742b10ac493b37baa678514bc413cbda18e7485f3672fa9b1570f,False,-26.040812,Down,0.5103999968639994,v1,sniper,sol_15m_v1,2,True,1,False,1,False,1,False
1779376512015819,2026-05-21 15:15:12.015819,poly_updown_eth_15m_sniper,False,eth_15m_sniper,ETH,15m,UP,0x41dc321e3e540e164201f3b94670dfd30aca368a185ac5dbd47318501088b100,False,-24.999996,Down,0.51,v1,sniper,eth_15m_v1,2,True,2,True,2,True,1,False
1779376512015819,2026-05-21 15:15:12.015819,poly_updown_eth_15m_sniper,False,eth_15m_sniper,ETH,15m,UP,0x41dc321e3e540e164201f3b94670dfd30aca368a185ac5dbd47318501088b100,False,-24.999996,Down,0.51,v1,sniper,eth_15m_v1,2,True,2,True,2,True,1,False
1779376512015819,2026-05-21 15:15:12.015819,poly_updown_eth_15m_sniper,False,eth_15m_sniper,ETH,15m,UP,0x41dc321e3e540e164201f3b94670dfd30aca368a185ac5dbd47318501088b100,False,-24.999996,Down,0.51,v1,sniper,eth_15m_v1,2,True,2,True,2,True,1,False
1779376512015819,2026-05-21 15:15:12.015819,poly_updown_eth_15m_sniper,False,eth_15m_sniper,ETH,15m,UP,0x41dc321e3e540e164201f3b94670dfd30aca368a185ac5dbd47318501088b100,False,-24.999996,Down,0.51,v1,sniper,eth_15m_v1,2,True,2,True,2,True,1,False
1779376512019667,2026-05-21 15:15:12.019667,poly_updown_sol_15m_sniper,False,sol_15m_sniper,SOL,15m,UP,0x1dbed927318742b10ac493b37baa678514bc413cbda18e7485f3672fa9b1570f,False,-26.040812,Down,0.5103999968639994,v1,sniper,sol_15m_v1,2,True,1,False,1,False,1,False
1779376512019667,2026-05-21 15:15:12.019667,poly_updown_sol_15m_sniper,False,sol_15m_sniper,SOL,15m,UP,0x1dbed927318742b10ac493b37baa678514bc413cbda18e7485f3672fa9b1570f,False,-26.040812,Down,0.5103999968639994,v1,sniper,sol_15m_v1,2,True,1,False,1,False,1,False
1779376512019667,2026-05-21 15:15:12.019667,poly_updown_sol_15m_sniper,False,sol_15m_sniper,SOL,15m,UP,0x1dbed927318742b10ac493b37baa678514bc413cbda18e7485f3672fa9b1570f,False,-26.040812,Down,0.5103999968639994,v1,sniper,sol_15m_v1,2,True,1,False,1,False,1,False
1779376512019667,2026-05-21 15:15:12.019667,poly_updown_sol_15m_sniper,False,sol_15m_sniper,SOL,15m,UP,0x1dbed927318742b10ac493b37baa678514bc413cbda18e7485f3672fa9b1570f,False,-26.040812,Down,0.5103999968639994,v1,sniper,sol_15m_v1,2,True,1,False,1,False,1,False
1779376512021614,2026-05-21 15:15:12.021614,poly_updown_btc_15m_sniper,False,btc_15m_sniper,BTC,15m,UP,0xb658f4c3991d8e55da4ce8110af1cbc7cae5bd3003ab81049ef98177aa3ba68e,False,-24.999996,Down,0.51,v1,sniper,btc_15m_v1,2,True,0,False,1,False,1,False
1779376512021614,2026-05-21 15:15:12.021614,poly_updown_btc_15m_sniper,False,btc_15m_sniper,BTC,15m,UP,0xb658f4c3991d8e55da4ce8110af1cbc7cae5bd3003ab81049ef98177aa3ba68e,False,-24.999996,Down,0.51,v1,sniper,btc_15m_v1,2,True,0,False,1,False,1,False
1779376512021614,2026-05-21 15:15:12.021614,poly_updown_btc_15m_sniper,False,btc_15m_sniper,BTC,15m,UP,0xb658f4c3991d8e55da4ce8110af1cbc7cae5bd3003ab81049ef98177aa3ba68e,False,-24.999996,Down,0.51,v1,sniper,btc_15m_v1,2,True,0,False,1,False,1,False
1779376512021614,2026-05-21 15:15:12.021614,poly_updown_btc_15m_sniper,False,btc_15m_sniper,BTC,15m,UP,0xb658f4c3991d8e55da4ce8110af1cbc7cae5bd3003ab81049ef98177aa3ba68e,False,-24.999996,Down,0.51,v1,sniper,btc_15m_v1,2,True,0,False,1,False,1,False
1779377701953143,2026-05-21 15:35:01.953143,poly_updown_btc_5m_sniper,False,btc_5m_sniper,BTC,5m,DOWN,0xed47d895daefb3a654bdec4db4d63f536adb605141c12fff5d59d08cfd6350c8,False,-1.91346062,Up,0.52,v1,sniper,btc_5m_v1,1,False,2,False,1,False,1,False
1779377701953143,2026-05-21 15:35:01.953143,poly_updown_btc_5m_sniper,False,btc_5m_sniper,BTC,5m,DOWN,0xed47d895daefb3a654bdec4db4d63f536adb605141c12fff5d59d08cfd6350c8,False,-1.91346062,Up,0.52,v1,sniper,btc_5m_v1,1,False,2,False,1,False,1,False
1779377701953143,2026-05-21 15:35:01.953143,poly_updown_btc_5m_sniper,False,btc_5m_sniper,BTC,5m,DOWN,0xed47d895daefb3a654bdec4db4d63f536adb605141c12fff5d59d08cfd6350c8,False,-1.91346062,Up,0.52,v1,sniper,btc_5m_v1,1,False,2,False,1,False,1,False
1779377701953143,2026-05-21 15:35:01.953143,poly_updown_btc_5m_sniper,False,btc_5m_sniper,BTC,5m,DOWN,0xed47d895daefb3a654bdec4db4d63f536adb605141c12fff5d59d08cfd6350c8,False,-1.91346062,Up,0.52,v1,sniper,btc_5m_v1,1,False,2,False,1,False,1,False
1779377701953143,2026-05-21 15:35:01.953143,poly_updown_btc_5m_sniper,False,btc_5m_sniper,BTC,5m,DOWN,0xed47d895daefb3a654bdec4db4d63f536adb605141c12fff5d59d08cfd6350c8,False,-1.91346062,Up,0.52,v1,sniper,btc_5m_v1,1,False,2,False,1,False,1,False
1779377701953143,2026-05-21 15:35:01.953143,poly_updown_btc_5m_sniper,False,btc_5m_sniper,BTC,5m,DOWN,0xed47d895daefb3a654bdec4db4d63f536adb605141c12fff5d59d08cfd6350c8,False,-1.91346062,Up,0.52,v1,sniper,btc_5m_v1,1,False,2,False,1,False,1,False
1779377701953143,2026-05-21 15:35:01.953143,poly_updown_btc_5m_sniper,False,btc_5m_sniper,BTC,5m,DOWN,0xed47d895daefb3a654bdec4db4d63f536adb605141c12fff5d59d08cfd6350c8,False,-1.91346062,Up,0.52,v1,sniper,btc_5m_v1,1,False,2,False,1,False,1,False
1779377701953143,2026-05-21 15:35:01.953143,poly_updown_btc_5m_sniper,False,btc_5m_sniper,BTC,5m,DOWN,0xed47d895daefb3a654bdec4db4d63f536adb605141c12fff5d59d08cfd6350c8,False,-1.91346062,Up,0.52,v1,sniper,btc_5m_v1,1,False,2,False,1,False,1,False
1779377705274071,2026-05-21 15:35:05.274071,poly_updown_btc_5m_sniper,False,btc_5m_sniper,BTC,5m,DOWN,0xed47d895daefb3a654bdec4db4d63f536adb605141c12fff5d59d08cfd6350c8,False,-1.91346062,Up,0.52,v1,sniper,btc_5m_v1,1,False,2,False,1,False,1,False
1779377705274071,2026-05-21 15:35:05.274071,poly_updown_btc_5m_sniper,False,btc_5m_sniper,BTC,5m,DOWN,0xed47d895daefb3a654bdec4db4d63f536adb605141c12fff5d59d08cfd6350c8,False,-1.91346062,Up,0.52,v1,sniper,btc_5m_v1,1,False,2,False,1,False,1,False
1779377705274071,2026-05-21 15:35:05.274071,poly_updown_btc_5m_sniper,False,btc_5m_sniper,BTC,5m,DOWN,0xed47d895daefb3a654bdec4db4d63f536adb605141c12fff5d59d08cfd6350c8,False,-1.91346062,Up,0.52,v1,sniper,btc_5m_v1,1,False,2,False,1,False,1,False
1779377705274071,2026-05-21 15:35:05.274071,poly_updown_btc_5m_sniper,False,btc_5m_sniper,BTC,5m,DOWN,0xed47d895daefb3a654bdec4db4d63f536adb605141c12fff5d59d08cfd6350c8,False,-1.91346062,Up,0.52,v1,sniper,btc_5m_v1,1,False,2,False,1,False,1,False
1779377705274071,2026-05-21 15:35:05.274071,poly_updown_btc_5m_sniper,False,btc_5m_sniper,BTC,5m,DOWN,0xed47d895daefb3a654bdec4db4d63f536adb605141c12fff5d59d08cfd6350c8,False,-1.91346062,Up,0.52,v1,sniper,btc_5m_v1,1,False,2,False,1,False,1,False
1779377705274071,2026-05-21 15:35:05.274071,poly_updown_btc_5m_sniper,False,btc_5m_sniper,BTC,5m,DOWN,0xed47d895daefb3a654bdec4db4d63f536adb605141c12fff5d59d08cfd6350c8,False,-1.91346062,Up,0.52,v1,sniper,btc_5m_v1,1,False,2,False,1,False,1,False
1779377705274071,2026-05-21 15:35:05.274071,poly_updown_btc_5m_sniper,False,btc_5m_sniper,BTC,5m,DOWN,0xed47d895daefb3a654bdec4db4d63f536adb605141c12fff5d59d08cfd6350c8,False,-1.91346062,Up,0.52,v1,sniper,btc_5m_v1,1,False,2,False,1,False,1,False
1779377705274071,2026-05-21 15:35:05.274071,poly_updown_btc_5m_sniper,False,btc_5m_sniper,BTC,5m,DOWN,0xed47d895daefb3a654bdec4db4d63f536adb605141c12fff5d59d08cfd6350c8,False,-1.91346062,Up,0.52,v1,sniper,btc_5m_v1,1,False,2,False,1,False,1,False
1779377763398069,2026-05-21 15:36:03.398069,poly_updown_eth_5m_momo_v2_HEDGE_f7,True,eth_5m_momo_v2_HEDGE,ETH,5m,DOWN,0x4b66d9fa37e87085a52b99314a32d78eafc29f30b889622ff21cfab44b08d2b2,False,-25.0,Up,0.5,v2,HEDGE,eth_5m_v2,1,False,2,False,1,False,2,False
1779377763398069,2026-05-21 15:36:03.398069,poly_updown_eth_5m_momo_v2_HEDGE_f7,True,eth_5m_momo_v2_HEDGE,ETH,5m,DOWN,0x4b66d9fa37e87085a52b99314a32d78eafc29f30b889622ff21cfab44b08d2b2,False,-25.0,Up,0.5,v2,HEDGE,eth_5m_v2,1,False,2,False,1,False,2,False
1779377763402192,2026-05-21 15:36:03.402192,poly_updown_eth_5m_momo_v2_SELL_f7,True,eth_5m_momo_v2_SELL,ETH,5m,DOWN,0x4b66d9fa37e87085a52b99314a32d78eafc29f30b889622ff21cfab44b08d2b2,False,-25.0,Up,0.5,v2,SELL,eth_5m_v2,1,False,2,False,1,False,2,False
1779377763402192,2026-05-21 15:36:03.402192,poly_updown_eth_5m_momo_v2_SELL_f7,True,eth_5m_momo_v2_SELL,ETH,5m,DOWN,0x4b66d9fa37e87085a52b99314a32d78eafc29f30b889622ff21cfab44b08d2b2,False,-25.0,Up,0.5,v2,SELL,eth_5m_v2,1,False,2,False,1,False,2,False
1779377763406129,2026-05-21 15:36:03.406129,poly_updown_btc_5m_momo_v2_SELL_f7,True,btc_5m_momo_v2_SELL,BTC,5m,DOWN,0xed47d895daefb3a654bdec4db4d63f536adb605141c12fff5d59d08cfd6350c8,False,-0.5,exited_at_bid,0.5,v2,SELL,btc_5m_v2,1,False,2,False,1,False,1,False
1779377763406129,2026-05-21 15:36:03.406129,poly_updown_btc_5m_momo_v2_SELL_f7,True,btc_5m_momo_v2_SELL,BTC,5m,DOWN,0xed47d895daefb3a654bdec4db4d63f536adb605141c12fff5d59d08cfd6350c8,False,-0.5,exited_at_bid,0.5,v2,SELL,btc_5m_v2,1,False,2,False,1,False,1,False
1779377763406129,2026-05-21 15:36:03.406129,poly_updown_btc_5m_momo_v2_SELL_f7,True,btc_5m_momo_v2_SELL,BTC,5m,DOWN,0xed47d895daefb3a654bdec4db4d63f536adb605141c12fff5d59d08cfd6350c8,False,-0.5,exited_at_bid,0.5,v2,SELL,btc_5m_v2,1,False,2,False,1,False,1,False
1779377763406129,2026-05-21 15:36:03.406129,poly_updown_btc_5m_momo_v2_SELL_f7,True,btc_5m_momo_v2_SELL,BTC,5m,DOWN,0xed47d895daefb3a654bdec4db4d63f536adb605141c12fff5d59d08cfd6350c8,False,-0.5,exited_at_bid,0.5,v2,SELL,btc_5m_v2,1,False,2,False,1,False,1,False
1779377763450724,2026-05-21 15:36:03.450724,poly_updown_btc_5m_momo_v2_HOLD_f7,True,btc_5m_momo_v2_HOLD,BTC,5m,DOWN,0xed47d895daefb3a654bdec4db4d63f536adb605141c12fff5d59d08cfd6350c8,False,-25.0,Up,0.5,v2,HOLD,btc_5m_v2,1,False,2,False,1,False,1,False
1779377763450724,2026-05-21 15:36:03.450724,poly_updown_btc_5m_momo_v2_HOLD_f7,True,btc_5m_momo_v2_HOLD,BTC,5m,DOWN,0xed47d895daefb3a654bdec4db4d63f536adb605141c12fff5d59d08cfd6350c8,False,-25.0,Up,0.5,v2,HOLD,btc_5m_v2,1,False,2,False,1,False,1,False
1779377763450724,2026-05-21 15:36:03.450724,poly_updown_btc_5m_momo_v2_HOLD_f7,True,btc_5m_momo_v2_HOLD,BTC,5m,DOWN,0xed47d895daefb3a654bdec4db4d63f536adb605141c12fff5d59d08cfd6350c8,False,-25.0,Up,0.5,v2,HOLD,btc_5m_v2,1,False,2,False,1,False,1,False
1779377763450724,2026-05-21 15:36:03.450724,poly_updown_btc_5m_momo_v2_HOLD_f7,True,btc_5m_momo_v2_HOLD,BTC,5m,DOWN,0xed47d895daefb3a654bdec4db4d63f536adb605141c12fff5d59d08cfd6350c8,False,-25.0,Up,0.5,v2,HOLD,btc_5m_v2,1,False,2,False,1,False,1,False
1779377763457815,2026-05-21 15:36:03.457815,poly_updown_eth_5m_momo_v2_HOLD_f7,True,eth_5m_momo_v2_HOLD,ETH,5m,DOWN,0x4b66d9fa37e87085a52b99314a32d78eafc29f30b889622ff21cfab44b08d2b2,False,-25.0,Up,0.5,v2,HOLD,eth_5m_v2,1,False,2,False,1,False,2,False
1779377763457815,2026-05-21 15:36:03.457815,poly_updown_eth_5m_momo_v2_HOLD_f7,True,eth_5m_momo_v2_HOLD,ETH,5m,DOWN,0x4b66d9fa37e87085a52b99314a32d78eafc29f30b889622ff21cfab44b08d2b2,False,-25.0,Up,0.5,v2,HOLD,eth_5m_v2,1,False,2,False,1,False,2,False
1779377763459953,2026-05-21 15:36:03.459953,poly_updown_btc_5m_momo_v2_HEDGE_f7,True,btc_5m_momo_v2_HEDGE,BTC,5m,DOWN,0xed47d895daefb3a654bdec4db4d63f536adb605141c12fff5d59d08cfd6350c8,False,-0.99,Up,0.5,v2,HEDGE,btc_5m_v2,1,False,2,False,1,False,1,False
1779377763459953,2026-05-21 15:36:03.459953,poly_updown_btc_5m_momo_v2_HEDGE_f7,True,btc_5m_momo_v2_HEDGE,BTC,5m,DOWN,0xed47d895daefb3a654bdec4db4d63f536adb605141c12fff5d59d08cfd6350c8,False,-0.99,Up,0.5,v2,HEDGE,btc_5m_v2,1,False,2,False,1,False,1,False
1779377763459953,2026-05-21 15:36:03.459953,poly_updown_btc_5m_momo_v2_HEDGE_f7,True,btc_5m_momo_v2_HEDGE,BTC,5m,DOWN,0xed47d895daefb3a654bdec4db4d63f536adb605141c12fff5d59d08cfd6350c8,False,-0.99,Up,0.5,v2,HEDGE,btc_5m_v2,1,False,2,False,1,False,1,False
1779377763459953,2026-05-21 15:36:03.459953,poly_updown_btc_5m_momo_v2_HEDGE_f7,True,btc_5m_momo_v2_HEDGE,BTC,5m,DOWN,0xed47d895daefb3a654bdec4db4d63f536adb605141c12fff5d59d08cfd6350c8,False,-0.99,Up,0.5,v2,HEDGE,btc_5m_v2,1,False,2,False,1,False,1,False
1779377763459953,2026-05-21 15:36:03.459953,poly_updown_btc_5m_momo_v2_HEDGE_f7,True,btc_5m_momo_v2_HEDGE,BTC,5m,DOWN,0xed47d895daefb3a654bdec4db4d63f536adb605141c12fff5d59d08cfd6350c8,False,-0.99,Up,0.5,v2,HEDGE,btc_5m_v2,1,False,2,False,1,False,1,False
1779377763459953,2026-05-21 15:36:03.459953,poly_updown_btc_5m_momo_v2_HEDGE_f7,True,btc_5m_momo_v2_HEDGE,BTC,5m,DOWN,0xed47d895daefb3a654bdec4db4d63f536adb605141c12fff5d59d08cfd6350c8,False,-0.99,Up,0.5,v2,HEDGE,btc_5m_v2,1,False,2,False,1,False,1,False
1779377763459953,2026-05-21 15:36:03.459953,poly_updown_btc_5m_momo_v2_HEDGE_f7,True,btc_5m_momo_v2_HEDGE,BTC,5m,DOWN,0xed47d895daefb3a654bdec4db4d63f536adb605141c12fff5d59d08cfd6350c8,False,-0.99,Up,0.5,v2,HEDGE,btc_5m_v2,1,False,2,False,1,False,1,False
1779377763459953,2026-05-21 15:36:03.459953,poly_updown_btc_5m_momo_v2_HEDGE_f7,True,btc_5m_momo_v2_HEDGE,BTC,5m,DOWN,0xed47d895daefb3a654bdec4db4d63f536adb605141c12fff5d59d08cfd6350c8,False,-0.99,Up,0.5,v2,HEDGE,btc_5m_v2,1,False,2,False,1,False,1,False
1779377766459211,2026-05-21 15:36:06.459211,poly_updown_btc_5m_momo_v2_HEDGE_f7,True,btc_5m_momo_v2_HEDGE,BTC,5m,DOWN,0xed47d895daefb3a654bdec4db4d63f536adb605141c12fff5d59d08cfd6350c8,False,-0.99,Up,0.5,v2,HEDGE,btc_5m_v2,1,False,2,False,1,False,1,False
1779377766459211,2026-05-21 15:36:06.459211,poly_updown_btc_5m_momo_v2_HEDGE_f7,True,btc_5m_momo_v2_HEDGE,BTC,5m,DOWN,0xed47d895daefb3a654bdec4db4d63f536adb605141c12fff5d59d08cfd6350c8,False,-0.99,Up,0.5,v2,HEDGE,btc_5m_v2,1,False,2,False,1,False,1,False
1779377766459211,2026-05-21 15:36:06.459211,poly_updown_btc_5m_momo_v2_HEDGE_f7,True,btc_5m_momo_v2_HEDGE,BTC,5m,DOWN,0xed47d895daefb3a654bdec4db4d63f536adb605141c12fff5d59d08cfd6350c8,False,-0.99,Up,0.5,v2,HEDGE,btc_5m_v2,1,False,2,False,1,False,1,False
1779377766459211,2026-05-21 15:36:06.459211,poly_updown_btc_5m_momo_v2_HEDGE_f7,True,btc_5m_momo_v2_HEDGE,BTC,5m,DOWN,0xed47d895daefb3a654bdec4db4d63f536adb605141c12fff5d59d08cfd6350c8,False,-0.99,Up,0.5,v2,HEDGE,btc_5m_v2,1,False,2,False,1,False,1,False
1779377766459211,2026-05-21 15:36:06.459211,poly_updown_btc_5m_momo_v2_HEDGE_f7,True,btc_5m_momo_v2_HEDGE,BTC,5m,DOWN,0xed47d895daefb3a654bdec4db4d63f536adb605141c12fff5d59d08cfd6350c8,False,-0.99,Up,0.5,v2,HEDGE,btc_5m_v2,1,False,2,False,1,False,1,False
1779377766459211,2026-05-21 15:36:06.459211,poly_updown_btc_5m_momo_v2_HEDGE_f7,True,btc_5m_momo_v2_HEDGE,BTC,5m,DOWN,0xed47d895daefb3a654bdec4db4d63f536adb605141c12fff5d59d08cfd6350c8,False,-0.99,Up,0.5,v2,HEDGE,btc_5m_v2,1,False,2,False,1,False,1,False
1779377766459211,2026-05-21 15:36:06.459211,poly_updown_btc_5m_momo_v2_HEDGE_f7,True,btc_5m_momo_v2_HEDGE,BTC,5m,DOWN,0xed47d895daefb3a654bdec4db4d63f536adb605141c12fff5d59d08cfd6350c8,False,-0.99,Up,0.5,v2,HEDGE,btc_5m_v2,1,False,2,False,1,False,1,False
1779377766459211,2026-05-21 15:36:06.459211,poly_updown_btc_5m_momo_v2_HEDGE_f7,True,btc_5m_momo_v2_HEDGE,BTC,5m,DOWN,0xed47d895daefb3a654bdec4db4d63f536adb605141c12fff5d59d08cfd6350c8,False,-0.99,Up,0.5,v2,HEDGE,btc_5m_v2,1,False,2,False,1,False,1,False
1779377766459617,2026-05-21 15:36:06.459617,poly_updown_btc_5m_momo_v2_HOLD_f7,True,btc_5m_momo_v2_HOLD,BTC,5m,DOWN,0xed47d895daefb3a654bdec4db4d63f536adb605141c12fff5d59d08cfd6350c8,False,-25.0,Up,0.5,v2,HOLD,btc_5m_v2,1,False,2,False,1,False,1,False
1779377766459617,2026-05-21 15:36:06.459617,poly_updown_btc_5m_momo_v2_HOLD_f7,True,btc_5m_momo_v2_HOLD,BTC,5m,DOWN,0xed47d895daefb3a654bdec4db4d63f536adb605141c12fff5d59d08cfd6350c8,False,-25.0,Up,0.5,v2,HOLD,btc_5m_v2,1,False,2,False,1,False,1,False
1779377766459617,2026-05-21 15:36:06.459617,poly_updown_btc_5m_momo_v2_HOLD_f7,True,btc_5m_momo_v2_HOLD,BTC,5m,DOWN,0xed47d895daefb3a654bdec4db4d63f536adb605141c12fff5d59d08cfd6350c8,False,-25.0,Up,0.5,v2,HOLD,btc_5m_v2,1,False,2,False,1,False,1,False
1779377766459617,2026-05-21 15:36:06.459617,poly_updown_btc_5m_momo_v2_HOLD_f7,True,btc_5m_momo_v2_HOLD,BTC,5m,DOWN,0xed47d895daefb3a654bdec4db4d63f536adb605141c12fff5d59d08cfd6350c8,False,-25.0,Up,0.5,v2,HOLD,btc_5m_v2,1,False,2,False,1,False,1,False
1779377766460293,2026-05-21 15:36:06.460293,poly_updown_btc_5m_momo_v2_SELL_f7,True,btc_5m_momo_v2_SELL,BTC,5m,DOWN,0xed47d895daefb3a654bdec4db4d63f536adb605141c12fff5d59d08cfd6350c8,False,-0.5,exited_at_bid,0.5,v2,SELL,btc_5m_v2,1,False,2,False,1,False,1,False
1779377766460293,2026-05-21 15:36:06.460293,poly_updown_btc_5m_momo_v2_SELL_f7,True,btc_5m_momo_v2_SELL,BTC,5m,DOWN,0xed47d895daefb3a654bdec4db4d63f536adb605141c12fff5d59d08cfd6350c8,False,-0.5,exited_at_bid,0.5,v2,SELL,btc_5m_v2,1,False,2,False,1,False,1,False
1779377766460293,2026-05-21 15:36:06.460293,poly_updown_btc_5m_momo_v2_SELL_f7,True,btc_5m_momo_v2_SELL,BTC,5m,DOWN,0xed47d895daefb3a654bdec4db4d63f536adb605141c12fff5d59d08cfd6350c8,False,-0.5,exited_at_bid,0.5,v2,SELL,btc_5m_v2,1,False,2,False,1,False,1,False
1779377766460293,2026-05-21 15:36:06.460293,poly_updown_btc_5m_momo_v2_SELL_f7,True,btc_5m_momo_v2_SELL,BTC,5m,DOWN,0xed47d895daefb3a654bdec4db4d63f536adb605141c12fff5d59d08cfd6350c8,False,-0.5,exited_at_bid,0.5,v2,SELL,btc_5m_v2,1,False,2,False,1,False,1,False
1779378602260815,2026-05-21 15:50:02.260815,poly_updown_btc_5m_sniper,False,btc_5m_sniper,BTC,5m,UP,0x03635da8d522b5790c994a461b453ea56c5afc981d452923ef372aa7de6d0426,True,-1.03061208,Up,0.49,v1,sniper,btc_5m_v1,2,True,2,True,1,False,1,False
1779378602260815,2026-05-21 15:50:02.260815,poly_updown_btc_5m_sniper,False,btc_5m_sniper,BTC,5m,UP,0x03635da8d522b5790c994a461b453ea56c5afc981d452923ef372aa7de6d0426,True,-1.03061208,Up,0.49,v1,sniper,btc_5m_v1,2,True,2,True,1,False,1,False
1779378602260815,2026-05-21 15:50:02.260815,poly_updown_btc_5m_sniper,False,btc_5m_sniper,BTC,5m,UP,0x03635da8d522b5790c994a461b453ea56c5afc981d452923ef372aa7de6d0426,True,-1.03061208,Up,0.49,v1,sniper,btc_5m_v1,2,True,2,True,1,False,1,False
1779378602260815,2026-05-21 15:50:02.260815,poly_updown_btc_5m_sniper,False,btc_5m_sniper,BTC,5m,UP,0x03635da8d522b5790c994a461b453ea56c5afc981d452923ef372aa7de6d0426,True,-1.03061208,Up,0.49,v1,sniper,btc_5m_v1,2,True,2,True,1,False,1,False
1779378602260815,2026-05-21 15:50:02.260815,poly_updown_btc_5m_sniper,False,btc_5m_sniper,BTC,5m,UP,0x03635da8d522b5790c994a461b453ea56c5afc981d452923ef372aa7de6d0426,True,-1.03061208,Up,0.49,v1,sniper,btc_5m_v1,2,True,2,True,1,False,1,False
1779378602260815,2026-05-21 15:50:02.260815,poly_updown_btc_5m_sniper,False,btc_5m_sniper,BTC,5m,UP,0x03635da8d522b5790c994a461b453ea56c5afc981d452923ef372aa7de6d0426,True,-1.03061208,Up,0.49,v1,sniper,btc_5m_v1,2,True,2,True,1,False,1,False
1779378602260815,2026-05-21 15:50:02.260815,poly_updown_btc_5m_sniper,False,btc_5m_sniper,BTC,5m,UP,0x03635da8d522b5790c994a461b453ea56c5afc981d452923ef372aa7de6d0426,True,-1.03061208,Up,0.49,v1,sniper,btc_5m_v1,2,True,2,True,1,False,1,False
1779378602260815,2026-05-21 15:50:02.260815,poly_updown_btc_5m_sniper,False,btc_5m_sniper,BTC,5m,UP,0x03635da8d522b5790c994a461b453ea56c5afc981d452923ef372aa7de6d0426,True,-1.03061208,Up,0.49,v1,sniper,btc_5m_v1,2,True,2,True,1,False,1,False
1779378610225240,2026-05-21 15:50:10.225240,poly_updown_btc_5m_sniper,False,btc_5m_sniper,BTC,5m,UP,0x03635da8d522b5790c994a461b453ea56c5afc981d452923ef372aa7de6d0426,True,-1.03061208,Up,0.49,v1,sniper,btc_5m_v1,2,True,2,True,1,False,1,False
1779378610225240,2026-05-21 15:50:10.225240,poly_updown_btc_5m_sniper,False,btc_5m_sniper,BTC,5m,UP,0x03635da8d522b5790c994a461b453ea56c5afc981d452923ef372aa7de6d0426,True,-1.03061208,Up,0.49,v1,sniper,btc_5m_v1,2,True,2,True,1,False,1,False
1779378610225240,2026-05-21 15:50:10.225240,poly_updown_btc_5m_sniper,False,btc_5m_sniper,BTC,5m,UP,0x03635da8d522b5790c994a461b453ea56c5afc981d452923ef372aa7de6d0426,True,-1.03061208,Up,0.49,v1,sniper,btc_5m_v1,2,True,2,True,1,False,1,False
1779378610225240,2026-05-21 15:50:10.225240,poly_updown_btc_5m_sniper,False,btc_5m_sniper,BTC,5m,UP,0x03635da8d522b5790c994a461b453ea56c5afc981d452923ef372aa7de6d0426,True,-1.03061208,Up,0.49,v1,sniper,btc_5m_v1,2,True,2,True,1,False,1,False
1779378610225240,2026-05-21 15:50:10.225240,poly_updown_btc_5m_sniper,False,btc_5m_sniper,BTC,5m,UP,0x03635da8d522b5790c994a461b453ea56c5afc981d452923ef372aa7de6d0426,True,-1.03061208,Up,0.49,v1,sniper,btc_5m_v1,2,True,2,True,1,False,1,False
1779378610225240,2026-05-21 15:50:10.225240,poly_updown_btc_5m_sniper,False,btc_5m_sniper,BTC,5m,UP,0x03635da8d522b5790c994a461b453ea56c5afc981d452923ef372aa7de6d0426,True,-1.03061208,Up,0.49,v1,sniper,btc_5m_v1,2,True,2,True,1,False,1,False
1779378610225240,2026-05-21 15:50:10.225240,poly_updown_btc_5m_sniper,False,btc_5m_sniper,BTC,5m,UP,0x03635da8d522b5790c994a461b453ea56c5afc981d452923ef372aa7de6d0426,True,-1.03061208,Up,0.49,v1,sniper,btc_5m_v1,2,True,2,True,1,False,1,False
1779378610225240,2026-05-21 15:50:10.225240,poly_updown_btc_5m_sniper,False,btc_5m_sniper,BTC,5m,UP,0x03635da8d522b5790c994a461b453ea56c5afc981d452923ef372aa7de6d0426,True,-1.03061208,Up,0.49,v1,sniper,btc_5m_v1,2,True,2,True,1,False,1,False
1779378905741681,2026-05-21 15:55:05.741681,poly_updown_btc_5m_sniper,False,btc_5m_sniper,BTC,5m,DOWN,0xc4790c492f0f110f6b17b5e9046e35dd880314070a25d4f27e37dc285658ba20,False,-0.980392,Up,0.51,v1,sniper,btc_5m_v1,2,False,2,False,1,False,1,False
1779378905741681,2026-05-21 15:55:05.741681,poly_updown_btc_5m_sniper,False,btc_5m_sniper,BTC,5m,DOWN,0xc4790c492f0f110f6b17b5e9046e35dd880314070a25d4f27e37dc285658ba20,False,-0.980392,Up,0.51,v1,sniper,btc_5m_v1,2,False,2,False,1,False,1,False
1779378905741681,2026-05-21 15:55:05.741681,poly_updown_btc_5m_sniper,False,btc_5m_sniper,BTC,5m,DOWN,0xc4790c492f0f110f6b17b5e9046e35dd880314070a25d4f27e37dc285658ba20,False,-0.980392,Up,0.51,v1,sniper,btc_5m_v1,2,False,2,False,1,False,1,False
1779378905741681,2026-05-21 15:55:05.741681,poly_updown_btc_5m_sniper,False,btc_5m_sniper,BTC,5m,DOWN,0xc4790c492f0f110f6b17b5e9046e35dd880314070a25d4f27e37dc285658ba20,False,-0.980392,Up,0.51,v1,sniper,btc_5m_v1,2,False,2,False,1,False,1,False
1779378905741681,2026-05-21 15:55:05.741681,poly_updown_btc_5m_sniper,False,btc_5m_sniper,BTC,5m,DOWN,0xc4790c492f0f110f6b17b5e9046e35dd880314070a25d4f27e37dc285658ba20,False,-0.980392,Up,0.51,v1,sniper,btc_5m_v1,2,False,2,False,1,False,1,False
1779378905741681,2026-05-21 15:55:05.741681,poly_updown_btc_5m_sniper,False,btc_5m_sniper,BTC,5m,DOWN,0xc4790c492f0f110f6b17b5e9046e35dd880314070a25d4f27e37dc285658ba20,False,-0.980392,Up,0.51,v1,sniper,btc_5m_v1,2,False,2,False,1,False,1,False
1779378905759248,2026-05-21 15:55:05.759248,poly_updown_btc_5m_v3_3,False,btc_5m_v3_3,BTC,5m,DOWN,0xc4790c492f0f110f6b17b5e9046e35dd880314070a25d4f27e37dc285658ba20,False,-0.980392,Up,0.51,v1,3,btc_5m_v1,2,False,2,False,1,False,1,False
1779378905759248,2026-05-21 15:55:05.759248,poly_updown_btc_5m_v3_3,False,btc_5m_v3_3,BTC,5m,DOWN,0xc4790c492f0f110f6b17b5e9046e35dd880314070a25d4f27e37dc285658ba20,False,-0.980392,Up,0.51,v1,3,btc_5m_v1,2,False,2,False,1,False,1,False
1779378905759248,2026-05-21 15:55:05.759248,poly_updown_btc_5m_v3_3,False,btc_5m_v3_3,BTC,5m,DOWN,0xc4790c492f0f110f6b17b5e9046e35dd880314070a25d4f27e37dc285658ba20,False,-0.980392,Up,0.51,v1,3,btc_5m_v1,2,False,2,False,1,False,1,False
1779378905759248,2026-05-21 15:55:05.759248,poly_updown_btc_5m_v3_3,False,btc_5m_v3_3,BTC,5m,DOWN,0xc4790c492f0f110f6b17b5e9046e35dd880314070a25d4f27e37dc285658ba20,False,-0.980392,Up,0.51,v1,3,btc_5m_v1,2,False,2,False,1,False,1,False
1779378905787561,2026-05-21 15:55:05.787561,poly_updown_btc_5m_v3,False,btc_5m_v3,BTC,5m,DOWN,0xc4790c492f0f110f6b17b5e9046e35dd880314070a25d4f27e37dc285658ba20,False,-0.980392,Up,0.51,v1,v3,btc_5m_v1,2,False,2,False,1,False,1,False
1779378905787561,2026-05-21 15:55:05.787561,poly_updown_btc_5m_v3,False,btc_5m_v3,BTC,5m,DOWN,0xc4790c492f0f110f6b17b5e9046e35dd880314070a25d4f27e37dc285658ba20,False,-0.980392,Up,0.51,v1,v3,btc_5m_v1,2,False,2,False,1,False,1,False
1779378905787561,2026-05-21 15:55:05.787561,poly_updown_btc_5m_v3,False,btc_5m_v3,BTC,5m,DOWN,0xc4790c492f0f110f6b17b5e9046e35dd880314070a25d4f27e37dc285658ba20,False,-0.980392,Up,0.51,v1,v3,btc_5m_v1,2,False,2,False,1,False,1,False
1779378905787561,2026-05-21 15:55:05.787561,poly_updown_btc_5m_v3,False,btc_5m_v3,BTC,5m,DOWN,0xc4790c492f0f110f6b17b5e9046e35dd880314070a25d4f27e37dc285658ba20,False,-0.980392,Up,0.51,v1,v3,btc_5m_v1,2,False,2,False,1,False,1,False
1779378905787561,2026-05-21 15:55:05.787561,poly_updown_btc_5m_v3,False,btc_5m_v3,BTC,5m,DOWN,0xc4790c492f0f110f6b17b5e9046e35dd880314070a25d4f27e37dc285658ba20,False,-0.980392,Up,0.51,v1,v3,btc_5m_v1,2,False,2,False,1,False,1,False
1779378905787561,2026-05-21 15:55:05.787561,poly_updown_btc_5m_v3,False,btc_5m_v3,BTC,5m,DOWN,0xc4790c492f0f110f6b17b5e9046e35dd880314070a25d4f27e37dc285658ba20,False,-0.980392,Up,0.51,v1,v3,btc_5m_v1,2,False,2,False,1,False,1,False
1779378905796523,2026-05-21 15:55:05.796523,poly_updown_btc_5m_v3_2,False,btc_5m_v3_2,BTC,5m,DOWN,0xc4790c492f0f110f6b17b5e9046e35dd880314070a25d4f27e37dc285658ba20,False,-0.980392,Up,0.51,v1,2,btc_5m_v1,2,False,2,False,1,False,1,False
1779378905796523,2026-05-21 15:55:05.796523,poly_updown_btc_5m_v3_2,False,btc_5m_v3_2,BTC,5m,DOWN,0xc4790c492f0f110f6b17b5e9046e35dd880314070a25d4f27e37dc285658ba20,False,-0.980392,Up,0.51,v1,2,btc_5m_v1,2,False,2,False,1,False,1,False
1779378905796523,2026-05-21 15:55:05.796523,poly_updown_btc_5m_v3_2,False,btc_5m_v3_2,BTC,5m,DOWN,0xc4790c492f0f110f6b17b5e9046e35dd880314070a25d4f27e37dc285658ba20,False,-0.980392,Up,0.51,v1,2,btc_5m_v1,2,False,2,False,1,False,1,False
1779378905796523,2026-05-21 15:55:05.796523,poly_updown_btc_5m_v3_2,False,btc_5m_v3_2,BTC,5m,DOWN,0xc4790c492f0f110f6b17b5e9046e35dd880314070a25d4f27e37dc285658ba20,False,-0.980392,Up,0.51,v1,2,btc_5m_v1,2,False,2,False,1,False,1,False
1779378905796523,2026-05-21 15:55:05.796523,poly_updown_btc_5m_v3_2,False,btc_5m_v3_2,BTC,5m,DOWN,0xc4790c492f0f110f6b17b5e9046e35dd880314070a25d4f27e37dc285658ba20,False,-0.980392,Up,0.51,v1,2,btc_5m_v1,2,False,2,False,1,False,1,False
1779378905796523,2026-05-21 15:55:05.796523,poly_updown_btc_5m_v3_2,False,btc_5m_v3_2,BTC,5m,DOWN,0xc4790c492f0f110f6b17b5e9046e35dd880314070a25d4f27e37dc285658ba20,False,-0.980392,Up,0.51,v1,2,btc_5m_v1,2,False,2,False,1,False,1,False
1779378905803400,2026-05-21 15:55:05.803400,poly_updown_btc_5m_v3_1,False,btc_5m_v3_1,BTC,5m,DOWN,0xc4790c492f0f110f6b17b5e9046e35dd880314070a25d4f27e37dc285658ba20,False,-0.980392,Up,0.51,v1,1,btc_5m_v1,2,False,2,False,1,False,1,False
1779378905803400,2026-05-21 15:55:05.803400,poly_updown_btc_5m_v3_1,False,btc_5m_v3_1,BTC,5m,DOWN,0xc4790c492f0f110f6b17b5e9046e35dd880314070a25d4f27e37dc285658ba20,False,-0.980392,Up,0.51,v1,1,btc_5m_v1,2,False,2,False,1,False,1,False
1779378905803400,2026-05-21 15:55:05.803400,poly_updown_btc_5m_v3_1,False,btc_5m_v3_1,BTC,5m,DOWN,0xc4790c492f0f110f6b17b5e9046e35dd880314070a25d4f27e37dc285658ba20,False,-0.980392,Up,0.51,v1,1,btc_5m_v1,2,False,2,False,1,False,1,False
1779378905803400,2026-05-21 15:55:05.803400,poly_updown_btc_5m_v3_1,False,btc_5m_v3_1,BTC,5m,DOWN,0xc4790c492f0f110f6b17b5e9046e35dd880314070a25d4f27e37dc285658ba20,False,-0.980392,Up,0.51,v1,1,btc_5m_v1,2,False,2,False,1,False,1,False
1779378905803400,2026-05-21 15:55:05.803400,poly_updown_btc_5m_v3_1,False,btc_5m_v3_1,BTC,5m,DOWN,0xc4790c492f0f110f6b17b5e9046e35dd880314070a25d4f27e37dc285658ba20,False,-0.980392,Up,0.51,v1,1,btc_5m_v1,2,False,2,False,1,False,1,False
1779378905803400,2026-05-21 15:55:05.803400,poly_updown_btc_5m_v3_1,False,btc_5m_v3_1,BTC,5m,DOWN,0xc4790c492f0f110f6b17b5e9046e35dd880314070a25d4f27e37dc285658ba20,False,-0.980392,Up,0.51,v1,1,btc_5m_v1,2,False,2,False,1,False,1,False
1779378905816582,2026-05-21 15:55:05.816582,poly_updown_btc_5m_v4,False,btc_5m_v4,BTC,5m,DOWN,0xc4790c492f0f110f6b17b5e9046e35dd880314070a25d4f27e37dc285658ba20,False,-0.980392,Up,0.51,v1,v4,btc_5m_v1,2,False,2,False,1,False,1,False
1779378905816582,2026-05-21 15:55:05.816582,poly_updown_btc_5m_v4,False,btc_5m_v4,BTC,5m,DOWN,0xc4790c492f0f110f6b17b5e9046e35dd880314070a25d4f27e37dc285658ba20,False,-0.980392,Up,0.51,v1,v4,btc_5m_v1,2,False,2,False,1,False,1,False
1779378905816582,2026-05-21 15:55:05.816582,poly_updown_btc_5m_v4,False,btc_5m_v4,BTC,5m,DOWN,0xc4790c492f0f110f6b17b5e9046e35dd880314070a25d4f27e37dc285658ba20,False,-0.980392,Up,0.51,v1,v4,btc_5m_v1,2,False,2,False,1,False,1,False
1779378905816582,2026-05-21 15:55:05.816582,poly_updown_btc_5m_v4,False,btc_5m_v4,BTC,5m,DOWN,0xc4790c492f0f110f6b17b5e9046e35dd880314070a25d4f27e37dc285658ba20,False,-0.980392,Up,0.51,v1,v4,btc_5m_v1,2,False,2,False,1,False,1,False
1779378905816582,2026-05-21 15:55:05.816582,poly_updown_btc_5m_v4,False,btc_5m_v4,BTC,5m,DOWN,0xc4790c492f0f110f6b17b5e9046e35dd880314070a25d4f27e37dc285658ba20,False,-0.980392,Up,0.51,v1,v4,btc_5m_v1,2,False,2,False,1,False,1,False
1779378907418339,2026-05-21 15:55:07.418339,poly_updown_btc_5m_v4,False,btc_5m_v4,BTC,5m,DOWN,0xc4790c492f0f110f6b17b5e9046e35dd880314070a25d4f27e37dc285658ba20,False,-0.980392,Up,0.51,v1,v4,btc_5m_v1,2,False,2,False,1,False,1,False
1779378907418339,2026-05-21 15:55:07.418339,poly_updown_btc_5m_v4,False,btc_5m_v4,BTC,5m,DOWN,0xc4790c492f0f110f6b17b5e9046e35dd880314070a25d4f27e37dc285658ba20,False,-0.980392,Up,0.51,v1,v4,btc_5m_v1,2,False,2,False,1,False,1,False
1779378907418339,2026-05-21 15:55:07.418339,poly_updown_btc_5m_v4,False,btc_5m_v4,BTC,5m,DOWN,0xc4790c492f0f110f6b17b5e9046e35dd880314070a25d4f27e37dc285658ba20,False,-0.980392,Up,0.51,v1,v4,btc_5m_v1,2,False,2,False,1,False,1,False
1779378907418339,2026-05-21 15:55:07.418339,poly_updown_btc_5m_v4,False,btc_5m_v4,BTC,5m,DOWN,0xc4790c492f0f110f6b17b5e9046e35dd880314070a25d4f27e37dc285658ba20,False,-0.980392,Up,0.51,v1,v4,btc_5m_v1,2,False,2,False,1,False,1,False
1779378907418339,2026-05-21 15:55:07.418339,poly_updown_btc_5m_v4,False,btc_5m_v4,BTC,5m,DOWN,0xc4790c492f0f110f6b17b5e9046e35dd880314070a25d4f27e37dc285658ba20,False,-0.980392,Up,0.51,v1,v4,btc_5m_v1,2,False,2,False,1,False,1,False
1779378907423133,2026-05-21 15:55:07.423133,poly_updown_btc_5m_v3_1,False,btc_5m_v3_1,BTC,5m,DOWN,0xc4790c492f0f110f6b17b5e9046e35dd880314070a25d4f27e37dc285658ba20,False,-0.980392,Up,0.51,v1,1,btc_5m_v1,2,False,2,False,1,False,1,False
1779378907423133,2026-05-21 15:55:07.423133,poly_updown_btc_5m_v3_1,False,btc_5m_v3_1,BTC,5m,DOWN,0xc4790c492f0f110f6b17b5e9046e35dd880314070a25d4f27e37dc285658ba20,False,-0.980392,Up,0.51,v1,1,btc_5m_v1,2,False,2,False,1,False,1,False
1779378907423133,2026-05-21 15:55:07.423133,poly_updown_btc_5m_v3_1,False,btc_5m_v3_1,BTC,5m,DOWN,0xc4790c492f0f110f6b17b5e9046e35dd880314070a25d4f27e37dc285658ba20,False,-0.980392,Up,0.51,v1,1,btc_5m_v1,2,False,2,False,1,False,1,False
1779378907423133,2026-05-21 15:55:07.423133,poly_updown_btc_5m_v3_1,False,btc_5m_v3_1,BTC,5m,DOWN,0xc4790c492f0f110f6b17b5e9046e35dd880314070a25d4f27e37dc285658ba20,False,-0.980392,Up,0.51,v1,1,btc_5m_v1,2,False,2,False,1,False,1,False
1779378907423133,2026-05-21 15:55:07.423133,poly_updown_btc_5m_v3_1,False,btc_5m_v3_1,BTC,5m,DOWN,0xc4790c492f0f110f6b17b5e9046e35dd880314070a25d4f27e37dc285658ba20,False,-0.980392,Up,0.51,v1,1,btc_5m_v1,2,False,2,False,1,False,1,False
1779378907423133,2026-05-21 15:55:07.423133,poly_updown_btc_5m_v3_1,False,btc_5m_v3_1,BTC,5m,DOWN,0xc4790c492f0f110f6b17b5e9046e35dd880314070a25d4f27e37dc285658ba20,False,-0.980392,Up,0.51,v1,1,btc_5m_v1,2,False,2,False,1,False,1,False
1779378907424396,2026-05-21 15:55:07.424396,poly_updown_btc_5m_v3_2,False,btc_5m_v3_2,BTC,5m,DOWN,0xc4790c492f0f110f6b17b5e9046e35dd880314070a25d4f27e37dc285658ba20,False,-0.980392,Up,0.51,v1,2,btc_5m_v1,2,False,2,False,1,False,1,False
1779378907424396,2026-05-21 15:55:07.424396,poly_updown_btc_5m_v3_2,False,btc_5m_v3_2,BTC,5m,DOWN,0xc4790c492f0f110f6b17b5e9046e35dd880314070a25d4f27e37dc285658ba20,False,-0.980392,Up,0.51,v1,2,btc_5m_v1,2,False,2,False,1,False,1,False
1779378907424396,2026-05-21 15:55:07.424396,poly_updown_btc_5m_v3_2,False,btc_5m_v3_2,BTC,5m,DOWN,0xc4790c492f0f110f6b17b5e9046e35dd880314070a25d4f27e37dc285658ba20,False,-0.980392,Up,0.51,v1,2,btc_5m_v1,2,False,2,False,1,False,1,False
1779378907424396,2026-05-21 15:55:07.424396,poly_updown_btc_5m_v3_2,False,btc_5m_v3_2,BTC,5m,DOWN,0xc4790c492f0f110f6b17b5e9046e35dd880314070a25d4f27e37dc285658ba20,False,-0.980392,Up,0.51,v1,2,btc_5m_v1,2,False,2,False,1,False,1,False
1779378907424396,2026-05-21 15:55:07.424396,poly_updown_btc_5m_v3_2,False,btc_5m_v3_2,BTC,5m,DOWN,0xc4790c492f0f110f6b17b5e9046e35dd880314070a25d4f27e37dc285658ba20,False,-0.980392,Up,0.51,v1,2,btc_5m_v1,2,False,2,False,1,False,1,False
1779378907424396,2026-05-21 15:55:07.424396,poly_updown_btc_5m_v3_2,False,btc_5m_v3_2,BTC,5m,DOWN,0xc4790c492f0f110f6b17b5e9046e35dd880314070a25d4f27e37dc285658ba20,False,-0.980392,Up,0.51,v1,2,btc_5m_v1,2,False,2,False,1,False,1,False
1779378907424979,2026-05-21 15:55:07.424979,poly_updown_btc_5m_v3_3,False,btc_5m_v3_3,BTC,5m,DOWN,0xc4790c492f0f110f6b17b5e9046e35dd880314070a25d4f27e37dc285658ba20,False,-0.980392,Up,0.51,v1,3,btc_5m_v1,2,False,2,False,1,False,1,False
1779378907424979,2026-05-21 15:55:07.424979,poly_updown_btc_5m_v3_3,False,btc_5m_v3_3,BTC,5m,DOWN,0xc4790c492f0f110f6b17b5e9046e35dd880314070a25d4f27e37dc285658ba20,False,-0.980392,Up,0.51,v1,3,btc_5m_v1,2,False,2,False,1,False,1,False
1779378907424979,2026-05-21 15:55:07.424979,poly_updown_btc_5m_v3_3,False,btc_5m_v3_3,BTC,5m,DOWN,0xc4790c492f0f110f6b17b5e9046e35dd880314070a25d4f27e37dc285658ba20,False,-0.980392,Up,0.51,v1,3,btc_5m_v1,2,False,2,False,1,False,1,False
1779378907424979,2026-05-21 15:55:07.424979,poly_updown_btc_5m_v3_3,False,btc_5m_v3_3,BTC,5m,DOWN,0xc4790c492f0f110f6b17b5e9046e35dd880314070a25d4f27e37dc285658ba20,False,-0.980392,Up,0.51,v1,3,btc_5m_v1,2,False,2,False,1,False,1,False
1779378907428685,2026-05-21 15:55:07.428685,poly_updown_btc_5m_sniper,False,btc_5m_sniper,BTC,5m,DOWN,0xc4790c492f0f110f6b17b5e9046e35dd880314070a25d4f27e37dc285658ba20,False,-0.980392,Up,0.51,v1,sniper,btc_5m_v1,2,False,2,False,1,False,1,False
1779378907428685,2026-05-21 15:55:07.428685,poly_updown_btc_5m_sniper,False,btc_5m_sniper,BTC,5m,DOWN,0xc4790c492f0f110f6b17b5e9046e35dd880314070a25d4f27e37dc285658ba20,False,-0.980392,Up,0.51,v1,sniper,btc_5m_v1,2,False,2,False,1,False,1,False
1779378907428685,2026-05-21 15:55:07.428685,poly_updown_btc_5m_sniper,False,btc_5m_sniper,BTC,5m,DOWN,0xc4790c492f0f110f6b17b5e9046e35dd880314070a25d4f27e37dc285658ba20,False,-0.980392,Up,0.51,v1,sniper,btc_5m_v1,2,False,2,False,1,False,1,False
1779378907428685,2026-05-21 15:55:07.428685,poly_updown_btc_5m_sniper,False,btc_5m_sniper,BTC,5m,DOWN,0xc4790c492f0f110f6b17b5e9046e35dd880314070a25d4f27e37dc285658ba20,False,-0.980392,Up,0.51,v1,sniper,btc_5m_v1,2,False,2,False,1,False,1,False
1779378907428685,2026-05-21 15:55:07.428685,poly_updown_btc_5m_sniper,False,btc_5m_sniper,BTC,5m,DOWN,0xc4790c492f0f110f6b17b5e9046e35dd880314070a25d4f27e37dc285658ba20,False,-0.980392,Up,0.51,v1,sniper,btc_5m_v1,2,False,2,False,1,False,1,False
1779378907428685,2026-05-21 15:55:07.428685,poly_updown_btc_5m_sniper,False,btc_5m_sniper,BTC,5m,DOWN,0xc4790c492f0f110f6b17b5e9046e35dd880314070a25d4f27e37dc285658ba20,False,-0.980392,Up,0.51,v1,sniper,btc_5m_v1,2,False,2,False,1,False,1,False
1779378907476105,2026-05-21 15:55:07.476105,poly_updown_btc_5m_v3,False,btc_5m_v3,BTC,5m,DOWN,0xc4790c492f0f110f6b17b5e9046e35dd880314070a25d4f27e37dc285658ba20,False,-0.980392,Up,0.51,v1,v3,btc_5m_v1,2,False,2,False,1,False,1,False
1779378907476105,2026-05-21 15:55:07.476105,poly_updown_btc_5m_v3,False,btc_5m_v3,BTC,5m,DOWN,0xc4790c492f0f110f6b17b5e9046e35dd880314070a25d4f27e37dc285658ba20,False,-0.980392,Up,0.51,v1,v3,btc_5m_v1,2,False,2,False,1,False,1,False
1779378907476105,2026-05-21 15:55:07.476105,poly_updown_btc_5m_v3,False,btc_5m_v3,BTC,5m,DOWN,0xc4790c492f0f110f6b17b5e9046e35dd880314070a25d4f27e37dc285658ba20,False,-0.980392,Up,0.51,v1,v3,btc_5m_v1,2,False,2,False,1,False,1,False
1779378907476105,2026-05-21 15:55:07.476105,poly_updown_btc_5m_v3,False,btc_5m_v3,BTC,5m,DOWN,0xc4790c492f0f110f6b17b5e9046e35dd880314070a25d4f27e37dc285658ba20,False,-0.980392,Up,0.51,v1,v3,btc_5m_v1,2,False,2,False,1,False,1,False
1779378907476105,2026-05-21 15:55:07.476105,poly_updown_btc_5m_v3,False,btc_5m_v3,BTC,5m,DOWN,0xc4790c492f0f110f6b17b5e9046e35dd880314070a25d4f27e37dc285658ba20,False,-0.980392,Up,0.51,v1,v3,btc_5m_v1,2,False,2,False,1,False,1,False
1779378907476105,2026-05-21 15:55:07.476105,poly_updown_btc_5m_v3,False,btc_5m_v3,BTC,5m,DOWN,0xc4790c492f0f110f6b17b5e9046e35dd880314070a25d4f27e37dc285658ba20,False,-0.980392,Up,0.51,v1,v3,btc_5m_v1,2,False,2,False,1,False,1,False
1779379206297002,2026-05-21 16:00:06.297002,poly_updown_btc_15m_sniper,False,btc_15m_sniper,BTC,15m,UP,0x4f64ce1fcdade91b7c020b17985ea42f4b10e32998ca296f300a47b90383276e,False,-24.999996,Down,0.51,v1,sniper,btc_15m_v1,2,True,2,True,1,False,1,False
1779379206297002,2026-05-21 16:00:06.297002,poly_updown_btc_15m_sniper,False,btc_15m_sniper,BTC,15m,UP,0x4f64ce1fcdade91b7c020b17985ea42f4b10e32998ca296f300a47b90383276e,False,-24.999996,Down,0.51,v1,sniper,btc_15m_v1,2,True,2,True,1,False,1,False
1779379206300639,2026-05-21 16:00:06.300639,poly_updown_sol_15m_sniper,False,sol_15m_sniper,SOL,15m,UP,0x70a6e3a12698b96dd692f36a011bd6050cdd5cc9836f8b1cdbec5578dd876d4d,False,-1.823076,Down,0.5279199990015995,v1,sniper,sol_15m_v1,1,False,2,True,1,False,1,False
1779379206300639,2026-05-21 16:00:06.300639,poly_updown_sol_15m_sniper,False,sol_15m_sniper,SOL,15m,UP,0x70a6e3a12698b96dd692f36a011bd6050cdd5cc9836f8b1cdbec5578dd876d4d,False,-1.823076,Down,0.5279199990015995,v1,sniper,sol_15m_v1,1,False,2,True,1,False,1,False
1779379206300639,2026-05-21 16:00:06.300639,poly_updown_sol_15m_sniper,False,sol_15m_sniper,SOL,15m,UP,0x70a6e3a12698b96dd692f36a011bd6050cdd5cc9836f8b1cdbec5578dd876d4d,False,-1.660784,Down,0.5238799990207998,v1,sniper,sol_15m_v1,1,False,2,True,1,False,1,False
1779379206300639,2026-05-21 16:00:06.300639,poly_updown_sol_15m_sniper,False,sol_15m_sniper,SOL,15m,UP,0x70a6e3a12698b96dd692f36a011bd6050cdd5cc9836f8b1cdbec5578dd876d4d,False,-1.660784,Down,0.5238799990207998,v1,sniper,sol_15m_v1,1,False,2,True,1,False,1,False
1779379211584329,2026-05-21 16:00:11.584329,poly_updown_sol_15m_sniper,False,sol_15m_sniper,SOL,15m,UP,0x70a6e3a12698b96dd692f36a011bd6050cdd5cc9836f8b1cdbec5578dd876d4d,False,-1.823076,Down,0.5279199990015995,v1,sniper,sol_15m_v1,1,False,2,True,1,False,1,False
1779379211584329,2026-05-21 16:00:11.584329,poly_updown_sol_15m_sniper,False,sol_15m_sniper,SOL,15m,UP,0x70a6e3a12698b96dd692f36a011bd6050cdd5cc9836f8b1cdbec5578dd876d4d,False,-1.823076,Down,0.5279199990015995,v1,sniper,sol_15m_v1,1,False,2,True,1,False,1,False
1779379211584329,2026-05-21 16:00:11.584329,poly_updown_sol_15m_sniper,False,sol_15m_sniper,SOL,15m,UP,0x70a6e3a12698b96dd692f36a011bd6050cdd5cc9836f8b1cdbec5578dd876d4d,False,-1.660784,Down,0.5238799990207998,v1,sniper,sol_15m_v1,1,False,2,True,1,False,1,False
1779379211584329,2026-05-21 16:00:11.584329,poly_updown_sol_15m_sniper,False,sol_15m_sniper,SOL,15m,UP,0x70a6e3a12698b96dd692f36a011bd6050cdd5cc9836f8b1cdbec5578dd876d4d,False,-1.660784,Down,0.5238799990207998,v1,sniper,sol_15m_v1,1,False,2,True,1,False,1,False
1779379211604640,2026-05-21 16:00:11.604640,poly_updown_btc_15m_sniper,False,btc_15m_sniper,BTC,15m,UP,0x4f64ce1fcdade91b7c020b17985ea42f4b10e32998ca296f300a47b90383276e,False,-24.999996,Down,0.51,v1,sniper,btc_15m_v1,2,True,2,True,1,False,1,False
1779379211604640,2026-05-21 16:00:11.604640,poly_updown_btc_15m_sniper,False,btc_15m_sniper,BTC,15m,UP,0x4f64ce1fcdade91b7c020b17985ea42f4b10e32998ca296f300a47b90383276e,False,-24.999996,Down,0.51,v1,sniper,btc_15m_v1,2,True,2,True,1,False,1,False
1779380107320234,2026-05-21 16:15:07.320234,poly_updown_eth_15m_sniper,False,eth_15m_sniper,ETH,15m,DOWN,0x14af160592990dd86ee1e8034f34bdc9ac711f91dd7caf9b7874af60c3d4c9b8,True,24.01,Down,0.51,v1,sniper,eth_15m_v1,2,False,2,False,1,False,1,False
1779380107320234,2026-05-21 16:15:07.320234,poly_updown_eth_15m_sniper,False,eth_15m_sniper,ETH,15m,DOWN,0x14af160592990dd86ee1e8034f34bdc9ac711f91dd7caf9b7874af60c3d4c9b8,True,23.569,Down,0.519,v1,sniper,eth_15m_v1,2,False,2,False,1,False,1,False
1779380107328240,2026-05-21 16:15:07.328240,poly_updown_sol_15m_sniper,False,sol_15m_sniper,SOL,15m,DOWN,0x179942d54c50781206bbb604b97e6283221181bf68b1a414bbea18a6f10cd704,True,24.47999624,Down,0.5103999968639994,v1,sniper,sol_15m_v1,1,False,2,False,1,False,1,False
1779380107328240,2026-05-21 16:15:07.328240,poly_updown_sol_15m_sniper,False,sol_15m_sniper,SOL,15m,DOWN,0x179942d54c50781206bbb604b97e6283221181bf68b1a414bbea18a6f10cd704,True,24.47999624,Down,0.5103999968639994,v1,sniper,sol_15m_v1,1,False,2,False,1,False,1,False
1779380111784988,2026-05-21 16:15:11.784988,poly_updown_sol_15m_sniper,False,sol_15m_sniper,SOL,15m,DOWN,0x179942d54c50781206bbb604b97e6283221181bf68b1a414bbea18a6f10cd704,True,24.47999624,Down,0.5103999968639994,v1,sniper,sol_15m_v1,1,False,2,False,1,False,1,False
1779380111784988,2026-05-21 16:15:11.784988,poly_updown_sol_15m_sniper,False,sol_15m_sniper,SOL,15m,DOWN,0x179942d54c50781206bbb604b97e6283221181bf68b1a414bbea18a6f10cd704,True,24.47999624,Down,0.5103999968639994,v1,sniper,sol_15m_v1,1,False,2,False,1,False,1,False
1779380111785541,2026-05-21 16:15:11.785541,poly_updown_eth_15m_sniper,False,eth_15m_sniper,ETH,15m,DOWN,0x14af160592990dd86ee1e8034f34bdc9ac711f91dd7caf9b7874af60c3d4c9b8,True,24.01,Down,0.51,v1,sniper,eth_15m_v1,2,False,2,False,1,False,1,False
1779380111785541,2026-05-21 16:15:11.785541,poly_updown_eth_15m_sniper,False,eth_15m_sniper,ETH,15m,DOWN,0x14af160592990dd86ee1e8034f34bdc9ac711f91dd7caf9b7874af60c3d4c9b8,True,23.569,Down,0.519,v1,sniper,eth_15m_v1,2,False,2,False,1,False,1,False
1779381605559939,2026-05-21 16:40:05.559939,poly_updown_btc_5m_sniper,False,btc_5m_sniper,BTC,5m,DOWN,0xe87b2fef5aebe6e1af6f099f916c6f31e4ec3e9e6ac6e05d468d76e51fd20a8f,True,25.49999592,Down,0.49,v1,sniper,btc_5m_v1,0,True,2,False,1,False,1,False
1779381605559939,2026-05-21 16:40:05.559939,poly_updown_btc_5m_sniper,False,btc_5m_sniper,BTC,5m,DOWN,0xe87b2fef5aebe6e1af6f099f916c6f31e4ec3e9e6ac6e05d468d76e51fd20a8f,True,25.49999592,Down,0.49,v1,sniper,btc_5m_v1,0,True,2,False,1,False,1,False
1779381605559939,2026-05-21 16:40:05.559939,poly_updown_btc_5m_sniper,False,btc_5m_sniper,BTC,5m,DOWN,0xe87b2fef5aebe6e1af6f099f916c6f31e4ec3e9e6ac6e05d468d76e51fd20a8f,True,25.49999592,Down,0.49,v1,sniper,btc_5m_v1,0,True,2,False,1,False,1,False
1779381606831620,2026-05-21 16:40:06.831620,poly_updown_btc_5m_sniper,False,btc_5m_sniper,BTC,5m,DOWN,0xe87b2fef5aebe6e1af6f099f916c6f31e4ec3e9e6ac6e05d468d76e51fd20a8f,True,25.49999592,Down,0.49,v1,sniper,btc_5m_v1,0,True,2,False,1,False,1,False
1779381606831620,2026-05-21 16:40:06.831620,poly_updown_btc_5m_sniper,False,btc_5m_sniper,BTC,5m,DOWN,0xe87b2fef5aebe6e1af6f099f916c6f31e4ec3e9e6ac6e05d468d76e51fd20a8f,True,25.49999592,Down,0.49,v1,sniper,btc_5m_v1,0,True,2,False,1,False,1,False
1779381606831620,2026-05-21 16:40:06.831620,poly_updown_btc_5m_sniper,False,btc_5m_sniper,BTC,5m,DOWN,0xe87b2fef5aebe6e1af6f099f916c6f31e4ec3e9e6ac6e05d468d76e51fd20a8f,True,25.49999592,Down,0.49,v1,sniper,btc_5m_v1,0,True,2,False,1,False,1,False
1779381606832169,2026-05-21 16:40:06.832169,poly_updown_sol_5m_v3_1,False,sol_5m_v3_1,SOL,5m,DOWN,0x062fcc5561140d742e38fbe29da0c19e8344bf5e2e47f2c69d1d70f98366f132,True,23.91347,Down,0.51197,v1,1,sol_5m_v1,0,True,2,False,1,False,1,False
1779381606832169,2026-05-21 16:40:06.832169,poly_updown_sol_5m_v3_1,False,sol_5m_v3_1,SOL,5m,DOWN,0x062fcc5561140d742e38fbe29da0c19e8344bf5e2e47f2c69d1d70f98366f132,True,23.91347,Down,0.51197,v1,1,sol_5m_v1,0,True,2,False,1,False,1,False
1779381606833437,2026-05-21 16:40:06.833437,poly_updown_sol_5m_sniper_INV,False,sol_5m_sniper_INV,SOL,5m,UP,0x062fcc5561140d742e38fbe29da0c19e8344bf5e2e47f2c69d1d70f98366f132,False,-25.778388,Down,0.5258791993406718,v1,INV,sol_5m_v1,0,False,2,True,1,False,1,False
1779381606833437,2026-05-21 16:40:06.833437,poly_updown_sol_5m_sniper_INV,False,sol_5m_sniper_INV,SOL,5m,UP,0x062fcc5561140d742e38fbe29da0c19e8344bf5e2e47f2c69d1d70f98366f132,False,-25.778388,Down,0.5258791993406718,v1,INV,sol_5m_v1,0,False,2,True,1,False,1,False
1779381606847195,2026-05-21 16:40:06.847195,poly_updown_sol_5m_sniper,False,sol_5m_sniper,SOL,5m,DOWN,0x062fcc5561140d742e38fbe29da0c19e8344bf5e2e47f2c69d1d70f98366f132,True,23.91347,Down,0.51197,v1,sniper,sol_5m_v1,0,True,2,False,1,False,1,False
1779381606847195,2026-05-21 16:40:06.847195,poly_updown_sol_5m_sniper,False,sol_5m_sniper,SOL,5m,DOWN,0x062fcc5561140d742e38fbe29da0c19e8344bf5e2e47f2c69d1d70f98366f132,True,23.91347,Down,0.51197,v1,sniper,sol_5m_v1,0,True,2,False,1,False,1,False
1779381606852005,2026-05-21 16:40:06.852005,poly_updown_sol_5m_v3,False,sol_5m_v3,SOL,5m,DOWN,0x062fcc5561140d742e38fbe29da0c19e8344bf5e2e47f2c69d1d70f98366f132,True,23.91347,Down,0.51197,v1,v3,sol_5m_v1,0,True,2,False,1,False,1,False
1779381606852005,2026-05-21 16:40:06.852005,poly_updown_sol_5m_v3,False,sol_5m_v3,SOL,5m,DOWN,0x062fcc5561140d742e38fbe29da0c19e8344bf5e2e47f2c69d1d70f98366f132,True,23.91347,Down,0.51197,v1,v3,sol_5m_v1,0,True,2,False,1,False,1,False
1779382809784424,2026-05-21 17:00:09.784424,poly_updown_btc_15m_sniper,False,btc_15m_sniper,BTC,15m,UP,0xcf29b53ae9af963f19447b5a5121c6c24743629dbd7f70dad14d35b96f000845,True,23.53921192,Up,0.51,v1,sniper,btc_15m_v1,2,True,1,False,1,False,1,False
1779382809784424,2026-05-21 17:00:09.784424,poly_updown_btc_15m_sniper,False,btc_15m_sniper,BTC,15m,UP,0xcf29b53ae9af963f19447b5a5121c6c24743629dbd7f70dad14d35b96f000845,True,23.53921192,Up,0.51,v1,sniper,btc_15m_v1,2,True,1,False,1,False,1,False
1779382809784424,2026-05-21 17:00:09.784424,poly_updown_btc_15m_sniper,False,btc_15m_sniper,BTC,15m,UP,0xcf29b53ae9af963f19447b5a5121c6c24743629dbd7f70dad14d35b96f000845,True,23.53921192,Up,0.51,v1,sniper,btc_15m_v1,2,True,1,False,1,False,1,False
1779382809784424,2026-05-21 17:00:09.784424,poly_updown_btc_15m_sniper,False,btc_15m_sniper,BTC,15m,UP,0xcf29b53ae9af963f19447b5a5121c6c24743629dbd7f70dad14d35b96f000845,True,23.53921192,Up,0.51,v1,sniper,btc_15m_v1,2,True,1,False,1,False,1,False
1779382811460218,2026-05-21 17:00:11.460218,poly_updown_btc_15m_sniper,False,btc_15m_sniper,BTC,15m,UP,0xcf29b53ae9af963f19447b5a5121c6c24743629dbd7f70dad14d35b96f000845,True,23.53921192,Up,0.51,v1,sniper,btc_15m_v1,2,True,1,False,1,False,1,False
1779382811460218,2026-05-21 17:00:11.460218,poly_updown_btc_15m_sniper,False,btc_15m_sniper,BTC,15m,UP,0xcf29b53ae9af963f19447b5a5121c6c24743629dbd7f70dad14d35b96f000845,True,23.53921192,Up,0.51,v1,sniper,btc_15m_v1,2,True,1,False,1,False,1,False
1779382811460218,2026-05-21 17:00:11.460218,poly_updown_btc_15m_sniper,False,btc_15m_sniper,BTC,15m,UP,0xcf29b53ae9af963f19447b5a5121c6c24743629dbd7f70dad14d35b96f000845,True,23.53921192,Up,0.51,v1,sniper,btc_15m_v1,2,True,1,False,1,False,1,False
1779382811460218,2026-05-21 17:00:11.460218,poly_updown_btc_15m_sniper,False,btc_15m_sniper,BTC,15m,UP,0xcf29b53ae9af963f19447b5a5121c6c24743629dbd7f70dad14d35b96f000845,True,23.53921192,Up,0.51,v1,sniper,btc_15m_v1,2,True,1,False,1,False,1,False
1779382860629495,2026-05-21 17:01:00.629495,poly_updown_btc_5m_momo_v2_SELL_f7,True,btc_5m_momo_v2_SELL,BTC,5m,UP,0x0e8e1d3335d4b2a4ea091f82eeab68ffdb6e89de06ed79423304b0a64204c878,False,-24.999996,Down,0.51,v2,SELL,btc_5m_v2,2,True,1,False,1,False,1,False
1779382860629495,2026-05-21 17:01:00.629495,poly_updown_btc_5m_momo_v2_SELL_f7,True,btc_5m_momo_v2_SELL,BTC,5m,UP,0x0e8e1d3335d4b2a4ea091f82eeab68ffdb6e89de06ed79423304b0a64204c878,False,-24.999996,Down,0.51,v2,SELL,btc_5m_v2,2,True,1,False,1,False,1,False
1779382860629495,2026-05-21 17:01:00.629495,poly_updown_btc_5m_momo_v2_SELL_f7,True,btc_5m_momo_v2_SELL,BTC,5m,UP,0x0e8e1d3335d4b2a4ea091f82eeab68ffdb6e89de06ed79423304b0a64204c878,False,-24.999996,Down,0.51,v2,SELL,btc_5m_v2,2,True,1,False,1,False,1,False
1779382860629495,2026-05-21 17:01:00.629495,poly_updown_btc_5m_momo_v2_SELL_f7,True,btc_5m_momo_v2_SELL,BTC,5m,UP,0x0e8e1d3335d4b2a4ea091f82eeab68ffdb6e89de06ed79423304b0a64204c878,False,-24.999996,Down,0.51,v2,SELL,btc_5m_v2,2,True,1,False,1,False,1,False
1779382860632415,2026-05-21 17:01:00.632415,poly_updown_btc_5m_momo_v2_HOLD_f7,True,btc_5m_momo_v2_HOLD,BTC,5m,UP,0x0e8e1d3335d4b2a4ea091f82eeab68ffdb6e89de06ed79423304b0a64204c878,False,-24.999996,Down,0.51,v2,HOLD,btc_5m_v2,2,True,1,False,1,False,1,False
1779382860632415,2026-05-21 17:01:00.632415,poly_updown_btc_5m_momo_v2_HOLD_f7,True,btc_5m_momo_v2_HOLD,BTC,5m,UP,0x0e8e1d3335d4b2a4ea091f82eeab68ffdb6e89de06ed79423304b0a64204c878,False,-24.999996,Down,0.51,v2,HOLD,btc_5m_v2,2,True,1,False,1,False,1,False
1779382860632415,2026-05-21 17:01:00.632415,poly_updown_btc_5m_momo_v2_HOLD_f7,True,btc_5m_momo_v2_HOLD,BTC,5m,UP,0x0e8e1d3335d4b2a4ea091f82eeab68ffdb6e89de06ed79423304b0a64204c878,False,-24.999996,Down,0.51,v2,HOLD,btc_5m_v2,2,True,1,False,1,False,1,False
1779382860632415,2026-05-21 17:01:00.632415,poly_updown_btc_5m_momo_v2_HOLD_f7,True,btc_5m_momo_v2_HOLD,BTC,5m,UP,0x0e8e1d3335d4b2a4ea091f82eeab68ffdb6e89de06ed79423304b0a64204c878,False,-24.999996,Down,0.51,v2,HOLD,btc_5m_v2,2,True,1,False,1,False,1,False
1779382860645684,2026-05-21 17:01:00.645684,poly_updown_btc_5m_momo_v2_HEDGE_f7,True,btc_5m_momo_v2_HEDGE,BTC,5m,UP,0x0e8e1d3335d4b2a4ea091f82eeab68ffdb6e89de06ed79423304b0a64204c878,False,-24.999996,Down,0.51,v2,HEDGE,btc_5m_v2,2,True,1,False,1,False,1,False
1779382860645684,2026-05-21 17:01:00.645684,poly_updown_btc_5m_momo_v2_HEDGE_f7,True,btc_5m_momo_v2_HEDGE,BTC,5m,UP,0x0e8e1d3335d4b2a4ea091f82eeab68ffdb6e89de06ed79423304b0a64204c878,False,-24.999996,Down,0.51,v2,HEDGE,btc_5m_v2,2,True,1,False,1,False,1,False
1779382860645684,2026-05-21 17:01:00.645684,poly_updown_btc_5m_momo_v2_HEDGE_f7,True,btc_5m_momo_v2_HEDGE,BTC,5m,UP,0x0e8e1d3335d4b2a4ea091f82eeab68ffdb6e89de06ed79423304b0a64204c878,False,-24.999996,Down,0.51,v2,HEDGE,btc_5m_v2,2,True,1,False,1,False,1,False
1779382860645684,2026-05-21 17:01:00.645684,poly_updown_btc_5m_momo_v2_HEDGE_f7,True,btc_5m_momo_v2_HEDGE,BTC,5m,UP,0x0e8e1d3335d4b2a4ea091f82eeab68ffdb6e89de06ed79423304b0a64204c878,False,-24.999996,Down,0.51,v2,HEDGE,btc_5m_v2,2,True,1,False,1,False,1,False
1779382862051535,2026-05-21 17:01:02.051535,poly_updown_btc_5m_momo_v2_SELL_f7,True,btc_5m_momo_v2_SELL,BTC,5m,UP,0x0e8e1d3335d4b2a4ea091f82eeab68ffdb6e89de06ed79423304b0a64204c878,False,-24.999996,Down,0.51,v2,SELL,btc_5m_v2,2,True,1,False,1,False,1,False
1779382862051535,2026-05-21 17:01:02.051535,poly_updown_btc_5m_momo_v2_SELL_f7,True,btc_5m_momo_v2_SELL,BTC,5m,UP,0x0e8e1d3335d4b2a4ea091f82eeab68ffdb6e89de06ed79423304b0a64204c878,False,-24.999996,Down,0.51,v2,SELL,btc_5m_v2,2,True,1,False,1,False,1,False
1779382862051535,2026-05-21 17:01:02.051535,poly_updown_btc_5m_momo_v2_SELL_f7,True,btc_5m_momo_v2_SELL,BTC,5m,UP,0x0e8e1d3335d4b2a4ea091f82eeab68ffdb6e89de06ed79423304b0a64204c878,False,-24.999996,Down,0.51,v2,SELL,btc_5m_v2,2,True,1,False,1,False,1,False
1779382862051535,2026-05-21 17:01:02.051535,poly_updown_btc_5m_momo_v2_SELL_f7,True,btc_5m_momo_v2_SELL,BTC,5m,UP,0x0e8e1d3335d4b2a4ea091f82eeab68ffdb6e89de06ed79423304b0a64204c878,False,-24.999996,Down,0.51,v2,SELL,btc_5m_v2,2,True,1,False,1,False,1,False
1779382862060744,2026-05-21 17:01:02.060744,poly_updown_btc_5m_momo_v2_HOLD_f7,True,btc_5m_momo_v2_HOLD,BTC,5m,UP,0x0e8e1d3335d4b2a4ea091f82eeab68ffdb6e89de06ed79423304b0a64204c878,False,-24.999996,Down,0.51,v2,HOLD,btc_5m_v2,2,True,1,False,1,False,1,False
1779382862060744,2026-05-21 17:01:02.060744,poly_updown_btc_5m_momo_v2_HOLD_f7,True,btc_5m_momo_v2_HOLD,BTC,5m,UP,0x0e8e1d3335d4b2a4ea091f82eeab68ffdb6e89de06ed79423304b0a64204c878,False,-24.999996,Down,0.51,v2,HOLD,btc_5m_v2,2,True,1,False,1,False,1,False
1779382862060744,2026-05-21 17:01:02.060744,poly_updown_btc_5m_momo_v2_HOLD_f7,True,btc_5m_momo_v2_HOLD,BTC,5m,UP,0x0e8e1d3335d4b2a4ea091f82eeab68ffdb6e89de06ed79423304b0a64204c878,False,-24.999996,Down,0.51,v2,HOLD,btc_5m_v2,2,True,1,False,1,False,1,False
1779382862060744,2026-05-21 17:01:02.060744,poly_updown_btc_5m_momo_v2_HOLD_f7,True,btc_5m_momo_v2_HOLD,BTC,5m,UP,0x0e8e1d3335d4b2a4ea091f82eeab68ffdb6e89de06ed79423304b0a64204c878,False,-24.999996,Down,0.51,v2,HOLD,btc_5m_v2,2,True,1,False,1,False,1,False
1779382862067390,2026-05-21 17:01:02.067390,poly_updown_btc_5m_momo_v2_HEDGE_f7,True,btc_5m_momo_v2_HEDGE,BTC,5m,UP,0x0e8e1d3335d4b2a4ea091f82eeab68ffdb6e89de06ed79423304b0a64204c878,False,-24.999996,Down,0.51,v2,HEDGE,btc_5m_v2,2,True,1,False,1,False,1,False
1779382862067390,2026-05-21 17:01:02.067390,poly_updown_btc_5m_momo_v2_HEDGE_f7,True,btc_5m_momo_v2_HEDGE,BTC,5m,UP,0x0e8e1d3335d4b2a4ea091f82eeab68ffdb6e89de06ed79423304b0a64204c878,False,-24.999996,Down,0.51,v2,HEDGE,btc_5m_v2,2,True,1,False,1,False,1,False
1779382862067390,2026-05-21 17:01:02.067390,poly_updown_btc_5m_momo_v2_HEDGE_f7,True,btc_5m_momo_v2_HEDGE,BTC,5m,UP,0x0e8e1d3335d4b2a4ea091f82eeab68ffdb6e89de06ed79423304b0a64204c878,False,-24.999996,Down,0.51,v2,HEDGE,btc_5m_v2,2,True,1,False,1,False,1,False
1779382862067390,2026-05-21 17:01:02.067390,poly_updown_btc_5m_momo_v2_HEDGE_f7,True,btc_5m_momo_v2_HEDGE,BTC,5m,UP,0x0e8e1d3335d4b2a4ea091f82eeab68ffdb6e89de06ed79423304b0a64204c878,False,-24.999996,Down,0.51,v2,HEDGE,btc_5m_v2,2,True,1,False,1,False,1,False
1779382921281253,2026-05-21 17:02:01.281253,poly_updown_btc_5m_momo_HEDGE_f7,True,btc_5m_momo_HEDGE,BTC,5m,UP,0x0e8e1d3335d4b2a4ea091f82eeab68ffdb6e89de06ed79423304b0a64204c878,False,-24.999958,Down,0.47,v1,HEDGE,btc_5m_v1,2,True,1,False,1,False,1,False
1779382921281253,2026-05-21 17:02:01.281253,poly_updown_btc_5m_momo_HEDGE_f7,True,btc_5m_momo_HEDGE,BTC,5m,UP,0x0e8e1d3335d4b2a4ea091f82eeab68ffdb6e89de06ed79423304b0a64204c878,False,-24.999958,Down,0.47,v1,HEDGE,btc_5m_v1,2,True,1,False,1,False,1,False
1779382921281253,2026-05-21 17:02:01.281253,poly_updown_btc_5m_momo_HEDGE_f7,True,btc_5m_momo_HEDGE,BTC,5m,UP,0x0e8e1d3335d4b2a4ea091f82eeab68ffdb6e89de06ed79423304b0a64204c878,False,-24.999958,Down,0.47,v1,HEDGE,btc_5m_v1,2,True,1,False,1,False,1,False
1779382921281253,2026-05-21 17:02:01.281253,poly_updown_btc_5m_momo_HEDGE_f7,True,btc_5m_momo_HEDGE,BTC,5m,UP,0x0e8e1d3335d4b2a4ea091f82eeab68ffdb6e89de06ed79423304b0a64204c878,False,-24.999958,Down,0.47,v1,HEDGE,btc_5m_v1,2,True,1,False,1,False,1,False
1779382921286037,2026-05-21 17:02:01.286037,poly_updown_btc_5m_momo_SELL_f7,True,btc_5m_momo_SELL,BTC,5m,UP,0x0e8e1d3335d4b2a4ea091f82eeab68ffdb6e89de06ed79423304b0a64204c878,False,-24.999958,Down,0.47,v1,SELL,btc_5m_v1,2,True,1,False,1,False,1,False
1779382921286037,2026-05-21 17:02:01.286037,poly_updown_btc_5m_momo_SELL_f7,True,btc_5m_momo_SELL,BTC,5m,UP,0x0e8e1d3335d4b2a4ea091f82eeab68ffdb6e89de06ed79423304b0a64204c878,False,-24.999958,Down,0.47,v1,SELL,btc_5m_v1,2,True,1,False,1,False,1,False
1779382921286037,2026-05-21 17:02:01.286037,poly_updown_btc_5m_momo_SELL_f7,True,btc_5m_momo_SELL,BTC,5m,UP,0x0e8e1d3335d4b2a4ea091f82eeab68ffdb6e89de06ed79423304b0a64204c878,False,-24.999958,Down,0.47,v1,SELL,btc_5m_v1,2,True,1,False,1,False,1,False
1779382921291646,2026-05-21 17:02:01.291646,poly_updown_btc_5m_momo_HOLD_f7,True,btc_5m_momo_HOLD,BTC,5m,UP,0x0e8e1d3335d4b2a4ea091f82eeab68ffdb6e89de06ed79423304b0a64204c878,False,-24.999958,Down,0.47,v1,HOLD,btc_5m_v1,2,True,1,False,1,False,1,False
1779382921291646,2026-05-21 17:02:01.291646,poly_updown_btc_5m_momo_HOLD_f7,True,btc_5m_momo_HOLD,BTC,5m,UP,0x0e8e1d3335d4b2a4ea091f82eeab68ffdb6e89de06ed79423304b0a64204c878,False,-24.999958,Down,0.47,v1,HOLD,btc_5m_v1,2,True,1,False,1,False,1,False
1779382921291646,2026-05-21 17:02:01.291646,poly_updown_btc_5m_momo_HOLD_f7,True,btc_5m_momo_HOLD,BTC,5m,UP,0x0e8e1d3335d4b2a4ea091f82eeab68ffdb6e89de06ed79423304b0a64204c878,False,-24.999958,Down,0.47,v1,HOLD,btc_5m_v1,2,True,1,False,1,False,1,False
1779382921291646,2026-05-21 17:02:01.291646,poly_updown_btc_5m_momo_HOLD_f7,True,btc_5m_momo_HOLD,BTC,5m,UP,0x0e8e1d3335d4b2a4ea091f82eeab68ffdb6e89de06ed79423304b0a64204c878,False,-24.999958,Down,0.47,v1,HOLD,btc_5m_v1,2,True,1,False,1,False,1,False
1779382923092301,2026-05-21 17:02:03.092301,poly_updown_btc_5m_momo_HOLD_f7,True,btc_5m_momo_HOLD,BTC,5m,UP,0x0e8e1d3335d4b2a4ea091f82eeab68ffdb6e89de06ed79423304b0a64204c878,False,-24.999958,Down,0.47,v1,HOLD,btc_5m_v1,2,True,1,False,1,False,1,False
1779382923092301,2026-05-21 17:02:03.092301,poly_updown_btc_5m_momo_HOLD_f7,True,btc_5m_momo_HOLD,BTC,5m,UP,0x0e8e1d3335d4b2a4ea091f82eeab68ffdb6e89de06ed79423304b0a64204c878,False,-24.999958,Down,0.47,v1,HOLD,btc_5m_v1,2,True,1,False,1,False,1,False
1779382923092301,2026-05-21 17:02:03.092301,poly_updown_btc_5m_momo_HOLD_f7,True,btc_5m_momo_HOLD,BTC,5m,UP,0x0e8e1d3335d4b2a4ea091f82eeab68ffdb6e89de06ed79423304b0a64204c878,False,-24.999958,Down,0.47,v1,HOLD,btc_5m_v1,2,True,1,False,1,False,1,False
1779382923092301,2026-05-21 17:02:03.092301,poly_updown_btc_5m_momo_HOLD_f7,True,btc_5m_momo_HOLD,BTC,5m,UP,0x0e8e1d3335d4b2a4ea091f82eeab68ffdb6e89de06ed79423304b0a64204c878,False,-24.999958,Down,0.47,v1,HOLD,btc_5m_v1,2,True,1,False,1,False,1,False
1779382923093977,2026-05-21 17:02:03.093977,poly_updown_btc_5m_momo_HEDGE_f7,True,btc_5m_momo_HEDGE,BTC,5m,UP,0x0e8e1d3335d4b2a4ea091f82eeab68ffdb6e89de06ed79423304b0a64204c878,False,-24.999958,Down,0.47,v1,HEDGE,btc_5m_v1,2,True,1,False,1,False,1,False
1779382923093977,2026-05-21 17:02:03.093977,poly_updown_btc_5m_momo_HEDGE_f7,True,btc_5m_momo_HEDGE,BTC,5m,UP,0x0e8e1d3335d4b2a4ea091f82eeab68ffdb6e89de06ed79423304b0a64204c878,False,-24.999958,Down,0.47,v1,HEDGE,btc_5m_v1,2,True,1,False,1,False,1,False
1779382923093977,2026-05-21 17:02:03.093977,poly_updown_btc_5m_momo_HEDGE_f7,True,btc_5m_momo_HEDGE,BTC,5m,UP,0x0e8e1d3335d4b2a4ea091f82eeab68ffdb6e89de06ed79423304b0a64204c878,False,-24.999958,Down,0.47,v1,HEDGE,btc_5m_v1,2,True,1,False,1,False,1,False
1779382923093977,2026-05-21 17:02:03.093977,poly_updown_btc_5m_momo_HEDGE_f7,True,btc_5m_momo_HEDGE,BTC,5m,UP,0x0e8e1d3335d4b2a4ea091f82eeab68ffdb6e89de06ed79423304b0a64204c878,False,-24.999958,Down,0.47,v1,HEDGE,btc_5m_v1,2,True,1,False,1,False,1,False
1779382923096375,2026-05-21 17:02:03.096375,poly_updown_btc_5m_momo_SELL_f7,True,btc_5m_momo_SELL,BTC,5m,UP,0x0e8e1d3335d4b2a4ea091f82eeab68ffdb6e89de06ed79423304b0a64204c878,False,-24.999958,Down,0.47,v1,SELL,btc_5m_v1,2,True,1,False,1,False,1,False
1779382923096375,2026-05-21 17:02:03.096375,poly_updown_btc_5m_momo_SELL_f7,True,btc_5m_momo_SELL,BTC,5m,UP,0x0e8e1d3335d4b2a4ea091f82eeab68ffdb6e89de06ed79423304b0a64204c878,False,-24.999958,Down,0.47,v1,SELL,btc_5m_v1,2,True,1,False,1,False,1,False
1779382923096375,2026-05-21 17:02:03.096375,poly_updown_btc_5m_momo_SELL_f7,True,btc_5m_momo_SELL,BTC,5m,UP,0x0e8e1d3335d4b2a4ea091f82eeab68ffdb6e89de06ed79423304b0a64204c878,False,-24.999958,Down,0.47,v1,SELL,btc_5m_v1,2,True,1,False,1,False,1,False
1779383461638873,2026-05-21 17:11:01.638873,poly_updown_btc_5m_momo_v2_SELL_f7,True,btc_5m_momo_v2_SELL,BTC,5m,UP,0x34d3f43cd17a9b5aeacb528ab04a00b8c874f64c7ec5eba2ef1c25dced51ce78,True,26.54164968,Up,0.48,v2,SELL,btc_5m_v2,2,True,1,False,2,True,1,False
1779383461638873,2026-05-21 17:11:01.638873,poly_updown_btc_5m_momo_v2_SELL_f7,True,btc_5m_momo_v2_SELL,BTC,5m,UP,0x34d3f43cd17a9b5aeacb528ab04a00b8c874f64c7ec5eba2ef1c25dced51ce78,True,26.54164968,Up,0.48,v2,SELL,btc_5m_v2,2,True,1,False,2,True,1,False
1779383461638873,2026-05-21 17:11:01.638873,poly_updown_btc_5m_momo_v2_SELL_f7,True,btc_5m_momo_v2_SELL,BTC,5m,UP,0x34d3f43cd17a9b5aeacb528ab04a00b8c874f64c7ec5eba2ef1c25dced51ce78,True,26.54164968,Up,0.48,v2,SELL,btc_5m_v2,2,True,1,False,2,True,1,False
1779383461652349,2026-05-21 17:11:01.652349,poly_updown_btc_5m_momo_v2_HOLD_f7,True,btc_5m_momo_v2_HOLD,BTC,5m,UP,0x34d3f43cd17a9b5aeacb528ab04a00b8c874f64c7ec5eba2ef1c25dced51ce78,True,26.54164968,Up,0.48,v2,HOLD,btc_5m_v2,2,True,1,False,2,True,1,False
1779383461652349,2026-05-21 17:11:01.652349,poly_updown_btc_5m_momo_v2_HOLD_f7,True,btc_5m_momo_v2_HOLD,BTC,5m,UP,0x34d3f43cd17a9b5aeacb528ab04a00b8c874f64c7ec5eba2ef1c25dced51ce78,True,26.54164968,Up,0.48,v2,HOLD,btc_5m_v2,2,True,1,False,2,True,1,False
1779383461652349,2026-05-21 17:11:01.652349,poly_updown_btc_5m_momo_v2_HOLD_f7,True,btc_5m_momo_v2_HOLD,BTC,5m,UP,0x34d3f43cd17a9b5aeacb528ab04a00b8c874f64c7ec5eba2ef1c25dced51ce78,True,26.54164968,Up,0.48,v2,HOLD,btc_5m_v2,2,True,1,False,2,True,1,False
1779383461652683,2026-05-21 17:11:01.652683,poly_updown_btc_5m_momo_v2_HEDGE_f7,True,btc_5m_momo_v2_HEDGE,BTC,5m,UP,0x34d3f43cd17a9b5aeacb528ab04a00b8c874f64c7ec5eba2ef1c25dced51ce78,True,26.54164968,Up,0.48,v2,HEDGE,btc_5m_v2,2,True,1,False,2,True,1,False
1779383461652683,2026-05-21 17:11:01.652683,poly_updown_btc_5m_momo_v2_HEDGE_f7,True,btc_5m_momo_v2_HEDGE,BTC,5m,UP,0x34d3f43cd17a9b5aeacb528ab04a00b8c874f64c7ec5eba2ef1c25dced51ce78,True,26.54164968,Up,0.48,v2,HEDGE,btc_5m_v2,2,True,1,False,2,True,1,False
1779383461652683,2026-05-21 17:11:01.652683,poly_updown_btc_5m_momo_v2_HEDGE_f7,True,btc_5m_momo_v2_HEDGE,BTC,5m,UP,0x34d3f43cd17a9b5aeacb528ab04a00b8c874f64c7ec5eba2ef1c25dced51ce78,True,26.54164968,Up,0.48,v2,HEDGE,btc_5m_v2,2,True,1,False,2,True,1,False
1779383461652683,2026-05-21 17:11:01.652683,poly_updown_btc_5m_momo_v2_HEDGE_f7,True,btc_5m_momo_v2_HEDGE,BTC,5m,UP,0x34d3f43cd17a9b5aeacb528ab04a00b8c874f64c7ec5eba2ef1c25dced51ce78,True,26.54164968,Up,0.48,v2,HEDGE,btc_5m_v2,2,True,1,False,2,True,1,False
1779383469602938,2026-05-21 17:11:09.602938,poly_updown_btc_5m_momo_v2_HEDGE_f7,True,btc_5m_momo_v2_HEDGE,BTC,5m,UP,0x34d3f43cd17a9b5aeacb528ab04a00b8c874f64c7ec5eba2ef1c25dced51ce78,True,26.54164968,Up,0.48,v2,HEDGE,btc_5m_v2,2,True,1,False,2,True,1,False
1779383469602938,2026-05-21 17:11:09.602938,poly_updown_btc_5m_momo_v2_HEDGE_f7,True,btc_5m_momo_v2_HEDGE,BTC,5m,UP,0x34d3f43cd17a9b5aeacb528ab04a00b8c874f64c7ec5eba2ef1c25dced51ce78,True,26.54164968,Up,0.48,v2,HEDGE,btc_5m_v2,2,True,1,False,2,True,1,False
1779383469602938,2026-05-21 17:11:09.602938,poly_updown_btc_5m_momo_v2_HEDGE_f7,True,btc_5m_momo_v2_HEDGE,BTC,5m,UP,0x34d3f43cd17a9b5aeacb528ab04a00b8c874f64c7ec5eba2ef1c25dced51ce78,True,26.54164968,Up,0.48,v2,HEDGE,btc_5m_v2,2,True,1,False,2,True,1,False
1779383469602938,2026-05-21 17:11:09.602938,poly_updown_btc_5m_momo_v2_HEDGE_f7,True,btc_5m_momo_v2_HEDGE,BTC,5m,UP,0x34d3f43cd17a9b5aeacb528ab04a00b8c874f64c7ec5eba2ef1c25dced51ce78,True,26.54164968,Up,0.48,v2,HEDGE,btc_5m_v2,2,True,1,False,2,True,1,False
1779383469603783,2026-05-21 17:11:09.603783,poly_updown_btc_5m_momo_v2_SELL_f7,True,btc_5m_momo_v2_SELL,BTC,5m,UP,0x34d3f43cd17a9b5aeacb528ab04a00b8c874f64c7ec5eba2ef1c25dced51ce78,True,26.54164968,Up,0.48,v2,SELL,btc_5m_v2,2,True,1,False,2,True,1,False
1779383469603783,2026-05-21 17:11:09.603783,poly_updown_btc_5m_momo_v2_SELL_f7,True,btc_5m_momo_v2_SELL,BTC,5m,UP,0x34d3f43cd17a9b5aeacb528ab04a00b8c874f64c7ec5eba2ef1c25dced51ce78,True,26.54164968,Up,0.48,v2,SELL,btc_5m_v2,2,True,1,False,2,True,1,False
1779383469603783,2026-05-21 17:11:09.603783,poly_updown_btc_5m_momo_v2_SELL_f7,True,btc_5m_momo_v2_SELL,BTC,5m,UP,0x34d3f43cd17a9b5aeacb528ab04a00b8c874f64c7ec5eba2ef1c25dced51ce78,True,26.54164968,Up,0.48,v2,SELL,btc_5m_v2,2,True,1,False,2,True,1,False
1779383469604773,2026-05-21 17:11:09.604773,poly_updown_btc_5m_momo_v2_HOLD_f7,True,btc_5m_momo_v2_HOLD,BTC,5m,UP,0x34d3f43cd17a9b5aeacb528ab04a00b8c874f64c7ec5eba2ef1c25dced51ce78,True,26.54164968,Up,0.48,v2,HOLD,btc_5m_v2,2,True,1,False,2,True,1,False
1779383469604773,2026-05-21 17:11:09.604773,poly_updown_btc_5m_momo_v2_HOLD_f7,True,btc_5m_momo_v2_HOLD,BTC,5m,UP,0x34d3f43cd17a9b5aeacb528ab04a00b8c874f64c7ec5eba2ef1c25dced51ce78,True,26.54164968,Up,0.48,v2,HOLD,btc_5m_v2,2,True,1,False,2,True,1,False
1779383469604773,2026-05-21 17:11:09.604773,poly_updown_btc_5m_momo_v2_HOLD_f7,True,btc_5m_momo_v2_HOLD,BTC,5m,UP,0x34d3f43cd17a9b5aeacb528ab04a00b8c874f64c7ec5eba2ef1c25dced51ce78,True,26.54164968,Up,0.48,v2,HOLD,btc_5m_v2,2,True,1,False,2,True,1,False
1779383520435019,2026-05-21 17:12:00.435019,poly_updown_btc_5m_momo_SELL_f7,True,btc_5m_momo_SELL,BTC,5m,UP,0x34d3f43cd17a9b5aeacb528ab04a00b8c874f64c7ec5eba2ef1c25dced51ce78,True,28.76085576,Up,0.46,v1,SELL,btc_5m_v1,2,True,1,False,2,True,1,False
1779383520435019,2026-05-21 17:12:00.435019,poly_updown_btc_5m_momo_SELL_f7,True,btc_5m_momo_SELL,BTC,5m,UP,0x34d3f43cd17a9b5aeacb528ab04a00b8c874f64c7ec5eba2ef1c25dced51ce78,True,28.76085576,Up,0.46,v1,SELL,btc_5m_v1,2,True,1,False,2,True,1,False
1779383520435019,2026-05-21 17:12:00.435019,poly_updown_btc_5m_momo_SELL_f7,True,btc_5m_momo_SELL,BTC,5m,UP,0x34d3f43cd17a9b5aeacb528ab04a00b8c874f64c7ec5eba2ef1c25dced51ce78,True,28.76085576,Up,0.46,v1,SELL,btc_5m_v1,2,True,1,False,2,True,1,False
1779383520435019,2026-05-21 17:12:00.435019,poly_updown_btc_5m_momo_SELL_f7,True,btc_5m_momo_SELL,BTC,5m,UP,0x34d3f43cd17a9b5aeacb528ab04a00b8c874f64c7ec5eba2ef1c25dced51ce78,True,28.76085576,Up,0.46,v1,SELL,btc_5m_v1,2,True,1,False,2,True,1,False
1779383520440061,2026-05-21 17:12:00.440061,poly_updown_btc_5m_momo_HEDGE_f7,True,btc_5m_momo_HEDGE,BTC,5m,UP,0x34d3f43cd17a9b5aeacb528ab04a00b8c874f64c7ec5eba2ef1c25dced51ce78,True,28.76085576,Up,0.46,v1,HEDGE,btc_5m_v1,2,True,1,False,2,True,1,False
1779383520440061,2026-05-21 17:12:00.440061,poly_updown_btc_5m_momo_HEDGE_f7,True,btc_5m_momo_HEDGE,BTC,5m,UP,0x34d3f43cd17a9b5aeacb528ab04a00b8c874f64c7ec5eba2ef1c25dced51ce78,True,28.76085576,Up,0.46,v1,HEDGE,btc_5m_v1,2,True,1,False,2,True,1,False
1779383520440061,2026-05-21 17:12:00.440061,poly_updown_btc_5m_momo_HEDGE_f7,True,btc_5m_momo_HEDGE,BTC,5m,UP,0x34d3f43cd17a9b5aeacb528ab04a00b8c874f64c7ec5eba2ef1c25dced51ce78,True,28.76085576,Up,0.46,v1,HEDGE,btc_5m_v1,2,True,1,False,2,True,1,False
1779383520440061,2026-05-21 17:12:00.440061,poly_updown_btc_5m_momo_HEDGE_f7,True,btc_5m_momo_HEDGE,BTC,5m,UP,0x34d3f43cd17a9b5aeacb528ab04a00b8c874f64c7ec5eba2ef1c25dced51ce78,True,28.76085576,Up,0.46,v1,HEDGE,btc_5m_v1,2,True,1,False,2,True,1,False
1779383520442617,2026-05-21 17:12:00.442617,poly_updown_btc_5m_momo_HOLD_f7,True,btc_5m_momo_HOLD,BTC,5m,UP,0x34d3f43cd17a9b5aeacb528ab04a00b8c874f64c7ec5eba2ef1c25dced51ce78,True,28.76085576,Up,0.46,v1,HOLD,btc_5m_v1,2,True,1,False,2,True,1,False
1779383520442617,2026-05-21 17:12:00.442617,poly_updown_btc_5m_momo_HOLD_f7,True,btc_5m_momo_HOLD,BTC,5m,UP,0x34d3f43cd17a9b5aeacb528ab04a00b8c874f64c7ec5eba2ef1c25dced51ce78,True,28.76085576,Up,0.46,v1,HOLD,btc_5m_v1,2,True,1,False,2,True,1,False
1779383520442617,2026-05-21 17:12:00.442617,poly_updown_btc_5m_momo_HOLD_f7,True,btc_5m_momo_HOLD,BTC,5m,UP,0x34d3f43cd17a9b5aeacb528ab04a00b8c874f64c7ec5eba2ef1c25dced51ce78,True,28.76085576,Up,0.46,v1,HOLD,btc_5m_v1,2,True,1,False,2,True,1,False
1779383520442617,2026-05-21 17:12:00.442617,poly_updown_btc_5m_momo_HOLD_f7,True,btc_5m_momo_HOLD,BTC,5m,UP,0x34d3f43cd17a9b5aeacb528ab04a00b8c874f64c7ec5eba2ef1c25dced51ce78,True,28.76085576,Up,0.46,v1,HOLD,btc_5m_v1,2,True,1,False,2,True,1,False
1779383524130989,2026-05-21 17:12:04.130989,poly_updown_btc_5m_momo_HEDGE_f7,True,btc_5m_momo_HEDGE,BTC,5m,UP,0x34d3f43cd17a9b5aeacb528ab04a00b8c874f64c7ec5eba2ef1c25dced51ce78,True,28.76085576,Up,0.46,v1,HEDGE,btc_5m_v1,2,True,1,False,2,True,1,False
1779383524130989,2026-05-21 17:12:04.130989,poly_updown_btc_5m_momo_HEDGE_f7,True,btc_5m_momo_HEDGE,BTC,5m,UP,0x34d3f43cd17a9b5aeacb528ab04a00b8c874f64c7ec5eba2ef1c25dced51ce78,True,28.76085576,Up,0.46,v1,HEDGE,btc_5m_v1,2,True,1,False,2,True,1,False
1779383524130989,2026-05-21 17:12:04.130989,poly_updown_btc_5m_momo_HEDGE_f7,True,btc_5m_momo_HEDGE,BTC,5m,UP,0x34d3f43cd17a9b5aeacb528ab04a00b8c874f64c7ec5eba2ef1c25dced51ce78,True,28.76085576,Up,0.46,v1,HEDGE,btc_5m_v1,2,True,1,False,2,True,1,False
1779383524130989,2026-05-21 17:12:04.130989,poly_updown_btc_5m_momo_HEDGE_f7,True,btc_5m_momo_HEDGE,BTC,5m,UP,0x34d3f43cd17a9b5aeacb528ab04a00b8c874f64c7ec5eba2ef1c25dced51ce78,True,28.76085576,Up,0.46,v1,HEDGE,btc_5m_v1,2,True,1,False,2,True,1,False
1779383524135809,2026-05-21 17:12:04.135809,poly_updown_btc_5m_momo_SELL_f7,True,btc_5m_momo_SELL,BTC,5m,UP,0x34d3f43cd17a9b5aeacb528ab04a00b8c874f64c7ec5eba2ef1c25dced51ce78,True,28.76085576,Up,0.46,v1,SELL,btc_5m_v1,2,True,1,False,2,True,1,False
1779383524135809,2026-05-21 17:12:04.135809,poly_updown_btc_5m_momo_SELL_f7,True,btc_5m_momo_SELL,BTC,5m,UP,0x34d3f43cd17a9b5aeacb528ab04a00b8c874f64c7ec5eba2ef1c25dced51ce78,True,28.76085576,Up,0.46,v1,SELL,btc_5m_v1,2,True,1,False,2,True,1,False
1779383524135809,2026-05-21 17:12:04.135809,poly_updown_btc_5m_momo_SELL_f7,True,btc_5m_momo_SELL,BTC,5m,UP,0x34d3f43cd17a9b5aeacb528ab04a00b8c874f64c7ec5eba2ef1c25dced51ce78,True,28.76085576,Up,0.46,v1,SELL,btc_5m_v1,2,True,1,False,2,True,1,False
1779383524135809,2026-05-21 17:12:04.135809,poly_updown_btc_5m_momo_SELL_f7,True,btc_5m_momo_SELL,BTC,5m,UP,0x34d3f43cd17a9b5aeacb528ab04a00b8c874f64c7ec5eba2ef1c25dced51ce78,True,28.76085576,Up,0.46,v1,SELL,btc_5m_v1,2,True,1,False,2,True,1,False
1779383524140700,2026-05-21 17:12:04.140700,poly_updown_btc_5m_momo_HOLD_f7,True,btc_5m_momo_HOLD,BTC,5m,UP,0x34d3f43cd17a9b5aeacb528ab04a00b8c874f64c7ec5eba2ef1c25dced51ce78,True,28.76085576,Up,0.46,v1,HOLD,btc_5m_v1,2,True,1,False,2,True,1,False
1779383524140700,2026-05-21 17:12:04.140700,poly_updown_btc_5m_momo_HOLD_f7,True,btc_5m_momo_HOLD,BTC,5m,UP,0x34d3f43cd17a9b5aeacb528ab04a00b8c874f64c7ec5eba2ef1c25dced51ce78,True,28.76085576,Up,0.46,v1,HOLD,btc_5m_v1,2,True,1,False,2,True,1,False
1779383524140700,2026-05-21 17:12:04.140700,poly_updown_btc_5m_momo_HOLD_f7,True,btc_5m_momo_HOLD,BTC,5m,UP,0x34d3f43cd17a9b5aeacb528ab04a00b8c874f64c7ec5eba2ef1c25dced51ce78,True,28.76085576,Up,0.46,v1,HOLD,btc_5m_v1,2,True,1,False,2,True,1,False
1779383524140700,2026-05-21 17:12:04.140700,poly_updown_btc_5m_momo_HOLD_f7,True,btc_5m_momo_HOLD,BTC,5m,UP,0x34d3f43cd17a9b5aeacb528ab04a00b8c874f64c7ec5eba2ef1c25dced51ce78,True,28.76085576,Up,0.46,v1,HOLD,btc_5m_v1,2,True,1,False,2,True,1,False
1779383703392900,2026-05-21 17:15:03.392900,poly_updown_btc_5m_sniper,False,btc_5m_sniper,BTC,5m,UP,0xe1559b0d71e031d8698e4c44492e3c1aca2f26268fe5cfac93cf0d3b78ba6431,True,22.61537376,Up,0.52,v1,sniper,btc_5m_v1,2,True,2,True,2,True,1,False
1779383703392900,2026-05-21 17:15:03.392900,poly_updown_btc_5m_sniper,False,btc_5m_sniper,BTC,5m,UP,0xe1559b0d71e031d8698e4c44492e3c1aca2f26268fe5cfac93cf0d3b78ba6431,True,22.61537376,Up,0.52,v1,sniper,btc_5m_v1,2,True,2,True,2,True,1,False
1779383703392900,2026-05-21 17:15:03.392900,poly_updown_btc_5m_sniper,False,btc_5m_sniper,BTC,5m,UP,0xe1559b0d71e031d8698e4c44492e3c1aca2f26268fe5cfac93cf0d3b78ba6431,True,22.61537376,Up,0.52,v1,sniper,btc_5m_v1,2,True,2,True,2,True,1,False
1779383703392900,2026-05-21 17:15:03.392900,poly_updown_btc_5m_sniper,False,btc_5m_sniper,BTC,5m,UP,0xe1559b0d71e031d8698e4c44492e3c1aca2f26268fe5cfac93cf0d3b78ba6431,True,22.61537376,Up,0.52,v1,sniper,btc_5m_v1,2,True,2,True,2,True,1,False
1779383703442459,2026-05-21 17:15:03.442459,poly_updown_eth_5m_sniper,False,eth_5m_sniper,ETH,5m,UP,0xd0096456599a30c898a66455dd83dac387418efc0fb12e27a1334107add54434,True,23.53921192,Up,0.51,v1,sniper,eth_5m_v1,2,True,1,False,1,False,1,False
1779383703442459,2026-05-21 17:15:03.442459,poly_updown_eth_5m_sniper,False,eth_5m_sniper,ETH,5m,UP,0xd0096456599a30c898a66455dd83dac387418efc0fb12e27a1334107add54434,True,23.53921192,Up,0.51,v1,sniper,eth_5m_v1,2,True,1,False,1,False,1,False
1779383703442459,2026-05-21 17:15:03.442459,poly_updown_eth_5m_sniper,False,eth_5m_sniper,ETH,5m,UP,0xd0096456599a30c898a66455dd83dac387418efc0fb12e27a1334107add54434,True,23.53921192,Up,0.51,v1,sniper,eth_5m_v1,2,True,1,False,1,False,1,False
1779383703442459,2026-05-21 17:15:03.442459,poly_updown_eth_5m_sniper,False,eth_5m_sniper,ETH,5m,UP,0xd0096456599a30c898a66455dd83dac387418efc0fb12e27a1334107add54434,True,23.53921192,Up,0.51,v1,sniper,eth_5m_v1,2,True,1,False,1,False,1,False
1779383703443751,2026-05-21 17:15:03.443751,poly_updown_sol_5m_v3,False,sol_5m_v3,SOL,5m,UP,0xd03ffa7a75e19385bebf11a524f5020ab8f9bb5a18fe60ce48e6d0f73da349d7,True,23.52196,Up,0.51996,v1,v3,sol_5m_v1,2,True,1,False,1,False,1,False
1779383703443751,2026-05-21 17:15:03.443751,poly_updown_sol_5m_v3,False,sol_5m_v3,SOL,5m,UP,0xd03ffa7a75e19385bebf11a524f5020ab8f9bb5a18fe60ce48e6d0f73da349d7,True,23.52196,Up,0.51996,v1,v3,sol_5m_v1,2,True,1,False,1,False,1,False
1779383703443751,2026-05-21 17:15:03.443751,poly_updown_sol_5m_v3,False,sol_5m_v3,SOL,5m,UP,0xd03ffa7a75e19385bebf11a524f5020ab8f9bb5a18fe60ce48e6d0f73da349d7,True,23.52196,Up,0.51996,v1,v3,sol_5m_v1,2,True,1,False,1,False,1,False
1779383703443751,2026-05-21 17:15:03.443751,poly_updown_sol_5m_v3,False,sol_5m_v3,SOL,5m,UP,0xd03ffa7a75e19385bebf11a524f5020ab8f9bb5a18fe60ce48e6d0f73da349d7,True,23.52196,Up,0.51996,v1,v3,sol_5m_v1,2,True,1,False,1,False,1,False
1779383703450911,2026-05-21 17:15:03.450911,poly_updown_sol_5m_v3_2,False,sol_5m_v3_2,SOL,5m,UP,0xd03ffa7a75e19385bebf11a524f5020ab8f9bb5a18fe60ce48e6d0f73da349d7,True,23.52196,Up,0.51996,v1,2,sol_5m_v1,2,True,1,False,1,False,1,False
1779383703450911,2026-05-21 17:15:03.450911,poly_updown_sol_5m_v3_2,False,sol_5m_v3_2,SOL,5m,UP,0xd03ffa7a75e19385bebf11a524f5020ab8f9bb5a18fe60ce48e6d0f73da349d7,True,23.52196,Up,0.51996,v1,2,sol_5m_v1,2,True,1,False,1,False,1,False
1779383703450911,2026-05-21 17:15:03.450911,poly_updown_sol_5m_v3_2,False,sol_5m_v3_2,SOL,5m,UP,0xd03ffa7a75e19385bebf11a524f5020ab8f9bb5a18fe60ce48e6d0f73da349d7,True,23.52196,Up,0.51996,v1,2,sol_5m_v1,2,True,1,False,1,False,1,False
1779383703450911,2026-05-21 17:15:03.450911,poly_updown_sol_5m_v3_2,False,sol_5m_v3_2,SOL,5m,UP,0xd03ffa7a75e19385bebf11a524f5020ab8f9bb5a18fe60ce48e6d0f73da349d7,True,23.52196,Up,0.51996,v1,2,sol_5m_v1,2,True,1,False,1,False,1,False
1779383703453267,2026-05-21 17:15:03.453267,poly_updown_sol_5m_v4,False,sol_5m_v4,SOL,5m,UP,0xd03ffa7a75e19385bebf11a524f5020ab8f9bb5a18fe60ce48e6d0f73da349d7,True,23.52196,Up,0.51996,v1,v4,sol_5m_v1,2,True,1,False,1,False,1,False
1779383703453267,2026-05-21 17:15:03.453267,poly_updown_sol_5m_v4,False,sol_5m_v4,SOL,5m,UP,0xd03ffa7a75e19385bebf11a524f5020ab8f9bb5a18fe60ce48e6d0f73da349d7,True,23.52196,Up,0.51996,v1,v4,sol_5m_v1,2,True,1,False,1,False,1,False
1779383703453267,2026-05-21 17:15:03.453267,poly_updown_sol_5m_v4,False,sol_5m_v4,SOL,5m,UP,0xd03ffa7a75e19385bebf11a524f5020ab8f9bb5a18fe60ce48e6d0f73da349d7,True,23.52196,Up,0.51996,v1,v4,sol_5m_v1,2,True,1,False,1,False,1,False
1779383703453267,2026-05-21 17:15:03.453267,poly_updown_sol_5m_v4,False,sol_5m_v4,SOL,5m,UP,0xd03ffa7a75e19385bebf11a524f5020ab8f9bb5a18fe60ce48e6d0f73da349d7,True,23.52196,Up,0.51996,v1,v4,sol_5m_v1,2,True,1,False,1,False,1,False
1779383703454992,2026-05-21 17:15:03.454992,poly_updown_sol_5m_v3_3,False,sol_5m_v3_3,SOL,5m,UP,0xd03ffa7a75e19385bebf11a524f5020ab8f9bb5a18fe60ce48e6d0f73da349d7,True,23.52196,Up,0.51996,v1,3,sol_5m_v1,2,True,1,False,1,False,1,False
1779383703454992,2026-05-21 17:15:03.454992,poly_updown_sol_5m_v3_3,False,sol_5m_v3_3,SOL,5m,UP,0xd03ffa7a75e19385bebf11a524f5020ab8f9bb5a18fe60ce48e6d0f73da349d7,True,23.52196,Up,0.51996,v1,3,sol_5m_v1,2,True,1,False,1,False,1,False
1779383703454992,2026-05-21 17:15:03.454992,poly_updown_sol_5m_v3_3,False,sol_5m_v3_3,SOL,5m,UP,0xd03ffa7a75e19385bebf11a524f5020ab8f9bb5a18fe60ce48e6d0f73da349d7,True,23.52196,Up,0.51996,v1,3,sol_5m_v1,2,True,1,False,1,False,1,False
1779383703454992,2026-05-21 17:15:03.454992,poly_updown_sol_5m_v3_3,False,sol_5m_v3_3,SOL,5m,UP,0xd03ffa7a75e19385bebf11a524f5020ab8f9bb5a18fe60ce48e6d0f73da349d7,True,23.52196,Up,0.51996,v1,3,sol_5m_v1,2,True,1,False,1,False,1,False
1779383703457357,2026-05-21 17:15:03.457357,poly_updown_sol_5m_v3_1,False,sol_5m_v3_1,SOL,5m,UP,0xd03ffa7a75e19385bebf11a524f5020ab8f9bb5a18fe60ce48e6d0f73da349d7,True,23.52196,Up,0.51996,v1,1,sol_5m_v1,2,True,1,False,1,False,1,False
1779383703457357,2026-05-21 17:15:03.457357,poly_updown_sol_5m_v3_1,False,sol_5m_v3_1,SOL,5m,UP,0xd03ffa7a75e19385bebf11a524f5020ab8f9bb5a18fe60ce48e6d0f73da349d7,True,23.52196,Up,0.51996,v1,1,sol_5m_v1,2,True,1,False,1,False,1,False
1779383703457357,2026-05-21 17:15:03.457357,poly_updown_sol_5m_v3_1,False,sol_5m_v3_1,SOL,5m,UP,0xd03ffa7a75e19385bebf11a524f5020ab8f9bb5a18fe60ce48e6d0f73da349d7,True,23.52196,Up,0.51996,v1,1,sol_5m_v1,2,True,1,False,1,False,1,False
1779383703457357,2026-05-21 17:15:03.457357,poly_updown_sol_5m_v3_1,False,sol_5m_v3_1,SOL,5m,UP,0xd03ffa7a75e19385bebf11a524f5020ab8f9bb5a18fe60ce48e6d0f73da349d7,True,23.52196,Up,0.51996,v1,1,sol_5m_v1,2,True,1,False,1,False,1,False
1779383703458030,2026-05-21 17:15:03.458030,poly_updown_sol_5m_sniper_INV,False,sol_5m_sniper_INV,SOL,5m,DOWN,0xd03ffa7a75e19385bebf11a524f5020ab8f9bb5a18fe60ce48e6d0f73da349d7,False,-25.973788,Up,0.5298653599784575,v1,INV,sol_5m_v1,2,False,1,False,1,False,1,False
1779383703458030,2026-05-21 17:15:03.458030,poly_updown_sol_5m_sniper_INV,False,sol_5m_sniper_INV,SOL,5m,DOWN,0xd03ffa7a75e19385bebf11a524f5020ab8f9bb5a18fe60ce48e6d0f73da349d7,False,-25.973788,Up,0.5298653599784575,v1,INV,sol_5m_v1,2,False,1,False,1,False,1,False
1779383703458030,2026-05-21 17:15:03.458030,poly_updown_sol_5m_sniper_INV,False,sol_5m_sniper_INV,SOL,5m,DOWN,0xd03ffa7a75e19385bebf11a524f5020ab8f9bb5a18fe60ce48e6d0f73da349d7,False,-25.973788,Up,0.5298653599784575,v1,INV,sol_5m_v1,2,False,1,False,1,False,1,False
1779383703458030,2026-05-21 17:15:03.458030,poly_updown_sol_5m_sniper_INV,False,sol_5m_sniper_INV,SOL,5m,DOWN,0xd03ffa7a75e19385bebf11a524f5020ab8f9bb5a18fe60ce48e6d0f73da349d7,False,-25.973788,Up,0.5298653599784575,v1,INV,sol_5m_v1,2,False,1,False,1,False,1,False
1779383703484378,2026-05-21 17:15:03.484378,poly_updown_sol_5m_sniper,False,sol_5m_sniper,SOL,5m,UP,0xd03ffa7a75e19385bebf11a524f5020ab8f9bb5a18fe60ce48e6d0f73da349d7,True,23.52196,Up,0.51996,v1,sniper,sol_5m_v1,2,True,1,False,1,False,1,False
1779383703484378,2026-05-21 17:15:03.484378,poly_updown_sol_5m_sniper,False,sol_5m_sniper,SOL,5m,UP,0xd03ffa7a75e19385bebf11a524f5020ab8f9bb5a18fe60ce48e6d0f73da349d7,True,23.52196,Up,0.51996,v1,sniper,sol_5m_v1,2,True,1,False,1,False,1,False
1779383703484378,2026-05-21 17:15:03.484378,poly_updown_sol_5m_sniper,False,sol_5m_sniper,SOL,5m,UP,0xd03ffa7a75e19385bebf11a524f5020ab8f9bb5a18fe60ce48e6d0f73da349d7,True,23.52196,Up,0.51996,v1,sniper,sol_5m_v1,2,True,1,False,1,False,1,False
1779383703484378,2026-05-21 17:15:03.484378,poly_updown_sol_5m_sniper,False,sol_5m_sniper,SOL,5m,UP,0xd03ffa7a75e19385bebf11a524f5020ab8f9bb5a18fe60ce48e6d0f73da349d7,True,23.52196,Up,0.51996,v1,sniper,sol_5m_v1,2,True,1,False,1,False,1,False
1779383704083040,2026-05-21 17:15:04.083040,poly_updown_eth_15m_sniper,False,eth_15m_sniper,ETH,15m,UP,0x7bc7204bb400bc4539e412a57b5a8ae1b48bb308dd4dda6682c78c8a38afb501,False,-24.999996,Down,0.51,v1,sniper,eth_15m_v1,2,True,1,False,1,False,1,False
1779383704083040,2026-05-21 17:15:04.083040,poly_updown_eth_15m_sniper,False,eth_15m_sniper,ETH,15m,UP,0x7bc7204bb400bc4539e412a57b5a8ae1b48bb308dd4dda6682c78c8a38afb501,False,-24.999996,Down,0.51,v1,sniper,eth_15m_v1,2,True,1,False,1,False,1,False
1779383704083040,2026-05-21 17:15:04.083040,poly_updown_eth_15m_sniper,False,eth_15m_sniper,ETH,15m,UP,0x7bc7204bb400bc4539e412a57b5a8ae1b48bb308dd4dda6682c78c8a38afb501,False,-24.999996,Down,0.51,v1,sniper,eth_15m_v1,2,True,1,False,1,False,1,False
1779383704083040,2026-05-21 17:15:04.083040,poly_updown_eth_15m_sniper,False,eth_15m_sniper,ETH,15m,UP,0x7bc7204bb400bc4539e412a57b5a8ae1b48bb308dd4dda6682c78c8a38afb501,False,-24.999996,Down,0.51,v1,sniper,eth_15m_v1,2,True,1,False,1,False,1,False
1779383704154894,2026-05-21 17:15:04.154894,poly_updown_btc_15m_sniper,False,btc_15m_sniper,BTC,15m,UP,0x7ea78c4432034779c81a675537197d82b70885591106dd5f557c227b48a4d391,False,-24.999996,Down,0.51,v1,sniper,btc_15m_v1,2,True,2,True,2,True,1,False
1779383704154894,2026-05-21 17:15:04.154894,poly_updown_btc_15m_sniper,False,btc_15m_sniper,BTC,15m,UP,0x7ea78c4432034779c81a675537197d82b70885591106dd5f557c227b48a4d391,False,-24.999996,Down,0.51,v1,sniper,btc_15m_v1,2,True,2,True,2,True,1,False
1779383704154894,2026-05-21 17:15:04.154894,poly_updown_btc_15m_sniper,False,btc_15m_sniper,BTC,15m,UP,0x7ea78c4432034779c81a675537197d82b70885591106dd5f557c227b48a4d391,False,-24.999996,Down,0.51,v1,sniper,btc_15m_v1,2,True,2,True,2,True,1,False
1779383704154894,2026-05-21 17:15:04.154894,poly_updown_btc_15m_sniper,False,btc_15m_sniper,BTC,15m,UP,0x7ea78c4432034779c81a675537197d82b70885591106dd5f557c227b48a4d391,False,-24.999996,Down,0.51,v1,sniper,btc_15m_v1,2,True,2,True,2,True,1,False
1779383704194940,2026-05-21 17:15:04.194940,poly_updown_sol_15m_sniper,False,sol_15m_sniper,SOL,15m,UP,0xff505da70c63e7b8cc7245399f0f11bb5e73ccc64e255abcc19946b3af1131a4,False,-26.040812,Down,0.5103999968639994,v1,sniper,sol_15m_v1,2,True,1,False,1,False,1,False
1779383704194940,2026-05-21 17:15:04.194940,poly_updown_sol_15m_sniper,False,sol_15m_sniper,SOL,15m,UP,0xff505da70c63e7b8cc7245399f0f11bb5e73ccc64e255abcc19946b3af1131a4,False,-26.040812,Down,0.5103999968639994,v1,sniper,sol_15m_v1,2,True,1,False,1,False,1,False
1779383704194940,2026-05-21 17:15:04.194940,poly_updown_sol_15m_sniper,False,sol_15m_sniper,SOL,15m,UP,0xff505da70c63e7b8cc7245399f0f11bb5e73ccc64e255abcc19946b3af1131a4,False,-26.040812,Down,0.5103999968639994,v1,sniper,sol_15m_v1,2,True,1,False,1,False,1,False
1779383704194940,2026-05-21 17:15:04.194940,poly_updown_sol_15m_sniper,False,sol_15m_sniper,SOL,15m,UP,0xff505da70c63e7b8cc7245399f0f11bb5e73ccc64e255abcc19946b3af1131a4,False,-26.040812,Down,0.5103999968639994,v1,sniper,sol_15m_v1,2,True,1,False,1,False,1,False
1779383706385029,2026-05-21 17:15:06.385029,poly_updown_btc_5m_sniper,False,btc_5m_sniper,BTC,5m,UP,0xe1559b0d71e031d8698e4c44492e3c1aca2f26268fe5cfac93cf0d3b78ba6431,True,22.61537376,Up,0.52,v1,sniper,btc_5m_v1,2,True,2,True,2,True,1,False
1779383706385029,2026-05-21 17:15:06.385029,poly_updown_btc_5m_sniper,False,btc_5m_sniper,BTC,5m,UP,0xe1559b0d71e031d8698e4c44492e3c1aca2f26268fe5cfac93cf0d3b78ba6431,True,22.61537376,Up,0.52,v1,sniper,btc_5m_v1,2,True,2,True,2,True,1,False
1779383706385029,2026-05-21 17:15:06.385029,poly_updown_btc_5m_sniper,False,btc_5m_sniper,BTC,5m,UP,0xe1559b0d71e031d8698e4c44492e3c1aca2f26268fe5cfac93cf0d3b78ba6431,True,22.61537376,Up,0.52,v1,sniper,btc_5m_v1,2,True,2,True,2,True,1,False
1779383706385029,2026-05-21 17:15:06.385029,poly_updown_btc_5m_sniper,False,btc_5m_sniper,BTC,5m,UP,0xe1559b0d71e031d8698e4c44492e3c1aca2f26268fe5cfac93cf0d3b78ba6431,True,22.61537376,Up,0.52,v1,sniper,btc_5m_v1,2,True,2,True,2,True,1,False
1779383706388308,2026-05-21 17:15:06.388308,poly_updown_eth_5m_sniper,False,eth_5m_sniper,ETH,5m,UP,0xd0096456599a30c898a66455dd83dac387418efc0fb12e27a1334107add54434,True,23.53921192,Up,0.51,v1,sniper,eth_5m_v1,2,True,1,False,1,False,1,False
1779383706388308,2026-05-21 17:15:06.388308,poly_updown_eth_5m_sniper,False,eth_5m_sniper,ETH,5m,UP,0xd0096456599a30c898a66455dd83dac387418efc0fb12e27a1334107add54434,True,23.53921192,Up,0.51,v1,sniper,eth_5m_v1,2,True,1,False,1,False,1,False
1779383706388308,2026-05-21 17:15:06.388308,poly_updown_eth_5m_sniper,False,eth_5m_sniper,ETH,5m,UP,0xd0096456599a30c898a66455dd83dac387418efc0fb12e27a1334107add54434,True,23.53921192,Up,0.51,v1,sniper,eth_5m_v1,2,True,1,False,1,False,1,False
1779383706388308,2026-05-21 17:15:06.388308,poly_updown_eth_5m_sniper,False,eth_5m_sniper,ETH,5m,UP,0xd0096456599a30c898a66455dd83dac387418efc0fb12e27a1334107add54434,True,23.53921192,Up,0.51,v1,sniper,eth_5m_v1,2,True,1,False,1,False,1,False
1779383706391385,2026-05-21 17:15:06.391385,poly_updown_sol_5m_v3_2,False,sol_5m_v3_2,SOL,5m,UP,0xd03ffa7a75e19385bebf11a524f5020ab8f9bb5a18fe60ce48e6d0f73da349d7,True,23.52196,Up,0.51996,v1,2,sol_5m_v1,2,True,1,False,1,False,1,False
1779383706391385,2026-05-21 17:15:06.391385,poly_updown_sol_5m_v3_2,False,sol_5m_v3_2,SOL,5m,UP,0xd03ffa7a75e19385bebf11a524f5020ab8f9bb5a18fe60ce48e6d0f73da349d7,True,23.52196,Up,0.51996,v1,2,sol_5m_v1,2,True,1,False,1,False,1,False
1779383706391385,2026-05-21 17:15:06.391385,poly_updown_sol_5m_v3_2,False,sol_5m_v3_2,SOL,5m,UP,0xd03ffa7a75e19385bebf11a524f5020ab8f9bb5a18fe60ce48e6d0f73da349d7,True,23.52196,Up,0.51996,v1,2,sol_5m_v1,2,True,1,False,1,False,1,False
1779383706391385,2026-05-21 17:15:06.391385,poly_updown_sol_5m_v3_2,False,sol_5m_v3_2,SOL,5m,UP,0xd03ffa7a75e19385bebf11a524f5020ab8f9bb5a18fe60ce48e6d0f73da349d7,True,23.52196,Up,0.51996,v1,2,sol_5m_v1,2,True,1,False,1,False,1,False
1779383706391840,2026-05-21 17:15:06.391840,poly_updown_sol_5m_v4,False,sol_5m_v4,SOL,5m,UP,0xd03ffa7a75e19385bebf11a524f5020ab8f9bb5a18fe60ce48e6d0f73da349d7,True,23.52196,Up,0.51996,v1,v4,sol_5m_v1,2,True,1,False,1,False,1,False
1779383706391840,2026-05-21 17:15:06.391840,poly_updown_sol_5m_v4,False,sol_5m_v4,SOL,5m,UP,0xd03ffa7a75e19385bebf11a524f5020ab8f9bb5a18fe60ce48e6d0f73da349d7,True,23.52196,Up,0.51996,v1,v4,sol_5m_v1,2,True,1,False,1,False,1,False
1779383706391840,2026-05-21 17:15:06.391840,poly_updown_sol_5m_v4,False,sol_5m_v4,SOL,5m,UP,0xd03ffa7a75e19385bebf11a524f5020ab8f9bb5a18fe60ce48e6d0f73da349d7,True,23.52196,Up,0.51996,v1,v4,sol_5m_v1,2,True,1,False,1,False,1,False
1779383706391840,2026-05-21 17:15:06.391840,poly_updown_sol_5m_v4,False,sol_5m_v4,SOL,5m,UP,0xd03ffa7a75e19385bebf11a524f5020ab8f9bb5a18fe60ce48e6d0f73da349d7,True,23.52196,Up,0.51996,v1,v4,sol_5m_v1,2,True,1,False,1,False,1,False
1779383706392931,2026-05-21 17:15:06.392931,poly_updown_sol_5m_sniper_INV,False,sol_5m_sniper_INV,SOL,5m,DOWN,0xd03ffa7a75e19385bebf11a524f5020ab8f9bb5a18fe60ce48e6d0f73da349d7,False,-25.973788,Up,0.5298653599784575,v1,INV,sol_5m_v1,2,False,1,False,1,False,1,False
1779383706392931,2026-05-21 17:15:06.392931,poly_updown_sol_5m_sniper_INV,False,sol_5m_sniper_INV,SOL,5m,DOWN,0xd03ffa7a75e19385bebf11a524f5020ab8f9bb5a18fe60ce48e6d0f73da349d7,False,-25.973788,Up,0.5298653599784575,v1,INV,sol_5m_v1,2,False,1,False,1,False,1,False
1779383706392931,2026-05-21 17:15:06.392931,poly_updown_sol_5m_sniper_INV,False,sol_5m_sniper_INV,SOL,5m,DOWN,0xd03ffa7a75e19385bebf11a524f5020ab8f9bb5a18fe60ce48e6d0f73da349d7,False,-25.973788,Up,0.5298653599784575,v1,INV,sol_5m_v1,2,False,1,False,1,False,1,False
1779383706392931,2026-05-21 17:15:06.392931,poly_updown_sol_5m_sniper_INV,False,sol_5m_sniper_INV,SOL,5m,DOWN,0xd03ffa7a75e19385bebf11a524f5020ab8f9bb5a18fe60ce48e6d0f73da349d7,False,-25.973788,Up,0.5298653599784575,v1,INV,sol_5m_v1,2,False,1,False,1,False,1,False
1779383706397768,2026-05-21 17:15:06.397768,poly_updown_sol_5m_v3_3,False,sol_5m_v3_3,SOL,5m,UP,0xd03ffa7a75e19385bebf11a524f5020ab8f9bb5a18fe60ce48e6d0f73da349d7,True,23.52196,Up,0.51996,v1,3,sol_5m_v1,2,True,1,False,1,False,1,False
1779383706397768,2026-05-21 17:15:06.397768,poly_updown_sol_5m_v3_3,False,sol_5m_v3_3,SOL,5m,UP,0xd03ffa7a75e19385bebf11a524f5020ab8f9bb5a18fe60ce48e6d0f73da349d7,True,23.52196,Up,0.51996,v1,3,sol_5m_v1,2,True,1,False,1,False,1,False
1779383706397768,2026-05-21 17:15:06.397768,poly_updown_sol_5m_v3_3,False,sol_5m_v3_3,SOL,5m,UP,0xd03ffa7a75e19385bebf11a524f5020ab8f9bb5a18fe60ce48e6d0f73da349d7,True,23.52196,Up,0.51996,v1,3,sol_5m_v1,2,True,1,False,1,False,1,False
1779383706397768,2026-05-21 17:15:06.397768,poly_updown_sol_5m_v3_3,False,sol_5m_v3_3,SOL,5m,UP,0xd03ffa7a75e19385bebf11a524f5020ab8f9bb5a18fe60ce48e6d0f73da349d7,True,23.52196,Up,0.51996,v1,3,sol_5m_v1,2,True,1,False,1,False,1,False
1779383706398724,2026-05-21 17:15:06.398724,poly_updown_sol_5m_v3_1,False,sol_5m_v3_1,SOL,5m,UP,0xd03ffa7a75e19385bebf11a524f5020ab8f9bb5a18fe60ce48e6d0f73da349d7,True,23.52196,Up,0.51996,v1,1,sol_5m_v1,2,True,1,False,1,False,1,False
1779383706398724,2026-05-21 17:15:06.398724,poly_updown_sol_5m_v3_1,False,sol_5m_v3_1,SOL,5m,UP,0xd03ffa7a75e19385bebf11a524f5020ab8f9bb5a18fe60ce48e6d0f73da349d7,True,23.52196,Up,0.51996,v1,1,sol_5m_v1,2,True,1,False,1,False,1,False
1779383706398724,2026-05-21 17:15:06.398724,poly_updown_sol_5m_v3_1,False,sol_5m_v3_1,SOL,5m,UP,0xd03ffa7a75e19385bebf11a524f5020ab8f9bb5a18fe60ce48e6d0f73da349d7,True,23.52196,Up,0.51996,v1,1,sol_5m_v1,2,True,1,False,1,False,1,False
1779383706398724,2026-05-21 17:15:06.398724,poly_updown_sol_5m_v3_1,False,sol_5m_v3_1,SOL,5m,UP,0xd03ffa7a75e19385bebf11a524f5020ab8f9bb5a18fe60ce48e6d0f73da349d7,True,23.52196,Up,0.51996,v1,1,sol_5m_v1,2,True,1,False,1,False,1,False
1779383706455323,2026-05-21 17:15:06.455323,poly_updown_sol_5m_v3,False,sol_5m_v3,SOL,5m,UP,0xd03ffa7a75e19385bebf11a524f5020ab8f9bb5a18fe60ce48e6d0f73da349d7,True,23.52196,Up,0.51996,v1,v3,sol_5m_v1,2,True,1,False,1,False,1,False
1779383706455323,2026-05-21 17:15:06.455323,poly_updown_sol_5m_v3,False,sol_5m_v3,SOL,5m,UP,0xd03ffa7a75e19385bebf11a524f5020ab8f9bb5a18fe60ce48e6d0f73da349d7,True,23.52196,Up,0.51996,v1,v3,sol_5m_v1,2,True,1,False,1,False,1,False
1779383706455323,2026-05-21 17:15:06.455323,poly_updown_sol_5m_v3,False,sol_5m_v3,SOL,5m,UP,0xd03ffa7a75e19385bebf11a524f5020ab8f9bb5a18fe60ce48e6d0f73da349d7,True,23.52196,Up,0.51996,v1,v3,sol_5m_v1,2,True,1,False,1,False,1,False
1779383706455323,2026-05-21 17:15:06.455323,poly_updown_sol_5m_v3,False,sol_5m_v3,SOL,5m,UP,0xd03ffa7a75e19385bebf11a524f5020ab8f9bb5a18fe60ce48e6d0f73da349d7,True,23.52196,Up,0.51996,v1,v3,sol_5m_v1,2,True,1,False,1,False,1,False
1779383706500896,2026-05-21 17:15:06.500896,poly_updown_sol_5m_sniper,False,sol_5m_sniper,SOL,5m,UP,0xd03ffa7a75e19385bebf11a524f5020ab8f9bb5a18fe60ce48e6d0f73da349d7,True,23.52196,Up,0.51996,v1,sniper,sol_5m_v1,2,True,1,False,1,False,1,False
1779383706500896,2026-05-21 17:15:06.500896,poly_updown_sol_5m_sniper,False,sol_5m_sniper,SOL,5m,UP,0xd03ffa7a75e19385bebf11a524f5020ab8f9bb5a18fe60ce48e6d0f73da349d7,True,23.52196,Up,0.51996,v1,sniper,sol_5m_v1,2,True,1,False,1,False,1,False
1779383706500896,2026-05-21 17:15:06.500896,poly_updown_sol_5m_sniper,False,sol_5m_sniper,SOL,5m,UP,0xd03ffa7a75e19385bebf11a524f5020ab8f9bb5a18fe60ce48e6d0f73da349d7,True,23.52196,Up,0.51996,v1,sniper,sol_5m_v1,2,True,1,False,1,False,1,False
1779383706500896,2026-05-21 17:15:06.500896,poly_updown_sol_5m_sniper,False,sol_5m_sniper,SOL,5m,UP,0xd03ffa7a75e19385bebf11a524f5020ab8f9bb5a18fe60ce48e6d0f73da349d7,True,23.52196,Up,0.51996,v1,sniper,sol_5m_v1,2,True,1,False,1,False,1,False
1779383706770136,2026-05-21 17:15:06.770136,poly_updown_btc_15m_sniper,False,btc_15m_sniper,BTC,15m,UP,0x7ea78c4432034779c81a675537197d82b70885591106dd5f557c227b48a4d391,False,-24.999996,Down,0.51,v1,sniper,btc_15m_v1,2,True,2,True,2,True,1,False
1779383706770136,2026-05-21 17:15:06.770136,poly_updown_btc_15m_sniper,False,btc_15m_sniper,BTC,15m,UP,0x7ea78c4432034779c81a675537197d82b70885591106dd5f557c227b48a4d391,False,-24.999996,Down,0.51,v1,sniper,btc_15m_v1,2,True,2,True,2,True,1,False
1779383706770136,2026-05-21 17:15:06.770136,poly_updown_btc_15m_sniper,False,btc_15m_sniper,BTC,15m,UP,0x7ea78c4432034779c81a675537197d82b70885591106dd5f557c227b48a4d391,False,-24.999996,Down,0.51,v1,sniper,btc_15m_v1,2,True,2,True,2,True,1,False
1779383706770136,2026-05-21 17:15:06.770136,poly_updown_btc_15m_sniper,False,btc_15m_sniper,BTC,15m,UP,0x7ea78c4432034779c81a675537197d82b70885591106dd5f557c227b48a4d391,False,-24.999996,Down,0.51,v1,sniper,btc_15m_v1,2,True,2,True,2,True,1,False
1779383706775727,2026-05-21 17:15:06.775727,poly_updown_eth_15m_sniper,False,eth_15m_sniper,ETH,15m,UP,0x7bc7204bb400bc4539e412a57b5a8ae1b48bb308dd4dda6682c78c8a38afb501,False,-24.999996,Down,0.51,v1,sniper,eth_15m_v1,2,True,1,False,1,False,1,False
1779383706775727,2026-05-21 17:15:06.775727,poly_updown_eth_15m_sniper,False,eth_15m_sniper,ETH,15m,UP,0x7bc7204bb400bc4539e412a57b5a8ae1b48bb308dd4dda6682c78c8a38afb501,False,-24.999996,Down,0.51,v1,sniper,eth_15m_v1,2,True,1,False,1,False,1,False
1779383706775727,2026-05-21 17:15:06.775727,poly_updown_eth_15m_sniper,False,eth_15m_sniper,ETH,15m,UP,0x7bc7204bb400bc4539e412a57b5a8ae1b48bb308dd4dda6682c78c8a38afb501,False,-24.999996,Down,0.51,v1,sniper,eth_15m_v1,2,True,1,False,1,False,1,False
1779383706775727,2026-05-21 17:15:06.775727,poly_updown_eth_15m_sniper,False,eth_15m_sniper,ETH,15m,UP,0x7bc7204bb400bc4539e412a57b5a8ae1b48bb308dd4dda6682c78c8a38afb501,False,-24.999996,Down,0.51,v1,sniper,eth_15m_v1,2,True,1,False,1,False,1,False
1779383706794174,2026-05-21 17:15:06.794174,poly_updown_sol_15m_sniper,False,sol_15m_sniper,SOL,15m,UP,0xff505da70c63e7b8cc7245399f0f11bb5e73ccc64e255abcc19946b3af1131a4,False,-26.040812,Down,0.5103999968639994,v1,sniper,sol_15m_v1,2,True,1,False,1,False,1,False
1779383706794174,2026-05-21 17:15:06.794174,poly_updown_sol_15m_sniper,False,sol_15m_sniper,SOL,15m,UP,0xff505da70c63e7b8cc7245399f0f11bb5e73ccc64e255abcc19946b3af1131a4,False,-26.040812,Down,0.5103999968639994,v1,sniper,sol_15m_v1,2,True,1,False,1,False,1,False
1779383706794174,2026-05-21 17:15:06.794174,poly_updown_sol_15m_sniper,False,sol_15m_sniper,SOL,15m,UP,0xff505da70c63e7b8cc7245399f0f11bb5e73ccc64e255abcc19946b3af1131a4,False,-26.040812,Down,0.5103999968639994,v1,sniper,sol_15m_v1,2,True,1,False,1,False,1,False
1779383706794174,2026-05-21 17:15:06.794174,poly_updown_sol_15m_sniper,False,sol_15m_sniper,SOL,15m,UP,0xff505da70c63e7b8cc7245399f0f11bb5e73ccc64e255abcc19946b3af1131a4,False,-26.040812,Down,0.5103999968639994,v1,sniper,sol_15m_v1,2,True,1,False,1,False,1,False
1779383764942720,2026-05-21 17:16:04.942720,poly_updown_btc_5m_momo_v2_HEDGE_f7,True,btc_5m_momo_v2_HEDGE,BTC,5m,UP,0xe1559b0d71e031d8698e4c44492e3c1aca2f26268fe5cfac93cf0d3b78ba6431,True,25.49999592,Up,0.49,v2,HEDGE,btc_5m_v2,2,True,2,True,2,True,1,False
1779383764942720,2026-05-21 17:16:04.942720,poly_updown_btc_5m_momo_v2_HEDGE_f7,True,btc_5m_momo_v2_HEDGE,BTC,5m,UP,0xe1559b0d71e031d8698e4c44492e3c1aca2f26268fe5cfac93cf0d3b78ba6431,True,25.49999592,Up,0.49,v2,HEDGE,btc_5m_v2,2,True,2,True,2,True,1,False
1779383764942720,2026-05-21 17:16:04.942720,poly_updown_btc_5m_momo_v2_HEDGE_f7,True,btc_5m_momo_v2_HEDGE,BTC,5m,UP,0xe1559b0d71e031d8698e4c44492e3c1aca2f26268fe5cfac93cf0d3b78ba6431,True,25.49999592,Up,0.49,v2,HEDGE,btc_5m_v2,2,True,2,True,2,True,1,False
1779383764942720,2026-05-21 17:16:04.942720,poly_updown_btc_5m_momo_v2_HEDGE_f7,True,btc_5m_momo_v2_HEDGE,BTC,5m,UP,0xe1559b0d71e031d8698e4c44492e3c1aca2f26268fe5cfac93cf0d3b78ba6431,True,25.49999592,Up,0.49,v2,HEDGE,btc_5m_v2,2,True,2,True,2,True,1,False
1779383764944340,2026-05-21 17:16:04.944340,poly_updown_btc_5m_momo_v2_SELL_f7,True,btc_5m_momo_v2_SELL,BTC,5m,UP,0xe1559b0d71e031d8698e4c44492e3c1aca2f26268fe5cfac93cf0d3b78ba6431,True,25.49999592,Up,0.49,v2,SELL,btc_5m_v2,2,True,2,True,2,True,1,False
1779383764944340,2026-05-21 17:16:04.944340,poly_updown_btc_5m_momo_v2_SELL_f7,True,btc_5m_momo_v2_SELL,BTC,5m,UP,0xe1559b0d71e031d8698e4c44492e3c1aca2f26268fe5cfac93cf0d3b78ba6431,True,25.49999592,Up,0.49,v2,SELL,btc_5m_v2,2,True,2,True,2,True,1,False
1779383764944340,2026-05-21 17:16:04.944340,poly_updown_btc_5m_momo_v2_SELL_f7,True,btc_5m_momo_v2_SELL,BTC,5m,UP,0xe1559b0d71e031d8698e4c44492e3c1aca2f26268fe5cfac93cf0d3b78ba6431,True,25.49999592,Up,0.49,v2,SELL,btc_5m_v2,2,True,2,True,2,True,1,False
1779383764944340,2026-05-21 17:16:04.944340,poly_updown_btc_5m_momo_v2_SELL_f7,True,btc_5m_momo_v2_SELL,BTC,5m,UP,0xe1559b0d71e031d8698e4c44492e3c1aca2f26268fe5cfac93cf0d3b78ba6431,True,25.49999592,Up,0.49,v2,SELL,btc_5m_v2,2,True,2,True,2,True,1,False
1779383764946361,2026-05-21 17:16:04.946361,poly_updown_sol_5m_momo_v2_HOLD_f7,True,sol_5m_momo_v2_HOLD,SOL,5m,UP,0xd03ffa7a75e19385bebf11a524f5020ab8f9bb5a18fe60ce48e6d0f73da349d7,True,24.35349,Up,0.50299,v2,HOLD,sol_5m_v2,2,True,1,False,2,True,1,False
1779383764946361,2026-05-21 17:16:04.946361,poly_updown_sol_5m_momo_v2_HOLD_f7,True,sol_5m_momo_v2_HOLD,SOL,5m,UP,0xd03ffa7a75e19385bebf11a524f5020ab8f9bb5a18fe60ce48e6d0f73da349d7,True,24.35349,Up,0.50299,v2,HOLD,sol_5m_v2,2,True,1,False,2,True,1,False
1779383764946361,2026-05-21 17:16:04.946361,poly_updown_sol_5m_momo_v2_HOLD_f7,True,sol_5m_momo_v2_HOLD,SOL,5m,UP,0xd03ffa7a75e19385bebf11a524f5020ab8f9bb5a18fe60ce48e6d0f73da349d7,True,24.35349,Up,0.50299,v2,HOLD,sol_5m_v2,2,True,1,False,2,True,1,False
1779383764946361,2026-05-21 17:16:04.946361,poly_updown_sol_5m_momo_v2_HOLD_f7,True,sol_5m_momo_v2_HOLD,SOL,5m,UP,0xd03ffa7a75e19385bebf11a524f5020ab8f9bb5a18fe60ce48e6d0f73da349d7,True,24.35349,Up,0.50299,v2,HOLD,sol_5m_v2,2,True,1,False,2,True,1,False
1779383764946578,2026-05-21 17:16:04.946578,poly_updown_sol_5m_momo_v2_HEDGE_f7,True,sol_5m_momo_v2_HEDGE,SOL,5m,UP,0xd03ffa7a75e19385bebf11a524f5020ab8f9bb5a18fe60ce48e6d0f73da349d7,True,24.35349,Up,0.50299,v2,HEDGE,sol_5m_v2,2,True,1,False,2,True,1,False
1779383764946578,2026-05-21 17:16:04.946578,poly_updown_sol_5m_momo_v2_HEDGE_f7,True,sol_5m_momo_v2_HEDGE,SOL,5m,UP,0xd03ffa7a75e19385bebf11a524f5020ab8f9bb5a18fe60ce48e6d0f73da349d7,True,24.35349,Up,0.50299,v2,HEDGE,sol_5m_v2,2,True,1,False,2,True,1,False
1779383764946578,2026-05-21 17:16:04.946578,poly_updown_sol_5m_momo_v2_HEDGE_f7,True,sol_5m_momo_v2_HEDGE,SOL,5m,UP,0xd03ffa7a75e19385bebf11a524f5020ab8f9bb5a18fe60ce48e6d0f73da349d7,True,24.35349,Up,0.50299,v2,HEDGE,sol_5m_v2,2,True,1,False,2,True,1,False
1779383764946578,2026-05-21 17:16:04.946578,poly_updown_sol_5m_momo_v2_HEDGE_f7,True,sol_5m_momo_v2_HEDGE,SOL,5m,UP,0xd03ffa7a75e19385bebf11a524f5020ab8f9bb5a18fe60ce48e6d0f73da349d7,True,24.35349,Up,0.50299,v2,HEDGE,sol_5m_v2,2,True,1,False,2,True,1,False
1779383764953423,2026-05-21 17:16:04.953423,poly_updown_sol_5m_momo_v2_SELL_f7,True,sol_5m_momo_v2_SELL,SOL,5m,UP,0xd03ffa7a75e19385bebf11a524f5020ab8f9bb5a18fe60ce48e6d0f73da349d7,True,24.35349,Up,0.50299,v2,SELL,sol_5m_v2,2,True,1,False,2,True,1,False
1779383764953423,2026-05-21 17:16:04.953423,poly_updown_sol_5m_momo_v2_SELL_f7,True,sol_5m_momo_v2_SELL,SOL,5m,UP,0xd03ffa7a75e19385bebf11a524f5020ab8f9bb5a18fe60ce48e6d0f73da349d7,True,24.35349,Up,0.50299,v2,SELL,sol_5m_v2,2,True,1,False,2,True,1,False
1779383764953423,2026-05-21 17:16:04.953423,poly_updown_sol_5m_momo_v2_SELL_f7,True,sol_5m_momo_v2_SELL,SOL,5m,UP,0xd03ffa7a75e19385bebf11a524f5020ab8f9bb5a18fe60ce48e6d0f73da349d7,True,24.35349,Up,0.50299,v2,SELL,sol_5m_v2,2,True,1,False,2,True,1,False
1779383764953423,2026-05-21 17:16:04.953423,poly_updown_sol_5m_momo_v2_SELL_f7,True,sol_5m_momo_v2_SELL,SOL,5m,UP,0xd03ffa7a75e19385bebf11a524f5020ab8f9bb5a18fe60ce48e6d0f73da349d7,True,24.35349,Up,0.50299,v2,SELL,sol_5m_v2,2,True,1,False,2,True,1,False
1779383764957687,2026-05-21 17:16:04.957687,poly_updown_btc_5m_momo_v2_HOLD_f7,True,btc_5m_momo_v2_HOLD,BTC,5m,UP,0xe1559b0d71e031d8698e4c44492e3c1aca2f26268fe5cfac93cf0d3b78ba6431,True,25.49999592,Up,0.49,v2,HOLD,btc_5m_v2,2,True,2,True,2,True,1,False
1779383764957687,2026-05-21 17:16:04.957687,poly_updown_btc_5m_momo_v2_HOLD_f7,True,btc_5m_momo_v2_HOLD,BTC,5m,UP,0xe1559b0d71e031d8698e4c44492e3c1aca2f26268fe5cfac93cf0d3b78ba6431,True,25.49999592,Up,0.49,v2,HOLD,btc_5m_v2,2,True,2,True,2,True,1,False
1779383764957687,2026-05-21 17:16:04.957687,poly_updown_btc_5m_momo_v2_HOLD_f7,True,btc_5m_momo_v2_HOLD,BTC,5m,UP,0xe1559b0d71e031d8698e4c44492e3c1aca2f26268fe5cfac93cf0d3b78ba6431,True,25.49999592,Up,0.49,v2,HOLD,btc_5m_v2,2,True,2,True,2,True,1,False
1779383764957687,2026-05-21 17:16:04.957687,poly_updown_btc_5m_momo_v2_HOLD_f7,True,btc_5m_momo_v2_HOLD,BTC,5m,UP,0xe1559b0d71e031d8698e4c44492e3c1aca2f26268fe5cfac93cf0d3b78ba6431,True,25.49999592,Up,0.49,v2,HOLD,btc_5m_v2,2,True,2,True,2,True,1,False
1779383765495936,2026-05-21 17:16:05.495936,poly_updown_btc_15m_momo_v2_HOLD_f7,True,btc_15m_momo_v2_HOLD,BTC,15m,UP,0x7ea78c4432034779c81a675537197d82b70885591106dd5f557c227b48a4d391,False,-24.999996,Down,0.49,v2,HOLD,btc_15m_v2,2,True,2,True,2,True,1,False
1779383765495936,2026-05-21 17:16:05.495936,poly_updown_btc_15m_momo_v2_HOLD_f7,True,btc_15m_momo_v2_HOLD,BTC,15m,UP,0x7ea78c4432034779c81a675537197d82b70885591106dd5f557c227b48a4d391,False,-24.999996,Down,0.49,v2,HOLD,btc_15m_v2,2,True,2,True,2,True,1,False
1779383765495936,2026-05-21 17:16:05.495936,poly_updown_btc_15m_momo_v2_HOLD_f7,True,btc_15m_momo_v2_HOLD,BTC,15m,UP,0x7ea78c4432034779c81a675537197d82b70885591106dd5f557c227b48a4d391,False,-24.999996,Down,0.49,v2,HOLD,btc_15m_v2,2,True,2,True,2,True,1,False
1779383765495936,2026-05-21 17:16:05.495936,poly_updown_btc_15m_momo_v2_HOLD_f7,True,btc_15m_momo_v2_HOLD,BTC,15m,UP,0x7ea78c4432034779c81a675537197d82b70885591106dd5f557c227b48a4d391,False,-24.999996,Down,0.49,v2,HOLD,btc_15m_v2,2,True,2,True,2,True,1,False
1779383765496280,2026-05-21 17:16:05.496280,poly_updown_eth_15m_momo_v2_SELL_f7,True,eth_15m_momo_v2_SELL,ETH,15m,UP,0x7bc7204bb400bc4539e412a57b5a8ae1b48bb308dd4dda6682c78c8a38afb501,False,-24.999958,Down,0.47,v2,SELL,eth_15m_v2,2,True,1,False,2,True,1,False
1779383765496280,2026-05-21 17:16:05.496280,poly_updown_eth_15m_momo_v2_SELL_f7,True,eth_15m_momo_v2_SELL,ETH,15m,UP,0x7bc7204bb400bc4539e412a57b5a8ae1b48bb308dd4dda6682c78c8a38afb501,False,-24.999958,Down,0.47,v2,SELL,eth_15m_v2,2,True,1,False,2,True,1,False
1779383765496280,2026-05-21 17:16:05.496280,poly_updown_eth_15m_momo_v2_SELL_f7,True,eth_15m_momo_v2_SELL,ETH,15m,UP,0x7bc7204bb400bc4539e412a57b5a8ae1b48bb308dd4dda6682c78c8a38afb501,False,-24.999958,Down,0.47,v2,SELL,eth_15m_v2,2,True,1,False,2,True,1,False
1779383765496280,2026-05-21 17:16:05.496280,poly_updown_eth_15m_momo_v2_SELL_f7,True,eth_15m_momo_v2_SELL,ETH,15m,UP,0x7bc7204bb400bc4539e412a57b5a8ae1b48bb308dd4dda6682c78c8a38afb501,False,-24.999958,Down,0.47,v2,SELL,eth_15m_v2,2,True,1,False,2,True,1,False
1779383765496859,2026-05-21 17:16:05.496859,poly_updown_btc_15m_momo_v2_HEDGE_f7,True,btc_15m_momo_v2_HEDGE,BTC,15m,UP,0x7ea78c4432034779c81a675537197d82b70885591106dd5f557c227b48a4d391,False,-24.999996,Down,0.49,v2,HEDGE,btc_15m_v2,2,True,2,True,2,True,1,False
1779383765496859,2026-05-21 17:16:05.496859,poly_updown_btc_15m_momo_v2_HEDGE_f7,True,btc_15m_momo_v2_HEDGE,BTC,15m,UP,0x7ea78c4432034779c81a675537197d82b70885591106dd5f557c227b48a4d391,False,-24.999996,Down,0.49,v2,HEDGE,btc_15m_v2,2,True,2,True,2,True,1,False
1779383765496859,2026-05-21 17:16:05.496859,poly_updown_btc_15m_momo_v2_HEDGE_f7,True,btc_15m_momo_v2_HEDGE,BTC,15m,UP,0x7ea78c4432034779c81a675537197d82b70885591106dd5f557c227b48a4d391,False,-24.999996,Down,0.49,v2,HEDGE,btc_15m_v2,2,True,2,True,2,True,1,False
1779383765496859,2026-05-21 17:16:05.496859,poly_updown_btc_15m_momo_v2_HEDGE_f7,True,btc_15m_momo_v2_HEDGE,BTC,15m,UP,0x7ea78c4432034779c81a675537197d82b70885591106dd5f557c227b48a4d391,False,-24.999996,Down,0.49,v2,HEDGE,btc_15m_v2,2,True,2,True,2,True,1,False
1779383765496967,2026-05-21 17:16:05.496967,poly_updown_btc_15m_momo_v2_SELL_f7,True,btc_15m_momo_v2_SELL,BTC,15m,UP,0x7ea78c4432034779c81a675537197d82b70885591106dd5f557c227b48a4d391,False,-24.999996,Down,0.49,v2,SELL,btc_15m_v2,2,True,2,True,2,True,1,False
1779383765496967,2026-05-21 17:16:05.496967,poly_updown_btc_15m_momo_v2_SELL_f7,True,btc_15m_momo_v2_SELL,BTC,15m,UP,0x7ea78c4432034779c81a675537197d82b70885591106dd5f557c227b48a4d391,False,-24.999996,Down,0.49,v2,SELL,btc_15m_v2,2,True,2,True,2,True,1,False
1779383765496967,2026-05-21 17:16:05.496967,poly_updown_btc_15m_momo_v2_SELL_f7,True,btc_15m_momo_v2_SELL,BTC,15m,UP,0x7ea78c4432034779c81a675537197d82b70885591106dd5f557c227b48a4d391,False,-24.999996,Down,0.49,v2,SELL,btc_15m_v2,2,True,2,True,2,True,1,False
1779383765496967,2026-05-21 17:16:05.496967,poly_updown_btc_15m_momo_v2_SELL_f7,True,btc_15m_momo_v2_SELL,BTC,15m,UP,0x7ea78c4432034779c81a675537197d82b70885591106dd5f557c227b48a4d391,False,-24.999996,Down,0.49,v2,SELL,btc_15m_v2,2,True,2,True,2,True,1,False
1779383765508926,2026-05-21 17:16:05.508926,poly_updown_eth_15m_momo_v2_HEDGE_f7,True,eth_15m_momo_v2_HEDGE,ETH,15m,UP,0x7bc7204bb400bc4539e412a57b5a8ae1b48bb308dd4dda6682c78c8a38afb501,False,-24.999958,Down,0.47,v2,HEDGE,eth_15m_v2,2,True,1,False,2,True,1,False
1779383765508926,2026-05-21 17:16:05.508926,poly_updown_eth_15m_momo_v2_HEDGE_f7,True,eth_15m_momo_v2_HEDGE,ETH,15m,UP,0x7bc7204bb400bc4539e412a57b5a8ae1b48bb308dd4dda6682c78c8a38afb501,False,-24.999958,Down,0.47,v2,HEDGE,eth_15m_v2,2,True,1,False,2,True,1,False
1779383765508926,2026-05-21 17:16:05.508926,poly_updown_eth_15m_momo_v2_HEDGE_f7,True,eth_15m_momo_v2_HEDGE,ETH,15m,UP,0x7bc7204bb400bc4539e412a57b5a8ae1b48bb308dd4dda6682c78c8a38afb501,False,-24.999958,Down,0.47,v2,HEDGE,eth_15m_v2,2,True,1,False,2,True,1,False
1779383765508926,2026-05-21 17:16:05.508926,poly_updown_eth_15m_momo_v2_HEDGE_f7,True,eth_15m_momo_v2_HEDGE,ETH,15m,UP,0x7bc7204bb400bc4539e412a57b5a8ae1b48bb308dd4dda6682c78c8a38afb501,False,-24.999958,Down,0.47,v2,HEDGE,eth_15m_v2,2,True,1,False,2,True,1,False
1779383765776941,2026-05-21 17:16:05.776941,poly_updown_eth_15m_momo_v2_HOLD_f7,True,eth_15m_momo_v2_HOLD,ETH,15m,UP,0x7bc7204bb400bc4539e412a57b5a8ae1b48bb308dd4dda6682c78c8a38afb501,False,-24.999958,Down,0.47,v2,HOLD,eth_15m_v2,2,True,1,False,2,True,1,False
1779383765776941,2026-05-21 17:16:05.776941,poly_updown_eth_15m_momo_v2_HOLD_f7,True,eth_15m_momo_v2_HOLD,ETH,15m,UP,0x7bc7204bb400bc4539e412a57b5a8ae1b48bb308dd4dda6682c78c8a38afb501,False,-24.999958,Down,0.47,v2,HOLD,eth_15m_v2,2,True,1,False,2,True,1,False
1779383765776941,2026-05-21 17:16:05.776941,poly_updown_eth_15m_momo_v2_HOLD_f7,True,eth_15m_momo_v2_HOLD,ETH,15m,UP,0x7bc7204bb400bc4539e412a57b5a8ae1b48bb308dd4dda6682c78c8a38afb501,False,-24.999958,Down,0.47,v2,HOLD,eth_15m_v2,2,True,1,False,2,True,1,False
1779383765776941,2026-05-21 17:16:05.776941,poly_updown_eth_15m_momo_v2_HOLD_f7,True,eth_15m_momo_v2_HOLD,ETH,15m,UP,0x7bc7204bb400bc4539e412a57b5a8ae1b48bb308dd4dda6682c78c8a38afb501,False,-24.999958,Down,0.47,v2,HOLD,eth_15m_v2,2,True,1,False,2,True,1,False
1779383768175305,2026-05-21 17:16:08.175305,poly_updown_btc_5m_momo_v2_HEDGE_f7,True,btc_5m_momo_v2_HEDGE,BTC,5m,UP,0xe1559b0d71e031d8698e4c44492e3c1aca2f26268fe5cfac93cf0d3b78ba6431,True,25.49999592,Up,0.49,v2,HEDGE,btc_5m_v2,2,True,2,True,2,True,1,False
1779383768175305,2026-05-21 17:16:08.175305,poly_updown_btc_5m_momo_v2_HEDGE_f7,True,btc_5m_momo_v2_HEDGE,BTC,5m,UP,0xe1559b0d71e031d8698e4c44492e3c1aca2f26268fe5cfac93cf0d3b78ba6431,True,25.49999592,Up,0.49,v2,HEDGE,btc_5m_v2,2,True,2,True,2,True,1,False
1779383768175305,2026-05-21 17:16:08.175305,poly_updown_btc_5m_momo_v2_HEDGE_f7,True,btc_5m_momo_v2_HEDGE,BTC,5m,UP,0xe1559b0d71e031d8698e4c44492e3c1aca2f26268fe5cfac93cf0d3b78ba6431,True,25.49999592,Up,0.49,v2,HEDGE,btc_5m_v2,2,True,2,True,2,True,1,False
1779383768175305,2026-05-21 17:16:08.175305,poly_updown_btc_5m_momo_v2_HEDGE_f7,True,btc_5m_momo_v2_HEDGE,BTC,5m,UP,0xe1559b0d71e031d8698e4c44492e3c1aca2f26268fe5cfac93cf0d3b78ba6431,True,25.49999592,Up,0.49,v2,HEDGE,btc_5m_v2,2,True,2,True,2,True,1,False
1779383768196516,2026-05-21 17:16:08.196516,poly_updown_btc_5m_momo_v2_SELL_f7,True,btc_5m_momo_v2_SELL,BTC,5m,UP,0xe1559b0d71e031d8698e4c44492e3c1aca2f26268fe5cfac93cf0d3b78ba6431,True,25.49999592,Up,0.49,v2,SELL,btc_5m_v2,2,True,2,True,2,True,1,False
1779383768196516,2026-05-21 17:16:08.196516,poly_updown_btc_5m_momo_v2_SELL_f7,True,btc_5m_momo_v2_SELL,BTC,5m,UP,0xe1559b0d71e031d8698e4c44492e3c1aca2f26268fe5cfac93cf0d3b78ba6431,True,25.49999592,Up,0.49,v2,SELL,btc_5m_v2,2,True,2,True,2,True,1,False
1779383768196516,2026-05-21 17:16:08.196516,poly_updown_btc_5m_momo_v2_SELL_f7,True,btc_5m_momo_v2_SELL,BTC,5m,UP,0xe1559b0d71e031d8698e4c44492e3c1aca2f26268fe5cfac93cf0d3b78ba6431,True,25.49999592,Up,0.49,v2,SELL,btc_5m_v2,2,True,2,True,2,True,1,False
1779383768196516,2026-05-21 17:16:08.196516,poly_updown_btc_5m_momo_v2_SELL_f7,True,btc_5m_momo_v2_SELL,BTC,5m,UP,0xe1559b0d71e031d8698e4c44492e3c1aca2f26268fe5cfac93cf0d3b78ba6431,True,25.49999592,Up,0.49,v2,SELL,btc_5m_v2,2,True,2,True,2,True,1,False
1779383768198467,2026-05-21 17:16:08.198467,poly_updown_sol_5m_momo_v2_SELL_f7,True,sol_5m_momo_v2_SELL,SOL,5m,UP,0xd03ffa7a75e19385bebf11a524f5020ab8f9bb5a18fe60ce48e6d0f73da349d7,True,24.35349,Up,0.50299,v2,SELL,sol_5m_v2,2,True,1,False,2,True,1,False
1779383768198467,2026-05-21 17:16:08.198467,poly_updown_sol_5m_momo_v2_SELL_f7,True,sol_5m_momo_v2_SELL,SOL,5m,UP,0xd03ffa7a75e19385bebf11a524f5020ab8f9bb5a18fe60ce48e6d0f73da349d7,True,24.35349,Up,0.50299,v2,SELL,sol_5m_v2,2,True,1,False,2,True,1,False
1779383768198467,2026-05-21 17:16:08.198467,poly_updown_sol_5m_momo_v2_SELL_f7,True,sol_5m_momo_v2_SELL,SOL,5m,UP,0xd03ffa7a75e19385bebf11a524f5020ab8f9bb5a18fe60ce48e6d0f73da349d7,True,24.35349,Up,0.50299,v2,SELL,sol_5m_v2,2,True,1,False,2,True,1,False
1779383768198467,2026-05-21 17:16:08.198467,poly_updown_sol_5m_momo_v2_SELL_f7,True,sol_5m_momo_v2_SELL,SOL,5m,UP,0xd03ffa7a75e19385bebf11a524f5020ab8f9bb5a18fe60ce48e6d0f73da349d7,True,24.35349,Up,0.50299,v2,SELL,sol_5m_v2,2,True,1,False,2,True,1,False
1779383768202966,2026-05-21 17:16:08.202966,poly_updown_sol_5m_momo_v2_HOLD_f7,True,sol_5m_momo_v2_HOLD,SOL,5m,UP,0xd03ffa7a75e19385bebf11a524f5020ab8f9bb5a18fe60ce48e6d0f73da349d7,True,24.35349,Up,0.50299,v2,HOLD,sol_5m_v2,2,True,1,False,2,True,1,False
1779383768202966,2026-05-21 17:16:08.202966,poly_updown_sol_5m_momo_v2_HOLD_f7,True,sol_5m_momo_v2_HOLD,SOL,5m,UP,0xd03ffa7a75e19385bebf11a524f5020ab8f9bb5a18fe60ce48e6d0f73da349d7,True,24.35349,Up,0.50299,v2,HOLD,sol_5m_v2,2,True,1,False,2,True,1,False
1779383768202966,2026-05-21 17:16:08.202966,poly_updown_sol_5m_momo_v2_HOLD_f7,True,sol_5m_momo_v2_HOLD,SOL,5m,UP,0xd03ffa7a75e19385bebf11a524f5020ab8f9bb5a18fe60ce48e6d0f73da349d7,True,24.35349,Up,0.50299,v2,HOLD,sol_5m_v2,2,True,1,False,2,True,1,False
1779383768202966,2026-05-21 17:16:08.202966,poly_updown_sol_5m_momo_v2_HOLD_f7,True,sol_5m_momo_v2_HOLD,SOL,5m,UP,0xd03ffa7a75e19385bebf11a524f5020ab8f9bb5a18fe60ce48e6d0f73da349d7,True,24.35349,Up,0.50299,v2,HOLD,sol_5m_v2,2,True,1,False,2,True,1,False
1779383768216235,2026-05-21 17:16:08.216235,poly_updown_sol_5m_momo_v2_HEDGE_f7,True,sol_5m_momo_v2_HEDGE,SOL,5m,UP,0xd03ffa7a75e19385bebf11a524f5020ab8f9bb5a18fe60ce48e6d0f73da349d7,True,24.35349,Up,0.50299,v2,HEDGE,sol_5m_v2,2,True,1,False,2,True,1,False
1779383768216235,2026-05-21 17:16:08.216235,poly_updown_sol_5m_momo_v2_HEDGE_f7,True,sol_5m_momo_v2_HEDGE,SOL,5m,UP,0xd03ffa7a75e19385bebf11a524f5020ab8f9bb5a18fe60ce48e6d0f73da349d7,True,24.35349,Up,0.50299,v2,HEDGE,sol_5m_v2,2,True,1,False,2,True,1,False
1779383768216235,2026-05-21 17:16:08.216235,poly_updown_sol_5m_momo_v2_HEDGE_f7,True,sol_5m_momo_v2_HEDGE,SOL,5m,UP,0xd03ffa7a75e19385bebf11a524f5020ab8f9bb5a18fe60ce48e6d0f73da349d7,True,24.35349,Up,0.50299,v2,HEDGE,sol_5m_v2,2,True,1,False,2,True,1,False
1779383768216235,2026-05-21 17:16:08.216235,poly_updown_sol_5m_momo_v2_HEDGE_f7,True,sol_5m_momo_v2_HEDGE,SOL,5m,UP,0xd03ffa7a75e19385bebf11a524f5020ab8f9bb5a18fe60ce48e6d0f73da349d7,True,24.35349,Up,0.50299,v2,HEDGE,sol_5m_v2,2,True,1,False,2,True,1,False
1779383768219079,2026-05-21 17:16:08.219079,poly_updown_btc_5m_momo_v2_HOLD_f7,True,btc_5m_momo_v2_HOLD,BTC,5m,UP,0xe1559b0d71e031d8698e4c44492e3c1aca2f26268fe5cfac93cf0d3b78ba6431,True,25.49999592,Up,0.49,v2,HOLD,btc_5m_v2,2,True,2,True,2,True,1,False
1779383768219079,2026-05-21 17:16:08.219079,poly_updown_btc_5m_momo_v2_HOLD_f7,True,btc_5m_momo_v2_HOLD,BTC,5m,UP,0xe1559b0d71e031d8698e4c44492e3c1aca2f26268fe5cfac93cf0d3b78ba6431,True,25.49999592,Up,0.49,v2,HOLD,btc_5m_v2,2,True,2,True,2,True,1,False
1779383768219079,2026-05-21 17:16:08.219079,poly_updown_btc_5m_momo_v2_HOLD_f7,True,btc_5m_momo_v2_HOLD,BTC,5m,UP,0xe1559b0d71e031d8698e4c44492e3c1aca2f26268fe5cfac93cf0d3b78ba6431,True,25.49999592,Up,0.49,v2,HOLD,btc_5m_v2,2,True,2,True,2,True,1,False
1779383768219079,2026-05-21 17:16:08.219079,poly_updown_btc_5m_momo_v2_HOLD_f7,True,btc_5m_momo_v2_HOLD,BTC,5m,UP,0xe1559b0d71e031d8698e4c44492e3c1aca2f26268fe5cfac93cf0d3b78ba6431,True,25.49999592,Up,0.49,v2,HOLD,btc_5m_v2,2,True,2,True,2,True,1,False
1779383768714601,2026-05-21 17:16:08.714601,poly_updown_btc_15m_momo_v2_HEDGE_f7,True,btc_15m_momo_v2_HEDGE,BTC,15m,UP,0x7ea78c4432034779c81a675537197d82b70885591106dd5f557c227b48a4d391,False,-24.999996,Down,0.49,v2,HEDGE,btc_15m_v2,2,True,2,True,2,True,1,False
1779383768714601,2026-05-21 17:16:08.714601,poly_updown_btc_15m_momo_v2_HEDGE_f7,True,btc_15m_momo_v2_HEDGE,BTC,15m,UP,0x7ea78c4432034779c81a675537197d82b70885591106dd5f557c227b48a4d391,False,-24.999996,Down,0.49,v2,HEDGE,btc_15m_v2,2,True,2,True,2,True,1,False
1779383768714601,2026-05-21 17:16:08.714601,poly_updown_btc_15m_momo_v2_HEDGE_f7,True,btc_15m_momo_v2_HEDGE,BTC,15m,UP,0x7ea78c4432034779c81a675537197d82b70885591106dd5f557c227b48a4d391,False,-24.999996,Down,0.49,v2,HEDGE,btc_15m_v2,2,True,2,True,2,True,1,False
1779383768714601,2026-05-21 17:16:08.714601,poly_updown_btc_15m_momo_v2_HEDGE_f7,True,btc_15m_momo_v2_HEDGE,BTC,15m,UP,0x7ea78c4432034779c81a675537197d82b70885591106dd5f557c227b48a4d391,False,-24.999996,Down,0.49,v2,HEDGE,btc_15m_v2,2,True,2,True,2,True,1,False
1779383768714708,2026-05-21 17:16:08.714708,poly_updown_eth_15m_momo_v2_SELL_f7,True,eth_15m_momo_v2_SELL,ETH,15m,UP,0x7bc7204bb400bc4539e412a57b5a8ae1b48bb308dd4dda6682c78c8a38afb501,False,-24.999958,Down,0.47,v2,SELL,eth_15m_v2,2,True,1,False,2,True,1,False
1779383768714708,2026-05-21 17:16:08.714708,poly_updown_eth_15m_momo_v2_SELL_f7,True,eth_15m_momo_v2_SELL,ETH,15m,UP,0x7bc7204bb400bc4539e412a57b5a8ae1b48bb308dd4dda6682c78c8a38afb501,False,-24.999958,Down,0.47,v2,SELL,eth_15m_v2,2,True,1,False,2,True,1,False
1779383768714708,2026-05-21 17:16:08.714708,poly_updown_eth_15m_momo_v2_SELL_f7,True,eth_15m_momo_v2_SELL,ETH,15m,UP,0x7bc7204bb400bc4539e412a57b5a8ae1b48bb308dd4dda6682c78c8a38afb501,False,-24.999958,Down,0.47,v2,SELL,eth_15m_v2,2,True,1,False,2,True,1,False
1779383768714708,2026-05-21 17:16:08.714708,poly_updown_eth_15m_momo_v2_SELL_f7,True,eth_15m_momo_v2_SELL,ETH,15m,UP,0x7bc7204bb400bc4539e412a57b5a8ae1b48bb308dd4dda6682c78c8a38afb501,False,-24.999958,Down,0.47,v2,SELL,eth_15m_v2,2,True,1,False,2,True,1,False
1779383768718087,2026-05-21 17:16:08.718087,poly_updown_btc_15m_momo_v2_SELL_f7,True,btc_15m_momo_v2_SELL,BTC,15m,UP,0x7ea78c4432034779c81a675537197d82b70885591106dd5f557c227b48a4d391,False,-24.999996,Down,0.49,v2,SELL,btc_15m_v2,2,True,2,True,2,True,1,False
1779383768718087,2026-05-21 17:16:08.718087,poly_updown_btc_15m_momo_v2_SELL_f7,True,btc_15m_momo_v2_SELL,BTC,15m,UP,0x7ea78c4432034779c81a675537197d82b70885591106dd5f557c227b48a4d391,False,-24.999996,Down,0.49,v2,SELL,btc_15m_v2,2,True,2,True,2,True,1,False
1779383768718087,2026-05-21 17:16:08.718087,poly_updown_btc_15m_momo_v2_SELL_f7,True,btc_15m_momo_v2_SELL,BTC,15m,UP,0x7ea78c4432034779c81a675537197d82b70885591106dd5f557c227b48a4d391,False,-24.999996,Down,0.49,v2,SELL,btc_15m_v2,2,True,2,True,2,True,1,False
1779383768718087,2026-05-21 17:16:08.718087,poly_updown_btc_15m_momo_v2_SELL_f7,True,btc_15m_momo_v2_SELL,BTC,15m,UP,0x7ea78c4432034779c81a675537197d82b70885591106dd5f557c227b48a4d391,False,-24.999996,Down,0.49,v2,SELL,btc_15m_v2,2,True,2,True,2,True,1,False
1779383768718364,2026-05-21 17:16:08.718364,poly_updown_eth_15m_momo_v2_HEDGE_f7,True,eth_15m_momo_v2_HEDGE,ETH,15m,UP,0x7bc7204bb400bc4539e412a57b5a8ae1b48bb308dd4dda6682c78c8a38afb501,False,-24.999958,Down,0.47,v2,HEDGE,eth_15m_v2,2,True,1,False,2,True,1,False
1779383768718364,2026-05-21 17:16:08.718364,poly_updown_eth_15m_momo_v2_HEDGE_f7,True,eth_15m_momo_v2_HEDGE,ETH,15m,UP,0x7bc7204bb400bc4539e412a57b5a8ae1b48bb308dd4dda6682c78c8a38afb501,False,-24.999958,Down,0.47,v2,HEDGE,eth_15m_v2,2,True,1,False,2,True,1,False
1779383768718364,2026-05-21 17:16:08.718364,poly_updown_eth_15m_momo_v2_HEDGE_f7,True,eth_15m_momo_v2_HEDGE,ETH,15m,UP,0x7bc7204bb400bc4539e412a57b5a8ae1b48bb308dd4dda6682c78c8a38afb501,False,-24.999958,Down,0.47,v2,HEDGE,eth_15m_v2,2,True,1,False,2,True,1,False
1779383768718364,2026-05-21 17:16:08.718364,poly_updown_eth_15m_momo_v2_HEDGE_f7,True,eth_15m_momo_v2_HEDGE,ETH,15m,UP,0x7bc7204bb400bc4539e412a57b5a8ae1b48bb308dd4dda6682c78c8a38afb501,False,-24.999958,Down,0.47,v2,HEDGE,eth_15m_v2,2,True,1,False,2,True,1,False
1779383768719294,2026-05-21 17:16:08.719294,poly_updown_btc_15m_momo_v2_HOLD_f7,True,btc_15m_momo_v2_HOLD,BTC,15m,UP,0x7ea78c4432034779c81a675537197d82b70885591106dd5f557c227b48a4d391,False,-24.999996,Down,0.49,v2,HOLD,btc_15m_v2,2,True,2,True,2,True,1,False
1779383768719294,2026-05-21 17:16:08.719294,poly_updown_btc_15m_momo_v2_HOLD_f7,True,btc_15m_momo_v2_HOLD,BTC,15m,UP,0x7ea78c4432034779c81a675537197d82b70885591106dd5f557c227b48a4d391,False,-24.999996,Down,0.49,v2,HOLD,btc_15m_v2,2,True,2,True,2,True,1,False
1779383768719294,2026-05-21 17:16:08.719294,poly_updown_btc_15m_momo_v2_HOLD_f7,True,btc_15m_momo_v2_HOLD,BTC,15m,UP,0x7ea78c4432034779c81a675537197d82b70885591106dd5f557c227b48a4d391,False,-24.999996,Down,0.49,v2,HOLD,btc_15m_v2,2,True,2,True,2,True,1,False
1779383768719294,2026-05-21 17:16:08.719294,poly_updown_btc_15m_momo_v2_HOLD_f7,True,btc_15m_momo_v2_HOLD,BTC,15m,UP,0x7ea78c4432034779c81a675537197d82b70885591106dd5f557c227b48a4d391,False,-24.999996,Down,0.49,v2,HOLD,btc_15m_v2,2,True,2,True,2,True,1,False
1779383768719374,2026-05-21 17:16:08.719374,poly_updown_eth_15m_momo_v2_HOLD_f7,True,eth_15m_momo_v2_HOLD,ETH,15m,UP,0x7bc7204bb400bc4539e412a57b5a8ae1b48bb308dd4dda6682c78c8a38afb501,False,-24.999958,Down,0.47,v2,HOLD,eth_15m_v2,2,True,1,False,2,True,1,False
1779383768719374,2026-05-21 17:16:08.719374,poly_updown_eth_15m_momo_v2_HOLD_f7,True,eth_15m_momo_v2_HOLD,ETH,15m,UP,0x7bc7204bb400bc4539e412a57b5a8ae1b48bb308dd4dda6682c78c8a38afb501,False,-24.999958,Down,0.47,v2,HOLD,eth_15m_v2,2,True,1,False,2,True,1,False
1779383768719374,2026-05-21 17:16:08.719374,poly_updown_eth_15m_momo_v2_HOLD_f7,True,eth_15m_momo_v2_HOLD,ETH,15m,UP,0x7bc7204bb400bc4539e412a57b5a8ae1b48bb308dd4dda6682c78c8a38afb501,False,-24.999958,Down,0.47,v2,HOLD,eth_15m_v2,2,True,1,False,2,True,1,False
1779383768719374,2026-05-21 17:16:08.719374,poly_updown_eth_15m_momo_v2_HOLD_f7,True,eth_15m_momo_v2_HOLD,ETH,15m,UP,0x7bc7204bb400bc4539e412a57b5a8ae1b48bb308dd4dda6682c78c8a38afb501,False,-24.999958,Down,0.47,v2,HOLD,eth_15m_v2,2,True,1,False,2,True,1,False
1779383820276001,2026-05-21 17:17:00.276001,poly_updown_eth_5m_momo_HOLD_f7,True,eth_5m_momo_HOLD,ETH,5m,UP,0xd0096456599a30c898a66455dd83dac387418efc0fb12e27a1334107add54434,True,25.49999592,Up,0.49,v1,HOLD,eth_5m_v1,2,True,1,False,2,True,1,False
1779383820276001,2026-05-21 17:17:00.276001,poly_updown_eth_5m_momo_HOLD_f7,True,eth_5m_momo_HOLD,ETH,5m,UP,0xd0096456599a30c898a66455dd83dac387418efc0fb12e27a1334107add54434,True,25.49999592,Up,0.49,v1,HOLD,eth_5m_v1,2,True,1,False,2,True,1,False
1779383820276001,2026-05-21 17:17:00.276001,poly_updown_eth_5m_momo_HOLD_f7,True,eth_5m_momo_HOLD,ETH,5m,UP,0xd0096456599a30c898a66455dd83dac387418efc0fb12e27a1334107add54434,True,25.49999592,Up,0.49,v1,HOLD,eth_5m_v1,2,True,1,False,2,True,1,False
1779383820276001,2026-05-21 17:17:00.276001,poly_updown_eth_5m_momo_HOLD_f7,True,eth_5m_momo_HOLD,ETH,5m,UP,0xd0096456599a30c898a66455dd83dac387418efc0fb12e27a1334107add54434,True,25.49999592,Up,0.49,v1,HOLD,eth_5m_v1,2,True,1,False,2,True,1,False
1779383820276736,2026-05-21 17:17:00.276736,poly_updown_btc_5m_momo_HOLD_f7,True,btc_5m_momo_HOLD,BTC,5m,UP,0xe1559b0d71e031d8698e4c44492e3c1aca2f26268fe5cfac93cf0d3b78ba6431,True,27.62761316,Up,0.47,v1,HOLD,btc_5m_v1,2,True,2,True,2,True,1,False
1779383820276736,2026-05-21 17:17:00.276736,poly_updown_btc_5m_momo_HOLD_f7,True,btc_5m_momo_HOLD,BTC,5m,UP,0xe1559b0d71e031d8698e4c44492e3c1aca2f26268fe5cfac93cf0d3b78ba6431,True,27.62761316,Up,0.47,v1,HOLD,btc_5m_v1,2,True,2,True,2,True,1,False
1779383820276736,2026-05-21 17:17:00.276736,poly_updown_btc_5m_momo_HOLD_f7,True,btc_5m_momo_HOLD,BTC,5m,UP,0xe1559b0d71e031d8698e4c44492e3c1aca2f26268fe5cfac93cf0d3b78ba6431,True,27.62761316,Up,0.47,v1,HOLD,btc_5m_v1,2,True,2,True,2,True,1,False
1779383820276736,2026-05-21 17:17:00.276736,poly_updown_btc_5m_momo_HOLD_f7,True,btc_5m_momo_HOLD,BTC,5m,UP,0xe1559b0d71e031d8698e4c44492e3c1aca2f26268fe5cfac93cf0d3b78ba6431,True,27.62761316,Up,0.47,v1,HOLD,btc_5m_v1,2,True,2,True,2,True,1,False
1779383820279797,2026-05-21 17:17:00.279797,poly_updown_sol_5m_momo_HOLD_f7,True,sol_5m_momo_HOLD,SOL,5m,UP,0xd03ffa7a75e19385bebf11a524f5020ab8f9bb5a18fe60ce48e6d0f73da349d7,True,27.27106172,Up,0.4768399778911628,v1,HOLD,sol_5m_v1,2,True,1,False,2,True,1,False
1779383820279797,2026-05-21 17:17:00.279797,poly_updown_sol_5m_momo_HOLD_f7,True,sol_5m_momo_HOLD,SOL,5m,UP,0xd03ffa7a75e19385bebf11a524f5020ab8f9bb5a18fe60ce48e6d0f73da349d7,True,27.27106172,Up,0.4768399778911628,v1,HOLD,sol_5m_v1,2,True,1,False,2,True,1,False
1779383820279797,2026-05-21 17:17:00.279797,poly_updown_sol_5m_momo_HOLD_f7,True,sol_5m_momo_HOLD,SOL,5m,UP,0xd03ffa7a75e19385bebf11a524f5020ab8f9bb5a18fe60ce48e6d0f73da349d7,True,27.27106172,Up,0.4768399778911628,v1,HOLD,sol_5m_v1,2,True,1,False,2,True,1,False
1779383820279797,2026-05-21 17:17:00.279797,poly_updown_sol_5m_momo_HOLD_f7,True,sol_5m_momo_HOLD,SOL,5m,UP,0xd03ffa7a75e19385bebf11a524f5020ab8f9bb5a18fe60ce48e6d0f73da349d7,True,27.27106172,Up,0.4768399778911628,v1,HOLD,sol_5m_v1,2,True,1,False,2,True,1,False
1779383820279867,2026-05-21 17:17:00.279867,poly_updown_sol_5m_momo_HEDGE_f7,True,sol_5m_momo_HEDGE,SOL,5m,UP,0xd03ffa7a75e19385bebf11a524f5020ab8f9bb5a18fe60ce48e6d0f73da349d7,True,27.27106172,Up,0.4768399778911628,v1,HEDGE,sol_5m_v1,2,True,1,False,2,True,1,False
1779383820279867,2026-05-21 17:17:00.279867,poly_updown_sol_5m_momo_HEDGE_f7,True,sol_5m_momo_HEDGE,SOL,5m,UP,0xd03ffa7a75e19385bebf11a524f5020ab8f9bb5a18fe60ce48e6d0f73da349d7,True,27.27106172,Up,0.4768399778911628,v1,HEDGE,sol_5m_v1,2,True,1,False,2,True,1,False
1779383820279867,2026-05-21 17:17:00.279867,poly_updown_sol_5m_momo_HEDGE_f7,True,sol_5m_momo_HEDGE,SOL,5m,UP,0xd03ffa7a75e19385bebf11a524f5020ab8f9bb5a18fe60ce48e6d0f73da349d7,True,27.27106172,Up,0.4768399778911628,v1,HEDGE,sol_5m_v1,2,True,1,False,2,True,1,False
1779383820279867,2026-05-21 17:17:00.279867,poly_updown_sol_5m_momo_HEDGE_f7,True,sol_5m_momo_HEDGE,SOL,5m,UP,0xd03ffa7a75e19385bebf11a524f5020ab8f9bb5a18fe60ce48e6d0f73da349d7,True,27.27106172,Up,0.4768399778911628,v1,HEDGE,sol_5m_v1,2,True,1,False,2,True,1,False
1779383820281760,2026-05-21 17:17:00.281760,poly_updown_eth_5m_momo_HEDGE_f7,True,eth_5m_momo_HEDGE,ETH,5m,UP,0xd0096456599a30c898a66455dd83dac387418efc0fb12e27a1334107add54434,True,25.49999592,Up,0.49,v1,HEDGE,eth_5m_v1,2,True,1,False,2,True,1,False
1779383820281760,2026-05-21 17:17:00.281760,poly_updown_eth_5m_momo_HEDGE_f7,True,eth_5m_momo_HEDGE,ETH,5m,UP,0xd0096456599a30c898a66455dd83dac387418efc0fb12e27a1334107add54434,True,25.49999592,Up,0.49,v1,HEDGE,eth_5m_v1,2,True,1,False,2,True,1,False
1779383820281760,2026-05-21 17:17:00.281760,poly_updown_eth_5m_momo_HEDGE_f7,True,eth_5m_momo_HEDGE,ETH,5m,UP,0xd0096456599a30c898a66455dd83dac387418efc0fb12e27a1334107add54434,True,25.49999592,Up,0.49,v1,HEDGE,eth_5m_v1,2,True,1,False,2,True,1,False
1779383820281760,2026-05-21 17:17:00.281760,poly_updown_eth_5m_momo_HEDGE_f7,True,eth_5m_momo_HEDGE,ETH,5m,UP,0xd0096456599a30c898a66455dd83dac387418efc0fb12e27a1334107add54434,True,25.49999592,Up,0.49,v1,HEDGE,eth_5m_v1,2,True,1,False,2,True,1,False
1779383820285463,2026-05-21 17:17:00.285463,poly_updown_sol_5m_momo_SELL_f7,True,sol_5m_momo_SELL,SOL,5m,UP,0xd03ffa7a75e19385bebf11a524f5020ab8f9bb5a18fe60ce48e6d0f73da349d7,True,27.27106172,Up,0.4768399778911628,v1,SELL,sol_5m_v1,2,True,1,False,2,True,1,False
1779383820285463,2026-05-21 17:17:00.285463,poly_updown_sol_5m_momo_SELL_f7,True,sol_5m_momo_SELL,SOL,5m,UP,0xd03ffa7a75e19385bebf11a524f5020ab8f9bb5a18fe60ce48e6d0f73da349d7,True,27.27106172,Up,0.4768399778911628,v1,SELL,sol_5m_v1,2,True,1,False,2,True,1,False
1779383820285463,2026-05-21 17:17:00.285463,poly_updown_sol_5m_momo_SELL_f7,True,sol_5m_momo_SELL,SOL,5m,UP,0xd03ffa7a75e19385bebf11a524f5020ab8f9bb5a18fe60ce48e6d0f73da349d7,True,27.27106172,Up,0.4768399778911628,v1,SELL,sol_5m_v1,2,True,1,False,2,True,1,False
1779383820285463,2026-05-21 17:17:00.285463,poly_updown_sol_5m_momo_SELL_f7,True,sol_5m_momo_SELL,SOL,5m,UP,0xd03ffa7a75e19385bebf11a524f5020ab8f9bb5a18fe60ce48e6d0f73da349d7,True,27.27106172,Up,0.4768399778911628,v1,SELL,sol_5m_v1,2,True,1,False,2,True,1,False
1779383820285762,2026-05-21 17:17:00.285762,poly_updown_btc_5m_momo_HEDGE_f7,True,btc_5m_momo_HEDGE,BTC,5m,UP,0xe1559b0d71e031d8698e4c44492e3c1aca2f26268fe5cfac93cf0d3b78ba6431,True,27.62761316,Up,0.47,v1,HEDGE,btc_5m_v1,2,True,2,True,2,True,1,False
1779383820285762,2026-05-21 17:17:00.285762,poly_updown_btc_5m_momo_HEDGE_f7,True,btc_5m_momo_HEDGE,BTC,5m,UP,0xe1559b0d71e031d8698e4c44492e3c1aca2f26268fe5cfac93cf0d3b78ba6431,True,27.62761316,Up,0.47,v1,HEDGE,btc_5m_v1,2,True,2,True,2,True,1,False
1779383820285762,2026-05-21 17:17:00.285762,poly_updown_btc_5m_momo_HEDGE_f7,True,btc_5m_momo_HEDGE,BTC,5m,UP,0xe1559b0d71e031d8698e4c44492e3c1aca2f26268fe5cfac93cf0d3b78ba6431,True,27.62761316,Up,0.47,v1,HEDGE,btc_5m_v1,2,True,2,True,2,True,1,False
1779383820285762,2026-05-21 17:17:00.285762,poly_updown_btc_5m_momo_HEDGE_f7,True,btc_5m_momo_HEDGE,BTC,5m,UP,0xe1559b0d71e031d8698e4c44492e3c1aca2f26268fe5cfac93cf0d3b78ba6431,True,27.62761316,Up,0.47,v1,HEDGE,btc_5m_v1,2,True,2,True,2,True,1,False
1779383820296835,2026-05-21 17:17:00.296835,poly_updown_btc_5m_momo_SELL_f7,True,btc_5m_momo_SELL,BTC,5m,UP,0xe1559b0d71e031d8698e4c44492e3c1aca2f26268fe5cfac93cf0d3b78ba6431,True,27.62761316,Up,0.47,v1,SELL,btc_5m_v1,2,True,2,True,2,True,1,False
1779383820296835,2026-05-21 17:17:00.296835,poly_updown_btc_5m_momo_SELL_f7,True,btc_5m_momo_SELL,BTC,5m,UP,0xe1559b0d71e031d8698e4c44492e3c1aca2f26268fe5cfac93cf0d3b78ba6431,True,27.62761316,Up,0.47,v1,SELL,btc_5m_v1,2,True,2,True,2,True,1,False
1779383820296835,2026-05-21 17:17:00.296835,poly_updown_btc_5m_momo_SELL_f7,True,btc_5m_momo_SELL,BTC,5m,UP,0xe1559b0d71e031d8698e4c44492e3c1aca2f26268fe5cfac93cf0d3b78ba6431,True,27.62761316,Up,0.47,v1,SELL,btc_5m_v1,2,True,2,True,2,True,1,False
1779383820296835,2026-05-21 17:17:00.296835,poly_updown_btc_5m_momo_SELL_f7,True,btc_5m_momo_SELL,BTC,5m,UP,0xe1559b0d71e031d8698e4c44492e3c1aca2f26268fe5cfac93cf0d3b78ba6431,True,27.62761316,Up,0.47,v1,SELL,btc_5m_v1,2,True,2,True,2,True,1,False
1779383820299558,2026-05-21 17:17:00.299558,poly_updown_eth_5m_momo_SELL_f7,True,eth_5m_momo_SELL,ETH,5m,UP,0xd0096456599a30c898a66455dd83dac387418efc0fb12e27a1334107add54434,True,25.49999592,Up,0.49,v1,SELL,eth_5m_v1,2,True,1,False,2,True,1,False
1779383820299558,2026-05-21 17:17:00.299558,poly_updown_eth_5m_momo_SELL_f7,True,eth_5m_momo_SELL,ETH,5m,UP,0xd0096456599a30c898a66455dd83dac387418efc0fb12e27a1334107add54434,True,25.49999592,Up,0.49,v1,SELL,eth_5m_v1,2,True,1,False,2,True,1,False
1779383820299558,2026-05-21 17:17:00.299558,poly_updown_eth_5m_momo_SELL_f7,True,eth_5m_momo_SELL,ETH,5m,UP,0xd0096456599a30c898a66455dd83dac387418efc0fb12e27a1334107add54434,True,25.49999592,Up,0.49,v1,SELL,eth_5m_v1,2,True,1,False,2,True,1,False
1779383820299558,2026-05-21 17:17:00.299558,poly_updown_eth_5m_momo_SELL_f7,True,eth_5m_momo_SELL,ETH,5m,UP,0xd0096456599a30c898a66455dd83dac387418efc0fb12e27a1334107add54434,True,25.49999592,Up,0.49,v1,SELL,eth_5m_v1,2,True,1,False,2,True,1,False
1779383827619928,2026-05-21 17:17:07.619928,poly_updown_sol_5m_momo_SELL_f7,True,sol_5m_momo_SELL,SOL,5m,UP,0xd03ffa7a75e19385bebf11a524f5020ab8f9bb5a18fe60ce48e6d0f73da349d7,True,27.27106172,Up,0.4768399778911628,v1,SELL,sol_5m_v1,2,True,1,False,2,True,1,False
1779383827619928,2026-05-21 17:17:07.619928,poly_updown_sol_5m_momo_SELL_f7,True,sol_5m_momo_SELL,SOL,5m,UP,0xd03ffa7a75e19385bebf11a524f5020ab8f9bb5a18fe60ce48e6d0f73da349d7,True,27.27106172,Up,0.4768399778911628,v1,SELL,sol_5m_v1,2,True,1,False,2,True,1,False
1779383827619928,2026-05-21 17:17:07.619928,poly_updown_sol_5m_momo_SELL_f7,True,sol_5m_momo_SELL,SOL,5m,UP,0xd03ffa7a75e19385bebf11a524f5020ab8f9bb5a18fe60ce48e6d0f73da349d7,True,27.27106172,Up,0.4768399778911628,v1,SELL,sol_5m_v1,2,True,1,False,2,True,1,False
1779383827619928,2026-05-21 17:17:07.619928,poly_updown_sol_5m_momo_SELL_f7,True,sol_5m_momo_SELL,SOL,5m,UP,0xd03ffa7a75e19385bebf11a524f5020ab8f9bb5a18fe60ce48e6d0f73da349d7,True,27.27106172,Up,0.4768399778911628,v1,SELL,sol_5m_v1,2,True,1,False,2,True,1,False
1779383827622075,2026-05-21 17:17:07.622075,poly_updown_eth_5m_momo_SELL_f7,True,eth_5m_momo_SELL,ETH,5m,UP,0xd0096456599a30c898a66455dd83dac387418efc0fb12e27a1334107add54434,True,25.49999592,Up,0.49,v1,SELL,eth_5m_v1,2,True,1,False,2,True,1,False
1779383827622075,2026-05-21 17:17:07.622075,poly_updown_eth_5m_momo_SELL_f7,True,eth_5m_momo_SELL,ETH,5m,UP,0xd0096456599a30c898a66455dd83dac387418efc0fb12e27a1334107add54434,True,25.49999592,Up,0.49,v1,SELL,eth_5m_v1,2,True,1,False,2,True,1,False
1779383827622075,2026-05-21 17:17:07.622075,poly_updown_eth_5m_momo_SELL_f7,True,eth_5m_momo_SELL,ETH,5m,UP,0xd0096456599a30c898a66455dd83dac387418efc0fb12e27a1334107add54434,True,25.49999592,Up,0.49,v1,SELL,eth_5m_v1,2,True,1,False,2,True,1,False
1779383827622075,2026-05-21 17:17:07.622075,poly_updown_eth_5m_momo_SELL_f7,True,eth_5m_momo_SELL,ETH,5m,UP,0xd0096456599a30c898a66455dd83dac387418efc0fb12e27a1334107add54434,True,25.49999592,Up,0.49,v1,SELL,eth_5m_v1,2,True,1,False,2,True,1,False
1779383827623092,2026-05-21 17:17:07.623092,poly_updown_sol_5m_momo_HEDGE_f7,True,sol_5m_momo_HEDGE,SOL,5m,UP,0xd03ffa7a75e19385bebf11a524f5020ab8f9bb5a18fe60ce48e6d0f73da349d7,True,27.27106172,Up,0.4768399778911628,v1,HEDGE,sol_5m_v1,2,True,1,False,2,True,1,False
1779383827623092,2026-05-21 17:17:07.623092,poly_updown_sol_5m_momo_HEDGE_f7,True,sol_5m_momo_HEDGE,SOL,5m,UP,0xd03ffa7a75e19385bebf11a524f5020ab8f9bb5a18fe60ce48e6d0f73da349d7,True,27.27106172,Up,0.4768399778911628,v1,HEDGE,sol_5m_v1,2,True,1,False,2,True,1,False
1779383827623092,2026-05-21 17:17:07.623092,poly_updown_sol_5m_momo_HEDGE_f7,True,sol_5m_momo_HEDGE,SOL,5m,UP,0xd03ffa7a75e19385bebf11a524f5020ab8f9bb5a18fe60ce48e6d0f73da349d7,True,27.27106172,Up,0.4768399778911628,v1,HEDGE,sol_5m_v1,2,True,1,False,2,True,1,False
1779383827623092,2026-05-21 17:17:07.623092,poly_updown_sol_5m_momo_HEDGE_f7,True,sol_5m_momo_HEDGE,SOL,5m,UP,0xd03ffa7a75e19385bebf11a524f5020ab8f9bb5a18fe60ce48e6d0f73da349d7,True,27.27106172,Up,0.4768399778911628,v1,HEDGE,sol_5m_v1,2,True,1,False,2,True,1,False
1779383827625876,2026-05-21 17:17:07.625876,poly_updown_sol_5m_momo_HOLD_f7,True,sol_5m_momo_HOLD,SOL,5m,UP,0xd03ffa7a75e19385bebf11a524f5020ab8f9bb5a18fe60ce48e6d0f73da349d7,True,27.27106172,Up,0.4768399778911628,v1,HOLD,sol_5m_v1,2,True,1,False,2,True,1,False
1779383827625876,2026-05-21 17:17:07.625876,poly_updown_sol_5m_momo_HOLD_f7,True,sol_5m_momo_HOLD,SOL,5m,UP,0xd03ffa7a75e19385bebf11a524f5020ab8f9bb5a18fe60ce48e6d0f73da349d7,True,27.27106172,Up,0.4768399778911628,v1,HOLD,sol_5m_v1,2,True,1,False,2,True,1,False
1779383827625876,2026-05-21 17:17:07.625876,poly_updown_sol_5m_momo_HOLD_f7,True,sol_5m_momo_HOLD,SOL,5m,UP,0xd03ffa7a75e19385bebf11a524f5020ab8f9bb5a18fe60ce48e6d0f73da349d7,True,27.27106172,Up,0.4768399778911628,v1,HOLD,sol_5m_v1,2,True,1,False,2,True,1,False
1779383827625876,2026-05-21 17:17:07.625876,poly_updown_sol_5m_momo_HOLD_f7,True,sol_5m_momo_HOLD,SOL,5m,UP,0xd03ffa7a75e19385bebf11a524f5020ab8f9bb5a18fe60ce48e6d0f73da349d7,True,27.27106172,Up,0.4768399778911628,v1,HOLD,sol_5m_v1,2,True,1,False,2,True,1,False
1779383827630073,2026-05-21 17:17:07.630073,poly_updown_btc_5m_momo_SELL_f7,True,btc_5m_momo_SELL,BTC,5m,UP,0xe1559b0d71e031d8698e4c44492e3c1aca2f26268fe5cfac93cf0d3b78ba6431,True,27.62761316,Up,0.47,v1,SELL,btc_5m_v1,2,True,2,True,2,True,1,False
1779383827630073,2026-05-21 17:17:07.630073,poly_updown_btc_5m_momo_SELL_f7,True,btc_5m_momo_SELL,BTC,5m,UP,0xe1559b0d71e031d8698e4c44492e3c1aca2f26268fe5cfac93cf0d3b78ba6431,True,27.62761316,Up,0.47,v1,SELL,btc_5m_v1,2,True,2,True,2,True,1,False
1779383827630073,2026-05-21 17:17:07.630073,poly_updown_btc_5m_momo_SELL_f7,True,btc_5m_momo_SELL,BTC,5m,UP,0xe1559b0d71e031d8698e4c44492e3c1aca2f26268fe5cfac93cf0d3b78ba6431,True,27.62761316,Up,0.47,v1,SELL,btc_5m_v1,2,True,2,True,2,True,1,False
1779383827630073,2026-05-21 17:17:07.630073,poly_updown_btc_5m_momo_SELL_f7,True,btc_5m_momo_SELL,BTC,5m,UP,0xe1559b0d71e031d8698e4c44492e3c1aca2f26268fe5cfac93cf0d3b78ba6431,True,27.62761316,Up,0.47,v1,SELL,btc_5m_v1,2,True,2,True,2,True,1,False
1779383827632313,2026-05-21 17:17:07.632313,poly_updown_eth_5m_momo_HEDGE_f7,True,eth_5m_momo_HEDGE,ETH,5m,UP,0xd0096456599a30c898a66455dd83dac387418efc0fb12e27a1334107add54434,True,25.49999592,Up,0.49,v1,HEDGE,eth_5m_v1,2,True,1,False,2,True,1,False
1779383827632313,2026-05-21 17:17:07.632313,poly_updown_eth_5m_momo_HEDGE_f7,True,eth_5m_momo_HEDGE,ETH,5m,UP,0xd0096456599a30c898a66455dd83dac387418efc0fb12e27a1334107add54434,True,25.49999592,Up,0.49,v1,HEDGE,eth_5m_v1,2,True,1,False,2,True,1,False
1779383827632313,2026-05-21 17:17:07.632313,poly_updown_eth_5m_momo_HEDGE_f7,True,eth_5m_momo_HEDGE,ETH,5m,UP,0xd0096456599a30c898a66455dd83dac387418efc0fb12e27a1334107add54434,True,25.49999592,Up,0.49,v1,HEDGE,eth_5m_v1,2,True,1,False,2,True,1,False
1779383827632313,2026-05-21 17:17:07.632313,poly_updown_eth_5m_momo_HEDGE_f7,True,eth_5m_momo_HEDGE,ETH,5m,UP,0xd0096456599a30c898a66455dd83dac387418efc0fb12e27a1334107add54434,True,25.49999592,Up,0.49,v1,HEDGE,eth_5m_v1,2,True,1,False,2,True,1,False
1779383827633096,2026-05-21 17:17:07.633096,poly_updown_eth_5m_momo_HOLD_f7,True,eth_5m_momo_HOLD,ETH,5m,UP,0xd0096456599a30c898a66455dd83dac387418efc0fb12e27a1334107add54434,True,25.49999592,Up,0.49,v1,HOLD,eth_5m_v1,2,True,1,False,2,True,1,False
1779383827633096,2026-05-21 17:17:07.633096,poly_updown_eth_5m_momo_HOLD_f7,True,eth_5m_momo_HOLD,ETH,5m,UP,0xd0096456599a30c898a66455dd83dac387418efc0fb12e27a1334107add54434,True,25.49999592,Up,0.49,v1,HOLD,eth_5m_v1,2,True,1,False,2,True,1,False
1779383827633096,2026-05-21 17:17:07.633096,poly_updown_eth_5m_momo_HOLD_f7,True,eth_5m_momo_HOLD,ETH,5m,UP,0xd0096456599a30c898a66455dd83dac387418efc0fb12e27a1334107add54434,True,25.49999592,Up,0.49,v1,HOLD,eth_5m_v1,2,True,1,False,2,True,1,False
1779383827633096,2026-05-21 17:17:07.633096,poly_updown_eth_5m_momo_HOLD_f7,True,eth_5m_momo_HOLD,ETH,5m,UP,0xd0096456599a30c898a66455dd83dac387418efc0fb12e27a1334107add54434,True,25.49999592,Up,0.49,v1,HOLD,eth_5m_v1,2,True,1,False,2,True,1,False
1779383827650333,2026-05-21 17:17:07.650333,poly_updown_btc_5m_momo_HEDGE_f7,True,btc_5m_momo_HEDGE,BTC,5m,UP,0xe1559b0d71e031d8698e4c44492e3c1aca2f26268fe5cfac93cf0d3b78ba6431,True,27.62761316,Up,0.47,v1,HEDGE,btc_5m_v1,2,True,2,True,2,True,1,False
1779383827650333,2026-05-21 17:17:07.650333,poly_updown_btc_5m_momo_HEDGE_f7,True,btc_5m_momo_HEDGE,BTC,5m,UP,0xe1559b0d71e031d8698e4c44492e3c1aca2f26268fe5cfac93cf0d3b78ba6431,True,27.62761316,Up,0.47,v1,HEDGE,btc_5m_v1,2,True,2,True,2,True,1,False
1779383827650333,2026-05-21 17:17:07.650333,poly_updown_btc_5m_momo_HEDGE_f7,True,btc_5m_momo_HEDGE,BTC,5m,UP,0xe1559b0d71e031d8698e4c44492e3c1aca2f26268fe5cfac93cf0d3b78ba6431,True,27.62761316,Up,0.47,v1,HEDGE,btc_5m_v1,2,True,2,True,2,True,1,False
1779383827650333,2026-05-21 17:17:07.650333,poly_updown_btc_5m_momo_HEDGE_f7,True,btc_5m_momo_HEDGE,BTC,5m,UP,0xe1559b0d71e031d8698e4c44492e3c1aca2f26268fe5cfac93cf0d3b78ba6431,True,27.62761316,Up,0.47,v1,HEDGE,btc_5m_v1,2,True,2,True,2,True,1,False
1779383827681209,2026-05-21 17:17:07.681209,poly_updown_btc_5m_momo_HOLD_f7,True,btc_5m_momo_HOLD,BTC,5m,UP,0xe1559b0d71e031d8698e4c44492e3c1aca2f26268fe5cfac93cf0d3b78ba6431,True,27.62761316,Up,0.47,v1,HOLD,btc_5m_v1,2,True,2,True,2,True,1,False
1779383827681209,2026-05-21 17:17:07.681209,poly_updown_btc_5m_momo_HOLD_f7,True,btc_5m_momo_HOLD,BTC,5m,UP,0xe1559b0d71e031d8698e4c44492e3c1aca2f26268fe5cfac93cf0d3b78ba6431,True,27.62761316,Up,0.47,v1,HOLD,btc_5m_v1,2,True,2,True,2,True,1,False
1779383827681209,2026-05-21 17:17:07.681209,poly_updown_btc_5m_momo_HOLD_f7,True,btc_5m_momo_HOLD,BTC,5m,UP,0xe1559b0d71e031d8698e4c44492e3c1aca2f26268fe5cfac93cf0d3b78ba6431,True,27.62761316,Up,0.47,v1,HOLD,btc_5m_v1,2,True,2,True,2,True,1,False
1779383827681209,2026-05-21 17:17:07.681209,poly_updown_btc_5m_momo_HOLD_f7,True,btc_5m_momo_HOLD,BTC,5m,UP,0xe1559b0d71e031d8698e4c44492e3c1aca2f26268fe5cfac93cf0d3b78ba6431,True,27.62761316,Up,0.47,v1,HOLD,btc_5m_v1,2,True,2,True,2,True,1,False
1779383828169568,2026-05-21 17:17:08.169568,poly_updown_btc_15m_momo_HOLD_f7,True,btc_15m_momo_HOLD,BTC,15m,UP,0x7ea78c4432034779c81a675537197d82b70885591106dd5f557c227b48a4d391,False,-24.999958,Down,0.47,v1,HOLD,btc_15m_v1,2,True,2,True,2,True,1,False
1779383828169568,2026-05-21 17:17:08.169568,poly_updown_btc_15m_momo_HOLD_f7,True,btc_15m_momo_HOLD,BTC,15m,UP,0x7ea78c4432034779c81a675537197d82b70885591106dd5f557c227b48a4d391,False,-24.999958,Down,0.47,v1,HOLD,btc_15m_v1,2,True,2,True,2,True,1,False
1779383828188372,2026-05-21 17:17:08.188372,poly_updown_btc_15m_momo_SELL_f7,True,btc_15m_momo_SELL,BTC,15m,UP,0x7ea78c4432034779c81a675537197d82b70885591106dd5f557c227b48a4d391,False,-24.999958,Down,0.47,v1,SELL,btc_15m_v1,2,True,2,True,2,True,1,False
1779383828188372,2026-05-21 17:17:08.188372,poly_updown_btc_15m_momo_SELL_f7,True,btc_15m_momo_SELL,BTC,15m,UP,0x7ea78c4432034779c81a675537197d82b70885591106dd5f557c227b48a4d391,False,-24.999958,Down,0.47,v1,SELL,btc_15m_v1,2,True,2,True,2,True,1,False
1779383828195951,2026-05-21 17:17:08.195951,poly_updown_btc_15m_momo_HEDGE_f7,True,btc_15m_momo_HEDGE,BTC,15m,UP,0x7ea78c4432034779c81a675537197d82b70885591106dd5f557c227b48a4d391,False,-24.999958,Down,0.47,v1,HEDGE,btc_15m_v1,2,True,2,True,2,True,1,False
1779383828195951,2026-05-21 17:17:08.195951,poly_updown_btc_15m_momo_HEDGE_f7,True,btc_15m_momo_HEDGE,BTC,15m,UP,0x7ea78c4432034779c81a675537197d82b70885591106dd5f557c227b48a4d391,False,-24.999958,Down,0.47,v1,HEDGE,btc_15m_v1,2,True,2,True,2,True,1,False
1779384000399221,2026-05-21 17:20:00.399221,poly_updown_btc_5m_sniper,False,btc_5m_sniper,BTC,5m,UP,0xa3c517b47dfec826c74b9372b5a56be8df335c221c08c4a78fcc972e18fcced7,True,24.5,Up,0.5,v1,sniper,btc_5m_v1,2,True,2,True,2,True,2,True
1779384000399221,2026-05-21 17:20:00.399221,poly_updown_btc_5m_sniper,False,btc_5m_sniper,BTC,5m,UP,0xa3c517b47dfec826c74b9372b5a56be8df335c221c08c4a78fcc972e18fcced7,True,24.5,Up,0.5,v1,sniper,btc_5m_v1,2,True,2,True,2,True,2,True
1779384000399221,2026-05-21 17:20:00.399221,poly_updown_btc_5m_sniper,False,btc_5m_sniper,BTC,5m,UP,0xa3c517b47dfec826c74b9372b5a56be8df335c221c08c4a78fcc972e18fcced7,True,24.5,Up,0.5,v1,sniper,btc_5m_v1,2,True,2,True,2,True,2,True
1779384000399221,2026-05-21 17:20:00.399221,poly_updown_btc_5m_sniper,False,btc_5m_sniper,BTC,5m,UP,0xa3c517b47dfec826c74b9372b5a56be8df335c221c08c4a78fcc972e18fcced7,True,24.5,Up,0.5,v1,sniper,btc_5m_v1,2,True,2,True,2,True,2,True
1779384003879731,2026-05-21 17:20:03.879731,poly_updown_btc_5m_sniper,False,btc_5m_sniper,BTC,5m,UP,0xa3c517b47dfec826c74b9372b5a56be8df335c221c08c4a78fcc972e18fcced7,True,24.5,Up,0.5,v1,sniper,btc_5m_v1,2,True,2,True,2,True,2,True
1779384003879731,2026-05-21 17:20:03.879731,poly_updown_btc_5m_sniper,False,btc_5m_sniper,BTC,5m,UP,0xa3c517b47dfec826c74b9372b5a56be8df335c221c08c4a78fcc972e18fcced7,True,24.5,Up,0.5,v1,sniper,btc_5m_v1,2,True,2,True,2,True,2,True
1779384003879731,2026-05-21 17:20:03.879731,poly_updown_btc_5m_sniper,False,btc_5m_sniper,BTC,5m,UP,0xa3c517b47dfec826c74b9372b5a56be8df335c221c08c4a78fcc972e18fcced7,True,24.5,Up,0.5,v1,sniper,btc_5m_v1,2,True,2,True,2,True,2,True
1779384003879731,2026-05-21 17:20:03.879731,poly_updown_btc_5m_sniper,False,btc_5m_sniper,BTC,5m,UP,0xa3c517b47dfec826c74b9372b5a56be8df335c221c08c4a78fcc972e18fcced7,True,24.5,Up,0.5,v1,sniper,btc_5m_v1,2,True,2,True,2,True,2,True
1779384061189986,2026-05-21 17:21:01.189986,poly_updown_btc_5m_momo_v2_HEDGE_f7,True,btc_5m_momo_v2_HEDGE,BTC,5m,UP,0xa3c517b47dfec826c74b9372b5a56be8df335c221c08c4a78fcc972e18fcced7,True,27.62761316,Up,0.47,v2,HEDGE,btc_5m_v2,2,True,2,True,2,True,2,True
1779384061189986,2026-05-21 17:21:01.189986,poly_updown_btc_5m_momo_v2_HEDGE_f7,True,btc_5m_momo_v2_HEDGE,BTC,5m,UP,0xa3c517b47dfec826c74b9372b5a56be8df335c221c08c4a78fcc972e18fcced7,True,27.62761316,Up,0.47,v2,HEDGE,btc_5m_v2,2,True,2,True,2,True,2,True
1779384061189986,2026-05-21 17:21:01.189986,poly_updown_btc_5m_momo_v2_HEDGE_f7,True,btc_5m_momo_v2_HEDGE,BTC,5m,UP,0xa3c517b47dfec826c74b9372b5a56be8df335c221c08c4a78fcc972e18fcced7,True,27.62761316,Up,0.47,v2,HEDGE,btc_5m_v2,2,True,2,True,2,True,2,True
1779384061189986,2026-05-21 17:21:01.189986,poly_updown_btc_5m_momo_v2_HEDGE_f7,True,btc_5m_momo_v2_HEDGE,BTC,5m,UP,0xa3c517b47dfec826c74b9372b5a56be8df335c221c08c4a78fcc972e18fcced7,True,27.62761316,Up,0.47,v2,HEDGE,btc_5m_v2,2,True,2,True,2,True,2,True
1779384061190236,2026-05-21 17:21:01.190236,poly_updown_btc_5m_momo_v2_HOLD_f7,True,btc_5m_momo_v2_HOLD,BTC,5m,UP,0xa3c517b47dfec826c74b9372b5a56be8df335c221c08c4a78fcc972e18fcced7,True,27.62761316,Up,0.47,v2,HOLD,btc_5m_v2,2,True,2,True,2,True,2,True
1779384061190236,2026-05-21 17:21:01.190236,poly_updown_btc_5m_momo_v2_HOLD_f7,True,btc_5m_momo_v2_HOLD,BTC,5m,UP,0xa3c517b47dfec826c74b9372b5a56be8df335c221c08c4a78fcc972e18fcced7,True,27.62761316,Up,0.47,v2,HOLD,btc_5m_v2,2,True,2,True,2,True,2,True
1779384061190236,2026-05-21 17:21:01.190236,poly_updown_btc_5m_momo_v2_HOLD_f7,True,btc_5m_momo_v2_HOLD,BTC,5m,UP,0xa3c517b47dfec826c74b9372b5a56be8df335c221c08c4a78fcc972e18fcced7,True,27.62761316,Up,0.47,v2,HOLD,btc_5m_v2,2,True,2,True,2,True,2,True
1779384061190236,2026-05-21 17:21:01.190236,poly_updown_btc_5m_momo_v2_HOLD_f7,True,btc_5m_momo_v2_HOLD,BTC,5m,UP,0xa3c517b47dfec826c74b9372b5a56be8df335c221c08c4a78fcc972e18fcced7,True,27.62761316,Up,0.47,v2,HOLD,btc_5m_v2,2,True,2,True,2,True,2,True
1779384061192792,2026-05-21 17:21:01.192792,poly_updown_sol_5m_momo_v2_SELL_f7,True,sol_5m_momo_v2_SELL,SOL,5m,UP,0x412f754726152a92437133bf98c1d12f53ad69cb81bd20428c97248a9919eb86,True,24.89395608,Up,0.5021207987393277,v2,SELL,sol_5m_v2,2,True,2,True,2,True,1,False
1779384061192792,2026-05-21 17:21:01.192792,poly_updown_sol_5m_momo_v2_SELL_f7,True,sol_5m_momo_v2_SELL,SOL,5m,UP,0x412f754726152a92437133bf98c1d12f53ad69cb81bd20428c97248a9919eb86,True,24.89395608,Up,0.5021207987393277,v2,SELL,sol_5m_v2,2,True,2,True,2,True,1,False
1779384061192792,2026-05-21 17:21:01.192792,poly_updown_sol_5m_momo_v2_SELL_f7,True,sol_5m_momo_v2_SELL,SOL,5m,UP,0x412f754726152a92437133bf98c1d12f53ad69cb81bd20428c97248a9919eb86,True,24.89395608,Up,0.5021207987393277,v2,SELL,sol_5m_v2,2,True,2,True,2,True,1,False
1779384061192792,2026-05-21 17:21:01.192792,poly_updown_sol_5m_momo_v2_SELL_f7,True,sol_5m_momo_v2_SELL,SOL,5m,UP,0x412f754726152a92437133bf98c1d12f53ad69cb81bd20428c97248a9919eb86,True,24.89395608,Up,0.5021207987393277,v2,SELL,sol_5m_v2,2,True,2,True,2,True,1,False
1779384061193211,2026-05-21 17:21:01.193211,poly_updown_btc_5m_momo_v2_SELL_f7,True,btc_5m_momo_v2_SELL,BTC,5m,UP,0xa3c517b47dfec826c74b9372b5a56be8df335c221c08c4a78fcc972e18fcced7,True,27.62761316,Up,0.47,v2,SELL,btc_5m_v2,2,True,2,True,2,True,2,True
1779384061193211,2026-05-21 17:21:01.193211,poly_updown_btc_5m_momo_v2_SELL_f7,True,btc_5m_momo_v2_SELL,BTC,5m,UP,0xa3c517b47dfec826c74b9372b5a56be8df335c221c08c4a78fcc972e18fcced7,True,27.62761316,Up,0.47,v2,SELL,btc_5m_v2,2,True,2,True,2,True,2,True
1779384061193211,2026-05-21 17:21:01.193211,poly_updown_btc_5m_momo_v2_SELL_f7,True,btc_5m_momo_v2_SELL,BTC,5m,UP,0xa3c517b47dfec826c74b9372b5a56be8df335c221c08c4a78fcc972e18fcced7,True,27.62761316,Up,0.47,v2,SELL,btc_5m_v2,2,True,2,True,2,True,2,True
1779384061193211,2026-05-21 17:21:01.193211,poly_updown_btc_5m_momo_v2_SELL_f7,True,btc_5m_momo_v2_SELL,BTC,5m,UP,0xa3c517b47dfec826c74b9372b5a56be8df335c221c08c4a78fcc972e18fcced7,True,27.62761316,Up,0.47,v2,SELL,btc_5m_v2,2,True,2,True,2,True,2,True
1779384061197889,2026-05-21 17:21:01.197889,poly_updown_sol_5m_momo_v2_HEDGE_f7,True,sol_5m_momo_v2_HEDGE,SOL,5m,UP,0x412f754726152a92437133bf98c1d12f53ad69cb81bd20428c97248a9919eb86,True,24.89395608,Up,0.5021207987393277,v2,HEDGE,sol_5m_v2,2,True,2,True,2,True,1,False
1779384061197889,2026-05-21 17:21:01.197889,poly_updown_sol_5m_momo_v2_HEDGE_f7,True,sol_5m_momo_v2_HEDGE,SOL,5m,UP,0x412f754726152a92437133bf98c1d12f53ad69cb81bd20428c97248a9919eb86,True,24.89395608,Up,0.5021207987393277,v2,HEDGE,sol_5m_v2,2,True,2,True,2,True,1,False
1779384061197889,2026-05-21 17:21:01.197889,poly_updown_sol_5m_momo_v2_HEDGE_f7,True,sol_5m_momo_v2_HEDGE,SOL,5m,UP,0x412f754726152a92437133bf98c1d12f53ad69cb81bd20428c97248a9919eb86,True,24.89395608,Up,0.5021207987393277,v2,HEDGE,sol_5m_v2,2,True,2,True,2,True,1,False
1779384061197889,2026-05-21 17:21:01.197889,poly_updown_sol_5m_momo_v2_HEDGE_f7,True,sol_5m_momo_v2_HEDGE,SOL,5m,UP,0x412f754726152a92437133bf98c1d12f53ad69cb81bd20428c97248a9919eb86,True,24.89395608,Up,0.5021207987393277,v2,HEDGE,sol_5m_v2,2,True,2,True,2,True,1,False
1779384061198348,2026-05-21 17:21:01.198348,poly_updown_sol_5m_momo_v2_HOLD_f7,True,sol_5m_momo_v2_HOLD,SOL,5m,UP,0x412f754726152a92437133bf98c1d12f53ad69cb81bd20428c97248a9919eb86,True,24.89395608,Up,0.5021207987393277,v2,HOLD,sol_5m_v2,2,True,2,True,2,True,1,False
1779384061198348,2026-05-21 17:21:01.198348,poly_updown_sol_5m_momo_v2_HOLD_f7,True,sol_5m_momo_v2_HOLD,SOL,5m,UP,0x412f754726152a92437133bf98c1d12f53ad69cb81bd20428c97248a9919eb86,True,24.89395608,Up,0.5021207987393277,v2,HOLD,sol_5m_v2,2,True,2,True,2,True,1,False
1779384061198348,2026-05-21 17:21:01.198348,poly_updown_sol_5m_momo_v2_HOLD_f7,True,sol_5m_momo_v2_HOLD,SOL,5m,UP,0x412f754726152a92437133bf98c1d12f53ad69cb81bd20428c97248a9919eb86,True,24.89395608,Up,0.5021207987393277,v2,HOLD,sol_5m_v2,2,True,2,True,2,True,1,False
1779384061198348,2026-05-21 17:21:01.198348,poly_updown_sol_5m_momo_v2_HOLD_f7,True,sol_5m_momo_v2_HOLD,SOL,5m,UP,0x412f754726152a92437133bf98c1d12f53ad69cb81bd20428c97248a9919eb86,True,24.89395608,Up,0.5021207987393277,v2,HOLD,sol_5m_v2,2,True,2,True,2,True,1,False
1779384064558315,2026-05-21 17:21:04.558315,poly_updown_btc_5m_momo_v2_HEDGE_f7,True,btc_5m_momo_v2_HEDGE,BTC,5m,UP,0xa3c517b47dfec826c74b9372b5a56be8df335c221c08c4a78fcc972e18fcced7,True,27.62761316,Up,0.47,v2,HEDGE,btc_5m_v2,2,True,2,True,2,True,2,True
1779384064558315,2026-05-21 17:21:04.558315,poly_updown_btc_5m_momo_v2_HEDGE_f7,True,btc_5m_momo_v2_HEDGE,BTC,5m,UP,0xa3c517b47dfec826c74b9372b5a56be8df335c221c08c4a78fcc972e18fcced7,True,27.62761316,Up,0.47,v2,HEDGE,btc_5m_v2,2,True,2,True,2,True,2,True
1779384064558315,2026-05-21 17:21:04.558315,poly_updown_btc_5m_momo_v2_HEDGE_f7,True,btc_5m_momo_v2_HEDGE,BTC,5m,UP,0xa3c517b47dfec826c74b9372b5a56be8df335c221c08c4a78fcc972e18fcced7,True,27.62761316,Up,0.47,v2,HEDGE,btc_5m_v2,2,True,2,True,2,True,2,True
1779384064558315,2026-05-21 17:21:04.558315,poly_updown_btc_5m_momo_v2_HEDGE_f7,True,btc_5m_momo_v2_HEDGE,BTC,5m,UP,0xa3c517b47dfec826c74b9372b5a56be8df335c221c08c4a78fcc972e18fcced7,True,27.62761316,Up,0.47,v2,HEDGE,btc_5m_v2,2,True,2,True,2,True,2,True
1779384064566854,2026-05-21 17:21:04.566854,poly_updown_btc_5m_momo_v2_SELL_f7,True,btc_5m_momo_v2_SELL,BTC,5m,UP,0xa3c517b47dfec826c74b9372b5a56be8df335c221c08c4a78fcc972e18fcced7,True,27.62761316,Up,0.47,v2,SELL,btc_5m_v2,2,True,2,True,2,True,2,True
1779384064566854,2026-05-21 17:21:04.566854,poly_updown_btc_5m_momo_v2_SELL_f7,True,btc_5m_momo_v2_SELL,BTC,5m,UP,0xa3c517b47dfec826c74b9372b5a56be8df335c221c08c4a78fcc972e18fcced7,True,27.62761316,Up,0.47,v2,SELL,btc_5m_v2,2,True,2,True,2,True,2,True
1779384064566854,2026-05-21 17:21:04.566854,poly_updown_btc_5m_momo_v2_SELL_f7,True,btc_5m_momo_v2_SELL,BTC,5m,UP,0xa3c517b47dfec826c74b9372b5a56be8df335c221c08c4a78fcc972e18fcced7,True,27.62761316,Up,0.47,v2,SELL,btc_5m_v2,2,True,2,True,2,True,2,True
1779384064566854,2026-05-21 17:21:04.566854,poly_updown_btc_5m_momo_v2_SELL_f7,True,btc_5m_momo_v2_SELL,BTC,5m,UP,0xa3c517b47dfec826c74b9372b5a56be8df335c221c08c4a78fcc972e18fcced7,True,27.62761316,Up,0.47,v2,SELL,btc_5m_v2,2,True,2,True,2,True,2,True
1779384064567763,2026-05-21 17:21:04.567763,poly_updown_sol_5m_momo_v2_SELL_f7,True,sol_5m_momo_v2_SELL,SOL,5m,UP,0x412f754726152a92437133bf98c1d12f53ad69cb81bd20428c97248a9919eb86,True,24.89395608,Up,0.5021207987393277,v2,SELL,sol_5m_v2,2,True,2,True,2,True,1,False
1779384064567763,2026-05-21 17:21:04.567763,poly_updown_sol_5m_momo_v2_SELL_f7,True,sol_5m_momo_v2_SELL,SOL,5m,UP,0x412f754726152a92437133bf98c1d12f53ad69cb81bd20428c97248a9919eb86,True,24.89395608,Up,0.5021207987393277,v2,SELL,sol_5m_v2,2,True,2,True,2,True,1,False
1779384064567763,2026-05-21 17:21:04.567763,poly_updown_sol_5m_momo_v2_SELL_f7,True,sol_5m_momo_v2_SELL,SOL,5m,UP,0x412f754726152a92437133bf98c1d12f53ad69cb81bd20428c97248a9919eb86,True,24.89395608,Up,0.5021207987393277,v2,SELL,sol_5m_v2,2,True,2,True,2,True,1,False
1779384064567763,2026-05-21 17:21:04.567763,poly_updown_sol_5m_momo_v2_SELL_f7,True,sol_5m_momo_v2_SELL,SOL,5m,UP,0x412f754726152a92437133bf98c1d12f53ad69cb81bd20428c97248a9919eb86,True,24.89395608,Up,0.5021207987393277,v2,SELL,sol_5m_v2,2,True,2,True,2,True,1,False
1779384064573059,2026-05-21 17:21:04.573059,poly_updown_btc_5m_momo_v2_HOLD_f7,True,btc_5m_momo_v2_HOLD,BTC,5m,UP,0xa3c517b47dfec826c74b9372b5a56be8df335c221c08c4a78fcc972e18fcced7,True,27.62761316,Up,0.47,v2,HOLD,btc_5m_v2,2,True,2,True,2,True,2,True
1779384064573059,2026-05-21 17:21:04.573059,poly_updown_btc_5m_momo_v2_HOLD_f7,True,btc_5m_momo_v2_HOLD,BTC,5m,UP,0xa3c517b47dfec826c74b9372b5a56be8df335c221c08c4a78fcc972e18fcced7,True,27.62761316,Up,0.47,v2,HOLD,btc_5m_v2,2,True,2,True,2,True,2,True
1779384064573059,2026-05-21 17:21:04.573059,poly_updown_btc_5m_momo_v2_HOLD_f7,True,btc_5m_momo_v2_HOLD,BTC,5m,UP,0xa3c517b47dfec826c74b9372b5a56be8df335c221c08c4a78fcc972e18fcced7,True,27.62761316,Up,0.47,v2,HOLD,btc_5m_v2,2,True,2,True,2,True,2,True
1779384064573059,2026-05-21 17:21:04.573059,poly_updown_btc_5m_momo_v2_HOLD_f7,True,btc_5m_momo_v2_HOLD,BTC,5m,UP,0xa3c517b47dfec826c74b9372b5a56be8df335c221c08c4a78fcc972e18fcced7,True,27.62761316,Up,0.47,v2,HOLD,btc_5m_v2,2,True,2,True,2,True,2,True
1779384064576854,2026-05-21 17:21:04.576854,poly_updown_sol_5m_momo_v2_HEDGE_f7,True,sol_5m_momo_v2_HEDGE,SOL,5m,UP,0x412f754726152a92437133bf98c1d12f53ad69cb81bd20428c97248a9919eb86,True,24.89395608,Up,0.5021207987393277,v2,HEDGE,sol_5m_v2,2,True,2,True,2,True,1,False
1779384064576854,2026-05-21 17:21:04.576854,poly_updown_sol_5m_momo_v2_HEDGE_f7,True,sol_5m_momo_v2_HEDGE,SOL,5m,UP,0x412f754726152a92437133bf98c1d12f53ad69cb81bd20428c97248a9919eb86,True,24.89395608,Up,0.5021207987393277,v2,HEDGE,sol_5m_v2,2,True,2,True,2,True,1,False
1779384064576854,2026-05-21 17:21:04.576854,poly_updown_sol_5m_momo_v2_HEDGE_f7,True,sol_5m_momo_v2_HEDGE,SOL,5m,UP,0x412f754726152a92437133bf98c1d12f53ad69cb81bd20428c97248a9919eb86,True,24.89395608,Up,0.5021207987393277,v2,HEDGE,sol_5m_v2,2,True,2,True,2,True,1,False
1779384064576854,2026-05-21 17:21:04.576854,poly_updown_sol_5m_momo_v2_HEDGE_f7,True,sol_5m_momo_v2_HEDGE,SOL,5m,UP,0x412f754726152a92437133bf98c1d12f53ad69cb81bd20428c97248a9919eb86,True,24.89395608,Up,0.5021207987393277,v2,HEDGE,sol_5m_v2,2,True,2,True,2,True,1,False
1779384064585725,2026-05-21 17:21:04.585725,poly_updown_sol_5m_momo_v2_HOLD_f7,True,sol_5m_momo_v2_HOLD,SOL,5m,UP,0x412f754726152a92437133bf98c1d12f53ad69cb81bd20428c97248a9919eb86,True,24.89395608,Up,0.5021207987393277,v2,HOLD,sol_5m_v2,2,True,2,True,2,True,1,False
1779384064585725,2026-05-21 17:21:04.585725,poly_updown_sol_5m_momo_v2_HOLD_f7,True,sol_5m_momo_v2_HOLD,SOL,5m,UP,0x412f754726152a92437133bf98c1d12f53ad69cb81bd20428c97248a9919eb86,True,24.89395608,Up,0.5021207987393277,v2,HOLD,sol_5m_v2,2,True,2,True,2,True,1,False
1779384064585725,2026-05-21 17:21:04.585725,poly_updown_sol_5m_momo_v2_HOLD_f7,True,sol_5m_momo_v2_HOLD,SOL,5m,UP,0x412f754726152a92437133bf98c1d12f53ad69cb81bd20428c97248a9919eb86,True,24.89395608,Up,0.5021207987393277,v2,HOLD,sol_5m_v2,2,True,2,True,2,True,1,False
1779384064585725,2026-05-21 17:21:04.585725,poly_updown_sol_5m_momo_v2_HOLD_f7,True,sol_5m_momo_v2_HOLD,SOL,5m,UP,0x412f754726152a92437133bf98c1d12f53ad69cb81bd20428c97248a9919eb86,True,24.89395608,Up,0.5021207987393277,v2,HOLD,sol_5m_v2,2,True,2,True,2,True,1,False
1779384121782652,2026-05-21 17:22:01.782652,poly_updown_eth_5m_momo_HOLD_f7,True,eth_5m_momo_HOLD,ETH,5m,UP,0xe58bfbdd97cdc5f6f386fd43a0d4e3b45ab2f1a560b6f76246887ec34973974f,True,25.49999592,Up,0.49,v1,HOLD,eth_5m_v1,2,True,2,True,2,True,1,False
1779384121782652,2026-05-21 17:22:01.782652,poly_updown_eth_5m_momo_HOLD_f7,True,eth_5m_momo_HOLD,ETH,5m,UP,0xe58bfbdd97cdc5f6f386fd43a0d4e3b45ab2f1a560b6f76246887ec34973974f,True,25.49999592,Up,0.49,v1,HOLD,eth_5m_v1,2,True,2,True,2,True,1,False
1779384121782652,2026-05-21 17:22:01.782652,poly_updown_eth_5m_momo_HOLD_f7,True,eth_5m_momo_HOLD,ETH,5m,UP,0xe58bfbdd97cdc5f6f386fd43a0d4e3b45ab2f1a560b6f76246887ec34973974f,True,25.49999592,Up,0.49,v1,HOLD,eth_5m_v1,2,True,2,True,2,True,1,False
1779384121782652,2026-05-21 17:22:01.782652,poly_updown_eth_5m_momo_HOLD_f7,True,eth_5m_momo_HOLD,ETH,5m,UP,0xe58bfbdd97cdc5f6f386fd43a0d4e3b45ab2f1a560b6f76246887ec34973974f,True,25.49999592,Up,0.49,v1,HOLD,eth_5m_v1,2,True,2,True,2,True,1,False
1779384121830384,2026-05-21 17:22:01.830384,poly_updown_eth_5m_momo_HEDGE_f7,True,eth_5m_momo_HEDGE,ETH,5m,UP,0xe58bfbdd97cdc5f6f386fd43a0d4e3b45ab2f1a560b6f76246887ec34973974f,True,25.49999592,Up,0.49,v1,HEDGE,eth_5m_v1,2,True,2,True,2,True,1,False
1779384121830384,2026-05-21 17:22:01.830384,poly_updown_eth_5m_momo_HEDGE_f7,True,eth_5m_momo_HEDGE,ETH,5m,UP,0xe58bfbdd97cdc5f6f386fd43a0d4e3b45ab2f1a560b6f76246887ec34973974f,True,25.49999592,Up,0.49,v1,HEDGE,eth_5m_v1,2,True,2,True,2,True,1,False
1779384121830384,2026-05-21 17:22:01.830384,poly_updown_eth_5m_momo_HEDGE_f7,True,eth_5m_momo_HEDGE,ETH,5m,UP,0xe58bfbdd97cdc5f6f386fd43a0d4e3b45ab2f1a560b6f76246887ec34973974f,True,25.49999592,Up,0.49,v1,HEDGE,eth_5m_v1,2,True,2,True,2,True,1,False
1779384121830384,2026-05-21 17:22:01.830384,poly_updown_eth_5m_momo_HEDGE_f7,True,eth_5m_momo_HEDGE,ETH,5m,UP,0xe58bfbdd97cdc5f6f386fd43a0d4e3b45ab2f1a560b6f76246887ec34973974f,True,25.49999592,Up,0.49,v1,HEDGE,eth_5m_v1,2,True,2,True,2,True,1,False
1779384121843771,2026-05-21 17:22:01.843771,poly_updown_btc_5m_momo_SELL_f7,True,btc_5m_momo_SELL,BTC,5m,UP,0xa3c517b47dfec826c74b9372b5a56be8df335c221c08c4a78fcc972e18fcced7,True,27.62761316,Up,0.47,v1,SELL,btc_5m_v1,2,True,2,True,2,True,2,True
1779384121843771,2026-05-21 17:22:01.843771,poly_updown_btc_5m_momo_SELL_f7,True,btc_5m_momo_SELL,BTC,5m,UP,0xa3c517b47dfec826c74b9372b5a56be8df335c221c08c4a78fcc972e18fcced7,True,27.62761316,Up,0.47,v1,SELL,btc_5m_v1,2,True,2,True,2,True,2,True
1779384121843771,2026-05-21 17:22:01.843771,poly_updown_btc_5m_momo_SELL_f7,True,btc_5m_momo_SELL,BTC,5m,UP,0xa3c517b47dfec826c74b9372b5a56be8df335c221c08c4a78fcc972e18fcced7,True,27.62761316,Up,0.47,v1,SELL,btc_5m_v1,2,True,2,True,2,True,2,True
1779384121843771,2026-05-21 17:22:01.843771,poly_updown_btc_5m_momo_SELL_f7,True,btc_5m_momo_SELL,BTC,5m,UP,0xa3c517b47dfec826c74b9372b5a56be8df335c221c08c4a78fcc972e18fcced7,True,27.62761316,Up,0.47,v1,SELL,btc_5m_v1,2,True,2,True,2,True,2,True
1779384121848420,2026-05-21 17:22:01.848420,poly_updown_eth_5m_momo_SELL_f7,True,eth_5m_momo_SELL,ETH,5m,UP,0xe58bfbdd97cdc5f6f386fd43a0d4e3b45ab2f1a560b6f76246887ec34973974f,True,25.49999592,Up,0.49,v1,SELL,eth_5m_v1,2,True,2,True,2,True,1,False
1779384121848420,2026-05-21 17:22:01.848420,poly_updown_eth_5m_momo_SELL_f7,True,eth_5m_momo_SELL,ETH,5m,UP,0xe58bfbdd97cdc5f6f386fd43a0d4e3b45ab2f1a560b6f76246887ec34973974f,True,25.49999592,Up,0.49,v1,SELL,eth_5m_v1,2,True,2,True,2,True,1,False
1779384121848420,2026-05-21 17:22:01.848420,poly_updown_eth_5m_momo_SELL_f7,True,eth_5m_momo_SELL,ETH,5m,UP,0xe58bfbdd97cdc5f6f386fd43a0d4e3b45ab2f1a560b6f76246887ec34973974f,True,25.49999592,Up,0.49,v1,SELL,eth_5m_v1,2,True,2,True,2,True,1,False
1779384121848420,2026-05-21 17:22:01.848420,poly_updown_eth_5m_momo_SELL_f7,True,eth_5m_momo_SELL,ETH,5m,UP,0xe58bfbdd97cdc5f6f386fd43a0d4e3b45ab2f1a560b6f76246887ec34973974f,True,25.49999592,Up,0.49,v1,SELL,eth_5m_v1,2,True,2,True,2,True,1,False
1779384121856347,2026-05-21 17:22:01.856347,poly_updown_btc_5m_momo_HEDGE_f7,True,btc_5m_momo_HEDGE,BTC,5m,UP,0xa3c517b47dfec826c74b9372b5a56be8df335c221c08c4a78fcc972e18fcced7,True,27.62761316,Up,0.47,v1,HEDGE,btc_5m_v1,2,True,2,True,2,True,2,True
1779384121856347,2026-05-21 17:22:01.856347,poly_updown_btc_5m_momo_HEDGE_f7,True,btc_5m_momo_HEDGE,BTC,5m,UP,0xa3c517b47dfec826c74b9372b5a56be8df335c221c08c4a78fcc972e18fcced7,True,27.62761316,Up,0.47,v1,HEDGE,btc_5m_v1,2,True,2,True,2,True,2,True
1779384121856347,2026-05-21 17:22:01.856347,poly_updown_btc_5m_momo_HEDGE_f7,True,btc_5m_momo_HEDGE,BTC,5m,UP,0xa3c517b47dfec826c74b9372b5a56be8df335c221c08c4a78fcc972e18fcced7,True,27.62761316,Up,0.47,v1,HEDGE,btc_5m_v1,2,True,2,True,2,True,2,True
1779384121856347,2026-05-21 17:22:01.856347,poly_updown_btc_5m_momo_HEDGE_f7,True,btc_5m_momo_HEDGE,BTC,5m,UP,0xa3c517b47dfec826c74b9372b5a56be8df335c221c08c4a78fcc972e18fcced7,True,27.62761316,Up,0.47,v1,HEDGE,btc_5m_v1,2,True,2,True,2,True,2,True
1779384121882569,2026-05-21 17:22:01.882569,poly_updown_btc_5m_momo_HOLD_f7,True,btc_5m_momo_HOLD,BTC,5m,UP,0xa3c517b47dfec826c74b9372b5a56be8df335c221c08c4a78fcc972e18fcced7,True,27.62761316,Up,0.47,v1,HOLD,btc_5m_v1,2,True,2,True,2,True,2,True
1779384121882569,2026-05-21 17:22:01.882569,poly_updown_btc_5m_momo_HOLD_f7,True,btc_5m_momo_HOLD,BTC,5m,UP,0xa3c517b47dfec826c74b9372b5a56be8df335c221c08c4a78fcc972e18fcced7,True,27.62761316,Up,0.47,v1,HOLD,btc_5m_v1,2,True,2,True,2,True,2,True
1779384121882569,2026-05-21 17:22:01.882569,poly_updown_btc_5m_momo_HOLD_f7,True,btc_5m_momo_HOLD,BTC,5m,UP,0xa3c517b47dfec826c74b9372b5a56be8df335c221c08c4a78fcc972e18fcced7,True,27.62761316,Up,0.47,v1,HOLD,btc_5m_v1,2,True,2,True,2,True,2,True
1779384121882569,2026-05-21 17:22:01.882569,poly_updown_btc_5m_momo_HOLD_f7,True,btc_5m_momo_HOLD,BTC,5m,UP,0xa3c517b47dfec826c74b9372b5a56be8df335c221c08c4a78fcc972e18fcced7,True,27.62761316,Up,0.47,v1,HOLD,btc_5m_v1,2,True,2,True,2,True,2,True
1779384125816617,2026-05-21 17:22:05.816617,poly_updown_btc_5m_momo_HEDGE_f7,True,btc_5m_momo_HEDGE,BTC,5m,UP,0xa3c517b47dfec826c74b9372b5a56be8df335c221c08c4a78fcc972e18fcced7,True,27.62761316,Up,0.47,v1,HEDGE,btc_5m_v1,2,True,2,True,2,True,2,True
1779384125816617,2026-05-21 17:22:05.816617,poly_updown_btc_5m_momo_HEDGE_f7,True,btc_5m_momo_HEDGE,BTC,5m,UP,0xa3c517b47dfec826c74b9372b5a56be8df335c221c08c4a78fcc972e18fcced7,True,27.62761316,Up,0.47,v1,HEDGE,btc_5m_v1,2,True,2,True,2,True,2,True
1779384125816617,2026-05-21 17:22:05.816617,poly_updown_btc_5m_momo_HEDGE_f7,True,btc_5m_momo_HEDGE,BTC,5m,UP,0xa3c517b47dfec826c74b9372b5a56be8df335c221c08c4a78fcc972e18fcced7,True,27.62761316,Up,0.47,v1,HEDGE,btc_5m_v1,2,True,2,True,2,True,2,True
1779384125816617,2026-05-21 17:22:05.816617,poly_updown_btc_5m_momo_HEDGE_f7,True,btc_5m_momo_HEDGE,BTC,5m,UP,0xa3c517b47dfec826c74b9372b5a56be8df335c221c08c4a78fcc972e18fcced7,True,27.62761316,Up,0.47,v1,HEDGE,btc_5m_v1,2,True,2,True,2,True,2,True
1779384125816727,2026-05-21 17:22:05.816727,poly_updown_eth_5m_momo_SELL_f7,True,eth_5m_momo_SELL,ETH,5m,UP,0xe58bfbdd97cdc5f6f386fd43a0d4e3b45ab2f1a560b6f76246887ec34973974f,True,25.49999592,Up,0.49,v1,SELL,eth_5m_v1,2,True,2,True,2,True,1,False
1779384125816727,2026-05-21 17:22:05.816727,poly_updown_eth_5m_momo_SELL_f7,True,eth_5m_momo_SELL,ETH,5m,UP,0xe58bfbdd97cdc5f6f386fd43a0d4e3b45ab2f1a560b6f76246887ec34973974f,True,25.49999592,Up,0.49,v1,SELL,eth_5m_v1,2,True,2,True,2,True,1,False
1779384125816727,2026-05-21 17:22:05.816727,poly_updown_eth_5m_momo_SELL_f7,True,eth_5m_momo_SELL,ETH,5m,UP,0xe58bfbdd97cdc5f6f386fd43a0d4e3b45ab2f1a560b6f76246887ec34973974f,True,25.49999592,Up,0.49,v1,SELL,eth_5m_v1,2,True,2,True,2,True,1,False
1779384125816727,2026-05-21 17:22:05.816727,poly_updown_eth_5m_momo_SELL_f7,True,eth_5m_momo_SELL,ETH,5m,UP,0xe58bfbdd97cdc5f6f386fd43a0d4e3b45ab2f1a560b6f76246887ec34973974f,True,25.49999592,Up,0.49,v1,SELL,eth_5m_v1,2,True,2,True,2,True,1,False
1779384125817894,2026-05-21 17:22:05.817894,poly_updown_eth_5m_momo_HOLD_f7,True,eth_5m_momo_HOLD,ETH,5m,UP,0xe58bfbdd97cdc5f6f386fd43a0d4e3b45ab2f1a560b6f76246887ec34973974f,True,25.49999592,Up,0.49,v1,HOLD,eth_5m_v1,2,True,2,True,2,True,1,False
1779384125817894,2026-05-21 17:22:05.817894,poly_updown_eth_5m_momo_HOLD_f7,True,eth_5m_momo_HOLD,ETH,5m,UP,0xe58bfbdd97cdc5f6f386fd43a0d4e3b45ab2f1a560b6f76246887ec34973974f,True,25.49999592,Up,0.49,v1,HOLD,eth_5m_v1,2,True,2,True,2,True,1,False
1779384125817894,2026-05-21 17:22:05.817894,poly_updown_eth_5m_momo_HOLD_f7,True,eth_5m_momo_HOLD,ETH,5m,UP,0xe58bfbdd97cdc5f6f386fd43a0d4e3b45ab2f1a560b6f76246887ec34973974f,True,25.49999592,Up,0.49,v1,HOLD,eth_5m_v1,2,True,2,True,2,True,1,False
1779384125817894,2026-05-21 17:22:05.817894,poly_updown_eth_5m_momo_HOLD_f7,True,eth_5m_momo_HOLD,ETH,5m,UP,0xe58bfbdd97cdc5f6f386fd43a0d4e3b45ab2f1a560b6f76246887ec34973974f,True,25.49999592,Up,0.49,v1,HOLD,eth_5m_v1,2,True,2,True,2,True,1,False
1779384125818849,2026-05-21 17:22:05.818849,poly_updown_btc_5m_momo_HOLD_f7,True,btc_5m_momo_HOLD,BTC,5m,UP,0xa3c517b47dfec826c74b9372b5a56be8df335c221c08c4a78fcc972e18fcced7,True,27.62761316,Up,0.47,v1,HOLD,btc_5m_v1,2,True,2,True,2,True,2,True
1779384125818849,2026-05-21 17:22:05.818849,poly_updown_btc_5m_momo_HOLD_f7,True,btc_5m_momo_HOLD,BTC,5m,UP,0xa3c517b47dfec826c74b9372b5a56be8df335c221c08c4a78fcc972e18fcced7,True,27.62761316,Up,0.47,v1,HOLD,btc_5m_v1,2,True,2,True,2,True,2,True
1779384125818849,2026-05-21 17:22:05.818849,poly_updown_btc_5m_momo_HOLD_f7,True,btc_5m_momo_HOLD,BTC,5m,UP,0xa3c517b47dfec826c74b9372b5a56be8df335c221c08c4a78fcc972e18fcced7,True,27.62761316,Up,0.47,v1,HOLD,btc_5m_v1,2,True,2,True,2,True,2,True
1779384125818849,2026-05-21 17:22:05.818849,poly_updown_btc_5m_momo_HOLD_f7,True,btc_5m_momo_HOLD,BTC,5m,UP,0xa3c517b47dfec826c74b9372b5a56be8df335c221c08c4a78fcc972e18fcced7,True,27.62761316,Up,0.47,v1,HOLD,btc_5m_v1,2,True,2,True,2,True,2,True
1779384125820832,2026-05-21 17:22:05.820832,poly_updown_btc_5m_momo_SELL_f7,True,btc_5m_momo_SELL,BTC,5m,UP,0xa3c517b47dfec826c74b9372b5a56be8df335c221c08c4a78fcc972e18fcced7,True,27.62761316,Up,0.47,v1,SELL,btc_5m_v1,2,True,2,True,2,True,2,True
1779384125820832,2026-05-21 17:22:05.820832,poly_updown_btc_5m_momo_SELL_f7,True,btc_5m_momo_SELL,BTC,5m,UP,0xa3c517b47dfec826c74b9372b5a56be8df335c221c08c4a78fcc972e18fcced7,True,27.62761316,Up,0.47,v1,SELL,btc_5m_v1,2,True,2,True,2,True,2,True
1779384125820832,2026-05-21 17:22:05.820832,poly_updown_btc_5m_momo_SELL_f7,True,btc_5m_momo_SELL,BTC,5m,UP,0xa3c517b47dfec826c74b9372b5a56be8df335c221c08c4a78fcc972e18fcced7,True,27.62761316,Up,0.47,v1,SELL,btc_5m_v1,2,True,2,True,2,True,2,True
1779384125820832,2026-05-21 17:22:05.820832,poly_updown_btc_5m_momo_SELL_f7,True,btc_5m_momo_SELL,BTC,5m,UP,0xa3c517b47dfec826c74b9372b5a56be8df335c221c08c4a78fcc972e18fcced7,True,27.62761316,Up,0.47,v1,SELL,btc_5m_v1,2,True,2,True,2,True,2,True
1779384125902220,2026-05-21 17:22:05.902220,poly_updown_eth_5m_momo_HEDGE_f7,True,eth_5m_momo_HEDGE,ETH,5m,UP,0xe58bfbdd97cdc5f6f386fd43a0d4e3b45ab2f1a560b6f76246887ec34973974f,True,25.49999592,Up,0.49,v1,HEDGE,eth_5m_v1,2,True,2,True,2,True,1,False
1779384125902220,2026-05-21 17:22:05.902220,poly_updown_eth_5m_momo_HEDGE_f7,True,eth_5m_momo_HEDGE,ETH,5m,UP,0xe58bfbdd97cdc5f6f386fd43a0d4e3b45ab2f1a560b6f76246887ec34973974f,True,25.49999592,Up,0.49,v1,HEDGE,eth_5m_v1,2,True,2,True,2,True,1,False
1779384125902220,2026-05-21 17:22:05.902220,poly_updown_eth_5m_momo_HEDGE_f7,True,eth_5m_momo_HEDGE,ETH,5m,UP,0xe58bfbdd97cdc5f6f386fd43a0d4e3b45ab2f1a560b6f76246887ec34973974f,True,25.49999592,Up,0.49,v1,HEDGE,eth_5m_v1,2,True,2,True,2,True,1,False
1779384125902220,2026-05-21 17:22:05.902220,poly_updown_eth_5m_momo_HEDGE_f7,True,eth_5m_momo_HEDGE,ETH,5m,UP,0xe58bfbdd97cdc5f6f386fd43a0d4e3b45ab2f1a560b6f76246887ec34973974f,True,25.49999592,Up,0.49,v1,HEDGE,eth_5m_v1,2,True,2,True,2,True,1,False
1779384306916594,2026-05-21 17:25:06.916594,poly_updown_eth_5m_sniper,False,eth_5m_sniper,ETH,5m,UP,0x07ad9724138fa199e5ed22b728675bd88196e7bc33f633e4591b6083b59ca749,True,26.05416534,Up,0.4895507197124606,v1,sniper,eth_5m_v1,2,True,2,True,2,True,1,False
1779384306916594,2026-05-21 17:25:06.916594,poly_updown_eth_5m_sniper,False,eth_5m_sniper,ETH,5m,UP,0x07ad9724138fa199e5ed22b728675bd88196e7bc33f633e4591b6083b59ca749,True,26.05416534,Up,0.4895507197124606,v1,sniper,eth_5m_v1,2,True,2,True,2,True,1,False
1779384306916594,2026-05-21 17:25:06.916594,poly_updown_eth_5m_sniper,False,eth_5m_sniper,ETH,5m,UP,0x07ad9724138fa199e5ed22b728675bd88196e7bc33f633e4591b6083b59ca749,True,26.05416534,Up,0.4895507197124606,v1,sniper,eth_5m_v1,2,True,2,True,2,True,1,False
1779384306916594,2026-05-21 17:25:06.916594,poly_updown_eth_5m_sniper,False,eth_5m_sniper,ETH,5m,UP,0x07ad9724138fa199e5ed22b728675bd88196e7bc33f633e4591b6083b59ca749,True,26.05416534,Up,0.4895507197124606,v1,sniper,eth_5m_v1,2,True,2,True,2,True,1,False
1779384306940825,2026-05-21 17:25:06.940825,poly_updown_sol_5m_sniper_INV,False,sol_5m_sniper_INV,SOL,5m,DOWN,0x7d4c541acb168852dfd5a199c8befe587e8b0e3a33986786c58ceeca019164d7,True,21.41692784,Down,0.5366949192067806,v1,INV,sol_5m_v1,2,False,2,False,2,False,1,False
1779384306940825,2026-05-21 17:25:06.940825,poly_updown_sol_5m_sniper_INV,False,sol_5m_sniper_INV,SOL,5m,DOWN,0x7d4c541acb168852dfd5a199c8befe587e8b0e3a33986786c58ceeca019164d7,True,21.41692784,Down,0.5366949192067806,v1,INV,sol_5m_v1,2,False,2,False,2,False,1,False
1779384306940825,2026-05-21 17:25:06.940825,poly_updown_sol_5m_sniper_INV,False,sol_5m_sniper_INV,SOL,5m,DOWN,0x7d4c541acb168852dfd5a199c8befe587e8b0e3a33986786c58ceeca019164d7,True,21.41692784,Down,0.5366949192067806,v1,INV,sol_5m_v1,2,False,2,False,2,False,1,False
1779384306940825,2026-05-21 17:25:06.940825,poly_updown_sol_5m_sniper_INV,False,sol_5m_sniper_INV,SOL,5m,DOWN,0x7d4c541acb168852dfd5a199c8befe587e8b0e3a33986786c58ceeca019164d7,True,21.41692784,Down,0.5366949192067806,v1,INV,sol_5m_v1,2,False,2,False,2,False,1,False
1779384307074254,2026-05-21 17:25:07.074254,poly_updown_sol_5m_sniper,False,sol_5m_sniper,SOL,5m,UP,0x7d4c541acb168852dfd5a199c8befe587e8b0e3a33986786c58ceeca019164d7,False,-25.5985,Down,0.51197,v1,sniper,sol_5m_v1,2,True,2,True,2,True,1,False
1779384307074254,2026-05-21 17:25:07.074254,poly_updown_sol_5m_sniper,False,sol_5m_sniper,SOL,5m,UP,0x7d4c541acb168852dfd5a199c8befe587e8b0e3a33986786c58ceeca019164d7,False,-25.5985,Down,0.51197,v1,sniper,sol_5m_v1,2,True,2,True,2,True,1,False
1779384307074254,2026-05-21 17:25:07.074254,poly_updown_sol_5m_sniper,False,sol_5m_sniper,SOL,5m,UP,0x7d4c541acb168852dfd5a199c8befe587e8b0e3a33986786c58ceeca019164d7,False,-25.5985,Down,0.51197,v1,sniper,sol_5m_v1,2,True,2,True,2,True,1,False
1779384307074254,2026-05-21 17:25:07.074254,poly_updown_sol_5m_sniper,False,sol_5m_sniper,SOL,5m,UP,0x7d4c541acb168852dfd5a199c8befe587e8b0e3a33986786c58ceeca019164d7,False,-25.5985,Down,0.51197,v1,sniper,sol_5m_v1,2,True,2,True,2,True,1,False
1779384311892104,2026-05-21 17:25:11.892104,poly_updown_eth_5m_sniper,False,eth_5m_sniper,ETH,5m,UP,0x07ad9724138fa199e5ed22b728675bd88196e7bc33f633e4591b6083b59ca749,True,26.05416534,Up,0.4895507197124606,v1,sniper,eth_5m_v1,2,True,2,True,2,True,1,False
1779384311892104,2026-05-21 17:25:11.892104,poly_updown_eth_5m_sniper,False,eth_5m_sniper,ETH,5m,UP,0x07ad9724138fa199e5ed22b728675bd88196e7bc33f633e4591b6083b59ca749,True,26.05416534,Up,0.4895507197124606,v1,sniper,eth_5m_v1,2,True,2,True,2,True,1,False
1779384311892104,2026-05-21 17:25:11.892104,poly_updown_eth_5m_sniper,False,eth_5m_sniper,ETH,5m,UP,0x07ad9724138fa199e5ed22b728675bd88196e7bc33f633e4591b6083b59ca749,True,26.05416534,Up,0.4895507197124606,v1,sniper,eth_5m_v1,2,True,2,True,2,True,1,False
1779384311892104,2026-05-21 17:25:11.892104,poly_updown_eth_5m_sniper,False,eth_5m_sniper,ETH,5m,UP,0x07ad9724138fa199e5ed22b728675bd88196e7bc33f633e4591b6083b59ca749,True,26.05416534,Up,0.4895507197124606,v1,sniper,eth_5m_v1,2,True,2,True,2,True,1,False
1779384311908158,2026-05-21 17:25:11.908158,poly_updown_sol_5m_sniper_INV,False,sol_5m_sniper_INV,SOL,5m,DOWN,0x7d4c541acb168852dfd5a199c8befe587e8b0e3a33986786c58ceeca019164d7,True,21.41692784,Down,0.5366949192067806,v1,INV,sol_5m_v1,2,False,2,False,2,False,1,False
1779384311908158,2026-05-21 17:25:11.908158,poly_updown_sol_5m_sniper_INV,False,sol_5m_sniper_INV,SOL,5m,DOWN,0x7d4c541acb168852dfd5a199c8befe587e8b0e3a33986786c58ceeca019164d7,True,21.41692784,Down,0.5366949192067806,v1,INV,sol_5m_v1,2,False,2,False,2,False,1,False
1779384311908158,2026-05-21 17:25:11.908158,poly_updown_sol_5m_sniper_INV,False,sol_5m_sniper_INV,SOL,5m,DOWN,0x7d4c541acb168852dfd5a199c8befe587e8b0e3a33986786c58ceeca019164d7,True,21.41692784,Down,0.5366949192067806,v1,INV,sol_5m_v1,2,False,2,False,2,False,1,False
1779384311908158,2026-05-21 17:25:11.908158,poly_updown_sol_5m_sniper_INV,False,sol_5m_sniper_INV,SOL,5m,DOWN,0x7d4c541acb168852dfd5a199c8befe587e8b0e3a33986786c58ceeca019164d7,True,21.41692784,Down,0.5366949192067806,v1,INV,sol_5m_v1,2,False,2,False,2,False,1,False
1779384312063555,2026-05-21 17:25:12.063555,poly_updown_sol_5m_sniper,False,sol_5m_sniper,SOL,5m,UP,0x7d4c541acb168852dfd5a199c8befe587e8b0e3a33986786c58ceeca019164d7,False,-25.5985,Down,0.51197,v1,sniper,sol_5m_v1,2,True,2,True,2,True,1,False
1779384312063555,2026-05-21 17:25:12.063555,poly_updown_sol_5m_sniper,False,sol_5m_sniper,SOL,5m,UP,0x7d4c541acb168852dfd5a199c8befe587e8b0e3a33986786c58ceeca019164d7,False,-25.5985,Down,0.51197,v1,sniper,sol_5m_v1,2,True,2,True,2,True,1,False
1779384312063555,2026-05-21 17:25:12.063555,poly_updown_sol_5m_sniper,False,sol_5m_sniper,SOL,5m,UP,0x7d4c541acb168852dfd5a199c8befe587e8b0e3a33986786c58ceeca019164d7,False,-25.5985,Down,0.51197,v1,sniper,sol_5m_v1,2,True,2,True,2,True,1,False
1779384312063555,2026-05-21 17:25:12.063555,poly_updown_sol_5m_sniper,False,sol_5m_sniper,SOL,5m,UP,0x7d4c541acb168852dfd5a199c8befe587e8b0e3a33986786c58ceeca019164d7,False,-25.5985,Down,0.51197,v1,sniper,sol_5m_v1,2,True,2,True,2,True,1,False
1779384363051363,2026-05-21 17:26:03.051363,poly_updown_btc_5m_momo_v2_HOLD_f7,True,btc_5m_momo_v2_HOLD,BTC,5m,UP,0x9a4e65ffbb64ba76e18b0db2263f7b8ca1fafc23b4741d9baac02744ec1efac7,False,-24.999984,Down,0.48,v2,HOLD,btc_5m_v2,2,True,2,True,2,True,2,True
1779384363051363,2026-05-21 17:26:03.051363,poly_updown_btc_5m_momo_v2_HOLD_f7,True,btc_5m_momo_v2_HOLD,BTC,5m,UP,0x9a4e65ffbb64ba76e18b0db2263f7b8ca1fafc23b4741d9baac02744ec1efac7,False,-24.999984,Down,0.48,v2,HOLD,btc_5m_v2,2,True,2,True,2,True,2,True
1779384363051363,2026-05-21 17:26:03.051363,poly_updown_btc_5m_momo_v2_HOLD_f7,True,btc_5m_momo_v2_HOLD,BTC,5m,UP,0x9a4e65ffbb64ba76e18b0db2263f7b8ca1fafc23b4741d9baac02744ec1efac7,False,-24.999984,Down,0.48,v2,HOLD,btc_5m_v2,2,True,2,True,2,True,2,True
1779384363051363,2026-05-21 17:26:03.051363,poly_updown_btc_5m_momo_v2_HOLD_f7,True,btc_5m_momo_v2_HOLD,BTC,5m,UP,0x9a4e65ffbb64ba76e18b0db2263f7b8ca1fafc23b4741d9baac02744ec1efac7,False,-24.999984,Down,0.48,v2,HOLD,btc_5m_v2,2,True,2,True,2,True,2,True
1779384363053935,2026-05-21 17:26:03.053935,poly_updown_btc_5m_momo_v2_HEDGE_f7,True,btc_5m_momo_v2_HEDGE,BTC,5m,UP,0x9a4e65ffbb64ba76e18b0db2263f7b8ca1fafc23b4741d9baac02744ec1efac7,False,-24.999984,Down,0.48,v2,HEDGE,btc_5m_v2,2,True,2,True,2,True,2,True
1779384363053935,2026-05-21 17:26:03.053935,poly_updown_btc_5m_momo_v2_HEDGE_f7,True,btc_5m_momo_v2_HEDGE,BTC,5m,UP,0x9a4e65ffbb64ba76e18b0db2263f7b8ca1fafc23b4741d9baac02744ec1efac7,False,-24.999984,Down,0.48,v2,HEDGE,btc_5m_v2,2,True,2,True,2,True,2,True
1779384363053935,2026-05-21 17:26:03.053935,poly_updown_btc_5m_momo_v2_HEDGE_f7,True,btc_5m_momo_v2_HEDGE,BTC,5m,UP,0x9a4e65ffbb64ba76e18b0db2263f7b8ca1fafc23b4741d9baac02744ec1efac7,False,-24.999984,Down,0.48,v2,HEDGE,btc_5m_v2,2,True,2,True,2,True,2,True
1779384363053935,2026-05-21 17:26:03.053935,poly_updown_btc_5m_momo_v2_HEDGE_f7,True,btc_5m_momo_v2_HEDGE,BTC,5m,UP,0x9a4e65ffbb64ba76e18b0db2263f7b8ca1fafc23b4741d9baac02744ec1efac7,False,-24.999984,Down,0.48,v2,HEDGE,btc_5m_v2,2,True,2,True,2,True,2,True
1779384363133929,2026-05-21 17:26:03.133929,poly_updown_btc_5m_momo_v2_SELL_f7,True,btc_5m_momo_v2_SELL,BTC,5m,UP,0x9a4e65ffbb64ba76e18b0db2263f7b8ca1fafc23b4741d9baac02744ec1efac7,False,-24.999984,Down,0.48,v2,SELL,btc_5m_v2,2,True,2,True,2,True,2,True
1779384363133929,2026-05-21 17:26:03.133929,poly_updown_btc_5m_momo_v2_SELL_f7,True,btc_5m_momo_v2_SELL,BTC,5m,UP,0x9a4e65ffbb64ba76e18b0db2263f7b8ca1fafc23b4741d9baac02744ec1efac7,False,-24.999984,Down,0.48,v2,SELL,btc_5m_v2,2,True,2,True,2,True,2,True
1779384363133929,2026-05-21 17:26:03.133929,poly_updown_btc_5m_momo_v2_SELL_f7,True,btc_5m_momo_v2_SELL,BTC,5m,UP,0x9a4e65ffbb64ba76e18b0db2263f7b8ca1fafc23b4741d9baac02744ec1efac7,False,-24.999984,Down,0.48,v2,SELL,btc_5m_v2,2,True,2,True,2,True,2,True
1779384363133929,2026-05-21 17:26:03.133929,poly_updown_btc_5m_momo_v2_SELL_f7,True,btc_5m_momo_v2_SELL,BTC,5m,UP,0x9a4e65ffbb64ba76e18b0db2263f7b8ca1fafc23b4741d9baac02744ec1efac7,False,-24.999984,Down,0.48,v2,SELL,btc_5m_v2,2,True,2,True,2,True,2,True
1779384369889993,2026-05-21 17:26:09.889993,poly_updown_btc_5m_momo_v2_SELL_f7,True,btc_5m_momo_v2_SELL,BTC,5m,UP,0x9a4e65ffbb64ba76e18b0db2263f7b8ca1fafc23b4741d9baac02744ec1efac7,False,-24.999984,Down,0.48,v2,SELL,btc_5m_v2,2,True,2,True,2,True,2,True
1779384369889993,2026-05-21 17:26:09.889993,poly_updown_btc_5m_momo_v2_SELL_f7,True,btc_5m_momo_v2_SELL,BTC,5m,UP,0x9a4e65ffbb64ba76e18b0db2263f7b8ca1fafc23b4741d9baac02744ec1efac7,False,-24.999984,Down,0.48,v2,SELL,btc_5m_v2,2,True,2,True,2,True,2,True
1779384369889993,2026-05-21 17:26:09.889993,poly_updown_btc_5m_momo_v2_SELL_f7,True,btc_5m_momo_v2_SELL,BTC,5m,UP,0x9a4e65ffbb64ba76e18b0db2263f7b8ca1fafc23b4741d9baac02744ec1efac7,False,-24.999984,Down,0.48,v2,SELL,btc_5m_v2,2,True,2,True,2,True,2,True
1779384369889993,2026-05-21 17:26:09.889993,poly_updown_btc_5m_momo_v2_SELL_f7,True,btc_5m_momo_v2_SELL,BTC,5m,UP,0x9a4e65ffbb64ba76e18b0db2263f7b8ca1fafc23b4741d9baac02744ec1efac7,False,-24.999984,Down,0.48,v2,SELL,btc_5m_v2,2,True,2,True,2,True,2,True
1779384369890074,2026-05-21 17:26:09.890074,poly_updown_btc_5m_momo_v2_HOLD_f7,True,btc_5m_momo_v2_HOLD,BTC,5m,UP,0x9a4e65ffbb64ba76e18b0db2263f7b8ca1fafc23b4741d9baac02744ec1efac7,False,-24.999984,Down,0.48,v2,HOLD,btc_5m_v2,2,True,2,True,2,True,2,True
1779384369890074,2026-05-21 17:26:09.890074,poly_updown_btc_5m_momo_v2_HOLD_f7,True,btc_5m_momo_v2_HOLD,BTC,5m,UP,0x9a4e65ffbb64ba76e18b0db2263f7b8ca1fafc23b4741d9baac02744ec1efac7,False,-24.999984,Down,0.48,v2,HOLD,btc_5m_v2,2,True,2,True,2,True,2,True
1779384369890074,2026-05-21 17:26:09.890074,poly_updown_btc_5m_momo_v2_HOLD_f7,True,btc_5m_momo_v2_HOLD,BTC,5m,UP,0x9a4e65ffbb64ba76e18b0db2263f7b8ca1fafc23b4741d9baac02744ec1efac7,False,-24.999984,Down,0.48,v2,HOLD,btc_5m_v2,2,True,2,True,2,True,2,True
1779384369890074,2026-05-21 17:26:09.890074,poly_updown_btc_5m_momo_v2_HOLD_f7,True,btc_5m_momo_v2_HOLD,BTC,5m,UP,0x9a4e65ffbb64ba76e18b0db2263f7b8ca1fafc23b4741d9baac02744ec1efac7,False,-24.999984,Down,0.48,v2,HOLD,btc_5m_v2,2,True,2,True,2,True,2,True
1779384369896710,2026-05-21 17:26:09.896710,poly_updown_btc_5m_momo_v2_HEDGE_f7,True,btc_5m_momo_v2_HEDGE,BTC,5m,UP,0x9a4e65ffbb64ba76e18b0db2263f7b8ca1fafc23b4741d9baac02744ec1efac7,False,-24.999984,Down,0.48,v2,HEDGE,btc_5m_v2,2,True,2,True,2,True,2,True
1779384369896710,2026-05-21 17:26:09.896710,poly_updown_btc_5m_momo_v2_HEDGE_f7,True,btc_5m_momo_v2_HEDGE,BTC,5m,UP,0x9a4e65ffbb64ba76e18b0db2263f7b8ca1fafc23b4741d9baac02744ec1efac7,False,-24.999984,Down,0.48,v2,HEDGE,btc_5m_v2,2,True,2,True,2,True,2,True
1779384369896710,2026-05-21 17:26:09.896710,poly_updown_btc_5m_momo_v2_HEDGE_f7,True,btc_5m_momo_v2_HEDGE,BTC,5m,UP,0x9a4e65ffbb64ba76e18b0db2263f7b8ca1fafc23b4741d9baac02744ec1efac7,False,-24.999984,Down,0.48,v2,HEDGE,btc_5m_v2,2,True,2,True,2,True,2,True
1779384369896710,2026-05-21 17:26:09.896710,poly_updown_btc_5m_momo_v2_HEDGE_f7,True,btc_5m_momo_v2_HEDGE,BTC,5m,UP,0x9a4e65ffbb64ba76e18b0db2263f7b8ca1fafc23b4741d9baac02744ec1efac7,False,-24.999984,Down,0.48,v2,HEDGE,btc_5m_v2,2,True,2,True,2,True,2,True
1779384606398780,2026-05-21 17:30:06.398780,poly_updown_sol_5m_sniper,False,sol_5m_sniper,SOL,5m,UP,0x62fd31ee4e130d7963b87a4bf1120b5154f8b70e111debd2fbdc5f79392049b7,False,-2.7285,Down,0.52497,v1,sniper,sol_5m_v1,2,True,2,True,2,True,2,True
1779384606398780,2026-05-21 17:30:06.398780,poly_updown_sol_5m_sniper,False,sol_5m_sniper,SOL,5m,UP,0x62fd31ee4e130d7963b87a4bf1120b5154f8b70e111debd2fbdc5f79392049b7,False,-2.7285,Down,0.52497,v1,sniper,sol_5m_v1,2,True,2,True,2,True,2,True
1779384606398780,2026-05-21 17:30:06.398780,poly_updown_sol_5m_sniper,False,sol_5m_sniper,SOL,5m,UP,0x62fd31ee4e130d7963b87a4bf1120b5154f8b70e111debd2fbdc5f79392049b7,False,-2.7285,Down,0.52497,v1,sniper,sol_5m_v1,2,True,2,True,2,True,2,True
1779384606398780,2026-05-21 17:30:06.398780,poly_updown_sol_5m_sniper,False,sol_5m_sniper,SOL,5m,UP,0x62fd31ee4e130d7963b87a4bf1120b5154f8b70e111debd2fbdc5f79392049b7,False,-2.7285,Down,0.52497,v1,sniper,sol_5m_v1,2,True,2,True,2,True,2,True
1779384606398780,2026-05-21 17:30:06.398780,poly_updown_sol_5m_sniper,False,sol_5m_sniper,SOL,5m,UP,0x62fd31ee4e130d7963b87a4bf1120b5154f8b70e111debd2fbdc5f79392049b7,False,-2.7285,Down,0.52497,v1,sniper,sol_5m_v1,2,True,2,True,2,True,2,True
1779384606398780,2026-05-21 17:30:06.398780,poly_updown_sol_5m_sniper,False,sol_5m_sniper,SOL,5m,UP,0x62fd31ee4e130d7963b87a4bf1120b5154f8b70e111debd2fbdc5f79392049b7,False,-2.7285,Down,0.52497,v1,sniper,sol_5m_v1,2,True,2,True,2,True,2,True
1779384606398780,2026-05-21 17:30:06.398780,poly_updown_sol_5m_sniper,False,sol_5m_sniper,SOL,5m,UP,0x62fd31ee4e130d7963b87a4bf1120b5154f8b70e111debd2fbdc5f79392049b7,False,-2.7285,Down,0.52497,v1,sniper,sol_5m_v1,2,True,2,True,2,True,2,True
1779384606398780,2026-05-21 17:30:06.398780,poly_updown_sol_5m_sniper,False,sol_5m_sniper,SOL,5m,UP,0x62fd31ee4e130d7963b87a4bf1120b5154f8b70e111debd2fbdc5f79392049b7,False,-2.7285,Down,0.52497,v1,sniper,sol_5m_v1,2,True,2,True,2,True,2,True
1779384606426084,2026-05-21 17:30:06.426084,poly_updown_btc_5m_sniper,False,btc_5m_sniper,BTC,5m,UP,0xb012003f7eb851a8514f01eaa6b70be8393096c2c87fe5061ce81e6c5ba5a01b,True,-2.05102008,Up,0.49,v1,sniper,btc_5m_v1,2,True,2,True,2,True,2,True
1779384606426084,2026-05-21 17:30:06.426084,poly_updown_btc_5m_sniper,False,btc_5m_sniper,BTC,5m,UP,0xb012003f7eb851a8514f01eaa6b70be8393096c2c87fe5061ce81e6c5ba5a01b,True,-2.05102008,Up,0.49,v1,sniper,btc_5m_v1,2,True,2,True,2,True,2,True
1779384606426084,2026-05-21 17:30:06.426084,poly_updown_btc_5m_sniper,False,btc_5m_sniper,BTC,5m,UP,0xb012003f7eb851a8514f01eaa6b70be8393096c2c87fe5061ce81e6c5ba5a01b,True,-2.05102008,Up,0.49,v1,sniper,btc_5m_v1,2,True,2,True,2,True,2,True
1779384606426084,2026-05-21 17:30:06.426084,poly_updown_btc_5m_sniper,False,btc_5m_sniper,BTC,5m,UP,0xb012003f7eb851a8514f01eaa6b70be8393096c2c87fe5061ce81e6c5ba5a01b,True,-2.05102008,Up,0.49,v1,sniper,btc_5m_v1,2,True,2,True,2,True,2,True
1779384606426084,2026-05-21 17:30:06.426084,poly_updown_btc_5m_sniper,False,btc_5m_sniper,BTC,5m,UP,0xb012003f7eb851a8514f01eaa6b70be8393096c2c87fe5061ce81e6c5ba5a01b,True,-2.05102008,Up,0.49,v1,sniper,btc_5m_v1,2,True,2,True,2,True,2,True
1779384606426084,2026-05-21 17:30:06.426084,poly_updown_btc_5m_sniper,False,btc_5m_sniper,BTC,5m,UP,0xb012003f7eb851a8514f01eaa6b70be8393096c2c87fe5061ce81e6c5ba5a01b,True,-2.05102008,Up,0.49,v1,sniper,btc_5m_v1,2,True,2,True,2,True,2,True
1779384606426084,2026-05-21 17:30:06.426084,poly_updown_btc_5m_sniper,False,btc_5m_sniper,BTC,5m,UP,0xb012003f7eb851a8514f01eaa6b70be8393096c2c87fe5061ce81e6c5ba5a01b,True,-2.05102008,Up,0.49,v1,sniper,btc_5m_v1,2,True,2,True,2,True,2,True
1779384606426084,2026-05-21 17:30:06.426084,poly_updown_btc_5m_sniper,False,btc_5m_sniper,BTC,5m,UP,0xb012003f7eb851a8514f01eaa6b70be8393096c2c87fe5061ce81e6c5ba5a01b,True,-2.05102008,Up,0.49,v1,sniper,btc_5m_v1,2,True,2,True,2,True,2,True
1779384606436576,2026-05-21 17:30:06.436576,poly_updown_sol_5m_sniper_INV,False,sol_5m_sniper_INV,SOL,5m,DOWN,0x62fd31ee4e130d7963b87a4bf1120b5154f8b70e111debd2fbdc5f79392049b7,True,21.54726784,Down,0.5338753185300764,v1,INV,sol_5m_v1,2,False,2,False,2,False,2,False
1779384606436576,2026-05-21 17:30:06.436576,poly_updown_sol_5m_sniper_INV,False,sol_5m_sniper_INV,SOL,5m,DOWN,0x62fd31ee4e130d7963b87a4bf1120b5154f8b70e111debd2fbdc5f79392049b7,True,21.54726784,Down,0.5338753185300764,v1,INV,sol_5m_v1,2,False,2,False,2,False,2,False
1779384606436576,2026-05-21 17:30:06.436576,poly_updown_sol_5m_sniper_INV,False,sol_5m_sniper_INV,SOL,5m,DOWN,0x62fd31ee4e130d7963b87a4bf1120b5154f8b70e111debd2fbdc5f79392049b7,True,21.54726784,Down,0.5338753185300764,v1,INV,sol_5m_v1,2,False,2,False,2,False,2,False
1779384606436576,2026-05-21 17:30:06.436576,poly_updown_sol_5m_sniper_INV,False,sol_5m_sniper_INV,SOL,5m,DOWN,0x62fd31ee4e130d7963b87a4bf1120b5154f8b70e111debd2fbdc5f79392049b7,True,21.54726784,Down,0.5338753185300764,v1,INV,sol_5m_v1,2,False,2,False,2,False,2,False
1779384607503574,2026-05-21 17:30:07.503574,poly_updown_sol_5m_sniper,False,sol_5m_sniper,SOL,5m,UP,0x62fd31ee4e130d7963b87a4bf1120b5154f8b70e111debd2fbdc5f79392049b7,False,-2.7285,Down,0.52497,v1,sniper,sol_5m_v1,2,True,2,True,2,True,2,True
1779384607503574,2026-05-21 17:30:07.503574,poly_updown_sol_5m_sniper,False,sol_5m_sniper,SOL,5m,UP,0x62fd31ee4e130d7963b87a4bf1120b5154f8b70e111debd2fbdc5f79392049b7,False,-2.7285,Down,0.52497,v1,sniper,sol_5m_v1,2,True,2,True,2,True,2,True
1779384607503574,2026-05-21 17:30:07.503574,poly_updown_sol_5m_sniper,False,sol_5m_sniper,SOL,5m,UP,0x62fd31ee4e130d7963b87a4bf1120b5154f8b70e111debd2fbdc5f79392049b7,False,-2.7285,Down,0.52497,v1,sniper,sol_5m_v1,2,True,2,True,2,True,2,True
1779384607503574,2026-05-21 17:30:07.503574,poly_updown_sol_5m_sniper,False,sol_5m_sniper,SOL,5m,UP,0x62fd31ee4e130d7963b87a4bf1120b5154f8b70e111debd2fbdc5f79392049b7,False,-2.7285,Down,0.52497,v1,sniper,sol_5m_v1,2,True,2,True,2,True,2,True
1779384607503574,2026-05-21 17:30:07.503574,poly_updown_sol_5m_sniper,False,sol_5m_sniper,SOL,5m,UP,0x62fd31ee4e130d7963b87a4bf1120b5154f8b70e111debd2fbdc5f79392049b7,False,-2.7285,Down,0.52497,v1,sniper,sol_5m_v1,2,True,2,True,2,True,2,True
1779384607503574,2026-05-21 17:30:07.503574,poly_updown_sol_5m_sniper,False,sol_5m_sniper,SOL,5m,UP,0x62fd31ee4e130d7963b87a4bf1120b5154f8b70e111debd2fbdc5f79392049b7,False,-2.7285,Down,0.52497,v1,sniper,sol_5m_v1,2,True,2,True,2,True,2,True
1779384607503574,2026-05-21 17:30:07.503574,poly_updown_sol_5m_sniper,False,sol_5m_sniper,SOL,5m,UP,0x62fd31ee4e130d7963b87a4bf1120b5154f8b70e111debd2fbdc5f79392049b7,False,-2.7285,Down,0.52497,v1,sniper,sol_5m_v1,2,True,2,True,2,True,2,True
1779384607503574,2026-05-21 17:30:07.503574,poly_updown_sol_5m_sniper,False,sol_5m_sniper,SOL,5m,UP,0x62fd31ee4e130d7963b87a4bf1120b5154f8b70e111debd2fbdc5f79392049b7,False,-2.7285,Down,0.52497,v1,sniper,sol_5m_v1,2,True,2,True,2,True,2,True
1779384607515671,2026-05-21 17:30:07.515671,poly_updown_sol_5m_sniper_INV,False,sol_5m_sniper_INV,SOL,5m,DOWN,0x62fd31ee4e130d7963b87a4bf1120b5154f8b70e111debd2fbdc5f79392049b7,True,21.54726784,Down,0.5338753185300764,v1,INV,sol_5m_v1,2,False,2,False,2,False,2,False
1779384607515671,2026-05-21 17:30:07.515671,poly_updown_sol_5m_sniper_INV,False,sol_5m_sniper_INV,SOL,5m,DOWN,0x62fd31ee4e130d7963b87a4bf1120b5154f8b70e111debd2fbdc5f79392049b7,True,21.54726784,Down,0.5338753185300764,v1,INV,sol_5m_v1,2,False,2,False,2,False,2,False
1779384607515671,2026-05-21 17:30:07.515671,poly_updown_sol_5m_sniper_INV,False,sol_5m_sniper_INV,SOL,5m,DOWN,0x62fd31ee4e130d7963b87a4bf1120b5154f8b70e111debd2fbdc5f79392049b7,True,21.54726784,Down,0.5338753185300764,v1,INV,sol_5m_v1,2,False,2,False,2,False,2,False
1779384607515671,2026-05-21 17:30:07.515671,poly_updown_sol_5m_sniper_INV,False,sol_5m_sniper_INV,SOL,5m,DOWN,0x62fd31ee4e130d7963b87a4bf1120b5154f8b70e111debd2fbdc5f79392049b7,True,21.54726784,Down,0.5338753185300764,v1,INV,sol_5m_v1,2,False,2,False,2,False,2,False
1779384607529400,2026-05-21 17:30:07.529400,poly_updown_btc_5m_sniper,False,btc_5m_sniper,BTC,5m,UP,0xb012003f7eb851a8514f01eaa6b70be8393096c2c87fe5061ce81e6c5ba5a01b,True,-2.05102008,Up,0.49,v1,sniper,btc_5m_v1,2,True,2,True,2,True,2,True
1779384607529400,2026-05-21 17:30:07.529400,poly_updown_btc_5m_sniper,False,btc_5m_sniper,BTC,5m,UP,0xb012003f7eb851a8514f01eaa6b70be8393096c2c87fe5061ce81e6c5ba5a01b,True,-2.05102008,Up,0.49,v1,sniper,btc_5m_v1,2,True,2,True,2,True,2,True
1779384607529400,2026-05-21 17:30:07.529400,poly_updown_btc_5m_sniper,False,btc_5m_sniper,BTC,5m,UP,0xb012003f7eb851a8514f01eaa6b70be8393096c2c87fe5061ce81e6c5ba5a01b,True,-2.05102008,Up,0.49,v1,sniper,btc_5m_v1,2,True,2,True,2,True,2,True
1779384607529400,2026-05-21 17:30:07.529400,poly_updown_btc_5m_sniper,False,btc_5m_sniper,BTC,5m,UP,0xb012003f7eb851a8514f01eaa6b70be8393096c2c87fe5061ce81e6c5ba5a01b,True,-2.05102008,Up,0.49,v1,sniper,btc_5m_v1,2,True,2,True,2,True,2,True
1779384607529400,2026-05-21 17:30:07.529400,poly_updown_btc_5m_sniper,False,btc_5m_sniper,BTC,5m,UP,0xb012003f7eb851a8514f01eaa6b70be8393096c2c87fe5061ce81e6c5ba5a01b,True,-2.05102008,Up,0.49,v1,sniper,btc_5m_v1,2,True,2,True,2,True,2,True
1779384607529400,2026-05-21 17:30:07.529400,poly_updown_btc_5m_sniper,False,btc_5m_sniper,BTC,5m,UP,0xb012003f7eb851a8514f01eaa6b70be8393096c2c87fe5061ce81e6c5ba5a01b,True,-2.05102008,Up,0.49,v1,sniper,btc_5m_v1,2,True,2,True,2,True,2,True
1779384607529400,2026-05-21 17:30:07.529400,poly_updown_btc_5m_sniper,False,btc_5m_sniper,BTC,5m,UP,0xb012003f7eb851a8514f01eaa6b70be8393096c2c87fe5061ce81e6c5ba5a01b,True,-2.05102008,Up,0.49,v1,sniper,btc_5m_v1,2,True,2,True,2,True,2,True
1779384607529400,2026-05-21 17:30:07.529400,poly_updown_btc_5m_sniper,False,btc_5m_sniper,BTC,5m,UP,0xb012003f7eb851a8514f01eaa6b70be8393096c2c87fe5061ce81e6c5ba5a01b,True,-2.05102008,Up,0.49,v1,sniper,btc_5m_v1,2,True,2,True,2,True,2,True
1779384607734061,2026-05-21 17:30:07.734061,poly_updown_btc_15m_sniper,False,btc_15m_sniper,BTC,15m,UP,0xbf5e3b7df4ae13523fd7d6bc4c07d6f7c913d43743216eed2f3e5d105c9a129f,False,-24.999984,Down,0.48,v1,sniper,btc_15m_v1,2,True,2,True,2,True,2,True
1779384607734061,2026-05-21 17:30:07.734061,poly_updown_btc_15m_sniper,False,btc_15m_sniper,BTC,15m,UP,0xbf5e3b7df4ae13523fd7d6bc4c07d6f7c913d43743216eed2f3e5d105c9a129f,False,-24.999984,Down,0.48,v1,sniper,btc_15m_v1,2,True,2,True,2,True,2,True
1779384607734061,2026-05-21 17:30:07.734061,poly_updown_btc_15m_sniper,False,btc_15m_sniper,BTC,15m,UP,0xbf5e3b7df4ae13523fd7d6bc4c07d6f7c913d43743216eed2f3e5d105c9a129f,False,-24.999984,Down,0.48,v1,sniper,btc_15m_v1,2,True,2,True,2,True,2,True
1779384607734061,2026-05-21 17:30:07.734061,poly_updown_btc_15m_sniper,False,btc_15m_sniper,BTC,15m,UP,0xbf5e3b7df4ae13523fd7d6bc4c07d6f7c913d43743216eed2f3e5d105c9a129f,False,-24.999984,Down,0.48,v1,sniper,btc_15m_v1,2,True,2,True,2,True,2,True
1779384607812082,2026-05-21 17:30:07.812082,poly_updown_sol_15m_sniper,False,sol_15m_sniper,SOL,15m,UP,0x17df6c7409adcb573038a158a3932041913b9952b1d220eecbaf30f02ad52ca7,True,24.47999624,Up,0.5103999968639994,v1,sniper,sol_15m_v1,2,True,2,True,2,True,2,True
1779384607812082,2026-05-21 17:30:07.812082,poly_updown_sol_15m_sniper,False,sol_15m_sniper,SOL,15m,UP,0x17df6c7409adcb573038a158a3932041913b9952b1d220eecbaf30f02ad52ca7,True,24.47999624,Up,0.5103999968639994,v1,sniper,sol_15m_v1,2,True,2,True,2,True,2,True
1779384607812082,2026-05-21 17:30:07.812082,poly_updown_sol_15m_sniper,False,sol_15m_sniper,SOL,15m,UP,0x17df6c7409adcb573038a158a3932041913b9952b1d220eecbaf30f02ad52ca7,True,24.47999624,Up,0.5103999968639994,v1,sniper,sol_15m_v1,2,True,2,True,2,True,2,True
1779384607812082,2026-05-21 17:30:07.812082,poly_updown_sol_15m_sniper,False,sol_15m_sniper,SOL,15m,UP,0x17df6c7409adcb573038a158a3932041913b9952b1d220eecbaf30f02ad52ca7,True,24.47999624,Up,0.5103999968639994,v1,sniper,sol_15m_v1,2,True,2,True,2,True,2,True
1779384608274739,2026-05-21 17:30:08.274739,poly_updown_btc_15m_sniper,False,btc_15m_sniper,BTC,15m,UP,0xbf5e3b7df4ae13523fd7d6bc4c07d6f7c913d43743216eed2f3e5d105c9a129f,False,-24.999984,Down,0.48,v1,sniper,btc_15m_v1,2,True,2,True,2,True,2,True
1779384608274739,2026-05-21 17:30:08.274739,poly_updown_btc_15m_sniper,False,btc_15m_sniper,BTC,15m,UP,0xbf5e3b7df4ae13523fd7d6bc4c07d6f7c913d43743216eed2f3e5d105c9a129f,False,-24.999984,Down,0.48,v1,sniper,btc_15m_v1,2,True,2,True,2,True,2,True
1779384608274739,2026-05-21 17:30:08.274739,poly_updown_btc_15m_sniper,False,btc_15m_sniper,BTC,15m,UP,0xbf5e3b7df4ae13523fd7d6bc4c07d6f7c913d43743216eed2f3e5d105c9a129f,False,-24.999984,Down,0.48,v1,sniper,btc_15m_v1,2,True,2,True,2,True,2,True
1779384608274739,2026-05-21 17:30:08.274739,poly_updown_btc_15m_sniper,False,btc_15m_sniper,BTC,15m,UP,0xbf5e3b7df4ae13523fd7d6bc4c07d6f7c913d43743216eed2f3e5d105c9a129f,False,-24.999984,Down,0.48,v1,sniper,btc_15m_v1,2,True,2,True,2,True,2,True
1779384608299256,2026-05-21 17:30:08.299256,poly_updown_sol_15m_sniper,False,sol_15m_sniper,SOL,15m,UP,0x17df6c7409adcb573038a158a3932041913b9952b1d220eecbaf30f02ad52ca7,True,24.47999624,Up,0.5103999968639994,v1,sniper,sol_15m_v1,2,True,2,True,2,True,2,True
1779384608299256,2026-05-21 17:30:08.299256,poly_updown_sol_15m_sniper,False,sol_15m_sniper,SOL,15m,UP,0x17df6c7409adcb573038a158a3932041913b9952b1d220eecbaf30f02ad52ca7,True,24.47999624,Up,0.5103999968639994,v1,sniper,sol_15m_v1,2,True,2,True,2,True,2,True
1779384608299256,2026-05-21 17:30:08.299256,poly_updown_sol_15m_sniper,False,sol_15m_sniper,SOL,15m,UP,0x17df6c7409adcb573038a158a3932041913b9952b1d220eecbaf30f02ad52ca7,True,24.47999624,Up,0.5103999968639994,v1,sniper,sol_15m_v1,2,True,2,True,2,True,2,True
1779384608299256,2026-05-21 17:30:08.299256,poly_updown_sol_15m_sniper,False,sol_15m_sniper,SOL,15m,UP,0x17df6c7409adcb573038a158a3932041913b9952b1d220eecbaf30f02ad52ca7,True,24.47999624,Up,0.5103999968639994,v1,sniper,sol_15m_v1,2,True,2,True,2,True,2,True
1779384721284883,2026-05-21 17:32:01.284883,poly_updown_eth_5m_momo_SELL_f7,True,eth_5m_momo_SELL,ETH,5m,UP,0x3662923e6d42a58fc8256e02069072dd8e10b7504e6cc2b7185419b8583d0a51,False,-1.562499,exited_at_bid,0.48,v1,SELL,eth_5m_v1,2,True,2,True,2,True,1,False
1779384721284883,2026-05-21 17:32:01.284883,poly_updown_eth_5m_momo_SELL_f7,True,eth_5m_momo_SELL,ETH,5m,UP,0x3662923e6d42a58fc8256e02069072dd8e10b7504e6cc2b7185419b8583d0a51,False,-1.562499,exited_at_bid,0.48,v1,SELL,eth_5m_v1,2,True,2,True,2,True,1,False
1779384721284883,2026-05-21 17:32:01.284883,poly_updown_eth_5m_momo_SELL_f7,True,eth_5m_momo_SELL,ETH,5m,UP,0x3662923e6d42a58fc8256e02069072dd8e10b7504e6cc2b7185419b8583d0a51,False,-1.562499,exited_at_bid,0.48,v1,SELL,eth_5m_v1,2,True,2,True,2,True,1,False
1779384721284883,2026-05-21 17:32:01.284883,poly_updown_eth_5m_momo_SELL_f7,True,eth_5m_momo_SELL,ETH,5m,UP,0x3662923e6d42a58fc8256e02069072dd8e10b7504e6cc2b7185419b8583d0a51,False,-1.562499,exited_at_bid,0.48,v1,SELL,eth_5m_v1,2,True,2,True,2,True,1,False
1779384721286077,2026-05-21 17:32:01.286077,poly_updown_eth_5m_momo_HEDGE_f7,True,eth_5m_momo_HEDGE,ETH,5m,UP,0x3662923e6d42a58fc8256e02069072dd8e10b7504e6cc2b7185419b8583d0a51,False,-2.0312487,Down,0.48,v1,HEDGE,eth_5m_v1,2,True,2,True,2,True,1,False
1779384721286077,2026-05-21 17:32:01.286077,poly_updown_eth_5m_momo_HEDGE_f7,True,eth_5m_momo_HEDGE,ETH,5m,UP,0x3662923e6d42a58fc8256e02069072dd8e10b7504e6cc2b7185419b8583d0a51,False,-2.0312487,Down,0.48,v1,HEDGE,eth_5m_v1,2,True,2,True,2,True,1,False
1779384721286077,2026-05-21 17:32:01.286077,poly_updown_eth_5m_momo_HEDGE_f7,True,eth_5m_momo_HEDGE,ETH,5m,UP,0x3662923e6d42a58fc8256e02069072dd8e10b7504e6cc2b7185419b8583d0a51,False,-2.0312487,Down,0.48,v1,HEDGE,eth_5m_v1,2,True,2,True,2,True,1,False
1779384721286077,2026-05-21 17:32:01.286077,poly_updown_eth_5m_momo_HEDGE_f7,True,eth_5m_momo_HEDGE,ETH,5m,UP,0x3662923e6d42a58fc8256e02069072dd8e10b7504e6cc2b7185419b8583d0a51,False,-2.0312487,Down,0.48,v1,HEDGE,eth_5m_v1,2,True,2,True,2,True,1,False
1779384721286077,2026-05-21 17:32:01.286077,poly_updown_eth_5m_momo_HEDGE_f7,True,eth_5m_momo_HEDGE,ETH,5m,UP,0x3662923e6d42a58fc8256e02069072dd8e10b7504e6cc2b7185419b8583d0a51,False,-2.0312487,Down,0.48,v1,HEDGE,eth_5m_v1,2,True,2,True,2,True,1,False
1779384721286077,2026-05-21 17:32:01.286077,poly_updown_eth_5m_momo_HEDGE_f7,True,eth_5m_momo_HEDGE,ETH,5m,UP,0x3662923e6d42a58fc8256e02069072dd8e10b7504e6cc2b7185419b8583d0a51,False,-2.0312487,Down,0.48,v1,HEDGE,eth_5m_v1,2,True,2,True,2,True,1,False
1779384721286077,2026-05-21 17:32:01.286077,poly_updown_eth_5m_momo_HEDGE_f7,True,eth_5m_momo_HEDGE,ETH,5m,UP,0x3662923e6d42a58fc8256e02069072dd8e10b7504e6cc2b7185419b8583d0a51,False,-2.0312487,Down,0.48,v1,HEDGE,eth_5m_v1,2,True,2,True,2,True,1,False
1779384721286077,2026-05-21 17:32:01.286077,poly_updown_eth_5m_momo_HEDGE_f7,True,eth_5m_momo_HEDGE,ETH,5m,UP,0x3662923e6d42a58fc8256e02069072dd8e10b7504e6cc2b7185419b8583d0a51,False,-2.0312487,Down,0.48,v1,HEDGE,eth_5m_v1,2,True,2,True,2,True,1,False
1779384721296252,2026-05-21 17:32:01.296252,poly_updown_eth_5m_momo_HOLD_f7,True,eth_5m_momo_HOLD,ETH,5m,UP,0x3662923e6d42a58fc8256e02069072dd8e10b7504e6cc2b7185419b8583d0a51,False,-24.999984,Down,0.48,v1,HOLD,eth_5m_v1,2,True,2,True,2,True,1,False
1779384721296252,2026-05-21 17:32:01.296252,poly_updown_eth_5m_momo_HOLD_f7,True,eth_5m_momo_HOLD,ETH,5m,UP,0x3662923e6d42a58fc8256e02069072dd8e10b7504e6cc2b7185419b8583d0a51,False,-24.999984,Down,0.48,v1,HOLD,eth_5m_v1,2,True,2,True,2,True,1,False
1779384721296252,2026-05-21 17:32:01.296252,poly_updown_eth_5m_momo_HOLD_f7,True,eth_5m_momo_HOLD,ETH,5m,UP,0x3662923e6d42a58fc8256e02069072dd8e10b7504e6cc2b7185419b8583d0a51,False,-24.999984,Down,0.48,v1,HOLD,eth_5m_v1,2,True,2,True,2,True,1,False
1779384721296252,2026-05-21 17:32:01.296252,poly_updown_eth_5m_momo_HOLD_f7,True,eth_5m_momo_HOLD,ETH,5m,UP,0x3662923e6d42a58fc8256e02069072dd8e10b7504e6cc2b7185419b8583d0a51,False,-24.999984,Down,0.48,v1,HOLD,eth_5m_v1,2,True,2,True,2,True,1,False
1779384721464381,2026-05-21 17:32:01.464381,poly_updown_eth_5m_momo_SELL_f7,True,eth_5m_momo_SELL,ETH,5m,UP,0x3662923e6d42a58fc8256e02069072dd8e10b7504e6cc2b7185419b8583d0a51,False,-1.562499,exited_at_bid,0.48,v1,SELL,eth_5m_v1,2,True,2,True,2,True,1,False
1779384721464381,2026-05-21 17:32:01.464381,poly_updown_eth_5m_momo_SELL_f7,True,eth_5m_momo_SELL,ETH,5m,UP,0x3662923e6d42a58fc8256e02069072dd8e10b7504e6cc2b7185419b8583d0a51,False,-1.562499,exited_at_bid,0.48,v1,SELL,eth_5m_v1,2,True,2,True,2,True,1,False
1779384721464381,2026-05-21 17:32:01.464381,poly_updown_eth_5m_momo_SELL_f7,True,eth_5m_momo_SELL,ETH,5m,UP,0x3662923e6d42a58fc8256e02069072dd8e10b7504e6cc2b7185419b8583d0a51,False,-1.562499,exited_at_bid,0.48,v1,SELL,eth_5m_v1,2,True,2,True,2,True,1,False
1779384721464381,2026-05-21 17:32:01.464381,poly_updown_eth_5m_momo_SELL_f7,True,eth_5m_momo_SELL,ETH,5m,UP,0x3662923e6d42a58fc8256e02069072dd8e10b7504e6cc2b7185419b8583d0a51,False,-1.562499,exited_at_bid,0.48,v1,SELL,eth_5m_v1,2,True,2,True,2,True,1,False
1779384721547325,2026-05-21 17:32:01.547325,poly_updown_eth_5m_momo_HEDGE_f7,True,eth_5m_momo_HEDGE,ETH,5m,UP,0x3662923e6d42a58fc8256e02069072dd8e10b7504e6cc2b7185419b8583d0a51,False,-2.0312487,Down,0.48,v1,HEDGE,eth_5m_v1,2,True,2,True,2,True,1,False
1779384721547325,2026-05-21 17:32:01.547325,poly_updown_eth_5m_momo_HEDGE_f7,True,eth_5m_momo_HEDGE,ETH,5m,UP,0x3662923e6d42a58fc8256e02069072dd8e10b7504e6cc2b7185419b8583d0a51,False,-2.0312487,Down,0.48,v1,HEDGE,eth_5m_v1,2,True,2,True,2,True,1,False
1779384721547325,2026-05-21 17:32:01.547325,poly_updown_eth_5m_momo_HEDGE_f7,True,eth_5m_momo_HEDGE,ETH,5m,UP,0x3662923e6d42a58fc8256e02069072dd8e10b7504e6cc2b7185419b8583d0a51,False,-2.0312487,Down,0.48,v1,HEDGE,eth_5m_v1,2,True,2,True,2,True,1,False
1779384721547325,2026-05-21 17:32:01.547325,poly_updown_eth_5m_momo_HEDGE_f7,True,eth_5m_momo_HEDGE,ETH,5m,UP,0x3662923e6d42a58fc8256e02069072dd8e10b7504e6cc2b7185419b8583d0a51,False,-2.0312487,Down,0.48,v1,HEDGE,eth_5m_v1,2,True,2,True,2,True,1,False
1779384721547325,2026-05-21 17:32:01.547325,poly_updown_eth_5m_momo_HEDGE_f7,True,eth_5m_momo_HEDGE,ETH,5m,UP,0x3662923e6d42a58fc8256e02069072dd8e10b7504e6cc2b7185419b8583d0a51,False,-2.0312487,Down,0.48,v1,HEDGE,eth_5m_v1,2,True,2,True,2,True,1,False
1779384721547325,2026-05-21 17:32:01.547325,poly_updown_eth_5m_momo_HEDGE_f7,True,eth_5m_momo_HEDGE,ETH,5m,UP,0x3662923e6d42a58fc8256e02069072dd8e10b7504e6cc2b7185419b8583d0a51,False,-2.0312487,Down,0.48,v1,HEDGE,eth_5m_v1,2,True,2,True,2,True,1,False
1779384721547325,2026-05-21 17:32:01.547325,poly_updown_eth_5m_momo_HEDGE_f7,True,eth_5m_momo_HEDGE,ETH,5m,UP,0x3662923e6d42a58fc8256e02069072dd8e10b7504e6cc2b7185419b8583d0a51,False,-2.0312487,Down,0.48,v1,HEDGE,eth_5m_v1,2,True,2,True,2,True,1,False
1779384721547325,2026-05-21 17:32:01.547325,poly_updown_eth_5m_momo_HEDGE_f7,True,eth_5m_momo_HEDGE,ETH,5m,UP,0x3662923e6d42a58fc8256e02069072dd8e10b7504e6cc2b7185419b8583d0a51,False,-2.0312487,Down,0.48,v1,HEDGE,eth_5m_v1,2,True,2,True,2,True,1,False
1779384721590597,2026-05-21 17:32:01.590597,poly_updown_eth_5m_momo_HOLD_f7,True,eth_5m_momo_HOLD,ETH,5m,UP,0x3662923e6d42a58fc8256e02069072dd8e10b7504e6cc2b7185419b8583d0a51,False,-24.999984,Down,0.48,v1,HOLD,eth_5m_v1,2,True,2,True,2,True,1,False
1779384721590597,2026-05-21 17:32:01.590597,poly_updown_eth_5m_momo_HOLD_f7,True,eth_5m_momo_HOLD,ETH,5m,UP,0x3662923e6d42a58fc8256e02069072dd8e10b7504e6cc2b7185419b8583d0a51,False,-24.999984,Down,0.48,v1,HOLD,eth_5m_v1,2,True,2,True,2,True,1,False
1779384721590597,2026-05-21 17:32:01.590597,poly_updown_eth_5m_momo_HOLD_f7,True,eth_5m_momo_HOLD,ETH,5m,UP,0x3662923e6d42a58fc8256e02069072dd8e10b7504e6cc2b7185419b8583d0a51,False,-24.999984,Down,0.48,v1,HOLD,eth_5m_v1,2,True,2,True,2,True,1,False
1779384721590597,2026-05-21 17:32:01.590597,poly_updown_eth_5m_momo_HOLD_f7,True,eth_5m_momo_HOLD,ETH,5m,UP,0x3662923e6d42a58fc8256e02069072dd8e10b7504e6cc2b7185419b8583d0a51,False,-24.999984,Down,0.48,v1,HOLD,eth_5m_v1,2,True,2,True,2,True,1,False
1779384969046308,2026-05-21 17:36:09.046308,poly_updown_btc_5m_momo_v2_HOLD_f7,True,btc_5m_momo_v2_HOLD,BTC,5m,UP,0xad3b9492ddeddae9421ff3774e6f084b5cbb74c1daae555d2b82408e53cf033d,False,-24.999984,Down,0.48,v2,HOLD,btc_5m_v2,2,True,2,True,2,True,2,True
1779384969046308,2026-05-21 17:36:09.046308,poly_updown_btc_5m_momo_v2_HOLD_f7,True,btc_5m_momo_v2_HOLD,BTC,5m,UP,0xad3b9492ddeddae9421ff3774e6f084b5cbb74c1daae555d2b82408e53cf033d,False,-24.999984,Down,0.48,v2,HOLD,btc_5m_v2,2,True,2,True,2,True,2,True
1779384969046308,2026-05-21 17:36:09.046308,poly_updown_btc_5m_momo_v2_HOLD_f7,True,btc_5m_momo_v2_HOLD,BTC,5m,UP,0xad3b9492ddeddae9421ff3774e6f084b5cbb74c1daae555d2b82408e53cf033d,False,-24.999984,Down,0.48,v2,HOLD,btc_5m_v2,2,True,2,True,2,True,2,True
1779384969046308,2026-05-21 17:36:09.046308,poly_updown_btc_5m_momo_v2_HOLD_f7,True,btc_5m_momo_v2_HOLD,BTC,5m,UP,0xad3b9492ddeddae9421ff3774e6f084b5cbb74c1daae555d2b82408e53cf033d,False,-24.999984,Down,0.48,v2,HOLD,btc_5m_v2,2,True,2,True,2,True,2,True
1779384969053289,2026-05-21 17:36:09.053289,poly_updown_btc_5m_momo_v2_HEDGE_f7,True,btc_5m_momo_v2_HEDGE,BTC,5m,UP,0xad3b9492ddeddae9421ff3774e6f084b5cbb74c1daae555d2b82408e53cf033d,False,-24.999984,Down,0.48,v2,HEDGE,btc_5m_v2,2,True,2,True,2,True,2,True
1779384969053289,2026-05-21 17:36:09.053289,poly_updown_btc_5m_momo_v2_HEDGE_f7,True,btc_5m_momo_v2_HEDGE,BTC,5m,UP,0xad3b9492ddeddae9421ff3774e6f084b5cbb74c1daae555d2b82408e53cf033d,False,-24.999984,Down,0.48,v2,HEDGE,btc_5m_v2,2,True,2,True,2,True,2,True
1779384969053289,2026-05-21 17:36:09.053289,poly_updown_btc_5m_momo_v2_HEDGE_f7,True,btc_5m_momo_v2_HEDGE,BTC,5m,UP,0xad3b9492ddeddae9421ff3774e6f084b5cbb74c1daae555d2b82408e53cf033d,False,-24.999984,Down,0.48,v2,HEDGE,btc_5m_v2,2,True,2,True,2,True,2,True
1779384969053289,2026-05-21 17:36:09.053289,poly_updown_btc_5m_momo_v2_HEDGE_f7,True,btc_5m_momo_v2_HEDGE,BTC,5m,UP,0xad3b9492ddeddae9421ff3774e6f084b5cbb74c1daae555d2b82408e53cf033d,False,-24.999984,Down,0.48,v2,HEDGE,btc_5m_v2,2,True,2,True,2,True,2,True
1779384969055042,2026-05-21 17:36:09.055042,poly_updown_btc_5m_momo_v2_SELL_f7,True,btc_5m_momo_v2_SELL,BTC,5m,UP,0xad3b9492ddeddae9421ff3774e6f084b5cbb74c1daae555d2b82408e53cf033d,False,-24.999984,Down,0.48,v2,SELL,btc_5m_v2,2,True,2,True,2,True,2,True
1779384969055042,2026-05-21 17:36:09.055042,poly_updown_btc_5m_momo_v2_SELL_f7,True,btc_5m_momo_v2_SELL,BTC,5m,UP,0xad3b9492ddeddae9421ff3774e6f084b5cbb74c1daae555d2b82408e53cf033d,False,-24.999984,Down,0.48,v2,SELL,btc_5m_v2,2,True,2,True,2,True,2,True
1779384969055042,2026-05-21 17:36:09.055042,poly_updown_btc_5m_momo_v2_SELL_f7,True,btc_5m_momo_v2_SELL,BTC,5m,UP,0xad3b9492ddeddae9421ff3774e6f084b5cbb74c1daae555d2b82408e53cf033d,False,-24.999984,Down,0.48,v2,SELL,btc_5m_v2,2,True,2,True,2,True,2,True
1779384969055042,2026-05-21 17:36:09.055042,poly_updown_btc_5m_momo_v2_SELL_f7,True,btc_5m_momo_v2_SELL,BTC,5m,UP,0xad3b9492ddeddae9421ff3774e6f084b5cbb74c1daae555d2b82408e53cf033d,False,-24.999984,Down,0.48,v2,SELL,btc_5m_v2,2,True,2,True,2,True,2,True
1779384970064079,2026-05-21 17:36:10.064079,poly_updown_btc_5m_momo_v2_HOLD_f7,True,btc_5m_momo_v2_HOLD,BTC,5m,UP,0xad3b9492ddeddae9421ff3774e6f084b5cbb74c1daae555d2b82408e53cf033d,False,-24.999984,Down,0.48,v2,HOLD,btc_5m_v2,2,True,2,True,2,True,2,True
1779384970064079,2026-05-21 17:36:10.064079,poly_updown_btc_5m_momo_v2_HOLD_f7,True,btc_5m_momo_v2_HOLD,BTC,5m,UP,0xad3b9492ddeddae9421ff3774e6f084b5cbb74c1daae555d2b82408e53cf033d,False,-24.999984,Down,0.48,v2,HOLD,btc_5m_v2,2,True,2,True,2,True,2,True
1779384970064079,2026-05-21 17:36:10.064079,poly_updown_btc_5m_momo_v2_HOLD_f7,True,btc_5m_momo_v2_HOLD,BTC,5m,UP,0xad3b9492ddeddae9421ff3774e6f084b5cbb74c1daae555d2b82408e53cf033d,False,-24.999984,Down,0.48,v2,HOLD,btc_5m_v2,2,True,2,True,2,True,2,True
1779384970064079,2026-05-21 17:36:10.064079,poly_updown_btc_5m_momo_v2_HOLD_f7,True,btc_5m_momo_v2_HOLD,BTC,5m,UP,0xad3b9492ddeddae9421ff3774e6f084b5cbb74c1daae555d2b82408e53cf033d,False,-24.999984,Down,0.48,v2,HOLD,btc_5m_v2,2,True,2,True,2,True,2,True
1779384970064559,2026-05-21 17:36:10.064559,poly_updown_btc_5m_momo_v2_HEDGE_f7,True,btc_5m_momo_v2_HEDGE,BTC,5m,UP,0xad3b9492ddeddae9421ff3774e6f084b5cbb74c1daae555d2b82408e53cf033d,False,-24.999984,Down,0.48,v2,HEDGE,btc_5m_v2,2,True,2,True,2,True,2,True
1779384970064559,2026-05-21 17:36:10.064559,poly_updown_btc_5m_momo_v2_HEDGE_f7,True,btc_5m_momo_v2_HEDGE,BTC,5m,UP,0xad3b9492ddeddae9421ff3774e6f084b5cbb74c1daae555d2b82408e53cf033d,False,-24.999984,Down,0.48,v2,HEDGE,btc_5m_v2,2,True,2,True,2,True,2,True
1779384970064559,2026-05-21 17:36:10.064559,poly_updown_btc_5m_momo_v2_HEDGE_f7,True,btc_5m_momo_v2_HEDGE,BTC,5m,UP,0xad3b9492ddeddae9421ff3774e6f084b5cbb74c1daae555d2b82408e53cf033d,False,-24.999984,Down,0.48,v2,HEDGE,btc_5m_v2,2,True,2,True,2,True,2,True
1779384970064559,2026-05-21 17:36:10.064559,poly_updown_btc_5m_momo_v2_HEDGE_f7,True,btc_5m_momo_v2_HEDGE,BTC,5m,UP,0xad3b9492ddeddae9421ff3774e6f084b5cbb74c1daae555d2b82408e53cf033d,False,-24.999984,Down,0.48,v2,HEDGE,btc_5m_v2,2,True,2,True,2,True,2,True
1779384970108088,2026-05-21 17:36:10.108088,poly_updown_btc_5m_momo_v2_SELL_f7,True,btc_5m_momo_v2_SELL,BTC,5m,UP,0xad3b9492ddeddae9421ff3774e6f084b5cbb74c1daae555d2b82408e53cf033d,False,-24.999984,Down,0.48,v2,SELL,btc_5m_v2,2,True,2,True,2,True,2,True
1779384970108088,2026-05-21 17:36:10.108088,poly_updown_btc_5m_momo_v2_SELL_f7,True,btc_5m_momo_v2_SELL,BTC,5m,UP,0xad3b9492ddeddae9421ff3774e6f084b5cbb74c1daae555d2b82408e53cf033d,False,-24.999984,Down,0.48,v2,SELL,btc_5m_v2,2,True,2,True,2,True,2,True
1779384970108088,2026-05-21 17:36:10.108088,poly_updown_btc_5m_momo_v2_SELL_f7,True,btc_5m_momo_v2_SELL,BTC,5m,UP,0xad3b9492ddeddae9421ff3774e6f084b5cbb74c1daae555d2b82408e53cf033d,False,-24.999984,Down,0.48,v2,SELL,btc_5m_v2,2,True,2,True,2,True,2,True
1779384970108088,2026-05-21 17:36:10.108088,poly_updown_btc_5m_momo_v2_SELL_f7,True,btc_5m_momo_v2_SELL,BTC,5m,UP,0xad3b9492ddeddae9421ff3774e6f084b5cbb74c1daae555d2b82408e53cf033d,False,-24.999984,Down,0.48,v2,SELL,btc_5m_v2,2,True,2,True,2,True,2,True
1779386104167602,2026-05-21 17:55:04.167602,poly_updown_sol_5m_sniper_INV,False,sol_5m_sniper_INV,SOL,5m,DOWN,0xe6956f82df74251a482db7b98cf12345f9d20c33745291d9e39ab9fa59dd31ae,True,21.39615184,Down,0.5371443593146462,v1,INV,sol_5m_v1,2,False,2,False,1,False,2,False
1779386104167602,2026-05-21 17:55:04.167602,poly_updown_sol_5m_sniper_INV,False,sol_5m_sniper_INV,SOL,5m,DOWN,0xe6956f82df74251a482db7b98cf12345f9d20c33745291d9e39ab9fa59dd31ae,True,21.39615184,Down,0.5371443593146462,v1,INV,sol_5m_v1,2,False,2,False,1,False,2,False
1779386104171175,2026-05-21 17:55:04.171175,poly_updown_sol_5m_sniper,False,sol_5m_sniper,SOL,5m,UP,0xe6956f82df74251a482db7b98cf12345f9d20c33745291d9e39ab9fa59dd31ae,False,-25.778388,Down,0.5258791993406718,v1,sniper,sol_5m_v1,2,True,2,True,1,False,2,True
1779386104171175,2026-05-21 17:55:04.171175,poly_updown_sol_5m_sniper,False,sol_5m_sniper,SOL,5m,UP,0xe6956f82df74251a482db7b98cf12345f9d20c33745291d9e39ab9fa59dd31ae,False,-25.778388,Down,0.5258791993406718,v1,sniper,sol_5m_v1,2,True,2,True,1,False,2,True
1779386408808855,2026-05-21 18:00:08.808855,poly_updown_btc_5m_sniper,False,btc_5m_sniper,BTC,5m,DOWN,0xd27c08ac55b191cde966e9b317761819c81677c8bcb41c064f7ee747b1334b89,False,-24.999996,Up,0.51,v1,sniper,btc_5m_v1,0,True,2,False,1,False,2,False
1779386408808855,2026-05-21 18:00:08.808855,poly_updown_btc_5m_sniper,False,btc_5m_sniper,BTC,5m,DOWN,0xd27c08ac55b191cde966e9b317761819c81677c8bcb41c064f7ee747b1334b89,False,-24.999996,Up,0.51,v1,sniper,btc_5m_v1,0,True,2,False,1,False,2,False
1779386408808855,2026-05-21 18:00:08.808855,poly_updown_btc_5m_sniper,False,btc_5m_sniper,BTC,5m,DOWN,0xd27c08ac55b191cde966e9b317761819c81677c8bcb41c064f7ee747b1334b89,False,-24.999996,Up,0.51,v1,sniper,btc_5m_v1,0,True,2,False,1,False,2,False
1779386408808855,2026-05-21 18:00:08.808855,poly_updown_btc_5m_sniper,False,btc_5m_sniper,BTC,5m,DOWN,0xd27c08ac55b191cde966e9b317761819c81677c8bcb41c064f7ee747b1334b89,False,-24.999996,Up,0.51,v1,sniper,btc_5m_v1,0,True,2,False,1,False,2,False
1779386408813000,2026-05-21 18:00:08.813000,poly_updown_btc_5m_v3,False,btc_5m_v3,BTC,5m,DOWN,0xd27c08ac55b191cde966e9b317761819c81677c8bcb41c064f7ee747b1334b89,False,-24.999996,Up,0.51,v1,v3,btc_5m_v1,0,True,2,False,1,False,2,False
1779386408813000,2026-05-21 18:00:08.813000,poly_updown_btc_5m_v3,False,btc_5m_v3,BTC,5m,DOWN,0xd27c08ac55b191cde966e9b317761819c81677c8bcb41c064f7ee747b1334b89,False,-24.999996,Up,0.51,v1,v3,btc_5m_v1,0,True,2,False,1,False,2,False
1779386408813000,2026-05-21 18:00:08.813000,poly_updown_btc_5m_v3,False,btc_5m_v3,BTC,5m,DOWN,0xd27c08ac55b191cde966e9b317761819c81677c8bcb41c064f7ee747b1334b89,False,-24.999996,Up,0.51,v1,v3,btc_5m_v1,0,True,2,False,1,False,2,False
1779386408813000,2026-05-21 18:00:08.813000,poly_updown_btc_5m_v3,False,btc_5m_v3,BTC,5m,DOWN,0xd27c08ac55b191cde966e9b317761819c81677c8bcb41c064f7ee747b1334b89,False,-24.999996,Up,0.51,v1,v3,btc_5m_v1,0,True,2,False,1,False,2,False
1779386408831691,2026-05-21 18:00:08.831691,poly_updown_btc_5m_v3_2,False,btc_5m_v3_2,BTC,5m,DOWN,0xd27c08ac55b191cde966e9b317761819c81677c8bcb41c064f7ee747b1334b89,False,-24.999996,Up,0.51,v1,2,btc_5m_v1,0,True,2,False,1,False,2,False
1779386408831691,2026-05-21 18:00:08.831691,poly_updown_btc_5m_v3_2,False,btc_5m_v3_2,BTC,5m,DOWN,0xd27c08ac55b191cde966e9b317761819c81677c8bcb41c064f7ee747b1334b89,False,-24.999996,Up,0.51,v1,2,btc_5m_v1,0,True,2,False,1,False,2,False
1779386408831691,2026-05-21 18:00:08.831691,poly_updown_btc_5m_v3_2,False,btc_5m_v3_2,BTC,5m,DOWN,0xd27c08ac55b191cde966e9b317761819c81677c8bcb41c064f7ee747b1334b89,False,-24.999996,Up,0.51,v1,2,btc_5m_v1,0,True,2,False,1,False,2,False
1779386408831691,2026-05-21 18:00:08.831691,poly_updown_btc_5m_v3_2,False,btc_5m_v3_2,BTC,5m,DOWN,0xd27c08ac55b191cde966e9b317761819c81677c8bcb41c064f7ee747b1334b89,False,-24.999996,Up,0.51,v1,2,btc_5m_v1,0,True,2,False,1,False,2,False
1779386408832459,2026-05-21 18:00:08.832459,poly_updown_btc_5m_v3_3,False,btc_5m_v3_3,BTC,5m,DOWN,0xd27c08ac55b191cde966e9b317761819c81677c8bcb41c064f7ee747b1334b89,False,-24.999996,Up,0.51,v1,3,btc_5m_v1,0,True,2,False,1,False,2,False
1779386408832459,2026-05-21 18:00:08.832459,poly_updown_btc_5m_v3_3,False,btc_5m_v3_3,BTC,5m,DOWN,0xd27c08ac55b191cde966e9b317761819c81677c8bcb41c064f7ee747b1334b89,False,-24.999996,Up,0.51,v1,3,btc_5m_v1,0,True,2,False,1,False,2,False
1779386408832459,2026-05-21 18:00:08.832459,poly_updown_btc_5m_v3_3,False,btc_5m_v3_3,BTC,5m,DOWN,0xd27c08ac55b191cde966e9b317761819c81677c8bcb41c064f7ee747b1334b89,False,-24.999996,Up,0.51,v1,3,btc_5m_v1,0,True,2,False,1,False,2,False
1779386408832459,2026-05-21 18:00:08.832459,poly_updown_btc_5m_v3_3,False,btc_5m_v3_3,BTC,5m,DOWN,0xd27c08ac55b191cde966e9b317761819c81677c8bcb41c064f7ee747b1334b89,False,-24.999996,Up,0.51,v1,3,btc_5m_v1,0,True,2,False,1,False,2,False
1779386409482412,2026-05-21 18:00:09.482412,poly_updown_sol_15m_sniper,False,sol_15m_sniper,SOL,15m,DOWN,0x9de39c3074d676ae14d0ea4b7de922c154d2923327d47a7d1aa6944496a78752,False,-25.071692,Up,0.5315199979647995,v1,sniper,sol_15m_v1,1,False,2,False,1,False,2,False
1779386409482412,2026-05-21 18:00:09.482412,poly_updown_sol_15m_sniper,False,sol_15m_sniper,SOL,15m,DOWN,0x9de39c3074d676ae14d0ea4b7de922c154d2923327d47a7d1aa6944496a78752,False,-25.071692,Up,0.5315199979647995,v1,sniper,sol_15m_v1,1,False,2,False,1,False,2,False
1779386409482412,2026-05-21 18:00:09.482412,poly_updown_sol_15m_sniper,False,sol_15m_sniper,SOL,15m,DOWN,0x9de39c3074d676ae14d0ea4b7de922c154d2923327d47a7d1aa6944496a78752,False,-25.071692,Up,0.5315199979647995,v1,sniper,sol_15m_v1,1,False,2,False,1,False,2,False
1779386409482412,2026-05-21 18:00:09.482412,poly_updown_sol_15m_sniper,False,sol_15m_sniper,SOL,15m,DOWN,0x9de39c3074d676ae14d0ea4b7de922c154d2923327d47a7d1aa6944496a78752,False,-25.071692,Up,0.5315199979647995,v1,sniper,sol_15m_v1,1,False,2,False,1,False,2,False
1779386409503488,2026-05-21 18:00:09.503488,poly_updown_eth_15m_sniper,False,eth_15m_sniper,ETH,15m,DOWN,0xd3548aec8dfdff295690d7155530a0af7409c0eda3e10d0e021e2d8627a03aa7,True,-2.323,Down,0.527,v1,sniper,eth_15m_v1,1,False,2,False,1,False,2,False
1779386409503488,2026-05-21 18:00:09.503488,poly_updown_eth_15m_sniper,False,eth_15m_sniper,ETH,15m,DOWN,0xd3548aec8dfdff295690d7155530a0af7409c0eda3e10d0e021e2d8627a03aa7,True,-2.323,Down,0.527,v1,sniper,eth_15m_v1,1,False,2,False,1,False,2,False
1779386409503488,2026-05-21 18:00:09.503488,poly_updown_eth_15m_sniper,False,eth_15m_sniper,ETH,15m,DOWN,0xd3548aec8dfdff295690d7155530a0af7409c0eda3e10d0e021e2d8627a03aa7,True,-2.323,Down,0.527,v1,sniper,eth_15m_v1,1,False,2,False,1,False,2,False
1779386409503488,2026-05-21 18:00:09.503488,poly_updown_eth_15m_sniper,False,eth_15m_sniper,ETH,15m,DOWN,0xd3548aec8dfdff295690d7155530a0af7409c0eda3e10d0e021e2d8627a03aa7,True,-2.323,Down,0.527,v1,sniper,eth_15m_v1,1,False,2,False,1,False,2,False
1779386409503488,2026-05-21 18:00:09.503488,poly_updown_eth_15m_sniper,False,eth_15m_sniper,ETH,15m,DOWN,0xd3548aec8dfdff295690d7155530a0af7409c0eda3e10d0e021e2d8627a03aa7,True,-2.323,Down,0.527,v1,sniper,eth_15m_v1,1,False,2,False,1,False,2,False
1779386409503488,2026-05-21 18:00:09.503488,poly_updown_eth_15m_sniper,False,eth_15m_sniper,ETH,15m,DOWN,0xd3548aec8dfdff295690d7155530a0af7409c0eda3e10d0e021e2d8627a03aa7,True,-2.323,Down,0.527,v1,sniper,eth_15m_v1,1,False,2,False,1,False,2,False
1779386409503488,2026-05-21 18:00:09.503488,poly_updown_eth_15m_sniper,False,eth_15m_sniper,ETH,15m,DOWN,0xd3548aec8dfdff295690d7155530a0af7409c0eda3e10d0e021e2d8627a03aa7,True,-2.323,Down,0.527,v1,sniper,eth_15m_v1,1,False,2,False,1,False,2,False
1779386409503488,2026-05-21 18:00:09.503488,poly_updown_eth_15m_sniper,False,eth_15m_sniper,ETH,15m,DOWN,0xd3548aec8dfdff295690d7155530a0af7409c0eda3e10d0e021e2d8627a03aa7,True,-2.323,Down,0.527,v1,sniper,eth_15m_v1,1,False,2,False,1,False,2,False
1779386409509139,2026-05-21 18:00:09.509139,poly_updown_btc_15m_sniper,False,btc_15m_sniper,BTC,15m,DOWN,0x747f5d4b8e1f194ab81e45433500c13b1b759a30011c7115e45d43158f3a89b9,False,-25.4,Up,0.508,v1,sniper,btc_15m_v1,0,True,2,False,1,False,2,False
1779386409509139,2026-05-21 18:00:09.509139,poly_updown_btc_15m_sniper,False,btc_15m_sniper,BTC,15m,DOWN,0x747f5d4b8e1f194ab81e45433500c13b1b759a30011c7115e45d43158f3a89b9,False,-25.0,Up,0.5,v1,sniper,btc_15m_v1,0,True,2,False,1,False,2,False
1779386409509139,2026-05-21 18:00:09.509139,poly_updown_btc_15m_sniper,False,btc_15m_sniper,BTC,15m,DOWN,0x747f5d4b8e1f194ab81e45433500c13b1b759a30011c7115e45d43158f3a89b9,False,-25.4,Up,0.508,v1,sniper,btc_15m_v1,0,True,2,False,1,False,2,False
1779386409509139,2026-05-21 18:00:09.509139,poly_updown_btc_15m_sniper,False,btc_15m_sniper,BTC,15m,DOWN,0x747f5d4b8e1f194ab81e45433500c13b1b759a30011c7115e45d43158f3a89b9,False,-25.0,Up,0.5,v1,sniper,btc_15m_v1,0,True,2,False,1,False,2,False
1779386410816255,2026-05-21 18:00:10.816255,poly_updown_btc_5m_sniper,False,btc_5m_sniper,BTC,5m,DOWN,0xd27c08ac55b191cde966e9b317761819c81677c8bcb41c064f7ee747b1334b89,False,-24.999996,Up,0.51,v1,sniper,btc_5m_v1,0,True,2,False,1,False,2,False
1779386410816255,2026-05-21 18:00:10.816255,poly_updown_btc_5m_sniper,False,btc_5m_sniper,BTC,5m,DOWN,0xd27c08ac55b191cde966e9b317761819c81677c8bcb41c064f7ee747b1334b89,False,-24.999996,Up,0.51,v1,sniper,btc_5m_v1,0,True,2,False,1,False,2,False
1779386410816255,2026-05-21 18:00:10.816255,poly_updown_btc_5m_sniper,False,btc_5m_sniper,BTC,5m,DOWN,0xd27c08ac55b191cde966e9b317761819c81677c8bcb41c064f7ee747b1334b89,False,-24.999996,Up,0.51,v1,sniper,btc_5m_v1,0,True,2,False,1,False,2,False
1779386410816255,2026-05-21 18:00:10.816255,poly_updown_btc_5m_sniper,False,btc_5m_sniper,BTC,5m,DOWN,0xd27c08ac55b191cde966e9b317761819c81677c8bcb41c064f7ee747b1334b89,False,-24.999996,Up,0.51,v1,sniper,btc_5m_v1,0,True,2,False,1,False,2,False
1779386410825333,2026-05-21 18:00:10.825333,poly_updown_btc_5m_v3,False,btc_5m_v3,BTC,5m,DOWN,0xd27c08ac55b191cde966e9b317761819c81677c8bcb41c064f7ee747b1334b89,False,-24.999996,Up,0.51,v1,v3,btc_5m_v1,0,True,2,False,1,False,2,False
1779386410825333,2026-05-21 18:00:10.825333,poly_updown_btc_5m_v3,False,btc_5m_v3,BTC,5m,DOWN,0xd27c08ac55b191cde966e9b317761819c81677c8bcb41c064f7ee747b1334b89,False,-24.999996,Up,0.51,v1,v3,btc_5m_v1,0,True,2,False,1,False,2,False
1779386410825333,2026-05-21 18:00:10.825333,poly_updown_btc_5m_v3,False,btc_5m_v3,BTC,5m,DOWN,0xd27c08ac55b191cde966e9b317761819c81677c8bcb41c064f7ee747b1334b89,False,-24.999996,Up,0.51,v1,v3,btc_5m_v1,0,True,2,False,1,False,2,False
1779386410825333,2026-05-21 18:00:10.825333,poly_updown_btc_5m_v3,False,btc_5m_v3,BTC,5m,DOWN,0xd27c08ac55b191cde966e9b317761819c81677c8bcb41c064f7ee747b1334b89,False,-24.999996,Up,0.51,v1,v3,btc_5m_v1,0,True,2,False,1,False,2,False
1779386410829540,2026-05-21 18:00:10.829540,poly_updown_btc_5m_v3_2,False,btc_5m_v3_2,BTC,5m,DOWN,0xd27c08ac55b191cde966e9b317761819c81677c8bcb41c064f7ee747b1334b89,False,-24.999996,Up,0.51,v1,2,btc_5m_v1,0,True,2,False,1,False,2,False
1779386410829540,2026-05-21 18:00:10.829540,poly_updown_btc_5m_v3_2,False,btc_5m_v3_2,BTC,5m,DOWN,0xd27c08ac55b191cde966e9b317761819c81677c8bcb41c064f7ee747b1334b89,False,-24.999996,Up,0.51,v1,2,btc_5m_v1,0,True,2,False,1,False,2,False
1779386410829540,2026-05-21 18:00:10.829540,poly_updown_btc_5m_v3_2,False,btc_5m_v3_2,BTC,5m,DOWN,0xd27c08ac55b191cde966e9b317761819c81677c8bcb41c064f7ee747b1334b89,False,-24.999996,Up,0.51,v1,2,btc_5m_v1,0,True,2,False,1,False,2,False
1779386410829540,2026-05-21 18:00:10.829540,poly_updown_btc_5m_v3_2,False,btc_5m_v3_2,BTC,5m,DOWN,0xd27c08ac55b191cde966e9b317761819c81677c8bcb41c064f7ee747b1334b89,False,-24.999996,Up,0.51,v1,2,btc_5m_v1,0,True,2,False,1,False,2,False
1779386410832389,2026-05-21 18:00:10.832389,poly_updown_btc_5m_v3_3,False,btc_5m_v3_3,BTC,5m,DOWN,0xd27c08ac55b191cde966e9b317761819c81677c8bcb41c064f7ee747b1334b89,False,-24.999996,Up,0.51,v1,3,btc_5m_v1,0,True,2,False,1,False,2,False
1779386410832389,2026-05-21 18:00:10.832389,poly_updown_btc_5m_v3_3,False,btc_5m_v3_3,BTC,5m,DOWN,0xd27c08ac55b191cde966e9b317761819c81677c8bcb41c064f7ee747b1334b89,False,-24.999996,Up,0.51,v1,3,btc_5m_v1,0,True,2,False,1,False,2,False
1779386410832389,2026-05-21 18:00:10.832389,poly_updown_btc_5m_v3_3,False,btc_5m_v3_3,BTC,5m,DOWN,0xd27c08ac55b191cde966e9b317761819c81677c8bcb41c064f7ee747b1334b89,False,-24.999996,Up,0.51,v1,3,btc_5m_v1,0,True,2,False,1,False,2,False
1779386410832389,2026-05-21 18:00:10.832389,poly_updown_btc_5m_v3_3,False,btc_5m_v3_3,BTC,5m,DOWN,0xd27c08ac55b191cde966e9b317761819c81677c8bcb41c064f7ee747b1334b89,False,-24.999996,Up,0.51,v1,3,btc_5m_v1,0,True,2,False,1,False,2,False
1779386411605183,2026-05-21 18:00:11.605183,poly_updown_btc_15m_sniper,False,btc_15m_sniper,BTC,15m,DOWN,0x747f5d4b8e1f194ab81e45433500c13b1b759a30011c7115e45d43158f3a89b9,False,-25.4,Up,0.508,v1,sniper,btc_15m_v1,0,True,2,False,1,False,2,False
1779386411605183,2026-05-21 18:00:11.605183,poly_updown_btc_15m_sniper,False,btc_15m_sniper,BTC,15m,DOWN,0x747f5d4b8e1f194ab81e45433500c13b1b759a30011c7115e45d43158f3a89b9,False,-25.0,Up,0.5,v1,sniper,btc_15m_v1,0,True,2,False,1,False,2,False
1779386411605183,2026-05-21 18:00:11.605183,poly_updown_btc_15m_sniper,False,btc_15m_sniper,BTC,15m,DOWN,0x747f5d4b8e1f194ab81e45433500c13b1b759a30011c7115e45d43158f3a89b9,False,-25.4,Up,0.508,v1,sniper,btc_15m_v1,0,True,2,False,1,False,2,False
1779386411605183,2026-05-21 18:00:11.605183,poly_updown_btc_15m_sniper,False,btc_15m_sniper,BTC,15m,DOWN,0x747f5d4b8e1f194ab81e45433500c13b1b759a30011c7115e45d43158f3a89b9,False,-25.0,Up,0.5,v1,sniper,btc_15m_v1,0,True,2,False,1,False,2,False
1779386411606749,2026-05-21 18:00:11.606749,poly_updown_eth_15m_sniper,False,eth_15m_sniper,ETH,15m,DOWN,0xd3548aec8dfdff295690d7155530a0af7409c0eda3e10d0e021e2d8627a03aa7,True,-2.323,Down,0.527,v1,sniper,eth_15m_v1,1,False,2,False,1,False,2,False
1779386411606749,2026-05-21 18:00:11.606749,poly_updown_eth_15m_sniper,False,eth_15m_sniper,ETH,15m,DOWN,0xd3548aec8dfdff295690d7155530a0af7409c0eda3e10d0e021e2d8627a03aa7,True,-2.323,Down,0.527,v1,sniper,eth_15m_v1,1,False,2,False,1,False,2,False
1779386411606749,2026-05-21 18:00:11.606749,poly_updown_eth_15m_sniper,False,eth_15m_sniper,ETH,15m,DOWN,0xd3548aec8dfdff295690d7155530a0af7409c0eda3e10d0e021e2d8627a03aa7,True,-2.323,Down,0.527,v1,sniper,eth_15m_v1,1,False,2,False,1,False,2,False
1779386411606749,2026-05-21 18:00:11.606749,poly_updown_eth_15m_sniper,False,eth_15m_sniper,ETH,15m,DOWN,0xd3548aec8dfdff295690d7155530a0af7409c0eda3e10d0e021e2d8627a03aa7,True,-2.323,Down,0.527,v1,sniper,eth_15m_v1,1,False,2,False,1,False,2,False
1779386411606749,2026-05-21 18:00:11.606749,poly_updown_eth_15m_sniper,False,eth_15m_sniper,ETH,15m,DOWN,0xd3548aec8dfdff295690d7155530a0af7409c0eda3e10d0e021e2d8627a03aa7,True,-2.323,Down,0.527,v1,sniper,eth_15m_v1,1,False,2,False,1,False,2,False
1779386411606749,2026-05-21 18:00:11.606749,poly_updown_eth_15m_sniper,False,eth_15m_sniper,ETH,15m,DOWN,0xd3548aec8dfdff295690d7155530a0af7409c0eda3e10d0e021e2d8627a03aa7,True,-2.323,Down,0.527,v1,sniper,eth_15m_v1,1,False,2,False,1,False,2,False
1779386411606749,2026-05-21 18:00:11.606749,poly_updown_eth_15m_sniper,False,eth_15m_sniper,ETH,15m,DOWN,0xd3548aec8dfdff295690d7155530a0af7409c0eda3e10d0e021e2d8627a03aa7,True,-2.323,Down,0.527,v1,sniper,eth_15m_v1,1,False,2,False,1,False,2,False
1779386411606749,2026-05-21 18:00:11.606749,poly_updown_eth_15m_sniper,False,eth_15m_sniper,ETH,15m,DOWN,0xd3548aec8dfdff295690d7155530a0af7409c0eda3e10d0e021e2d8627a03aa7,True,-2.323,Down,0.527,v1,sniper,eth_15m_v1,1,False,2,False,1,False,2,False
1779386411612532,2026-05-21 18:00:11.612532,poly_updown_sol_15m_sniper,False,sol_15m_sniper,SOL,15m,DOWN,0x9de39c3074d676ae14d0ea4b7de922c154d2923327d47a7d1aa6944496a78752,False,-25.071692,Up,0.5315199979647995,v1,sniper,sol_15m_v1,1,False,2,False,1,False,2,False
1779386411612532,2026-05-21 18:00:11.612532,poly_updown_sol_15m_sniper,False,sol_15m_sniper,SOL,15m,DOWN,0x9de39c3074d676ae14d0ea4b7de922c154d2923327d47a7d1aa6944496a78752,False,-25.071692,Up,0.5315199979647995,v1,sniper,sol_15m_v1,1,False,2,False,1,False,2,False
1779386411612532,2026-05-21 18:00:11.612532,poly_updown_sol_15m_sniper,False,sol_15m_sniper,SOL,15m,DOWN,0x9de39c3074d676ae14d0ea4b7de922c154d2923327d47a7d1aa6944496a78752,False,-25.071692,Up,0.5315199979647995,v1,sniper,sol_15m_v1,1,False,2,False,1,False,2,False
1779386411612532,2026-05-21 18:00:11.612532,poly_updown_sol_15m_sniper,False,sol_15m_sniper,SOL,15m,DOWN,0x9de39c3074d676ae14d0ea4b7de922c154d2923327d47a7d1aa6944496a78752,False,-25.071692,Up,0.5315199979647995,v1,sniper,sol_15m_v1,1,False,2,False,1,False,2,False
1779386706280466,2026-05-21 18:05:06.280466,poly_updown_btc_5m_sniper,False,btc_5m_sniper,BTC,5m,DOWN,0xbc5fe734f8464de3696165e7e7680b1af13d8f34d62ebf8ebd8e5b04777d03e8,True,-1.5,Down,0.5,v1,sniper,btc_5m_v1,0,True,2,False,1,False,2,False
1779386706280466,2026-05-21 18:05:06.280466,poly_updown_btc_5m_sniper,False,btc_5m_sniper,BTC,5m,DOWN,0xbc5fe734f8464de3696165e7e7680b1af13d8f34d62ebf8ebd8e5b04777d03e8,True,-1.5,Down,0.5,v1,sniper,btc_5m_v1,0,True,2,False,1,False,2,False
1779386706280466,2026-05-21 18:05:06.280466,poly_updown_btc_5m_sniper,False,btc_5m_sniper,BTC,5m,DOWN,0xbc5fe734f8464de3696165e7e7680b1af13d8f34d62ebf8ebd8e5b04777d03e8,True,-1.5,Down,0.5,v1,sniper,btc_5m_v1,0,True,2,False,1,False,2,False
1779386706280466,2026-05-21 18:05:06.280466,poly_updown_btc_5m_sniper,False,btc_5m_sniper,BTC,5m,DOWN,0xbc5fe734f8464de3696165e7e7680b1af13d8f34d62ebf8ebd8e5b04777d03e8,True,-1.5,Down,0.5,v1,sniper,btc_5m_v1,0,True,2,False,1,False,2,False
1779386706280466,2026-05-21 18:05:06.280466,poly_updown_btc_5m_sniper,False,btc_5m_sniper,BTC,5m,DOWN,0xbc5fe734f8464de3696165e7e7680b1af13d8f34d62ebf8ebd8e5b04777d03e8,True,-1.03061208,Down,0.49,v1,sniper,btc_5m_v1,0,True,2,False,1,False,2,False
1779386706280466,2026-05-21 18:05:06.280466,poly_updown_btc_5m_sniper,False,btc_5m_sniper,BTC,5m,DOWN,0xbc5fe734f8464de3696165e7e7680b1af13d8f34d62ebf8ebd8e5b04777d03e8,True,-1.03061208,Down,0.49,v1,sniper,btc_5m_v1,0,True,2,False,1,False,2,False
1779386706280466,2026-05-21 18:05:06.280466,poly_updown_btc_5m_sniper,False,btc_5m_sniper,BTC,5m,DOWN,0xbc5fe734f8464de3696165e7e7680b1af13d8f34d62ebf8ebd8e5b04777d03e8,True,-1.03061208,Down,0.49,v1,sniper,btc_5m_v1,0,True,2,False,1,False,2,False
1779386706280466,2026-05-21 18:05:06.280466,poly_updown_btc_5m_sniper,False,btc_5m_sniper,BTC,5m,DOWN,0xbc5fe734f8464de3696165e7e7680b1af13d8f34d62ebf8ebd8e5b04777d03e8,True,-1.03061208,Down,0.49,v1,sniper,btc_5m_v1,0,True,2,False,1,False,2,False
1779386708816156,2026-05-21 18:05:08.816156,poly_updown_btc_5m_sniper,False,btc_5m_sniper,BTC,5m,DOWN,0xbc5fe734f8464de3696165e7e7680b1af13d8f34d62ebf8ebd8e5b04777d03e8,True,-1.5,Down,0.5,v1,sniper,btc_5m_v1,0,True,2,False,1,False,2,False
1779386708816156,2026-05-21 18:05:08.816156,poly_updown_btc_5m_sniper,False,btc_5m_sniper,BTC,5m,DOWN,0xbc5fe734f8464de3696165e7e7680b1af13d8f34d62ebf8ebd8e5b04777d03e8,True,-1.5,Down,0.5,v1,sniper,btc_5m_v1,0,True,2,False,1,False,2,False
1779386708816156,2026-05-21 18:05:08.816156,poly_updown_btc_5m_sniper,False,btc_5m_sniper,BTC,5m,DOWN,0xbc5fe734f8464de3696165e7e7680b1af13d8f34d62ebf8ebd8e5b04777d03e8,True,-1.5,Down,0.5,v1,sniper,btc_5m_v1,0,True,2,False,1,False,2,False
1779386708816156,2026-05-21 18:05:08.816156,poly_updown_btc_5m_sniper,False,btc_5m_sniper,BTC,5m,DOWN,0xbc5fe734f8464de3696165e7e7680b1af13d8f34d62ebf8ebd8e5b04777d03e8,True,-1.5,Down,0.5,v1,sniper,btc_5m_v1,0,True,2,False,1,False,2,False
1779386708816156,2026-05-21 18:05:08.816156,poly_updown_btc_5m_sniper,False,btc_5m_sniper,BTC,5m,DOWN,0xbc5fe734f8464de3696165e7e7680b1af13d8f34d62ebf8ebd8e5b04777d03e8,True,-1.03061208,Down,0.49,v1,sniper,btc_5m_v1,0,True,2,False,1,False,2,False
1779386708816156,2026-05-21 18:05:08.816156,poly_updown_btc_5m_sniper,False,btc_5m_sniper,BTC,5m,DOWN,0xbc5fe734f8464de3696165e7e7680b1af13d8f34d62ebf8ebd8e5b04777d03e8,True,-1.03061208,Down,0.49,v1,sniper,btc_5m_v1,0,True,2,False,1,False,2,False
1779386708816156,2026-05-21 18:05:08.816156,poly_updown_btc_5m_sniper,False,btc_5m_sniper,BTC,5m,DOWN,0xbc5fe734f8464de3696165e7e7680b1af13d8f34d62ebf8ebd8e5b04777d03e8,True,-1.03061208,Down,0.49,v1,sniper,btc_5m_v1,0,True,2,False,1,False,2,False
1779386708816156,2026-05-21 18:05:08.816156,poly_updown_btc_5m_sniper,False,btc_5m_sniper,BTC,5m,DOWN,0xbc5fe734f8464de3696165e7e7680b1af13d8f34d62ebf8ebd8e5b04777d03e8,True,-1.03061208,Down,0.49,v1,sniper,btc_5m_v1,0,True,2,False,1,False,2,False
1779386766845025,2026-05-21 18:06:06.845025,poly_updown_btc_5m_momo_v2_HEDGE_f7,True,btc_5m_momo_v2_HEDGE,BTC,5m,DOWN,0xbc5fe734f8464de3696165e7e7680b1af13d8f34d62ebf8ebd8e5b04777d03e8,True,-1.03061208,Down,0.49,v2,HEDGE,btc_5m_v2,0,True,2,False,1,False,2,False
1779386766845025,2026-05-21 18:06:06.845025,poly_updown_btc_5m_momo_v2_HEDGE_f7,True,btc_5m_momo_v2_HEDGE,BTC,5m,DOWN,0xbc5fe734f8464de3696165e7e7680b1af13d8f34d62ebf8ebd8e5b04777d03e8,True,-1.03061208,Down,0.49,v2,HEDGE,btc_5m_v2,0,True,2,False,1,False,2,False
1779386766845025,2026-05-21 18:06:06.845025,poly_updown_btc_5m_momo_v2_HEDGE_f7,True,btc_5m_momo_v2_HEDGE,BTC,5m,DOWN,0xbc5fe734f8464de3696165e7e7680b1af13d8f34d62ebf8ebd8e5b04777d03e8,True,-1.03061208,Down,0.49,v2,HEDGE,btc_5m_v2,0,True,2,False,1,False,2,False
1779386766845025,2026-05-21 18:06:06.845025,poly_updown_btc_5m_momo_v2_HEDGE_f7,True,btc_5m_momo_v2_HEDGE,BTC,5m,DOWN,0xbc5fe734f8464de3696165e7e7680b1af13d8f34d62ebf8ebd8e5b04777d03e8,True,-1.03061208,Down,0.49,v2,HEDGE,btc_5m_v2,0,True,2,False,1,False,2,False
1779386766845025,2026-05-21 18:06:06.845025,poly_updown_btc_5m_momo_v2_HEDGE_f7,True,btc_5m_momo_v2_HEDGE,BTC,5m,DOWN,0xbc5fe734f8464de3696165e7e7680b1af13d8f34d62ebf8ebd8e5b04777d03e8,True,-1.03061208,Down,0.49,v2,HEDGE,btc_5m_v2,0,True,2,False,1,False,2,False
1779386766845025,2026-05-21 18:06:06.845025,poly_updown_btc_5m_momo_v2_HEDGE_f7,True,btc_5m_momo_v2_HEDGE,BTC,5m,DOWN,0xbc5fe734f8464de3696165e7e7680b1af13d8f34d62ebf8ebd8e5b04777d03e8,True,-1.03061208,Down,0.49,v2,HEDGE,btc_5m_v2,0,True,2,False,1,False,2,False
1779386766845025,2026-05-21 18:06:06.845025,poly_updown_btc_5m_momo_v2_HEDGE_f7,True,btc_5m_momo_v2_HEDGE,BTC,5m,DOWN,0xbc5fe734f8464de3696165e7e7680b1af13d8f34d62ebf8ebd8e5b04777d03e8,True,-1.03061208,Down,0.49,v2,HEDGE,btc_5m_v2,0,True,2,False,1,False,2,False
1779386766845025,2026-05-21 18:06:06.845025,poly_updown_btc_5m_momo_v2_HEDGE_f7,True,btc_5m_momo_v2_HEDGE,BTC,5m,DOWN,0xbc5fe734f8464de3696165e7e7680b1af13d8f34d62ebf8ebd8e5b04777d03e8,True,-1.03061208,Down,0.49,v2,HEDGE,btc_5m_v2,0,True,2,False,1,False,2,False
1779386766847745,2026-05-21 18:06:06.847745,poly_updown_btc_5m_momo_v2_SELL_f7,True,btc_5m_momo_v2_SELL,BTC,5m,DOWN,0xbc5fe734f8464de3696165e7e7680b1af13d8f34d62ebf8ebd8e5b04777d03e8,False,-0.510204,exited_at_bid,0.49,v2,SELL,btc_5m_v2,0,True,2,False,1,False,2,False
1779386766847745,2026-05-21 18:06:06.847745,poly_updown_btc_5m_momo_v2_SELL_f7,True,btc_5m_momo_v2_SELL,BTC,5m,DOWN,0xbc5fe734f8464de3696165e7e7680b1af13d8f34d62ebf8ebd8e5b04777d03e8,False,-0.510204,exited_at_bid,0.49,v2,SELL,btc_5m_v2,0,True,2,False,1,False,2,False
1779386766847745,2026-05-21 18:06:06.847745,poly_updown_btc_5m_momo_v2_SELL_f7,True,btc_5m_momo_v2_SELL,BTC,5m,DOWN,0xbc5fe734f8464de3696165e7e7680b1af13d8f34d62ebf8ebd8e5b04777d03e8,False,-0.510204,exited_at_bid,0.49,v2,SELL,btc_5m_v2,0,True,2,False,1,False,2,False
1779386766847745,2026-05-21 18:06:06.847745,poly_updown_btc_5m_momo_v2_SELL_f7,True,btc_5m_momo_v2_SELL,BTC,5m,DOWN,0xbc5fe734f8464de3696165e7e7680b1af13d8f34d62ebf8ebd8e5b04777d03e8,False,-0.510204,exited_at_bid,0.49,v2,SELL,btc_5m_v2,0,True,2,False,1,False,2,False
1779386766847745,2026-05-21 18:06:06.847745,poly_updown_btc_5m_momo_v2_SELL_f7,True,btc_5m_momo_v2_SELL,BTC,5m,DOWN,0xbc5fe734f8464de3696165e7e7680b1af13d8f34d62ebf8ebd8e5b04777d03e8,False,-0.510204,exited_at_bid,0.49,v2,SELL,btc_5m_v2,0,True,2,False,1,False,2,False
1779386766847745,2026-05-21 18:06:06.847745,poly_updown_btc_5m_momo_v2_SELL_f7,True,btc_5m_momo_v2_SELL,BTC,5m,DOWN,0xbc5fe734f8464de3696165e7e7680b1af13d8f34d62ebf8ebd8e5b04777d03e8,False,-0.510204,exited_at_bid,0.49,v2,SELL,btc_5m_v2,0,True,2,False,1,False,2,False
1779386766869596,2026-05-21 18:06:06.869596,poly_updown_btc_5m_momo_v2_HOLD_f7,True,btc_5m_momo_v2_HOLD,BTC,5m,DOWN,0xbc5fe734f8464de3696165e7e7680b1af13d8f34d62ebf8ebd8e5b04777d03e8,True,25.49999592,Down,0.49,v2,HOLD,btc_5m_v2,0,True,2,False,1,False,2,False
1779386766869596,2026-05-21 18:06:06.869596,poly_updown_btc_5m_momo_v2_HOLD_f7,True,btc_5m_momo_v2_HOLD,BTC,5m,DOWN,0xbc5fe734f8464de3696165e7e7680b1af13d8f34d62ebf8ebd8e5b04777d03e8,True,25.49999592,Down,0.49,v2,HOLD,btc_5m_v2,0,True,2,False,1,False,2,False
1779386766869596,2026-05-21 18:06:06.869596,poly_updown_btc_5m_momo_v2_HOLD_f7,True,btc_5m_momo_v2_HOLD,BTC,5m,DOWN,0xbc5fe734f8464de3696165e7e7680b1af13d8f34d62ebf8ebd8e5b04777d03e8,True,25.49999592,Down,0.49,v2,HOLD,btc_5m_v2,0,True,2,False,1,False,2,False
1779386766869596,2026-05-21 18:06:06.869596,poly_updown_btc_5m_momo_v2_HOLD_f7,True,btc_5m_momo_v2_HOLD,BTC,5m,DOWN,0xbc5fe734f8464de3696165e7e7680b1af13d8f34d62ebf8ebd8e5b04777d03e8,True,25.49999592,Down,0.49,v2,HOLD,btc_5m_v2,0,True,2,False,1,False,2,False
1779386769488026,2026-05-21 18:06:09.488026,poly_updown_btc_5m_momo_v2_HEDGE_f7,True,btc_5m_momo_v2_HEDGE,BTC,5m,DOWN,0xbc5fe734f8464de3696165e7e7680b1af13d8f34d62ebf8ebd8e5b04777d03e8,True,-1.03061208,Down,0.49,v2,HEDGE,btc_5m_v2,0,True,2,False,1,False,2,False
1779386769488026,2026-05-21 18:06:09.488026,poly_updown_btc_5m_momo_v2_HEDGE_f7,True,btc_5m_momo_v2_HEDGE,BTC,5m,DOWN,0xbc5fe734f8464de3696165e7e7680b1af13d8f34d62ebf8ebd8e5b04777d03e8,True,-1.03061208,Down,0.49,v2,HEDGE,btc_5m_v2,0,True,2,False,1,False,2,False
1779386769488026,2026-05-21 18:06:09.488026,poly_updown_btc_5m_momo_v2_HEDGE_f7,True,btc_5m_momo_v2_HEDGE,BTC,5m,DOWN,0xbc5fe734f8464de3696165e7e7680b1af13d8f34d62ebf8ebd8e5b04777d03e8,True,-1.03061208,Down,0.49,v2,HEDGE,btc_5m_v2,0,True,2,False,1,False,2,False
1779386769488026,2026-05-21 18:06:09.488026,poly_updown_btc_5m_momo_v2_HEDGE_f7,True,btc_5m_momo_v2_HEDGE,BTC,5m,DOWN,0xbc5fe734f8464de3696165e7e7680b1af13d8f34d62ebf8ebd8e5b04777d03e8,True,-1.03061208,Down,0.49,v2,HEDGE,btc_5m_v2,0,True,2,False,1,False,2,False
1779386769488026,2026-05-21 18:06:09.488026,poly_updown_btc_5m_momo_v2_HEDGE_f7,True,btc_5m_momo_v2_HEDGE,BTC,5m,DOWN,0xbc5fe734f8464de3696165e7e7680b1af13d8f34d62ebf8ebd8e5b04777d03e8,True,-1.03061208,Down,0.49,v2,HEDGE,btc_5m_v2,0,True,2,False,1,False,2,False
1779386769488026,2026-05-21 18:06:09.488026,poly_updown_btc_5m_momo_v2_HEDGE_f7,True,btc_5m_momo_v2_HEDGE,BTC,5m,DOWN,0xbc5fe734f8464de3696165e7e7680b1af13d8f34d62ebf8ebd8e5b04777d03e8,True,-1.03061208,Down,0.49,v2,HEDGE,btc_5m_v2,0,True,2,False,1,False,2,False
1779386769488026,2026-05-21 18:06:09.488026,poly_updown_btc_5m_momo_v2_HEDGE_f7,True,btc_5m_momo_v2_HEDGE,BTC,5m,DOWN,0xbc5fe734f8464de3696165e7e7680b1af13d8f34d62ebf8ebd8e5b04777d03e8,True,-1.03061208,Down,0.49,v2,HEDGE,btc_5m_v2,0,True,2,False,1,False,2,False
1779386769488026,2026-05-21 18:06:09.488026,poly_updown_btc_5m_momo_v2_HEDGE_f7,True,btc_5m_momo_v2_HEDGE,BTC,5m,DOWN,0xbc5fe734f8464de3696165e7e7680b1af13d8f34d62ebf8ebd8e5b04777d03e8,True,-1.03061208,Down,0.49,v2,HEDGE,btc_5m_v2,0,True,2,False,1,False,2,False
1779386769489419,2026-05-21 18:06:09.489419,poly_updown_btc_5m_momo_v2_SELL_f7,True,btc_5m_momo_v2_SELL,BTC,5m,DOWN,0xbc5fe734f8464de3696165e7e7680b1af13d8f34d62ebf8ebd8e5b04777d03e8,False,-0.510204,exited_at_bid,0.49,v2,SELL,btc_5m_v2,0,True,2,False,1,False,2,False
1779386769489419,2026-05-21 18:06:09.489419,poly_updown_btc_5m_momo_v2_SELL_f7,True,btc_5m_momo_v2_SELL,BTC,5m,DOWN,0xbc5fe734f8464de3696165e7e7680b1af13d8f34d62ebf8ebd8e5b04777d03e8,False,-0.510204,exited_at_bid,0.49,v2,SELL,btc_5m_v2,0,True,2,False,1,False,2,False
1779386769489419,2026-05-21 18:06:09.489419,poly_updown_btc_5m_momo_v2_SELL_f7,True,btc_5m_momo_v2_SELL,BTC,5m,DOWN,0xbc5fe734f8464de3696165e7e7680b1af13d8f34d62ebf8ebd8e5b04777d03e8,False,-0.510204,exited_at_bid,0.49,v2,SELL,btc_5m_v2,0,True,2,False,1,False,2,False
1779386769489419,2026-05-21 18:06:09.489419,poly_updown_btc_5m_momo_v2_SELL_f7,True,btc_5m_momo_v2_SELL,BTC,5m,DOWN,0xbc5fe734f8464de3696165e7e7680b1af13d8f34d62ebf8ebd8e5b04777d03e8,False,-0.510204,exited_at_bid,0.49,v2,SELL,btc_5m_v2,0,True,2,False,1,False,2,False
1779386769489419,2026-05-21 18:06:09.489419,poly_updown_btc_5m_momo_v2_SELL_f7,True,btc_5m_momo_v2_SELL,BTC,5m,DOWN,0xbc5fe734f8464de3696165e7e7680b1af13d8f34d62ebf8ebd8e5b04777d03e8,False,-0.510204,exited_at_bid,0.49,v2,SELL,btc_5m_v2,0,True,2,False,1,False,2,False
1779386769489419,2026-05-21 18:06:09.489419,poly_updown_btc_5m_momo_v2_SELL_f7,True,btc_5m_momo_v2_SELL,BTC,5m,DOWN,0xbc5fe734f8464de3696165e7e7680b1af13d8f34d62ebf8ebd8e5b04777d03e8,False,-0.510204,exited_at_bid,0.49,v2,SELL,btc_5m_v2,0,True,2,False,1,False,2,False
1779386769489651,2026-05-21 18:06:09.489651,poly_updown_btc_5m_momo_v2_HOLD_f7,True,btc_5m_momo_v2_HOLD,BTC,5m,DOWN,0xbc5fe734f8464de3696165e7e7680b1af13d8f34d62ebf8ebd8e5b04777d03e8,True,25.49999592,Down,0.49,v2,HOLD,btc_5m_v2,0,True,2,False,1,False,2,False
1779386769489651,2026-05-21 18:06:09.489651,poly_updown_btc_5m_momo_v2_HOLD_f7,True,btc_5m_momo_v2_HOLD,BTC,5m,DOWN,0xbc5fe734f8464de3696165e7e7680b1af13d8f34d62ebf8ebd8e5b04777d03e8,True,25.49999592,Down,0.49,v2,HOLD,btc_5m_v2,0,True,2,False,1,False,2,False
1779386769489651,2026-05-21 18:06:09.489651,poly_updown_btc_5m_momo_v2_HOLD_f7,True,btc_5m_momo_v2_HOLD,BTC,5m,DOWN,0xbc5fe734f8464de3696165e7e7680b1af13d8f34d62ebf8ebd8e5b04777d03e8,True,25.49999592,Down,0.49,v2,HOLD,btc_5m_v2,0,True,2,False,1,False,2,False
1779386769489651,2026-05-21 18:06:09.489651,poly_updown_btc_5m_momo_v2_HOLD_f7,True,btc_5m_momo_v2_HOLD,BTC,5m,DOWN,0xbc5fe734f8464de3696165e7e7680b1af13d8f34d62ebf8ebd8e5b04777d03e8,True,25.49999592,Down,0.49,v2,HOLD,btc_5m_v2,0,True,2,False,1,False,2,False
1779387060707321,2026-05-21 18:11:00.707321,poly_updown_eth_5m_momo_v2_HEDGE_f7,True,eth_5m_momo_v2_HEDGE,ETH,5m,DOWN,0x2e34d291b6a9ccbb6b5f06ddc84bef744922fcf2b8de713f248f1a7e56c88cc5,False,-25.0723,Up,0.501446,v2,HEDGE,eth_5m_v2,0,True,2,False,1,False,1,False
1779387060707321,2026-05-21 18:11:00.707321,poly_updown_eth_5m_momo_v2_HEDGE_f7,True,eth_5m_momo_v2_HEDGE,ETH,5m,DOWN,0x2e34d291b6a9ccbb6b5f06ddc84bef744922fcf2b8de713f248f1a7e56c88cc5,False,-25.0723,Up,0.501446,v2,HEDGE,eth_5m_v2,0,True,2,False,1,False,1,False
1779387060707321,2026-05-21 18:11:00.707321,poly_updown_eth_5m_momo_v2_HEDGE_f7,True,eth_5m_momo_v2_HEDGE,ETH,5m,DOWN,0x2e34d291b6a9ccbb6b5f06ddc84bef744922fcf2b8de713f248f1a7e56c88cc5,False,-25.0723,Up,0.501446,v2,HEDGE,eth_5m_v2,0,True,2,False,1,False,1,False
1779387060707321,2026-05-21 18:11:00.707321,poly_updown_eth_5m_momo_v2_HEDGE_f7,True,eth_5m_momo_v2_HEDGE,ETH,5m,DOWN,0x2e34d291b6a9ccbb6b5f06ddc84bef744922fcf2b8de713f248f1a7e56c88cc5,False,-25.0723,Up,0.501446,v2,HEDGE,eth_5m_v2,0,True,2,False,1,False,1,False
1779387060709371,2026-05-21 18:11:00.709371,poly_updown_eth_5m_momo_v2_HOLD_f7,True,eth_5m_momo_v2_HOLD,ETH,5m,DOWN,0x2e34d291b6a9ccbb6b5f06ddc84bef744922fcf2b8de713f248f1a7e56c88cc5,False,-25.0723,Up,0.501446,v2,HOLD,eth_5m_v2,0,True,2,False,1,False,1,False
1779387060709371,2026-05-21 18:11:00.709371,poly_updown_eth_5m_momo_v2_HOLD_f7,True,eth_5m_momo_v2_HOLD,ETH,5m,DOWN,0x2e34d291b6a9ccbb6b5f06ddc84bef744922fcf2b8de713f248f1a7e56c88cc5,False,-25.0723,Up,0.501446,v2,HOLD,eth_5m_v2,0,True,2,False,1,False,1,False
1779387060709371,2026-05-21 18:11:00.709371,poly_updown_eth_5m_momo_v2_HOLD_f7,True,eth_5m_momo_v2_HOLD,ETH,5m,DOWN,0x2e34d291b6a9ccbb6b5f06ddc84bef744922fcf2b8de713f248f1a7e56c88cc5,False,-25.0723,Up,0.501446,v2,HOLD,eth_5m_v2,0,True,2,False,1,False,1,False
1779387060709371,2026-05-21 18:11:00.709371,poly_updown_eth_5m_momo_v2_HOLD_f7,True,eth_5m_momo_v2_HOLD,ETH,5m,DOWN,0x2e34d291b6a9ccbb6b5f06ddc84bef744922fcf2b8de713f248f1a7e56c88cc5,False,-25.0723,Up,0.501446,v2,HOLD,eth_5m_v2,0,True,2,False,1,False,1,False
1779387060718653,2026-05-21 18:11:00.718653,poly_updown_eth_5m_momo_v2_SELL_f7,True,eth_5m_momo_v2_SELL,ETH,5m,DOWN,0x2e34d291b6a9ccbb6b5f06ddc84bef744922fcf2b8de713f248f1a7e56c88cc5,False,-25.0723,Up,0.501446,v2,SELL,eth_5m_v2,0,True,2,False,1,False,1,False
1779387060718653,2026-05-21 18:11:00.718653,poly_updown_eth_5m_momo_v2_SELL_f7,True,eth_5m_momo_v2_SELL,ETH,5m,DOWN,0x2e34d291b6a9ccbb6b5f06ddc84bef744922fcf2b8de713f248f1a7e56c88cc5,False,-25.0723,Up,0.501446,v2,SELL,eth_5m_v2,0,True,2,False,1,False,1,False
1779387060718653,2026-05-21 18:11:00.718653,poly_updown_eth_5m_momo_v2_SELL_f7,True,eth_5m_momo_v2_SELL,ETH,5m,DOWN,0x2e34d291b6a9ccbb6b5f06ddc84bef744922fcf2b8de713f248f1a7e56c88cc5,False,-25.0723,Up,0.501446,v2,SELL,eth_5m_v2,0,True,2,False,1,False,1,False
1779387060718653,2026-05-21 18:11:00.718653,poly_updown_eth_5m_momo_v2_SELL_f7,True,eth_5m_momo_v2_SELL,ETH,5m,DOWN,0x2e34d291b6a9ccbb6b5f06ddc84bef744922fcf2b8de713f248f1a7e56c88cc5,False,-25.0723,Up,0.501446,v2,SELL,eth_5m_v2,0,True,2,False,1,False,1,False
1779387064940240,2026-05-21 18:11:04.940240,poly_updown_eth_5m_momo_v2_HOLD_f7,True,eth_5m_momo_v2_HOLD,ETH,5m,DOWN,0x2e34d291b6a9ccbb6b5f06ddc84bef744922fcf2b8de713f248f1a7e56c88cc5,False,-25.0723,Up,0.501446,v2,HOLD,eth_5m_v2,0,True,2,False,1,False,1,False
1779387064940240,2026-05-21 18:11:04.940240,poly_updown_eth_5m_momo_v2_HOLD_f7,True,eth_5m_momo_v2_HOLD,ETH,5m,DOWN,0x2e34d291b6a9ccbb6b5f06ddc84bef744922fcf2b8de713f248f1a7e56c88cc5,False,-25.0723,Up,0.501446,v2,HOLD,eth_5m_v2,0,True,2,False,1,False,1,False
1779387064940240,2026-05-21 18:11:04.940240,poly_updown_eth_5m_momo_v2_HOLD_f7,True,eth_5m_momo_v2_HOLD,ETH,5m,DOWN,0x2e34d291b6a9ccbb6b5f06ddc84bef744922fcf2b8de713f248f1a7e56c88cc5,False,-25.0723,Up,0.501446,v2,HOLD,eth_5m_v2,0,True,2,False,1,False,1,False
1779387064940240,2026-05-21 18:11:04.940240,poly_updown_eth_5m_momo_v2_HOLD_f7,True,eth_5m_momo_v2_HOLD,ETH,5m,DOWN,0x2e34d291b6a9ccbb6b5f06ddc84bef744922fcf2b8de713f248f1a7e56c88cc5,False,-25.0723,Up,0.501446,v2,HOLD,eth_5m_v2,0,True,2,False,1,False,1,False
1779387064942611,2026-05-21 18:11:04.942611,poly_updown_eth_5m_momo_v2_SELL_f7,True,eth_5m_momo_v2_SELL,ETH,5m,DOWN,0x2e34d291b6a9ccbb6b5f06ddc84bef744922fcf2b8de713f248f1a7e56c88cc5,False,-25.0723,Up,0.501446,v2,SELL,eth_5m_v2,0,True,2,False,1,False,1,False
1779387064942611,2026-05-21 18:11:04.942611,poly_updown_eth_5m_momo_v2_SELL_f7,True,eth_5m_momo_v2_SELL,ETH,5m,DOWN,0x2e34d291b6a9ccbb6b5f06ddc84bef744922fcf2b8de713f248f1a7e56c88cc5,False,-25.0723,Up,0.501446,v2,SELL,eth_5m_v2,0,True,2,False,1,False,1,False
1779387064942611,2026-05-21 18:11:04.942611,poly_updown_eth_5m_momo_v2_SELL_f7,True,eth_5m_momo_v2_SELL,ETH,5m,DOWN,0x2e34d291b6a9ccbb6b5f06ddc84bef744922fcf2b8de713f248f1a7e56c88cc5,False,-25.0723,Up,0.501446,v2,SELL,eth_5m_v2,0,True,2,False,1,False,1,False
1779387064942611,2026-05-21 18:11:04.942611,poly_updown_eth_5m_momo_v2_SELL_f7,True,eth_5m_momo_v2_SELL,ETH,5m,DOWN,0x2e34d291b6a9ccbb6b5f06ddc84bef744922fcf2b8de713f248f1a7e56c88cc5,False,-25.0723,Up,0.501446,v2,SELL,eth_5m_v2,0,True,2,False,1,False,1,False
1779387064949041,2026-05-21 18:11:04.949041,poly_updown_eth_5m_momo_v2_HEDGE_f7,True,eth_5m_momo_v2_HEDGE,ETH,5m,DOWN,0x2e34d291b6a9ccbb6b5f06ddc84bef744922fcf2b8de713f248f1a7e56c88cc5,False,-25.0723,Up,0.501446,v2,HEDGE,eth_5m_v2,0,True,2,False,1,False,1,False
1779387064949041,2026-05-21 18:11:04.949041,poly_updown_eth_5m_momo_v2_HEDGE_f7,True,eth_5m_momo_v2_HEDGE,ETH,5m,DOWN,0x2e34d291b6a9ccbb6b5f06ddc84bef744922fcf2b8de713f248f1a7e56c88cc5,False,-25.0723,Up,0.501446,v2,HEDGE,eth_5m_v2,0,True,2,False,1,False,1,False
1779387064949041,2026-05-21 18:11:04.949041,poly_updown_eth_5m_momo_v2_HEDGE_f7,True,eth_5m_momo_v2_HEDGE,ETH,5m,DOWN,0x2e34d291b6a9ccbb6b5f06ddc84bef744922fcf2b8de713f248f1a7e56c88cc5,False,-25.0723,Up,0.501446,v2,HEDGE,eth_5m_v2,0,True,2,False,1,False,1,False
1779387064949041,2026-05-21 18:11:04.949041,poly_updown_eth_5m_momo_v2_HEDGE_f7,True,eth_5m_momo_v2_HEDGE,ETH,5m,DOWN,0x2e34d291b6a9ccbb6b5f06ddc84bef744922fcf2b8de713f248f1a7e56c88cc5,False,-25.0723,Up,0.501446,v2,HEDGE,eth_5m_v2,0,True,2,False,1,False,1,False
1779387606919508,2026-05-21 18:20:06.919508,poly_updown_btc_5m_v3,False,btc_5m_v3,BTC,5m,UP,0x32647900b577ce55b4e9cccd5bc08c54f28d56db7d629f937029a11d1bcc6612,False,-24.999996,Down,0.51,v1,v3,btc_5m_v1,0,False,2,True,1,False,2,True
1779387606919508,2026-05-21 18:20:06.919508,poly_updown_btc_5m_v3,False,btc_5m_v3,BTC,5m,UP,0x32647900b577ce55b4e9cccd5bc08c54f28d56db7d629f937029a11d1bcc6612,False,-24.999996,Down,0.51,v1,v3,btc_5m_v1,0,False,2,True,1,False,2,True
1779387606919508,2026-05-21 18:20:06.919508,poly_updown_btc_5m_v3,False,btc_5m_v3,BTC,5m,UP,0x32647900b577ce55b4e9cccd5bc08c54f28d56db7d629f937029a11d1bcc6612,False,-24.999996,Down,0.51,v1,v3,btc_5m_v1,0,False,2,True,1,False,2,True
1779387606919508,2026-05-21 18:20:06.919508,poly_updown_btc_5m_v3,False,btc_5m_v3,BTC,5m,UP,0x32647900b577ce55b4e9cccd5bc08c54f28d56db7d629f937029a11d1bcc6612,False,-24.999996,Down,0.51,v1,v3,btc_5m_v1,0,False,2,True,1,False,2,True
1779387606992622,2026-05-21 18:20:06.992622,poly_updown_btc_5m_sniper,False,btc_5m_sniper,BTC,5m,UP,0x32647900b577ce55b4e9cccd5bc08c54f28d56db7d629f937029a11d1bcc6612,False,-24.999996,Down,0.51,v1,sniper,btc_5m_v1,0,False,2,True,1,False,2,True
1779387606992622,2026-05-21 18:20:06.992622,poly_updown_btc_5m_sniper,False,btc_5m_sniper,BTC,5m,UP,0x32647900b577ce55b4e9cccd5bc08c54f28d56db7d629f937029a11d1bcc6612,False,-24.999996,Down,0.51,v1,sniper,btc_5m_v1,0,False,2,True,1,False,2,True
1779387606992622,2026-05-21 18:20:06.992622,poly_updown_btc_5m_sniper,False,btc_5m_sniper,BTC,5m,UP,0x32647900b577ce55b4e9cccd5bc08c54f28d56db7d629f937029a11d1bcc6612,False,-24.999996,Down,0.51,v1,sniper,btc_5m_v1,0,False,2,True,1,False,2,True
1779387606992622,2026-05-21 18:20:06.992622,poly_updown_btc_5m_sniper,False,btc_5m_sniper,BTC,5m,UP,0x32647900b577ce55b4e9cccd5bc08c54f28d56db7d629f937029a11d1bcc6612,False,-24.999996,Down,0.51,v1,sniper,btc_5m_v1,0,False,2,True,1,False,2,True
1779387607000213,2026-05-21 18:20:07.000213,poly_updown_btc_5m_v3_3,False,btc_5m_v3_3,BTC,5m,UP,0x32647900b577ce55b4e9cccd5bc08c54f28d56db7d629f937029a11d1bcc6612,False,-24.999996,Down,0.51,v1,3,btc_5m_v1,0,False,2,True,1,False,2,True
1779387607000213,2026-05-21 18:20:07.000213,poly_updown_btc_5m_v3_3,False,btc_5m_v3_3,BTC,5m,UP,0x32647900b577ce55b4e9cccd5bc08c54f28d56db7d629f937029a11d1bcc6612,False,-24.999996,Down,0.51,v1,3,btc_5m_v1,0,False,2,True,1,False,2,True
1779387607000213,2026-05-21 18:20:07.000213,poly_updown_btc_5m_v3_3,False,btc_5m_v3_3,BTC,5m,UP,0x32647900b577ce55b4e9cccd5bc08c54f28d56db7d629f937029a11d1bcc6612,False,-24.999996,Down,0.51,v1,3,btc_5m_v1,0,False,2,True,1,False,2,True
1779387607000213,2026-05-21 18:20:07.000213,poly_updown_btc_5m_v3_3,False,btc_5m_v3_3,BTC,5m,UP,0x32647900b577ce55b4e9cccd5bc08c54f28d56db7d629f937029a11d1bcc6612,False,-24.999996,Down,0.51,v1,3,btc_5m_v1,0,False,2,True,1,False,2,True
1779387607022482,2026-05-21 18:20:07.022482,poly_updown_btc_5m_v3_1,False,btc_5m_v3_1,BTC,5m,UP,0x32647900b577ce55b4e9cccd5bc08c54f28d56db7d629f937029a11d1bcc6612,False,-24.999996,Down,0.51,v1,1,btc_5m_v1,0,False,2,True,1,False,2,True
1779387607022482,2026-05-21 18:20:07.022482,poly_updown_btc_5m_v3_1,False,btc_5m_v3_1,BTC,5m,UP,0x32647900b577ce55b4e9cccd5bc08c54f28d56db7d629f937029a11d1bcc6612,False,-24.999996,Down,0.51,v1,1,btc_5m_v1,0,False,2,True,1,False,2,True
1779387607022482,2026-05-21 18:20:07.022482,poly_updown_btc_5m_v3_1,False,btc_5m_v3_1,BTC,5m,UP,0x32647900b577ce55b4e9cccd5bc08c54f28d56db7d629f937029a11d1bcc6612,False,-24.999996,Down,0.51,v1,1,btc_5m_v1,0,False,2,True,1,False,2,True
1779387607022482,2026-05-21 18:20:07.022482,poly_updown_btc_5m_v3_1,False,btc_5m_v3_1,BTC,5m,UP,0x32647900b577ce55b4e9cccd5bc08c54f28d56db7d629f937029a11d1bcc6612,False,-24.999996,Down,0.51,v1,1,btc_5m_v1,0,False,2,True,1,False,2,True
1779387607025949,2026-05-21 18:20:07.025949,poly_updown_btc_5m_v3_2,False,btc_5m_v3_2,BTC,5m,UP,0x32647900b577ce55b4e9cccd5bc08c54f28d56db7d629f937029a11d1bcc6612,False,-24.999996,Down,0.51,v1,2,btc_5m_v1,0,False,2,True,1,False,2,True
1779387607025949,2026-05-21 18:20:07.025949,poly_updown_btc_5m_v3_2,False,btc_5m_v3_2,BTC,5m,UP,0x32647900b577ce55b4e9cccd5bc08c54f28d56db7d629f937029a11d1bcc6612,False,-24.999996,Down,0.51,v1,2,btc_5m_v1,0,False,2,True,1,False,2,True
1779387607025949,2026-05-21 18:20:07.025949,poly_updown_btc_5m_v3_2,False,btc_5m_v3_2,BTC,5m,UP,0x32647900b577ce55b4e9cccd5bc08c54f28d56db7d629f937029a11d1bcc6612,False,-24.999996,Down,0.51,v1,2,btc_5m_v1,0,False,2,True,1,False,2,True
1779387607025949,2026-05-21 18:20:07.025949,poly_updown_btc_5m_v3_2,False,btc_5m_v3_2,BTC,5m,UP,0x32647900b577ce55b4e9cccd5bc08c54f28d56db7d629f937029a11d1bcc6612,False,-24.999996,Down,0.51,v1,2,btc_5m_v1,0,False,2,True,1,False,2,True
1779387607029190,2026-05-21 18:20:07.029190,poly_updown_btc_5m_v4,False,btc_5m_v4,BTC,5m,UP,0x32647900b577ce55b4e9cccd5bc08c54f28d56db7d629f937029a11d1bcc6612,False,-24.999996,Down,0.51,v1,v4,btc_5m_v1,0,False,2,True,1,False,2,True
1779387607029190,2026-05-21 18:20:07.029190,poly_updown_btc_5m_v4,False,btc_5m_v4,BTC,5m,UP,0x32647900b577ce55b4e9cccd5bc08c54f28d56db7d629f937029a11d1bcc6612,False,-24.999996,Down,0.51,v1,v4,btc_5m_v1,0,False,2,True,1,False,2,True
1779387607029190,2026-05-21 18:20:07.029190,poly_updown_btc_5m_v4,False,btc_5m_v4,BTC,5m,UP,0x32647900b577ce55b4e9cccd5bc08c54f28d56db7d629f937029a11d1bcc6612,False,-24.999996,Down,0.51,v1,v4,btc_5m_v1,0,False,2,True,1,False,2,True
1779387607029190,2026-05-21 18:20:07.029190,poly_updown_btc_5m_v4,False,btc_5m_v4,BTC,5m,UP,0x32647900b577ce55b4e9cccd5bc08c54f28d56db7d629f937029a11d1bcc6612,False,-24.999996,Down,0.51,v1,v4,btc_5m_v1,0,False,2,True,1,False,2,True
1779387609035753,2026-05-21 18:20:09.035753,poly_updown_btc_5m_v3,False,btc_5m_v3,BTC,5m,UP,0x32647900b577ce55b4e9cccd5bc08c54f28d56db7d629f937029a11d1bcc6612,False,-24.999996,Down,0.51,v1,v3,btc_5m_v1,0,False,2,True,1,False,2,True
1779387609035753,2026-05-21 18:20:09.035753,poly_updown_btc_5m_v3,False,btc_5m_v3,BTC,5m,UP,0x32647900b577ce55b4e9cccd5bc08c54f28d56db7d629f937029a11d1bcc6612,False,-24.999996,Down,0.51,v1,v3,btc_5m_v1,0,False,2,True,1,False,2,True
1779387609035753,2026-05-21 18:20:09.035753,poly_updown_btc_5m_v3,False,btc_5m_v3,BTC,5m,UP,0x32647900b577ce55b4e9cccd5bc08c54f28d56db7d629f937029a11d1bcc6612,False,-24.999996,Down,0.51,v1,v3,btc_5m_v1,0,False,2,True,1,False,2,True
1779387609035753,2026-05-21 18:20:09.035753,poly_updown_btc_5m_v3,False,btc_5m_v3,BTC,5m,UP,0x32647900b577ce55b4e9cccd5bc08c54f28d56db7d629f937029a11d1bcc6612,False,-24.999996,Down,0.51,v1,v3,btc_5m_v1,0,False,2,True,1,False,2,True
1779387609040728,2026-05-21 18:20:09.040728,poly_updown_btc_5m_v3_1,False,btc_5m_v3_1,BTC,5m,UP,0x32647900b577ce55b4e9cccd5bc08c54f28d56db7d629f937029a11d1bcc6612,False,-24.999996,Down,0.51,v1,1,btc_5m_v1,0,False,2,True,1,False,2,True
1779387609040728,2026-05-21 18:20:09.040728,poly_updown_btc_5m_v3_1,False,btc_5m_v3_1,BTC,5m,UP,0x32647900b577ce55b4e9cccd5bc08c54f28d56db7d629f937029a11d1bcc6612,False,-24.999996,Down,0.51,v1,1,btc_5m_v1,0,False,2,True,1,False,2,True
1779387609040728,2026-05-21 18:20:09.040728,poly_updown_btc_5m_v3_1,False,btc_5m_v3_1,BTC,5m,UP,0x32647900b577ce55b4e9cccd5bc08c54f28d56db7d629f937029a11d1bcc6612,False,-24.999996,Down,0.51,v1,1,btc_5m_v1,0,False,2,True,1,False,2,True
1779387609040728,2026-05-21 18:20:09.040728,poly_updown_btc_5m_v3_1,False,btc_5m_v3_1,BTC,5m,UP,0x32647900b577ce55b4e9cccd5bc08c54f28d56db7d629f937029a11d1bcc6612,False,-24.999996,Down,0.51,v1,1,btc_5m_v1,0,False,2,True,1,False,2,True
1779387609042617,2026-05-21 18:20:09.042617,poly_updown_btc_5m_v3_2,False,btc_5m_v3_2,BTC,5m,UP,0x32647900b577ce55b4e9cccd5bc08c54f28d56db7d629f937029a11d1bcc6612,False,-24.999996,Down,0.51,v1,2,btc_5m_v1,0,False,2,True,1,False,2,True
1779387609042617,2026-05-21 18:20:09.042617,poly_updown_btc_5m_v3_2,False,btc_5m_v3_2,BTC,5m,UP,0x32647900b577ce55b4e9cccd5bc08c54f28d56db7d629f937029a11d1bcc6612,False,-24.999996,Down,0.51,v1,2,btc_5m_v1,0,False,2,True,1,False,2,True
1779387609042617,2026-05-21 18:20:09.042617,poly_updown_btc_5m_v3_2,False,btc_5m_v3_2,BTC,5m,UP,0x32647900b577ce55b4e9cccd5bc08c54f28d56db7d629f937029a11d1bcc6612,False,-24.999996,Down,0.51,v1,2,btc_5m_v1,0,False,2,True,1,False,2,True
1779387609042617,2026-05-21 18:20:09.042617,poly_updown_btc_5m_v3_2,False,btc_5m_v3_2,BTC,5m,UP,0x32647900b577ce55b4e9cccd5bc08c54f28d56db7d629f937029a11d1bcc6612,False,-24.999996,Down,0.51,v1,2,btc_5m_v1,0,False,2,True,1,False,2,True
1779387609045390,2026-05-21 18:20:09.045390,poly_updown_btc_5m_sniper,False,btc_5m_sniper,BTC,5m,UP,0x32647900b577ce55b4e9cccd5bc08c54f28d56db7d629f937029a11d1bcc6612,False,-24.999996,Down,0.51,v1,sniper,btc_5m_v1,0,False,2,True,1,False,2,True
1779387609045390,2026-05-21 18:20:09.045390,poly_updown_btc_5m_sniper,False,btc_5m_sniper,BTC,5m,UP,0x32647900b577ce55b4e9cccd5bc08c54f28d56db7d629f937029a11d1bcc6612,False,-24.999996,Down,0.51,v1,sniper,btc_5m_v1,0,False,2,True,1,False,2,True
1779387609045390,2026-05-21 18:20:09.045390,poly_updown_btc_5m_sniper,False,btc_5m_sniper,BTC,5m,UP,0x32647900b577ce55b4e9cccd5bc08c54f28d56db7d629f937029a11d1bcc6612,False,-24.999996,Down,0.51,v1,sniper,btc_5m_v1,0,False,2,True,1,False,2,True
1779387609045390,2026-05-21 18:20:09.045390,poly_updown_btc_5m_sniper,False,btc_5m_sniper,BTC,5m,UP,0x32647900b577ce55b4e9cccd5bc08c54f28d56db7d629f937029a11d1bcc6612,False,-24.999996,Down,0.51,v1,sniper,btc_5m_v1,0,False,2,True,1,False,2,True
1779387609046492,2026-05-21 18:20:09.046492,poly_updown_btc_5m_v4,False,btc_5m_v4,BTC,5m,UP,0x32647900b577ce55b4e9cccd5bc08c54f28d56db7d629f937029a11d1bcc6612,False,-24.999996,Down,0.51,v1,v4,btc_5m_v1,0,False,2,True,1,False,2,True
1779387609046492,2026-05-21 18:20:09.046492,poly_updown_btc_5m_v4,False,btc_5m_v4,BTC,5m,UP,0x32647900b577ce55b4e9cccd5bc08c54f28d56db7d629f937029a11d1bcc6612,False,-24.999996,Down,0.51,v1,v4,btc_5m_v1,0,False,2,True,1,False,2,True
1779387609046492,2026-05-21 18:20:09.046492,poly_updown_btc_5m_v4,False,btc_5m_v4,BTC,5m,UP,0x32647900b577ce55b4e9cccd5bc08c54f28d56db7d629f937029a11d1bcc6612,False,-24.999996,Down,0.51,v1,v4,btc_5m_v1,0,False,2,True,1,False,2,True
1779387609046492,2026-05-21 18:20:09.046492,poly_updown_btc_5m_v4,False,btc_5m_v4,BTC,5m,UP,0x32647900b577ce55b4e9cccd5bc08c54f28d56db7d629f937029a11d1bcc6612,False,-24.999996,Down,0.51,v1,v4,btc_5m_v1,0,False,2,True,1,False,2,True
1779387609070295,2026-05-21 18:20:09.070295,poly_updown_btc_5m_v3_3,False,btc_5m_v3_3,BTC,5m,UP,0x32647900b577ce55b4e9cccd5bc08c54f28d56db7d629f937029a11d1bcc6612,False,-24.999996,Down,0.51,v1,3,btc_5m_v1,0,False,2,True,1,False,2,True
1779387609070295,2026-05-21 18:20:09.070295,poly_updown_btc_5m_v3_3,False,btc_5m_v3_3,BTC,5m,UP,0x32647900b577ce55b4e9cccd5bc08c54f28d56db7d629f937029a11d1bcc6612,False,-24.999996,Down,0.51,v1,3,btc_5m_v1,0,False,2,True,1,False,2,True
1779387609070295,2026-05-21 18:20:09.070295,poly_updown_btc_5m_v3_3,False,btc_5m_v3_3,BTC,5m,UP,0x32647900b577ce55b4e9cccd5bc08c54f28d56db7d629f937029a11d1bcc6612,False,-24.999996,Down,0.51,v1,3,btc_5m_v1,0,False,2,True,1,False,2,True
1779387609070295,2026-05-21 18:20:09.070295,poly_updown_btc_5m_v3_3,False,btc_5m_v3_3,BTC,5m,UP,0x32647900b577ce55b4e9cccd5bc08c54f28d56db7d629f937029a11d1bcc6612,False,-24.999996,Down,0.51,v1,3,btc_5m_v1,0,False,2,True,1,False,2,True
1779388209999748,2026-05-21 18:30:09.999748,poly_updown_btc_5m_sniper,False,btc_5m_sniper,BTC,5m,DOWN,0xb3d4390b018ea56260f1025cade2e80c44e411a60deb024aad1979ab898deb65,True,-1.0,Down,0.5,v1,sniper,btc_5m_v1,1,False,2,False,1,False,2,False
1779388209999748,2026-05-21 18:30:09.999748,poly_updown_btc_5m_sniper,False,btc_5m_sniper,BTC,5m,DOWN,0xb3d4390b018ea56260f1025cade2e80c44e411a60deb024aad1979ab898deb65,True,-1.0,Down,0.5,v1,sniper,btc_5m_v1,1,False,2,False,1,False,2,False
1779388209999748,2026-05-21 18:30:09.999748,poly_updown_btc_5m_sniper,False,btc_5m_sniper,BTC,5m,DOWN,0xb3d4390b018ea56260f1025cade2e80c44e411a60deb024aad1979ab898deb65,True,-1.0,Down,0.5,v1,sniper,btc_5m_v1,1,False,2,False,1,False,2,False
1779388209999748,2026-05-21 18:30:09.999748,poly_updown_btc_5m_sniper,False,btc_5m_sniper,BTC,5m,DOWN,0xb3d4390b018ea56260f1025cade2e80c44e411a60deb024aad1979ab898deb65,True,-1.0,Down,0.5,v1,sniper,btc_5m_v1,1,False,2,False,1,False,2,False
1779388209999748,2026-05-21 18:30:09.999748,poly_updown_btc_5m_sniper,False,btc_5m_sniper,BTC,5m,DOWN,0xb3d4390b018ea56260f1025cade2e80c44e411a60deb024aad1979ab898deb65,True,-1.0,Down,0.5,v1,sniper,btc_5m_v1,1,False,2,False,1,False,2,False
1779388209999748,2026-05-21 18:30:09.999748,poly_updown_btc_5m_sniper,False,btc_5m_sniper,BTC,5m,DOWN,0xb3d4390b018ea56260f1025cade2e80c44e411a60deb024aad1979ab898deb65,True,-1.0,Down,0.5,v1,sniper,btc_5m_v1,1,False,2,False,1,False,2,False
1779388210015738,2026-05-21 18:30:10.015738,poly_updown_btc_5m_sniper,False,btc_5m_sniper,BTC,5m,DOWN,0xb3d4390b018ea56260f1025cade2e80c44e411a60deb024aad1979ab898deb65,True,-1.0,Down,0.5,v1,sniper,btc_5m_v1,1,False,2,False,1,False,2,False
1779388210015738,2026-05-21 18:30:10.015738,poly_updown_btc_5m_sniper,False,btc_5m_sniper,BTC,5m,DOWN,0xb3d4390b018ea56260f1025cade2e80c44e411a60deb024aad1979ab898deb65,True,-1.0,Down,0.5,v1,sniper,btc_5m_v1,1,False,2,False,1,False,2,False
1779388210015738,2026-05-21 18:30:10.015738,poly_updown_btc_5m_sniper,False,btc_5m_sniper,BTC,5m,DOWN,0xb3d4390b018ea56260f1025cade2e80c44e411a60deb024aad1979ab898deb65,True,-1.0,Down,0.5,v1,sniper,btc_5m_v1,1,False,2,False,1,False,2,False
1779388210015738,2026-05-21 18:30:10.015738,poly_updown_btc_5m_sniper,False,btc_5m_sniper,BTC,5m,DOWN,0xb3d4390b018ea56260f1025cade2e80c44e411a60deb024aad1979ab898deb65,True,-1.0,Down,0.5,v1,sniper,btc_5m_v1,1,False,2,False,1,False,2,False
1779388210015738,2026-05-21 18:30:10.015738,poly_updown_btc_5m_sniper,False,btc_5m_sniper,BTC,5m,DOWN,0xb3d4390b018ea56260f1025cade2e80c44e411a60deb024aad1979ab898deb65,True,-1.0,Down,0.5,v1,sniper,btc_5m_v1,1,False,2,False,1,False,2,False
1779388210015738,2026-05-21 18:30:10.015738,poly_updown_btc_5m_sniper,False,btc_5m_sniper,BTC,5m,DOWN,0xb3d4390b018ea56260f1025cade2e80c44e411a60deb024aad1979ab898deb65,True,-1.0,Down,0.5,v1,sniper,btc_5m_v1,1,False,2,False,1,False,2,False
1779388210841471,2026-05-21 18:30:10.841471,poly_updown_eth_15m_sniper,False,eth_15m_sniper,ETH,15m,DOWN,0xe8abc490d6e45c465437662dcf9d30b822c5a43701eb6f0f0e302f78d49636d0,True,24.5,Down,0.5,v1,sniper,eth_15m_v1,0,True,2,False,1,False,2,False
1779388210841471,2026-05-21 18:30:10.841471,poly_updown_eth_15m_sniper,False,eth_15m_sniper,ETH,15m,DOWN,0xe8abc490d6e45c465437662dcf9d30b822c5a43701eb6f0f0e302f78d49636d0,True,24.5,Down,0.5,v1,sniper,eth_15m_v1,0,True,2,False,1,False,2,False
1779388210841471,2026-05-21 18:30:10.841471,poly_updown_eth_15m_sniper,False,eth_15m_sniper,ETH,15m,DOWN,0xe8abc490d6e45c465437662dcf9d30b822c5a43701eb6f0f0e302f78d49636d0,True,24.5,Down,0.5,v1,sniper,eth_15m_v1,0,True,2,False,1,False,2,False
1779388210841471,2026-05-21 18:30:10.841471,poly_updown_eth_15m_sniper,False,eth_15m_sniper,ETH,15m,DOWN,0xe8abc490d6e45c465437662dcf9d30b822c5a43701eb6f0f0e302f78d49636d0,True,24.5,Down,0.5,v1,sniper,eth_15m_v1,0,True,2,False,1,False,2,False
1779388210841548,2026-05-21 18:30:10.841548,poly_updown_btc_15m_sniper,False,btc_15m_sniper,BTC,15m,DOWN,0xb75b57d8fae4e0891189ab3a0277d4e40a85d4c6da600326789f9cff087d2fb5,True,24.5,Down,0.5,v1,sniper,btc_15m_v1,1,False,2,False,1,False,2,False
1779388210841548,2026-05-21 18:30:10.841548,poly_updown_btc_15m_sniper,False,btc_15m_sniper,BTC,15m,DOWN,0xb75b57d8fae4e0891189ab3a0277d4e40a85d4c6da600326789f9cff087d2fb5,True,24.5,Down,0.5,v1,sniper,btc_15m_v1,1,False,2,False,1,False,2,False
1779388210841548,2026-05-21 18:30:10.841548,poly_updown_btc_15m_sniper,False,btc_15m_sniper,BTC,15m,DOWN,0xb75b57d8fae4e0891189ab3a0277d4e40a85d4c6da600326789f9cff087d2fb5,True,24.5,Down,0.5,v1,sniper,btc_15m_v1,1,False,2,False,1,False,2,False
1779388210841548,2026-05-21 18:30:10.841548,poly_updown_btc_15m_sniper,False,btc_15m_sniper,BTC,15m,DOWN,0xb75b57d8fae4e0891189ab3a0277d4e40a85d4c6da600326789f9cff087d2fb5,True,24.5,Down,0.5,v1,sniper,btc_15m_v1,1,False,2,False,1,False,2,False
1779388210843850,2026-05-21 18:30:10.843850,poly_updown_sol_15m_sniper,False,sol_15m_sniper,SOL,15m,DOWN,0x86d6db2d9a5a587dd9b066e1378ba043909667df9451949c278d03df4967da5b,True,23.618,Down,0.518,v1,sniper,sol_15m_v1,1,False,2,False,1,False,2,False
1779388210843850,2026-05-21 18:30:10.843850,poly_updown_sol_15m_sniper,False,sol_15m_sniper,SOL,15m,DOWN,0x86d6db2d9a5a587dd9b066e1378ba043909667df9451949c278d03df4967da5b,True,23.618,Down,0.518,v1,sniper,sol_15m_v1,1,False,2,False,1,False,2,False
1779388210843850,2026-05-21 18:30:10.843850,poly_updown_sol_15m_sniper,False,sol_15m_sniper,SOL,15m,DOWN,0x86d6db2d9a5a587dd9b066e1378ba043909667df9451949c278d03df4967da5b,True,23.618,Down,0.518,v1,sniper,sol_15m_v1,1,False,2,False,1,False,2,False
1779388210843850,2026-05-21 18:30:10.843850,poly_updown_sol_15m_sniper,False,sol_15m_sniper,SOL,15m,DOWN,0x86d6db2d9a5a587dd9b066e1378ba043909667df9451949c278d03df4967da5b,True,23.618,Down,0.518,v1,sniper,sol_15m_v1,1,False,2,False,1,False,2,False
1779388211029609,2026-05-21 18:30:11.029609,poly_updown_sol_15m_sniper,False,sol_15m_sniper,SOL,15m,DOWN,0x86d6db2d9a5a587dd9b066e1378ba043909667df9451949c278d03df4967da5b,True,23.618,Down,0.518,v1,sniper,sol_15m_v1,1,False,2,False,1,False,2,False
1779388211029609,2026-05-21 18:30:11.029609,poly_updown_sol_15m_sniper,False,sol_15m_sniper,SOL,15m,DOWN,0x86d6db2d9a5a587dd9b066e1378ba043909667df9451949c278d03df4967da5b,True,23.618,Down,0.518,v1,sniper,sol_15m_v1,1,False,2,False,1,False,2,False
1779388211029609,2026-05-21 18:30:11.029609,poly_updown_sol_15m_sniper,False,sol_15m_sniper,SOL,15m,DOWN,0x86d6db2d9a5a587dd9b066e1378ba043909667df9451949c278d03df4967da5b,True,23.618,Down,0.518,v1,sniper,sol_15m_v1,1,False,2,False,1,False,2,False
1779388211029609,2026-05-21 18:30:11.029609,poly_updown_sol_15m_sniper,False,sol_15m_sniper,SOL,15m,DOWN,0x86d6db2d9a5a587dd9b066e1378ba043909667df9451949c278d03df4967da5b,True,23.618,Down,0.518,v1,sniper,sol_15m_v1,1,False,2,False,1,False,2,False
1779388211030818,2026-05-21 18:30:11.030818,poly_updown_btc_15m_sniper,False,btc_15m_sniper,BTC,15m,DOWN,0xb75b57d8fae4e0891189ab3a0277d4e40a85d4c6da600326789f9cff087d2fb5,True,24.5,Down,0.5,v1,sniper,btc_15m_v1,1,False,2,False,1,False,2,False
1779388211030818,2026-05-21 18:30:11.030818,poly_updown_btc_15m_sniper,False,btc_15m_sniper,BTC,15m,DOWN,0xb75b57d8fae4e0891189ab3a0277d4e40a85d4c6da600326789f9cff087d2fb5,True,24.5,Down,0.5,v1,sniper,btc_15m_v1,1,False,2,False,1,False,2,False
1779388211030818,2026-05-21 18:30:11.030818,poly_updown_btc_15m_sniper,False,btc_15m_sniper,BTC,15m,DOWN,0xb75b57d8fae4e0891189ab3a0277d4e40a85d4c6da600326789f9cff087d2fb5,True,24.5,Down,0.5,v1,sniper,btc_15m_v1,1,False,2,False,1,False,2,False
1779388211030818,2026-05-21 18:30:11.030818,poly_updown_btc_15m_sniper,False,btc_15m_sniper,BTC,15m,DOWN,0xb75b57d8fae4e0891189ab3a0277d4e40a85d4c6da600326789f9cff087d2fb5,True,24.5,Down,0.5,v1,sniper,btc_15m_v1,1,False,2,False,1,False,2,False
1779388211035636,2026-05-21 18:30:11.035636,poly_updown_eth_15m_sniper,False,eth_15m_sniper,ETH,15m,DOWN,0xe8abc490d6e45c465437662dcf9d30b822c5a43701eb6f0f0e302f78d49636d0,True,24.5,Down,0.5,v1,sniper,eth_15m_v1,0,True,2,False,1,False,2,False
1779388211035636,2026-05-21 18:30:11.035636,poly_updown_eth_15m_sniper,False,eth_15m_sniper,ETH,15m,DOWN,0xe8abc490d6e45c465437662dcf9d30b822c5a43701eb6f0f0e302f78d49636d0,True,24.5,Down,0.5,v1,sniper,eth_15m_v1,0,True,2,False,1,False,2,False
1779388211035636,2026-05-21 18:30:11.035636,poly_updown_eth_15m_sniper,False,eth_15m_sniper,ETH,15m,DOWN,0xe8abc490d6e45c465437662dcf9d30b822c5a43701eb6f0f0e302f78d49636d0,True,24.5,Down,0.5,v1,sniper,eth_15m_v1,0,True,2,False,1,False,2,False
1779388211035636,2026-05-21 18:30:11.035636,poly_updown_eth_15m_sniper,False,eth_15m_sniper,ETH,15m,DOWN,0xe8abc490d6e45c465437662dcf9d30b822c5a43701eb6f0f0e302f78d49636d0,True,24.5,Down,0.5,v1,sniper,eth_15m_v1,0,True,2,False,1,False,2,False
1779389403185064,2026-05-21 18:50:03.185064,poly_updown_btc_5m_sniper,False,btc_5m_sniper,BTC,5m,DOWN,0xa9b9cf3f5b455605c627bd2ef96a851ff9f92371498023c7a92c2851dd70551f,False,-25.0,Up,0.5,v1,sniper,btc_5m_v1,0,True,2,False,1,False,2,False
1779389403185064,2026-05-21 18:50:03.185064,poly_updown_btc_5m_sniper,False,btc_5m_sniper,BTC,5m,DOWN,0xa9b9cf3f5b455605c627bd2ef96a851ff9f92371498023c7a92c2851dd70551f,False,-25.0,Up,0.5,v1,sniper,btc_5m_v1,0,True,2,False,1,False,2,False
1779389403185064,2026-05-21 18:50:03.185064,poly_updown_btc_5m_sniper,False,btc_5m_sniper,BTC,5m,DOWN,0xa9b9cf3f5b455605c627bd2ef96a851ff9f92371498023c7a92c2851dd70551f,False,-25.0,Up,0.5,v1,sniper,btc_5m_v1,0,True,2,False,1,False,2,False
1779389403185064,2026-05-21 18:50:03.185064,poly_updown_btc_5m_sniper,False,btc_5m_sniper,BTC,5m,DOWN,0xa9b9cf3f5b455605c627bd2ef96a851ff9f92371498023c7a92c2851dd70551f,False,-25.0,Up,0.5,v1,sniper,btc_5m_v1,0,True,2,False,1,False,2,False
1779389403191876,2026-05-21 18:50:03.191876,poly_updown_eth_5m_sniper,False,eth_5m_sniper,ETH,5m,DOWN,0xcbff18cf9d072e73fcdcacca330c041fb29a28b65093bb88dacf2766bfd56a39,False,-25.1702,Up,0.4933359989337598,v1,sniper,eth_5m_v1,0,True,2,False,1,False,1,False
1779389403191876,2026-05-21 18:50:03.191876,poly_updown_eth_5m_sniper,False,eth_5m_sniper,ETH,5m,DOWN,0xcbff18cf9d072e73fcdcacca330c041fb29a28b65093bb88dacf2766bfd56a39,False,-25.1702,Up,0.4933359989337598,v1,sniper,eth_5m_v1,0,True,2,False,1,False,1,False
1779389403191876,2026-05-21 18:50:03.191876,poly_updown_eth_5m_sniper,False,eth_5m_sniper,ETH,5m,DOWN,0xcbff18cf9d072e73fcdcacca330c041fb29a28b65093bb88dacf2766bfd56a39,False,-24.999996,Up,0.49,v1,sniper,eth_5m_v1,0,True,2,False,1,False,1,False
1779389403191876,2026-05-21 18:50:03.191876,poly_updown_eth_5m_sniper,False,eth_5m_sniper,ETH,5m,DOWN,0xcbff18cf9d072e73fcdcacca330c041fb29a28b65093bb88dacf2766bfd56a39,False,-24.999996,Up,0.49,v1,sniper,eth_5m_v1,0,True,2,False,1,False,1,False
1779389403203232,2026-05-21 18:50:03.203232,poly_updown_eth_5m_sniper_DOWN_INV,False,eth_5m_sniper_DOWN_INV,ETH,5m,UP,0xcbff18cf9d072e73fcdcacca330c041fb29a28b65093bb88dacf2766bfd56a39,True,21.72640988,Up,0.53,v1,INV,eth_5m_v1,0,False,2,True,1,False,1,False
1779389403203232,2026-05-21 18:50:03.203232,poly_updown_eth_5m_sniper_DOWN_INV,False,eth_5m_sniper_DOWN_INV,ETH,5m,UP,0xcbff18cf9d072e73fcdcacca330c041fb29a28b65093bb88dacf2766bfd56a39,True,21.72640988,Up,0.53,v1,INV,eth_5m_v1,0,False,2,True,1,False,1,False
1779389403203232,2026-05-21 18:50:03.203232,poly_updown_eth_5m_sniper_DOWN_INV,False,eth_5m_sniper_DOWN_INV,ETH,5m,UP,0xcbff18cf9d072e73fcdcacca330c041fb29a28b65093bb88dacf2766bfd56a39,True,21.55912584,Up,0.5336187984685116,v1,INV,eth_5m_v1,0,False,2,True,1,False,1,False
1779389403203232,2026-05-21 18:50:03.203232,poly_updown_eth_5m_sniper_DOWN_INV,False,eth_5m_sniper_DOWN_INV,ETH,5m,UP,0xcbff18cf9d072e73fcdcacca330c041fb29a28b65093bb88dacf2766bfd56a39,True,21.55912584,Up,0.5336187984685116,v1,INV,eth_5m_v1,0,False,2,True,1,False,1,False
1779389410361436,2026-05-21 18:50:10.361436,poly_updown_btc_5m_sniper,False,btc_5m_sniper,BTC,5m,DOWN,0xa9b9cf3f5b455605c627bd2ef96a851ff9f92371498023c7a92c2851dd70551f,False,-25.0,Up,0.5,v1,sniper,btc_5m_v1,0,True,2,False,1,False,2,False
1779389410361436,2026-05-21 18:50:10.361436,poly_updown_btc_5m_sniper,False,btc_5m_sniper,BTC,5m,DOWN,0xa9b9cf3f5b455605c627bd2ef96a851ff9f92371498023c7a92c2851dd70551f,False,-25.0,Up,0.5,v1,sniper,btc_5m_v1,0,True,2,False,1,False,2,False
1779389410361436,2026-05-21 18:50:10.361436,poly_updown_btc_5m_sniper,False,btc_5m_sniper,BTC,5m,DOWN,0xa9b9cf3f5b455605c627bd2ef96a851ff9f92371498023c7a92c2851dd70551f,False,-25.0,Up,0.5,v1,sniper,btc_5m_v1,0,True,2,False,1,False,2,False
1779389410361436,2026-05-21 18:50:10.361436,poly_updown_btc_5m_sniper,False,btc_5m_sniper,BTC,5m,DOWN,0xa9b9cf3f5b455605c627bd2ef96a851ff9f92371498023c7a92c2851dd70551f,False,-25.0,Up,0.5,v1,sniper,btc_5m_v1,0,True,2,False,1,False,2,False
1779389410363273,2026-05-21 18:50:10.363273,poly_updown_sol_5m_v4,False,sol_5m_v4,SOL,5m,DOWN,0x1351500c6a3f3ddfe0ecba3d1ff6b094c74a5b416b11322295e019836554d002,False,-25.549,Up,0.51098,v1,v4,sol_5m_v1,0,True,2,False,1,False,2,False
1779389410363273,2026-05-21 18:50:10.363273,poly_updown_sol_5m_v4,False,sol_5m_v4,SOL,5m,DOWN,0x1351500c6a3f3ddfe0ecba3d1ff6b094c74a5b416b11322295e019836554d002,False,-25.549,Up,0.51098,v1,v4,sol_5m_v1,0,True,2,False,1,False,2,False
1779389410374768,2026-05-21 18:50:10.374768,poly_updown_sol_5m_v3_2,False,sol_5m_v3_2,SOL,5m,DOWN,0x1351500c6a3f3ddfe0ecba3d1ff6b094c74a5b416b11322295e019836554d002,False,-25.549,Up,0.51098,v1,2,sol_5m_v1,0,True,2,False,1,False,2,False
1779389410374768,2026-05-21 18:50:10.374768,poly_updown_sol_5m_v3_2,False,sol_5m_v3_2,SOL,5m,DOWN,0x1351500c6a3f3ddfe0ecba3d1ff6b094c74a5b416b11322295e019836554d002,False,-25.549,Up,0.51098,v1,2,sol_5m_v1,0,True,2,False,1,False,2,False
1779389410381900,2026-05-21 18:50:10.381900,poly_updown_sol_5m_sniper_INV,False,sol_5m_sniper_INV,SOL,5m,UP,0x1351500c6a3f3ddfe0ecba3d1ff6b094c74a5b416b11322295e019836554d002,True,22.50502968,Up,0.5315278786444605,v1,INV,sol_5m_v1,0,False,2,True,1,False,2,True
1779389410381900,2026-05-21 18:50:10.381900,poly_updown_sol_5m_sniper_INV,False,sol_5m_sniper_INV,SOL,5m,UP,0x1351500c6a3f3ddfe0ecba3d1ff6b094c74a5b416b11322295e019836554d002,True,22.50502968,Up,0.5315278786444605,v1,INV,sol_5m_v1,0,False,2,True,1,False,2,True
1779389410385334,2026-05-21 18:50:10.385334,poly_updown_eth_5m_sniper,False,eth_5m_sniper,ETH,5m,DOWN,0xcbff18cf9d072e73fcdcacca330c041fb29a28b65093bb88dacf2766bfd56a39,False,-25.1702,Up,0.4933359989337598,v1,sniper,eth_5m_v1,0,True,2,False,1,False,1,False
1779389410385334,2026-05-21 18:50:10.385334,poly_updown_eth_5m_sniper,False,eth_5m_sniper,ETH,5m,DOWN,0xcbff18cf9d072e73fcdcacca330c041fb29a28b65093bb88dacf2766bfd56a39,False,-25.1702,Up,0.4933359989337598,v1,sniper,eth_5m_v1,0,True,2,False,1,False,1,False
1779389410385334,2026-05-21 18:50:10.385334,poly_updown_eth_5m_sniper,False,eth_5m_sniper,ETH,5m,DOWN,0xcbff18cf9d072e73fcdcacca330c041fb29a28b65093bb88dacf2766bfd56a39,False,-24.999996,Up,0.49,v1,sniper,eth_5m_v1,0,True,2,False,1,False,1,False
1779389410385334,2026-05-21 18:50:10.385334,poly_updown_eth_5m_sniper,False,eth_5m_sniper,ETH,5m,DOWN,0xcbff18cf9d072e73fcdcacca330c041fb29a28b65093bb88dacf2766bfd56a39,False,-24.999996,Up,0.49,v1,sniper,eth_5m_v1,0,True,2,False,1,False,1,False
1779389410387407,2026-05-21 18:50:10.387407,poly_updown_sol_5m_v3_3,False,sol_5m_v3_3,SOL,5m,DOWN,0x1351500c6a3f3ddfe0ecba3d1ff6b094c74a5b416b11322295e019836554d002,False,-25.549,Up,0.51098,v1,3,sol_5m_v1,0,True,2,False,1,False,2,False
1779389410387407,2026-05-21 18:50:10.387407,poly_updown_sol_5m_v3_3,False,sol_5m_v3_3,SOL,5m,DOWN,0x1351500c6a3f3ddfe0ecba3d1ff6b094c74a5b416b11322295e019836554d002,False,-25.549,Up,0.51098,v1,3,sol_5m_v1,0,True,2,False,1,False,2,False
1779389410391171,2026-05-21 18:50:10.391171,poly_updown_eth_5m_sniper_DOWN_INV,False,eth_5m_sniper_DOWN_INV,ETH,5m,UP,0xcbff18cf9d072e73fcdcacca330c041fb29a28b65093bb88dacf2766bfd56a39,True,21.72640988,Up,0.53,v1,INV,eth_5m_v1,0,False,2,True,1,False,1,False
1779389410391171,2026-05-21 18:50:10.391171,poly_updown_eth_5m_sniper_DOWN_INV,False,eth_5m_sniper_DOWN_INV,ETH,5m,UP,0xcbff18cf9d072e73fcdcacca330c041fb29a28b65093bb88dacf2766bfd56a39,True,21.72640988,Up,0.53,v1,INV,eth_5m_v1,0,False,2,True,1,False,1,False
1779389410391171,2026-05-21 18:50:10.391171,poly_updown_eth_5m_sniper_DOWN_INV,False,eth_5m_sniper_DOWN_INV,ETH,5m,UP,0xcbff18cf9d072e73fcdcacca330c041fb29a28b65093bb88dacf2766bfd56a39,True,21.55912584,Up,0.5336187984685116,v1,INV,eth_5m_v1,0,False,2,True,1,False,1,False
1779389410391171,2026-05-21 18:50:10.391171,poly_updown_eth_5m_sniper_DOWN_INV,False,eth_5m_sniper_DOWN_INV,ETH,5m,UP,0xcbff18cf9d072e73fcdcacca330c041fb29a28b65093bb88dacf2766bfd56a39,True,21.55912584,Up,0.5336187984685116,v1,INV,eth_5m_v1,0,False,2,True,1,False,1,False
1779389410391639,2026-05-21 18:50:10.391639,poly_updown_sol_5m_v3_1,False,sol_5m_v3_1,SOL,5m,DOWN,0x1351500c6a3f3ddfe0ecba3d1ff6b094c74a5b416b11322295e019836554d002,False,-25.549,Up,0.51098,v1,1,sol_5m_v1,0,True,2,False,1,False,2,False
1779389410391639,2026-05-21 18:50:10.391639,poly_updown_sol_5m_v3_1,False,sol_5m_v3_1,SOL,5m,DOWN,0x1351500c6a3f3ddfe0ecba3d1ff6b094c74a5b416b11322295e019836554d002,False,-25.549,Up,0.51098,v1,1,sol_5m_v1,0,True,2,False,1,False,2,False
1779389410392974,2026-05-21 18:50:10.392974,poly_updown_sol_5m_v3,False,sol_5m_v3,SOL,5m,DOWN,0x1351500c6a3f3ddfe0ecba3d1ff6b094c74a5b416b11322295e019836554d002,False,-25.549,Up,0.51098,v1,v3,sol_5m_v1,0,True,2,False,1,False,2,False
1779389410392974,2026-05-21 18:50:10.392974,poly_updown_sol_5m_v3,False,sol_5m_v3,SOL,5m,DOWN,0x1351500c6a3f3ddfe0ecba3d1ff6b094c74a5b416b11322295e019836554d002,False,-25.549,Up,0.51098,v1,v3,sol_5m_v1,0,True,2,False,1,False,2,False
1779389410396636,2026-05-21 18:50:10.396636,poly_updown_sol_5m_sniper,False,sol_5m_sniper,SOL,5m,DOWN,0x1351500c6a3f3ddfe0ecba3d1ff6b094c74a5b416b11322295e019836554d002,False,-25.549,Up,0.51098,v1,sniper,sol_5m_v1,0,True,2,False,1,False,2,False
1779389410396636,2026-05-21 18:50:10.396636,poly_updown_sol_5m_sniper,False,sol_5m_sniper,SOL,5m,DOWN,0x1351500c6a3f3ddfe0ecba3d1ff6b094c74a5b416b11322295e019836554d002,False,-25.549,Up,0.51098,v1,sniper,sol_5m_v1,0,True,2,False,1,False,2,False
1779389700668932,2026-05-21 18:55:00.668932,poly_updown_eth_5m_sniper,False,eth_5m_sniper,ETH,5m,DOWN,0x9019e28aa6eac9f1246c26814783144c13746d97c49bc29c2d9f254ba350186f,False,-25.1707,Up,0.4933457989353278,v1,sniper,eth_5m_v1,0,True,0,True,0,True,1,False
1779389700668932,2026-05-21 18:55:00.668932,poly_updown_eth_5m_sniper,False,eth_5m_sniper,ETH,5m,DOWN,0x9019e28aa6eac9f1246c26814783144c13746d97c49bc29c2d9f254ba350186f,False,-25.1707,Up,0.4933457989353278,v1,sniper,eth_5m_v1,0,True,0,True,0,True,1,False
1779389700668932,2026-05-21 18:55:00.668932,poly_updown_eth_5m_sniper,False,eth_5m_sniper,ETH,5m,DOWN,0x9019e28aa6eac9f1246c26814783144c13746d97c49bc29c2d9f254ba350186f,False,-25.481417,Up,0.4892435195158524,v1,sniper,eth_5m_v1,0,True,0,True,0,True,1,False
1779389700668932,2026-05-21 18:55:00.668932,poly_updown_eth_5m_sniper,False,eth_5m_sniper,ETH,5m,DOWN,0x9019e28aa6eac9f1246c26814783144c13746d97c49bc29c2d9f254ba350186f,False,-25.481417,Up,0.4892435195158524,v1,sniper,eth_5m_v1,0,True,0,True,0,True,1,False
1779389700674780,2026-05-21 18:55:00.674780,poly_updown_btc_5m_sniper,False,btc_5m_sniper,BTC,5m,DOWN,0x6d288676731d14f8abc7ccf4c7a9991de22efb42ce839d61c0b437b7dd6825df,False,4.89,Up,0.5,v1,sniper,btc_5m_v1,0,True,1,False,0,True,1,False
1779389700674780,2026-05-21 18:55:00.674780,poly_updown_btc_5m_sniper,False,btc_5m_sniper,BTC,5m,DOWN,0x6d288676731d14f8abc7ccf4c7a9991de22efb42ce839d61c0b437b7dd6825df,False,4.89,Up,0.5,v1,sniper,btc_5m_v1,0,True,1,False,0,True,1,False
1779389700674780,2026-05-21 18:55:00.674780,poly_updown_btc_5m_sniper,False,btc_5m_sniper,BTC,5m,DOWN,0x6d288676731d14f8abc7ccf4c7a9991de22efb42ce839d61c0b437b7dd6825df,False,5.14569512,Up,0.4969443595110975,v1,sniper,btc_5m_v1,0,True,1,False,0,True,1,False
1779389700674780,2026-05-21 18:55:00.674780,poly_updown_btc_5m_sniper,False,btc_5m_sniper,BTC,5m,DOWN,0x6d288676731d14f8abc7ccf4c7a9991de22efb42ce839d61c0b437b7dd6825df,False,5.14569512,Up,0.4969443595110975,v1,sniper,btc_5m_v1,0,True,1,False,0,True,1,False
1779389700680522,2026-05-21 18:55:00.680522,poly_updown_eth_5m_sniper_DOWN_INV,False,eth_5m_sniper_DOWN_INV,ETH,5m,UP,0x9019e28aa6eac9f1246c26814783144c13746d97c49bc29c2d9f254ba350186f,True,21.72640988,Up,0.53,v1,INV,eth_5m_v1,0,False,0,False,0,False,1,False
1779389700680522,2026-05-21 18:55:00.680522,poly_updown_eth_5m_sniper_DOWN_INV,False,eth_5m_sniper_DOWN_INV,ETH,5m,UP,0x9019e28aa6eac9f1246c26814783144c13746d97c49bc29c2d9f254ba350186f,True,21.72640988,Up,0.53,v1,INV,eth_5m_v1,0,False,0,False,0,False,1,False
1779389700680522,2026-05-21 18:55:00.680522,poly_updown_eth_5m_sniper_DOWN_INV,False,eth_5m_sniper_DOWN_INV,ETH,5m,UP,0x9019e28aa6eac9f1246c26814783144c13746d97c49bc29c2d9f254ba350186f,True,21.55912584,Up,0.5336187984685116,v1,INV,eth_5m_v1,0,False,0,False,0,False,1,False
1779389700680522,2026-05-21 18:55:00.680522,poly_updown_eth_5m_sniper_DOWN_INV,False,eth_5m_sniper_DOWN_INV,ETH,5m,UP,0x9019e28aa6eac9f1246c26814783144c13746d97c49bc29c2d9f254ba350186f,True,21.55912584,Up,0.5336187984685116,v1,INV,eth_5m_v1,0,False,0,False,0,False,1,False
1779389709000649,2026-05-21 18:55:09.000649,poly_updown_btc_5m_sniper,False,btc_5m_sniper,BTC,5m,DOWN,0x6d288676731d14f8abc7ccf4c7a9991de22efb42ce839d61c0b437b7dd6825df,False,4.89,Up,0.5,v1,sniper,btc_5m_v1,0,True,1,False,0,True,1,False
1779389709000649,2026-05-21 18:55:09.000649,poly_updown_btc_5m_sniper,False,btc_5m_sniper,BTC,5m,DOWN,0x6d288676731d14f8abc7ccf4c7a9991de22efb42ce839d61c0b437b7dd6825df,False,4.89,Up,0.5,v1,sniper,btc_5m_v1,0,True,1,False,0,True,1,False
1779389709000649,2026-05-21 18:55:09.000649,poly_updown_btc_5m_sniper,False,btc_5m_sniper,BTC,5m,DOWN,0x6d288676731d14f8abc7ccf4c7a9991de22efb42ce839d61c0b437b7dd6825df,False,5.14569512,Up,0.4969443595110975,v1,sniper,btc_5m_v1,0,True,1,False,0,True,1,False
1779389709000649,2026-05-21 18:55:09.000649,poly_updown_btc_5m_sniper,False,btc_5m_sniper,BTC,5m,DOWN,0x6d288676731d14f8abc7ccf4c7a9991de22efb42ce839d61c0b437b7dd6825df,False,5.14569512,Up,0.4969443595110975,v1,sniper,btc_5m_v1,0,True,1,False,0,True,1,False
1779389709022714,2026-05-21 18:55:09.022714,poly_updown_eth_5m_sniper,False,eth_5m_sniper,ETH,5m,DOWN,0x9019e28aa6eac9f1246c26814783144c13746d97c49bc29c2d9f254ba350186f,False,-25.1707,Up,0.4933457989353278,v1,sniper,eth_5m_v1,0,True,0,True,0,True,1,False
1779389709022714,2026-05-21 18:55:09.022714,poly_updown_eth_5m_sniper,False,eth_5m_sniper,ETH,5m,DOWN,0x9019e28aa6eac9f1246c26814783144c13746d97c49bc29c2d9f254ba350186f,False,-25.1707,Up,0.4933457989353278,v1,sniper,eth_5m_v1,0,True,0,True,0,True,1,False
1779389709022714,2026-05-21 18:55:09.022714,poly_updown_eth_5m_sniper,False,eth_5m_sniper,ETH,5m,DOWN,0x9019e28aa6eac9f1246c26814783144c13746d97c49bc29c2d9f254ba350186f,False,-25.481417,Up,0.4892435195158524,v1,sniper,eth_5m_v1,0,True,0,True,0,True,1,False
1779389709022714,2026-05-21 18:55:09.022714,poly_updown_eth_5m_sniper,False,eth_5m_sniper,ETH,5m,DOWN,0x9019e28aa6eac9f1246c26814783144c13746d97c49bc29c2d9f254ba350186f,False,-25.481417,Up,0.4892435195158524,v1,sniper,eth_5m_v1,0,True,0,True,0,True,1,False
1779389709028764,2026-05-21 18:55:09.028764,poly_updown_sol_5m_sniper_INV,False,sol_5m_sniper_INV,SOL,5m,UP,0xbe19c364227c7e66fc9f0af6925874da2fad25c1f62d71bbe2289538bc0b34ab,True,21.72640988,Up,0.53,v1,INV,sol_5m_v1,0,False,2,True,0,False,1,False
1779389709028764,2026-05-21 18:55:09.028764,poly_updown_sol_5m_sniper_INV,False,sol_5m_sniper_INV,SOL,5m,UP,0xbe19c364227c7e66fc9f0af6925874da2fad25c1f62d71bbe2289538bc0b34ab,True,21.72640988,Up,0.53,v1,INV,sol_5m_v1,0,False,2,True,0,False,1,False
1779389709036731,2026-05-21 18:55:09.036731,poly_updown_sol_5m_sniper,False,sol_5m_sniper,SOL,5m,DOWN,0xbe19c364227c7e66fc9f0af6925874da2fad25c1f62d71bbe2289538bc0b34ab,False,-26.2455,Up,0.52491,v1,sniper,sol_5m_v1,0,True,2,False,0,True,1,False
1779389709036731,2026-05-21 18:55:09.036731,poly_updown_sol_5m_sniper,False,sol_5m_sniper,SOL,5m,DOWN,0xbe19c364227c7e66fc9f0af6925874da2fad25c1f62d71bbe2289538bc0b34ab,False,-26.2455,Up,0.52491,v1,sniper,sol_5m_v1,0,True,2,False,0,True,1,False
1779389709048387,2026-05-21 18:55:09.048387,poly_updown_eth_5m_sniper_DOWN_INV,False,eth_5m_sniper_DOWN_INV,ETH,5m,UP,0x9019e28aa6eac9f1246c26814783144c13746d97c49bc29c2d9f254ba350186f,True,21.72640988,Up,0.53,v1,INV,eth_5m_v1,0,False,0,False,0,False,1,False
1779389709048387,2026-05-21 18:55:09.048387,poly_updown_eth_5m_sniper_DOWN_INV,False,eth_5m_sniper_DOWN_INV,ETH,5m,UP,0x9019e28aa6eac9f1246c26814783144c13746d97c49bc29c2d9f254ba350186f,True,21.72640988,Up,0.53,v1,INV,eth_5m_v1,0,False,0,False,0,False,1,False
1779389709048387,2026-05-21 18:55:09.048387,poly_updown_eth_5m_sniper_DOWN_INV,False,eth_5m_sniper_DOWN_INV,ETH,5m,UP,0x9019e28aa6eac9f1246c26814783144c13746d97c49bc29c2d9f254ba350186f,True,21.55912584,Up,0.5336187984685116,v1,INV,eth_5m_v1,0,False,0,False,0,False,1,False
1779389709048387,2026-05-21 18:55:09.048387,poly_updown_eth_5m_sniper_DOWN_INV,False,eth_5m_sniper_DOWN_INV,ETH,5m,UP,0x9019e28aa6eac9f1246c26814783144c13746d97c49bc29c2d9f254ba350186f,True,21.55912584,Up,0.5336187984685116,v1,INV,eth_5m_v1,0,False,0,False,0,False,1,False
1779389761549311,2026-05-21 18:56:01.549311,poly_updown_sol_5m_momo_v2_HEDGE_f7,True,sol_5m_momo_v2_HEDGE,SOL,5m,DOWN,0xbe19c364227c7e66fc9f0af6925874da2fad25c1f62d71bbe2289538bc0b34ab,False,-25.910983,Up,0.4974911919943628,v2,HEDGE,sol_5m_v2,0,True,2,False,0,True,1,False
1779389761549311,2026-05-21 18:56:01.549311,poly_updown_sol_5m_momo_v2_HEDGE_f7,True,sol_5m_momo_v2_HEDGE,SOL,5m,DOWN,0xbe19c364227c7e66fc9f0af6925874da2fad25c1f62d71bbe2289538bc0b34ab,False,-25.910983,Up,0.4974911919943628,v2,HEDGE,sol_5m_v2,0,True,2,False,0,True,1,False
1779389761550148,2026-05-21 18:56:01.550148,poly_updown_btc_5m_momo_v2_HEDGE_f7,True,btc_5m_momo_v2_HEDGE,BTC,5m,DOWN,0x6d288676731d14f8abc7ccf4c7a9991de22efb42ce839d61c0b437b7dd6825df,False,5.49999912,Up,0.49,v2,HEDGE,btc_5m_v2,0,True,1,False,0,True,1,False
1779389761550148,2026-05-21 18:56:01.550148,poly_updown_btc_5m_momo_v2_HEDGE_f7,True,btc_5m_momo_v2_HEDGE,BTC,5m,DOWN,0x6d288676731d14f8abc7ccf4c7a9991de22efb42ce839d61c0b437b7dd6825df,False,5.49999912,Up,0.49,v2,HEDGE,btc_5m_v2,0,True,1,False,0,True,1,False
1779389761550148,2026-05-21 18:56:01.550148,poly_updown_btc_5m_momo_v2_HEDGE_f7,True,btc_5m_momo_v2_HEDGE,BTC,5m,DOWN,0x6d288676731d14f8abc7ccf4c7a9991de22efb42ce839d61c0b437b7dd6825df,False,5.49999912,Up,0.49,v2,HEDGE,btc_5m_v2,0,True,1,False,0,True,1,False
1779389761550148,2026-05-21 18:56:01.550148,poly_updown_btc_5m_momo_v2_HEDGE_f7,True,btc_5m_momo_v2_HEDGE,BTC,5m,DOWN,0x6d288676731d14f8abc7ccf4c7a9991de22efb42ce839d61c0b437b7dd6825df,False,5.49999912,Up,0.49,v2,HEDGE,btc_5m_v2,0,True,1,False,0,True,1,False
1779389761550148,2026-05-21 18:56:01.550148,poly_updown_btc_5m_momo_v2_HEDGE_f7,True,btc_5m_momo_v2_HEDGE,BTC,5m,DOWN,0x6d288676731d14f8abc7ccf4c7a9991de22efb42ce839d61c0b437b7dd6825df,False,5.49999912,Up,0.49,v2,HEDGE,btc_5m_v2,0,True,1,False,0,True,1,False
1779389761550148,2026-05-21 18:56:01.550148,poly_updown_btc_5m_momo_v2_HEDGE_f7,True,btc_5m_momo_v2_HEDGE,BTC,5m,DOWN,0x6d288676731d14f8abc7ccf4c7a9991de22efb42ce839d61c0b437b7dd6825df,False,5.49999912,Up,0.49,v2,HEDGE,btc_5m_v2,0,True,1,False,0,True,1,False
1779389761550148,2026-05-21 18:56:01.550148,poly_updown_btc_5m_momo_v2_HEDGE_f7,True,btc_5m_momo_v2_HEDGE,BTC,5m,DOWN,0x6d288676731d14f8abc7ccf4c7a9991de22efb42ce839d61c0b437b7dd6825df,False,5.49999912,Up,0.49,v2,HEDGE,btc_5m_v2,0,True,1,False,0,True,1,False
1779389761550148,2026-05-21 18:56:01.550148,poly_updown_btc_5m_momo_v2_HEDGE_f7,True,btc_5m_momo_v2_HEDGE,BTC,5m,DOWN,0x6d288676731d14f8abc7ccf4c7a9991de22efb42ce839d61c0b437b7dd6825df,False,5.49999912,Up,0.49,v2,HEDGE,btc_5m_v2,0,True,1,False,0,True,1,False
1779389761555923,2026-05-21 18:56:01.555923,poly_updown_btc_5m_momo_v2_SELL_f7,True,btc_5m_momo_v2_SELL,BTC,5m,DOWN,0x6d288676731d14f8abc7ccf4c7a9991de22efb42ce839d61c0b437b7dd6825df,True,6.122448,exited_at_bid,0.49,v2,SELL,btc_5m_v2,0,True,1,False,0,True,1,False
1779389761555923,2026-05-21 18:56:01.555923,poly_updown_btc_5m_momo_v2_SELL_f7,True,btc_5m_momo_v2_SELL,BTC,5m,DOWN,0x6d288676731d14f8abc7ccf4c7a9991de22efb42ce839d61c0b437b7dd6825df,True,6.122448,exited_at_bid,0.49,v2,SELL,btc_5m_v2,0,True,1,False,0,True,1,False
1779389761555923,2026-05-21 18:56:01.555923,poly_updown_btc_5m_momo_v2_SELL_f7,True,btc_5m_momo_v2_SELL,BTC,5m,DOWN,0x6d288676731d14f8abc7ccf4c7a9991de22efb42ce839d61c0b437b7dd6825df,True,6.122448,exited_at_bid,0.49,v2,SELL,btc_5m_v2,0,True,1,False,0,True,1,False
1779389761555923,2026-05-21 18:56:01.555923,poly_updown_btc_5m_momo_v2_SELL_f7,True,btc_5m_momo_v2_SELL,BTC,5m,DOWN,0x6d288676731d14f8abc7ccf4c7a9991de22efb42ce839d61c0b437b7dd6825df,True,6.122448,exited_at_bid,0.49,v2,SELL,btc_5m_v2,0,True,1,False,0,True,1,False
1779389761556219,2026-05-21 18:56:01.556219,poly_updown_btc_5m_momo_v2_HOLD_f7,True,btc_5m_momo_v2_HOLD,BTC,5m,DOWN,0x6d288676731d14f8abc7ccf4c7a9991de22efb42ce839d61c0b437b7dd6825df,False,-24.999996,Up,0.49,v2,HOLD,btc_5m_v2,0,True,1,False,0,True,1,False
1779389761556219,2026-05-21 18:56:01.556219,poly_updown_btc_5m_momo_v2_HOLD_f7,True,btc_5m_momo_v2_HOLD,BTC,5m,DOWN,0x6d288676731d14f8abc7ccf4c7a9991de22efb42ce839d61c0b437b7dd6825df,False,-24.999996,Up,0.49,v2,HOLD,btc_5m_v2,0,True,1,False,0,True,1,False
1779389761556219,2026-05-21 18:56:01.556219,poly_updown_btc_5m_momo_v2_HOLD_f7,True,btc_5m_momo_v2_HOLD,BTC,5m,DOWN,0x6d288676731d14f8abc7ccf4c7a9991de22efb42ce839d61c0b437b7dd6825df,False,-24.999996,Up,0.49,v2,HOLD,btc_5m_v2,0,True,1,False,0,True,1,False
1779389761556219,2026-05-21 18:56:01.556219,poly_updown_btc_5m_momo_v2_HOLD_f7,True,btc_5m_momo_v2_HOLD,BTC,5m,DOWN,0x6d288676731d14f8abc7ccf4c7a9991de22efb42ce839d61c0b437b7dd6825df,False,-24.999996,Up,0.49,v2,HOLD,btc_5m_v2,0,True,1,False,0,True,1,False
1779389761557710,2026-05-21 18:56:01.557710,poly_updown_sol_5m_momo_v2_HOLD_f7,True,sol_5m_momo_v2_HOLD,SOL,5m,DOWN,0xbe19c364227c7e66fc9f0af6925874da2fad25c1f62d71bbe2289538bc0b34ab,False,-25.910983,Up,0.4974911919943628,v2,HOLD,sol_5m_v2,0,True,2,False,0,True,1,False
1779389761557710,2026-05-21 18:56:01.557710,poly_updown_sol_5m_momo_v2_HOLD_f7,True,sol_5m_momo_v2_HOLD,SOL,5m,DOWN,0xbe19c364227c7e66fc9f0af6925874da2fad25c1f62d71bbe2289538bc0b34ab,False,-25.910983,Up,0.4974911919943628,v2,HOLD,sol_5m_v2,0,True,2,False,0,True,1,False
1779389761620854,2026-05-21 18:56:01.620854,poly_updown_sol_5m_momo_v2_SELL_f7,True,sol_5m_momo_v2_SELL,SOL,5m,DOWN,0xbe19c364227c7e66fc9f0af6925874da2fad25c1f62d71bbe2289538bc0b34ab,False,-25.910983,Up,0.4974911919943628,v2,SELL,sol_5m_v2,0,True,2,False,0,True,1,False
1779389761620854,2026-05-21 18:56:01.620854,poly_updown_sol_5m_momo_v2_SELL_f7,True,sol_5m_momo_v2_SELL,SOL,5m,DOWN,0xbe19c364227c7e66fc9f0af6925874da2fad25c1f62d71bbe2289538bc0b34ab,False,-25.910983,Up,0.4974911919943628,v2,SELL,sol_5m_v2,0,True,2,False,0,True,1,False
1779389770154897,2026-05-21 18:56:10.154897,poly_updown_btc_5m_momo_v2_HEDGE_f7,True,btc_5m_momo_v2_HEDGE,BTC,5m,DOWN,0x6d288676731d14f8abc7ccf4c7a9991de22efb42ce839d61c0b437b7dd6825df,False,5.49999912,Up,0.49,v2,HEDGE,btc_5m_v2,0,True,1,False,0,True,1,False
1779389770154897,2026-05-21 18:56:10.154897,poly_updown_btc_5m_momo_v2_HEDGE_f7,True,btc_5m_momo_v2_HEDGE,BTC,5m,DOWN,0x6d288676731d14f8abc7ccf4c7a9991de22efb42ce839d61c0b437b7dd6825df,False,5.49999912,Up,0.49,v2,HEDGE,btc_5m_v2,0,True,1,False,0,True,1,False
1779389770154897,2026-05-21 18:56:10.154897,poly_updown_btc_5m_momo_v2_HEDGE_f7,True,btc_5m_momo_v2_HEDGE,BTC,5m,DOWN,0x6d288676731d14f8abc7ccf4c7a9991de22efb42ce839d61c0b437b7dd6825df,False,5.49999912,Up,0.49,v2,HEDGE,btc_5m_v2,0,True,1,False,0,True,1,False
1779389770154897,2026-05-21 18:56:10.154897,poly_updown_btc_5m_momo_v2_HEDGE_f7,True,btc_5m_momo_v2_HEDGE,BTC,5m,DOWN,0x6d288676731d14f8abc7ccf4c7a9991de22efb42ce839d61c0b437b7dd6825df,False,5.49999912,Up,0.49,v2,HEDGE,btc_5m_v2,0,True,1,False,0,True,1,False
1779389770154897,2026-05-21 18:56:10.154897,poly_updown_btc_5m_momo_v2_HEDGE_f7,True,btc_5m_momo_v2_HEDGE,BTC,5m,DOWN,0x6d288676731d14f8abc7ccf4c7a9991de22efb42ce839d61c0b437b7dd6825df,False,5.49999912,Up,0.49,v2,HEDGE,btc_5m_v2,0,True,1,False,0,True,1,False
1779389770154897,2026-05-21 18:56:10.154897,poly_updown_btc_5m_momo_v2_HEDGE_f7,True,btc_5m_momo_v2_HEDGE,BTC,5m,DOWN,0x6d288676731d14f8abc7ccf4c7a9991de22efb42ce839d61c0b437b7dd6825df,False,5.49999912,Up,0.49,v2,HEDGE,btc_5m_v2,0,True,1,False,0,True,1,False
1779389770154897,2026-05-21 18:56:10.154897,poly_updown_btc_5m_momo_v2_HEDGE_f7,True,btc_5m_momo_v2_HEDGE,BTC,5m,DOWN,0x6d288676731d14f8abc7ccf4c7a9991de22efb42ce839d61c0b437b7dd6825df,False,5.49999912,Up,0.49,v2,HEDGE,btc_5m_v2,0,True,1,False,0,True,1,False
1779389770154897,2026-05-21 18:56:10.154897,poly_updown_btc_5m_momo_v2_HEDGE_f7,True,btc_5m_momo_v2_HEDGE,BTC,5m,DOWN,0x6d288676731d14f8abc7ccf4c7a9991de22efb42ce839d61c0b437b7dd6825df,False,5.49999912,Up,0.49,v2,HEDGE,btc_5m_v2,0,True,1,False,0,True,1,False
1779389770156609,2026-05-21 18:56:10.156609,poly_updown_btc_5m_momo_v2_SELL_f7,True,btc_5m_momo_v2_SELL,BTC,5m,DOWN,0x6d288676731d14f8abc7ccf4c7a9991de22efb42ce839d61c0b437b7dd6825df,True,6.122448,exited_at_bid,0.49,v2,SELL,btc_5m_v2,0,True,1,False,0,True,1,False
1779389770156609,2026-05-21 18:56:10.156609,poly_updown_btc_5m_momo_v2_SELL_f7,True,btc_5m_momo_v2_SELL,BTC,5m,DOWN,0x6d288676731d14f8abc7ccf4c7a9991de22efb42ce839d61c0b437b7dd6825df,True,6.122448,exited_at_bid,0.49,v2,SELL,btc_5m_v2,0,True,1,False,0,True,1,False
1779389770156609,2026-05-21 18:56:10.156609,poly_updown_btc_5m_momo_v2_SELL_f7,True,btc_5m_momo_v2_SELL,BTC,5m,DOWN,0x6d288676731d14f8abc7ccf4c7a9991de22efb42ce839d61c0b437b7dd6825df,True,6.122448,exited_at_bid,0.49,v2,SELL,btc_5m_v2,0,True,1,False,0,True,1,False
1779389770156609,2026-05-21 18:56:10.156609,poly_updown_btc_5m_momo_v2_SELL_f7,True,btc_5m_momo_v2_SELL,BTC,5m,DOWN,0x6d288676731d14f8abc7ccf4c7a9991de22efb42ce839d61c0b437b7dd6825df,True,6.122448,exited_at_bid,0.49,v2,SELL,btc_5m_v2,0,True,1,False,0,True,1,False
1779389770158305,2026-05-21 18:56:10.158305,poly_updown_btc_5m_momo_v2_HOLD_f7,True,btc_5m_momo_v2_HOLD,BTC,5m,DOWN,0x6d288676731d14f8abc7ccf4c7a9991de22efb42ce839d61c0b437b7dd6825df,False,-24.999996,Up,0.49,v2,HOLD,btc_5m_v2,0,True,1,False,0,True,1,False
1779389770158305,2026-05-21 18:56:10.158305,poly_updown_btc_5m_momo_v2_HOLD_f7,True,btc_5m_momo_v2_HOLD,BTC,5m,DOWN,0x6d288676731d14f8abc7ccf4c7a9991de22efb42ce839d61c0b437b7dd6825df,False,-24.999996,Up,0.49,v2,HOLD,btc_5m_v2,0,True,1,False,0,True,1,False
1779389770158305,2026-05-21 18:56:10.158305,poly_updown_btc_5m_momo_v2_HOLD_f7,True,btc_5m_momo_v2_HOLD,BTC,5m,DOWN,0x6d288676731d14f8abc7ccf4c7a9991de22efb42ce839d61c0b437b7dd6825df,False,-24.999996,Up,0.49,v2,HOLD,btc_5m_v2,0,True,1,False,0,True,1,False
1779389770158305,2026-05-21 18:56:10.158305,poly_updown_btc_5m_momo_v2_HOLD_f7,True,btc_5m_momo_v2_HOLD,BTC,5m,DOWN,0x6d288676731d14f8abc7ccf4c7a9991de22efb42ce839d61c0b437b7dd6825df,False,-24.999996,Up,0.49,v2,HOLD,btc_5m_v2,0,True,1,False,0,True,1,False
1779390603970639,2026-05-21 19:10:03.970639,poly_updown_btc_5m_v3,False,btc_5m_v3,BTC,5m,UP,0x27f459c4931c30ec26627828ce3e7bd6ac4a0dbbf4f19f0dc09bb438c08de1d6,True,23.53921192,Up,0.51,v1,v3,btc_5m_v1,1,False,0,False,1,False,0,False
1779390603970639,2026-05-21 19:10:03.970639,poly_updown_btc_5m_v3,False,btc_5m_v3,BTC,5m,UP,0x27f459c4931c30ec26627828ce3e7bd6ac4a0dbbf4f19f0dc09bb438c08de1d6,True,23.53921192,Up,0.51,v1,v3,btc_5m_v1,1,False,0,False,1,False,0,False
1779390603970639,2026-05-21 19:10:03.970639,poly_updown_btc_5m_v3,False,btc_5m_v3,BTC,5m,UP,0x27f459c4931c30ec26627828ce3e7bd6ac4a0dbbf4f19f0dc09bb438c08de1d6,True,23.53921192,Up,0.51,v1,v3,btc_5m_v1,1,False,0,False,1,False,0,False
1779390603976759,2026-05-21 19:10:03.976759,poly_updown_eth_5m_sniper,False,eth_5m_sniper,ETH,5m,UP,0xe98c073349369843523f9e4700e5e1fb7bf7882f2a242d372e183f3bc9d2af14,True,22.97356376,Up,0.5217747186839549,v1,sniper,eth_5m_v1,1,False,0,False,1,False,0,False
1779390603976759,2026-05-21 19:10:03.976759,poly_updown_eth_5m_sniper,False,eth_5m_sniper,ETH,5m,UP,0xe98c073349369843523f9e4700e5e1fb7bf7882f2a242d372e183f3bc9d2af14,True,22.97356376,Up,0.5217747186839549,v1,sniper,eth_5m_v1,1,False,0,False,1,False,0,False
1779390603976759,2026-05-21 19:10:03.976759,poly_updown_eth_5m_sniper,False,eth_5m_sniper,ETH,5m,UP,0xe98c073349369843523f9e4700e5e1fb7bf7882f2a242d372e183f3bc9d2af14,True,22.97356376,Up,0.5217747186839549,v1,sniper,eth_5m_v1,1,False,0,False,1,False,0,False
1779390603977048,2026-05-21 19:10:03.977048,poly_updown_btc_5m_v3_2,False,btc_5m_v3_2,BTC,5m,UP,0x27f459c4931c30ec26627828ce3e7bd6ac4a0dbbf4f19f0dc09bb438c08de1d6,True,23.53921192,Up,0.51,v1,2,btc_5m_v1,1,False,0,False,1,False,0,False
1779390603977048,2026-05-21 19:10:03.977048,poly_updown_btc_5m_v3_2,False,btc_5m_v3_2,BTC,5m,UP,0x27f459c4931c30ec26627828ce3e7bd6ac4a0dbbf4f19f0dc09bb438c08de1d6,True,23.53921192,Up,0.51,v1,2,btc_5m_v1,1,False,0,False,1,False,0,False
1779390603977048,2026-05-21 19:10:03.977048,poly_updown_btc_5m_v3_2,False,btc_5m_v3_2,BTC,5m,UP,0x27f459c4931c30ec26627828ce3e7bd6ac4a0dbbf4f19f0dc09bb438c08de1d6,True,23.53921192,Up,0.51,v1,2,btc_5m_v1,1,False,0,False,1,False,0,False
1779390603977048,2026-05-21 19:10:03.977048,poly_updown_btc_5m_v3_2,False,btc_5m_v3_2,BTC,5m,UP,0x27f459c4931c30ec26627828ce3e7bd6ac4a0dbbf4f19f0dc09bb438c08de1d6,True,23.53921192,Up,0.51,v1,2,btc_5m_v1,1,False,0,False,1,False,0,False
1779390603977729,2026-05-21 19:10:03.977729,poly_updown_btc_5m_sniper,False,btc_5m_sniper,BTC,5m,UP,0x27f459c4931c30ec26627828ce3e7bd6ac4a0dbbf4f19f0dc09bb438c08de1d6,True,23.53921192,Up,0.51,v1,sniper,btc_5m_v1,1,False,0,False,1,False,0,False
1779390603977729,2026-05-21 19:10:03.977729,poly_updown_btc_5m_sniper,False,btc_5m_sniper,BTC,5m,UP,0x27f459c4931c30ec26627828ce3e7bd6ac4a0dbbf4f19f0dc09bb438c08de1d6,True,23.53921192,Up,0.51,v1,sniper,btc_5m_v1,1,False,0,False,1,False,0,False
1779390603977729,2026-05-21 19:10:03.977729,poly_updown_btc_5m_sniper,False,btc_5m_sniper,BTC,5m,UP,0x27f459c4931c30ec26627828ce3e7bd6ac4a0dbbf4f19f0dc09bb438c08de1d6,True,23.53921192,Up,0.51,v1,sniper,btc_5m_v1,1,False,0,False,1,False,0,False
1779390603977729,2026-05-21 19:10:03.977729,poly_updown_btc_5m_sniper,False,btc_5m_sniper,BTC,5m,UP,0x27f459c4931c30ec26627828ce3e7bd6ac4a0dbbf4f19f0dc09bb438c08de1d6,True,23.53921192,Up,0.51,v1,sniper,btc_5m_v1,1,False,0,False,1,False,0,False
1779390603991035,2026-05-21 19:10:03.991035,poly_updown_btc_5m_v3_1,False,btc_5m_v3_1,BTC,5m,UP,0x27f459c4931c30ec26627828ce3e7bd6ac4a0dbbf4f19f0dc09bb438c08de1d6,True,23.53921192,Up,0.51,v1,1,btc_5m_v1,1,False,0,False,1,False,0,False
1779390603991035,2026-05-21 19:10:03.991035,poly_updown_btc_5m_v3_1,False,btc_5m_v3_1,BTC,5m,UP,0x27f459c4931c30ec26627828ce3e7bd6ac4a0dbbf4f19f0dc09bb438c08de1d6,True,23.53921192,Up,0.51,v1,1,btc_5m_v1,1,False,0,False,1,False,0,False
1779390603991035,2026-05-21 19:10:03.991035,poly_updown_btc_5m_v3_1,False,btc_5m_v3_1,BTC,5m,UP,0x27f459c4931c30ec26627828ce3e7bd6ac4a0dbbf4f19f0dc09bb438c08de1d6,True,23.53921192,Up,0.51,v1,1,btc_5m_v1,1,False,0,False,1,False,0,False
1779390603991035,2026-05-21 19:10:03.991035,poly_updown_btc_5m_v3_1,False,btc_5m_v3_1,BTC,5m,UP,0x27f459c4931c30ec26627828ce3e7bd6ac4a0dbbf4f19f0dc09bb438c08de1d6,True,23.53921192,Up,0.51,v1,1,btc_5m_v1,1,False,0,False,1,False,0,False
1779390603991816,2026-05-21 19:10:03.991816,poly_updown_btc_5m_v3_3,False,btc_5m_v3_3,BTC,5m,UP,0x27f459c4931c30ec26627828ce3e7bd6ac4a0dbbf4f19f0dc09bb438c08de1d6,True,23.53921192,Up,0.51,v1,3,btc_5m_v1,1,False,0,False,1,False,0,False
1779390603991816,2026-05-21 19:10:03.991816,poly_updown_btc_5m_v3_3,False,btc_5m_v3_3,BTC,5m,UP,0x27f459c4931c30ec26627828ce3e7bd6ac4a0dbbf4f19f0dc09bb438c08de1d6,True,23.53921192,Up,0.51,v1,3,btc_5m_v1,1,False,0,False,1,False,0,False
1779390603991816,2026-05-21 19:10:03.991816,poly_updown_btc_5m_v3_3,False,btc_5m_v3_3,BTC,5m,UP,0x27f459c4931c30ec26627828ce3e7bd6ac4a0dbbf4f19f0dc09bb438c08de1d6,True,23.53921192,Up,0.51,v1,3,btc_5m_v1,1,False,0,False,1,False,0,False
1779390603991816,2026-05-21 19:10:03.991816,poly_updown_btc_5m_v3_3,False,btc_5m_v3_3,BTC,5m,UP,0x27f459c4931c30ec26627828ce3e7bd6ac4a0dbbf4f19f0dc09bb438c08de1d6,True,23.53921192,Up,0.51,v1,3,btc_5m_v1,1,False,0,False,1,False,0,False
1779390603996571,2026-05-21 19:10:03.996571,poly_updown_btc_5m_v4,False,btc_5m_v4,BTC,5m,UP,0x27f459c4931c30ec26627828ce3e7bd6ac4a0dbbf4f19f0dc09bb438c08de1d6,True,23.53921192,Up,0.51,v1,v4,btc_5m_v1,1,False,0,False,1,False,0,False
1779390603996571,2026-05-21 19:10:03.996571,poly_updown_btc_5m_v4,False,btc_5m_v4,BTC,5m,UP,0x27f459c4931c30ec26627828ce3e7bd6ac4a0dbbf4f19f0dc09bb438c08de1d6,True,23.53921192,Up,0.51,v1,v4,btc_5m_v1,1,False,0,False,1,False,0,False
1779390603996571,2026-05-21 19:10:03.996571,poly_updown_btc_5m_v4,False,btc_5m_v4,BTC,5m,UP,0x27f459c4931c30ec26627828ce3e7bd6ac4a0dbbf4f19f0dc09bb438c08de1d6,True,23.53921192,Up,0.51,v1,v4,btc_5m_v1,1,False,0,False,1,False,0,False
1779390603996571,2026-05-21 19:10:03.996571,poly_updown_btc_5m_v4,False,btc_5m_v4,BTC,5m,UP,0x27f459c4931c30ec26627828ce3e7bd6ac4a0dbbf4f19f0dc09bb438c08de1d6,True,23.53921192,Up,0.51,v1,v4,btc_5m_v1,1,False,0,False,1,False,0,False
1779390603998864,2026-05-21 19:10:03.998864,poly_updown_eth_5m_v3_3,False,eth_5m_v3_3,ETH,5m,UP,0xe98c073349369843523f9e4700e5e1fb7bf7882f2a242d372e183f3bc9d2af14,True,22.97356376,Up,0.5217747186839549,v1,3,eth_5m_v1,1,False,0,False,1,False,0,False
1779390603998864,2026-05-21 19:10:03.998864,poly_updown_eth_5m_v3_3,False,eth_5m_v3_3,ETH,5m,UP,0xe98c073349369843523f9e4700e5e1fb7bf7882f2a242d372e183f3bc9d2af14,True,22.97356376,Up,0.5217747186839549,v1,3,eth_5m_v1,1,False,0,False,1,False,0,False
1779390603998864,2026-05-21 19:10:03.998864,poly_updown_eth_5m_v3_3,False,eth_5m_v3_3,ETH,5m,UP,0xe98c073349369843523f9e4700e5e1fb7bf7882f2a242d372e183f3bc9d2af14,True,22.97356376,Up,0.5217747186839549,v1,3,eth_5m_v1,1,False,0,False,1,False,0,False
1779390603998864,2026-05-21 19:10:03.998864,poly_updown_eth_5m_v3_3,False,eth_5m_v3_3,ETH,5m,UP,0xe98c073349369843523f9e4700e5e1fb7bf7882f2a242d372e183f3bc9d2af14,True,22.97356376,Up,0.5217747186839549,v1,3,eth_5m_v1,1,False,0,False,1,False,0,False
1779390604004058,2026-05-21 19:10:04.004058,poly_updown_eth_5m_v3,False,eth_5m_v3,ETH,5m,UP,0xe98c073349369843523f9e4700e5e1fb7bf7882f2a242d372e183f3bc9d2af14,True,22.97356376,Up,0.5217747186839549,v1,v3,eth_5m_v1,1,False,0,False,1,False,0,False
1779390604004058,2026-05-21 19:10:04.004058,poly_updown_eth_5m_v3,False,eth_5m_v3,ETH,5m,UP,0xe98c073349369843523f9e4700e5e1fb7bf7882f2a242d372e183f3bc9d2af14,True,22.97356376,Up,0.5217747186839549,v1,v3,eth_5m_v1,1,False,0,False,1,False,0,False
1779390604004058,2026-05-21 19:10:04.004058,poly_updown_eth_5m_v3,False,eth_5m_v3,ETH,5m,UP,0xe98c073349369843523f9e4700e5e1fb7bf7882f2a242d372e183f3bc9d2af14,True,22.97356376,Up,0.5217747186839549,v1,v3,eth_5m_v1,1,False,0,False,1,False,0,False
1779390604004058,2026-05-21 19:10:04.004058,poly_updown_eth_5m_v3,False,eth_5m_v3,ETH,5m,UP,0xe98c073349369843523f9e4700e5e1fb7bf7882f2a242d372e183f3bc9d2af14,True,22.97356376,Up,0.5217747186839549,v1,v3,eth_5m_v1,1,False,0,False,1,False,0,False
1779390604005347,2026-05-21 19:10:04.005347,poly_updown_eth_5m_v3_2,False,eth_5m_v3_2,ETH,5m,UP,0xe98c073349369843523f9e4700e5e1fb7bf7882f2a242d372e183f3bc9d2af14,True,22.97356376,Up,0.5217747186839549,v1,2,eth_5m_v1,1,False,0,False,1,False,0,False
1779390604005347,2026-05-21 19:10:04.005347,poly_updown_eth_5m_v3_2,False,eth_5m_v3_2,ETH,5m,UP,0xe98c073349369843523f9e4700e5e1fb7bf7882f2a242d372e183f3bc9d2af14,True,22.97356376,Up,0.5217747186839549,v1,2,eth_5m_v1,1,False,0,False,1,False,0,False
1779390604005347,2026-05-21 19:10:04.005347,poly_updown_eth_5m_v3_2,False,eth_5m_v3_2,ETH,5m,UP,0xe98c073349369843523f9e4700e5e1fb7bf7882f2a242d372e183f3bc9d2af14,True,22.97356376,Up,0.5217747186839549,v1,2,eth_5m_v1,1,False,0,False,1,False,0,False
1779390604005347,2026-05-21 19:10:04.005347,poly_updown_eth_5m_v3_2,False,eth_5m_v3_2,ETH,5m,UP,0xe98c073349369843523f9e4700e5e1fb7bf7882f2a242d372e183f3bc9d2af14,True,22.97356376,Up,0.5217747186839549,v1,2,eth_5m_v1,1,False,0,False,1,False,0,False
1779390606066439,2026-05-21 19:10:06.066439,poly_updown_btc_5m_sniper,False,btc_5m_sniper,BTC,5m,UP,0x27f459c4931c30ec26627828ce3e7bd6ac4a0dbbf4f19f0dc09bb438c08de1d6,True,23.53921192,Up,0.51,v1,sniper,btc_5m_v1,1,False,0,False,1,False,0,False
1779390606066439,2026-05-21 19:10:06.066439,poly_updown_btc_5m_sniper,False,btc_5m_sniper,BTC,5m,UP,0x27f459c4931c30ec26627828ce3e7bd6ac4a0dbbf4f19f0dc09bb438c08de1d6,True,23.53921192,Up,0.51,v1,sniper,btc_5m_v1,1,False,0,False,1,False,0,False
1779390606066439,2026-05-21 19:10:06.066439,poly_updown_btc_5m_sniper,False,btc_5m_sniper,BTC,5m,UP,0x27f459c4931c30ec26627828ce3e7bd6ac4a0dbbf4f19f0dc09bb438c08de1d6,True,23.53921192,Up,0.51,v1,sniper,btc_5m_v1,1,False,0,False,1,False,0,False
1779390606066439,2026-05-21 19:10:06.066439,poly_updown_btc_5m_sniper,False,btc_5m_sniper,BTC,5m,UP,0x27f459c4931c30ec26627828ce3e7bd6ac4a0dbbf4f19f0dc09bb438c08de1d6,True,23.53921192,Up,0.51,v1,sniper,btc_5m_v1,1,False,0,False,1,False,0,False
1779390606078708,2026-05-21 19:10:06.078708,poly_updown_btc_5m_v3_2,False,btc_5m_v3_2,BTC,5m,UP,0x27f459c4931c30ec26627828ce3e7bd6ac4a0dbbf4f19f0dc09bb438c08de1d6,True,23.53921192,Up,0.51,v1,2,btc_5m_v1,1,False,0,False,1,False,0,False
1779390606078708,2026-05-21 19:10:06.078708,poly_updown_btc_5m_v3_2,False,btc_5m_v3_2,BTC,5m,UP,0x27f459c4931c30ec26627828ce3e7bd6ac4a0dbbf4f19f0dc09bb438c08de1d6,True,23.53921192,Up,0.51,v1,2,btc_5m_v1,1,False,0,False,1,False,0,False
1779390606078708,2026-05-21 19:10:06.078708,poly_updown_btc_5m_v3_2,False,btc_5m_v3_2,BTC,5m,UP,0x27f459c4931c30ec26627828ce3e7bd6ac4a0dbbf4f19f0dc09bb438c08de1d6,True,23.53921192,Up,0.51,v1,2,btc_5m_v1,1,False,0,False,1,False,0,False
1779390606078708,2026-05-21 19:10:06.078708,poly_updown_btc_5m_v3_2,False,btc_5m_v3_2,BTC,5m,UP,0x27f459c4931c30ec26627828ce3e7bd6ac4a0dbbf4f19f0dc09bb438c08de1d6,True,23.53921192,Up,0.51,v1,2,btc_5m_v1,1,False,0,False,1,False,0,False
1779390606084910,2026-05-21 19:10:06.084910,poly_updown_btc_5m_v3,False,btc_5m_v3,BTC,5m,UP,0x27f459c4931c30ec26627828ce3e7bd6ac4a0dbbf4f19f0dc09bb438c08de1d6,True,23.53921192,Up,0.51,v1,v3,btc_5m_v1,1,False,0,False,1,False,0,False
1779390606084910,2026-05-21 19:10:06.084910,poly_updown_btc_5m_v3,False,btc_5m_v3,BTC,5m,UP,0x27f459c4931c30ec26627828ce3e7bd6ac4a0dbbf4f19f0dc09bb438c08de1d6,True,23.53921192,Up,0.51,v1,v3,btc_5m_v1,1,False,0,False,1,False,0,False
1779390606084910,2026-05-21 19:10:06.084910,poly_updown_btc_5m_v3,False,btc_5m_v3,BTC,5m,UP,0x27f459c4931c30ec26627828ce3e7bd6ac4a0dbbf4f19f0dc09bb438c08de1d6,True,23.53921192,Up,0.51,v1,v3,btc_5m_v1,1,False,0,False,1,False,0,False
1779390606092945,2026-05-21 19:10:06.092945,poly_updown_btc_5m_v3_3,False,btc_5m_v3_3,BTC,5m,UP,0x27f459c4931c30ec26627828ce3e7bd6ac4a0dbbf4f19f0dc09bb438c08de1d6,True,23.53921192,Up,0.51,v1,3,btc_5m_v1,1,False,0,False,1,False,0,False
1779390606092945,2026-05-21 19:10:06.092945,poly_updown_btc_5m_v3_3,False,btc_5m_v3_3,BTC,5m,UP,0x27f459c4931c30ec26627828ce3e7bd6ac4a0dbbf4f19f0dc09bb438c08de1d6,True,23.53921192,Up,0.51,v1,3,btc_5m_v1,1,False,0,False,1,False,0,False
1779390606092945,2026-05-21 19:10:06.092945,poly_updown_btc_5m_v3_3,False,btc_5m_v3_3,BTC,5m,UP,0x27f459c4931c30ec26627828ce3e7bd6ac4a0dbbf4f19f0dc09bb438c08de1d6,True,23.53921192,Up,0.51,v1,3,btc_5m_v1,1,False,0,False,1,False,0,False
1779390606092945,2026-05-21 19:10:06.092945,poly_updown_btc_5m_v3_3,False,btc_5m_v3_3,BTC,5m,UP,0x27f459c4931c30ec26627828ce3e7bd6ac4a0dbbf4f19f0dc09bb438c08de1d6,True,23.53921192,Up,0.51,v1,3,btc_5m_v1,1,False,0,False,1,False,0,False
1779390606093255,2026-05-21 19:10:06.093255,poly_updown_eth_5m_v3,False,eth_5m_v3,ETH,5m,UP,0xe98c073349369843523f9e4700e5e1fb7bf7882f2a242d372e183f3bc9d2af14,True,22.97356376,Up,0.5217747186839549,v1,v3,eth_5m_v1,1,False,0,False,1,False,0,False
1779390606093255,2026-05-21 19:10:06.093255,poly_updown_eth_5m_v3,False,eth_5m_v3,ETH,5m,UP,0xe98c073349369843523f9e4700e5e1fb7bf7882f2a242d372e183f3bc9d2af14,True,22.97356376,Up,0.5217747186839549,v1,v3,eth_5m_v1,1,False,0,False,1,False,0,False
1779390606093255,2026-05-21 19:10:06.093255,poly_updown_eth_5m_v3,False,eth_5m_v3,ETH,5m,UP,0xe98c073349369843523f9e4700e5e1fb7bf7882f2a242d372e183f3bc9d2af14,True,22.97356376,Up,0.5217747186839549,v1,v3,eth_5m_v1,1,False,0,False,1,False,0,False
1779390606093255,2026-05-21 19:10:06.093255,poly_updown_eth_5m_v3,False,eth_5m_v3,ETH,5m,UP,0xe98c073349369843523f9e4700e5e1fb7bf7882f2a242d372e183f3bc9d2af14,True,22.97356376,Up,0.5217747186839549,v1,v3,eth_5m_v1,1,False,0,False,1,False,0,False
1779390606096625,2026-05-21 19:10:06.096625,poly_updown_eth_5m_sniper,False,eth_5m_sniper,ETH,5m,UP,0xe98c073349369843523f9e4700e5e1fb7bf7882f2a242d372e183f3bc9d2af14,True,22.97356376,Up,0.5217747186839549,v1,sniper,eth_5m_v1,1,False,0,False,1,False,0,False
1779390606096625,2026-05-21 19:10:06.096625,poly_updown_eth_5m_sniper,False,eth_5m_sniper,ETH,5m,UP,0xe98c073349369843523f9e4700e5e1fb7bf7882f2a242d372e183f3bc9d2af14,True,22.97356376,Up,0.5217747186839549,v1,sniper,eth_5m_v1,1,False,0,False,1,False,0,False
1779390606096625,2026-05-21 19:10:06.096625,poly_updown_eth_5m_sniper,False,eth_5m_sniper,ETH,5m,UP,0xe98c073349369843523f9e4700e5e1fb7bf7882f2a242d372e183f3bc9d2af14,True,22.97356376,Up,0.5217747186839549,v1,sniper,eth_5m_v1,1,False,0,False,1,False,0,False
1779390606097838,2026-05-21 19:10:06.097838,poly_updown_btc_5m_v4,False,btc_5m_v4,BTC,5m,UP,0x27f459c4931c30ec26627828ce3e7bd6ac4a0dbbf4f19f0dc09bb438c08de1d6,True,23.53921192,Up,0.51,v1,v4,btc_5m_v1,1,False,0,False,1,False,0,False
1779390606097838,2026-05-21 19:10:06.097838,poly_updown_btc_5m_v4,False,btc_5m_v4,BTC,5m,UP,0x27f459c4931c30ec26627828ce3e7bd6ac4a0dbbf4f19f0dc09bb438c08de1d6,True,23.53921192,Up,0.51,v1,v4,btc_5m_v1,1,False,0,False,1,False,0,False
1779390606097838,2026-05-21 19:10:06.097838,poly_updown_btc_5m_v4,False,btc_5m_v4,BTC,5m,UP,0x27f459c4931c30ec26627828ce3e7bd6ac4a0dbbf4f19f0dc09bb438c08de1d6,True,23.53921192,Up,0.51,v1,v4,btc_5m_v1,1,False,0,False,1,False,0,False
1779390606097838,2026-05-21 19:10:06.097838,poly_updown_btc_5m_v4,False,btc_5m_v4,BTC,5m,UP,0x27f459c4931c30ec26627828ce3e7bd6ac4a0dbbf4f19f0dc09bb438c08de1d6,True,23.53921192,Up,0.51,v1,v4,btc_5m_v1,1,False,0,False,1,False,0,False
1779390606102659,2026-05-21 19:10:06.102659,poly_updown_btc_5m_v3_1,False,btc_5m_v3_1,BTC,5m,UP,0x27f459c4931c30ec26627828ce3e7bd6ac4a0dbbf4f19f0dc09bb438c08de1d6,True,23.53921192,Up,0.51,v1,1,btc_5m_v1,1,False,0,False,1,False,0,False
1779390606102659,2026-05-21 19:10:06.102659,poly_updown_btc_5m_v3_1,False,btc_5m_v3_1,BTC,5m,UP,0x27f459c4931c30ec26627828ce3e7bd6ac4a0dbbf4f19f0dc09bb438c08de1d6,True,23.53921192,Up,0.51,v1,1,btc_5m_v1,1,False,0,False,1,False,0,False
1779390606102659,2026-05-21 19:10:06.102659,poly_updown_btc_5m_v3_1,False,btc_5m_v3_1,BTC,5m,UP,0x27f459c4931c30ec26627828ce3e7bd6ac4a0dbbf4f19f0dc09bb438c08de1d6,True,23.53921192,Up,0.51,v1,1,btc_5m_v1,1,False,0,False,1,False,0,False
1779390606102659,2026-05-21 19:10:06.102659,poly_updown_btc_5m_v3_1,False,btc_5m_v3_1,BTC,5m,UP,0x27f459c4931c30ec26627828ce3e7bd6ac4a0dbbf4f19f0dc09bb438c08de1d6,True,23.53921192,Up,0.51,v1,1,btc_5m_v1,1,False,0,False,1,False,0,False
1779390606120874,2026-05-21 19:10:06.120874,poly_updown_eth_5m_v3_2,False,eth_5m_v3_2,ETH,5m,UP,0xe98c073349369843523f9e4700e5e1fb7bf7882f2a242d372e183f3bc9d2af14,True,22.97356376,Up,0.5217747186839549,v1,2,eth_5m_v1,1,False,0,False,1,False,0,False
1779390606120874,2026-05-21 19:10:06.120874,poly_updown_eth_5m_v3_2,False,eth_5m_v3_2,ETH,5m,UP,0xe98c073349369843523f9e4700e5e1fb7bf7882f2a242d372e183f3bc9d2af14,True,22.97356376,Up,0.5217747186839549,v1,2,eth_5m_v1,1,False,0,False,1,False,0,False
1779390606120874,2026-05-21 19:10:06.120874,poly_updown_eth_5m_v3_2,False,eth_5m_v3_2,ETH,5m,UP,0xe98c073349369843523f9e4700e5e1fb7bf7882f2a242d372e183f3bc9d2af14,True,22.97356376,Up,0.5217747186839549,v1,2,eth_5m_v1,1,False,0,False,1,False,0,False
1779390606120874,2026-05-21 19:10:06.120874,poly_updown_eth_5m_v3_2,False,eth_5m_v3_2,ETH,5m,UP,0xe98c073349369843523f9e4700e5e1fb7bf7882f2a242d372e183f3bc9d2af14,True,22.97356376,Up,0.5217747186839549,v1,2,eth_5m_v1,1,False,0,False,1,False,0,False
1779390606127047,2026-05-21 19:10:06.127047,poly_updown_eth_5m_v3_3,False,eth_5m_v3_3,ETH,5m,UP,0xe98c073349369843523f9e4700e5e1fb7bf7882f2a242d372e183f3bc9d2af14,True,22.97356376,Up,0.5217747186839549,v1,3,eth_5m_v1,1,False,0,False,1,False,0,False
1779390606127047,2026-05-21 19:10:06.127047,poly_updown_eth_5m_v3_3,False,eth_5m_v3_3,ETH,5m,UP,0xe98c073349369843523f9e4700e5e1fb7bf7882f2a242d372e183f3bc9d2af14,True,22.97356376,Up,0.5217747186839549,v1,3,eth_5m_v1,1,False,0,False,1,False,0,False
1779390606127047,2026-05-21 19:10:06.127047,poly_updown_eth_5m_v3_3,False,eth_5m_v3_3,ETH,5m,UP,0xe98c073349369843523f9e4700e5e1fb7bf7882f2a242d372e183f3bc9d2af14,True,22.97356376,Up,0.5217747186839549,v1,3,eth_5m_v1,1,False,0,False,1,False,0,False
1779390606127047,2026-05-21 19:10:06.127047,poly_updown_eth_5m_v3_3,False,eth_5m_v3_3,ETH,5m,UP,0xe98c073349369843523f9e4700e5e1fb7bf7882f2a242d372e183f3bc9d2af14,True,22.97356376,Up,0.5217747186839549,v1,3,eth_5m_v1,1,False,0,False,1,False,0,False
