ts_us,action,trigger_reason,slug,side,price,size,filled_size,outcome_truth,pnl,up_filled,dn_filled,pair_cost
1778770000000000,POST_BID,post_initial_bid,btc-updown-5m-1778770000,Down,0.5,20.0,,,,,,
1778770000000000,POST_BID,post_initial_bid,btc-updown-5m-1778770000,Down,0.5,20.0,,,,,,
1778770000000000,POST_BID,post_initial_bid,btc-updown-5m-1778770000,Up,0.5,20.0,,,,,,
1778770000000000,POST_BID,post_initial_bid,btc-updown-5m-1778770000,Down,0.5,20.0,,,,,,
1778770000000000,POST_BID,post_initial_bid,btc-updown-5m-1778770000,Down,0.5,20.0,,,,,,
1778770000000000,POST_BID,post_initial_bid,btc-updown-5m-1778770000,Up,0.5,20.0,,,,,,
1778770000000000,POST_BID,post_initial_bid,btc-updown-5m-1778770000,Down,0.5,20.0,,,,,,
1778770000000000,POST_BID,post_initial_bid,btc-updown-5m-1778770000,Up,0.5,20.0,,,,,,
1778770000000000,POST_BID,post_initial_bid,btc-updown-5m-1778770000,Down,0.5,20.0,,,,,,
1778770000000000,POST_BID,post_initial_bid,btc-updown-5m-1778770000,Down,0.5,20.0,,,,,,
1778770000000000,POST_BID,post_initial_bid,btc-updown-5m-1778770000,Up,0.5,20.0,,,,,,
1778770000000000,POST_BID,post_initial_bid,btc-updown-5m-1778770000,Down,0.5,20.0,,,,,,
1778770000000000,POST_BID,post_initial_bid,btc-updown-5m-1778770000,Up,0.5,20.0,,,,,,
1778770000000000,POST_BID,post_initial_bid,btc-updown-5m-1778770000,Down,0.5,20.0,,,,,,
1778770000000000,POST_BID,post_initial_bid,btc-updown-5m-1778770000,Up,0.5,20.0,,,,,,
1778770000000000,POST_BID,post_initial_bid,btc-updown-5m-1778770000,Down,0.5,20.0,,,,,,
1778770000000000,POST_BID,post_initial_bid,btc-updown-5m-1778770000,Down,0.5,20.0,,,,,,
1778770000000000,POST_BID,post_initial_bid,btc-updown-5m-1778770000,Up,0.5,20.0,,,,,,
1778770000000000,POST_BID,post_initial_bid,btc-updown-5m-1778770000,Down,0.5,20.0,,,,,,
1778770000000000,POST_BID,post_initial_bid,btc-updown-5m-1778770000,Down,0.5,20.0,,,,,,
1778770000000000,POST_BID,post_initial_bid,btc-updown-5m-1778770000,Down,0.5,20.0,,,,,,
1778770000000000,POST_BID,post_initial_bid,btc-updown-5m-1778770000,Down,0.5,20.0,,,,,,
1778770000000000,POST_BID,post_initial_bid,btc-updown-5m-1778770000,Up,0.5,20.0,,,,,,
1778770000000000,POST_BID,post_initial_bid,btc-updown-5m-1778770000,Down,0.5,20.0,,,,,,
1778770000000000,POST_BID,post_initial_bid,btc-updown-5m-1778770000,Down,0.5,20.0,,,,,,
1778770000000000,POST_BID,post_initial_bid,btc-updown-5m-1778770000,Down,0.5,20.0,,,,,,
1778770000000000,POST_BID,post_initial_bid,btc-updown-5m-1778770000,Up,0.5,20.0,,,,,,
1778770000000000,POST_BID,post_initial_bid,btc-updown-5m-1778770000,Down,0.5,20.0,,,,,,
1778770000000000,POST_BID,post_initial_bid,btc-updown-5m-1778770000,Up,0.5,20.0,,,,,,
1778770000000000,POST_BID,post_initial_bid,btc-updown-5m-1778770000,Down,0.5,20.0,,,,,,
1778770000000000,POST_BID,post_initial_bid,btc-updown-5m-1778770000,Up,0.5,20.0,,,,,,
1778770000000000,POST_BID,post_initial_bid,btc-updown-5m-1778770000,Up,0.5,20.0,,,,,,
1778770000000000,POST_BID,post_initial_bid,btc-updown-5m-1778770000,Down,0.5,20.0,,,,,,
1778770000000000,POST_BID,post_initial_bid,btc-updown-5m-1778770000,Up,0.5,20.0,,,,,,
1778770000000000,POST_BID,post_initial_bid,btc-updown-5m-1778770000,Down,0.5,20.0,,,,,,
1778770000000000,POST_BID,post_initial_bid,btc-updown-5m-1778770000,Up,0.5,20.0,,,,,,
1778770000000000,POST_BID,post_initial_bid,btc-updown-5m-1778770000,Down,0.5,20.0,,,,,,
1778770000000000,POST_BID,post_initial_bid,btc-updown-5m-1778770000,Down,0.5,20.0,,,,,,
1778770000000000,POST_BID,post_initial_bid,btc-updown-5m-1778770000,Up,0.5,20.0,,,,,,
1778770000000000,POST_BID,post_initial_bid,btc-updown-5m-1778770000,Up,0.5,20.0,,,,,,
1778770000000000,POST_BID,post_initial_bid,btc-updown-5m-1778770000,Up,0.5,20.0,,,,,,
1778770000000000,POST_BID,post_initial_bid,btc-updown-5m-1778770000,Down,0.5,20.0,,,,,,
1778770000000000,POST_BID,post_initial_bid,btc-updown-5m-1778770000,Up,0.5,20.0,,,,,,
1778770000000000,POST_BID,post_initial_bid,btc-updown-5m-1778770000,Down,0.5,20.0,,,,,,
1778770000000000,POST_BID,post_initial_bid,btc-updown-5m-1778770000,Up,0.5,20.0,,,,,,
1778770000000000,POST_BID,post_initial_bid,btc-updown-5m-1778770000,Down,0.5,20.0,,,,,,
1778770000000000,POST_BID,post_initial_bid,btc-updown-5m-1778770000,Down,0.5,20.0,,,,,,
1778770000000000,POST_BID,post_initial_bid,btc-updown-5m-1778770000,Up,0.5,20.0,,,,,,
1778770000000000,POST_BID,post_initial_bid,btc-updown-5m-1778770000,Down,0.5,20.0,,,,,,
1778770000000000,POST_BID,post_initial_bid,btc-updown-5m-1778770000,Up,0.5,20.0,,,,,,
1778770000000000,POST_BID,post_initial_bid,btc-updown-5m-1778770000,Up,0.5,20.0,,,,,,
1778770000000000,POST_BID,post_initial_bid,btc-updown-5m-1778770000,Up,0.5,20.0,,,,,,
1778770000000000,POST_BID,post_initial_bid,btc-updown-5m-1778770000,Up,0.5,20.0,,,,,,
1778770000000000,POST_BID,post_initial_bid,btc-updown-5m-1778770000,Down,0.5,20.0,,,,,,
1778770000000000,POST_BID,post_initial_bid,btc-updown-5m-1778770000,Down,0.5,20.0,,,,,,
1778770000000000,POST_BID,post_initial_bid,btc-updown-5m-1778770000,Up,0.5,20.0,,,,,,
1778770000000000,POST_BID,post_initial_bid,btc-updown-5m-1778770000,Up,0.5,20.0,,,,,,
1778770000000000,POST_BID,post_initial_bid,btc-updown-5m-1778770000,Up,0.5,20.0,,,,,,
1778770000000000,POST_BID,post_initial_bid,btc-updown-5m-1778770000,Up,0.5,20.0,,,,,,
1778770000000000,POST_BID,post_initial_bid,btc-updown-5m-1778770000,Up,0.5,20.0,,,,,,
1778770000000000,POST_BID,post_initial_bid,btc-updown-5m-1778770000,Down,0.5,20.0,,,,,,
1778770000000000,POST_BID,post_initial_bid,btc-updown-5m-1778770000,Down,0.5,20.0,,,,,,
1778770000000000,POST_BID,post_initial_bid,btc-updown-5m-1778770000,Up,0.5,20.0,,,,,,
1778770000000000,POST_BID,post_initial_bid,btc-updown-5m-1778770000,Up,0.5,20.0,,,,,,
1778770000000000,POST_BID,post_initial_bid,btc-updown-5m-1778770000,Up,0.5,20.0,,,,,,
1778770000000000,POST_BID,post_initial_bid,btc-updown-5m-1778770000,Down,0.5,20.0,,,,,,
1778770000000000,POST_BID,post_initial_bid,btc-updown-5m-1778770000,Up,0.5,20.0,,,,,,
1778770000000000,POST_BID,post_initial_bid,btc-updown-5m-1778770000,Up,0.5,20.0,,,,,,
1778770000000000,POST_BID,post_initial_bid,btc-updown-5m-1778770000,Up,0.5,20.0,,,,,,
1778770000000000,POST_BID,post_initial_bid,btc-updown-5m-1778770000,Down,0.5,20.0,,,,,,
1778770000000000,POST_BID,post_initial_bid,btc-updown-5m-1778770000,Down,0.5,20.0,,,,,,
1778770000000000,POST_BID,post_initial_bid,btc-updown-5m-1778770000,Down,0.5,20.0,,,,,,
1778770000000000,POST_BID,post_initial_bid,btc-updown-5m-1778770000,Down,0.5,20.0,,,,,,
1778770000000000,FILL,maker_bid_hit,btc-updown-5m-1778770000,Up,0.5,20.0,20.0,,,,,
1778770000000000,FILL,maker_bid_hit,btc-updown-5m-1778770000,Down,0.5,20.0,20.0,,,,,
1778770000000000,FILL,maker_bid_hit,btc-updown-5m-1778770000,Up,0.5,20.0,20.0,,,,,
1778770000000000,FILL,maker_bid_hit,btc-updown-5m-1778770000,Up,0.5,20.0,20.0,,,,,
1778770000000000,FILL,maker_bid_hit,btc-updown-5m-1778770000,Down,0.5,20.0,20.0,,,,,
1778770000000000,FILL,maker_bid_hit,btc-updown-5m-1778770000,Down,0.5,20.0,20.0,,,,,
1778770000000000,FILL,maker_bid_hit,btc-updown-5m-1778770000,Up,0.5,20.0,20.0,,,,,
1778770000000000,FILL,maker_bid_hit,btc-updown-5m-1778770000,Down,0.5,20.0,20.0,,,,,
1778770000000000,FILL,maker_bid_hit,btc-updown-5m-1778770000,Up,0.5,20.0,20.0,,,,,
1778770000000000,FILL,maker_bid_hit,btc-updown-5m-1778770000,Up,0.5,20.0,20.0,,,,,
1778770000000000,FILL,maker_bid_hit,btc-updown-5m-1778770000,Down,0.5,20.0,20.0,,,,,
1778770000000000,FILL,maker_bid_hit,btc-updown-5m-1778770000,Up,0.5,20.0,20.0,,,,,
1778770000000000,FILL,maker_bid_hit,btc-updown-5m-1778770000,Up,0.5,20.0,20.0,,,,,
1778770000000000,FILL,maker_bid_hit,btc-updown-5m-1778770000,Up,0.5,20.0,20.0,,,,,
1778770000000000,FILL,maker_bid_hit,btc-updown-5m-1778770000,Up,0.5,20.0,20.0,,,,,
1778770000000000,FILL,maker_bid_hit,btc-updown-5m-1778770000,Up,0.5,20.0,20.0,,,,,
1778770300000000,LOG_SLUG_COMPLETE,slug_resolved,btc-updown-5m-1778770000,,,,,Up,-3.3624,,,
1778770300000000,POST_BID,post_initial_bid,btc-updown-5m-1778770300,Up,0.5,20.0,,,,,,
1778770300000000,POST_BID,post_initial_bid,btc-updown-5m-1778770300,Down,0.5,20.0,,,,,,
1778770300000000,POST_BID,post_initial_bid,btc-updown-5m-1778770300,Down,0.5,20.0,,,,,,
1778770300000000,POST_BID,post_initial_bid,btc-updown-5m-1778770300,Down,0.5,20.0,,,,,,
1778770300000000,POST_BID,post_initial_bid,btc-updown-5m-1778770300,Up,0.5,20.0,,,,,,
1778770300000000,POST_BID,post_initial_bid,btc-updown-5m-1778770300,Down,0.5,20.0,,,,,,
1778770300000000,POST_BID,post_initial_bid,btc-updown-5m-1778770300,Up,0.5,20.0,,,,,,
1778770300000000,POST_BID,post_initial_bid,btc-updown-5m-1778770300,Up,0.5,20.0,,,,,,
1778770300000000,POST_BID,post_initial_bid,btc-updown-5m-1778770300,Up,0.5,20.0,,,,,,
1778770300000000,POST_BID,post_initial_bid,btc-updown-5m-1778770300,Down,0.5,20.0,,,,,,
1778770300000000,POST_BID,post_initial_bid,btc-updown-5m-1778770300,Up,0.5,20.0,,,,,,
1778770300000000,POST_BID,post_initial_bid,btc-updown-5m-1778770300,Down,0.5,20.0,,,,,,
1778770300000000,POST_BID,post_initial_bid,btc-updown-5m-1778770300,Down,0.5,20.0,,,,,,
1778770300000000,POST_BID,post_initial_bid,btc-updown-5m-1778770300,Up,0.5,20.0,,,,,,
1778770300000000,POST_BID,post_initial_bid,btc-updown-5m-1778770300,Down,0.5,20.0,,,,,,
1778770300000000,POST_BID,post_initial_bid,btc-updown-5m-1778770300,Up,0.5,20.0,,,,,,
1778770300000000,POST_BID,post_initial_bid,btc-updown-5m-1778770300,Up,0.5,20.0,,,,,,
1778770300000000,POST_BID,post_initial_bid,btc-updown-5m-1778770300,Down,0.5,20.0,,,,,,
1778770300000000,POST_BID,post_initial_bid,btc-updown-5m-1778770300,Down,0.5,20.0,,,,,,
1778770300000000,POST_BID,post_initial_bid,btc-updown-5m-1778770300,Up,0.5,20.0,,,,,,
1778770300000000,POST_BID,post_initial_bid,btc-updown-5m-1778770300,Up,0.5,20.0,,,,,,
1778770300000000,POST_BID,post_initial_bid,btc-updown-5m-1778770300,Down,0.5,20.0,,,,,,
1778770300000000,POST_BID,post_initial_bid,btc-updown-5m-1778770300,Up,0.5,20.0,,,,,,
1778770300000000,POST_BID,post_initial_bid,btc-updown-5m-1778770300,Down,0.5,20.0,,,,,,
1778770300000000,POST_BID,post_initial_bid,btc-updown-5m-1778770300,Down,0.5,20.0,,,,,,
1778770300000000,POST_BID,post_initial_bid,btc-updown-5m-1778770300,Down,0.5,20.0,,,,,,
1778770300000000,POST_BID,post_initial_bid,btc-updown-5m-1778770300,Up,0.5,20.0,,,,,,
1778770300000000,POST_BID,post_initial_bid,btc-updown-5m-1778770300,Up,0.5,20.0,,,,,,
1778770300000000,POST_BID,post_initial_bid,btc-updown-5m-1778770300,Down,0.5,20.0,,,,,,
1778770300000000,POST_BID,post_initial_bid,btc-updown-5m-1778770300,Up,0.5,20.0,,,,,,
1778770300000000,POST_BID,post_initial_bid,btc-updown-5m-1778770300,Down,0.5,20.0,,,,,,
1778770300000000,POST_BID,post_initial_bid,btc-updown-5m-1778770300,Up,0.5,20.0,,,,,,
1778770300000000,POST_BID,post_initial_bid,btc-updown-5m-1778770300,Down,0.5,20.0,,,,,,
1778770300000000,POST_BID,post_initial_bid,btc-updown-5m-1778770300,Down,0.5,20.0,,,,,,
1778770300000000,POST_BID,post_initial_bid,btc-updown-5m-1778770300,Up,0.5,20.0,,,,,,
1778770300000000,POST_BID,post_initial_bid,btc-updown-5m-1778770300,Up,0.5,20.0,,,,,,
1778770300000000,POST_BID,post_initial_bid,btc-updown-5m-1778770300,Down,0.5,20.0,,,,,,
1778770300000000,POST_BID,post_initial_bid,btc-updown-5m-1778770300,Up,0.5,20.0,,,,,,
1778770300000000,POST_BID,post_initial_bid,btc-updown-5m-1778770300,Up,0.5,20.0,,,,,,
1778770300000000,POST_BID,post_initial_bid,btc-updown-5m-1778770300,Down,0.5,20.0,,,,,,
1778770300000000,POST_BID,post_initial_bid,btc-updown-5m-1778770300,Up,0.5,20.0,,,,,,
1778770300000000,POST_BID,post_initial_bid,btc-updown-5m-1778770300,Up,0.5,20.0,,,,,,
1778770300000000,POST_BID,post_initial_bid,btc-updown-5m-1778770300,Down,0.5,20.0,,,,,,
1778770300000000,POST_BID,post_initial_bid,btc-updown-5m-1778770300,Up,0.5,20.0,,,,,,
1778770300000000,POST_BID,post_initial_bid,btc-updown-5m-1778770300,Down,0.5,20.0,,,,,,
1778770300000000,POST_BID,post_initial_bid,btc-updown-5m-1778770300,Up,0.5,20.0,,,,,,
1778770300000000,POST_BID,post_initial_bid,btc-updown-5m-1778770300,Up,0.5,20.0,,,,,,
1778770300000000,POST_BID,post_initial_bid,btc-updown-5m-1778770300,Down,0.5,20.0,,,,,,
1778770300000000,POST_BID,post_initial_bid,btc-updown-5m-1778770300,Up,0.5,20.0,,,,,,
1778770300000000,POST_BID,post_initial_bid,btc-updown-5m-1778770300,Up,0.5,20.0,,,,,,
1778770300000000,POST_BID,post_initial_bid,btc-updown-5m-1778770300,Up,0.5,20.0,,,,,,
1778770300000000,POST_BID,post_initial_bid,btc-updown-5m-1778770300,Down,0.5,20.0,,,,,,
1778770300000000,POST_BID,post_initial_bid,btc-updown-5m-1778770300,Down,0.5,20.0,,,,,,
1778770300000000,POST_BID,post_initial_bid,btc-updown-5m-1778770300,Up,0.5,20.0,,,,,,
1778770300000000,POST_BID,post_initial_bid,btc-updown-5m-1778770300,Down,0.5,20.0,,,,,,
1778770300000000,POST_BID,post_initial_bid,btc-updown-5m-1778770300,Down,0.5,20.0,,,,,,
1778770300000000,POST_BID,post_initial_bid,btc-updown-5m-1778770300,Down,0.5,20.0,,,,,,
1778770300000000,POST_BID,post_initial_bid,btc-updown-5m-1778770300,Down,0.5,20.0,,,,,,
1778770300000000,POST_BID,post_initial_bid,btc-updown-5m-1778770300,Up,0.5,20.0,,,,,,
1778770300000000,POST_BID,post_initial_bid,btc-updown-5m-1778770300,Up,0.5,20.0,,,,,,
1778770300000000,POST_BID,post_initial_bid,btc-updown-5m-1778770300,Down,0.5,20.0,,,,,,
1778770300000000,POST_BID,post_initial_bid,btc-updown-5m-1778770300,Down,0.5,20.0,,,,,,
1778770300000000,POST_BID,post_initial_bid,btc-updown-5m-1778770300,Down,0.5,20.0,,,,,,
1778770300000000,POST_BID,post_initial_bid,btc-updown-5m-1778770300,Down,0.5,20.0,,,,,,
1778770300000000,POST_BID,post_initial_bid,btc-updown-5m-1778770300,Up,0.5,20.0,,,,,,
1778770300000000,POST_BID,post_initial_bid,btc-updown-5m-1778770300,Down,0.5,20.0,,,,,,
1778770300000000,POST_BID,post_initial_bid,btc-updown-5m-1778770300,Up,0.5,20.0,,,,,,
1778770300000000,POST_BID,post_initial_bid,btc-updown-5m-1778770300,Up,0.5,20.0,,,,,,
1778770300000000,POST_BID,post_initial_bid,btc-updown-5m-1778770300,Up,0.5,20.0,,,,,,
1778770300000000,POST_BID,post_initial_bid,btc-updown-5m-1778770300,Down,0.5,20.0,,,,,,
1778770300000000,FILL,maker_bid_hit,btc-updown-5m-1778770300,Up,0.5,20.0,20.0,,,,,
1778770300000000,FILL,maker_bid_hit,btc-updown-5m-1778770300,Down,0.5,20.0,20.0,,,,,
1778770300000000,FILL,maker_bid_hit,btc-updown-5m-1778770300,Down,0.5,20.0,20.0,,,,,
1778770300000000,FILL,maker_bid_hit,btc-updown-5m-1778770300,Up,0.5,20.0,20.0,,,,,
1778770300000000,FILL,maker_bid_hit,btc-updown-5m-1778770300,Up,0.5,20.0,20.0,,,,,
1778770300000000,FILL,maker_bid_hit,btc-updown-5m-1778770300,Up,0.5,20.0,20.0,,,,,
1778770300000000,FILL,maker_bid_hit,btc-updown-5m-1778770300,Down,0.5,20.0,20.0,,,,,
1778770300000000,FILL,maker_bid_hit,btc-updown-5m-1778770300,Up,0.5,20.0,20.0,,,,,
1778770300000000,FILL,maker_bid_hit,btc-updown-5m-1778770300,Down,0.5,20.0,20.0,,,,,
1778770300000000,FILL,maker_bid_hit,btc-updown-5m-1778770300,Down,0.5,20.0,20.0,,,,,
1778770300000000,FILL,maker_bid_hit,btc-updown-5m-1778770300,Up,0.5,20.0,20.0,,,,,
1778770300000000,FILL,maker_bid_hit,btc-updown-5m-1778770300,Down,0.5,20.0,20.0,,,,,
1778770300000000,FILL,maker_bid_hit,btc-updown-5m-1778770300,Up,0.5,20.0,20.0,,,,,
1778770300000000,FILL,maker_bid_hit,btc-updown-5m-1778770300,Down,0.5,20.0,20.0,,,,,
1778770300000000,FILL,maker_bid_hit,btc-updown-5m-1778770300,Down,0.5,20.0,20.0,,,,,
1778770600000000,LOG_SLUG_COMPLETE,slug_resolved,btc-updown-5m-1778770300,,,,,Down,-11.5704,,,
1778770600000000,POST_BID,post_initial_bid,btc-updown-5m-1778770600,Up,0.5,20.0,,,,,,
1778770600000000,POST_BID,post_initial_bid,btc-updown-5m-1778770600,Up,0.5,20.0,,,,,,
1778770600000000,POST_BID,post_initial_bid,btc-updown-5m-1778770600,Up,0.5,20.0,,,,,,
1778770600000000,POST_BID,post_initial_bid,btc-updown-5m-1778770600,Up,0.5,20.0,,,,,,
1778770600000000,POST_BID,post_initial_bid,btc-updown-5m-1778770600,Down,0.5,20.0,,,,,,
1778770600000000,POST_BID,post_initial_bid,btc-updown-5m-1778770600,Up,0.5,20.0,,,,,,
1778770600000000,POST_BID,post_initial_bid,btc-updown-5m-1778770600,Up,0.5,20.0,,,,,,
1778770600000000,POST_BID,post_initial_bid,btc-updown-5m-1778770600,Down,0.5,20.0,,,,,,
1778770600000000,POST_BID,post_initial_bid,btc-updown-5m-1778770600,Up,0.5,20.0,,,,,,
1778770600000000,POST_BID,post_initial_bid,btc-updown-5m-1778770600,Down,0.5,20.0,,,,,,
1778770600000000,POST_BID,post_initial_bid,btc-updown-5m-1778770600,Up,0.5,20.0,,,,,,
1778770600000000,POST_BID,post_initial_bid,btc-updown-5m-1778770600,Down,0.5,20.0,,,,,,
1778770600000000,POST_BID,post_initial_bid,btc-updown-5m-1778770600,Up,0.5,20.0,,,,,,
1778770600000000,POST_BID,post_initial_bid,btc-updown-5m-1778770600,Down,0.5,20.0,,,,,,
1778770600000000,POST_BID,post_initial_bid,btc-updown-5m-1778770600,Down,0.5,20.0,,,,,,
1778770600000000,POST_BID,post_initial_bid,btc-updown-5m-1778770600,Up,0.5,20.0,,,,,,
1778770600000000,POST_BID,post_initial_bid,btc-updown-5m-1778770600,Down,0.5,20.0,,,,,,
1778770600000000,POST_BID,post_initial_bid,btc-updown-5m-1778770600,Down,0.5,20.0,,,,,,
1778770600000000,POST_BID,post_initial_bid,btc-updown-5m-1778770600,Up,0.5,20.0,,,,,,
1778770600000000,POST_BID,post_initial_bid,btc-updown-5m-1778770600,Up,0.5,20.0,,,,,,
1778770600000000,POST_BID,post_initial_bid,btc-updown-5m-1778770600,Up,0.5,20.0,,,,,,
1778770600000000,POST_BID,post_initial_bid,btc-updown-5m-1778770600,Up,0.5,20.0,,,,,,
1778770600000000,POST_BID,post_initial_bid,btc-updown-5m-1778770600,Up,0.5,20.0,,,,,,
1778770600000000,POST_BID,post_initial_bid,btc-updown-5m-1778770600,Down,0.5,20.0,,,,,,
1778770600000000,POST_BID,post_initial_bid,btc-updown-5m-1778770600,Up,0.5,20.0,,,,,,
1778770600000000,POST_BID,post_initial_bid,btc-updown-5m-1778770600,Down,0.5,20.0,,,,,,
1778770600000000,POST_BID,post_initial_bid,btc-updown-5m-1778770600,Down,0.5,20.0,,,,,,
1778770600000000,POST_BID,post_initial_bid,btc-updown-5m-1778770600,Down,0.5,20.0,,,,,,
1778770600000000,POST_BID,post_initial_bid,btc-updown-5m-1778770600,Down,0.5,20.0,,,,,,
1778770600000000,POST_BID,post_initial_bid,btc-updown-5m-1778770600,Down,0.5,20.0,,,,,,
1778770600000000,POST_BID,post_initial_bid,btc-updown-5m-1778770600,Up,0.5,20.0,,,,,,
1778770600000000,POST_BID,post_initial_bid,btc-updown-5m-1778770600,Down,0.5,20.0,,,,,,
1778770600000000,POST_BID,post_initial_bid,btc-updown-5m-1778770600,Up,0.5,20.0,,,,,,
1778770600000000,POST_BID,post_initial_bid,btc-updown-5m-1778770600,Up,0.5,20.0,,,,,,
1778770600000000,POST_BID,post_initial_bid,btc-updown-5m-1778770600,Down,0.5,20.0,,,,,,
1778770600000000,POST_BID,post_initial_bid,btc-updown-5m-1778770600,Up,0.5,20.0,,,,,,
1778770600000000,POST_BID,post_initial_bid,btc-updown-5m-1778770600,Down,0.5,20.0,,,,,,
1778770600000000,POST_BID,post_initial_bid,btc-updown-5m-1778770600,Up,0.5,20.0,,,,,,
1778770600000000,POST_BID,post_initial_bid,btc-updown-5m-1778770600,Up,0.5,20.0,,,,,,
1778770600000000,POST_BID,post_initial_bid,btc-updown-5m-1778770600,Down,0.5,20.0,,,,,,
1778770600000000,POST_BID,post_initial_bid,btc-updown-5m-1778770600,Down,0.5,20.0,,,,,,
1778770600000000,POST_BID,post_initial_bid,btc-updown-5m-1778770600,Up,0.5,20.0,,,,,,
1778770600000000,POST_BID,post_initial_bid,btc-updown-5m-1778770600,Up,0.5,20.0,,,,,,
1778770600000000,POST_BID,post_initial_bid,btc-updown-5m-1778770600,Down,0.5,20.0,,,,,,
1778770600000000,POST_BID,post_initial_bid,btc-updown-5m-1778770600,Down,0.5,20.0,,,,,,
1778770600000000,POST_BID,post_initial_bid,btc-updown-5m-1778770600,Down,0.5,20.0,,,,,,
1778770600000000,POST_BID,post_initial_bid,btc-updown-5m-1778770600,Down,0.5,20.0,,,,,,
1778770600000000,POST_BID,post_initial_bid,btc-updown-5m-1778770600,Up,0.5,20.0,,,,,,
1778770600000000,POST_BID,post_initial_bid,btc-updown-5m-1778770600,Down,0.5,20.0,,,,,,
1778770600000000,POST_BID,post_initial_bid,btc-updown-5m-1778770600,Down,0.5,20.0,,,,,,
1778770600000000,POST_BID,post_initial_bid,btc-updown-5m-1778770600,Up,0.5,20.0,,,,,,
1778770600000000,POST_BID,post_initial_bid,btc-updown-5m-1778770600,Down,0.5,20.0,,,,,,
1778770600000000,POST_BID,post_initial_bid,btc-updown-5m-1778770600,Up,0.5,20.0,,,,,,
1778770600000000,POST_BID,post_initial_bid,btc-updown-5m-1778770600,Down,0.5,20.0,,,,,,
1778770600000000,POST_BID,post_initial_bid,btc-updown-5m-1778770600,Up,0.5,20.0,,,,,,
1778770600000000,POST_BID,post_initial_bid,btc-updown-5m-1778770600,Down,0.5,20.0,,,,,,
1778770600000000,POST_BID,post_initial_bid,btc-updown-5m-1778770600,Up,0.5,20.0,,,,,,
1778770600000000,POST_BID,post_initial_bid,btc-updown-5m-1778770600,Down,0.5,20.0,,,,,,
1778770600000000,POST_BID,post_initial_bid,btc-updown-5m-1778770600,Down,0.5,20.0,,,,,,
1778770600000000,POST_BID,post_initial_bid,btc-updown-5m-1778770600,Up,0.5,20.0,,,,,,
1778770600000000,POST_BID,post_initial_bid,btc-updown-5m-1778770600,Down,0.5,20.0,,,,,,
1778770600000000,POST_BID,post_initial_bid,btc-updown-5m-1778770600,Down,0.5,20.0,,,,,,
1778770600000000,POST_BID,post_initial_bid,btc-updown-5m-1778770600,Up,0.5,20.0,,,,,,
1778770600000000,POST_BID,post_initial_bid,btc-updown-5m-1778770600,Up,0.5,20.0,,,,,,
1778770600000000,FILL,maker_bid_hit,btc-updown-5m-1778770600,Up,0.5,20.0,20.0,,,,,
1778770600000000,FILL,maker_bid_hit,btc-updown-5m-1778770600,Up,0.5,20.0,20.0,,,,,
1778770600000000,FILL,maker_bid_hit,btc-updown-5m-1778770600,Down,0.5,20.0,20.0,,,,,
1778770600000000,FILL,maker_bid_hit,btc-updown-5m-1778770600,Down,0.5,20.0,20.0,,,,,
1778770600000000,FILL,maker_bid_hit,btc-updown-5m-1778770600,Up,0.5,20.0,20.0,,,,,
1778770600000000,FILL,maker_bid_hit,btc-updown-5m-1778770600,Up,0.5,20.0,20.0,,,,,
1778770600000000,FILL,maker_bid_hit,btc-updown-5m-1778770600,Down,0.5,20.0,20.0,,,,,
1778770600000000,FILL,maker_bid_hit,btc-updown-5m-1778770600,Up,0.5,20.0,20.0,,,,,
1778770600000000,FILL,maker_bid_hit,btc-updown-5m-1778770600,Down,0.5,20.0,20.0,,,,,
1778770600000000,FILL,maker_bid_hit,btc-updown-5m-1778770600,Down,0.5,20.0,20.0,,,,,
1778770600000000,FILL,maker_bid_hit,btc-updown-5m-1778770600,Up,0.5,20.0,20.0,,,,,
1778770600000000,FILL,maker_bid_hit,btc-updown-5m-1778770600,Down,0.5,20.0,20.0,,,,,
1778770600000000,FILL,maker_bid_hit,btc-updown-5m-1778770600,Down,0.5,20.0,20.0,,,,,
1778770600000000,FILL,maker_bid_hit,btc-updown-5m-1778770600,Down,0.5,20.0,20.0,,,,,
1778770600000000,FILL,maker_bid_hit,btc-updown-5m-1778770600,Down,0.5,20.0,20.0,,,,,
1778770600000000,FILL,maker_bid_hit,btc-updown-5m-1778770600,Down,0.5,20.0,20.0,,,,,
1778770600000000,FILL,maker_bid_hit,btc-updown-5m-1778770600,Up,0.5,20.0,20.0,,,,,
1778770900000000,LOG_SLUG_COMPLETE,slug_resolved,btc-updown-5m-1778770600,,,,,Up,3.3275,,,
1778770900000000,POST_BID,post_initial_bid,btc-updown-5m-1778770900,Down,0.5,20.0,,,,,,
1778770900000000,POST_BID,post_initial_bid,btc-updown-5m-1778770900,Up,0.5,20.0,,,,,,
1778770900000000,POST_BID,post_initial_bid,btc-updown-5m-1778770900,Up,0.5,20.0,,,,,,
1778770900000000,POST_BID,post_initial_bid,btc-updown-5m-1778770900,Up,0.5,20.0,,,,,,
1778770900000000,POST_BID,post_initial_bid,btc-updown-5m-1778770900,Up,0.5,20.0,,,,,,
1778770900000000,POST_BID,post_initial_bid,btc-updown-5m-1778770900,Down,0.5,20.0,,,,,,
1778770900000000,POST_BID,post_initial_bid,btc-updown-5m-1778770900,Down,0.5,20.0,,,,,,
1778770900000000,POST_BID,post_initial_bid,btc-updown-5m-1778770900,Up,0.5,20.0,,,,,,
1778770900000000,POST_BID,post_initial_bid,btc-updown-5m-1778770900,Up,0.5,20.0,,,,,,
1778770900000000,POST_BID,post_initial_bid,btc-updown-5m-1778770900,Up,0.5,20.0,,,,,,
1778770900000000,POST_BID,post_initial_bid,btc-updown-5m-1778770900,Up,0.5,20.0,,,,,,
1778770900000000,POST_BID,post_initial_bid,btc-updown-5m-1778770900,Up,0.5,20.0,,,,,,
1778770900000000,POST_BID,post_initial_bid,btc-updown-5m-1778770900,Up,0.5,20.0,,,,,,
1778770900000000,POST_BID,post_initial_bid,btc-updown-5m-1778770900,Up,0.5,20.0,,,,,,
1778770900000000,POST_BID,post_initial_bid,btc-updown-5m-1778770900,Up,0.5,20.0,,,,,,
1778770900000000,POST_BID,post_initial_bid,btc-updown-5m-1778770900,Up,0.5,20.0,,,,,,
1778770900000000,POST_BID,post_initial_bid,btc-updown-5m-1778770900,Down,0.5,20.0,,,,,,
1778770900000000,POST_BID,post_initial_bid,btc-updown-5m-1778770900,Down,0.5,20.0,,,,,,
1778770900000000,POST_BID,post_initial_bid,btc-updown-5m-1778770900,Down,0.5,20.0,,,,,,
1778770900000000,POST_BID,post_initial_bid,btc-updown-5m-1778770900,Down,0.5,20.0,,,,,,
1778770900000000,POST_BID,post_initial_bid,btc-updown-5m-1778770900,Up,0.5,20.0,,,,,,
1778770900000000,POST_BID,post_initial_bid,btc-updown-5m-1778770900,Down,0.5,20.0,,,,,,
1778770900000000,POST_BID,post_initial_bid,btc-updown-5m-1778770900,Down,0.5,20.0,,,,,,
1778770900000000,POST_BID,post_initial_bid,btc-updown-5m-1778770900,Down,0.5,20.0,,,,,,
1778770900000000,POST_BID,post_initial_bid,btc-updown-5m-1778770900,Down,0.5,20.0,,,,,,
1778770900000000,POST_BID,post_initial_bid,btc-updown-5m-1778770900,Up,0.5,20.0,,,,,,
1778770900000000,POST_BID,post_initial_bid,btc-updown-5m-1778770900,Down,0.5,20.0,,,,,,
1778770900000000,POST_BID,post_initial_bid,btc-updown-5m-1778770900,Down,0.5,20.0,,,,,,
1778770900000000,POST_BID,post_initial_bid,btc-updown-5m-1778770900,Up,0.5,20.0,,,,,,
1778770900000000,POST_BID,post_initial_bid,btc-updown-5m-1778770900,Up,0.5,20.0,,,,,,
1778770900000000,POST_BID,post_initial_bid,btc-updown-5m-1778770900,Up,0.5,20.0,,,,,,
1778770900000000,POST_BID,post_initial_bid,btc-updown-5m-1778770900,Up,0.5,20.0,,,,,,
1778770900000000,POST_BID,post_initial_bid,btc-updown-5m-1778770900,Up,0.5,20.0,,,,,,
1778770900000000,POST_BID,post_initial_bid,btc-updown-5m-1778770900,Down,0.5,20.0,,,,,,
1778770900000000,POST_BID,post_initial_bid,btc-updown-5m-1778770900,Down,0.5,20.0,,,,,,
1778770900000000,POST_BID,post_initial_bid,btc-updown-5m-1778770900,Up,0.5,20.0,,,,,,
1778770900000000,POST_BID,post_initial_bid,btc-updown-5m-1778770900,Up,0.5,20.0,,,,,,
1778770900000000,POST_BID,post_initial_bid,btc-updown-5m-1778770900,Down,0.5,20.0,,,,,,
1778770900000000,POST_BID,post_initial_bid,btc-updown-5m-1778770900,Up,0.5,20.0,,,,,,
1778770900000000,POST_BID,post_initial_bid,btc-updown-5m-1778770900,Down,0.5,20.0,,,,,,
1778770900000000,POST_BID,post_initial_bid,btc-updown-5m-1778770900,Up,0.5,20.0,,,,,,
1778770900000000,POST_BID,post_initial_bid,btc-updown-5m-1778770900,Down,0.5,20.0,,,,,,
1778770900000000,POST_BID,post_initial_bid,btc-updown-5m-1778770900,Up,0.5,20.0,,,,,,
1778770900000000,POST_BID,post_initial_bid,btc-updown-5m-1778770900,Up,0.5,20.0,,,,,,
1778770900000000,POST_BID,post_initial_bid,btc-updown-5m-1778770900,Up,0.5,20.0,,,,,,
1778770900000000,POST_BID,post_initial_bid,btc-updown-5m-1778770900,Down,0.5,20.0,,,,,,
1778770900000000,POST_BID,post_initial_bid,btc-updown-5m-1778770900,Down,0.5,20.0,,,,,,
1778770900000000,POST_BID,post_initial_bid,btc-updown-5m-1778770900,Up,0.5,20.0,,,,,,
1778770900000000,POST_BID,post_initial_bid,btc-updown-5m-1778770900,Down,0.5,20.0,,,,,,
1778770900000000,POST_BID,post_initial_bid,btc-updown-5m-1778770900,Down,0.5,20.0,,,,,,
1778770900000000,POST_BID,post_initial_bid,btc-updown-5m-1778770900,Up,0.5,20.0,,,,,,
1778770900000000,POST_BID,post_initial_bid,btc-updown-5m-1778770900,Down,0.5,20.0,,,,,,
1778770900000000,POST_BID,post_initial_bid,btc-updown-5m-1778770900,Down,0.5,20.0,,,,,,
1778770900000000,POST_BID,post_initial_bid,btc-updown-5m-1778770900,Down,0.5,20.0,,,,,,
1778770900000000,POST_BID,post_initial_bid,btc-updown-5m-1778770900,Down,0.5,20.0,,,,,,
1778770900000000,POST_BID,post_initial_bid,btc-updown-5m-1778770900,Up,0.5,20.0,,,,,,
1778770900000000,POST_BID,post_initial_bid,btc-updown-5m-1778770900,Up,0.5,20.0,,,,,,
1778770900000000,POST_BID,post_initial_bid,btc-updown-5m-1778770900,Down,0.5,20.0,,,,,,
1778770900000000,POST_BID,post_initial_bid,btc-updown-5m-1778770900,Up,0.5,20.0,,,,,,
1778770900000000,POST_BID,post_initial_bid,btc-updown-5m-1778770900,Down,0.5,20.0,,,,,,
1778770900000000,POST_BID,post_initial_bid,btc-updown-5m-1778770900,Down,0.5,20.0,,,,,,
1778770900000000,POST_BID,post_initial_bid,btc-updown-5m-1778770900,Down,0.5,20.0,,,,,,
1778770900000000,POST_BID,post_initial_bid,btc-updown-5m-1778770900,Down,0.5,20.0,,,,,,
1778770900000000,POST_BID,post_initial_bid,btc-updown-5m-1778770900,Down,0.5,20.0,,,,,,
1778770900000000,POST_BID,post_initial_bid,btc-updown-5m-1778770900,Down,0.5,20.0,,,,,,
1778770900000000,POST_BID,post_initial_bid,btc-updown-5m-1778770900,Up,0.5,20.0,,,,,,
1778770900000000,POST_BID,post_initial_bid,btc-updown-5m-1778770900,Down,0.5,20.0,,,,,,
1778770900000000,POST_BID,post_initial_bid,btc-updown-5m-1778770900,Down,0.5,20.0,,,,,,
1778770900000000,POST_BID,post_initial_bid,btc-updown-5m-1778770900,Up,0.5,20.0,,,,,,
1778770900000000,POST_BID,post_initial_bid,btc-updown-5m-1778770900,Up,0.5,20.0,,,,,,
1778770900000000,POST_BID,post_initial_bid,btc-updown-5m-1778770900,Up,0.5,20.0,,,,,,
1778770900000000,POST_BID,post_initial_bid,btc-updown-5m-1778770900,Down,0.5,20.0,,,,,,
1778770900000000,POST_BID,post_initial_bid,btc-updown-5m-1778770900,Down,0.5,20.0,,,,,,
1778770900000000,POST_BID,post_initial_bid,btc-updown-5m-1778770900,Down,0.5,20.0,,,,,,
1778770900000000,POST_BID,post_initial_bid,btc-updown-5m-1778770900,Down,0.5,20.0,,,,,,
1778770900000000,POST_BID,post_initial_bid,btc-updown-5m-1778770900,Down,0.5,20.0,,,,,,
1778770900000000,POST_BID,post_initial_bid,btc-updown-5m-1778770900,Down,0.5,20.0,,,,,,
1778770900000000,FILL,maker_bid_hit,btc-updown-5m-1778770900,Down,0.5,20.0,20.0,,,,,
1778770900000000,FILL,maker_bid_hit,btc-updown-5m-1778770900,Down,0.5,20.0,20.0,,,,,
1778770900000000,FILL,maker_bid_hit,btc-updown-5m-1778770900,Up,0.5,20.0,20.0,,,,,
1778770900000000,FILL,maker_bid_hit,btc-updown-5m-1778770900,Up,0.5,20.0,20.0,,,,,
1778770900000000,FILL,maker_bid_hit,btc-updown-5m-1778770900,Up,0.5,20.0,20.0,,,,,
1778770900000000,FILL,maker_bid_hit,btc-updown-5m-1778770900,Up,0.5,20.0,20.0,,,,,
1778770900000000,FILL,maker_bid_hit,btc-updown-5m-1778770900,Down,0.5,20.0,20.0,,,,,
1778770900000000,FILL,maker_bid_hit,btc-updown-5m-1778770900,Down,0.5,20.0,20.0,,,,,
1778770900000000,FILL,maker_bid_hit,btc-updown-5m-1778770900,Up,0.5,20.0,20.0,,,,,
1778770900000000,FILL,maker_bid_hit,btc-updown-5m-1778770900,Up,0.5,20.0,20.0,,,,,
1778770900000000,FILL,maker_bid_hit,btc-updown-5m-1778770900,Down,0.5,20.0,20.0,,,,,
1778771200000000,LOG_SLUG_COMPLETE,slug_resolved,btc-updown-5m-1778770900,,,,,Up,-8.4205,,,
1778771200000000,POST_BID,post_initial_bid,btc-updown-5m-1778771200,Up,0.5,20.0,,,,,,
1778771200000000,POST_BID,post_initial_bid,btc-updown-5m-1778771200,Up,0.5,20.0,,,,,,
1778771200000000,POST_BID,post_initial_bid,btc-updown-5m-1778771200,Down,0.5,20.0,,,,,,
1778771200000000,POST_BID,post_initial_bid,btc-updown-5m-1778771200,Up,0.5,20.0,,,,,,
1778771200000000,POST_BID,post_initial_bid,btc-updown-5m-1778771200,Up,0.5,20.0,,,,,,
1778771200000000,POST_BID,post_initial_bid,btc-updown-5m-1778771200,Down,0.5,20.0,,,,,,
1778771200000000,POST_BID,post_initial_bid,btc-updown-5m-1778771200,Up,0.5,20.0,,,,,,
1778771200000000,POST_BID,post_initial_bid,btc-updown-5m-1778771200,Up,0.5,20.0,,,,,,
1778771200000000,POST_BID,post_initial_bid,btc-updown-5m-1778771200,Up,0.5,20.0,,,,,,
1778771200000000,POST_BID,post_initial_bid,btc-updown-5m-1778771200,Up,0.5,20.0,,,,,,
1778771200000000,POST_BID,post_initial_bid,btc-updown-5m-1778771200,Up,0.5,20.0,,,,,,
1778771200000000,POST_BID,post_initial_bid,btc-updown-5m-1778771200,Down,0.5,20.0,,,,,,
1778771200000000,POST_BID,post_initial_bid,btc-updown-5m-1778771200,Down,0.5,20.0,,,,,,
1778771200000000,POST_BID,post_initial_bid,btc-updown-5m-1778771200,Up,0.5,20.0,,,,,,
1778771200000000,POST_BID,post_initial_bid,btc-updown-5m-1778771200,Down,0.5,20.0,,,,,,
1778771200000000,POST_BID,post_initial_bid,btc-updown-5m-1778771200,Down,0.5,20.0,,,,,,
1778771200000000,POST_BID,post_initial_bid,btc-updown-5m-1778771200,Down,0.5,20.0,,,,,,
1778771200000000,POST_BID,post_initial_bid,btc-updown-5m-1778771200,Down,0.5,20.0,,,,,,
1778771200000000,POST_BID,post_initial_bid,btc-updown-5m-1778771200,Down,0.5,20.0,,,,,,
1778771200000000,POST_BID,post_initial_bid,btc-updown-5m-1778771200,Up,0.5,20.0,,,,,,
1778771200000000,POST_BID,post_initial_bid,btc-updown-5m-1778771200,Down,0.5,20.0,,,,,,
1778771200000000,POST_BID,post_initial_bid,btc-updown-5m-1778771200,Up,0.5,20.0,,,,,,
1778771200000000,POST_BID,post_initial_bid,btc-updown-5m-1778771200,Up,0.5,20.0,,,,,,
1778771200000000,POST_BID,post_initial_bid,btc-updown-5m-1778771200,Up,0.5,20.0,,,,,,
1778771200000000,POST_BID,post_initial_bid,btc-updown-5m-1778771200,Up,0.5,20.0,,,,,,
1778771200000000,POST_BID,post_initial_bid,btc-updown-5m-1778771200,Down,0.5,20.0,,,,,,
1778771200000000,POST_BID,post_initial_bid,btc-updown-5m-1778771200,Up,0.5,20.0,,,,,,
1778771200000000,POST_BID,post_initial_bid,btc-updown-5m-1778771200,Down,0.5,20.0,,,,,,
1778771200000000,POST_BID,post_initial_bid,btc-updown-5m-1778771200,Up,0.5,20.0,,,,,,
1778771200000000,POST_BID,post_initial_bid,btc-updown-5m-1778771200,Down,0.5,20.0,,,,,,
1778771200000000,POST_BID,post_initial_bid,btc-updown-5m-1778771200,Up,0.5,20.0,,,,,,
1778771200000000,POST_BID,post_initial_bid,btc-updown-5m-1778771200,Up,0.5,20.0,,,,,,
1778771200000000,POST_BID,post_initial_bid,btc-updown-5m-1778771200,Down,0.5,20.0,,,,,,
1778771200000000,POST_BID,post_initial_bid,btc-updown-5m-1778771200,Up,0.5,20.0,,,,,,
1778771200000000,POST_BID,post_initial_bid,btc-updown-5m-1778771200,Up,0.5,20.0,,,,,,
1778771200000000,POST_BID,post_initial_bid,btc-updown-5m-1778771200,Up,0.5,20.0,,,,,,
1778771200000000,POST_BID,post_initial_bid,btc-updown-5m-1778771200,Down,0.5,20.0,,,,,,
1778771200000000,POST_BID,post_initial_bid,btc-updown-5m-1778771200,Down,0.5,20.0,,,,,,
1778771200000000,POST_BID,post_initial_bid,btc-updown-5m-1778771200,Down,0.5,20.0,,,,,,
1778771200000000,POST_BID,post_initial_bid,btc-updown-5m-1778771200,Down,0.5,20.0,,,,,,
1778771200000000,POST_BID,post_initial_bid,btc-updown-5m-1778771200,Up,0.5,20.0,,,,,,
1778771200000000,POST_BID,post_initial_bid,btc-updown-5m-1778771200,Down,0.5,20.0,,,,,,
1778771200000000,POST_BID,post_initial_bid,btc-updown-5m-1778771200,Down,0.5,20.0,,,,,,
1778771200000000,POST_BID,post_initial_bid,btc-updown-5m-1778771200,Down,0.5,20.0,,,,,,
1778771200000000,POST_BID,post_initial_bid,btc-updown-5m-1778771200,Down,0.5,20.0,,,,,,
1778771200000000,POST_BID,post_initial_bid,btc-updown-5m-1778771200,Up,0.5,20.0,,,,,,
1778771200000000,POST_BID,post_initial_bid,btc-updown-5m-1778771200,Down,0.5,20.0,,,,,,
1778771200000000,POST_BID,post_initial_bid,btc-updown-5m-1778771200,Up,0.5,20.0,,,,,,
1778771200000000,POST_BID,post_initial_bid,btc-updown-5m-1778771200,Down,0.5,20.0,,,,,,
1778771200000000,POST_BID,post_initial_bid,btc-updown-5m-1778771200,Down,0.5,20.0,,,,,,
1778771200000000,POST_BID,post_initial_bid,btc-updown-5m-1778771200,Up,0.5,20.0,,,,,,
1778771200000000,POST_BID,post_initial_bid,btc-updown-5m-1778771200,Down,0.5,20.0,,,,,,
1778771200000000,POST_BID,post_initial_bid,btc-updown-5m-1778771200,Up,0.5,20.0,,,,,,
1778771200000000,POST_BID,post_initial_bid,btc-updown-5m-1778771200,Up,0.5,20.0,,,,,,
1778771200000000,POST_BID,post_initial_bid,btc-updown-5m-1778771200,Up,0.5,20.0,,,,,,
1778771200000000,POST_BID,post_initial_bid,btc-updown-5m-1778771200,Down,0.5,20.0,,,,,,
1778771200000000,POST_BID,post_initial_bid,btc-updown-5m-1778771200,Down,0.5,20.0,,,,,,
1778771200000000,POST_BID,post_initial_bid,btc-updown-5m-1778771200,Down,0.5,20.0,,,,,,
1778771200000000,POST_BID,post_initial_bid,btc-updown-5m-1778771200,Down,0.5,20.0,,,,,,
1778771200000000,POST_BID,post_initial_bid,btc-updown-5m-1778771200,Down,0.5,20.0,,,,,,
1778771200000000,POST_BID,post_initial_bid,btc-updown-5m-1778771200,Up,0.5,20.0,,,,,,
1778771200000000,POST_BID,post_initial_bid,btc-updown-5m-1778771200,Down,0.5,20.0,,,,,,
1778771200000000,POST_BID,post_initial_bid,btc-updown-5m-1778771200,Up,0.5,20.0,,,,,,
1778771200000000,POST_BID,post_initial_bid,btc-updown-5m-1778771200,Up,0.5,20.0,,,,,,
1778771200000000,POST_BID,post_initial_bid,btc-updown-5m-1778771200,Down,0.5,20.0,,,,,,
1778771200000000,POST_BID,post_initial_bid,btc-updown-5m-1778771200,Down,0.5,20.0,,,,,,
1778771200000000,POST_BID,post_initial_bid,btc-updown-5m-1778771200,Up,0.5,20.0,,,,,,
1778771200000000,POST_BID,post_initial_bid,btc-updown-5m-1778771200,Down,0.5,20.0,,,,,,
1778771200000000,POST_BID,post_initial_bid,btc-updown-5m-1778771200,Down,0.5,20.0,,,,,,
1778771200000000,POST_BID,post_initial_bid,btc-updown-5m-1778771200,Down,0.5,20.0,,,,,,
1778771200000000,POST_BID,post_initial_bid,btc-updown-5m-1778771200,Down,0.5,20.0,,,,,,
1778771200000000,POST_BID,post_initial_bid,btc-updown-5m-1778771200,Down,0.5,20.0,,,,,,
1778771200000000,POST_BID,post_initial_bid,btc-updown-5m-1778771200,Down,0.5,20.0,,,,,,
1778771200000000,POST_BID,post_initial_bid,btc-updown-5m-1778771200,Down,0.5,20.0,,,,,,
1778771200000000,POST_BID,post_initial_bid,btc-updown-5m-1778771200,Up,0.5,20.0,,,,,,
1778771200000000,POST_BID,post_initial_bid,btc-updown-5m-1778771200,Down,0.5,20.0,,,,,,
1778771200000000,POST_BID,post_initial_bid,btc-updown-5m-1778771200,Down,0.5,20.0,,,,,,
1778771200000000,POST_BID,post_initial_bid,btc-updown-5m-1778771200,Up,0.5,20.0,,,,,,
1778771200000000,POST_BID,post_initial_bid,btc-updown-5m-1778771200,Down,0.5,20.0,,,,,,
1778771200000000,POST_BID,post_initial_bid,btc-updown-5m-1778771200,Down,0.5,20.0,,,,,,
1778771200000000,POST_BID,post_initial_bid,btc-updown-5m-1778771200,Down,0.5,20.0,,,,,,
1778771200000000,POST_BID,post_initial_bid,btc-updown-5m-1778771200,Down,0.5,20.0,,,,,,
1778771200000000,POST_BID,post_initial_bid,btc-updown-5m-1778771200,Up,0.5,20.0,,,,,,
1778771200000000,FILL,maker_bid_hit,btc-updown-5m-1778771200,Up,0.5,20.0,20.0,,,,,
1778771200000000,FILL,maker_bid_hit,btc-updown-5m-1778771200,Down,0.5,20.0,20.0,,,,,
1778771200000000,FILL,maker_bid_hit,btc-updown-5m-1778771200,Down,0.5,20.0,20.0,,,,,
1778771200000000,FILL,maker_bid_hit,btc-updown-5m-1778771200,Down,0.5,20.0,20.0,,,,,
1778771200000000,FILL,maker_bid_hit,btc-updown-5m-1778771200,Down,0.5,20.0,20.0,,,,,
1778771200000000,FILL,maker_bid_hit,btc-updown-5m-1778771200,Down,0.5,20.0,20.0,,,,,
1778771200000000,FILL,maker_bid_hit,btc-updown-5m-1778771200,Up,0.5,20.0,20.0,,,,,
1778771200000000,FILL,maker_bid_hit,btc-updown-5m-1778771200,Down,0.5,20.0,20.0,,,,,
1778771200000000,FILL,maker_bid_hit,btc-updown-5m-1778771200,Up,0.5,20.0,20.0,,,,,
1778771200000000,FILL,maker_bid_hit,btc-updown-5m-1778771200,Up,0.5,20.0,20.0,,,,,
1778771200000000,FILL,maker_bid_hit,btc-updown-5m-1778771200,Down,0.5,20.0,20.0,,,,,
1778771500000000,LOG_SLUG_COMPLETE,slug_resolved,btc-updown-5m-1778771200,,,,,Down,4.1971,,,
1778771500000000,POST_BID,post_initial_bid,btc-updown-5m-1778771500,Down,0.5,20.0,,,,,,
1778771500000000,POST_BID,post_initial_bid,btc-updown-5m-1778771500,Down,0.5,20.0,,,,,,
1778771500000000,POST_BID,post_initial_bid,btc-updown-5m-1778771500,Down,0.5,20.0,,,,,,
1778771500000000,POST_BID,post_initial_bid,btc-updown-5m-1778771500,Down,0.5,20.0,,,,,,
1778771500000000,POST_BID,post_initial_bid,btc-updown-5m-1778771500,Up,0.5,20.0,,,,,,
1778771500000000,POST_BID,post_initial_bid,btc-updown-5m-1778771500,Down,0.5,20.0,,,,,,
1778771500000000,POST_BID,post_initial_bid,btc-updown-5m-1778771500,Down,0.5,20.0,,,,,,
1778771500000000,POST_BID,post_initial_bid,btc-updown-5m-1778771500,Up,0.5,20.0,,,,,,
1778771500000000,POST_BID,post_initial_bid,btc-updown-5m-1778771500,Up,0.5,20.0,,,,,,
1778771500000000,POST_BID,post_initial_bid,btc-updown-5m-1778771500,Up,0.5,20.0,,,,,,
1778771500000000,POST_BID,post_initial_bid,btc-updown-5m-1778771500,Up,0.5,20.0,,,,,,
1778771500000000,POST_BID,post_initial_bid,btc-updown-5m-1778771500,Down,0.5,20.0,,,,,,
1778771500000000,POST_BID,post_initial_bid,btc-updown-5m-1778771500,Down,0.5,20.0,,,,,,
1778771500000000,POST_BID,post_initial_bid,btc-updown-5m-1778771500,Down,0.5,20.0,,,,,,
1778771500000000,POST_BID,post_initial_bid,btc-updown-5m-1778771500,Up,0.5,20.0,,,,,,
1778771500000000,POST_BID,post_initial_bid,btc-updown-5m-1778771500,Up,0.5,20.0,,,,,,
1778771500000000,POST_BID,post_initial_bid,btc-updown-5m-1778771500,Up,0.5,20.0,,,,,,
1778771500000000,POST_BID,post_initial_bid,btc-updown-5m-1778771500,Down,0.5,20.0,,,,,,
1778771500000000,POST_BID,post_initial_bid,btc-updown-5m-1778771500,Down,0.5,20.0,,,,,,
1778771500000000,POST_BID,post_initial_bid,btc-updown-5m-1778771500,Down,0.5,20.0,,,,,,
1778771500000000,POST_BID,post_initial_bid,btc-updown-5m-1778771500,Down,0.5,20.0,,,,,,
1778771500000000,POST_BID,post_initial_bid,btc-updown-5m-1778771500,Down,0.5,20.0,,,,,,
1778771500000000,POST_BID,post_initial_bid,btc-updown-5m-1778771500,Up,0.5,20.0,,,,,,
1778771500000000,POST_BID,post_initial_bid,btc-updown-5m-1778771500,Down,0.5,20.0,,,,,,
1778771500000000,POST_BID,post_initial_bid,btc-updown-5m-1778771500,Up,0.5,20.0,,,,,,
1778771500000000,POST_BID,post_initial_bid,btc-updown-5m-1778771500,Down,0.5,20.0,,,,,,
1778771500000000,POST_BID,post_initial_bid,btc-updown-5m-1778771500,Down,0.5,20.0,,,,,,
1778771500000000,POST_BID,post_initial_bid,btc-updown-5m-1778771500,Down,0.5,20.0,,,,,,
1778771500000000,POST_BID,post_initial_bid,btc-updown-5m-1778771500,Up,0.5,20.0,,,,,,
1778771500000000,POST_BID,post_initial_bid,btc-updown-5m-1778771500,Up,0.5,20.0,,,,,,
1778771500000000,POST_BID,post_initial_bid,btc-updown-5m-1778771500,Up,0.5,20.0,,,,,,
1778771500000000,POST_BID,post_initial_bid,btc-updown-5m-1778771500,Down,0.5,20.0,,,,,,
1778771500000000,POST_BID,post_initial_bid,btc-updown-5m-1778771500,Down,0.5,20.0,,,,,,
1778771500000000,POST_BID,post_initial_bid,btc-updown-5m-1778771500,Up,0.5,20.0,,,,,,
1778771500000000,POST_BID,post_initial_bid,btc-updown-5m-1778771500,Down,0.5,20.0,,,,,,
1778771500000000,POST_BID,post_initial_bid,btc-updown-5m-1778771500,Down,0.5,20.0,,,,,,
1778771500000000,POST_BID,post_initial_bid,btc-updown-5m-1778771500,Up,0.5,20.0,,,,,,
1778771500000000,POST_BID,post_initial_bid,btc-updown-5m-1778771500,Down,0.5,20.0,,,,,,
1778771500000000,POST_BID,post_initial_bid,btc-updown-5m-1778771500,Down,0.5,20.0,,,,,,
1778771500000000,POST_BID,post_initial_bid,btc-updown-5m-1778771500,Up,0.5,20.0,,,,,,
1778771500000000,POST_BID,post_initial_bid,btc-updown-5m-1778771500,Up,0.5,20.0,,,,,,
1778771500000000,POST_BID,post_initial_bid,btc-updown-5m-1778771500,Down,0.5,20.0,,,,,,
1778771500000000,POST_BID,post_initial_bid,btc-updown-5m-1778771500,Down,0.5,20.0,,,,,,
1778771500000000,POST_BID,post_initial_bid,btc-updown-5m-1778771500,Down,0.5,20.0,,,,,,
1778771500000000,POST_BID,post_initial_bid,btc-updown-5m-1778771500,Down,0.5,20.0,,,,,,
1778771500000000,POST_BID,post_initial_bid,btc-updown-5m-1778771500,Down,0.5,20.0,,,,,,
1778771500000000,POST_BID,post_initial_bid,btc-updown-5m-1778771500,Down,0.5,20.0,,,,,,
1778771500000000,POST_BID,post_initial_bid,btc-updown-5m-1778771500,Down,0.5,20.0,,,,,,
1778771500000000,POST_BID,post_initial_bid,btc-updown-5m-1778771500,Up,0.5,20.0,,,,,,
1778771500000000,POST_BID,post_initial_bid,btc-updown-5m-1778771500,Up,0.5,20.0,,,,,,
1778771500000000,POST_BID,post_initial_bid,btc-updown-5m-1778771500,Up,0.5,20.0,,,,,,
1778771500000000,POST_BID,post_initial_bid,btc-updown-5m-1778771500,Down,0.5,20.0,,,,,,
1778771500000000,POST_BID,post_initial_bid,btc-updown-5m-1778771500,Down,0.5,20.0,,,,,,
1778771500000000,POST_BID,post_initial_bid,btc-updown-5m-1778771500,Down,0.5,20.0,,,,,,
1778771500000000,POST_BID,post_initial_bid,btc-updown-5m-1778771500,Down,0.5,20.0,,,,,,
1778771500000000,POST_BID,post_initial_bid,btc-updown-5m-1778771500,Down,0.5,20.0,,,,,,
1778771500000000,POST_BID,post_initial_bid,btc-updown-5m-1778771500,Down,0.5,20.0,,,,,,
1778771500000000,POST_BID,post_initial_bid,btc-updown-5m-1778771500,Up,0.5,20.0,,,,,,
1778771500000000,POST_BID,post_initial_bid,btc-updown-5m-1778771500,Up,0.5,20.0,,,,,,
1778771500000000,POST_BID,post_initial_bid,btc-updown-5m-1778771500,Up,0.5,20.0,,,,,,
1778771500000000,POST_BID,post_initial_bid,btc-updown-5m-1778771500,Up,0.5,20.0,,,,,,
1778771500000000,POST_BID,post_initial_bid,btc-updown-5m-1778771500,Down,0.5,20.0,,,,,,
1778771500000000,POST_BID,post_initial_bid,btc-updown-5m-1778771500,Up,0.5,20.0,,,,,,
1778771500000000,POST_BID,post_initial_bid,btc-updown-5m-1778771500,Up,0.5,20.0,,,,,,
1778771500000000,POST_BID,post_initial_bid,btc-updown-5m-1778771500,Up,0.5,20.0,,,,,,
1778771500000000,POST_BID,post_initial_bid,btc-updown-5m-1778771500,Down,0.5,20.0,,,,,,
1778771500000000,POST_BID,post_initial_bid,btc-updown-5m-1778771500,Down,0.5,20.0,,,,,,
1778771500000000,POST_BID,post_initial_bid,btc-updown-5m-1778771500,Down,0.5,20.0,,,,,,
1778771500000000,POST_BID,post_initial_bid,btc-updown-5m-1778771500,Up,0.5,20.0,,,,,,
1778771500000000,POST_BID,post_initial_bid,btc-updown-5m-1778771500,Down,0.5,20.0,,,,,,
1778771500000000,POST_BID,post_initial_bid,btc-updown-5m-1778771500,Down,0.5,20.0,,,,,,
1778771500000000,POST_BID,post_initial_bid,btc-updown-5m-1778771500,Down,0.5,20.0,,,,,,
1778771500000000,POST_BID,post_initial_bid,btc-updown-5m-1778771500,Down,0.5,20.0,,,,,,
1778771500000000,POST_BID,post_initial_bid,btc-updown-5m-1778771500,Up,0.5,20.0,,,,,,
1778771500000000,POST_BID,post_initial_bid,btc-updown-5m-1778771500,Up,0.5,20.0,,,,,,
1778771500000000,POST_BID,post_initial_bid,btc-updown-5m-1778771500,Up,0.5,20.0,,,,,,
1778771500000000,POST_BID,post_initial_bid,btc-updown-5m-1778771500,Down,0.5,20.0,,,,,,
1778771500000000,POST_BID,post_initial_bid,btc-updown-5m-1778771500,Up,0.5,20.0,,,,,,
1778771500000000,POST_BID,post_initial_bid,btc-updown-5m-1778771500,Up,0.5,20.0,,,,,,
1778771500000000,POST_BID,post_initial_bid,btc-updown-5m-1778771500,Down,0.5,20.0,,,,,,
1778771500000000,POST_BID,post_initial_bid,btc-updown-5m-1778771500,Down,0.5,20.0,,,,,,
1778771500000000,POST_BID,post_initial_bid,btc-updown-5m-1778771500,Up,0.5,20.0,,,,,,
1778771500000000,POST_BID,post_initial_bid,btc-updown-5m-1778771500,Up,0.5,20.0,,,,,,
1778771500000000,FILL,maker_bid_hit,btc-updown-5m-1778771500,Down,0.5,20.0,20.0,,,,,
1778771500000000,FILL,maker_bid_hit,btc-updown-5m-1778771500,Up,0.5,20.0,20.0,,,,,
1778771500000000,FILL,maker_bid_hit,btc-updown-5m-1778771500,Down,0.5,20.0,20.0,,,,,
1778771500000000,FILL,maker_bid_hit,btc-updown-5m-1778771500,Up,0.5,20.0,20.0,,,,,
1778771500000000,FILL,maker_bid_hit,btc-updown-5m-1778771500,Up,0.5,20.0,20.0,,,,,
1778771500000000,FILL,maker_bid_hit,btc-updown-5m-1778771500,Down,0.5,20.0,20.0,,,,,
1778771500000000,FILL,maker_bid_hit,btc-updown-5m-1778771500,Down,0.5,20.0,20.0,,,,,
1778771500000000,FILL,maker_bid_hit,btc-updown-5m-1778771500,Down,0.5,20.0,20.0,,,,,
1778771500000000,FILL,maker_bid_hit,btc-updown-5m-1778771500,Up,0.5,20.0,20.0,,,,,
1778771500000000,FILL,maker_bid_hit,btc-updown-5m-1778771500,Down,0.5,20.0,20.0,,,,,
1778771500000000,FILL,maker_bid_hit,btc-updown-5m-1778771500,Down,0.5,20.0,20.0,,,,,
1778771500000000,FILL,maker_bid_hit,btc-updown-5m-1778771500,Up,0.5,20.0,20.0,,,,,
1778771500000000,FILL,maker_bid_hit,btc-updown-5m-1778771500,Down,0.5,20.0,20.0,,,,,
1778771800000000,LOG_SLUG_COMPLETE,slug_resolved,btc-updown-5m-1778771500,,,,,Down,5.5873,,,
1778771800000000,POST_BID,post_initial_bid,btc-updown-5m-1778771800,Up,0.5,20.0,,,,,,
1778771800000000,POST_BID,post_initial_bid,btc-updown-5m-1778771800,Down,0.5,20.0,,,,,,
1778771800000000,POST_BID,post_initial_bid,btc-updown-5m-1778771800,Down,0.5,20.0,,,,,,
1778771800000000,POST_BID,post_initial_bid,btc-updown-5m-1778771800,Up,0.5,20.0,,,,,,
1778771800000000,POST_BID,post_initial_bid,btc-updown-5m-1778771800,Up,0.5,20.0,,,,,,
1778771800000000,POST_BID,post_initial_bid,btc-updown-5m-1778771800,Up,0.5,20.0,,,,,,
1778771800000000,POST_BID,post_initial_bid,btc-updown-5m-1778771800,Up,0.5,20.0,,,,,,
1778771800000000,POST_BID,post_initial_bid,btc-updown-5m-1778771800,Up,0.5,20.0,,,,,,
1778771800000000,POST_BID,post_initial_bid,btc-updown-5m-1778771800,Up,0.5,20.0,,,,,,
1778771800000000,POST_BID,post_initial_bid,btc-updown-5m-1778771800,Down,0.5,20.0,,,,,,
1778771800000000,POST_BID,post_initial_bid,btc-updown-5m-1778771800,Down,0.5,20.0,,,,,,
1778771800000000,POST_BID,post_initial_bid,btc-updown-5m-1778771800,Up,0.5,20.0,,,,,,
1778771800000000,POST_BID,post_initial_bid,btc-updown-5m-1778771800,Up,0.5,20.0,,,,,,
1778771800000000,POST_BID,post_initial_bid,btc-updown-5m-1778771800,Up,0.5,20.0,,,,,,
1778771800000000,POST_BID,post_initial_bid,btc-updown-5m-1778771800,Up,0.5,20.0,,,,,,
1778771800000000,POST_BID,post_initial_bid,btc-updown-5m-1778771800,Down,0.5,20.0,,,,,,
1778771800000000,POST_BID,post_initial_bid,btc-updown-5m-1778771800,Down,0.5,20.0,,,,,,
1778771800000000,POST_BID,post_initial_bid,btc-updown-5m-1778771800,Up,0.5,20.0,,,,,,
1778771800000000,POST_BID,post_initial_bid,btc-updown-5m-1778771800,Down,0.5,20.0,,,,,,
1778771800000000,POST_BID,post_initial_bid,btc-updown-5m-1778771800,Down,0.5,20.0,,,,,,
1778771800000000,POST_BID,post_initial_bid,btc-updown-5m-1778771800,Up,0.5,20.0,,,,,,
1778771800000000,POST_BID,post_initial_bid,btc-updown-5m-1778771800,Down,0.5,20.0,,,,,,
1778771800000000,POST_BID,post_initial_bid,btc-updown-5m-1778771800,Down,0.5,20.0,,,,,,
1778771800000000,POST_BID,post_initial_bid,btc-updown-5m-1778771800,Down,0.5,20.0,,,,,,
1778771800000000,POST_BID,post_initial_bid,btc-updown-5m-1778771800,Up,0.5,20.0,,,,,,
1778771800000000,POST_BID,post_initial_bid,btc-updown-5m-1778771800,Up,0.5,20.0,,,,,,
1778771800000000,POST_BID,post_initial_bid,btc-updown-5m-1778771800,Up,0.5,20.0,,,,,,
1778771800000000,POST_BID,post_initial_bid,btc-updown-5m-1778771800,Up,0.5,20.0,,,,,,
1778771800000000,POST_BID,post_initial_bid,btc-updown-5m-1778771800,Down,0.5,20.0,,,,,,
1778771800000000,POST_BID,post_initial_bid,btc-updown-5m-1778771800,Up,0.5,20.0,,,,,,
1778771800000000,POST_BID,post_initial_bid,btc-updown-5m-1778771800,Down,0.5,20.0,,,,,,
1778771800000000,POST_BID,post_initial_bid,btc-updown-5m-1778771800,Down,0.5,20.0,,,,,,
1778771800000000,POST_BID,post_initial_bid,btc-updown-5m-1778771800,Up,0.5,20.0,,,,,,
1778771800000000,POST_BID,post_initial_bid,btc-updown-5m-1778771800,Up,0.5,20.0,,,,,,
1778771800000000,POST_BID,post_initial_bid,btc-updown-5m-1778771800,Up,0.5,20.0,,,,,,
1778771800000000,POST_BID,post_initial_bid,btc-updown-5m-1778771800,Down,0.5,20.0,,,,,,
1778771800000000,POST_BID,post_initial_bid,btc-updown-5m-1778771800,Up,0.5,20.0,,,,,,
1778771800000000,POST_BID,post_initial_bid,btc-updown-5m-1778771800,Up,0.5,20.0,,,,,,
1778771800000000,POST_BID,post_initial_bid,btc-updown-5m-1778771800,Up,0.5,20.0,,,,,,
1778771800000000,POST_BID,post_initial_bid,btc-updown-5m-1778771800,Down,0.5,20.0,,,,,,
1778771800000000,POST_BID,post_initial_bid,btc-updown-5m-1778771800,Down,0.5,20.0,,,,,,
1778771800000000,POST_BID,post_initial_bid,btc-updown-5m-1778771800,Up,0.5,20.0,,,,,,
1778771800000000,POST_BID,post_initial_bid,btc-updown-5m-1778771800,Down,0.5,20.0,,,,,,
1778771800000000,POST_BID,post_initial_bid,btc-updown-5m-1778771800,Down,0.5,20.0,,,,,,
1778771800000000,POST_BID,post_initial_bid,btc-updown-5m-1778771800,Down,0.5,20.0,,,,,,
1778771800000000,POST_BID,post_initial_bid,btc-updown-5m-1778771800,Up,0.5,20.0,,,,,,
1778771800000000,POST_BID,post_initial_bid,btc-updown-5m-1778771800,Down,0.5,20.0,,,,,,
1778771800000000,POST_BID,post_initial_bid,btc-updown-5m-1778771800,Up,0.5,20.0,,,,,,
1778771800000000,POST_BID,post_initial_bid,btc-updown-5m-1778771800,Up,0.5,20.0,,,,,,
1778771800000000,POST_BID,post_initial_bid,btc-updown-5m-1778771800,Up,0.5,20.0,,,,,,
1778771800000000,POST_BID,post_initial_bid,btc-updown-5m-1778771800,Up,0.5,20.0,,,,,,
1778771800000000,POST_BID,post_initial_bid,btc-updown-5m-1778771800,Down,0.5,20.0,,,,,,
1778771800000000,POST_BID,post_initial_bid,btc-updown-5m-1778771800,Down,0.5,20.0,,,,,,
1778771800000000,POST_BID,post_initial_bid,btc-updown-5m-1778771800,Down,0.5,20.0,,,,,,
1778771800000000,POST_BID,post_initial_bid,btc-updown-5m-1778771800,Up,0.5,20.0,,,,,,
1778771800000000,POST_BID,post_initial_bid,btc-updown-5m-1778771800,Up,0.5,20.0,,,,,,
1778771800000000,POST_BID,post_initial_bid,btc-updown-5m-1778771800,Up,0.5,20.0,,,,,,
1778771800000000,POST_BID,post_initial_bid,btc-updown-5m-1778771800,Down,0.5,20.0,,,,,,
1778771800000000,POST_BID,post_initial_bid,btc-updown-5m-1778771800,Down,0.5,20.0,,,,,,
1778771800000000,POST_BID,post_initial_bid,btc-updown-5m-1778771800,Down,0.5,20.0,,,,,,
1778771800000000,POST_BID,post_initial_bid,btc-updown-5m-1778771800,Down,0.5,20.0,,,,,,
1778771800000000,POST_BID,post_initial_bid,btc-updown-5m-1778771800,Down,0.5,20.0,,,,,,
1778771800000000,POST_BID,post_initial_bid,btc-updown-5m-1778771800,Down,0.5,20.0,,,,,,
1778771800000000,POST_BID,post_initial_bid,btc-updown-5m-1778771800,Down,0.5,20.0,,,,,,
1778771800000000,POST_BID,post_initial_bid,btc-updown-5m-1778771800,Up,0.5,20.0,,,,,,
1778771800000000,POST_BID,post_initial_bid,btc-updown-5m-1778771800,Down,0.5,20.0,,,,,,
1778771800000000,POST_BID,post_initial_bid,btc-updown-5m-1778771800,Down,0.5,20.0,,,,,,
1778771800000000,POST_BID,post_initial_bid,btc-updown-5m-1778771800,Up,0.5,20.0,,,,,,
1778771800000000,POST_BID,post_initial_bid,btc-updown-5m-1778771800,Up,0.5,20.0,,,,,,
1778771800000000,POST_BID,post_initial_bid,btc-updown-5m-1778771800,Up,0.5,20.0,,,,,,
1778771800000000,POST_BID,post_initial_bid,btc-updown-5m-1778771800,Down,0.5,20.0,,,,,,
1778771800000000,POST_BID,post_initial_bid,btc-updown-5m-1778771800,Down,0.5,20.0,,,,,,
1778771800000000,POST_BID,post_initial_bid,btc-updown-5m-1778771800,Up,0.5,20.0,,,,,,
1778771800000000,POST_BID,post_initial_bid,btc-updown-5m-1778771800,Down,0.5,20.0,,,,,,
1778771800000000,POST_BID,post_initial_bid,btc-updown-5m-1778771800,Up,0.5,20.0,,,,,,
1778771800000000,POST_BID,post_initial_bid,btc-updown-5m-1778771800,Down,0.5,20.0,,,,,,
1778771800000000,POST_BID,post_initial_bid,btc-updown-5m-1778771800,Down,0.5,20.0,,,,,,
1778771800000000,POST_BID,post_initial_bid,btc-updown-5m-1778771800,Down,0.5,20.0,,,,,,
1778771800000000,POST_BID,post_initial_bid,btc-updown-5m-1778771800,Up,0.5,20.0,,,,,,
1778771800000000,POST_BID,post_initial_bid,btc-updown-5m-1778771800,Down,0.5,20.0,,,,,,
1778771800000000,POST_BID,post_initial_bid,btc-updown-5m-1778771800,Up,0.5,20.0,,,,,,
1778771800000000,FILL,maker_bid_hit,btc-updown-5m-1778771800,Up,0.5,20.0,20.0,,,,,
1778771800000000,FILL,maker_bid_hit,btc-updown-5m-1778771800,Down,0.5,20.0,20.0,,,,,
1778771800000000,FILL,maker_bid_hit,btc-updown-5m-1778771800,Down,0.5,20.0,20.0,,,,,
1778771800000000,FILL,maker_bid_hit,btc-updown-5m-1778771800,Up,0.5,20.0,20.0,,,,,
1778771800000000,FILL,maker_bid_hit,btc-updown-5m-1778771800,Up,0.5,20.0,20.0,,,,,
1778771800000000,FILL,maker_bid_hit,btc-updown-5m-1778771800,Up,0.5,20.0,20.0,,,,,
1778771800000000,FILL,maker_bid_hit,btc-updown-5m-1778771800,Up,0.5,20.0,20.0,,,,,
1778771800000000,FILL,maker_bid_hit,btc-updown-5m-1778771800,Up,0.5,20.0,20.0,,,,,
1778771800000000,FILL,maker_bid_hit,btc-updown-5m-1778771800,Down,0.5,20.0,20.0,,,,,
1778771800000000,FILL,maker_bid_hit,btc-updown-5m-1778771800,Up,0.5,20.0,20.0,,,,,
1778771800000000,FILL,maker_bid_hit,btc-updown-5m-1778771800,Down,0.5,20.0,20.0,,,,,
1778771800000000,FILL,maker_bid_hit,btc-updown-5m-1778771800,Up,0.5,20.0,20.0,,,,,
1778771800000000,FILL,maker_bid_hit,btc-updown-5m-1778771800,Up,0.5,20.0,20.0,,,,,
1778771800000000,FILL,maker_bid_hit,btc-updown-5m-1778771800,Down,0.5,20.0,20.0,,,,,
1778771800000000,FILL,maker_bid_hit,btc-updown-5m-1778771800,Down,0.5,20.0,20.0,,,,,
1778771800000000,TAKE,pat_pair_cost=1.0283,btc-updown-5m-1778771800,BOTH,1.0282698668874768,20.0,,,,20.0,20.0,1.0282698668874768
1778771800000000,TAKE,pat_pair_cost=0.9770,btc-updown-5m-1778771800,BOTH,0.9770128064851861,20.0,,,,20.0,0.0,0.9770128064851861
1778772100000000,LOG_SLUG_COMPLETE,slug_resolved,btc-updown-5m-1778771800,,,,,Down,-8.5009,,,
1778772100000000,POST_BID,post_initial_bid,btc-updown-5m-1778772100,Down,0.5,20.0,,,,,,
1778772100000000,POST_BID,post_initial_bid,btc-updown-5m-1778772100,Up,0.5,20.0,,,,,,
1778772100000000,POST_BID,post_initial_bid,btc-updown-5m-1778772100,Up,0.5,20.0,,,,,,
1778772100000000,POST_BID,post_initial_bid,btc-updown-5m-1778772100,Up,0.5,20.0,,,,,,
1778772100000000,POST_BID,post_initial_bid,btc-updown-5m-1778772100,Down,0.5,20.0,,,,,,
1778772100000000,POST_BID,post_initial_bid,btc-updown-5m-1778772100,Up,0.5,20.0,,,,,,
1778772100000000,POST_BID,post_initial_bid,btc-updown-5m-1778772100,Down,0.5,20.0,,,,,,
1778772100000000,POST_BID,post_initial_bid,btc-updown-5m-1778772100,Down,0.5,20.0,,,,,,
1778772100000000,POST_BID,post_initial_bid,btc-updown-5m-1778772100,Down,0.5,20.0,,,,,,
1778772100000000,POST_BID,post_initial_bid,btc-updown-5m-1778772100,Up,0.5,20.0,,,,,,
1778772100000000,POST_BID,post_initial_bid,btc-updown-5m-1778772100,Up,0.5,20.0,,,,,,
1778772100000000,POST_BID,post_initial_bid,btc-updown-5m-1778772100,Up,0.5,20.0,,,,,,
1778772100000000,POST_BID,post_initial_bid,btc-updown-5m-1778772100,Down,0.5,20.0,,,,,,
1778772100000000,POST_BID,post_initial_bid,btc-updown-5m-1778772100,Down,0.5,20.0,,,,,,
1778772100000000,POST_BID,post_initial_bid,btc-updown-5m-1778772100,Up,0.5,20.0,,,,,,
1778772100000000,POST_BID,post_initial_bid,btc-updown-5m-1778772100,Down,0.5,20.0,,,,,,
1778772100000000,POST_BID,post_initial_bid,btc-updown-5m-1778772100,Down,0.5,20.0,,,,,,
1778772100000000,POST_BID,post_initial_bid,btc-updown-5m-1778772100,Up,0.5,20.0,,,,,,
1778772100000000,POST_BID,post_initial_bid,btc-updown-5m-1778772100,Up,0.5,20.0,,,,,,
1778772100000000,POST_BID,post_initial_bid,btc-updown-5m-1778772100,Down,0.5,20.0,,,,,,
1778772100000000,POST_BID,post_initial_bid,btc-updown-5m-1778772100,Down,0.5,20.0,,,,,,
1778772100000000,POST_BID,post_initial_bid,btc-updown-5m-1778772100,Up,0.5,20.0,,,,,,
1778772100000000,POST_BID,post_initial_bid,btc-updown-5m-1778772100,Up,0.5,20.0,,,,,,
1778772100000000,POST_BID,post_initial_bid,btc-updown-5m-1778772100,Up,0.5,20.0,,,,,,
1778772100000000,POST_BID,post_initial_bid,btc-updown-5m-1778772100,Up,0.5,20.0,,,,,,
1778772100000000,POST_BID,post_initial_bid,btc-updown-5m-1778772100,Up,0.5,20.0,,,,,,
1778772100000000,POST_BID,post_initial_bid,btc-updown-5m-1778772100,Up,0.5,20.0,,,,,,
1778772100000000,POST_BID,post_initial_bid,btc-updown-5m-1778772100,Down,0.5,20.0,,,,,,
1778772100000000,POST_BID,post_initial_bid,btc-updown-5m-1778772100,Down,0.5,20.0,,,,,,
1778772100000000,POST_BID,post_initial_bid,btc-updown-5m-1778772100,Up,0.5,20.0,,,,,,
1778772100000000,POST_BID,post_initial_bid,btc-updown-5m-1778772100,Down,0.5,20.0,,,,,,
1778772100000000,POST_BID,post_initial_bid,btc-updown-5m-1778772100,Down,0.5,20.0,,,,,,
1778772100000000,POST_BID,post_initial_bid,btc-updown-5m-1778772100,Up,0.5,20.0,,,,,,
1778772100000000,POST_BID,post_initial_bid,btc-updown-5m-1778772100,Up,0.5,20.0,,,,,,
1778772100000000,POST_BID,post_initial_bid,btc-updown-5m-1778772100,Down,0.5,20.0,,,,,,
1778772100000000,POST_BID,post_initial_bid,btc-updown-5m-1778772100,Up,0.5,20.0,,,,,,
1778772100000000,POST_BID,post_initial_bid,btc-updown-5m-1778772100,Up,0.5,20.0,,,,,,
1778772100000000,POST_BID,post_initial_bid,btc-updown-5m-1778772100,Down,0.5,20.0,,,,,,
1778772100000000,POST_BID,post_initial_bid,btc-updown-5m-1778772100,Up,0.5,20.0,,,,,,
1778772100000000,POST_BID,post_initial_bid,btc-updown-5m-1778772100,Down,0.5,20.0,,,,,,
1778772100000000,POST_BID,post_initial_bid,btc-updown-5m-1778772100,Down,0.5,20.0,,,,,,
1778772100000000,POST_BID,post_initial_bid,btc-updown-5m-1778772100,Down,0.5,20.0,,,,,,
1778772100000000,POST_BID,post_initial_bid,btc-updown-5m-1778772100,Down,0.5,20.0,,,,,,
1778772100000000,POST_BID,post_initial_bid,btc-updown-5m-1778772100,Up,0.5,20.0,,,,,,
1778772100000000,POST_BID,post_initial_bid,btc-updown-5m-1778772100,Up,0.5,20.0,,,,,,
1778772100000000,POST_BID,post_initial_bid,btc-updown-5m-1778772100,Down,0.5,20.0,,,,,,
1778772100000000,POST_BID,post_initial_bid,btc-updown-5m-1778772100,Up,0.5,20.0,,,,,,
1778772100000000,POST_BID,post_initial_bid,btc-updown-5m-1778772100,Down,0.5,20.0,,,,,,
1778772100000000,POST_BID,post_initial_bid,btc-updown-5m-1778772100,Down,0.5,20.0,,,,,,
1778772100000000,POST_BID,post_initial_bid,btc-updown-5m-1778772100,Up,0.5,20.0,,,,,,
1778772100000000,POST_BID,post_initial_bid,btc-updown-5m-1778772100,Down,0.5,20.0,,,,,,
1778772100000000,POST_BID,post_initial_bid,btc-updown-5m-1778772100,Down,0.5,20.0,,,,,,
1778772100000000,POST_BID,post_initial_bid,btc-updown-5m-1778772100,Up,0.5,20.0,,,,,,
1778772100000000,POST_BID,post_initial_bid,btc-updown-5m-1778772100,Down,0.5,20.0,,,,,,
1778772100000000,POST_BID,post_initial_bid,btc-updown-5m-1778772100,Down,0.5,20.0,,,,,,
1778772100000000,POST_BID,post_initial_bid,btc-updown-5m-1778772100,Up,0.5,20.0,,,,,,
1778772100000000,POST_BID,post_initial_bid,btc-updown-5m-1778772100,Up,0.5,20.0,,,,,,
1778772100000000,POST_BID,post_initial_bid,btc-updown-5m-1778772100,Up,0.5,20.0,,,,,,
1778772100000000,POST_BID,post_initial_bid,btc-updown-5m-1778772100,Down,0.5,20.0,,,,,,
1778772100000000,POST_BID,post_initial_bid,btc-updown-5m-1778772100,Down,0.5,20.0,,,,,,
1778772100000000,POST_BID,post_initial_bid,btc-updown-5m-1778772100,Down,0.5,20.0,,,,,,
1778772100000000,POST_BID,post_initial_bid,btc-updown-5m-1778772100,Down,0.5,20.0,,,,,,
1778772100000000,POST_BID,post_initial_bid,btc-updown-5m-1778772100,Up,0.5,20.0,,,,,,
1778772100000000,POST_BID,post_initial_bid,btc-updown-5m-1778772100,Down,0.5,20.0,,,,,,
1778772100000000,POST_BID,post_initial_bid,btc-updown-5m-1778772100,Down,0.5,20.0,,,,,,
1778772100000000,POST_BID,post_initial_bid,btc-updown-5m-1778772100,Up,0.5,20.0,,,,,,
1778772100000000,POST_BID,post_initial_bid,btc-updown-5m-1778772100,Up,0.5,20.0,,,,,,
1778772100000000,POST_BID,post_initial_bid,btc-updown-5m-1778772100,Down,0.5,20.0,,,,,,
1778772100000000,POST_BID,post_initial_bid,btc-updown-5m-1778772100,Up,0.5,20.0,,,,,,
1778772100000000,POST_BID,post_initial_bid,btc-updown-5m-1778772100,Down,0.5,20.0,,,,,,
1778772100000000,POST_BID,post_initial_bid,btc-updown-5m-1778772100,Up,0.5,20.0,,,,,,
1778772100000000,POST_BID,post_initial_bid,btc-updown-5m-1778772100,Up,0.5,20.0,,,,,,
1778772100000000,POST_BID,post_initial_bid,btc-updown-5m-1778772100,Down,0.5,20.0,,,,,,
1778772100000000,POST_BID,post_initial_bid,btc-updown-5m-1778772100,Down,0.5,20.0,,,,,,
1778772100000000,POST_BID,post_initial_bid,btc-updown-5m-1778772100,Down,0.5,20.0,,,,,,
1778772100000000,POST_BID,post_initial_bid,btc-updown-5m-1778772100,Down,0.5,20.0,,,,,,
1778772100000000,POST_BID,post_initial_bid,btc-updown-5m-1778772100,Down,0.5,20.0,,,,,,
1778772100000000,POST_BID,post_initial_bid,btc-updown-5m-1778772100,Up,0.5,20.0,,,,,,
1778772100000000,POST_BID,post_initial_bid,btc-updown-5m-1778772100,Down,0.5,20.0,,,,,,
1778772100000000,POST_BID,post_initial_bid,btc-updown-5m-1778772100,Up,0.5,20.0,,,,,,
1778772100000000,POST_BID,post_initial_bid,btc-updown-5m-1778772100,Down,0.5,20.0,,,,,,
1778772100000000,POST_BID,post_initial_bid,btc-updown-5m-1778772100,Up,0.5,20.0,,,,,,
1778772100000000,POST_BID,post_initial_bid,btc-updown-5m-1778772100,Down,0.5,20.0,,,,,,
1778772100000000,POST_BID,post_initial_bid,btc-updown-5m-1778772100,Up,0.5,20.0,,,,,,
1778772100000000,POST_BID,post_initial_bid,btc-updown-5m-1778772100,Up,0.5,20.0,,,,,,
1778772100000000,POST_BID,post_initial_bid,btc-updown-5m-1778772100,Up,0.5,20.0,,,,,,
1778772100000000,POST_BID,post_initial_bid,btc-updown-5m-1778772100,Up,0.5,20.0,,,,,,
1778772100000000,POST_BID,post_initial_bid,btc-updown-5m-1778772100,Up,0.5,20.0,,,,,,
1778772100000000,POST_BID,post_initial_bid,btc-updown-5m-1778772100,Down,0.5,20.0,,,,,,
1778772100000000,POST_BID,post_initial_bid,btc-updown-5m-1778772100,Down,0.5,20.0,,,,,,
1778772100000000,FILL,maker_bid_hit,btc-updown-5m-1778772100,Down,0.5,20.0,20.0,,,,,
1778772100000000,FILL,maker_bid_hit,btc-updown-5m-1778772100,Up,0.5,20.0,20.0,,,,,
1778772100000000,FILL,maker_bid_hit,btc-updown-5m-1778772100,Down,0.5,20.0,20.0,,,,,
1778772100000000,FILL,maker_bid_hit,btc-updown-5m-1778772100,Down,0.5,20.0,20.0,,,,,
1778772100000000,FILL,maker_bid_hit,btc-updown-5m-1778772100,Up,0.5,20.0,20.0,,,,,
1778772100000000,FILL,maker_bid_hit,btc-updown-5m-1778772100,Up,0.5,20.0,20.0,,,,,
1778772100000000,FILL,maker_bid_hit,btc-updown-5m-1778772100,Up,0.5,20.0,20.0,,,,,
1778772100000000,FILL,maker_bid_hit,btc-updown-5m-1778772100,Down,0.5,20.0,20.0,,,,,
1778772100000000,FILL,maker_bid_hit,btc-updown-5m-1778772100,Down,0.5,20.0,20.0,,,,,
1778772100000000,FILL,maker_bid_hit,btc-updown-5m-1778772100,Down,0.5,20.0,20.0,,,,,
1778772100000000,FILL,maker_bid_hit,btc-updown-5m-1778772100,Down,0.5,20.0,20.0,,,,,
1778772100000000,FILL,maker_bid_hit,btc-updown-5m-1778772100,Up,0.5,20.0,20.0,,,,,
1778772400000000,LOG_SLUG_COMPLETE,slug_resolved,btc-updown-5m-1778772100,,,,,Down,8.0639,,,
1778772400000000,POST_BID,post_initial_bid,btc-updown-5m-1778772400,Down,0.5,20.0,,,,,,
1778772400000000,POST_BID,post_initial_bid,btc-updown-5m-1778772400,Up,0.5,20.0,,,,,,
1778772400000000,POST_BID,post_initial_bid,btc-updown-5m-1778772400,Up,0.5,20.0,,,,,,
1778772400000000,POST_BID,post_initial_bid,btc-updown-5m-1778772400,Up,0.5,20.0,,,,,,
1778772400000000,POST_BID,post_initial_bid,btc-updown-5m-1778772400,Up,0.5,20.0,,,,,,
1778772400000000,POST_BID,post_initial_bid,btc-updown-5m-1778772400,Up,0.5,20.0,,,,,,
1778772400000000,POST_BID,post_initial_bid,btc-updown-5m-1778772400,Up,0.5,20.0,,,,,,
1778772400000000,POST_BID,post_initial_bid,btc-updown-5m-1778772400,Down,0.5,20.0,,,,,,
1778772400000000,POST_BID,post_initial_bid,btc-updown-5m-1778772400,Up,0.5,20.0,,,,,,
1778772400000000,POST_BID,post_initial_bid,btc-updown-5m-1778772400,Down,0.5,20.0,,,,,,
1778772400000000,POST_BID,post_initial_bid,btc-updown-5m-1778772400,Up,0.5,20.0,,,,,,
1778772400000000,POST_BID,post_initial_bid,btc-updown-5m-1778772400,Down,0.5,20.0,,,,,,
1778772400000000,POST_BID,post_initial_bid,btc-updown-5m-1778772400,Up,0.5,20.0,,,,,,
1778772400000000,POST_BID,post_initial_bid,btc-updown-5m-1778772400,Down,0.5,20.0,,,,,,
1778772400000000,POST_BID,post_initial_bid,btc-updown-5m-1778772400,Up,0.5,20.0,,,,,,
1778772400000000,POST_BID,post_initial_bid,btc-updown-5m-1778772400,Down,0.5,20.0,,,,,,
1778772400000000,POST_BID,post_initial_bid,btc-updown-5m-1778772400,Down,0.5,20.0,,,,,,
1778772400000000,POST_BID,post_initial_bid,btc-updown-5m-1778772400,Up,0.5,20.0,,,,,,
1778772400000000,POST_BID,post_initial_bid,btc-updown-5m-1778772400,Down,0.5,20.0,,,,,,
1778772400000000,POST_BID,post_initial_bid,btc-updown-5m-1778772400,Down,0.5,20.0,,,,,,
1778772400000000,POST_BID,post_initial_bid,btc-updown-5m-1778772400,Down,0.5,20.0,,,,,,
1778772400000000,POST_BID,post_initial_bid,btc-updown-5m-1778772400,Down,0.5,20.0,,,,,,
1778772400000000,POST_BID,post_initial_bid,btc-updown-5m-1778772400,Down,0.5,20.0,,,,,,
1778772400000000,POST_BID,post_initial_bid,btc-updown-5m-1778772400,Up,0.5,20.0,,,,,,
1778772400000000,POST_BID,post_initial_bid,btc-updown-5m-1778772400,Up,0.5,20.0,,,,,,
1778772400000000,POST_BID,post_initial_bid,btc-updown-5m-1778772400,Down,0.5,20.0,,,,,,
1778772400000000,POST_BID,post_initial_bid,btc-updown-5m-1778772400,Up,0.5,20.0,,,,,,
1778772400000000,POST_BID,post_initial_bid,btc-updown-5m-1778772400,Up,0.5,20.0,,,,,,
1778772400000000,POST_BID,post_initial_bid,btc-updown-5m-1778772400,Up,0.5,20.0,,,,,,
1778772400000000,POST_BID,post_initial_bid,btc-updown-5m-1778772400,Up,0.5,20.0,,,,,,
1778772400000000,POST_BID,post_initial_bid,btc-updown-5m-1778772400,Up,0.5,20.0,,,,,,
1778772400000000,POST_BID,post_initial_bid,btc-updown-5m-1778772400,Up,0.5,20.0,,,,,,
1778772400000000,POST_BID,post_initial_bid,btc-updown-5m-1778772400,Up,0.5,20.0,,,,,,
1778772400000000,POST_BID,post_initial_bid,btc-updown-5m-1778772400,Up,0.5,20.0,,,,,,
1778772400000000,POST_BID,post_initial_bid,btc-updown-5m-1778772400,Up,0.5,20.0,,,,,,
1778772400000000,POST_BID,post_initial_bid,btc-updown-5m-1778772400,Down,0.5,20.0,,,,,,
1778772400000000,POST_BID,post_initial_bid,btc-updown-5m-1778772400,Down,0.5,20.0,,,,,,
1778772400000000,POST_BID,post_initial_bid,btc-updown-5m-1778772400,Up,0.5,20.0,,,,,,
1778772400000000,POST_BID,post_initial_bid,btc-updown-5m-1778772400,Up,0.5,20.0,,,,,,
1778772400000000,POST_BID,post_initial_bid,btc-updown-5m-1778772400,Up,0.5,20.0,,,,,,
1778772400000000,POST_BID,post_initial_bid,btc-updown-5m-1778772400,Up,0.5,20.0,,,,,,
1778772400000000,POST_BID,post_initial_bid,btc-updown-5m-1778772400,Down,0.5,20.0,,,,,,
1778772400000000,POST_BID,post_initial_bid,btc-updown-5m-1778772400,Up,0.5,20.0,,,,,,
1778772400000000,POST_BID,post_initial_bid,btc-updown-5m-1778772400,Down,0.5,20.0,,,,,,
1778772400000000,POST_BID,post_initial_bid,btc-updown-5m-1778772400,Down,0.5,20.0,,,,,,
1778772400000000,POST_BID,post_initial_bid,btc-updown-5m-1778772400,Down,0.5,20.0,,,,,,
1778772400000000,POST_BID,post_initial_bid,btc-updown-5m-1778772400,Up,0.5,20.0,,,,,,
1778772400000000,POST_BID,post_initial_bid,btc-updown-5m-1778772400,Up,0.5,20.0,,,,,,
1778772400000000,POST_BID,post_initial_bid,btc-updown-5m-1778772400,Down,0.5,20.0,,,,,,
1778772400000000,POST_BID,post_initial_bid,btc-updown-5m-1778772400,Up,0.5,20.0,,,,,,
1778772400000000,POST_BID,post_initial_bid,btc-updown-5m-1778772400,Up,0.5,20.0,,,,,,
1778772400000000,POST_BID,post_initial_bid,btc-updown-5m-1778772400,Up,0.5,20.0,,,,,,
1778772400000000,POST_BID,post_initial_bid,btc-updown-5m-1778772400,Down,0.5,20.0,,,,,,
1778772400000000,POST_BID,post_initial_bid,btc-updown-5m-1778772400,Up,0.5,20.0,,,,,,
1778772400000000,POST_BID,post_initial_bid,btc-updown-5m-1778772400,Up,0.5,20.0,,,,,,
1778772400000000,POST_BID,post_initial_bid,btc-updown-5m-1778772400,Up,0.5,20.0,,,,,,
1778772400000000,POST_BID,post_initial_bid,btc-updown-5m-1778772400,Down,0.5,20.0,,,,,,
1778772400000000,POST_BID,post_initial_bid,btc-updown-5m-1778772400,Up,0.5,20.0,,,,,,
1778772400000000,POST_BID,post_initial_bid,btc-updown-5m-1778772400,Down,0.5,20.0,,,,,,
1778772400000000,POST_BID,post_initial_bid,btc-updown-5m-1778772400,Down,0.5,20.0,,,,,,
1778772400000000,POST_BID,post_initial_bid,btc-updown-5m-1778772400,Down,0.5,20.0,,,,,,
1778772400000000,POST_BID,post_initial_bid,btc-updown-5m-1778772400,Up,0.5,20.0,,,,,,
1778772400000000,POST_BID,post_initial_bid,btc-updown-5m-1778772400,Up,0.5,20.0,,,,,,
1778772400000000,POST_BID,post_initial_bid,btc-updown-5m-1778772400,Down,0.5,20.0,,,,,,
1778772400000000,POST_BID,post_initial_bid,btc-updown-5m-1778772400,Down,0.5,20.0,,,,,,
1778772400000000,POST_BID,post_initial_bid,btc-updown-5m-1778772400,Up,0.5,20.0,,,,,,
1778772400000000,POST_BID,post_initial_bid,btc-updown-5m-1778772400,Down,0.5,20.0,,,,,,
1778772400000000,POST_BID,post_initial_bid,btc-updown-5m-1778772400,Up,0.5,20.0,,,,,,
1778772400000000,POST_BID,post_initial_bid,btc-updown-5m-1778772400,Down,0.5,20.0,,,,,,
1778772400000000,POST_BID,post_initial_bid,btc-updown-5m-1778772400,Down,0.5,20.0,,,,,,
1778772400000000,POST_BID,post_initial_bid,btc-updown-5m-1778772400,Down,0.5,20.0,,,,,,
1778772400000000,POST_BID,post_initial_bid,btc-updown-5m-1778772400,Up,0.5,20.0,,,,,,
1778772400000000,POST_BID,post_initial_bid,btc-updown-5m-1778772400,Down,0.5,20.0,,,,,,
1778772400000000,POST_BID,post_initial_bid,btc-updown-5m-1778772400,Up,0.5,20.0,,,,,,
1778772400000000,FILL,maker_bid_hit,btc-updown-5m-1778772400,Down,0.5,20.0,20.0,,,,,
1778772400000000,FILL,maker_bid_hit,btc-updown-5m-1778772400,Up,0.5,20.0,20.0,,,,,
1778772400000000,FILL,maker_bid_hit,btc-updown-5m-1778772400,Down,0.5,20.0,20.0,,,,,
1778772400000000,FILL,maker_bid_hit,btc-updown-5m-1778772400,Up,0.5,20.0,20.0,,,,,
1778772400000000,FILL,maker_bid_hit,btc-updown-5m-1778772400,Up,0.5,20.0,20.0,,,,,
1778772400000000,FILL,maker_bid_hit,btc-updown-5m-1778772400,Down,0.5,20.0,20.0,,,,,
1778772400000000,FILL,maker_bid_hit,btc-updown-5m-1778772400,Up,0.5,20.0,20.0,,,,,
1778772400000000,FILL,maker_bid_hit,btc-updown-5m-1778772400,Down,0.5,20.0,20.0,,,,,
1778772400000000,FILL,maker_bid_hit,btc-updown-5m-1778772400,Up,0.5,20.0,20.0,,,,,
1778772400000000,FILL,maker_bid_hit,btc-updown-5m-1778772400,Up,0.5,20.0,20.0,,,,,
1778772400000000,FILL,maker_bid_hit,btc-updown-5m-1778772400,Down,0.5,20.0,20.0,,,,,
1778772400000000,FILL,maker_bid_hit,btc-updown-5m-1778772400,Down,0.5,20.0,20.0,,,,,
1778772400000000,FILL,maker_bid_hit,btc-updown-5m-1778772400,Down,0.5,20.0,20.0,,,,,
1778772400000000,FILL,maker_bid_hit,btc-updown-5m-1778772400,Down,0.5,20.0,20.0,,,,,
1778772400000000,FILL,maker_bid_hit,btc-updown-5m-1778772400,Up,0.5,20.0,20.0,,,,,
1778772400000000,FILL,maker_bid_hit,btc-updown-5m-1778772400,Down,0.5,20.0,20.0,,,,,
1778772400000000,TAKE,pat_pair_cost=0.9328,btc-updown-5m-1778772400,BOTH,0.9328055092234918,20.0,,,,20.0,20.0,0.9328055092234918
1778772700000000,LOG_SLUG_COMPLETE,slug_resolved,btc-updown-5m-1778772400,,,,,Down,-0.0487,,,
1778772700000000,POST_BID,post_initial_bid,btc-updown-5m-1778772700,Down,0.5,20.0,,,,,,
1778772700000000,POST_BID,post_initial_bid,btc-updown-5m-1778772700,Down,0.5,20.0,,,,,,
1778772700000000,POST_BID,post_initial_bid,btc-updown-5m-1778772700,Down,0.5,20.0,,,,,,
1778772700000000,POST_BID,post_initial_bid,btc-updown-5m-1778772700,Up,0.5,20.0,,,,,,
1778772700000000,POST_BID,post_initial_bid,btc-updown-5m-1778772700,Up,0.5,20.0,,,,,,
1778772700000000,POST_BID,post_initial_bid,btc-updown-5m-1778772700,Down,0.5,20.0,,,,,,
1778772700000000,POST_BID,post_initial_bid,btc-updown-5m-1778772700,Down,0.5,20.0,,,,,,
1778772700000000,POST_BID,post_initial_bid,btc-updown-5m-1778772700,Down,0.5,20.0,,,,,,
1778772700000000,POST_BID,post_initial_bid,btc-updown-5m-1778772700,Up,0.5,20.0,,,,,,
1778772700000000,POST_BID,post_initial_bid,btc-updown-5m-1778772700,Up,0.5,20.0,,,,,,
1778772700000000,POST_BID,post_initial_bid,btc-updown-5m-1778772700,Down,0.5,20.0,,,,,,
1778772700000000,POST_BID,post_initial_bid,btc-updown-5m-1778772700,Down,0.5,20.0,,,,,,
1778772700000000,POST_BID,post_initial_bid,btc-updown-5m-1778772700,Up,0.5,20.0,,,,,,
1778772700000000,POST_BID,post_initial_bid,btc-updown-5m-1778772700,Down,0.5,20.0,,,,,,
1778772700000000,POST_BID,post_initial_bid,btc-updown-5m-1778772700,Up,0.5,20.0,,,,,,
1778772700000000,POST_BID,post_initial_bid,btc-updown-5m-1778772700,Down,0.5,20.0,,,,,,
1778772700000000,POST_BID,post_initial_bid,btc-updown-5m-1778772700,Up,0.5,20.0,,,,,,
1778772700000000,POST_BID,post_initial_bid,btc-updown-5m-1778772700,Up,0.5,20.0,,,,,,
1778772700000000,POST_BID,post_initial_bid,btc-updown-5m-1778772700,Up,0.5,20.0,,,,,,
1778772700000000,POST_BID,post_initial_bid,btc-updown-5m-1778772700,Down,0.5,20.0,,,,,,
1778772700000000,POST_BID,post_initial_bid,btc-updown-5m-1778772700,Down,0.5,20.0,,,,,,
1778772700000000,POST_BID,post_initial_bid,btc-updown-5m-1778772700,Up,0.5,20.0,,,,,,
1778772700000000,POST_BID,post_initial_bid,btc-updown-5m-1778772700,Down,0.5,20.0,,,,,,
1778772700000000,POST_BID,post_initial_bid,btc-updown-5m-1778772700,Down,0.5,20.0,,,,,,
1778772700000000,POST_BID,post_initial_bid,btc-updown-5m-1778772700,Up,0.5,20.0,,,,,,
1778772700000000,POST_BID,post_initial_bid,btc-updown-5m-1778772700,Up,0.5,20.0,,,,,,
1778772700000000,POST_BID,post_initial_bid,btc-updown-5m-1778772700,Down,0.5,20.0,,,,,,
1778772700000000,POST_BID,post_initial_bid,btc-updown-5m-1778772700,Down,0.5,20.0,,,,,,
1778772700000000,POST_BID,post_initial_bid,btc-updown-5m-1778772700,Up,0.5,20.0,,,,,,
1778772700000000,POST_BID,post_initial_bid,btc-updown-5m-1778772700,Down,0.5,20.0,,,,,,
1778772700000000,POST_BID,post_initial_bid,btc-updown-5m-1778772700,Down,0.5,20.0,,,,,,
1778772700000000,POST_BID,post_initial_bid,btc-updown-5m-1778772700,Down,0.5,20.0,,,,,,
1778772700000000,POST_BID,post_initial_bid,btc-updown-5m-1778772700,Up,0.5,20.0,,,,,,
1778772700000000,POST_BID,post_initial_bid,btc-updown-5m-1778772700,Down,0.5,20.0,,,,,,
1778772700000000,POST_BID,post_initial_bid,btc-updown-5m-1778772700,Down,0.5,20.0,,,,,,
1778772700000000,POST_BID,post_initial_bid,btc-updown-5m-1778772700,Up,0.5,20.0,,,,,,
1778772700000000,POST_BID,post_initial_bid,btc-updown-5m-1778772700,Down,0.5,20.0,,,,,,
1778772700000000,POST_BID,post_initial_bid,btc-updown-5m-1778772700,Up,0.5,20.0,,,,,,
1778772700000000,POST_BID,post_initial_bid,btc-updown-5m-1778772700,Down,0.5,20.0,,,,,,
1778772700000000,POST_BID,post_initial_bid,btc-updown-5m-1778772700,Up,0.5,20.0,,,,,,
1778772700000000,POST_BID,post_initial_bid,btc-updown-5m-1778772700,Up,0.5,20.0,,,,,,
1778772700000000,POST_BID,post_initial_bid,btc-updown-5m-1778772700,Down,0.5,20.0,,,,,,
1778772700000000,POST_BID,post_initial_bid,btc-updown-5m-1778772700,Down,0.5,20.0,,,,,,
1778772700000000,POST_BID,post_initial_bid,btc-updown-5m-1778772700,Up,0.5,20.0,,,,,,
1778772700000000,POST_BID,post_initial_bid,btc-updown-5m-1778772700,Down,0.5,20.0,,,,,,
1778772700000000,POST_BID,post_initial_bid,btc-updown-5m-1778772700,Down,0.5,20.0,,,,,,
1778772700000000,POST_BID,post_initial_bid,btc-updown-5m-1778772700,Up,0.5,20.0,,,,,,
1778772700000000,POST_BID,post_initial_bid,btc-updown-5m-1778772700,Up,0.5,20.0,,,,,,
1778772700000000,POST_BID,post_initial_bid,btc-updown-5m-1778772700,Up,0.5,20.0,,,,,,
1778772700000000,POST_BID,post_initial_bid,btc-updown-5m-1778772700,Up,0.5,20.0,,,,,,
1778772700000000,POST_BID,post_initial_bid,btc-updown-5m-1778772700,Up,0.5,20.0,,,,,,
1778772700000000,POST_BID,post_initial_bid,btc-updown-5m-1778772700,Up,0.5,20.0,,,,,,
1778772700000000,POST_BID,post_initial_bid,btc-updown-5m-1778772700,Up,0.5,20.0,,,,,,
1778772700000000,POST_BID,post_initial_bid,btc-updown-5m-1778772700,Up,0.5,20.0,,,,,,
1778772700000000,POST_BID,post_initial_bid,btc-updown-5m-1778772700,Down,0.5,20.0,,,,,,
1778772700000000,POST_BID,post_initial_bid,btc-updown-5m-1778772700,Down,0.5,20.0,,,,,,
1778772700000000,POST_BID,post_initial_bid,btc-updown-5m-1778772700,Up,0.5,20.0,,,,,,
1778772700000000,POST_BID,post_initial_bid,btc-updown-5m-1778772700,Down,0.5,20.0,,,,,,
1778772700000000,POST_BID,post_initial_bid,btc-updown-5m-1778772700,Up,0.5,20.0,,,,,,
1778772700000000,POST_BID,post_initial_bid,btc-updown-5m-1778772700,Up,0.5,20.0,,,,,,
1778772700000000,POST_BID,post_initial_bid,btc-updown-5m-1778772700,Up,0.5,20.0,,,,,,
1778772700000000,POST_BID,post_initial_bid,btc-updown-5m-1778772700,Down,0.5,20.0,,,,,,
1778772700000000,POST_BID,post_initial_bid,btc-updown-5m-1778772700,Up,0.5,20.0,,,,,,
1778772700000000,POST_BID,post_initial_bid,btc-updown-5m-1778772700,Up,0.5,20.0,,,,,,
1778772700000000,POST_BID,post_initial_bid,btc-updown-5m-1778772700,Down,0.5,20.0,,,,,,
1778772700000000,POST_BID,post_initial_bid,btc-updown-5m-1778772700,Down,0.5,20.0,,,,,,
1778772700000000,POST_BID,post_initial_bid,btc-updown-5m-1778772700,Down,0.5,20.0,,,,,,
1778772700000000,POST_BID,post_initial_bid,btc-updown-5m-1778772700,Down,0.5,20.0,,,,,,
1778772700000000,POST_BID,post_initial_bid,btc-updown-5m-1778772700,Up,0.5,20.0,,,,,,
1778772700000000,POST_BID,post_initial_bid,btc-updown-5m-1778772700,Up,0.5,20.0,,,,,,
1778772700000000,POST_BID,post_initial_bid,btc-updown-5m-1778772700,Up,0.5,20.0,,,,,,
1778772700000000,POST_BID,post_initial_bid,btc-updown-5m-1778772700,Down,0.5,20.0,,,,,,
1778772700000000,POST_BID,post_initial_bid,btc-updown-5m-1778772700,Up,0.5,20.0,,,,,,
1778772700000000,POST_BID,post_initial_bid,btc-updown-5m-1778772700,Up,0.5,20.0,,,,,,
1778772700000000,POST_BID,post_initial_bid,btc-updown-5m-1778772700,Down,0.5,20.0,,,,,,
1778772700000000,POST_BID,post_initial_bid,btc-updown-5m-1778772700,Up,0.5,20.0,,,,,,
1778772700000000,POST_BID,post_initial_bid,btc-updown-5m-1778772700,Down,0.5,20.0,,,,,,
1778772700000000,POST_BID,post_initial_bid,btc-updown-5m-1778772700,Up,0.5,20.0,,,,,,
1778772700000000,POST_BID,post_initial_bid,btc-updown-5m-1778772700,Up,0.5,20.0,,,,,,
1778772700000000,POST_BID,post_initial_bid,btc-updown-5m-1778772700,Down,0.5,20.0,,,,,,
1778772700000000,POST_BID,post_initial_bid,btc-updown-5m-1778772700,Up,0.5,20.0,,,,,,
1778772700000000,POST_BID,post_initial_bid,btc-updown-5m-1778772700,Down,0.5,20.0,,,,,,
1778772700000000,POST_BID,post_initial_bid,btc-updown-5m-1778772700,Down,0.5,20.0,,,,,,
1778772700000000,POST_BID,post_initial_bid,btc-updown-5m-1778772700,Up,0.5,20.0,,,,,,
1778772700000000,POST_BID,post_initial_bid,btc-updown-5m-1778772700,Down,0.5,20.0,,,,,,
1778772700000000,POST_BID,post_initial_bid,btc-updown-5m-1778772700,Up,0.5,20.0,,,,,,
1778772700000000,POST_BID,post_initial_bid,btc-updown-5m-1778772700,Down,0.5,20.0,,,,,,
1778772700000000,POST_BID,post_initial_bid,btc-updown-5m-1778772700,Down,0.5,20.0,,,,,,
1778772700000000,POST_BID,post_initial_bid,btc-updown-5m-1778772700,Up,0.5,20.0,,,,,,
1778772700000000,POST_BID,post_initial_bid,btc-updown-5m-1778772700,Down,0.5,20.0,,,,,,
1778772700000000,POST_BID,post_initial_bid,btc-updown-5m-1778772700,Up,0.5,20.0,,,,,,
1778772700000000,POST_BID,post_initial_bid,btc-updown-5m-1778772700,Down,0.5,20.0,,,,,,
1778772700000000,POST_BID,post_initial_bid,btc-updown-5m-1778772700,Down,0.5,20.0,,,,,,
1778772700000000,POST_BID,post_initial_bid,btc-updown-5m-1778772700,Up,0.5,20.0,,,,,,
1778772700000000,POST_BID,post_initial_bid,btc-updown-5m-1778772700,Up,0.5,20.0,,,,,,
1778772700000000,POST_BID,post_initial_bid,btc-updown-5m-1778772700,Down,0.5,20.0,,,,,,
1778772700000000,POST_BID,post_initial_bid,btc-updown-5m-1778772700,Down,0.5,20.0,,,,,,
1778772700000000,POST_BID,post_initial_bid,btc-updown-5m-1778772700,Up,0.5,20.0,,,,,,
1778772700000000,FILL,maker_bid_hit,btc-updown-5m-1778772700,Up,0.5,20.0,20.0,,,,,
1778772700000000,FILL,maker_bid_hit,btc-updown-5m-1778772700,Up,0.5,20.0,20.0,,,,,
1778772700000000,FILL,maker_bid_hit,btc-updown-5m-1778772700,Up,0.5,20.0,20.0,,,,,
1778772700000000,FILL,maker_bid_hit,btc-updown-5m-1778772700,Down,0.5,20.0,20.0,,,,,
1778772700000000,FILL,maker_bid_hit,btc-updown-5m-1778772700,Down,0.5,20.0,20.0,,,,,
1778772700000000,FILL,maker_bid_hit,btc-updown-5m-1778772700,Up,0.5,20.0,20.0,,,,,
1778772700000000,FILL,maker_bid_hit,btc-updown-5m-1778772700,Up,0.5,20.0,20.0,,,,,
1778772700000000,FILL,maker_bid_hit,btc-updown-5m-1778772700,Down,0.5,20.0,20.0,,,,,
1778772700000000,FILL,maker_bid_hit,btc-updown-5m-1778772700,Up,0.5,20.0,20.0,,,,,
1778772700000000,FILL,maker_bid_hit,btc-updown-5m-1778772700,Down,0.5,20.0,20.0,,,,,
1778772700000000,FILL,maker_bid_hit,btc-updown-5m-1778772700,Up,0.5,20.0,20.0,,,,,
1778772700000000,FILL,maker_bid_hit,btc-updown-5m-1778772700,Up,0.5,20.0,20.0,,,,,
1778773000000000,LOG_SLUG_COMPLETE,slug_resolved,btc-updown-5m-1778772700,,,,,Down,-4.5072,,,
1778773000000000,POST_BID,post_initial_bid,btc-updown-5m-1778773000,Down,0.5,20.0,,,,,,
1778773000000000,POST_BID,post_initial_bid,btc-updown-5m-1778773000,Up,0.5,20.0,,,,,,
1778773000000000,POST_BID,post_initial_bid,btc-updown-5m-1778773000,Down,0.5,20.0,,,,,,
1778773000000000,POST_BID,post_initial_bid,btc-updown-5m-1778773000,Up,0.5,20.0,,,,,,
1778773000000000,POST_BID,post_initial_bid,btc-updown-5m-1778773000,Up,0.5,20.0,,,,,,
1778773000000000,POST_BID,post_initial_bid,btc-updown-5m-1778773000,Up,0.5,20.0,,,,,,
1778773000000000,POST_BID,post_initial_bid,btc-updown-5m-1778773000,Down,0.5,20.0,,,,,,
1778773000000000,POST_BID,post_initial_bid,btc-updown-5m-1778773000,Up,0.5,20.0,,,,,,
1778773000000000,POST_BID,post_initial_bid,btc-updown-5m-1778773000,Down,0.5,20.0,,,,,,
1778773000000000,POST_BID,post_initial_bid,btc-updown-5m-1778773000,Up,0.5,20.0,,,,,,
1778773000000000,POST_BID,post_initial_bid,btc-updown-5m-1778773000,Down,0.5,20.0,,,,,,
1778773000000000,POST_BID,post_initial_bid,btc-updown-5m-1778773000,Down,0.5,20.0,,,,,,
1778773000000000,POST_BID,post_initial_bid,btc-updown-5m-1778773000,Down,0.5,20.0,,,,,,
1778773000000000,POST_BID,post_initial_bid,btc-updown-5m-1778773000,Down,0.5,20.0,,,,,,
1778773000000000,POST_BID,post_initial_bid,btc-updown-5m-1778773000,Down,0.5,20.0,,,,,,
1778773000000000,POST_BID,post_initial_bid,btc-updown-5m-1778773000,Down,0.5,20.0,,,,,,
1778773000000000,POST_BID,post_initial_bid,btc-updown-5m-1778773000,Down,0.5,20.0,,,,,,
1778773000000000,POST_BID,post_initial_bid,btc-updown-5m-1778773000,Down,0.5,20.0,,,,,,
1778773000000000,POST_BID,post_initial_bid,btc-updown-5m-1778773000,Up,0.5,20.0,,,,,,
1778773000000000,POST_BID,post_initial_bid,btc-updown-5m-1778773000,Down,0.5,20.0,,,,,,
1778773000000000,POST_BID,post_initial_bid,btc-updown-5m-1778773000,Down,0.5,20.0,,,,,,
1778773000000000,POST_BID,post_initial_bid,btc-updown-5m-1778773000,Down,0.5,20.0,,,,,,
1778773000000000,POST_BID,post_initial_bid,btc-updown-5m-1778773000,Up,0.5,20.0,,,,,,
1778773000000000,POST_BID,post_initial_bid,btc-updown-5m-1778773000,Down,0.5,20.0,,,,,,
1778773000000000,POST_BID,post_initial_bid,btc-updown-5m-1778773000,Up,0.5,20.0,,,,,,
1778773000000000,POST_BID,post_initial_bid,btc-updown-5m-1778773000,Up,0.5,20.0,,,,,,
1778773000000000,POST_BID,post_initial_bid,btc-updown-5m-1778773000,Up,0.5,20.0,,,,,,
1778773000000000,POST_BID,post_initial_bid,btc-updown-5m-1778773000,Up,0.5,20.0,,,,,,
1778773000000000,POST_BID,post_initial_bid,btc-updown-5m-1778773000,Down,0.5,20.0,,,,,,
1778773000000000,POST_BID,post_initial_bid,btc-updown-5m-1778773000,Down,0.5,20.0,,,,,,
1778773000000000,POST_BID,post_initial_bid,btc-updown-5m-1778773000,Up,0.5,20.0,,,,,,
1778773000000000,POST_BID,post_initial_bid,btc-updown-5m-1778773000,Down,0.5,20.0,,,,,,
1778773000000000,POST_BID,post_initial_bid,btc-updown-5m-1778773000,Down,0.5,20.0,,,,,,
1778773000000000,POST_BID,post_initial_bid,btc-updown-5m-1778773000,Up,0.5,20.0,,,,,,
1778773000000000,POST_BID,post_initial_bid,btc-updown-5m-1778773000,Up,0.5,20.0,,,,,,
1778773000000000,POST_BID,post_initial_bid,btc-updown-5m-1778773000,Down,0.5,20.0,,,,,,
1778773000000000,POST_BID,post_initial_bid,btc-updown-5m-1778773000,Up,0.5,20.0,,,,,,
1778773000000000,POST_BID,post_initial_bid,btc-updown-5m-1778773000,Up,0.5,20.0,,,,,,
1778773000000000,POST_BID,post_initial_bid,btc-updown-5m-1778773000,Down,0.5,20.0,,,,,,
1778773000000000,POST_BID,post_initial_bid,btc-updown-5m-1778773000,Down,0.5,20.0,,,,,,
1778773000000000,POST_BID,post_initial_bid,btc-updown-5m-1778773000,Up,0.5,20.0,,,,,,
1778773000000000,POST_BID,post_initial_bid,btc-updown-5m-1778773000,Up,0.5,20.0,,,,,,
1778773000000000,POST_BID,post_initial_bid,btc-updown-5m-1778773000,Up,0.5,20.0,,,,,,
1778773000000000,POST_BID,post_initial_bid,btc-updown-5m-1778773000,Up,0.5,20.0,,,,,,
1778773000000000,POST_BID,post_initial_bid,btc-updown-5m-1778773000,Up,0.5,20.0,,,,,,
1778773000000000,POST_BID,post_initial_bid,btc-updown-5m-1778773000,Up,0.5,20.0,,,,,,
1778773000000000,POST_BID,post_initial_bid,btc-updown-5m-1778773000,Down,0.5,20.0,,,,,,
1778773000000000,POST_BID,post_initial_bid,btc-updown-5m-1778773000,Up,0.5,20.0,,,,,,
1778773000000000,POST_BID,post_initial_bid,btc-updown-5m-1778773000,Down,0.5,20.0,,,,,,
1778773000000000,POST_BID,post_initial_bid,btc-updown-5m-1778773000,Up,0.5,20.0,,,,,,
1778773000000000,POST_BID,post_initial_bid,btc-updown-5m-1778773000,Down,0.5,20.0,,,,,,
1778773000000000,POST_BID,post_initial_bid,btc-updown-5m-1778773000,Up,0.5,20.0,,,,,,
1778773000000000,POST_BID,post_initial_bid,btc-updown-5m-1778773000,Up,0.5,20.0,,,,,,
1778773000000000,POST_BID,post_initial_bid,btc-updown-5m-1778773000,Down,0.5,20.0,,,,,,
1778773000000000,POST_BID,post_initial_bid,btc-updown-5m-1778773000,Down,0.5,20.0,,,,,,
1778773000000000,POST_BID,post_initial_bid,btc-updown-5m-1778773000,Down,0.5,20.0,,,,,,
1778773000000000,POST_BID,post_initial_bid,btc-updown-5m-1778773000,Up,0.5,20.0,,,,,,
1778773000000000,POST_BID,post_initial_bid,btc-updown-5m-1778773000,Down,0.5,20.0,,,,,,
1778773000000000,POST_BID,post_initial_bid,btc-updown-5m-1778773000,Up,0.5,20.0,,,,,,
1778773000000000,POST_BID,post_initial_bid,btc-updown-5m-1778773000,Up,0.5,20.0,,,,,,
1778773000000000,POST_BID,post_initial_bid,btc-updown-5m-1778773000,Up,0.5,20.0,,,,,,
1778773000000000,POST_BID,post_initial_bid,btc-updown-5m-1778773000,Down,0.5,20.0,,,,,,
1778773000000000,POST_BID,post_initial_bid,btc-updown-5m-1778773000,Down,0.5,20.0,,,,,,
1778773000000000,POST_BID,post_initial_bid,btc-updown-5m-1778773000,Down,0.5,20.0,,,,,,
1778773000000000,POST_BID,post_initial_bid,btc-updown-5m-1778773000,Down,0.5,20.0,,,,,,
1778773000000000,POST_BID,post_initial_bid,btc-updown-5m-1778773000,Down,0.5,20.0,,,,,,
1778773000000000,POST_BID,post_initial_bid,btc-updown-5m-1778773000,Up,0.5,20.0,,,,,,
1778773000000000,POST_BID,post_initial_bid,btc-updown-5m-1778773000,Down,0.5,20.0,,,,,,
1778773000000000,POST_BID,post_initial_bid,btc-updown-5m-1778773000,Up,0.5,20.0,,,,,,
1778773000000000,POST_BID,post_initial_bid,btc-updown-5m-1778773000,Up,0.5,20.0,,,,,,
1778773000000000,POST_BID,post_initial_bid,btc-updown-5m-1778773000,Down,0.5,20.0,,,,,,
1778773000000000,POST_BID,post_initial_bid,btc-updown-5m-1778773000,Up,0.5,20.0,,,,,,
1778773000000000,POST_BID,post_initial_bid,btc-updown-5m-1778773000,Up,0.5,20.0,,,,,,
1778773000000000,POST_BID,post_initial_bid,btc-updown-5m-1778773000,Up,0.5,20.0,,,,,,
1778773000000000,POST_BID,post_initial_bid,btc-updown-5m-1778773000,Down,0.5,20.0,,,,,,
1778773000000000,POST_BID,post_initial_bid,btc-updown-5m-1778773000,Up,0.5,20.0,,,,,,
1778773000000000,POST_BID,post_initial_bid,btc-updown-5m-1778773000,Down,0.5,20.0,,,,,,
1778773000000000,POST_BID,post_initial_bid,btc-updown-5m-1778773000,Down,0.5,20.0,,,,,,
1778773000000000,POST_BID,post_initial_bid,btc-updown-5m-1778773000,Down,0.5,20.0,,,,,,
1778773000000000,POST_BID,post_initial_bid,btc-updown-5m-1778773000,Down,0.5,20.0,,,,,,
1778773000000000,POST_BID,post_initial_bid,btc-updown-5m-1778773000,Down,0.5,20.0,,,,,,
1778773000000000,POST_BID,post_initial_bid,btc-updown-5m-1778773000,Up,0.5,20.0,,,,,,
1778773000000000,POST_BID,post_initial_bid,btc-updown-5m-1778773000,Down,0.5,20.0,,,,,,
1778773000000000,POST_BID,post_initial_bid,btc-updown-5m-1778773000,Up,0.5,20.0,,,,,,
1778773000000000,POST_BID,post_initial_bid,btc-updown-5m-1778773000,Down,0.5,20.0,,,,,,
1778773000000000,POST_BID,post_initial_bid,btc-updown-5m-1778773000,Down,0.5,20.0,,,,,,
1778773000000000,POST_BID,post_initial_bid,btc-updown-5m-1778773000,Down,0.5,20.0,,,,,,
1778773000000000,POST_BID,post_initial_bid,btc-updown-5m-1778773000,Down,0.5,20.0,,,,,,
1778773000000000,POST_BID,post_initial_bid,btc-updown-5m-1778773000,Up,0.5,20.0,,,,,,
1778773000000000,POST_BID,post_initial_bid,btc-updown-5m-1778773000,Down,0.5,20.0,,,,,,
1778773000000000,FILL,maker_bid_hit,btc-updown-5m-1778773000,Down,0.5,20.0,20.0,,,,,
1778773000000000,FILL,maker_bid_hit,btc-updown-5m-1778773000,Down,0.5,20.0,20.0,,,,,
1778773000000000,FILL,maker_bid_hit,btc-updown-5m-1778773000,Up,0.5,20.0,20.0,,,,,
1778773000000000,FILL,maker_bid_hit,btc-updown-5m-1778773000,Up,0.5,20.0,20.0,,,,,
1778773000000000,FILL,maker_bid_hit,btc-updown-5m-1778773000,Down,0.5,20.0,20.0,,,,,
1778773000000000,FILL,maker_bid_hit,btc-updown-5m-1778773000,Down,0.5,20.0,20.0,,,,,
1778773000000000,FILL,maker_bid_hit,btc-updown-5m-1778773000,Down,0.5,20.0,20.0,,,,,
1778773000000000,FILL,maker_bid_hit,btc-updown-5m-1778773000,Down,0.5,20.0,20.0,,,,,
1778773000000000,FILL,maker_bid_hit,btc-updown-5m-1778773000,Down,0.5,20.0,20.0,,,,,
1778773000000000,FILL,maker_bid_hit,btc-updown-5m-1778773000,Down,0.5,20.0,20.0,,,,,
1778773000000000,FILL,maker_bid_hit,btc-updown-5m-1778773000,Down,0.5,20.0,20.0,,,,,
1778773000000000,FILL,maker_bid_hit,btc-updown-5m-1778773000,Down,0.5,20.0,20.0,,,,,
1778773000000000,FILL,maker_bid_hit,btc-updown-5m-1778773000,Up,0.5,20.0,20.0,,,,,
1778773000000000,FILL,maker_bid_hit,btc-updown-5m-1778773000,Down,0.5,20.0,20.0,,,,,
1778773000000000,FILL,maker_bid_hit,btc-updown-5m-1778773000,Down,0.5,20.0,20.0,,,,,
1778773000000000,FILL,maker_bid_hit,btc-updown-5m-1778773000,Up,0.5,20.0,20.0,,,,,
1778773300000000,LOG_SLUG_COMPLETE,slug_resolved,btc-updown-5m-1778773000,,,,,Up,-9.447,,,
1778773300000000,POST_BID,post_initial_bid,btc-updown-5m-1778773300,Up,0.5,20.0,,,,,,
1778773300000000,POST_BID,post_initial_bid,btc-updown-5m-1778773300,Down,0.5,20.0,,,,,,
1778773300000000,POST_BID,post_initial_bid,btc-updown-5m-1778773300,Down,0.5,20.0,,,,,,
1778773300000000,POST_BID,post_initial_bid,btc-updown-5m-1778773300,Down,0.5,20.0,,,,,,
1778773300000000,POST_BID,post_initial_bid,btc-updown-5m-1778773300,Up,0.5,20.0,,,,,,
1778773300000000,POST_BID,post_initial_bid,btc-updown-5m-1778773300,Up,0.5,20.0,,,,,,
1778773300000000,POST_BID,post_initial_bid,btc-updown-5m-1778773300,Down,0.5,20.0,,,,,,
1778773300000000,POST_BID,post_initial_bid,btc-updown-5m-1778773300,Down,0.5,20.0,,,,,,
1778773300000000,POST_BID,post_initial_bid,btc-updown-5m-1778773300,Up,0.5,20.0,,,,,,
1778773300000000,POST_BID,post_initial_bid,btc-updown-5m-1778773300,Up,0.5,20.0,,,,,,
1778773300000000,POST_BID,post_initial_bid,btc-updown-5m-1778773300,Down,0.5,20.0,,,,,,
1778773300000000,POST_BID,post_initial_bid,btc-updown-5m-1778773300,Up,0.5,20.0,,,,,,
1778773300000000,POST_BID,post_initial_bid,btc-updown-5m-1778773300,Down,0.5,20.0,,,,,,
1778773300000000,POST_BID,post_initial_bid,btc-updown-5m-1778773300,Down,0.5,20.0,,,,,,
1778773300000000,POST_BID,post_initial_bid,btc-updown-5m-1778773300,Down,0.5,20.0,,,,,,
1778773300000000,POST_BID,post_initial_bid,btc-updown-5m-1778773300,Down,0.5,20.0,,,,,,
1778773300000000,POST_BID,post_initial_bid,btc-updown-5m-1778773300,Down,0.5,20.0,,,,,,
1778773300000000,POST_BID,post_initial_bid,btc-updown-5m-1778773300,Down,0.5,20.0,,,,,,
1778773300000000,POST_BID,post_initial_bid,btc-updown-5m-1778773300,Up,0.5,20.0,,,,,,
1778773300000000,POST_BID,post_initial_bid,btc-updown-5m-1778773300,Down,0.5,20.0,,,,,,
1778773300000000,POST_BID,post_initial_bid,btc-updown-5m-1778773300,Up,0.5,20.0,,,,,,
1778773300000000,POST_BID,post_initial_bid,btc-updown-5m-1778773300,Down,0.5,20.0,,,,,,
1778773300000000,POST_BID,post_initial_bid,btc-updown-5m-1778773300,Up,0.5,20.0,,,,,,
1778773300000000,POST_BID,post_initial_bid,btc-updown-5m-1778773300,Up,0.5,20.0,,,,,,
1778773300000000,POST_BID,post_initial_bid,btc-updown-5m-1778773300,Down,0.5,20.0,,,,,,
1778773300000000,POST_BID,post_initial_bid,btc-updown-5m-1778773300,Down,0.5,20.0,,,,,,
1778773300000000,POST_BID,post_initial_bid,btc-updown-5m-1778773300,Down,0.5,20.0,,,,,,
1778773300000000,POST_BID,post_initial_bid,btc-updown-5m-1778773300,Down,0.5,20.0,,,,,,
1778773300000000,POST_BID,post_initial_bid,btc-updown-5m-1778773300,Down,0.5,20.0,,,,,,
1778773300000000,POST_BID,post_initial_bid,btc-updown-5m-1778773300,Down,0.5,20.0,,,,,,
1778773300000000,POST_BID,post_initial_bid,btc-updown-5m-1778773300,Down,0.5,20.0,,,,,,
1778773300000000,POST_BID,post_initial_bid,btc-updown-5m-1778773300,Down,0.5,20.0,,,,,,
1778773300000000,POST_BID,post_initial_bid,btc-updown-5m-1778773300,Up,0.5,20.0,,,,,,
1778773300000000,POST_BID,post_initial_bid,btc-updown-5m-1778773300,Up,0.5,20.0,,,,,,
1778773300000000,POST_BID,post_initial_bid,btc-updown-5m-1778773300,Down,0.5,20.0,,,,,,
1778773300000000,POST_BID,post_initial_bid,btc-updown-5m-1778773300,Down,0.5,20.0,,,,,,
1778773300000000,POST_BID,post_initial_bid,btc-updown-5m-1778773300,Down,0.5,20.0,,,,,,
1778773300000000,POST_BID,post_initial_bid,btc-updown-5m-1778773300,Down,0.5,20.0,,,,,,
1778773300000000,POST_BID,post_initial_bid,btc-updown-5m-1778773300,Up,0.5,20.0,,,,,,
1778773300000000,POST_BID,post_initial_bid,btc-updown-5m-1778773300,Down,0.5,20.0,,,,,,
1778773300000000,POST_BID,post_initial_bid,btc-updown-5m-1778773300,Up,0.5,20.0,,,,,,
1778773300000000,POST_BID,post_initial_bid,btc-updown-5m-1778773300,Down,0.5,20.0,,,,,,
1778773300000000,POST_BID,post_initial_bid,btc-updown-5m-1778773300,Down,0.5,20.0,,,,,,
1778773300000000,POST_BID,post_initial_bid,btc-updown-5m-1778773300,Down,0.5,20.0,,,,,,
1778773300000000,POST_BID,post_initial_bid,btc-updown-5m-1778773300,Down,0.5,20.0,,,,,,
1778773300000000,POST_BID,post_initial_bid,btc-updown-5m-1778773300,Up,0.5,20.0,,,,,,
1778773300000000,POST_BID,post_initial_bid,btc-updown-5m-1778773300,Down,0.5,20.0,,,,,,
1778773300000000,POST_BID,post_initial_bid,btc-updown-5m-1778773300,Down,0.5,20.0,,,,,,
1778773300000000,POST_BID,post_initial_bid,btc-updown-5m-1778773300,Down,0.5,20.0,,,,,,
1778773300000000,POST_BID,post_initial_bid,btc-updown-5m-1778773300,Up,0.5,20.0,,,,,,
1778773300000000,POST_BID,post_initial_bid,btc-updown-5m-1778773300,Down,0.5,20.0,,,,,,
1778773300000000,POST_BID,post_initial_bid,btc-updown-5m-1778773300,Down,0.5,20.0,,,,,,
1778773300000000,POST_BID,post_initial_bid,btc-updown-5m-1778773300,Down,0.5,20.0,,,,,,
1778773300000000,POST_BID,post_initial_bid,btc-updown-5m-1778773300,Down,0.5,20.0,,,,,,
1778773300000000,POST_BID,post_initial_bid,btc-updown-5m-1778773300,Down,0.5,20.0,,,,,,
1778773300000000,POST_BID,post_initial_bid,btc-updown-5m-1778773300,Up,0.5,20.0,,,,,,
1778773300000000,POST_BID,post_initial_bid,btc-updown-5m-1778773300,Down,0.5,20.0,,,,,,
1778773300000000,POST_BID,post_initial_bid,btc-updown-5m-1778773300,Down,0.5,20.0,,,,,,
1778773300000000,POST_BID,post_initial_bid,btc-updown-5m-1778773300,Up,0.5,20.0,,,,,,
1778773300000000,POST_BID,post_initial_bid,btc-updown-5m-1778773300,Up,0.5,20.0,,,,,,
1778773300000000,POST_BID,post_initial_bid,btc-updown-5m-1778773300,Up,0.5,20.0,,,,,,
1778773300000000,POST_BID,post_initial_bid,btc-updown-5m-1778773300,Up,0.5,20.0,,,,,,
1778773300000000,POST_BID,post_initial_bid,btc-updown-5m-1778773300,Up,0.5,20.0,,,,,,
1778773300000000,POST_BID,post_initial_bid,btc-updown-5m-1778773300,Up,0.5,20.0,,,,,,
1778773300000000,POST_BID,post_initial_bid,btc-updown-5m-1778773300,Down,0.5,20.0,,,,,,
1778773300000000,POST_BID,post_initial_bid,btc-updown-5m-1778773300,Up,0.5,20.0,,,,,,
1778773300000000,POST_BID,post_initial_bid,btc-updown-5m-1778773300,Up,0.5,20.0,,,,,,
1778773300000000,POST_BID,post_initial_bid,btc-updown-5m-1778773300,Up,0.5,20.0,,,,,,
1778773300000000,POST_BID,post_initial_bid,btc-updown-5m-1778773300,Up,0.5,20.0,,,,,,
1778773300000000,POST_BID,post_initial_bid,btc-updown-5m-1778773300,Down,0.5,20.0,,,,,,
1778773300000000,POST_BID,post_initial_bid,btc-updown-5m-1778773300,Up,0.5,20.0,,,,,,
1778773300000000,POST_BID,post_initial_bid,btc-updown-5m-1778773300,Down,0.5,20.0,,,,,,
1778773300000000,POST_BID,post_initial_bid,btc-updown-5m-1778773300,Down,0.5,20.0,,,,,,
1778773300000000,POST_BID,post_initial_bid,btc-updown-5m-1778773300,Up,0.5,20.0,,,,,,
1778773300000000,POST_BID,post_initial_bid,btc-updown-5m-1778773300,Down,0.5,20.0,,,,,,
1778773300000000,POST_BID,post_initial_bid,btc-updown-5m-1778773300,Down,0.5,20.0,,,,,,
1778773300000000,POST_BID,post_initial_bid,btc-updown-5m-1778773300,Down,0.5,20.0,,,,,,
1778773300000000,POST_BID,post_initial_bid,btc-updown-5m-1778773300,Down,0.5,20.0,,,,,,
1778773300000000,POST_BID,post_initial_bid,btc-updown-5m-1778773300,Up,0.5,20.0,,,,,,
1778773300000000,POST_BID,post_initial_bid,btc-updown-5m-1778773300,Down,0.5,20.0,,,,,,
1778773300000000,POST_BID,post_initial_bid,btc-updown-5m-1778773300,Up,0.5,20.0,,,,,,
1778773300000000,POST_BID,post_initial_bid,btc-updown-5m-1778773300,Up,0.5,20.0,,,,,,
1778773300000000,POST_BID,post_initial_bid,btc-updown-5m-1778773300,Down,0.5,20.0,,,,,,
1778773300000000,POST_BID,post_initial_bid,btc-updown-5m-1778773300,Down,0.5,20.0,,,,,,
1778773300000000,POST_BID,post_initial_bid,btc-updown-5m-1778773300,Down,0.5,20.0,,,,,,
1778773300000000,POST_BID,post_initial_bid,btc-updown-5m-1778773300,Up,0.5,20.0,,,,,,
1778773300000000,POST_BID,post_initial_bid,btc-updown-5m-1778773300,Up,0.5,20.0,,,,,,
1778773300000000,POST_BID,post_initial_bid,btc-updown-5m-1778773300,Up,0.5,20.0,,,,,,
1778773300000000,POST_BID,post_initial_bid,btc-updown-5m-1778773300,Down,0.5,20.0,,,,,,
1778773300000000,FILL,maker_bid_hit,btc-updown-5m-1778773300,Down,0.5,20.0,20.0,,,,,
1778773300000000,FILL,maker_bid_hit,btc-updown-5m-1778773300,Up,0.5,20.0,20.0,,,,,
1778773300000000,FILL,maker_bid_hit,btc-updown-5m-1778773300,Down,0.5,20.0,20.0,,,,,
1778773300000000,FILL,maker_bid_hit,btc-updown-5m-1778773300,Up,0.5,20.0,20.0,,,,,
1778773300000000,FILL,maker_bid_hit,btc-updown-5m-1778773300,Down,0.5,20.0,20.0,,,,,
1778773300000000,FILL,maker_bid_hit,btc-updown-5m-1778773300,Up,0.5,20.0,20.0,,,,,
1778773300000000,FILL,maker_bid_hit,btc-updown-5m-1778773300,Down,0.5,20.0,20.0,,,,,
1778773300000000,FILL,maker_bid_hit,btc-updown-5m-1778773300,Up,0.5,20.0,20.0,,,,,
1778773300000000,FILL,maker_bid_hit,btc-updown-5m-1778773300,Up,0.5,20.0,20.0,,,,,
1778773300000000,FILL,maker_bid_hit,btc-updown-5m-1778773300,Up,0.5,20.0,20.0,,,,,
1778773300000000,FILL,maker_bid_hit,btc-updown-5m-1778773300,Up,0.5,20.0,20.0,,,,,
1778773300000000,FILL,maker_bid_hit,btc-updown-5m-1778773300,Up,0.5,20.0,20.0,,,,,
1778773300000000,FILL,maker_bid_hit,btc-updown-5m-1778773300,Up,0.5,20.0,20.0,,,,,
1778773600000000,LOG_SLUG_COMPLETE,slug_resolved,btc-updown-5m-1778773300,,,,,Down,-0.3183,,,
1778773600000000,POST_BID,post_initial_bid,btc-updown-5m-1778773600,Up,0.5,20.0,,,,,,
1778773600000000,POST_BID,post_initial_bid,btc-updown-5m-1778773600,Down,0.5,20.0,,,,,,
1778773600000000,POST_BID,post_initial_bid,btc-updown-5m-1778773600,Down,0.5,20.0,,,,,,
1778773600000000,POST_BID,post_initial_bid,btc-updown-5m-1778773600,Down,0.5,20.0,,,,,,
1778773600000000,POST_BID,post_initial_bid,btc-updown-5m-1778773600,Up,0.5,20.0,,,,,,
1778773600000000,POST_BID,post_initial_bid,btc-updown-5m-1778773600,Up,0.5,20.0,,,,,,
1778773600000000,POST_BID,post_initial_bid,btc-updown-5m-1778773600,Down,0.5,20.0,,,,,,
1778773600000000,POST_BID,post_initial_bid,btc-updown-5m-1778773600,Up,0.5,20.0,,,,,,
1778773600000000,POST_BID,post_initial_bid,btc-updown-5m-1778773600,Up,0.5,20.0,,,,,,
1778773600000000,POST_BID,post_initial_bid,btc-updown-5m-1778773600,Down,0.5,20.0,,,,,,
1778773600000000,POST_BID,post_initial_bid,btc-updown-5m-1778773600,Down,0.5,20.0,,,,,,
1778773600000000,POST_BID,post_initial_bid,btc-updown-5m-1778773600,Up,0.5,20.0,,,,,,
1778773600000000,POST_BID,post_initial_bid,btc-updown-5m-1778773600,Up,0.5,20.0,,,,,,
1778773600000000,POST_BID,post_initial_bid,btc-updown-5m-1778773600,Down,0.5,20.0,,,,,,
1778773600000000,POST_BID,post_initial_bid,btc-updown-5m-1778773600,Down,0.5,20.0,,,,,,
1778773600000000,POST_BID,post_initial_bid,btc-updown-5m-1778773600,Down,0.5,20.0,,,,,,
1778773600000000,POST_BID,post_initial_bid,btc-updown-5m-1778773600,Up,0.5,20.0,,,,,,
1778773600000000,POST_BID,post_initial_bid,btc-updown-5m-1778773600,Up,0.5,20.0,,,,,,
1778773600000000,POST_BID,post_initial_bid,btc-updown-5m-1778773600,Up,0.5,20.0,,,,,,
1778773600000000,POST_BID,post_initial_bid,btc-updown-5m-1778773600,Down,0.5,20.0,,,,,,
1778773600000000,POST_BID,post_initial_bid,btc-updown-5m-1778773600,Up,0.5,20.0,,,,,,
1778773600000000,POST_BID,post_initial_bid,btc-updown-5m-1778773600,Down,0.5,20.0,,,,,,
1778773600000000,POST_BID,post_initial_bid,btc-updown-5m-1778773600,Down,0.5,20.0,,,,,,
1778773600000000,POST_BID,post_initial_bid,btc-updown-5m-1778773600,Up,0.5,20.0,,,,,,
1778773600000000,POST_BID,post_initial_bid,btc-updown-5m-1778773600,Down,0.5,20.0,,,,,,
1778773600000000,POST_BID,post_initial_bid,btc-updown-5m-1778773600,Down,0.5,20.0,,,,,,
1778773600000000,POST_BID,post_initial_bid,btc-updown-5m-1778773600,Down,0.5,20.0,,,,,,
1778773600000000,POST_BID,post_initial_bid,btc-updown-5m-1778773600,Down,0.5,20.0,,,,,,
1778773600000000,POST_BID,post_initial_bid,btc-updown-5m-1778773600,Down,0.5,20.0,,,,,,
1778773600000000,POST_BID,post_initial_bid,btc-updown-5m-1778773600,Up,0.5,20.0,,,,,,
1778773600000000,POST_BID,post_initial_bid,btc-updown-5m-1778773600,Up,0.5,20.0,,,,,,
1778773600000000,POST_BID,post_initial_bid,btc-updown-5m-1778773600,Up,0.5,20.0,,,,,,
1778773600000000,POST_BID,post_initial_bid,btc-updown-5m-1778773600,Down,0.5,20.0,,,,,,
1778773600000000,POST_BID,post_initial_bid,btc-updown-5m-1778773600,Down,0.5,20.0,,,,,,
1778773600000000,POST_BID,post_initial_bid,btc-updown-5m-1778773600,Down,0.5,20.0,,,,,,
1778773600000000,POST_BID,post_initial_bid,btc-updown-5m-1778773600,Up,0.5,20.0,,,,,,
1778773600000000,POST_BID,post_initial_bid,btc-updown-5m-1778773600,Up,0.5,20.0,,,,,,
1778773600000000,POST_BID,post_initial_bid,btc-updown-5m-1778773600,Down,0.5,20.0,,,,,,
1778773600000000,POST_BID,post_initial_bid,btc-updown-5m-1778773600,Down,0.5,20.0,,,,,,
1778773600000000,POST_BID,post_initial_bid,btc-updown-5m-1778773600,Down,0.5,20.0,,,,,,
1778773600000000,POST_BID,post_initial_bid,btc-updown-5m-1778773600,Up,0.5,20.0,,,,,,
1778773600000000,POST_BID,post_initial_bid,btc-updown-5m-1778773600,Up,0.5,20.0,,,,,,
1778773600000000,POST_BID,post_initial_bid,btc-updown-5m-1778773600,Up,0.5,20.0,,,,,,
1778773600000000,POST_BID,post_initial_bid,btc-updown-5m-1778773600,Up,0.5,20.0,,,,,,
1778773600000000,POST_BID,post_initial_bid,btc-updown-5m-1778773600,Down,0.5,20.0,,,,,,
1778773600000000,POST_BID,post_initial_bid,btc-updown-5m-1778773600,Down,0.5,20.0,,,,,,
1778773600000000,POST_BID,post_initial_bid,btc-updown-5m-1778773600,Up,0.5,20.0,,,,,,
1778773600000000,POST_BID,post_initial_bid,btc-updown-5m-1778773600,Down,0.5,20.0,,,,,,
1778773600000000,POST_BID,post_initial_bid,btc-updown-5m-1778773600,Down,0.5,20.0,,,,,,
1778773600000000,POST_BID,post_initial_bid,btc-updown-5m-1778773600,Up,0.5,20.0,,,,,,
1778773600000000,POST_BID,post_initial_bid,btc-updown-5m-1778773600,Down,0.5,20.0,,,,,,
1778773600000000,POST_BID,post_initial_bid,btc-updown-5m-1778773600,Down,0.5,20.0,,,,,,
1778773600000000,POST_BID,post_initial_bid,btc-updown-5m-1778773600,Down,0.5,20.0,,,,,,
1778773600000000,POST_BID,post_initial_bid,btc-updown-5m-1778773600,Down,0.5,20.0,,,,,,
1778773600000000,POST_BID,post_initial_bid,btc-updown-5m-1778773600,Down,0.5,20.0,,,,,,
1778773600000000,POST_BID,post_initial_bid,btc-updown-5m-1778773600,Up,0.5,20.0,,,,,,
1778773600000000,POST_BID,post_initial_bid,btc-updown-5m-1778773600,Down,0.5,20.0,,,,,,
1778773600000000,POST_BID,post_initial_bid,btc-updown-5m-1778773600,Down,0.5,20.0,,,,,,
1778773600000000,POST_BID,post_initial_bid,btc-updown-5m-1778773600,Down,0.5,20.0,,,,,,
1778773600000000,POST_BID,post_initial_bid,btc-updown-5m-1778773600,Up,0.5,20.0,,,,,,
1778773600000000,POST_BID,post_initial_bid,btc-updown-5m-1778773600,Down,0.5,20.0,,,,,,
1778773600000000,POST_BID,post_initial_bid,btc-updown-5m-1778773600,Down,0.5,20.0,,,,,,
1778773600000000,POST_BID,post_initial_bid,btc-updown-5m-1778773600,Down,0.5,20.0,,,,,,
1778773600000000,POST_BID,post_initial_bid,btc-updown-5m-1778773600,Down,0.5,20.0,,,,,,
1778773600000000,POST_BID,post_initial_bid,btc-updown-5m-1778773600,Down,0.5,20.0,,,,,,
1778773600000000,POST_BID,post_initial_bid,btc-updown-5m-1778773600,Up,0.5,20.0,,,,,,
1778773600000000,POST_BID,post_initial_bid,btc-updown-5m-1778773600,Up,0.5,20.0,,,,,,
1778773600000000,POST_BID,post_initial_bid,btc-updown-5m-1778773600,Up,0.5,20.0,,,,,,
1778773600000000,POST_BID,post_initial_bid,btc-updown-5m-1778773600,Up,0.5,20.0,,,,,,
1778773600000000,POST_BID,post_initial_bid,btc-updown-5m-1778773600,Down,0.5,20.0,,,,,,
1778773600000000,POST_BID,post_initial_bid,btc-updown-5m-1778773600,Up,0.5,20.0,,,,,,
1778773600000000,POST_BID,post_initial_bid,btc-updown-5m-1778773600,Down,0.5,20.0,,,,,,
1778773600000000,POST_BID,post_initial_bid,btc-updown-5m-1778773600,Up,0.5,20.0,,,,,,
1778773600000000,POST_BID,post_initial_bid,btc-updown-5m-1778773600,Up,0.5,20.0,,,,,,
1778773600000000,POST_BID,post_initial_bid,btc-updown-5m-1778773600,Down,0.5,20.0,,,,,,
1778773600000000,FILL,maker_bid_hit,btc-updown-5m-1778773600,Up,0.5,20.0,20.0,,,,,
1778773600000000,FILL,maker_bid_hit,btc-updown-5m-1778773600,Up,0.5,20.0,20.0,,,,,
1778773600000000,FILL,maker_bid_hit,btc-updown-5m-1778773600,Down,0.5,20.0,20.0,,,,,
1778773600000000,FILL,maker_bid_hit,btc-updown-5m-1778773600,Down,0.5,20.0,20.0,,,,,
1778773600000000,FILL,maker_bid_hit,btc-updown-5m-1778773600,Down,0.5,20.0,20.0,,,,,
1778773600000000,FILL,maker_bid_hit,btc-updown-5m-1778773600,Up,0.5,20.0,20.0,,,,,
1778773600000000,FILL,maker_bid_hit,btc-updown-5m-1778773600,Down,0.5,20.0,20.0,,,,,
1778773600000000,FILL,maker_bid_hit,btc-updown-5m-1778773600,Up,0.5,20.0,20.0,,,,,
1778773900000000,LOG_SLUG_COMPLETE,slug_resolved,btc-updown-5m-1778773600,,,,,Down,-0.9068,,,
1778773900000000,POST_BID,post_initial_bid,btc-updown-5m-1778773900,Up,0.5,20.0,,,,,,
1778773900000000,POST_BID,post_initial_bid,btc-updown-5m-1778773900,Up,0.5,20.0,,,,,,
1778773900000000,POST_BID,post_initial_bid,btc-updown-5m-1778773900,Down,0.5,20.0,,,,,,
1778773900000000,POST_BID,post_initial_bid,btc-updown-5m-1778773900,Down,0.5,20.0,,,,,,
1778773900000000,POST_BID,post_initial_bid,btc-updown-5m-1778773900,Down,0.5,20.0,,,,,,
1778773900000000,POST_BID,post_initial_bid,btc-updown-5m-1778773900,Down,0.5,20.0,,,,,,
1778773900000000,POST_BID,post_initial_bid,btc-updown-5m-1778773900,Down,0.5,20.0,,,,,,
1778773900000000,POST_BID,post_initial_bid,btc-updown-5m-1778773900,Up,0.5,20.0,,,,,,
1778773900000000,POST_BID,post_initial_bid,btc-updown-5m-1778773900,Down,0.5,20.0,,,,,,
1778773900000000,POST_BID,post_initial_bid,btc-updown-5m-1778773900,Up,0.5,20.0,,,,,,
1778773900000000,POST_BID,post_initial_bid,btc-updown-5m-1778773900,Up,0.5,20.0,,,,,,
1778773900000000,POST_BID,post_initial_bid,btc-updown-5m-1778773900,Up,0.5,20.0,,,,,,
1778773900000000,POST_BID,post_initial_bid,btc-updown-5m-1778773900,Down,0.5,20.0,,,,,,
1778773900000000,POST_BID,post_initial_bid,btc-updown-5m-1778773900,Up,0.5,20.0,,,,,,
1778773900000000,POST_BID,post_initial_bid,btc-updown-5m-1778773900,Down,0.5,20.0,,,,,,
1778773900000000,POST_BID,post_initial_bid,btc-updown-5m-1778773900,Up,0.5,20.0,,,,,,
1778773900000000,POST_BID,post_initial_bid,btc-updown-5m-1778773900,Up,0.5,20.0,,,,,,
1778773900000000,POST_BID,post_initial_bid,btc-updown-5m-1778773900,Up,0.5,20.0,,,,,,
1778773900000000,POST_BID,post_initial_bid,btc-updown-5m-1778773900,Down,0.5,20.0,,,,,,
1778773900000000,POST_BID,post_initial_bid,btc-updown-5m-1778773900,Up,0.5,20.0,,,,,,
1778773900000000,POST_BID,post_initial_bid,btc-updown-5m-1778773900,Up,0.5,20.0,,,,,,
1778773900000000,POST_BID,post_initial_bid,btc-updown-5m-1778773900,Up,0.5,20.0,,,,,,
1778773900000000,POST_BID,post_initial_bid,btc-updown-5m-1778773900,Down,0.5,20.0,,,,,,
1778773900000000,POST_BID,post_initial_bid,btc-updown-5m-1778773900,Down,0.5,20.0,,,,,,
1778773900000000,POST_BID,post_initial_bid,btc-updown-5m-1778773900,Up,0.5,20.0,,,,,,
1778773900000000,POST_BID,post_initial_bid,btc-updown-5m-1778773900,Up,0.5,20.0,,,,,,
1778773900000000,POST_BID,post_initial_bid,btc-updown-5m-1778773900,Up,0.5,20.0,,,,,,
1778773900000000,POST_BID,post_initial_bid,btc-updown-5m-1778773900,Up,0.5,20.0,,,,,,
1778773900000000,POST_BID,post_initial_bid,btc-updown-5m-1778773900,Up,0.5,20.0,,,,,,
1778773900000000,POST_BID,post_initial_bid,btc-updown-5m-1778773900,Down,0.5,20.0,,,,,,
1778773900000000,POST_BID,post_initial_bid,btc-updown-5m-1778773900,Down,0.5,20.0,,,,,,
1778773900000000,POST_BID,post_initial_bid,btc-updown-5m-1778773900,Up,0.5,20.0,,,,,,
1778773900000000,POST_BID,post_initial_bid,btc-updown-5m-1778773900,Down,0.5,20.0,,,,,,
1778773900000000,POST_BID,post_initial_bid,btc-updown-5m-1778773900,Down,0.5,20.0,,,,,,
1778773900000000,POST_BID,post_initial_bid,btc-updown-5m-1778773900,Down,0.5,20.0,,,,,,
1778773900000000,POST_BID,post_initial_bid,btc-updown-5m-1778773900,Down,0.5,20.0,,,,,,
1778773900000000,POST_BID,post_initial_bid,btc-updown-5m-1778773900,Up,0.5,20.0,,,,,,
1778773900000000,POST_BID,post_initial_bid,btc-updown-5m-1778773900,Up,0.5,20.0,,,,,,
1778773900000000,POST_BID,post_initial_bid,btc-updown-5m-1778773900,Down,0.5,20.0,,,,,,
1778773900000000,POST_BID,post_initial_bid,btc-updown-5m-1778773900,Up,0.5,20.0,,,,,,
1778773900000000,POST_BID,post_initial_bid,btc-updown-5m-1778773900,Down,0.5,20.0,,,,,,
1778773900000000,POST_BID,post_initial_bid,btc-updown-5m-1778773900,Down,0.5,20.0,,,,,,
1778773900000000,POST_BID,post_initial_bid,btc-updown-5m-1778773900,Down,0.5,20.0,,,,,,
1778773900000000,POST_BID,post_initial_bid,btc-updown-5m-1778773900,Up,0.5,20.0,,,,,,
1778773900000000,POST_BID,post_initial_bid,btc-updown-5m-1778773900,Up,0.5,20.0,,,,,,
1778773900000000,POST_BID,post_initial_bid,btc-updown-5m-1778773900,Up,0.5,20.0,,,,,,
1778773900000000,POST_BID,post_initial_bid,btc-updown-5m-1778773900,Up,0.5,20.0,,,,,,
1778773900000000,POST_BID,post_initial_bid,btc-updown-5m-1778773900,Up,0.5,20.0,,,,,,
1778773900000000,POST_BID,post_initial_bid,btc-updown-5m-1778773900,Up,0.5,20.0,,,,,,
1778773900000000,POST_BID,post_initial_bid,btc-updown-5m-1778773900,Down,0.5,20.0,,,,,,
1778773900000000,POST_BID,post_initial_bid,btc-updown-5m-1778773900,Down,0.5,20.0,,,,,,
1778773900000000,POST_BID,post_initial_bid,btc-updown-5m-1778773900,Up,0.5,20.0,,,,,,
1778773900000000,POST_BID,post_initial_bid,btc-updown-5m-1778773900,Up,0.5,20.0,,,,,,
1778773900000000,POST_BID,post_initial_bid,btc-updown-5m-1778773900,Down,0.5,20.0,,,,,,
1778773900000000,POST_BID,post_initial_bid,btc-updown-5m-1778773900,Down,0.5,20.0,,,,,,
1778773900000000,POST_BID,post_initial_bid,btc-updown-5m-1778773900,Up,0.5,20.0,,,,,,
1778773900000000,POST_BID,post_initial_bid,btc-updown-5m-1778773900,Down,0.5,20.0,,,,,,
1778773900000000,POST_BID,post_initial_bid,btc-updown-5m-1778773900,Down,0.5,20.0,,,,,,
1778773900000000,POST_BID,post_initial_bid,btc-updown-5m-1778773900,Up,0.5,20.0,,,,,,
1778773900000000,POST_BID,post_initial_bid,btc-updown-5m-1778773900,Up,0.5,20.0,,,,,,
1778773900000000,POST_BID,post_initial_bid,btc-updown-5m-1778773900,Down,0.5,20.0,,,,,,
1778773900000000,POST_BID,post_initial_bid,btc-updown-5m-1778773900,Up,0.5,20.0,,,,,,
1778773900000000,POST_BID,post_initial_bid,btc-updown-5m-1778773900,Down,0.5,20.0,,,,,,
1778773900000000,POST_BID,post_initial_bid,btc-updown-5m-1778773900,Down,0.5,20.0,,,,,,
1778773900000000,FILL,maker_bid_hit,btc-updown-5m-1778773900,Down,0.5,20.0,20.0,,,,,
1778773900000000,FILL,maker_bid_hit,btc-updown-5m-1778773900,Up,0.5,20.0,20.0,,,,,
1778773900000000,FILL,maker_bid_hit,btc-updown-5m-1778773900,Up,0.5,20.0,20.0,,,,,
1778773900000000,FILL,maker_bid_hit,btc-updown-5m-1778773900,Down,0.5,20.0,20.0,,,,,
1778773900000000,FILL,maker_bid_hit,btc-updown-5m-1778773900,Up,0.5,20.0,20.0,,,,,
1778773900000000,FILL,maker_bid_hit,btc-updown-5m-1778773900,Down,0.5,20.0,20.0,,,,,
1778773900000000,FILL,maker_bid_hit,btc-updown-5m-1778773900,Down,0.5,20.0,20.0,,,,,
1778773900000000,FILL,maker_bid_hit,btc-updown-5m-1778773900,Up,0.5,20.0,20.0,,,,,
1778773900000000,FILL,maker_bid_hit,btc-updown-5m-1778773900,Up,0.5,20.0,20.0,,,,,
1778773900000000,FILL,maker_bid_hit,btc-updown-5m-1778773900,Down,0.5,20.0,20.0,,,,,
1778773900000000,FILL,maker_bid_hit,btc-updown-5m-1778773900,Up,0.5,20.0,20.0,,,,,
1778773900000000,FILL,maker_bid_hit,btc-updown-5m-1778773900,Down,0.5,20.0,20.0,,,,,
1778773900000000,FILL,maker_bid_hit,btc-updown-5m-1778773900,Down,0.5,20.0,20.0,,,,,
1778773900000000,FILL,maker_bid_hit,btc-updown-5m-1778773900,Down,0.5,20.0,20.0,,,,,
1778773900000000,FILL,maker_bid_hit,btc-updown-5m-1778773900,Down,0.5,20.0,20.0,,,,,
1778773900000000,FILL,maker_bid_hit,btc-updown-5m-1778773900,Down,0.5,20.0,20.0,,,,,
1778773900000000,FILL,maker_bid_hit,btc-updown-5m-1778773900,Up,0.5,20.0,20.0,,,,,
1778774200000000,LOG_SLUG_COMPLETE,slug_resolved,btc-updown-5m-1778773900,,,,,Down,-4.9572,,,
1778774200000000,POST_BID,post_initial_bid,btc-updown-5m-1778774200,Down,0.5,20.0,,,,,,
1778774200000000,POST_BID,post_initial_bid,btc-updown-5m-1778774200,Up,0.5,20.0,,,,,,
1778774200000000,POST_BID,post_initial_bid,btc-updown-5m-1778774200,Down,0.5,20.0,,,,,,
1778774200000000,POST_BID,post_initial_bid,btc-updown-5m-1778774200,Up,0.5,20.0,,,,,,
1778774200000000,POST_BID,post_initial_bid,btc-updown-5m-1778774200,Up,0.5,20.0,,,,,,
1778774200000000,POST_BID,post_initial_bid,btc-updown-5m-1778774200,Down,0.5,20.0,,,,,,
1778774200000000,POST_BID,post_initial_bid,btc-updown-5m-1778774200,Down,0.5,20.0,,,,,,
1778774200000000,POST_BID,post_initial_bid,btc-updown-5m-1778774200,Up,0.5,20.0,,,,,,
1778774200000000,POST_BID,post_initial_bid,btc-updown-5m-1778774200,Up,0.5,20.0,,,,,,
1778774200000000,POST_BID,post_initial_bid,btc-updown-5m-1778774200,Up,0.5,20.0,,,,,,
1778774200000000,POST_BID,post_initial_bid,btc-updown-5m-1778774200,Down,0.5,20.0,,,,,,
1778774200000000,POST_BID,post_initial_bid,btc-updown-5m-1778774200,Up,0.5,20.0,,,,,,
1778774200000000,POST_BID,post_initial_bid,btc-updown-5m-1778774200,Down,0.5,20.0,,,,,,
1778774200000000,POST_BID,post_initial_bid,btc-updown-5m-1778774200,Up,0.5,20.0,,,,,,
1778774200000000,POST_BID,post_initial_bid,btc-updown-5m-1778774200,Down,0.5,20.0,,,,,,
1778774200000000,POST_BID,post_initial_bid,btc-updown-5m-1778774200,Down,0.5,20.0,,,,,,
1778774200000000,POST_BID,post_initial_bid,btc-updown-5m-1778774200,Down,0.5,20.0,,,,,,
1778774200000000,POST_BID,post_initial_bid,btc-updown-5m-1778774200,Down,0.5,20.0,,,,,,
1778774200000000,POST_BID,post_initial_bid,btc-updown-5m-1778774200,Up,0.5,20.0,,,,,,
1778774200000000,POST_BID,post_initial_bid,btc-updown-5m-1778774200,Down,0.5,20.0,,,,,,
1778774200000000,POST_BID,post_initial_bid,btc-updown-5m-1778774200,Up,0.5,20.0,,,,,,
1778774200000000,POST_BID,post_initial_bid,btc-updown-5m-1778774200,Up,0.5,20.0,,,,,,
1778774200000000,POST_BID,post_initial_bid,btc-updown-5m-1778774200,Down,0.5,20.0,,,,,,
1778774200000000,POST_BID,post_initial_bid,btc-updown-5m-1778774200,Up,0.5,20.0,,,,,,
1778774200000000,POST_BID,post_initial_bid,btc-updown-5m-1778774200,Down,0.5,20.0,,,,,,
1778774200000000,POST_BID,post_initial_bid,btc-updown-5m-1778774200,Down,0.5,20.0,,,,,,
1778774200000000,POST_BID,post_initial_bid,btc-updown-5m-1778774200,Up,0.5,20.0,,,,,,
1778774200000000,POST_BID,post_initial_bid,btc-updown-5m-1778774200,Up,0.5,20.0,,,,,,
1778774200000000,POST_BID,post_initial_bid,btc-updown-5m-1778774200,Down,0.5,20.0,,,,,,
1778774200000000,POST_BID,post_initial_bid,btc-updown-5m-1778774200,Up,0.5,20.0,,,,,,
1778774200000000,POST_BID,post_initial_bid,btc-updown-5m-1778774200,Up,0.5,20.0,,,,,,
1778774200000000,POST_BID,post_initial_bid,btc-updown-5m-1778774200,Down,0.5,20.0,,,,,,
1778774200000000,POST_BID,post_initial_bid,btc-updown-5m-1778774200,Down,0.5,20.0,,,,,,
1778774200000000,POST_BID,post_initial_bid,btc-updown-5m-1778774200,Down,0.5,20.0,,,,,,
1778774200000000,POST_BID,post_initial_bid,btc-updown-5m-1778774200,Up,0.5,20.0,,,,,,
1778774200000000,POST_BID,post_initial_bid,btc-updown-5m-1778774200,Down,0.5,20.0,,,,,,
1778774200000000,POST_BID,post_initial_bid,btc-updown-5m-1778774200,Up,0.5,20.0,,,,,,
1778774200000000,POST_BID,post_initial_bid,btc-updown-5m-1778774200,Down,0.5,20.0,,,,,,
1778774200000000,POST_BID,post_initial_bid,btc-updown-5m-1778774200,Up,0.5,20.0,,,,,,
1778774200000000,POST_BID,post_initial_bid,btc-updown-5m-1778774200,Up,0.5,20.0,,,,,,
1778774200000000,POST_BID,post_initial_bid,btc-updown-5m-1778774200,Down,0.5,20.0,,,,,,
1778774200000000,POST_BID,post_initial_bid,btc-updown-5m-1778774200,Down,0.5,20.0,,,,,,
1778774200000000,POST_BID,post_initial_bid,btc-updown-5m-1778774200,Up,0.5,20.0,,,,,,
1778774200000000,POST_BID,post_initial_bid,btc-updown-5m-1778774200,Down,0.5,20.0,,,,,,
1778774200000000,POST_BID,post_initial_bid,btc-updown-5m-1778774200,Up,0.5,20.0,,,,,,
1778774200000000,POST_BID,post_initial_bid,btc-updown-5m-1778774200,Up,0.5,20.0,,,,,,
1778774200000000,POST_BID,post_initial_bid,btc-updown-5m-1778774200,Up,0.5,20.0,,,,,,
1778774200000000,POST_BID,post_initial_bid,btc-updown-5m-1778774200,Down,0.5,20.0,,,,,,
1778774200000000,POST_BID,post_initial_bid,btc-updown-5m-1778774200,Down,0.5,20.0,,,,,,
1778774200000000,POST_BID,post_initial_bid,btc-updown-5m-1778774200,Down,0.5,20.0,,,,,,
1778774200000000,POST_BID,post_initial_bid,btc-updown-5m-1778774200,Up,0.5,20.0,,,,,,
1778774200000000,POST_BID,post_initial_bid,btc-updown-5m-1778774200,Up,0.5,20.0,,,,,,
1778774200000000,POST_BID,post_initial_bid,btc-updown-5m-1778774200,Down,0.5,20.0,,,,,,
1778774200000000,POST_BID,post_initial_bid,btc-updown-5m-1778774200,Down,0.5,20.0,,,,,,
1778774200000000,POST_BID,post_initial_bid,btc-updown-5m-1778774200,Up,0.5,20.0,,,,,,
1778774200000000,POST_BID,post_initial_bid,btc-updown-5m-1778774200,Down,0.5,20.0,,,,,,
1778774200000000,POST_BID,post_initial_bid,btc-updown-5m-1778774200,Up,0.5,20.0,,,,,,
1778774200000000,POST_BID,post_initial_bid,btc-updown-5m-1778774200,Down,0.5,20.0,,,,,,
1778774200000000,POST_BID,post_initial_bid,btc-updown-5m-1778774200,Down,0.5,20.0,,,,,,
1778774200000000,POST_BID,post_initial_bid,btc-updown-5m-1778774200,Down,0.5,20.0,,,,,,
1778774200000000,POST_BID,post_initial_bid,btc-updown-5m-1778774200,Down,0.5,20.0,,,,,,
1778774200000000,POST_BID,post_initial_bid,btc-updown-5m-1778774200,Down,0.5,20.0,,,,,,
1778774200000000,FILL,maker_bid_hit,btc-updown-5m-1778774200,Down,0.5,20.0,20.0,,,,,
1778774200000000,FILL,maker_bid_hit,btc-updown-5m-1778774200,Up,0.5,20.0,20.0,,,,,
1778774200000000,FILL,maker_bid_hit,btc-updown-5m-1778774200,Down,0.5,20.0,20.0,,,,,
1778774200000000,FILL,maker_bid_hit,btc-updown-5m-1778774200,Down,0.5,20.0,20.0,,,,,
1778774200000000,FILL,maker_bid_hit,btc-updown-5m-1778774200,Down,0.5,20.0,20.0,,,,,
1778774200000000,FILL,maker_bid_hit,btc-updown-5m-1778774200,Up,0.5,20.0,20.0,,,,,
1778774200000000,FILL,maker_bid_hit,btc-updown-5m-1778774200,Down,0.5,20.0,20.0,,,,,
1778774200000000,FILL,maker_bid_hit,btc-updown-5m-1778774200,Up,0.5,20.0,20.0,,,,,
1778774200000000,FILL,maker_bid_hit,btc-updown-5m-1778774200,Up,0.5,20.0,20.0,,,,,
1778774200000000,FILL,maker_bid_hit,btc-updown-5m-1778774200,Up,0.5,20.0,20.0,,,,,
1778774500000000,LOG_SLUG_COMPLETE,slug_resolved,btc-updown-5m-1778774200,,,,,Down,1.4188,,,
1778774500000000,POST_BID,post_initial_bid,btc-updown-5m-1778774500,Down,0.5,20.0,,,,,,
1778774500000000,POST_BID,post_initial_bid,btc-updown-5m-1778774500,Up,0.5,20.0,,,,,,
1778774500000000,POST_BID,post_initial_bid,btc-updown-5m-1778774500,Down,0.5,20.0,,,,,,
1778774500000000,POST_BID,post_initial_bid,btc-updown-5m-1778774500,Down,0.5,20.0,,,,,,
1778774500000000,POST_BID,post_initial_bid,btc-updown-5m-1778774500,Up,0.5,20.0,,,,,,
1778774500000000,POST_BID,post_initial_bid,btc-updown-5m-1778774500,Down,0.5,20.0,,,,,,
1778774500000000,POST_BID,post_initial_bid,btc-updown-5m-1778774500,Down,0.5,20.0,,,,,,
1778774500000000,POST_BID,post_initial_bid,btc-updown-5m-1778774500,Down,0.5,20.0,,,,,,
1778774500000000,POST_BID,post_initial_bid,btc-updown-5m-1778774500,Down,0.5,20.0,,,,,,
1778774500000000,POST_BID,post_initial_bid,btc-updown-5m-1778774500,Up,0.5,20.0,,,,,,
1778774500000000,POST_BID,post_initial_bid,btc-updown-5m-1778774500,Down,0.5,20.0,,,,,,
1778774500000000,POST_BID,post_initial_bid,btc-updown-5m-1778774500,Down,0.5,20.0,,,,,,
1778774500000000,POST_BID,post_initial_bid,btc-updown-5m-1778774500,Down,0.5,20.0,,,,,,
1778774500000000,POST_BID,post_initial_bid,btc-updown-5m-1778774500,Down,0.5,20.0,,,,,,
1778774500000000,POST_BID,post_initial_bid,btc-updown-5m-1778774500,Up,0.5,20.0,,,,,,
1778774500000000,POST_BID,post_initial_bid,btc-updown-5m-1778774500,Up,0.5,20.0,,,,,,
1778774500000000,POST_BID,post_initial_bid,btc-updown-5m-1778774500,Up,0.5,20.0,,,,,,
1778774500000000,POST_BID,post_initial_bid,btc-updown-5m-1778774500,Down,0.5,20.0,,,,,,
1778774500000000,POST_BID,post_initial_bid,btc-updown-5m-1778774500,Up,0.5,20.0,,,,,,
1778774500000000,POST_BID,post_initial_bid,btc-updown-5m-1778774500,Down,0.5,20.0,,,,,,
1778774500000000,POST_BID,post_initial_bid,btc-updown-5m-1778774500,Up,0.5,20.0,,,,,,
1778774500000000,POST_BID,post_initial_bid,btc-updown-5m-1778774500,Down,0.5,20.0,,,,,,
1778774500000000,POST_BID,post_initial_bid,btc-updown-5m-1778774500,Down,0.5,20.0,,,,,,
1778774500000000,POST_BID,post_initial_bid,btc-updown-5m-1778774500,Down,0.5,20.0,,,,,,
1778774500000000,POST_BID,post_initial_bid,btc-updown-5m-1778774500,Down,0.5,20.0,,,,,,
1778774500000000,POST_BID,post_initial_bid,btc-updown-5m-1778774500,Down,0.5,20.0,,,,,,
1778774500000000,POST_BID,post_initial_bid,btc-updown-5m-1778774500,Down,0.5,20.0,,,,,,
1778774500000000,POST_BID,post_initial_bid,btc-updown-5m-1778774500,Up,0.5,20.0,,,,,,
1778774500000000,POST_BID,post_initial_bid,btc-updown-5m-1778774500,Up,0.5,20.0,,,,,,
1778774500000000,POST_BID,post_initial_bid,btc-updown-5m-1778774500,Down,0.5,20.0,,,,,,
1778774500000000,POST_BID,post_initial_bid,btc-updown-5m-1778774500,Up,0.5,20.0,,,,,,
1778774500000000,POST_BID,post_initial_bid,btc-updown-5m-1778774500,Up,0.5,20.0,,,,,,
1778774500000000,POST_BID,post_initial_bid,btc-updown-5m-1778774500,Up,0.5,20.0,,,,,,
1778774500000000,POST_BID,post_initial_bid,btc-updown-5m-1778774500,Up,0.5,20.0,,,,,,
1778774500000000,POST_BID,post_initial_bid,btc-updown-5m-1778774500,Down,0.5,20.0,,,,,,
1778774500000000,POST_BID,post_initial_bid,btc-updown-5m-1778774500,Down,0.5,20.0,,,,,,
1778774500000000,POST_BID,post_initial_bid,btc-updown-5m-1778774500,Up,0.5,20.0,,,,,,
1778774500000000,POST_BID,post_initial_bid,btc-updown-5m-1778774500,Down,0.5,20.0,,,,,,
1778774500000000,POST_BID,post_initial_bid,btc-updown-5m-1778774500,Down,0.5,20.0,,,,,,
1778774500000000,POST_BID,post_initial_bid,btc-updown-5m-1778774500,Up,0.5,20.0,,,,,,
1778774500000000,POST_BID,post_initial_bid,btc-updown-5m-1778774500,Up,0.5,20.0,,,,,,
1778774500000000,POST_BID,post_initial_bid,btc-updown-5m-1778774500,Up,0.5,20.0,,,,,,
1778774500000000,POST_BID,post_initial_bid,btc-updown-5m-1778774500,Down,0.5,20.0,,,,,,
1778774500000000,POST_BID,post_initial_bid,btc-updown-5m-1778774500,Down,0.5,20.0,,,,,,
1778774500000000,POST_BID,post_initial_bid,btc-updown-5m-1778774500,Up,0.5,20.0,,,,,,
1778774500000000,POST_BID,post_initial_bid,btc-updown-5m-1778774500,Up,0.5,20.0,,,,,,
1778774500000000,POST_BID,post_initial_bid,btc-updown-5m-1778774500,Up,0.5,20.0,,,,,,
1778774500000000,POST_BID,post_initial_bid,btc-updown-5m-1778774500,Down,0.5,20.0,,,,,,
1778774500000000,POST_BID,post_initial_bid,btc-updown-5m-1778774500,Up,0.5,20.0,,,,,,
1778774500000000,POST_BID,post_initial_bid,btc-updown-5m-1778774500,Up,0.5,20.0,,,,,,
1778774500000000,POST_BID,post_initial_bid,btc-updown-5m-1778774500,Up,0.5,20.0,,,,,,
1778774500000000,POST_BID,post_initial_bid,btc-updown-5m-1778774500,Down,0.5,20.0,,,,,,
1778774500000000,POST_BID,post_initial_bid,btc-updown-5m-1778774500,Down,0.5,20.0,,,,,,
1778774500000000,POST_BID,post_initial_bid,btc-updown-5m-1778774500,Down,0.5,20.0,,,,,,
1778774500000000,POST_BID,post_initial_bid,btc-updown-5m-1778774500,Up,0.5,20.0,,,,,,
1778774500000000,POST_BID,post_initial_bid,btc-updown-5m-1778774500,Down,0.5,20.0,,,,,,
1778774500000000,POST_BID,post_initial_bid,btc-updown-5m-1778774500,Up,0.5,20.0,,,,,,
1778774500000000,POST_BID,post_initial_bid,btc-updown-5m-1778774500,Down,0.5,20.0,,,,,,
1778774500000000,POST_BID,post_initial_bid,btc-updown-5m-1778774500,Down,0.5,20.0,,,,,,
1778774500000000,POST_BID,post_initial_bid,btc-updown-5m-1778774500,Up,0.5,20.0,,,,,,
1778774500000000,POST_BID,post_initial_bid,btc-updown-5m-1778774500,Up,0.5,20.0,,,,,,
1778774500000000,POST_BID,post_initial_bid,btc-updown-5m-1778774500,Up,0.5,20.0,,,,,,
1778774500000000,POST_BID,post_initial_bid,btc-updown-5m-1778774500,Up,0.5,20.0,,,,,,
1778774500000000,POST_BID,post_initial_bid,btc-updown-5m-1778774500,Up,0.5,20.0,,,,,,
1778774500000000,POST_BID,post_initial_bid,btc-updown-5m-1778774500,Up,0.5,20.0,,,,,,
1778774500000000,POST_BID,post_initial_bid,btc-updown-5m-1778774500,Up,0.5,20.0,,,,,,
1778774500000000,POST_BID,post_initial_bid,btc-updown-5m-1778774500,Down,0.5,20.0,,,,,,
1778774500000000,POST_BID,post_initial_bid,btc-updown-5m-1778774500,Down,0.5,20.0,,,,,,
1778774500000000,POST_BID,post_initial_bid,btc-updown-5m-1778774500,Down,0.5,20.0,,,,,,
1778774500000000,POST_BID,post_initial_bid,btc-updown-5m-1778774500,Up,0.5,20.0,,,,,,
1778774500000000,POST_BID,post_initial_bid,btc-updown-5m-1778774500,Up,0.5,20.0,,,,,,
1778774500000000,POST_BID,post_initial_bid,btc-updown-5m-1778774500,Down,0.5,20.0,,,,,,
1778774500000000,POST_BID,post_initial_bid,btc-updown-5m-1778774500,Up,0.5,20.0,,,,,,
1778774500000000,POST_BID,post_initial_bid,btc-updown-5m-1778774500,Up,0.5,20.0,,,,,,
1778774500000000,POST_BID,post_initial_bid,btc-updown-5m-1778774500,Up,0.5,20.0,,,,,,
1778774500000000,POST_BID,post_initial_bid,btc-updown-5m-1778774500,Up,0.5,20.0,,,,,,
1778774500000000,POST_BID,post_initial_bid,btc-updown-5m-1778774500,Up,0.5,20.0,,,,,,
1778774500000000,POST_BID,post_initial_bid,btc-updown-5m-1778774500,Up,0.5,20.0,,,,,,
1778774500000000,POST_BID,post_initial_bid,btc-updown-5m-1778774500,Down,0.5,20.0,,,,,,
1778774500000000,POST_BID,post_initial_bid,btc-updown-5m-1778774500,Up,0.5,20.0,,,,,,
1778774500000000,POST_BID,post_initial_bid,btc-updown-5m-1778774500,Down,0.5,20.0,,,,,,
1778774500000000,POST_BID,post_initial_bid,btc-updown-5m-1778774500,Up,0.5,20.0,,,,,,
1778774500000000,POST_BID,post_initial_bid,btc-updown-5m-1778774500,Up,0.5,20.0,,,,,,
1778774500000000,POST_BID,post_initial_bid,btc-updown-5m-1778774500,Down,0.5,20.0,,,,,,
1778774500000000,POST_BID,post_initial_bid,btc-updown-5m-1778774500,Down,0.5,20.0,,,,,,
1778774500000000,FILL,maker_bid_hit,btc-updown-5m-1778774500,Up,0.5,20.0,20.0,,,,,
1778774500000000,FILL,maker_bid_hit,btc-updown-5m-1778774500,Up,0.5,20.0,20.0,,,,,
1778774500000000,FILL,maker_bid_hit,btc-updown-5m-1778774500,Down,0.5,20.0,20.0,,,,,
1778774500000000,FILL,maker_bid_hit,btc-updown-5m-1778774500,Down,0.5,20.0,20.0,,,,,
1778774500000000,FILL,maker_bid_hit,btc-updown-5m-1778774500,Down,0.5,20.0,20.0,,,,,
1778774500000000,FILL,maker_bid_hit,btc-updown-5m-1778774500,Down,0.5,20.0,20.0,,,,,
1778774500000000,FILL,maker_bid_hit,btc-updown-5m-1778774500,Up,0.5,20.0,20.0,,,,,
1778774500000000,FILL,maker_bid_hit,btc-updown-5m-1778774500,Up,0.5,20.0,20.0,,,,,
1778774500000000,FILL,maker_bid_hit,btc-updown-5m-1778774500,Up,0.5,20.0,20.0,,,,,
1778774500000000,FILL,maker_bid_hit,btc-updown-5m-1778774500,Down,0.5,20.0,20.0,,,,,
1778774500000000,FILL,maker_bid_hit,btc-updown-5m-1778774500,Up,0.5,20.0,20.0,,,,,
1778774500000000,FILL,maker_bid_hit,btc-updown-5m-1778774500,Down,0.5,20.0,20.0,,,,,
1778774500000000,FILL,maker_bid_hit,btc-updown-5m-1778774500,Up,0.5,20.0,20.0,,,,,
1778774500000000,FILL,maker_bid_hit,btc-updown-5m-1778774500,Down,0.5,20.0,20.0,,,,,
1778774500000000,FILL,maker_bid_hit,btc-updown-5m-1778774500,Down,0.5,20.0,20.0,,,,,
1778774500000000,FILL,maker_bid_hit,btc-updown-5m-1778774500,Up,0.5,20.0,20.0,,,,,
1778774500000000,FILL,maker_bid_hit,btc-updown-5m-1778774500,Up,0.5,20.0,20.0,,,,,
1778774500000000,FILL,maker_bid_hit,btc-updown-5m-1778774500,Up,0.5,20.0,20.0,,,,,
1778774500000000,FILL,maker_bid_hit,btc-updown-5m-1778774500,Up,0.5,20.0,20.0,,,,,
1778774800000000,LOG_SLUG_COMPLETE,slug_resolved,btc-updown-5m-1778774500,,,,,Down,-11.387,,,
1778774800000000,POST_BID,post_initial_bid,btc-updown-5m-1778774800,Down,0.5,20.0,,,,,,
1778774800000000,POST_BID,post_initial_bid,btc-updown-5m-1778774800,Up,0.5,20.0,,,,,,
1778774800000000,POST_BID,post_initial_bid,btc-updown-5m-1778774800,Up,0.5,20.0,,,,,,
1778774800000000,POST_BID,post_initial_bid,btc-updown-5m-1778774800,Up,0.5,20.0,,,,,,
1778774800000000,POST_BID,post_initial_bid,btc-updown-5m-1778774800,Down,0.5,20.0,,,,,,
1778774800000000,POST_BID,post_initial_bid,btc-updown-5m-1778774800,Down,0.5,20.0,,,,,,
1778774800000000,POST_BID,post_initial_bid,btc-updown-5m-1778774800,Up,0.5,20.0,,,,,,
1778774800000000,POST_BID,post_initial_bid,btc-updown-5m-1778774800,Up,0.5,20.0,,,,,,
1778774800000000,POST_BID,post_initial_bid,btc-updown-5m-1778774800,Up,0.5,20.0,,,,,,
1778774800000000,POST_BID,post_initial_bid,btc-updown-5m-1778774800,Up,0.5,20.0,,,,,,
1778774800000000,POST_BID,post_initial_bid,btc-updown-5m-1778774800,Up,0.5,20.0,,,,,,
1778774800000000,POST_BID,post_initial_bid,btc-updown-5m-1778774800,Up,0.5,20.0,,,,,,
1778774800000000,POST_BID,post_initial_bid,btc-updown-5m-1778774800,Up,0.5,20.0,,,,,,
1778774800000000,POST_BID,post_initial_bid,btc-updown-5m-1778774800,Down,0.5,20.0,,,,,,
1778774800000000,POST_BID,post_initial_bid,btc-updown-5m-1778774800,Down,0.5,20.0,,,,,,
1778774800000000,POST_BID,post_initial_bid,btc-updown-5m-1778774800,Down,0.5,20.0,,,,,,
1778774800000000,POST_BID,post_initial_bid,btc-updown-5m-1778774800,Down,0.5,20.0,,,,,,
1778774800000000,POST_BID,post_initial_bid,btc-updown-5m-1778774800,Up,0.5,20.0,,,,,,
1778774800000000,POST_BID,post_initial_bid,btc-updown-5m-1778774800,Up,0.5,20.0,,,,,,
1778774800000000,POST_BID,post_initial_bid,btc-updown-5m-1778774800,Down,0.5,20.0,,,,,,
1778774800000000,POST_BID,post_initial_bid,btc-updown-5m-1778774800,Down,0.5,20.0,,,,,,
1778774800000000,POST_BID,post_initial_bid,btc-updown-5m-1778774800,Down,0.5,20.0,,,,,,
1778774800000000,POST_BID,post_initial_bid,btc-updown-5m-1778774800,Down,0.5,20.0,,,,,,
1778774800000000,POST_BID,post_initial_bid,btc-updown-5m-1778774800,Up,0.5,20.0,,,,,,
1778774800000000,POST_BID,post_initial_bid,btc-updown-5m-1778774800,Up,0.5,20.0,,,,,,
1778774800000000,POST_BID,post_initial_bid,btc-updown-5m-1778774800,Down,0.5,20.0,,,,,,
1778774800000000,POST_BID,post_initial_bid,btc-updown-5m-1778774800,Up,0.5,20.0,,,,,,
1778774800000000,POST_BID,post_initial_bid,btc-updown-5m-1778774800,Up,0.5,20.0,,,,,,
1778774800000000,POST_BID,post_initial_bid,btc-updown-5m-1778774800,Down,0.5,20.0,,,,,,
1778774800000000,POST_BID,post_initial_bid,btc-updown-5m-1778774800,Down,0.5,20.0,,,,,,
1778774800000000,POST_BID,post_initial_bid,btc-updown-5m-1778774800,Down,0.5,20.0,,,,,,
1778774800000000,POST_BID,post_initial_bid,btc-updown-5m-1778774800,Up,0.5,20.0,,,,,,
1778774800000000,POST_BID,post_initial_bid,btc-updown-5m-1778774800,Down,0.5,20.0,,,,,,
1778774800000000,POST_BID,post_initial_bid,btc-updown-5m-1778774800,Up,0.5,20.0,,,,,,
1778774800000000,POST_BID,post_initial_bid,btc-updown-5m-1778774800,Down,0.5,20.0,,,,,,
1778774800000000,POST_BID,post_initial_bid,btc-updown-5m-1778774800,Down,0.5,20.0,,,,,,
1778774800000000,POST_BID,post_initial_bid,btc-updown-5m-1778774800,Down,0.5,20.0,,,,,,
1778774800000000,POST_BID,post_initial_bid,btc-updown-5m-1778774800,Down,0.5,20.0,,,,,,
1778774800000000,POST_BID,post_initial_bid,btc-updown-5m-1778774800,Up,0.5,20.0,,,,,,
1778774800000000,POST_BID,post_initial_bid,btc-updown-5m-1778774800,Up,0.5,20.0,,,,,,
1778774800000000,POST_BID,post_initial_bid,btc-updown-5m-1778774800,Up,0.5,20.0,,,,,,
1778774800000000,POST_BID,post_initial_bid,btc-updown-5m-1778774800,Up,0.5,20.0,,,,,,
1778774800000000,POST_BID,post_initial_bid,btc-updown-5m-1778774800,Up,0.5,20.0,,,,,,
1778774800000000,POST_BID,post_initial_bid,btc-updown-5m-1778774800,Up,0.5,20.0,,,,,,
1778774800000000,POST_BID,post_initial_bid,btc-updown-5m-1778774800,Down,0.5,20.0,,,,,,
1778774800000000,POST_BID,post_initial_bid,btc-updown-5m-1778774800,Down,0.5,20.0,,,,,,
1778774800000000,POST_BID,post_initial_bid,btc-updown-5m-1778774800,Up,0.5,20.0,,,,,,
1778774800000000,POST_BID,post_initial_bid,btc-updown-5m-1778774800,Up,0.5,20.0,,,,,,
1778774800000000,POST_BID,post_initial_bid,btc-updown-5m-1778774800,Down,0.5,20.0,,,,,,
1778774800000000,POST_BID,post_initial_bid,btc-updown-5m-1778774800,Up,0.5,20.0,,,,,,
1778774800000000,POST_BID,post_initial_bid,btc-updown-5m-1778774800,Up,0.5,20.0,,,,,,
1778774800000000,POST_BID,post_initial_bid,btc-updown-5m-1778774800,Up,0.5,20.0,,,,,,
1778774800000000,POST_BID,post_initial_bid,btc-updown-5m-1778774800,Up,0.5,20.0,,,,,,
1778774800000000,POST_BID,post_initial_bid,btc-updown-5m-1778774800,Down,0.5,20.0,,,,,,
1778774800000000,POST_BID,post_initial_bid,btc-updown-5m-1778774800,Down,0.5,20.0,,,,,,
1778774800000000,POST_BID,post_initial_bid,btc-updown-5m-1778774800,Up,0.5,20.0,,,,,,
1778774800000000,POST_BID,post_initial_bid,btc-updown-5m-1778774800,Up,0.5,20.0,,,,,,
1778774800000000,POST_BID,post_initial_bid,btc-updown-5m-1778774800,Down,0.5,20.0,,,,,,
1778774800000000,POST_BID,post_initial_bid,btc-updown-5m-1778774800,Down,0.5,20.0,,,,,,
1778774800000000,POST_BID,post_initial_bid,btc-updown-5m-1778774800,Down,0.5,20.0,,,,,,
1778774800000000,POST_BID,post_initial_bid,btc-updown-5m-1778774800,Up,0.5,20.0,,,,,,
1778774800000000,POST_BID,post_initial_bid,btc-updown-5m-1778774800,Down,0.5,20.0,,,,,,
1778774800000000,POST_BID,post_initial_bid,btc-updown-5m-1778774800,Up,0.5,20.0,,,,,,
1778774800000000,POST_BID,post_initial_bid,btc-updown-5m-1778774800,Up,0.5,20.0,,,,,,
1778774800000000,POST_BID,post_initial_bid,btc-updown-5m-1778774800,Down,0.5,20.0,,,,,,
1778774800000000,POST_BID,post_initial_bid,btc-updown-5m-1778774800,Up,0.5,20.0,,,,,,
1778774800000000,POST_BID,post_initial_bid,btc-updown-5m-1778774800,Down,0.5,20.0,,,,,,
1778774800000000,POST_BID,post_initial_bid,btc-updown-5m-1778774800,Down,0.5,20.0,,,,,,
1778774800000000,POST_BID,post_initial_bid,btc-updown-5m-1778774800,Up,0.5,20.0,,,,,,
1778774800000000,FILL,maker_bid_hit,btc-updown-5m-1778774800,Up,0.5,20.0,20.0,,,,,
1778774800000000,FILL,maker_bid_hit,btc-updown-5m-1778774800,Up,0.5,20.0,20.0,,,,,
1778774800000000,FILL,maker_bid_hit,btc-updown-5m-1778774800,Up,0.5,20.0,20.0,,,,,
1778774800000000,FILL,maker_bid_hit,btc-updown-5m-1778774800,Up,0.5,20.0,20.0,,,,,
1778774800000000,FILL,maker_bid_hit,btc-updown-5m-1778774800,Down,0.5,20.0,20.0,,,,,
1778774800000000,FILL,maker_bid_hit,btc-updown-5m-1778774800,Down,0.5,20.0,20.0,,,,,
1778774800000000,FILL,maker_bid_hit,btc-updown-5m-1778774800,Up,0.5,20.0,20.0,,,,,
1778774800000000,FILL,maker_bid_hit,btc-updown-5m-1778774800,Down,0.5,20.0,20.0,,,,,
1778774800000000,FILL,maker_bid_hit,btc-updown-5m-1778774800,Down,0.5,20.0,20.0,,,,,
1778774800000000,FILL,maker_bid_hit,btc-updown-5m-1778774800,Up,0.5,20.0,20.0,,,,,
1778774800000000,FILL,maker_bid_hit,btc-updown-5m-1778774800,Up,0.5,20.0,20.0,,,,,
1778774800000000,TAKE,pat_pair_cost=0.9928,btc-updown-5m-1778774800,BOTH,0.9928471583004509,20.0,,,,20.0,20.0,0.9928471583004509
1778775100000000,LOG_SLUG_COMPLETE,slug_resolved,btc-updown-5m-1778774800,,,,,Down,-2.518,,,
1778775100000000,POST_BID,post_initial_bid,btc-updown-5m-1778775100,Down,0.5,20.0,,,,,,
1778775100000000,POST_BID,post_initial_bid,btc-updown-5m-1778775100,Down,0.5,20.0,,,,,,
1778775100000000,POST_BID,post_initial_bid,btc-updown-5m-1778775100,Down,0.5,20.0,,,,,,
1778775100000000,POST_BID,post_initial_bid,btc-updown-5m-1778775100,Down,0.5,20.0,,,,,,
1778775100000000,POST_BID,post_initial_bid,btc-updown-5m-1778775100,Up,0.5,20.0,,,,,,
1778775100000000,POST_BID,post_initial_bid,btc-updown-5m-1778775100,Down,0.5,20.0,,,,,,
1778775100000000,POST_BID,post_initial_bid,btc-updown-5m-1778775100,Down,0.5,20.0,,,,,,
1778775100000000,POST_BID,post_initial_bid,btc-updown-5m-1778775100,Up,0.5,20.0,,,,,,
1778775100000000,POST_BID,post_initial_bid,btc-updown-5m-1778775100,Up,0.5,20.0,,,,,,
1778775100000000,POST_BID,post_initial_bid,btc-updown-5m-1778775100,Up,0.5,20.0,,,,,,
1778775100000000,POST_BID,post_initial_bid,btc-updown-5m-1778775100,Up,0.5,20.0,,,,,,
1778775100000000,POST_BID,post_initial_bid,btc-updown-5m-1778775100,Up,0.5,20.0,,,,,,
1778775100000000,POST_BID,post_initial_bid,btc-updown-5m-1778775100,Down,0.5,20.0,,,,,,
1778775100000000,POST_BID,post_initial_bid,btc-updown-5m-1778775100,Up,0.5,20.0,,,,,,
1778775100000000,POST_BID,post_initial_bid,btc-updown-5m-1778775100,Up,0.5,20.0,,,,,,
1778775100000000,POST_BID,post_initial_bid,btc-updown-5m-1778775100,Down,0.5,20.0,,,,,,
1778775100000000,POST_BID,post_initial_bid,btc-updown-5m-1778775100,Down,0.5,20.0,,,,,,
1778775100000000,POST_BID,post_initial_bid,btc-updown-5m-1778775100,Down,0.5,20.0,,,,,,
1778775100000000,POST_BID,post_initial_bid,btc-updown-5m-1778775100,Up,0.5,20.0,,,,,,
1778775100000000,POST_BID,post_initial_bid,btc-updown-5m-1778775100,Up,0.5,20.0,,,,,,
1778775100000000,POST_BID,post_initial_bid,btc-updown-5m-1778775100,Up,0.5,20.0,,,,,,
1778775100000000,POST_BID,post_initial_bid,btc-updown-5m-1778775100,Down,0.5,20.0,,,,,,
1778775100000000,POST_BID,post_initial_bid,btc-updown-5m-1778775100,Down,0.5,20.0,,,,,,
1778775100000000,POST_BID,post_initial_bid,btc-updown-5m-1778775100,Up,0.5,20.0,,,,,,
1778775100000000,POST_BID,post_initial_bid,btc-updown-5m-1778775100,Up,0.5,20.0,,,,,,
1778775100000000,POST_BID,post_initial_bid,btc-updown-5m-1778775100,Up,0.5,20.0,,,,,,
1778775100000000,POST_BID,post_initial_bid,btc-updown-5m-1778775100,Up,0.5,20.0,,,,,,
1778775100000000,POST_BID,post_initial_bid,btc-updown-5m-1778775100,Up,0.5,20.0,,,,,,
1778775100000000,POST_BID,post_initial_bid,btc-updown-5m-1778775100,Up,0.5,20.0,,,,,,
1778775100000000,POST_BID,post_initial_bid,btc-updown-5m-1778775100,Down,0.5,20.0,,,,,,
1778775100000000,POST_BID,post_initial_bid,btc-updown-5m-1778775100,Down,0.5,20.0,,,,,,
1778775100000000,POST_BID,post_initial_bid,btc-updown-5m-1778775100,Up,0.5,20.0,,,,,,
1778775100000000,POST_BID,post_initial_bid,btc-updown-5m-1778775100,Up,0.5,20.0,,,,,,
1778775100000000,POST_BID,post_initial_bid,btc-updown-5m-1778775100,Up,0.5,20.0,,,,,,
1778775100000000,POST_BID,post_initial_bid,btc-updown-5m-1778775100,Down,0.5,20.0,,,,,,
1778775100000000,POST_BID,post_initial_bid,btc-updown-5m-1778775100,Down,0.5,20.0,,,,,,
1778775100000000,POST_BID,post_initial_bid,btc-updown-5m-1778775100,Up,0.5,20.0,,,,,,
1778775100000000,POST_BID,post_initial_bid,btc-updown-5m-1778775100,Down,0.5,20.0,,,,,,
1778775100000000,POST_BID,post_initial_bid,btc-updown-5m-1778775100,Down,0.5,20.0,,,,,,
1778775100000000,POST_BID,post_initial_bid,btc-updown-5m-1778775100,Up,0.5,20.0,,,,,,
1778775100000000,POST_BID,post_initial_bid,btc-updown-5m-1778775100,Up,0.5,20.0,,,,,,
1778775100000000,POST_BID,post_initial_bid,btc-updown-5m-1778775100,Up,0.5,20.0,,,,,,
1778775100000000,POST_BID,post_initial_bid,btc-updown-5m-1778775100,Up,0.5,20.0,,,,,,
1778775100000000,POST_BID,post_initial_bid,btc-updown-5m-1778775100,Up,0.5,20.0,,,,,,
1778775100000000,POST_BID,post_initial_bid,btc-updown-5m-1778775100,Down,0.5,20.0,,,,,,
1778775100000000,POST_BID,post_initial_bid,btc-updown-5m-1778775100,Up,0.5,20.0,,,,,,
1778775100000000,POST_BID,post_initial_bid,btc-updown-5m-1778775100,Down,0.5,20.0,,,,,,
1778775100000000,POST_BID,post_initial_bid,btc-updown-5m-1778775100,Up,0.5,20.0,,,,,,
1778775100000000,POST_BID,post_initial_bid,btc-updown-5m-1778775100,Up,0.5,20.0,,,,,,
1778775100000000,POST_BID,post_initial_bid,btc-updown-5m-1778775100,Down,0.5,20.0,,,,,,
1778775100000000,POST_BID,post_initial_bid,btc-updown-5m-1778775100,Down,0.5,20.0,,,,,,
1778775100000000,POST_BID,post_initial_bid,btc-updown-5m-1778775100,Up,0.5,20.0,,,,,,
1778775100000000,POST_BID,post_initial_bid,btc-updown-5m-1778775100,Down,0.5,20.0,,,,,,
1778775100000000,POST_BID,post_initial_bid,btc-updown-5m-1778775100,Down,0.5,20.0,,,,,,
1778775100000000,POST_BID,post_initial_bid,btc-updown-5m-1778775100,Up,0.5,20.0,,,,,,
1778775100000000,POST_BID,post_initial_bid,btc-updown-5m-1778775100,Down,0.5,20.0,,,,,,
1778775100000000,POST_BID,post_initial_bid,btc-updown-5m-1778775100,Down,0.5,20.0,,,,,,
1778775100000000,POST_BID,post_initial_bid,btc-updown-5m-1778775100,Down,0.5,20.0,,,,,,
1778775100000000,POST_BID,post_initial_bid,btc-updown-5m-1778775100,Up,0.5,20.0,,,,,,
1778775100000000,POST_BID,post_initial_bid,btc-updown-5m-1778775100,Down,0.5,20.0,,,,,,
1778775100000000,POST_BID,post_initial_bid,btc-updown-5m-1778775100,Up,0.5,20.0,,,,,,
1778775100000000,POST_BID,post_initial_bid,btc-updown-5m-1778775100,Up,0.5,20.0,,,,,,
1778775100000000,POST_BID,post_initial_bid,btc-updown-5m-1778775100,Down,0.5,20.0,,,,,,
1778775100000000,POST_BID,post_initial_bid,btc-updown-5m-1778775100,Down,0.5,20.0,,,,,,
1778775100000000,POST_BID,post_initial_bid,btc-updown-5m-1778775100,Up,0.5,20.0,,,,,,
1778775100000000,POST_BID,post_initial_bid,btc-updown-5m-1778775100,Up,0.5,20.0,,,,,,
1778775100000000,POST_BID,post_initial_bid,btc-updown-5m-1778775100,Down,0.5,20.0,,,,,,
1778775100000000,POST_BID,post_initial_bid,btc-updown-5m-1778775100,Up,0.5,20.0,,,,,,
1778775100000000,POST_BID,post_initial_bid,btc-updown-5m-1778775100,Down,0.5,20.0,,,,,,
1778775100000000,POST_BID,post_initial_bid,btc-updown-5m-1778775100,Up,0.5,20.0,,,,,,
1778775100000000,POST_BID,post_initial_bid,btc-updown-5m-1778775100,Down,0.5,20.0,,,,,,
1778775100000000,POST_BID,post_initial_bid,btc-updown-5m-1778775100,Down,0.5,20.0,,,,,,
1778775100000000,POST_BID,post_initial_bid,btc-updown-5m-1778775100,Up,0.5,20.0,,,,,,
1778775100000000,POST_BID,post_initial_bid,btc-updown-5m-1778775100,Up,0.5,20.0,,,,,,
1778775100000000,POST_BID,post_initial_bid,btc-updown-5m-1778775100,Up,0.5,20.0,,,,,,
1778775100000000,POST_BID,post_initial_bid,btc-updown-5m-1778775100,Down,0.5,20.0,,,,,,
1778775100000000,POST_BID,post_initial_bid,btc-updown-5m-1778775100,Up,0.5,20.0,,,,,,
1778775100000000,POST_BID,post_initial_bid,btc-updown-5m-1778775100,Down,0.5,20.0,,,,,,
1778775100000000,POST_BID,post_initial_bid,btc-updown-5m-1778775100,Up,0.5,20.0,,,,,,
1778775100000000,POST_BID,post_initial_bid,btc-updown-5m-1778775100,Up,0.5,20.0,,,,,,
1778775100000000,POST_BID,post_initial_bid,btc-updown-5m-1778775100,Up,0.5,20.0,,,,,,
1778775100000000,POST_BID,post_initial_bid,btc-updown-5m-1778775100,Down,0.5,20.0,,,,,,
1778775100000000,POST_BID,post_initial_bid,btc-updown-5m-1778775100,Down,0.5,20.0,,,,,,
1778775100000000,POST_BID,post_initial_bid,btc-updown-5m-1778775100,Up,0.5,20.0,,,,,,
1778775100000000,POST_BID,post_initial_bid,btc-updown-5m-1778775100,Down,0.5,20.0,,,,,,
1778775100000000,POST_BID,post_initial_bid,btc-updown-5m-1778775100,Down,0.5,20.0,,,,,,
1778775100000000,POST_BID,post_initial_bid,btc-updown-5m-1778775100,Down,0.5,20.0,,,,,,
1778775100000000,POST_BID,post_initial_bid,btc-updown-5m-1778775100,Down,0.5,20.0,,,,,,
1778775100000000,POST_BID,post_initial_bid,btc-updown-5m-1778775100,Down,0.5,20.0,,,,,,
1778775100000000,POST_BID,post_initial_bid,btc-updown-5m-1778775100,Down,0.5,20.0,,,,,,
1778775100000000,POST_BID,post_initial_bid,btc-updown-5m-1778775100,Down,0.5,20.0,,,,,,
1778775100000000,POST_BID,post_initial_bid,btc-updown-5m-1778775100,Up,0.5,20.0,,,,,,
1778775100000000,POST_BID,post_initial_bid,btc-updown-5m-1778775100,Up,0.5,20.0,,,,,,
1778775100000000,POST_BID,post_initial_bid,btc-updown-5m-1778775100,Up,0.5,20.0,,,,,,
1778775100000000,POST_BID,post_initial_bid,btc-updown-5m-1778775100,Down,0.5,20.0,,,,,,
1778775100000000,POST_BID,post_initial_bid,btc-updown-5m-1778775100,Down,0.5,20.0,,,,,,
1778775100000000,POST_BID,post_initial_bid,btc-updown-5m-1778775100,Up,0.5,20.0,,,,,,
1778775100000000,POST_BID,post_initial_bid,btc-updown-5m-1778775100,Down,0.5,20.0,,,,,,
1778775100000000,FILL,maker_bid_hit,btc-updown-5m-1778775100,Up,0.5,20.0,20.0,,,,,
1778775100000000,FILL,maker_bid_hit,btc-updown-5m-1778775100,Up,0.5,20.0,20.0,,,,,
1778775100000000,FILL,maker_bid_hit,btc-updown-5m-1778775100,Up,0.5,20.0,20.0,,,,,
1778775100000000,FILL,maker_bid_hit,btc-updown-5m-1778775100,Up,0.5,20.0,20.0,,,,,
1778775100000000,FILL,maker_bid_hit,btc-updown-5m-1778775100,Down,0.5,20.0,20.0,,,,,
1778775100000000,FILL,maker_bid_hit,btc-updown-5m-1778775100,Down,0.5,20.0,20.0,,,,,
1778775100000000,FILL,maker_bid_hit,btc-updown-5m-1778775100,Up,0.5,20.0,20.0,,,,,
1778775100000000,FILL,maker_bid_hit,btc-updown-5m-1778775100,Up,0.5,20.0,20.0,,,,,
1778775100000000,FILL,maker_bid_hit,btc-updown-5m-1778775100,Up,0.5,20.0,20.0,,,,,
1778775100000000,FILL,maker_bid_hit,btc-updown-5m-1778775100,Up,0.5,20.0,20.0,,,,,
1778775100000000,FILL,maker_bid_hit,btc-updown-5m-1778775100,Up,0.5,20.0,20.0,,,,,
1778775100000000,FILL,maker_bid_hit,btc-updown-5m-1778775100,Down,0.5,20.0,20.0,,,,,
1778775100000000,FILL,maker_bid_hit,btc-updown-5m-1778775100,Down,0.5,20.0,20.0,,,,,
1778775400000000,LOG_SLUG_COMPLETE,slug_resolved,btc-updown-5m-1778775100,,,,,Up,-2.5091,,,
1778775400000000,POST_BID,post_initial_bid,btc-updown-5m-1778775400,Up,0.5,20.0,,,,,,
1778775400000000,POST_BID,post_initial_bid,btc-updown-5m-1778775400,Down,0.5,20.0,,,,,,
1778775400000000,POST_BID,post_initial_bid,btc-updown-5m-1778775400,Down,0.5,20.0,,,,,,
1778775400000000,POST_BID,post_initial_bid,btc-updown-5m-1778775400,Down,0.5,20.0,,,,,,
1778775400000000,POST_BID,post_initial_bid,btc-updown-5m-1778775400,Up,0.5,20.0,,,,,,
1778775400000000,POST_BID,post_initial_bid,btc-updown-5m-1778775400,Up,0.5,20.0,,,,,,
1778775400000000,POST_BID,post_initial_bid,btc-updown-5m-1778775400,Down,0.5,20.0,,,,,,
1778775400000000,POST_BID,post_initial_bid,btc-updown-5m-1778775400,Down,0.5,20.0,,,,,,
1778775400000000,POST_BID,post_initial_bid,btc-updown-5m-1778775400,Down,0.5,20.0,,,,,,
1778775400000000,POST_BID,post_initial_bid,btc-updown-5m-1778775400,Up,0.5,20.0,,,,,,
1778775400000000,POST_BID,post_initial_bid,btc-updown-5m-1778775400,Down,0.5,20.0,,,,,,
1778775400000000,POST_BID,post_initial_bid,btc-updown-5m-1778775400,Up,0.5,20.0,,,,,,
1778775400000000,POST_BID,post_initial_bid,btc-updown-5m-1778775400,Up,0.5,20.0,,,,,,
1778775400000000,POST_BID,post_initial_bid,btc-updown-5m-1778775400,Up,0.5,20.0,,,,,,
1778775400000000,POST_BID,post_initial_bid,btc-updown-5m-1778775400,Down,0.5,20.0,,,,,,
1778775400000000,POST_BID,post_initial_bid,btc-updown-5m-1778775400,Down,0.5,20.0,,,,,,
1778775400000000,POST_BID,post_initial_bid,btc-updown-5m-1778775400,Up,0.5,20.0,,,,,,
1778775400000000,POST_BID,post_initial_bid,btc-updown-5m-1778775400,Down,0.5,20.0,,,,,,
1778775400000000,POST_BID,post_initial_bid,btc-updown-5m-1778775400,Down,0.5,20.0,,,,,,
1778775400000000,POST_BID,post_initial_bid,btc-updown-5m-1778775400,Down,0.5,20.0,,,,,,
1778775400000000,POST_BID,post_initial_bid,btc-updown-5m-1778775400,Up,0.5,20.0,,,,,,
1778775400000000,POST_BID,post_initial_bid,btc-updown-5m-1778775400,Up,0.5,20.0,,,,,,
1778775400000000,POST_BID,post_initial_bid,btc-updown-5m-1778775400,Up,0.5,20.0,,,,,,
1778775400000000,POST_BID,post_initial_bid,btc-updown-5m-1778775400,Down,0.5,20.0,,,,,,
1778775400000000,POST_BID,post_initial_bid,btc-updown-5m-1778775400,Up,0.5,20.0,,,,,,
1778775400000000,POST_BID,post_initial_bid,btc-updown-5m-1778775400,Down,0.5,20.0,,,,,,
1778775400000000,POST_BID,post_initial_bid,btc-updown-5m-1778775400,Down,0.5,20.0,,,,,,
1778775400000000,POST_BID,post_initial_bid,btc-updown-5m-1778775400,Up,0.5,20.0,,,,,,
1778775400000000,POST_BID,post_initial_bid,btc-updown-5m-1778775400,Up,0.5,20.0,,,,,,
1778775400000000,POST_BID,post_initial_bid,btc-updown-5m-1778775400,Up,0.5,20.0,,,,,,
1778775400000000,POST_BID,post_initial_bid,btc-updown-5m-1778775400,Up,0.5,20.0,,,,,,
1778775400000000,POST_BID,post_initial_bid,btc-updown-5m-1778775400,Up,0.5,20.0,,,,,,
1778775400000000,POST_BID,post_initial_bid,btc-updown-5m-1778775400,Down,0.5,20.0,,,,,,
1778775400000000,POST_BID,post_initial_bid,btc-updown-5m-1778775400,Up,0.5,20.0,,,,,,
1778775400000000,POST_BID,post_initial_bid,btc-updown-5m-1778775400,Up,0.5,20.0,,,,,,
1778775400000000,POST_BID,post_initial_bid,btc-updown-5m-1778775400,Down,0.5,20.0,,,,,,
1778775400000000,POST_BID,post_initial_bid,btc-updown-5m-1778775400,Up,0.5,20.0,,,,,,
1778775400000000,POST_BID,post_initial_bid,btc-updown-5m-1778775400,Down,0.5,20.0,,,,,,
1778775400000000,POST_BID,post_initial_bid,btc-updown-5m-1778775400,Up,0.5,20.0,,,,,,
1778775400000000,POST_BID,post_initial_bid,btc-updown-5m-1778775400,Down,0.5,20.0,,,,,,
1778775400000000,POST_BID,post_initial_bid,btc-updown-5m-1778775400,Up,0.5,20.0,,,,,,
1778775400000000,POST_BID,post_initial_bid,btc-updown-5m-1778775400,Down,0.5,20.0,,,,,,
1778775400000000,POST_BID,post_initial_bid,btc-updown-5m-1778775400,Up,0.5,20.0,,,,,,
1778775400000000,POST_BID,post_initial_bid,btc-updown-5m-1778775400,Up,0.5,20.0,,,,,,
1778775400000000,POST_BID,post_initial_bid,btc-updown-5m-1778775400,Down,0.5,20.0,,,,,,
1778775400000000,POST_BID,post_initial_bid,btc-updown-5m-1778775400,Down,0.5,20.0,,,,,,
1778775400000000,POST_BID,post_initial_bid,btc-updown-5m-1778775400,Up,0.5,20.0,,,,,,
1778775400000000,POST_BID,post_initial_bid,btc-updown-5m-1778775400,Up,0.5,20.0,,,,,,
1778775400000000,POST_BID,post_initial_bid,btc-updown-5m-1778775400,Down,0.5,20.0,,,,,,
1778775400000000,POST_BID,post_initial_bid,btc-updown-5m-1778775400,Up,0.5,20.0,,,,,,
1778775400000000,POST_BID,post_initial_bid,btc-updown-5m-1778775400,Up,0.5,20.0,,,,,,
1778775400000000,POST_BID,post_initial_bid,btc-updown-5m-1778775400,Down,0.5,20.0,,,,,,
1778775400000000,POST_BID,post_initial_bid,btc-updown-5m-1778775400,Up,0.5,20.0,,,,,,
1778775400000000,POST_BID,post_initial_bid,btc-updown-5m-1778775400,Down,0.5,20.0,,,,,,
1778775400000000,POST_BID,post_initial_bid,btc-updown-5m-1778775400,Down,0.5,20.0,,,,,,
1778775400000000,POST_BID,post_initial_bid,btc-updown-5m-1778775400,Down,0.5,20.0,,,,,,
1778775400000000,POST_BID,post_initial_bid,btc-updown-5m-1778775400,Down,0.5,20.0,,,,,,
1778775400000000,POST_BID,post_initial_bid,btc-updown-5m-1778775400,Up,0.5,20.0,,,,,,
1778775400000000,POST_BID,post_initial_bid,btc-updown-5m-1778775400,Up,0.5,20.0,,,,,,
1778775400000000,POST_BID,post_initial_bid,btc-updown-5m-1778775400,Up,0.5,20.0,,,,,,
1778775400000000,POST_BID,post_initial_bid,btc-updown-5m-1778775400,Up,0.5,20.0,,,,,,
1778775400000000,POST_BID,post_initial_bid,btc-updown-5m-1778775400,Down,0.5,20.0,,,,,,
1778775400000000,POST_BID,post_initial_bid,btc-updown-5m-1778775400,Up,0.5,20.0,,,,,,
1778775400000000,POST_BID,post_initial_bid,btc-updown-5m-1778775400,Up,0.5,20.0,,,,,,
1778775400000000,POST_BID,post_initial_bid,btc-updown-5m-1778775400,Up,0.5,20.0,,,,,,
1778775400000000,POST_BID,post_initial_bid,btc-updown-5m-1778775400,Up,0.5,20.0,,,,,,
1778775400000000,POST_BID,post_initial_bid,btc-updown-5m-1778775400,Down,0.5,20.0,,,,,,
1778775400000000,POST_BID,post_initial_bid,btc-updown-5m-1778775400,Up,0.5,20.0,,,,,,
1778775400000000,POST_BID,post_initial_bid,btc-updown-5m-1778775400,Down,0.5,20.0,,,,,,
1778775400000000,POST_BID,post_initial_bid,btc-updown-5m-1778775400,Down,0.5,20.0,,,,,,
1778775400000000,FILL,maker_bid_hit,btc-updown-5m-1778775400,Down,0.5,20.0,20.0,,,,,
1778775400000000,FILL,maker_bid_hit,btc-updown-5m-1778775400,Up,0.5,20.0,20.0,,,,,
1778775400000000,FILL,maker_bid_hit,btc-updown-5m-1778775400,Down,0.5,20.0,20.0,,,,,
1778775400000000,FILL,maker_bid_hit,btc-updown-5m-1778775400,Down,0.5,20.0,20.0,,,,,
1778775400000000,FILL,maker_bid_hit,btc-updown-5m-1778775400,Up,0.5,20.0,20.0,,,,,
1778775400000000,FILL,maker_bid_hit,btc-updown-5m-1778775400,Up,0.5,20.0,20.0,,,,,
1778775400000000,FILL,maker_bid_hit,btc-updown-5m-1778775400,Down,0.5,20.0,20.0,,,,,
1778775400000000,FILL,maker_bid_hit,btc-updown-5m-1778775400,Up,0.5,20.0,20.0,,,,,
1778775400000000,FILL,maker_bid_hit,btc-updown-5m-1778775400,Down,0.5,20.0,20.0,,,,,
1778775400000000,FILL,maker_bid_hit,btc-updown-5m-1778775400,Up,0.5,20.0,20.0,,,,,
1778775400000000,FILL,maker_bid_hit,btc-updown-5m-1778775400,Down,0.5,20.0,20.0,,,,,
1778775400000000,FILL,maker_bid_hit,btc-updown-5m-1778775400,Down,0.5,20.0,20.0,,,,,
1778775400000000,FILL,maker_bid_hit,btc-updown-5m-1778775400,Down,0.5,20.0,20.0,,,,,
1778775700000000,LOG_SLUG_COMPLETE,slug_resolved,btc-updown-5m-1778775400,,,,,Up,-2.0863,,,
1778775700000000,POST_BID,post_initial_bid,btc-updown-5m-1778775700,Down,0.5,20.0,,,,,,
1778775700000000,POST_BID,post_initial_bid,btc-updown-5m-1778775700,Up,0.5,20.0,,,,,,
1778775700000000,POST_BID,post_initial_bid,btc-updown-5m-1778775700,Up,0.5,20.0,,,,,,
1778775700000000,POST_BID,post_initial_bid,btc-updown-5m-1778775700,Down,0.5,20.0,,,,,,
1778775700000000,POST_BID,post_initial_bid,btc-updown-5m-1778775700,Up,0.5,20.0,,,,,,
1778775700000000,POST_BID,post_initial_bid,btc-updown-5m-1778775700,Down,0.5,20.0,,,,,,
1778775700000000,POST_BID,post_initial_bid,btc-updown-5m-1778775700,Down,0.5,20.0,,,,,,
1778775700000000,POST_BID,post_initial_bid,btc-updown-5m-1778775700,Up,0.5,20.0,,,,,,
1778775700000000,POST_BID,post_initial_bid,btc-updown-5m-1778775700,Up,0.5,20.0,,,,,,
1778775700000000,POST_BID,post_initial_bid,btc-updown-5m-1778775700,Up,0.5,20.0,,,,,,
1778775700000000,POST_BID,post_initial_bid,btc-updown-5m-1778775700,Down,0.5,20.0,,,,,,
1778775700000000,POST_BID,post_initial_bid,btc-updown-5m-1778775700,Down,0.5,20.0,,,,,,
1778775700000000,POST_BID,post_initial_bid,btc-updown-5m-1778775700,Up,0.5,20.0,,,,,,
1778775700000000,POST_BID,post_initial_bid,btc-updown-5m-1778775700,Up,0.5,20.0,,,,,,
1778775700000000,POST_BID,post_initial_bid,btc-updown-5m-1778775700,Down,0.5,20.0,,,,,,
1778775700000000,POST_BID,post_initial_bid,btc-updown-5m-1778775700,Up,0.5,20.0,,,,,,
1778775700000000,POST_BID,post_initial_bid,btc-updown-5m-1778775700,Down,0.5,20.0,,,,,,
1778775700000000,POST_BID,post_initial_bid,btc-updown-5m-1778775700,Up,0.5,20.0,,,,,,
1778775700000000,POST_BID,post_initial_bid,btc-updown-5m-1778775700,Down,0.5,20.0,,,,,,
1778775700000000,POST_BID,post_initial_bid,btc-updown-5m-1778775700,Down,0.5,20.0,,,,,,
1778775700000000,POST_BID,post_initial_bid,btc-updown-5m-1778775700,Up,0.5,20.0,,,,,,
1778775700000000,POST_BID,post_initial_bid,btc-updown-5m-1778775700,Up,0.5,20.0,,,,,,
1778775700000000,POST_BID,post_initial_bid,btc-updown-5m-1778775700,Down,0.5,20.0,,,,,,
1778775700000000,POST_BID,post_initial_bid,btc-updown-5m-1778775700,Down,0.5,20.0,,,,,,
1778775700000000,POST_BID,post_initial_bid,btc-updown-5m-1778775700,Up,0.5,20.0,,,,,,
1778775700000000,POST_BID,post_initial_bid,btc-updown-5m-1778775700,Up,0.5,20.0,,,,,,
1778775700000000,POST_BID,post_initial_bid,btc-updown-5m-1778775700,Up,0.5,20.0,,,,,,
1778775700000000,POST_BID,post_initial_bid,btc-updown-5m-1778775700,Down,0.5,20.0,,,,,,
1778775700000000,POST_BID,post_initial_bid,btc-updown-5m-1778775700,Up,0.5,20.0,,,,,,
1778775700000000,POST_BID,post_initial_bid,btc-updown-5m-1778775700,Down,0.5,20.0,,,,,,
1778775700000000,POST_BID,post_initial_bid,btc-updown-5m-1778775700,Down,0.5,20.0,,,,,,
1778775700000000,POST_BID,post_initial_bid,btc-updown-5m-1778775700,Down,0.5,20.0,,,,,,
1778775700000000,POST_BID,post_initial_bid,btc-updown-5m-1778775700,Down,0.5,20.0,,,,,,
1778775700000000,POST_BID,post_initial_bid,btc-updown-5m-1778775700,Up,0.5,20.0,,,,,,
1778775700000000,POST_BID,post_initial_bid,btc-updown-5m-1778775700,Down,0.5,20.0,,,,,,
1778775700000000,POST_BID,post_initial_bid,btc-updown-5m-1778775700,Down,0.5,20.0,,,,,,
1778775700000000,POST_BID,post_initial_bid,btc-updown-5m-1778775700,Down,0.5,20.0,,,,,,
1778775700000000,POST_BID,post_initial_bid,btc-updown-5m-1778775700,Down,0.5,20.0,,,,,,
1778775700000000,POST_BID,post_initial_bid,btc-updown-5m-1778775700,Down,0.5,20.0,,,,,,
1778775700000000,POST_BID,post_initial_bid,btc-updown-5m-1778775700,Down,0.5,20.0,,,,,,
1778775700000000,POST_BID,post_initial_bid,btc-updown-5m-1778775700,Down,0.5,20.0,,,,,,
1778775700000000,POST_BID,post_initial_bid,btc-updown-5m-1778775700,Up,0.5,20.0,,,,,,
1778775700000000,POST_BID,post_initial_bid,btc-updown-5m-1778775700,Down,0.5,20.0,,,,,,
1778775700000000,POST_BID,post_initial_bid,btc-updown-5m-1778775700,Down,0.5,20.0,,,,,,
1778775700000000,POST_BID,post_initial_bid,btc-updown-5m-1778775700,Up,0.5,20.0,,,,,,
1778775700000000,POST_BID,post_initial_bid,btc-updown-5m-1778775700,Up,0.5,20.0,,,,,,
1778775700000000,POST_BID,post_initial_bid,btc-updown-5m-1778775700,Down,0.5,20.0,,,,,,
1778775700000000,POST_BID,post_initial_bid,btc-updown-5m-1778775700,Down,0.5,20.0,,,,,,
1778775700000000,POST_BID,post_initial_bid,btc-updown-5m-1778775700,Down,0.5,20.0,,,,,,
1778775700000000,POST_BID,post_initial_bid,btc-updown-5m-1778775700,Up,0.5,20.0,,,,,,
1778775700000000,POST_BID,post_initial_bid,btc-updown-5m-1778775700,Up,0.5,20.0,,,,,,
1778775700000000,POST_BID,post_initial_bid,btc-updown-5m-1778775700,Up,0.5,20.0,,,,,,
1778775700000000,POST_BID,post_initial_bid,btc-updown-5m-1778775700,Down,0.5,20.0,,,,,,
1778775700000000,POST_BID,post_initial_bid,btc-updown-5m-1778775700,Up,0.5,20.0,,,,,,
1778775700000000,POST_BID,post_initial_bid,btc-updown-5m-1778775700,Down,0.5,20.0,,,,,,
1778775700000000,POST_BID,post_initial_bid,btc-updown-5m-1778775700,Down,0.5,20.0,,,,,,
1778775700000000,POST_BID,post_initial_bid,btc-updown-5m-1778775700,Down,0.5,20.0,,,,,,
1778775700000000,POST_BID,post_initial_bid,btc-updown-5m-1778775700,Down,0.5,20.0,,,,,,
1778775700000000,POST_BID,post_initial_bid,btc-updown-5m-1778775700,Down,0.5,20.0,,,,,,
1778775700000000,POST_BID,post_initial_bid,btc-updown-5m-1778775700,Up,0.5,20.0,,,,,,
1778775700000000,POST_BID,post_initial_bid,btc-updown-5m-1778775700,Down,0.5,20.0,,,,,,
1778775700000000,POST_BID,post_initial_bid,btc-updown-5m-1778775700,Up,0.5,20.0,,,,,,
1778775700000000,POST_BID,post_initial_bid,btc-updown-5m-1778775700,Down,0.5,20.0,,,,,,
1778775700000000,POST_BID,post_initial_bid,btc-updown-5m-1778775700,Up,0.5,20.0,,,,,,
1778775700000000,POST_BID,post_initial_bid,btc-updown-5m-1778775700,Down,0.5,20.0,,,,,,
1778775700000000,POST_BID,post_initial_bid,btc-updown-5m-1778775700,Down,0.5,20.0,,,,,,
1778775700000000,POST_BID,post_initial_bid,btc-updown-5m-1778775700,Down,0.5,20.0,,,,,,
1778775700000000,POST_BID,post_initial_bid,btc-updown-5m-1778775700,Down,0.5,20.0,,,,,,
1778775700000000,POST_BID,post_initial_bid,btc-updown-5m-1778775700,Up,0.5,20.0,,,,,,
1778775700000000,POST_BID,post_initial_bid,btc-updown-5m-1778775700,Down,0.5,20.0,,,,,,
1778775700000000,POST_BID,post_initial_bid,btc-updown-5m-1778775700,Up,0.5,20.0,,,,,,
1778775700000000,POST_BID,post_initial_bid,btc-updown-5m-1778775700,Up,0.5,20.0,,,,,,
1778775700000000,POST_BID,post_initial_bid,btc-updown-5m-1778775700,Up,0.5,20.0,,,,,,
1778775700000000,POST_BID,post_initial_bid,btc-updown-5m-1778775700,Up,0.5,20.0,,,,,,
1778775700000000,POST_BID,post_initial_bid,btc-updown-5m-1778775700,Up,0.5,20.0,,,,,,
1778775700000000,POST_BID,post_initial_bid,btc-updown-5m-1778775700,Up,0.5,20.0,,,,,,
1778775700000000,POST_BID,post_initial_bid,btc-updown-5m-1778775700,Up,0.5,20.0,,,,,,
1778775700000000,POST_BID,post_initial_bid,btc-updown-5m-1778775700,Down,0.5,20.0,,,,,,
1778775700000000,POST_BID,post_initial_bid,btc-updown-5m-1778775700,Up,0.5,20.0,,,,,,
1778775700000000,POST_BID,post_initial_bid,btc-updown-5m-1778775700,Up,0.5,20.0,,,,,,
1778775700000000,POST_BID,post_initial_bid,btc-updown-5m-1778775700,Up,0.5,20.0,,,,,,
1778775700000000,POST_BID,post_initial_bid,btc-updown-5m-1778775700,Down,0.5,20.0,,,,,,
1778775700000000,POST_BID,post_initial_bid,btc-updown-5m-1778775700,Down,0.5,20.0,,,,,,
1778775700000000,POST_BID,post_initial_bid,btc-updown-5m-1778775700,Down,0.5,20.0,,,,,,
1778775700000000,POST_BID,post_initial_bid,btc-updown-5m-1778775700,Down,0.5,20.0,,,,,,
1778775700000000,POST_BID,post_initial_bid,btc-updown-5m-1778775700,Down,0.5,20.0,,,,,,
1778775700000000,POST_BID,post_initial_bid,btc-updown-5m-1778775700,Down,0.5,20.0,,,,,,
1778775700000000,POST_BID,post_initial_bid,btc-updown-5m-1778775700,Down,0.5,20.0,,,,,,
1778775700000000,POST_BID,post_initial_bid,btc-updown-5m-1778775700,Down,0.5,20.0,,,,,,
1778775700000000,POST_BID,post_initial_bid,btc-updown-5m-1778775700,Down,0.5,20.0,,,,,,
1778775700000000,POST_BID,post_initial_bid,btc-updown-5m-1778775700,Down,0.5,20.0,,,,,,
1778775700000000,POST_BID,post_initial_bid,btc-updown-5m-1778775700,Down,0.5,20.0,,,,,,
1778775700000000,POST_BID,post_initial_bid,btc-updown-5m-1778775700,Down,0.5,20.0,,,,,,
1778775700000000,FILL,maker_bid_hit,btc-updown-5m-1778775700,Down,0.5,20.0,20.0,,,,,
1778775700000000,FILL,maker_bid_hit,btc-updown-5m-1778775700,Up,0.5,20.0,20.0,,,,,
1778775700000000,FILL,maker_bid_hit,btc-updown-5m-1778775700,Down,0.5,20.0,20.0,,,,,
1778775700000000,FILL,maker_bid_hit,btc-updown-5m-1778775700,Up,0.5,20.0,20.0,,,,,
1778775700000000,FILL,maker_bid_hit,btc-updown-5m-1778775700,Up,0.5,20.0,20.0,,,,,
1778775700000000,FILL,maker_bid_hit,btc-updown-5m-1778775700,Down,0.5,20.0,20.0,,,,,
1778775700000000,FILL,maker_bid_hit,btc-updown-5m-1778775700,Up,0.5,20.0,20.0,,,,,
1778775700000000,FILL,maker_bid_hit,btc-updown-5m-1778775700,Down,0.5,20.0,20.0,,,,,
1778775700000000,FILL,maker_bid_hit,btc-updown-5m-1778775700,Up,0.5,20.0,20.0,,,,,
1778775700000000,FILL,maker_bid_hit,btc-updown-5m-1778775700,Down,0.5,20.0,20.0,,,,,
1778775700000000,TAKE,pat_pair_cost=0.9630,btc-updown-5m-1778775700,BOTH,0.962959858362091,20.0,,,,20.0,20.0,0.962959858362091
1778776000000000,LOG_SLUG_COMPLETE,slug_resolved,btc-updown-5m-1778775700,,,,,Down,-10.3209,,,
1778776000000000,POST_BID,post_initial_bid,btc-updown-5m-1778776000,Down,0.5,20.0,,,,,,
1778776000000000,POST_BID,post_initial_bid,btc-updown-5m-1778776000,Down,0.5,20.0,,,,,,
1778776000000000,POST_BID,post_initial_bid,btc-updown-5m-1778776000,Down,0.5,20.0,,,,,,
1778776000000000,POST_BID,post_initial_bid,btc-updown-5m-1778776000,Up,0.5,20.0,,,,,,
1778776000000000,POST_BID,post_initial_bid,btc-updown-5m-1778776000,Down,0.5,20.0,,,,,,
1778776000000000,POST_BID,post_initial_bid,btc-updown-5m-1778776000,Down,0.5,20.0,,,,,,
1778776000000000,POST_BID,post_initial_bid,btc-updown-5m-1778776000,Up,0.5,20.0,,,,,,
1778776000000000,POST_BID,post_initial_bid,btc-updown-5m-1778776000,Down,0.5,20.0,,,,,,
1778776000000000,POST_BID,post_initial_bid,btc-updown-5m-1778776000,Down,0.5,20.0,,,,,,
1778776000000000,POST_BID,post_initial_bid,btc-updown-5m-1778776000,Down,0.5,20.0,,,,,,
1778776000000000,POST_BID,post_initial_bid,btc-updown-5m-1778776000,Up,0.5,20.0,,,,,,
1778776000000000,POST_BID,post_initial_bid,btc-updown-5m-1778776000,Down,0.5,20.0,,,,,,
1778776000000000,POST_BID,post_initial_bid,btc-updown-5m-1778776000,Down,0.5,20.0,,,,,,
1778776000000000,POST_BID,post_initial_bid,btc-updown-5m-1778776000,Down,0.5,20.0,,,,,,
1778776000000000,POST_BID,post_initial_bid,btc-updown-5m-1778776000,Down,0.5,20.0,,,,,,
1778776000000000,POST_BID,post_initial_bid,btc-updown-5m-1778776000,Down,0.5,20.0,,,,,,
1778776000000000,POST_BID,post_initial_bid,btc-updown-5m-1778776000,Up,0.5,20.0,,,,,,
1778776000000000,POST_BID,post_initial_bid,btc-updown-5m-1778776000,Up,0.5,20.0,,,,,,
1778776000000000,POST_BID,post_initial_bid,btc-updown-5m-1778776000,Up,0.5,20.0,,,,,,
1778776000000000,POST_BID,post_initial_bid,btc-updown-5m-1778776000,Down,0.5,20.0,,,,,,
1778776000000000,POST_BID,post_initial_bid,btc-updown-5m-1778776000,Down,0.5,20.0,,,,,,
1778776000000000,POST_BID,post_initial_bid,btc-updown-5m-1778776000,Up,0.5,20.0,,,,,,
1778776000000000,POST_BID,post_initial_bid,btc-updown-5m-1778776000,Up,0.5,20.0,,,,,,
1778776000000000,POST_BID,post_initial_bid,btc-updown-5m-1778776000,Up,0.5,20.0,,,,,,
1778776000000000,POST_BID,post_initial_bid,btc-updown-5m-1778776000,Up,0.5,20.0,,,,,,
1778776000000000,POST_BID,post_initial_bid,btc-updown-5m-1778776000,Up,0.5,20.0,,,,,,
1778776000000000,POST_BID,post_initial_bid,btc-updown-5m-1778776000,Down,0.5,20.0,,,,,,
1778776000000000,POST_BID,post_initial_bid,btc-updown-5m-1778776000,Down,0.5,20.0,,,,,,
1778776000000000,POST_BID,post_initial_bid,btc-updown-5m-1778776000,Up,0.5,20.0,,,,,,
1778776000000000,POST_BID,post_initial_bid,btc-updown-5m-1778776000,Down,0.5,20.0,,,,,,
1778776000000000,POST_BID,post_initial_bid,btc-updown-5m-1778776000,Up,0.5,20.0,,,,,,
1778776000000000,POST_BID,post_initial_bid,btc-updown-5m-1778776000,Up,0.5,20.0,,,,,,
1778776000000000,POST_BID,post_initial_bid,btc-updown-5m-1778776000,Up,0.5,20.0,,,,,,
1778776000000000,POST_BID,post_initial_bid,btc-updown-5m-1778776000,Down,0.5,20.0,,,,,,
1778776000000000,POST_BID,post_initial_bid,btc-updown-5m-1778776000,Up,0.5,20.0,,,,,,
1778776000000000,POST_BID,post_initial_bid,btc-updown-5m-1778776000,Down,0.5,20.0,,,,,,
1778776000000000,POST_BID,post_initial_bid,btc-updown-5m-1778776000,Down,0.5,20.0,,,,,,
1778776000000000,POST_BID,post_initial_bid,btc-updown-5m-1778776000,Up,0.5,20.0,,,,,,
1778776000000000,POST_BID,post_initial_bid,btc-updown-5m-1778776000,Up,0.5,20.0,,,,,,
1778776000000000,POST_BID,post_initial_bid,btc-updown-5m-1778776000,Up,0.5,20.0,,,,,,
1778776000000000,POST_BID,post_initial_bid,btc-updown-5m-1778776000,Up,0.5,20.0,,,,,,
1778776000000000,POST_BID,post_initial_bid,btc-updown-5m-1778776000,Up,0.5,20.0,,,,,,
1778776000000000,POST_BID,post_initial_bid,btc-updown-5m-1778776000,Down,0.5,20.0,,,,,,
1778776000000000,POST_BID,post_initial_bid,btc-updown-5m-1778776000,Down,0.5,20.0,,,,,,
1778776000000000,POST_BID,post_initial_bid,btc-updown-5m-1778776000,Up,0.5,20.0,,,,,,
1778776000000000,POST_BID,post_initial_bid,btc-updown-5m-1778776000,Down,0.5,20.0,,,,,,
1778776000000000,POST_BID,post_initial_bid,btc-updown-5m-1778776000,Down,0.5,20.0,,,,,,
1778776000000000,POST_BID,post_initial_bid,btc-updown-5m-1778776000,Up,0.5,20.0,,,,,,
1778776000000000,POST_BID,post_initial_bid,btc-updown-5m-1778776000,Up,0.5,20.0,,,,,,
1778776000000000,POST_BID,post_initial_bid,btc-updown-5m-1778776000,Down,0.5,20.0,,,,,,
1778776000000000,POST_BID,post_initial_bid,btc-updown-5m-1778776000,Down,0.5,20.0,,,,,,
1778776000000000,POST_BID,post_initial_bid,btc-updown-5m-1778776000,Up,0.5,20.0,,,,,,
1778776000000000,POST_BID,post_initial_bid,btc-updown-5m-1778776000,Up,0.5,20.0,,,,,,
1778776000000000,POST_BID,post_initial_bid,btc-updown-5m-1778776000,Up,0.5,20.0,,,,,,
1778776000000000,POST_BID,post_initial_bid,btc-updown-5m-1778776000,Up,0.5,20.0,,,,,,
1778776000000000,POST_BID,post_initial_bid,btc-updown-5m-1778776000,Up,0.5,20.0,,,,,,
1778776000000000,POST_BID,post_initial_bid,btc-updown-5m-1778776000,Down,0.5,20.0,,,,,,
1778776000000000,POST_BID,post_initial_bid,btc-updown-5m-1778776000,Up,0.5,20.0,,,,,,
1778776000000000,POST_BID,post_initial_bid,btc-updown-5m-1778776000,Up,0.5,20.0,,,,,,
1778776000000000,POST_BID,post_initial_bid,btc-updown-5m-1778776000,Up,0.5,20.0,,,,,,
1778776000000000,POST_BID,post_initial_bid,btc-updown-5m-1778776000,Up,0.5,20.0,,,,,,
1778776000000000,POST_BID,post_initial_bid,btc-updown-5m-1778776000,Down,0.5,20.0,,,,,,
1778776000000000,POST_BID,post_initial_bid,btc-updown-5m-1778776000,Up,0.5,20.0,,,,,,
1778776000000000,POST_BID,post_initial_bid,btc-updown-5m-1778776000,Down,0.5,20.0,,,,,,
1778776000000000,POST_BID,post_initial_bid,btc-updown-5m-1778776000,Down,0.5,20.0,,,,,,
1778776000000000,POST_BID,post_initial_bid,btc-updown-5m-1778776000,Down,0.5,20.0,,,,,,
1778776000000000,POST_BID,post_initial_bid,btc-updown-5m-1778776000,Up,0.5,20.0,,,,,,
1778776000000000,POST_BID,post_initial_bid,btc-updown-5m-1778776000,Down,0.5,20.0,,,,,,
1778776000000000,POST_BID,post_initial_bid,btc-updown-5m-1778776000,Up,0.5,20.0,,,,,,
1778776000000000,POST_BID,post_initial_bid,btc-updown-5m-1778776000,Up,0.5,20.0,,,,,,
1778776000000000,POST_BID,post_initial_bid,btc-updown-5m-1778776000,Up,0.5,20.0,,,,,,
1778776000000000,POST_BID,post_initial_bid,btc-updown-5m-1778776000,Down,0.5,20.0,,,,,,
1778776000000000,POST_BID,post_initial_bid,btc-updown-5m-1778776000,Down,0.5,20.0,,,,,,
1778776000000000,POST_BID,post_initial_bid,btc-updown-5m-1778776000,Down,0.5,20.0,,,,,,
1778776000000000,POST_BID,post_initial_bid,btc-updown-5m-1778776000,Down,0.5,20.0,,,,,,
1778776000000000,POST_BID,post_initial_bid,btc-updown-5m-1778776000,Up,0.5,20.0,,,,,,
1778776000000000,POST_BID,post_initial_bid,btc-updown-5m-1778776000,Up,0.5,20.0,,,,,,
1778776000000000,POST_BID,post_initial_bid,btc-updown-5m-1778776000,Down,0.5,20.0,,,,,,
1778776000000000,POST_BID,post_initial_bid,btc-updown-5m-1778776000,Down,0.5,20.0,,,,,,
1778776000000000,POST_BID,post_initial_bid,btc-updown-5m-1778776000,Up,0.5,20.0,,,,,,
1778776000000000,POST_BID,post_initial_bid,btc-updown-5m-1778776000,Up,0.5,20.0,,,,,,
1778776000000000,POST_BID,post_initial_bid,btc-updown-5m-1778776000,Up,0.5,20.0,,,,,,
1778776000000000,POST_BID,post_initial_bid,btc-updown-5m-1778776000,Up,0.5,20.0,,,,,,
1778776000000000,POST_BID,post_initial_bid,btc-updown-5m-1778776000,Down,0.5,20.0,,,,,,
1778776000000000,POST_BID,post_initial_bid,btc-updown-5m-1778776000,Down,0.5,20.0,,,,,,
1778776000000000,POST_BID,post_initial_bid,btc-updown-5m-1778776000,Up,0.5,20.0,,,,,,
1778776000000000,POST_BID,post_initial_bid,btc-updown-5m-1778776000,Down,0.5,20.0,,,,,,
1778776000000000,POST_BID,post_initial_bid,btc-updown-5m-1778776000,Up,0.5,20.0,,,,,,
1778776000000000,POST_BID,post_initial_bid,btc-updown-5m-1778776000,Down,0.5,20.0,,,,,,
1778776000000000,POST_BID,post_initial_bid,btc-updown-5m-1778776000,Up,0.5,20.0,,,,,,
1778776000000000,FILL,maker_bid_hit,btc-updown-5m-1778776000,Down,0.5,20.0,20.0,,,,,
1778776000000000,FILL,maker_bid_hit,btc-updown-5m-1778776000,Down,0.5,20.0,20.0,,,,,
1778776000000000,FILL,maker_bid_hit,btc-updown-5m-1778776000,Up,0.5,20.0,20.0,,,,,
1778776000000000,FILL,maker_bid_hit,btc-updown-5m-1778776000,Down,0.5,20.0,20.0,,,,,
1778776000000000,FILL,maker_bid_hit,btc-updown-5m-1778776000,Up,0.5,20.0,20.0,,,,,
1778776000000000,FILL,maker_bid_hit,btc-updown-5m-1778776000,Up,0.5,20.0,20.0,,,,,
1778776000000000,FILL,maker_bid_hit,btc-updown-5m-1778776000,Up,0.5,20.0,20.0,,,,,
1778776000000000,FILL,maker_bid_hit,btc-updown-5m-1778776000,Up,0.5,20.0,20.0,,,,,
1778776000000000,FILL,maker_bid_hit,btc-updown-5m-1778776000,Up,0.5,20.0,20.0,,,,,
1778776000000000,FILL,maker_bid_hit,btc-updown-5m-1778776000,Up,0.5,20.0,20.0,,,,,
1778776000000000,FILL,maker_bid_hit,btc-updown-5m-1778776000,Down,0.5,20.0,20.0,,,,,
1778776000000000,FILL,maker_bid_hit,btc-updown-5m-1778776000,Down,0.5,20.0,20.0,,,,,
1778776000000000,TAKE,pat_pair_cost=0.9878,btc-updown-5m-1778776000,BOTH,0.9878082374192052,20.0,,,,20.0,0.0,0.9878082374192052
1778776000000000,TAKE,pat_pair_cost=1.0374,btc-updown-5m-1778776000,BOTH,1.0374371401002378,20.0,,,,20.0,0.0,1.0374371401002378
1778776300000000,LOG_SLUG_COMPLETE,slug_resolved,btc-updown-5m-1778776000,,,,,Down,-3.6144,,,
1778776300000000,POST_BID,post_initial_bid,btc-updown-5m-1778776300,Down,0.5,20.0,,,,,,
1778776300000000,POST_BID,post_initial_bid,btc-updown-5m-1778776300,Up,0.5,20.0,,,,,,
1778776300000000,POST_BID,post_initial_bid,btc-updown-5m-1778776300,Down,0.5,20.0,,,,,,
1778776300000000,POST_BID,post_initial_bid,btc-updown-5m-1778776300,Up,0.5,20.0,,,,,,
1778776300000000,POST_BID,post_initial_bid,btc-updown-5m-1778776300,Down,0.5,20.0,,,,,,
1778776300000000,POST_BID,post_initial_bid,btc-updown-5m-1778776300,Down,0.5,20.0,,,,,,
1778776300000000,POST_BID,post_initial_bid,btc-updown-5m-1778776300,Up,0.5,20.0,,,,,,
1778776300000000,POST_BID,post_initial_bid,btc-updown-5m-1778776300,Up,0.5,20.0,,,,,,
1778776300000000,POST_BID,post_initial_bid,btc-updown-5m-1778776300,Up,0.5,20.0,,,,,,
1778776300000000,POST_BID,post_initial_bid,btc-updown-5m-1778776300,Down,0.5,20.0,,,,,,
1778776300000000,POST_BID,post_initial_bid,btc-updown-5m-1778776300,Down,0.5,20.0,,,,,,
1778776300000000,POST_BID,post_initial_bid,btc-updown-5m-1778776300,Up,0.5,20.0,,,,,,
1778776300000000,POST_BID,post_initial_bid,btc-updown-5m-1778776300,Down,0.5,20.0,,,,,,
1778776300000000,POST_BID,post_initial_bid,btc-updown-5m-1778776300,Up,0.5,20.0,,,,,,
1778776300000000,POST_BID,post_initial_bid,btc-updown-5m-1778776300,Up,0.5,20.0,,,,,,
1778776300000000,POST_BID,post_initial_bid,btc-updown-5m-1778776300,Down,0.5,20.0,,,,,,
1778776300000000,POST_BID,post_initial_bid,btc-updown-5m-1778776300,Up,0.5,20.0,,,,,,
1778776300000000,POST_BID,post_initial_bid,btc-updown-5m-1778776300,Up,0.5,20.0,,,,,,
1778776300000000,POST_BID,post_initial_bid,btc-updown-5m-1778776300,Up,0.5,20.0,,,,,,
1778776300000000,POST_BID,post_initial_bid,btc-updown-5m-1778776300,Up,0.5,20.0,,,,,,
1778776300000000,POST_BID,post_initial_bid,btc-updown-5m-1778776300,Up,0.5,20.0,,,,,,
1778776300000000,POST_BID,post_initial_bid,btc-updown-5m-1778776300,Up,0.5,20.0,,,,,,
1778776300000000,POST_BID,post_initial_bid,btc-updown-5m-1778776300,Up,0.5,20.0,,,,,,
1778776300000000,POST_BID,post_initial_bid,btc-updown-5m-1778776300,Up,0.5,20.0,,,,,,
1778776300000000,POST_BID,post_initial_bid,btc-updown-5m-1778776300,Down,0.5,20.0,,,,,,
1778776300000000,POST_BID,post_initial_bid,btc-updown-5m-1778776300,Down,0.5,20.0,,,,,,
1778776300000000,POST_BID,post_initial_bid,btc-updown-5m-1778776300,Down,0.5,20.0,,,,,,
1778776300000000,POST_BID,post_initial_bid,btc-updown-5m-1778776300,Up,0.5,20.0,,,,,,
1778776300000000,POST_BID,post_initial_bid,btc-updown-5m-1778776300,Down,0.5,20.0,,,,,,
1778776300000000,POST_BID,post_initial_bid,btc-updown-5m-1778776300,Up,0.5,20.0,,,,,,
1778776300000000,POST_BID,post_initial_bid,btc-updown-5m-1778776300,Down,0.5,20.0,,,,,,
1778776300000000,POST_BID,post_initial_bid,btc-updown-5m-1778776300,Down,0.5,20.0,,,,,,
1778776300000000,POST_BID,post_initial_bid,btc-updown-5m-1778776300,Up,0.5,20.0,,,,,,
1778776300000000,POST_BID,post_initial_bid,btc-updown-5m-1778776300,Up,0.5,20.0,,,,,,
1778776300000000,POST_BID,post_initial_bid,btc-updown-5m-1778776300,Up,0.5,20.0,,,,,,
1778776300000000,POST_BID,post_initial_bid,btc-updown-5m-1778776300,Down,0.5,20.0,,,,,,
1778776300000000,POST_BID,post_initial_bid,btc-updown-5m-1778776300,Up,0.5,20.0,,,,,,
1778776300000000,POST_BID,post_initial_bid,btc-updown-5m-1778776300,Down,0.5,20.0,,,,,,
1778776300000000,POST_BID,post_initial_bid,btc-updown-5m-1778776300,Down,0.5,20.0,,,,,,
1778776300000000,POST_BID,post_initial_bid,btc-updown-5m-1778776300,Up,0.5,20.0,,,,,,
1778776300000000,POST_BID,post_initial_bid,btc-updown-5m-1778776300,Up,0.5,20.0,,,,,,
1778776300000000,POST_BID,post_initial_bid,btc-updown-5m-1778776300,Up,0.5,20.0,,,,,,
1778776300000000,POST_BID,post_initial_bid,btc-updown-5m-1778776300,Down,0.5,20.0,,,,,,
1778776300000000,POST_BID,post_initial_bid,btc-updown-5m-1778776300,Down,0.5,20.0,,,,,,
1778776300000000,POST_BID,post_initial_bid,btc-updown-5m-1778776300,Up,0.5,20.0,,,,,,
1778776300000000,POST_BID,post_initial_bid,btc-updown-5m-1778776300,Down,0.5,20.0,,,,,,
1778776300000000,POST_BID,post_initial_bid,btc-updown-5m-1778776300,Up,0.5,20.0,,,,,,
1778776300000000,POST_BID,post_initial_bid,btc-updown-5m-1778776300,Up,0.5,20.0,,,,,,
1778776300000000,POST_BID,post_initial_bid,btc-updown-5m-1778776300,Down,0.5,20.0,,,,,,
1778776300000000,POST_BID,post_initial_bid,btc-updown-5m-1778776300,Down,0.5,20.0,,,,,,
1778776300000000,POST_BID,post_initial_bid,btc-updown-5m-1778776300,Down,0.5,20.0,,,,,,
1778776300000000,POST_BID,post_initial_bid,btc-updown-5m-1778776300,Up,0.5,20.0,,,,,,
1778776300000000,POST_BID,post_initial_bid,btc-updown-5m-1778776300,Up,0.5,20.0,,,,,,
1778776300000000,POST_BID,post_initial_bid,btc-updown-5m-1778776300,Up,0.5,20.0,,,,,,
1778776300000000,POST_BID,post_initial_bid,btc-updown-5m-1778776300,Down,0.5,20.0,,,,,,
1778776300000000,POST_BID,post_initial_bid,btc-updown-5m-1778776300,Down,0.5,20.0,,,,,,
1778776300000000,POST_BID,post_initial_bid,btc-updown-5m-1778776300,Up,0.5,20.0,,,,,,
1778776300000000,POST_BID,post_initial_bid,btc-updown-5m-1778776300,Up,0.5,20.0,,,,,,
1778776300000000,POST_BID,post_initial_bid,btc-updown-5m-1778776300,Down,0.5,20.0,,,,,,
1778776300000000,POST_BID,post_initial_bid,btc-updown-5m-1778776300,Down,0.5,20.0,,,,,,
1778776300000000,POST_BID,post_initial_bid,btc-updown-5m-1778776300,Down,0.5,20.0,,,,,,
1778776300000000,POST_BID,post_initial_bid,btc-updown-5m-1778776300,Down,0.5,20.0,,,,,,
1778776300000000,POST_BID,post_initial_bid,btc-updown-5m-1778776300,Up,0.5,20.0,,,,,,
1778776300000000,POST_BID,post_initial_bid,btc-updown-5m-1778776300,Up,0.5,20.0,,,,,,
1778776300000000,POST_BID,post_initial_bid,btc-updown-5m-1778776300,Up,0.5,20.0,,,,,,
1778776300000000,POST_BID,post_initial_bid,btc-updown-5m-1778776300,Up,0.5,20.0,,,,,,
1778776300000000,POST_BID,post_initial_bid,btc-updown-5m-1778776300,Down,0.5,20.0,,,,,,
1778776300000000,POST_BID,post_initial_bid,btc-updown-5m-1778776300,Down,0.5,20.0,,,,,,
1778776300000000,POST_BID,post_initial_bid,btc-updown-5m-1778776300,Up,0.5,20.0,,,,,,
1778776300000000,POST_BID,post_initial_bid,btc-updown-5m-1778776300,Up,0.5,20.0,,,,,,
1778776300000000,POST_BID,post_initial_bid,btc-updown-5m-1778776300,Up,0.5,20.0,,,,,,
1778776300000000,POST_BID,post_initial_bid,btc-updown-5m-1778776300,Down,0.5,20.0,,,,,,
1778776300000000,POST_BID,post_initial_bid,btc-updown-5m-1778776300,Down,0.5,20.0,,,,,,
1778776300000000,POST_BID,post_initial_bid,btc-updown-5m-1778776300,Up,0.5,20.0,,,,,,
1778776300000000,POST_BID,post_initial_bid,btc-updown-5m-1778776300,Up,0.5,20.0,,,,,,
1778776300000000,POST_BID,post_initial_bid,btc-updown-5m-1778776300,Down,0.5,20.0,,,,,,
1778776300000000,POST_BID,post_initial_bid,btc-updown-5m-1778776300,Down,0.5,20.0,,,,,,
1778776300000000,POST_BID,post_initial_bid,btc-updown-5m-1778776300,Down,0.5,20.0,,,,,,
1778776300000000,POST_BID,post_initial_bid,btc-updown-5m-1778776300,Down,0.5,20.0,,,,,,
1778776300000000,POST_BID,post_initial_bid,btc-updown-5m-1778776300,Down,0.5,20.0,,,,,,
1778776300000000,POST_BID,post_initial_bid,btc-updown-5m-1778776300,Down,0.5,20.0,,,,,,
1778776300000000,POST_BID,post_initial_bid,btc-updown-5m-1778776300,Up,0.5,20.0,,,,,,
1778776300000000,POST_BID,post_initial_bid,btc-updown-5m-1778776300,Down,0.5,20.0,,,,,,
1778776300000000,POST_BID,post_initial_bid,btc-updown-5m-1778776300,Up,0.5,20.0,,,,,,
1778776300000000,POST_BID,post_initial_bid,btc-updown-5m-1778776300,Down,0.5,20.0,,,,,,
1778776300000000,POST_BID,post_initial_bid,btc-updown-5m-1778776300,Up,0.5,20.0,,,,,,
1778776300000000,FILL,maker_bid_hit,btc-updown-5m-1778776300,Down,0.5,20.0,20.0,,,,,
1778776300000000,FILL,maker_bid_hit,btc-updown-5m-1778776300,Up,0.5,20.0,20.0,,,,,
1778776300000000,FILL,maker_bid_hit,btc-updown-5m-1778776300,Up,0.5,20.0,20.0,,,,,
1778776300000000,FILL,maker_bid_hit,btc-updown-5m-1778776300,Up,0.5,20.0,20.0,,,,,
1778776300000000,FILL,maker_bid_hit,btc-updown-5m-1778776300,Down,0.5,20.0,20.0,,,,,
1778776300000000,FILL,maker_bid_hit,btc-updown-5m-1778776300,Down,0.5,20.0,20.0,,,,,
1778776300000000,FILL,maker_bid_hit,btc-updown-5m-1778776300,Down,0.5,20.0,20.0,,,,,
1778776300000000,FILL,maker_bid_hit,btc-updown-5m-1778776300,Down,0.5,20.0,20.0,,,,,
1778776300000000,FILL,maker_bid_hit,btc-updown-5m-1778776300,Down,0.5,20.0,20.0,,,,,
1778776300000000,FILL,maker_bid_hit,btc-updown-5m-1778776300,Up,0.5,20.0,20.0,,,,,
1778776300000000,FILL,maker_bid_hit,btc-updown-5m-1778776300,Down,0.5,20.0,20.0,,,,,
1778776300000000,FILL,maker_bid_hit,btc-updown-5m-1778776300,Down,0.5,20.0,20.0,,,,,
1778776300000000,TAKE,pat_pair_cost=0.9788,btc-updown-5m-1778776300,BOTH,0.97877107115805,20.0,,,,20.0,20.0,0.97877107115805
1778776600000000,LOG_SLUG_COMPLETE,slug_resolved,btc-updown-5m-1778776300,,,,,Up,-8.6608,,,
1778776600000000,POST_BID,post_initial_bid,btc-updown-5m-1778776600,Up,0.5,20.0,,,,,,
1778776600000000,POST_BID,post_initial_bid,btc-updown-5m-1778776600,Up,0.5,20.0,,,,,,
1778776600000000,POST_BID,post_initial_bid,btc-updown-5m-1778776600,Down,0.5,20.0,,,,,,
1778776600000000,POST_BID,post_initial_bid,btc-updown-5m-1778776600,Down,0.5,20.0,,,,,,
1778776600000000,POST_BID,post_initial_bid,btc-updown-5m-1778776600,Down,0.5,20.0,,,,,,
1778776600000000,POST_BID,post_initial_bid,btc-updown-5m-1778776600,Up,0.5,20.0,,,,,,
1778776600000000,POST_BID,post_initial_bid,btc-updown-5m-1778776600,Up,0.5,20.0,,,,,,
1778776600000000,POST_BID,post_initial_bid,btc-updown-5m-1778776600,Down,0.5,20.0,,,,,,
1778776600000000,POST_BID,post_initial_bid,btc-updown-5m-1778776600,Down,0.5,20.0,,,,,,
1778776600000000,POST_BID,post_initial_bid,btc-updown-5m-1778776600,Up,0.5,20.0,,,,,,
1778776600000000,POST_BID,post_initial_bid,btc-updown-5m-1778776600,Up,0.5,20.0,,,,,,
1778776600000000,POST_BID,post_initial_bid,btc-updown-5m-1778776600,Up,0.5,20.0,,,,,,
1778776600000000,POST_BID,post_initial_bid,btc-updown-5m-1778776600,Down,0.5,20.0,,,,,,
1778776600000000,POST_BID,post_initial_bid,btc-updown-5m-1778776600,Down,0.5,20.0,,,,,,
1778776600000000,POST_BID,post_initial_bid,btc-updown-5m-1778776600,Down,0.5,20.0,,,,,,
1778776600000000,POST_BID,post_initial_bid,btc-updown-5m-1778776600,Up,0.5,20.0,,,,,,
1778776600000000,POST_BID,post_initial_bid,btc-updown-5m-1778776600,Down,0.5,20.0,,,,,,
1778776600000000,POST_BID,post_initial_bid,btc-updown-5m-1778776600,Down,0.5,20.0,,,,,,
1778776600000000,POST_BID,post_initial_bid,btc-updown-5m-1778776600,Up,0.5,20.0,,,,,,
1778776600000000,POST_BID,post_initial_bid,btc-updown-5m-1778776600,Down,0.5,20.0,,,,,,
1778776600000000,POST_BID,post_initial_bid,btc-updown-5m-1778776600,Up,0.5,20.0,,,,,,
1778776600000000,POST_BID,post_initial_bid,btc-updown-5m-1778776600,Up,0.5,20.0,,,,,,
1778776600000000,POST_BID,post_initial_bid,btc-updown-5m-1778776600,Down,0.5,20.0,,,,,,
1778776600000000,POST_BID,post_initial_bid,btc-updown-5m-1778776600,Down,0.5,20.0,,,,,,
1778776600000000,POST_BID,post_initial_bid,btc-updown-5m-1778776600,Up,0.5,20.0,,,,,,
1778776600000000,POST_BID,post_initial_bid,btc-updown-5m-1778776600,Down,0.5,20.0,,,,,,
1778776600000000,POST_BID,post_initial_bid,btc-updown-5m-1778776600,Up,0.5,20.0,,,,,,
1778776600000000,POST_BID,post_initial_bid,btc-updown-5m-1778776600,Down,0.5,20.0,,,,,,
1778776600000000,POST_BID,post_initial_bid,btc-updown-5m-1778776600,Up,0.5,20.0,,,,,,
1778776600000000,POST_BID,post_initial_bid,btc-updown-5m-1778776600,Up,0.5,20.0,,,,,,
1778776600000000,POST_BID,post_initial_bid,btc-updown-5m-1778776600,Up,0.5,20.0,,,,,,
1778776600000000,POST_BID,post_initial_bid,btc-updown-5m-1778776600,Up,0.5,20.0,,,,,,
1778776600000000,POST_BID,post_initial_bid,btc-updown-5m-1778776600,Down,0.5,20.0,,,,,,
1778776600000000,POST_BID,post_initial_bid,btc-updown-5m-1778776600,Up,0.5,20.0,,,,,,
1778776600000000,POST_BID,post_initial_bid,btc-updown-5m-1778776600,Up,0.5,20.0,,,,,,
1778776600000000,POST_BID,post_initial_bid,btc-updown-5m-1778776600,Up,0.5,20.0,,,,,,
1778776600000000,POST_BID,post_initial_bid,btc-updown-5m-1778776600,Up,0.5,20.0,,,,,,
1778776600000000,POST_BID,post_initial_bid,btc-updown-5m-1778776600,Up,0.5,20.0,,,,,,
1778776600000000,POST_BID,post_initial_bid,btc-updown-5m-1778776600,Up,0.5,20.0,,,,,,
1778776600000000,POST_BID,post_initial_bid,btc-updown-5m-1778776600,Down,0.5,20.0,,,,,,
1778776600000000,POST_BID,post_initial_bid,btc-updown-5m-1778776600,Down,0.5,20.0,,,,,,
1778776600000000,POST_BID,post_initial_bid,btc-updown-5m-1778776600,Down,0.5,20.0,,,,,,
1778776600000000,POST_BID,post_initial_bid,btc-updown-5m-1778776600,Down,0.5,20.0,,,,,,
1778776600000000,POST_BID,post_initial_bid,btc-updown-5m-1778776600,Down,0.5,20.0,,,,,,
1778776600000000,POST_BID,post_initial_bid,btc-updown-5m-1778776600,Down,0.5,20.0,,,,,,
1778776600000000,POST_BID,post_initial_bid,btc-updown-5m-1778776600,Up,0.5,20.0,,,,,,
1778776600000000,POST_BID,post_initial_bid,btc-updown-5m-1778776600,Up,0.5,20.0,,,,,,
1778776600000000,POST_BID,post_initial_bid,btc-updown-5m-1778776600,Down,0.5,20.0,,,,,,
1778776600000000,POST_BID,post_initial_bid,btc-updown-5m-1778776600,Down,0.5,20.0,,,,,,
1778776600000000,POST_BID,post_initial_bid,btc-updown-5m-1778776600,Down,0.5,20.0,,,,,,
1778776600000000,POST_BID,post_initial_bid,btc-updown-5m-1778776600,Up,0.5,20.0,,,,,,
1778776600000000,POST_BID,post_initial_bid,btc-updown-5m-1778776600,Down,0.5,20.0,,,,,,
1778776600000000,POST_BID,post_initial_bid,btc-updown-5m-1778776600,Up,0.5,20.0,,,,,,
1778776600000000,POST_BID,post_initial_bid,btc-updown-5m-1778776600,Up,0.5,20.0,,,,,,
1778776600000000,POST_BID,post_initial_bid,btc-updown-5m-1778776600,Down,0.5,20.0,,,,,,
1778776600000000,POST_BID,post_initial_bid,btc-updown-5m-1778776600,Up,0.5,20.0,,,,,,
1778776600000000,POST_BID,post_initial_bid,btc-updown-5m-1778776600,Up,0.5,20.0,,,,,,
1778776600000000,POST_BID,post_initial_bid,btc-updown-5m-1778776600,Down,0.5,20.0,,,,,,
1778776600000000,POST_BID,post_initial_bid,btc-updown-5m-1778776600,Down,0.5,20.0,,,,,,
1778776600000000,POST_BID,post_initial_bid,btc-updown-5m-1778776600,Up,0.5,20.0,,,,,,
1778776600000000,POST_BID,post_initial_bid,btc-updown-5m-1778776600,Up,0.5,20.0,,,,,,
1778776600000000,POST_BID,post_initial_bid,btc-updown-5m-1778776600,Down,0.5,20.0,,,,,,
1778776600000000,POST_BID,post_initial_bid,btc-updown-5m-1778776600,Up,0.5,20.0,,,,,,
1778776600000000,POST_BID,post_initial_bid,btc-updown-5m-1778776600,Down,0.5,20.0,,,,,,
1778776600000000,POST_BID,post_initial_bid,btc-updown-5m-1778776600,Down,0.5,20.0,,,,,,
1778776600000000,POST_BID,post_initial_bid,btc-updown-5m-1778776600,Down,0.5,20.0,,,,,,
1778776600000000,POST_BID,post_initial_bid,btc-updown-5m-1778776600,Up,0.5,20.0,,,,,,
1778776600000000,POST_BID,post_initial_bid,btc-updown-5m-1778776600,Down,0.5,20.0,,,,,,
1778776600000000,POST_BID,post_initial_bid,btc-updown-5m-1778776600,Up,0.5,20.0,,,,,,
1778776600000000,POST_BID,post_initial_bid,btc-updown-5m-1778776600,Up,0.5,20.0,,,,,,
1778776600000000,POST_BID,post_initial_bid,btc-updown-5m-1778776600,Down,0.5,20.0,,,,,,
1778776600000000,POST_BID,post_initial_bid,btc-updown-5m-1778776600,Up,0.5,20.0,,,,,,
1778776600000000,POST_BID,post_initial_bid,btc-updown-5m-1778776600,Down,0.5,20.0,,,,,,
1778776600000000,POST_BID,post_initial_bid,btc-updown-5m-1778776600,Up,0.5,20.0,,,,,,
1778776600000000,POST_BID,post_initial_bid,btc-updown-5m-1778776600,Up,0.5,20.0,,,,,,
1778776600000000,POST_BID,post_initial_bid,btc-updown-5m-1778776600,Up,0.5,20.0,,,,,,
1778776600000000,POST_BID,post_initial_bid,btc-updown-5m-1778776600,Down,0.5,20.0,,,,,,
1778776600000000,POST_BID,post_initial_bid,btc-updown-5m-1778776600,Down,0.5,20.0,,,,,,
1778776600000000,POST_BID,post_initial_bid,btc-updown-5m-1778776600,Up,0.5,20.0,,,,,,
1778776600000000,POST_BID,post_initial_bid,btc-updown-5m-1778776600,Down,0.5,20.0,,,,,,
1778776600000000,POST_BID,post_initial_bid,btc-updown-5m-1778776600,Up,0.5,20.0,,,,,,
1778776600000000,POST_BID,post_initial_bid,btc-updown-5m-1778776600,Up,0.5,20.0,,,,,,
1778776600000000,POST_BID,post_initial_bid,btc-updown-5m-1778776600,Down,0.5,20.0,,,,,,
1778776600000000,POST_BID,post_initial_bid,btc-updown-5m-1778776600,Down,0.5,20.0,,,,,,
1778776600000000,POST_BID,post_initial_bid,btc-updown-5m-1778776600,Up,0.5,20.0,,,,,,
1778776600000000,POST_BID,post_initial_bid,btc-updown-5m-1778776600,Up,0.5,20.0,,,,,,
1778776600000000,POST_BID,post_initial_bid,btc-updown-5m-1778776600,Down,0.5,20.0,,,,,,
1778776600000000,POST_BID,post_initial_bid,btc-updown-5m-1778776600,Up,0.5,20.0,,,,,,
1778776600000000,POST_BID,post_initial_bid,btc-updown-5m-1778776600,Up,0.5,20.0,,,,,,
1778776600000000,POST_BID,post_initial_bid,btc-updown-5m-1778776600,Down,0.5,20.0,,,,,,
1778776600000000,POST_BID,post_initial_bid,btc-updown-5m-1778776600,Up,0.5,20.0,,,,,,
1778776600000000,POST_BID,post_initial_bid,btc-updown-5m-1778776600,Down,0.5,20.0,,,,,,
1778776600000000,POST_BID,post_initial_bid,btc-updown-5m-1778776600,Down,0.5,20.0,,,,,,
1778776600000000,FILL,maker_bid_hit,btc-updown-5m-1778776600,Up,0.5,20.0,20.0,,,,,
1778776600000000,FILL,maker_bid_hit,btc-updown-5m-1778776600,Down,0.5,20.0,20.0,,,,,
1778776600000000,FILL,maker_bid_hit,btc-updown-5m-1778776600,Down,0.5,20.0,20.0,,,,,
1778776600000000,FILL,maker_bid_hit,btc-updown-5m-1778776600,Up,0.5,20.0,20.0,,,,,
1778776600000000,FILL,maker_bid_hit,btc-updown-5m-1778776600,Up,0.5,20.0,20.0,,,,,
1778776600000000,FILL,maker_bid_hit,btc-updown-5m-1778776600,Up,0.5,20.0,20.0,,,,,
1778776600000000,FILL,maker_bid_hit,btc-updown-5m-1778776600,Up,0.5,20.0,20.0,,,,,
1778776600000000,FILL,maker_bid_hit,btc-updown-5m-1778776600,Up,0.5,20.0,20.0,,,,,
1778776600000000,FILL,maker_bid_hit,btc-updown-5m-1778776600,Up,0.5,20.0,20.0,,,,,
1778776600000000,TAKE,pat_pair_cost=1.0003,btc-updown-5m-1778776600,BOTH,1.000291788354101,20.0,,,,20.0,20.0,1.000291788354101
1778776900000000,LOG_SLUG_COMPLETE,slug_resolved,btc-updown-5m-1778776600,,,,,Up,-4.8186,,,
1778776900000000,POST_BID,post_initial_bid,btc-updown-5m-1778776900,Up,0.5,20.0,,,,,,
1778776900000000,POST_BID,post_initial_bid,btc-updown-5m-1778776900,Up,0.5,20.0,,,,,,
1778776900000000,POST_BID,post_initial_bid,btc-updown-5m-1778776900,Down,0.5,20.0,,,,,,
1778776900000000,POST_BID,post_initial_bid,btc-updown-5m-1778776900,Up,0.5,20.0,,,,,,
1778776900000000,POST_BID,post_initial_bid,btc-updown-5m-1778776900,Up,0.5,20.0,,,,,,
1778776900000000,POST_BID,post_initial_bid,btc-updown-5m-1778776900,Down,0.5,20.0,,,,,,
1778776900000000,POST_BID,post_initial_bid,btc-updown-5m-1778776900,Up,0.5,20.0,,,,,,
1778776900000000,POST_BID,post_initial_bid,btc-updown-5m-1778776900,Up,0.5,20.0,,,,,,
1778776900000000,POST_BID,post_initial_bid,btc-updown-5m-1778776900,Up,0.5,20.0,,,,,,
1778776900000000,POST_BID,post_initial_bid,btc-updown-5m-1778776900,Up,0.5,20.0,,,,,,
1778776900000000,POST_BID,post_initial_bid,btc-updown-5m-1778776900,Up,0.5,20.0,,,,,,
1778776900000000,POST_BID,post_initial_bid,btc-updown-5m-1778776900,Down,0.5,20.0,,,,,,
1778776900000000,POST_BID,post_initial_bid,btc-updown-5m-1778776900,Down,0.5,20.0,,,,,,
1778776900000000,POST_BID,post_initial_bid,btc-updown-5m-1778776900,Up,0.5,20.0,,,,,,
1778776900000000,POST_BID,post_initial_bid,btc-updown-5m-1778776900,Up,0.5,20.0,,,,,,
1778776900000000,POST_BID,post_initial_bid,btc-updown-5m-1778776900,Down,0.5,20.0,,,,,,
1778776900000000,POST_BID,post_initial_bid,btc-updown-5m-1778776900,Down,0.5,20.0,,,,,,
1778776900000000,POST_BID,post_initial_bid,btc-updown-5m-1778776900,Up,0.5,20.0,,,,,,
1778776900000000,POST_BID,post_initial_bid,btc-updown-5m-1778776900,Up,0.5,20.0,,,,,,
1778776900000000,POST_BID,post_initial_bid,btc-updown-5m-1778776900,Down,0.5,20.0,,,,,,
1778776900000000,POST_BID,post_initial_bid,btc-updown-5m-1778776900,Down,0.5,20.0,,,,,,
1778776900000000,POST_BID,post_initial_bid,btc-updown-5m-1778776900,Up,0.5,20.0,,,,,,
1778776900000000,POST_BID,post_initial_bid,btc-updown-5m-1778776900,Down,0.5,20.0,,,,,,
1778776900000000,POST_BID,post_initial_bid,btc-updown-5m-1778776900,Down,0.5,20.0,,,,,,
1778776900000000,POST_BID,post_initial_bid,btc-updown-5m-1778776900,Up,0.5,20.0,,,,,,
1778776900000000,POST_BID,post_initial_bid,btc-updown-5m-1778776900,Down,0.5,20.0,,,,,,
1778776900000000,POST_BID,post_initial_bid,btc-updown-5m-1778776900,Down,0.5,20.0,,,,,,
1778776900000000,POST_BID,post_initial_bid,btc-updown-5m-1778776900,Down,0.5,20.0,,,,,,
1778776900000000,POST_BID,post_initial_bid,btc-updown-5m-1778776900,Down,0.5,20.0,,,,,,
1778776900000000,POST_BID,post_initial_bid,btc-updown-5m-1778776900,Down,0.5,20.0,,,,,,
1778776900000000,POST_BID,post_initial_bid,btc-updown-5m-1778776900,Down,0.5,20.0,,,,,,
1778776900000000,POST_BID,post_initial_bid,btc-updown-5m-1778776900,Up,0.5,20.0,,,,,,
1778776900000000,POST_BID,post_initial_bid,btc-updown-5m-1778776900,Down,0.5,20.0,,,,,,
1778776900000000,POST_BID,post_initial_bid,btc-updown-5m-1778776900,Down,0.5,20.0,,,,,,
1778776900000000,POST_BID,post_initial_bid,btc-updown-5m-1778776900,Up,0.5,20.0,,,,,,
1778776900000000,POST_BID,post_initial_bid,btc-updown-5m-1778776900,Down,0.5,20.0,,,,,,
1778776900000000,POST_BID,post_initial_bid,btc-updown-5m-1778776900,Up,0.5,20.0,,,,,,
1778776900000000,POST_BID,post_initial_bid,btc-updown-5m-1778776900,Up,0.5,20.0,,,,,,
1778776900000000,POST_BID,post_initial_bid,btc-updown-5m-1778776900,Up,0.5,20.0,,,,,,
1778776900000000,POST_BID,post_initial_bid,btc-updown-5m-1778776900,Down,0.5,20.0,,,,,,
1778776900000000,POST_BID,post_initial_bid,btc-updown-5m-1778776900,Up,0.5,20.0,,,,,,
1778776900000000,POST_BID,post_initial_bid,btc-updown-5m-1778776900,Up,0.5,20.0,,,,,,
1778776900000000,POST_BID,post_initial_bid,btc-updown-5m-1778776900,Up,0.5,20.0,,,,,,
1778776900000000,POST_BID,post_initial_bid,btc-updown-5m-1778776900,Up,0.5,20.0,,,,,,
1778776900000000,POST_BID,post_initial_bid,btc-updown-5m-1778776900,Down,0.5,20.0,,,,,,
1778776900000000,POST_BID,post_initial_bid,btc-updown-5m-1778776900,Up,0.5,20.0,,,,,,
1778776900000000,POST_BID,post_initial_bid,btc-updown-5m-1778776900,Down,0.5,20.0,,,,,,
1778776900000000,POST_BID,post_initial_bid,btc-updown-5m-1778776900,Down,0.5,20.0,,,,,,
1778776900000000,POST_BID,post_initial_bid,btc-updown-5m-1778776900,Down,0.5,20.0,,,,,,
1778776900000000,POST_BID,post_initial_bid,btc-updown-5m-1778776900,Up,0.5,20.0,,,,,,
1778776900000000,POST_BID,post_initial_bid,btc-updown-5m-1778776900,Down,0.5,20.0,,,,,,
1778776900000000,POST_BID,post_initial_bid,btc-updown-5m-1778776900,Down,0.5,20.0,,,,,,
1778776900000000,POST_BID,post_initial_bid,btc-updown-5m-1778776900,Up,0.5,20.0,,,,,,
1778776900000000,POST_BID,post_initial_bid,btc-updown-5m-1778776900,Up,0.5,20.0,,,,,,
1778776900000000,POST_BID,post_initial_bid,btc-updown-5m-1778776900,Down,0.5,20.0,,,,,,
1778776900000000,POST_BID,post_initial_bid,btc-updown-5m-1778776900,Down,0.5,20.0,,,,,,
1778776900000000,POST_BID,post_initial_bid,btc-updown-5m-1778776900,Down,0.5,20.0,,,,,,
1778776900000000,POST_BID,post_initial_bid,btc-updown-5m-1778776900,Up,0.5,20.0,,,,,,
1778776900000000,POST_BID,post_initial_bid,btc-updown-5m-1778776900,Up,0.5,20.0,,,,,,
1778776900000000,POST_BID,post_initial_bid,btc-updown-5m-1778776900,Up,0.5,20.0,,,,,,
1778776900000000,POST_BID,post_initial_bid,btc-updown-5m-1778776900,Down,0.5,20.0,,,,,,
1778776900000000,POST_BID,post_initial_bid,btc-updown-5m-1778776900,Up,0.5,20.0,,,,,,
1778776900000000,POST_BID,post_initial_bid,btc-updown-5m-1778776900,Up,0.5,20.0,,,,,,
1778776900000000,POST_BID,post_initial_bid,btc-updown-5m-1778776900,Down,0.5,20.0,,,,,,
1778776900000000,POST_BID,post_initial_bid,btc-updown-5m-1778776900,Down,0.5,20.0,,,,,,
1778776900000000,POST_BID,post_initial_bid,btc-updown-5m-1778776900,Up,0.5,20.0,,,,,,
1778776900000000,POST_BID,post_initial_bid,btc-updown-5m-1778776900,Up,0.5,20.0,,,,,,
1778776900000000,POST_BID,post_initial_bid,btc-updown-5m-1778776900,Down,0.5,20.0,,,,,,
1778776900000000,POST_BID,post_initial_bid,btc-updown-5m-1778776900,Up,0.5,20.0,,,,,,
1778776900000000,POST_BID,post_initial_bid,btc-updown-5m-1778776900,Up,0.5,20.0,,,,,,
1778776900000000,POST_BID,post_initial_bid,btc-updown-5m-1778776900,Down,0.5,20.0,,,,,,
1778776900000000,POST_BID,post_initial_bid,btc-updown-5m-1778776900,Up,0.5,20.0,,,,,,
1778776900000000,POST_BID,post_initial_bid,btc-updown-5m-1778776900,Down,0.5,20.0,,,,,,
1778776900000000,POST_BID,post_initial_bid,btc-updown-5m-1778776900,Down,0.5,20.0,,,,,,
1778776900000000,POST_BID,post_initial_bid,btc-updown-5m-1778776900,Up,0.5,20.0,,,,,,
1778776900000000,POST_BID,post_initial_bid,btc-updown-5m-1778776900,Down,0.5,20.0,,,,,,
1778776900000000,POST_BID,post_initial_bid,btc-updown-5m-1778776900,Down,0.5,20.0,,,,,,
1778776900000000,POST_BID,post_initial_bid,btc-updown-5m-1778776900,Up,0.5,20.0,,,,,,
1778776900000000,POST_BID,post_initial_bid,btc-updown-5m-1778776900,Down,0.5,20.0,,,,,,
1778776900000000,POST_BID,post_initial_bid,btc-updown-5m-1778776900,Up,0.5,20.0,,,,,,
1778776900000000,POST_BID,post_initial_bid,btc-updown-5m-1778776900,Up,0.5,20.0,,,,,,
1778776900000000,POST_BID,post_initial_bid,btc-updown-5m-1778776900,Up,0.5,20.0,,,,,,
1778776900000000,POST_BID,post_initial_bid,btc-updown-5m-1778776900,Up,0.5,20.0,,,,,,
1778776900000000,POST_BID,post_initial_bid,btc-updown-5m-1778776900,Down,0.5,20.0,,,,,,
1778776900000000,POST_BID,post_initial_bid,btc-updown-5m-1778776900,Down,0.5,20.0,,,,,,
1778776900000000,POST_BID,post_initial_bid,btc-updown-5m-1778776900,Down,0.5,20.0,,,,,,
1778776900000000,POST_BID,post_initial_bid,btc-updown-5m-1778776900,Down,0.5,20.0,,,,,,
1778776900000000,POST_BID,post_initial_bid,btc-updown-5m-1778776900,Up,0.5,20.0,,,,,,
1778776900000000,FILL,maker_bid_hit,btc-updown-5m-1778776900,Down,0.5,20.0,20.0,,,,,
1778776900000000,FILL,maker_bid_hit,btc-updown-5m-1778776900,Down,0.5,20.0,20.0,,,,,
1778776900000000,FILL,maker_bid_hit,btc-updown-5m-1778776900,Up,0.5,20.0,20.0,,,,,
1778776900000000,FILL,maker_bid_hit,btc-updown-5m-1778776900,Down,0.5,20.0,20.0,,,,,
1778776900000000,FILL,maker_bid_hit,btc-updown-5m-1778776900,Down,0.5,20.0,20.0,,,,,
1778776900000000,FILL,maker_bid_hit,btc-updown-5m-1778776900,Up,0.5,20.0,20.0,,,,,
1778776900000000,FILL,maker_bid_hit,btc-updown-5m-1778776900,Up,0.5,20.0,20.0,,,,,
1778776900000000,FILL,maker_bid_hit,btc-updown-5m-1778776900,Down,0.5,20.0,20.0,,,,,
1778776900000000,FILL,maker_bid_hit,btc-updown-5m-1778776900,Up,0.5,20.0,20.0,,,,,
1778776900000000,FILL,maker_bid_hit,btc-updown-5m-1778776900,Up,0.5,20.0,20.0,,,,,
1778776900000000,FILL,maker_bid_hit,btc-updown-5m-1778776900,Up,0.5,20.0,20.0,,,,,
1778776900000000,FILL,maker_bid_hit,btc-updown-5m-1778776900,Up,0.5,20.0,20.0,,,,,
1778776900000000,FILL,maker_bid_hit,btc-updown-5m-1778776900,Up,0.5,20.0,20.0,,,,,
1778776900000000,FILL,maker_bid_hit,btc-updown-5m-1778776900,Down,0.5,20.0,20.0,,,,,
1778776900000000,FILL,maker_bid_hit,btc-updown-5m-1778776900,Up,0.5,20.0,20.0,,,,,
1778776900000000,FILL,maker_bid_hit,btc-updown-5m-1778776900,Down,0.5,20.0,20.0,,,,,
1778776900000000,FILL,maker_bid_hit,btc-updown-5m-1778776900,Down,0.5,20.0,20.0,,,,,
1778776900000000,FILL,maker_bid_hit,btc-updown-5m-1778776900,Up,0.5,20.0,20.0,,,,,
1778776900000000,TAKE,pat_pair_cost=0.9572,btc-updown-5m-1778776900,BOTH,0.9572201174351954,20.0,,,,20.0,20.0,0.9572201174351954
1778777200000000,LOG_SLUG_COMPLETE,slug_resolved,btc-updown-5m-1778776900,,,,,Down,-3.0245,,,
1778777200000000,POST_BID,post_initial_bid,btc-updown-5m-1778777200,Down,0.5,20.0,,,,,,
1778777200000000,POST_BID,post_initial_bid,btc-updown-5m-1778777200,Down,0.5,20.0,,,,,,
1778777200000000,POST_BID,post_initial_bid,btc-updown-5m-1778777200,Down,0.5,20.0,,,,,,
1778777200000000,POST_BID,post_initial_bid,btc-updown-5m-1778777200,Down,0.5,20.0,,,,,,
1778777200000000,POST_BID,post_initial_bid,btc-updown-5m-1778777200,Down,0.5,20.0,,,,,,
1778777200000000,POST_BID,post_initial_bid,btc-updown-5m-1778777200,Down,0.5,20.0,,,,,,
1778777200000000,POST_BID,post_initial_bid,btc-updown-5m-1778777200,Down,0.5,20.0,,,,,,
1778777200000000,POST_BID,post_initial_bid,btc-updown-5m-1778777200,Up,0.5,20.0,,,,,,
1778777200000000,POST_BID,post_initial_bid,btc-updown-5m-1778777200,Down,0.5,20.0,,,,,,
1778777200000000,POST_BID,post_initial_bid,btc-updown-5m-1778777200,Down,0.5,20.0,,,,,,
1778777200000000,POST_BID,post_initial_bid,btc-updown-5m-1778777200,Up,0.5,20.0,,,,,,
1778777200000000,POST_BID,post_initial_bid,btc-updown-5m-1778777200,Up,0.5,20.0,,,,,,
1778777200000000,POST_BID,post_initial_bid,btc-updown-5m-1778777200,Up,0.5,20.0,,,,,,
1778777200000000,POST_BID,post_initial_bid,btc-updown-5m-1778777200,Down,0.5,20.0,,,,,,
1778777200000000,POST_BID,post_initial_bid,btc-updown-5m-1778777200,Up,0.5,20.0,,,,,,
1778777200000000,POST_BID,post_initial_bid,btc-updown-5m-1778777200,Down,0.5,20.0,,,,,,
1778777200000000,POST_BID,post_initial_bid,btc-updown-5m-1778777200,Down,0.5,20.0,,,,,,
1778777200000000,POST_BID,post_initial_bid,btc-updown-5m-1778777200,Down,0.5,20.0,,,,,,
1778777200000000,POST_BID,post_initial_bid,btc-updown-5m-1778777200,Up,0.5,20.0,,,,,,
1778777200000000,POST_BID,post_initial_bid,btc-updown-5m-1778777200,Up,0.5,20.0,,,,,,
1778777200000000,POST_BID,post_initial_bid,btc-updown-5m-1778777200,Up,0.5,20.0,,,,,,
1778777200000000,POST_BID,post_initial_bid,btc-updown-5m-1778777200,Down,0.5,20.0,,,,,,
1778777200000000,POST_BID,post_initial_bid,btc-updown-5m-1778777200,Up,0.5,20.0,,,,,,
1778777200000000,POST_BID,post_initial_bid,btc-updown-5m-1778777200,Down,0.5,20.0,,,,,,
1778777200000000,POST_BID,post_initial_bid,btc-updown-5m-1778777200,Down,0.5,20.0,,,,,,
1778777200000000,POST_BID,post_initial_bid,btc-updown-5m-1778777200,Up,0.5,20.0,,,,,,
1778777200000000,POST_BID,post_initial_bid,btc-updown-5m-1778777200,Up,0.5,20.0,,,,,,
1778777200000000,POST_BID,post_initial_bid,btc-updown-5m-1778777200,Up,0.5,20.0,,,,,,
1778777200000000,POST_BID,post_initial_bid,btc-updown-5m-1778777200,Down,0.5,20.0,,,,,,
1778777200000000,POST_BID,post_initial_bid,btc-updown-5m-1778777200,Down,0.5,20.0,,,,,,
1778777200000000,POST_BID,post_initial_bid,btc-updown-5m-1778777200,Up,0.5,20.0,,,,,,
1778777200000000,POST_BID,post_initial_bid,btc-updown-5m-1778777200,Up,0.5,20.0,,,,,,
1778777200000000,POST_BID,post_initial_bid,btc-updown-5m-1778777200,Up,0.5,20.0,,,,,,
1778777200000000,POST_BID,post_initial_bid,btc-updown-5m-1778777200,Down,0.5,20.0,,,,,,
1778777200000000,POST_BID,post_initial_bid,btc-updown-5m-1778777200,Up,0.5,20.0,,,,,,
1778777200000000,POST_BID,post_initial_bid,btc-updown-5m-1778777200,Down,0.5,20.0,,,,,,
1778777200000000,POST_BID,post_initial_bid,btc-updown-5m-1778777200,Up,0.5,20.0,,,,,,
1778777200000000,POST_BID,post_initial_bid,btc-updown-5m-1778777200,Down,0.5,20.0,,,,,,
1778777200000000,POST_BID,post_initial_bid,btc-updown-5m-1778777200,Down,0.5,20.0,,,,,,
1778777200000000,POST_BID,post_initial_bid,btc-updown-5m-1778777200,Up,0.5,20.0,,,,,,
1778777200000000,POST_BID,post_initial_bid,btc-updown-5m-1778777200,Up,0.5,20.0,,,,,,
1778777200000000,POST_BID,post_initial_bid,btc-updown-5m-1778777200,Up,0.5,20.0,,,,,,
1778777200000000,POST_BID,post_initial_bid,btc-updown-5m-1778777200,Down,0.5,20.0,,,,,,
1778777200000000,POST_BID,post_initial_bid,btc-updown-5m-1778777200,Up,0.5,20.0,,,,,,
1778777200000000,POST_BID,post_initial_bid,btc-updown-5m-1778777200,Up,0.5,20.0,,,,,,
1778777200000000,POST_BID,post_initial_bid,btc-updown-5m-1778777200,Up,0.5,20.0,,,,,,
1778777200000000,POST_BID,post_initial_bid,btc-updown-5m-1778777200,Up,0.5,20.0,,,,,,
1778777200000000,POST_BID,post_initial_bid,btc-updown-5m-1778777200,Down,0.5,20.0,,,,,,
1778777200000000,POST_BID,post_initial_bid,btc-updown-5m-1778777200,Down,0.5,20.0,,,,,,
1778777200000000,POST_BID,post_initial_bid,btc-updown-5m-1778777200,Down,0.5,20.0,,,,,,
1778777200000000,POST_BID,post_initial_bid,btc-updown-5m-1778777200,Up,0.5,20.0,,,,,,
1778777200000000,POST_BID,post_initial_bid,btc-updown-5m-1778777200,Down,0.5,20.0,,,,,,
1778777200000000,POST_BID,post_initial_bid,btc-updown-5m-1778777200,Up,0.5,20.0,,,,,,
1778777200000000,POST_BID,post_initial_bid,btc-updown-5m-1778777200,Down,0.5,20.0,,,,,,
1778777200000000,POST_BID,post_initial_bid,btc-updown-5m-1778777200,Down,0.5,20.0,,,,,,
1778777200000000,POST_BID,post_initial_bid,btc-updown-5m-1778777200,Down,0.5,20.0,,,,,,
1778777200000000,POST_BID,post_initial_bid,btc-updown-5m-1778777200,Up,0.5,20.0,,,,,,
1778777200000000,POST_BID,post_initial_bid,btc-updown-5m-1778777200,Up,0.5,20.0,,,,,,
1778777200000000,POST_BID,post_initial_bid,btc-updown-5m-1778777200,Up,0.5,20.0,,,,,,
1778777200000000,POST_BID,post_initial_bid,btc-updown-5m-1778777200,Down,0.5,20.0,,,,,,
1778777200000000,POST_BID,post_initial_bid,btc-updown-5m-1778777200,Up,0.5,20.0,,,,,,
1778777200000000,POST_BID,post_initial_bid,btc-updown-5m-1778777200,Up,0.5,20.0,,,,,,
1778777200000000,POST_BID,post_initial_bid,btc-updown-5m-1778777200,Up,0.5,20.0,,,,,,
1778777200000000,POST_BID,post_initial_bid,btc-updown-5m-1778777200,Up,0.5,20.0,,,,,,
1778777200000000,POST_BID,post_initial_bid,btc-updown-5m-1778777200,Up,0.5,20.0,,,,,,
1778777200000000,POST_BID,post_initial_bid,btc-updown-5m-1778777200,Down,0.5,20.0,,,,,,
1778777200000000,POST_BID,post_initial_bid,btc-updown-5m-1778777200,Down,0.5,20.0,,,,,,
1778777200000000,POST_BID,post_initial_bid,btc-updown-5m-1778777200,Down,0.5,20.0,,,,,,
1778777200000000,POST_BID,post_initial_bid,btc-updown-5m-1778777200,Down,0.5,20.0,,,,,,
1778777200000000,POST_BID,post_initial_bid,btc-updown-5m-1778777200,Down,0.5,20.0,,,,,,
1778777200000000,POST_BID,post_initial_bid,btc-updown-5m-1778777200,Down,0.5,20.0,,,,,,
1778777200000000,POST_BID,post_initial_bid,btc-updown-5m-1778777200,Down,0.5,20.0,,,,,,
1778777200000000,POST_BID,post_initial_bid,btc-updown-5m-1778777200,Down,0.5,20.0,,,,,,
1778777200000000,POST_BID,post_initial_bid,btc-updown-5m-1778777200,Down,0.5,20.0,,,,,,
1778777200000000,POST_BID,post_initial_bid,btc-updown-5m-1778777200,Up,0.5,20.0,,,,,,
1778777200000000,POST_BID,post_initial_bid,btc-updown-5m-1778777200,Up,0.5,20.0,,,,,,
1778777200000000,POST_BID,post_initial_bid,btc-updown-5m-1778777200,Up,0.5,20.0,,,,,,
1778777200000000,POST_BID,post_initial_bid,btc-updown-5m-1778777200,Up,0.5,20.0,,,,,,
1778777200000000,POST_BID,post_initial_bid,btc-updown-5m-1778777200,Down,0.5,20.0,,,,,,
1778777200000000,POST_BID,post_initial_bid,btc-updown-5m-1778777200,Up,0.5,20.0,,,,,,
1778777200000000,POST_BID,post_initial_bid,btc-updown-5m-1778777200,Up,0.5,20.0,,,,,,
1778777200000000,POST_BID,post_initial_bid,btc-updown-5m-1778777200,Down,0.5,20.0,,,,,,
1778777200000000,POST_BID,post_initial_bid,btc-updown-5m-1778777200,Up,0.5,20.0,,,,,,
1778777200000000,POST_BID,post_initial_bid,btc-updown-5m-1778777200,Down,0.5,20.0,,,,,,
1778777200000000,POST_BID,post_initial_bid,btc-updown-5m-1778777200,Up,0.5,20.0,,,,,,
1778777200000000,POST_BID,post_initial_bid,btc-updown-5m-1778777200,Down,0.5,20.0,,,,,,
1778777200000000,POST_BID,post_initial_bid,btc-updown-5m-1778777200,Down,0.5,20.0,,,,,,
1778777200000000,POST_BID,post_initial_bid,btc-updown-5m-1778777200,Down,0.5,20.0,,,,,,
1778777200000000,POST_BID,post_initial_bid,btc-updown-5m-1778777200,Up,0.5,20.0,,,,,,
1778777200000000,POST_BID,post_initial_bid,btc-updown-5m-1778777200,Up,0.5,20.0,,,,,,
1778777200000000,POST_BID,post_initial_bid,btc-updown-5m-1778777200,Down,0.5,20.0,,,,,,
1778777200000000,POST_BID,post_initial_bid,btc-updown-5m-1778777200,Up,0.5,20.0,,,,,,
1778777200000000,POST_BID,post_initial_bid,btc-updown-5m-1778777200,Down,0.5,20.0,,,,,,
1778777200000000,POST_BID,post_initial_bid,btc-updown-5m-1778777200,Down,0.5,20.0,,,,,,
1778777200000000,POST_BID,post_initial_bid,btc-updown-5m-1778777200,Down,0.5,20.0,,,,,,
1778777200000000,POST_BID,post_initial_bid,btc-updown-5m-1778777200,Down,0.5,20.0,,,,,,
1778777200000000,POST_BID,post_initial_bid,btc-updown-5m-1778777200,Down,0.5,20.0,,,,,,
1778777200000000,POST_BID,post_initial_bid,btc-updown-5m-1778777200,Up,0.5,20.0,,,,,,
1778777200000000,FILL,maker_bid_hit,btc-updown-5m-1778777200,Down,0.5,20.0,20.0,,,,,
1778777200000000,FILL,maker_bid_hit,btc-updown-5m-1778777200,Down,0.5,20.0,20.0,,,,,
1778777200000000,FILL,maker_bid_hit,btc-updown-5m-1778777200,Down,0.5,20.0,20.0,,,,,
1778777200000000,FILL,maker_bid_hit,btc-updown-5m-1778777200,Up,0.5,20.0,20.0,,,,,
1778777200000000,FILL,maker_bid_hit,btc-updown-5m-1778777200,Up,0.5,20.0,20.0,,,,,
1778777200000000,FILL,maker_bid_hit,btc-updown-5m-1778777200,Up,0.5,20.0,20.0,,,,,
1778777200000000,FILL,maker_bid_hit,btc-updown-5m-1778777200,Up,0.5,20.0,20.0,,,,,
1778777200000000,FILL,maker_bid_hit,btc-updown-5m-1778777200,Up,0.5,20.0,20.0,,,,,
1778777200000000,FILL,maker_bid_hit,btc-updown-5m-1778777200,Up,0.5,20.0,20.0,,,,,
1778777200000000,FILL,maker_bid_hit,btc-updown-5m-1778777200,Down,0.5,20.0,20.0,,,,,
1778777200000000,TAKE,pat_pair_cost=0.9626,btc-updown-5m-1778777200,BOTH,0.9625651403747945,20.0,,,,20.0,20.0,0.9625651403747945
1778777500000000,LOG_SLUG_COMPLETE,slug_resolved,btc-updown-5m-1778777200,,,,,Down,-0.6693,,,
1778777500000000,POST_BID,post_initial_bid,btc-updown-5m-1778777500,Up,0.5,20.0,,,,,,
1778777500000000,POST_BID,post_initial_bid,btc-updown-5m-1778777500,Up,0.5,20.0,,,,,,
1778777500000000,POST_BID,post_initial_bid,btc-updown-5m-1778777500,Down,0.5,20.0,,,,,,
1778777500000000,POST_BID,post_initial_bid,btc-updown-5m-1778777500,Up,0.5,20.0,,,,,,
1778777500000000,POST_BID,post_initial_bid,btc-updown-5m-1778777500,Down,0.5,20.0,,,,,,
1778777500000000,POST_BID,post_initial_bid,btc-updown-5m-1778777500,Down,0.5,20.0,,,,,,
1778777500000000,POST_BID,post_initial_bid,btc-updown-5m-1778777500,Down,0.5,20.0,,,,,,
1778777500000000,POST_BID,post_initial_bid,btc-updown-5m-1778777500,Up,0.5,20.0,,,,,,
1778777500000000,POST_BID,post_initial_bid,btc-updown-5m-1778777500,Down,0.5,20.0,,,,,,
1778777500000000,POST_BID,post_initial_bid,btc-updown-5m-1778777500,Down,0.5,20.0,,,,,,
1778777500000000,POST_BID,post_initial_bid,btc-updown-5m-1778777500,Down,0.5,20.0,,,,,,
1778777500000000,POST_BID,post_initial_bid,btc-updown-5m-1778777500,Up,0.5,20.0,,,,,,
1778777500000000,POST_BID,post_initial_bid,btc-updown-5m-1778777500,Up,0.5,20.0,,,,,,
1778777500000000,POST_BID,post_initial_bid,btc-updown-5m-1778777500,Up,0.5,20.0,,,,,,
1778777500000000,POST_BID,post_initial_bid,btc-updown-5m-1778777500,Up,0.5,20.0,,,,,,
1778777500000000,POST_BID,post_initial_bid,btc-updown-5m-1778777500,Up,0.5,20.0,,,,,,
1778777500000000,POST_BID,post_initial_bid,btc-updown-5m-1778777500,Up,0.5,20.0,,,,,,
1778777500000000,POST_BID,post_initial_bid,btc-updown-5m-1778777500,Up,0.5,20.0,,,,,,
1778777500000000,POST_BID,post_initial_bid,btc-updown-5m-1778777500,Down,0.5,20.0,,,,,,
1778777500000000,POST_BID,post_initial_bid,btc-updown-5m-1778777500,Up,0.5,20.0,,,,,,
1778777500000000,POST_BID,post_initial_bid,btc-updown-5m-1778777500,Down,0.5,20.0,,,,,,
1778777500000000,POST_BID,post_initial_bid,btc-updown-5m-1778777500,Up,0.5,20.0,,,,,,
1778777500000000,POST_BID,post_initial_bid,btc-updown-5m-1778777500,Up,0.5,20.0,,,,,,
1778777500000000,POST_BID,post_initial_bid,btc-updown-5m-1778777500,Down,0.5,20.0,,,,,,
1778777500000000,POST_BID,post_initial_bid,btc-updown-5m-1778777500,Down,0.5,20.0,,,,,,
1778777500000000,POST_BID,post_initial_bid,btc-updown-5m-1778777500,Down,0.5,20.0,,,,,,
1778777500000000,POST_BID,post_initial_bid,btc-updown-5m-1778777500,Up,0.5,20.0,,,,,,
1778777500000000,POST_BID,post_initial_bid,btc-updown-5m-1778777500,Up,0.5,20.0,,,,,,
1778777500000000,POST_BID,post_initial_bid,btc-updown-5m-1778777500,Up,0.5,20.0,,,,,,
1778777500000000,POST_BID,post_initial_bid,btc-updown-5m-1778777500,Down,0.5,20.0,,,,,,
1778777500000000,POST_BID,post_initial_bid,btc-updown-5m-1778777500,Down,0.5,20.0,,,,,,
1778777500000000,POST_BID,post_initial_bid,btc-updown-5m-1778777500,Down,0.5,20.0,,,,,,
1778777500000000,POST_BID,post_initial_bid,btc-updown-5m-1778777500,Up,0.5,20.0,,,,,,
1778777500000000,POST_BID,post_initial_bid,btc-updown-5m-1778777500,Down,0.5,20.0,,,,,,
1778777500000000,POST_BID,post_initial_bid,btc-updown-5m-1778777500,Up,0.5,20.0,,,,,,
1778777500000000,POST_BID,post_initial_bid,btc-updown-5m-1778777500,Up,0.5,20.0,,,,,,
1778777500000000,POST_BID,post_initial_bid,btc-updown-5m-1778777500,Up,0.5,20.0,,,,,,
1778777500000000,POST_BID,post_initial_bid,btc-updown-5m-1778777500,Down,0.5,20.0,,,,,,
1778777500000000,POST_BID,post_initial_bid,btc-updown-5m-1778777500,Up,0.5,20.0,,,,,,
1778777500000000,POST_BID,post_initial_bid,btc-updown-5m-1778777500,Down,0.5,20.0,,,,,,
1778777500000000,POST_BID,post_initial_bid,btc-updown-5m-1778777500,Up,0.5,20.0,,,,,,
1778777500000000,POST_BID,post_initial_bid,btc-updown-5m-1778777500,Up,0.5,20.0,,,,,,
1778777500000000,POST_BID,post_initial_bid,btc-updown-5m-1778777500,Up,0.5,20.0,,,,,,
1778777500000000,POST_BID,post_initial_bid,btc-updown-5m-1778777500,Up,0.5,20.0,,,,,,
1778777500000000,POST_BID,post_initial_bid,btc-updown-5m-1778777500,Up,0.5,20.0,,,,,,
1778777500000000,POST_BID,post_initial_bid,btc-updown-5m-1778777500,Down,0.5,20.0,,,,,,
1778777500000000,POST_BID,post_initial_bid,btc-updown-5m-1778777500,Down,0.5,20.0,,,,,,
1778777500000000,POST_BID,post_initial_bid,btc-updown-5m-1778777500,Down,0.5,20.0,,,,,,
1778777500000000,POST_BID,post_initial_bid,btc-updown-5m-1778777500,Up,0.5,20.0,,,,,,
1778777500000000,POST_BID,post_initial_bid,btc-updown-5m-1778777500,Down,0.5,20.0,,,,,,
1778777500000000,POST_BID,post_initial_bid,btc-updown-5m-1778777500,Down,0.5,20.0,,,,,,
1778777500000000,POST_BID,post_initial_bid,btc-updown-5m-1778777500,Up,0.5,20.0,,,,,,
1778777500000000,POST_BID,post_initial_bid,btc-updown-5m-1778777500,Up,0.5,20.0,,,,,,
1778777500000000,POST_BID,post_initial_bid,btc-updown-5m-1778777500,Up,0.5,20.0,,,,,,
1778777500000000,POST_BID,post_initial_bid,btc-updown-5m-1778777500,Down,0.5,20.0,,,,,,
1778777500000000,POST_BID,post_initial_bid,btc-updown-5m-1778777500,Down,0.5,20.0,,,,,,
1778777500000000,POST_BID,post_initial_bid,btc-updown-5m-1778777500,Up,0.5,20.0,,,,,,
1778777500000000,POST_BID,post_initial_bid,btc-updown-5m-1778777500,Up,0.5,20.0,,,,,,
1778777500000000,POST_BID,post_initial_bid,btc-updown-5m-1778777500,Down,0.5,20.0,,,,,,
1778777500000000,POST_BID,post_initial_bid,btc-updown-5m-1778777500,Up,0.5,20.0,,,,,,
1778777500000000,POST_BID,post_initial_bid,btc-updown-5m-1778777500,Down,0.5,20.0,,,,,,
1778777500000000,POST_BID,post_initial_bid,btc-updown-5m-1778777500,Down,0.5,20.0,,,,,,
1778777500000000,FILL,maker_bid_hit,btc-updown-5m-1778777500,Down,0.5,20.0,20.0,,,,,
1778777500000000,FILL,maker_bid_hit,btc-updown-5m-1778777500,Down,0.5,20.0,20.0,,,,,
1778777500000000,FILL,maker_bid_hit,btc-updown-5m-1778777500,Up,0.5,20.0,20.0,,,,,
1778777500000000,FILL,maker_bid_hit,btc-updown-5m-1778777500,Down,0.5,20.0,20.0,,,,,
1778777500000000,FILL,maker_bid_hit,btc-updown-5m-1778777500,Up,0.5,20.0,20.0,,,,,
1778777500000000,FILL,maker_bid_hit,btc-updown-5m-1778777500,Down,0.5,20.0,20.0,,,,,
1778777500000000,FILL,maker_bid_hit,btc-updown-5m-1778777500,Up,0.5,20.0,20.0,,,,,
1778777500000000,FILL,maker_bid_hit,btc-updown-5m-1778777500,Up,0.5,20.0,20.0,,,,,
1778777500000000,FILL,maker_bid_hit,btc-updown-5m-1778777500,Down,0.5,20.0,20.0,,,,,
1778777500000000,TAKE,pat_pair_cost=0.9488,btc-updown-5m-1778777500,BOTH,0.9488482406735512,20.0,,,,20.0,0.0,0.9488482406735512
1778777500000000,TAKE,pat_pair_cost=1.0141,btc-updown-5m-1778777500,BOTH,1.0140806941654263,20.0,,,,20.0,20.0,1.0140806941654263
1778777800000000,LOG_SLUG_COMPLETE,slug_resolved,btc-updown-5m-1778777500,,,,,Down,5.773,,,
1778777800000000,POST_BID,post_initial_bid,btc-updown-5m-1778777800,Up,0.5,20.0,,,,,,
1778777800000000,POST_BID,post_initial_bid,btc-updown-5m-1778777800,Down,0.5,20.0,,,,,,
1778777800000000,POST_BID,post_initial_bid,btc-updown-5m-1778777800,Up,0.5,20.0,,,,,,
1778777800000000,POST_BID,post_initial_bid,btc-updown-5m-1778777800,Up,0.5,20.0,,,,,,
1778777800000000,POST_BID,post_initial_bid,btc-updown-5m-1778777800,Up,0.5,20.0,,,,,,
1778777800000000,POST_BID,post_initial_bid,btc-updown-5m-1778777800,Down,0.5,20.0,,,,,,
1778777800000000,POST_BID,post_initial_bid,btc-updown-5m-1778777800,Down,0.5,20.0,,,,,,
1778777800000000,POST_BID,post_initial_bid,btc-updown-5m-1778777800,Up,0.5,20.0,,,,,,
1778777800000000,POST_BID,post_initial_bid,btc-updown-5m-1778777800,Up,0.5,20.0,,,,,,
1778777800000000,POST_BID,post_initial_bid,btc-updown-5m-1778777800,Up,0.5,20.0,,,,,,
1778777800000000,POST_BID,post_initial_bid,btc-updown-5m-1778777800,Down,0.5,20.0,,,,,,
1778777800000000,POST_BID,post_initial_bid,btc-updown-5m-1778777800,Up,0.5,20.0,,,,,,
1778777800000000,POST_BID,post_initial_bid,btc-updown-5m-1778777800,Down,0.5,20.0,,,,,,
1778777800000000,POST_BID,post_initial_bid,btc-updown-5m-1778777800,Up,0.5,20.0,,,,,,
1778777800000000,POST_BID,post_initial_bid,btc-updown-5m-1778777800,Up,0.5,20.0,,,,,,
1778777800000000,POST_BID,post_initial_bid,btc-updown-5m-1778777800,Up,0.5,20.0,,,,,,
1778777800000000,POST_BID,post_initial_bid,btc-updown-5m-1778777800,Up,0.5,20.0,,,,,,
1778777800000000,POST_BID,post_initial_bid,btc-updown-5m-1778777800,Down,0.5,20.0,,,,,,
1778777800000000,POST_BID,post_initial_bid,btc-updown-5m-1778777800,Up,0.5,20.0,,,,,,
1778777800000000,POST_BID,post_initial_bid,btc-updown-5m-1778777800,Up,0.5,20.0,,,,,,
1778777800000000,POST_BID,post_initial_bid,btc-updown-5m-1778777800,Up,0.5,20.0,,,,,,
1778777800000000,POST_BID,post_initial_bid,btc-updown-5m-1778777800,Up,0.5,20.0,,,,,,
1778777800000000,POST_BID,post_initial_bid,btc-updown-5m-1778777800,Down,0.5,20.0,,,,,,
1778777800000000,POST_BID,post_initial_bid,btc-updown-5m-1778777800,Down,0.5,20.0,,,,,,
1778777800000000,POST_BID,post_initial_bid,btc-updown-5m-1778777800,Up,0.5,20.0,,,,,,
1778777800000000,POST_BID,post_initial_bid,btc-updown-5m-1778777800,Up,0.5,20.0,,,,,,
1778777800000000,POST_BID,post_initial_bid,btc-updown-5m-1778777800,Down,0.5,20.0,,,,,,
1778777800000000,POST_BID,post_initial_bid,btc-updown-5m-1778777800,Up,0.5,20.0,,,,,,
1778777800000000,POST_BID,post_initial_bid,btc-updown-5m-1778777800,Down,0.5,20.0,,,,,,
1778777800000000,POST_BID,post_initial_bid,btc-updown-5m-1778777800,Up,0.5,20.0,,,,,,
1778777800000000,POST_BID,post_initial_bid,btc-updown-5m-1778777800,Up,0.5,20.0,,,,,,
1778777800000000,POST_BID,post_initial_bid,btc-updown-5m-1778777800,Up,0.5,20.0,,,,,,
1778777800000000,POST_BID,post_initial_bid,btc-updown-5m-1778777800,Up,0.5,20.0,,,,,,
1778777800000000,POST_BID,post_initial_bid,btc-updown-5m-1778777800,Up,0.5,20.0,,,,,,
1778777800000000,POST_BID,post_initial_bid,btc-updown-5m-1778777800,Down,0.5,20.0,,,,,,
1778777800000000,POST_BID,post_initial_bid,btc-updown-5m-1778777800,Up,0.5,20.0,,,,,,
1778777800000000,POST_BID,post_initial_bid,btc-updown-5m-1778777800,Down,0.5,20.0,,,,,,
1778777800000000,POST_BID,post_initial_bid,btc-updown-5m-1778777800,Up,0.5,20.0,,,,,,
1778777800000000,POST_BID,post_initial_bid,btc-updown-5m-1778777800,Up,0.5,20.0,,,,,,
1778777800000000,POST_BID,post_initial_bid,btc-updown-5m-1778777800,Up,0.5,20.0,,,,,,
1778777800000000,POST_BID,post_initial_bid,btc-updown-5m-1778777800,Up,0.5,20.0,,,,,,
1778777800000000,POST_BID,post_initial_bid,btc-updown-5m-1778777800,Down,0.5,20.0,,,,,,
1778777800000000,POST_BID,post_initial_bid,btc-updown-5m-1778777800,Down,0.5,20.0,,,,,,
1778777800000000,POST_BID,post_initial_bid,btc-updown-5m-1778777800,Down,0.5,20.0,,,,,,
1778777800000000,POST_BID,post_initial_bid,btc-updown-5m-1778777800,Down,0.5,20.0,,,,,,
1778777800000000,POST_BID,post_initial_bid,btc-updown-5m-1778777800,Up,0.5,20.0,,,,,,
1778777800000000,POST_BID,post_initial_bid,btc-updown-5m-1778777800,Down,0.5,20.0,,,,,,
1778777800000000,POST_BID,post_initial_bid,btc-updown-5m-1778777800,Up,0.5,20.0,,,,,,
1778777800000000,POST_BID,post_initial_bid,btc-updown-5m-1778777800,Up,0.5,20.0,,,,,,
1778777800000000,POST_BID,post_initial_bid,btc-updown-5m-1778777800,Up,0.5,20.0,,,,,,
1778777800000000,POST_BID,post_initial_bid,btc-updown-5m-1778777800,Up,0.5,20.0,,,,,,
1778777800000000,POST_BID,post_initial_bid,btc-updown-5m-1778777800,Down,0.5,20.0,,,,,,
1778777800000000,POST_BID,post_initial_bid,btc-updown-5m-1778777800,Up,0.5,20.0,,,,,,
1778777800000000,POST_BID,post_initial_bid,btc-updown-5m-1778777800,Down,0.5,20.0,,,,,,
1778777800000000,POST_BID,post_initial_bid,btc-updown-5m-1778777800,Down,0.5,20.0,,,,,,
1778777800000000,POST_BID,post_initial_bid,btc-updown-5m-1778777800,Up,0.5,20.0,,,,,,
1778777800000000,POST_BID,post_initial_bid,btc-updown-5m-1778777800,Down,0.5,20.0,,,,,,
1778777800000000,POST_BID,post_initial_bid,btc-updown-5m-1778777800,Down,0.5,20.0,,,,,,
1778777800000000,POST_BID,post_initial_bid,btc-updown-5m-1778777800,Up,0.5,20.0,,,,,,
1778777800000000,POST_BID,post_initial_bid,btc-updown-5m-1778777800,Up,0.5,20.0,,,,,,
1778777800000000,POST_BID,post_initial_bid,btc-updown-5m-1778777800,Down,0.5,20.0,,,,,,
1778777800000000,POST_BID,post_initial_bid,btc-updown-5m-1778777800,Up,0.5,20.0,,,,,,
1778777800000000,POST_BID,post_initial_bid,btc-updown-5m-1778777800,Down,0.5,20.0,,,,,,
1778777800000000,POST_BID,post_initial_bid,btc-updown-5m-1778777800,Down,0.5,20.0,,,,,,
1778777800000000,POST_BID,post_initial_bid,btc-updown-5m-1778777800,Down,0.5,20.0,,,,,,
1778777800000000,POST_BID,post_initial_bid,btc-updown-5m-1778777800,Down,0.5,20.0,,,,,,
1778777800000000,POST_BID,post_initial_bid,btc-updown-5m-1778777800,Down,0.5,20.0,,,,,,
1778777800000000,POST_BID,post_initial_bid,btc-updown-5m-1778777800,Down,0.5,20.0,,,,,,
1778777800000000,POST_BID,post_initial_bid,btc-updown-5m-1778777800,Up,0.5,20.0,,,,,,
1778777800000000,POST_BID,post_initial_bid,btc-updown-5m-1778777800,Up,0.5,20.0,,,,,,
1778777800000000,POST_BID,post_initial_bid,btc-updown-5m-1778777800,Down,0.5,20.0,,,,,,
1778777800000000,POST_BID,post_initial_bid,btc-updown-5m-1778777800,Up,0.5,20.0,,,,,,
1778777800000000,POST_BID,post_initial_bid,btc-updown-5m-1778777800,Up,0.5,20.0,,,,,,
1778777800000000,POST_BID,post_initial_bid,btc-updown-5m-1778777800,Up,0.5,20.0,,,,,,
1778777800000000,POST_BID,post_initial_bid,btc-updown-5m-1778777800,Up,0.5,20.0,,,,,,
1778777800000000,POST_BID,post_initial_bid,btc-updown-5m-1778777800,Up,0.5,20.0,,,,,,
1778777800000000,POST_BID,post_initial_bid,btc-updown-5m-1778777800,Down,0.5,20.0,,,,,,
1778777800000000,POST_BID,post_initial_bid,btc-updown-5m-1778777800,Down,0.5,20.0,,,,,,
1778777800000000,POST_BID,post_initial_bid,btc-updown-5m-1778777800,Down,0.5,20.0,,,,,,
1778777800000000,POST_BID,post_initial_bid,btc-updown-5m-1778777800,Down,0.5,20.0,,,,,,
1778777800000000,POST_BID,post_initial_bid,btc-updown-5m-1778777800,Up,0.5,20.0,,,,,,
1778777800000000,POST_BID,post_initial_bid,btc-updown-5m-1778777800,Down,0.5,20.0,,,,,,
1778777800000000,FILL,maker_bid_hit,btc-updown-5m-1778777800,Down,0.5,20.0,20.0,,,,,
1778777800000000,FILL,maker_bid_hit,btc-updown-5m-1778777800,Down,0.5,20.0,20.0,,,,,
1778777800000000,FILL,maker_bid_hit,btc-updown-5m-1778777800,Up,0.5,20.0,20.0,,,,,
1778777800000000,FILL,maker_bid_hit,btc-updown-5m-1778777800,Up,0.5,20.0,20.0,,,,,
1778777800000000,FILL,maker_bid_hit,btc-updown-5m-1778777800,Down,0.5,20.0,20.0,,,,,
1778777800000000,FILL,maker_bid_hit,btc-updown-5m-1778777800,Down,0.5,20.0,20.0,,,,,
1778777800000000,FILL,maker_bid_hit,btc-updown-5m-1778777800,Up,0.5,20.0,20.0,,,,,
1778777800000000,FILL,maker_bid_hit,btc-updown-5m-1778777800,Down,0.5,20.0,20.0,,,,,
1778777800000000,FILL,maker_bid_hit,btc-updown-5m-1778777800,Up,0.5,20.0,20.0,,,,,
1778777800000000,FILL,maker_bid_hit,btc-updown-5m-1778777800,Down,0.5,20.0,20.0,,,,,
1778777800000000,FILL,maker_bid_hit,btc-updown-5m-1778777800,Down,0.5,20.0,20.0,,,,,
1778777800000000,FILL,maker_bid_hit,btc-updown-5m-1778777800,Down,0.5,20.0,20.0,,,,,
1778777800000000,FILL,maker_bid_hit,btc-updown-5m-1778777800,Down,0.5,20.0,20.0,,,,,
1778777800000000,FILL,maker_bid_hit,btc-updown-5m-1778777800,Down,0.5,20.0,20.0,,,,,
1778778100000000,LOG_SLUG_COMPLETE,slug_resolved,btc-updown-5m-1778777800,,,,,Down,-6.6048,,,
1778778100000000,POST_BID,post_initial_bid,btc-updown-5m-1778778100,Down,0.5,20.0,,,,,,
1778778100000000,POST_BID,post_initial_bid,btc-updown-5m-1778778100,Up,0.5,20.0,,,,,,
1778778100000000,POST_BID,post_initial_bid,btc-updown-5m-1778778100,Down,0.5,20.0,,,,,,
1778778100000000,POST_BID,post_initial_bid,btc-updown-5m-1778778100,Up,0.5,20.0,,,,,,
1778778100000000,POST_BID,post_initial_bid,btc-updown-5m-1778778100,Up,0.5,20.0,,,,,,
1778778100000000,POST_BID,post_initial_bid,btc-updown-5m-1778778100,Up,0.5,20.0,,,,,,
1778778100000000,POST_BID,post_initial_bid,btc-updown-5m-1778778100,Up,0.5,20.0,,,,,,
1778778100000000,POST_BID,post_initial_bid,btc-updown-5m-1778778100,Up,0.5,20.0,,,,,,
1778778100000000,POST_BID,post_initial_bid,btc-updown-5m-1778778100,Up,0.5,20.0,,,,,,
1778778100000000,POST_BID,post_initial_bid,btc-updown-5m-1778778100,Down,0.5,20.0,,,,,,
1778778100000000,POST_BID,post_initial_bid,btc-updown-5m-1778778100,Up,0.5,20.0,,,,,,
1778778100000000,POST_BID,post_initial_bid,btc-updown-5m-1778778100,Down,0.5,20.0,,,,,,
1778778100000000,POST_BID,post_initial_bid,btc-updown-5m-1778778100,Down,0.5,20.0,,,,,,
1778778100000000,POST_BID,post_initial_bid,btc-updown-5m-1778778100,Down,0.5,20.0,,,,,,
1778778100000000,POST_BID,post_initial_bid,btc-updown-5m-1778778100,Down,0.5,20.0,,,,,,
1778778100000000,POST_BID,post_initial_bid,btc-updown-5m-1778778100,Down,0.5,20.0,,,,,,
1778778100000000,POST_BID,post_initial_bid,btc-updown-5m-1778778100,Down,0.5,20.0,,,,,,
1778778100000000,POST_BID,post_initial_bid,btc-updown-5m-1778778100,Up,0.5,20.0,,,,,,
1778778100000000,POST_BID,post_initial_bid,btc-updown-5m-1778778100,Down,0.5,20.0,,,,,,
1778778100000000,POST_BID,post_initial_bid,btc-updown-5m-1778778100,Up,0.5,20.0,,,,,,
1778778100000000,POST_BID,post_initial_bid,btc-updown-5m-1778778100,Up,0.5,20.0,,,,,,
1778778100000000,POST_BID,post_initial_bid,btc-updown-5m-1778778100,Down,0.5,20.0,,,,,,
1778778100000000,POST_BID,post_initial_bid,btc-updown-5m-1778778100,Down,0.5,20.0,,,,,,
1778778100000000,POST_BID,post_initial_bid,btc-updown-5m-1778778100,Down,0.5,20.0,,,,,,
1778778100000000,POST_BID,post_initial_bid,btc-updown-5m-1778778100,Up,0.5,20.0,,,,,,
1778778100000000,POST_BID,post_initial_bid,btc-updown-5m-1778778100,Up,0.5,20.0,,,,,,
1778778100000000,POST_BID,post_initial_bid,btc-updown-5m-1778778100,Up,0.5,20.0,,,,,,
1778778100000000,POST_BID,post_initial_bid,btc-updown-5m-1778778100,Down,0.5,20.0,,,,,,
1778778100000000,POST_BID,post_initial_bid,btc-updown-5m-1778778100,Up,0.5,20.0,,,,,,
1778778100000000,POST_BID,post_initial_bid,btc-updown-5m-1778778100,Down,0.5,20.0,,,,,,
1778778100000000,POST_BID,post_initial_bid,btc-updown-5m-1778778100,Down,0.5,20.0,,,,,,
1778778100000000,POST_BID,post_initial_bid,btc-updown-5m-1778778100,Down,0.5,20.0,,,,,,
1778778100000000,POST_BID,post_initial_bid,btc-updown-5m-1778778100,Up,0.5,20.0,,,,,,
1778778100000000,POST_BID,post_initial_bid,btc-updown-5m-1778778100,Down,0.5,20.0,,,,,,
1778778100000000,POST_BID,post_initial_bid,btc-updown-5m-1778778100,Down,0.5,20.0,,,,,,
1778778100000000,POST_BID,post_initial_bid,btc-updown-5m-1778778100,Up,0.5,20.0,,,,,,
1778778100000000,POST_BID,post_initial_bid,btc-updown-5m-1778778100,Down,0.5,20.0,,,,,,
1778778100000000,POST_BID,post_initial_bid,btc-updown-5m-1778778100,Down,0.5,20.0,,,,,,
1778778100000000,POST_BID,post_initial_bid,btc-updown-5m-1778778100,Up,0.5,20.0,,,,,,
1778778100000000,POST_BID,post_initial_bid,btc-updown-5m-1778778100,Up,0.5,20.0,,,,,,
1778778100000000,POST_BID,post_initial_bid,btc-updown-5m-1778778100,Down,0.5,20.0,,,,,,
1778778100000000,POST_BID,post_initial_bid,btc-updown-5m-1778778100,Up,0.5,20.0,,,,,,
1778778100000000,POST_BID,post_initial_bid,btc-updown-5m-1778778100,Down,0.5,20.0,,,,,,
1778778100000000,POST_BID,post_initial_bid,btc-updown-5m-1778778100,Down,0.5,20.0,,,,,,
1778778100000000,POST_BID,post_initial_bid,btc-updown-5m-1778778100,Up,0.5,20.0,,,,,,
1778778100000000,POST_BID,post_initial_bid,btc-updown-5m-1778778100,Down,0.5,20.0,,,,,,
1778778100000000,POST_BID,post_initial_bid,btc-updown-5m-1778778100,Up,0.5,20.0,,,,,,
1778778100000000,POST_BID,post_initial_bid,btc-updown-5m-1778778100,Down,0.5,20.0,,,,,,
1778778100000000,POST_BID,post_initial_bid,btc-updown-5m-1778778100,Up,0.5,20.0,,,,,,
1778778100000000,POST_BID,post_initial_bid,btc-updown-5m-1778778100,Up,0.5,20.0,,,,,,
1778778100000000,POST_BID,post_initial_bid,btc-updown-5m-1778778100,Down,0.5,20.0,,,,,,
1778778100000000,POST_BID,post_initial_bid,btc-updown-5m-1778778100,Up,0.5,20.0,,,,,,
1778778100000000,POST_BID,post_initial_bid,btc-updown-5m-1778778100,Down,0.5,20.0,,,,,,
1778778100000000,POST_BID,post_initial_bid,btc-updown-5m-1778778100,Up,0.5,20.0,,,,,,
1778778100000000,POST_BID,post_initial_bid,btc-updown-5m-1778778100,Up,0.5,20.0,,,,,,
1778778100000000,POST_BID,post_initial_bid,btc-updown-5m-1778778100,Down,0.5,20.0,,,,,,
1778778100000000,POST_BID,post_initial_bid,btc-updown-5m-1778778100,Up,0.5,20.0,,,,,,
1778778100000000,POST_BID,post_initial_bid,btc-updown-5m-1778778100,Down,0.5,20.0,,,,,,
1778778100000000,POST_BID,post_initial_bid,btc-updown-5m-1778778100,Down,0.5,20.0,,,,,,
1778778100000000,POST_BID,post_initial_bid,btc-updown-5m-1778778100,Down,0.5,20.0,,,,,,
1778778100000000,POST_BID,post_initial_bid,btc-updown-5m-1778778100,Up,0.5,20.0,,,,,,
1778778100000000,POST_BID,post_initial_bid,btc-updown-5m-1778778100,Up,0.5,20.0,,,,,,
1778778100000000,POST_BID,post_initial_bid,btc-updown-5m-1778778100,Up,0.5,20.0,,,,,,
1778778100000000,POST_BID,post_initial_bid,btc-updown-5m-1778778100,Down,0.5,20.0,,,,,,
1778778100000000,POST_BID,post_initial_bid,btc-updown-5m-1778778100,Up,0.5,20.0,,,,,,
1778778100000000,POST_BID,post_initial_bid,btc-updown-5m-1778778100,Up,0.5,20.0,,,,,,
1778778100000000,POST_BID,post_initial_bid,btc-updown-5m-1778778100,Down,0.5,20.0,,,,,,
1778778100000000,POST_BID,post_initial_bid,btc-updown-5m-1778778100,Down,0.5,20.0,,,,,,
1778778100000000,POST_BID,post_initial_bid,btc-updown-5m-1778778100,Up,0.5,20.0,,,,,,
1778778100000000,POST_BID,post_initial_bid,btc-updown-5m-1778778100,Up,0.5,20.0,,,,,,
1778778100000000,POST_BID,post_initial_bid,btc-updown-5m-1778778100,Up,0.5,20.0,,,,,,
1778778100000000,POST_BID,post_initial_bid,btc-updown-5m-1778778100,Up,0.5,20.0,,,,,,
1778778100000000,POST_BID,post_initial_bid,btc-updown-5m-1778778100,Down,0.5,20.0,,,,,,
1778778100000000,POST_BID,post_initial_bid,btc-updown-5m-1778778100,Up,0.5,20.0,,,,,,
1778778100000000,POST_BID,post_initial_bid,btc-updown-5m-1778778100,Down,0.5,20.0,,,,,,
1778778100000000,POST_BID,post_initial_bid,btc-updown-5m-1778778100,Down,0.5,20.0,,,,,,
1778778100000000,POST_BID,post_initial_bid,btc-updown-5m-1778778100,Down,0.5,20.0,,,,,,
1778778100000000,POST_BID,post_initial_bid,btc-updown-5m-1778778100,Down,0.5,20.0,,,,,,
1778778100000000,POST_BID,post_initial_bid,btc-updown-5m-1778778100,Down,0.5,20.0,,,,,,
1778778100000000,POST_BID,post_initial_bid,btc-updown-5m-1778778100,Down,0.5,20.0,,,,,,
1778778100000000,POST_BID,post_initial_bid,btc-updown-5m-1778778100,Up,0.5,20.0,,,,,,
1778778100000000,POST_BID,post_initial_bid,btc-updown-5m-1778778100,Down,0.5,20.0,,,,,,
1778778100000000,POST_BID,post_initial_bid,btc-updown-5m-1778778100,Up,0.5,20.0,,,,,,
1778778100000000,POST_BID,post_initial_bid,btc-updown-5m-1778778100,Up,0.5,20.0,,,,,,
1778778100000000,POST_BID,post_initial_bid,btc-updown-5m-1778778100,Down,0.5,20.0,,,,,,
1778778100000000,POST_BID,post_initial_bid,btc-updown-5m-1778778100,Up,0.5,20.0,,,,,,
1778778100000000,POST_BID,post_initial_bid,btc-updown-5m-1778778100,Up,0.5,20.0,,,,,,
1778778100000000,FILL,maker_bid_hit,btc-updown-5m-1778778100,Down,0.5,20.0,20.0,,,,,
1778778100000000,FILL,maker_bid_hit,btc-updown-5m-1778778100,Down,0.5,20.0,20.0,,,,,
1778778100000000,FILL,maker_bid_hit,btc-updown-5m-1778778100,Down,0.5,20.0,20.0,,,,,
1778778100000000,FILL,maker_bid_hit,btc-updown-5m-1778778100,Down,0.5,20.0,20.0,,,,,
1778778100000000,FILL,maker_bid_hit,btc-updown-5m-1778778100,Down,0.5,20.0,20.0,,,,,
1778778100000000,FILL,maker_bid_hit,btc-updown-5m-1778778100,Down,0.5,20.0,20.0,,,,,
1778778100000000,FILL,maker_bid_hit,btc-updown-5m-1778778100,Down,0.5,20.0,20.0,,,,,
1778778100000000,FILL,maker_bid_hit,btc-updown-5m-1778778100,Down,0.5,20.0,20.0,,,,,
1778778100000000,FILL,maker_bid_hit,btc-updown-5m-1778778100,Up,0.5,20.0,20.0,,,,,
1778778100000000,FILL,maker_bid_hit,btc-updown-5m-1778778100,Up,0.5,20.0,20.0,,,,,
1778778100000000,FILL,maker_bid_hit,btc-updown-5m-1778778100,Up,0.5,20.0,20.0,,,,,
1778778100000000,FILL,maker_bid_hit,btc-updown-5m-1778778100,Up,0.5,20.0,20.0,,,,,
1778778100000000,TAKE,pat_pair_cost=1.0286,btc-updown-5m-1778778100,BOTH,1.0285733184621493,20.0,,,,20.0,0.0,1.0285733184621493
1778778400000000,LOG_SLUG_COMPLETE,slug_resolved,btc-updown-5m-1778778100,,,,,Up,-2.9003,,,
1778778400000000,POST_BID,post_initial_bid,btc-updown-5m-1778778400,Down,0.5,20.0,,,,,,
1778778400000000,POST_BID,post_initial_bid,btc-updown-5m-1778778400,Down,0.5,20.0,,,,,,
1778778400000000,POST_BID,post_initial_bid,btc-updown-5m-1778778400,Up,0.5,20.0,,,,,,
1778778400000000,POST_BID,post_initial_bid,btc-updown-5m-1778778400,Up,0.5,20.0,,,,,,
1778778400000000,POST_BID,post_initial_bid,btc-updown-5m-1778778400,Down,0.5,20.0,,,,,,
1778778400000000,POST_BID,post_initial_bid,btc-updown-5m-1778778400,Up,0.5,20.0,,,,,,
1778778400000000,POST_BID,post_initial_bid,btc-updown-5m-1778778400,Down,0.5,20.0,,,,,,
1778778400000000,POST_BID,post_initial_bid,btc-updown-5m-1778778400,Down,0.5,20.0,,,,,,
1778778400000000,POST_BID,post_initial_bid,btc-updown-5m-1778778400,Down,0.5,20.0,,,,,,
1778778400000000,POST_BID,post_initial_bid,btc-updown-5m-1778778400,Down,0.5,20.0,,,,,,
1778778400000000,POST_BID,post_initial_bid,btc-updown-5m-1778778400,Down,0.5,20.0,,,,,,
1778778400000000,POST_BID,post_initial_bid,btc-updown-5m-1778778400,Down,0.5,20.0,,,,,,
1778778400000000,POST_BID,post_initial_bid,btc-updown-5m-1778778400,Down,0.5,20.0,,,,,,
1778778400000000,POST_BID,post_initial_bid,btc-updown-5m-1778778400,Down,0.5,20.0,,,,,,
1778778400000000,POST_BID,post_initial_bid,btc-updown-5m-1778778400,Down,0.5,20.0,,,,,,
1778778400000000,POST_BID,post_initial_bid,btc-updown-5m-1778778400,Up,0.5,20.0,,,,,,
1778778400000000,POST_BID,post_initial_bid,btc-updown-5m-1778778400,Down,0.5,20.0,,,,,,
1778778400000000,POST_BID,post_initial_bid,btc-updown-5m-1778778400,Down,0.5,20.0,,,,,,
1778778400000000,POST_BID,post_initial_bid,btc-updown-5m-1778778400,Up,0.5,20.0,,,,,,
1778778400000000,POST_BID,post_initial_bid,btc-updown-5m-1778778400,Up,0.5,20.0,,,,,,
1778778400000000,POST_BID,post_initial_bid,btc-updown-5m-1778778400,Down,0.5,20.0,,,,,,
1778778400000000,POST_BID,post_initial_bid,btc-updown-5m-1778778400,Up,0.5,20.0,,,,,,
1778778400000000,POST_BID,post_initial_bid,btc-updown-5m-1778778400,Down,0.5,20.0,,,,,,
1778778400000000,POST_BID,post_initial_bid,btc-updown-5m-1778778400,Down,0.5,20.0,,,,,,
1778778400000000,POST_BID,post_initial_bid,btc-updown-5m-1778778400,Down,0.5,20.0,,,,,,
1778778400000000,POST_BID,post_initial_bid,btc-updown-5m-1778778400,Up,0.5,20.0,,,,,,
1778778400000000,POST_BID,post_initial_bid,btc-updown-5m-1778778400,Down,0.5,20.0,,,,,,
1778778400000000,POST_BID,post_initial_bid,btc-updown-5m-1778778400,Up,0.5,20.0,,,,,,
1778778400000000,POST_BID,post_initial_bid,btc-updown-5m-1778778400,Down,0.5,20.0,,,,,,
1778778400000000,POST_BID,post_initial_bid,btc-updown-5m-1778778400,Up,0.5,20.0,,,,,,
1778778400000000,POST_BID,post_initial_bid,btc-updown-5m-1778778400,Down,0.5,20.0,,,,,,
1778778400000000,POST_BID,post_initial_bid,btc-updown-5m-1778778400,Up,0.5,20.0,,,,,,
1778778400000000,POST_BID,post_initial_bid,btc-updown-5m-1778778400,Up,0.5,20.0,,,,,,
1778778400000000,POST_BID,post_initial_bid,btc-updown-5m-1778778400,Up,0.5,20.0,,,,,,
1778778400000000,POST_BID,post_initial_bid,btc-updown-5m-1778778400,Down,0.5,20.0,,,,,,
1778778400000000,POST_BID,post_initial_bid,btc-updown-5m-1778778400,Down,0.5,20.0,,,,,,
1778778400000000,POST_BID,post_initial_bid,btc-updown-5m-1778778400,Up,0.5,20.0,,,,,,
1778778400000000,POST_BID,post_initial_bid,btc-updown-5m-1778778400,Down,0.5,20.0,,,,,,
1778778400000000,POST_BID,post_initial_bid,btc-updown-5m-1778778400,Down,0.5,20.0,,,,,,
1778778400000000,POST_BID,post_initial_bid,btc-updown-5m-1778778400,Down,0.5,20.0,,,,,,
1778778400000000,POST_BID,post_initial_bid,btc-updown-5m-1778778400,Down,0.5,20.0,,,,,,
1778778400000000,POST_BID,post_initial_bid,btc-updown-5m-1778778400,Down,0.5,20.0,,,,,,
1778778400000000,POST_BID,post_initial_bid,btc-updown-5m-1778778400,Up,0.5,20.0,,,,,,
1778778400000000,POST_BID,post_initial_bid,btc-updown-5m-1778778400,Up,0.5,20.0,,,,,,
1778778400000000,POST_BID,post_initial_bid,btc-updown-5m-1778778400,Down,0.5,20.0,,,,,,
1778778400000000,POST_BID,post_initial_bid,btc-updown-5m-1778778400,Down,0.5,20.0,,,,,,
1778778400000000,POST_BID,post_initial_bid,btc-updown-5m-1778778400,Up,0.5,20.0,,,,,,
1778778400000000,POST_BID,post_initial_bid,btc-updown-5m-1778778400,Down,0.5,20.0,,,,,,
1778778400000000,POST_BID,post_initial_bid,btc-updown-5m-1778778400,Down,0.5,20.0,,,,,,
1778778400000000,POST_BID,post_initial_bid,btc-updown-5m-1778778400,Up,0.5,20.0,,,,,,
1778778400000000,POST_BID,post_initial_bid,btc-updown-5m-1778778400,Up,0.5,20.0,,,,,,
1778778400000000,POST_BID,post_initial_bid,btc-updown-5m-1778778400,Up,0.5,20.0,,,,,,
1778778400000000,POST_BID,post_initial_bid,btc-updown-5m-1778778400,Down,0.5,20.0,,,,,,
1778778400000000,POST_BID,post_initial_bid,btc-updown-5m-1778778400,Down,0.5,20.0,,,,,,
1778778400000000,POST_BID,post_initial_bid,btc-updown-5m-1778778400,Up,0.5,20.0,,,,,,
1778778400000000,POST_BID,post_initial_bid,btc-updown-5m-1778778400,Down,0.5,20.0,,,,,,
1778778400000000,POST_BID,post_initial_bid,btc-updown-5m-1778778400,Up,0.5,20.0,,,,,,
1778778400000000,POST_BID,post_initial_bid,btc-updown-5m-1778778400,Down,0.5,20.0,,,,,,
1778778400000000,POST_BID,post_initial_bid,btc-updown-5m-1778778400,Up,0.5,20.0,,,,,,
1778778400000000,POST_BID,post_initial_bid,btc-updown-5m-1778778400,Down,0.5,20.0,,,,,,
1778778400000000,POST_BID,post_initial_bid,btc-updown-5m-1778778400,Up,0.5,20.0,,,,,,
1778778400000000,POST_BID,post_initial_bid,btc-updown-5m-1778778400,Down,0.5,20.0,,,,,,
1778778400000000,POST_BID,post_initial_bid,btc-updown-5m-1778778400,Down,0.5,20.0,,,,,,
1778778400000000,POST_BID,post_initial_bid,btc-updown-5m-1778778400,Up,0.5,20.0,,,,,,
1778778400000000,POST_BID,post_initial_bid,btc-updown-5m-1778778400,Down,0.5,20.0,,,,,,
1778778400000000,POST_BID,post_initial_bid,btc-updown-5m-1778778400,Up,0.5,20.0,,,,,,
1778778400000000,POST_BID,post_initial_bid,btc-updown-5m-1778778400,Down,0.5,20.0,,,,,,
1778778400000000,POST_BID,post_initial_bid,btc-updown-5m-1778778400,Up,0.5,20.0,,,,,,
1778778400000000,POST_BID,post_initial_bid,btc-updown-5m-1778778400,Down,0.5,20.0,,,,,,
1778778400000000,POST_BID,post_initial_bid,btc-updown-5m-1778778400,Up,0.5,20.0,,,,,,
1778778400000000,POST_BID,post_initial_bid,btc-updown-5m-1778778400,Up,0.5,20.0,,,,,,
1778778400000000,POST_BID,post_initial_bid,btc-updown-5m-1778778400,Up,0.5,20.0,,,,,,
1778778400000000,POST_BID,post_initial_bid,btc-updown-5m-1778778400,Down,0.5,20.0,,,,,,
1778778400000000,POST_BID,post_initial_bid,btc-updown-5m-1778778400,Down,0.5,20.0,,,,,,
1778778400000000,POST_BID,post_initial_bid,btc-updown-5m-1778778400,Up,0.5,20.0,,,,,,
1778778400000000,POST_BID,post_initial_bid,btc-updown-5m-1778778400,Up,0.5,20.0,,,,,,
1778778400000000,POST_BID,post_initial_bid,btc-updown-5m-1778778400,Down,0.5,20.0,,,,,,
1778778400000000,POST_BID,post_initial_bid,btc-updown-5m-1778778400,Up,0.5,20.0,,,,,,
1778778400000000,POST_BID,post_initial_bid,btc-updown-5m-1778778400,Up,0.5,20.0,,,,,,
1778778400000000,POST_BID,post_initial_bid,btc-updown-5m-1778778400,Down,0.5,20.0,,,,,,
1778778400000000,POST_BID,post_initial_bid,btc-updown-5m-1778778400,Down,0.5,20.0,,,,,,
1778778400000000,POST_BID,post_initial_bid,btc-updown-5m-1778778400,Down,0.5,20.0,,,,,,
1778778400000000,POST_BID,post_initial_bid,btc-updown-5m-1778778400,Down,0.5,20.0,,,,,,
1778778400000000,POST_BID,post_initial_bid,btc-updown-5m-1778778400,Up,0.5,20.0,,,,,,
1778778400000000,POST_BID,post_initial_bid,btc-updown-5m-1778778400,Down,0.5,20.0,,,,,,
1778778400000000,POST_BID,post_initial_bid,btc-updown-5m-1778778400,Down,0.5,20.0,,,,,,
1778778400000000,POST_BID,post_initial_bid,btc-updown-5m-1778778400,Down,0.5,20.0,,,,,,
1778778400000000,POST_BID,post_initial_bid,btc-updown-5m-1778778400,Down,0.5,20.0,,,,,,
1778778400000000,POST_BID,post_initial_bid,btc-updown-5m-1778778400,Up,0.5,20.0,,,,,,
1778778400000000,POST_BID,post_initial_bid,btc-updown-5m-1778778400,Down,0.5,20.0,,,,,,
1778778400000000,POST_BID,post_initial_bid,btc-updown-5m-1778778400,Up,0.5,20.0,,,,,,
1778778400000000,POST_BID,post_initial_bid,btc-updown-5m-1778778400,Up,0.5,20.0,,,,,,
1778778400000000,POST_BID,post_initial_bid,btc-updown-5m-1778778400,Down,0.5,20.0,,,,,,
1778778400000000,POST_BID,post_initial_bid,btc-updown-5m-1778778400,Down,0.5,20.0,,,,,,
1778778400000000,POST_BID,post_initial_bid,btc-updown-5m-1778778400,Down,0.5,20.0,,,,,,
1778778400000000,FILL,maker_bid_hit,btc-updown-5m-1778778400,Down,0.5,20.0,20.0,,,,,
1778778400000000,FILL,maker_bid_hit,btc-updown-5m-1778778400,Up,0.5,20.0,20.0,,,,,
1778778400000000,FILL,maker_bid_hit,btc-updown-5m-1778778400,Up,0.5,20.0,20.0,,,,,
1778778400000000,FILL,maker_bid_hit,btc-updown-5m-1778778400,Up,0.5,20.0,20.0,,,,,
1778778400000000,FILL,maker_bid_hit,btc-updown-5m-1778778400,Up,0.5,20.0,20.0,,,,,
1778778400000000,FILL,maker_bid_hit,btc-updown-5m-1778778400,Up,0.5,20.0,20.0,,,,,
1778778400000000,FILL,maker_bid_hit,btc-updown-5m-1778778400,Up,0.5,20.0,20.0,,,,,
1778778400000000,FILL,maker_bid_hit,btc-updown-5m-1778778400,Down,0.5,20.0,20.0,,,,,
1778778400000000,FILL,maker_bid_hit,btc-updown-5m-1778778400,Down,0.5,20.0,20.0,,,,,
1778778400000000,FILL,maker_bid_hit,btc-updown-5m-1778778400,Down,0.5,20.0,20.0,,,,,
1778778400000000,FILL,maker_bid_hit,btc-updown-5m-1778778400,Up,0.5,20.0,20.0,,,,,
1778778400000000,FILL,maker_bid_hit,btc-updown-5m-1778778400,Down,0.5,20.0,20.0,,,,,
1778778400000000,FILL,maker_bid_hit,btc-updown-5m-1778778400,Down,0.5,20.0,20.0,,,,,
1778778400000000,FILL,maker_bid_hit,btc-updown-5m-1778778400,Up,0.5,20.0,20.0,,,,,
1778778400000000,FILL,maker_bid_hit,btc-updown-5m-1778778400,Up,0.5,20.0,20.0,,,,,
1778778400000000,FILL,maker_bid_hit,btc-updown-5m-1778778400,Up,0.5,20.0,20.0,,,,,
1778778400000000,FILL,maker_bid_hit,btc-updown-5m-1778778400,Up,0.5,20.0,20.0,,,,,
1778778400000000,FILL,maker_bid_hit,btc-updown-5m-1778778400,Down,0.5,20.0,20.0,,,,,
1778778400000000,TAKE,pat_pair_cost=0.9608,btc-updown-5m-1778778400,BOTH,0.9608394631236266,20.0,,,,20.0,20.0,0.9608394631236266
1778778400000000,TAKE,pat_pair_cost=0.9809,btc-updown-5m-1778778400,BOTH,0.9809423723768718,20.0,,,,20.0,20.0,0.9809423723768718
1778778700000000,LOG_SLUG_COMPLETE,slug_resolved,btc-updown-5m-1778778400,,,,,Down,5.4879,,,
1778778700000000,POST_BID,post_initial_bid,btc-updown-5m-1778778700,Up,0.5,20.0,,,,,,
1778778700000000,POST_BID,post_initial_bid,btc-updown-5m-1778778700,Down,0.5,20.0,,,,,,
1778778700000000,POST_BID,post_initial_bid,btc-updown-5m-1778778700,Down,0.5,20.0,,,,,,
1778778700000000,POST_BID,post_initial_bid,btc-updown-5m-1778778700,Up,0.5,20.0,,,,,,
1778778700000000,POST_BID,post_initial_bid,btc-updown-5m-1778778700,Down,0.5,20.0,,,,,,
1778778700000000,POST_BID,post_initial_bid,btc-updown-5m-1778778700,Up,0.5,20.0,,,,,,
1778778700000000,POST_BID,post_initial_bid,btc-updown-5m-1778778700,Up,0.5,20.0,,,,,,
1778778700000000,POST_BID,post_initial_bid,btc-updown-5m-1778778700,Up,0.5,20.0,,,,,,
1778778700000000,POST_BID,post_initial_bid,btc-updown-5m-1778778700,Down,0.5,20.0,,,,,,
1778778700000000,POST_BID,post_initial_bid,btc-updown-5m-1778778700,Up,0.5,20.0,,,,,,
1778778700000000,POST_BID,post_initial_bid,btc-updown-5m-1778778700,Down,0.5,20.0,,,,,,
1778778700000000,POST_BID,post_initial_bid,btc-updown-5m-1778778700,Down,0.5,20.0,,,,,,
1778778700000000,POST_BID,post_initial_bid,btc-updown-5m-1778778700,Up,0.5,20.0,,,,,,
1778778700000000,POST_BID,post_initial_bid,btc-updown-5m-1778778700,Down,0.5,20.0,,,,,,
1778778700000000,POST_BID,post_initial_bid,btc-updown-5m-1778778700,Down,0.5,20.0,,,,,,
1778778700000000,POST_BID,post_initial_bid,btc-updown-5m-1778778700,Up,0.5,20.0,,,,,,
1778778700000000,POST_BID,post_initial_bid,btc-updown-5m-1778778700,Up,0.5,20.0,,,,,,
1778778700000000,POST_BID,post_initial_bid,btc-updown-5m-1778778700,Up,0.5,20.0,,,,,,
1778778700000000,POST_BID,post_initial_bid,btc-updown-5m-1778778700,Up,0.5,20.0,,,,,,
1778778700000000,POST_BID,post_initial_bid,btc-updown-5m-1778778700,Down,0.5,20.0,,,,,,
1778778700000000,POST_BID,post_initial_bid,btc-updown-5m-1778778700,Up,0.5,20.0,,,,,,
1778778700000000,POST_BID,post_initial_bid,btc-updown-5m-1778778700,Down,0.5,20.0,,,,,,
1778778700000000,POST_BID,post_initial_bid,btc-updown-5m-1778778700,Down,0.5,20.0,,,,,,
1778778700000000,POST_BID,post_initial_bid,btc-updown-5m-1778778700,Up,0.5,20.0,,,,,,
1778778700000000,POST_BID,post_initial_bid,btc-updown-5m-1778778700,Down,0.5,20.0,,,,,,
1778778700000000,POST_BID,post_initial_bid,btc-updown-5m-1778778700,Up,0.5,20.0,,,,,,
1778778700000000,POST_BID,post_initial_bid,btc-updown-5m-1778778700,Down,0.5,20.0,,,,,,
1778778700000000,POST_BID,post_initial_bid,btc-updown-5m-1778778700,Down,0.5,20.0,,,,,,
1778778700000000,POST_BID,post_initial_bid,btc-updown-5m-1778778700,Down,0.5,20.0,,,,,,
1778778700000000,POST_BID,post_initial_bid,btc-updown-5m-1778778700,Down,0.5,20.0,,,,,,
1778778700000000,POST_BID,post_initial_bid,btc-updown-5m-1778778700,Down,0.5,20.0,,,,,,
1778778700000000,POST_BID,post_initial_bid,btc-updown-5m-1778778700,Up,0.5,20.0,,,,,,
1778778700000000,POST_BID,post_initial_bid,btc-updown-5m-1778778700,Down,0.5,20.0,,,,,,
1778778700000000,POST_BID,post_initial_bid,btc-updown-5m-1778778700,Down,0.5,20.0,,,,,,
1778778700000000,POST_BID,post_initial_bid,btc-updown-5m-1778778700,Up,0.5,20.0,,,,,,
1778778700000000,POST_BID,post_initial_bid,btc-updown-5m-1778778700,Down,0.5,20.0,,,,,,
1778778700000000,POST_BID,post_initial_bid,btc-updown-5m-1778778700,Down,0.5,20.0,,,,,,
1778778700000000,POST_BID,post_initial_bid,btc-updown-5m-1778778700,Down,0.5,20.0,,,,,,
1778778700000000,POST_BID,post_initial_bid,btc-updown-5m-1778778700,Up,0.5,20.0,,,,,,
1778778700000000,POST_BID,post_initial_bid,btc-updown-5m-1778778700,Down,0.5,20.0,,,,,,
1778778700000000,POST_BID,post_initial_bid,btc-updown-5m-1778778700,Up,0.5,20.0,,,,,,
1778778700000000,POST_BID,post_initial_bid,btc-updown-5m-1778778700,Down,0.5,20.0,,,,,,
1778778700000000,POST_BID,post_initial_bid,btc-updown-5m-1778778700,Up,0.5,20.0,,,,,,
1778778700000000,POST_BID,post_initial_bid,btc-updown-5m-1778778700,Up,0.5,20.0,,,,,,
1778778700000000,POST_BID,post_initial_bid,btc-updown-5m-1778778700,Up,0.5,20.0,,,,,,
1778778700000000,POST_BID,post_initial_bid,btc-updown-5m-1778778700,Up,0.5,20.0,,,,,,
1778778700000000,POST_BID,post_initial_bid,btc-updown-5m-1778778700,Up,0.5,20.0,,,,,,
1778778700000000,POST_BID,post_initial_bid,btc-updown-5m-1778778700,Down,0.5,20.0,,,,,,
1778778700000000,POST_BID,post_initial_bid,btc-updown-5m-1778778700,Down,0.5,20.0,,,,,,
1778778700000000,POST_BID,post_initial_bid,btc-updown-5m-1778778700,Up,0.5,20.0,,,,,,
1778778700000000,POST_BID,post_initial_bid,btc-updown-5m-1778778700,Down,0.5,20.0,,,,,,
1778778700000000,POST_BID,post_initial_bid,btc-updown-5m-1778778700,Down,0.5,20.0,,,,,,
1778778700000000,POST_BID,post_initial_bid,btc-updown-5m-1778778700,Up,0.5,20.0,,,,,,
1778778700000000,POST_BID,post_initial_bid,btc-updown-5m-1778778700,Down,0.5,20.0,,,,,,
1778778700000000,POST_BID,post_initial_bid,btc-updown-5m-1778778700,Down,0.5,20.0,,,,,,
1778778700000000,POST_BID,post_initial_bid,btc-updown-5m-1778778700,Up,0.5,20.0,,,,,,
1778778700000000,POST_BID,post_initial_bid,btc-updown-5m-1778778700,Down,0.5,20.0,,,,,,
1778778700000000,POST_BID,post_initial_bid,btc-updown-5m-1778778700,Up,0.5,20.0,,,,,,
1778778700000000,POST_BID,post_initial_bid,btc-updown-5m-1778778700,Up,0.5,20.0,,,,,,
1778778700000000,POST_BID,post_initial_bid,btc-updown-5m-1778778700,Up,0.5,20.0,,,,,,
1778778700000000,POST_BID,post_initial_bid,btc-updown-5m-1778778700,Up,0.5,20.0,,,,,,
1778778700000000,POST_BID,post_initial_bid,btc-updown-5m-1778778700,Up,0.5,20.0,,,,,,
1778778700000000,POST_BID,post_initial_bid,btc-updown-5m-1778778700,Up,0.5,20.0,,,,,,
1778778700000000,POST_BID,post_initial_bid,btc-updown-5m-1778778700,Down,0.5,20.0,,,,,,
1778778700000000,POST_BID,post_initial_bid,btc-updown-5m-1778778700,Up,0.5,20.0,,,,,,
1778778700000000,POST_BID,post_initial_bid,btc-updown-5m-1778778700,Up,0.5,20.0,,,,,,
1778778700000000,POST_BID,post_initial_bid,btc-updown-5m-1778778700,Down,0.5,20.0,,,,,,
1778778700000000,POST_BID,post_initial_bid,btc-updown-5m-1778778700,Down,0.5,20.0,,,,,,
1778778700000000,POST_BID,post_initial_bid,btc-updown-5m-1778778700,Up,0.5,20.0,,,,,,
1778778700000000,POST_BID,post_initial_bid,btc-updown-5m-1778778700,Down,0.5,20.0,,,,,,
1778778700000000,FILL,maker_bid_hit,btc-updown-5m-1778778700,Up,0.5,20.0,20.0,,,,,
1778778700000000,FILL,maker_bid_hit,btc-updown-5m-1778778700,Down,0.5,20.0,20.0,,,,,
1778778700000000,FILL,maker_bid_hit,btc-updown-5m-1778778700,Down,0.5,20.0,20.0,,,,,
1778778700000000,FILL,maker_bid_hit,btc-updown-5m-1778778700,Up,0.5,20.0,20.0,,,,,
1778778700000000,FILL,maker_bid_hit,btc-updown-5m-1778778700,Down,0.5,20.0,20.0,,,,,
1778778700000000,FILL,maker_bid_hit,btc-updown-5m-1778778700,Up,0.5,20.0,20.0,,,,,
1778778700000000,FILL,maker_bid_hit,btc-updown-5m-1778778700,Up,0.5,20.0,20.0,,,,,
1778778700000000,FILL,maker_bid_hit,btc-updown-5m-1778778700,Down,0.5,20.0,20.0,,,,,
1778778700000000,FILL,maker_bid_hit,btc-updown-5m-1778778700,Up,0.5,20.0,20.0,,,,,
1778778700000000,FILL,maker_bid_hit,btc-updown-5m-1778778700,Down,0.5,20.0,20.0,,,,,
1778778700000000,FILL,maker_bid_hit,btc-updown-5m-1778778700,Down,0.5,20.0,20.0,,,,,
1778778700000000,FILL,maker_bid_hit,btc-updown-5m-1778778700,Down,0.5,20.0,20.0,,,,,
1778778700000000,FILL,maker_bid_hit,btc-updown-5m-1778778700,Down,0.5,20.0,20.0,,,,,
1778778700000000,FILL,maker_bid_hit,btc-updown-5m-1778778700,Down,0.5,20.0,20.0,,,,,
1778778700000000,FILL,maker_bid_hit,btc-updown-5m-1778778700,Up,0.5,20.0,20.0,,,,,
1778778700000000,TAKE,pat_pair_cost=0.9390,btc-updown-5m-1778778700,BOTH,0.9390062641890004,20.0,,,,20.0,20.0,0.9390062641890004
1778779000000000,LOG_SLUG_COMPLETE,slug_resolved,btc-updown-5m-1778778700,,,,,Down,0.6309,,,
1778779000000000,POST_BID,post_initial_bid,btc-updown-5m-1778779000,Down,0.5,20.0,,,,,,
1778779000000000,POST_BID,post_initial_bid,btc-updown-5m-1778779000,Down,0.5,20.0,,,,,,
1778779000000000,POST_BID,post_initial_bid,btc-updown-5m-1778779000,Down,0.5,20.0,,,,,,
1778779000000000,POST_BID,post_initial_bid,btc-updown-5m-1778779000,Down,0.5,20.0,,,,,,
1778779000000000,POST_BID,post_initial_bid,btc-updown-5m-1778779000,Down,0.5,20.0,,,,,,
1778779000000000,POST_BID,post_initial_bid,btc-updown-5m-1778779000,Up,0.5,20.0,,,,,,
1778779000000000,POST_BID,post_initial_bid,btc-updown-5m-1778779000,Up,0.5,20.0,,,,,,
1778779000000000,POST_BID,post_initial_bid,btc-updown-5m-1778779000,Down,0.5,20.0,,,,,,
1778779000000000,POST_BID,post_initial_bid,btc-updown-5m-1778779000,Up,0.5,20.0,,,,,,
1778779000000000,POST_BID,post_initial_bid,btc-updown-5m-1778779000,Up,0.5,20.0,,,,,,
1778779000000000,POST_BID,post_initial_bid,btc-updown-5m-1778779000,Up,0.5,20.0,,,,,,
1778779000000000,POST_BID,post_initial_bid,btc-updown-5m-1778779000,Down,0.5,20.0,,,,,,
1778779000000000,POST_BID,post_initial_bid,btc-updown-5m-1778779000,Up,0.5,20.0,,,,,,
1778779000000000,POST_BID,post_initial_bid,btc-updown-5m-1778779000,Up,0.5,20.0,,,,,,
1778779000000000,POST_BID,post_initial_bid,btc-updown-5m-1778779000,Down,0.5,20.0,,,,,,
1778779000000000,POST_BID,post_initial_bid,btc-updown-5m-1778779000,Up,0.5,20.0,,,,,,
1778779000000000,POST_BID,post_initial_bid,btc-updown-5m-1778779000,Up,0.5,20.0,,,,,,
1778779000000000,POST_BID,post_initial_bid,btc-updown-5m-1778779000,Down,0.5,20.0,,,,,,
1778779000000000,POST_BID,post_initial_bid,btc-updown-5m-1778779000,Up,0.5,20.0,,,,,,
1778779000000000,POST_BID,post_initial_bid,btc-updown-5m-1778779000,Up,0.5,20.0,,,,,,
1778779000000000,POST_BID,post_initial_bid,btc-updown-5m-1778779000,Down,0.5,20.0,,,,,,
1778779000000000,POST_BID,post_initial_bid,btc-updown-5m-1778779000,Down,0.5,20.0,,,,,,
1778779000000000,POST_BID,post_initial_bid,btc-updown-5m-1778779000,Down,0.5,20.0,,,,,,
1778779000000000,POST_BID,post_initial_bid,btc-updown-5m-1778779000,Down,0.5,20.0,,,,,,
1778779000000000,POST_BID,post_initial_bid,btc-updown-5m-1778779000,Up,0.5,20.0,,,,,,
1778779000000000,POST_BID,post_initial_bid,btc-updown-5m-1778779000,Up,0.5,20.0,,,,,,
1778779000000000,POST_BID,post_initial_bid,btc-updown-5m-1778779000,Up,0.5,20.0,,,,,,
1778779000000000,POST_BID,post_initial_bid,btc-updown-5m-1778779000,Down,0.5,20.0,,,,,,
1778779000000000,POST_BID,post_initial_bid,btc-updown-5m-1778779000,Up,0.5,20.0,,,,,,
1778779000000000,POST_BID,post_initial_bid,btc-updown-5m-1778779000,Up,0.5,20.0,,,,,,
1778779000000000,POST_BID,post_initial_bid,btc-updown-5m-1778779000,Down,0.5,20.0,,,,,,
1778779000000000,POST_BID,post_initial_bid,btc-updown-5m-1778779000,Down,0.5,20.0,,,,,,
1778779000000000,POST_BID,post_initial_bid,btc-updown-5m-1778779000,Down,0.5,20.0,,,,,,
1778779000000000,POST_BID,post_initial_bid,btc-updown-5m-1778779000,Up,0.5,20.0,,,,,,
1778779000000000,POST_BID,post_initial_bid,btc-updown-5m-1778779000,Down,0.5,20.0,,,,,,
1778779000000000,POST_BID,post_initial_bid,btc-updown-5m-1778779000,Up,0.5,20.0,,,,,,
1778779000000000,POST_BID,post_initial_bid,btc-updown-5m-1778779000,Down,0.5,20.0,,,,,,
1778779000000000,POST_BID,post_initial_bid,btc-updown-5m-1778779000,Down,0.5,20.0,,,,,,
1778779000000000,POST_BID,post_initial_bid,btc-updown-5m-1778779000,Down,0.5,20.0,,,,,,
1778779000000000,POST_BID,post_initial_bid,btc-updown-5m-1778779000,Up,0.5,20.0,,,,,,
1778779000000000,POST_BID,post_initial_bid,btc-updown-5m-1778779000,Down,0.5,20.0,,,,,,
1778779000000000,POST_BID,post_initial_bid,btc-updown-5m-1778779000,Up,0.5,20.0,,,,,,
1778779000000000,POST_BID,post_initial_bid,btc-updown-5m-1778779000,Up,0.5,20.0,,,,,,
1778779000000000,POST_BID,post_initial_bid,btc-updown-5m-1778779000,Down,0.5,20.0,,,,,,
1778779000000000,POST_BID,post_initial_bid,btc-updown-5m-1778779000,Down,0.5,20.0,,,,,,
1778779000000000,POST_BID,post_initial_bid,btc-updown-5m-1778779000,Up,0.5,20.0,,,,,,
1778779000000000,POST_BID,post_initial_bid,btc-updown-5m-1778779000,Down,0.5,20.0,,,,,,
1778779000000000,POST_BID,post_initial_bid,btc-updown-5m-1778779000,Down,0.5,20.0,,,,,,
1778779000000000,POST_BID,post_initial_bid,btc-updown-5m-1778779000,Up,0.5,20.0,,,,,,
1778779000000000,POST_BID,post_initial_bid,btc-updown-5m-1778779000,Down,0.5,20.0,,,,,,
1778779000000000,POST_BID,post_initial_bid,btc-updown-5m-1778779000,Down,0.5,20.0,,,,,,
1778779000000000,POST_BID,post_initial_bid,btc-updown-5m-1778779000,Up,0.5,20.0,,,,,,
1778779000000000,POST_BID,post_initial_bid,btc-updown-5m-1778779000,Up,0.5,20.0,,,,,,
1778779000000000,POST_BID,post_initial_bid,btc-updown-5m-1778779000,Up,0.5,20.0,,,,,,
1778779000000000,POST_BID,post_initial_bid,btc-updown-5m-1778779000,Down,0.5,20.0,,,,,,
1778779000000000,POST_BID,post_initial_bid,btc-updown-5m-1778779000,Up,0.5,20.0,,,,,,
1778779000000000,POST_BID,post_initial_bid,btc-updown-5m-1778779000,Up,0.5,20.0,,,,,,
1778779000000000,POST_BID,post_initial_bid,btc-updown-5m-1778779000,Up,0.5,20.0,,,,,,
1778779000000000,POST_BID,post_initial_bid,btc-updown-5m-1778779000,Up,0.5,20.0,,,,,,
1778779000000000,POST_BID,post_initial_bid,btc-updown-5m-1778779000,Up,0.5,20.0,,,,,,
1778779000000000,POST_BID,post_initial_bid,btc-updown-5m-1778779000,Up,0.5,20.0,,,,,,
1778779000000000,POST_BID,post_initial_bid,btc-updown-5m-1778779000,Down,0.5,20.0,,,,,,
1778779000000000,POST_BID,post_initial_bid,btc-updown-5m-1778779000,Down,0.5,20.0,,,,,,
1778779000000000,FILL,maker_bid_hit,btc-updown-5m-1778779000,Up,0.5,20.0,20.0,,,,,
1778779000000000,FILL,maker_bid_hit,btc-updown-5m-1778779000,Down,0.5,20.0,20.0,,,,,
1778779000000000,FILL,maker_bid_hit,btc-updown-5m-1778779000,Down,0.5,20.0,20.0,,,,,
1778779000000000,FILL,maker_bid_hit,btc-updown-5m-1778779000,Up,0.5,20.0,20.0,,,,,
1778779000000000,FILL,maker_bid_hit,btc-updown-5m-1778779000,Down,0.5,20.0,20.0,,,,,
1778779000000000,FILL,maker_bid_hit,btc-updown-5m-1778779000,Down,0.5,20.0,20.0,,,,,
1778779000000000,FILL,maker_bid_hit,btc-updown-5m-1778779000,Down,0.5,20.0,20.0,,,,,
1778779000000000,FILL,maker_bid_hit,btc-updown-5m-1778779000,Down,0.5,20.0,20.0,,,,,
1778779000000000,FILL,maker_bid_hit,btc-updown-5m-1778779000,Down,0.5,20.0,20.0,,,,,
1778779000000000,FILL,maker_bid_hit,btc-updown-5m-1778779000,Up,0.5,20.0,20.0,,,,,
1778779000000000,TAKE,pat_pair_cost=1.0281,btc-updown-5m-1778779000,BOTH,1.028099749938984,20.0,,,,20.0,0.0,1.028099749938984
1778779000000000,TAKE,pat_pair_cost=1.0366,btc-updown-5m-1778779000,BOTH,1.0366429970255995,20.0,,,,20.0,0.0,1.0366429970255995
1778779300000000,LOG_SLUG_COMPLETE,slug_resolved,btc-updown-5m-1778779000,,,,,Down,-3.1875,,,
1778779300000000,POST_BID,post_initial_bid,btc-updown-5m-1778779300,Down,0.5,20.0,,,,,,
1778779300000000,POST_BID,post_initial_bid,btc-updown-5m-1778779300,Up,0.5,20.0,,,,,,
1778779300000000,POST_BID,post_initial_bid,btc-updown-5m-1778779300,Down,0.5,20.0,,,,,,
1778779300000000,POST_BID,post_initial_bid,btc-updown-5m-1778779300,Up,0.5,20.0,,,,,,
1778779300000000,POST_BID,post_initial_bid,btc-updown-5m-1778779300,Up,0.5,20.0,,,,,,
1778779300000000,POST_BID,post_initial_bid,btc-updown-5m-1778779300,Up,0.5,20.0,,,,,,
1778779300000000,POST_BID,post_initial_bid,btc-updown-5m-1778779300,Up,0.5,20.0,,,,,,
1778779300000000,POST_BID,post_initial_bid,btc-updown-5m-1778779300,Down,0.5,20.0,,,,,,
1778779300000000,POST_BID,post_initial_bid,btc-updown-5m-1778779300,Down,0.5,20.0,,,,,,
1778779300000000,POST_BID,post_initial_bid,btc-updown-5m-1778779300,Down,0.5,20.0,,,,,,
1778779300000000,POST_BID,post_initial_bid,btc-updown-5m-1778779300,Up,0.5,20.0,,,,,,
1778779300000000,POST_BID,post_initial_bid,btc-updown-5m-1778779300,Down,0.5,20.0,,,,,,
1778779300000000,POST_BID,post_initial_bid,btc-updown-5m-1778779300,Up,0.5,20.0,,,,,,
1778779300000000,POST_BID,post_initial_bid,btc-updown-5m-1778779300,Down,0.5,20.0,,,,,,
1778779300000000,POST_BID,post_initial_bid,btc-updown-5m-1778779300,Up,0.5,20.0,,,,,,
1778779300000000,POST_BID,post_initial_bid,btc-updown-5m-1778779300,Down,0.5,20.0,,,,,,
1778779300000000,POST_BID,post_initial_bid,btc-updown-5m-1778779300,Up,0.5,20.0,,,,,,
1778779300000000,POST_BID,post_initial_bid,btc-updown-5m-1778779300,Down,0.5,20.0,,,,,,
1778779300000000,POST_BID,post_initial_bid,btc-updown-5m-1778779300,Down,0.5,20.0,,,,,,
1778779300000000,POST_BID,post_initial_bid,btc-updown-5m-1778779300,Up,0.5,20.0,,,,,,
1778779300000000,POST_BID,post_initial_bid,btc-updown-5m-1778779300,Down,0.5,20.0,,,,,,
1778779300000000,POST_BID,post_initial_bid,btc-updown-5m-1778779300,Up,0.5,20.0,,,,,,
1778779300000000,POST_BID,post_initial_bid,btc-updown-5m-1778779300,Down,0.5,20.0,,,,,,
1778779300000000,POST_BID,post_initial_bid,btc-updown-5m-1778779300,Up,0.5,20.0,,,,,,
1778779300000000,POST_BID,post_initial_bid,btc-updown-5m-1778779300,Down,0.5,20.0,,,,,,
1778779300000000,POST_BID,post_initial_bid,btc-updown-5m-1778779300,Down,0.5,20.0,,,,,,
1778779300000000,POST_BID,post_initial_bid,btc-updown-5m-1778779300,Up,0.5,20.0,,,,,,
1778779300000000,POST_BID,post_initial_bid,btc-updown-5m-1778779300,Up,0.5,20.0,,,,,,
1778779300000000,POST_BID,post_initial_bid,btc-updown-5m-1778779300,Down,0.5,20.0,,,,,,
1778779300000000,POST_BID,post_initial_bid,btc-updown-5m-1778779300,Up,0.5,20.0,,,,,,
1778779300000000,POST_BID,post_initial_bid,btc-updown-5m-1778779300,Down,0.5,20.0,,,,,,
1778779300000000,POST_BID,post_initial_bid,btc-updown-5m-1778779300,Down,0.5,20.0,,,,,,
1778779300000000,POST_BID,post_initial_bid,btc-updown-5m-1778779300,Up,0.5,20.0,,,,,,
1778779300000000,POST_BID,post_initial_bid,btc-updown-5m-1778779300,Up,0.5,20.0,,,,,,
1778779300000000,POST_BID,post_initial_bid,btc-updown-5m-1778779300,Down,0.5,20.0,,,,,,
1778779300000000,POST_BID,post_initial_bid,btc-updown-5m-1778779300,Down,0.5,20.0,,,,,,
1778779300000000,POST_BID,post_initial_bid,btc-updown-5m-1778779300,Up,0.5,20.0,,,,,,
1778779300000000,POST_BID,post_initial_bid,btc-updown-5m-1778779300,Down,0.5,20.0,,,,,,
1778779300000000,POST_BID,post_initial_bid,btc-updown-5m-1778779300,Up,0.5,20.0,,,,,,
1778779300000000,POST_BID,post_initial_bid,btc-updown-5m-1778779300,Up,0.5,20.0,,,,,,
1778779300000000,POST_BID,post_initial_bid,btc-updown-5m-1778779300,Down,0.5,20.0,,,,,,
1778779300000000,POST_BID,post_initial_bid,btc-updown-5m-1778779300,Down,0.5,20.0,,,,,,
1778779300000000,POST_BID,post_initial_bid,btc-updown-5m-1778779300,Down,0.5,20.0,,,,,,
1778779300000000,POST_BID,post_initial_bid,btc-updown-5m-1778779300,Down,0.5,20.0,,,,,,
1778779300000000,POST_BID,post_initial_bid,btc-updown-5m-1778779300,Down,0.5,20.0,,,,,,
1778779300000000,POST_BID,post_initial_bid,btc-updown-5m-1778779300,Down,0.5,20.0,,,,,,
1778779300000000,POST_BID,post_initial_bid,btc-updown-5m-1778779300,Down,0.5,20.0,,,,,,
1778779300000000,POST_BID,post_initial_bid,btc-updown-5m-1778779300,Up,0.5,20.0,,,,,,
1778779300000000,POST_BID,post_initial_bid,btc-updown-5m-1778779300,Down,0.5,20.0,,,,,,
1778779300000000,POST_BID,post_initial_bid,btc-updown-5m-1778779300,Up,0.5,20.0,,,,,,
1778779300000000,POST_BID,post_initial_bid,btc-updown-5m-1778779300,Down,0.5,20.0,,,,,,
1778779300000000,POST_BID,post_initial_bid,btc-updown-5m-1778779300,Down,0.5,20.0,,,,,,
1778779300000000,POST_BID,post_initial_bid,btc-updown-5m-1778779300,Down,0.5,20.0,,,,,,
1778779300000000,POST_BID,post_initial_bid,btc-updown-5m-1778779300,Up,0.5,20.0,,,,,,
1778779300000000,POST_BID,post_initial_bid,btc-updown-5m-1778779300,Down,0.5,20.0,,,,,,
1778779300000000,POST_BID,post_initial_bid,btc-updown-5m-1778779300,Up,0.5,20.0,,,,,,
1778779300000000,POST_BID,post_initial_bid,btc-updown-5m-1778779300,Up,0.5,20.0,,,,,,
1778779300000000,POST_BID,post_initial_bid,btc-updown-5m-1778779300,Down,0.5,20.0,,,,,,
1778779300000000,POST_BID,post_initial_bid,btc-updown-5m-1778779300,Down,0.5,20.0,,,,,,
1778779300000000,POST_BID,post_initial_bid,btc-updown-5m-1778779300,Down,0.5,20.0,,,,,,
1778779300000000,POST_BID,post_initial_bid,btc-updown-5m-1778779300,Down,0.5,20.0,,,,,,
1778779300000000,POST_BID,post_initial_bid,btc-updown-5m-1778779300,Down,0.5,20.0,,,,,,
1778779300000000,POST_BID,post_initial_bid,btc-updown-5m-1778779300,Up,0.5,20.0,,,,,,
1778779300000000,POST_BID,post_initial_bid,btc-updown-5m-1778779300,Down,0.5,20.0,,,,,,
1778779300000000,POST_BID,post_initial_bid,btc-updown-5m-1778779300,Down,0.5,20.0,,,,,,
1778779300000000,POST_BID,post_initial_bid,btc-updown-5m-1778779300,Up,0.5,20.0,,,,,,
1778779300000000,POST_BID,post_initial_bid,btc-updown-5m-1778779300,Up,0.5,20.0,,,,,,
1778779300000000,POST_BID,post_initial_bid,btc-updown-5m-1778779300,Down,0.5,20.0,,,,,,
1778779300000000,POST_BID,post_initial_bid,btc-updown-5m-1778779300,Down,0.5,20.0,,,,,,
1778779300000000,POST_BID,post_initial_bid,btc-updown-5m-1778779300,Up,0.5,20.0,,,,,,
1778779300000000,POST_BID,post_initial_bid,btc-updown-5m-1778779300,Up,0.5,20.0,,,,,,
1778779300000000,POST_BID,post_initial_bid,btc-updown-5m-1778779300,Down,0.5,20.0,,,,,,
1778779300000000,POST_BID,post_initial_bid,btc-updown-5m-1778779300,Up,0.5,20.0,,,,,,
1778779300000000,POST_BID,post_initial_bid,btc-updown-5m-1778779300,Up,0.5,20.0,,,,,,
1778779300000000,FILL,maker_bid_hit,btc-updown-5m-1778779300,Up,0.5,20.0,20.0,,,,,
1778779300000000,FILL,maker_bid_hit,btc-updown-5m-1778779300,Up,0.5,20.0,20.0,,,,,
1778779300000000,FILL,maker_bid_hit,btc-updown-5m-1778779300,Up,0.5,20.0,20.0,,,,,
1778779300000000,FILL,maker_bid_hit,btc-updown-5m-1778779300,Up,0.5,20.0,20.0,,,,,
1778779300000000,FILL,maker_bid_hit,btc-updown-5m-1778779300,Up,0.5,20.0,20.0,,,,,
1778779300000000,FILL,maker_bid_hit,btc-updown-5m-1778779300,Up,0.5,20.0,20.0,,,,,
1778779300000000,FILL,maker_bid_hit,btc-updown-5m-1778779300,Down,0.5,20.0,20.0,,,,,
1778779300000000,FILL,maker_bid_hit,btc-updown-5m-1778779300,Up,0.5,20.0,20.0,,,,,
1778779300000000,FILL,maker_bid_hit,btc-updown-5m-1778779300,Down,0.5,20.0,20.0,,,,,
1778779300000000,FILL,maker_bid_hit,btc-updown-5m-1778779300,Up,0.5,20.0,20.0,,,,,
1778779300000000,FILL,maker_bid_hit,btc-updown-5m-1778779300,Down,0.5,20.0,20.0,,,,,
1778779300000000,FILL,maker_bid_hit,btc-updown-5m-1778779300,Down,0.5,20.0,20.0,,,,,
1778779300000000,TAKE,pat_pair_cost=1.0075,btc-updown-5m-1778779300,BOTH,1.0074779339547302,20.0,,,,20.0,0.0,1.0074779339547302
1778779300000000,TAKE,pat_pair_cost=0.9679,btc-updown-5m-1778779300,BOTH,0.9679180908434217,20.0,,,,20.0,20.0,0.9679180908434217
1778779600000000,LOG_SLUG_COMPLETE,slug_resolved,btc-updown-5m-1778779300,,,,,Down,-3.63,,,
1778779600000000,POST_BID,post_initial_bid,btc-updown-5m-1778779600,Down,0.5,20.0,,,,,,
1778779600000000,POST_BID,post_initial_bid,btc-updown-5m-1778779600,Up,0.5,20.0,,,,,,
1778779600000000,POST_BID,post_initial_bid,btc-updown-5m-1778779600,Down,0.5,20.0,,,,,,
1778779600000000,POST_BID,post_initial_bid,btc-updown-5m-1778779600,Up,0.5,20.0,,,,,,
1778779600000000,POST_BID,post_initial_bid,btc-updown-5m-1778779600,Down,0.5,20.0,,,,,,
1778779600000000,POST_BID,post_initial_bid,btc-updown-5m-1778779600,Up,0.5,20.0,,,,,,
1778779600000000,POST_BID,post_initial_bid,btc-updown-5m-1778779600,Up,0.5,20.0,,,,,,
1778779600000000,POST_BID,post_initial_bid,btc-updown-5m-1778779600,Up,0.5,20.0,,,,,,
1778779600000000,POST_BID,post_initial_bid,btc-updown-5m-1778779600,Down,0.5,20.0,,,,,,
1778779600000000,POST_BID,post_initial_bid,btc-updown-5m-1778779600,Down,0.5,20.0,,,,,,
1778779600000000,POST_BID,post_initial_bid,btc-updown-5m-1778779600,Down,0.5,20.0,,,,,,
1778779600000000,POST_BID,post_initial_bid,btc-updown-5m-1778779600,Up,0.5,20.0,,,,,,
1778779600000000,POST_BID,post_initial_bid,btc-updown-5m-1778779600,Up,0.5,20.0,,,,,,
1778779600000000,POST_BID,post_initial_bid,btc-updown-5m-1778779600,Up,0.5,20.0,,,,,,
1778779600000000,POST_BID,post_initial_bid,btc-updown-5m-1778779600,Up,0.5,20.0,,,,,,
1778779600000000,POST_BID,post_initial_bid,btc-updown-5m-1778779600,Down,0.5,20.0,,,,,,
1778779600000000,POST_BID,post_initial_bid,btc-updown-5m-1778779600,Up,0.5,20.0,,,,,,
1778779600000000,POST_BID,post_initial_bid,btc-updown-5m-1778779600,Up,0.5,20.0,,,,,,
1778779600000000,POST_BID,post_initial_bid,btc-updown-5m-1778779600,Up,0.5,20.0,,,,,,
1778779600000000,POST_BID,post_initial_bid,btc-updown-5m-1778779600,Down,0.5,20.0,,,,,,
1778779600000000,POST_BID,post_initial_bid,btc-updown-5m-1778779600,Down,0.5,20.0,,,,,,
1778779600000000,POST_BID,post_initial_bid,btc-updown-5m-1778779600,Up,0.5,20.0,,,,,,
1778779600000000,POST_BID,post_initial_bid,btc-updown-5m-1778779600,Down,0.5,20.0,,,,,,
1778779600000000,POST_BID,post_initial_bid,btc-updown-5m-1778779600,Down,0.5,20.0,,,,,,
1778779600000000,POST_BID,post_initial_bid,btc-updown-5m-1778779600,Down,0.5,20.0,,,,,,
1778779600000000,POST_BID,post_initial_bid,btc-updown-5m-1778779600,Up,0.5,20.0,,,,,,
1778779600000000,POST_BID,post_initial_bid,btc-updown-5m-1778779600,Up,0.5,20.0,,,,,,
1778779600000000,POST_BID,post_initial_bid,btc-updown-5m-1778779600,Down,0.5,20.0,,,,,,
1778779600000000,POST_BID,post_initial_bid,btc-updown-5m-1778779600,Up,0.5,20.0,,,,,,
1778779600000000,POST_BID,post_initial_bid,btc-updown-5m-1778779600,Up,0.5,20.0,,,,,,
1778779600000000,POST_BID,post_initial_bid,btc-updown-5m-1778779600,Down,0.5,20.0,,,,,,
1778779600000000,POST_BID,post_initial_bid,btc-updown-5m-1778779600,Down,0.5,20.0,,,,,,
1778779600000000,POST_BID,post_initial_bid,btc-updown-5m-1778779600,Down,0.5,20.0,,,,,,
1778779600000000,POST_BID,post_initial_bid,btc-updown-5m-1778779600,Up,0.5,20.0,,,,,,
1778779600000000,POST_BID,post_initial_bid,btc-updown-5m-1778779600,Down,0.5,20.0,,,,,,
1778779600000000,POST_BID,post_initial_bid,btc-updown-5m-1778779600,Up,0.5,20.0,,,,,,
1778779600000000,POST_BID,post_initial_bid,btc-updown-5m-1778779600,Up,0.5,20.0,,,,,,
1778779600000000,POST_BID,post_initial_bid,btc-updown-5m-1778779600,Up,0.5,20.0,,,,,,
1778779600000000,POST_BID,post_initial_bid,btc-updown-5m-1778779600,Down,0.5,20.0,,,,,,
1778779600000000,POST_BID,post_initial_bid,btc-updown-5m-1778779600,Down,0.5,20.0,,,,,,
1778779600000000,POST_BID,post_initial_bid,btc-updown-5m-1778779600,Up,0.5,20.0,,,,,,
1778779600000000,POST_BID,post_initial_bid,btc-updown-5m-1778779600,Down,0.5,20.0,,,,,,
1778779600000000,POST_BID,post_initial_bid,btc-updown-5m-1778779600,Down,0.5,20.0,,,,,,
1778779600000000,POST_BID,post_initial_bid,btc-updown-5m-1778779600,Up,0.5,20.0,,,,,,
1778779600000000,POST_BID,post_initial_bid,btc-updown-5m-1778779600,Up,0.5,20.0,,,,,,
1778779600000000,POST_BID,post_initial_bid,btc-updown-5m-1778779600,Down,0.5,20.0,,,,,,
1778779600000000,POST_BID,post_initial_bid,btc-updown-5m-1778779600,Down,0.5,20.0,,,,,,
1778779600000000,POST_BID,post_initial_bid,btc-updown-5m-1778779600,Up,0.5,20.0,,,,,,
1778779600000000,POST_BID,post_initial_bid,btc-updown-5m-1778779600,Down,0.5,20.0,,,,,,
1778779600000000,POST_BID,post_initial_bid,btc-updown-5m-1778779600,Down,0.5,20.0,,,,,,
1778779600000000,POST_BID,post_initial_bid,btc-updown-5m-1778779600,Down,0.5,20.0,,,,,,
1778779600000000,POST_BID,post_initial_bid,btc-updown-5m-1778779600,Down,0.5,20.0,,,,,,
1778779600000000,POST_BID,post_initial_bid,btc-updown-5m-1778779600,Down,0.5,20.0,,,,,,
1778779600000000,POST_BID,post_initial_bid,btc-updown-5m-1778779600,Down,0.5,20.0,,,,,,
1778779600000000,POST_BID,post_initial_bid,btc-updown-5m-1778779600,Up,0.5,20.0,,,,,,
1778779600000000,POST_BID,post_initial_bid,btc-updown-5m-1778779600,Up,0.5,20.0,,,,,,
1778779600000000,POST_BID,post_initial_bid,btc-updown-5m-1778779600,Up,0.5,20.0,,,,,,
1778779600000000,POST_BID,post_initial_bid,btc-updown-5m-1778779600,Down,0.5,20.0,,,,,,
1778779600000000,POST_BID,post_initial_bid,btc-updown-5m-1778779600,Down,0.5,20.0,,,,,,
1778779600000000,POST_BID,post_initial_bid,btc-updown-5m-1778779600,Down,0.5,20.0,,,,,,
1778779600000000,POST_BID,post_initial_bid,btc-updown-5m-1778779600,Up,0.5,20.0,,,,,,
1778779600000000,POST_BID,post_initial_bid,btc-updown-5m-1778779600,Down,0.5,20.0,,,,,,
1778779600000000,POST_BID,post_initial_bid,btc-updown-5m-1778779600,Up,0.5,20.0,,,,,,
1778779600000000,POST_BID,post_initial_bid,btc-updown-5m-1778779600,Up,0.5,20.0,,,,,,
1778779600000000,POST_BID,post_initial_bid,btc-updown-5m-1778779600,Up,0.5,20.0,,,,,,
1778779600000000,POST_BID,post_initial_bid,btc-updown-5m-1778779600,Up,0.5,20.0,,,,,,
1778779600000000,POST_BID,post_initial_bid,btc-updown-5m-1778779600,Up,0.5,20.0,,,,,,
1778779600000000,POST_BID,post_initial_bid,btc-updown-5m-1778779600,Up,0.5,20.0,,,,,,
1778779600000000,POST_BID,post_initial_bid,btc-updown-5m-1778779600,Down,0.5,20.0,,,,,,
1778779600000000,POST_BID,post_initial_bid,btc-updown-5m-1778779600,Up,0.5,20.0,,,,,,
1778779600000000,POST_BID,post_initial_bid,btc-updown-5m-1778779600,Up,0.5,20.0,,,,,,
1778779600000000,POST_BID,post_initial_bid,btc-updown-5m-1778779600,Up,0.5,20.0,,,,,,
1778779600000000,POST_BID,post_initial_bid,btc-updown-5m-1778779600,Up,0.5,20.0,,,,,,
1778779600000000,POST_BID,post_initial_bid,btc-updown-5m-1778779600,Down,0.5,20.0,,,,,,
1778779600000000,POST_BID,post_initial_bid,btc-updown-5m-1778779600,Up,0.5,20.0,,,,,,
1778779600000000,POST_BID,post_initial_bid,btc-updown-5m-1778779600,Down,0.5,20.0,,,,,,
1778779600000000,POST_BID,post_initial_bid,btc-updown-5m-1778779600,Down,0.5,20.0,,,,,,
1778779600000000,POST_BID,post_initial_bid,btc-updown-5m-1778779600,Down,0.5,20.0,,,,,,
1778779600000000,POST_BID,post_initial_bid,btc-updown-5m-1778779600,Down,0.5,20.0,,,,,,
1778779600000000,POST_BID,post_initial_bid,btc-updown-5m-1778779600,Up,0.5,20.0,,,,,,
1778779600000000,FILL,maker_bid_hit,btc-updown-5m-1778779600,Up,0.5,20.0,20.0,,,,,
1778779600000000,FILL,maker_bid_hit,btc-updown-5m-1778779600,Up,0.5,20.0,20.0,,,,,
1778779600000000,FILL,maker_bid_hit,btc-updown-5m-1778779600,Down,0.5,20.0,20.0,,,,,
1778779600000000,FILL,maker_bid_hit,btc-updown-5m-1778779600,Down,0.5,20.0,20.0,,,,,
1778779600000000,FILL,maker_bid_hit,btc-updown-5m-1778779600,Down,0.5,20.0,20.0,,,,,
1778779600000000,FILL,maker_bid_hit,btc-updown-5m-1778779600,Up,0.5,20.0,20.0,,,,,
1778779600000000,FILL,maker_bid_hit,btc-updown-5m-1778779600,Down,0.5,20.0,20.0,,,,,
1778779600000000,FILL,maker_bid_hit,btc-updown-5m-1778779600,Up,0.5,20.0,20.0,,,,,
1778779600000000,FILL,maker_bid_hit,btc-updown-5m-1778779600,Down,0.5,20.0,20.0,,,,,
1778779600000000,FILL,maker_bid_hit,btc-updown-5m-1778779600,Up,0.5,20.0,20.0,,,,,
1778779600000000,FILL,maker_bid_hit,btc-updown-5m-1778779600,Up,0.5,20.0,20.0,,,,,
1778779600000000,FILL,maker_bid_hit,btc-updown-5m-1778779600,Up,0.5,20.0,20.0,,,,,
1778779600000000,FILL,maker_bid_hit,btc-updown-5m-1778779600,Up,0.5,20.0,20.0,,,,,
1778779600000000,FILL,maker_bid_hit,btc-updown-5m-1778779600,Up,0.5,20.0,20.0,,,,,
1778779600000000,FILL,maker_bid_hit,btc-updown-5m-1778779600,Up,0.5,20.0,20.0,,,,,
1778779600000000,TAKE,pat_pair_cost=1.0001,btc-updown-5m-1778779600,BOTH,1.0001151755343312,20.0,,,,20.0,0.0,1.0001151755343312
1778779600000000,TAKE,pat_pair_cost=0.9802,btc-updown-5m-1778779600,BOTH,0.9801541920981729,20.0,,,,20.0,20.0,0.9801541920981729
1778779900000000,LOG_SLUG_COMPLETE,slug_resolved,btc-updown-5m-1778779600,,,,,Down,-11.9751,,,
1778779900000000,POST_BID,post_initial_bid,btc-updown-5m-1778779900,Up,0.5,20.0,,,,,,
1778779900000000,POST_BID,post_initial_bid,btc-updown-5m-1778779900,Down,0.5,20.0,,,,,,
1778779900000000,POST_BID,post_initial_bid,btc-updown-5m-1778779900,Down,0.5,20.0,,,,,,
1778779900000000,POST_BID,post_initial_bid,btc-updown-5m-1778779900,Down,0.5,20.0,,,,,,
1778779900000000,POST_BID,post_initial_bid,btc-updown-5m-1778779900,Up,0.5,20.0,,,,,,
1778779900000000,POST_BID,post_initial_bid,btc-updown-5m-1778779900,Down,0.5,20.0,,,,,,
1778779900000000,POST_BID,post_initial_bid,btc-updown-5m-1778779900,Up,0.5,20.0,,,,,,
1778779900000000,POST_BID,post_initial_bid,btc-updown-5m-1778779900,Up,0.5,20.0,,,,,,
1778779900000000,POST_BID,post_initial_bid,btc-updown-5m-1778779900,Down,0.5,20.0,,,,,,
1778779900000000,POST_BID,post_initial_bid,btc-updown-5m-1778779900,Up,0.5,20.0,,,,,,
1778779900000000,POST_BID,post_initial_bid,btc-updown-5m-1778779900,Down,0.5,20.0,,,,,,
1778779900000000,POST_BID,post_initial_bid,btc-updown-5m-1778779900,Up,0.5,20.0,,,,,,
1778779900000000,POST_BID,post_initial_bid,btc-updown-5m-1778779900,Down,0.5,20.0,,,,,,
1778779900000000,POST_BID,post_initial_bid,btc-updown-5m-1778779900,Up,0.5,20.0,,,,,,
1778779900000000,POST_BID,post_initial_bid,btc-updown-5m-1778779900,Down,0.5,20.0,,,,,,
1778779900000000,POST_BID,post_initial_bid,btc-updown-5m-1778779900,Up,0.5,20.0,,,,,,
1778779900000000,POST_BID,post_initial_bid,btc-updown-5m-1778779900,Up,0.5,20.0,,,,,,
1778779900000000,POST_BID,post_initial_bid,btc-updown-5m-1778779900,Down,0.5,20.0,,,,,,
1778779900000000,POST_BID,post_initial_bid,btc-updown-5m-1778779900,Down,0.5,20.0,,,,,,
1778779900000000,POST_BID,post_initial_bid,btc-updown-5m-1778779900,Down,0.5,20.0,,,,,,
1778779900000000,POST_BID,post_initial_bid,btc-updown-5m-1778779900,Down,0.5,20.0,,,,,,
1778779900000000,POST_BID,post_initial_bid,btc-updown-5m-1778779900,Down,0.5,20.0,,,,,,
1778779900000000,POST_BID,post_initial_bid,btc-updown-5m-1778779900,Down,0.5,20.0,,,,,,
1778779900000000,POST_BID,post_initial_bid,btc-updown-5m-1778779900,Up,0.5,20.0,,,,,,
1778779900000000,POST_BID,post_initial_bid,btc-updown-5m-1778779900,Down,0.5,20.0,,,,,,
1778779900000000,POST_BID,post_initial_bid,btc-updown-5m-1778779900,Up,0.5,20.0,,,,,,
1778779900000000,POST_BID,post_initial_bid,btc-updown-5m-1778779900,Down,0.5,20.0,,,,,,
1778779900000000,POST_BID,post_initial_bid,btc-updown-5m-1778779900,Up,0.5,20.0,,,,,,
1778779900000000,POST_BID,post_initial_bid,btc-updown-5m-1778779900,Down,0.5,20.0,,,,,,
1778779900000000,POST_BID,post_initial_bid,btc-updown-5m-1778779900,Up,0.5,20.0,,,,,,
1778779900000000,POST_BID,post_initial_bid,btc-updown-5m-1778779900,Down,0.5,20.0,,,,,,
1778779900000000,POST_BID,post_initial_bid,btc-updown-5m-1778779900,Down,0.5,20.0,,,,,,
1778779900000000,POST_BID,post_initial_bid,btc-updown-5m-1778779900,Down,0.5,20.0,,,,,,
1778779900000000,POST_BID,post_initial_bid,btc-updown-5m-1778779900,Down,0.5,20.0,,,,,,
1778779900000000,POST_BID,post_initial_bid,btc-updown-5m-1778779900,Up,0.5,20.0,,,,,,
1778779900000000,POST_BID,post_initial_bid,btc-updown-5m-1778779900,Down,0.5,20.0,,,,,,
1778779900000000,POST_BID,post_initial_bid,btc-updown-5m-1778779900,Down,0.5,20.0,,,,,,
1778779900000000,POST_BID,post_initial_bid,btc-updown-5m-1778779900,Up,0.5,20.0,,,,,,
1778779900000000,POST_BID,post_initial_bid,btc-updown-5m-1778779900,Up,0.5,20.0,,,,,,
1778779900000000,POST_BID,post_initial_bid,btc-updown-5m-1778779900,Up,0.5,20.0,,,,,,
1778779900000000,POST_BID,post_initial_bid,btc-updown-5m-1778779900,Up,0.5,20.0,,,,,,
1778779900000000,POST_BID,post_initial_bid,btc-updown-5m-1778779900,Up,0.5,20.0,,,,,,
1778779900000000,POST_BID,post_initial_bid,btc-updown-5m-1778779900,Down,0.5,20.0,,,,,,
1778779900000000,POST_BID,post_initial_bid,btc-updown-5m-1778779900,Up,0.5,20.0,,,,,,
1778779900000000,POST_BID,post_initial_bid,btc-updown-5m-1778779900,Down,0.5,20.0,,,,,,
1778779900000000,POST_BID,post_initial_bid,btc-updown-5m-1778779900,Up,0.5,20.0,,,,,,
1778779900000000,POST_BID,post_initial_bid,btc-updown-5m-1778779900,Up,0.5,20.0,,,,,,
1778779900000000,POST_BID,post_initial_bid,btc-updown-5m-1778779900,Down,0.5,20.0,,,,,,
1778779900000000,POST_BID,post_initial_bid,btc-updown-5m-1778779900,Up,0.5,20.0,,,,,,
1778779900000000,POST_BID,post_initial_bid,btc-updown-5m-1778779900,Down,0.5,20.0,,,,,,
1778779900000000,POST_BID,post_initial_bid,btc-updown-5m-1778779900,Up,0.5,20.0,,,,,,
1778779900000000,POST_BID,post_initial_bid,btc-updown-5m-1778779900,Up,0.5,20.0,,,,,,
1778779900000000,POST_BID,post_initial_bid,btc-updown-5m-1778779900,Down,0.5,20.0,,,,,,
1778779900000000,POST_BID,post_initial_bid,btc-updown-5m-1778779900,Down,0.5,20.0,,,,,,
1778779900000000,POST_BID,post_initial_bid,btc-updown-5m-1778779900,Down,0.5,20.0,,,,,,
1778779900000000,POST_BID,post_initial_bid,btc-updown-5m-1778779900,Down,0.5,20.0,,,,,,
1778779900000000,POST_BID,post_initial_bid,btc-updown-5m-1778779900,Up,0.5,20.0,,,,,,
1778779900000000,POST_BID,post_initial_bid,btc-updown-5m-1778779900,Up,0.5,20.0,,,,,,
1778779900000000,POST_BID,post_initial_bid,btc-updown-5m-1778779900,Up,0.5,20.0,,,,,,
1778779900000000,POST_BID,post_initial_bid,btc-updown-5m-1778779900,Down,0.5,20.0,,,,,,
1778779900000000,POST_BID,post_initial_bid,btc-updown-5m-1778779900,Down,0.5,20.0,,,,,,
1778779900000000,POST_BID,post_initial_bid,btc-updown-5m-1778779900,Up,0.5,20.0,,,,,,
1778779900000000,POST_BID,post_initial_bid,btc-updown-5m-1778779900,Up,0.5,20.0,,,,,,
1778779900000000,POST_BID,post_initial_bid,btc-updown-5m-1778779900,Up,0.5,20.0,,,,,,
1778779900000000,POST_BID,post_initial_bid,btc-updown-5m-1778779900,Up,0.5,20.0,,,,,,
1778779900000000,POST_BID,post_initial_bid,btc-updown-5m-1778779900,Up,0.5,20.0,,,,,,
1778779900000000,POST_BID,post_initial_bid,btc-updown-5m-1778779900,Down,0.5,20.0,,,,,,
1778779900000000,POST_BID,post_initial_bid,btc-updown-5m-1778779900,Down,0.5,20.0,,,,,,
1778779900000000,POST_BID,post_initial_bid,btc-updown-5m-1778779900,Up,0.5,20.0,,,,,,
1778779900000000,POST_BID,post_initial_bid,btc-updown-5m-1778779900,Up,0.5,20.0,,,,,,
1778779900000000,POST_BID,post_initial_bid,btc-updown-5m-1778779900,Up,0.5,20.0,,,,,,
1778779900000000,POST_BID,post_initial_bid,btc-updown-5m-1778779900,Down,0.5,20.0,,,,,,
1778779900000000,POST_BID,post_initial_bid,btc-updown-5m-1778779900,Down,0.5,20.0,,,,,,
1778779900000000,POST_BID,post_initial_bid,btc-updown-5m-1778779900,Down,0.5,20.0,,,,,,
1778779900000000,FILL,maker_bid_hit,btc-updown-5m-1778779900,Down,0.5,20.0,20.0,,,,,
1778779900000000,FILL,maker_bid_hit,btc-updown-5m-1778779900,Down,0.5,20.0,20.0,,,,,
1778779900000000,FILL,maker_bid_hit,btc-updown-5m-1778779900,Down,0.5,20.0,20.0,,,,,
1778779900000000,FILL,maker_bid_hit,btc-updown-5m-1778779900,Up,0.5,20.0,20.0,,,,,
1778779900000000,FILL,maker_bid_hit,btc-updown-5m-1778779900,Down,0.5,20.0,20.0,,,,,
1778779900000000,FILL,maker_bid_hit,btc-updown-5m-1778779900,Up,0.5,20.0,20.0,,,,,
1778779900000000,FILL,maker_bid_hit,btc-updown-5m-1778779900,Up,0.5,20.0,20.0,,,,,
1778779900000000,FILL,maker_bid_hit,btc-updown-5m-1778779900,Up,0.5,20.0,20.0,,,,,
1778779900000000,FILL,maker_bid_hit,btc-updown-5m-1778779900,Down,0.5,20.0,20.0,,,,,
1778779900000000,FILL,maker_bid_hit,btc-updown-5m-1778779900,Down,0.5,20.0,20.0,,,,,
1778780200000000,LOG_SLUG_COMPLETE,slug_resolved,btc-updown-5m-1778779900,,,,,Down,-9.5423,,,
1778780200000000,POST_BID,post_initial_bid,btc-updown-5m-1778780200,Up,0.5,20.0,,,,,,
1778780200000000,POST_BID,post_initial_bid,btc-updown-5m-1778780200,Up,0.5,20.0,,,,,,
1778780200000000,POST_BID,post_initial_bid,btc-updown-5m-1778780200,Up,0.5,20.0,,,,,,
1778780200000000,POST_BID,post_initial_bid,btc-updown-5m-1778780200,Up,0.5,20.0,,,,,,
1778780200000000,POST_BID,post_initial_bid,btc-updown-5m-1778780200,Down,0.5,20.0,,,,,,
1778780200000000,POST_BID,post_initial_bid,btc-updown-5m-1778780200,Down,0.5,20.0,,,,,,
1778780200000000,POST_BID,post_initial_bid,btc-updown-5m-1778780200,Up,0.5,20.0,,,,,,
1778780200000000,POST_BID,post_initial_bid,btc-updown-5m-1778780200,Down,0.5,20.0,,,,,,
1778780200000000,POST_BID,post_initial_bid,btc-updown-5m-1778780200,Down,0.5,20.0,,,,,,
1778780200000000,POST_BID,post_initial_bid,btc-updown-5m-1778780200,Up,0.5,20.0,,,,,,
1778780200000000,POST_BID,post_initial_bid,btc-updown-5m-1778780200,Down,0.5,20.0,,,,,,
1778780200000000,POST_BID,post_initial_bid,btc-updown-5m-1778780200,Up,0.5,20.0,,,,,,
1778780200000000,POST_BID,post_initial_bid,btc-updown-5m-1778780200,Down,0.5,20.0,,,,,,
1778780200000000,POST_BID,post_initial_bid,btc-updown-5m-1778780200,Up,0.5,20.0,,,,,,
1778780200000000,POST_BID,post_initial_bid,btc-updown-5m-1778780200,Up,0.5,20.0,,,,,,
1778780200000000,POST_BID,post_initial_bid,btc-updown-5m-1778780200,Down,0.5,20.0,,,,,,
1778780200000000,POST_BID,post_initial_bid,btc-updown-5m-1778780200,Up,0.5,20.0,,,,,,
1778780200000000,POST_BID,post_initial_bid,btc-updown-5m-1778780200,Up,0.5,20.0,,,,,,
1778780200000000,POST_BID,post_initial_bid,btc-updown-5m-1778780200,Down,0.5,20.0,,,,,,
1778780200000000,POST_BID,post_initial_bid,btc-updown-5m-1778780200,Up,0.5,20.0,,,,,,
1778780200000000,POST_BID,post_initial_bid,btc-updown-5m-1778780200,Up,0.5,20.0,,,,,,
1778780200000000,POST_BID,post_initial_bid,btc-updown-5m-1778780200,Up,0.5,20.0,,,,,,
1778780200000000,POST_BID,post_initial_bid,btc-updown-5m-1778780200,Down,0.5,20.0,,,,,,
1778780200000000,POST_BID,post_initial_bid,btc-updown-5m-1778780200,Up,0.5,20.0,,,,,,
1778780200000000,POST_BID,post_initial_bid,btc-updown-5m-1778780200,Down,0.5,20.0,,,,,,
1778780200000000,POST_BID,post_initial_bid,btc-updown-5m-1778780200,Up,0.5,20.0,,,,,,
1778780200000000,POST_BID,post_initial_bid,btc-updown-5m-1778780200,Up,0.5,20.0,,,,,,
1778780200000000,POST_BID,post_initial_bid,btc-updown-5m-1778780200,Up,0.5,20.0,,,,,,
1778780200000000,POST_BID,post_initial_bid,btc-updown-5m-1778780200,Up,0.5,20.0,,,,,,
1778780200000000,POST_BID,post_initial_bid,btc-updown-5m-1778780200,Down,0.5,20.0,,,,,,
1778780200000000,POST_BID,post_initial_bid,btc-updown-5m-1778780200,Down,0.5,20.0,,,,,,
1778780200000000,POST_BID,post_initial_bid,btc-updown-5m-1778780200,Up,0.5,20.0,,,,,,
1778780200000000,POST_BID,post_initial_bid,btc-updown-5m-1778780200,Up,0.5,20.0,,,,,,
1778780200000000,POST_BID,post_initial_bid,btc-updown-5m-1778780200,Down,0.5,20.0,,,,,,
1778780200000000,POST_BID,post_initial_bid,btc-updown-5m-1778780200,Down,0.5,20.0,,,,,,
1778780200000000,POST_BID,post_initial_bid,btc-updown-5m-1778780200,Down,0.5,20.0,,,,,,
1778780200000000,POST_BID,post_initial_bid,btc-updown-5m-1778780200,Up,0.5,20.0,,,,,,
1778780200000000,POST_BID,post_initial_bid,btc-updown-5m-1778780200,Down,0.5,20.0,,,,,,
1778780200000000,POST_BID,post_initial_bid,btc-updown-5m-1778780200,Up,0.5,20.0,,,,,,
1778780200000000,POST_BID,post_initial_bid,btc-updown-5m-1778780200,Down,0.5,20.0,,,,,,
1778780200000000,POST_BID,post_initial_bid,btc-updown-5m-1778780200,Down,0.5,20.0,,,,,,
1778780200000000,POST_BID,post_initial_bid,btc-updown-5m-1778780200,Up,0.5,20.0,,,,,,
1778780200000000,POST_BID,post_initial_bid,btc-updown-5m-1778780200,Down,0.5,20.0,,,,,,
1778780200000000,POST_BID,post_initial_bid,btc-updown-5m-1778780200,Down,0.5,20.0,,,,,,
1778780200000000,POST_BID,post_initial_bid,btc-updown-5m-1778780200,Down,0.5,20.0,,,,,,
1778780200000000,POST_BID,post_initial_bid,btc-updown-5m-1778780200,Up,0.5,20.0,,,,,,
1778780200000000,POST_BID,post_initial_bid,btc-updown-5m-1778780200,Up,0.5,20.0,,,,,,
1778780200000000,POST_BID,post_initial_bid,btc-updown-5m-1778780200,Up,0.5,20.0,,,,,,
1778780200000000,POST_BID,post_initial_bid,btc-updown-5m-1778780200,Down,0.5,20.0,,,,,,
1778780200000000,POST_BID,post_initial_bid,btc-updown-5m-1778780200,Up,0.5,20.0,,,,,,
1778780200000000,POST_BID,post_initial_bid,btc-updown-5m-1778780200,Down,0.5,20.0,,,,,,
1778780200000000,POST_BID,post_initial_bid,btc-updown-5m-1778780200,Down,0.5,20.0,,,,,,
1778780200000000,POST_BID,post_initial_bid,btc-updown-5m-1778780200,Down,0.5,20.0,,,,,,
1778780200000000,POST_BID,post_initial_bid,btc-updown-5m-1778780200,Up,0.5,20.0,,,,,,
1778780200000000,POST_BID,post_initial_bid,btc-updown-5m-1778780200,Down,0.5,20.0,,,,,,
1778780200000000,POST_BID,post_initial_bid,btc-updown-5m-1778780200,Down,0.5,20.0,,,,,,
1778780200000000,POST_BID,post_initial_bid,btc-updown-5m-1778780200,Up,0.5,20.0,,,,,,
1778780200000000,POST_BID,post_initial_bid,btc-updown-5m-1778780200,Down,0.5,20.0,,,,,,
1778780200000000,POST_BID,post_initial_bid,btc-updown-5m-1778780200,Up,0.5,20.0,,,,,,
1778780200000000,POST_BID,post_initial_bid,btc-updown-5m-1778780200,Down,0.5,20.0,,,,,,
1778780200000000,POST_BID,post_initial_bid,btc-updown-5m-1778780200,Up,0.5,20.0,,,,,,
1778780200000000,POST_BID,post_initial_bid,btc-updown-5m-1778780200,Down,0.5,20.0,,,,,,
1778780200000000,POST_BID,post_initial_bid,btc-updown-5m-1778780200,Down,0.5,20.0,,,,,,
1778780200000000,POST_BID,post_initial_bid,btc-updown-5m-1778780200,Up,0.5,20.0,,,,,,
1778780200000000,POST_BID,post_initial_bid,btc-updown-5m-1778780200,Up,0.5,20.0,,,,,,
1778780200000000,POST_BID,post_initial_bid,btc-updown-5m-1778780200,Up,0.5,20.0,,,,,,
1778780200000000,POST_BID,post_initial_bid,btc-updown-5m-1778780200,Up,0.5,20.0,,,,,,
1778780200000000,POST_BID,post_initial_bid,btc-updown-5m-1778780200,Down,0.5,20.0,,,,,,
1778780200000000,POST_BID,post_initial_bid,btc-updown-5m-1778780200,Up,0.5,20.0,,,,,,
1778780200000000,POST_BID,post_initial_bid,btc-updown-5m-1778780200,Up,0.5,20.0,,,,,,
1778780200000000,POST_BID,post_initial_bid,btc-updown-5m-1778780200,Down,0.5,20.0,,,,,,
1778780200000000,POST_BID,post_initial_bid,btc-updown-5m-1778780200,Down,0.5,20.0,,,,,,
1778780200000000,POST_BID,post_initial_bid,btc-updown-5m-1778780200,Down,0.5,20.0,,,,,,
1778780200000000,POST_BID,post_initial_bid,btc-updown-5m-1778780200,Down,0.5,20.0,,,,,,
1778780200000000,POST_BID,post_initial_bid,btc-updown-5m-1778780200,Up,0.5,20.0,,,,,,
1778780200000000,POST_BID,post_initial_bid,btc-updown-5m-1778780200,Up,0.5,20.0,,,,,,
1778780200000000,POST_BID,post_initial_bid,btc-updown-5m-1778780200,Down,0.5,20.0,,,,,,
1778780200000000,POST_BID,post_initial_bid,btc-updown-5m-1778780200,Down,0.5,20.0,,,,,,
1778780200000000,POST_BID,post_initial_bid,btc-updown-5m-1778780200,Down,0.5,20.0,,,,,,
1778780200000000,POST_BID,post_initial_bid,btc-updown-5m-1778780200,Up,0.5,20.0,,,,,,
1778780200000000,POST_BID,post_initial_bid,btc-updown-5m-1778780200,Up,0.5,20.0,,,,,,
1778780200000000,POST_BID,post_initial_bid,btc-updown-5m-1778780200,Down,0.5,20.0,,,,,,
1778780200000000,POST_BID,post_initial_bid,btc-updown-5m-1778780200,Down,0.5,20.0,,,,,,
1778780200000000,POST_BID,post_initial_bid,btc-updown-5m-1778780200,Down,0.5,20.0,,,,,,
1778780200000000,POST_BID,post_initial_bid,btc-updown-5m-1778780200,Down,0.5,20.0,,,,,,
1778780200000000,POST_BID,post_initial_bid,btc-updown-5m-1778780200,Up,0.5,20.0,,,,,,
1778780200000000,POST_BID,post_initial_bid,btc-updown-5m-1778780200,Up,0.5,20.0,,,,,,
1778780200000000,POST_BID,post_initial_bid,btc-updown-5m-1778780200,Down,0.5,20.0,,,,,,
1778780200000000,POST_BID,post_initial_bid,btc-updown-5m-1778780200,Up,0.5,20.0,,,,,,
1778780200000000,POST_BID,post_initial_bid,btc-updown-5m-1778780200,Down,0.5,20.0,,,,,,
1778780200000000,POST_BID,post_initial_bid,btc-updown-5m-1778780200,Down,0.5,20.0,,,,,,
1778780200000000,FILL,maker_bid_hit,btc-updown-5m-1778780200,Down,0.5,20.0,20.0,,,,,
1778780200000000,FILL,maker_bid_hit,btc-updown-5m-1778780200,Up,0.5,20.0,20.0,,,,,
1778780200000000,FILL,maker_bid_hit,btc-updown-5m-1778780200,Up,0.5,20.0,20.0,,,,,
1778780200000000,FILL,maker_bid_hit,btc-updown-5m-1778780200,Down,0.5,20.0,20.0,,,,,
1778780200000000,FILL,maker_bid_hit,btc-updown-5m-1778780200,Down,0.5,20.0,20.0,,,,,
1778780200000000,FILL,maker_bid_hit,btc-updown-5m-1778780200,Down,0.5,20.0,20.0,,,,,
1778780200000000,FILL,maker_bid_hit,btc-updown-5m-1778780200,Up,0.5,20.0,20.0,,,,,
1778780200000000,FILL,maker_bid_hit,btc-updown-5m-1778780200,Up,0.5,20.0,20.0,,,,,
1778780200000000,FILL,maker_bid_hit,btc-updown-5m-1778780200,Down,0.5,20.0,20.0,,,,,
1778780200000000,FILL,maker_bid_hit,btc-updown-5m-1778780200,Up,0.5,20.0,20.0,,,,,
1778780200000000,FILL,maker_bid_hit,btc-updown-5m-1778780200,Up,0.5,20.0,20.0,,,,,
1778780200000000,TAKE,pat_pair_cost=0.9396,btc-updown-5m-1778780200,BOTH,0.939579727136849,20.0,,,,20.0,0.0,0.939579727136849
1778780500000000,LOG_SLUG_COMPLETE,slug_resolved,btc-updown-5m-1778780200,,,,,Down,-1.7428,,,
1778780500000000,POST_BID,post_initial_bid,btc-updown-5m-1778780500,Down,0.5,20.0,,,,,,
1778780500000000,POST_BID,post_initial_bid,btc-updown-5m-1778780500,Down,0.5,20.0,,,,,,
1778780500000000,POST_BID,post_initial_bid,btc-updown-5m-1778780500,Down,0.5,20.0,,,,,,
1778780500000000,POST_BID,post_initial_bid,btc-updown-5m-1778780500,Down,0.5,20.0,,,,,,
1778780500000000,POST_BID,post_initial_bid,btc-updown-5m-1778780500,Up,0.5,20.0,,,,,,
1778780500000000,POST_BID,post_initial_bid,btc-updown-5m-1778780500,Down,0.5,20.0,,,,,,
1778780500000000,POST_BID,post_initial_bid,btc-updown-5m-1778780500,Up,0.5,20.0,,,,,,
1778780500000000,POST_BID,post_initial_bid,btc-updown-5m-1778780500,Down,0.5,20.0,,,,,,
1778780500000000,POST_BID,post_initial_bid,btc-updown-5m-1778780500,Down,0.5,20.0,,,,,,
1778780500000000,POST_BID,post_initial_bid,btc-updown-5m-1778780500,Down,0.5,20.0,,,,,,
1778780500000000,POST_BID,post_initial_bid,btc-updown-5m-1778780500,Down,0.5,20.0,,,,,,
1778780500000000,POST_BID,post_initial_bid,btc-updown-5m-1778780500,Up,0.5,20.0,,,,,,
1778780500000000,POST_BID,post_initial_bid,btc-updown-5m-1778780500,Down,0.5,20.0,,,,,,
1778780500000000,POST_BID,post_initial_bid,btc-updown-5m-1778780500,Up,0.5,20.0,,,,,,
1778780500000000,POST_BID,post_initial_bid,btc-updown-5m-1778780500,Up,0.5,20.0,,,,,,
1778780500000000,POST_BID,post_initial_bid,btc-updown-5m-1778780500,Down,0.5,20.0,,,,,,
1778780500000000,POST_BID,post_initial_bid,btc-updown-5m-1778780500,Down,0.5,20.0,,,,,,
1778780500000000,POST_BID,post_initial_bid,btc-updown-5m-1778780500,Down,0.5,20.0,,,,,,
1778780500000000,POST_BID,post_initial_bid,btc-updown-5m-1778780500,Down,0.5,20.0,,,,,,
1778780500000000,POST_BID,post_initial_bid,btc-updown-5m-1778780500,Up,0.5,20.0,,,,,,
1778780500000000,POST_BID,post_initial_bid,btc-updown-5m-1778780500,Down,0.5,20.0,,,,,,
1778780500000000,POST_BID,post_initial_bid,btc-updown-5m-1778780500,Down,0.5,20.0,,,,,,
1778780500000000,POST_BID,post_initial_bid,btc-updown-5m-1778780500,Down,0.5,20.0,,,,,,
1778780500000000,POST_BID,post_initial_bid,btc-updown-5m-1778780500,Up,0.5,20.0,,,,,,
1778780500000000,POST_BID,post_initial_bid,btc-updown-5m-1778780500,Down,0.5,20.0,,,,,,
1778780500000000,POST_BID,post_initial_bid,btc-updown-5m-1778780500,Down,0.5,20.0,,,,,,
1778780500000000,POST_BID,post_initial_bid,btc-updown-5m-1778780500,Down,0.5,20.0,,,,,,
1778780500000000,POST_BID,post_initial_bid,btc-updown-5m-1778780500,Down,0.5,20.0,,,,,,
1778780500000000,POST_BID,post_initial_bid,btc-updown-5m-1778780500,Up,0.5,20.0,,,,,,
1778780500000000,POST_BID,post_initial_bid,btc-updown-5m-1778780500,Down,0.5,20.0,,,,,,
1778780500000000,POST_BID,post_initial_bid,btc-updown-5m-1778780500,Up,0.5,20.0,,,,,,
1778780500000000,POST_BID,post_initial_bid,btc-updown-5m-1778780500,Up,0.5,20.0,,,,,,
1778780500000000,POST_BID,post_initial_bid,btc-updown-5m-1778780500,Down,0.5,20.0,,,,,,
1778780500000000,POST_BID,post_initial_bid,btc-updown-5m-1778780500,Down,0.5,20.0,,,,,,
1778780500000000,POST_BID,post_initial_bid,btc-updown-5m-1778780500,Up,0.5,20.0,,,,,,
1778780500000000,POST_BID,post_initial_bid,btc-updown-5m-1778780500,Down,0.5,20.0,,,,,,
1778780500000000,POST_BID,post_initial_bid,btc-updown-5m-1778780500,Down,0.5,20.0,,,,,,
1778780500000000,POST_BID,post_initial_bid,btc-updown-5m-1778780500,Down,0.5,20.0,,,,,,
1778780500000000,POST_BID,post_initial_bid,btc-updown-5m-1778780500,Up,0.5,20.0,,,,,,
1778780500000000,POST_BID,post_initial_bid,btc-updown-5m-1778780500,Up,0.5,20.0,,,,,,
1778780500000000,POST_BID,post_initial_bid,btc-updown-5m-1778780500,Up,0.5,20.0,,,,,,
1778780500000000,POST_BID,post_initial_bid,btc-updown-5m-1778780500,Down,0.5,20.0,,,,,,
1778780500000000,POST_BID,post_initial_bid,btc-updown-5m-1778780500,Down,0.5,20.0,,,,,,
1778780500000000,POST_BID,post_initial_bid,btc-updown-5m-1778780500,Down,0.5,20.0,,,,,,
1778780500000000,POST_BID,post_initial_bid,btc-updown-5m-1778780500,Down,0.5,20.0,,,,,,
1778780500000000,POST_BID,post_initial_bid,btc-updown-5m-1778780500,Up,0.5,20.0,,,,,,
1778780500000000,POST_BID,post_initial_bid,btc-updown-5m-1778780500,Up,0.5,20.0,,,,,,
1778780500000000,POST_BID,post_initial_bid,btc-updown-5m-1778780500,Down,0.5,20.0,,,,,,
1778780500000000,POST_BID,post_initial_bid,btc-updown-5m-1778780500,Up,0.5,20.0,,,,,,
1778780500000000,POST_BID,post_initial_bid,btc-updown-5m-1778780500,Down,0.5,20.0,,,,,,
1778780500000000,POST_BID,post_initial_bid,btc-updown-5m-1778780500,Up,0.5,20.0,,,,,,
1778780500000000,POST_BID,post_initial_bid,btc-updown-5m-1778780500,Down,0.5,20.0,,,,,,
1778780500000000,POST_BID,post_initial_bid,btc-updown-5m-1778780500,Up,0.5,20.0,,,,,,
1778780500000000,POST_BID,post_initial_bid,btc-updown-5m-1778780500,Up,0.5,20.0,,,,,,
1778780500000000,POST_BID,post_initial_bid,btc-updown-5m-1778780500,Up,0.5,20.0,,,,,,
1778780500000000,POST_BID,post_initial_bid,btc-updown-5m-1778780500,Up,0.5,20.0,,,,,,
1778780500000000,POST_BID,post_initial_bid,btc-updown-5m-1778780500,Up,0.5,20.0,,,,,,
1778780500000000,POST_BID,post_initial_bid,btc-updown-5m-1778780500,Up,0.5,20.0,,,,,,
1778780500000000,POST_BID,post_initial_bid,btc-updown-5m-1778780500,Up,0.5,20.0,,,,,,
1778780500000000,POST_BID,post_initial_bid,btc-updown-5m-1778780500,Down,0.5,20.0,,,,,,
1778780500000000,POST_BID,post_initial_bid,btc-updown-5m-1778780500,Up,0.5,20.0,,,,,,
1778780500000000,POST_BID,post_initial_bid,btc-updown-5m-1778780500,Down,0.5,20.0,,,,,,
1778780500000000,POST_BID,post_initial_bid,btc-updown-5m-1778780500,Down,0.5,20.0,,,,,,
1778780500000000,POST_BID,post_initial_bid,btc-updown-5m-1778780500,Down,0.5,20.0,,,,,,
1778780500000000,POST_BID,post_initial_bid,btc-updown-5m-1778780500,Up,0.5,20.0,,,,,,
1778780500000000,POST_BID,post_initial_bid,btc-updown-5m-1778780500,Up,0.5,20.0,,,,,,
1778780500000000,POST_BID,post_initial_bid,btc-updown-5m-1778780500,Up,0.5,20.0,,,,,,
1778780500000000,POST_BID,post_initial_bid,btc-updown-5m-1778780500,Down,0.5,20.0,,,,,,
1778780500000000,POST_BID,post_initial_bid,btc-updown-5m-1778780500,Down,0.5,20.0,,,,,,
1778780500000000,POST_BID,post_initial_bid,btc-updown-5m-1778780500,Up,0.5,20.0,,,,,,
1778780500000000,POST_BID,post_initial_bid,btc-updown-5m-1778780500,Up,0.5,20.0,,,,,,
1778780500000000,POST_BID,post_initial_bid,btc-updown-5m-1778780500,Up,0.5,20.0,,,,,,
1778780500000000,POST_BID,post_initial_bid,btc-updown-5m-1778780500,Up,0.5,20.0,,,,,,
1778780500000000,POST_BID,post_initial_bid,btc-updown-5m-1778780500,Down,0.5,20.0,,,,,,
1778780500000000,POST_BID,post_initial_bid,btc-updown-5m-1778780500,Down,0.5,20.0,,,,,,
1778780500000000,POST_BID,post_initial_bid,btc-updown-5m-1778780500,Up,0.5,20.0,,,,,,
1778780500000000,POST_BID,post_initial_bid,btc-updown-5m-1778780500,Up,0.5,20.0,,,,,,
1778780500000000,POST_BID,post_initial_bid,btc-updown-5m-1778780500,Up,0.5,20.0,,,,,,
1778780500000000,POST_BID,post_initial_bid,btc-updown-5m-1778780500,Up,0.5,20.0,,,,,,
1778780500000000,POST_BID,post_initial_bid,btc-updown-5m-1778780500,Down,0.5,20.0,,,,,,
1778780500000000,POST_BID,post_initial_bid,btc-updown-5m-1778780500,Down,0.5,20.0,,,,,,
1778780500000000,POST_BID,post_initial_bid,btc-updown-5m-1778780500,Up,0.5,20.0,,,,,,
1778780500000000,POST_BID,post_initial_bid,btc-updown-5m-1778780500,Up,0.5,20.0,,,,,,
1778780500000000,POST_BID,post_initial_bid,btc-updown-5m-1778780500,Up,0.5,20.0,,,,,,
1778780500000000,POST_BID,post_initial_bid,btc-updown-5m-1778780500,Down,0.5,20.0,,,,,,
1778780500000000,POST_BID,post_initial_bid,btc-updown-5m-1778780500,Down,0.5,20.0,,,,,,
1778780500000000,POST_BID,post_initial_bid,btc-updown-5m-1778780500,Up,0.5,20.0,,,,,,
1778780500000000,POST_BID,post_initial_bid,btc-updown-5m-1778780500,Down,0.5,20.0,,,,,,
1778780500000000,POST_BID,post_initial_bid,btc-updown-5m-1778780500,Down,0.5,20.0,,,,,,
1778780500000000,POST_BID,post_initial_bid,btc-updown-5m-1778780500,Up,0.5,20.0,,,,,,
1778780500000000,POST_BID,post_initial_bid,btc-updown-5m-1778780500,Down,0.5,20.0,,,,,,
1778780500000000,POST_BID,post_initial_bid,btc-updown-5m-1778780500,Up,0.5,20.0,,,,,,
1778780500000000,POST_BID,post_initial_bid,btc-updown-5m-1778780500,Up,0.5,20.0,,,,,,
1778780500000000,POST_BID,post_initial_bid,btc-updown-5m-1778780500,Up,0.5,20.0,,,,,,
1778780500000000,POST_BID,post_initial_bid,btc-updown-5m-1778780500,Down,0.5,20.0,,,,,,
1778780500000000,POST_BID,post_initial_bid,btc-updown-5m-1778780500,Down,0.5,20.0,,,,,,
1778780500000000,POST_BID,post_initial_bid,btc-updown-5m-1778780500,Down,0.5,20.0,,,,,,
1778780500000000,POST_BID,post_initial_bid,btc-updown-5m-1778780500,Up,0.5,20.0,,,,,,
1778780500000000,POST_BID,post_initial_bid,btc-updown-5m-1778780500,Down,0.5,20.0,,,,,,
1778780500000000,FILL,maker_bid_hit,btc-updown-5m-1778780500,Up,0.5,20.0,20.0,,,,,
1778780500000000,FILL,maker_bid_hit,btc-updown-5m-1778780500,Down,0.5,20.0,20.0,,,,,
1778780500000000,FILL,maker_bid_hit,btc-updown-5m-1778780500,Up,0.5,20.0,20.0,,,,,
1778780500000000,FILL,maker_bid_hit,btc-updown-5m-1778780500,Down,0.5,20.0,20.0,,,,,
1778780500000000,FILL,maker_bid_hit,btc-updown-5m-1778780500,Up,0.5,20.0,20.0,,,,,
1778780500000000,FILL,maker_bid_hit,btc-updown-5m-1778780500,Down,0.5,20.0,20.0,,,,,
1778780500000000,FILL,maker_bid_hit,btc-updown-5m-1778780500,Down,0.5,20.0,20.0,,,,,
1778780500000000,FILL,maker_bid_hit,btc-updown-5m-1778780500,Up,0.5,20.0,20.0,,,,,
1778780500000000,FILL,maker_bid_hit,btc-updown-5m-1778780500,Up,0.5,20.0,20.0,,,,,
1778780500000000,FILL,maker_bid_hit,btc-updown-5m-1778780500,Down,0.5,20.0,20.0,,,,,
1778780500000000,FILL,maker_bid_hit,btc-updown-5m-1778780500,Down,0.5,20.0,20.0,,,,,
1778780500000000,FILL,maker_bid_hit,btc-updown-5m-1778780500,Down,0.5,20.0,20.0,,,,,
1778780500000000,FILL,maker_bid_hit,btc-updown-5m-1778780500,Up,0.5,20.0,20.0,,,,,
1778780500000000,FILL,maker_bid_hit,btc-updown-5m-1778780500,Down,0.5,20.0,20.0,,,,,
1778780500000000,FILL,maker_bid_hit,btc-updown-5m-1778780500,Up,0.5,20.0,20.0,,,,,
1778780500000000,FILL,maker_bid_hit,btc-updown-5m-1778780500,Up,0.5,20.0,20.0,,,,,
1778780500000000,FILL,maker_bid_hit,btc-updown-5m-1778780500,Up,0.5,20.0,20.0,,,,,
1778780500000000,TAKE,pat_pair_cost=1.0369,btc-updown-5m-1778780500,BOTH,1.0369287782892036,20.0,,,,20.0,20.0,1.0369287782892036
1778780800000000,LOG_SLUG_COMPLETE,slug_resolved,btc-updown-5m-1778780500,,,,,Down,-1.387,,,
1778780800000000,POST_BID,post_initial_bid,btc-updown-5m-1778780800,Up,0.5,20.0,,,,,,
1778780800000000,POST_BID,post_initial_bid,btc-updown-5m-1778780800,Down,0.5,20.0,,,,,,
1778780800000000,POST_BID,post_initial_bid,btc-updown-5m-1778780800,Down,0.5,20.0,,,,,,
1778780800000000,POST_BID,post_initial_bid,btc-updown-5m-1778780800,Up,0.5,20.0,,,,,,
1778780800000000,POST_BID,post_initial_bid,btc-updown-5m-1778780800,Up,0.5,20.0,,,,,,
1778780800000000,POST_BID,post_initial_bid,btc-updown-5m-1778780800,Down,0.5,20.0,,,,,,
1778780800000000,POST_BID,post_initial_bid,btc-updown-5m-1778780800,Up,0.5,20.0,,,,,,
1778780800000000,POST_BID,post_initial_bid,btc-updown-5m-1778780800,Up,0.5,20.0,,,,,,
1778780800000000,POST_BID,post_initial_bid,btc-updown-5m-1778780800,Down,0.5,20.0,,,,,,
1778780800000000,POST_BID,post_initial_bid,btc-updown-5m-1778780800,Down,0.5,20.0,,,,,,
1778780800000000,POST_BID,post_initial_bid,btc-updown-5m-1778780800,Down,0.5,20.0,,,,,,
1778780800000000,POST_BID,post_initial_bid,btc-updown-5m-1778780800,Up,0.5,20.0,,,,,,
1778780800000000,POST_BID,post_initial_bid,btc-updown-5m-1778780800,Down,0.5,20.0,,,,,,
1778780800000000,POST_BID,post_initial_bid,btc-updown-5m-1778780800,Down,0.5,20.0,,,,,,
1778780800000000,POST_BID,post_initial_bid,btc-updown-5m-1778780800,Down,0.5,20.0,,,,,,
1778780800000000,POST_BID,post_initial_bid,btc-updown-5m-1778780800,Down,0.5,20.0,,,,,,
1778780800000000,POST_BID,post_initial_bid,btc-updown-5m-1778780800,Down,0.5,20.0,,,,,,
1778780800000000,POST_BID,post_initial_bid,btc-updown-5m-1778780800,Down,0.5,20.0,,,,,,
1778780800000000,POST_BID,post_initial_bid,btc-updown-5m-1778780800,Down,0.5,20.0,,,,,,
1778780800000000,POST_BID,post_initial_bid,btc-updown-5m-1778780800,Down,0.5,20.0,,,,,,
1778780800000000,POST_BID,post_initial_bid,btc-updown-5m-1778780800,Up,0.5,20.0,,,,,,
1778780800000000,POST_BID,post_initial_bid,btc-updown-5m-1778780800,Down,0.5,20.0,,,,,,
1778780800000000,POST_BID,post_initial_bid,btc-updown-5m-1778780800,Up,0.5,20.0,,,,,,
1778780800000000,POST_BID,post_initial_bid,btc-updown-5m-1778780800,Up,0.5,20.0,,,,,,
1778780800000000,POST_BID,post_initial_bid,btc-updown-5m-1778780800,Up,0.5,20.0,,,,,,
1778780800000000,POST_BID,post_initial_bid,btc-updown-5m-1778780800,Up,0.5,20.0,,,,,,
1778780800000000,POST_BID,post_initial_bid,btc-updown-5m-1778780800,Down,0.5,20.0,,,,,,
1778780800000000,POST_BID,post_initial_bid,btc-updown-5m-1778780800,Up,0.5,20.0,,,,,,
1778780800000000,POST_BID,post_initial_bid,btc-updown-5m-1778780800,Up,0.5,20.0,,,,,,
1778780800000000,POST_BID,post_initial_bid,btc-updown-5m-1778780800,Up,0.5,20.0,,,,,,
1778780800000000,POST_BID,post_initial_bid,btc-updown-5m-1778780800,Up,0.5,20.0,,,,,,
1778780800000000,POST_BID,post_initial_bid,btc-updown-5m-1778780800,Down,0.5,20.0,,,,,,
1778780800000000,POST_BID,post_initial_bid,btc-updown-5m-1778780800,Down,0.5,20.0,,,,,,
1778780800000000,POST_BID,post_initial_bid,btc-updown-5m-1778780800,Up,0.5,20.0,,,,,,
1778780800000000,POST_BID,post_initial_bid,btc-updown-5m-1778780800,Down,0.5,20.0,,,,,,
1778780800000000,POST_BID,post_initial_bid,btc-updown-5m-1778780800,Down,0.5,20.0,,,,,,
1778780800000000,POST_BID,post_initial_bid,btc-updown-5m-1778780800,Up,0.5,20.0,,,,,,
1778780800000000,POST_BID,post_initial_bid,btc-updown-5m-1778780800,Up,0.5,20.0,,,,,,
1778780800000000,POST_BID,post_initial_bid,btc-updown-5m-1778780800,Up,0.5,20.0,,,,,,
1778780800000000,POST_BID,post_initial_bid,btc-updown-5m-1778780800,Up,0.5,20.0,,,,,,
1778780800000000,POST_BID,post_initial_bid,btc-updown-5m-1778780800,Up,0.5,20.0,,,,,,
1778780800000000,POST_BID,post_initial_bid,btc-updown-5m-1778780800,Up,0.5,20.0,,,,,,
1778780800000000,POST_BID,post_initial_bid,btc-updown-5m-1778780800,Down,0.5,20.0,,,,,,
1778780800000000,POST_BID,post_initial_bid,btc-updown-5m-1778780800,Up,0.5,20.0,,,,,,
1778780800000000,POST_BID,post_initial_bid,btc-updown-5m-1778780800,Up,0.5,20.0,,,,,,
1778780800000000,POST_BID,post_initial_bid,btc-updown-5m-1778780800,Down,0.5,20.0,,,,,,
1778780800000000,POST_BID,post_initial_bid,btc-updown-5m-1778780800,Down,0.5,20.0,,,,,,
1778780800000000,POST_BID,post_initial_bid,btc-updown-5m-1778780800,Down,0.5,20.0,,,,,,
1778780800000000,POST_BID,post_initial_bid,btc-updown-5m-1778780800,Up,0.5,20.0,,,,,,
1778780800000000,POST_BID,post_initial_bid,btc-updown-5m-1778780800,Down,0.5,20.0,,,,,,
1778780800000000,POST_BID,post_initial_bid,btc-updown-5m-1778780800,Up,0.5,20.0,,,,,,
1778780800000000,POST_BID,post_initial_bid,btc-updown-5m-1778780800,Up,0.5,20.0,,,,,,
1778780800000000,POST_BID,post_initial_bid,btc-updown-5m-1778780800,Down,0.5,20.0,,,,,,
1778780800000000,POST_BID,post_initial_bid,btc-updown-5m-1778780800,Down,0.5,20.0,,,,,,
1778780800000000,POST_BID,post_initial_bid,btc-updown-5m-1778780800,Up,0.5,20.0,,,,,,
1778780800000000,POST_BID,post_initial_bid,btc-updown-5m-1778780800,Up,0.5,20.0,,,,,,
1778780800000000,POST_BID,post_initial_bid,btc-updown-5m-1778780800,Down,0.5,20.0,,,,,,
1778780800000000,POST_BID,post_initial_bid,btc-updown-5m-1778780800,Up,0.5,20.0,,,,,,
1778780800000000,POST_BID,post_initial_bid,btc-updown-5m-1778780800,Up,0.5,20.0,,,,,,
1778780800000000,POST_BID,post_initial_bid,btc-updown-5m-1778780800,Down,0.5,20.0,,,,,,
1778780800000000,POST_BID,post_initial_bid,btc-updown-5m-1778780800,Up,0.5,20.0,,,,,,
1778780800000000,POST_BID,post_initial_bid,btc-updown-5m-1778780800,Up,0.5,20.0,,,,,,
1778780800000000,POST_BID,post_initial_bid,btc-updown-5m-1778780800,Up,0.5,20.0,,,,,,
1778780800000000,POST_BID,post_initial_bid,btc-updown-5m-1778780800,Up,0.5,20.0,,,,,,
1778780800000000,POST_BID,post_initial_bid,btc-updown-5m-1778780800,Down,0.5,20.0,,,,,,
1778780800000000,POST_BID,post_initial_bid,btc-updown-5m-1778780800,Down,0.5,20.0,,,,,,
1778780800000000,POST_BID,post_initial_bid,btc-updown-5m-1778780800,Up,0.5,20.0,,,,,,
1778780800000000,POST_BID,post_initial_bid,btc-updown-5m-1778780800,Down,0.5,20.0,,,,,,
1778780800000000,POST_BID,post_initial_bid,btc-updown-5m-1778780800,Up,0.5,20.0,,,,,,
1778780800000000,POST_BID,post_initial_bid,btc-updown-5m-1778780800,Down,0.5,20.0,,,,,,
1778780800000000,POST_BID,post_initial_bid,btc-updown-5m-1778780800,Down,0.5,20.0,,,,,,
1778780800000000,POST_BID,post_initial_bid,btc-updown-5m-1778780800,Up,0.5,20.0,,,,,,
1778780800000000,POST_BID,post_initial_bid,btc-updown-5m-1778780800,Up,0.5,20.0,,,,,,
1778780800000000,POST_BID,post_initial_bid,btc-updown-5m-1778780800,Up,0.5,20.0,,,,,,
1778780800000000,POST_BID,post_initial_bid,btc-updown-5m-1778780800,Up,0.5,20.0,,,,,,
1778780800000000,POST_BID,post_initial_bid,btc-updown-5m-1778780800,Down,0.5,20.0,,,,,,
1778780800000000,POST_BID,post_initial_bid,btc-updown-5m-1778780800,Up,0.5,20.0,,,,,,
1778780800000000,POST_BID,post_initial_bid,btc-updown-5m-1778780800,Down,0.5,20.0,,,,,,
1778780800000000,POST_BID,post_initial_bid,btc-updown-5m-1778780800,Down,0.5,20.0,,,,,,
1778780800000000,POST_BID,post_initial_bid,btc-updown-5m-1778780800,Up,0.5,20.0,,,,,,
1778780800000000,POST_BID,post_initial_bid,btc-updown-5m-1778780800,Down,0.5,20.0,,,,,,
1778780800000000,POST_BID,post_initial_bid,btc-updown-5m-1778780800,Down,0.5,20.0,,,,,,
1778780800000000,POST_BID,post_initial_bid,btc-updown-5m-1778780800,Up,0.5,20.0,,,,,,
1778780800000000,POST_BID,post_initial_bid,btc-updown-5m-1778780800,Up,0.5,20.0,,,,,,
1778780800000000,POST_BID,post_initial_bid,btc-updown-5m-1778780800,Down,0.5,20.0,,,,,,
1778780800000000,POST_BID,post_initial_bid,btc-updown-5m-1778780800,Up,0.5,20.0,,,,,,
1778780800000000,POST_BID,post_initial_bid,btc-updown-5m-1778780800,Down,0.5,20.0,,,,,,
1778780800000000,POST_BID,post_initial_bid,btc-updown-5m-1778780800,Down,0.5,20.0,,,,,,
1778780800000000,POST_BID,post_initial_bid,btc-updown-5m-1778780800,Up,0.5,20.0,,,,,,
1778780800000000,POST_BID,post_initial_bid,btc-updown-5m-1778780800,Up,0.5,20.0,,,,,,
1778780800000000,POST_BID,post_initial_bid,btc-updown-5m-1778780800,Down,0.5,20.0,,,,,,
1778780800000000,POST_BID,post_initial_bid,btc-updown-5m-1778780800,Up,0.5,20.0,,,,,,
1778780800000000,POST_BID,post_initial_bid,btc-updown-5m-1778780800,Down,0.5,20.0,,,,,,
1778780800000000,POST_BID,post_initial_bid,btc-updown-5m-1778780800,Up,0.5,20.0,,,,,,
1778780800000000,POST_BID,post_initial_bid,btc-updown-5m-1778780800,Down,0.5,20.0,,,,,,
1778780800000000,FILL,maker_bid_hit,btc-updown-5m-1778780800,Up,0.5,20.0,20.0,,,,,
1778780800000000,FILL,maker_bid_hit,btc-updown-5m-1778780800,Up,0.5,20.0,20.0,,,,,
1778780800000000,FILL,maker_bid_hit,btc-updown-5m-1778780800,Down,0.5,20.0,20.0,,,,,
1778780800000000,FILL,maker_bid_hit,btc-updown-5m-1778780800,Down,0.5,20.0,20.0,,,,,
1778780800000000,FILL,maker_bid_hit,btc-updown-5m-1778780800,Up,0.5,20.0,20.0,,,,,
1778780800000000,FILL,maker_bid_hit,btc-updown-5m-1778780800,Down,0.5,20.0,20.0,,,,,
1778780800000000,FILL,maker_bid_hit,btc-updown-5m-1778780800,Down,0.5,20.0,20.0,,,,,
1778780800000000,FILL,maker_bid_hit,btc-updown-5m-1778780800,Down,0.5,20.0,20.0,,,,,
1778780800000000,FILL,maker_bid_hit,btc-updown-5m-1778780800,Up,0.5,20.0,20.0,,,,,
1778780800000000,FILL,maker_bid_hit,btc-updown-5m-1778780800,Up,0.5,20.0,20.0,,,,,
1778780800000000,FILL,maker_bid_hit,btc-updown-5m-1778780800,Down,0.5,20.0,20.0,,,,,
1778780800000000,FILL,maker_bid_hit,btc-updown-5m-1778780800,Down,0.5,20.0,20.0,,,,,
1778780800000000,FILL,maker_bid_hit,btc-updown-5m-1778780800,Up,0.5,20.0,20.0,,,,,
1778780800000000,FILL,maker_bid_hit,btc-updown-5m-1778780800,Down,0.5,20.0,20.0,,,,,
1778780800000000,FILL,maker_bid_hit,btc-updown-5m-1778780800,Up,0.5,20.0,20.0,,,,,
1778780800000000,FILL,maker_bid_hit,btc-updown-5m-1778780800,Up,0.5,20.0,20.0,,,,,
1778781100000000,LOG_SLUG_COMPLETE,slug_resolved,btc-updown-5m-1778780800,,,,,Down,-4.2725,,,
1778781100000000,POST_BID,post_initial_bid,btc-updown-5m-1778781100,Up,0.5,20.0,,,,,,
1778781100000000,POST_BID,post_initial_bid,btc-updown-5m-1778781100,Up,0.5,20.0,,,,,,
1778781100000000,POST_BID,post_initial_bid,btc-updown-5m-1778781100,Up,0.5,20.0,,,,,,
1778781100000000,POST_BID,post_initial_bid,btc-updown-5m-1778781100,Up,0.5,20.0,,,,,,
1778781100000000,POST_BID,post_initial_bid,btc-updown-5m-1778781100,Up,0.5,20.0,,,,,,
1778781100000000,POST_BID,post_initial_bid,btc-updown-5m-1778781100,Down,0.5,20.0,,,,,,
1778781100000000,POST_BID,post_initial_bid,btc-updown-5m-1778781100,Up,0.5,20.0,,,,,,
1778781100000000,POST_BID,post_initial_bid,btc-updown-5m-1778781100,Up,0.5,20.0,,,,,,
1778781100000000,POST_BID,post_initial_bid,btc-updown-5m-1778781100,Down,0.5,20.0,,,,,,
1778781100000000,POST_BID,post_initial_bid,btc-updown-5m-1778781100,Down,0.5,20.0,,,,,,
1778781100000000,POST_BID,post_initial_bid,btc-updown-5m-1778781100,Up,0.5,20.0,,,,,,
1778781100000000,POST_BID,post_initial_bid,btc-updown-5m-1778781100,Down,0.5,20.0,,,,,,
1778781100000000,POST_BID,post_initial_bid,btc-updown-5m-1778781100,Down,0.5,20.0,,,,,,
1778781100000000,POST_BID,post_initial_bid,btc-updown-5m-1778781100,Down,0.5,20.0,,,,,,
1778781100000000,POST_BID,post_initial_bid,btc-updown-5m-1778781100,Down,0.5,20.0,,,,,,
1778781100000000,POST_BID,post_initial_bid,btc-updown-5m-1778781100,Down,0.5,20.0,,,,,,
1778781100000000,POST_BID,post_initial_bid,btc-updown-5m-1778781100,Down,0.5,20.0,,,,,,
1778781100000000,POST_BID,post_initial_bid,btc-updown-5m-1778781100,Up,0.5,20.0,,,,,,
1778781100000000,POST_BID,post_initial_bid,btc-updown-5m-1778781100,Down,0.5,20.0,,,,,,
1778781100000000,POST_BID,post_initial_bid,btc-updown-5m-1778781100,Up,0.5,20.0,,,,,,
1778781100000000,POST_BID,post_initial_bid,btc-updown-5m-1778781100,Down,0.5,20.0,,,,,,
1778781100000000,POST_BID,post_initial_bid,btc-updown-5m-1778781100,Up,0.5,20.0,,,,,,
1778781100000000,POST_BID,post_initial_bid,btc-updown-5m-1778781100,Up,0.5,20.0,,,,,,
1778781100000000,POST_BID,post_initial_bid,btc-updown-5m-1778781100,Down,0.5,20.0,,,,,,
1778781100000000,POST_BID,post_initial_bid,btc-updown-5m-1778781100,Up,0.5,20.0,,,,,,
1778781100000000,POST_BID,post_initial_bid,btc-updown-5m-1778781100,Down,0.5,20.0,,,,,,
1778781100000000,POST_BID,post_initial_bid,btc-updown-5m-1778781100,Down,0.5,20.0,,,,,,
1778781100000000,POST_BID,post_initial_bid,btc-updown-5m-1778781100,Down,0.5,20.0,,,,,,
1778781100000000,POST_BID,post_initial_bid,btc-updown-5m-1778781100,Up,0.5,20.0,,,,,,
1778781100000000,POST_BID,post_initial_bid,btc-updown-5m-1778781100,Down,0.5,20.0,,,,,,
1778781100000000,POST_BID,post_initial_bid,btc-updown-5m-1778781100,Up,0.5,20.0,,,,,,
1778781100000000,POST_BID,post_initial_bid,btc-updown-5m-1778781100,Down,0.5,20.0,,,,,,
1778781100000000,POST_BID,post_initial_bid,btc-updown-5m-1778781100,Up,0.5,20.0,,,,,,
1778781100000000,POST_BID,post_initial_bid,btc-updown-5m-1778781100,Up,0.5,20.0,,,,,,
1778781100000000,POST_BID,post_initial_bid,btc-updown-5m-1778781100,Up,0.5,20.0,,,,,,
1778781100000000,POST_BID,post_initial_bid,btc-updown-5m-1778781100,Up,0.5,20.0,,,,,,
1778781100000000,POST_BID,post_initial_bid,btc-updown-5m-1778781100,Up,0.5,20.0,,,,,,
1778781100000000,POST_BID,post_initial_bid,btc-updown-5m-1778781100,Down,0.5,20.0,,,,,,
1778781100000000,POST_BID,post_initial_bid,btc-updown-5m-1778781100,Up,0.5,20.0,,,,,,
1778781100000000,POST_BID,post_initial_bid,btc-updown-5m-1778781100,Up,0.5,20.0,,,,,,
1778781100000000,POST_BID,post_initial_bid,btc-updown-5m-1778781100,Down,0.5,20.0,,,,,,
1778781100000000,POST_BID,post_initial_bid,btc-updown-5m-1778781100,Up,0.5,20.0,,,,,,
1778781100000000,POST_BID,post_initial_bid,btc-updown-5m-1778781100,Up,0.5,20.0,,,,,,
1778781100000000,POST_BID,post_initial_bid,btc-updown-5m-1778781100,Up,0.5,20.0,,,,,,
1778781100000000,POST_BID,post_initial_bid,btc-updown-5m-1778781100,Down,0.5,20.0,,,,,,
1778781100000000,POST_BID,post_initial_bid,btc-updown-5m-1778781100,Up,0.5,20.0,,,,,,
1778781100000000,POST_BID,post_initial_bid,btc-updown-5m-1778781100,Up,0.5,20.0,,,,,,
1778781100000000,POST_BID,post_initial_bid,btc-updown-5m-1778781100,Up,0.5,20.0,,,,,,
1778781100000000,POST_BID,post_initial_bid,btc-updown-5m-1778781100,Up,0.5,20.0,,,,,,
1778781100000000,POST_BID,post_initial_bid,btc-updown-5m-1778781100,Up,0.5,20.0,,,,,,
1778781100000000,POST_BID,post_initial_bid,btc-updown-5m-1778781100,Down,0.5,20.0,,,,,,
1778781100000000,POST_BID,post_initial_bid,btc-updown-5m-1778781100,Down,0.5,20.0,,,,,,
1778781100000000,POST_BID,post_initial_bid,btc-updown-5m-1778781100,Down,0.5,20.0,,,,,,
1778781100000000,POST_BID,post_initial_bid,btc-updown-5m-1778781100,Up,0.5,20.0,,,,,,
1778781100000000,POST_BID,post_initial_bid,btc-updown-5m-1778781100,Down,0.5,20.0,,,,,,
1778781100000000,POST_BID,post_initial_bid,btc-updown-5m-1778781100,Down,0.5,20.0,,,,,,
1778781100000000,POST_BID,post_initial_bid,btc-updown-5m-1778781100,Up,0.5,20.0,,,,,,
1778781100000000,POST_BID,post_initial_bid,btc-updown-5m-1778781100,Down,0.5,20.0,,,,,,
1778781100000000,POST_BID,post_initial_bid,btc-updown-5m-1778781100,Down,0.5,20.0,,,,,,
1778781100000000,POST_BID,post_initial_bid,btc-updown-5m-1778781100,Down,0.5,20.0,,,,,,
1778781100000000,POST_BID,post_initial_bid,btc-updown-5m-1778781100,Down,0.5,20.0,,,,,,
1778781100000000,POST_BID,post_initial_bid,btc-updown-5m-1778781100,Up,0.5,20.0,,,,,,
1778781100000000,POST_BID,post_initial_bid,btc-updown-5m-1778781100,Up,0.5,20.0,,,,,,
1778781100000000,POST_BID,post_initial_bid,btc-updown-5m-1778781100,Up,0.5,20.0,,,,,,
1778781100000000,POST_BID,post_initial_bid,btc-updown-5m-1778781100,Down,0.5,20.0,,,,,,
1778781100000000,POST_BID,post_initial_bid,btc-updown-5m-1778781100,Up,0.5,20.0,,,,,,
1778781100000000,POST_BID,post_initial_bid,btc-updown-5m-1778781100,Down,0.5,20.0,,,,,,
1778781100000000,POST_BID,post_initial_bid,btc-updown-5m-1778781100,Up,0.5,20.0,,,,,,
1778781100000000,POST_BID,post_initial_bid,btc-updown-5m-1778781100,Down,0.5,20.0,,,,,,
1778781100000000,POST_BID,post_initial_bid,btc-updown-5m-1778781100,Up,0.5,20.0,,,,,,
1778781100000000,POST_BID,post_initial_bid,btc-updown-5m-1778781100,Down,0.5,20.0,,,,,,
1778781100000000,POST_BID,post_initial_bid,btc-updown-5m-1778781100,Down,0.5,20.0,,,,,,
1778781100000000,POST_BID,post_initial_bid,btc-updown-5m-1778781100,Up,0.5,20.0,,,,,,
1778781100000000,POST_BID,post_initial_bid,btc-updown-5m-1778781100,Up,0.5,20.0,,,,,,
1778781100000000,POST_BID,post_initial_bid,btc-updown-5m-1778781100,Down,0.5,20.0,,,,,,
1778781100000000,POST_BID,post_initial_bid,btc-updown-5m-1778781100,Down,0.5,20.0,,,,,,
1778781100000000,POST_BID,post_initial_bid,btc-updown-5m-1778781100,Up,0.5,20.0,,,,,,
1778781100000000,POST_BID,post_initial_bid,btc-updown-5m-1778781100,Up,0.5,20.0,,,,,,
1778781100000000,POST_BID,post_initial_bid,btc-updown-5m-1778781100,Down,0.5,20.0,,,,,,
1778781100000000,POST_BID,post_initial_bid,btc-updown-5m-1778781100,Down,0.5,20.0,,,,,,
1778781100000000,POST_BID,post_initial_bid,btc-updown-5m-1778781100,Down,0.5,20.0,,,,,,
1778781100000000,POST_BID,post_initial_bid,btc-updown-5m-1778781100,Up,0.5,20.0,,,,,,
1778781100000000,POST_BID,post_initial_bid,btc-updown-5m-1778781100,Down,0.5,20.0,,,,,,
1778781100000000,POST_BID,post_initial_bid,btc-updown-5m-1778781100,Up,0.5,20.0,,,,,,
1778781100000000,POST_BID,post_initial_bid,btc-updown-5m-1778781100,Down,0.5,20.0,,,,,,
1778781100000000,POST_BID,post_initial_bid,btc-updown-5m-1778781100,Up,0.5,20.0,,,,,,
1778781100000000,POST_BID,post_initial_bid,btc-updown-5m-1778781100,Down,0.5,20.0,,,,,,
1778781100000000,POST_BID,post_initial_bid,btc-updown-5m-1778781100,Up,0.5,20.0,,,,,,
1778781100000000,POST_BID,post_initial_bid,btc-updown-5m-1778781100,Down,0.5,20.0,,,,,,
1778781100000000,POST_BID,post_initial_bid,btc-updown-5m-1778781100,Down,0.5,20.0,,,,,,
1778781100000000,POST_BID,post_initial_bid,btc-updown-5m-1778781100,Up,0.5,20.0,,,,,,
1778781100000000,POST_BID,post_initial_bid,btc-updown-5m-1778781100,Down,0.5,20.0,,,,,,
1778781100000000,POST_BID,post_initial_bid,btc-updown-5m-1778781100,Down,0.5,20.0,,,,,,
1778781100000000,POST_BID,post_initial_bid,btc-updown-5m-1778781100,Down,0.5,20.0,,,,,,
1778781100000000,POST_BID,post_initial_bid,btc-updown-5m-1778781100,Up,0.5,20.0,,,,,,
1778781100000000,POST_BID,post_initial_bid,btc-updown-5m-1778781100,Down,0.5,20.0,,,,,,
1778781100000000,FILL,maker_bid_hit,btc-updown-5m-1778781100,Down,0.5,20.0,20.0,,,,,
1778781100000000,FILL,maker_bid_hit,btc-updown-5m-1778781100,Down,0.5,20.0,20.0,,,,,
1778781100000000,FILL,maker_bid_hit,btc-updown-5m-1778781100,Down,0.5,20.0,20.0,,,,,
1778781100000000,FILL,maker_bid_hit,btc-updown-5m-1778781100,Up,0.5,20.0,20.0,,,,,
1778781100000000,FILL,maker_bid_hit,btc-updown-5m-1778781100,Down,0.5,20.0,20.0,,,,,
1778781100000000,FILL,maker_bid_hit,btc-updown-5m-1778781100,Up,0.5,20.0,20.0,,,,,
1778781100000000,FILL,maker_bid_hit,btc-updown-5m-1778781100,Up,0.5,20.0,20.0,,,,,
1778781100000000,FILL,maker_bid_hit,btc-updown-5m-1778781100,Up,0.5,20.0,20.0,,,,,
1778781100000000,FILL,maker_bid_hit,btc-updown-5m-1778781100,Up,0.5,20.0,20.0,,,,,
1778781100000000,FILL,maker_bid_hit,btc-updown-5m-1778781100,Up,0.5,20.0,20.0,,,,,
1778781100000000,FILL,maker_bid_hit,btc-updown-5m-1778781100,Down,0.5,20.0,20.0,,,,,
1778781100000000,FILL,maker_bid_hit,btc-updown-5m-1778781100,Down,0.5,20.0,20.0,,,,,
1778781100000000,FILL,maker_bid_hit,btc-updown-5m-1778781100,Down,0.5,20.0,20.0,,,,,
1778781100000000,FILL,maker_bid_hit,btc-updown-5m-1778781100,Up,0.5,20.0,20.0,,,,,
1778781100000000,TAKE,pat_pair_cost=1.0109,btc-updown-5m-1778781100,BOTH,1.0109378932985114,20.0,,,,20.0,0.0,1.0109378932985114
1778781100000000,TAKE,pat_pair_cost=0.9917,btc-updown-5m-1778781100,BOTH,0.9917112999879989,20.0,,,,20.0,0.0,0.9917112999879989
1778781400000000,LOG_SLUG_COMPLETE,slug_resolved,btc-updown-5m-1778781100,,,,,Up,1.8268,,,
1778781400000000,POST_BID,post_initial_bid,btc-updown-5m-1778781400,Up,0.5,20.0,,,,,,
1778781400000000,POST_BID,post_initial_bid,btc-updown-5m-1778781400,Up,0.5,20.0,,,,,,
1778781400000000,POST_BID,post_initial_bid,btc-updown-5m-1778781400,Up,0.5,20.0,,,,,,
1778781400000000,POST_BID,post_initial_bid,btc-updown-5m-1778781400,Up,0.5,20.0,,,,,,
1778781400000000,POST_BID,post_initial_bid,btc-updown-5m-1778781400,Up,0.5,20.0,,,,,,
1778781400000000,POST_BID,post_initial_bid,btc-updown-5m-1778781400,Down,0.5,20.0,,,,,,
1778781400000000,POST_BID,post_initial_bid,btc-updown-5m-1778781400,Up,0.5,20.0,,,,,,
1778781400000000,POST_BID,post_initial_bid,btc-updown-5m-1778781400,Up,0.5,20.0,,,,,,
1778781400000000,POST_BID,post_initial_bid,btc-updown-5m-1778781400,Down,0.5,20.0,,,,,,
1778781400000000,POST_BID,post_initial_bid,btc-updown-5m-1778781400,Down,0.5,20.0,,,,,,
1778781400000000,POST_BID,post_initial_bid,btc-updown-5m-1778781400,Up,0.5,20.0,,,,,,
1778781400000000,POST_BID,post_initial_bid,btc-updown-5m-1778781400,Down,0.5,20.0,,,,,,
1778781400000000,POST_BID,post_initial_bid,btc-updown-5m-1778781400,Up,0.5,20.0,,,,,,
1778781400000000,POST_BID,post_initial_bid,btc-updown-5m-1778781400,Up,0.5,20.0,,,,,,
1778781400000000,POST_BID,post_initial_bid,btc-updown-5m-1778781400,Down,0.5,20.0,,,,,,
1778781400000000,POST_BID,post_initial_bid,btc-updown-5m-1778781400,Up,0.5,20.0,,,,,,
1778781400000000,POST_BID,post_initial_bid,btc-updown-5m-1778781400,Up,0.5,20.0,,,,,,
1778781400000000,POST_BID,post_initial_bid,btc-updown-5m-1778781400,Up,0.5,20.0,,,,,,
1778781400000000,POST_BID,post_initial_bid,btc-updown-5m-1778781400,Up,0.5,20.0,,,,,,
1778781400000000,POST_BID,post_initial_bid,btc-updown-5m-1778781400,Up,0.5,20.0,,,,,,
1778781400000000,POST_BID,post_initial_bid,btc-updown-5m-1778781400,Down,0.5,20.0,,,,,,
1778781400000000,POST_BID,post_initial_bid,btc-updown-5m-1778781400,Down,0.5,20.0,,,,,,
1778781400000000,POST_BID,post_initial_bid,btc-updown-5m-1778781400,Down,0.5,20.0,,,,,,
1778781400000000,POST_BID,post_initial_bid,btc-updown-5m-1778781400,Up,0.5,20.0,,,,,,
1778781400000000,POST_BID,post_initial_bid,btc-updown-5m-1778781400,Down,0.5,20.0,,,,,,
1778781400000000,POST_BID,post_initial_bid,btc-updown-5m-1778781400,Up,0.5,20.0,,,,,,
1778781400000000,POST_BID,post_initial_bid,btc-updown-5m-1778781400,Up,0.5,20.0,,,,,,
1778781400000000,POST_BID,post_initial_bid,btc-updown-5m-1778781400,Up,0.5,20.0,,,,,,
1778781400000000,POST_BID,post_initial_bid,btc-updown-5m-1778781400,Up,0.5,20.0,,,,,,
1778781400000000,POST_BID,post_initial_bid,btc-updown-5m-1778781400,Up,0.5,20.0,,,,,,
1778781400000000,POST_BID,post_initial_bid,btc-updown-5m-1778781400,Up,0.5,20.0,,,,,,
1778781400000000,POST_BID,post_initial_bid,btc-updown-5m-1778781400,Up,0.5,20.0,,,,,,
1778781400000000,POST_BID,post_initial_bid,btc-updown-5m-1778781400,Down,0.5,20.0,,,,,,
1778781400000000,POST_BID,post_initial_bid,btc-updown-5m-1778781400,Down,0.5,20.0,,,,,,
1778781400000000,POST_BID,post_initial_bid,btc-updown-5m-1778781400,Down,0.5,20.0,,,,,,
1778781400000000,POST_BID,post_initial_bid,btc-updown-5m-1778781400,Down,0.5,20.0,,,,,,
1778781400000000,POST_BID,post_initial_bid,btc-updown-5m-1778781400,Down,0.5,20.0,,,,,,
1778781400000000,POST_BID,post_initial_bid,btc-updown-5m-1778781400,Down,0.5,20.0,,,,,,
1778781400000000,POST_BID,post_initial_bid,btc-updown-5m-1778781400,Up,0.5,20.0,,,,,,
1778781400000000,POST_BID,post_initial_bid,btc-updown-5m-1778781400,Up,0.5,20.0,,,,,,
1778781400000000,POST_BID,post_initial_bid,btc-updown-5m-1778781400,Up,0.5,20.0,,,,,,
1778781400000000,POST_BID,post_initial_bid,btc-updown-5m-1778781400,Down,0.5,20.0,,,,,,
1778781400000000,POST_BID,post_initial_bid,btc-updown-5m-1778781400,Down,0.5,20.0,,,,,,
1778781400000000,POST_BID,post_initial_bid,btc-updown-5m-1778781400,Down,0.5,20.0,,,,,,
1778781400000000,POST_BID,post_initial_bid,btc-updown-5m-1778781400,Up,0.5,20.0,,,,,,
1778781400000000,POST_BID,post_initial_bid,btc-updown-5m-1778781400,Up,0.5,20.0,,,,,,
1778781400000000,POST_BID,post_initial_bid,btc-updown-5m-1778781400,Down,0.5,20.0,,,,,,
1778781400000000,POST_BID,post_initial_bid,btc-updown-5m-1778781400,Up,0.5,20.0,,,,,,
1778781400000000,POST_BID,post_initial_bid,btc-updown-5m-1778781400,Down,0.5,20.0,,,,,,
1778781400000000,POST_BID,post_initial_bid,btc-updown-5m-1778781400,Up,0.5,20.0,,,,,,
1778781400000000,POST_BID,post_initial_bid,btc-updown-5m-1778781400,Up,0.5,20.0,,,,,,
1778781400000000,POST_BID,post_initial_bid,btc-updown-5m-1778781400,Up,0.5,20.0,,,,,,
1778781400000000,POST_BID,post_initial_bid,btc-updown-5m-1778781400,Up,0.5,20.0,,,,,,
1778781400000000,POST_BID,post_initial_bid,btc-updown-5m-1778781400,Down,0.5,20.0,,,,,,
1778781400000000,POST_BID,post_initial_bid,btc-updown-5m-1778781400,Down,0.5,20.0,,,,,,
1778781400000000,POST_BID,post_initial_bid,btc-updown-5m-1778781400,Down,0.5,20.0,,,,,,
1778781400000000,POST_BID,post_initial_bid,btc-updown-5m-1778781400,Down,0.5,20.0,,,,,,
1778781400000000,POST_BID,post_initial_bid,btc-updown-5m-1778781400,Down,0.5,20.0,,,,,,
1778781400000000,POST_BID,post_initial_bid,btc-updown-5m-1778781400,Up,0.5,20.0,,,,,,
1778781400000000,POST_BID,post_initial_bid,btc-updown-5m-1778781400,Down,0.5,20.0,,,,,,
1778781400000000,POST_BID,post_initial_bid,btc-updown-5m-1778781400,Up,0.5,20.0,,,,,,
1778781400000000,POST_BID,post_initial_bid,btc-updown-5m-1778781400,Down,0.5,20.0,,,,,,
1778781400000000,POST_BID,post_initial_bid,btc-updown-5m-1778781400,Down,0.5,20.0,,,,,,
1778781400000000,POST_BID,post_initial_bid,btc-updown-5m-1778781400,Down,0.5,20.0,,,,,,
1778781400000000,POST_BID,post_initial_bid,btc-updown-5m-1778781400,Down,0.5,20.0,,,,,,
1778781400000000,FILL,maker_bid_hit,btc-updown-5m-1778781400,Up,0.5,20.0,20.0,,,,,
1778781400000000,FILL,maker_bid_hit,btc-updown-5m-1778781400,Up,0.5,20.0,20.0,,,,,
1778781400000000,FILL,maker_bid_hit,btc-updown-5m-1778781400,Down,0.5,20.0,20.0,,,,,
1778781400000000,FILL,maker_bid_hit,btc-updown-5m-1778781400,Up,0.5,20.0,20.0,,,,,
1778781400000000,FILL,maker_bid_hit,btc-updown-5m-1778781400,Up,0.5,20.0,20.0,,,,,
1778781400000000,FILL,maker_bid_hit,btc-updown-5m-1778781400,Up,0.5,20.0,20.0,,,,,
1778781400000000,FILL,maker_bid_hit,btc-updown-5m-1778781400,Up,0.5,20.0,20.0,,,,,
1778781400000000,FILL,maker_bid_hit,btc-updown-5m-1778781400,Up,0.5,20.0,20.0,,,,,
1778781400000000,FILL,maker_bid_hit,btc-updown-5m-1778781400,Down,0.5,20.0,20.0,,,,,
1778781400000000,FILL,maker_bid_hit,btc-updown-5m-1778781400,Down,0.5,20.0,20.0,,,,,
1778781400000000,FILL,maker_bid_hit,btc-updown-5m-1778781400,Up,0.5,20.0,20.0,,,,,
1778781400000000,FILL,maker_bid_hit,btc-updown-5m-1778781400,Up,0.5,20.0,20.0,,,,,
1778781400000000,FILL,maker_bid_hit,btc-updown-5m-1778781400,Up,0.5,20.0,20.0,,,,,
1778781400000000,FILL,maker_bid_hit,btc-updown-5m-1778781400,Down,0.5,20.0,20.0,,,,,
1778781700000000,LOG_SLUG_COMPLETE,slug_resolved,btc-updown-5m-1778781400,,,,,Down,-5.8604,,,
1778781700000000,POST_BID,post_initial_bid,btc-updown-5m-1778781700,Up,0.5,20.0,,,,,,
1778781700000000,POST_BID,post_initial_bid,btc-updown-5m-1778781700,Down,0.5,20.0,,,,,,
1778781700000000,POST_BID,post_initial_bid,btc-updown-5m-1778781700,Up,0.5,20.0,,,,,,
1778781700000000,POST_BID,post_initial_bid,btc-updown-5m-1778781700,Down,0.5,20.0,,,,,,
1778781700000000,POST_BID,post_initial_bid,btc-updown-5m-1778781700,Down,0.5,20.0,,,,,,
1778781700000000,POST_BID,post_initial_bid,btc-updown-5m-1778781700,Down,0.5,20.0,,,,,,
1778781700000000,POST_BID,post_initial_bid,btc-updown-5m-1778781700,Down,0.5,20.0,,,,,,
1778781700000000,POST_BID,post_initial_bid,btc-updown-5m-1778781700,Down,0.5,20.0,,,,,,
1778781700000000,POST_BID,post_initial_bid,btc-updown-5m-1778781700,Up,0.5,20.0,,,,,,
1778781700000000,POST_BID,post_initial_bid,btc-updown-5m-1778781700,Down,0.5,20.0,,,,,,
1778781700000000,POST_BID,post_initial_bid,btc-updown-5m-1778781700,Down,0.5,20.0,,,,,,
1778781700000000,POST_BID,post_initial_bid,btc-updown-5m-1778781700,Down,0.5,20.0,,,,,,
1778781700000000,POST_BID,post_initial_bid,btc-updown-5m-1778781700,Up,0.5,20.0,,,,,,
1778781700000000,POST_BID,post_initial_bid,btc-updown-5m-1778781700,Up,0.5,20.0,,,,,,
1778781700000000,POST_BID,post_initial_bid,btc-updown-5m-1778781700,Up,0.5,20.0,,,,,,
1778781700000000,POST_BID,post_initial_bid,btc-updown-5m-1778781700,Up,0.5,20.0,,,,,,
1778781700000000,POST_BID,post_initial_bid,btc-updown-5m-1778781700,Down,0.5,20.0,,,,,,
1778781700000000,POST_BID,post_initial_bid,btc-updown-5m-1778781700,Up,0.5,20.0,,,,,,
1778781700000000,POST_BID,post_initial_bid,btc-updown-5m-1778781700,Down,0.5,20.0,,,,,,
1778781700000000,POST_BID,post_initial_bid,btc-updown-5m-1778781700,Up,0.5,20.0,,,,,,
1778781700000000,POST_BID,post_initial_bid,btc-updown-5m-1778781700,Up,0.5,20.0,,,,,,
1778781700000000,POST_BID,post_initial_bid,btc-updown-5m-1778781700,Down,0.5,20.0,,,,,,
1778781700000000,POST_BID,post_initial_bid,btc-updown-5m-1778781700,Down,0.5,20.0,,,,,,
1778781700000000,POST_BID,post_initial_bid,btc-updown-5m-1778781700,Up,0.5,20.0,,,,,,
1778781700000000,POST_BID,post_initial_bid,btc-updown-5m-1778781700,Up,0.5,20.0,,,,,,
1778781700000000,POST_BID,post_initial_bid,btc-updown-5m-1778781700,Up,0.5,20.0,,,,,,
1778781700000000,POST_BID,post_initial_bid,btc-updown-5m-1778781700,Up,0.5,20.0,,,,,,
1778781700000000,POST_BID,post_initial_bid,btc-updown-5m-1778781700,Up,0.5,20.0,,,,,,
1778781700000000,POST_BID,post_initial_bid,btc-updown-5m-1778781700,Up,0.5,20.0,,,,,,
1778781700000000,POST_BID,post_initial_bid,btc-updown-5m-1778781700,Down,0.5,20.0,,,,,,
1778781700000000,POST_BID,post_initial_bid,btc-updown-5m-1778781700,Up,0.5,20.0,,,,,,
1778781700000000,POST_BID,post_initial_bid,btc-updown-5m-1778781700,Up,0.5,20.0,,,,,,
1778781700000000,POST_BID,post_initial_bid,btc-updown-5m-1778781700,Down,0.5,20.0,,,,,,
1778781700000000,POST_BID,post_initial_bid,btc-updown-5m-1778781700,Up,0.5,20.0,,,,,,
1778781700000000,POST_BID,post_initial_bid,btc-updown-5m-1778781700,Down,0.5,20.0,,,,,,
1778781700000000,POST_BID,post_initial_bid,btc-updown-5m-1778781700,Down,0.5,20.0,,,,,,
1778781700000000,POST_BID,post_initial_bid,btc-updown-5m-1778781700,Up,0.5,20.0,,,,,,
1778781700000000,POST_BID,post_initial_bid,btc-updown-5m-1778781700,Up,0.5,20.0,,,,,,
1778781700000000,POST_BID,post_initial_bid,btc-updown-5m-1778781700,Down,0.5,20.0,,,,,,
1778781700000000,POST_BID,post_initial_bid,btc-updown-5m-1778781700,Down,0.5,20.0,,,,,,
1778781700000000,POST_BID,post_initial_bid,btc-updown-5m-1778781700,Up,0.5,20.0,,,,,,
1778781700000000,POST_BID,post_initial_bid,btc-updown-5m-1778781700,Down,0.5,20.0,,,,,,
1778781700000000,POST_BID,post_initial_bid,btc-updown-5m-1778781700,Down,0.5,20.0,,,,,,
1778781700000000,POST_BID,post_initial_bid,btc-updown-5m-1778781700,Down,0.5,20.0,,,,,,
1778781700000000,POST_BID,post_initial_bid,btc-updown-5m-1778781700,Down,0.5,20.0,,,,,,
1778781700000000,POST_BID,post_initial_bid,btc-updown-5m-1778781700,Up,0.5,20.0,,,,,,
1778781700000000,POST_BID,post_initial_bid,btc-updown-5m-1778781700,Down,0.5,20.0,,,,,,
1778781700000000,POST_BID,post_initial_bid,btc-updown-5m-1778781700,Up,0.5,20.0,,,,,,
1778781700000000,POST_BID,post_initial_bid,btc-updown-5m-1778781700,Up,0.5,20.0,,,,,,
1778781700000000,POST_BID,post_initial_bid,btc-updown-5m-1778781700,Down,0.5,20.0,,,,,,
1778781700000000,POST_BID,post_initial_bid,btc-updown-5m-1778781700,Down,0.5,20.0,,,,,,
1778781700000000,POST_BID,post_initial_bid,btc-updown-5m-1778781700,Up,0.5,20.0,,,,,,
1778781700000000,POST_BID,post_initial_bid,btc-updown-5m-1778781700,Down,0.5,20.0,,,,,,
1778781700000000,POST_BID,post_initial_bid,btc-updown-5m-1778781700,Down,0.5,20.0,,,,,,
1778781700000000,POST_BID,post_initial_bid,btc-updown-5m-1778781700,Up,0.5,20.0,,,,,,
1778781700000000,POST_BID,post_initial_bid,btc-updown-5m-1778781700,Down,0.5,20.0,,,,,,
1778781700000000,POST_BID,post_initial_bid,btc-updown-5m-1778781700,Down,0.5,20.0,,,,,,
1778781700000000,POST_BID,post_initial_bid,btc-updown-5m-1778781700,Up,0.5,20.0,,,,,,
1778781700000000,POST_BID,post_initial_bid,btc-updown-5m-1778781700,Down,0.5,20.0,,,,,,
1778781700000000,POST_BID,post_initial_bid,btc-updown-5m-1778781700,Up,0.5,20.0,,,,,,
1778781700000000,POST_BID,post_initial_bid,btc-updown-5m-1778781700,Up,0.5,20.0,,,,,,
1778781700000000,POST_BID,post_initial_bid,btc-updown-5m-1778781700,Up,0.5,20.0,,,,,,
1778781700000000,POST_BID,post_initial_bid,btc-updown-5m-1778781700,Down,0.5,20.0,,,,,,
1778781700000000,POST_BID,post_initial_bid,btc-updown-5m-1778781700,Up,0.5,20.0,,,,,,
1778781700000000,POST_BID,post_initial_bid,btc-updown-5m-1778781700,Up,0.5,20.0,,,,,,
1778781700000000,POST_BID,post_initial_bid,btc-updown-5m-1778781700,Up,0.5,20.0,,,,,,
1778781700000000,POST_BID,post_initial_bid,btc-updown-5m-1778781700,Down,0.5,20.0,,,,,,
1778781700000000,POST_BID,post_initial_bid,btc-updown-5m-1778781700,Up,0.5,20.0,,,,,,
1778781700000000,POST_BID,post_initial_bid,btc-updown-5m-1778781700,Up,0.5,20.0,,,,,,
1778781700000000,POST_BID,post_initial_bid,btc-updown-5m-1778781700,Down,0.5,20.0,,,,,,
1778781700000000,POST_BID,post_initial_bid,btc-updown-5m-1778781700,Down,0.5,20.0,,,,,,
1778781700000000,POST_BID,post_initial_bid,btc-updown-5m-1778781700,Down,0.5,20.0,,,,,,
1778781700000000,POST_BID,post_initial_bid,btc-updown-5m-1778781700,Down,0.5,20.0,,,,,,
1778781700000000,POST_BID,post_initial_bid,btc-updown-5m-1778781700,Down,0.5,20.0,,,,,,
1778781700000000,POST_BID,post_initial_bid,btc-updown-5m-1778781700,Up,0.5,20.0,,,,,,
1778781700000000,POST_BID,post_initial_bid,btc-updown-5m-1778781700,Down,0.5,20.0,,,,,,
1778781700000000,POST_BID,post_initial_bid,btc-updown-5m-1778781700,Down,0.5,20.0,,,,,,
1778781700000000,POST_BID,post_initial_bid,btc-updown-5m-1778781700,Up,0.5,20.0,,,,,,
1778781700000000,POST_BID,post_initial_bid,btc-updown-5m-1778781700,Up,0.5,20.0,,,,,,
1778781700000000,POST_BID,post_initial_bid,btc-updown-5m-1778781700,Up,0.5,20.0,,,,,,
1778781700000000,POST_BID,post_initial_bid,btc-updown-5m-1778781700,Down,0.5,20.0,,,,,,
1778781700000000,POST_BID,post_initial_bid,btc-updown-5m-1778781700,Down,0.5,20.0,,,,,,
1778781700000000,POST_BID,post_initial_bid,btc-updown-5m-1778781700,Down,0.5,20.0,,,,,,
1778781700000000,POST_BID,post_initial_bid,btc-updown-5m-1778781700,Down,0.5,20.0,,,,,,
1778781700000000,POST_BID,post_initial_bid,btc-updown-5m-1778781700,Up,0.5,20.0,,,,,,
1778781700000000,POST_BID,post_initial_bid,btc-updown-5m-1778781700,Down,0.5,20.0,,,,,,
1778781700000000,POST_BID,post_initial_bid,btc-updown-5m-1778781700,Down,0.5,20.0,,,,,,
1778781700000000,POST_BID,post_initial_bid,btc-updown-5m-1778781700,Down,0.5,20.0,,,,,,
1778781700000000,POST_BID,post_initial_bid,btc-updown-5m-1778781700,Up,0.5,20.0,,,,,,
1778781700000000,POST_BID,post_initial_bid,btc-updown-5m-1778781700,Up,0.5,20.0,,,,,,
1778781700000000,POST_BID,post_initial_bid,btc-updown-5m-1778781700,Up,0.5,20.0,,,,,,
1778781700000000,POST_BID,post_initial_bid,btc-updown-5m-1778781700,Up,0.5,20.0,,,,,,
1778781700000000,POST_BID,post_initial_bid,btc-updown-5m-1778781700,Up,0.5,20.0,,,,,,
1778781700000000,POST_BID,post_initial_bid,btc-updown-5m-1778781700,Up,0.5,20.0,,,,,,
1778781700000000,POST_BID,post_initial_bid,btc-updown-5m-1778781700,Up,0.5,20.0,,,,,,
1778781700000000,FILL,maker_bid_hit,btc-updown-5m-1778781700,Down,0.5,20.0,20.0,,,,,
1778781700000000,FILL,maker_bid_hit,btc-updown-5m-1778781700,Up,0.5,20.0,20.0,,,,,
1778781700000000,FILL,maker_bid_hit,btc-updown-5m-1778781700,Up,0.5,20.0,20.0,,,,,
1778781700000000,FILL,maker_bid_hit,btc-updown-5m-1778781700,Up,0.5,20.0,20.0,,,,,
1778781700000000,FILL,maker_bid_hit,btc-updown-5m-1778781700,Up,0.5,20.0,20.0,,,,,
1778781700000000,FILL,maker_bid_hit,btc-updown-5m-1778781700,Down,0.5,20.0,20.0,,,,,
1778781700000000,FILL,maker_bid_hit,btc-updown-5m-1778781700,Down,0.5,20.0,20.0,,,,,
1778781700000000,FILL,maker_bid_hit,btc-updown-5m-1778781700,Down,0.5,20.0,20.0,,,,,
1778781700000000,FILL,maker_bid_hit,btc-updown-5m-1778781700,Up,0.5,20.0,20.0,,,,,
1778782000000000,LOG_SLUG_COMPLETE,slug_resolved,btc-updown-5m-1778781700,,,,,Up,0.7454,,,
1778782000000000,POST_BID,post_initial_bid,btc-updown-5m-1778782000,Down,0.5,20.0,,,,,,
1778782000000000,POST_BID,post_initial_bid,btc-updown-5m-1778782000,Down,0.5,20.0,,,,,,
1778782000000000,POST_BID,post_initial_bid,btc-updown-5m-1778782000,Up,0.5,20.0,,,,,,
1778782000000000,POST_BID,post_initial_bid,btc-updown-5m-1778782000,Down,0.5,20.0,,,,,,
1778782000000000,POST_BID,post_initial_bid,btc-updown-5m-1778782000,Up,0.5,20.0,,,,,,
1778782000000000,POST_BID,post_initial_bid,btc-updown-5m-1778782000,Up,0.5,20.0,,,,,,
1778782000000000,POST_BID,post_initial_bid,btc-updown-5m-1778782000,Down,0.5,20.0,,,,,,
1778782000000000,POST_BID,post_initial_bid,btc-updown-5m-1778782000,Up,0.5,20.0,,,,,,
1778782000000000,POST_BID,post_initial_bid,btc-updown-5m-1778782000,Down,0.5,20.0,,,,,,
1778782000000000,POST_BID,post_initial_bid,btc-updown-5m-1778782000,Down,0.5,20.0,,,,,,
1778782000000000,POST_BID,post_initial_bid,btc-updown-5m-1778782000,Down,0.5,20.0,,,,,,
1778782000000000,POST_BID,post_initial_bid,btc-updown-5m-1778782000,Up,0.5,20.0,,,,,,
1778782000000000,POST_BID,post_initial_bid,btc-updown-5m-1778782000,Down,0.5,20.0,,,,,,
1778782000000000,POST_BID,post_initial_bid,btc-updown-5m-1778782000,Up,0.5,20.0,,,,,,
1778782000000000,POST_BID,post_initial_bid,btc-updown-5m-1778782000,Up,0.5,20.0,,,,,,
1778782000000000,POST_BID,post_initial_bid,btc-updown-5m-1778782000,Down,0.5,20.0,,,,,,
1778782000000000,POST_BID,post_initial_bid,btc-updown-5m-1778782000,Down,0.5,20.0,,,,,,
1778782000000000,POST_BID,post_initial_bid,btc-updown-5m-1778782000,Up,0.5,20.0,,,,,,
1778782000000000,POST_BID,post_initial_bid,btc-updown-5m-1778782000,Up,0.5,20.0,,,,,,
1778782000000000,POST_BID,post_initial_bid,btc-updown-5m-1778782000,Down,0.5,20.0,,,,,,
1778782000000000,POST_BID,post_initial_bid,btc-updown-5m-1778782000,Up,0.5,20.0,,,,,,
1778782000000000,POST_BID,post_initial_bid,btc-updown-5m-1778782000,Up,0.5,20.0,,,,,,
1778782000000000,POST_BID,post_initial_bid,btc-updown-5m-1778782000,Down,0.5,20.0,,,,,,
1778782000000000,POST_BID,post_initial_bid,btc-updown-5m-1778782000,Down,0.5,20.0,,,,,,
1778782000000000,POST_BID,post_initial_bid,btc-updown-5m-1778782000,Up,0.5,20.0,,,,,,
1778782000000000,POST_BID,post_initial_bid,btc-updown-5m-1778782000,Down,0.5,20.0,,,,,,
1778782000000000,POST_BID,post_initial_bid,btc-updown-5m-1778782000,Down,0.5,20.0,,,,,,
1778782000000000,POST_BID,post_initial_bid,btc-updown-5m-1778782000,Up,0.5,20.0,,,,,,
1778782000000000,POST_BID,post_initial_bid,btc-updown-5m-1778782000,Down,0.5,20.0,,,,,,
1778782000000000,POST_BID,post_initial_bid,btc-updown-5m-1778782000,Up,0.5,20.0,,,,,,
1778782000000000,POST_BID,post_initial_bid,btc-updown-5m-1778782000,Up,0.5,20.0,,,,,,
1778782000000000,POST_BID,post_initial_bid,btc-updown-5m-1778782000,Down,0.5,20.0,,,,,,
1778782000000000,POST_BID,post_initial_bid,btc-updown-5m-1778782000,Up,0.5,20.0,,,,,,
1778782000000000,POST_BID,post_initial_bid,btc-updown-5m-1778782000,Down,0.5,20.0,,,,,,
1778782000000000,POST_BID,post_initial_bid,btc-updown-5m-1778782000,Up,0.5,20.0,,,,,,
1778782000000000,POST_BID,post_initial_bid,btc-updown-5m-1778782000,Up,0.5,20.0,,,,,,
1778782000000000,POST_BID,post_initial_bid,btc-updown-5m-1778782000,Up,0.5,20.0,,,,,,
1778782000000000,POST_BID,post_initial_bid,btc-updown-5m-1778782000,Up,0.5,20.0,,,,,,
1778782000000000,POST_BID,post_initial_bid,btc-updown-5m-1778782000,Down,0.5,20.0,,,,,,
1778782000000000,POST_BID,post_initial_bid,btc-updown-5m-1778782000,Up,0.5,20.0,,,,,,
1778782000000000,POST_BID,post_initial_bid,btc-updown-5m-1778782000,Up,0.5,20.0,,,,,,
1778782000000000,POST_BID,post_initial_bid,btc-updown-5m-1778782000,Down,0.5,20.0,,,,,,
1778782000000000,POST_BID,post_initial_bid,btc-updown-5m-1778782000,Down,0.5,20.0,,,,,,
1778782000000000,POST_BID,post_initial_bid,btc-updown-5m-1778782000,Up,0.5,20.0,,,,,,
1778782000000000,POST_BID,post_initial_bid,btc-updown-5m-1778782000,Down,0.5,20.0,,,,,,
1778782000000000,POST_BID,post_initial_bid,btc-updown-5m-1778782000,Down,0.5,20.0,,,,,,
1778782000000000,POST_BID,post_initial_bid,btc-updown-5m-1778782000,Up,0.5,20.0,,,,,,
1778782000000000,POST_BID,post_initial_bid,btc-updown-5m-1778782000,Down,0.5,20.0,,,,,,
1778782000000000,POST_BID,post_initial_bid,btc-updown-5m-1778782000,Up,0.5,20.0,,,,,,
1778782000000000,POST_BID,post_initial_bid,btc-updown-5m-1778782000,Up,0.5,20.0,,,,,,
1778782000000000,POST_BID,post_initial_bid,btc-updown-5m-1778782000,Up,0.5,20.0,,,,,,
1778782000000000,POST_BID,post_initial_bid,btc-updown-5m-1778782000,Up,0.5,20.0,,,,,,
1778782000000000,POST_BID,post_initial_bid,btc-updown-5m-1778782000,Down,0.5,20.0,,,,,,
1778782000000000,POST_BID,post_initial_bid,btc-updown-5m-1778782000,Up,0.5,20.0,,,,,,
1778782000000000,POST_BID,post_initial_bid,btc-updown-5m-1778782000,Down,0.5,20.0,,,,,,
1778782000000000,POST_BID,post_initial_bid,btc-updown-5m-1778782000,Up,0.5,20.0,,,,,,
1778782000000000,POST_BID,post_initial_bid,btc-updown-5m-1778782000,Down,0.5,20.0,,,,,,
1778782000000000,POST_BID,post_initial_bid,btc-updown-5m-1778782000,Down,0.5,20.0,,,,,,
1778782000000000,POST_BID,post_initial_bid,btc-updown-5m-1778782000,Up,0.5,20.0,,,,,,
1778782000000000,POST_BID,post_initial_bid,btc-updown-5m-1778782000,Down,0.5,20.0,,,,,,
1778782000000000,POST_BID,post_initial_bid,btc-updown-5m-1778782000,Down,0.5,20.0,,,,,,
1778782000000000,POST_BID,post_initial_bid,btc-updown-5m-1778782000,Down,0.5,20.0,,,,,,
1778782000000000,POST_BID,post_initial_bid,btc-updown-5m-1778782000,Up,0.5,20.0,,,,,,
1778782000000000,POST_BID,post_initial_bid,btc-updown-5m-1778782000,Down,0.5,20.0,,,,,,
1778782000000000,POST_BID,post_initial_bid,btc-updown-5m-1778782000,Down,0.5,20.0,,,,,,
1778782000000000,POST_BID,post_initial_bid,btc-updown-5m-1778782000,Up,0.5,20.0,,,,,,
1778782000000000,POST_BID,post_initial_bid,btc-updown-5m-1778782000,Down,0.5,20.0,,,,,,
1778782000000000,POST_BID,post_initial_bid,btc-updown-5m-1778782000,Up,0.5,20.0,,,,,,
1778782000000000,FILL,maker_bid_hit,btc-updown-5m-1778782000,Up,0.5,20.0,20.0,,,,,
1778782000000000,FILL,maker_bid_hit,btc-updown-5m-1778782000,Up,0.5,20.0,20.0,,,,,
1778782000000000,FILL,maker_bid_hit,btc-updown-5m-1778782000,Down,0.5,20.0,20.0,,,,,
1778782000000000,FILL,maker_bid_hit,btc-updown-5m-1778782000,Down,0.5,20.0,20.0,,,,,
1778782000000000,FILL,maker_bid_hit,btc-updown-5m-1778782000,Up,0.5,20.0,20.0,,,,,
1778782000000000,FILL,maker_bid_hit,btc-updown-5m-1778782000,Up,0.5,20.0,20.0,,,,,
1778782000000000,FILL,maker_bid_hit,btc-updown-5m-1778782000,Up,0.5,20.0,20.0,,,,,
1778782000000000,FILL,maker_bid_hit,btc-updown-5m-1778782000,Down,0.5,20.0,20.0,,,,,
1778782000000000,FILL,maker_bid_hit,btc-updown-5m-1778782000,Up,0.5,20.0,20.0,,,,,
1778782000000000,FILL,maker_bid_hit,btc-updown-5m-1778782000,Up,0.5,20.0,20.0,,,,,
1778782000000000,FILL,maker_bid_hit,btc-updown-5m-1778782000,Down,0.5,20.0,20.0,,,,,
1778782000000000,FILL,maker_bid_hit,btc-updown-5m-1778782000,Down,0.5,20.0,20.0,,,,,
1778782000000000,FILL,maker_bid_hit,btc-updown-5m-1778782000,Up,0.5,20.0,20.0,,,,,
1778782000000000,FILL,maker_bid_hit,btc-updown-5m-1778782000,Down,0.5,20.0,20.0,,,,,
1778782000000000,TAKE,pat_pair_cost=1.0074,btc-updown-5m-1778782000,BOTH,1.0074320439597058,20.0,,,,20.0,0.0,1.0074320439597058
1778782000000000,TAKE,pat_pair_cost=0.9325,btc-updown-5m-1778782000,BOTH,0.932481612482133,20.0,,,,20.0,20.0,0.932481612482133
1778782300000000,LOG_SLUG_COMPLETE,slug_resolved,btc-updown-5m-1778782000,,,,,Up,-4.5075,,,
1778782300000000,POST_BID,post_initial_bid,btc-updown-5m-1778782300,Down,0.5,20.0,,,,,,
1778782300000000,POST_BID,post_initial_bid,btc-updown-5m-1778782300,Up,0.5,20.0,,,,,,
1778782300000000,POST_BID,post_initial_bid,btc-updown-5m-1778782300,Down,0.5,20.0,,,,,,
1778782300000000,POST_BID,post_initial_bid,btc-updown-5m-1778782300,Down,0.5,20.0,,,,,,
1778782300000000,POST_BID,post_initial_bid,btc-updown-5m-1778782300,Up,0.5,20.0,,,,,,
1778782300000000,POST_BID,post_initial_bid,btc-updown-5m-1778782300,Up,0.5,20.0,,,,,,
1778782300000000,POST_BID,post_initial_bid,btc-updown-5m-1778782300,Up,0.5,20.0,,,,,,
1778782300000000,POST_BID,post_initial_bid,btc-updown-5m-1778782300,Down,0.5,20.0,,,,,,
1778782300000000,POST_BID,post_initial_bid,btc-updown-5m-1778782300,Down,0.5,20.0,,,,,,
1778782300000000,POST_BID,post_initial_bid,btc-updown-5m-1778782300,Down,0.5,20.0,,,,,,
1778782300000000,POST_BID,post_initial_bid,btc-updown-5m-1778782300,Down,0.5,20.0,,,,,,
1778782300000000,POST_BID,post_initial_bid,btc-updown-5m-1778782300,Down,0.5,20.0,,,,,,
1778782300000000,POST_BID,post_initial_bid,btc-updown-5m-1778782300,Down,0.5,20.0,,,,,,
1778782300000000,POST_BID,post_initial_bid,btc-updown-5m-1778782300,Down,0.5,20.0,,,,,,
1778782300000000,POST_BID,post_initial_bid,btc-updown-5m-1778782300,Down,0.5,20.0,,,,,,
1778782300000000,POST_BID,post_initial_bid,btc-updown-5m-1778782300,Down,0.5,20.0,,,,,,
1778782300000000,POST_BID,post_initial_bid,btc-updown-5m-1778782300,Up,0.5,20.0,,,,,,
1778782300000000,POST_BID,post_initial_bid,btc-updown-5m-1778782300,Up,0.5,20.0,,,,,,
1778782300000000,POST_BID,post_initial_bid,btc-updown-5m-1778782300,Up,0.5,20.0,,,,,,
1778782300000000,POST_BID,post_initial_bid,btc-updown-5m-1778782300,Down,0.5,20.0,,,,,,
1778782300000000,POST_BID,post_initial_bid,btc-updown-5m-1778782300,Down,0.5,20.0,,,,,,
1778782300000000,POST_BID,post_initial_bid,btc-updown-5m-1778782300,Up,0.5,20.0,,,,,,
1778782300000000,POST_BID,post_initial_bid,btc-updown-5m-1778782300,Up,0.5,20.0,,,,,,
1778782300000000,POST_BID,post_initial_bid,btc-updown-5m-1778782300,Down,0.5,20.0,,,,,,
1778782300000000,POST_BID,post_initial_bid,btc-updown-5m-1778782300,Down,0.5,20.0,,,,,,
1778782300000000,POST_BID,post_initial_bid,btc-updown-5m-1778782300,Down,0.5,20.0,,,,,,
1778782300000000,POST_BID,post_initial_bid,btc-updown-5m-1778782300,Down,0.5,20.0,,,,,,
1778782300000000,POST_BID,post_initial_bid,btc-updown-5m-1778782300,Up,0.5,20.0,,,,,,
1778782300000000,POST_BID,post_initial_bid,btc-updown-5m-1778782300,Down,0.5,20.0,,,,,,
1778782300000000,POST_BID,post_initial_bid,btc-updown-5m-1778782300,Down,0.5,20.0,,,,,,
1778782300000000,POST_BID,post_initial_bid,btc-updown-5m-1778782300,Down,0.5,20.0,,,,,,
1778782300000000,POST_BID,post_initial_bid,btc-updown-5m-1778782300,Down,0.5,20.0,,,,,,
1778782300000000,POST_BID,post_initial_bid,btc-updown-5m-1778782300,Down,0.5,20.0,,,,,,
1778782300000000,POST_BID,post_initial_bid,btc-updown-5m-1778782300,Down,0.5,20.0,,,,,,
1778782300000000,POST_BID,post_initial_bid,btc-updown-5m-1778782300,Down,0.5,20.0,,,,,,
1778782300000000,POST_BID,post_initial_bid,btc-updown-5m-1778782300,Down,0.5,20.0,,,,,,
1778782300000000,POST_BID,post_initial_bid,btc-updown-5m-1778782300,Down,0.5,20.0,,,,,,
1778782300000000,POST_BID,post_initial_bid,btc-updown-5m-1778782300,Up,0.5,20.0,,,,,,
1778782300000000,POST_BID,post_initial_bid,btc-updown-5m-1778782300,Up,0.5,20.0,,,,,,
1778782300000000,POST_BID,post_initial_bid,btc-updown-5m-1778782300,Up,0.5,20.0,,,,,,
1778782300000000,POST_BID,post_initial_bid,btc-updown-5m-1778782300,Down,0.5,20.0,,,,,,
1778782300000000,POST_BID,post_initial_bid,btc-updown-5m-1778782300,Up,0.5,20.0,,,,,,
1778782300000000,POST_BID,post_initial_bid,btc-updown-5m-1778782300,Up,0.5,20.0,,,,,,
1778782300000000,POST_BID,post_initial_bid,btc-updown-5m-1778782300,Down,0.5,20.0,,,,,,
1778782300000000,POST_BID,post_initial_bid,btc-updown-5m-1778782300,Down,0.5,20.0,,,,,,
1778782300000000,POST_BID,post_initial_bid,btc-updown-5m-1778782300,Up,0.5,20.0,,,,,,
1778782300000000,POST_BID,post_initial_bid,btc-updown-5m-1778782300,Down,0.5,20.0,,,,,,
1778782300000000,POST_BID,post_initial_bid,btc-updown-5m-1778782300,Down,0.5,20.0,,,,,,
1778782300000000,POST_BID,post_initial_bid,btc-updown-5m-1778782300,Up,0.5,20.0,,,,,,
1778782300000000,POST_BID,post_initial_bid,btc-updown-5m-1778782300,Up,0.5,20.0,,,,,,
1778782300000000,POST_BID,post_initial_bid,btc-updown-5m-1778782300,Up,0.5,20.0,,,,,,
1778782300000000,POST_BID,post_initial_bid,btc-updown-5m-1778782300,Down,0.5,20.0,,,,,,
1778782300000000,POST_BID,post_initial_bid,btc-updown-5m-1778782300,Up,0.5,20.0,,,,,,
1778782300000000,POST_BID,post_initial_bid,btc-updown-5m-1778782300,Up,0.5,20.0,,,,,,
1778782300000000,POST_BID,post_initial_bid,btc-updown-5m-1778782300,Down,0.5,20.0,,,,,,
1778782300000000,POST_BID,post_initial_bid,btc-updown-5m-1778782300,Up,0.5,20.0,,,,,,
1778782300000000,POST_BID,post_initial_bid,btc-updown-5m-1778782300,Up,0.5,20.0,,,,,,
1778782300000000,POST_BID,post_initial_bid,btc-updown-5m-1778782300,Down,0.5,20.0,,,,,,
1778782300000000,POST_BID,post_initial_bid,btc-updown-5m-1778782300,Up,0.5,20.0,,,,,,
1778782300000000,POST_BID,post_initial_bid,btc-updown-5m-1778782300,Down,0.5,20.0,,,,,,
1778782300000000,POST_BID,post_initial_bid,btc-updown-5m-1778782300,Up,0.5,20.0,,,,,,
1778782300000000,POST_BID,post_initial_bid,btc-updown-5m-1778782300,Up,0.5,20.0,,,,,,
1778782300000000,POST_BID,post_initial_bid,btc-updown-5m-1778782300,Down,0.5,20.0,,,,,,
1778782300000000,POST_BID,post_initial_bid,btc-updown-5m-1778782300,Up,0.5,20.0,,,,,,
1778782300000000,POST_BID,post_initial_bid,btc-updown-5m-1778782300,Up,0.5,20.0,,,,,,
1778782300000000,POST_BID,post_initial_bid,btc-updown-5m-1778782300,Down,0.5,20.0,,,,,,
1778782300000000,POST_BID,post_initial_bid,btc-updown-5m-1778782300,Down,0.5,20.0,,,,,,
1778782300000000,POST_BID,post_initial_bid,btc-updown-5m-1778782300,Up,0.5,20.0,,,,,,
1778782300000000,POST_BID,post_initial_bid,btc-updown-5m-1778782300,Down,0.5,20.0,,,,,,
1778782300000000,POST_BID,post_initial_bid,btc-updown-5m-1778782300,Down,0.5,20.0,,,,,,
1778782300000000,POST_BID,post_initial_bid,btc-updown-5m-1778782300,Up,0.5,20.0,,,,,,
1778782300000000,POST_BID,post_initial_bid,btc-updown-5m-1778782300,Down,0.5,20.0,,,,,,
1778782300000000,POST_BID,post_initial_bid,btc-updown-5m-1778782300,Down,0.5,20.0,,,,,,
1778782300000000,POST_BID,post_initial_bid,btc-updown-5m-1778782300,Down,0.5,20.0,,,,,,
1778782300000000,POST_BID,post_initial_bid,btc-updown-5m-1778782300,Up,0.5,20.0,,,,,,
1778782300000000,POST_BID,post_initial_bid,btc-updown-5m-1778782300,Up,0.5,20.0,,,,,,
1778782300000000,POST_BID,post_initial_bid,btc-updown-5m-1778782300,Down,0.5,20.0,,,,,,
1778782300000000,POST_BID,post_initial_bid,btc-updown-5m-1778782300,Down,0.5,20.0,,,,,,
1778782300000000,POST_BID,post_initial_bid,btc-updown-5m-1778782300,Down,0.5,20.0,,,,,,
1778782300000000,POST_BID,post_initial_bid,btc-updown-5m-1778782300,Up,0.5,20.0,,,,,,
1778782300000000,POST_BID,post_initial_bid,btc-updown-5m-1778782300,Up,0.5,20.0,,,,,,
1778782300000000,POST_BID,post_initial_bid,btc-updown-5m-1778782300,Down,0.5,20.0,,,,,,
1778782300000000,POST_BID,post_initial_bid,btc-updown-5m-1778782300,Up,0.5,20.0,,,,,,
1778782300000000,POST_BID,post_initial_bid,btc-updown-5m-1778782300,Up,0.5,20.0,,,,,,
1778782300000000,POST_BID,post_initial_bid,btc-updown-5m-1778782300,Up,0.5,20.0,,,,,,
1778782300000000,POST_BID,post_initial_bid,btc-updown-5m-1778782300,Down,0.5,20.0,,,,,,
1778782300000000,POST_BID,post_initial_bid,btc-updown-5m-1778782300,Down,0.5,20.0,,,,,,
1778782300000000,POST_BID,post_initial_bid,btc-updown-5m-1778782300,Up,0.5,20.0,,,,,,
1778782300000000,POST_BID,post_initial_bid,btc-updown-5m-1778782300,Up,0.5,20.0,,,,,,
1778782300000000,POST_BID,post_initial_bid,btc-updown-5m-1778782300,Up,0.5,20.0,,,,,,
1778782300000000,POST_BID,post_initial_bid,btc-updown-5m-1778782300,Down,0.5,20.0,,,,,,
1778782300000000,POST_BID,post_initial_bid,btc-updown-5m-1778782300,Down,0.5,20.0,,,,,,
1778782300000000,POST_BID,post_initial_bid,btc-updown-5m-1778782300,Down,0.5,20.0,,,,,,
1778782300000000,POST_BID,post_initial_bid,btc-updown-5m-1778782300,Up,0.5,20.0,,,,,,
1778782300000000,POST_BID,post_initial_bid,btc-updown-5m-1778782300,Up,0.5,20.0,,,,,,
1778782300000000,POST_BID,post_initial_bid,btc-updown-5m-1778782300,Up,0.5,20.0,,,,,,
1778782300000000,FILL,maker_bid_hit,btc-updown-5m-1778782300,Up,0.5,20.0,20.0,,,,,
1778782300000000,FILL,maker_bid_hit,btc-updown-5m-1778782300,Down,0.5,20.0,20.0,,,,,
1778782300000000,FILL,maker_bid_hit,btc-updown-5m-1778782300,Up,0.5,20.0,20.0,,,,,
1778782300000000,FILL,maker_bid_hit,btc-updown-5m-1778782300,Up,0.5,20.0,20.0,,,,,
1778782300000000,FILL,maker_bid_hit,btc-updown-5m-1778782300,Down,0.5,20.0,20.0,,,,,
1778782300000000,FILL,maker_bid_hit,btc-updown-5m-1778782300,Down,0.5,20.0,20.0,,,,,
1778782300000000,FILL,maker_bid_hit,btc-updown-5m-1778782300,Up,0.5,20.0,20.0,,,,,
1778782300000000,FILL,maker_bid_hit,btc-updown-5m-1778782300,Up,0.5,20.0,20.0,,,,,
1778782300000000,FILL,maker_bid_hit,btc-updown-5m-1778782300,Up,0.5,20.0,20.0,,,,,
1778782300000000,FILL,maker_bid_hit,btc-updown-5m-1778782300,Up,0.5,20.0,20.0,,,,,
1778782300000000,FILL,maker_bid_hit,btc-updown-5m-1778782300,Up,0.5,20.0,20.0,,,,,
1778782300000000,FILL,maker_bid_hit,btc-updown-5m-1778782300,Up,0.5,20.0,20.0,,,,,
1778782300000000,FILL,maker_bid_hit,btc-updown-5m-1778782300,Down,0.5,20.0,20.0,,,,,
1778782300000000,FILL,maker_bid_hit,btc-updown-5m-1778782300,Down,0.5,20.0,20.0,,,,,
1778782300000000,FILL,maker_bid_hit,btc-updown-5m-1778782300,Down,0.5,20.0,20.0,,,,,
1778782300000000,FILL,maker_bid_hit,btc-updown-5m-1778782300,Down,0.5,20.0,20.0,,,,,
1778782300000000,TAKE,pat_pair_cost=0.9660,btc-updown-5m-1778782300,BOTH,0.9659979862111489,20.0,,,,20.0,20.0,0.9659979862111489
1778782300000000,TAKE,pat_pair_cost=0.9363,btc-updown-5m-1778782300,BOTH,0.9363474594415603,20.0,,,,20.0,20.0,0.9363474594415603
1778782600000000,LOG_SLUG_COMPLETE,slug_resolved,btc-updown-5m-1778782300,,,,,Up,3.5406,,,
1778782600000000,POST_BID,post_initial_bid,btc-updown-5m-1778782600,Down,0.5,20.0,,,,,,
1778782600000000,POST_BID,post_initial_bid,btc-updown-5m-1778782600,Down,0.5,20.0,,,,,,
1778782600000000,POST_BID,post_initial_bid,btc-updown-5m-1778782600,Down,0.5,20.0,,,,,,
1778782600000000,POST_BID,post_initial_bid,btc-updown-5m-1778782600,Down,0.5,20.0,,,,,,
1778782600000000,POST_BID,post_initial_bid,btc-updown-5m-1778782600,Up,0.5,20.0,,,,,,
1778782600000000,POST_BID,post_initial_bid,btc-updown-5m-1778782600,Up,0.5,20.0,,,,,,
1778782600000000,POST_BID,post_initial_bid,btc-updown-5m-1778782600,Up,0.5,20.0,,,,,,
1778782600000000,POST_BID,post_initial_bid,btc-updown-5m-1778782600,Down,0.5,20.0,,,,,,
1778782600000000,POST_BID,post_initial_bid,btc-updown-5m-1778782600,Up,0.5,20.0,,,,,,
1778782600000000,POST_BID,post_initial_bid,btc-updown-5m-1778782600,Up,0.5,20.0,,,,,,
1778782600000000,POST_BID,post_initial_bid,btc-updown-5m-1778782600,Down,0.5,20.0,,,,,,
1778782600000000,POST_BID,post_initial_bid,btc-updown-5m-1778782600,Down,0.5,20.0,,,,,,
1778782600000000,POST_BID,post_initial_bid,btc-updown-5m-1778782600,Up,0.5,20.0,,,,,,
1778782600000000,POST_BID,post_initial_bid,btc-updown-5m-1778782600,Up,0.5,20.0,,,,,,
1778782600000000,POST_BID,post_initial_bid,btc-updown-5m-1778782600,Down,0.5,20.0,,,,,,
1778782600000000,POST_BID,post_initial_bid,btc-updown-5m-1778782600,Down,0.5,20.0,,,,,,
1778782600000000,POST_BID,post_initial_bid,btc-updown-5m-1778782600,Down,0.5,20.0,,,,,,
1778782600000000,POST_BID,post_initial_bid,btc-updown-5m-1778782600,Down,0.5,20.0,,,,,,
1778782600000000,POST_BID,post_initial_bid,btc-updown-5m-1778782600,Down,0.5,20.0,,,,,,
1778782600000000,POST_BID,post_initial_bid,btc-updown-5m-1778782600,Up,0.5,20.0,,,,,,
1778782600000000,POST_BID,post_initial_bid,btc-updown-5m-1778782600,Up,0.5,20.0,,,,,,
1778782600000000,POST_BID,post_initial_bid,btc-updown-5m-1778782600,Down,0.5,20.0,,,,,,
1778782600000000,POST_BID,post_initial_bid,btc-updown-5m-1778782600,Up,0.5,20.0,,,,,,
1778782600000000,POST_BID,post_initial_bid,btc-updown-5m-1778782600,Up,0.5,20.0,,,,,,
1778782600000000,POST_BID,post_initial_bid,btc-updown-5m-1778782600,Down,0.5,20.0,,,,,,
1778782600000000,POST_BID,post_initial_bid,btc-updown-5m-1778782600,Down,0.5,20.0,,,,,,
1778782600000000,POST_BID,post_initial_bid,btc-updown-5m-1778782600,Down,0.5,20.0,,,,,,
1778782600000000,POST_BID,post_initial_bid,btc-updown-5m-1778782600,Up,0.5,20.0,,,,,,
1778782600000000,POST_BID,post_initial_bid,btc-updown-5m-1778782600,Down,0.5,20.0,,,,,,
1778782600000000,POST_BID,post_initial_bid,btc-updown-5m-1778782600,Up,0.5,20.0,,,,,,
1778782600000000,POST_BID,post_initial_bid,btc-updown-5m-1778782600,Down,0.5,20.0,,,,,,
1778782600000000,POST_BID,post_initial_bid,btc-updown-5m-1778782600,Up,0.5,20.0,,,,,,
1778782600000000,POST_BID,post_initial_bid,btc-updown-5m-1778782600,Up,0.5,20.0,,,,,,
1778782600000000,POST_BID,post_initial_bid,btc-updown-5m-1778782600,Up,0.5,20.0,,,,,,
1778782600000000,POST_BID,post_initial_bid,btc-updown-5m-1778782600,Down,0.5,20.0,,,,,,
1778782600000000,POST_BID,post_initial_bid,btc-updown-5m-1778782600,Down,0.5,20.0,,,,,,
1778782600000000,POST_BID,post_initial_bid,btc-updown-5m-1778782600,Up,0.5,20.0,,,,,,
1778782600000000,POST_BID,post_initial_bid,btc-updown-5m-1778782600,Up,0.5,20.0,,,,,,
1778782600000000,POST_BID,post_initial_bid,btc-updown-5m-1778782600,Down,0.5,20.0,,,,,,
1778782600000000,POST_BID,post_initial_bid,btc-updown-5m-1778782600,Down,0.5,20.0,,,,,,
1778782600000000,POST_BID,post_initial_bid,btc-updown-5m-1778782600,Up,0.5,20.0,,,,,,
1778782600000000,POST_BID,post_initial_bid,btc-updown-5m-1778782600,Up,0.5,20.0,,,,,,
1778782600000000,POST_BID,post_initial_bid,btc-updown-5m-1778782600,Down,0.5,20.0,,,,,,
1778782600000000,POST_BID,post_initial_bid,btc-updown-5m-1778782600,Up,0.5,20.0,,,,,,
1778782600000000,POST_BID,post_initial_bid,btc-updown-5m-1778782600,Up,0.5,20.0,,,,,,
1778782600000000,POST_BID,post_initial_bid,btc-updown-5m-1778782600,Up,0.5,20.0,,,,,,
1778782600000000,POST_BID,post_initial_bid,btc-updown-5m-1778782600,Up,0.5,20.0,,,,,,
1778782600000000,POST_BID,post_initial_bid,btc-updown-5m-1778782600,Up,0.5,20.0,,,,,,
1778782600000000,POST_BID,post_initial_bid,btc-updown-5m-1778782600,Up,0.5,20.0,,,,,,
1778782600000000,POST_BID,post_initial_bid,btc-updown-5m-1778782600,Up,0.5,20.0,,,,,,
1778782600000000,POST_BID,post_initial_bid,btc-updown-5m-1778782600,Down,0.5,20.0,,,,,,
1778782600000000,POST_BID,post_initial_bid,btc-updown-5m-1778782600,Up,0.5,20.0,,,,,,
1778782600000000,POST_BID,post_initial_bid,btc-updown-5m-1778782600,Up,0.5,20.0,,,,,,
1778782600000000,POST_BID,post_initial_bid,btc-updown-5m-1778782600,Down,0.5,20.0,,,,,,
1778782600000000,POST_BID,post_initial_bid,btc-updown-5m-1778782600,Down,0.5,20.0,,,,,,
1778782600000000,POST_BID,post_initial_bid,btc-updown-5m-1778782600,Up,0.5,20.0,,,,,,
1778782600000000,POST_BID,post_initial_bid,btc-updown-5m-1778782600,Up,0.5,20.0,,,,,,
1778782600000000,POST_BID,post_initial_bid,btc-updown-5m-1778782600,Down,0.5,20.0,,,,,,
1778782600000000,POST_BID,post_initial_bid,btc-updown-5m-1778782600,Up,0.5,20.0,,,,,,
1778782600000000,POST_BID,post_initial_bid,btc-updown-5m-1778782600,Up,0.5,20.0,,,,,,
1778782600000000,POST_BID,post_initial_bid,btc-updown-5m-1778782600,Down,0.5,20.0,,,,,,
1778782600000000,POST_BID,post_initial_bid,btc-updown-5m-1778782600,Up,0.5,20.0,,,,,,
1778782600000000,POST_BID,post_initial_bid,btc-updown-5m-1778782600,Down,0.5,20.0,,,,,,
1778782600000000,POST_BID,post_initial_bid,btc-updown-5m-1778782600,Down,0.5,20.0,,,,,,
1778782600000000,POST_BID,post_initial_bid,btc-updown-5m-1778782600,Down,0.5,20.0,,,,,,
1778782600000000,POST_BID,post_initial_bid,btc-updown-5m-1778782600,Up,0.5,20.0,,,,,,
1778782600000000,POST_BID,post_initial_bid,btc-updown-5m-1778782600,Down,0.5,20.0,,,,,,
1778782600000000,POST_BID,post_initial_bid,btc-updown-5m-1778782600,Up,0.5,20.0,,,,,,
1778782600000000,POST_BID,post_initial_bid,btc-updown-5m-1778782600,Down,0.5,20.0,,,,,,
1778782600000000,POST_BID,post_initial_bid,btc-updown-5m-1778782600,Down,0.5,20.0,,,,,,
1778782600000000,POST_BID,post_initial_bid,btc-updown-5m-1778782600,Down,0.5,20.0,,,,,,
1778782600000000,POST_BID,post_initial_bid,btc-updown-5m-1778782600,Up,0.5,20.0,,,,,,
1778782600000000,POST_BID,post_initial_bid,btc-updown-5m-1778782600,Down,0.5,20.0,,,,,,
1778782600000000,POST_BID,post_initial_bid,btc-updown-5m-1778782600,Up,0.5,20.0,,,,,,
1778782600000000,POST_BID,post_initial_bid,btc-updown-5m-1778782600,Up,0.5,20.0,,,,,,
1778782600000000,POST_BID,post_initial_bid,btc-updown-5m-1778782600,Down,0.5,20.0,,,,,,
1778782600000000,POST_BID,post_initial_bid,btc-updown-5m-1778782600,Up,0.5,20.0,,,,,,
1778782600000000,POST_BID,post_initial_bid,btc-updown-5m-1778782600,Down,0.5,20.0,,,,,,
1778782600000000,POST_BID,post_initial_bid,btc-updown-5m-1778782600,Up,0.5,20.0,,,,,,
1778782600000000,POST_BID,post_initial_bid,btc-updown-5m-1778782600,Down,0.5,20.0,,,,,,
1778782600000000,POST_BID,post_initial_bid,btc-updown-5m-1778782600,Up,0.5,20.0,,,,,,
1778782600000000,POST_BID,post_initial_bid,btc-updown-5m-1778782600,Down,0.5,20.0,,,,,,
1778782600000000,POST_BID,post_initial_bid,btc-updown-5m-1778782600,Down,0.5,20.0,,,,,,
1778782600000000,POST_BID,post_initial_bid,btc-updown-5m-1778782600,Down,0.5,20.0,,,,,,
1778782600000000,POST_BID,post_initial_bid,btc-updown-5m-1778782600,Down,0.5,20.0,,,,,,
1778782600000000,POST_BID,post_initial_bid,btc-updown-5m-1778782600,Up,0.5,20.0,,,,,,
1778782600000000,POST_BID,post_initial_bid,btc-updown-5m-1778782600,Down,0.5,20.0,,,,,,
1778782600000000,POST_BID,post_initial_bid,btc-updown-5m-1778782600,Down,0.5,20.0,,,,,,
1778782600000000,POST_BID,post_initial_bid,btc-updown-5m-1778782600,Down,0.5,20.0,,,,,,
1778782600000000,POST_BID,post_initial_bid,btc-updown-5m-1778782600,Down,0.5,20.0,,,,,,
1778782600000000,POST_BID,post_initial_bid,btc-updown-5m-1778782600,Up,0.5,20.0,,,,,,
1778782600000000,POST_BID,post_initial_bid,btc-updown-5m-1778782600,Up,0.5,20.0,,,,,,
1778782600000000,FILL,maker_bid_hit,btc-updown-5m-1778782600,Up,0.5,20.0,20.0,,,,,
1778782600000000,FILL,maker_bid_hit,btc-updown-5m-1778782600,Up,0.5,20.0,20.0,,,,,
1778782600000000,FILL,maker_bid_hit,btc-updown-5m-1778782600,Up,0.5,20.0,20.0,,,,,
1778782600000000,FILL,maker_bid_hit,btc-updown-5m-1778782600,Up,0.5,20.0,20.0,,,,,
1778782600000000,FILL,maker_bid_hit,btc-updown-5m-1778782600,Up,0.5,20.0,20.0,,,,,
1778782600000000,FILL,maker_bid_hit,btc-updown-5m-1778782600,Up,0.5,20.0,20.0,,,,,
1778782600000000,FILL,maker_bid_hit,btc-updown-5m-1778782600,Up,0.5,20.0,20.0,,,,,
1778782600000000,FILL,maker_bid_hit,btc-updown-5m-1778782600,Up,0.5,20.0,20.0,,,,,
1778782600000000,FILL,maker_bid_hit,btc-updown-5m-1778782600,Down,0.5,20.0,20.0,,,,,
1778782600000000,FILL,maker_bid_hit,btc-updown-5m-1778782600,Down,0.5,20.0,20.0,,,,,
1778782600000000,FILL,maker_bid_hit,btc-updown-5m-1778782600,Down,0.5,20.0,20.0,,,,,
1778782600000000,FILL,maker_bid_hit,btc-updown-5m-1778782600,Down,0.5,20.0,20.0,,,,,
1778782600000000,FILL,maker_bid_hit,btc-updown-5m-1778782600,Down,0.5,20.0,20.0,,,,,
1778782600000000,FILL,maker_bid_hit,btc-updown-5m-1778782600,Up,0.5,20.0,20.0,,,,,
1778782600000000,FILL,maker_bid_hit,btc-updown-5m-1778782600,Down,0.5,20.0,20.0,,,,,
1778782600000000,FILL,maker_bid_hit,btc-updown-5m-1778782600,Up,0.5,20.0,20.0,,,,,
1778782600000000,FILL,maker_bid_hit,btc-updown-5m-1778782600,Up,0.5,20.0,20.0,,,,,
1778782900000000,LOG_SLUG_COMPLETE,slug_resolved,btc-updown-5m-1778782600,,,,,Up,-5.3807,,,
1778782900000000,POST_BID,post_initial_bid,btc-updown-5m-1778782900,Up,0.5,20.0,,,,,,
1778782900000000,POST_BID,post_initial_bid,btc-updown-5m-1778782900,Up,0.5,20.0,,,,,,
1778782900000000,POST_BID,post_initial_bid,btc-updown-5m-1778782900,Up,0.5,20.0,,,,,,
1778782900000000,POST_BID,post_initial_bid,btc-updown-5m-1778782900,Up,0.5,20.0,,,,,,
1778782900000000,POST_BID,post_initial_bid,btc-updown-5m-1778782900,Up,0.5,20.0,,,,,,
1778782900000000,POST_BID,post_initial_bid,btc-updown-5m-1778782900,Down,0.5,20.0,,,,,,
1778782900000000,POST_BID,post_initial_bid,btc-updown-5m-1778782900,Up,0.5,20.0,,,,,,
1778782900000000,POST_BID,post_initial_bid,btc-updown-5m-1778782900,Down,0.5,20.0,,,,,,
1778782900000000,POST_BID,post_initial_bid,btc-updown-5m-1778782900,Down,0.5,20.0,,,,,,
1778782900000000,POST_BID,post_initial_bid,btc-updown-5m-1778782900,Up,0.5,20.0,,,,,,
1778782900000000,POST_BID,post_initial_bid,btc-updown-5m-1778782900,Up,0.5,20.0,,,,,,
1778782900000000,POST_BID,post_initial_bid,btc-updown-5m-1778782900,Up,0.5,20.0,,,,,,
1778782900000000,POST_BID,post_initial_bid,btc-updown-5m-1778782900,Down,0.5,20.0,,,,,,
1778782900000000,POST_BID,post_initial_bid,btc-updown-5m-1778782900,Up,0.5,20.0,,,,,,
1778782900000000,POST_BID,post_initial_bid,btc-updown-5m-1778782900,Down,0.5,20.0,,,,,,
1778782900000000,POST_BID,post_initial_bid,btc-updown-5m-1778782900,Down,0.5,20.0,,,,,,
1778782900000000,POST_BID,post_initial_bid,btc-updown-5m-1778782900,Up,0.5,20.0,,,,,,
1778782900000000,POST_BID,post_initial_bid,btc-updown-5m-1778782900,Up,0.5,20.0,,,,,,
1778782900000000,POST_BID,post_initial_bid,btc-updown-5m-1778782900,Up,0.5,20.0,,,,,,
1778782900000000,POST_BID,post_initial_bid,btc-updown-5m-1778782900,Down,0.5,20.0,,,,,,
1778782900000000,POST_BID,post_initial_bid,btc-updown-5m-1778782900,Down,0.5,20.0,,,,,,
1778782900000000,POST_BID,post_initial_bid,btc-updown-5m-1778782900,Up,0.5,20.0,,,,,,
1778782900000000,POST_BID,post_initial_bid,btc-updown-5m-1778782900,Up,0.5,20.0,,,,,,
1778782900000000,POST_BID,post_initial_bid,btc-updown-5m-1778782900,Up,0.5,20.0,,,,,,
1778782900000000,POST_BID,post_initial_bid,btc-updown-5m-1778782900,Up,0.5,20.0,,,,,,
1778782900000000,POST_BID,post_initial_bid,btc-updown-5m-1778782900,Up,0.5,20.0,,,,,,
1778782900000000,POST_BID,post_initial_bid,btc-updown-5m-1778782900,Down,0.5,20.0,,,,,,
1778782900000000,POST_BID,post_initial_bid,btc-updown-5m-1778782900,Down,0.5,20.0,,,,,,
1778782900000000,POST_BID,post_initial_bid,btc-updown-5m-1778782900,Down,0.5,20.0,,,,,,
1778782900000000,POST_BID,post_initial_bid,btc-updown-5m-1778782900,Up,0.5,20.0,,,,,,
1778782900000000,POST_BID,post_initial_bid,btc-updown-5m-1778782900,Up,0.5,20.0,,,,,,
1778782900000000,POST_BID,post_initial_bid,btc-updown-5m-1778782900,Up,0.5,20.0,,,,,,
1778782900000000,POST_BID,post_initial_bid,btc-updown-5m-1778782900,Down,0.5,20.0,,,,,,
1778782900000000,POST_BID,post_initial_bid,btc-updown-5m-1778782900,Down,0.5,20.0,,,,,,
1778782900000000,POST_BID,post_initial_bid,btc-updown-5m-1778782900,Up,0.5,20.0,,,,,,
1778782900000000,POST_BID,post_initial_bid,btc-updown-5m-1778782900,Down,0.5,20.0,,,,,,
1778782900000000,POST_BID,post_initial_bid,btc-updown-5m-1778782900,Down,0.5,20.0,,,,,,
1778782900000000,POST_BID,post_initial_bid,btc-updown-5m-1778782900,Up,0.5,20.0,,,,,,
1778782900000000,POST_BID,post_initial_bid,btc-updown-5m-1778782900,Up,0.5,20.0,,,,,,
1778782900000000,POST_BID,post_initial_bid,btc-updown-5m-1778782900,Up,0.5,20.0,,,,,,
1778782900000000,POST_BID,post_initial_bid,btc-updown-5m-1778782900,Up,0.5,20.0,,,,,,
1778782900000000,POST_BID,post_initial_bid,btc-updown-5m-1778782900,Down,0.5,20.0,,,,,,
1778782900000000,POST_BID,post_initial_bid,btc-updown-5m-1778782900,Down,0.5,20.0,,,,,,
1778782900000000,POST_BID,post_initial_bid,btc-updown-5m-1778782900,Up,0.5,20.0,,,,,,
1778782900000000,POST_BID,post_initial_bid,btc-updown-5m-1778782900,Up,0.5,20.0,,,,,,
1778782900000000,POST_BID,post_initial_bid,btc-updown-5m-1778782900,Down,0.5,20.0,,,,,,
1778782900000000,POST_BID,post_initial_bid,btc-updown-5m-1778782900,Up,0.5,20.0,,,,,,
1778782900000000,POST_BID,post_initial_bid,btc-updown-5m-1778782900,Up,0.5,20.0,,,,,,
1778782900000000,POST_BID,post_initial_bid,btc-updown-5m-1778782900,Down,0.5,20.0,,,,,,
1778782900000000,POST_BID,post_initial_bid,btc-updown-5m-1778782900,Down,0.5,20.0,,,,,,
1778782900000000,POST_BID,post_initial_bid,btc-updown-5m-1778782900,Up,0.5,20.0,,,,,,
1778782900000000,POST_BID,post_initial_bid,btc-updown-5m-1778782900,Up,0.5,20.0,,,,,,
1778782900000000,POST_BID,post_initial_bid,btc-updown-5m-1778782900,Up,0.5,20.0,,,,,,
1778782900000000,POST_BID,post_initial_bid,btc-updown-5m-1778782900,Up,0.5,20.0,,,,,,
1778782900000000,POST_BID,post_initial_bid,btc-updown-5m-1778782900,Down,0.5,20.0,,,,,,
1778782900000000,POST_BID,post_initial_bid,btc-updown-5m-1778782900,Down,0.5,20.0,,,,,,
1778782900000000,POST_BID,post_initial_bid,btc-updown-5m-1778782900,Up,0.5,20.0,,,,,,
1778782900000000,POST_BID,post_initial_bid,btc-updown-5m-1778782900,Down,0.5,20.0,,,,,,
1778782900000000,POST_BID,post_initial_bid,btc-updown-5m-1778782900,Down,0.5,20.0,,,,,,
1778782900000000,POST_BID,post_initial_bid,btc-updown-5m-1778782900,Down,0.5,20.0,,,,,,
1778782900000000,POST_BID,post_initial_bid,btc-updown-5m-1778782900,Up,0.5,20.0,,,,,,
1778782900000000,POST_BID,post_initial_bid,btc-updown-5m-1778782900,Up,0.5,20.0,,,,,,
1778782900000000,POST_BID,post_initial_bid,btc-updown-5m-1778782900,Down,0.5,20.0,,,,,,
1778782900000000,POST_BID,post_initial_bid,btc-updown-5m-1778782900,Down,0.5,20.0,,,,,,
1778782900000000,POST_BID,post_initial_bid,btc-updown-5m-1778782900,Up,0.5,20.0,,,,,,
1778782900000000,POST_BID,post_initial_bid,btc-updown-5m-1778782900,Up,0.5,20.0,,,,,,
1778782900000000,POST_BID,post_initial_bid,btc-updown-5m-1778782900,Down,0.5,20.0,,,,,,
1778782900000000,POST_BID,post_initial_bid,btc-updown-5m-1778782900,Up,0.5,20.0,,,,,,
1778782900000000,POST_BID,post_initial_bid,btc-updown-5m-1778782900,Down,0.5,20.0,,,,,,
1778782900000000,POST_BID,post_initial_bid,btc-updown-5m-1778782900,Down,0.5,20.0,,,,,,
1778782900000000,POST_BID,post_initial_bid,btc-updown-5m-1778782900,Down,0.5,20.0,,,,,,
1778782900000000,POST_BID,post_initial_bid,btc-updown-5m-1778782900,Down,0.5,20.0,,,,,,
1778782900000000,POST_BID,post_initial_bid,btc-updown-5m-1778782900,Down,0.5,20.0,,,,,,
1778782900000000,POST_BID,post_initial_bid,btc-updown-5m-1778782900,Up,0.5,20.0,,,,,,
1778782900000000,POST_BID,post_initial_bid,btc-updown-5m-1778782900,Up,0.5,20.0,,,,,,
1778782900000000,POST_BID,post_initial_bid,btc-updown-5m-1778782900,Up,0.5,20.0,,,,,,
1778782900000000,POST_BID,post_initial_bid,btc-updown-5m-1778782900,Up,0.5,20.0,,,,,,
1778782900000000,POST_BID,post_initial_bid,btc-updown-5m-1778782900,Down,0.5,20.0,,,,,,
1778782900000000,POST_BID,post_initial_bid,btc-updown-5m-1778782900,Down,0.5,20.0,,,,,,
1778782900000000,POST_BID,post_initial_bid,btc-updown-5m-1778782900,Down,0.5,20.0,,,,,,
1778782900000000,POST_BID,post_initial_bid,btc-updown-5m-1778782900,Down,0.5,20.0,,,,,,
1778782900000000,POST_BID,post_initial_bid,btc-updown-5m-1778782900,Down,0.5,20.0,,,,,,
1778782900000000,POST_BID,post_initial_bid,btc-updown-5m-1778782900,Up,0.5,20.0,,,,,,
1778782900000000,POST_BID,post_initial_bid,btc-updown-5m-1778782900,Up,0.5,20.0,,,,,,
1778782900000000,FILL,maker_bid_hit,btc-updown-5m-1778782900,Up,0.5,20.0,20.0,,,,,
1778782900000000,FILL,maker_bid_hit,btc-updown-5m-1778782900,Down,0.5,20.0,20.0,,,,,
1778782900000000,FILL,maker_bid_hit,btc-updown-5m-1778782900,Up,0.5,20.0,20.0,,,,,
1778782900000000,FILL,maker_bid_hit,btc-updown-5m-1778782900,Up,0.5,20.0,20.0,,,,,
1778782900000000,FILL,maker_bid_hit,btc-updown-5m-1778782900,Up,0.5,20.0,20.0,,,,,
1778782900000000,FILL,maker_bid_hit,btc-updown-5m-1778782900,Down,0.5,20.0,20.0,,,,,
1778782900000000,FILL,maker_bid_hit,btc-updown-5m-1778782900,Down,0.5,20.0,20.0,,,,,
1778782900000000,FILL,maker_bid_hit,btc-updown-5m-1778782900,Down,0.5,20.0,20.0,,,,,
1778782900000000,FILL,maker_bid_hit,btc-updown-5m-1778782900,Down,0.5,20.0,20.0,,,,,
1778783200000000,LOG_SLUG_COMPLETE,slug_resolved,btc-updown-5m-1778782900,,,,,Down,-2.9635,,,
1778783200000000,POST_BID,post_initial_bid,btc-updown-5m-1778783200,Up,0.5,20.0,,,,,,
1778783200000000,POST_BID,post_initial_bid,btc-updown-5m-1778783200,Down,0.5,20.0,,,,,,
1778783200000000,POST_BID,post_initial_bid,btc-updown-5m-1778783200,Down,0.5,20.0,,,,,,
1778783200000000,POST_BID,post_initial_bid,btc-updown-5m-1778783200,Up,0.5,20.0,,,,,,
1778783200000000,POST_BID,post_initial_bid,btc-updown-5m-1778783200,Up,0.5,20.0,,,,,,
1778783200000000,POST_BID,post_initial_bid,btc-updown-5m-1778783200,Up,0.5,20.0,,,,,,
1778783200000000,POST_BID,post_initial_bid,btc-updown-5m-1778783200,Down,0.5,20.0,,,,,,
1778783200000000,POST_BID,post_initial_bid,btc-updown-5m-1778783200,Down,0.5,20.0,,,,,,
1778783200000000,POST_BID,post_initial_bid,btc-updown-5m-1778783200,Down,0.5,20.0,,,,,,
1778783200000000,POST_BID,post_initial_bid,btc-updown-5m-1778783200,Up,0.5,20.0,,,,,,
1778783200000000,POST_BID,post_initial_bid,btc-updown-5m-1778783200,Down,0.5,20.0,,,,,,
1778783200000000,POST_BID,post_initial_bid,btc-updown-5m-1778783200,Down,0.5,20.0,,,,,,
1778783200000000,POST_BID,post_initial_bid,btc-updown-5m-1778783200,Up,0.5,20.0,,,,,,
1778783200000000,POST_BID,post_initial_bid,btc-updown-5m-1778783200,Down,0.5,20.0,,,,,,
1778783200000000,POST_BID,post_initial_bid,btc-updown-5m-1778783200,Up,0.5,20.0,,,,,,
1778783200000000,POST_BID,post_initial_bid,btc-updown-5m-1778783200,Up,0.5,20.0,,,,,,
1778783200000000,POST_BID,post_initial_bid,btc-updown-5m-1778783200,Up,0.5,20.0,,,,,,
1778783200000000,POST_BID,post_initial_bid,btc-updown-5m-1778783200,Down,0.5,20.0,,,,,,
1778783200000000,POST_BID,post_initial_bid,btc-updown-5m-1778783200,Down,0.5,20.0,,,,,,
1778783200000000,POST_BID,post_initial_bid,btc-updown-5m-1778783200,Up,0.5,20.0,,,,,,
1778783200000000,POST_BID,post_initial_bid,btc-updown-5m-1778783200,Up,0.5,20.0,,,,,,
1778783200000000,POST_BID,post_initial_bid,btc-updown-5m-1778783200,Down,0.5,20.0,,,,,,
1778783200000000,POST_BID,post_initial_bid,btc-updown-5m-1778783200,Up,0.5,20.0,,,,,,
1778783200000000,POST_BID,post_initial_bid,btc-updown-5m-1778783200,Up,0.5,20.0,,,,,,
1778783200000000,POST_BID,post_initial_bid,btc-updown-5m-1778783200,Up,0.5,20.0,,,,,,
1778783200000000,POST_BID,post_initial_bid,btc-updown-5m-1778783200,Down,0.5,20.0,,,,,,
1778783200000000,POST_BID,post_initial_bid,btc-updown-5m-1778783200,Down,0.5,20.0,,,,,,
1778783200000000,POST_BID,post_initial_bid,btc-updown-5m-1778783200,Up,0.5,20.0,,,,,,
1778783200000000,POST_BID,post_initial_bid,btc-updown-5m-1778783200,Down,0.5,20.0,,,,,,
1778783200000000,POST_BID,post_initial_bid,btc-updown-5m-1778783200,Up,0.5,20.0,,,,,,
1778783200000000,POST_BID,post_initial_bid,btc-updown-5m-1778783200,Up,0.5,20.0,,,,,,
1778783200000000,POST_BID,post_initial_bid,btc-updown-5m-1778783200,Down,0.5,20.0,,,,,,
1778783200000000,POST_BID,post_initial_bid,btc-updown-5m-1778783200,Down,0.5,20.0,,,,,,
1778783200000000,POST_BID,post_initial_bid,btc-updown-5m-1778783200,Down,0.5,20.0,,,,,,
1778783200000000,POST_BID,post_initial_bid,btc-updown-5m-1778783200,Down,0.5,20.0,,,,,,
1778783200000000,POST_BID,post_initial_bid,btc-updown-5m-1778783200,Up,0.5,20.0,,,,,,
1778783200000000,POST_BID,post_initial_bid,btc-updown-5m-1778783200,Up,0.5,20.0,,,,,,
1778783200000000,POST_BID,post_initial_bid,btc-updown-5m-1778783200,Up,0.5,20.0,,,,,,
1778783200000000,POST_BID,post_initial_bid,btc-updown-5m-1778783200,Up,0.5,20.0,,,,,,
1778783200000000,POST_BID,post_initial_bid,btc-updown-5m-1778783200,Down,0.5,20.0,,,,,,
1778783200000000,POST_BID,post_initial_bid,btc-updown-5m-1778783200,Up,0.5,20.0,,,,,,
1778783200000000,POST_BID,post_initial_bid,btc-updown-5m-1778783200,Up,0.5,20.0,,,,,,
1778783200000000,POST_BID,post_initial_bid,btc-updown-5m-1778783200,Up,0.5,20.0,,,,,,
1778783200000000,POST_BID,post_initial_bid,btc-updown-5m-1778783200,Up,0.5,20.0,,,,,,
1778783200000000,POST_BID,post_initial_bid,btc-updown-5m-1778783200,Up,0.5,20.0,,,,,,
1778783200000000,POST_BID,post_initial_bid,btc-updown-5m-1778783200,Up,0.5,20.0,,,,,,
1778783200000000,POST_BID,post_initial_bid,btc-updown-5m-1778783200,Down,0.5,20.0,,,,,,
1778783200000000,POST_BID,post_initial_bid,btc-updown-5m-1778783200,Up,0.5,20.0,,,,,,
1778783200000000,POST_BID,post_initial_bid,btc-updown-5m-1778783200,Up,0.5,20.0,,,,,,
1778783200000000,POST_BID,post_initial_bid,btc-updown-5m-1778783200,Down,0.5,20.0,,,,,,
1778783200000000,POST_BID,post_initial_bid,btc-updown-5m-1778783200,Down,0.5,20.0,,,,,,
1778783200000000,POST_BID,post_initial_bid,btc-updown-5m-1778783200,Up,0.5,20.0,,,,,,
1778783200000000,POST_BID,post_initial_bid,btc-updown-5m-1778783200,Up,0.5,20.0,,,,,,
1778783200000000,POST_BID,post_initial_bid,btc-updown-5m-1778783200,Up,0.5,20.0,,,,,,
1778783200000000,POST_BID,post_initial_bid,btc-updown-5m-1778783200,Down,0.5,20.0,,,,,,
1778783200000000,POST_BID,post_initial_bid,btc-updown-5m-1778783200,Up,0.5,20.0,,,,,,
1778783200000000,POST_BID,post_initial_bid,btc-updown-5m-1778783200,Down,0.5,20.0,,,,,,
1778783200000000,POST_BID,post_initial_bid,btc-updown-5m-1778783200,Down,0.5,20.0,,,,,,
1778783200000000,POST_BID,post_initial_bid,btc-updown-5m-1778783200,Down,0.5,20.0,,,,,,
1778783200000000,POST_BID,post_initial_bid,btc-updown-5m-1778783200,Down,0.5,20.0,,,,,,
1778783200000000,POST_BID,post_initial_bid,btc-updown-5m-1778783200,Up,0.5,20.0,,,,,,
1778783200000000,POST_BID,post_initial_bid,btc-updown-5m-1778783200,Up,0.5,20.0,,,,,,
1778783200000000,POST_BID,post_initial_bid,btc-updown-5m-1778783200,Up,0.5,20.0,,,,,,
1778783200000000,POST_BID,post_initial_bid,btc-updown-5m-1778783200,Down,0.5,20.0,,,,,,
1778783200000000,POST_BID,post_initial_bid,btc-updown-5m-1778783200,Up,0.5,20.0,,,,,,
1778783200000000,POST_BID,post_initial_bid,btc-updown-5m-1778783200,Up,0.5,20.0,,,,,,
1778783200000000,POST_BID,post_initial_bid,btc-updown-5m-1778783200,Down,0.5,20.0,,,,,,
1778783200000000,POST_BID,post_initial_bid,btc-updown-5m-1778783200,Down,0.5,20.0,,,,,,
1778783200000000,POST_BID,post_initial_bid,btc-updown-5m-1778783200,Down,0.5,20.0,,,,,,
1778783200000000,POST_BID,post_initial_bid,btc-updown-5m-1778783200,Up,0.5,20.0,,,,,,
1778783200000000,POST_BID,post_initial_bid,btc-updown-5m-1778783200,Up,0.5,20.0,,,,,,
1778783200000000,POST_BID,post_initial_bid,btc-updown-5m-1778783200,Down,0.5,20.0,,,,,,
1778783200000000,POST_BID,post_initial_bid,btc-updown-5m-1778783200,Up,0.5,20.0,,,,,,
1778783200000000,POST_BID,post_initial_bid,btc-updown-5m-1778783200,Down,0.5,20.0,,,,,,
1778783200000000,POST_BID,post_initial_bid,btc-updown-5m-1778783200,Down,0.5,20.0,,,,,,
1778783200000000,POST_BID,post_initial_bid,btc-updown-5m-1778783200,Down,0.5,20.0,,,,,,
1778783200000000,POST_BID,post_initial_bid,btc-updown-5m-1778783200,Down,0.5,20.0,,,,,,
1778783200000000,POST_BID,post_initial_bid,btc-updown-5m-1778783200,Up,0.5,20.0,,,,,,
1778783200000000,POST_BID,post_initial_bid,btc-updown-5m-1778783200,Down,0.5,20.0,,,,,,
1778783200000000,POST_BID,post_initial_bid,btc-updown-5m-1778783200,Down,0.5,20.0,,,,,,
1778783200000000,POST_BID,post_initial_bid,btc-updown-5m-1778783200,Up,0.5,20.0,,,,,,
1778783200000000,POST_BID,post_initial_bid,btc-updown-5m-1778783200,Down,0.5,20.0,,,,,,
1778783200000000,POST_BID,post_initial_bid,btc-updown-5m-1778783200,Down,0.5,20.0,,,,,,
1778783200000000,POST_BID,post_initial_bid,btc-updown-5m-1778783200,Up,0.5,20.0,,,,,,
1778783200000000,POST_BID,post_initial_bid,btc-updown-5m-1778783200,Up,0.5,20.0,,,,,,
1778783200000000,POST_BID,post_initial_bid,btc-updown-5m-1778783200,Up,0.5,20.0,,,,,,
1778783200000000,POST_BID,post_initial_bid,btc-updown-5m-1778783200,Up,0.5,20.0,,,,,,
1778783200000000,POST_BID,post_initial_bid,btc-updown-5m-1778783200,Down,0.5,20.0,,,,,,
1778783200000000,POST_BID,post_initial_bid,btc-updown-5m-1778783200,Down,0.5,20.0,,,,,,
1778783200000000,FILL,maker_bid_hit,btc-updown-5m-1778783200,Up,0.5,20.0,20.0,,,,,
1778783200000000,FILL,maker_bid_hit,btc-updown-5m-1778783200,Down,0.5,20.0,20.0,,,,,
1778783200000000,FILL,maker_bid_hit,btc-updown-5m-1778783200,Down,0.5,20.0,20.0,,,,,
1778783200000000,FILL,maker_bid_hit,btc-updown-5m-1778783200,Up,0.5,20.0,20.0,,,,,
1778783200000000,FILL,maker_bid_hit,btc-updown-5m-1778783200,Down,0.5,20.0,20.0,,,,,
1778783200000000,FILL,maker_bid_hit,btc-updown-5m-1778783200,Down,0.5,20.0,20.0,,,,,
1778783200000000,FILL,maker_bid_hit,btc-updown-5m-1778783200,Down,0.5,20.0,20.0,,,,,
1778783200000000,FILL,maker_bid_hit,btc-updown-5m-1778783200,Up,0.5,20.0,20.0,,,,,
1778783200000000,FILL,maker_bid_hit,btc-updown-5m-1778783200,Down,0.5,20.0,20.0,,,,,
1778783200000000,FILL,maker_bid_hit,btc-updown-5m-1778783200,Up,0.5,20.0,20.0,,,,,
1778783200000000,FILL,maker_bid_hit,btc-updown-5m-1778783200,Up,0.5,20.0,20.0,,,,,
1778783200000000,FILL,maker_bid_hit,btc-updown-5m-1778783200,Down,0.5,20.0,20.0,,,,,
1778783500000000,LOG_SLUG_COMPLETE,slug_resolved,btc-updown-5m-1778783200,,,,,Down,-12.7459,,,
1778783500000000,POST_BID,post_initial_bid,btc-updown-5m-1778783500,Up,0.5,20.0,,,,,,
1778783500000000,POST_BID,post_initial_bid,btc-updown-5m-1778783500,Up,0.5,20.0,,,,,,
1778783500000000,POST_BID,post_initial_bid,btc-updown-5m-1778783500,Up,0.5,20.0,,,,,,
1778783500000000,POST_BID,post_initial_bid,btc-updown-5m-1778783500,Down,0.5,20.0,,,,,,
1778783500000000,POST_BID,post_initial_bid,btc-updown-5m-1778783500,Up,0.5,20.0,,,,,,
1778783500000000,POST_BID,post_initial_bid,btc-updown-5m-1778783500,Up,0.5,20.0,,,,,,
1778783500000000,POST_BID,post_initial_bid,btc-updown-5m-1778783500,Up,0.5,20.0,,,,,,
1778783500000000,POST_BID,post_initial_bid,btc-updown-5m-1778783500,Up,0.5,20.0,,,,,,
1778783500000000,POST_BID,post_initial_bid,btc-updown-5m-1778783500,Down,0.5,20.0,,,,,,
1778783500000000,POST_BID,post_initial_bid,btc-updown-5m-1778783500,Down,0.5,20.0,,,,,,
1778783500000000,POST_BID,post_initial_bid,btc-updown-5m-1778783500,Up,0.5,20.0,,,,,,
1778783500000000,POST_BID,post_initial_bid,btc-updown-5m-1778783500,Down,0.5,20.0,,,,,,
1778783500000000,POST_BID,post_initial_bid,btc-updown-5m-1778783500,Up,0.5,20.0,,,,,,
1778783500000000,POST_BID,post_initial_bid,btc-updown-5m-1778783500,Down,0.5,20.0,,,,,,
1778783500000000,POST_BID,post_initial_bid,btc-updown-5m-1778783500,Up,0.5,20.0,,,,,,
1778783500000000,POST_BID,post_initial_bid,btc-updown-5m-1778783500,Up,0.5,20.0,,,,,,
1778783500000000,POST_BID,post_initial_bid,btc-updown-5m-1778783500,Up,0.5,20.0,,,,,,
1778783500000000,POST_BID,post_initial_bid,btc-updown-5m-1778783500,Up,0.5,20.0,,,,,,
1778783500000000,POST_BID,post_initial_bid,btc-updown-5m-1778783500,Down,0.5,20.0,,,,,,
1778783500000000,POST_BID,post_initial_bid,btc-updown-5m-1778783500,Up,0.5,20.0,,,,,,
1778783500000000,POST_BID,post_initial_bid,btc-updown-5m-1778783500,Up,0.5,20.0,,,,,,
1778783500000000,POST_BID,post_initial_bid,btc-updown-5m-1778783500,Up,0.5,20.0,,,,,,
1778783500000000,POST_BID,post_initial_bid,btc-updown-5m-1778783500,Up,0.5,20.0,,,,,,
1778783500000000,POST_BID,post_initial_bid,btc-updown-5m-1778783500,Down,0.5,20.0,,,,,,
1778783500000000,POST_BID,post_initial_bid,btc-updown-5m-1778783500,Down,0.5,20.0,,,,,,
1778783500000000,POST_BID,post_initial_bid,btc-updown-5m-1778783500,Up,0.5,20.0,,,,,,
1778783500000000,POST_BID,post_initial_bid,btc-updown-5m-1778783500,Down,0.5,20.0,,,,,,
1778783500000000,POST_BID,post_initial_bid,btc-updown-5m-1778783500,Up,0.5,20.0,,,,,,
1778783500000000,POST_BID,post_initial_bid,btc-updown-5m-1778783500,Down,0.5,20.0,,,,,,
1778783500000000,POST_BID,post_initial_bid,btc-updown-5m-1778783500,Down,0.5,20.0,,,,,,
1778783500000000,POST_BID,post_initial_bid,btc-updown-5m-1778783500,Down,0.5,20.0,,,,,,
1778783500000000,POST_BID,post_initial_bid,btc-updown-5m-1778783500,Up,0.5,20.0,,,,,,
1778783500000000,POST_BID,post_initial_bid,btc-updown-5m-1778783500,Down,0.5,20.0,,,,,,
1778783500000000,POST_BID,post_initial_bid,btc-updown-5m-1778783500,Up,0.5,20.0,,,,,,
1778783500000000,POST_BID,post_initial_bid,btc-updown-5m-1778783500,Down,0.5,20.0,,,,,,
1778783500000000,POST_BID,post_initial_bid,btc-updown-5m-1778783500,Down,0.5,20.0,,,,,,
1778783500000000,POST_BID,post_initial_bid,btc-updown-5m-1778783500,Down,0.5,20.0,,,,,,
1778783500000000,POST_BID,post_initial_bid,btc-updown-5m-1778783500,Up,0.5,20.0,,,,,,
1778783500000000,POST_BID,post_initial_bid,btc-updown-5m-1778783500,Down,0.5,20.0,,,,,,
1778783500000000,POST_BID,post_initial_bid,btc-updown-5m-1778783500,Down,0.5,20.0,,,,,,
1778783500000000,POST_BID,post_initial_bid,btc-updown-5m-1778783500,Down,0.5,20.0,,,,,,
1778783500000000,POST_BID,post_initial_bid,btc-updown-5m-1778783500,Down,0.5,20.0,,,,,,
1778783500000000,POST_BID,post_initial_bid,btc-updown-5m-1778783500,Up,0.5,20.0,,,,,,
1778783500000000,POST_BID,post_initial_bid,btc-updown-5m-1778783500,Down,0.5,20.0,,,,,,
1778783500000000,POST_BID,post_initial_bid,btc-updown-5m-1778783500,Up,0.5,20.0,,,,,,
1778783500000000,POST_BID,post_initial_bid,btc-updown-5m-1778783500,Up,0.5,20.0,,,,,,
1778783500000000,POST_BID,post_initial_bid,btc-updown-5m-1778783500,Down,0.5,20.0,,,,,,
1778783500000000,POST_BID,post_initial_bid,btc-updown-5m-1778783500,Up,0.5,20.0,,,,,,
1778783500000000,POST_BID,post_initial_bid,btc-updown-5m-1778783500,Up,0.5,20.0,,,,,,
1778783500000000,POST_BID,post_initial_bid,btc-updown-5m-1778783500,Up,0.5,20.0,,,,,,
1778783500000000,POST_BID,post_initial_bid,btc-updown-5m-1778783500,Up,0.5,20.0,,,,,,
1778783500000000,POST_BID,post_initial_bid,btc-updown-5m-1778783500,Up,0.5,20.0,,,,,,
1778783500000000,POST_BID,post_initial_bid,btc-updown-5m-1778783500,Up,0.5,20.0,,,,,,
1778783500000000,POST_BID,post_initial_bid,btc-updown-5m-1778783500,Up,0.5,20.0,,,,,,
1778783500000000,POST_BID,post_initial_bid,btc-updown-5m-1778783500,Down,0.5,20.0,,,,,,
1778783500000000,POST_BID,post_initial_bid,btc-updown-5m-1778783500,Down,0.5,20.0,,,,,,
1778783500000000,POST_BID,post_initial_bid,btc-updown-5m-1778783500,Up,0.5,20.0,,,,,,
1778783500000000,POST_BID,post_initial_bid,btc-updown-5m-1778783500,Down,0.5,20.0,,,,,,
1778783500000000,POST_BID,post_initial_bid,btc-updown-5m-1778783500,Up,0.5,20.0,,,,,,
1778783500000000,POST_BID,post_initial_bid,btc-updown-5m-1778783500,Up,0.5,20.0,,,,,,
1778783500000000,POST_BID,post_initial_bid,btc-updown-5m-1778783500,Up,0.5,20.0,,,,,,
1778783500000000,POST_BID,post_initial_bid,btc-updown-5m-1778783500,Down,0.5,20.0,,,,,,
1778783500000000,POST_BID,post_initial_bid,btc-updown-5m-1778783500,Up,0.5,20.0,,,,,,
1778783500000000,POST_BID,post_initial_bid,btc-updown-5m-1778783500,Down,0.5,20.0,,,,,,
1778783500000000,POST_BID,post_initial_bid,btc-updown-5m-1778783500,Down,0.5,20.0,,,,,,
1778783500000000,POST_BID,post_initial_bid,btc-updown-5m-1778783500,Up,0.5,20.0,,,,,,
1778783500000000,POST_BID,post_initial_bid,btc-updown-5m-1778783500,Up,0.5,20.0,,,,,,
1778783500000000,POST_BID,post_initial_bid,btc-updown-5m-1778783500,Down,0.5,20.0,,,,,,
1778783500000000,POST_BID,post_initial_bid,btc-updown-5m-1778783500,Up,0.5,20.0,,,,,,
1778783500000000,POST_BID,post_initial_bid,btc-updown-5m-1778783500,Up,0.5,20.0,,,,,,
1778783500000000,POST_BID,post_initial_bid,btc-updown-5m-1778783500,Down,0.5,20.0,,,,,,
1778783500000000,POST_BID,post_initial_bid,btc-updown-5m-1778783500,Down,0.5,20.0,,,,,,
1778783500000000,POST_BID,post_initial_bid,btc-updown-5m-1778783500,Down,0.5,20.0,,,,,,
1778783500000000,POST_BID,post_initial_bid,btc-updown-5m-1778783500,Up,0.5,20.0,,,,,,
1778783500000000,POST_BID,post_initial_bid,btc-updown-5m-1778783500,Up,0.5,20.0,,,,,,
1778783500000000,POST_BID,post_initial_bid,btc-updown-5m-1778783500,Down,0.5,20.0,,,,,,
1778783500000000,POST_BID,post_initial_bid,btc-updown-5m-1778783500,Up,0.5,20.0,,,,,,
1778783500000000,POST_BID,post_initial_bid,btc-updown-5m-1778783500,Down,0.5,20.0,,,,,,
1778783500000000,POST_BID,post_initial_bid,btc-updown-5m-1778783500,Down,0.5,20.0,,,,,,
1778783500000000,POST_BID,post_initial_bid,btc-updown-5m-1778783500,Down,0.5,20.0,,,,,,
1778783500000000,POST_BID,post_initial_bid,btc-updown-5m-1778783500,Down,0.5,20.0,,,,,,
1778783500000000,POST_BID,post_initial_bid,btc-updown-5m-1778783500,Down,0.5,20.0,,,,,,
1778783500000000,POST_BID,post_initial_bid,btc-updown-5m-1778783500,Down,0.5,20.0,,,,,,
1778783500000000,POST_BID,post_initial_bid,btc-updown-5m-1778783500,Down,0.5,20.0,,,,,,
1778783500000000,POST_BID,post_initial_bid,btc-updown-5m-1778783500,Down,0.5,20.0,,,,,,
1778783500000000,FILL,maker_bid_hit,btc-updown-5m-1778783500,Up,0.5,20.0,20.0,,,,,
1778783500000000,FILL,maker_bid_hit,btc-updown-5m-1778783500,Up,0.5,20.0,20.0,,,,,
1778783500000000,FILL,maker_bid_hit,btc-updown-5m-1778783500,Down,0.5,20.0,20.0,,,,,
1778783500000000,FILL,maker_bid_hit,btc-updown-5m-1778783500,Down,0.5,20.0,20.0,,,,,
1778783500000000,FILL,maker_bid_hit,btc-updown-5m-1778783500,Up,0.5,20.0,20.0,,,,,
1778783500000000,FILL,maker_bid_hit,btc-updown-5m-1778783500,Up,0.5,20.0,20.0,,,,,
1778783500000000,FILL,maker_bid_hit,btc-updown-5m-1778783500,Down,0.5,20.0,20.0,,,,,
1778783500000000,FILL,maker_bid_hit,btc-updown-5m-1778783500,Up,0.5,20.0,20.0,,,,,
1778783800000000,LOG_SLUG_COMPLETE,slug_resolved,btc-updown-5m-1778783500,,,,,Down,-4.736,,,
1778783800000000,POST_BID,post_initial_bid,btc-updown-5m-1778783800,Up,0.5,20.0,,,,,,
1778783800000000,POST_BID,post_initial_bid,btc-updown-5m-1778783800,Down,0.5,20.0,,,,,,
1778783800000000,POST_BID,post_initial_bid,btc-updown-5m-1778783800,Down,0.5,20.0,,,,,,
1778783800000000,POST_BID,post_initial_bid,btc-updown-5m-1778783800,Up,0.5,20.0,,,,,,
1778783800000000,POST_BID,post_initial_bid,btc-updown-5m-1778783800,Up,0.5,20.0,,,,,,
1778783800000000,POST_BID,post_initial_bid,btc-updown-5m-1778783800,Down,0.5,20.0,,,,,,
1778783800000000,POST_BID,post_initial_bid,btc-updown-5m-1778783800,Up,0.5,20.0,,,,,,
1778783800000000,POST_BID,post_initial_bid,btc-updown-5m-1778783800,Up,0.5,20.0,,,,,,
1778783800000000,POST_BID,post_initial_bid,btc-updown-5m-1778783800,Up,0.5,20.0,,,,,,
1778783800000000,POST_BID,post_initial_bid,btc-updown-5m-1778783800,Down,0.5,20.0,,,,,,
1778783800000000,POST_BID,post_initial_bid,btc-updown-5m-1778783800,Up,0.5,20.0,,,,,,
1778783800000000,POST_BID,post_initial_bid,btc-updown-5m-1778783800,Down,0.5,20.0,,,,,,
1778783800000000,POST_BID,post_initial_bid,btc-updown-5m-1778783800,Up,0.5,20.0,,,,,,
1778783800000000,POST_BID,post_initial_bid,btc-updown-5m-1778783800,Down,0.5,20.0,,,,,,
1778783800000000,POST_BID,post_initial_bid,btc-updown-5m-1778783800,Up,0.5,20.0,,,,,,
1778783800000000,POST_BID,post_initial_bid,btc-updown-5m-1778783800,Up,0.5,20.0,,,,,,
1778783800000000,POST_BID,post_initial_bid,btc-updown-5m-1778783800,Up,0.5,20.0,,,,,,
1778783800000000,POST_BID,post_initial_bid,btc-updown-5m-1778783800,Up,0.5,20.0,,,,,,
1778783800000000,POST_BID,post_initial_bid,btc-updown-5m-1778783800,Up,0.5,20.0,,,,,,
1778783800000000,POST_BID,post_initial_bid,btc-updown-5m-1778783800,Down,0.5,20.0,,,,,,
1778783800000000,POST_BID,post_initial_bid,btc-updown-5m-1778783800,Up,0.5,20.0,,,,,,
1778783800000000,POST_BID,post_initial_bid,btc-updown-5m-1778783800,Up,0.5,20.0,,,,,,
1778783800000000,POST_BID,post_initial_bid,btc-updown-5m-1778783800,Down,0.5,20.0,,,,,,
1778783800000000,POST_BID,post_initial_bid,btc-updown-5m-1778783800,Up,0.5,20.0,,,,,,
1778783800000000,POST_BID,post_initial_bid,btc-updown-5m-1778783800,Up,0.5,20.0,,,,,,
1778783800000000,POST_BID,post_initial_bid,btc-updown-5m-1778783800,Up,0.5,20.0,,,,,,
1778783800000000,POST_BID,post_initial_bid,btc-updown-5m-1778783800,Up,0.5,20.0,,,,,,
1778783800000000,POST_BID,post_initial_bid,btc-updown-5m-1778783800,Up,0.5,20.0,,,,,,
1778783800000000,POST_BID,post_initial_bid,btc-updown-5m-1778783800,Down,0.5,20.0,,,,,,
1778783800000000,POST_BID,post_initial_bid,btc-updown-5m-1778783800,Down,0.5,20.0,,,,,,
1778783800000000,POST_BID,post_initial_bid,btc-updown-5m-1778783800,Up,0.5,20.0,,,,,,
1778783800000000,POST_BID,post_initial_bid,btc-updown-5m-1778783800,Up,0.5,20.0,,,,,,
1778783800000000,POST_BID,post_initial_bid,btc-updown-5m-1778783800,Up,0.5,20.0,,,,,,
1778783800000000,POST_BID,post_initial_bid,btc-updown-5m-1778783800,Up,0.5,20.0,,,,,,
1778783800000000,POST_BID,post_initial_bid,btc-updown-5m-1778783800,Up,0.5,20.0,,,,,,
1778783800000000,POST_BID,post_initial_bid,btc-updown-5m-1778783800,Down,0.5,20.0,,,,,,
1778783800000000,POST_BID,post_initial_bid,btc-updown-5m-1778783800,Down,0.5,20.0,,,,,,
1778783800000000,POST_BID,post_initial_bid,btc-updown-5m-1778783800,Up,0.5,20.0,,,,,,
1778783800000000,POST_BID,post_initial_bid,btc-updown-5m-1778783800,Up,0.5,20.0,,,,,,
1778783800000000,POST_BID,post_initial_bid,btc-updown-5m-1778783800,Down,0.5,20.0,,,,,,
1778783800000000,POST_BID,post_initial_bid,btc-updown-5m-1778783800,Down,0.5,20.0,,,,,,
1778783800000000,POST_BID,post_initial_bid,btc-updown-5m-1778783800,Down,0.5,20.0,,,,,,
1778783800000000,POST_BID,post_initial_bid,btc-updown-5m-1778783800,Down,0.5,20.0,,,,,,
1778783800000000,POST_BID,post_initial_bid,btc-updown-5m-1778783800,Up,0.5,20.0,,,,,,
1778783800000000,POST_BID,post_initial_bid,btc-updown-5m-1778783800,Up,0.5,20.0,,,,,,
1778783800000000,POST_BID,post_initial_bid,btc-updown-5m-1778783800,Down,0.5,20.0,,,,,,
1778783800000000,POST_BID,post_initial_bid,btc-updown-5m-1778783800,Up,0.5,20.0,,,,,,
1778783800000000,POST_BID,post_initial_bid,btc-updown-5m-1778783800,Up,0.5,20.0,,,,,,
1778783800000000,POST_BID,post_initial_bid,btc-updown-5m-1778783800,Down,0.5,20.0,,,,,,
1778783800000000,POST_BID,post_initial_bid,btc-updown-5m-1778783800,Down,0.5,20.0,,,,,,
1778783800000000,POST_BID,post_initial_bid,btc-updown-5m-1778783800,Up,0.5,20.0,,,,,,
1778783800000000,POST_BID,post_initial_bid,btc-updown-5m-1778783800,Down,0.5,20.0,,,,,,
1778783800000000,POST_BID,post_initial_bid,btc-updown-5m-1778783800,Down,0.5,20.0,,,,,,
1778783800000000,POST_BID,post_initial_bid,btc-updown-5m-1778783800,Up,0.5,20.0,,,,,,
1778783800000000,POST_BID,post_initial_bid,btc-updown-5m-1778783800,Down,0.5,20.0,,,,,,
1778783800000000,POST_BID,post_initial_bid,btc-updown-5m-1778783800,Down,0.5,20.0,,,,,,
1778783800000000,POST_BID,post_initial_bid,btc-updown-5m-1778783800,Up,0.5,20.0,,,,,,
1778783800000000,POST_BID,post_initial_bid,btc-updown-5m-1778783800,Up,0.5,20.0,,,,,,
1778783800000000,POST_BID,post_initial_bid,btc-updown-5m-1778783800,Down,0.5,20.0,,,,,,
1778783800000000,POST_BID,post_initial_bid,btc-updown-5m-1778783800,Up,0.5,20.0,,,,,,
1778783800000000,POST_BID,post_initial_bid,btc-updown-5m-1778783800,Up,0.5,20.0,,,,,,
1778783800000000,POST_BID,post_initial_bid,btc-updown-5m-1778783800,Down,0.5,20.0,,,,,,
1778783800000000,POST_BID,post_initial_bid,btc-updown-5m-1778783800,Down,0.5,20.0,,,,,,
1778783800000000,POST_BID,post_initial_bid,btc-updown-5m-1778783800,Up,0.5,20.0,,,,,,
1778783800000000,POST_BID,post_initial_bid,btc-updown-5m-1778783800,Up,0.5,20.0,,,,,,
1778783800000000,POST_BID,post_initial_bid,btc-updown-5m-1778783800,Down,0.5,20.0,,,,,,
1778783800000000,POST_BID,post_initial_bid,btc-updown-5m-1778783800,Up,0.5,20.0,,,,,,
1778783800000000,POST_BID,post_initial_bid,btc-updown-5m-1778783800,Up,0.5,20.0,,,,,,
1778783800000000,POST_BID,post_initial_bid,btc-updown-5m-1778783800,Down,0.5,20.0,,,,,,
1778783800000000,POST_BID,post_initial_bid,btc-updown-5m-1778783800,Up,0.5,20.0,,,,,,
1778783800000000,POST_BID,post_initial_bid,btc-updown-5m-1778783800,Down,0.5,20.0,,,,,,
1778783800000000,POST_BID,post_initial_bid,btc-updown-5m-1778783800,Down,0.5,20.0,,,,,,
1778783800000000,POST_BID,post_initial_bid,btc-updown-5m-1778783800,Down,0.5,20.0,,,,,,
1778783800000000,POST_BID,post_initial_bid,btc-updown-5m-1778783800,Down,0.5,20.0,,,,,,
1778783800000000,POST_BID,post_initial_bid,btc-updown-5m-1778783800,Down,0.5,20.0,,,,,,
1778783800000000,POST_BID,post_initial_bid,btc-updown-5m-1778783800,Down,0.5,20.0,,,,,,
1778783800000000,POST_BID,post_initial_bid,btc-updown-5m-1778783800,Up,0.5,20.0,,,,,,
1778783800000000,POST_BID,post_initial_bid,btc-updown-5m-1778783800,Up,0.5,20.0,,,,,,
1778783800000000,POST_BID,post_initial_bid,btc-updown-5m-1778783800,Down,0.5,20.0,,,,,,
1778783800000000,POST_BID,post_initial_bid,btc-updown-5m-1778783800,Down,0.5,20.0,,,,,,
1778783800000000,POST_BID,post_initial_bid,btc-updown-5m-1778783800,Up,0.5,20.0,,,,,,
1778783800000000,POST_BID,post_initial_bid,btc-updown-5m-1778783800,Down,0.5,20.0,,,,,,
1778783800000000,POST_BID,post_initial_bid,btc-updown-5m-1778783800,Down,0.5,20.0,,,,,,
1778783800000000,POST_BID,post_initial_bid,btc-updown-5m-1778783800,Up,0.5,20.0,,,,,,
1778783800000000,POST_BID,post_initial_bid,btc-updown-5m-1778783800,Down,0.5,20.0,,,,,,
1778783800000000,POST_BID,post_initial_bid,btc-updown-5m-1778783800,Up,0.5,20.0,,,,,,
1778783800000000,POST_BID,post_initial_bid,btc-updown-5m-1778783800,Up,0.5,20.0,,,,,,
1778783800000000,POST_BID,post_initial_bid,btc-updown-5m-1778783800,Up,0.5,20.0,,,,,,
1778783800000000,POST_BID,post_initial_bid,btc-updown-5m-1778783800,Up,0.5,20.0,,,,,,
1778783800000000,POST_BID,post_initial_bid,btc-updown-5m-1778783800,Up,0.5,20.0,,,,,,
1778783800000000,POST_BID,post_initial_bid,btc-updown-5m-1778783800,Down,0.5,20.0,,,,,,
1778783800000000,POST_BID,post_initial_bid,btc-updown-5m-1778783800,Up,0.5,20.0,,,,,,
1778783800000000,POST_BID,post_initial_bid,btc-updown-5m-1778783800,Down,0.5,20.0,,,,,,
1778783800000000,POST_BID,post_initial_bid,btc-updown-5m-1778783800,Down,0.5,20.0,,,,,,
1778783800000000,FILL,maker_bid_hit,btc-updown-5m-1778783800,Down,0.5,20.0,20.0,,,,,
1778783800000000,FILL,maker_bid_hit,btc-updown-5m-1778783800,Down,0.5,20.0,20.0,,,,,
1778783800000000,FILL,maker_bid_hit,btc-updown-5m-1778783800,Down,0.5,20.0,20.0,,,,,
1778783800000000,FILL,maker_bid_hit,btc-updown-5m-1778783800,Down,0.5,20.0,20.0,,,,,
1778783800000000,FILL,maker_bid_hit,btc-updown-5m-1778783800,Down,0.5,20.0,20.0,,,,,
1778783800000000,FILL,maker_bid_hit,btc-updown-5m-1778783800,Down,0.5,20.0,20.0,,,,,
1778783800000000,FILL,maker_bid_hit,btc-updown-5m-1778783800,Up,0.5,20.0,20.0,,,,,
1778783800000000,FILL,maker_bid_hit,btc-updown-5m-1778783800,Up,0.5,20.0,20.0,,,,,
1778783800000000,TAKE,pat_pair_cost=0.9859,btc-updown-5m-1778783800,BOTH,0.9859171719038108,20.0,,,,20.0,0.0,0.9859171719038108
1778784100000000,LOG_SLUG_COMPLETE,slug_resolved,btc-updown-5m-1778783800,,,,,Up,-2.4326,,,
1778784100000000,POST_BID,post_initial_bid,btc-updown-5m-1778784100,Down,0.5,20.0,,,,,,
1778784100000000,POST_BID,post_initial_bid,btc-updown-5m-1778784100,Up,0.5,20.0,,,,,,
1778784100000000,POST_BID,post_initial_bid,btc-updown-5m-1778784100,Up,0.5,20.0,,,,,,
1778784100000000,POST_BID,post_initial_bid,btc-updown-5m-1778784100,Up,0.5,20.0,,,,,,
1778784100000000,POST_BID,post_initial_bid,btc-updown-5m-1778784100,Down,0.5,20.0,,,,,,
1778784100000000,POST_BID,post_initial_bid,btc-updown-5m-1778784100,Up,0.5,20.0,,,,,,
1778784100000000,POST_BID,post_initial_bid,btc-updown-5m-1778784100,Up,0.5,20.0,,,,,,
1778784100000000,POST_BID,post_initial_bid,btc-updown-5m-1778784100,Up,0.5,20.0,,,,,,
1778784100000000,POST_BID,post_initial_bid,btc-updown-5m-1778784100,Down,0.5,20.0,,,,,,
1778784100000000,POST_BID,post_initial_bid,btc-updown-5m-1778784100,Up,0.5,20.0,,,,,,
1778784100000000,POST_BID,post_initial_bid,btc-updown-5m-1778784100,Down,0.5,20.0,,,,,,
1778784100000000,POST_BID,post_initial_bid,btc-updown-5m-1778784100,Down,0.5,20.0,,,,,,
1778784100000000,POST_BID,post_initial_bid,btc-updown-5m-1778784100,Down,0.5,20.0,,,,,,
1778784100000000,POST_BID,post_initial_bid,btc-updown-5m-1778784100,Up,0.5,20.0,,,,,,
1778784100000000,POST_BID,post_initial_bid,btc-updown-5m-1778784100,Down,0.5,20.0,,,,,,
1778784100000000,POST_BID,post_initial_bid,btc-updown-5m-1778784100,Up,0.5,20.0,,,,,,
1778784100000000,POST_BID,post_initial_bid,btc-updown-5m-1778784100,Down,0.5,20.0,,,,,,
1778784100000000,POST_BID,post_initial_bid,btc-updown-5m-1778784100,Down,0.5,20.0,,,,,,
1778784100000000,POST_BID,post_initial_bid,btc-updown-5m-1778784100,Down,0.5,20.0,,,,,,
1778784100000000,POST_BID,post_initial_bid,btc-updown-5m-1778784100,Up,0.5,20.0,,,,,,
1778784100000000,POST_BID,post_initial_bid,btc-updown-5m-1778784100,Down,0.5,20.0,,,,,,
1778784100000000,POST_BID,post_initial_bid,btc-updown-5m-1778784100,Up,0.5,20.0,,,,,,
1778784100000000,POST_BID,post_initial_bid,btc-updown-5m-1778784100,Up,0.5,20.0,,,,,,
1778784100000000,POST_BID,post_initial_bid,btc-updown-5m-1778784100,Up,0.5,20.0,,,,,,
1778784100000000,POST_BID,post_initial_bid,btc-updown-5m-1778784100,Up,0.5,20.0,,,,,,
1778784100000000,POST_BID,post_initial_bid,btc-updown-5m-1778784100,Down,0.5,20.0,,,,,,
1778784100000000,POST_BID,post_initial_bid,btc-updown-5m-1778784100,Down,0.5,20.0,,,,,,
1778784100000000,POST_BID,post_initial_bid,btc-updown-5m-1778784100,Down,0.5,20.0,,,,,,
1778784100000000,POST_BID,post_initial_bid,btc-updown-5m-1778784100,Up,0.5,20.0,,,,,,
1778784100000000,POST_BID,post_initial_bid,btc-updown-5m-1778784100,Down,0.5,20.0,,,,,,
1778784100000000,POST_BID,post_initial_bid,btc-updown-5m-1778784100,Down,0.5,20.0,,,,,,
1778784100000000,POST_BID,post_initial_bid,btc-updown-5m-1778784100,Up,0.5,20.0,,,,,,
1778784100000000,POST_BID,post_initial_bid,btc-updown-5m-1778784100,Up,0.5,20.0,,,,,,
1778784100000000,POST_BID,post_initial_bid,btc-updown-5m-1778784100,Up,0.5,20.0,,,,,,
1778784100000000,POST_BID,post_initial_bid,btc-updown-5m-1778784100,Down,0.5,20.0,,,,,,
1778784100000000,POST_BID,post_initial_bid,btc-updown-5m-1778784100,Up,0.5,20.0,,,,,,
1778784100000000,POST_BID,post_initial_bid,btc-updown-5m-1778784100,Up,0.5,20.0,,,,,,
1778784100000000,POST_BID,post_initial_bid,btc-updown-5m-1778784100,Down,0.5,20.0,,,,,,
1778784100000000,POST_BID,post_initial_bid,btc-updown-5m-1778784100,Down,0.5,20.0,,,,,,
1778784100000000,POST_BID,post_initial_bid,btc-updown-5m-1778784100,Down,0.5,20.0,,,,,,
1778784100000000,POST_BID,post_initial_bid,btc-updown-5m-1778784100,Down,0.5,20.0,,,,,,
1778784100000000,POST_BID,post_initial_bid,btc-updown-5m-1778784100,Up,0.5,20.0,,,,,,
1778784100000000,POST_BID,post_initial_bid,btc-updown-5m-1778784100,Up,0.5,20.0,,,,,,
1778784100000000,POST_BID,post_initial_bid,btc-updown-5m-1778784100,Up,0.5,20.0,,,,,,
1778784100000000,POST_BID,post_initial_bid,btc-updown-5m-1778784100,Up,0.5,20.0,,,,,,
1778784100000000,POST_BID,post_initial_bid,btc-updown-5m-1778784100,Down,0.5,20.0,,,,,,
1778784100000000,POST_BID,post_initial_bid,btc-updown-5m-1778784100,Down,0.5,20.0,,,,,,
1778784100000000,POST_BID,post_initial_bid,btc-updown-5m-1778784100,Up,0.5,20.0,,,,,,
1778784100000000,POST_BID,post_initial_bid,btc-updown-5m-1778784100,Up,0.5,20.0,,,,,,
1778784100000000,POST_BID,post_initial_bid,btc-updown-5m-1778784100,Up,0.5,20.0,,,,,,
1778784100000000,POST_BID,post_initial_bid,btc-updown-5m-1778784100,Down,0.5,20.0,,,,,,
1778784100000000,POST_BID,post_initial_bid,btc-updown-5m-1778784100,Up,0.5,20.0,,,,,,
1778784100000000,POST_BID,post_initial_bid,btc-updown-5m-1778784100,Down,0.5,20.0,,,,,,
1778784100000000,POST_BID,post_initial_bid,btc-updown-5m-1778784100,Up,0.5,20.0,,,,,,
1778784100000000,POST_BID,post_initial_bid,btc-updown-5m-1778784100,Down,0.5,20.0,,,,,,
1778784100000000,POST_BID,post_initial_bid,btc-updown-5m-1778784100,Up,0.5,20.0,,,,,,
1778784100000000,POST_BID,post_initial_bid,btc-updown-5m-1778784100,Down,0.5,20.0,,,,,,
1778784100000000,POST_BID,post_initial_bid,btc-updown-5m-1778784100,Up,0.5,20.0,,,,,,
1778784100000000,POST_BID,post_initial_bid,btc-updown-5m-1778784100,Up,0.5,20.0,,,,,,
1778784100000000,POST_BID,post_initial_bid,btc-updown-5m-1778784100,Up,0.5,20.0,,,,,,
1778784100000000,POST_BID,post_initial_bid,btc-updown-5m-1778784100,Down,0.5,20.0,,,,,,
1778784100000000,POST_BID,post_initial_bid,btc-updown-5m-1778784100,Down,0.5,20.0,,,,,,
1778784100000000,POST_BID,post_initial_bid,btc-updown-5m-1778784100,Up,0.5,20.0,,,,,,
1778784100000000,POST_BID,post_initial_bid,btc-updown-5m-1778784100,Up,0.5,20.0,,,,,,
1778784100000000,POST_BID,post_initial_bid,btc-updown-5m-1778784100,Down,0.5,20.0,,,,,,
1778784100000000,POST_BID,post_initial_bid,btc-updown-5m-1778784100,Up,0.5,20.0,,,,,,
1778784100000000,POST_BID,post_initial_bid,btc-updown-5m-1778784100,Down,0.5,20.0,,,,,,
1778784100000000,POST_BID,post_initial_bid,btc-updown-5m-1778784100,Down,0.5,20.0,,,,,,
1778784100000000,POST_BID,post_initial_bid,btc-updown-5m-1778784100,Up,0.5,20.0,,,,,,
1778784100000000,POST_BID,post_initial_bid,btc-updown-5m-1778784100,Up,0.5,20.0,,,,,,
1778784100000000,POST_BID,post_initial_bid,btc-updown-5m-1778784100,Down,0.5,20.0,,,,,,
1778784100000000,POST_BID,post_initial_bid,btc-updown-5m-1778784100,Up,0.5,20.0,,,,,,
1778784100000000,POST_BID,post_initial_bid,btc-updown-5m-1778784100,Down,0.5,20.0,,,,,,
1778784100000000,POST_BID,post_initial_bid,btc-updown-5m-1778784100,Up,0.5,20.0,,,,,,
1778784100000000,POST_BID,post_initial_bid,btc-updown-5m-1778784100,Down,0.5,20.0,,,,,,
1778784100000000,POST_BID,post_initial_bid,btc-updown-5m-1778784100,Down,0.5,20.0,,,,,,
1778784100000000,POST_BID,post_initial_bid,btc-updown-5m-1778784100,Down,0.5,20.0,,,,,,
1778784100000000,POST_BID,post_initial_bid,btc-updown-5m-1778784100,Up,0.5,20.0,,,,,,
1778784100000000,POST_BID,post_initial_bid,btc-updown-5m-1778784100,Up,0.5,20.0,,,,,,
1778784100000000,POST_BID,post_initial_bid,btc-updown-5m-1778784100,Down,0.5,20.0,,,,,,
1778784100000000,POST_BID,post_initial_bid,btc-updown-5m-1778784100,Down,0.5,20.0,,,,,,
1778784100000000,POST_BID,post_initial_bid,btc-updown-5m-1778784100,Up,0.5,20.0,,,,,,
1778784100000000,POST_BID,post_initial_bid,btc-updown-5m-1778784100,Down,0.5,20.0,,,,,,
1778784100000000,POST_BID,post_initial_bid,btc-updown-5m-1778784100,Up,0.5,20.0,,,,,,
1778784100000000,POST_BID,post_initial_bid,btc-updown-5m-1778784100,Down,0.5,20.0,,,,,,
1778784100000000,FILL,maker_bid_hit,btc-updown-5m-1778784100,Up,0.5,20.0,20.0,,,,,
1778784100000000,FILL,maker_bid_hit,btc-updown-5m-1778784100,Up,0.5,20.0,20.0,,,,,
1778784100000000,FILL,maker_bid_hit,btc-updown-5m-1778784100,Down,0.5,20.0,20.0,,,,,
1778784100000000,FILL,maker_bid_hit,btc-updown-5m-1778784100,Down,0.5,20.0,20.0,,,,,
1778784100000000,FILL,maker_bid_hit,btc-updown-5m-1778784100,Up,0.5,20.0,20.0,,,,,
1778784100000000,FILL,maker_bid_hit,btc-updown-5m-1778784100,Down,0.5,20.0,20.0,,,,,
1778784100000000,FILL,maker_bid_hit,btc-updown-5m-1778784100,Up,0.5,20.0,20.0,,,,,
1778784100000000,FILL,maker_bid_hit,btc-updown-5m-1778784100,Up,0.5,20.0,20.0,,,,,
1778784100000000,FILL,maker_bid_hit,btc-updown-5m-1778784100,Up,0.5,20.0,20.0,,,,,
1778784100000000,FILL,maker_bid_hit,btc-updown-5m-1778784100,Down,0.5,20.0,20.0,,,,,
1778784100000000,FILL,maker_bid_hit,btc-updown-5m-1778784100,Down,0.5,20.0,20.0,,,,,
1778784100000000,FILL,maker_bid_hit,btc-updown-5m-1778784100,Down,0.5,20.0,20.0,,,,,
1778784100000000,FILL,maker_bid_hit,btc-updown-5m-1778784100,Up,0.5,20.0,20.0,,,,,
1778784100000000,FILL,maker_bid_hit,btc-updown-5m-1778784100,Down,0.5,20.0,20.0,,,,,
1778784100000000,FILL,maker_bid_hit,btc-updown-5m-1778784100,Up,0.5,20.0,20.0,,,,,
1778784100000000,FILL,maker_bid_hit,btc-updown-5m-1778784100,Up,0.5,20.0,20.0,,,,,
1778784100000000,FILL,maker_bid_hit,btc-updown-5m-1778784100,Down,0.5,20.0,20.0,,,,,
1778784100000000,FILL,maker_bid_hit,btc-updown-5m-1778784100,Down,0.5,20.0,20.0,,,,,
1778784100000000,FILL,maker_bid_hit,btc-updown-5m-1778784100,Down,0.5,20.0,20.0,,,,,
1778784400000000,LOG_SLUG_COMPLETE,slug_resolved,btc-updown-5m-1778784100,,,,,Up,-2.2506,,,
1778784400000000,POST_BID,post_initial_bid,btc-updown-5m-1778784400,Down,0.5,20.0,,,,,,
1778784400000000,POST_BID,post_initial_bid,btc-updown-5m-1778784400,Down,0.5,20.0,,,,,,
1778784400000000,POST_BID,post_initial_bid,btc-updown-5m-1778784400,Up,0.5,20.0,,,,,,
1778784400000000,POST_BID,post_initial_bid,btc-updown-5m-1778784400,Up,0.5,20.0,,,,,,
1778784400000000,POST_BID,post_initial_bid,btc-updown-5m-1778784400,Down,0.5,20.0,,,,,,
1778784400000000,POST_BID,post_initial_bid,btc-updown-5m-1778784400,Down,0.5,20.0,,,,,,
1778784400000000,POST_BID,post_initial_bid,btc-updown-5m-1778784400,Up,0.5,20.0,,,,,,
1778784400000000,POST_BID,post_initial_bid,btc-updown-5m-1778784400,Up,0.5,20.0,,,,,,
1778784400000000,POST_BID,post_initial_bid,btc-updown-5m-1778784400,Up,0.5,20.0,,,,,,
1778784400000000,POST_BID,post_initial_bid,btc-updown-5m-1778784400,Up,0.5,20.0,,,,,,
1778784400000000,POST_BID,post_initial_bid,btc-updown-5m-1778784400,Up,0.5,20.0,,,,,,
1778784400000000,POST_BID,post_initial_bid,btc-updown-5m-1778784400,Up,0.5,20.0,,,,,,
1778784400000000,POST_BID,post_initial_bid,btc-updown-5m-1778784400,Up,0.5,20.0,,,,,,
1778784400000000,POST_BID,post_initial_bid,btc-updown-5m-1778784400,Up,0.5,20.0,,,,,,
1778784400000000,POST_BID,post_initial_bid,btc-updown-5m-1778784400,Up,0.5,20.0,,,,,,
1778784400000000,POST_BID,post_initial_bid,btc-updown-5m-1778784400,Down,0.5,20.0,,,,,,
1778784400000000,POST_BID,post_initial_bid,btc-updown-5m-1778784400,Up,0.5,20.0,,,,,,
1778784400000000,POST_BID,post_initial_bid,btc-updown-5m-1778784400,Down,0.5,20.0,,,,,,
1778784400000000,POST_BID,post_initial_bid,btc-updown-5m-1778784400,Up,0.5,20.0,,,,,,
1778784400000000,POST_BID,post_initial_bid,btc-updown-5m-1778784400,Down,0.5,20.0,,,,,,
1778784400000000,POST_BID,post_initial_bid,btc-updown-5m-1778784400,Up,0.5,20.0,,,,,,
1778784400000000,POST_BID,post_initial_bid,btc-updown-5m-1778784400,Down,0.5,20.0,,,,,,
1778784400000000,POST_BID,post_initial_bid,btc-updown-5m-1778784400,Up,0.5,20.0,,,,,,
1778784400000000,POST_BID,post_initial_bid,btc-updown-5m-1778784400,Up,0.5,20.0,,,,,,
1778784400000000,POST_BID,post_initial_bid,btc-updown-5m-1778784400,Up,0.5,20.0,,,,,,
1778784400000000,POST_BID,post_initial_bid,btc-updown-5m-1778784400,Down,0.5,20.0,,,,,,
1778784400000000,POST_BID,post_initial_bid,btc-updown-5m-1778784400,Down,0.5,20.0,,,,,,
1778784400000000,POST_BID,post_initial_bid,btc-updown-5m-1778784400,Up,0.5,20.0,,,,,,
1778784400000000,POST_BID,post_initial_bid,btc-updown-5m-1778784400,Down,0.5,20.0,,,,,,
1778784400000000,POST_BID,post_initial_bid,btc-updown-5m-1778784400,Up,0.5,20.0,,,,,,
1778784400000000,POST_BID,post_initial_bid,btc-updown-5m-1778784400,Down,0.5,20.0,,,,,,
1778784400000000,POST_BID,post_initial_bid,btc-updown-5m-1778784400,Up,0.5,20.0,,,,,,
1778784400000000,POST_BID,post_initial_bid,btc-updown-5m-1778784400,Down,0.5,20.0,,,,,,
1778784400000000,POST_BID,post_initial_bid,btc-updown-5m-1778784400,Down,0.5,20.0,,,,,,
1778784400000000,POST_BID,post_initial_bid,btc-updown-5m-1778784400,Up,0.5,20.0,,,,,,
1778784400000000,POST_BID,post_initial_bid,btc-updown-5m-1778784400,Down,0.5,20.0,,,,,,
1778784400000000,POST_BID,post_initial_bid,btc-updown-5m-1778784400,Up,0.5,20.0,,,,,,
1778784400000000,POST_BID,post_initial_bid,btc-updown-5m-1778784400,Down,0.5,20.0,,,,,,
1778784400000000,POST_BID,post_initial_bid,btc-updown-5m-1778784400,Down,0.5,20.0,,,,,,
1778784400000000,POST_BID,post_initial_bid,btc-updown-5m-1778784400,Up,0.5,20.0,,,,,,
1778784400000000,POST_BID,post_initial_bid,btc-updown-5m-1778784400,Up,0.5,20.0,,,,,,
1778784400000000,POST_BID,post_initial_bid,btc-updown-5m-1778784400,Up,0.5,20.0,,,,,,
1778784400000000,POST_BID,post_initial_bid,btc-updown-5m-1778784400,Up,0.5,20.0,,,,,,
1778784400000000,POST_BID,post_initial_bid,btc-updown-5m-1778784400,Down,0.5,20.0,,,,,,
1778784400000000,POST_BID,post_initial_bid,btc-updown-5m-1778784400,Up,0.5,20.0,,,,,,
1778784400000000,POST_BID,post_initial_bid,btc-updown-5m-1778784400,Down,0.5,20.0,,,,,,
1778784400000000,POST_BID,post_initial_bid,btc-updown-5m-1778784400,Up,0.5,20.0,,,,,,
1778784400000000,POST_BID,post_initial_bid,btc-updown-5m-1778784400,Down,0.5,20.0,,,,,,
1778784400000000,POST_BID,post_initial_bid,btc-updown-5m-1778784400,Up,0.5,20.0,,,,,,
1778784400000000,POST_BID,post_initial_bid,btc-updown-5m-1778784400,Down,0.5,20.0,,,,,,
1778784400000000,POST_BID,post_initial_bid,btc-updown-5m-1778784400,Down,0.5,20.0,,,,,,
1778784400000000,POST_BID,post_initial_bid,btc-updown-5m-1778784400,Up,0.5,20.0,,,,,,
1778784400000000,POST_BID,post_initial_bid,btc-updown-5m-1778784400,Down,0.5,20.0,,,,,,
1778784400000000,POST_BID,post_initial_bid,btc-updown-5m-1778784400,Up,0.5,20.0,,,,,,
1778784400000000,POST_BID,post_initial_bid,btc-updown-5m-1778784400,Down,0.5,20.0,,,,,,
1778784400000000,POST_BID,post_initial_bid,btc-updown-5m-1778784400,Down,0.5,20.0,,,,,,
1778784400000000,POST_BID,post_initial_bid,btc-updown-5m-1778784400,Up,0.5,20.0,,,,,,
1778784400000000,POST_BID,post_initial_bid,btc-updown-5m-1778784400,Down,0.5,20.0,,,,,,
1778784400000000,POST_BID,post_initial_bid,btc-updown-5m-1778784400,Down,0.5,20.0,,,,,,
1778784400000000,POST_BID,post_initial_bid,btc-updown-5m-1778784400,Up,0.5,20.0,,,,,,
1778784400000000,POST_BID,post_initial_bid,btc-updown-5m-1778784400,Down,0.5,20.0,,,,,,
1778784400000000,POST_BID,post_initial_bid,btc-updown-5m-1778784400,Down,0.5,20.0,,,,,,
1778784400000000,POST_BID,post_initial_bid,btc-updown-5m-1778784400,Up,0.5,20.0,,,,,,
1778784400000000,POST_BID,post_initial_bid,btc-updown-5m-1778784400,Down,0.5,20.0,,,,,,
1778784400000000,POST_BID,post_initial_bid,btc-updown-5m-1778784400,Up,0.5,20.0,,,,,,
1778784400000000,POST_BID,post_initial_bid,btc-updown-5m-1778784400,Down,0.5,20.0,,,,,,
1778784400000000,POST_BID,post_initial_bid,btc-updown-5m-1778784400,Up,0.5,20.0,,,,,,
1778784400000000,POST_BID,post_initial_bid,btc-updown-5m-1778784400,Up,0.5,20.0,,,,,,
1778784400000000,POST_BID,post_initial_bid,btc-updown-5m-1778784400,Down,0.5,20.0,,,,,,
1778784400000000,POST_BID,post_initial_bid,btc-updown-5m-1778784400,Down,0.5,20.0,,,,,,
1778784400000000,POST_BID,post_initial_bid,btc-updown-5m-1778784400,Down,0.5,20.0,,,,,,
1778784400000000,POST_BID,post_initial_bid,btc-updown-5m-1778784400,Up,0.5,20.0,,,,,,
1778784400000000,POST_BID,post_initial_bid,btc-updown-5m-1778784400,Down,0.5,20.0,,,,,,
1778784400000000,POST_BID,post_initial_bid,btc-updown-5m-1778784400,Up,0.5,20.0,,,,,,
1778784400000000,POST_BID,post_initial_bid,btc-updown-5m-1778784400,Down,0.5,20.0,,,,,,
1778784400000000,POST_BID,post_initial_bid,btc-updown-5m-1778784400,Down,0.5,20.0,,,,,,
1778784400000000,POST_BID,post_initial_bid,btc-updown-5m-1778784400,Up,0.5,20.0,,,,,,
1778784400000000,POST_BID,post_initial_bid,btc-updown-5m-1778784400,Up,0.5,20.0,,,,,,
1778784400000000,POST_BID,post_initial_bid,btc-updown-5m-1778784400,Down,0.5,20.0,,,,,,
1778784400000000,POST_BID,post_initial_bid,btc-updown-5m-1778784400,Down,0.5,20.0,,,,,,
1778784400000000,POST_BID,post_initial_bid,btc-updown-5m-1778784400,Up,0.5,20.0,,,,,,
1778784400000000,POST_BID,post_initial_bid,btc-updown-5m-1778784400,Up,0.5,20.0,,,,,,
1778784400000000,POST_BID,post_initial_bid,btc-updown-5m-1778784400,Up,0.5,20.0,,,,,,
1778784400000000,POST_BID,post_initial_bid,btc-updown-5m-1778784400,Up,0.5,20.0,,,,,,
1778784400000000,POST_BID,post_initial_bid,btc-updown-5m-1778784400,Up,0.5,20.0,,,,,,
1778784400000000,POST_BID,post_initial_bid,btc-updown-5m-1778784400,Up,0.5,20.0,,,,,,
1778784400000000,POST_BID,post_initial_bid,btc-updown-5m-1778784400,Up,0.5,20.0,,,,,,
1778784400000000,POST_BID,post_initial_bid,btc-updown-5m-1778784400,Down,0.5,20.0,,,,,,
1778784400000000,POST_BID,post_initial_bid,btc-updown-5m-1778784400,Up,0.5,20.0,,,,,,
1778784400000000,POST_BID,post_initial_bid,btc-updown-5m-1778784400,Up,0.5,20.0,,,,,,
1778784400000000,POST_BID,post_initial_bid,btc-updown-5m-1778784400,Up,0.5,20.0,,,,,,
1778784400000000,POST_BID,post_initial_bid,btc-updown-5m-1778784400,Down,0.5,20.0,,,,,,
1778784400000000,POST_BID,post_initial_bid,btc-updown-5m-1778784400,Down,0.5,20.0,,,,,,
1778784400000000,FILL,maker_bid_hit,btc-updown-5m-1778784400,Up,0.5,20.0,20.0,,,,,
1778784400000000,FILL,maker_bid_hit,btc-updown-5m-1778784400,Up,0.5,20.0,20.0,,,,,
1778784400000000,FILL,maker_bid_hit,btc-updown-5m-1778784400,Up,0.5,20.0,20.0,,,,,
1778784400000000,FILL,maker_bid_hit,btc-updown-5m-1778784400,Up,0.5,20.0,20.0,,,,,
1778784400000000,FILL,maker_bid_hit,btc-updown-5m-1778784400,Down,0.5,20.0,20.0,,,,,
1778784400000000,FILL,maker_bid_hit,btc-updown-5m-1778784400,Up,0.5,20.0,20.0,,,,,
1778784400000000,FILL,maker_bid_hit,btc-updown-5m-1778784400,Up,0.5,20.0,20.0,,,,,
1778784400000000,FILL,maker_bid_hit,btc-updown-5m-1778784400,Up,0.5,20.0,20.0,,,,,
1778784400000000,FILL,maker_bid_hit,btc-updown-5m-1778784400,Down,0.5,20.0,20.0,,,,,
1778784400000000,FILL,maker_bid_hit,btc-updown-5m-1778784400,Down,0.5,20.0,20.0,,,,,
1778784400000000,TAKE,pat_pair_cost=0.9829,btc-updown-5m-1778784400,BOTH,0.9828504009195873,20.0,,,,20.0,20.0,0.9828504009195873
1778784700000000,LOG_SLUG_COMPLETE,slug_resolved,btc-updown-5m-1778784400,,,,,Up,-6.6775,,,
1778784700000000,POST_BID,post_initial_bid,btc-updown-5m-1778784700,Up,0.5,20.0,,,,,,
1778784700000000,POST_BID,post_initial_bid,btc-updown-5m-1778784700,Up,0.5,20.0,,,,,,
1778784700000000,POST_BID,post_initial_bid,btc-updown-5m-1778784700,Down,0.5,20.0,,,,,,
1778784700000000,POST_BID,post_initial_bid,btc-updown-5m-1778784700,Down,0.5,20.0,,,,,,
1778784700000000,POST_BID,post_initial_bid,btc-updown-5m-1778784700,Up,0.5,20.0,,,,,,
1778784700000000,POST_BID,post_initial_bid,btc-updown-5m-1778784700,Up,0.5,20.0,,,,,,
1778784700000000,POST_BID,post_initial_bid,btc-updown-5m-1778784700,Down,0.5,20.0,,,,,,
1778784700000000,POST_BID,post_initial_bid,btc-updown-5m-1778784700,Up,0.5,20.0,,,,,,
1778784700000000,POST_BID,post_initial_bid,btc-updown-5m-1778784700,Down,0.5,20.0,,,,,,
1778784700000000,POST_BID,post_initial_bid,btc-updown-5m-1778784700,Up,0.5,20.0,,,,,,
1778784700000000,POST_BID,post_initial_bid,btc-updown-5m-1778784700,Down,0.5,20.0,,,,,,
1778784700000000,POST_BID,post_initial_bid,btc-updown-5m-1778784700,Down,0.5,20.0,,,,,,
1778784700000000,POST_BID,post_initial_bid,btc-updown-5m-1778784700,Down,0.5,20.0,,,,,,
1778784700000000,POST_BID,post_initial_bid,btc-updown-5m-1778784700,Down,0.5,20.0,,,,,,
1778784700000000,POST_BID,post_initial_bid,btc-updown-5m-1778784700,Up,0.5,20.0,,,,,,
1778784700000000,POST_BID,post_initial_bid,btc-updown-5m-1778784700,Up,0.5,20.0,,,,,,
1778784700000000,POST_BID,post_initial_bid,btc-updown-5m-1778784700,Down,0.5,20.0,,,,,,
1778784700000000,POST_BID,post_initial_bid,btc-updown-5m-1778784700,Down,0.5,20.0,,,,,,
1778784700000000,POST_BID,post_initial_bid,btc-updown-5m-1778784700,Up,0.5,20.0,,,,,,
1778784700000000,POST_BID,post_initial_bid,btc-updown-5m-1778784700,Down,0.5,20.0,,,,,,
1778784700000000,POST_BID,post_initial_bid,btc-updown-5m-1778784700,Down,0.5,20.0,,,,,,
1778784700000000,POST_BID,post_initial_bid,btc-updown-5m-1778784700,Down,0.5,20.0,,,,,,
1778784700000000,POST_BID,post_initial_bid,btc-updown-5m-1778784700,Up,0.5,20.0,,,,,,
1778784700000000,POST_BID,post_initial_bid,btc-updown-5m-1778784700,Up,0.5,20.0,,,,,,
1778784700000000,POST_BID,post_initial_bid,btc-updown-5m-1778784700,Up,0.5,20.0,,,,,,
1778784700000000,POST_BID,post_initial_bid,btc-updown-5m-1778784700,Down,0.5,20.0,,,,,,
1778784700000000,POST_BID,post_initial_bid,btc-updown-5m-1778784700,Up,0.5,20.0,,,,,,
1778784700000000,POST_BID,post_initial_bid,btc-updown-5m-1778784700,Up,0.5,20.0,,,,,,
1778784700000000,POST_BID,post_initial_bid,btc-updown-5m-1778784700,Down,0.5,20.0,,,,,,
1778784700000000,POST_BID,post_initial_bid,btc-updown-5m-1778784700,Up,0.5,20.0,,,,,,
1778784700000000,POST_BID,post_initial_bid,btc-updown-5m-1778784700,Down,0.5,20.0,,,,,,
1778784700000000,POST_BID,post_initial_bid,btc-updown-5m-1778784700,Up,0.5,20.0,,,,,,
1778784700000000,POST_BID,post_initial_bid,btc-updown-5m-1778784700,Down,0.5,20.0,,,,,,
1778784700000000,POST_BID,post_initial_bid,btc-updown-5m-1778784700,Down,0.5,20.0,,,,,,
1778784700000000,POST_BID,post_initial_bid,btc-updown-5m-1778784700,Down,0.5,20.0,,,,,,
1778784700000000,POST_BID,post_initial_bid,btc-updown-5m-1778784700,Down,0.5,20.0,,,,,,
1778784700000000,POST_BID,post_initial_bid,btc-updown-5m-1778784700,Down,0.5,20.0,,,,,,
1778784700000000,POST_BID,post_initial_bid,btc-updown-5m-1778784700,Down,0.5,20.0,,,,,,
1778784700000000,POST_BID,post_initial_bid,btc-updown-5m-1778784700,Up,0.5,20.0,,,,,,
1778784700000000,POST_BID,post_initial_bid,btc-updown-5m-1778784700,Down,0.5,20.0,,,,,,
1778784700000000,POST_BID,post_initial_bid,btc-updown-5m-1778784700,Up,0.5,20.0,,,,,,
1778784700000000,POST_BID,post_initial_bid,btc-updown-5m-1778784700,Up,0.5,20.0,,,,,,
1778784700000000,POST_BID,post_initial_bid,btc-updown-5m-1778784700,Down,0.5,20.0,,,,,,
1778784700000000,POST_BID,post_initial_bid,btc-updown-5m-1778784700,Down,0.5,20.0,,,,,,
1778784700000000,POST_BID,post_initial_bid,btc-updown-5m-1778784700,Down,0.5,20.0,,,,,,
1778784700000000,POST_BID,post_initial_bid,btc-updown-5m-1778784700,Up,0.5,20.0,,,,,,
1778784700000000,POST_BID,post_initial_bid,btc-updown-5m-1778784700,Down,0.5,20.0,,,,,,
1778784700000000,POST_BID,post_initial_bid,btc-updown-5m-1778784700,Up,0.5,20.0,,,,,,
1778784700000000,POST_BID,post_initial_bid,btc-updown-5m-1778784700,Up,0.5,20.0,,,,,,
1778784700000000,POST_BID,post_initial_bid,btc-updown-5m-1778784700,Up,0.5,20.0,,,,,,
1778784700000000,POST_BID,post_initial_bid,btc-updown-5m-1778784700,Up,0.5,20.0,,,,,,
1778784700000000,POST_BID,post_initial_bid,btc-updown-5m-1778784700,Up,0.5,20.0,,,,,,
1778784700000000,POST_BID,post_initial_bid,btc-updown-5m-1778784700,Up,0.5,20.0,,,,,,
1778784700000000,POST_BID,post_initial_bid,btc-updown-5m-1778784700,Down,0.5,20.0,,,,,,
1778784700000000,POST_BID,post_initial_bid,btc-updown-5m-1778784700,Up,0.5,20.0,,,,,,
1778784700000000,POST_BID,post_initial_bid,btc-updown-5m-1778784700,Down,0.5,20.0,,,,,,
1778784700000000,POST_BID,post_initial_bid,btc-updown-5m-1778784700,Down,0.5,20.0,,,,,,
1778784700000000,POST_BID,post_initial_bid,btc-updown-5m-1778784700,Down,0.5,20.0,,,,,,
1778784700000000,POST_BID,post_initial_bid,btc-updown-5m-1778784700,Up,0.5,20.0,,,,,,
1778784700000000,POST_BID,post_initial_bid,btc-updown-5m-1778784700,Up,0.5,20.0,,,,,,
1778784700000000,POST_BID,post_initial_bid,btc-updown-5m-1778784700,Down,0.5,20.0,,,,,,
1778784700000000,POST_BID,post_initial_bid,btc-updown-5m-1778784700,Up,0.5,20.0,,,,,,
1778784700000000,POST_BID,post_initial_bid,btc-updown-5m-1778784700,Up,0.5,20.0,,,,,,
1778784700000000,POST_BID,post_initial_bid,btc-updown-5m-1778784700,Up,0.5,20.0,,,,,,
1778784700000000,POST_BID,post_initial_bid,btc-updown-5m-1778784700,Down,0.5,20.0,,,,,,
1778784700000000,POST_BID,post_initial_bid,btc-updown-5m-1778784700,Up,0.5,20.0,,,,,,
1778784700000000,POST_BID,post_initial_bid,btc-updown-5m-1778784700,Up,0.5,20.0,,,,,,
1778784700000000,POST_BID,post_initial_bid,btc-updown-5m-1778784700,Up,0.5,20.0,,,,,,
1778784700000000,FILL,maker_bid_hit,btc-updown-5m-1778784700,Up,0.5,20.0,20.0,,,,,
1778784700000000,FILL,maker_bid_hit,btc-updown-5m-1778784700,Down,0.5,20.0,20.0,,,,,
1778784700000000,FILL,maker_bid_hit,btc-updown-5m-1778784700,Down,0.5,20.0,20.0,,,,,
1778784700000000,FILL,maker_bid_hit,btc-updown-5m-1778784700,Up,0.5,20.0,20.0,,,,,
1778784700000000,FILL,maker_bid_hit,btc-updown-5m-1778784700,Up,0.5,20.0,20.0,,,,,
1778784700000000,FILL,maker_bid_hit,btc-updown-5m-1778784700,Up,0.5,20.0,20.0,,,,,
1778784700000000,FILL,maker_bid_hit,btc-updown-5m-1778784700,Down,0.5,20.0,20.0,,,,,
1778784700000000,FILL,maker_bid_hit,btc-updown-5m-1778784700,Down,0.5,20.0,20.0,,,,,
1778784700000000,FILL,maker_bid_hit,btc-updown-5m-1778784700,Up,0.5,20.0,20.0,,,,,
1778784700000000,FILL,maker_bid_hit,btc-updown-5m-1778784700,Down,0.5,20.0,20.0,,,,,
1778784700000000,FILL,maker_bid_hit,btc-updown-5m-1778784700,Up,0.5,20.0,20.0,,,,,
1778784700000000,FILL,maker_bid_hit,btc-updown-5m-1778784700,Down,0.5,20.0,20.0,,,,,
1778784700000000,FILL,maker_bid_hit,btc-updown-5m-1778784700,Down,0.5,20.0,20.0,,,,,
1778784700000000,FILL,maker_bid_hit,btc-updown-5m-1778784700,Down,0.5,20.0,20.0,,,,,
1778784700000000,FILL,maker_bid_hit,btc-updown-5m-1778784700,Down,0.5,20.0,20.0,,,,,
1778784700000000,FILL,maker_bid_hit,btc-updown-5m-1778784700,Up,0.5,20.0,20.0,,,,,
1778784700000000,FILL,maker_bid_hit,btc-updown-5m-1778784700,Down,0.5,20.0,20.0,,,,,
1778784700000000,TAKE,pat_pair_cost=0.9931,btc-updown-5m-1778784700,BOTH,0.9930578808515893,20.0,,,,20.0,20.0,0.9930578808515893
1778785000000000,LOG_SLUG_COMPLETE,slug_resolved,btc-updown-5m-1778784700,,,,,Up,-3.2402,,,
1778785000000000,POST_BID,post_initial_bid,btc-updown-5m-1778785000,Up,0.5,20.0,,,,,,
1778785000000000,POST_BID,post_initial_bid,btc-updown-5m-1778785000,Down,0.5,20.0,,,,,,
1778785000000000,POST_BID,post_initial_bid,btc-updown-5m-1778785000,Down,0.5,20.0,,,,,,
1778785000000000,POST_BID,post_initial_bid,btc-updown-5m-1778785000,Up,0.5,20.0,,,,,,
1778785000000000,POST_BID,post_initial_bid,btc-updown-5m-1778785000,Up,0.5,20.0,,,,,,
1778785000000000,POST_BID,post_initial_bid,btc-updown-5m-1778785000,Down,0.5,20.0,,,,,,
1778785000000000,POST_BID,post_initial_bid,btc-updown-5m-1778785000,Up,0.5,20.0,,,,,,
1778785000000000,POST_BID,post_initial_bid,btc-updown-5m-1778785000,Up,0.5,20.0,,,,,,
1778785000000000,POST_BID,post_initial_bid,btc-updown-5m-1778785000,Up,0.5,20.0,,,,,,
1778785000000000,POST_BID,post_initial_bid,btc-updown-5m-1778785000,Up,0.5,20.0,,,,,,
1778785000000000,POST_BID,post_initial_bid,btc-updown-5m-1778785000,Up,0.5,20.0,,,,,,
1778785000000000,POST_BID,post_initial_bid,btc-updown-5m-1778785000,Down,0.5,20.0,,,,,,
1778785000000000,POST_BID,post_initial_bid,btc-updown-5m-1778785000,Up,0.5,20.0,,,,,,
1778785000000000,POST_BID,post_initial_bid,btc-updown-5m-1778785000,Down,0.5,20.0,,,,,,
1778785000000000,POST_BID,post_initial_bid,btc-updown-5m-1778785000,Up,0.5,20.0,,,,,,
1778785000000000,POST_BID,post_initial_bid,btc-updown-5m-1778785000,Up,0.5,20.0,,,,,,
1778785000000000,POST_BID,post_initial_bid,btc-updown-5m-1778785000,Down,0.5,20.0,,,,,,
1778785000000000,POST_BID,post_initial_bid,btc-updown-5m-1778785000,Up,0.5,20.0,,,,,,
1778785000000000,POST_BID,post_initial_bid,btc-updown-5m-1778785000,Up,0.5,20.0,,,,,,
1778785000000000,POST_BID,post_initial_bid,btc-updown-5m-1778785000,Down,0.5,20.0,,,,,,
1778785000000000,POST_BID,post_initial_bid,btc-updown-5m-1778785000,Down,0.5,20.0,,,,,,
1778785000000000,POST_BID,post_initial_bid,btc-updown-5m-1778785000,Down,0.5,20.0,,,,,,
1778785000000000,POST_BID,post_initial_bid,btc-updown-5m-1778785000,Up,0.5,20.0,,,,,,
1778785000000000,POST_BID,post_initial_bid,btc-updown-5m-1778785000,Down,0.5,20.0,,,,,,
1778785000000000,POST_BID,post_initial_bid,btc-updown-5m-1778785000,Down,0.5,20.0,,,,,,
1778785000000000,POST_BID,post_initial_bid,btc-updown-5m-1778785000,Up,0.5,20.0,,,,,,
1778785000000000,POST_BID,post_initial_bid,btc-updown-5m-1778785000,Up,0.5,20.0,,,,,,
1778785000000000,POST_BID,post_initial_bid,btc-updown-5m-1778785000,Down,0.5,20.0,,,,,,
1778785000000000,POST_BID,post_initial_bid,btc-updown-5m-1778785000,Down,0.5,20.0,,,,,,
1778785000000000,POST_BID,post_initial_bid,btc-updown-5m-1778785000,Down,0.5,20.0,,,,,,
1778785000000000,POST_BID,post_initial_bid,btc-updown-5m-1778785000,Up,0.5,20.0,,,,,,
1778785000000000,POST_BID,post_initial_bid,btc-updown-5m-1778785000,Down,0.5,20.0,,,,,,
1778785000000000,POST_BID,post_initial_bid,btc-updown-5m-1778785000,Down,0.5,20.0,,,,,,
1778785000000000,POST_BID,post_initial_bid,btc-updown-5m-1778785000,Up,0.5,20.0,,,,,,
1778785000000000,POST_BID,post_initial_bid,btc-updown-5m-1778785000,Down,0.5,20.0,,,,,,
1778785000000000,POST_BID,post_initial_bid,btc-updown-5m-1778785000,Down,0.5,20.0,,,,,,
1778785000000000,POST_BID,post_initial_bid,btc-updown-5m-1778785000,Down,0.5,20.0,,,,,,
1778785000000000,POST_BID,post_initial_bid,btc-updown-5m-1778785000,Up,0.5,20.0,,,,,,
1778785000000000,POST_BID,post_initial_bid,btc-updown-5m-1778785000,Up,0.5,20.0,,,,,,
1778785000000000,POST_BID,post_initial_bid,btc-updown-5m-1778785000,Down,0.5,20.0,,,,,,
1778785000000000,POST_BID,post_initial_bid,btc-updown-5m-1778785000,Down,0.5,20.0,,,,,,
1778785000000000,POST_BID,post_initial_bid,btc-updown-5m-1778785000,Down,0.5,20.0,,,,,,
1778785000000000,POST_BID,post_initial_bid,btc-updown-5m-1778785000,Down,0.5,20.0,,,,,,
1778785000000000,POST_BID,post_initial_bid,btc-updown-5m-1778785000,Up,0.5,20.0,,,,,,
1778785000000000,POST_BID,post_initial_bid,btc-updown-5m-1778785000,Down,0.5,20.0,,,,,,
1778785000000000,POST_BID,post_initial_bid,btc-updown-5m-1778785000,Down,0.5,20.0,,,,,,
1778785000000000,POST_BID,post_initial_bid,btc-updown-5m-1778785000,Up,0.5,20.0,,,,,,
1778785000000000,POST_BID,post_initial_bid,btc-updown-5m-1778785000,Down,0.5,20.0,,,,,,
1778785000000000,POST_BID,post_initial_bid,btc-updown-5m-1778785000,Down,0.5,20.0,,,,,,
1778785000000000,POST_BID,post_initial_bid,btc-updown-5m-1778785000,Down,0.5,20.0,,,,,,
1778785000000000,POST_BID,post_initial_bid,btc-updown-5m-1778785000,Up,0.5,20.0,,,,,,
1778785000000000,POST_BID,post_initial_bid,btc-updown-5m-1778785000,Down,0.5,20.0,,,,,,
1778785000000000,POST_BID,post_initial_bid,btc-updown-5m-1778785000,Up,0.5,20.0,,,,,,
1778785000000000,POST_BID,post_initial_bid,btc-updown-5m-1778785000,Down,0.5,20.0,,,,,,
1778785000000000,POST_BID,post_initial_bid,btc-updown-5m-1778785000,Down,0.5,20.0,,,,,,
1778785000000000,POST_BID,post_initial_bid,btc-updown-5m-1778785000,Down,0.5,20.0,,,,,,
1778785000000000,POST_BID,post_initial_bid,btc-updown-5m-1778785000,Up,0.5,20.0,,,,,,
1778785000000000,POST_BID,post_initial_bid,btc-updown-5m-1778785000,Down,0.5,20.0,,,,,,
1778785000000000,POST_BID,post_initial_bid,btc-updown-5m-1778785000,Down,0.5,20.0,,,,,,
1778785000000000,POST_BID,post_initial_bid,btc-updown-5m-1778785000,Down,0.5,20.0,,,,,,
1778785000000000,POST_BID,post_initial_bid,btc-updown-5m-1778785000,Up,0.5,20.0,,,,,,
1778785000000000,POST_BID,post_initial_bid,btc-updown-5m-1778785000,Down,0.5,20.0,,,,,,
1778785000000000,POST_BID,post_initial_bid,btc-updown-5m-1778785000,Down,0.5,20.0,,,,,,
1778785000000000,POST_BID,post_initial_bid,btc-updown-5m-1778785000,Down,0.5,20.0,,,,,,
1778785000000000,POST_BID,post_initial_bid,btc-updown-5m-1778785000,Down,0.5,20.0,,,,,,
1778785000000000,POST_BID,post_initial_bid,btc-updown-5m-1778785000,Up,0.5,20.0,,,,,,
1778785000000000,POST_BID,post_initial_bid,btc-updown-5m-1778785000,Down,0.5,20.0,,,,,,
1778785000000000,POST_BID,post_initial_bid,btc-updown-5m-1778785000,Up,0.5,20.0,,,,,,
1778785000000000,POST_BID,post_initial_bid,btc-updown-5m-1778785000,Down,0.5,20.0,,,,,,
1778785000000000,POST_BID,post_initial_bid,btc-updown-5m-1778785000,Up,0.5,20.0,,,,,,
1778785000000000,POST_BID,post_initial_bid,btc-updown-5m-1778785000,Up,0.5,20.0,,,,,,
1778785000000000,POST_BID,post_initial_bid,btc-updown-5m-1778785000,Down,0.5,20.0,,,,,,
1778785000000000,POST_BID,post_initial_bid,btc-updown-5m-1778785000,Up,0.5,20.0,,,,,,
1778785000000000,POST_BID,post_initial_bid,btc-updown-5m-1778785000,Down,0.5,20.0,,,,,,
1778785000000000,POST_BID,post_initial_bid,btc-updown-5m-1778785000,Up,0.5,20.0,,,,,,
1778785000000000,POST_BID,post_initial_bid,btc-updown-5m-1778785000,Up,0.5,20.0,,,,,,
1778785000000000,POST_BID,post_initial_bid,btc-updown-5m-1778785000,Up,0.5,20.0,,,,,,
1778785000000000,POST_BID,post_initial_bid,btc-updown-5m-1778785000,Up,0.5,20.0,,,,,,
1778785000000000,POST_BID,post_initial_bid,btc-updown-5m-1778785000,Up,0.5,20.0,,,,,,
1778785000000000,POST_BID,post_initial_bid,btc-updown-5m-1778785000,Up,0.5,20.0,,,,,,
1778785000000000,POST_BID,post_initial_bid,btc-updown-5m-1778785000,Down,0.5,20.0,,,,,,
1778785000000000,POST_BID,post_initial_bid,btc-updown-5m-1778785000,Up,0.5,20.0,,,,,,
1778785000000000,POST_BID,post_initial_bid,btc-updown-5m-1778785000,Up,0.5,20.0,,,,,,
1778785000000000,POST_BID,post_initial_bid,btc-updown-5m-1778785000,Down,0.5,20.0,,,,,,
1778785000000000,POST_BID,post_initial_bid,btc-updown-5m-1778785000,Up,0.5,20.0,,,,,,
1778785000000000,POST_BID,post_initial_bid,btc-updown-5m-1778785000,Up,0.5,20.0,,,,,,
1778785000000000,FILL,maker_bid_hit,btc-updown-5m-1778785000,Down,0.5,20.0,20.0,,,,,
1778785000000000,FILL,maker_bid_hit,btc-updown-5m-1778785000,Up,0.5,20.0,20.0,,,,,
1778785000000000,FILL,maker_bid_hit,btc-updown-5m-1778785000,Up,0.5,20.0,20.0,,,,,
1778785000000000,FILL,maker_bid_hit,btc-updown-5m-1778785000,Up,0.5,20.0,20.0,,,,,
1778785000000000,FILL,maker_bid_hit,btc-updown-5m-1778785000,Down,0.5,20.0,20.0,,,,,
1778785000000000,FILL,maker_bid_hit,btc-updown-5m-1778785000,Up,0.5,20.0,20.0,,,,,
1778785000000000,FILL,maker_bid_hit,btc-updown-5m-1778785000,Down,0.5,20.0,20.0,,,,,
1778785000000000,FILL,maker_bid_hit,btc-updown-5m-1778785000,Up,0.5,20.0,20.0,,,,,
1778785000000000,FILL,maker_bid_hit,btc-updown-5m-1778785000,Up,0.5,20.0,20.0,,,,,
1778785000000000,FILL,maker_bid_hit,btc-updown-5m-1778785000,Up,0.5,20.0,20.0,,,,,
1778785000000000,FILL,maker_bid_hit,btc-updown-5m-1778785000,Down,0.5,20.0,20.0,,,,,
1778785000000000,FILL,maker_bid_hit,btc-updown-5m-1778785000,Down,0.5,20.0,20.0,,,,,
1778785000000000,FILL,maker_bid_hit,btc-updown-5m-1778785000,Down,0.5,20.0,20.0,,,,,
1778785300000000,LOG_SLUG_COMPLETE,slug_resolved,btc-updown-5m-1778785000,,,,,Up,-4.1091,,,
1778785300000000,POST_BID,post_initial_bid,btc-updown-5m-1778785300,Up,0.5,20.0,,,,,,
1778785300000000,POST_BID,post_initial_bid,btc-updown-5m-1778785300,Down,0.5,20.0,,,,,,
1778785300000000,POST_BID,post_initial_bid,btc-updown-5m-1778785300,Up,0.5,20.0,,,,,,
1778785300000000,POST_BID,post_initial_bid,btc-updown-5m-1778785300,Up,0.5,20.0,,,,,,
1778785300000000,POST_BID,post_initial_bid,btc-updown-5m-1778785300,Up,0.5,20.0,,,,,,
1778785300000000,POST_BID,post_initial_bid,btc-updown-5m-1778785300,Down,0.5,20.0,,,,,,
1778785300000000,POST_BID,post_initial_bid,btc-updown-5m-1778785300,Up,0.5,20.0,,,,,,
1778785300000000,POST_BID,post_initial_bid,btc-updown-5m-1778785300,Down,0.5,20.0,,,,,,
1778785300000000,POST_BID,post_initial_bid,btc-updown-5m-1778785300,Up,0.5,20.0,,,,,,
1778785300000000,POST_BID,post_initial_bid,btc-updown-5m-1778785300,Up,0.5,20.0,,,,,,
1778785300000000,POST_BID,post_initial_bid,btc-updown-5m-1778785300,Down,0.5,20.0,,,,,,
1778785300000000,POST_BID,post_initial_bid,btc-updown-5m-1778785300,Up,0.5,20.0,,,,,,
1778785300000000,POST_BID,post_initial_bid,btc-updown-5m-1778785300,Down,0.5,20.0,,,,,,
1778785300000000,POST_BID,post_initial_bid,btc-updown-5m-1778785300,Up,0.5,20.0,,,,,,
1778785300000000,POST_BID,post_initial_bid,btc-updown-5m-1778785300,Up,0.5,20.0,,,,,,
1778785300000000,POST_BID,post_initial_bid,btc-updown-5m-1778785300,Down,0.5,20.0,,,,,,
1778785300000000,POST_BID,post_initial_bid,btc-updown-5m-1778785300,Up,0.5,20.0,,,,,,
1778785300000000,POST_BID,post_initial_bid,btc-updown-5m-1778785300,Up,0.5,20.0,,,,,,
1778785300000000,POST_BID,post_initial_bid,btc-updown-5m-1778785300,Down,0.5,20.0,,,,,,
1778785300000000,POST_BID,post_initial_bid,btc-updown-5m-1778785300,Down,0.5,20.0,,,,,,
1778785300000000,POST_BID,post_initial_bid,btc-updown-5m-1778785300,Down,0.5,20.0,,,,,,
1778785300000000,POST_BID,post_initial_bid,btc-updown-5m-1778785300,Up,0.5,20.0,,,,,,
1778785300000000,POST_BID,post_initial_bid,btc-updown-5m-1778785300,Down,0.5,20.0,,,,,,
1778785300000000,POST_BID,post_initial_bid,btc-updown-5m-1778785300,Up,0.5,20.0,,,,,,
1778785300000000,POST_BID,post_initial_bid,btc-updown-5m-1778785300,Down,0.5,20.0,,,,,,
1778785300000000,POST_BID,post_initial_bid,btc-updown-5m-1778785300,Up,0.5,20.0,,,,,,
1778785300000000,POST_BID,post_initial_bid,btc-updown-5m-1778785300,Down,0.5,20.0,,,,,,
1778785300000000,POST_BID,post_initial_bid,btc-updown-5m-1778785300,Up,0.5,20.0,,,,,,
1778785300000000,POST_BID,post_initial_bid,btc-updown-5m-1778785300,Up,0.5,20.0,,,,,,
1778785300000000,POST_BID,post_initial_bid,btc-updown-5m-1778785300,Down,0.5,20.0,,,,,,
1778785300000000,POST_BID,post_initial_bid,btc-updown-5m-1778785300,Up,0.5,20.0,,,,,,
1778785300000000,POST_BID,post_initial_bid,btc-updown-5m-1778785300,Up,0.5,20.0,,,,,,
1778785300000000,POST_BID,post_initial_bid,btc-updown-5m-1778785300,Up,0.5,20.0,,,,,,
1778785300000000,POST_BID,post_initial_bid,btc-updown-5m-1778785300,Up,0.5,20.0,,,,,,
1778785300000000,POST_BID,post_initial_bid,btc-updown-5m-1778785300,Down,0.5,20.0,,,,,,
1778785300000000,POST_BID,post_initial_bid,btc-updown-5m-1778785300,Down,0.5,20.0,,,,,,
1778785300000000,POST_BID,post_initial_bid,btc-updown-5m-1778785300,Down,0.5,20.0,,,,,,
1778785300000000,POST_BID,post_initial_bid,btc-updown-5m-1778785300,Down,0.5,20.0,,,,,,
1778785300000000,POST_BID,post_initial_bid,btc-updown-5m-1778785300,Down,0.5,20.0,,,,,,
1778785300000000,POST_BID,post_initial_bid,btc-updown-5m-1778785300,Up,0.5,20.0,,,,,,
1778785300000000,POST_BID,post_initial_bid,btc-updown-5m-1778785300,Up,0.5,20.0,,,,,,
1778785300000000,POST_BID,post_initial_bid,btc-updown-5m-1778785300,Up,0.5,20.0,,,,,,
1778785300000000,POST_BID,post_initial_bid,btc-updown-5m-1778785300,Down,0.5,20.0,,,,,,
1778785300000000,POST_BID,post_initial_bid,btc-updown-5m-1778785300,Up,0.5,20.0,,,,,,
1778785300000000,POST_BID,post_initial_bid,btc-updown-5m-1778785300,Down,0.5,20.0,,,,,,
1778785300000000,POST_BID,post_initial_bid,btc-updown-5m-1778785300,Up,0.5,20.0,,,,,,
1778785300000000,POST_BID,post_initial_bid,btc-updown-5m-1778785300,Down,0.5,20.0,,,,,,
1778785300000000,POST_BID,post_initial_bid,btc-updown-5m-1778785300,Up,0.5,20.0,,,,,,
1778785300000000,POST_BID,post_initial_bid,btc-updown-5m-1778785300,Down,0.5,20.0,,,,,,
1778785300000000,POST_BID,post_initial_bid,btc-updown-5m-1778785300,Up,0.5,20.0,,,,,,
1778785300000000,POST_BID,post_initial_bid,btc-updown-5m-1778785300,Down,0.5,20.0,,,,,,
1778785300000000,POST_BID,post_initial_bid,btc-updown-5m-1778785300,Down,0.5,20.0,,,,,,
1778785300000000,POST_BID,post_initial_bid,btc-updown-5m-1778785300,Down,0.5,20.0,,,,,,
1778785300000000,POST_BID,post_initial_bid,btc-updown-5m-1778785300,Down,0.5,20.0,,,,,,
1778785300000000,POST_BID,post_initial_bid,btc-updown-5m-1778785300,Down,0.5,20.0,,,,,,
1778785300000000,POST_BID,post_initial_bid,btc-updown-5m-1778785300,Down,0.5,20.0,,,,,,
1778785300000000,POST_BID,post_initial_bid,btc-updown-5m-1778785300,Down,0.5,20.0,,,,,,
1778785300000000,POST_BID,post_initial_bid,btc-updown-5m-1778785300,Down,0.5,20.0,,,,,,
1778785300000000,POST_BID,post_initial_bid,btc-updown-5m-1778785300,Down,0.5,20.0,,,,,,
1778785300000000,POST_BID,post_initial_bid,btc-updown-5m-1778785300,Up,0.5,20.0,,,,,,
1778785300000000,POST_BID,post_initial_bid,btc-updown-5m-1778785300,Up,0.5,20.0,,,,,,
1778785300000000,POST_BID,post_initial_bid,btc-updown-5m-1778785300,Down,0.5,20.0,,,,,,
1778785300000000,POST_BID,post_initial_bid,btc-updown-5m-1778785300,Down,0.5,20.0,,,,,,
1778785300000000,POST_BID,post_initial_bid,btc-updown-5m-1778785300,Down,0.5,20.0,,,,,,
1778785300000000,FILL,maker_bid_hit,btc-updown-5m-1778785300,Down,0.5,20.0,20.0,,,,,
1778785300000000,FILL,maker_bid_hit,btc-updown-5m-1778785300,Up,0.5,20.0,20.0,,,,,
1778785300000000,FILL,maker_bid_hit,btc-updown-5m-1778785300,Down,0.5,20.0,20.0,,,,,
1778785300000000,FILL,maker_bid_hit,btc-updown-5m-1778785300,Up,0.5,20.0,20.0,,,,,
1778785300000000,FILL,maker_bid_hit,btc-updown-5m-1778785300,Up,0.5,20.0,20.0,,,,,
1778785300000000,FILL,maker_bid_hit,btc-updown-5m-1778785300,Up,0.5,20.0,20.0,,,,,
1778785300000000,FILL,maker_bid_hit,btc-updown-5m-1778785300,Up,0.5,20.0,20.0,,,,,
1778785300000000,FILL,maker_bid_hit,btc-updown-5m-1778785300,Down,0.5,20.0,20.0,,,,,
1778785300000000,FILL,maker_bid_hit,btc-updown-5m-1778785300,Down,0.5,20.0,20.0,,,,,
1778785300000000,FILL,maker_bid_hit,btc-updown-5m-1778785300,Up,0.5,20.0,20.0,,,,,
1778785300000000,FILL,maker_bid_hit,btc-updown-5m-1778785300,Up,0.5,20.0,20.0,,,,,
1778785300000000,FILL,maker_bid_hit,btc-updown-5m-1778785300,Up,0.5,20.0,20.0,,,,,
1778785300000000,FILL,maker_bid_hit,btc-updown-5m-1778785300,Down,0.5,20.0,20.0,,,,,
1778785300000000,FILL,maker_bid_hit,btc-updown-5m-1778785300,Down,0.5,20.0,20.0,,,,,
1778785300000000,FILL,maker_bid_hit,btc-updown-5m-1778785300,Up,0.5,20.0,20.0,,,,,
1778785300000000,FILL,maker_bid_hit,btc-updown-5m-1778785300,Down,0.5,20.0,20.0,,,,,
1778785300000000,FILL,maker_bid_hit,btc-updown-5m-1778785300,Up,0.5,20.0,20.0,,,,,
1778785600000000,LOG_SLUG_COMPLETE,slug_resolved,btc-updown-5m-1778785300,,,,,Up,-10.9123,,,
1778785600000000,POST_BID,post_initial_bid,btc-updown-5m-1778785600,Down,0.5,20.0,,,,,,
1778785600000000,POST_BID,post_initial_bid,btc-updown-5m-1778785600,Up,0.5,20.0,,,,,,
1778785600000000,POST_BID,post_initial_bid,btc-updown-5m-1778785600,Down,0.5,20.0,,,,,,
1778785600000000,POST_BID,post_initial_bid,btc-updown-5m-1778785600,Down,0.5,20.0,,,,,,
1778785600000000,POST_BID,post_initial_bid,btc-updown-5m-1778785600,Down,0.5,20.0,,,,,,
1778785600000000,POST_BID,post_initial_bid,btc-updown-5m-1778785600,Down,0.5,20.0,,,,,,
1778785600000000,POST_BID,post_initial_bid,btc-updown-5m-1778785600,Down,0.5,20.0,,,,,,
1778785600000000,POST_BID,post_initial_bid,btc-updown-5m-1778785600,Down,0.5,20.0,,,,,,
1778785600000000,POST_BID,post_initial_bid,btc-updown-5m-1778785600,Down,0.5,20.0,,,,,,
1778785600000000,POST_BID,post_initial_bid,btc-updown-5m-1778785600,Up,0.5,20.0,,,,,,
1778785600000000,POST_BID,post_initial_bid,btc-updown-5m-1778785600,Down,0.5,20.0,,,,,,
1778785600000000,POST_BID,post_initial_bid,btc-updown-5m-1778785600,Up,0.5,20.0,,,,,,
1778785600000000,POST_BID,post_initial_bid,btc-updown-5m-1778785600,Up,0.5,20.0,,,,,,
1778785600000000,POST_BID,post_initial_bid,btc-updown-5m-1778785600,Up,0.5,20.0,,,,,,
1778785600000000,POST_BID,post_initial_bid,btc-updown-5m-1778785600,Up,0.5,20.0,,,,,,
1778785600000000,POST_BID,post_initial_bid,btc-updown-5m-1778785600,Up,0.5,20.0,,,,,,
1778785600000000,POST_BID,post_initial_bid,btc-updown-5m-1778785600,Down,0.5,20.0,,,,,,
1778785600000000,POST_BID,post_initial_bid,btc-updown-5m-1778785600,Up,0.5,20.0,,,,,,
1778785600000000,POST_BID,post_initial_bid,btc-updown-5m-1778785600,Down,0.5,20.0,,,,,,
1778785600000000,POST_BID,post_initial_bid,btc-updown-5m-1778785600,Up,0.5,20.0,,,,,,
1778785600000000,POST_BID,post_initial_bid,btc-updown-5m-1778785600,Down,0.5,20.0,,,,,,
1778785600000000,POST_BID,post_initial_bid,btc-updown-5m-1778785600,Down,0.5,20.0,,,,,,
1778785600000000,POST_BID,post_initial_bid,btc-updown-5m-1778785600,Up,0.5,20.0,,,,,,
1778785600000000,POST_BID,post_initial_bid,btc-updown-5m-1778785600,Down,0.5,20.0,,,,,,
1778785600000000,POST_BID,post_initial_bid,btc-updown-5m-1778785600,Up,0.5,20.0,,,,,,
1778785600000000,POST_BID,post_initial_bid,btc-updown-5m-1778785600,Up,0.5,20.0,,,,,,
1778785600000000,POST_BID,post_initial_bid,btc-updown-5m-1778785600,Up,0.5,20.0,,,,,,
1778785600000000,POST_BID,post_initial_bid,btc-updown-5m-1778785600,Up,0.5,20.0,,,,,,
1778785600000000,POST_BID,post_initial_bid,btc-updown-5m-1778785600,Down,0.5,20.0,,,,,,
1778785600000000,POST_BID,post_initial_bid,btc-updown-5m-1778785600,Down,0.5,20.0,,,,,,
1778785600000000,POST_BID,post_initial_bid,btc-updown-5m-1778785600,Down,0.5,20.0,,,,,,
1778785600000000,POST_BID,post_initial_bid,btc-updown-5m-1778785600,Up,0.5,20.0,,,,,,
1778785600000000,POST_BID,post_initial_bid,btc-updown-5m-1778785600,Down,0.5,20.0,,,,,,
1778785600000000,POST_BID,post_initial_bid,btc-updown-5m-1778785600,Down,0.5,20.0,,,,,,
1778785600000000,POST_BID,post_initial_bid,btc-updown-5m-1778785600,Up,0.5,20.0,,,,,,
1778785600000000,POST_BID,post_initial_bid,btc-updown-5m-1778785600,Up,0.5,20.0,,,,,,
1778785600000000,POST_BID,post_initial_bid,btc-updown-5m-1778785600,Down,0.5,20.0,,,,,,
1778785600000000,POST_BID,post_initial_bid,btc-updown-5m-1778785600,Down,0.5,20.0,,,,,,
1778785600000000,POST_BID,post_initial_bid,btc-updown-5m-1778785600,Down,0.5,20.0,,,,,,
1778785600000000,POST_BID,post_initial_bid,btc-updown-5m-1778785600,Down,0.5,20.0,,,,,,
1778785600000000,POST_BID,post_initial_bid,btc-updown-5m-1778785600,Down,0.5,20.0,,,,,,
1778785600000000,POST_BID,post_initial_bid,btc-updown-5m-1778785600,Down,0.5,20.0,,,,,,
1778785600000000,POST_BID,post_initial_bid,btc-updown-5m-1778785600,Up,0.5,20.0,,,,,,
1778785600000000,POST_BID,post_initial_bid,btc-updown-5m-1778785600,Up,0.5,20.0,,,,,,
1778785600000000,POST_BID,post_initial_bid,btc-updown-5m-1778785600,Up,0.5,20.0,,,,,,
1778785600000000,POST_BID,post_initial_bid,btc-updown-5m-1778785600,Down,0.5,20.0,,,,,,
1778785600000000,POST_BID,post_initial_bid,btc-updown-5m-1778785600,Down,0.5,20.0,,,,,,
1778785600000000,POST_BID,post_initial_bid,btc-updown-5m-1778785600,Down,0.5,20.0,,,,,,
1778785600000000,POST_BID,post_initial_bid,btc-updown-5m-1778785600,Up,0.5,20.0,,,,,,
1778785600000000,POST_BID,post_initial_bid,btc-updown-5m-1778785600,Down,0.5,20.0,,,,,,
1778785600000000,POST_BID,post_initial_bid,btc-updown-5m-1778785600,Down,0.5,20.0,,,,,,
1778785600000000,POST_BID,post_initial_bid,btc-updown-5m-1778785600,Up,0.5,20.0,,,,,,
1778785600000000,POST_BID,post_initial_bid,btc-updown-5m-1778785600,Up,0.5,20.0,,,,,,
1778785600000000,POST_BID,post_initial_bid,btc-updown-5m-1778785600,Up,0.5,20.0,,,,,,
1778785600000000,POST_BID,post_initial_bid,btc-updown-5m-1778785600,Up,0.5,20.0,,,,,,
1778785600000000,POST_BID,post_initial_bid,btc-updown-5m-1778785600,Up,0.5,20.0,,,,,,
1778785600000000,POST_BID,post_initial_bid,btc-updown-5m-1778785600,Up,0.5,20.0,,,,,,
1778785600000000,POST_BID,post_initial_bid,btc-updown-5m-1778785600,Down,0.5,20.0,,,,,,
1778785600000000,POST_BID,post_initial_bid,btc-updown-5m-1778785600,Down,0.5,20.0,,,,,,
1778785600000000,POST_BID,post_initial_bid,btc-updown-5m-1778785600,Down,0.5,20.0,,,,,,
1778785600000000,POST_BID,post_initial_bid,btc-updown-5m-1778785600,Down,0.5,20.0,,,,,,
1778785600000000,POST_BID,post_initial_bid,btc-updown-5m-1778785600,Down,0.5,20.0,,,,,,
1778785600000000,POST_BID,post_initial_bid,btc-updown-5m-1778785600,Up,0.5,20.0,,,,,,
1778785600000000,POST_BID,post_initial_bid,btc-updown-5m-1778785600,Up,0.5,20.0,,,,,,
1778785600000000,POST_BID,post_initial_bid,btc-updown-5m-1778785600,Up,0.5,20.0,,,,,,
1778785600000000,POST_BID,post_initial_bid,btc-updown-5m-1778785600,Down,0.5,20.0,,,,,,
1778785600000000,POST_BID,post_initial_bid,btc-updown-5m-1778785600,Down,0.5,20.0,,,,,,
1778785600000000,POST_BID,post_initial_bid,btc-updown-5m-1778785600,Down,0.5,20.0,,,,,,
1778785600000000,POST_BID,post_initial_bid,btc-updown-5m-1778785600,Down,0.5,20.0,,,,,,
1778785600000000,POST_BID,post_initial_bid,btc-updown-5m-1778785600,Down,0.5,20.0,,,,,,
1778785600000000,POST_BID,post_initial_bid,btc-updown-5m-1778785600,Down,0.5,20.0,,,,,,
1778785600000000,POST_BID,post_initial_bid,btc-updown-5m-1778785600,Down,0.5,20.0,,,,,,
1778785600000000,POST_BID,post_initial_bid,btc-updown-5m-1778785600,Down,0.5,20.0,,,,,,
1778785600000000,POST_BID,post_initial_bid,btc-updown-5m-1778785600,Up,0.5,20.0,,,,,,
1778785600000000,POST_BID,post_initial_bid,btc-updown-5m-1778785600,Down,0.5,20.0,,,,,,
1778785600000000,POST_BID,post_initial_bid,btc-updown-5m-1778785600,Up,0.5,20.0,,,,,,
1778785600000000,POST_BID,post_initial_bid,btc-updown-5m-1778785600,Up,0.5,20.0,,,,,,
1778785600000000,FILL,maker_bid_hit,btc-updown-5m-1778785600,Down,0.5,20.0,20.0,,,,,
1778785600000000,FILL,maker_bid_hit,btc-updown-5m-1778785600,Up,0.5,20.0,20.0,,,,,
1778785600000000,FILL,maker_bid_hit,btc-updown-5m-1778785600,Down,0.5,20.0,20.0,,,,,
1778785600000000,FILL,maker_bid_hit,btc-updown-5m-1778785600,Up,0.5,20.0,20.0,,,,,
1778785600000000,FILL,maker_bid_hit,btc-updown-5m-1778785600,Up,0.5,20.0,20.0,,,,,
1778785600000000,FILL,maker_bid_hit,btc-updown-5m-1778785600,Down,0.5,20.0,20.0,,,,,
1778785600000000,FILL,maker_bid_hit,btc-updown-5m-1778785600,Down,0.5,20.0,20.0,,,,,
1778785600000000,FILL,maker_bid_hit,btc-updown-5m-1778785600,Down,0.5,20.0,20.0,,,,,
1778785600000000,FILL,maker_bid_hit,btc-updown-5m-1778785600,Down,0.5,20.0,20.0,,,,,
1778785600000000,TAKE,pat_pair_cost=0.9890,btc-updown-5m-1778785600,BOTH,0.9889816111966974,20.0,,,,20.0,0.0,0.9889816111966974
1778785600000000,TAKE,pat_pair_cost=0.9313,btc-updown-5m-1778785600,BOTH,0.9313108287889146,20.0,,,,20.0,20.0,0.9313108287889146
1778785900000000,LOG_SLUG_COMPLETE,slug_resolved,btc-updown-5m-1778785600,,,,,Down,-9.0386,,,
1778785900000000,POST_BID,post_initial_bid,btc-updown-5m-1778785900,Down,0.5,20.0,,,,,,
1778785900000000,POST_BID,post_initial_bid,btc-updown-5m-1778785900,Down,0.5,20.0,,,,,,
1778785900000000,POST_BID,post_initial_bid,btc-updown-5m-1778785900,Up,0.5,20.0,,,,,,
1778785900000000,POST_BID,post_initial_bid,btc-updown-5m-1778785900,Up,0.5,20.0,,,,,,
1778785900000000,POST_BID,post_initial_bid,btc-updown-5m-1778785900,Down,0.5,20.0,,,,,,
1778785900000000,POST_BID,post_initial_bid,btc-updown-5m-1778785900,Down,0.5,20.0,,,,,,
1778785900000000,POST_BID,post_initial_bid,btc-updown-5m-1778785900,Down,0.5,20.0,,,,,,
1778785900000000,POST_BID,post_initial_bid,btc-updown-5m-1778785900,Down,0.5,20.0,,,,,,
1778785900000000,POST_BID,post_initial_bid,btc-updown-5m-1778785900,Up,0.5,20.0,,,,,,
1778785900000000,POST_BID,post_initial_bid,btc-updown-5m-1778785900,Up,0.5,20.0,,,,,,
1778785900000000,POST_BID,post_initial_bid,btc-updown-5m-1778785900,Down,0.5,20.0,,,,,,
1778785900000000,POST_BID,post_initial_bid,btc-updown-5m-1778785900,Down,0.5,20.0,,,,,,
1778785900000000,POST_BID,post_initial_bid,btc-updown-5m-1778785900,Up,0.5,20.0,,,,,,
1778785900000000,POST_BID,post_initial_bid,btc-updown-5m-1778785900,Down,0.5,20.0,,,,,,
1778785900000000,POST_BID,post_initial_bid,btc-updown-5m-1778785900,Up,0.5,20.0,,,,,,
1778785900000000,POST_BID,post_initial_bid,btc-updown-5m-1778785900,Down,0.5,20.0,,,,,,
1778785900000000,POST_BID,post_initial_bid,btc-updown-5m-1778785900,Down,0.5,20.0,,,,,,
1778785900000000,POST_BID,post_initial_bid,btc-updown-5m-1778785900,Down,0.5,20.0,,,,,,
1778785900000000,POST_BID,post_initial_bid,btc-updown-5m-1778785900,Down,0.5,20.0,,,,,,
1778785900000000,POST_BID,post_initial_bid,btc-updown-5m-1778785900,Up,0.5,20.0,,,,,,
1778785900000000,POST_BID,post_initial_bid,btc-updown-5m-1778785900,Up,0.5,20.0,,,,,,
1778785900000000,POST_BID,post_initial_bid,btc-updown-5m-1778785900,Down,0.5,20.0,,,,,,
1778785900000000,POST_BID,post_initial_bid,btc-updown-5m-1778785900,Down,0.5,20.0,,,,,,
1778785900000000,POST_BID,post_initial_bid,btc-updown-5m-1778785900,Up,0.5,20.0,,,,,,
1778785900000000,POST_BID,post_initial_bid,btc-updown-5m-1778785900,Up,0.5,20.0,,,,,,
1778785900000000,POST_BID,post_initial_bid,btc-updown-5m-1778785900,Down,0.5,20.0,,,,,,
1778785900000000,POST_BID,post_initial_bid,btc-updown-5m-1778785900,Down,0.5,20.0,,,,,,
1778785900000000,POST_BID,post_initial_bid,btc-updown-5m-1778785900,Down,0.5,20.0,,,,,,
1778785900000000,POST_BID,post_initial_bid,btc-updown-5m-1778785900,Down,0.5,20.0,,,,,,
1778785900000000,POST_BID,post_initial_bid,btc-updown-5m-1778785900,Down,0.5,20.0,,,,,,
1778785900000000,POST_BID,post_initial_bid,btc-updown-5m-1778785900,Up,0.5,20.0,,,,,,
1778785900000000,POST_BID,post_initial_bid,btc-updown-5m-1778785900,Down,0.5,20.0,,,,,,
1778785900000000,POST_BID,post_initial_bid,btc-updown-5m-1778785900,Up,0.5,20.0,,,,,,
1778785900000000,POST_BID,post_initial_bid,btc-updown-5m-1778785900,Up,0.5,20.0,,,,,,
1778785900000000,POST_BID,post_initial_bid,btc-updown-5m-1778785900,Up,0.5,20.0,,,,,,
1778785900000000,POST_BID,post_initial_bid,btc-updown-5m-1778785900,Down,0.5,20.0,,,,,,
1778785900000000,POST_BID,post_initial_bid,btc-updown-5m-1778785900,Down,0.5,20.0,,,,,,
1778785900000000,POST_BID,post_initial_bid,btc-updown-5m-1778785900,Up,0.5,20.0,,,,,,
1778785900000000,POST_BID,post_initial_bid,btc-updown-5m-1778785900,Down,0.5,20.0,,,,,,
1778785900000000,POST_BID,post_initial_bid,btc-updown-5m-1778785900,Down,0.5,20.0,,,,,,
1778785900000000,POST_BID,post_initial_bid,btc-updown-5m-1778785900,Down,0.5,20.0,,,,,,
1778785900000000,POST_BID,post_initial_bid,btc-updown-5m-1778785900,Down,0.5,20.0,,,,,,
1778785900000000,POST_BID,post_initial_bid,btc-updown-5m-1778785900,Up,0.5,20.0,,,,,,
1778785900000000,POST_BID,post_initial_bid,btc-updown-5m-1778785900,Down,0.5,20.0,,,,,,
1778785900000000,POST_BID,post_initial_bid,btc-updown-5m-1778785900,Up,0.5,20.0,,,,,,
1778785900000000,POST_BID,post_initial_bid,btc-updown-5m-1778785900,Down,0.5,20.0,,,,,,
1778785900000000,POST_BID,post_initial_bid,btc-updown-5m-1778785900,Down,0.5,20.0,,,,,,
1778785900000000,POST_BID,post_initial_bid,btc-updown-5m-1778785900,Up,0.5,20.0,,,,,,
1778785900000000,POST_BID,post_initial_bid,btc-updown-5m-1778785900,Down,0.5,20.0,,,,,,
1778785900000000,POST_BID,post_initial_bid,btc-updown-5m-1778785900,Up,0.5,20.0,,,,,,
1778785900000000,POST_BID,post_initial_bid,btc-updown-5m-1778785900,Up,0.5,20.0,,,,,,
1778785900000000,POST_BID,post_initial_bid,btc-updown-5m-1778785900,Down,0.5,20.0,,,,,,
1778785900000000,POST_BID,post_initial_bid,btc-updown-5m-1778785900,Down,0.5,20.0,,,,,,
1778785900000000,POST_BID,post_initial_bid,btc-updown-5m-1778785900,Up,0.5,20.0,,,,,,
1778785900000000,POST_BID,post_initial_bid,btc-updown-5m-1778785900,Down,0.5,20.0,,,,,,
1778785900000000,POST_BID,post_initial_bid,btc-updown-5m-1778785900,Up,0.5,20.0,,,,,,
1778785900000000,POST_BID,post_initial_bid,btc-updown-5m-1778785900,Up,0.5,20.0,,,,,,
1778785900000000,POST_BID,post_initial_bid,btc-updown-5m-1778785900,Up,0.5,20.0,,,,,,
1778785900000000,POST_BID,post_initial_bid,btc-updown-5m-1778785900,Up,0.5,20.0,,,,,,
1778785900000000,POST_BID,post_initial_bid,btc-updown-5m-1778785900,Up,0.5,20.0,,,,,,
1778785900000000,POST_BID,post_initial_bid,btc-updown-5m-1778785900,Up,0.5,20.0,,,,,,
1778785900000000,POST_BID,post_initial_bid,btc-updown-5m-1778785900,Down,0.5,20.0,,,,,,
1778785900000000,POST_BID,post_initial_bid,btc-updown-5m-1778785900,Up,0.5,20.0,,,,,,
1778785900000000,POST_BID,post_initial_bid,btc-updown-5m-1778785900,Up,0.5,20.0,,,,,,
1778785900000000,POST_BID,post_initial_bid,btc-updown-5m-1778785900,Up,0.5,20.0,,,,,,
1778785900000000,POST_BID,post_initial_bid,btc-updown-5m-1778785900,Down,0.5,20.0,,,,,,
1778785900000000,POST_BID,post_initial_bid,btc-updown-5m-1778785900,Up,0.5,20.0,,,,,,
1778785900000000,POST_BID,post_initial_bid,btc-updown-5m-1778785900,Up,0.5,20.0,,,,,,
1778785900000000,POST_BID,post_initial_bid,btc-updown-5m-1778785900,Up,0.5,20.0,,,,,,
1778785900000000,POST_BID,post_initial_bid,btc-updown-5m-1778785900,Down,0.5,20.0,,,,,,
1778785900000000,POST_BID,post_initial_bid,btc-updown-5m-1778785900,Up,0.5,20.0,,,,,,
1778785900000000,POST_BID,post_initial_bid,btc-updown-5m-1778785900,Up,0.5,20.0,,,,,,
1778785900000000,POST_BID,post_initial_bid,btc-updown-5m-1778785900,Down,0.5,20.0,,,,,,
1778785900000000,POST_BID,post_initial_bid,btc-updown-5m-1778785900,Up,0.5,20.0,,,,,,
1778785900000000,POST_BID,post_initial_bid,btc-updown-5m-1778785900,Down,0.5,20.0,,,,,,
1778785900000000,POST_BID,post_initial_bid,btc-updown-5m-1778785900,Down,0.5,20.0,,,,,,
1778785900000000,POST_BID,post_initial_bid,btc-updown-5m-1778785900,Down,0.5,20.0,,,,,,
1778785900000000,POST_BID,post_initial_bid,btc-updown-5m-1778785900,Down,0.5,20.0,,,,,,
1778785900000000,POST_BID,post_initial_bid,btc-updown-5m-1778785900,Down,0.5,20.0,,,,,,
1778785900000000,POST_BID,post_initial_bid,btc-updown-5m-1778785900,Down,0.5,20.0,,,,,,
1778785900000000,POST_BID,post_initial_bid,btc-updown-5m-1778785900,Up,0.5,20.0,,,,,,
1778785900000000,POST_BID,post_initial_bid,btc-updown-5m-1778785900,Down,0.5,20.0,,,,,,
1778785900000000,POST_BID,post_initial_bid,btc-updown-5m-1778785900,Up,0.5,20.0,,,,,,
1778785900000000,POST_BID,post_initial_bid,btc-updown-5m-1778785900,Up,0.5,20.0,,,,,,
1778785900000000,POST_BID,post_initial_bid,btc-updown-5m-1778785900,Down,0.5,20.0,,,,,,
1778785900000000,POST_BID,post_initial_bid,btc-updown-5m-1778785900,Up,0.5,20.0,,,,,,
1778785900000000,POST_BID,post_initial_bid,btc-updown-5m-1778785900,Down,0.5,20.0,,,,,,
1778785900000000,POST_BID,post_initial_bid,btc-updown-5m-1778785900,Down,0.5,20.0,,,,,,
1778785900000000,POST_BID,post_initial_bid,btc-updown-5m-1778785900,Up,0.5,20.0,,,,,,
1778785900000000,POST_BID,post_initial_bid,btc-updown-5m-1778785900,Down,0.5,20.0,,,,,,
1778785900000000,FILL,maker_bid_hit,btc-updown-5m-1778785900,Up,0.5,20.0,20.0,,,,,
1778785900000000,FILL,maker_bid_hit,btc-updown-5m-1778785900,Down,0.5,20.0,20.0,,,,,
1778785900000000,FILL,maker_bid_hit,btc-updown-5m-1778785900,Up,0.5,20.0,20.0,,,,,
1778785900000000,FILL,maker_bid_hit,btc-updown-5m-1778785900,Up,0.5,20.0,20.0,,,,,
1778785900000000,FILL,maker_bid_hit,btc-updown-5m-1778785900,Up,0.5,20.0,20.0,,,,,
1778785900000000,FILL,maker_bid_hit,btc-updown-5m-1778785900,Up,0.5,20.0,20.0,,,,,
1778785900000000,FILL,maker_bid_hit,btc-updown-5m-1778785900,Up,0.5,20.0,20.0,,,,,
1778785900000000,FILL,maker_bid_hit,btc-updown-5m-1778785900,Down,0.5,20.0,20.0,,,,,
1778785900000000,FILL,maker_bid_hit,btc-updown-5m-1778785900,Down,0.5,20.0,20.0,,,,,
1778785900000000,FILL,maker_bid_hit,btc-updown-5m-1778785900,Up,0.5,20.0,20.0,,,,,
1778785900000000,FILL,maker_bid_hit,btc-updown-5m-1778785900,Down,0.5,20.0,20.0,,,,,
1778785900000000,FILL,maker_bid_hit,btc-updown-5m-1778785900,Down,0.5,20.0,20.0,,,,,
1778785900000000,FILL,maker_bid_hit,btc-updown-5m-1778785900,Down,0.5,20.0,20.0,,,,,
1778785900000000,TAKE,pat_pair_cost=0.9832,btc-updown-5m-1778785900,BOTH,0.9831519568974694,20.0,,,,20.0,0.0,0.9831519568974694
1778785900000000,TAKE,pat_pair_cost=0.9433,btc-updown-5m-1778785900,BOTH,0.9432862548354376,20.0,,,,20.0,20.0,0.9432862548354376
1778786200000000,LOG_SLUG_COMPLETE,slug_resolved,btc-updown-5m-1778785900,,,,,Down,-1.1924,,,
1778786200000000,POST_BID,post_initial_bid,btc-updown-5m-1778786200,Down,0.5,20.0,,,,,,
1778786200000000,POST_BID,post_initial_bid,btc-updown-5m-1778786200,Up,0.5,20.0,,,,,,
1778786200000000,POST_BID,post_initial_bid,btc-updown-5m-1778786200,Down,0.5,20.0,,,,,,
1778786200000000,POST_BID,post_initial_bid,btc-updown-5m-1778786200,Up,0.5,20.0,,,,,,
1778786200000000,POST_BID,post_initial_bid,btc-updown-5m-1778786200,Up,0.5,20.0,,,,,,
1778786200000000,POST_BID,post_initial_bid,btc-updown-5m-1778786200,Up,0.5,20.0,,,,,,
1778786200000000,POST_BID,post_initial_bid,btc-updown-5m-1778786200,Up,0.5,20.0,,,,,,
1778786200000000,POST_BID,post_initial_bid,btc-updown-5m-1778786200,Up,0.5,20.0,,,,,,
1778786200000000,POST_BID,post_initial_bid,btc-updown-5m-1778786200,Down,0.5,20.0,,,,,,
1778786200000000,POST_BID,post_initial_bid,btc-updown-5m-1778786200,Down,0.5,20.0,,,,,,
1778786200000000,POST_BID,post_initial_bid,btc-updown-5m-1778786200,Down,0.5,20.0,,,,,,
1778786200000000,POST_BID,post_initial_bid,btc-updown-5m-1778786200,Up,0.5,20.0,,,,,,
1778786200000000,POST_BID,post_initial_bid,btc-updown-5m-1778786200,Up,0.5,20.0,,,,,,
1778786200000000,POST_BID,post_initial_bid,btc-updown-5m-1778786200,Up,0.5,20.0,,,,,,
1778786200000000,POST_BID,post_initial_bid,btc-updown-5m-1778786200,Up,0.5,20.0,,,,,,
1778786200000000,POST_BID,post_initial_bid,btc-updown-5m-1778786200,Down,0.5,20.0,,,,,,
1778786200000000,POST_BID,post_initial_bid,btc-updown-5m-1778786200,Down,0.5,20.0,,,,,,
1778786200000000,POST_BID,post_initial_bid,btc-updown-5m-1778786200,Down,0.5,20.0,,,,,,
1778786200000000,POST_BID,post_initial_bid,btc-updown-5m-1778786200,Up,0.5,20.0,,,,,,
1778786200000000,POST_BID,post_initial_bid,btc-updown-5m-1778786200,Up,0.5,20.0,,,,,,
1778786200000000,POST_BID,post_initial_bid,btc-updown-5m-1778786200,Down,0.5,20.0,,,,,,
1778786200000000,POST_BID,post_initial_bid,btc-updown-5m-1778786200,Up,0.5,20.0,,,,,,
1778786200000000,POST_BID,post_initial_bid,btc-updown-5m-1778786200,Down,0.5,20.0,,,,,,
1778786200000000,POST_BID,post_initial_bid,btc-updown-5m-1778786200,Up,0.5,20.0,,,,,,
1778786200000000,POST_BID,post_initial_bid,btc-updown-5m-1778786200,Down,0.5,20.0,,,,,,
1778786200000000,POST_BID,post_initial_bid,btc-updown-5m-1778786200,Up,0.5,20.0,,,,,,
1778786200000000,POST_BID,post_initial_bid,btc-updown-5m-1778786200,Up,0.5,20.0,,,,,,
1778786200000000,POST_BID,post_initial_bid,btc-updown-5m-1778786200,Down,0.5,20.0,,,,,,
1778786200000000,POST_BID,post_initial_bid,btc-updown-5m-1778786200,Up,0.5,20.0,,,,,,
1778786200000000,POST_BID,post_initial_bid,btc-updown-5m-1778786200,Down,0.5,20.0,,,,,,
1778786200000000,POST_BID,post_initial_bid,btc-updown-5m-1778786200,Up,0.5,20.0,,,,,,
1778786200000000,POST_BID,post_initial_bid,btc-updown-5m-1778786200,Down,0.5,20.0,,,,,,
1778786200000000,POST_BID,post_initial_bid,btc-updown-5m-1778786200,Down,0.5,20.0,,,,,,
1778786200000000,POST_BID,post_initial_bid,btc-updown-5m-1778786200,Down,0.5,20.0,,,,,,
1778786200000000,POST_BID,post_initial_bid,btc-updown-5m-1778786200,Down,0.5,20.0,,,,,,
1778786200000000,POST_BID,post_initial_bid,btc-updown-5m-1778786200,Up,0.5,20.0,,,,,,
1778786200000000,POST_BID,post_initial_bid,btc-updown-5m-1778786200,Up,0.5,20.0,,,,,,
1778786200000000,POST_BID,post_initial_bid,btc-updown-5m-1778786200,Up,0.5,20.0,,,,,,
1778786200000000,POST_BID,post_initial_bid,btc-updown-5m-1778786200,Up,0.5,20.0,,,,,,
1778786200000000,POST_BID,post_initial_bid,btc-updown-5m-1778786200,Down,0.5,20.0,,,,,,
1778786200000000,POST_BID,post_initial_bid,btc-updown-5m-1778786200,Up,0.5,20.0,,,,,,
1778786200000000,POST_BID,post_initial_bid,btc-updown-5m-1778786200,Up,0.5,20.0,,,,,,
1778786200000000,POST_BID,post_initial_bid,btc-updown-5m-1778786200,Down,0.5,20.0,,,,,,
1778786200000000,POST_BID,post_initial_bid,btc-updown-5m-1778786200,Up,0.5,20.0,,,,,,
1778786200000000,POST_BID,post_initial_bid,btc-updown-5m-1778786200,Down,0.5,20.0,,,,,,
1778786200000000,POST_BID,post_initial_bid,btc-updown-5m-1778786200,Up,0.5,20.0,,,,,,
1778786200000000,POST_BID,post_initial_bid,btc-updown-5m-1778786200,Down,0.5,20.0,,,,,,
1778786200000000,POST_BID,post_initial_bid,btc-updown-5m-1778786200,Down,0.5,20.0,,,,,,
1778786200000000,POST_BID,post_initial_bid,btc-updown-5m-1778786200,Up,0.5,20.0,,,,,,
1778786200000000,POST_BID,post_initial_bid,btc-updown-5m-1778786200,Up,0.5,20.0,,,,,,
1778786200000000,POST_BID,post_initial_bid,btc-updown-5m-1778786200,Up,0.5,20.0,,,,,,
1778786200000000,POST_BID,post_initial_bid,btc-updown-5m-1778786200,Down,0.5,20.0,,,,,,
1778786200000000,POST_BID,post_initial_bid,btc-updown-5m-1778786200,Up,0.5,20.0,,,,,,
1778786200000000,POST_BID,post_initial_bid,btc-updown-5m-1778786200,Up,0.5,20.0,,,,,,
1778786200000000,POST_BID,post_initial_bid,btc-updown-5m-1778786200,Down,0.5,20.0,,,,,,
1778786200000000,POST_BID,post_initial_bid,btc-updown-5m-1778786200,Down,0.5,20.0,,,,,,
1778786200000000,POST_BID,post_initial_bid,btc-updown-5m-1778786200,Down,0.5,20.0,,,,,,
1778786200000000,POST_BID,post_initial_bid,btc-updown-5m-1778786200,Down,0.5,20.0,,,,,,
1778786200000000,POST_BID,post_initial_bid,btc-updown-5m-1778786200,Up,0.5,20.0,,,,,,
1778786200000000,POST_BID,post_initial_bid,btc-updown-5m-1778786200,Up,0.5,20.0,,,,,,
1778786200000000,POST_BID,post_initial_bid,btc-updown-5m-1778786200,Down,0.5,20.0,,,,,,
1778786200000000,POST_BID,post_initial_bid,btc-updown-5m-1778786200,Up,0.5,20.0,,,,,,
1778786200000000,POST_BID,post_initial_bid,btc-updown-5m-1778786200,Up,0.5,20.0,,,,,,
1778786200000000,POST_BID,post_initial_bid,btc-updown-5m-1778786200,Up,0.5,20.0,,,,,,
1778786200000000,POST_BID,post_initial_bid,btc-updown-5m-1778786200,Down,0.5,20.0,,,,,,
1778786200000000,POST_BID,post_initial_bid,btc-updown-5m-1778786200,Up,0.5,20.0,,,,,,
1778786200000000,POST_BID,post_initial_bid,btc-updown-5m-1778786200,Down,0.5,20.0,,,,,,
1778786200000000,POST_BID,post_initial_bid,btc-updown-5m-1778786200,Up,0.5,20.0,,,,,,
1778786200000000,POST_BID,post_initial_bid,btc-updown-5m-1778786200,Up,0.5,20.0,,,,,,
1778786200000000,POST_BID,post_initial_bid,btc-updown-5m-1778786200,Down,0.5,20.0,,,,,,
1778786200000000,POST_BID,post_initial_bid,btc-updown-5m-1778786200,Down,0.5,20.0,,,,,,
1778786200000000,POST_BID,post_initial_bid,btc-updown-5m-1778786200,Down,0.5,20.0,,,,,,
1778786200000000,POST_BID,post_initial_bid,btc-updown-5m-1778786200,Up,0.5,20.0,,,,,,
1778786200000000,POST_BID,post_initial_bid,btc-updown-5m-1778786200,Down,0.5,20.0,,,,,,
1778786200000000,POST_BID,post_initial_bid,btc-updown-5m-1778786200,Down,0.5,20.0,,,,,,
1778786200000000,POST_BID,post_initial_bid,btc-updown-5m-1778786200,Up,0.5,20.0,,,,,,
1778786200000000,POST_BID,post_initial_bid,btc-updown-5m-1778786200,Down,0.5,20.0,,,,,,
1778786200000000,POST_BID,post_initial_bid,btc-updown-5m-1778786200,Up,0.5,20.0,,,,,,
1778786200000000,POST_BID,post_initial_bid,btc-updown-5m-1778786200,Up,0.5,20.0,,,,,,
1778786200000000,POST_BID,post_initial_bid,btc-updown-5m-1778786200,Up,0.5,20.0,,,,,,
1778786200000000,POST_BID,post_initial_bid,btc-updown-5m-1778786200,Down,0.5,20.0,,,,,,
1778786200000000,POST_BID,post_initial_bid,btc-updown-5m-1778786200,Down,0.5,20.0,,,,,,
1778786200000000,POST_BID,post_initial_bid,btc-updown-5m-1778786200,Up,0.5,20.0,,,,,,
1778786200000000,FILL,maker_bid_hit,btc-updown-5m-1778786200,Down,0.5,20.0,20.0,,,,,
1778786200000000,FILL,maker_bid_hit,btc-updown-5m-1778786200,Down,0.5,20.0,20.0,,,,,
1778786200000000,FILL,maker_bid_hit,btc-updown-5m-1778786200,Down,0.5,20.0,20.0,,,,,
1778786200000000,FILL,maker_bid_hit,btc-updown-5m-1778786200,Up,0.5,20.0,20.0,,,,,
1778786200000000,FILL,maker_bid_hit,btc-updown-5m-1778786200,Up,0.5,20.0,20.0,,,,,
1778786200000000,FILL,maker_bid_hit,btc-updown-5m-1778786200,Down,0.5,20.0,20.0,,,,,
1778786200000000,FILL,maker_bid_hit,btc-updown-5m-1778786200,Up,0.5,20.0,20.0,,,,,
1778786200000000,FILL,maker_bid_hit,btc-updown-5m-1778786200,Up,0.5,20.0,20.0,,,,,
1778786200000000,FILL,maker_bid_hit,btc-updown-5m-1778786200,Up,0.5,20.0,20.0,,,,,
1778786200000000,FILL,maker_bid_hit,btc-updown-5m-1778786200,Down,0.5,20.0,20.0,,,,,
1778786200000000,FILL,maker_bid_hit,btc-updown-5m-1778786200,Down,0.5,20.0,20.0,,,,,
1778786200000000,FILL,maker_bid_hit,btc-updown-5m-1778786200,Up,0.5,20.0,20.0,,,,,
1778786200000000,FILL,maker_bid_hit,btc-updown-5m-1778786200,Up,0.5,20.0,20.0,,,,,
1778786200000000,TAKE,pat_pair_cost=0.9746,btc-updown-5m-1778786200,BOTH,0.974564817994803,20.0,,,,20.0,0.0,0.974564817994803
1778786200000000,TAKE,pat_pair_cost=1.0259,btc-updown-5m-1778786200,BOTH,1.0258541908466838,20.0,,,,20.0,20.0,1.0258541908466838
1778786500000000,LOG_SLUG_COMPLETE,slug_resolved,btc-updown-5m-1778786200,,,,,Up,-2.1006,,,
1778786500000000,POST_BID,post_initial_bid,btc-updown-5m-1778786500,Up,0.5,20.0,,,,,,
1778786500000000,POST_BID,post_initial_bid,btc-updown-5m-1778786500,Up,0.5,20.0,,,,,,
1778786500000000,POST_BID,post_initial_bid,btc-updown-5m-1778786500,Down,0.5,20.0,,,,,,
1778786500000000,POST_BID,post_initial_bid,btc-updown-5m-1778786500,Down,0.5,20.0,,,,,,
1778786500000000,POST_BID,post_initial_bid,btc-updown-5m-1778786500,Down,0.5,20.0,,,,,,
1778786500000000,POST_BID,post_initial_bid,btc-updown-5m-1778786500,Down,0.5,20.0,,,,,,
1778786500000000,POST_BID,post_initial_bid,btc-updown-5m-1778786500,Down,0.5,20.0,,,,,,
1778786500000000,POST_BID,post_initial_bid,btc-updown-5m-1778786500,Up,0.5,20.0,,,,,,
1778786500000000,POST_BID,post_initial_bid,btc-updown-5m-1778786500,Up,0.5,20.0,,,,,,
1778786500000000,POST_BID,post_initial_bid,btc-updown-5m-1778786500,Down,0.5,20.0,,,,,,
1778786500000000,POST_BID,post_initial_bid,btc-updown-5m-1778786500,Up,0.5,20.0,,,,,,
1778786500000000,POST_BID,post_initial_bid,btc-updown-5m-1778786500,Down,0.5,20.0,,,,,,
1778786500000000,POST_BID,post_initial_bid,btc-updown-5m-1778786500,Up,0.5,20.0,,,,,,
1778786500000000,POST_BID,post_initial_bid,btc-updown-5m-1778786500,Down,0.5,20.0,,,,,,
1778786500000000,POST_BID,post_initial_bid,btc-updown-5m-1778786500,Up,0.5,20.0,,,,,,
1778786500000000,POST_BID,post_initial_bid,btc-updown-5m-1778786500,Up,0.5,20.0,,,,,,
1778786500000000,POST_BID,post_initial_bid,btc-updown-5m-1778786500,Down,0.5,20.0,,,,,,
1778786500000000,POST_BID,post_initial_bid,btc-updown-5m-1778786500,Up,0.5,20.0,,,,,,
1778786500000000,POST_BID,post_initial_bid,btc-updown-5m-1778786500,Up,0.5,20.0,,,,,,
1778786500000000,POST_BID,post_initial_bid,btc-updown-5m-1778786500,Down,0.5,20.0,,,,,,
1778786500000000,POST_BID,post_initial_bid,btc-updown-5m-1778786500,Down,0.5,20.0,,,,,,
1778786500000000,POST_BID,post_initial_bid,btc-updown-5m-1778786500,Up,0.5,20.0,,,,,,
1778786500000000,POST_BID,post_initial_bid,btc-updown-5m-1778786500,Up,0.5,20.0,,,,,,
1778786500000000,POST_BID,post_initial_bid,btc-updown-5m-1778786500,Down,0.5,20.0,,,,,,
1778786500000000,POST_BID,post_initial_bid,btc-updown-5m-1778786500,Down,0.5,20.0,,,,,,
1778786500000000,POST_BID,post_initial_bid,btc-updown-5m-1778786500,Up,0.5,20.0,,,,,,
1778786500000000,POST_BID,post_initial_bid,btc-updown-5m-1778786500,Up,0.5,20.0,,,,,,
1778786500000000,POST_BID,post_initial_bid,btc-updown-5m-1778786500,Up,0.5,20.0,,,,,,
1778786500000000,POST_BID,post_initial_bid,btc-updown-5m-1778786500,Up,0.5,20.0,,,,,,
1778786500000000,POST_BID,post_initial_bid,btc-updown-5m-1778786500,Up,0.5,20.0,,,,,,
1778786500000000,POST_BID,post_initial_bid,btc-updown-5m-1778786500,Up,0.5,20.0,,,,,,
1778786500000000,POST_BID,post_initial_bid,btc-updown-5m-1778786500,Up,0.5,20.0,,,,,,
1778786500000000,POST_BID,post_initial_bid,btc-updown-5m-1778786500,Down,0.5,20.0,,,,,,
1778786500000000,POST_BID,post_initial_bid,btc-updown-5m-1778786500,Down,0.5,20.0,,,,,,
1778786500000000,POST_BID,post_initial_bid,btc-updown-5m-1778786500,Up,0.5,20.0,,,,,,
1778786500000000,POST_BID,post_initial_bid,btc-updown-5m-1778786500,Down,0.5,20.0,,,,,,
1778786500000000,POST_BID,post_initial_bid,btc-updown-5m-1778786500,Down,0.5,20.0,,,,,,
1778786500000000,POST_BID,post_initial_bid,btc-updown-5m-1778786500,Down,0.5,20.0,,,,,,
1778786500000000,POST_BID,post_initial_bid,btc-updown-5m-1778786500,Up,0.5,20.0,,,,,,
1778786500000000,POST_BID,post_initial_bid,btc-updown-5m-1778786500,Up,0.5,20.0,,,,,,
1778786500000000,POST_BID,post_initial_bid,btc-updown-5m-1778786500,Down,0.5,20.0,,,,,,
1778786500000000,POST_BID,post_initial_bid,btc-updown-5m-1778786500,Up,0.5,20.0,,,,,,
1778786500000000,POST_BID,post_initial_bid,btc-updown-5m-1778786500,Down,0.5,20.0,,,,,,
1778786500000000,POST_BID,post_initial_bid,btc-updown-5m-1778786500,Up,0.5,20.0,,,,,,
1778786500000000,POST_BID,post_initial_bid,btc-updown-5m-1778786500,Up,0.5,20.0,,,,,,
1778786500000000,POST_BID,post_initial_bid,btc-updown-5m-1778786500,Up,0.5,20.0,,,,,,
1778786500000000,POST_BID,post_initial_bid,btc-updown-5m-1778786500,Down,0.5,20.0,,,,,,
1778786500000000,POST_BID,post_initial_bid,btc-updown-5m-1778786500,Down,0.5,20.0,,,,,,
1778786500000000,POST_BID,post_initial_bid,btc-updown-5m-1778786500,Down,0.5,20.0,,,,,,
1778786500000000,POST_BID,post_initial_bid,btc-updown-5m-1778786500,Up,0.5,20.0,,,,,,
1778786500000000,POST_BID,post_initial_bid,btc-updown-5m-1778786500,Down,0.5,20.0,,,,,,
1778786500000000,POST_BID,post_initial_bid,btc-updown-5m-1778786500,Up,0.5,20.0,,,,,,
1778786500000000,POST_BID,post_initial_bid,btc-updown-5m-1778786500,Down,0.5,20.0,,,,,,
1778786500000000,POST_BID,post_initial_bid,btc-updown-5m-1778786500,Up,0.5,20.0,,,,,,
1778786500000000,POST_BID,post_initial_bid,btc-updown-5m-1778786500,Down,0.5,20.0,,,,,,
1778786500000000,POST_BID,post_initial_bid,btc-updown-5m-1778786500,Up,0.5,20.0,,,,,,
1778786500000000,POST_BID,post_initial_bid,btc-updown-5m-1778786500,Up,0.5,20.0,,,,,,
1778786500000000,POST_BID,post_initial_bid,btc-updown-5m-1778786500,Up,0.5,20.0,,,,,,
1778786500000000,POST_BID,post_initial_bid,btc-updown-5m-1778786500,Down,0.5,20.0,,,,,,
1778786500000000,POST_BID,post_initial_bid,btc-updown-5m-1778786500,Up,0.5,20.0,,,,,,
1778786500000000,POST_BID,post_initial_bid,btc-updown-5m-1778786500,Up,0.5,20.0,,,,,,
1778786500000000,POST_BID,post_initial_bid,btc-updown-5m-1778786500,Down,0.5,20.0,,,,,,
1778786500000000,POST_BID,post_initial_bid,btc-updown-5m-1778786500,Down,0.5,20.0,,,,,,
1778786500000000,POST_BID,post_initial_bid,btc-updown-5m-1778786500,Up,0.5,20.0,,,,,,
1778786500000000,POST_BID,post_initial_bid,btc-updown-5m-1778786500,Down,0.5,20.0,,,,,,
1778786500000000,POST_BID,post_initial_bid,btc-updown-5m-1778786500,Down,0.5,20.0,,,,,,
1778786500000000,POST_BID,post_initial_bid,btc-updown-5m-1778786500,Down,0.5,20.0,,,,,,
1778786500000000,POST_BID,post_initial_bid,btc-updown-5m-1778786500,Down,0.5,20.0,,,,,,
1778786500000000,POST_BID,post_initial_bid,btc-updown-5m-1778786500,Up,0.5,20.0,,,,,,
1778786500000000,POST_BID,post_initial_bid,btc-updown-5m-1778786500,Up,0.5,20.0,,,,,,
1778786500000000,POST_BID,post_initial_bid,btc-updown-5m-1778786500,Up,0.5,20.0,,,,,,
1778786500000000,POST_BID,post_initial_bid,btc-updown-5m-1778786500,Down,0.5,20.0,,,,,,
1778786500000000,FILL,maker_bid_hit,btc-updown-5m-1778786500,Down,0.5,20.0,20.0,,,,,
1778786500000000,FILL,maker_bid_hit,btc-updown-5m-1778786500,Up,0.5,20.0,20.0,,,,,
1778786500000000,FILL,maker_bid_hit,btc-updown-5m-1778786500,Up,0.5,20.0,20.0,,,,,
1778786500000000,FILL,maker_bid_hit,btc-updown-5m-1778786500,Down,0.5,20.0,20.0,,,,,
1778786500000000,FILL,maker_bid_hit,btc-updown-5m-1778786500,Down,0.5,20.0,20.0,,,,,
1778786500000000,FILL,maker_bid_hit,btc-updown-5m-1778786500,Down,0.5,20.0,20.0,,,,,
1778786500000000,FILL,maker_bid_hit,btc-updown-5m-1778786500,Down,0.5,20.0,20.0,,,,,
1778786500000000,FILL,maker_bid_hit,btc-updown-5m-1778786500,Up,0.5,20.0,20.0,,,,,
1778786500000000,TAKE,pat_pair_cost=0.9390,btc-updown-5m-1778786500,BOTH,0.9390122160751253,20.0,,,,20.0,20.0,0.9390122160751253
1778786800000000,LOG_SLUG_COMPLETE,slug_resolved,btc-updown-5m-1778786500,,,,,Up,-8.5039,,,
1778786800000000,POST_BID,post_initial_bid,btc-updown-5m-1778786800,Down,0.5,20.0,,,,,,
1778786800000000,POST_BID,post_initial_bid,btc-updown-5m-1778786800,Down,0.5,20.0,,,,,,
1778786800000000,POST_BID,post_initial_bid,btc-updown-5m-1778786800,Up,0.5,20.0,,,,,,
1778786800000000,POST_BID,post_initial_bid,btc-updown-5m-1778786800,Up,0.5,20.0,,,,,,
1778786800000000,POST_BID,post_initial_bid,btc-updown-5m-1778786800,Up,0.5,20.0,,,,,,
1778786800000000,POST_BID,post_initial_bid,btc-updown-5m-1778786800,Up,0.5,20.0,,,,,,
1778786800000000,POST_BID,post_initial_bid,btc-updown-5m-1778786800,Up,0.5,20.0,,,,,,
1778786800000000,POST_BID,post_initial_bid,btc-updown-5m-1778786800,Up,0.5,20.0,,,,,,
1778786800000000,POST_BID,post_initial_bid,btc-updown-5m-1778786800,Up,0.5,20.0,,,,,,
1778786800000000,POST_BID,post_initial_bid,btc-updown-5m-1778786800,Down,0.5,20.0,,,,,,
1778786800000000,POST_BID,post_initial_bid,btc-updown-5m-1778786800,Down,0.5,20.0,,,,,,
1778786800000000,POST_BID,post_initial_bid,btc-updown-5m-1778786800,Up,0.5,20.0,,,,,,
1778786800000000,POST_BID,post_initial_bid,btc-updown-5m-1778786800,Down,0.5,20.0,,,,,,
1778786800000000,POST_BID,post_initial_bid,btc-updown-5m-1778786800,Down,0.5,20.0,,,,,,
1778786800000000,POST_BID,post_initial_bid,btc-updown-5m-1778786800,Down,0.5,20.0,,,,,,
1778786800000000,POST_BID,post_initial_bid,btc-updown-5m-1778786800,Up,0.5,20.0,,,,,,
1778786800000000,POST_BID,post_initial_bid,btc-updown-5m-1778786800,Down,0.5,20.0,,,,,,
1778786800000000,POST_BID,post_initial_bid,btc-updown-5m-1778786800,Down,0.5,20.0,,,,,,
1778786800000000,POST_BID,post_initial_bid,btc-updown-5m-1778786800,Down,0.5,20.0,,,,,,
1778786800000000,POST_BID,post_initial_bid,btc-updown-5m-1778786800,Down,0.5,20.0,,,,,,
1778786800000000,POST_BID,post_initial_bid,btc-updown-5m-1778786800,Up,0.5,20.0,,,,,,
1778786800000000,POST_BID,post_initial_bid,btc-updown-5m-1778786800,Down,0.5,20.0,,,,,,
1778786800000000,POST_BID,post_initial_bid,btc-updown-5m-1778786800,Up,0.5,20.0,,,,,,
1778786800000000,POST_BID,post_initial_bid,btc-updown-5m-1778786800,Down,0.5,20.0,,,,,,
1778786800000000,POST_BID,post_initial_bid,btc-updown-5m-1778786800,Down,0.5,20.0,,,,,,
1778786800000000,POST_BID,post_initial_bid,btc-updown-5m-1778786800,Down,0.5,20.0,,,,,,
1778786800000000,POST_BID,post_initial_bid,btc-updown-5m-1778786800,Up,0.5,20.0,,,,,,
1778786800000000,POST_BID,post_initial_bid,btc-updown-5m-1778786800,Down,0.5,20.0,,,,,,
1778786800000000,POST_BID,post_initial_bid,btc-updown-5m-1778786800,Up,0.5,20.0,,,,,,
1778786800000000,POST_BID,post_initial_bid,btc-updown-5m-1778786800,Down,0.5,20.0,,,,,,
1778786800000000,POST_BID,post_initial_bid,btc-updown-5m-1778786800,Up,0.5,20.0,,,,,,
1778786800000000,POST_BID,post_initial_bid,btc-updown-5m-1778786800,Up,0.5,20.0,,,,,,
1778786800000000,POST_BID,post_initial_bid,btc-updown-5m-1778786800,Down,0.5,20.0,,,,,,
1778786800000000,POST_BID,post_initial_bid,btc-updown-5m-1778786800,Up,0.5,20.0,,,,,,
1778786800000000,POST_BID,post_initial_bid,btc-updown-5m-1778786800,Down,0.5,20.0,,,,,,
1778786800000000,POST_BID,post_initial_bid,btc-updown-5m-1778786800,Up,0.5,20.0,,,,,,
1778786800000000,POST_BID,post_initial_bid,btc-updown-5m-1778786800,Down,0.5,20.0,,,,,,
1778786800000000,POST_BID,post_initial_bid,btc-updown-5m-1778786800,Up,0.5,20.0,,,,,,
1778786800000000,POST_BID,post_initial_bid,btc-updown-5m-1778786800,Up,0.5,20.0,,,,,,
1778786800000000,POST_BID,post_initial_bid,btc-updown-5m-1778786800,Up,0.5,20.0,,,,,,
1778786800000000,POST_BID,post_initial_bid,btc-updown-5m-1778786800,Up,0.5,20.0,,,,,,
1778786800000000,POST_BID,post_initial_bid,btc-updown-5m-1778786800,Up,0.5,20.0,,,,,,
1778786800000000,POST_BID,post_initial_bid,btc-updown-5m-1778786800,Up,0.5,20.0,,,,,,
1778786800000000,POST_BID,post_initial_bid,btc-updown-5m-1778786800,Up,0.5,20.0,,,,,,
1778786800000000,POST_BID,post_initial_bid,btc-updown-5m-1778786800,Down,0.5,20.0,,,,,,
1778786800000000,POST_BID,post_initial_bid,btc-updown-5m-1778786800,Down,0.5,20.0,,,,,,
1778786800000000,POST_BID,post_initial_bid,btc-updown-5m-1778786800,Up,0.5,20.0,,,,,,
1778786800000000,POST_BID,post_initial_bid,btc-updown-5m-1778786800,Up,0.5,20.0,,,,,,
1778786800000000,POST_BID,post_initial_bid,btc-updown-5m-1778786800,Down,0.5,20.0,,,,,,
1778786800000000,POST_BID,post_initial_bid,btc-updown-5m-1778786800,Down,0.5,20.0,,,,,,
1778786800000000,POST_BID,post_initial_bid,btc-updown-5m-1778786800,Up,0.5,20.0,,,,,,
1778786800000000,POST_BID,post_initial_bid,btc-updown-5m-1778786800,Up,0.5,20.0,,,,,,
1778786800000000,POST_BID,post_initial_bid,btc-updown-5m-1778786800,Up,0.5,20.0,,,,,,
1778786800000000,POST_BID,post_initial_bid,btc-updown-5m-1778786800,Down,0.5,20.0,,,,,,
1778786800000000,POST_BID,post_initial_bid,btc-updown-5m-1778786800,Down,0.5,20.0,,,,,,
1778786800000000,POST_BID,post_initial_bid,btc-updown-5m-1778786800,Down,0.5,20.0,,,,,,
1778786800000000,POST_BID,post_initial_bid,btc-updown-5m-1778786800,Up,0.5,20.0,,,,,,
1778786800000000,POST_BID,post_initial_bid,btc-updown-5m-1778786800,Up,0.5,20.0,,,,,,
1778786800000000,POST_BID,post_initial_bid,btc-updown-5m-1778786800,Up,0.5,20.0,,,,,,
1778786800000000,POST_BID,post_initial_bid,btc-updown-5m-1778786800,Down,0.5,20.0,,,,,,
1778786800000000,POST_BID,post_initial_bid,btc-updown-5m-1778786800,Up,0.5,20.0,,,,,,
1778786800000000,POST_BID,post_initial_bid,btc-updown-5m-1778786800,Up,0.5,20.0,,,,,,
1778786800000000,POST_BID,post_initial_bid,btc-updown-5m-1778786800,Down,0.5,20.0,,,,,,
1778786800000000,POST_BID,post_initial_bid,btc-updown-5m-1778786800,Down,0.5,20.0,,,,,,
1778786800000000,POST_BID,post_initial_bid,btc-updown-5m-1778786800,Up,0.5,20.0,,,,,,
1778786800000000,POST_BID,post_initial_bid,btc-updown-5m-1778786800,Up,0.5,20.0,,,,,,
1778786800000000,POST_BID,post_initial_bid,btc-updown-5m-1778786800,Up,0.5,20.0,,,,,,
1778786800000000,POST_BID,post_initial_bid,btc-updown-5m-1778786800,Down,0.5,20.0,,,,,,
1778786800000000,POST_BID,post_initial_bid,btc-updown-5m-1778786800,Down,0.5,20.0,,,,,,
1778786800000000,POST_BID,post_initial_bid,btc-updown-5m-1778786800,Up,0.5,20.0,,,,,,
1778786800000000,POST_BID,post_initial_bid,btc-updown-5m-1778786800,Up,0.5,20.0,,,,,,
1778786800000000,POST_BID,post_initial_bid,btc-updown-5m-1778786800,Up,0.5,20.0,,,,,,
1778786800000000,POST_BID,post_initial_bid,btc-updown-5m-1778786800,Down,0.5,20.0,,,,,,
1778786800000000,POST_BID,post_initial_bid,btc-updown-5m-1778786800,Up,0.5,20.0,,,,,,
1778786800000000,POST_BID,post_initial_bid,btc-updown-5m-1778786800,Down,0.5,20.0,,,,,,
1778786800000000,POST_BID,post_initial_bid,btc-updown-5m-1778786800,Up,0.5,20.0,,,,,,
1778786800000000,POST_BID,post_initial_bid,btc-updown-5m-1778786800,Up,0.5,20.0,,,,,,
1778786800000000,POST_BID,post_initial_bid,btc-updown-5m-1778786800,Down,0.5,20.0,,,,,,
1778786800000000,POST_BID,post_initial_bid,btc-updown-5m-1778786800,Up,0.5,20.0,,,,,,
1778786800000000,POST_BID,post_initial_bid,btc-updown-5m-1778786800,Down,0.5,20.0,,,,,,
1778786800000000,FILL,maker_bid_hit,btc-updown-5m-1778786800,Down,0.5,20.0,20.0,,,,,
1778786800000000,FILL,maker_bid_hit,btc-updown-5m-1778786800,Up,0.5,20.0,20.0,,,,,
1778786800000000,FILL,maker_bid_hit,btc-updown-5m-1778786800,Down,0.5,20.0,20.0,,,,,
1778786800000000,FILL,maker_bid_hit,btc-updown-5m-1778786800,Down,0.5,20.0,20.0,,,,,
1778786800000000,FILL,maker_bid_hit,btc-updown-5m-1778786800,Up,0.5,20.0,20.0,,,,,
1778786800000000,FILL,maker_bid_hit,btc-updown-5m-1778786800,Down,0.5,20.0,20.0,,,,,
1778786800000000,FILL,maker_bid_hit,btc-updown-5m-1778786800,Up,0.5,20.0,20.0,,,,,
1778786800000000,FILL,maker_bid_hit,btc-updown-5m-1778786800,Up,0.5,20.0,20.0,,,,,
1778786800000000,FILL,maker_bid_hit,btc-updown-5m-1778786800,Down,0.5,20.0,20.0,,,,,
1778786800000000,FILL,maker_bid_hit,btc-updown-5m-1778786800,Up,0.5,20.0,20.0,,,,,
1778786800000000,FILL,maker_bid_hit,btc-updown-5m-1778786800,Down,0.5,20.0,20.0,,,,,
1778786800000000,FILL,maker_bid_hit,btc-updown-5m-1778786800,Up,0.5,20.0,20.0,,,,,
1778786800000000,FILL,maker_bid_hit,btc-updown-5m-1778786800,Up,0.5,20.0,20.0,,,,,
1778786800000000,FILL,maker_bid_hit,btc-updown-5m-1778786800,Down,0.5,20.0,20.0,,,,,
1778787100000000,LOG_SLUG_COMPLETE,slug_resolved,btc-updown-5m-1778786800,,,,,Down,1.087,,,
1778787100000000,POST_BID,post_initial_bid,btc-updown-5m-1778787100,Down,0.5,20.0,,,,,,
1778787100000000,POST_BID,post_initial_bid,btc-updown-5m-1778787100,Down,0.5,20.0,,,,,,
1778787100000000,POST_BID,post_initial_bid,btc-updown-5m-1778787100,Up,0.5,20.0,,,,,,
1778787100000000,POST_BID,post_initial_bid,btc-updown-5m-1778787100,Up,0.5,20.0,,,,,,
1778787100000000,POST_BID,post_initial_bid,btc-updown-5m-1778787100,Down,0.5,20.0,,,,,,
1778787100000000,POST_BID,post_initial_bid,btc-updown-5m-1778787100,Down,0.5,20.0,,,,,,
1778787100000000,POST_BID,post_initial_bid,btc-updown-5m-1778787100,Down,0.5,20.0,,,,,,
1778787100000000,POST_BID,post_initial_bid,btc-updown-5m-1778787100,Down,0.5,20.0,,,,,,
1778787100000000,POST_BID,post_initial_bid,btc-updown-5m-1778787100,Up,0.5,20.0,,,,,,
1778787100000000,POST_BID,post_initial_bid,btc-updown-5m-1778787100,Down,0.5,20.0,,,,,,
1778787100000000,POST_BID,post_initial_bid,btc-updown-5m-1778787100,Down,0.5,20.0,,,,,,
1778787100000000,POST_BID,post_initial_bid,btc-updown-5m-1778787100,Up,0.5,20.0,,,,,,
1778787100000000,POST_BID,post_initial_bid,btc-updown-5m-1778787100,Down,0.5,20.0,,,,,,
1778787100000000,POST_BID,post_initial_bid,btc-updown-5m-1778787100,Up,0.5,20.0,,,,,,
1778787100000000,POST_BID,post_initial_bid,btc-updown-5m-1778787100,Down,0.5,20.0,,,,,,
1778787100000000,POST_BID,post_initial_bid,btc-updown-5m-1778787100,Down,0.5,20.0,,,,,,
1778787100000000,POST_BID,post_initial_bid,btc-updown-5m-1778787100,Up,0.5,20.0,,,,,,
1778787100000000,POST_BID,post_initial_bid,btc-updown-5m-1778787100,Up,0.5,20.0,,,,,,
1778787100000000,POST_BID,post_initial_bid,btc-updown-5m-1778787100,Down,0.5,20.0,,,,,,
1778787100000000,POST_BID,post_initial_bid,btc-updown-5m-1778787100,Down,0.5,20.0,,,,,,
1778787100000000,POST_BID,post_initial_bid,btc-updown-5m-1778787100,Up,0.5,20.0,,,,,,
1778787100000000,POST_BID,post_initial_bid,btc-updown-5m-1778787100,Down,0.5,20.0,,,,,,
1778787100000000,POST_BID,post_initial_bid,btc-updown-5m-1778787100,Up,0.5,20.0,,,,,,
1778787100000000,POST_BID,post_initial_bid,btc-updown-5m-1778787100,Down,0.5,20.0,,,,,,
1778787100000000,POST_BID,post_initial_bid,btc-updown-5m-1778787100,Down,0.5,20.0,,,,,,
1778787100000000,POST_BID,post_initial_bid,btc-updown-5m-1778787100,Up,0.5,20.0,,,,,,
1778787100000000,POST_BID,post_initial_bid,btc-updown-5m-1778787100,Down,0.5,20.0,,,,,,
1778787100000000,POST_BID,post_initial_bid,btc-updown-5m-1778787100,Up,0.5,20.0,,,,,,
1778787100000000,POST_BID,post_initial_bid,btc-updown-5m-1778787100,Down,0.5,20.0,,,,,,
1778787100000000,POST_BID,post_initial_bid,btc-updown-5m-1778787100,Down,0.5,20.0,,,,,,
1778787100000000,POST_BID,post_initial_bid,btc-updown-5m-1778787100,Up,0.5,20.0,,,,,,
1778787100000000,POST_BID,post_initial_bid,btc-updown-5m-1778787100,Down,0.5,20.0,,,,,,
1778787100000000,POST_BID,post_initial_bid,btc-updown-5m-1778787100,Down,0.5,20.0,,,,,,
1778787100000000,POST_BID,post_initial_bid,btc-updown-5m-1778787100,Down,0.5,20.0,,,,,,
1778787100000000,POST_BID,post_initial_bid,btc-updown-5m-1778787100,Down,0.5,20.0,,,,,,
1778787100000000,POST_BID,post_initial_bid,btc-updown-5m-1778787100,Down,0.5,20.0,,,,,,
1778787100000000,POST_BID,post_initial_bid,btc-updown-5m-1778787100,Down,0.5,20.0,,,,,,
1778787100000000,POST_BID,post_initial_bid,btc-updown-5m-1778787100,Down,0.5,20.0,,,,,,
1778787100000000,POST_BID,post_initial_bid,btc-updown-5m-1778787100,Up,0.5,20.0,,,,,,
1778787100000000,POST_BID,post_initial_bid,btc-updown-5m-1778787100,Up,0.5,20.0,,,,,,
1778787100000000,POST_BID,post_initial_bid,btc-updown-5m-1778787100,Down,0.5,20.0,,,,,,
1778787100000000,POST_BID,post_initial_bid,btc-updown-5m-1778787100,Up,0.5,20.0,,,,,,
1778787100000000,POST_BID,post_initial_bid,btc-updown-5m-1778787100,Up,0.5,20.0,,,,,,
1778787100000000,POST_BID,post_initial_bid,btc-updown-5m-1778787100,Up,0.5,20.0,,,,,,
1778787100000000,POST_BID,post_initial_bid,btc-updown-5m-1778787100,Down,0.5,20.0,,,,,,
1778787100000000,POST_BID,post_initial_bid,btc-updown-5m-1778787100,Up,0.5,20.0,,,,,,
1778787100000000,POST_BID,post_initial_bid,btc-updown-5m-1778787100,Up,0.5,20.0,,,,,,
1778787100000000,POST_BID,post_initial_bid,btc-updown-5m-1778787100,Down,0.5,20.0,,,,,,
1778787100000000,POST_BID,post_initial_bid,btc-updown-5m-1778787100,Up,0.5,20.0,,,,,,
1778787100000000,POST_BID,post_initial_bid,btc-updown-5m-1778787100,Up,0.5,20.0,,,,,,
1778787100000000,POST_BID,post_initial_bid,btc-updown-5m-1778787100,Up,0.5,20.0,,,,,,
1778787100000000,POST_BID,post_initial_bid,btc-updown-5m-1778787100,Up,0.5,20.0,,,,,,
1778787100000000,POST_BID,post_initial_bid,btc-updown-5m-1778787100,Down,0.5,20.0,,,,,,
1778787100000000,POST_BID,post_initial_bid,btc-updown-5m-1778787100,Up,0.5,20.0,,,,,,
1778787100000000,POST_BID,post_initial_bid,btc-updown-5m-1778787100,Down,0.5,20.0,,,,,,
1778787100000000,POST_BID,post_initial_bid,btc-updown-5m-1778787100,Up,0.5,20.0,,,,,,
1778787100000000,POST_BID,post_initial_bid,btc-updown-5m-1778787100,Up,0.5,20.0,,,,,,
1778787100000000,POST_BID,post_initial_bid,btc-updown-5m-1778787100,Down,0.5,20.0,,,,,,
1778787100000000,POST_BID,post_initial_bid,btc-updown-5m-1778787100,Down,0.5,20.0,,,,,,
1778787100000000,POST_BID,post_initial_bid,btc-updown-5m-1778787100,Up,0.5,20.0,,,,,,
1778787100000000,POST_BID,post_initial_bid,btc-updown-5m-1778787100,Down,0.5,20.0,,,,,,
1778787100000000,POST_BID,post_initial_bid,btc-updown-5m-1778787100,Down,0.5,20.0,,,,,,
1778787100000000,POST_BID,post_initial_bid,btc-updown-5m-1778787100,Down,0.5,20.0,,,,,,
1778787100000000,POST_BID,post_initial_bid,btc-updown-5m-1778787100,Down,0.5,20.0,,,,,,
1778787100000000,FILL,maker_bid_hit,btc-updown-5m-1778787100,Down,0.5,20.0,20.0,,,,,
1778787100000000,FILL,maker_bid_hit,btc-updown-5m-1778787100,Down,0.5,20.0,20.0,,,,,
1778787100000000,FILL,maker_bid_hit,btc-updown-5m-1778787100,Down,0.5,20.0,20.0,,,,,
1778787100000000,FILL,maker_bid_hit,btc-updown-5m-1778787100,Up,0.5,20.0,20.0,,,,,
1778787100000000,FILL,maker_bid_hit,btc-updown-5m-1778787100,Up,0.5,20.0,20.0,,,,,
1778787100000000,FILL,maker_bid_hit,btc-updown-5m-1778787100,Down,0.5,20.0,20.0,,,,,
1778787100000000,FILL,maker_bid_hit,btc-updown-5m-1778787100,Up,0.5,20.0,20.0,,,,,
1778787100000000,FILL,maker_bid_hit,btc-updown-5m-1778787100,Up,0.5,20.0,20.0,,,,,
1778787100000000,FILL,maker_bid_hit,btc-updown-5m-1778787100,Down,0.5,20.0,20.0,,,,,
1778787100000000,FILL,maker_bid_hit,btc-updown-5m-1778787100,Up,0.5,20.0,20.0,,,,,
1778787100000000,FILL,maker_bid_hit,btc-updown-5m-1778787100,Up,0.5,20.0,20.0,,,,,
1778787100000000,FILL,maker_bid_hit,btc-updown-5m-1778787100,Down,0.5,20.0,20.0,,,,,
1778787400000000,LOG_SLUG_COMPLETE,slug_resolved,btc-updown-5m-1778787100,,,,,Up,5.5359,,,
1778787400000000,POST_BID,post_initial_bid,btc-updown-5m-1778787400,Up,0.5,20.0,,,,,,
1778787400000000,POST_BID,post_initial_bid,btc-updown-5m-1778787400,Down,0.5,20.0,,,,,,
1778787400000000,POST_BID,post_initial_bid,btc-updown-5m-1778787400,Down,0.5,20.0,,,,,,
1778787400000000,POST_BID,post_initial_bid,btc-updown-5m-1778787400,Up,0.5,20.0,,,,,,
1778787400000000,POST_BID,post_initial_bid,btc-updown-5m-1778787400,Down,0.5,20.0,,,,,,
1778787400000000,POST_BID,post_initial_bid,btc-updown-5m-1778787400,Down,0.5,20.0,,,,,,
1778787400000000,POST_BID,post_initial_bid,btc-updown-5m-1778787400,Down,0.5,20.0,,,,,,
1778787400000000,POST_BID,post_initial_bid,btc-updown-5m-1778787400,Down,0.5,20.0,,,,,,
1778787400000000,POST_BID,post_initial_bid,btc-updown-5m-1778787400,Up,0.5,20.0,,,,,,
1778787400000000,POST_BID,post_initial_bid,btc-updown-5m-1778787400,Down,0.5,20.0,,,,,,
1778787400000000,POST_BID,post_initial_bid,btc-updown-5m-1778787400,Down,0.5,20.0,,,,,,
1778787400000000,POST_BID,post_initial_bid,btc-updown-5m-1778787400,Up,0.5,20.0,,,,,,
1778787400000000,POST_BID,post_initial_bid,btc-updown-5m-1778787400,Down,0.5,20.0,,,,,,
1778787400000000,POST_BID,post_initial_bid,btc-updown-5m-1778787400,Down,0.5,20.0,,,,,,
1778787400000000,POST_BID,post_initial_bid,btc-updown-5m-1778787400,Up,0.5,20.0,,,,,,
1778787400000000,POST_BID,post_initial_bid,btc-updown-5m-1778787400,Up,0.5,20.0,,,,,,
1778787400000000,POST_BID,post_initial_bid,btc-updown-5m-1778787400,Up,0.5,20.0,,,,,,
1778787400000000,POST_BID,post_initial_bid,btc-updown-5m-1778787400,Down,0.5,20.0,,,,,,
1778787400000000,POST_BID,post_initial_bid,btc-updown-5m-1778787400,Down,0.5,20.0,,,,,,
1778787400000000,POST_BID,post_initial_bid,btc-updown-5m-1778787400,Down,0.5,20.0,,,,,,
1778787400000000,POST_BID,post_initial_bid,btc-updown-5m-1778787400,Down,0.5,20.0,,,,,,
1778787400000000,POST_BID,post_initial_bid,btc-updown-5m-1778787400,Down,0.5,20.0,,,,,,
1778787400000000,POST_BID,post_initial_bid,btc-updown-5m-1778787400,Down,0.5,20.0,,,,,,
1778787400000000,POST_BID,post_initial_bid,btc-updown-5m-1778787400,Up,0.5,20.0,,,,,,
1778787400000000,POST_BID,post_initial_bid,btc-updown-5m-1778787400,Down,0.5,20.0,,,,,,
1778787400000000,POST_BID,post_initial_bid,btc-updown-5m-1778787400,Down,0.5,20.0,,,,,,
1778787400000000,POST_BID,post_initial_bid,btc-updown-5m-1778787400,Down,0.5,20.0,,,,,,
1778787400000000,POST_BID,post_initial_bid,btc-updown-5m-1778787400,Down,0.5,20.0,,,,,,
1778787400000000,POST_BID,post_initial_bid,btc-updown-5m-1778787400,Up,0.5,20.0,,,,,,
1778787400000000,POST_BID,post_initial_bid,btc-updown-5m-1778787400,Down,0.5,20.0,,,,,,
1778787400000000,POST_BID,post_initial_bid,btc-updown-5m-1778787400,Down,0.5,20.0,,,,,,
1778787400000000,POST_BID,post_initial_bid,btc-updown-5m-1778787400,Down,0.5,20.0,,,,,,
1778787400000000,POST_BID,post_initial_bid,btc-updown-5m-1778787400,Up,0.5,20.0,,,,,,
1778787400000000,POST_BID,post_initial_bid,btc-updown-5m-1778787400,Down,0.5,20.0,,,,,,
1778787400000000,POST_BID,post_initial_bid,btc-updown-5m-1778787400,Down,0.5,20.0,,,,,,
1778787400000000,POST_BID,post_initial_bid,btc-updown-5m-1778787400,Down,0.5,20.0,,,,,,
1778787400000000,POST_BID,post_initial_bid,btc-updown-5m-1778787400,Down,0.5,20.0,,,,,,
1778787400000000,POST_BID,post_initial_bid,btc-updown-5m-1778787400,Up,0.5,20.0,,,,,,
1778787400000000,POST_BID,post_initial_bid,btc-updown-5m-1778787400,Up,0.5,20.0,,,,,,
1778787400000000,POST_BID,post_initial_bid,btc-updown-5m-1778787400,Down,0.5,20.0,,,,,,
1778787400000000,POST_BID,post_initial_bid,btc-updown-5m-1778787400,Up,0.5,20.0,,,,,,
1778787400000000,POST_BID,post_initial_bid,btc-updown-5m-1778787400,Down,0.5,20.0,,,,,,
1778787400000000,POST_BID,post_initial_bid,btc-updown-5m-1778787400,Down,0.5,20.0,,,,,,
1778787400000000,POST_BID,post_initial_bid,btc-updown-5m-1778787400,Down,0.5,20.0,,,,,,
1778787400000000,POST_BID,post_initial_bid,btc-updown-5m-1778787400,Down,0.5,20.0,,,,,,
1778787400000000,POST_BID,post_initial_bid,btc-updown-5m-1778787400,Down,0.5,20.0,,,,,,
1778787400000000,POST_BID,post_initial_bid,btc-updown-5m-1778787400,Up,0.5,20.0,,,,,,
1778787400000000,POST_BID,post_initial_bid,btc-updown-5m-1778787400,Down,0.5,20.0,,,,,,
1778787400000000,POST_BID,post_initial_bid,btc-updown-5m-1778787400,Up,0.5,20.0,,,,,,
1778787400000000,POST_BID,post_initial_bid,btc-updown-5m-1778787400,Up,0.5,20.0,,,,,,
1778787400000000,POST_BID,post_initial_bid,btc-updown-5m-1778787400,Up,0.5,20.0,,,,,,
1778787400000000,POST_BID,post_initial_bid,btc-updown-5m-1778787400,Up,0.5,20.0,,,,,,
1778787400000000,POST_BID,post_initial_bid,btc-updown-5m-1778787400,Down,0.5,20.0,,,,,,
1778787400000000,POST_BID,post_initial_bid,btc-updown-5m-1778787400,Down,0.5,20.0,,,,,,
1778787400000000,POST_BID,post_initial_bid,btc-updown-5m-1778787400,Down,0.5,20.0,,,,,,
1778787400000000,POST_BID,post_initial_bid,btc-updown-5m-1778787400,Down,0.5,20.0,,,,,,
1778787400000000,POST_BID,post_initial_bid,btc-updown-5m-1778787400,Up,0.5,20.0,,,,,,
1778787400000000,POST_BID,post_initial_bid,btc-updown-5m-1778787400,Up,0.5,20.0,,,,,,
1778787400000000,POST_BID,post_initial_bid,btc-updown-5m-1778787400,Down,0.5,20.0,,,,,,
1778787400000000,POST_BID,post_initial_bid,btc-updown-5m-1778787400,Down,0.5,20.0,,,,,,
1778787400000000,POST_BID,post_initial_bid,btc-updown-5m-1778787400,Up,0.5,20.0,,,,,,
1778787400000000,POST_BID,post_initial_bid,btc-updown-5m-1778787400,Down,0.5,20.0,,,,,,
1778787400000000,POST_BID,post_initial_bid,btc-updown-5m-1778787400,Down,0.5,20.0,,,,,,
1778787400000000,POST_BID,post_initial_bid,btc-updown-5m-1778787400,Down,0.5,20.0,,,,,,
1778787400000000,POST_BID,post_initial_bid,btc-updown-5m-1778787400,Down,0.5,20.0,,,,,,
1778787400000000,POST_BID,post_initial_bid,btc-updown-5m-1778787400,Up,0.5,20.0,,,,,,
1778787400000000,POST_BID,post_initial_bid,btc-updown-5m-1778787400,Up,0.5,20.0,,,,,,
1778787400000000,POST_BID,post_initial_bid,btc-updown-5m-1778787400,Down,0.5,20.0,,,,,,
1778787400000000,POST_BID,post_initial_bid,btc-updown-5m-1778787400,Up,0.5,20.0,,,,,,
1778787400000000,POST_BID,post_initial_bid,btc-updown-5m-1778787400,Down,0.5,20.0,,,,,,
1778787400000000,POST_BID,post_initial_bid,btc-updown-5m-1778787400,Up,0.5,20.0,,,,,,
1778787400000000,POST_BID,post_initial_bid,btc-updown-5m-1778787400,Up,0.5,20.0,,,,,,
1778787400000000,POST_BID,post_initial_bid,btc-updown-5m-1778787400,Down,0.5,20.0,,,,,,
1778787400000000,POST_BID,post_initial_bid,btc-updown-5m-1778787400,Down,0.5,20.0,,,,,,
1778787400000000,POST_BID,post_initial_bid,btc-updown-5m-1778787400,Up,0.5,20.0,,,,,,
1778787400000000,POST_BID,post_initial_bid,btc-updown-5m-1778787400,Up,0.5,20.0,,,,,,
1778787400000000,POST_BID,post_initial_bid,btc-updown-5m-1778787400,Up,0.5,20.0,,,,,,
1778787400000000,POST_BID,post_initial_bid,btc-updown-5m-1778787400,Up,0.5,20.0,,,,,,
1778787400000000,FILL,maker_bid_hit,btc-updown-5m-1778787400,Down,0.5,20.0,20.0,,,,,
1778787400000000,FILL,maker_bid_hit,btc-updown-5m-1778787400,Up,0.5,20.0,20.0,,,,,
1778787400000000,FILL,maker_bid_hit,btc-updown-5m-1778787400,Down,0.5,20.0,20.0,,,,,
1778787400000000,FILL,maker_bid_hit,btc-updown-5m-1778787400,Down,0.5,20.0,20.0,,,,,
1778787400000000,FILL,maker_bid_hit,btc-updown-5m-1778787400,Down,0.5,20.0,20.0,,,,,
1778787400000000,FILL,maker_bid_hit,btc-updown-5m-1778787400,Up,0.5,20.0,20.0,,,,,
1778787400000000,FILL,maker_bid_hit,btc-updown-5m-1778787400,Down,0.5,20.0,20.0,,,,,
1778787400000000,FILL,maker_bid_hit,btc-updown-5m-1778787400,Up,0.5,20.0,20.0,,,,,
1778787400000000,FILL,maker_bid_hit,btc-updown-5m-1778787400,Up,0.5,20.0,20.0,,,,,
1778787400000000,FILL,maker_bid_hit,btc-updown-5m-1778787400,Down,0.5,20.0,20.0,,,,,
1778787400000000,FILL,maker_bid_hit,btc-updown-5m-1778787400,Up,0.5,20.0,20.0,,,,,
1778787400000000,FILL,maker_bid_hit,btc-updown-5m-1778787400,Up,0.5,20.0,20.0,,,,,
1778787400000000,FILL,maker_bid_hit,btc-updown-5m-1778787400,Up,0.5,20.0,20.0,,,,,
1778787400000000,FILL,maker_bid_hit,btc-updown-5m-1778787400,Down,0.5,20.0,20.0,,,,,
1778787400000000,FILL,maker_bid_hit,btc-updown-5m-1778787400,Down,0.5,20.0,20.0,,,,,
1778787400000000,FILL,maker_bid_hit,btc-updown-5m-1778787400,Down,0.5,20.0,20.0,,,,,
1778787400000000,FILL,maker_bid_hit,btc-updown-5m-1778787400,Down,0.5,20.0,20.0,,,,,
1778787400000000,FILL,maker_bid_hit,btc-updown-5m-1778787400,Up,0.5,20.0,20.0,,,,,
1778787400000000,TAKE,pat_pair_cost=0.9370,btc-updown-5m-1778787400,BOTH,0.9370022627433023,20.0,,,,20.0,20.0,0.9370022627433023
1778787400000000,TAKE,pat_pair_cost=1.0342,btc-updown-5m-1778787400,BOTH,1.0342207299933348,20.0,,,,20.0,0.0,1.0342207299933348
1778787700000000,LOG_SLUG_COMPLETE,slug_resolved,btc-updown-5m-1778787400,,,,,Up,-2.7021,,,
1778787700000000,POST_BID,post_initial_bid,btc-updown-5m-1778787700,Down,0.5,20.0,,,,,,
1778787700000000,POST_BID,post_initial_bid,btc-updown-5m-1778787700,Up,0.5,20.0,,,,,,
1778787700000000,POST_BID,post_initial_bid,btc-updown-5m-1778787700,Up,0.5,20.0,,,,,,
1778787700000000,POST_BID,post_initial_bid,btc-updown-5m-1778787700,Down,0.5,20.0,,,,,,
1778787700000000,POST_BID,post_initial_bid,btc-updown-5m-1778787700,Up,0.5,20.0,,,,,,
1778787700000000,POST_BID,post_initial_bid,btc-updown-5m-1778787700,Down,0.5,20.0,,,,,,
1778787700000000,POST_BID,post_initial_bid,btc-updown-5m-1778787700,Up,0.5,20.0,,,,,,
1778787700000000,POST_BID,post_initial_bid,btc-updown-5m-1778787700,Up,0.5,20.0,,,,,,
1778787700000000,POST_BID,post_initial_bid,btc-updown-5m-1778787700,Up,0.5,20.0,,,,,,
1778787700000000,POST_BID,post_initial_bid,btc-updown-5m-1778787700,Down,0.5,20.0,,,,,,
1778787700000000,POST_BID,post_initial_bid,btc-updown-5m-1778787700,Down,0.5,20.0,,,,,,
1778787700000000,POST_BID,post_initial_bid,btc-updown-5m-1778787700,Down,0.5,20.0,,,,,,
1778787700000000,POST_BID,post_initial_bid,btc-updown-5m-1778787700,Down,0.5,20.0,,,,,,
1778787700000000,POST_BID,post_initial_bid,btc-updown-5m-1778787700,Up,0.5,20.0,,,,,,
1778787700000000,POST_BID,post_initial_bid,btc-updown-5m-1778787700,Down,0.5,20.0,,,,,,
1778787700000000,POST_BID,post_initial_bid,btc-updown-5m-1778787700,Up,0.5,20.0,,,,,,
1778787700000000,POST_BID,post_initial_bid,btc-updown-5m-1778787700,Down,0.5,20.0,,,,,,
1778787700000000,POST_BID,post_initial_bid,btc-updown-5m-1778787700,Up,0.5,20.0,,,,,,
1778787700000000,POST_BID,post_initial_bid,btc-updown-5m-1778787700,Down,0.5,20.0,,,,,,
1778787700000000,POST_BID,post_initial_bid,btc-updown-5m-1778787700,Up,0.5,20.0,,,,,,
1778787700000000,POST_BID,post_initial_bid,btc-updown-5m-1778787700,Up,0.5,20.0,,,,,,
1778787700000000,POST_BID,post_initial_bid,btc-updown-5m-1778787700,Up,0.5,20.0,,,,,,
1778787700000000,POST_BID,post_initial_bid,btc-updown-5m-1778787700,Up,0.5,20.0,,,,,,
1778787700000000,POST_BID,post_initial_bid,btc-updown-5m-1778787700,Down,0.5,20.0,,,,,,
1778787700000000,POST_BID,post_initial_bid,btc-updown-5m-1778787700,Down,0.5,20.0,,,,,,
1778787700000000,POST_BID,post_initial_bid,btc-updown-5m-1778787700,Down,0.5,20.0,,,,,,
1778787700000000,POST_BID,post_initial_bid,btc-updown-5m-1778787700,Up,0.5,20.0,,,,,,
1778787700000000,POST_BID,post_initial_bid,btc-updown-5m-1778787700,Up,0.5,20.0,,,,,,
1778787700000000,POST_BID,post_initial_bid,btc-updown-5m-1778787700,Down,0.5,20.0,,,,,,
1778787700000000,POST_BID,post_initial_bid,btc-updown-5m-1778787700,Down,0.5,20.0,,,,,,
1778787700000000,POST_BID,post_initial_bid,btc-updown-5m-1778787700,Up,0.5,20.0,,,,,,
1778787700000000,POST_BID,post_initial_bid,btc-updown-5m-1778787700,Up,0.5,20.0,,,,,,
1778787700000000,POST_BID,post_initial_bid,btc-updown-5m-1778787700,Down,0.5,20.0,,,,,,
1778787700000000,POST_BID,post_initial_bid,btc-updown-5m-1778787700,Down,0.5,20.0,,,,,,
1778787700000000,POST_BID,post_initial_bid,btc-updown-5m-1778787700,Up,0.5,20.0,,,,,,
1778787700000000,POST_BID,post_initial_bid,btc-updown-5m-1778787700,Down,0.5,20.0,,,,,,
1778787700000000,POST_BID,post_initial_bid,btc-updown-5m-1778787700,Up,0.5,20.0,,,,,,
1778787700000000,POST_BID,post_initial_bid,btc-updown-5m-1778787700,Down,0.5,20.0,,,,,,
1778787700000000,POST_BID,post_initial_bid,btc-updown-5m-1778787700,Up,0.5,20.0,,,,,,
1778787700000000,POST_BID,post_initial_bid,btc-updown-5m-1778787700,Down,0.5,20.0,,,,,,
1778787700000000,POST_BID,post_initial_bid,btc-updown-5m-1778787700,Up,0.5,20.0,,,,,,
1778787700000000,POST_BID,post_initial_bid,btc-updown-5m-1778787700,Down,0.5,20.0,,,,,,
1778787700000000,POST_BID,post_initial_bid,btc-updown-5m-1778787700,Down,0.5,20.0,,,,,,
1778787700000000,POST_BID,post_initial_bid,btc-updown-5m-1778787700,Up,0.5,20.0,,,,,,
1778787700000000,POST_BID,post_initial_bid,btc-updown-5m-1778787700,Down,0.5,20.0,,,,,,
1778787700000000,POST_BID,post_initial_bid,btc-updown-5m-1778787700,Down,0.5,20.0,,,,,,
1778787700000000,POST_BID,post_initial_bid,btc-updown-5m-1778787700,Up,0.5,20.0,,,,,,
1778787700000000,POST_BID,post_initial_bid,btc-updown-5m-1778787700,Up,0.5,20.0,,,,,,
1778787700000000,POST_BID,post_initial_bid,btc-updown-5m-1778787700,Down,0.5,20.0,,,,,,
1778787700000000,POST_BID,post_initial_bid,btc-updown-5m-1778787700,Up,0.5,20.0,,,,,,
1778787700000000,POST_BID,post_initial_bid,btc-updown-5m-1778787700,Down,0.5,20.0,,,,,,
1778787700000000,POST_BID,post_initial_bid,btc-updown-5m-1778787700,Down,0.5,20.0,,,,,,
1778787700000000,POST_BID,post_initial_bid,btc-updown-5m-1778787700,Up,0.5,20.0,,,,,,
1778787700000000,POST_BID,post_initial_bid,btc-updown-5m-1778787700,Up,0.5,20.0,,,,,,
1778787700000000,POST_BID,post_initial_bid,btc-updown-5m-1778787700,Down,0.5,20.0,,,,,,
1778787700000000,POST_BID,post_initial_bid,btc-updown-5m-1778787700,Down,0.5,20.0,,,,,,
1778787700000000,POST_BID,post_initial_bid,btc-updown-5m-1778787700,Up,0.5,20.0,,,,,,
1778787700000000,POST_BID,post_initial_bid,btc-updown-5m-1778787700,Down,0.5,20.0,,,,,,
1778787700000000,POST_BID,post_initial_bid,btc-updown-5m-1778787700,Down,0.5,20.0,,,,,,
1778787700000000,POST_BID,post_initial_bid,btc-updown-5m-1778787700,Up,0.5,20.0,,,,,,
1778787700000000,POST_BID,post_initial_bid,btc-updown-5m-1778787700,Down,0.5,20.0,,,,,,
1778787700000000,POST_BID,post_initial_bid,btc-updown-5m-1778787700,Up,0.5,20.0,,,,,,
1778787700000000,POST_BID,post_initial_bid,btc-updown-5m-1778787700,Down,0.5,20.0,,,,,,
1778787700000000,POST_BID,post_initial_bid,btc-updown-5m-1778787700,Up,0.5,20.0,,,,,,
1778787700000000,POST_BID,post_initial_bid,btc-updown-5m-1778787700,Down,0.5,20.0,,,,,,
1778787700000000,POST_BID,post_initial_bid,btc-updown-5m-1778787700,Up,0.5,20.0,,,,,,
1778787700000000,POST_BID,post_initial_bid,btc-updown-5m-1778787700,Up,0.5,20.0,,,,,,
1778787700000000,POST_BID,post_initial_bid,btc-updown-5m-1778787700,Up,0.5,20.0,,,,,,
1778787700000000,POST_BID,post_initial_bid,btc-updown-5m-1778787700,Up,0.5,20.0,,,,,,
1778787700000000,POST_BID,post_initial_bid,btc-updown-5m-1778787700,Down,0.5,20.0,,,,,,
1778787700000000,POST_BID,post_initial_bid,btc-updown-5m-1778787700,Down,0.5,20.0,,,,,,
1778787700000000,POST_BID,post_initial_bid,btc-updown-5m-1778787700,Up,0.5,20.0,,,,,,
1778787700000000,POST_BID,post_initial_bid,btc-updown-5m-1778787700,Down,0.5,20.0,,,,,,
1778787700000000,POST_BID,post_initial_bid,btc-updown-5m-1778787700,Up,0.5,20.0,,,,,,
1778787700000000,POST_BID,post_initial_bid,btc-updown-5m-1778787700,Up,0.5,20.0,,,,,,
1778787700000000,POST_BID,post_initial_bid,btc-updown-5m-1778787700,Down,0.5,20.0,,,,,,
1778787700000000,POST_BID,post_initial_bid,btc-updown-5m-1778787700,Down,0.5,20.0,,,,,,
1778787700000000,POST_BID,post_initial_bid,btc-updown-5m-1778787700,Up,0.5,20.0,,,,,,
1778787700000000,POST_BID,post_initial_bid,btc-updown-5m-1778787700,Up,0.5,20.0,,,,,,
1778787700000000,POST_BID,post_initial_bid,btc-updown-5m-1778787700,Down,0.5,20.0,,,,,,
1778787700000000,POST_BID,post_initial_bid,btc-updown-5m-1778787700,Down,0.5,20.0,,,,,,
1778787700000000,POST_BID,post_initial_bid,btc-updown-5m-1778787700,Up,0.5,20.0,,,,,,
1778787700000000,POST_BID,post_initial_bid,btc-updown-5m-1778787700,Up,0.5,20.0,,,,,,
1778787700000000,POST_BID,post_initial_bid,btc-updown-5m-1778787700,Up,0.5,20.0,,,,,,
1778787700000000,POST_BID,post_initial_bid,btc-updown-5m-1778787700,Down,0.5,20.0,,,,,,
1778787700000000,POST_BID,post_initial_bid,btc-updown-5m-1778787700,Down,0.5,20.0,,,,,,
1778787700000000,POST_BID,post_initial_bid,btc-updown-5m-1778787700,Down,0.5,20.0,,,,,,
1778787700000000,POST_BID,post_initial_bid,btc-updown-5m-1778787700,Up,0.5,20.0,,,,,,
1778787700000000,POST_BID,post_initial_bid,btc-updown-5m-1778787700,Down,0.5,20.0,,,,,,
1778787700000000,POST_BID,post_initial_bid,btc-updown-5m-1778787700,Up,0.5,20.0,,,,,,
1778787700000000,POST_BID,post_initial_bid,btc-updown-5m-1778787700,Up,0.5,20.0,,,,,,
1778787700000000,POST_BID,post_initial_bid,btc-updown-5m-1778787700,Up,0.5,20.0,,,,,,
1778787700000000,POST_BID,post_initial_bid,btc-updown-5m-1778787700,Up,0.5,20.0,,,,,,
1778787700000000,POST_BID,post_initial_bid,btc-updown-5m-1778787700,Down,0.5,20.0,,,,,,
1778787700000000,POST_BID,post_initial_bid,btc-updown-5m-1778787700,Up,0.5,20.0,,,,,,
1778787700000000,FILL,maker_bid_hit,btc-updown-5m-1778787700,Up,0.5,20.0,20.0,,,,,
1778787700000000,FILL,maker_bid_hit,btc-updown-5m-1778787700,Down,0.5,20.0,20.0,,,,,
1778787700000000,FILL,maker_bid_hit,btc-updown-5m-1778787700,Up,0.5,20.0,20.0,,,,,
1778787700000000,FILL,maker_bid_hit,btc-updown-5m-1778787700,Down,0.5,20.0,20.0,,,,,
1778787700000000,FILL,maker_bid_hit,btc-updown-5m-1778787700,Up,0.5,20.0,20.0,,,,,
1778787700000000,FILL,maker_bid_hit,btc-updown-5m-1778787700,Up,0.5,20.0,20.0,,,,,
1778787700000000,FILL,maker_bid_hit,btc-updown-5m-1778787700,Up,0.5,20.0,20.0,,,,,
1778787700000000,FILL,maker_bid_hit,btc-updown-5m-1778787700,Up,0.5,20.0,20.0,,,,,
1778787700000000,FILL,maker_bid_hit,btc-updown-5m-1778787700,Up,0.5,20.0,20.0,,,,,
1778787700000000,FILL,maker_bid_hit,btc-updown-5m-1778787700,Down,0.5,20.0,20.0,,,,,
1778787700000000,FILL,maker_bid_hit,btc-updown-5m-1778787700,Up,0.5,20.0,20.0,,,,,
1778787700000000,FILL,maker_bid_hit,btc-updown-5m-1778787700,Up,0.5,20.0,20.0,,,,,
1778787700000000,FILL,maker_bid_hit,btc-updown-5m-1778787700,Up,0.5,20.0,20.0,,,,,
1778787700000000,FILL,maker_bid_hit,btc-updown-5m-1778787700,Down,0.5,20.0,20.0,,,,,
1778787700000000,TAKE,pat_pair_cost=0.9493,btc-updown-5m-1778787700,BOTH,0.9492692258684304,20.0,,,,20.0,0.0,0.9492692258684304
1778788000000000,LOG_SLUG_COMPLETE,slug_resolved,btc-updown-5m-1778787700,,,,,Down,-4.058,,,
1778788000000000,POST_BID,post_initial_bid,btc-updown-5m-1778788000,Down,0.5,20.0,,,,,,
1778788000000000,POST_BID,post_initial_bid,btc-updown-5m-1778788000,Up,0.5,20.0,,,,,,
1778788000000000,POST_BID,post_initial_bid,btc-updown-5m-1778788000,Up,0.5,20.0,,,,,,
1778788000000000,POST_BID,post_initial_bid,btc-updown-5m-1778788000,Up,0.5,20.0,,,,,,
1778788000000000,POST_BID,post_initial_bid,btc-updown-5m-1778788000,Up,0.5,20.0,,,,,,
1778788000000000,POST_BID,post_initial_bid,btc-updown-5m-1778788000,Up,0.5,20.0,,,,,,
1778788000000000,POST_BID,post_initial_bid,btc-updown-5m-1778788000,Up,0.5,20.0,,,,,,
1778788000000000,POST_BID,post_initial_bid,btc-updown-5m-1778788000,Up,0.5,20.0,,,,,,
1778788000000000,POST_BID,post_initial_bid,btc-updown-5m-1778788000,Up,0.5,20.0,,,,,,
1778788000000000,POST_BID,post_initial_bid,btc-updown-5m-1778788000,Up,0.5,20.0,,,,,,
1778788000000000,POST_BID,post_initial_bid,btc-updown-5m-1778788000,Down,0.5,20.0,,,,,,
1778788000000000,POST_BID,post_initial_bid,btc-updown-5m-1778788000,Down,0.5,20.0,,,,,,
1778788000000000,POST_BID,post_initial_bid,btc-updown-5m-1778788000,Down,0.5,20.0,,,,,,
1778788000000000,POST_BID,post_initial_bid,btc-updown-5m-1778788000,Down,0.5,20.0,,,,,,
1778788000000000,POST_BID,post_initial_bid,btc-updown-5m-1778788000,Up,0.5,20.0,,,,,,
1778788000000000,POST_BID,post_initial_bid,btc-updown-5m-1778788000,Down,0.5,20.0,,,,,,
1778788000000000,POST_BID,post_initial_bid,btc-updown-5m-1778788000,Up,0.5,20.0,,,,,,
1778788000000000,POST_BID,post_initial_bid,btc-updown-5m-1778788000,Up,0.5,20.0,,,,,,
1778788000000000,POST_BID,post_initial_bid,btc-updown-5m-1778788000,Up,0.5,20.0,,,,,,
1778788000000000,POST_BID,post_initial_bid,btc-updown-5m-1778788000,Up,0.5,20.0,,,,,,
1778788000000000,POST_BID,post_initial_bid,btc-updown-5m-1778788000,Down,0.5,20.0,,,,,,
1778788000000000,POST_BID,post_initial_bid,btc-updown-5m-1778788000,Down,0.5,20.0,,,,,,
1778788000000000,POST_BID,post_initial_bid,btc-updown-5m-1778788000,Down,0.5,20.0,,,,,,
1778788000000000,POST_BID,post_initial_bid,btc-updown-5m-1778788000,Down,0.5,20.0,,,,,,
1778788000000000,POST_BID,post_initial_bid,btc-updown-5m-1778788000,Up,0.5,20.0,,,,,,
1778788000000000,POST_BID,post_initial_bid,btc-updown-5m-1778788000,Up,0.5,20.0,,,,,,
1778788000000000,POST_BID,post_initial_bid,btc-updown-5m-1778788000,Down,0.5,20.0,,,,,,
1778788000000000,POST_BID,post_initial_bid,btc-updown-5m-1778788000,Up,0.5,20.0,,,,,,
1778788000000000,POST_BID,post_initial_bid,btc-updown-5m-1778788000,Down,0.5,20.0,,,,,,
1778788000000000,POST_BID,post_initial_bid,btc-updown-5m-1778788000,Up,0.5,20.0,,,,,,
1778788000000000,POST_BID,post_initial_bid,btc-updown-5m-1778788000,Down,0.5,20.0,,,,,,
1778788000000000,POST_BID,post_initial_bid,btc-updown-5m-1778788000,Up,0.5,20.0,,,,,,
1778788000000000,POST_BID,post_initial_bid,btc-updown-5m-1778788000,Down,0.5,20.0,,,,,,
1778788000000000,POST_BID,post_initial_bid,btc-updown-5m-1778788000,Down,0.5,20.0,,,,,,
1778788000000000,POST_BID,post_initial_bid,btc-updown-5m-1778788000,Down,0.5,20.0,,,,,,
1778788000000000,POST_BID,post_initial_bid,btc-updown-5m-1778788000,Up,0.5,20.0,,,,,,
1778788000000000,POST_BID,post_initial_bid,btc-updown-5m-1778788000,Up,0.5,20.0,,,,,,
1778788000000000,POST_BID,post_initial_bid,btc-updown-5m-1778788000,Down,0.5,20.0,,,,,,
1778788000000000,POST_BID,post_initial_bid,btc-updown-5m-1778788000,Down,0.5,20.0,,,,,,
1778788000000000,POST_BID,post_initial_bid,btc-updown-5m-1778788000,Up,0.5,20.0,,,,,,
1778788000000000,POST_BID,post_initial_bid,btc-updown-5m-1778788000,Down,0.5,20.0,,,,,,
1778788000000000,POST_BID,post_initial_bid,btc-updown-5m-1778788000,Down,0.5,20.0,,,,,,
1778788000000000,POST_BID,post_initial_bid,btc-updown-5m-1778788000,Up,0.5,20.0,,,,,,
1778788000000000,POST_BID,post_initial_bid,btc-updown-5m-1778788000,Up,0.5,20.0,,,,,,
1778788000000000,POST_BID,post_initial_bid,btc-updown-5m-1778788000,Up,0.5,20.0,,,,,,
1778788000000000,POST_BID,post_initial_bid,btc-updown-5m-1778788000,Down,0.5,20.0,,,,,,
1778788000000000,POST_BID,post_initial_bid,btc-updown-5m-1778788000,Down,0.5,20.0,,,,,,
1778788000000000,POST_BID,post_initial_bid,btc-updown-5m-1778788000,Down,0.5,20.0,,,,,,
1778788000000000,POST_BID,post_initial_bid,btc-updown-5m-1778788000,Up,0.5,20.0,,,,,,
1778788000000000,POST_BID,post_initial_bid,btc-updown-5m-1778788000,Up,0.5,20.0,,,,,,
1778788000000000,POST_BID,post_initial_bid,btc-updown-5m-1778788000,Up,0.5,20.0,,,,,,
1778788000000000,POST_BID,post_initial_bid,btc-updown-5m-1778788000,Up,0.5,20.0,,,,,,
1778788000000000,POST_BID,post_initial_bid,btc-updown-5m-1778788000,Up,0.5,20.0,,,,,,
1778788000000000,POST_BID,post_initial_bid,btc-updown-5m-1778788000,Down,0.5,20.0,,,,,,
1778788000000000,POST_BID,post_initial_bid,btc-updown-5m-1778788000,Up,0.5,20.0,,,,,,
1778788000000000,POST_BID,post_initial_bid,btc-updown-5m-1778788000,Up,0.5,20.0,,,,,,
1778788000000000,POST_BID,post_initial_bid,btc-updown-5m-1778788000,Up,0.5,20.0,,,,,,
1778788000000000,POST_BID,post_initial_bid,btc-updown-5m-1778788000,Down,0.5,20.0,,,,,,
1778788000000000,POST_BID,post_initial_bid,btc-updown-5m-1778788000,Down,0.5,20.0,,,,,,
1778788000000000,POST_BID,post_initial_bid,btc-updown-5m-1778788000,Up,0.5,20.0,,,,,,
1778788000000000,POST_BID,post_initial_bid,btc-updown-5m-1778788000,Down,0.5,20.0,,,,,,
1778788000000000,POST_BID,post_initial_bid,btc-updown-5m-1778788000,Up,0.5,20.0,,,,,,
1778788000000000,POST_BID,post_initial_bid,btc-updown-5m-1778788000,Down,0.5,20.0,,,,,,
1778788000000000,POST_BID,post_initial_bid,btc-updown-5m-1778788000,Up,0.5,20.0,,,,,,
1778788000000000,POST_BID,post_initial_bid,btc-updown-5m-1778788000,Up,0.5,20.0,,,,,,
1778788000000000,POST_BID,post_initial_bid,btc-updown-5m-1778788000,Down,0.5,20.0,,,,,,
1778788000000000,POST_BID,post_initial_bid,btc-updown-5m-1778788000,Up,0.5,20.0,,,,,,
1778788000000000,POST_BID,post_initial_bid,btc-updown-5m-1778788000,Down,0.5,20.0,,,,,,
1778788000000000,POST_BID,post_initial_bid,btc-updown-5m-1778788000,Up,0.5,20.0,,,,,,
1778788000000000,POST_BID,post_initial_bid,btc-updown-5m-1778788000,Down,0.5,20.0,,,,,,
1778788000000000,POST_BID,post_initial_bid,btc-updown-5m-1778788000,Down,0.5,20.0,,,,,,
1778788000000000,POST_BID,post_initial_bid,btc-updown-5m-1778788000,Up,0.5,20.0,,,,,,
1778788000000000,POST_BID,post_initial_bid,btc-updown-5m-1778788000,Down,0.5,20.0,,,,,,
1778788000000000,POST_BID,post_initial_bid,btc-updown-5m-1778788000,Up,0.5,20.0,,,,,,
1778788000000000,POST_BID,post_initial_bid,btc-updown-5m-1778788000,Up,0.5,20.0,,,,,,
1778788000000000,POST_BID,post_initial_bid,btc-updown-5m-1778788000,Down,0.5,20.0,,,,,,
1778788000000000,POST_BID,post_initial_bid,btc-updown-5m-1778788000,Up,0.5,20.0,,,,,,
1778788000000000,POST_BID,post_initial_bid,btc-updown-5m-1778788000,Down,0.5,20.0,,,,,,
1778788000000000,POST_BID,post_initial_bid,btc-updown-5m-1778788000,Up,0.5,20.0,,,,,,
1778788000000000,POST_BID,post_initial_bid,btc-updown-5m-1778788000,Up,0.5,20.0,,,,,,
1778788000000000,POST_BID,post_initial_bid,btc-updown-5m-1778788000,Up,0.5,20.0,,,,,,
1778788000000000,POST_BID,post_initial_bid,btc-updown-5m-1778788000,Up,0.5,20.0,,,,,,
1778788000000000,POST_BID,post_initial_bid,btc-updown-5m-1778788000,Down,0.5,20.0,,,,,,
1778788000000000,POST_BID,post_initial_bid,btc-updown-5m-1778788000,Up,0.5,20.0,,,,,,
1778788000000000,POST_BID,post_initial_bid,btc-updown-5m-1778788000,Down,0.5,20.0,,,,,,
1778788000000000,POST_BID,post_initial_bid,btc-updown-5m-1778788000,Down,0.5,20.0,,,,,,
1778788000000000,FILL,maker_bid_hit,btc-updown-5m-1778788000,Up,0.5,20.0,20.0,,,,,
1778788000000000,FILL,maker_bid_hit,btc-updown-5m-1778788000,Up,0.5,20.0,20.0,,,,,
1778788000000000,FILL,maker_bid_hit,btc-updown-5m-1778788000,Down,0.5,20.0,20.0,,,,,
1778788000000000,FILL,maker_bid_hit,btc-updown-5m-1778788000,Down,0.5,20.0,20.0,,,,,
1778788000000000,FILL,maker_bid_hit,btc-updown-5m-1778788000,Down,0.5,20.0,20.0,,,,,
1778788000000000,FILL,maker_bid_hit,btc-updown-5m-1778788000,Up,0.5,20.0,20.0,,,,,
1778788000000000,FILL,maker_bid_hit,btc-updown-5m-1778788000,Up,0.5,20.0,20.0,,,,,
1778788000000000,FILL,maker_bid_hit,btc-updown-5m-1778788000,Up,0.5,20.0,20.0,,,,,
1778788000000000,FILL,maker_bid_hit,btc-updown-5m-1778788000,Up,0.5,20.0,20.0,,,,,
1778788000000000,FILL,maker_bid_hit,btc-updown-5m-1778788000,Down,0.5,20.0,20.0,,,,,
1778788000000000,FILL,maker_bid_hit,btc-updown-5m-1778788000,Down,0.5,20.0,20.0,,,,,
1778788000000000,FILL,maker_bid_hit,btc-updown-5m-1778788000,Up,0.5,20.0,20.0,,,,,
1778788000000000,FILL,maker_bid_hit,btc-updown-5m-1778788000,Down,0.5,20.0,20.0,,,,,
1778788300000000,LOG_SLUG_COMPLETE,slug_resolved,btc-updown-5m-1778788000,,,,,Down,5.6928,,,
1778788300000000,POST_BID,post_initial_bid,btc-updown-5m-1778788300,Down,0.5,20.0,,,,,,
1778788300000000,POST_BID,post_initial_bid,btc-updown-5m-1778788300,Up,0.5,20.0,,,,,,
1778788300000000,POST_BID,post_initial_bid,btc-updown-5m-1778788300,Down,0.5,20.0,,,,,,
1778788300000000,POST_BID,post_initial_bid,btc-updown-5m-1778788300,Down,0.5,20.0,,,,,,
1778788300000000,POST_BID,post_initial_bid,btc-updown-5m-1778788300,Up,0.5,20.0,,,,,,
1778788300000000,POST_BID,post_initial_bid,btc-updown-5m-1778788300,Down,0.5,20.0,,,,,,
1778788300000000,POST_BID,post_initial_bid,btc-updown-5m-1778788300,Up,0.5,20.0,,,,,,
1778788300000000,POST_BID,post_initial_bid,btc-updown-5m-1778788300,Down,0.5,20.0,,,,,,
1778788300000000,POST_BID,post_initial_bid,btc-updown-5m-1778788300,Up,0.5,20.0,,,,,,
1778788300000000,POST_BID,post_initial_bid,btc-updown-5m-1778788300,Down,0.5,20.0,,,,,,
1778788300000000,POST_BID,post_initial_bid,btc-updown-5m-1778788300,Down,0.5,20.0,,,,,,
1778788300000000,POST_BID,post_initial_bid,btc-updown-5m-1778788300,Down,0.5,20.0,,,,,,
1778788300000000,POST_BID,post_initial_bid,btc-updown-5m-1778788300,Up,0.5,20.0,,,,,,
1778788300000000,POST_BID,post_initial_bid,btc-updown-5m-1778788300,Down,0.5,20.0,,,,,,
1778788300000000,POST_BID,post_initial_bid,btc-updown-5m-1778788300,Down,0.5,20.0,,,,,,
1778788300000000,POST_BID,post_initial_bid,btc-updown-5m-1778788300,Down,0.5,20.0,,,,,,
1778788300000000,POST_BID,post_initial_bid,btc-updown-5m-1778788300,Up,0.5,20.0,,,,,,
1778788300000000,POST_BID,post_initial_bid,btc-updown-5m-1778788300,Up,0.5,20.0,,,,,,
1778788300000000,POST_BID,post_initial_bid,btc-updown-5m-1778788300,Up,0.5,20.0,,,,,,
1778788300000000,POST_BID,post_initial_bid,btc-updown-5m-1778788300,Up,0.5,20.0,,,,,,
1778788300000000,POST_BID,post_initial_bid,btc-updown-5m-1778788300,Down,0.5,20.0,,,,,,
1778788300000000,POST_BID,post_initial_bid,btc-updown-5m-1778788300,Down,0.5,20.0,,,,,,
1778788300000000,POST_BID,post_initial_bid,btc-updown-5m-1778788300,Down,0.5,20.0,,,,,,
1778788300000000,POST_BID,post_initial_bid,btc-updown-5m-1778788300,Down,0.5,20.0,,,,,,
1778788300000000,POST_BID,post_initial_bid,btc-updown-5m-1778788300,Up,0.5,20.0,,,,,,
1778788300000000,POST_BID,post_initial_bid,btc-updown-5m-1778788300,Down,0.5,20.0,,,,,,
1778788300000000,POST_BID,post_initial_bid,btc-updown-5m-1778788300,Down,0.5,20.0,,,,,,
1778788300000000,POST_BID,post_initial_bid,btc-updown-5m-1778788300,Down,0.5,20.0,,,,,,
1778788300000000,POST_BID,post_initial_bid,btc-updown-5m-1778788300,Down,0.5,20.0,,,,,,
1778788300000000,POST_BID,post_initial_bid,btc-updown-5m-1778788300,Up,0.5,20.0,,,,,,
1778788300000000,POST_BID,post_initial_bid,btc-updown-5m-1778788300,Up,0.5,20.0,,,,,,
1778788300000000,POST_BID,post_initial_bid,btc-updown-5m-1778788300,Up,0.5,20.0,,,,,,
1778788300000000,POST_BID,post_initial_bid,btc-updown-5m-1778788300,Up,0.5,20.0,,,,,,
1778788300000000,POST_BID,post_initial_bid,btc-updown-5m-1778788300,Down,0.5,20.0,,,,,,
1778788300000000,POST_BID,post_initial_bid,btc-updown-5m-1778788300,Down,0.5,20.0,,,,,,
1778788300000000,POST_BID,post_initial_bid,btc-updown-5m-1778788300,Up,0.5,20.0,,,,,,
1778788300000000,POST_BID,post_initial_bid,btc-updown-5m-1778788300,Up,0.5,20.0,,,,,,
1778788300000000,POST_BID,post_initial_bid,btc-updown-5m-1778788300,Up,0.5,20.0,,,,,,
1778788300000000,POST_BID,post_initial_bid,btc-updown-5m-1778788300,Down,0.5,20.0,,,,,,
1778788300000000,POST_BID,post_initial_bid,btc-updown-5m-1778788300,Down,0.5,20.0,,,,,,
1778788300000000,POST_BID,post_initial_bid,btc-updown-5m-1778788300,Down,0.5,20.0,,,,,,
1778788300000000,POST_BID,post_initial_bid,btc-updown-5m-1778788300,Up,0.5,20.0,,,,,,
1778788300000000,POST_BID,post_initial_bid,btc-updown-5m-1778788300,Down,0.5,20.0,,,,,,
1778788300000000,POST_BID,post_initial_bid,btc-updown-5m-1778788300,Down,0.5,20.0,,,,,,
1778788300000000,POST_BID,post_initial_bid,btc-updown-5m-1778788300,Up,0.5,20.0,,,,,,
1778788300000000,POST_BID,post_initial_bid,btc-updown-5m-1778788300,Up,0.5,20.0,,,,,,
1778788300000000,POST_BID,post_initial_bid,btc-updown-5m-1778788300,Down,0.5,20.0,,,,,,
1778788300000000,POST_BID,post_initial_bid,btc-updown-5m-1778788300,Down,0.5,20.0,,,,,,
1778788300000000,POST_BID,post_initial_bid,btc-updown-5m-1778788300,Down,0.5,20.0,,,,,,
1778788300000000,POST_BID,post_initial_bid,btc-updown-5m-1778788300,Up,0.5,20.0,,,,,,
1778788300000000,POST_BID,post_initial_bid,btc-updown-5m-1778788300,Up,0.5,20.0,,,,,,
1778788300000000,POST_BID,post_initial_bid,btc-updown-5m-1778788300,Up,0.5,20.0,,,,,,
1778788300000000,POST_BID,post_initial_bid,btc-updown-5m-1778788300,Down,0.5,20.0,,,,,,
1778788300000000,POST_BID,post_initial_bid,btc-updown-5m-1778788300,Down,0.5,20.0,,,,,,
1778788300000000,POST_BID,post_initial_bid,btc-updown-5m-1778788300,Up,0.5,20.0,,,,,,
1778788300000000,POST_BID,post_initial_bid,btc-updown-5m-1778788300,Down,0.5,20.0,,,,,,
1778788300000000,POST_BID,post_initial_bid,btc-updown-5m-1778788300,Down,0.5,20.0,,,,,,
1778788300000000,POST_BID,post_initial_bid,btc-updown-5m-1778788300,Up,0.5,20.0,,,,,,
1778788300000000,POST_BID,post_initial_bid,btc-updown-5m-1778788300,Up,0.5,20.0,,,,,,
1778788300000000,POST_BID,post_initial_bid,btc-updown-5m-1778788300,Up,0.5,20.0,,,,,,
1778788300000000,POST_BID,post_initial_bid,btc-updown-5m-1778788300,Down,0.5,20.0,,,,,,
1778788300000000,POST_BID,post_initial_bid,btc-updown-5m-1778788300,Down,0.5,20.0,,,,,,
1778788300000000,POST_BID,post_initial_bid,btc-updown-5m-1778788300,Down,0.5,20.0,,,,,,
1778788300000000,POST_BID,post_initial_bid,btc-updown-5m-1778788300,Up,0.5,20.0,,,,,,
1778788300000000,POST_BID,post_initial_bid,btc-updown-5m-1778788300,Up,0.5,20.0,,,,,,
1778788300000000,POST_BID,post_initial_bid,btc-updown-5m-1778788300,Down,0.5,20.0,,,,,,
1778788300000000,POST_BID,post_initial_bid,btc-updown-5m-1778788300,Down,0.5,20.0,,,,,,
1778788300000000,POST_BID,post_initial_bid,btc-updown-5m-1778788300,Up,0.5,20.0,,,,,,
1778788300000000,POST_BID,post_initial_bid,btc-updown-5m-1778788300,Down,0.5,20.0,,,,,,
1778788300000000,POST_BID,post_initial_bid,btc-updown-5m-1778788300,Up,0.5,20.0,,,,,,
1778788300000000,POST_BID,post_initial_bid,btc-updown-5m-1778788300,Down,0.5,20.0,,,,,,
1778788300000000,POST_BID,post_initial_bid,btc-updown-5m-1778788300,Down,0.5,20.0,,,,,,
1778788300000000,POST_BID,post_initial_bid,btc-updown-5m-1778788300,Down,0.5,20.0,,,,,,
1778788300000000,POST_BID,post_initial_bid,btc-updown-5m-1778788300,Down,0.5,20.0,,,,,,
1778788300000000,POST_BID,post_initial_bid,btc-updown-5m-1778788300,Down,0.5,20.0,,,,,,
1778788300000000,POST_BID,post_initial_bid,btc-updown-5m-1778788300,Up,0.5,20.0,,,,,,
1778788300000000,POST_BID,post_initial_bid,btc-updown-5m-1778788300,Up,0.5,20.0,,,,,,
1778788300000000,POST_BID,post_initial_bid,btc-updown-5m-1778788300,Up,0.5,20.0,,,,,,
1778788300000000,POST_BID,post_initial_bid,btc-updown-5m-1778788300,Down,0.5,20.0,,,,,,
1778788300000000,POST_BID,post_initial_bid,btc-updown-5m-1778788300,Down,0.5,20.0,,,,,,
1778788300000000,FILL,maker_bid_hit,btc-updown-5m-1778788300,Up,0.5,20.0,20.0,,,,,
1778788300000000,FILL,maker_bid_hit,btc-updown-5m-1778788300,Down,0.5,20.0,20.0,,,,,
1778788300000000,FILL,maker_bid_hit,btc-updown-5m-1778788300,Down,0.5,20.0,20.0,,,,,
1778788300000000,FILL,maker_bid_hit,btc-updown-5m-1778788300,Down,0.5,20.0,20.0,,,,,
1778788300000000,FILL,maker_bid_hit,btc-updown-5m-1778788300,Up,0.5,20.0,20.0,,,,,
1778788300000000,FILL,maker_bid_hit,btc-updown-5m-1778788300,Up,0.5,20.0,20.0,,,,,
1778788300000000,FILL,maker_bid_hit,btc-updown-5m-1778788300,Down,0.5,20.0,20.0,,,,,
1778788300000000,FILL,maker_bid_hit,btc-updown-5m-1778788300,Down,0.5,20.0,20.0,,,,,
1778788300000000,FILL,maker_bid_hit,btc-updown-5m-1778788300,Down,0.5,20.0,20.0,,,,,
1778788300000000,FILL,maker_bid_hit,btc-updown-5m-1778788300,Up,0.5,20.0,20.0,,,,,
1778788300000000,TAKE,pat_pair_cost=1.0122,btc-updown-5m-1778788300,BOTH,1.0122273590718658,20.0,,,,20.0,0.0,1.0122273590718658
1778788600000000,LOG_SLUG_COMPLETE,slug_resolved,btc-updown-5m-1778788300,,,,,Up,-9.2499,,,
1778788600000000,POST_BID,post_initial_bid,btc-updown-5m-1778788600,Down,0.5,20.0,,,,,,
1778788600000000,POST_BID,post_initial_bid,btc-updown-5m-1778788600,Down,0.5,20.0,,,,,,
1778788600000000,POST_BID,post_initial_bid,btc-updown-5m-1778788600,Up,0.5,20.0,,,,,,
1778788600000000,POST_BID,post_initial_bid,btc-updown-5m-1778788600,Down,0.5,20.0,,,,,,
1778788600000000,POST_BID,post_initial_bid,btc-updown-5m-1778788600,Down,0.5,20.0,,,,,,
1778788600000000,POST_BID,post_initial_bid,btc-updown-5m-1778788600,Down,0.5,20.0,,,,,,
1778788600000000,POST_BID,post_initial_bid,btc-updown-5m-1778788600,Down,0.5,20.0,,,,,,
1778788600000000,POST_BID,post_initial_bid,btc-updown-5m-1778788600,Down,0.5,20.0,,,,,,
1778788600000000,POST_BID,post_initial_bid,btc-updown-5m-1778788600,Up,0.5,20.0,,,,,,
1778788600000000,POST_BID,post_initial_bid,btc-updown-5m-1778788600,Up,0.5,20.0,,,,,,
1778788600000000,POST_BID,post_initial_bid,btc-updown-5m-1778788600,Up,0.5,20.0,,,,,,
1778788600000000,POST_BID,post_initial_bid,btc-updown-5m-1778788600,Up,0.5,20.0,,,,,,
1778788600000000,POST_BID,post_initial_bid,btc-updown-5m-1778788600,Up,0.5,20.0,,,,,,
1778788600000000,POST_BID,post_initial_bid,btc-updown-5m-1778788600,Up,0.5,20.0,,,,,,
1778788600000000,POST_BID,post_initial_bid,btc-updown-5m-1778788600,Up,0.5,20.0,,,,,,
1778788600000000,POST_BID,post_initial_bid,btc-updown-5m-1778788600,Down,0.5,20.0,,,,,,
1778788600000000,POST_BID,post_initial_bid,btc-updown-5m-1778788600,Down,0.5,20.0,,,,,,
1778788600000000,POST_BID,post_initial_bid,btc-updown-5m-1778788600,Up,0.5,20.0,,,,,,
1778788600000000,POST_BID,post_initial_bid,btc-updown-5m-1778788600,Up,0.5,20.0,,,,,,
1778788600000000,POST_BID,post_initial_bid,btc-updown-5m-1778788600,Down,0.5,20.0,,,,,,
1778788600000000,POST_BID,post_initial_bid,btc-updown-5m-1778788600,Down,0.5,20.0,,,,,,
1778788600000000,POST_BID,post_initial_bid,btc-updown-5m-1778788600,Down,0.5,20.0,,,,,,
1778788600000000,POST_BID,post_initial_bid,btc-updown-5m-1778788600,Down,0.5,20.0,,,,,,
1778788600000000,POST_BID,post_initial_bid,btc-updown-5m-1778788600,Up,0.5,20.0,,,,,,
1778788600000000,POST_BID,post_initial_bid,btc-updown-5m-1778788600,Down,0.5,20.0,,,,,,
1778788600000000,POST_BID,post_initial_bid,btc-updown-5m-1778788600,Up,0.5,20.0,,,,,,
1778788600000000,POST_BID,post_initial_bid,btc-updown-5m-1778788600,Down,0.5,20.0,,,,,,
1778788600000000,POST_BID,post_initial_bid,btc-updown-5m-1778788600,Down,0.5,20.0,,,,,,
1778788600000000,POST_BID,post_initial_bid,btc-updown-5m-1778788600,Down,0.5,20.0,,,,,,
1778788600000000,POST_BID,post_initial_bid,btc-updown-5m-1778788600,Up,0.5,20.0,,,,,,
1778788600000000,POST_BID,post_initial_bid,btc-updown-5m-1778788600,Down,0.5,20.0,,,,,,
1778788600000000,POST_BID,post_initial_bid,btc-updown-5m-1778788600,Up,0.5,20.0,,,,,,
1778788600000000,POST_BID,post_initial_bid,btc-updown-5m-1778788600,Up,0.5,20.0,,,,,,
1778788600000000,POST_BID,post_initial_bid,btc-updown-5m-1778788600,Down,0.5,20.0,,,,,,
1778788600000000,POST_BID,post_initial_bid,btc-updown-5m-1778788600,Down,0.5,20.0,,,,,,
1778788600000000,POST_BID,post_initial_bid,btc-updown-5m-1778788600,Down,0.5,20.0,,,,,,
1778788600000000,POST_BID,post_initial_bid,btc-updown-5m-1778788600,Up,0.5,20.0,,,,,,
1778788600000000,POST_BID,post_initial_bid,btc-updown-5m-1778788600,Up,0.5,20.0,,,,,,
1778788600000000,POST_BID,post_initial_bid,btc-updown-5m-1778788600,Down,0.5,20.0,,,,,,
1778788600000000,POST_BID,post_initial_bid,btc-updown-5m-1778788600,Up,0.5,20.0,,,,,,
1778788600000000,POST_BID,post_initial_bid,btc-updown-5m-1778788600,Down,0.5,20.0,,,,,,
1778788600000000,POST_BID,post_initial_bid,btc-updown-5m-1778788600,Up,0.5,20.0,,,,,,
1778788600000000,POST_BID,post_initial_bid,btc-updown-5m-1778788600,Up,0.5,20.0,,,,,,
1778788600000000,POST_BID,post_initial_bid,btc-updown-5m-1778788600,Down,0.5,20.0,,,,,,
1778788600000000,POST_BID,post_initial_bid,btc-updown-5m-1778788600,Down,0.5,20.0,,,,,,
1778788600000000,POST_BID,post_initial_bid,btc-updown-5m-1778788600,Up,0.5,20.0,,,,,,
1778788600000000,POST_BID,post_initial_bid,btc-updown-5m-1778788600,Down,0.5,20.0,,,,,,
1778788600000000,POST_BID,post_initial_bid,btc-updown-5m-1778788600,Up,0.5,20.0,,,,,,
1778788600000000,POST_BID,post_initial_bid,btc-updown-5m-1778788600,Up,0.5,20.0,,,,,,
1778788600000000,POST_BID,post_initial_bid,btc-updown-5m-1778788600,Down,0.5,20.0,,,,,,
1778788600000000,POST_BID,post_initial_bid,btc-updown-5m-1778788600,Up,0.5,20.0,,,,,,
1778788600000000,POST_BID,post_initial_bid,btc-updown-5m-1778788600,Down,0.5,20.0,,,,,,
1778788600000000,POST_BID,post_initial_bid,btc-updown-5m-1778788600,Down,0.5,20.0,,,,,,
1778788600000000,POST_BID,post_initial_bid,btc-updown-5m-1778788600,Down,0.5,20.0,,,,,,
1778788600000000,POST_BID,post_initial_bid,btc-updown-5m-1778788600,Down,0.5,20.0,,,,,,
1778788600000000,POST_BID,post_initial_bid,btc-updown-5m-1778788600,Down,0.5,20.0,,,,,,
1778788600000000,POST_BID,post_initial_bid,btc-updown-5m-1778788600,Down,0.5,20.0,,,,,,
1778788600000000,POST_BID,post_initial_bid,btc-updown-5m-1778788600,Up,0.5,20.0,,,,,,
1778788600000000,POST_BID,post_initial_bid,btc-updown-5m-1778788600,Up,0.5,20.0,,,,,,
1778788600000000,POST_BID,post_initial_bid,btc-updown-5m-1778788600,Down,0.5,20.0,,,,,,
1778788600000000,POST_BID,post_initial_bid,btc-updown-5m-1778788600,Up,0.5,20.0,,,,,,
1778788600000000,POST_BID,post_initial_bid,btc-updown-5m-1778788600,Down,0.5,20.0,,,,,,
1778788600000000,POST_BID,post_initial_bid,btc-updown-5m-1778788600,Up,0.5,20.0,,,,,,
1778788600000000,POST_BID,post_initial_bid,btc-updown-5m-1778788600,Down,0.5,20.0,,,,,,
1778788600000000,POST_BID,post_initial_bid,btc-updown-5m-1778788600,Down,0.5,20.0,,,,,,
1778788600000000,POST_BID,post_initial_bid,btc-updown-5m-1778788600,Down,0.5,20.0,,,,,,
1778788600000000,POST_BID,post_initial_bid,btc-updown-5m-1778788600,Up,0.5,20.0,,,,,,
1778788600000000,POST_BID,post_initial_bid,btc-updown-5m-1778788600,Up,0.5,20.0,,,,,,
1778788600000000,POST_BID,post_initial_bid,btc-updown-5m-1778788600,Down,0.5,20.0,,,,,,
1778788600000000,POST_BID,post_initial_bid,btc-updown-5m-1778788600,Up,0.5,20.0,,,,,,
1778788600000000,POST_BID,post_initial_bid,btc-updown-5m-1778788600,Down,0.5,20.0,,,,,,
1778788600000000,POST_BID,post_initial_bid,btc-updown-5m-1778788600,Up,0.5,20.0,,,,,,
1778788600000000,POST_BID,post_initial_bid,btc-updown-5m-1778788600,Up,0.5,20.0,,,,,,
1778788600000000,POST_BID,post_initial_bid,btc-updown-5m-1778788600,Up,0.5,20.0,,,,,,
1778788600000000,FILL,maker_bid_hit,btc-updown-5m-1778788600,Down,0.5,20.0,20.0,,,,,
1778788600000000,FILL,maker_bid_hit,btc-updown-5m-1778788600,Down,0.5,20.0,20.0,,,,,
1778788600000000,FILL,maker_bid_hit,btc-updown-5m-1778788600,Up,0.5,20.0,20.0,,,,,
1778788600000000,FILL,maker_bid_hit,btc-updown-5m-1778788600,Down,0.5,20.0,20.0,,,,,
1778788600000000,FILL,maker_bid_hit,btc-updown-5m-1778788600,Up,0.5,20.0,20.0,,,,,
1778788600000000,FILL,maker_bid_hit,btc-updown-5m-1778788600,Up,0.5,20.0,20.0,,,,,
1778788600000000,FILL,maker_bid_hit,btc-updown-5m-1778788600,Up,0.5,20.0,20.0,,,,,
1778788600000000,FILL,maker_bid_hit,btc-updown-5m-1778788600,Up,0.5,20.0,20.0,,,,,
1778788600000000,FILL,maker_bid_hit,btc-updown-5m-1778788600,Down,0.5,20.0,20.0,,,,,
1778788600000000,FILL,maker_bid_hit,btc-updown-5m-1778788600,Up,0.5,20.0,20.0,,,,,
1778788600000000,FILL,maker_bid_hit,btc-updown-5m-1778788600,Down,0.5,20.0,20.0,,,,,
1778788600000000,FILL,maker_bid_hit,btc-updown-5m-1778788600,Up,0.5,20.0,20.0,,,,,
1778788600000000,FILL,maker_bid_hit,btc-updown-5m-1778788600,Up,0.5,20.0,20.0,,,,,
1778788600000000,FILL,maker_bid_hit,btc-updown-5m-1778788600,Up,0.5,20.0,20.0,,,,,
1778788600000000,FILL,maker_bid_hit,btc-updown-5m-1778788600,Down,0.5,20.0,20.0,,,,,
1778788600000000,FILL,maker_bid_hit,btc-updown-5m-1778788600,Down,0.5,20.0,20.0,,,,,
1778788600000000,FILL,maker_bid_hit,btc-updown-5m-1778788600,Down,0.5,20.0,20.0,,,,,
1778788600000000,FILL,maker_bid_hit,btc-updown-5m-1778788600,Up,0.5,20.0,20.0,,,,,
1778788600000000,FILL,maker_bid_hit,btc-updown-5m-1778788600,Up,0.5,20.0,20.0,,,,,
1778788900000000,LOG_SLUG_COMPLETE,slug_resolved,btc-updown-5m-1778788600,,,,,Up,-5.7488,,,
1778788900000000,POST_BID,post_initial_bid,btc-updown-5m-1778788900,Down,0.5,20.0,,,,,,
1778788900000000,POST_BID,post_initial_bid,btc-updown-5m-1778788900,Down,0.5,20.0,,,,,,
1778788900000000,POST_BID,post_initial_bid,btc-updown-5m-1778788900,Down,0.5,20.0,,,,,,
1778788900000000,POST_BID,post_initial_bid,btc-updown-5m-1778788900,Up,0.5,20.0,,,,,,
1778788900000000,POST_BID,post_initial_bid,btc-updown-5m-1778788900,Up,0.5,20.0,,,,,,
1778788900000000,POST_BID,post_initial_bid,btc-updown-5m-1778788900,Down,0.5,20.0,,,,,,
1778788900000000,POST_BID,post_initial_bid,btc-updown-5m-1778788900,Down,0.5,20.0,,,,,,
1778788900000000,POST_BID,post_initial_bid,btc-updown-5m-1778788900,Down,0.5,20.0,,,,,,
1778788900000000,POST_BID,post_initial_bid,btc-updown-5m-1778788900,Down,0.5,20.0,,,,,,
1778788900000000,POST_BID,post_initial_bid,btc-updown-5m-1778788900,Up,0.5,20.0,,,,,,
1778788900000000,POST_BID,post_initial_bid,btc-updown-5m-1778788900,Down,0.5,20.0,,,,,,
1778788900000000,POST_BID,post_initial_bid,btc-updown-5m-1778788900,Down,0.5,20.0,,,,,,
1778788900000000,POST_BID,post_initial_bid,btc-updown-5m-1778788900,Down,0.5,20.0,,,,,,
1778788900000000,POST_BID,post_initial_bid,btc-updown-5m-1778788900,Down,0.5,20.0,,,,,,
1778788900000000,POST_BID,post_initial_bid,btc-updown-5m-1778788900,Up,0.5,20.0,,,,,,
1778788900000000,POST_BID,post_initial_bid,btc-updown-5m-1778788900,Up,0.5,20.0,,,,,,
1778788900000000,POST_BID,post_initial_bid,btc-updown-5m-1778788900,Up,0.5,20.0,,,,,,
1778788900000000,POST_BID,post_initial_bid,btc-updown-5m-1778788900,Down,0.5,20.0,,,,,,
1778788900000000,POST_BID,post_initial_bid,btc-updown-5m-1778788900,Down,0.5,20.0,,,,,,
1778788900000000,POST_BID,post_initial_bid,btc-updown-5m-1778788900,Down,0.5,20.0,,,,,,
1778788900000000,POST_BID,post_initial_bid,btc-updown-5m-1778788900,Up,0.5,20.0,,,,,,
1778788900000000,POST_BID,post_initial_bid,btc-updown-5m-1778788900,Down,0.5,20.0,,,,,,
1778788900000000,POST_BID,post_initial_bid,btc-updown-5m-1778788900,Up,0.5,20.0,,,,,,
1778788900000000,POST_BID,post_initial_bid,btc-updown-5m-1778788900,Up,0.5,20.0,,,,,,
1778788900000000,POST_BID,post_initial_bid,btc-updown-5m-1778788900,Up,0.5,20.0,,,,,,
1778788900000000,POST_BID,post_initial_bid,btc-updown-5m-1778788900,Down,0.5,20.0,,,,,,
1778788900000000,POST_BID,post_initial_bid,btc-updown-5m-1778788900,Down,0.5,20.0,,,,,,
1778788900000000,POST_BID,post_initial_bid,btc-updown-5m-1778788900,Up,0.5,20.0,,,,,,
1778788900000000,POST_BID,post_initial_bid,btc-updown-5m-1778788900,Up,0.5,20.0,,,,,,
1778788900000000,POST_BID,post_initial_bid,btc-updown-5m-1778788900,Up,0.5,20.0,,,,,,
1778788900000000,POST_BID,post_initial_bid,btc-updown-5m-1778788900,Down,0.5,20.0,,,,,,
1778788900000000,POST_BID,post_initial_bid,btc-updown-5m-1778788900,Up,0.5,20.0,,,,,,
1778788900000000,POST_BID,post_initial_bid,btc-updown-5m-1778788900,Down,0.5,20.0,,,,,,
1778788900000000,POST_BID,post_initial_bid,btc-updown-5m-1778788900,Down,0.5,20.0,,,,,,
1778788900000000,POST_BID,post_initial_bid,btc-updown-5m-1778788900,Up,0.5,20.0,,,,,,
1778788900000000,POST_BID,post_initial_bid,btc-updown-5m-1778788900,Up,0.5,20.0,,,,,,
1778788900000000,POST_BID,post_initial_bid,btc-updown-5m-1778788900,Up,0.5,20.0,,,,,,
1778788900000000,POST_BID,post_initial_bid,btc-updown-5m-1778788900,Up,0.5,20.0,,,,,,
1778788900000000,POST_BID,post_initial_bid,btc-updown-5m-1778788900,Up,0.5,20.0,,,,,,
1778788900000000,POST_BID,post_initial_bid,btc-updown-5m-1778788900,Down,0.5,20.0,,,,,,
1778788900000000,POST_BID,post_initial_bid,btc-updown-5m-1778788900,Up,0.5,20.0,,,,,,
1778788900000000,POST_BID,post_initial_bid,btc-updown-5m-1778788900,Up,0.5,20.0,,,,,,
1778788900000000,POST_BID,post_initial_bid,btc-updown-5m-1778788900,Down,0.5,20.0,,,,,,
1778788900000000,POST_BID,post_initial_bid,btc-updown-5m-1778788900,Down,0.5,20.0,,,,,,
1778788900000000,POST_BID,post_initial_bid,btc-updown-5m-1778788900,Down,0.5,20.0,,,,,,
1778788900000000,POST_BID,post_initial_bid,btc-updown-5m-1778788900,Down,0.5,20.0,,,,,,
1778788900000000,POST_BID,post_initial_bid,btc-updown-5m-1778788900,Up,0.5,20.0,,,,,,
1778788900000000,POST_BID,post_initial_bid,btc-updown-5m-1778788900,Down,0.5,20.0,,,,,,
1778788900000000,POST_BID,post_initial_bid,btc-updown-5m-1778788900,Up,0.5,20.0,,,,,,
1778788900000000,POST_BID,post_initial_bid,btc-updown-5m-1778788900,Up,0.5,20.0,,,,,,
1778788900000000,POST_BID,post_initial_bid,btc-updown-5m-1778788900,Down,0.5,20.0,,,,,,
1778788900000000,POST_BID,post_initial_bid,btc-updown-5m-1778788900,Up,0.5,20.0,,,,,,
1778788900000000,POST_BID,post_initial_bid,btc-updown-5m-1778788900,Down,0.5,20.0,,,,,,
1778788900000000,POST_BID,post_initial_bid,btc-updown-5m-1778788900,Down,0.5,20.0,,,,,,
1778788900000000,POST_BID,post_initial_bid,btc-updown-5m-1778788900,Up,0.5,20.0,,,,,,
1778788900000000,POST_BID,post_initial_bid,btc-updown-5m-1778788900,Down,0.5,20.0,,,,,,
1778788900000000,POST_BID,post_initial_bid,btc-updown-5m-1778788900,Up,0.5,20.0,,,,,,
1778788900000000,POST_BID,post_initial_bid,btc-updown-5m-1778788900,Up,0.5,20.0,,,,,,
1778788900000000,POST_BID,post_initial_bid,btc-updown-5m-1778788900,Down,0.5,20.0,,,,,,
1778788900000000,POST_BID,post_initial_bid,btc-updown-5m-1778788900,Up,0.5,20.0,,,,,,
1778788900000000,POST_BID,post_initial_bid,btc-updown-5m-1778788900,Up,0.5,20.0,,,,,,
1778788900000000,POST_BID,post_initial_bid,btc-updown-5m-1778788900,Up,0.5,20.0,,,,,,
1778788900000000,POST_BID,post_initial_bid,btc-updown-5m-1778788900,Down,0.5,20.0,,,,,,
1778788900000000,POST_BID,post_initial_bid,btc-updown-5m-1778788900,Up,0.5,20.0,,,,,,
1778788900000000,POST_BID,post_initial_bid,btc-updown-5m-1778788900,Down,0.5,20.0,,,,,,
1778788900000000,POST_BID,post_initial_bid,btc-updown-5m-1778788900,Down,0.5,20.0,,,,,,
1778788900000000,POST_BID,post_initial_bid,btc-updown-5m-1778788900,Down,0.5,20.0,,,,,,
1778788900000000,POST_BID,post_initial_bid,btc-updown-5m-1778788900,Up,0.5,20.0,,,,,,
1778788900000000,POST_BID,post_initial_bid,btc-updown-5m-1778788900,Up,0.5,20.0,,,,,,
1778788900000000,POST_BID,post_initial_bid,btc-updown-5m-1778788900,Down,0.5,20.0,,,,,,
1778788900000000,POST_BID,post_initial_bid,btc-updown-5m-1778788900,Down,0.5,20.0,,,,,,
1778788900000000,POST_BID,post_initial_bid,btc-updown-5m-1778788900,Down,0.5,20.0,,,,,,
1778788900000000,POST_BID,post_initial_bid,btc-updown-5m-1778788900,Up,0.5,20.0,,,,,,
1778788900000000,POST_BID,post_initial_bid,btc-updown-5m-1778788900,Up,0.5,20.0,,,,,,
1778788900000000,POST_BID,post_initial_bid,btc-updown-5m-1778788900,Down,0.5,20.0,,,,,,
1778788900000000,POST_BID,post_initial_bid,btc-updown-5m-1778788900,Up,0.5,20.0,,,,,,
1778788900000000,POST_BID,post_initial_bid,btc-updown-5m-1778788900,Up,0.5,20.0,,,,,,
1778788900000000,FILL,maker_bid_hit,btc-updown-5m-1778788900,Down,0.5,20.0,20.0,,,,,
1778788900000000,FILL,maker_bid_hit,btc-updown-5m-1778788900,Down,0.5,20.0,20.0,,,,,
1778788900000000,FILL,maker_bid_hit,btc-updown-5m-1778788900,Up,0.5,20.0,20.0,,,,,
1778788900000000,FILL,maker_bid_hit,btc-updown-5m-1778788900,Up,0.5,20.0,20.0,,,,,
1778788900000000,FILL,maker_bid_hit,btc-updown-5m-1778788900,Up,0.5,20.0,20.0,,,,,
1778788900000000,FILL,maker_bid_hit,btc-updown-5m-1778788900,Down,0.5,20.0,20.0,,,,,
1778788900000000,FILL,maker_bid_hit,btc-updown-5m-1778788900,Down,0.5,20.0,20.0,,,,,
1778788900000000,FILL,maker_bid_hit,btc-updown-5m-1778788900,Up,0.5,20.0,20.0,,,,,
1778788900000000,FILL,maker_bid_hit,btc-updown-5m-1778788900,Down,0.5,20.0,20.0,,,,,
1778788900000000,FILL,maker_bid_hit,btc-updown-5m-1778788900,Up,0.5,20.0,20.0,,,,,
1778788900000000,FILL,maker_bid_hit,btc-updown-5m-1778788900,Down,0.5,20.0,20.0,,,,,
1778788900000000,FILL,maker_bid_hit,btc-updown-5m-1778788900,Up,0.5,20.0,20.0,,,,,
1778788900000000,FILL,maker_bid_hit,btc-updown-5m-1778788900,Down,0.5,20.0,20.0,,,,,
1778788900000000,FILL,maker_bid_hit,btc-updown-5m-1778788900,Down,0.5,20.0,20.0,,,,,
1778788900000000,FILL,maker_bid_hit,btc-updown-5m-1778788900,Up,0.5,20.0,20.0,,,,,
1778788900000000,FILL,maker_bid_hit,btc-updown-5m-1778788900,Down,0.5,20.0,20.0,,,,,
1778788900000000,FILL,maker_bid_hit,btc-updown-5m-1778788900,Down,0.5,20.0,20.0,,,,,
1778789200000000,LOG_SLUG_COMPLETE,slug_resolved,btc-updown-5m-1778788900,,,,,Down,5.4003,,,
1778789200000000,POST_BID,post_initial_bid,btc-updown-5m-1778789200,Up,0.5,20.0,,,,,,
1778789200000000,POST_BID,post_initial_bid,btc-updown-5m-1778789200,Down,0.5,20.0,,,,,,
1778789200000000,POST_BID,post_initial_bid,btc-updown-5m-1778789200,Down,0.5,20.0,,,,,,
1778789200000000,POST_BID,post_initial_bid,btc-updown-5m-1778789200,Down,0.5,20.0,,,,,,
1778789200000000,POST_BID,post_initial_bid,btc-updown-5m-1778789200,Up,0.5,20.0,,,,,,
1778789200000000,POST_BID,post_initial_bid,btc-updown-5m-1778789200,Up,0.5,20.0,,,,,,
1778789200000000,POST_BID,post_initial_bid,btc-updown-5m-1778789200,Down,0.5,20.0,,,,,,
1778789200000000,POST_BID,post_initial_bid,btc-updown-5m-1778789200,Up,0.5,20.0,,,,,,
1778789200000000,POST_BID,post_initial_bid,btc-updown-5m-1778789200,Up,0.5,20.0,,,,,,
1778789200000000,POST_BID,post_initial_bid,btc-updown-5m-1778789200,Down,0.5,20.0,,,,,,
1778789200000000,POST_BID,post_initial_bid,btc-updown-5m-1778789200,Up,0.5,20.0,,,,,,
1778789200000000,POST_BID,post_initial_bid,btc-updown-5m-1778789200,Down,0.5,20.0,,,,,,
1778789200000000,POST_BID,post_initial_bid,btc-updown-5m-1778789200,Up,0.5,20.0,,,,,,
1778789200000000,POST_BID,post_initial_bid,btc-updown-5m-1778789200,Down,0.5,20.0,,,,,,
1778789200000000,POST_BID,post_initial_bid,btc-updown-5m-1778789200,Up,0.5,20.0,,,,,,
1778789200000000,POST_BID,post_initial_bid,btc-updown-5m-1778789200,Up,0.5,20.0,,,,,,
1778789200000000,POST_BID,post_initial_bid,btc-updown-5m-1778789200,Up,0.5,20.0,,,,,,
1778789200000000,POST_BID,post_initial_bid,btc-updown-5m-1778789200,Up,0.5,20.0,,,,,,
1778789200000000,POST_BID,post_initial_bid,btc-updown-5m-1778789200,Up,0.5,20.0,,,,,,
1778789200000000,POST_BID,post_initial_bid,btc-updown-5m-1778789200,Up,0.5,20.0,,,,,,
1778789200000000,POST_BID,post_initial_bid,btc-updown-5m-1778789200,Up,0.5,20.0,,,,,,
1778789200000000,POST_BID,post_initial_bid,btc-updown-5m-1778789200,Down,0.5,20.0,,,,,,
1778789200000000,POST_BID,post_initial_bid,btc-updown-5m-1778789200,Up,0.5,20.0,,,,,,
1778789200000000,POST_BID,post_initial_bid,btc-updown-5m-1778789200,Up,0.5,20.0,,,,,,
1778789200000000,POST_BID,post_initial_bid,btc-updown-5m-1778789200,Up,0.5,20.0,,,,,,
1778789200000000,POST_BID,post_initial_bid,btc-updown-5m-1778789200,Down,0.5,20.0,,,,,,
1778789200000000,POST_BID,post_initial_bid,btc-updown-5m-1778789200,Up,0.5,20.0,,,,,,
1778789200000000,POST_BID,post_initial_bid,btc-updown-5m-1778789200,Up,0.5,20.0,,,,,,
1778789200000000,POST_BID,post_initial_bid,btc-updown-5m-1778789200,Up,0.5,20.0,,,,,,
1778789200000000,POST_BID,post_initial_bid,btc-updown-5m-1778789200,Up,0.5,20.0,,,,,,
1778789200000000,POST_BID,post_initial_bid,btc-updown-5m-1778789200,Up,0.5,20.0,,,,,,
1778789200000000,POST_BID,post_initial_bid,btc-updown-5m-1778789200,Down,0.5,20.0,,,,,,
1778789200000000,POST_BID,post_initial_bid,btc-updown-5m-1778789200,Up,0.5,20.0,,,,,,
1778789200000000,POST_BID,post_initial_bid,btc-updown-5m-1778789200,Up,0.5,20.0,,,,,,
1778789200000000,POST_BID,post_initial_bid,btc-updown-5m-1778789200,Down,0.5,20.0,,,,,,
1778789200000000,POST_BID,post_initial_bid,btc-updown-5m-1778789200,Down,0.5,20.0,,,,,,
1778789200000000,POST_BID,post_initial_bid,btc-updown-5m-1778789200,Down,0.5,20.0,,,,,,
1778789200000000,POST_BID,post_initial_bid,btc-updown-5m-1778789200,Down,0.5,20.0,,,,,,
1778789200000000,POST_BID,post_initial_bid,btc-updown-5m-1778789200,Down,0.5,20.0,,,,,,
1778789200000000,POST_BID,post_initial_bid,btc-updown-5m-1778789200,Down,0.5,20.0,,,,,,
1778789200000000,POST_BID,post_initial_bid,btc-updown-5m-1778789200,Up,0.5,20.0,,,,,,
1778789200000000,POST_BID,post_initial_bid,btc-updown-5m-1778789200,Up,0.5,20.0,,,,,,
1778789200000000,POST_BID,post_initial_bid,btc-updown-5m-1778789200,Up,0.5,20.0,,,,,,
1778789200000000,POST_BID,post_initial_bid,btc-updown-5m-1778789200,Up,0.5,20.0,,,,,,
1778789200000000,POST_BID,post_initial_bid,btc-updown-5m-1778789200,Up,0.5,20.0,,,,,,
1778789200000000,POST_BID,post_initial_bid,btc-updown-5m-1778789200,Up,0.5,20.0,,,,,,
1778789200000000,POST_BID,post_initial_bid,btc-updown-5m-1778789200,Up,0.5,20.0,,,,,,
1778789200000000,POST_BID,post_initial_bid,btc-updown-5m-1778789200,Up,0.5,20.0,,,,,,
1778789200000000,POST_BID,post_initial_bid,btc-updown-5m-1778789200,Down,0.5,20.0,,,,,,
1778789200000000,POST_BID,post_initial_bid,btc-updown-5m-1778789200,Up,0.5,20.0,,,,,,
1778789200000000,POST_BID,post_initial_bid,btc-updown-5m-1778789200,Down,0.5,20.0,,,,,,
1778789200000000,POST_BID,post_initial_bid,btc-updown-5m-1778789200,Up,0.5,20.0,,,,,,
1778789200000000,POST_BID,post_initial_bid,btc-updown-5m-1778789200,Up,0.5,20.0,,,,,,
1778789200000000,POST_BID,post_initial_bid,btc-updown-5m-1778789200,Down,0.5,20.0,,,,,,
1778789200000000,POST_BID,post_initial_bid,btc-updown-5m-1778789200,Up,0.5,20.0,,,,,,
1778789200000000,POST_BID,post_initial_bid,btc-updown-5m-1778789200,Up,0.5,20.0,,,,,,
1778789200000000,POST_BID,post_initial_bid,btc-updown-5m-1778789200,Up,0.5,20.0,,,,,,
1778789200000000,POST_BID,post_initial_bid,btc-updown-5m-1778789200,Up,0.5,20.0,,,,,,
1778789200000000,POST_BID,post_initial_bid,btc-updown-5m-1778789200,Up,0.5,20.0,,,,,,
1778789200000000,POST_BID,post_initial_bid,btc-updown-5m-1778789200,Up,0.5,20.0,,,,,,
1778789200000000,POST_BID,post_initial_bid,btc-updown-5m-1778789200,Up,0.5,20.0,,,,,,
1778789200000000,POST_BID,post_initial_bid,btc-updown-5m-1778789200,Up,0.5,20.0,,,,,,
1778789200000000,POST_BID,post_initial_bid,btc-updown-5m-1778789200,Down,0.5,20.0,,,,,,
1778789200000000,POST_BID,post_initial_bid,btc-updown-5m-1778789200,Up,0.5,20.0,,,,,,
1778789200000000,POST_BID,post_initial_bid,btc-updown-5m-1778789200,Down,0.5,20.0,,,,,,
1778789200000000,POST_BID,post_initial_bid,btc-updown-5m-1778789200,Down,0.5,20.0,,,,,,
1778789200000000,POST_BID,post_initial_bid,btc-updown-5m-1778789200,Up,0.5,20.0,,,,,,
1778789200000000,POST_BID,post_initial_bid,btc-updown-5m-1778789200,Up,0.5,20.0,,,,,,
1778789200000000,POST_BID,post_initial_bid,btc-updown-5m-1778789200,Down,0.5,20.0,,,,,,
1778789200000000,POST_BID,post_initial_bid,btc-updown-5m-1778789200,Down,0.5,20.0,,,,,,
1778789200000000,POST_BID,post_initial_bid,btc-updown-5m-1778789200,Down,0.5,20.0,,,,,,
1778789200000000,POST_BID,post_initial_bid,btc-updown-5m-1778789200,Down,0.5,20.0,,,,,,
1778789200000000,POST_BID,post_initial_bid,btc-updown-5m-1778789200,Down,0.5,20.0,,,,,,
1778789200000000,POST_BID,post_initial_bid,btc-updown-5m-1778789200,Down,0.5,20.0,,,,,,
1778789200000000,POST_BID,post_initial_bid,btc-updown-5m-1778789200,Down,0.5,20.0,,,,,,
1778789200000000,POST_BID,post_initial_bid,btc-updown-5m-1778789200,Up,0.5,20.0,,,,,,
1778789200000000,POST_BID,post_initial_bid,btc-updown-5m-1778789200,Up,0.5,20.0,,,,,,
1778789200000000,POST_BID,post_initial_bid,btc-updown-5m-1778789200,Up,0.5,20.0,,,,,,
1778789200000000,POST_BID,post_initial_bid,btc-updown-5m-1778789200,Up,0.5,20.0,,,,,,
1778789200000000,POST_BID,post_initial_bid,btc-updown-5m-1778789200,Down,0.5,20.0,,,,,,
1778789200000000,POST_BID,post_initial_bid,btc-updown-5m-1778789200,Down,0.5,20.0,,,,,,
1778789200000000,POST_BID,post_initial_bid,btc-updown-5m-1778789200,Up,0.5,20.0,,,,,,
1778789200000000,POST_BID,post_initial_bid,btc-updown-5m-1778789200,Up,0.5,20.0,,,,,,
1778789200000000,POST_BID,post_initial_bid,btc-updown-5m-1778789200,Up,0.5,20.0,,,,,,
1778789200000000,POST_BID,post_initial_bid,btc-updown-5m-1778789200,Down,0.5,20.0,,,,,,
1778789200000000,POST_BID,post_initial_bid,btc-updown-5m-1778789200,Up,0.5,20.0,,,,,,
1778789200000000,POST_BID,post_initial_bid,btc-updown-5m-1778789200,Down,0.5,20.0,,,,,,
1778789200000000,POST_BID,post_initial_bid,btc-updown-5m-1778789200,Up,0.5,20.0,,,,,,
1778789200000000,POST_BID,post_initial_bid,btc-updown-5m-1778789200,Down,0.5,20.0,,,,,,
1778789200000000,POST_BID,post_initial_bid,btc-updown-5m-1778789200,Up,0.5,20.0,,,,,,
1778789200000000,POST_BID,post_initial_bid,btc-updown-5m-1778789200,Down,0.5,20.0,,,,,,
1778789200000000,POST_BID,post_initial_bid,btc-updown-5m-1778789200,Up,0.5,20.0,,,,,,
1778789200000000,POST_BID,post_initial_bid,btc-updown-5m-1778789200,Down,0.5,20.0,,,,,,
1778789200000000,FILL,maker_bid_hit,btc-updown-5m-1778789200,Up,0.5,20.0,20.0,,,,,
1778789200000000,FILL,maker_bid_hit,btc-updown-5m-1778789200,Up,0.5,20.0,20.0,,,,,
1778789200000000,FILL,maker_bid_hit,btc-updown-5m-1778789200,Down,0.5,20.0,20.0,,,,,
1778789200000000,FILL,maker_bid_hit,btc-updown-5m-1778789200,Down,0.5,20.0,20.0,,,,,
1778789200000000,FILL,maker_bid_hit,btc-updown-5m-1778789200,Up,0.5,20.0,20.0,,,,,
1778789200000000,FILL,maker_bid_hit,btc-updown-5m-1778789200,Up,0.5,20.0,20.0,,,,,
1778789200000000,FILL,maker_bid_hit,btc-updown-5m-1778789200,Up,0.5,20.0,20.0,,,,,
1778789200000000,FILL,maker_bid_hit,btc-updown-5m-1778789200,Up,0.5,20.0,20.0,,,,,
1778789200000000,FILL,maker_bid_hit,btc-updown-5m-1778789200,Down,0.5,20.0,20.0,,,,,
1778789200000000,FILL,maker_bid_hit,btc-updown-5m-1778789200,Up,0.5,20.0,20.0,,,,,
1778789200000000,FILL,maker_bid_hit,btc-updown-5m-1778789200,Up,0.5,20.0,20.0,,,,,
1778789500000000,LOG_SLUG_COMPLETE,slug_resolved,btc-updown-5m-1778789200,,,,,Down,0.7737,,,
1778789500000000,POST_BID,post_initial_bid,btc-updown-5m-1778789500,Down,0.5,20.0,,,,,,
1778789500000000,POST_BID,post_initial_bid,btc-updown-5m-1778789500,Up,0.5,20.0,,,,,,
1778789500000000,POST_BID,post_initial_bid,btc-updown-5m-1778789500,Up,0.5,20.0,,,,,,
1778789500000000,POST_BID,post_initial_bid,btc-updown-5m-1778789500,Down,0.5,20.0,,,,,,
1778789500000000,POST_BID,post_initial_bid,btc-updown-5m-1778789500,Down,0.5,20.0,,,,,,
1778789500000000,POST_BID,post_initial_bid,btc-updown-5m-1778789500,Down,0.5,20.0,,,,,,
1778789500000000,POST_BID,post_initial_bid,btc-updown-5m-1778789500,Up,0.5,20.0,,,,,,
1778789500000000,POST_BID,post_initial_bid,btc-updown-5m-1778789500,Down,0.5,20.0,,,,,,
1778789500000000,POST_BID,post_initial_bid,btc-updown-5m-1778789500,Down,0.5,20.0,,,,,,
1778789500000000,POST_BID,post_initial_bid,btc-updown-5m-1778789500,Down,0.5,20.0,,,,,,
1778789500000000,POST_BID,post_initial_bid,btc-updown-5m-1778789500,Down,0.5,20.0,,,,,,
1778789500000000,POST_BID,post_initial_bid,btc-updown-5m-1778789500,Up,0.5,20.0,,,,,,
1778789500000000,POST_BID,post_initial_bid,btc-updown-5m-1778789500,Up,0.5,20.0,,,,,,
1778789500000000,POST_BID,post_initial_bid,btc-updown-5m-1778789500,Down,0.5,20.0,,,,,,
1778789500000000,POST_BID,post_initial_bid,btc-updown-5m-1778789500,Up,0.5,20.0,,,,,,
1778789500000000,POST_BID,post_initial_bid,btc-updown-5m-1778789500,Down,0.5,20.0,,,,,,
1778789500000000,POST_BID,post_initial_bid,btc-updown-5m-1778789500,Down,0.5,20.0,,,,,,
1778789500000000,POST_BID,post_initial_bid,btc-updown-5m-1778789500,Up,0.5,20.0,,,,,,
1778789500000000,POST_BID,post_initial_bid,btc-updown-5m-1778789500,Down,0.5,20.0,,,,,,
1778789500000000,POST_BID,post_initial_bid,btc-updown-5m-1778789500,Down,0.5,20.0,,,,,,
1778789500000000,POST_BID,post_initial_bid,btc-updown-5m-1778789500,Down,0.5,20.0,,,,,,
1778789500000000,POST_BID,post_initial_bid,btc-updown-5m-1778789500,Down,0.5,20.0,,,,,,
1778789500000000,POST_BID,post_initial_bid,btc-updown-5m-1778789500,Down,0.5,20.0,,,,,,
1778789500000000,POST_BID,post_initial_bid,btc-updown-5m-1778789500,Down,0.5,20.0,,,,,,
1778789500000000,POST_BID,post_initial_bid,btc-updown-5m-1778789500,Down,0.5,20.0,,,,,,
1778789500000000,POST_BID,post_initial_bid,btc-updown-5m-1778789500,Down,0.5,20.0,,,,,,
1778789500000000,POST_BID,post_initial_bid,btc-updown-5m-1778789500,Down,0.5,20.0,,,,,,
1778789500000000,POST_BID,post_initial_bid,btc-updown-5m-1778789500,Up,0.5,20.0,,,,,,
1778789500000000,POST_BID,post_initial_bid,btc-updown-5m-1778789500,Down,0.5,20.0,,,,,,
1778789500000000,POST_BID,post_initial_bid,btc-updown-5m-1778789500,Up,0.5,20.0,,,,,,
1778789500000000,POST_BID,post_initial_bid,btc-updown-5m-1778789500,Up,0.5,20.0,,,,,,
1778789500000000,POST_BID,post_initial_bid,btc-updown-5m-1778789500,Up,0.5,20.0,,,,,,
1778789500000000,POST_BID,post_initial_bid,btc-updown-5m-1778789500,Up,0.5,20.0,,,,,,
1778789500000000,POST_BID,post_initial_bid,btc-updown-5m-1778789500,Down,0.5,20.0,,,,,,
1778789500000000,POST_BID,post_initial_bid,btc-updown-5m-1778789500,Down,0.5,20.0,,,,,,
1778789500000000,POST_BID,post_initial_bid,btc-updown-5m-1778789500,Down,0.5,20.0,,,,,,
1778789500000000,POST_BID,post_initial_bid,btc-updown-5m-1778789500,Down,0.5,20.0,,,,,,
1778789500000000,POST_BID,post_initial_bid,btc-updown-5m-1778789500,Up,0.5,20.0,,,,,,
1778789500000000,POST_BID,post_initial_bid,btc-updown-5m-1778789500,Down,0.5,20.0,,,,,,
1778789500000000,POST_BID,post_initial_bid,btc-updown-5m-1778789500,Down,0.5,20.0,,,,,,
1778789500000000,POST_BID,post_initial_bid,btc-updown-5m-1778789500,Up,0.5,20.0,,,,,,
1778789500000000,POST_BID,post_initial_bid,btc-updown-5m-1778789500,Down,0.5,20.0,,,,,,
1778789500000000,POST_BID,post_initial_bid,btc-updown-5m-1778789500,Down,0.5,20.0,,,,,,
1778789500000000,POST_BID,post_initial_bid,btc-updown-5m-1778789500,Down,0.5,20.0,,,,,,
1778789500000000,POST_BID,post_initial_bid,btc-updown-5m-1778789500,Down,0.5,20.0,,,,,,
1778789500000000,POST_BID,post_initial_bid,btc-updown-5m-1778789500,Up,0.5,20.0,,,,,,
1778789500000000,POST_BID,post_initial_bid,btc-updown-5m-1778789500,Up,0.5,20.0,,,,,,
1778789500000000,POST_BID,post_initial_bid,btc-updown-5m-1778789500,Up,0.5,20.0,,,,,,
1778789500000000,POST_BID,post_initial_bid,btc-updown-5m-1778789500,Down,0.5,20.0,,,,,,
1778789500000000,POST_BID,post_initial_bid,btc-updown-5m-1778789500,Up,0.5,20.0,,,,,,
1778789500000000,POST_BID,post_initial_bid,btc-updown-5m-1778789500,Up,0.5,20.0,,,,,,
1778789500000000,POST_BID,post_initial_bid,btc-updown-5m-1778789500,Up,0.5,20.0,,,,,,
1778789500000000,POST_BID,post_initial_bid,btc-updown-5m-1778789500,Up,0.5,20.0,,,,,,
1778789500000000,POST_BID,post_initial_bid,btc-updown-5m-1778789500,Up,0.5,20.0,,,,,,
1778789500000000,POST_BID,post_initial_bid,btc-updown-5m-1778789500,Up,0.5,20.0,,,,,,
1778789500000000,POST_BID,post_initial_bid,btc-updown-5m-1778789500,Down,0.5,20.0,,,,,,
1778789500000000,POST_BID,post_initial_bid,btc-updown-5m-1778789500,Up,0.5,20.0,,,,,,
1778789500000000,POST_BID,post_initial_bid,btc-updown-5m-1778789500,Down,0.5,20.0,,,,,,
1778789500000000,POST_BID,post_initial_bid,btc-updown-5m-1778789500,Up,0.5,20.0,,,,,,
1778789500000000,POST_BID,post_initial_bid,btc-updown-5m-1778789500,Up,0.5,20.0,,,,,,
1778789500000000,POST_BID,post_initial_bid,btc-updown-5m-1778789500,Down,0.5,20.0,,,,,,
1778789500000000,POST_BID,post_initial_bid,btc-updown-5m-1778789500,Down,0.5,20.0,,,,,,
1778789500000000,POST_BID,post_initial_bid,btc-updown-5m-1778789500,Down,0.5,20.0,,,,,,
1778789500000000,POST_BID,post_initial_bid,btc-updown-5m-1778789500,Up,0.5,20.0,,,,,,
1778789500000000,POST_BID,post_initial_bid,btc-updown-5m-1778789500,Down,0.5,20.0,,,,,,
1778789500000000,POST_BID,post_initial_bid,btc-updown-5m-1778789500,Up,0.5,20.0,,,,,,
1778789500000000,POST_BID,post_initial_bid,btc-updown-5m-1778789500,Down,0.5,20.0,,,,,,
1778789500000000,POST_BID,post_initial_bid,btc-updown-5m-1778789500,Down,0.5,20.0,,,,,,
1778789500000000,POST_BID,post_initial_bid,btc-updown-5m-1778789500,Up,0.5,20.0,,,,,,
1778789500000000,POST_BID,post_initial_bid,btc-updown-5m-1778789500,Up,0.5,20.0,,,,,,
1778789500000000,POST_BID,post_initial_bid,btc-updown-5m-1778789500,Down,0.5,20.0,,,,,,
1778789500000000,POST_BID,post_initial_bid,btc-updown-5m-1778789500,Up,0.5,20.0,,,,,,
1778789500000000,POST_BID,post_initial_bid,btc-updown-5m-1778789500,Up,0.5,20.0,,,,,,
1778789500000000,POST_BID,post_initial_bid,btc-updown-5m-1778789500,Up,0.5,20.0,,,,,,
1778789500000000,POST_BID,post_initial_bid,btc-updown-5m-1778789500,Down,0.5,20.0,,,,,,
1778789500000000,POST_BID,post_initial_bid,btc-updown-5m-1778789500,Down,0.5,20.0,,,,,,
1778789500000000,POST_BID,post_initial_bid,btc-updown-5m-1778789500,Down,0.5,20.0,,,,,,
1778789500000000,POST_BID,post_initial_bid,btc-updown-5m-1778789500,Down,0.5,20.0,,,,,,
1778789500000000,POST_BID,post_initial_bid,btc-updown-5m-1778789500,Down,0.5,20.0,,,,,,
1778789500000000,POST_BID,post_initial_bid,btc-updown-5m-1778789500,Up,0.5,20.0,,,,,,
1778789500000000,POST_BID,post_initial_bid,btc-updown-5m-1778789500,Up,0.5,20.0,,,,,,
1778789500000000,POST_BID,post_initial_bid,btc-updown-5m-1778789500,Down,0.5,20.0,,,,,,
1778789500000000,POST_BID,post_initial_bid,btc-updown-5m-1778789500,Up,0.5,20.0,,,,,,
1778789500000000,FILL,maker_bid_hit,btc-updown-5m-1778789500,Down,0.5,20.0,20.0,,,,,
1778789500000000,FILL,maker_bid_hit,btc-updown-5m-1778789500,Up,0.5,20.0,20.0,,,,,
1778789500000000,FILL,maker_bid_hit,btc-updown-5m-1778789500,Up,0.5,20.0,20.0,,,,,
1778789500000000,FILL,maker_bid_hit,btc-updown-5m-1778789500,Up,0.5,20.0,20.0,,,,,
1778789500000000,FILL,maker_bid_hit,btc-updown-5m-1778789500,Down,0.5,20.0,20.0,,,,,
1778789500000000,FILL,maker_bid_hit,btc-updown-5m-1778789500,Up,0.5,20.0,20.0,,,,,
1778789500000000,FILL,maker_bid_hit,btc-updown-5m-1778789500,Down,0.5,20.0,20.0,,,,,
1778789500000000,FILL,maker_bid_hit,btc-updown-5m-1778789500,Down,0.5,20.0,20.0,,,,,
1778789500000000,TAKE,pat_pair_cost=1.0027,btc-updown-5m-1778789500,BOTH,1.0027465306145151,20.0,,,,20.0,0.0,1.0027465306145151
1778789800000000,LOG_SLUG_COMPLETE,slug_resolved,btc-updown-5m-1778789500,,,,,Down,-6.2292,,,
1778789800000000,POST_BID,post_initial_bid,btc-updown-5m-1778789800,Down,0.5,20.0,,,,,,
1778789800000000,POST_BID,post_initial_bid,btc-updown-5m-1778789800,Down,0.5,20.0,,,,,,
1778789800000000,POST_BID,post_initial_bid,btc-updown-5m-1778789800,Up,0.5,20.0,,,,,,
1778789800000000,POST_BID,post_initial_bid,btc-updown-5m-1778789800,Up,0.5,20.0,,,,,,
1778789800000000,POST_BID,post_initial_bid,btc-updown-5m-1778789800,Up,0.5,20.0,,,,,,
1778789800000000,POST_BID,post_initial_bid,btc-updown-5m-1778789800,Up,0.5,20.0,,,,,,
1778789800000000,POST_BID,post_initial_bid,btc-updown-5m-1778789800,Down,0.5,20.0,,,,,,
1778789800000000,POST_BID,post_initial_bid,btc-updown-5m-1778789800,Down,0.5,20.0,,,,,,
1778789800000000,POST_BID,post_initial_bid,btc-updown-5m-1778789800,Up,0.5,20.0,,,,,,
1778789800000000,POST_BID,post_initial_bid,btc-updown-5m-1778789800,Down,0.5,20.0,,,,,,
1778789800000000,POST_BID,post_initial_bid,btc-updown-5m-1778789800,Up,0.5,20.0,,,,,,
1778789800000000,POST_BID,post_initial_bid,btc-updown-5m-1778789800,Down,0.5,20.0,,,,,,
1778789800000000,POST_BID,post_initial_bid,btc-updown-5m-1778789800,Down,0.5,20.0,,,,,,
1778789800000000,POST_BID,post_initial_bid,btc-updown-5m-1778789800,Up,0.5,20.0,,,,,,
1778789800000000,POST_BID,post_initial_bid,btc-updown-5m-1778789800,Up,0.5,20.0,,,,,,
1778789800000000,POST_BID,post_initial_bid,btc-updown-5m-1778789800,Up,0.5,20.0,,,,,,
1778789800000000,POST_BID,post_initial_bid,btc-updown-5m-1778789800,Down,0.5,20.0,,,,,,
1778789800000000,POST_BID,post_initial_bid,btc-updown-5m-1778789800,Down,0.5,20.0,,,,,,
1778789800000000,POST_BID,post_initial_bid,btc-updown-5m-1778789800,Down,0.5,20.0,,,,,,
1778789800000000,POST_BID,post_initial_bid,btc-updown-5m-1778789800,Up,0.5,20.0,,,,,,
1778789800000000,POST_BID,post_initial_bid,btc-updown-5m-1778789800,Down,0.5,20.0,,,,,,
1778789800000000,POST_BID,post_initial_bid,btc-updown-5m-1778789800,Up,0.5,20.0,,,,,,
1778789800000000,POST_BID,post_initial_bid,btc-updown-5m-1778789800,Down,0.5,20.0,,,,,,
1778789800000000,POST_BID,post_initial_bid,btc-updown-5m-1778789800,Down,0.5,20.0,,,,,,
1778789800000000,POST_BID,post_initial_bid,btc-updown-5m-1778789800,Up,0.5,20.0,,,,,,
1778789800000000,POST_BID,post_initial_bid,btc-updown-5m-1778789800,Down,0.5,20.0,,,,,,
1778789800000000,POST_BID,post_initial_bid,btc-updown-5m-1778789800,Down,0.5,20.0,,,,,,
1778789800000000,POST_BID,post_initial_bid,btc-updown-5m-1778789800,Down,0.5,20.0,,,,,,
1778789800000000,POST_BID,post_initial_bid,btc-updown-5m-1778789800,Down,0.5,20.0,,,,,,
1778789800000000,POST_BID,post_initial_bid,btc-updown-5m-1778789800,Up,0.5,20.0,,,,,,
1778789800000000,POST_BID,post_initial_bid,btc-updown-5m-1778789800,Up,0.5,20.0,,,,,,
1778789800000000,POST_BID,post_initial_bid,btc-updown-5m-1778789800,Down,0.5,20.0,,,,,,
1778789800000000,POST_BID,post_initial_bid,btc-updown-5m-1778789800,Up,0.5,20.0,,,,,,
1778789800000000,POST_BID,post_initial_bid,btc-updown-5m-1778789800,Up,0.5,20.0,,,,,,
1778789800000000,POST_BID,post_initial_bid,btc-updown-5m-1778789800,Up,0.5,20.0,,,,,,
1778789800000000,POST_BID,post_initial_bid,btc-updown-5m-1778789800,Down,0.5,20.0,,,,,,
1778789800000000,POST_BID,post_initial_bid,btc-updown-5m-1778789800,Down,0.5,20.0,,,,,,
1778789800000000,POST_BID,post_initial_bid,btc-updown-5m-1778789800,Up,0.5,20.0,,,,,,
1778789800000000,POST_BID,post_initial_bid,btc-updown-5m-1778789800,Down,0.5,20.0,,,,,,
1778789800000000,POST_BID,post_initial_bid,btc-updown-5m-1778789800,Up,0.5,20.0,,,,,,
1778789800000000,POST_BID,post_initial_bid,btc-updown-5m-1778789800,Down,0.5,20.0,,,,,,
1778789800000000,POST_BID,post_initial_bid,btc-updown-5m-1778789800,Down,0.5,20.0,,,,,,
1778789800000000,POST_BID,post_initial_bid,btc-updown-5m-1778789800,Up,0.5,20.0,,,,,,
1778789800000000,POST_BID,post_initial_bid,btc-updown-5m-1778789800,Down,0.5,20.0,,,,,,
1778789800000000,POST_BID,post_initial_bid,btc-updown-5m-1778789800,Down,0.5,20.0,,,,,,
1778789800000000,POST_BID,post_initial_bid,btc-updown-5m-1778789800,Up,0.5,20.0,,,,,,
1778789800000000,POST_BID,post_initial_bid,btc-updown-5m-1778789800,Down,0.5,20.0,,,,,,
1778789800000000,POST_BID,post_initial_bid,btc-updown-5m-1778789800,Down,0.5,20.0,,,,,,
1778789800000000,POST_BID,post_initial_bid,btc-updown-5m-1778789800,Up,0.5,20.0,,,,,,
1778789800000000,POST_BID,post_initial_bid,btc-updown-5m-1778789800,Down,0.5,20.0,,,,,,
1778789800000000,POST_BID,post_initial_bid,btc-updown-5m-1778789800,Up,0.5,20.0,,,,,,
1778789800000000,POST_BID,post_initial_bid,btc-updown-5m-1778789800,Down,0.5,20.0,,,,,,
1778789800000000,POST_BID,post_initial_bid,btc-updown-5m-1778789800,Up,0.5,20.0,,,,,,
1778789800000000,POST_BID,post_initial_bid,btc-updown-5m-1778789800,Up,0.5,20.0,,,,,,
1778789800000000,POST_BID,post_initial_bid,btc-updown-5m-1778789800,Up,0.5,20.0,,,,,,
1778789800000000,POST_BID,post_initial_bid,btc-updown-5m-1778789800,Up,0.5,20.0,,,,,,
1778789800000000,POST_BID,post_initial_bid,btc-updown-5m-1778789800,Down,0.5,20.0,,,,,,
1778789800000000,POST_BID,post_initial_bid,btc-updown-5m-1778789800,Up,0.5,20.0,,,,,,
1778789800000000,POST_BID,post_initial_bid,btc-updown-5m-1778789800,Up,0.5,20.0,,,,,,
1778789800000000,POST_BID,post_initial_bid,btc-updown-5m-1778789800,Down,0.5,20.0,,,,,,
1778789800000000,POST_BID,post_initial_bid,btc-updown-5m-1778789800,Down,0.5,20.0,,,,,,
1778789800000000,POST_BID,post_initial_bid,btc-updown-5m-1778789800,Down,0.5,20.0,,,,,,
1778789800000000,POST_BID,post_initial_bid,btc-updown-5m-1778789800,Down,0.5,20.0,,,,,,
1778789800000000,POST_BID,post_initial_bid,btc-updown-5m-1778789800,Down,0.5,20.0,,,,,,
1778789800000000,POST_BID,post_initial_bid,btc-updown-5m-1778789800,Up,0.5,20.0,,,,,,
1778789800000000,POST_BID,post_initial_bid,btc-updown-5m-1778789800,Down,0.5,20.0,,,,,,
1778789800000000,POST_BID,post_initial_bid,btc-updown-5m-1778789800,Down,0.5,20.0,,,,,,
1778789800000000,POST_BID,post_initial_bid,btc-updown-5m-1778789800,Down,0.5,20.0,,,,,,
1778789800000000,POST_BID,post_initial_bid,btc-updown-5m-1778789800,Up,0.5,20.0,,,,,,
1778789800000000,POST_BID,post_initial_bid,btc-updown-5m-1778789800,Down,0.5,20.0,,,,,,
1778789800000000,POST_BID,post_initial_bid,btc-updown-5m-1778789800,Up,0.5,20.0,,,,,,
1778789800000000,POST_BID,post_initial_bid,btc-updown-5m-1778789800,Down,0.5,20.0,,,,,,
1778789800000000,POST_BID,post_initial_bid,btc-updown-5m-1778789800,Down,0.5,20.0,,,,,,
1778789800000000,POST_BID,post_initial_bid,btc-updown-5m-1778789800,Up,0.5,20.0,,,,,,
1778789800000000,POST_BID,post_initial_bid,btc-updown-5m-1778789800,Up,0.5,20.0,,,,,,
1778789800000000,POST_BID,post_initial_bid,btc-updown-5m-1778789800,Down,0.5,20.0,,,,,,
1778789800000000,POST_BID,post_initial_bid,btc-updown-5m-1778789800,Up,0.5,20.0,,,,,,
1778789800000000,POST_BID,post_initial_bid,btc-updown-5m-1778789800,Up,0.5,20.0,,,,,,
1778789800000000,POST_BID,post_initial_bid,btc-updown-5m-1778789800,Up,0.5,20.0,,,,,,
1778789800000000,POST_BID,post_initial_bid,btc-updown-5m-1778789800,Up,0.5,20.0,,,,,,
1778789800000000,POST_BID,post_initial_bid,btc-updown-5m-1778789800,Up,0.5,20.0,,,,,,
1778789800000000,POST_BID,post_initial_bid,btc-updown-5m-1778789800,Up,0.5,20.0,,,,,,
1778789800000000,POST_BID,post_initial_bid,btc-updown-5m-1778789800,Up,0.5,20.0,,,,,,
1778789800000000,POST_BID,post_initial_bid,btc-updown-5m-1778789800,Up,0.5,20.0,,,,,,
1778789800000000,POST_BID,post_initial_bid,btc-updown-5m-1778789800,Up,0.5,20.0,,,,,,
1778789800000000,FILL,maker_bid_hit,btc-updown-5m-1778789800,Up,0.5,20.0,20.0,,,,,
1778789800000000,FILL,maker_bid_hit,btc-updown-5m-1778789800,Up,0.5,20.0,20.0,,,,,
1778789800000000,FILL,maker_bid_hit,btc-updown-5m-1778789800,Down,0.5,20.0,20.0,,,,,
1778789800000000,FILL,maker_bid_hit,btc-updown-5m-1778789800,Down,0.5,20.0,20.0,,,,,
1778789800000000,FILL,maker_bid_hit,btc-updown-5m-1778789800,Up,0.5,20.0,20.0,,,,,
1778789800000000,FILL,maker_bid_hit,btc-updown-5m-1778789800,Down,0.5,20.0,20.0,,,,,
1778789800000000,FILL,maker_bid_hit,btc-updown-5m-1778789800,Up,0.5,20.0,20.0,,,,,
1778789800000000,FILL,maker_bid_hit,btc-updown-5m-1778789800,Down,0.5,20.0,20.0,,,,,
1778789800000000,FILL,maker_bid_hit,btc-updown-5m-1778789800,Up,0.5,20.0,20.0,,,,,
1778789800000000,FILL,maker_bid_hit,btc-updown-5m-1778789800,Up,0.5,20.0,20.0,,,,,
1778789800000000,FILL,maker_bid_hit,btc-updown-5m-1778789800,Up,0.5,20.0,20.0,,,,,
1778789800000000,FILL,maker_bid_hit,btc-updown-5m-1778789800,Up,0.5,20.0,20.0,,,,,
1778789800000000,FILL,maker_bid_hit,btc-updown-5m-1778789800,Up,0.5,20.0,20.0,,,,,
1778789800000000,FILL,maker_bid_hit,btc-updown-5m-1778789800,Down,0.5,20.0,20.0,,,,,
1778789800000000,TAKE,pat_pair_cost=0.9778,btc-updown-5m-1778789800,BOTH,0.9777969356838827,20.0,,,,20.0,0.0,0.9777969356838827
1778789800000000,TAKE,pat_pair_cost=0.9365,btc-updown-5m-1778789800,BOTH,0.9364750770047866,20.0,,,,20.0,20.0,0.9364750770047866
1778790100000000,LOG_SLUG_COMPLETE,slug_resolved,btc-updown-5m-1778789800,,,,,Down,2.2572,,,
1778790100000000,POST_BID,post_initial_bid,btc-updown-5m-1778790100,Up,0.5,20.0,,,,,,
1778790100000000,POST_BID,post_initial_bid,btc-updown-5m-1778790100,Down,0.5,20.0,,,,,,
1778790100000000,POST_BID,post_initial_bid,btc-updown-5m-1778790100,Down,0.5,20.0,,,,,,
1778790100000000,POST_BID,post_initial_bid,btc-updown-5m-1778790100,Down,0.5,20.0,,,,,,
1778790100000000,POST_BID,post_initial_bid,btc-updown-5m-1778790100,Down,0.5,20.0,,,,,,
1778790100000000,POST_BID,post_initial_bid,btc-updown-5m-1778790100,Up,0.5,20.0,,,,,,
1778790100000000,POST_BID,post_initial_bid,btc-updown-5m-1778790100,Up,0.5,20.0,,,,,,
1778790100000000,POST_BID,post_initial_bid,btc-updown-5m-1778790100,Down,0.5,20.0,,,,,,
1778790100000000,POST_BID,post_initial_bid,btc-updown-5m-1778790100,Up,0.5,20.0,,,,,,
1778790100000000,POST_BID,post_initial_bid,btc-updown-5m-1778790100,Up,0.5,20.0,,,,,,
1778790100000000,POST_BID,post_initial_bid,btc-updown-5m-1778790100,Down,0.5,20.0,,,,,,
1778790100000000,POST_BID,post_initial_bid,btc-updown-5m-1778790100,Down,0.5,20.0,,,,,,
1778790100000000,POST_BID,post_initial_bid,btc-updown-5m-1778790100,Down,0.5,20.0,,,,,,
1778790100000000,POST_BID,post_initial_bid,btc-updown-5m-1778790100,Down,0.5,20.0,,,,,,
1778790100000000,POST_BID,post_initial_bid,btc-updown-5m-1778790100,Up,0.5,20.0,,,,,,
1778790100000000,POST_BID,post_initial_bid,btc-updown-5m-1778790100,Down,0.5,20.0,,,,,,
1778790100000000,POST_BID,post_initial_bid,btc-updown-5m-1778790100,Up,0.5,20.0,,,,,,
1778790100000000,POST_BID,post_initial_bid,btc-updown-5m-1778790100,Down,0.5,20.0,,,,,,
1778790100000000,POST_BID,post_initial_bid,btc-updown-5m-1778790100,Down,0.5,20.0,,,,,,
1778790100000000,POST_BID,post_initial_bid,btc-updown-5m-1778790100,Up,0.5,20.0,,,,,,
1778790100000000,POST_BID,post_initial_bid,btc-updown-5m-1778790100,Down,0.5,20.0,,,,,,
1778790100000000,POST_BID,post_initial_bid,btc-updown-5m-1778790100,Down,0.5,20.0,,,,,,
1778790100000000,POST_BID,post_initial_bid,btc-updown-5m-1778790100,Down,0.5,20.0,,,,,,
1778790100000000,POST_BID,post_initial_bid,btc-updown-5m-1778790100,Down,0.5,20.0,,,,,,
1778790100000000,POST_BID,post_initial_bid,btc-updown-5m-1778790100,Down,0.5,20.0,,,,,,
1778790100000000,POST_BID,post_initial_bid,btc-updown-5m-1778790100,Up,0.5,20.0,,,,,,
1778790100000000,POST_BID,post_initial_bid,btc-updown-5m-1778790100,Down,0.5,20.0,,,,,,
1778790100000000,POST_BID,post_initial_bid,btc-updown-5m-1778790100,Up,0.5,20.0,,,,,,
1778790100000000,POST_BID,post_initial_bid,btc-updown-5m-1778790100,Up,0.5,20.0,,,,,,
1778790100000000,POST_BID,post_initial_bid,btc-updown-5m-1778790100,Up,0.5,20.0,,,,,,
1778790100000000,POST_BID,post_initial_bid,btc-updown-5m-1778790100,Up,0.5,20.0,,,,,,
1778790100000000,POST_BID,post_initial_bid,btc-updown-5m-1778790100,Down,0.5,20.0,,,,,,
1778790100000000,POST_BID,post_initial_bid,btc-updown-5m-1778790100,Up,0.5,20.0,,,,,,
1778790100000000,POST_BID,post_initial_bid,btc-updown-5m-1778790100,Up,0.5,20.0,,,,,,
1778790100000000,POST_BID,post_initial_bid,btc-updown-5m-1778790100,Down,0.5,20.0,,,,,,
1778790100000000,POST_BID,post_initial_bid,btc-updown-5m-1778790100,Down,0.5,20.0,,,,,,
1778790100000000,POST_BID,post_initial_bid,btc-updown-5m-1778790100,Down,0.5,20.0,,,,,,
1778790100000000,POST_BID,post_initial_bid,btc-updown-5m-1778790100,Down,0.5,20.0,,,,,,
1778790100000000,POST_BID,post_initial_bid,btc-updown-5m-1778790100,Down,0.5,20.0,,,,,,
1778790100000000,POST_BID,post_initial_bid,btc-updown-5m-1778790100,Up,0.5,20.0,,,,,,
1778790100000000,POST_BID,post_initial_bid,btc-updown-5m-1778790100,Down,0.5,20.0,,,,,,
1778790100000000,POST_BID,post_initial_bid,btc-updown-5m-1778790100,Down,0.5,20.0,,,,,,
1778790100000000,POST_BID,post_initial_bid,btc-updown-5m-1778790100,Up,0.5,20.0,,,,,,
1778790100000000,POST_BID,post_initial_bid,btc-updown-5m-1778790100,Down,0.5,20.0,,,,,,
1778790100000000,POST_BID,post_initial_bid,btc-updown-5m-1778790100,Down,0.5,20.0,,,,,,
1778790100000000,POST_BID,post_initial_bid,btc-updown-5m-1778790100,Down,0.5,20.0,,,,,,
1778790100000000,POST_BID,post_initial_bid,btc-updown-5m-1778790100,Down,0.5,20.0,,,,,,
1778790100000000,POST_BID,post_initial_bid,btc-updown-5m-1778790100,Down,0.5,20.0,,,,,,
1778790100000000,POST_BID,post_initial_bid,btc-updown-5m-1778790100,Up,0.5,20.0,,,,,,
1778790100000000,POST_BID,post_initial_bid,btc-updown-5m-1778790100,Down,0.5,20.0,,,,,,
1778790100000000,POST_BID,post_initial_bid,btc-updown-5m-1778790100,Up,0.5,20.0,,,,,,
1778790100000000,POST_BID,post_initial_bid,btc-updown-5m-1778790100,Down,0.5,20.0,,,,,,
1778790100000000,POST_BID,post_initial_bid,btc-updown-5m-1778790100,Up,0.5,20.0,,,,,,
1778790100000000,POST_BID,post_initial_bid,btc-updown-5m-1778790100,Up,0.5,20.0,,,,,,
1778790100000000,POST_BID,post_initial_bid,btc-updown-5m-1778790100,Up,0.5,20.0,,,,,,
1778790100000000,POST_BID,post_initial_bid,btc-updown-5m-1778790100,Up,0.5,20.0,,,,,,
1778790100000000,POST_BID,post_initial_bid,btc-updown-5m-1778790100,Down,0.5,20.0,,,,,,
1778790100000000,POST_BID,post_initial_bid,btc-updown-5m-1778790100,Up,0.5,20.0,,,,,,
1778790100000000,POST_BID,post_initial_bid,btc-updown-5m-1778790100,Down,0.5,20.0,,,,,,
1778790100000000,POST_BID,post_initial_bid,btc-updown-5m-1778790100,Up,0.5,20.0,,,,,,
1778790100000000,POST_BID,post_initial_bid,btc-updown-5m-1778790100,Down,0.5,20.0,,,,,,
1778790100000000,POST_BID,post_initial_bid,btc-updown-5m-1778790100,Up,0.5,20.0,,,,,,
1778790100000000,POST_BID,post_initial_bid,btc-updown-5m-1778790100,Down,0.5,20.0,,,,,,
1778790100000000,FILL,maker_bid_hit,btc-updown-5m-1778790100,Up,0.5,20.0,20.0,,,,,
1778790100000000,FILL,maker_bid_hit,btc-updown-5m-1778790100,Up,0.5,20.0,20.0,,,,,
1778790100000000,FILL,maker_bid_hit,btc-updown-5m-1778790100,Up,0.5,20.0,20.0,,,,,
1778790100000000,FILL,maker_bid_hit,btc-updown-5m-1778790100,Down,0.5,20.0,20.0,,,,,
1778790100000000,FILL,maker_bid_hit,btc-updown-5m-1778790100,Down,0.5,20.0,20.0,,,,,
1778790100000000,FILL,maker_bid_hit,btc-updown-5m-1778790100,Up,0.5,20.0,20.0,,,,,
1778790100000000,FILL,maker_bid_hit,btc-updown-5m-1778790100,Up,0.5,20.0,20.0,,,,,
1778790100000000,FILL,maker_bid_hit,btc-updown-5m-1778790100,Down,0.5,20.0,20.0,,,,,
1778790100000000,FILL,maker_bid_hit,btc-updown-5m-1778790100,Up,0.5,20.0,20.0,,,,,
1778790100000000,FILL,maker_bid_hit,btc-updown-5m-1778790100,Up,0.5,20.0,20.0,,,,,
1778790100000000,FILL,maker_bid_hit,btc-updown-5m-1778790100,Up,0.5,20.0,20.0,,,,,
1778790100000000,FILL,maker_bid_hit,btc-updown-5m-1778790100,Up,0.5,20.0,20.0,,,,,
1778790100000000,FILL,maker_bid_hit,btc-updown-5m-1778790100,Up,0.5,20.0,20.0,,,,,
1778790100000000,FILL,maker_bid_hit,btc-updown-5m-1778790100,Down,0.5,20.0,20.0,,,,,
1778790100000000,FILL,maker_bid_hit,btc-updown-5m-1778790100,Down,0.5,20.0,20.0,,,,,
1778790100000000,FILL,maker_bid_hit,btc-updown-5m-1778790100,Up,0.5,20.0,20.0,,,,,
1778790100000000,FILL,maker_bid_hit,btc-updown-5m-1778790100,Up,0.5,20.0,20.0,,,,,
1778790100000000,TAKE,pat_pair_cost=1.0399,btc-updown-5m-1778790100,BOTH,1.0399134003544321,20.0,,,,20.0,0.0,1.0399134003544321
1778790400000000,LOG_SLUG_COMPLETE,slug_resolved,btc-updown-5m-1778790100,,,,,Down,-9.3848,,,
1778790400000000,POST_BID,post_initial_bid,btc-updown-5m-1778790400,Down,0.5,20.0,,,,,,
1778790400000000,POST_BID,post_initial_bid,btc-updown-5m-1778790400,Up,0.5,20.0,,,,,,
1778790400000000,POST_BID,post_initial_bid,btc-updown-5m-1778790400,Down,0.5,20.0,,,,,,
1778790400000000,POST_BID,post_initial_bid,btc-updown-5m-1778790400,Down,0.5,20.0,,,,,,
1778790400000000,POST_BID,post_initial_bid,btc-updown-5m-1778790400,Up,0.5,20.0,,,,,,
1778790400000000,POST_BID,post_initial_bid,btc-updown-5m-1778790400,Up,0.5,20.0,,,,,,
1778790400000000,POST_BID,post_initial_bid,btc-updown-5m-1778790400,Up,0.5,20.0,,,,,,
1778790400000000,POST_BID,post_initial_bid,btc-updown-5m-1778790400,Up,0.5,20.0,,,,,,
1778790400000000,POST_BID,post_initial_bid,btc-updown-5m-1778790400,Down,0.5,20.0,,,,,,
1778790400000000,POST_BID,post_initial_bid,btc-updown-5m-1778790400,Up,0.5,20.0,,,,,,
1778790400000000,POST_BID,post_initial_bid,btc-updown-5m-1778790400,Down,0.5,20.0,,,,,,
1778790400000000,POST_BID,post_initial_bid,btc-updown-5m-1778790400,Down,0.5,20.0,,,,,,
1778790400000000,POST_BID,post_initial_bid,btc-updown-5m-1778790400,Up,0.5,20.0,,,,,,
1778790400000000,POST_BID,post_initial_bid,btc-updown-5m-1778790400,Up,0.5,20.0,,,,,,
1778790400000000,POST_BID,post_initial_bid,btc-updown-5m-1778790400,Down,0.5,20.0,,,,,,
1778790400000000,POST_BID,post_initial_bid,btc-updown-5m-1778790400,Up,0.5,20.0,,,,,,
1778790400000000,POST_BID,post_initial_bid,btc-updown-5m-1778790400,Up,0.5,20.0,,,,,,
1778790400000000,POST_BID,post_initial_bid,btc-updown-5m-1778790400,Up,0.5,20.0,,,,,,
1778790400000000,POST_BID,post_initial_bid,btc-updown-5m-1778790400,Up,0.5,20.0,,,,,,
1778790400000000,POST_BID,post_initial_bid,btc-updown-5m-1778790400,Down,0.5,20.0,,,,,,
1778790400000000,POST_BID,post_initial_bid,btc-updown-5m-1778790400,Down,0.5,20.0,,,,,,
1778790400000000,POST_BID,post_initial_bid,btc-updown-5m-1778790400,Up,0.5,20.0,,,,,,
1778790400000000,POST_BID,post_initial_bid,btc-updown-5m-1778790400,Up,0.5,20.0,,,,,,
1778790400000000,POST_BID,post_initial_bid,btc-updown-5m-1778790400,Up,0.5,20.0,,,,,,
1778790400000000,POST_BID,post_initial_bid,btc-updown-5m-1778790400,Down,0.5,20.0,,,,,,
1778790400000000,POST_BID,post_initial_bid,btc-updown-5m-1778790400,Down,0.5,20.0,,,,,,
1778790400000000,POST_BID,post_initial_bid,btc-updown-5m-1778790400,Up,0.5,20.0,,,,,,
1778790400000000,POST_BID,post_initial_bid,btc-updown-5m-1778790400,Down,0.5,20.0,,,,,,
1778790400000000,POST_BID,post_initial_bid,btc-updown-5m-1778790400,Down,0.5,20.0,,,,,,
1778790400000000,POST_BID,post_initial_bid,btc-updown-5m-1778790400,Down,0.5,20.0,,,,,,
1778790400000000,POST_BID,post_initial_bid,btc-updown-5m-1778790400,Down,0.5,20.0,,,,,,
1778790400000000,POST_BID,post_initial_bid,btc-updown-5m-1778790400,Up,0.5,20.0,,,,,,
1778790400000000,POST_BID,post_initial_bid,btc-updown-5m-1778790400,Down,0.5,20.0,,,,,,
1778790400000000,POST_BID,post_initial_bid,btc-updown-5m-1778790400,Down,0.5,20.0,,,,,,
1778790400000000,POST_BID,post_initial_bid,btc-updown-5m-1778790400,Down,0.5,20.0,,,,,,
1778790400000000,POST_BID,post_initial_bid,btc-updown-5m-1778790400,Down,0.5,20.0,,,,,,
1778790400000000,POST_BID,post_initial_bid,btc-updown-5m-1778790400,Up,0.5,20.0,,,,,,
1778790400000000,POST_BID,post_initial_bid,btc-updown-5m-1778790400,Down,0.5,20.0,,,,,,
1778790400000000,POST_BID,post_initial_bid,btc-updown-5m-1778790400,Up,0.5,20.0,,,,,,
1778790400000000,POST_BID,post_initial_bid,btc-updown-5m-1778790400,Down,0.5,20.0,,,,,,
1778790400000000,POST_BID,post_initial_bid,btc-updown-5m-1778790400,Up,0.5,20.0,,,,,,
1778790400000000,POST_BID,post_initial_bid,btc-updown-5m-1778790400,Up,0.5,20.0,,,,,,
1778790400000000,POST_BID,post_initial_bid,btc-updown-5m-1778790400,Up,0.5,20.0,,,,,,
1778790400000000,POST_BID,post_initial_bid,btc-updown-5m-1778790400,Up,0.5,20.0,,,,,,
1778790400000000,POST_BID,post_initial_bid,btc-updown-5m-1778790400,Down,0.5,20.0,,,,,,
1778790400000000,POST_BID,post_initial_bid,btc-updown-5m-1778790400,Down,0.5,20.0,,,,,,
1778790400000000,POST_BID,post_initial_bid,btc-updown-5m-1778790400,Up,0.5,20.0,,,,,,
1778790400000000,POST_BID,post_initial_bid,btc-updown-5m-1778790400,Up,0.5,20.0,,,,,,
1778790400000000,POST_BID,post_initial_bid,btc-updown-5m-1778790400,Down,0.5,20.0,,,,,,
1778790400000000,POST_BID,post_initial_bid,btc-updown-5m-1778790400,Down,0.5,20.0,,,,,,
1778790400000000,POST_BID,post_initial_bid,btc-updown-5m-1778790400,Down,0.5,20.0,,,,,,
1778790400000000,POST_BID,post_initial_bid,btc-updown-5m-1778790400,Down,0.5,20.0,,,,,,
1778790400000000,POST_BID,post_initial_bid,btc-updown-5m-1778790400,Up,0.5,20.0,,,,,,
1778790400000000,POST_BID,post_initial_bid,btc-updown-5m-1778790400,Up,0.5,20.0,,,,,,
1778790400000000,POST_BID,post_initial_bid,btc-updown-5m-1778790400,Down,0.5,20.0,,,,,,
1778790400000000,POST_BID,post_initial_bid,btc-updown-5m-1778790400,Down,0.5,20.0,,,,,,
1778790400000000,POST_BID,post_initial_bid,btc-updown-5m-1778790400,Down,0.5,20.0,,,,,,
1778790400000000,POST_BID,post_initial_bid,btc-updown-5m-1778790400,Up,0.5,20.0,,,,,,
1778790400000000,POST_BID,post_initial_bid,btc-updown-5m-1778790400,Up,0.5,20.0,,,,,,
1778790400000000,POST_BID,post_initial_bid,btc-updown-5m-1778790400,Up,0.5,20.0,,,,,,
1778790400000000,POST_BID,post_initial_bid,btc-updown-5m-1778790400,Up,0.5,20.0,,,,,,
1778790400000000,POST_BID,post_initial_bid,btc-updown-5m-1778790400,Up,0.5,20.0,,,,,,
1778790400000000,POST_BID,post_initial_bid,btc-updown-5m-1778790400,Up,0.5,20.0,,,,,,
1778790400000000,POST_BID,post_initial_bid,btc-updown-5m-1778790400,Up,0.5,20.0,,,,,,
1778790400000000,POST_BID,post_initial_bid,btc-updown-5m-1778790400,Up,0.5,20.0,,,,,,
1778790400000000,POST_BID,post_initial_bid,btc-updown-5m-1778790400,Down,0.5,20.0,,,,,,
1778790400000000,POST_BID,post_initial_bid,btc-updown-5m-1778790400,Down,0.5,20.0,,,,,,
1778790400000000,POST_BID,post_initial_bid,btc-updown-5m-1778790400,Up,0.5,20.0,,,,,,
1778790400000000,POST_BID,post_initial_bid,btc-updown-5m-1778790400,Down,0.5,20.0,,,,,,
1778790400000000,POST_BID,post_initial_bid,btc-updown-5m-1778790400,Down,0.5,20.0,,,,,,
1778790400000000,POST_BID,post_initial_bid,btc-updown-5m-1778790400,Up,0.5,20.0,,,,,,
1778790400000000,POST_BID,post_initial_bid,btc-updown-5m-1778790400,Down,0.5,20.0,,,,,,
1778790400000000,POST_BID,post_initial_bid,btc-updown-5m-1778790400,Down,0.5,20.0,,,,,,
1778790400000000,POST_BID,post_initial_bid,btc-updown-5m-1778790400,Up,0.5,20.0,,,,,,
1778790400000000,POST_BID,post_initial_bid,btc-updown-5m-1778790400,Down,0.5,20.0,,,,,,
1778790400000000,POST_BID,post_initial_bid,btc-updown-5m-1778790400,Up,0.5,20.0,,,,,,
1778790400000000,POST_BID,post_initial_bid,btc-updown-5m-1778790400,Up,0.5,20.0,,,,,,
1778790400000000,POST_BID,post_initial_bid,btc-updown-5m-1778790400,Down,0.5,20.0,,,,,,
1778790400000000,POST_BID,post_initial_bid,btc-updown-5m-1778790400,Down,0.5,20.0,,,,,,
1778790400000000,POST_BID,post_initial_bid,btc-updown-5m-1778790400,Up,0.5,20.0,,,,,,
1778790400000000,POST_BID,post_initial_bid,btc-updown-5m-1778790400,Up,0.5,20.0,,,,,,
1778790400000000,POST_BID,post_initial_bid,btc-updown-5m-1778790400,Up,0.5,20.0,,,,,,
1778790400000000,POST_BID,post_initial_bid,btc-updown-5m-1778790400,Down,0.5,20.0,,,,,,
1778790400000000,POST_BID,post_initial_bid,btc-updown-5m-1778790400,Up,0.5,20.0,,,,,,
1778790400000000,POST_BID,post_initial_bid,btc-updown-5m-1778790400,Down,0.5,20.0,,,,,,
1778790400000000,POST_BID,post_initial_bid,btc-updown-5m-1778790400,Down,0.5,20.0,,,,,,
1778790400000000,POST_BID,post_initial_bid,btc-updown-5m-1778790400,Up,0.5,20.0,,,,,,
1778790400000000,POST_BID,post_initial_bid,btc-updown-5m-1778790400,Up,0.5,20.0,,,,,,
1778790400000000,POST_BID,post_initial_bid,btc-updown-5m-1778790400,Up,0.5,20.0,,,,,,
1778790400000000,POST_BID,post_initial_bid,btc-updown-5m-1778790400,Up,0.5,20.0,,,,,,
1778790400000000,POST_BID,post_initial_bid,btc-updown-5m-1778790400,Down,0.5,20.0,,,,,,
1778790400000000,POST_BID,post_initial_bid,btc-updown-5m-1778790400,Up,0.5,20.0,,,,,,
1778790400000000,POST_BID,post_initial_bid,btc-updown-5m-1778790400,Down,0.5,20.0,,,,,,
1778790400000000,POST_BID,post_initial_bid,btc-updown-5m-1778790400,Up,0.5,20.0,,,,,,
1778790400000000,POST_BID,post_initial_bid,btc-updown-5m-1778790400,Up,0.5,20.0,,,,,,
1778790400000000,POST_BID,post_initial_bid,btc-updown-5m-1778790400,Down,0.5,20.0,,,,,,
1778790400000000,POST_BID,post_initial_bid,btc-updown-5m-1778790400,Down,0.5,20.0,,,,,,
1778790400000000,FILL,maker_bid_hit,btc-updown-5m-1778790400,Up,0.5,20.0,20.0,,,,,
1778790400000000,FILL,maker_bid_hit,btc-updown-5m-1778790400,Down,0.5,20.0,20.0,,,,,
1778790400000000,FILL,maker_bid_hit,btc-updown-5m-1778790400,Down,0.5,20.0,20.0,,,,,
1778790400000000,FILL,maker_bid_hit,btc-updown-5m-1778790400,Down,0.5,20.0,20.0,,,,,
1778790400000000,FILL,maker_bid_hit,btc-updown-5m-1778790400,Down,0.5,20.0,20.0,,,,,
1778790400000000,FILL,maker_bid_hit,btc-updown-5m-1778790400,Down,0.5,20.0,20.0,,,,,
1778790400000000,FILL,maker_bid_hit,btc-updown-5m-1778790400,Down,0.5,20.0,20.0,,,,,
1778790400000000,FILL,maker_bid_hit,btc-updown-5m-1778790400,Down,0.5,20.0,20.0,,,,,
1778790400000000,FILL,maker_bid_hit,btc-updown-5m-1778790400,Down,0.5,20.0,20.0,,,,,
1778790400000000,FILL,maker_bid_hit,btc-updown-5m-1778790400,Down,0.5,20.0,20.0,,,,,
1778790400000000,FILL,maker_bid_hit,btc-updown-5m-1778790400,Down,0.5,20.0,20.0,,,,,
1778790400000000,FILL,maker_bid_hit,btc-updown-5m-1778790400,Up,0.5,20.0,20.0,,,,,
1778790400000000,FILL,maker_bid_hit,btc-updown-5m-1778790400,Up,0.5,20.0,20.0,,,,,
1778790400000000,FILL,maker_bid_hit,btc-updown-5m-1778790400,Up,0.5,20.0,20.0,,,,,
1778790400000000,FILL,maker_bid_hit,btc-updown-5m-1778790400,Down,0.5,20.0,20.0,,,,,
1778790400000000,FILL,maker_bid_hit,btc-updown-5m-1778790400,Up,0.5,20.0,20.0,,,,,
1778790700000000,LOG_SLUG_COMPLETE,slug_resolved,btc-updown-5m-1778790400,,,,,Up,-4.611,,,
1778790700000000,POST_BID,post_initial_bid,btc-updown-5m-1778790700,Down,0.5,20.0,,,,,,
1778790700000000,POST_BID,post_initial_bid,btc-updown-5m-1778790700,Up,0.5,20.0,,,,,,
1778790700000000,POST_BID,post_initial_bid,btc-updown-5m-1778790700,Up,0.5,20.0,,,,,,
1778790700000000,POST_BID,post_initial_bid,btc-updown-5m-1778790700,Up,0.5,20.0,,,,,,
1778790700000000,POST_BID,post_initial_bid,btc-updown-5m-1778790700,Down,0.5,20.0,,,,,,
1778790700000000,POST_BID,post_initial_bid,btc-updown-5m-1778790700,Up,0.5,20.0,,,,,,
1778790700000000,POST_BID,post_initial_bid,btc-updown-5m-1778790700,Up,0.5,20.0,,,,,,
1778790700000000,POST_BID,post_initial_bid,btc-updown-5m-1778790700,Down,0.5,20.0,,,,,,
1778790700000000,POST_BID,post_initial_bid,btc-updown-5m-1778790700,Down,0.5,20.0,,,,,,
1778790700000000,POST_BID,post_initial_bid,btc-updown-5m-1778790700,Up,0.5,20.0,,,,,,
1778790700000000,POST_BID,post_initial_bid,btc-updown-5m-1778790700,Up,0.5,20.0,,,,,,
1778790700000000,POST_BID,post_initial_bid,btc-updown-5m-1778790700,Up,0.5,20.0,,,,,,
1778790700000000,POST_BID,post_initial_bid,btc-updown-5m-1778790700,Up,0.5,20.0,,,,,,
1778790700000000,POST_BID,post_initial_bid,btc-updown-5m-1778790700,Up,0.5,20.0,,,,,,
1778790700000000,POST_BID,post_initial_bid,btc-updown-5m-1778790700,Down,0.5,20.0,,,,,,
1778790700000000,POST_BID,post_initial_bid,btc-updown-5m-1778790700,Up,0.5,20.0,,,,,,
1778790700000000,POST_BID,post_initial_bid,btc-updown-5m-1778790700,Down,0.5,20.0,,,,,,
1778790700000000,POST_BID,post_initial_bid,btc-updown-5m-1778790700,Up,0.5,20.0,,,,,,
1778790700000000,POST_BID,post_initial_bid,btc-updown-5m-1778790700,Up,0.5,20.0,,,,,,
1778790700000000,POST_BID,post_initial_bid,btc-updown-5m-1778790700,Up,0.5,20.0,,,,,,
1778790700000000,POST_BID,post_initial_bid,btc-updown-5m-1778790700,Up,0.5,20.0,,,,,,
1778790700000000,POST_BID,post_initial_bid,btc-updown-5m-1778790700,Up,0.5,20.0,,,,,,
1778790700000000,POST_BID,post_initial_bid,btc-updown-5m-1778790700,Up,0.5,20.0,,,,,,
1778790700000000,POST_BID,post_initial_bid,btc-updown-5m-1778790700,Down,0.5,20.0,,,,,,
1778790700000000,POST_BID,post_initial_bid,btc-updown-5m-1778790700,Down,0.5,20.0,,,,,,
1778790700000000,POST_BID,post_initial_bid,btc-updown-5m-1778790700,Up,0.5,20.0,,,,,,
1778790700000000,POST_BID,post_initial_bid,btc-updown-5m-1778790700,Up,0.5,20.0,,,,,,
1778790700000000,POST_BID,post_initial_bid,btc-updown-5m-1778790700,Up,0.5,20.0,,,,,,
1778790700000000,POST_BID,post_initial_bid,btc-updown-5m-1778790700,Up,0.5,20.0,,,,,,
1778790700000000,POST_BID,post_initial_bid,btc-updown-5m-1778790700,Down,0.5,20.0,,,,,,
1778790700000000,POST_BID,post_initial_bid,btc-updown-5m-1778790700,Up,0.5,20.0,,,,,,
1778790700000000,POST_BID,post_initial_bid,btc-updown-5m-1778790700,Down,0.5,20.0,,,,,,
1778790700000000,POST_BID,post_initial_bid,btc-updown-5m-1778790700,Up,0.5,20.0,,,,,,
1778790700000000,POST_BID,post_initial_bid,btc-updown-5m-1778790700,Down,0.5,20.0,,,,,,
1778790700000000,POST_BID,post_initial_bid,btc-updown-5m-1778790700,Down,0.5,20.0,,,,,,
1778790700000000,POST_BID,post_initial_bid,btc-updown-5m-1778790700,Down,0.5,20.0,,,,,,
1778790700000000,POST_BID,post_initial_bid,btc-updown-5m-1778790700,Up,0.5,20.0,,,,,,
1778790700000000,POST_BID,post_initial_bid,btc-updown-5m-1778790700,Down,0.5,20.0,,,,,,
1778790700000000,POST_BID,post_initial_bid,btc-updown-5m-1778790700,Up,0.5,20.0,,,,,,
1778790700000000,POST_BID,post_initial_bid,btc-updown-5m-1778790700,Up,0.5,20.0,,,,,,
1778790700000000,POST_BID,post_initial_bid,btc-updown-5m-1778790700,Up,0.5,20.0,,,,,,
1778790700000000,POST_BID,post_initial_bid,btc-updown-5m-1778790700,Down,0.5,20.0,,,,,,
1778790700000000,POST_BID,post_initial_bid,btc-updown-5m-1778790700,Down,0.5,20.0,,,,,,
1778790700000000,POST_BID,post_initial_bid,btc-updown-5m-1778790700,Down,0.5,20.0,,,,,,
1778790700000000,POST_BID,post_initial_bid,btc-updown-5m-1778790700,Down,0.5,20.0,,,,,,
1778790700000000,POST_BID,post_initial_bid,btc-updown-5m-1778790700,Down,0.5,20.0,,,,,,
1778790700000000,POST_BID,post_initial_bid,btc-updown-5m-1778790700,Up,0.5,20.0,,,,,,
1778790700000000,POST_BID,post_initial_bid,btc-updown-5m-1778790700,Up,0.5,20.0,,,,,,
1778790700000000,POST_BID,post_initial_bid,btc-updown-5m-1778790700,Down,0.5,20.0,,,,,,
1778790700000000,POST_BID,post_initial_bid,btc-updown-5m-1778790700,Up,0.5,20.0,,,,,,
1778790700000000,POST_BID,post_initial_bid,btc-updown-5m-1778790700,Down,0.5,20.0,,,,,,
1778790700000000,POST_BID,post_initial_bid,btc-updown-5m-1778790700,Down,0.5,20.0,,,,,,
1778790700000000,POST_BID,post_initial_bid,btc-updown-5m-1778790700,Up,0.5,20.0,,,,,,
1778790700000000,POST_BID,post_initial_bid,btc-updown-5m-1778790700,Down,0.5,20.0,,,,,,
1778790700000000,POST_BID,post_initial_bid,btc-updown-5m-1778790700,Down,0.5,20.0,,,,,,
1778790700000000,POST_BID,post_initial_bid,btc-updown-5m-1778790700,Up,0.5,20.0,,,,,,
1778790700000000,POST_BID,post_initial_bid,btc-updown-5m-1778790700,Up,0.5,20.0,,,,,,
1778790700000000,POST_BID,post_initial_bid,btc-updown-5m-1778790700,Down,0.5,20.0,,,,,,
1778790700000000,POST_BID,post_initial_bid,btc-updown-5m-1778790700,Down,0.5,20.0,,,,,,
1778790700000000,POST_BID,post_initial_bid,btc-updown-5m-1778790700,Up,0.5,20.0,,,,,,
1778790700000000,POST_BID,post_initial_bid,btc-updown-5m-1778790700,Up,0.5,20.0,,,,,,
1778790700000000,POST_BID,post_initial_bid,btc-updown-5m-1778790700,Up,0.5,20.0,,,,,,
1778790700000000,POST_BID,post_initial_bid,btc-updown-5m-1778790700,Down,0.5,20.0,,,,,,
1778790700000000,POST_BID,post_initial_bid,btc-updown-5m-1778790700,Down,0.5,20.0,,,,,,
1778790700000000,POST_BID,post_initial_bid,btc-updown-5m-1778790700,Up,0.5,20.0,,,,,,
1778790700000000,POST_BID,post_initial_bid,btc-updown-5m-1778790700,Up,0.5,20.0,,,,,,
1778790700000000,POST_BID,post_initial_bid,btc-updown-5m-1778790700,Down,0.5,20.0,,,,,,
1778790700000000,POST_BID,post_initial_bid,btc-updown-5m-1778790700,Down,0.5,20.0,,,,,,
1778790700000000,POST_BID,post_initial_bid,btc-updown-5m-1778790700,Up,0.5,20.0,,,,,,
1778790700000000,POST_BID,post_initial_bid,btc-updown-5m-1778790700,Up,0.5,20.0,,,,,,
1778790700000000,POST_BID,post_initial_bid,btc-updown-5m-1778790700,Up,0.5,20.0,,,,,,
1778790700000000,POST_BID,post_initial_bid,btc-updown-5m-1778790700,Up,0.5,20.0,,,,,,
1778790700000000,POST_BID,post_initial_bid,btc-updown-5m-1778790700,Down,0.5,20.0,,,,,,
1778790700000000,POST_BID,post_initial_bid,btc-updown-5m-1778790700,Down,0.5,20.0,,,,,,
1778790700000000,POST_BID,post_initial_bid,btc-updown-5m-1778790700,Down,0.5,20.0,,,,,,
1778790700000000,POST_BID,post_initial_bid,btc-updown-5m-1778790700,Up,0.5,20.0,,,,,,
1778790700000000,FILL,maker_bid_hit,btc-updown-5m-1778790700,Up,0.5,20.0,20.0,,,,,
1778790700000000,FILL,maker_bid_hit,btc-updown-5m-1778790700,Down,0.5,20.0,20.0,,,,,
1778790700000000,FILL,maker_bid_hit,btc-updown-5m-1778790700,Down,0.5,20.0,20.0,,,,,
1778790700000000,FILL,maker_bid_hit,btc-updown-5m-1778790700,Up,0.5,20.0,20.0,,,,,
1778790700000000,FILL,maker_bid_hit,btc-updown-5m-1778790700,Up,0.5,20.0,20.0,,,,,
1778790700000000,FILL,maker_bid_hit,btc-updown-5m-1778790700,Up,0.5,20.0,20.0,,,,,
1778790700000000,FILL,maker_bid_hit,btc-updown-5m-1778790700,Down,0.5,20.0,20.0,,,,,
1778790700000000,FILL,maker_bid_hit,btc-updown-5m-1778790700,Down,0.5,20.0,20.0,,,,,
1778790700000000,FILL,maker_bid_hit,btc-updown-5m-1778790700,Down,0.5,20.0,20.0,,,,,
1778790700000000,FILL,maker_bid_hit,btc-updown-5m-1778790700,Up,0.5,20.0,20.0,,,,,
1778790700000000,FILL,maker_bid_hit,btc-updown-5m-1778790700,Down,0.5,20.0,20.0,,,,,
1778791000000000,LOG_SLUG_COMPLETE,slug_resolved,btc-updown-5m-1778790700,,,,,Up,-2.1747,,,
1778791000000000,POST_BID,post_initial_bid,btc-updown-5m-1778791000,Down,0.5,20.0,,,,,,
1778791000000000,POST_BID,post_initial_bid,btc-updown-5m-1778791000,Down,0.5,20.0,,,,,,
1778791000000000,POST_BID,post_initial_bid,btc-updown-5m-1778791000,Up,0.5,20.0,,,,,,
1778791000000000,POST_BID,post_initial_bid,btc-updown-5m-1778791000,Up,0.5,20.0,,,,,,
1778791000000000,POST_BID,post_initial_bid,btc-updown-5m-1778791000,Up,0.5,20.0,,,,,,
1778791000000000,POST_BID,post_initial_bid,btc-updown-5m-1778791000,Up,0.5,20.0,,,,,,
1778791000000000,POST_BID,post_initial_bid,btc-updown-5m-1778791000,Down,0.5,20.0,,,,,,
1778791000000000,POST_BID,post_initial_bid,btc-updown-5m-1778791000,Down,0.5,20.0,,,,,,
1778791000000000,POST_BID,post_initial_bid,btc-updown-5m-1778791000,Up,0.5,20.0,,,,,,
1778791000000000,POST_BID,post_initial_bid,btc-updown-5m-1778791000,Down,0.5,20.0,,,,,,
1778791000000000,POST_BID,post_initial_bid,btc-updown-5m-1778791000,Up,0.5,20.0,,,,,,
1778791000000000,POST_BID,post_initial_bid,btc-updown-5m-1778791000,Down,0.5,20.0,,,,,,
1778791000000000,POST_BID,post_initial_bid,btc-updown-5m-1778791000,Up,0.5,20.0,,,,,,
1778791000000000,POST_BID,post_initial_bid,btc-updown-5m-1778791000,Down,0.5,20.0,,,,,,
1778791000000000,POST_BID,post_initial_bid,btc-updown-5m-1778791000,Down,0.5,20.0,,,,,,
1778791000000000,POST_BID,post_initial_bid,btc-updown-5m-1778791000,Up,0.5,20.0,,,,,,
1778791000000000,POST_BID,post_initial_bid,btc-updown-5m-1778791000,Up,0.5,20.0,,,,,,
1778791000000000,POST_BID,post_initial_bid,btc-updown-5m-1778791000,Down,0.5,20.0,,,,,,
1778791000000000,POST_BID,post_initial_bid,btc-updown-5m-1778791000,Up,0.5,20.0,,,,,,
1778791000000000,POST_BID,post_initial_bid,btc-updown-5m-1778791000,Up,0.5,20.0,,,,,,
1778791000000000,POST_BID,post_initial_bid,btc-updown-5m-1778791000,Up,0.5,20.0,,,,,,
1778791000000000,POST_BID,post_initial_bid,btc-updown-5m-1778791000,Up,0.5,20.0,,,,,,
1778791000000000,POST_BID,post_initial_bid,btc-updown-5m-1778791000,Up,0.5,20.0,,,,,,
1778791000000000,POST_BID,post_initial_bid,btc-updown-5m-1778791000,Up,0.5,20.0,,,,,,
1778791000000000,POST_BID,post_initial_bid,btc-updown-5m-1778791000,Down,0.5,20.0,,,,,,
1778791000000000,POST_BID,post_initial_bid,btc-updown-5m-1778791000,Up,0.5,20.0,,,,,,
1778791000000000,POST_BID,post_initial_bid,btc-updown-5m-1778791000,Down,0.5,20.0,,,,,,
1778791000000000,POST_BID,post_initial_bid,btc-updown-5m-1778791000,Down,0.5,20.0,,,,,,
1778791000000000,POST_BID,post_initial_bid,btc-updown-5m-1778791000,Down,0.5,20.0,,,,,,
1778791000000000,POST_BID,post_initial_bid,btc-updown-5m-1778791000,Up,0.5,20.0,,,,,,
1778791000000000,POST_BID,post_initial_bid,btc-updown-5m-1778791000,Up,0.5,20.0,,,,,,
1778791000000000,POST_BID,post_initial_bid,btc-updown-5m-1778791000,Down,0.5,20.0,,,,,,
1778791000000000,POST_BID,post_initial_bid,btc-updown-5m-1778791000,Down,0.5,20.0,,,,,,
1778791000000000,POST_BID,post_initial_bid,btc-updown-5m-1778791000,Up,0.5,20.0,,,,,,
1778791000000000,POST_BID,post_initial_bid,btc-updown-5m-1778791000,Up,0.5,20.0,,,,,,
1778791000000000,POST_BID,post_initial_bid,btc-updown-5m-1778791000,Down,0.5,20.0,,,,,,
1778791000000000,POST_BID,post_initial_bid,btc-updown-5m-1778791000,Up,0.5,20.0,,,,,,
1778791000000000,POST_BID,post_initial_bid,btc-updown-5m-1778791000,Down,0.5,20.0,,,,,,
1778791000000000,POST_BID,post_initial_bid,btc-updown-5m-1778791000,Down,0.5,20.0,,,,,,
1778791000000000,POST_BID,post_initial_bid,btc-updown-5m-1778791000,Down,0.5,20.0,,,,,,
1778791000000000,POST_BID,post_initial_bid,btc-updown-5m-1778791000,Down,0.5,20.0,,,,,,
1778791000000000,POST_BID,post_initial_bid,btc-updown-5m-1778791000,Up,0.5,20.0,,,,,,
1778791000000000,POST_BID,post_initial_bid,btc-updown-5m-1778791000,Up,0.5,20.0,,,,,,
1778791000000000,POST_BID,post_initial_bid,btc-updown-5m-1778791000,Down,0.5,20.0,,,,,,
1778791000000000,POST_BID,post_initial_bid,btc-updown-5m-1778791000,Up,0.5,20.0,,,,,,
1778791000000000,POST_BID,post_initial_bid,btc-updown-5m-1778791000,Up,0.5,20.0,,,,,,
1778791000000000,POST_BID,post_initial_bid,btc-updown-5m-1778791000,Down,0.5,20.0,,,,,,
1778791000000000,POST_BID,post_initial_bid,btc-updown-5m-1778791000,Down,0.5,20.0,,,,,,
1778791000000000,POST_BID,post_initial_bid,btc-updown-5m-1778791000,Up,0.5,20.0,,,,,,
1778791000000000,POST_BID,post_initial_bid,btc-updown-5m-1778791000,Down,0.5,20.0,,,,,,
1778791000000000,POST_BID,post_initial_bid,btc-updown-5m-1778791000,Up,0.5,20.0,,,,,,
1778791000000000,POST_BID,post_initial_bid,btc-updown-5m-1778791000,Up,0.5,20.0,,,,,,
1778791000000000,POST_BID,post_initial_bid,btc-updown-5m-1778791000,Up,0.5,20.0,,,,,,
1778791000000000,POST_BID,post_initial_bid,btc-updown-5m-1778791000,Down,0.5,20.0,,,,,,
1778791000000000,POST_BID,post_initial_bid,btc-updown-5m-1778791000,Down,0.5,20.0,,,,,,
1778791000000000,POST_BID,post_initial_bid,btc-updown-5m-1778791000,Up,0.5,20.0,,,,,,
1778791000000000,POST_BID,post_initial_bid,btc-updown-5m-1778791000,Up,0.5,20.0,,,,,,
1778791000000000,POST_BID,post_initial_bid,btc-updown-5m-1778791000,Up,0.5,20.0,,,,,,
1778791000000000,POST_BID,post_initial_bid,btc-updown-5m-1778791000,Down,0.5,20.0,,,,,,
1778791000000000,POST_BID,post_initial_bid,btc-updown-5m-1778791000,Down,0.5,20.0,,,,,,
1778791000000000,POST_BID,post_initial_bid,btc-updown-5m-1778791000,Up,0.5,20.0,,,,,,
1778791000000000,POST_BID,post_initial_bid,btc-updown-5m-1778791000,Up,0.5,20.0,,,,,,
1778791000000000,POST_BID,post_initial_bid,btc-updown-5m-1778791000,Down,0.5,20.0,,,,,,
1778791000000000,POST_BID,post_initial_bid,btc-updown-5m-1778791000,Down,0.5,20.0,,,,,,
1778791000000000,POST_BID,post_initial_bid,btc-updown-5m-1778791000,Down,0.5,20.0,,,,,,
1778791000000000,POST_BID,post_initial_bid,btc-updown-5m-1778791000,Down,0.5,20.0,,,,,,
1778791000000000,POST_BID,post_initial_bid,btc-updown-5m-1778791000,Down,0.5,20.0,,,,,,
1778791000000000,POST_BID,post_initial_bid,btc-updown-5m-1778791000,Down,0.5,20.0,,,,,,
1778791000000000,POST_BID,post_initial_bid,btc-updown-5m-1778791000,Up,0.5,20.0,,,,,,
1778791000000000,POST_BID,post_initial_bid,btc-updown-5m-1778791000,Up,0.5,20.0,,,,,,
1778791000000000,POST_BID,post_initial_bid,btc-updown-5m-1778791000,Up,0.5,20.0,,,,,,
1778791000000000,POST_BID,post_initial_bid,btc-updown-5m-1778791000,Down,0.5,20.0,,,,,,
1778791000000000,POST_BID,post_initial_bid,btc-updown-5m-1778791000,Up,0.5,20.0,,,,,,
1778791000000000,POST_BID,post_initial_bid,btc-updown-5m-1778791000,Up,0.5,20.0,,,,,,
1778791000000000,POST_BID,post_initial_bid,btc-updown-5m-1778791000,Up,0.5,20.0,,,,,,
1778791000000000,POST_BID,post_initial_bid,btc-updown-5m-1778791000,Down,0.5,20.0,,,,,,
1778791000000000,POST_BID,post_initial_bid,btc-updown-5m-1778791000,Up,0.5,20.0,,,,,,
1778791000000000,POST_BID,post_initial_bid,btc-updown-5m-1778791000,Down,0.5,20.0,,,,,,
1778791000000000,POST_BID,post_initial_bid,btc-updown-5m-1778791000,Down,0.5,20.0,,,,,,
1778791000000000,POST_BID,post_initial_bid,btc-updown-5m-1778791000,Up,0.5,20.0,,,,,,
1778791000000000,POST_BID,post_initial_bid,btc-updown-5m-1778791000,Up,0.5,20.0,,,,,,
1778791000000000,POST_BID,post_initial_bid,btc-updown-5m-1778791000,Down,0.5,20.0,,,,,,
1778791000000000,POST_BID,post_initial_bid,btc-updown-5m-1778791000,Up,0.5,20.0,,,,,,
1778791000000000,POST_BID,post_initial_bid,btc-updown-5m-1778791000,Up,0.5,20.0,,,,,,
1778791000000000,POST_BID,post_initial_bid,btc-updown-5m-1778791000,Up,0.5,20.0,,,,,,
1778791000000000,POST_BID,post_initial_bid,btc-updown-5m-1778791000,Up,0.5,20.0,,,,,,
1778791000000000,POST_BID,post_initial_bid,btc-updown-5m-1778791000,Down,0.5,20.0,,,,,,
1778791000000000,POST_BID,post_initial_bid,btc-updown-5m-1778791000,Up,0.5,20.0,,,,,,
1778791000000000,POST_BID,post_initial_bid,btc-updown-5m-1778791000,Down,0.5,20.0,,,,,,
1778791000000000,POST_BID,post_initial_bid,btc-updown-5m-1778791000,Down,0.5,20.0,,,,,,
1778791000000000,POST_BID,post_initial_bid,btc-updown-5m-1778791000,Down,0.5,20.0,,,,,,
1778791000000000,POST_BID,post_initial_bid,btc-updown-5m-1778791000,Down,0.5,20.0,,,,,,
1778791000000000,FILL,maker_bid_hit,btc-updown-5m-1778791000,Down,0.5,20.0,20.0,,,,,
1778791000000000,FILL,maker_bid_hit,btc-updown-5m-1778791000,Down,0.5,20.0,20.0,,,,,
1778791000000000,FILL,maker_bid_hit,btc-updown-5m-1778791000,Down,0.5,20.0,20.0,,,,,
1778791000000000,FILL,maker_bid_hit,btc-updown-5m-1778791000,Down,0.5,20.0,20.0,,,,,
1778791000000000,FILL,maker_bid_hit,btc-updown-5m-1778791000,Down,0.5,20.0,20.0,,,,,
1778791000000000,FILL,maker_bid_hit,btc-updown-5m-1778791000,Up,0.5,20.0,20.0,,,,,
1778791000000000,FILL,maker_bid_hit,btc-updown-5m-1778791000,Down,0.5,20.0,20.0,,,,,
1778791000000000,FILL,maker_bid_hit,btc-updown-5m-1778791000,Down,0.5,20.0,20.0,,,,,
1778791000000000,FILL,maker_bid_hit,btc-updown-5m-1778791000,Down,0.5,20.0,20.0,,,,,
1778791000000000,FILL,maker_bid_hit,btc-updown-5m-1778791000,Up,0.5,20.0,20.0,,,,,
1778791000000000,FILL,maker_bid_hit,btc-updown-5m-1778791000,Down,0.5,20.0,20.0,,,,,
1778791000000000,FILL,maker_bid_hit,btc-updown-5m-1778791000,Down,0.5,20.0,20.0,,,,,
1778791000000000,FILL,maker_bid_hit,btc-updown-5m-1778791000,Up,0.5,20.0,20.0,,,,,
1778791000000000,FILL,maker_bid_hit,btc-updown-5m-1778791000,Down,0.5,20.0,20.0,,,,,
1778791000000000,FILL,maker_bid_hit,btc-updown-5m-1778791000,Up,0.5,20.0,20.0,,,,,
1778791000000000,FILL,maker_bid_hit,btc-updown-5m-1778791000,Up,0.5,20.0,20.0,,,,,
1778791000000000,TAKE,pat_pair_cost=0.9711,btc-updown-5m-1778791000,BOTH,0.9710858327343062,20.0,,,,20.0,0.0,0.9710858327343062
1778791000000000,TAKE,pat_pair_cost=0.9469,btc-updown-5m-1778791000,BOTH,0.9468883017029083,20.0,,,,20.0,0.0,0.9468883017029083
1778791300000000,LOG_SLUG_COMPLETE,slug_resolved,btc-updown-5m-1778791000,,,,,Up,-2.2094,,,
1778791300000000,POST_BID,post_initial_bid,btc-updown-5m-1778791300,Up,0.5,20.0,,,,,,
1778791300000000,POST_BID,post_initial_bid,btc-updown-5m-1778791300,Up,0.5,20.0,,,,,,
1778791300000000,POST_BID,post_initial_bid,btc-updown-5m-1778791300,Up,0.5,20.0,,,,,,
1778791300000000,POST_BID,post_initial_bid,btc-updown-5m-1778791300,Down,0.5,20.0,,,,,,
1778791300000000,POST_BID,post_initial_bid,btc-updown-5m-1778791300,Up,0.5,20.0,,,,,,
1778791300000000,POST_BID,post_initial_bid,btc-updown-5m-1778791300,Up,0.5,20.0,,,,,,
1778791300000000,POST_BID,post_initial_bid,btc-updown-5m-1778791300,Down,0.5,20.0,,,,,,
1778791300000000,POST_BID,post_initial_bid,btc-updown-5m-1778791300,Up,0.5,20.0,,,,,,
1778791300000000,POST_BID,post_initial_bid,btc-updown-5m-1778791300,Down,0.5,20.0,,,,,,
1778791300000000,POST_BID,post_initial_bid,btc-updown-5m-1778791300,Up,0.5,20.0,,,,,,
1778791300000000,POST_BID,post_initial_bid,btc-updown-5m-1778791300,Up,0.5,20.0,,,,,,
1778791300000000,POST_BID,post_initial_bid,btc-updown-5m-1778791300,Up,0.5,20.0,,,,,,
1778791300000000,POST_BID,post_initial_bid,btc-updown-5m-1778791300,Down,0.5,20.0,,,,,,
1778791300000000,POST_BID,post_initial_bid,btc-updown-5m-1778791300,Down,0.5,20.0,,,,,,
1778791300000000,POST_BID,post_initial_bid,btc-updown-5m-1778791300,Down,0.5,20.0,,,,,,
1778791300000000,POST_BID,post_initial_bid,btc-updown-5m-1778791300,Up,0.5,20.0,,,,,,
1778791300000000,POST_BID,post_initial_bid,btc-updown-5m-1778791300,Down,0.5,20.0,,,,,,
1778791300000000,POST_BID,post_initial_bid,btc-updown-5m-1778791300,Up,0.5,20.0,,,,,,
1778791300000000,POST_BID,post_initial_bid,btc-updown-5m-1778791300,Up,0.5,20.0,,,,,,
1778791300000000,POST_BID,post_initial_bid,btc-updown-5m-1778791300,Down,0.5,20.0,,,,,,
1778791300000000,POST_BID,post_initial_bid,btc-updown-5m-1778791300,Down,0.5,20.0,,,,,,
1778791300000000,POST_BID,post_initial_bid,btc-updown-5m-1778791300,Down,0.5,20.0,,,,,,
1778791300000000,POST_BID,post_initial_bid,btc-updown-5m-1778791300,Down,0.5,20.0,,,,,,
1778791300000000,POST_BID,post_initial_bid,btc-updown-5m-1778791300,Up,0.5,20.0,,,,,,
1778791300000000,POST_BID,post_initial_bid,btc-updown-5m-1778791300,Down,0.5,20.0,,,,,,
1778791300000000,POST_BID,post_initial_bid,btc-updown-5m-1778791300,Up,0.5,20.0,,,,,,
1778791300000000,POST_BID,post_initial_bid,btc-updown-5m-1778791300,Down,0.5,20.0,,,,,,
1778791300000000,POST_BID,post_initial_bid,btc-updown-5m-1778791300,Up,0.5,20.0,,,,,,
1778791300000000,POST_BID,post_initial_bid,btc-updown-5m-1778791300,Up,0.5,20.0,,,,,,
1778791300000000,POST_BID,post_initial_bid,btc-updown-5m-1778791300,Up,0.5,20.0,,,,,,
1778791300000000,POST_BID,post_initial_bid,btc-updown-5m-1778791300,Up,0.5,20.0,,,,,,
1778791300000000,POST_BID,post_initial_bid,btc-updown-5m-1778791300,Up,0.5,20.0,,,,,,
1778791300000000,POST_BID,post_initial_bid,btc-updown-5m-1778791300,Down,0.5,20.0,,,,,,
1778791300000000,POST_BID,post_initial_bid,btc-updown-5m-1778791300,Up,0.5,20.0,,,,,,
1778791300000000,POST_BID,post_initial_bid,btc-updown-5m-1778791300,Down,0.5,20.0,,,,,,
1778791300000000,POST_BID,post_initial_bid,btc-updown-5m-1778791300,Up,0.5,20.0,,,,,,
1778791300000000,POST_BID,post_initial_bid,btc-updown-5m-1778791300,Up,0.5,20.0,,,,,,
1778791300000000,POST_BID,post_initial_bid,btc-updown-5m-1778791300,Down,0.5,20.0,,,,,,
1778791300000000,POST_BID,post_initial_bid,btc-updown-5m-1778791300,Up,0.5,20.0,,,,,,
1778791300000000,POST_BID,post_initial_bid,btc-updown-5m-1778791300,Down,0.5,20.0,,,,,,
1778791300000000,POST_BID,post_initial_bid,btc-updown-5m-1778791300,Down,0.5,20.0,,,,,,
1778791300000000,POST_BID,post_initial_bid,btc-updown-5m-1778791300,Up,0.5,20.0,,,,,,
1778791300000000,POST_BID,post_initial_bid,btc-updown-5m-1778791300,Up,0.5,20.0,,,,,,
1778791300000000,POST_BID,post_initial_bid,btc-updown-5m-1778791300,Up,0.5,20.0,,,,,,
1778791300000000,POST_BID,post_initial_bid,btc-updown-5m-1778791300,Down,0.5,20.0,,,,,,
1778791300000000,POST_BID,post_initial_bid,btc-updown-5m-1778791300,Down,0.5,20.0,,,,,,
1778791300000000,POST_BID,post_initial_bid,btc-updown-5m-1778791300,Up,0.5,20.0,,,,,,
1778791300000000,POST_BID,post_initial_bid,btc-updown-5m-1778791300,Down,0.5,20.0,,,,,,
1778791300000000,POST_BID,post_initial_bid,btc-updown-5m-1778791300,Up,0.5,20.0,,,,,,
1778791300000000,POST_BID,post_initial_bid,btc-updown-5m-1778791300,Up,0.5,20.0,,,,,,
1778791300000000,POST_BID,post_initial_bid,btc-updown-5m-1778791300,Up,0.5,20.0,,,,,,
1778791300000000,POST_BID,post_initial_bid,btc-updown-5m-1778791300,Up,0.5,20.0,,,,,,
1778791300000000,POST_BID,post_initial_bid,btc-updown-5m-1778791300,Down,0.5,20.0,,,,,,
1778791300000000,POST_BID,post_initial_bid,btc-updown-5m-1778791300,Down,0.5,20.0,,,,,,
1778791300000000,POST_BID,post_initial_bid,btc-updown-5m-1778791300,Down,0.5,20.0,,,,,,
1778791300000000,POST_BID,post_initial_bid,btc-updown-5m-1778791300,Up,0.5,20.0,,,,,,
1778791300000000,POST_BID,post_initial_bid,btc-updown-5m-1778791300,Down,0.5,20.0,,,,,,
1778791300000000,POST_BID,post_initial_bid,btc-updown-5m-1778791300,Up,0.5,20.0,,,,,,
1778791300000000,POST_BID,post_initial_bid,btc-updown-5m-1778791300,Up,0.5,20.0,,,,,,
1778791300000000,POST_BID,post_initial_bid,btc-updown-5m-1778791300,Down,0.5,20.0,,,,,,
1778791300000000,POST_BID,post_initial_bid,btc-updown-5m-1778791300,Down,0.5,20.0,,,,,,
1778791300000000,POST_BID,post_initial_bid,btc-updown-5m-1778791300,Up,0.5,20.0,,,,,,
1778791300000000,POST_BID,post_initial_bid,btc-updown-5m-1778791300,Up,0.5,20.0,,,,,,
1778791300000000,POST_BID,post_initial_bid,btc-updown-5m-1778791300,Up,0.5,20.0,,,,,,
1778791300000000,POST_BID,post_initial_bid,btc-updown-5m-1778791300,Down,0.5,20.0,,,,,,
1778791300000000,POST_BID,post_initial_bid,btc-updown-5m-1778791300,Down,0.5,20.0,,,,,,
1778791300000000,POST_BID,post_initial_bid,btc-updown-5m-1778791300,Down,0.5,20.0,,,,,,
1778791300000000,POST_BID,post_initial_bid,btc-updown-5m-1778791300,Up,0.5,20.0,,,,,,
1778791300000000,POST_BID,post_initial_bid,btc-updown-5m-1778791300,Up,0.5,20.0,,,,,,
1778791300000000,POST_BID,post_initial_bid,btc-updown-5m-1778791300,Down,0.5,20.0,,,,,,
1778791300000000,POST_BID,post_initial_bid,btc-updown-5m-1778791300,Down,0.5,20.0,,,,,,
1778791300000000,POST_BID,post_initial_bid,btc-updown-5m-1778791300,Down,0.5,20.0,,,,,,
1778791300000000,POST_BID,post_initial_bid,btc-updown-5m-1778791300,Up,0.5,20.0,,,,,,
1778791300000000,POST_BID,post_initial_bid,btc-updown-5m-1778791300,Up,0.5,20.0,,,,,,
1778791300000000,POST_BID,post_initial_bid,btc-updown-5m-1778791300,Down,0.5,20.0,,,,,,
1778791300000000,POST_BID,post_initial_bid,btc-updown-5m-1778791300,Down,0.5,20.0,,,,,,
1778791300000000,POST_BID,post_initial_bid,btc-updown-5m-1778791300,Up,0.5,20.0,,,,,,
1778791300000000,POST_BID,post_initial_bid,btc-updown-5m-1778791300,Down,0.5,20.0,,,,,,
1778791300000000,POST_BID,post_initial_bid,btc-updown-5m-1778791300,Up,0.5,20.0,,,,,,
1778791300000000,POST_BID,post_initial_bid,btc-updown-5m-1778791300,Up,0.5,20.0,,,,,,
1778791300000000,POST_BID,post_initial_bid,btc-updown-5m-1778791300,Up,0.5,20.0,,,,,,
1778791300000000,POST_BID,post_initial_bid,btc-updown-5m-1778791300,Up,0.5,20.0,,,,,,
1778791300000000,POST_BID,post_initial_bid,btc-updown-5m-1778791300,Down,0.5,20.0,,,,,,
1778791300000000,POST_BID,post_initial_bid,btc-updown-5m-1778791300,Up,0.5,20.0,,,,,,
1778791300000000,POST_BID,post_initial_bid,btc-updown-5m-1778791300,Down,0.5,20.0,,,,,,
1778791300000000,POST_BID,post_initial_bid,btc-updown-5m-1778791300,Down,0.5,20.0,,,,,,
1778791300000000,POST_BID,post_initial_bid,btc-updown-5m-1778791300,Down,0.5,20.0,,,,,,
1778791300000000,POST_BID,post_initial_bid,btc-updown-5m-1778791300,Down,0.5,20.0,,,,,,
1778791300000000,POST_BID,post_initial_bid,btc-updown-5m-1778791300,Down,0.5,20.0,,,,,,
1778791300000000,POST_BID,post_initial_bid,btc-updown-5m-1778791300,Up,0.5,20.0,,,,,,
1778791300000000,POST_BID,post_initial_bid,btc-updown-5m-1778791300,Down,0.5,20.0,,,,,,
1778791300000000,POST_BID,post_initial_bid,btc-updown-5m-1778791300,Down,0.5,20.0,,,,,,
1778791300000000,POST_BID,post_initial_bid,btc-updown-5m-1778791300,Up,0.5,20.0,,,,,,
1778791300000000,POST_BID,post_initial_bid,btc-updown-5m-1778791300,Up,0.5,20.0,,,,,,
1778791300000000,POST_BID,post_initial_bid,btc-updown-5m-1778791300,Down,0.5,20.0,,,,,,
1778791300000000,POST_BID,post_initial_bid,btc-updown-5m-1778791300,Down,0.5,20.0,,,,,,
1778791300000000,POST_BID,post_initial_bid,btc-updown-5m-1778791300,Up,0.5,20.0,,,,,,
1778791300000000,POST_BID,post_initial_bid,btc-updown-5m-1778791300,Down,0.5,20.0,,,,,,
1778791300000000,POST_BID,post_initial_bid,btc-updown-5m-1778791300,Down,0.5,20.0,,,,,,
1778791300000000,FILL,maker_bid_hit,btc-updown-5m-1778791300,Up,0.5,20.0,20.0,,,,,
1778791300000000,FILL,maker_bid_hit,btc-updown-5m-1778791300,Down,0.5,20.0,20.0,,,,,
1778791300000000,FILL,maker_bid_hit,btc-updown-5m-1778791300,Up,0.5,20.0,20.0,,,,,
1778791300000000,FILL,maker_bid_hit,btc-updown-5m-1778791300,Up,0.5,20.0,20.0,,,,,
1778791300000000,FILL,maker_bid_hit,btc-updown-5m-1778791300,Up,0.5,20.0,20.0,,,,,
1778791300000000,FILL,maker_bid_hit,btc-updown-5m-1778791300,Down,0.5,20.0,20.0,,,,,
1778791300000000,FILL,maker_bid_hit,btc-updown-5m-1778791300,Up,0.5,20.0,20.0,,,,,
1778791300000000,FILL,maker_bid_hit,btc-updown-5m-1778791300,Down,0.5,20.0,20.0,,,,,
1778791300000000,FILL,maker_bid_hit,btc-updown-5m-1778791300,Up,0.5,20.0,20.0,,,,,
1778791300000000,FILL,maker_bid_hit,btc-updown-5m-1778791300,Down,0.5,20.0,20.0,,,,,
1778791300000000,FILL,maker_bid_hit,btc-updown-5m-1778791300,Down,0.5,20.0,20.0,,,,,
1778791300000000,FILL,maker_bid_hit,btc-updown-5m-1778791300,Up,0.5,20.0,20.0,,,,,
1778791300000000,FILL,maker_bid_hit,btc-updown-5m-1778791300,Down,0.5,20.0,20.0,,,,,
1778791300000000,FILL,maker_bid_hit,btc-updown-5m-1778791300,Down,0.5,20.0,20.0,,,,,
1778791300000000,FILL,maker_bid_hit,btc-updown-5m-1778791300,Down,0.5,20.0,20.0,,,,,
1778791300000000,FILL,maker_bid_hit,btc-updown-5m-1778791300,Up,0.5,20.0,20.0,,,,,
1778791300000000,FILL,maker_bid_hit,btc-updown-5m-1778791300,Down,0.5,20.0,20.0,,,,,
1778791300000000,FILL,maker_bid_hit,btc-updown-5m-1778791300,Down,0.5,20.0,20.0,,,,,
1778791300000000,FILL,maker_bid_hit,btc-updown-5m-1778791300,Down,0.5,20.0,20.0,,,,,
1778791300000000,TAKE,pat_pair_cost=0.9838,btc-updown-5m-1778791300,BOTH,0.9837506104222452,20.0,,,,20.0,0.0,0.9837506104222452
1778791300000000,TAKE,pat_pair_cost=1.0293,btc-updown-5m-1778791300,BOTH,1.0293460972915642,20.0,,,,20.0,20.0,1.0293460972915642
1778791600000000,LOG_SLUG_COMPLETE,slug_resolved,btc-updown-5m-1778791300,,,,,Down,-10.0449,,,
1778791600000000,POST_BID,post_initial_bid,btc-updown-5m-1778791600,Down,0.5,20.0,,,,,,
1778791600000000,POST_BID,post_initial_bid,btc-updown-5m-1778791600,Down,0.5,20.0,,,,,,
1778791600000000,POST_BID,post_initial_bid,btc-updown-5m-1778791600,Down,0.5,20.0,,,,,,
1778791600000000,POST_BID,post_initial_bid,btc-updown-5m-1778791600,Down,0.5,20.0,,,,,,
1778791600000000,POST_BID,post_initial_bid,btc-updown-5m-1778791600,Down,0.5,20.0,,,,,,
1778791600000000,POST_BID,post_initial_bid,btc-updown-5m-1778791600,Down,0.5,20.0,,,,,,
1778791600000000,POST_BID,post_initial_bid,btc-updown-5m-1778791600,Down,0.5,20.0,,,,,,
1778791600000000,POST_BID,post_initial_bid,btc-updown-5m-1778791600,Up,0.5,20.0,,,,,,
1778791600000000,POST_BID,post_initial_bid,btc-updown-5m-1778791600,Down,0.5,20.0,,,,,,
1778791600000000,POST_BID,post_initial_bid,btc-updown-5m-1778791600,Up,0.5,20.0,,,,,,
1778791600000000,POST_BID,post_initial_bid,btc-updown-5m-1778791600,Down,0.5,20.0,,,,,,
1778791600000000,POST_BID,post_initial_bid,btc-updown-5m-1778791600,Down,0.5,20.0,,,,,,
1778791600000000,POST_BID,post_initial_bid,btc-updown-5m-1778791600,Up,0.5,20.0,,,,,,
1778791600000000,POST_BID,post_initial_bid,btc-updown-5m-1778791600,Down,0.5,20.0,,,,,,
1778791600000000,POST_BID,post_initial_bid,btc-updown-5m-1778791600,Up,0.5,20.0,,,,,,
1778791600000000,POST_BID,post_initial_bid,btc-updown-5m-1778791600,Up,0.5,20.0,,,,,,
1778791600000000,POST_BID,post_initial_bid,btc-updown-5m-1778791600,Up,0.5,20.0,,,,,,
1778791600000000,POST_BID,post_initial_bid,btc-updown-5m-1778791600,Up,0.5,20.0,,,,,,
1778791600000000,POST_BID,post_initial_bid,btc-updown-5m-1778791600,Down,0.5,20.0,,,,,,
1778791600000000,POST_BID,post_initial_bid,btc-updown-5m-1778791600,Up,0.5,20.0,,,,,,
1778791600000000,POST_BID,post_initial_bid,btc-updown-5m-1778791600,Down,0.5,20.0,,,,,,
1778791600000000,POST_BID,post_initial_bid,btc-updown-5m-1778791600,Up,0.5,20.0,,,,,,
1778791600000000,POST_BID,post_initial_bid,btc-updown-5m-1778791600,Up,0.5,20.0,,,,,,
1778791600000000,POST_BID,post_initial_bid,btc-updown-5m-1778791600,Down,0.5,20.0,,,,,,
1778791600000000,POST_BID,post_initial_bid,btc-updown-5m-1778791600,Down,0.5,20.0,,,,,,
1778791600000000,POST_BID,post_initial_bid,btc-updown-5m-1778791600,Down,0.5,20.0,,,,,,
1778791600000000,POST_BID,post_initial_bid,btc-updown-5m-1778791600,Up,0.5,20.0,,,,,,
1778791600000000,POST_BID,post_initial_bid,btc-updown-5m-1778791600,Up,0.5,20.0,,,,,,
1778791600000000,POST_BID,post_initial_bid,btc-updown-5m-1778791600,Up,0.5,20.0,,,,,,
1778791600000000,POST_BID,post_initial_bid,btc-updown-5m-1778791600,Down,0.5,20.0,,,,,,
1778791600000000,POST_BID,post_initial_bid,btc-updown-5m-1778791600,Up,0.5,20.0,,,,,,
1778791600000000,POST_BID,post_initial_bid,btc-updown-5m-1778791600,Down,0.5,20.0,,,,,,
1778791600000000,POST_BID,post_initial_bid,btc-updown-5m-1778791600,Up,0.5,20.0,,,,,,
1778791600000000,POST_BID,post_initial_bid,btc-updown-5m-1778791600,Up,0.5,20.0,,,,,,
1778791600000000,POST_BID,post_initial_bid,btc-updown-5m-1778791600,Down,0.5,20.0,,,,,,
1778791600000000,POST_BID,post_initial_bid,btc-updown-5m-1778791600,Down,0.5,20.0,,,,,,
1778791600000000,POST_BID,post_initial_bid,btc-updown-5m-1778791600,Up,0.5,20.0,,,,,,
1778791600000000,POST_BID,post_initial_bid,btc-updown-5m-1778791600,Down,0.5,20.0,,,,,,
1778791600000000,POST_BID,post_initial_bid,btc-updown-5m-1778791600,Up,0.5,20.0,,,,,,
1778791600000000,POST_BID,post_initial_bid,btc-updown-5m-1778791600,Up,0.5,20.0,,,,,,
1778791600000000,POST_BID,post_initial_bid,btc-updown-5m-1778791600,Down,0.5,20.0,,,,,,
1778791600000000,POST_BID,post_initial_bid,btc-updown-5m-1778791600,Up,0.5,20.0,,,,,,
1778791600000000,POST_BID,post_initial_bid,btc-updown-5m-1778791600,Down,0.5,20.0,,,,,,
1778791600000000,POST_BID,post_initial_bid,btc-updown-5m-1778791600,Down,0.5,20.0,,,,,,
1778791600000000,POST_BID,post_initial_bid,btc-updown-5m-1778791600,Up,0.5,20.0,,,,,,
1778791600000000,POST_BID,post_initial_bid,btc-updown-5m-1778791600,Down,0.5,20.0,,,,,,
1778791600000000,POST_BID,post_initial_bid,btc-updown-5m-1778791600,Up,0.5,20.0,,,,,,
1778791600000000,POST_BID,post_initial_bid,btc-updown-5m-1778791600,Down,0.5,20.0,,,,,,
1778791600000000,POST_BID,post_initial_bid,btc-updown-5m-1778791600,Down,0.5,20.0,,,,,,
1778791600000000,POST_BID,post_initial_bid,btc-updown-5m-1778791600,Up,0.5,20.0,,,,,,
1778791600000000,POST_BID,post_initial_bid,btc-updown-5m-1778791600,Up,0.5,20.0,,,,,,
1778791600000000,POST_BID,post_initial_bid,btc-updown-5m-1778791600,Down,0.5,20.0,,,,,,
1778791600000000,POST_BID,post_initial_bid,btc-updown-5m-1778791600,Down,0.5,20.0,,,,,,
1778791600000000,POST_BID,post_initial_bid,btc-updown-5m-1778791600,Up,0.5,20.0,,,,,,
1778791600000000,POST_BID,post_initial_bid,btc-updown-5m-1778791600,Down,0.5,20.0,,,,,,
1778791600000000,POST_BID,post_initial_bid,btc-updown-5m-1778791600,Up,0.5,20.0,,,,,,
1778791600000000,POST_BID,post_initial_bid,btc-updown-5m-1778791600,Down,0.5,20.0,,,,,,
1778791600000000,POST_BID,post_initial_bid,btc-updown-5m-1778791600,Up,0.5,20.0,,,,,,
1778791600000000,POST_BID,post_initial_bid,btc-updown-5m-1778791600,Down,0.5,20.0,,,,,,
1778791600000000,POST_BID,post_initial_bid,btc-updown-5m-1778791600,Up,0.5,20.0,,,,,,
1778791600000000,POST_BID,post_initial_bid,btc-updown-5m-1778791600,Up,0.5,20.0,,,,,,
1778791600000000,POST_BID,post_initial_bid,btc-updown-5m-1778791600,Down,0.5,20.0,,,,,,
1778791600000000,POST_BID,post_initial_bid,btc-updown-5m-1778791600,Down,0.5,20.0,,,,,,
1778791600000000,POST_BID,post_initial_bid,btc-updown-5m-1778791600,Down,0.5,20.0,,,,,,
1778791600000000,POST_BID,post_initial_bid,btc-updown-5m-1778791600,Down,0.5,20.0,,,,,,
1778791600000000,POST_BID,post_initial_bid,btc-updown-5m-1778791600,Up,0.5,20.0,,,,,,
1778791600000000,POST_BID,post_initial_bid,btc-updown-5m-1778791600,Up,0.5,20.0,,,,,,
1778791600000000,POST_BID,post_initial_bid,btc-updown-5m-1778791600,Up,0.5,20.0,,,,,,
1778791600000000,POST_BID,post_initial_bid,btc-updown-5m-1778791600,Up,0.5,20.0,,,,,,
1778791600000000,POST_BID,post_initial_bid,btc-updown-5m-1778791600,Down,0.5,20.0,,,,,,
1778791600000000,POST_BID,post_initial_bid,btc-updown-5m-1778791600,Up,0.5,20.0,,,,,,
1778791600000000,POST_BID,post_initial_bid,btc-updown-5m-1778791600,Down,0.5,20.0,,,,,,
1778791600000000,POST_BID,post_initial_bid,btc-updown-5m-1778791600,Up,0.5,20.0,,,,,,
1778791600000000,POST_BID,post_initial_bid,btc-updown-5m-1778791600,Up,0.5,20.0,,,,,,
1778791600000000,POST_BID,post_initial_bid,btc-updown-5m-1778791600,Up,0.5,20.0,,,,,,
1778791600000000,POST_BID,post_initial_bid,btc-updown-5m-1778791600,Up,0.5,20.0,,,,,,
1778791600000000,POST_BID,post_initial_bid,btc-updown-5m-1778791600,Down,0.5,20.0,,,,,,
1778791600000000,POST_BID,post_initial_bid,btc-updown-5m-1778791600,Up,0.5,20.0,,,,,,
1778791600000000,POST_BID,post_initial_bid,btc-updown-5m-1778791600,Down,0.5,20.0,,,,,,
1778791600000000,POST_BID,post_initial_bid,btc-updown-5m-1778791600,Down,0.5,20.0,,,,,,
1778791600000000,POST_BID,post_initial_bid,btc-updown-5m-1778791600,Up,0.5,20.0,,,,,,
1778791600000000,POST_BID,post_initial_bid,btc-updown-5m-1778791600,Down,0.5,20.0,,,,,,
1778791600000000,POST_BID,post_initial_bid,btc-updown-5m-1778791600,Down,0.5,20.0,,,,,,
1778791600000000,FILL,maker_bid_hit,btc-updown-5m-1778791600,Up,0.5,20.0,20.0,,,,,
1778791600000000,FILL,maker_bid_hit,btc-updown-5m-1778791600,Down,0.5,20.0,20.0,,,,,
1778791600000000,FILL,maker_bid_hit,btc-updown-5m-1778791600,Down,0.5,20.0,20.0,,,,,
1778791600000000,FILL,maker_bid_hit,btc-updown-5m-1778791600,Up,0.5,20.0,20.0,,,,,
1778791600000000,FILL,maker_bid_hit,btc-updown-5m-1778791600,Up,0.5,20.0,20.0,,,,,
1778791600000000,FILL,maker_bid_hit,btc-updown-5m-1778791600,Up,0.5,20.0,20.0,,,,,
1778791600000000,FILL,maker_bid_hit,btc-updown-5m-1778791600,Up,0.5,20.0,20.0,,,,,
1778791600000000,FILL,maker_bid_hit,btc-updown-5m-1778791600,Up,0.5,20.0,20.0,,,,,
1778791600000000,FILL,maker_bid_hit,btc-updown-5m-1778791600,Up,0.5,20.0,20.0,,,,,
1778791600000000,FILL,maker_bid_hit,btc-updown-5m-1778791600,Down,0.5,20.0,20.0,,,,,
1778791900000000,LOG_SLUG_COMPLETE,slug_resolved,btc-updown-5m-1778791600,,,,,Down,-9.4993,,,
1778791900000000,POST_BID,post_initial_bid,btc-updown-5m-1778791900,Up,0.5,20.0,,,,,,
1778791900000000,POST_BID,post_initial_bid,btc-updown-5m-1778791900,Up,0.5,20.0,,,,,,
1778791900000000,POST_BID,post_initial_bid,btc-updown-5m-1778791900,Down,0.5,20.0,,,,,,
1778791900000000,POST_BID,post_initial_bid,btc-updown-5m-1778791900,Up,0.5,20.0,,,,,,
1778791900000000,POST_BID,post_initial_bid,btc-updown-5m-1778791900,Down,0.5,20.0,,,,,,
1778791900000000,POST_BID,post_initial_bid,btc-updown-5m-1778791900,Down,0.5,20.0,,,,,,
1778791900000000,POST_BID,post_initial_bid,btc-updown-5m-1778791900,Up,0.5,20.0,,,,,,
1778791900000000,POST_BID,post_initial_bid,btc-updown-5m-1778791900,Down,0.5,20.0,,,,,,
1778791900000000,POST_BID,post_initial_bid,btc-updown-5m-1778791900,Up,0.5,20.0,,,,,,
1778791900000000,POST_BID,post_initial_bid,btc-updown-5m-1778791900,Down,0.5,20.0,,,,,,
1778791900000000,POST_BID,post_initial_bid,btc-updown-5m-1778791900,Up,0.5,20.0,,,,,,
1778791900000000,POST_BID,post_initial_bid,btc-updown-5m-1778791900,Up,0.5,20.0,,,,,,
1778791900000000,POST_BID,post_initial_bid,btc-updown-5m-1778791900,Up,0.5,20.0,,,,,,
1778791900000000,POST_BID,post_initial_bid,btc-updown-5m-1778791900,Up,0.5,20.0,,,,,,
1778791900000000,POST_BID,post_initial_bid,btc-updown-5m-1778791900,Down,0.5,20.0,,,,,,
1778791900000000,POST_BID,post_initial_bid,btc-updown-5m-1778791900,Up,0.5,20.0,,,,,,
1778791900000000,POST_BID,post_initial_bid,btc-updown-5m-1778791900,Up,0.5,20.0,,,,,,
1778791900000000,POST_BID,post_initial_bid,btc-updown-5m-1778791900,Up,0.5,20.0,,,,,,
1778791900000000,POST_BID,post_initial_bid,btc-updown-5m-1778791900,Down,0.5,20.0,,,,,,
1778791900000000,POST_BID,post_initial_bid,btc-updown-5m-1778791900,Up,0.5,20.0,,,,,,
1778791900000000,POST_BID,post_initial_bid,btc-updown-5m-1778791900,Down,0.5,20.0,,,,,,
1778791900000000,POST_BID,post_initial_bid,btc-updown-5m-1778791900,Down,0.5,20.0,,,,,,
1778791900000000,POST_BID,post_initial_bid,btc-updown-5m-1778791900,Up,0.5,20.0,,,,,,
1778791900000000,POST_BID,post_initial_bid,btc-updown-5m-1778791900,Down,0.5,20.0,,,,,,
1778791900000000,POST_BID,post_initial_bid,btc-updown-5m-1778791900,Down,0.5,20.0,,,,,,
1778791900000000,POST_BID,post_initial_bid,btc-updown-5m-1778791900,Up,0.5,20.0,,,,,,
1778791900000000,POST_BID,post_initial_bid,btc-updown-5m-1778791900,Down,0.5,20.0,,,,,,
1778791900000000,POST_BID,post_initial_bid,btc-updown-5m-1778791900,Up,0.5,20.0,,,,,,
1778791900000000,POST_BID,post_initial_bid,btc-updown-5m-1778791900,Down,0.5,20.0,,,,,,
1778791900000000,POST_BID,post_initial_bid,btc-updown-5m-1778791900,Up,0.5,20.0,,,,,,
1778791900000000,POST_BID,post_initial_bid,btc-updown-5m-1778791900,Up,0.5,20.0,,,,,,
1778791900000000,POST_BID,post_initial_bid,btc-updown-5m-1778791900,Down,0.5,20.0,,,,,,
1778791900000000,POST_BID,post_initial_bid,btc-updown-5m-1778791900,Down,0.5,20.0,,,,,,
1778791900000000,POST_BID,post_initial_bid,btc-updown-5m-1778791900,Down,0.5,20.0,,,,,,
1778791900000000,POST_BID,post_initial_bid,btc-updown-5m-1778791900,Up,0.5,20.0,,,,,,
1778791900000000,POST_BID,post_initial_bid,btc-updown-5m-1778791900,Down,0.5,20.0,,,,,,
1778791900000000,POST_BID,post_initial_bid,btc-updown-5m-1778791900,Up,0.5,20.0,,,,,,
1778791900000000,POST_BID,post_initial_bid,btc-updown-5m-1778791900,Down,0.5,20.0,,,,,,
1778791900000000,POST_BID,post_initial_bid,btc-updown-5m-1778791900,Down,0.5,20.0,,,,,,
1778791900000000,POST_BID,post_initial_bid,btc-updown-5m-1778791900,Down,0.5,20.0,,,,,,
1778791900000000,POST_BID,post_initial_bid,btc-updown-5m-1778791900,Up,0.5,20.0,,,,,,
1778791900000000,POST_BID,post_initial_bid,btc-updown-5m-1778791900,Up,0.5,20.0,,,,,,
1778791900000000,POST_BID,post_initial_bid,btc-updown-5m-1778791900,Up,0.5,20.0,,,,,,
1778791900000000,POST_BID,post_initial_bid,btc-updown-5m-1778791900,Up,0.5,20.0,,,,,,
1778791900000000,POST_BID,post_initial_bid,btc-updown-5m-1778791900,Up,0.5,20.0,,,,,,
1778791900000000,POST_BID,post_initial_bid,btc-updown-5m-1778791900,Up,0.5,20.0,,,,,,
1778791900000000,POST_BID,post_initial_bid,btc-updown-5m-1778791900,Up,0.5,20.0,,,,,,
1778791900000000,POST_BID,post_initial_bid,btc-updown-5m-1778791900,Down,0.5,20.0,,,,,,
1778791900000000,POST_BID,post_initial_bid,btc-updown-5m-1778791900,Down,0.5,20.0,,,,,,
1778791900000000,POST_BID,post_initial_bid,btc-updown-5m-1778791900,Up,0.5,20.0,,,,,,
1778791900000000,POST_BID,post_initial_bid,btc-updown-5m-1778791900,Up,0.5,20.0,,,,,,
1778791900000000,POST_BID,post_initial_bid,btc-updown-5m-1778791900,Down,0.5,20.0,,,,,,
1778791900000000,POST_BID,post_initial_bid,btc-updown-5m-1778791900,Down,0.5,20.0,,,,,,
1778791900000000,POST_BID,post_initial_bid,btc-updown-5m-1778791900,Up,0.5,20.0,,,,,,
1778791900000000,POST_BID,post_initial_bid,btc-updown-5m-1778791900,Up,0.5,20.0,,,,,,
1778791900000000,POST_BID,post_initial_bid,btc-updown-5m-1778791900,Down,0.5,20.0,,,,,,
1778791900000000,POST_BID,post_initial_bid,btc-updown-5m-1778791900,Up,0.5,20.0,,,,,,
1778791900000000,POST_BID,post_initial_bid,btc-updown-5m-1778791900,Up,0.5,20.0,,,,,,
1778791900000000,POST_BID,post_initial_bid,btc-updown-5m-1778791900,Up,0.5,20.0,,,,,,
1778791900000000,POST_BID,post_initial_bid,btc-updown-5m-1778791900,Up,0.5,20.0,,,,,,
1778791900000000,POST_BID,post_initial_bid,btc-updown-5m-1778791900,Down,0.5,20.0,,,,,,
1778791900000000,POST_BID,post_initial_bid,btc-updown-5m-1778791900,Down,0.5,20.0,,,,,,
1778791900000000,POST_BID,post_initial_bid,btc-updown-5m-1778791900,Down,0.5,20.0,,,,,,
1778791900000000,POST_BID,post_initial_bid,btc-updown-5m-1778791900,Down,0.5,20.0,,,,,,
1778791900000000,POST_BID,post_initial_bid,btc-updown-5m-1778791900,Down,0.5,20.0,,,,,,
1778791900000000,POST_BID,post_initial_bid,btc-updown-5m-1778791900,Down,0.5,20.0,,,,,,
1778791900000000,POST_BID,post_initial_bid,btc-updown-5m-1778791900,Up,0.5,20.0,,,,,,
1778791900000000,POST_BID,post_initial_bid,btc-updown-5m-1778791900,Up,0.5,20.0,,,,,,
1778791900000000,POST_BID,post_initial_bid,btc-updown-5m-1778791900,Down,0.5,20.0,,,,,,
1778791900000000,POST_BID,post_initial_bid,btc-updown-5m-1778791900,Down,0.5,20.0,,,,,,
1778791900000000,POST_BID,post_initial_bid,btc-updown-5m-1778791900,Up,0.5,20.0,,,,,,
1778791900000000,POST_BID,post_initial_bid,btc-updown-5m-1778791900,Down,0.5,20.0,,,,,,
1778791900000000,POST_BID,post_initial_bid,btc-updown-5m-1778791900,Down,0.5,20.0,,,,,,
1778791900000000,POST_BID,post_initial_bid,btc-updown-5m-1778791900,Down,0.5,20.0,,,,,,
1778791900000000,POST_BID,post_initial_bid,btc-updown-5m-1778791900,Up,0.5,20.0,,,,,,
1778791900000000,POST_BID,post_initial_bid,btc-updown-5m-1778791900,Down,0.5,20.0,,,,,,
1778791900000000,POST_BID,post_initial_bid,btc-updown-5m-1778791900,Down,0.5,20.0,,,,,,
1778791900000000,POST_BID,post_initial_bid,btc-updown-5m-1778791900,Down,0.5,20.0,,,,,,
1778791900000000,POST_BID,post_initial_bid,btc-updown-5m-1778791900,Up,0.5,20.0,,,,,,
1778791900000000,POST_BID,post_initial_bid,btc-updown-5m-1778791900,Up,0.5,20.0,,,,,,
1778791900000000,POST_BID,post_initial_bid,btc-updown-5m-1778791900,Down,0.5,20.0,,,,,,
1778791900000000,POST_BID,post_initial_bid,btc-updown-5m-1778791900,Up,0.5,20.0,,,,,,
1778791900000000,POST_BID,post_initial_bid,btc-updown-5m-1778791900,Up,0.5,20.0,,,,,,
1778791900000000,POST_BID,post_initial_bid,btc-updown-5m-1778791900,Down,0.5,20.0,,,,,,
1778791900000000,POST_BID,post_initial_bid,btc-updown-5m-1778791900,Up,0.5,20.0,,,,,,
1778791900000000,POST_BID,post_initial_bid,btc-updown-5m-1778791900,Up,0.5,20.0,,,,,,
1778791900000000,POST_BID,post_initial_bid,btc-updown-5m-1778791900,Down,0.5,20.0,,,,,,
1778791900000000,POST_BID,post_initial_bid,btc-updown-5m-1778791900,Down,0.5,20.0,,,,,,
1778791900000000,POST_BID,post_initial_bid,btc-updown-5m-1778791900,Up,0.5,20.0,,,,,,
1778791900000000,POST_BID,post_initial_bid,btc-updown-5m-1778791900,Down,0.5,20.0,,,,,,
1778791900000000,POST_BID,post_initial_bid,btc-updown-5m-1778791900,Down,0.5,20.0,,,,,,
1778791900000000,POST_BID,post_initial_bid,btc-updown-5m-1778791900,Down,0.5,20.0,,,,,,
1778791900000000,FILL,maker_bid_hit,btc-updown-5m-1778791900,Up,0.5,20.0,20.0,,,,,
1778791900000000,FILL,maker_bid_hit,btc-updown-5m-1778791900,Up,0.5,20.0,20.0,,,,,
1778791900000000,FILL,maker_bid_hit,btc-updown-5m-1778791900,Up,0.5,20.0,20.0,,,,,
1778791900000000,FILL,maker_bid_hit,btc-updown-5m-1778791900,Down,0.5,20.0,20.0,,,,,
1778791900000000,FILL,maker_bid_hit,btc-updown-5m-1778791900,Up,0.5,20.0,20.0,,,,,
1778791900000000,FILL,maker_bid_hit,btc-updown-5m-1778791900,Up,0.5,20.0,20.0,,,,,
1778791900000000,FILL,maker_bid_hit,btc-updown-5m-1778791900,Up,0.5,20.0,20.0,,,,,
1778791900000000,FILL,maker_bid_hit,btc-updown-5m-1778791900,Down,0.5,20.0,20.0,,,,,
1778791900000000,TAKE,pat_pair_cost=0.9731,btc-updown-5m-1778791900,BOTH,0.9731079747051354,20.0,,,,20.0,20.0,0.9731079747051354
1778791900000000,TAKE,pat_pair_cost=0.9664,btc-updown-5m-1778791900,BOTH,0.9664195315748171,20.0,,,,20.0,20.0,0.9664195315748171
1778792200000000,LOG_SLUG_COMPLETE,slug_resolved,btc-updown-5m-1778791900,,,,,Down,-1.8867,,,
1778792200000000,POST_BID,post_initial_bid,btc-updown-5m-1778792200,Up,0.5,20.0,,,,,,
1778792200000000,POST_BID,post_initial_bid,btc-updown-5m-1778792200,Down,0.5,20.0,,,,,,
1778792200000000,POST_BID,post_initial_bid,btc-updown-5m-1778792200,Up,0.5,20.0,,,,,,
1778792200000000,POST_BID,post_initial_bid,btc-updown-5m-1778792200,Up,0.5,20.0,,,,,,
1778792200000000,POST_BID,post_initial_bid,btc-updown-5m-1778792200,Up,0.5,20.0,,,,,,
1778792200000000,POST_BID,post_initial_bid,btc-updown-5m-1778792200,Down,0.5,20.0,,,,,,
1778792200000000,POST_BID,post_initial_bid,btc-updown-5m-1778792200,Down,0.5,20.0,,,,,,
1778792200000000,POST_BID,post_initial_bid,btc-updown-5m-1778792200,Down,0.5,20.0,,,,,,
1778792200000000,POST_BID,post_initial_bid,btc-updown-5m-1778792200,Up,0.5,20.0,,,,,,
1778792200000000,POST_BID,post_initial_bid,btc-updown-5m-1778792200,Up,0.5,20.0,,,,,,
1778792200000000,POST_BID,post_initial_bid,btc-updown-5m-1778792200,Down,0.5,20.0,,,,,,
1778792200000000,POST_BID,post_initial_bid,btc-updown-5m-1778792200,Up,0.5,20.0,,,,,,
1778792200000000,POST_BID,post_initial_bid,btc-updown-5m-1778792200,Down,0.5,20.0,,,,,,
1778792200000000,POST_BID,post_initial_bid,btc-updown-5m-1778792200,Up,0.5,20.0,,,,,,
1778792200000000,POST_BID,post_initial_bid,btc-updown-5m-1778792200,Up,0.5,20.0,,,,,,
1778792200000000,POST_BID,post_initial_bid,btc-updown-5m-1778792200,Down,0.5,20.0,,,,,,
1778792200000000,POST_BID,post_initial_bid,btc-updown-5m-1778792200,Up,0.5,20.0,,,,,,
1778792200000000,POST_BID,post_initial_bid,btc-updown-5m-1778792200,Up,0.5,20.0,,,,,,
1778792200000000,POST_BID,post_initial_bid,btc-updown-5m-1778792200,Down,0.5,20.0,,,,,,
1778792200000000,POST_BID,post_initial_bid,btc-updown-5m-1778792200,Down,0.5,20.0,,,,,,
1778792200000000,POST_BID,post_initial_bid,btc-updown-5m-1778792200,Down,0.5,20.0,,,,,,
1778792200000000,POST_BID,post_initial_bid,btc-updown-5m-1778792200,Down,0.5,20.0,,,,,,
1778792200000000,POST_BID,post_initial_bid,btc-updown-5m-1778792200,Down,0.5,20.0,,,,,,
1778792200000000,POST_BID,post_initial_bid,btc-updown-5m-1778792200,Down,0.5,20.0,,,,,,
1778792200000000,POST_BID,post_initial_bid,btc-updown-5m-1778792200,Down,0.5,20.0,,,,,,
1778792200000000,POST_BID,post_initial_bid,btc-updown-5m-1778792200,Up,0.5,20.0,,,,,,
1778792200000000,POST_BID,post_initial_bid,btc-updown-5m-1778792200,Up,0.5,20.0,,,,,,
1778792200000000,POST_BID,post_initial_bid,btc-updown-5m-1778792200,Down,0.5,20.0,,,,,,
1778792200000000,POST_BID,post_initial_bid,btc-updown-5m-1778792200,Up,0.5,20.0,,,,,,
1778792200000000,POST_BID,post_initial_bid,btc-updown-5m-1778792200,Down,0.5,20.0,,,,,,
1778792200000000,POST_BID,post_initial_bid,btc-updown-5m-1778792200,Down,0.5,20.0,,,,,,
1778792200000000,POST_BID,post_initial_bid,btc-updown-5m-1778792200,Down,0.5,20.0,,,,,,
1778792200000000,POST_BID,post_initial_bid,btc-updown-5m-1778792200,Up,0.5,20.0,,,,,,
1778792200000000,POST_BID,post_initial_bid,btc-updown-5m-1778792200,Up,0.5,20.0,,,,,,
1778792200000000,POST_BID,post_initial_bid,btc-updown-5m-1778792200,Up,0.5,20.0,,,,,,
1778792200000000,POST_BID,post_initial_bid,btc-updown-5m-1778792200,Up,0.5,20.0,,,,,,
1778792200000000,POST_BID,post_initial_bid,btc-updown-5m-1778792200,Down,0.5,20.0,,,,,,
1778792200000000,POST_BID,post_initial_bid,btc-updown-5m-1778792200,Down,0.5,20.0,,,,,,
1778792200000000,POST_BID,post_initial_bid,btc-updown-5m-1778792200,Up,0.5,20.0,,,,,,
1778792200000000,POST_BID,post_initial_bid,btc-updown-5m-1778792200,Down,0.5,20.0,,,,,,
1778792200000000,POST_BID,post_initial_bid,btc-updown-5m-1778792200,Up,0.5,20.0,,,,,,
1778792200000000,POST_BID,post_initial_bid,btc-updown-5m-1778792200,Down,0.5,20.0,,,,,,
1778792200000000,POST_BID,post_initial_bid,btc-updown-5m-1778792200,Down,0.5,20.0,,,,,,
1778792200000000,POST_BID,post_initial_bid,btc-updown-5m-1778792200,Down,0.5,20.0,,,,,,
1778792200000000,POST_BID,post_initial_bid,btc-updown-5m-1778792200,Down,0.5,20.0,,,,,,
1778792200000000,POST_BID,post_initial_bid,btc-updown-5m-1778792200,Down,0.5,20.0,,,,,,
1778792200000000,POST_BID,post_initial_bid,btc-updown-5m-1778792200,Up,0.5,20.0,,,,,,
1778792200000000,POST_BID,post_initial_bid,btc-updown-5m-1778792200,Down,0.5,20.0,,,,,,
1778792200000000,POST_BID,post_initial_bid,btc-updown-5m-1778792200,Up,0.5,20.0,,,,,,
1778792200000000,POST_BID,post_initial_bid,btc-updown-5m-1778792200,Up,0.5,20.0,,,,,,
1778792200000000,POST_BID,post_initial_bid,btc-updown-5m-1778792200,Down,0.5,20.0,,,,,,
1778792200000000,POST_BID,post_initial_bid,btc-updown-5m-1778792200,Down,0.5,20.0,,,,,,
1778792200000000,POST_BID,post_initial_bid,btc-updown-5m-1778792200,Down,0.5,20.0,,,,,,
1778792200000000,POST_BID,post_initial_bid,btc-updown-5m-1778792200,Up,0.5,20.0,,,,,,
1778792200000000,POST_BID,post_initial_bid,btc-updown-5m-1778792200,Up,0.5,20.0,,,,,,
1778792200000000,POST_BID,post_initial_bid,btc-updown-5m-1778792200,Up,0.5,20.0,,,,,,
1778792200000000,POST_BID,post_initial_bid,btc-updown-5m-1778792200,Down,0.5,20.0,,,,,,
1778792200000000,POST_BID,post_initial_bid,btc-updown-5m-1778792200,Down,0.5,20.0,,,,,,
1778792200000000,POST_BID,post_initial_bid,btc-updown-5m-1778792200,Down,0.5,20.0,,,,,,
1778792200000000,POST_BID,post_initial_bid,btc-updown-5m-1778792200,Up,0.5,20.0,,,,,,
1778792200000000,POST_BID,post_initial_bid,btc-updown-5m-1778792200,Up,0.5,20.0,,,,,,
1778792200000000,POST_BID,post_initial_bid,btc-updown-5m-1778792200,Down,0.5,20.0,,,,,,
1778792200000000,POST_BID,post_initial_bid,btc-updown-5m-1778792200,Up,0.5,20.0,,,,,,
1778792200000000,POST_BID,post_initial_bid,btc-updown-5m-1778792200,Down,0.5,20.0,,,,,,
1778792200000000,POST_BID,post_initial_bid,btc-updown-5m-1778792200,Up,0.5,20.0,,,,,,
1778792200000000,FILL,maker_bid_hit,btc-updown-5m-1778792200,Up,0.5,20.0,20.0,,,,,
1778792200000000,FILL,maker_bid_hit,btc-updown-5m-1778792200,Down,0.5,20.0,20.0,,,,,
1778792200000000,FILL,maker_bid_hit,btc-updown-5m-1778792200,Up,0.5,20.0,20.0,,,,,
1778792200000000,FILL,maker_bid_hit,btc-updown-5m-1778792200,Up,0.5,20.0,20.0,,,,,
1778792200000000,FILL,maker_bid_hit,btc-updown-5m-1778792200,Down,0.5,20.0,20.0,,,,,
1778792200000000,FILL,maker_bid_hit,btc-updown-5m-1778792200,Up,0.5,20.0,20.0,,,,,
1778792200000000,FILL,maker_bid_hit,btc-updown-5m-1778792200,Down,0.5,20.0,20.0,,,,,
1778792200000000,FILL,maker_bid_hit,btc-updown-5m-1778792200,Up,0.5,20.0,20.0,,,,,
1778792200000000,FILL,maker_bid_hit,btc-updown-5m-1778792200,Down,0.5,20.0,20.0,,,,,
1778792200000000,FILL,maker_bid_hit,btc-updown-5m-1778792200,Up,0.5,20.0,20.0,,,,,
1778792200000000,FILL,maker_bid_hit,btc-updown-5m-1778792200,Up,0.5,20.0,20.0,,,,,
1778792200000000,FILL,maker_bid_hit,btc-updown-5m-1778792200,Down,0.5,20.0,20.0,,,,,
1778792200000000,FILL,maker_bid_hit,btc-updown-5m-1778792200,Down,0.5,20.0,20.0,,,,,
1778792200000000,FILL,maker_bid_hit,btc-updown-5m-1778792200,Up,0.5,20.0,20.0,,,,,
1778792200000000,FILL,maker_bid_hit,btc-updown-5m-1778792200,Down,0.5,20.0,20.0,,,,,
1778792500000000,LOG_SLUG_COMPLETE,slug_resolved,btc-updown-5m-1778792200,,,,,Down,-2.3364,,,
1778792500000000,POST_BID,post_initial_bid,btc-updown-5m-1778792500,Up,0.5,20.0,,,,,,
1778792500000000,POST_BID,post_initial_bid,btc-updown-5m-1778792500,Down,0.5,20.0,,,,,,
1778792500000000,POST_BID,post_initial_bid,btc-updown-5m-1778792500,Up,0.5,20.0,,,,,,
1778792500000000,POST_BID,post_initial_bid,btc-updown-5m-1778792500,Down,0.5,20.0,,,,,,
1778792500000000,POST_BID,post_initial_bid,btc-updown-5m-1778792500,Up,0.5,20.0,,,,,,
1778792500000000,POST_BID,post_initial_bid,btc-updown-5m-1778792500,Up,0.5,20.0,,,,,,
1778792500000000,POST_BID,post_initial_bid,btc-updown-5m-1778792500,Up,0.5,20.0,,,,,,
1778792500000000,POST_BID,post_initial_bid,btc-updown-5m-1778792500,Up,0.5,20.0,,,,,,
1778792500000000,POST_BID,post_initial_bid,btc-updown-5m-1778792500,Down,0.5,20.0,,,,,,
1778792500000000,POST_BID,post_initial_bid,btc-updown-5m-1778792500,Down,0.5,20.0,,,,,,
1778792500000000,POST_BID,post_initial_bid,btc-updown-5m-1778792500,Down,0.5,20.0,,,,,,
1778792500000000,POST_BID,post_initial_bid,btc-updown-5m-1778792500,Up,0.5,20.0,,,,,,
1778792500000000,POST_BID,post_initial_bid,btc-updown-5m-1778792500,Up,0.5,20.0,,,,,,
1778792500000000,POST_BID,post_initial_bid,btc-updown-5m-1778792500,Down,0.5,20.0,,,,,,
1778792500000000,POST_BID,post_initial_bid,btc-updown-5m-1778792500,Up,0.5,20.0,,,,,,
1778792500000000,POST_BID,post_initial_bid,btc-updown-5m-1778792500,Up,0.5,20.0,,,,,,
1778792500000000,POST_BID,post_initial_bid,btc-updown-5m-1778792500,Down,0.5,20.0,,,,,,
1778792500000000,POST_BID,post_initial_bid,btc-updown-5m-1778792500,Down,0.5,20.0,,,,,,
1778792500000000,POST_BID,post_initial_bid,btc-updown-5m-1778792500,Up,0.5,20.0,,,,,,
1778792500000000,POST_BID,post_initial_bid,btc-updown-5m-1778792500,Down,0.5,20.0,,,,,,
1778792500000000,POST_BID,post_initial_bid,btc-updown-5m-1778792500,Down,0.5,20.0,,,,,,
1778792500000000,POST_BID,post_initial_bid,btc-updown-5m-1778792500,Up,0.5,20.0,,,,,,
1778792500000000,POST_BID,post_initial_bid,btc-updown-5m-1778792500,Down,0.5,20.0,,,,,,
1778792500000000,POST_BID,post_initial_bid,btc-updown-5m-1778792500,Down,0.5,20.0,,,,,,
1778792500000000,POST_BID,post_initial_bid,btc-updown-5m-1778792500,Up,0.5,20.0,,,,,,
1778792500000000,POST_BID,post_initial_bid,btc-updown-5m-1778792500,Down,0.5,20.0,,,,,,
1778792500000000,POST_BID,post_initial_bid,btc-updown-5m-1778792500,Down,0.5,20.0,,,,,,
1778792500000000,POST_BID,post_initial_bid,btc-updown-5m-1778792500,Up,0.5,20.0,,,,,,
1778792500000000,POST_BID,post_initial_bid,btc-updown-5m-1778792500,Up,0.5,20.0,,,,,,
1778792500000000,POST_BID,post_initial_bid,btc-updown-5m-1778792500,Down,0.5,20.0,,,,,,
1778792500000000,POST_BID,post_initial_bid,btc-updown-5m-1778792500,Down,0.5,20.0,,,,,,
1778792500000000,POST_BID,post_initial_bid,btc-updown-5m-1778792500,Down,0.5,20.0,,,,,,
1778792500000000,POST_BID,post_initial_bid,btc-updown-5m-1778792500,Down,0.5,20.0,,,,,,
1778792500000000,POST_BID,post_initial_bid,btc-updown-5m-1778792500,Up,0.5,20.0,,,,,,
1778792500000000,POST_BID,post_initial_bid,btc-updown-5m-1778792500,Up,0.5,20.0,,,,,,
1778792500000000,POST_BID,post_initial_bid,btc-updown-5m-1778792500,Up,0.5,20.0,,,,,,
1778792500000000,POST_BID,post_initial_bid,btc-updown-5m-1778792500,Up,0.5,20.0,,,,,,
1778792500000000,POST_BID,post_initial_bid,btc-updown-5m-1778792500,Down,0.5,20.0,,,,,,
1778792500000000,POST_BID,post_initial_bid,btc-updown-5m-1778792500,Down,0.5,20.0,,,,,,
1778792500000000,POST_BID,post_initial_bid,btc-updown-5m-1778792500,Up,0.5,20.0,,,,,,
1778792500000000,POST_BID,post_initial_bid,btc-updown-5m-1778792500,Down,0.5,20.0,,,,,,
1778792500000000,POST_BID,post_initial_bid,btc-updown-5m-1778792500,Up,0.5,20.0,,,,,,
1778792500000000,POST_BID,post_initial_bid,btc-updown-5m-1778792500,Down,0.5,20.0,,,,,,
1778792500000000,POST_BID,post_initial_bid,btc-updown-5m-1778792500,Up,0.5,20.0,,,,,,
1778792500000000,POST_BID,post_initial_bid,btc-updown-5m-1778792500,Down,0.5,20.0,,,,,,
1778792500000000,POST_BID,post_initial_bid,btc-updown-5m-1778792500,Up,0.5,20.0,,,,,,
1778792500000000,POST_BID,post_initial_bid,btc-updown-5m-1778792500,Down,0.5,20.0,,,,,,
1778792500000000,POST_BID,post_initial_bid,btc-updown-5m-1778792500,Down,0.5,20.0,,,,,,
1778792500000000,POST_BID,post_initial_bid,btc-updown-5m-1778792500,Down,0.5,20.0,,,,,,
1778792500000000,POST_BID,post_initial_bid,btc-updown-5m-1778792500,Down,0.5,20.0,,,,,,
1778792500000000,POST_BID,post_initial_bid,btc-updown-5m-1778792500,Down,0.5,20.0,,,,,,
1778792500000000,POST_BID,post_initial_bid,btc-updown-5m-1778792500,Up,0.5,20.0,,,,,,
1778792500000000,POST_BID,post_initial_bid,btc-updown-5m-1778792500,Down,0.5,20.0,,,,,,
1778792500000000,POST_BID,post_initial_bid,btc-updown-5m-1778792500,Down,0.5,20.0,,,,,,
1778792500000000,POST_BID,post_initial_bid,btc-updown-5m-1778792500,Down,0.5,20.0,,,,,,
1778792500000000,POST_BID,post_initial_bid,btc-updown-5m-1778792500,Up,0.5,20.0,,,,,,
1778792500000000,POST_BID,post_initial_bid,btc-updown-5m-1778792500,Up,0.5,20.0,,,,,,
1778792500000000,POST_BID,post_initial_bid,btc-updown-5m-1778792500,Down,0.5,20.0,,,,,,
1778792500000000,POST_BID,post_initial_bid,btc-updown-5m-1778792500,Up,0.5,20.0,,,,,,
1778792500000000,POST_BID,post_initial_bid,btc-updown-5m-1778792500,Down,0.5,20.0,,,,,,
1778792500000000,POST_BID,post_initial_bid,btc-updown-5m-1778792500,Up,0.5,20.0,,,,,,
1778792500000000,POST_BID,post_initial_bid,btc-updown-5m-1778792500,Down,0.5,20.0,,,,,,
1778792500000000,POST_BID,post_initial_bid,btc-updown-5m-1778792500,Down,0.5,20.0,,,,,,
1778792500000000,POST_BID,post_initial_bid,btc-updown-5m-1778792500,Up,0.5,20.0,,,,,,
1778792500000000,POST_BID,post_initial_bid,btc-updown-5m-1778792500,Up,0.5,20.0,,,,,,
1778792500000000,POST_BID,post_initial_bid,btc-updown-5m-1778792500,Up,0.5,20.0,,,,,,
1778792500000000,POST_BID,post_initial_bid,btc-updown-5m-1778792500,Up,0.5,20.0,,,,,,
1778792500000000,POST_BID,post_initial_bid,btc-updown-5m-1778792500,Up,0.5,20.0,,,,,,
1778792500000000,POST_BID,post_initial_bid,btc-updown-5m-1778792500,Down,0.5,20.0,,,,,,
1778792500000000,POST_BID,post_initial_bid,btc-updown-5m-1778792500,Down,0.5,20.0,,,,,,
1778792500000000,POST_BID,post_initial_bid,btc-updown-5m-1778792500,Down,0.5,20.0,,,,,,
1778792500000000,POST_BID,post_initial_bid,btc-updown-5m-1778792500,Down,0.5,20.0,,,,,,
1778792500000000,POST_BID,post_initial_bid,btc-updown-5m-1778792500,Up,0.5,20.0,,,,,,
1778792500000000,POST_BID,post_initial_bid,btc-updown-5m-1778792500,Down,0.5,20.0,,,,,,
1778792500000000,POST_BID,post_initial_bid,btc-updown-5m-1778792500,Up,0.5,20.0,,,,,,
1778792500000000,POST_BID,post_initial_bid,btc-updown-5m-1778792500,Up,0.5,20.0,,,,,,
1778792500000000,POST_BID,post_initial_bid,btc-updown-5m-1778792500,Up,0.5,20.0,,,,,,
1778792500000000,POST_BID,post_initial_bid,btc-updown-5m-1778792500,Up,0.5,20.0,,,,,,
1778792500000000,POST_BID,post_initial_bid,btc-updown-5m-1778792500,Down,0.5,20.0,,,,,,
1778792500000000,POST_BID,post_initial_bid,btc-updown-5m-1778792500,Up,0.5,20.0,,,,,,
1778792500000000,POST_BID,post_initial_bid,btc-updown-5m-1778792500,Down,0.5,20.0,,,,,,
1778792500000000,POST_BID,post_initial_bid,btc-updown-5m-1778792500,Up,0.5,20.0,,,,,,
1778792500000000,POST_BID,post_initial_bid,btc-updown-5m-1778792500,Down,0.5,20.0,,,,,,
1778792500000000,POST_BID,post_initial_bid,btc-updown-5m-1778792500,Up,0.5,20.0,,,,,,
1778792500000000,POST_BID,post_initial_bid,btc-updown-5m-1778792500,Down,0.5,20.0,,,,,,
1778792500000000,POST_BID,post_initial_bid,btc-updown-5m-1778792500,Down,0.5,20.0,,,,,,
1778792500000000,POST_BID,post_initial_bid,btc-updown-5m-1778792500,Up,0.5,20.0,,,,,,
1778792500000000,POST_BID,post_initial_bid,btc-updown-5m-1778792500,Up,0.5,20.0,,,,,,
1778792500000000,POST_BID,post_initial_bid,btc-updown-5m-1778792500,Up,0.5,20.0,,,,,,
1778792500000000,POST_BID,post_initial_bid,btc-updown-5m-1778792500,Up,0.5,20.0,,,,,,
1778792500000000,POST_BID,post_initial_bid,btc-updown-5m-1778792500,Down,0.5,20.0,,,,,,
1778792500000000,POST_BID,post_initial_bid,btc-updown-5m-1778792500,Up,0.5,20.0,,,,,,
1778792500000000,POST_BID,post_initial_bid,btc-updown-5m-1778792500,Up,0.5,20.0,,,,,,
1778792500000000,POST_BID,post_initial_bid,btc-updown-5m-1778792500,Up,0.5,20.0,,,,,,
1778792500000000,POST_BID,post_initial_bid,btc-updown-5m-1778792500,Up,0.5,20.0,,,,,,
1778792500000000,FILL,maker_bid_hit,btc-updown-5m-1778792500,Down,0.5,20.0,20.0,,,,,
1778792500000000,FILL,maker_bid_hit,btc-updown-5m-1778792500,Down,0.5,20.0,20.0,,,,,
1778792500000000,FILL,maker_bid_hit,btc-updown-5m-1778792500,Up,0.5,20.0,20.0,,,,,
1778792500000000,FILL,maker_bid_hit,btc-updown-5m-1778792500,Down,0.5,20.0,20.0,,,,,
1778792500000000,FILL,maker_bid_hit,btc-updown-5m-1778792500,Down,0.5,20.0,20.0,,,,,
1778792500000000,FILL,maker_bid_hit,btc-updown-5m-1778792500,Down,0.5,20.0,20.0,,,,,
1778792500000000,FILL,maker_bid_hit,btc-updown-5m-1778792500,Up,0.5,20.0,20.0,,,,,
1778792500000000,FILL,maker_bid_hit,btc-updown-5m-1778792500,Up,0.5,20.0,20.0,,,,,
1778792500000000,FILL,maker_bid_hit,btc-updown-5m-1778792500,Up,0.5,20.0,20.0,,,,,
1778792500000000,FILL,maker_bid_hit,btc-updown-5m-1778792500,Up,0.5,20.0,20.0,,,,,
1778792500000000,FILL,maker_bid_hit,btc-updown-5m-1778792500,Up,0.5,20.0,20.0,,,,,
1778792500000000,FILL,maker_bid_hit,btc-updown-5m-1778792500,Down,0.5,20.0,20.0,,,,,
1778792500000000,TAKE,pat_pair_cost=0.9859,btc-updown-5m-1778792500,BOTH,0.9858809032905009,20.0,,,,20.0,0.0,0.9858809032905009
1778792800000000,LOG_SLUG_COMPLETE,slug_resolved,btc-updown-5m-1778792500,,,,,Down,-1.8526,,,
1778792800000000,POST_BID,post_initial_bid,btc-updown-5m-1778792800,Up,0.5,20.0,,,,,,
1778792800000000,POST_BID,post_initial_bid,btc-updown-5m-1778792800,Down,0.5,20.0,,,,,,
1778792800000000,POST_BID,post_initial_bid,btc-updown-5m-1778792800,Up,0.5,20.0,,,,,,
1778792800000000,POST_BID,post_initial_bid,btc-updown-5m-1778792800,Down,0.5,20.0,,,,,,
1778792800000000,POST_BID,post_initial_bid,btc-updown-5m-1778792800,Down,0.5,20.0,,,,,,
1778792800000000,POST_BID,post_initial_bid,btc-updown-5m-1778792800,Down,0.5,20.0,,,,,,
1778792800000000,POST_BID,post_initial_bid,btc-updown-5m-1778792800,Up,0.5,20.0,,,,,,
1778792800000000,POST_BID,post_initial_bid,btc-updown-5m-1778792800,Down,0.5,20.0,,,,,,
1778792800000000,POST_BID,post_initial_bid,btc-updown-5m-1778792800,Down,0.5,20.0,,,,,,
1778792800000000,POST_BID,post_initial_bid,btc-updown-5m-1778792800,Down,0.5,20.0,,,,,,
1778792800000000,POST_BID,post_initial_bid,btc-updown-5m-1778792800,Up,0.5,20.0,,,,,,
1778792800000000,POST_BID,post_initial_bid,btc-updown-5m-1778792800,Down,0.5,20.0,,,,,,
1778792800000000,POST_BID,post_initial_bid,btc-updown-5m-1778792800,Up,0.5,20.0,,,,,,
1778792800000000,POST_BID,post_initial_bid,btc-updown-5m-1778792800,Down,0.5,20.0,,,,,,
1778792800000000,POST_BID,post_initial_bid,btc-updown-5m-1778792800,Up,0.5,20.0,,,,,,
1778792800000000,POST_BID,post_initial_bid,btc-updown-5m-1778792800,Up,0.5,20.0,,,,,,
1778792800000000,POST_BID,post_initial_bid,btc-updown-5m-1778792800,Down,0.5,20.0,,,,,,
1778792800000000,POST_BID,post_initial_bid,btc-updown-5m-1778792800,Down,0.5,20.0,,,,,,
1778792800000000,POST_BID,post_initial_bid,btc-updown-5m-1778792800,Up,0.5,20.0,,,,,,
1778792800000000,POST_BID,post_initial_bid,btc-updown-5m-1778792800,Up,0.5,20.0,,,,,,
1778792800000000,POST_BID,post_initial_bid,btc-updown-5m-1778792800,Down,0.5,20.0,,,,,,
1778792800000000,POST_BID,post_initial_bid,btc-updown-5m-1778792800,Down,0.5,20.0,,,,,,
1778792800000000,POST_BID,post_initial_bid,btc-updown-5m-1778792800,Up,0.5,20.0,,,,,,
1778792800000000,POST_BID,post_initial_bid,btc-updown-5m-1778792800,Down,0.5,20.0,,,,,,
1778792800000000,POST_BID,post_initial_bid,btc-updown-5m-1778792800,Down,0.5,20.0,,,,,,
1778792800000000,POST_BID,post_initial_bid,btc-updown-5m-1778792800,Up,0.5,20.0,,,,,,
1778792800000000,POST_BID,post_initial_bid,btc-updown-5m-1778792800,Down,0.5,20.0,,,,,,
1778792800000000,POST_BID,post_initial_bid,btc-updown-5m-1778792800,Down,0.5,20.0,,,,,,
1778792800000000,POST_BID,post_initial_bid,btc-updown-5m-1778792800,Up,0.5,20.0,,,,,,
1778792800000000,POST_BID,post_initial_bid,btc-updown-5m-1778792800,Up,0.5,20.0,,,,,,
1778792800000000,POST_BID,post_initial_bid,btc-updown-5m-1778792800,Up,0.5,20.0,,,,,,
1778792800000000,POST_BID,post_initial_bid,btc-updown-5m-1778792800,Up,0.5,20.0,,,,,,
1778792800000000,POST_BID,post_initial_bid,btc-updown-5m-1778792800,Up,0.5,20.0,,,,,,
1778792800000000,POST_BID,post_initial_bid,btc-updown-5m-1778792800,Down,0.5,20.0,,,,,,
1778792800000000,POST_BID,post_initial_bid,btc-updown-5m-1778792800,Down,0.5,20.0,,,,,,
1778792800000000,POST_BID,post_initial_bid,btc-updown-5m-1778792800,Down,0.5,20.0,,,,,,
1778792800000000,POST_BID,post_initial_bid,btc-updown-5m-1778792800,Up,0.5,20.0,,,,,,
1778792800000000,POST_BID,post_initial_bid,btc-updown-5m-1778792800,Down,0.5,20.0,,,,,,
1778792800000000,POST_BID,post_initial_bid,btc-updown-5m-1778792800,Up,0.5,20.0,,,,,,
1778792800000000,POST_BID,post_initial_bid,btc-updown-5m-1778792800,Up,0.5,20.0,,,,,,
1778792800000000,POST_BID,post_initial_bid,btc-updown-5m-1778792800,Up,0.5,20.0,,,,,,
1778792800000000,POST_BID,post_initial_bid,btc-updown-5m-1778792800,Up,0.5,20.0,,,,,,
1778792800000000,POST_BID,post_initial_bid,btc-updown-5m-1778792800,Up,0.5,20.0,,,,,,
1778792800000000,POST_BID,post_initial_bid,btc-updown-5m-1778792800,Down,0.5,20.0,,,,,,
1778792800000000,POST_BID,post_initial_bid,btc-updown-5m-1778792800,Down,0.5,20.0,,,,,,
1778792800000000,POST_BID,post_initial_bid,btc-updown-5m-1778792800,Up,0.5,20.0,,,,,,
1778792800000000,POST_BID,post_initial_bid,btc-updown-5m-1778792800,Down,0.5,20.0,,,,,,
1778792800000000,POST_BID,post_initial_bid,btc-updown-5m-1778792800,Up,0.5,20.0,,,,,,
1778792800000000,POST_BID,post_initial_bid,btc-updown-5m-1778792800,Down,0.5,20.0,,,,,,
1778792800000000,POST_BID,post_initial_bid,btc-updown-5m-1778792800,Up,0.5,20.0,,,,,,
1778792800000000,POST_BID,post_initial_bid,btc-updown-5m-1778792800,Down,0.5,20.0,,,,,,
1778792800000000,POST_BID,post_initial_bid,btc-updown-5m-1778792800,Up,0.5,20.0,,,,,,
1778792800000000,POST_BID,post_initial_bid,btc-updown-5m-1778792800,Up,0.5,20.0,,,,,,
1778792800000000,POST_BID,post_initial_bid,btc-updown-5m-1778792800,Down,0.5,20.0,,,,,,
1778792800000000,POST_BID,post_initial_bid,btc-updown-5m-1778792800,Up,0.5,20.0,,,,,,
1778792800000000,POST_BID,post_initial_bid,btc-updown-5m-1778792800,Down,0.5,20.0,,,,,,
1778792800000000,POST_BID,post_initial_bid,btc-updown-5m-1778792800,Down,0.5,20.0,,,,,,
1778792800000000,POST_BID,post_initial_bid,btc-updown-5m-1778792800,Down,0.5,20.0,,,,,,
1778792800000000,POST_BID,post_initial_bid,btc-updown-5m-1778792800,Up,0.5,20.0,,,,,,
1778792800000000,POST_BID,post_initial_bid,btc-updown-5m-1778792800,Up,0.5,20.0,,,,,,
1778792800000000,POST_BID,post_initial_bid,btc-updown-5m-1778792800,Up,0.5,20.0,,,,,,
1778792800000000,POST_BID,post_initial_bid,btc-updown-5m-1778792800,Down,0.5,20.0,,,,,,
1778792800000000,POST_BID,post_initial_bid,btc-updown-5m-1778792800,Up,0.5,20.0,,,,,,
1778792800000000,POST_BID,post_initial_bid,btc-updown-5m-1778792800,Up,0.5,20.0,,,,,,
1778792800000000,POST_BID,post_initial_bid,btc-updown-5m-1778792800,Up,0.5,20.0,,,,,,
1778792800000000,POST_BID,post_initial_bid,btc-updown-5m-1778792800,Down,0.5,20.0,,,,,,
1778792800000000,POST_BID,post_initial_bid,btc-updown-5m-1778792800,Down,0.5,20.0,,,,,,
1778792800000000,POST_BID,post_initial_bid,btc-updown-5m-1778792800,Up,0.5,20.0,,,,,,
1778792800000000,POST_BID,post_initial_bid,btc-updown-5m-1778792800,Up,0.5,20.0,,,,,,
1778792800000000,POST_BID,post_initial_bid,btc-updown-5m-1778792800,Down,0.5,20.0,,,,,,
1778792800000000,POST_BID,post_initial_bid,btc-updown-5m-1778792800,Up,0.5,20.0,,,,,,
1778792800000000,POST_BID,post_initial_bid,btc-updown-5m-1778792800,Up,0.5,20.0,,,,,,
1778792800000000,POST_BID,post_initial_bid,btc-updown-5m-1778792800,Up,0.5,20.0,,,,,,
1778792800000000,POST_BID,post_initial_bid,btc-updown-5m-1778792800,Up,0.5,20.0,,,,,,
1778792800000000,POST_BID,post_initial_bid,btc-updown-5m-1778792800,Down,0.5,20.0,,,,,,
1778792800000000,POST_BID,post_initial_bid,btc-updown-5m-1778792800,Up,0.5,20.0,,,,,,
1778792800000000,POST_BID,post_initial_bid,btc-updown-5m-1778792800,Down,0.5,20.0,,,,,,
1778792800000000,POST_BID,post_initial_bid,btc-updown-5m-1778792800,Up,0.5,20.0,,,,,,
1778792800000000,POST_BID,post_initial_bid,btc-updown-5m-1778792800,Up,0.5,20.0,,,,,,
1778792800000000,POST_BID,post_initial_bid,btc-updown-5m-1778792800,Up,0.5,20.0,,,,,,
1778792800000000,POST_BID,post_initial_bid,btc-updown-5m-1778792800,Up,0.5,20.0,,,,,,
1778792800000000,POST_BID,post_initial_bid,btc-updown-5m-1778792800,Down,0.5,20.0,,,,,,
1778792800000000,POST_BID,post_initial_bid,btc-updown-5m-1778792800,Up,0.5,20.0,,,,,,
1778792800000000,POST_BID,post_initial_bid,btc-updown-5m-1778792800,Down,0.5,20.0,,,,,,
1778792800000000,POST_BID,post_initial_bid,btc-updown-5m-1778792800,Down,0.5,20.0,,,,,,
1778792800000000,POST_BID,post_initial_bid,btc-updown-5m-1778792800,Down,0.5,20.0,,,,,,
1778792800000000,POST_BID,post_initial_bid,btc-updown-5m-1778792800,Up,0.5,20.0,,,,,,
1778792800000000,POST_BID,post_initial_bid,btc-updown-5m-1778792800,Down,0.5,20.0,,,,,,
1778792800000000,POST_BID,post_initial_bid,btc-updown-5m-1778792800,Down,0.5,20.0,,,,,,
1778792800000000,FILL,maker_bid_hit,btc-updown-5m-1778792800,Down,0.5,20.0,20.0,,,,,
1778792800000000,FILL,maker_bid_hit,btc-updown-5m-1778792800,Down,0.5,20.0,20.0,,,,,
1778792800000000,FILL,maker_bid_hit,btc-updown-5m-1778792800,Up,0.5,20.0,20.0,,,,,
1778792800000000,FILL,maker_bid_hit,btc-updown-5m-1778792800,Up,0.5,20.0,20.0,,,,,
1778792800000000,FILL,maker_bid_hit,btc-updown-5m-1778792800,Up,0.5,20.0,20.0,,,,,
1778792800000000,FILL,maker_bid_hit,btc-updown-5m-1778792800,Down,0.5,20.0,20.0,,,,,
1778792800000000,FILL,maker_bid_hit,btc-updown-5m-1778792800,Down,0.5,20.0,20.0,,,,,
1778792800000000,FILL,maker_bid_hit,btc-updown-5m-1778792800,Up,0.5,20.0,20.0,,,,,
1778792800000000,FILL,maker_bid_hit,btc-updown-5m-1778792800,Up,0.5,20.0,20.0,,,,,
1778793100000000,LOG_SLUG_COMPLETE,slug_resolved,btc-updown-5m-1778792800,,,,,Down,-3.0627,,,
1778793100000000,POST_BID,post_initial_bid,btc-updown-5m-1778793100,Down,0.5,20.0,,,,,,
1778793100000000,POST_BID,post_initial_bid,btc-updown-5m-1778793100,Up,0.5,20.0,,,,,,
1778793100000000,POST_BID,post_initial_bid,btc-updown-5m-1778793100,Up,0.5,20.0,,,,,,
1778793100000000,POST_BID,post_initial_bid,btc-updown-5m-1778793100,Up,0.5,20.0,,,,,,
1778793100000000,POST_BID,post_initial_bid,btc-updown-5m-1778793100,Down,0.5,20.0,,,,,,
1778793100000000,POST_BID,post_initial_bid,btc-updown-5m-1778793100,Down,0.5,20.0,,,,,,
1778793100000000,POST_BID,post_initial_bid,btc-updown-5m-1778793100,Down,0.5,20.0,,,,,,
1778793100000000,POST_BID,post_initial_bid,btc-updown-5m-1778793100,Down,0.5,20.0,,,,,,
1778793100000000,POST_BID,post_initial_bid,btc-updown-5m-1778793100,Up,0.5,20.0,,,,,,
1778793100000000,POST_BID,post_initial_bid,btc-updown-5m-1778793100,Up,0.5,20.0,,,,,,
1778793100000000,POST_BID,post_initial_bid,btc-updown-5m-1778793100,Up,0.5,20.0,,,,,,
1778793100000000,POST_BID,post_initial_bid,btc-updown-5m-1778793100,Down,0.5,20.0,,,,,,
1778793100000000,POST_BID,post_initial_bid,btc-updown-5m-1778793100,Down,0.5,20.0,,,,,,
1778793100000000,POST_BID,post_initial_bid,btc-updown-5m-1778793100,Up,0.5,20.0,,,,,,
1778793100000000,POST_BID,post_initial_bid,btc-updown-5m-1778793100,Up,0.5,20.0,,,,,,
1778793100000000,POST_BID,post_initial_bid,btc-updown-5m-1778793100,Up,0.5,20.0,,,,,,
1778793100000000,POST_BID,post_initial_bid,btc-updown-5m-1778793100,Down,0.5,20.0,,,,,,
1778793100000000,POST_BID,post_initial_bid,btc-updown-5m-1778793100,Up,0.5,20.0,,,,,,
1778793100000000,POST_BID,post_initial_bid,btc-updown-5m-1778793100,Down,0.5,20.0,,,,,,
1778793100000000,POST_BID,post_initial_bid,btc-updown-5m-1778793100,Up,0.5,20.0,,,,,,
1778793100000000,POST_BID,post_initial_bid,btc-updown-5m-1778793100,Down,0.5,20.0,,,,,,
1778793100000000,POST_BID,post_initial_bid,btc-updown-5m-1778793100,Up,0.5,20.0,,,,,,
1778793100000000,POST_BID,post_initial_bid,btc-updown-5m-1778793100,Down,0.5,20.0,,,,,,
1778793100000000,POST_BID,post_initial_bid,btc-updown-5m-1778793100,Up,0.5,20.0,,,,,,
1778793100000000,POST_BID,post_initial_bid,btc-updown-5m-1778793100,Down,0.5,20.0,,,,,,
1778793100000000,POST_BID,post_initial_bid,btc-updown-5m-1778793100,Down,0.5,20.0,,,,,,
1778793100000000,POST_BID,post_initial_bid,btc-updown-5m-1778793100,Up,0.5,20.0,,,,,,
1778793100000000,POST_BID,post_initial_bid,btc-updown-5m-1778793100,Up,0.5,20.0,,,,,,
1778793100000000,POST_BID,post_initial_bid,btc-updown-5m-1778793100,Up,0.5,20.0,,,,,,
1778793100000000,POST_BID,post_initial_bid,btc-updown-5m-1778793100,Down,0.5,20.0,,,,,,
1778793100000000,POST_BID,post_initial_bid,btc-updown-5m-1778793100,Down,0.5,20.0,,,,,,
1778793100000000,POST_BID,post_initial_bid,btc-updown-5m-1778793100,Down,0.5,20.0,,,,,,
1778793100000000,POST_BID,post_initial_bid,btc-updown-5m-1778793100,Down,0.5,20.0,,,,,,
1778793100000000,POST_BID,post_initial_bid,btc-updown-5m-1778793100,Up,0.5,20.0,,,,,,
1778793100000000,POST_BID,post_initial_bid,btc-updown-5m-1778793100,Down,0.5,20.0,,,,,,
1778793100000000,POST_BID,post_initial_bid,btc-updown-5m-1778793100,Up,0.5,20.0,,,,,,
1778793100000000,POST_BID,post_initial_bid,btc-updown-5m-1778793100,Up,0.5,20.0,,,,,,
1778793100000000,POST_BID,post_initial_bid,btc-updown-5m-1778793100,Down,0.5,20.0,,,,,,
1778793100000000,POST_BID,post_initial_bid,btc-updown-5m-1778793100,Up,0.5,20.0,,,,,,
1778793100000000,POST_BID,post_initial_bid,btc-updown-5m-1778793100,Up,0.5,20.0,,,,,,
1778793100000000,POST_BID,post_initial_bid,btc-updown-5m-1778793100,Up,0.5,20.0,,,,,,
1778793100000000,POST_BID,post_initial_bid,btc-updown-5m-1778793100,Down,0.5,20.0,,,,,,
1778793100000000,POST_BID,post_initial_bid,btc-updown-5m-1778793100,Down,0.5,20.0,,,,,,
1778793100000000,POST_BID,post_initial_bid,btc-updown-5m-1778793100,Down,0.5,20.0,,,,,,
1778793100000000,POST_BID,post_initial_bid,btc-updown-5m-1778793100,Up,0.5,20.0,,,,,,
1778793100000000,POST_BID,post_initial_bid,btc-updown-5m-1778793100,Up,0.5,20.0,,,,,,
1778793100000000,POST_BID,post_initial_bid,btc-updown-5m-1778793100,Down,0.5,20.0,,,,,,
1778793100000000,POST_BID,post_initial_bid,btc-updown-5m-1778793100,Up,0.5,20.0,,,,,,
1778793100000000,POST_BID,post_initial_bid,btc-updown-5m-1778793100,Down,0.5,20.0,,,,,,
1778793100000000,POST_BID,post_initial_bid,btc-updown-5m-1778793100,Up,0.5,20.0,,,,,,
1778793100000000,POST_BID,post_initial_bid,btc-updown-5m-1778793100,Down,0.5,20.0,,,,,,
1778793100000000,POST_BID,post_initial_bid,btc-updown-5m-1778793100,Up,0.5,20.0,,,,,,
1778793100000000,POST_BID,post_initial_bid,btc-updown-5m-1778793100,Up,0.5,20.0,,,,,,
1778793100000000,POST_BID,post_initial_bid,btc-updown-5m-1778793100,Down,0.5,20.0,,,,,,
1778793100000000,POST_BID,post_initial_bid,btc-updown-5m-1778793100,Down,0.5,20.0,,,,,,
1778793100000000,POST_BID,post_initial_bid,btc-updown-5m-1778793100,Up,0.5,20.0,,,,,,
1778793100000000,POST_BID,post_initial_bid,btc-updown-5m-1778793100,Down,0.5,20.0,,,,,,
1778793100000000,POST_BID,post_initial_bid,btc-updown-5m-1778793100,Down,0.5,20.0,,,,,,
1778793100000000,POST_BID,post_initial_bid,btc-updown-5m-1778793100,Up,0.5,20.0,,,,,,
1778793100000000,POST_BID,post_initial_bid,btc-updown-5m-1778793100,Down,0.5,20.0,,,,,,
1778793100000000,POST_BID,post_initial_bid,btc-updown-5m-1778793100,Up,0.5,20.0,,,,,,
1778793100000000,POST_BID,post_initial_bid,btc-updown-5m-1778793100,Up,0.5,20.0,,,,,,
1778793100000000,POST_BID,post_initial_bid,btc-updown-5m-1778793100,Up,0.5,20.0,,,,,,
1778793100000000,POST_BID,post_initial_bid,btc-updown-5m-1778793100,Up,0.5,20.0,,,,,,
1778793100000000,POST_BID,post_initial_bid,btc-updown-5m-1778793100,Up,0.5,20.0,,,,,,
1778793100000000,POST_BID,post_initial_bid,btc-updown-5m-1778793100,Down,0.5,20.0,,,,,,
1778793100000000,POST_BID,post_initial_bid,btc-updown-5m-1778793100,Up,0.5,20.0,,,,,,
1778793100000000,POST_BID,post_initial_bid,btc-updown-5m-1778793100,Down,0.5,20.0,,,,,,
1778793100000000,POST_BID,post_initial_bid,btc-updown-5m-1778793100,Up,0.5,20.0,,,,,,
1778793100000000,POST_BID,post_initial_bid,btc-updown-5m-1778793100,Up,0.5,20.0,,,,,,
1778793100000000,POST_BID,post_initial_bid,btc-updown-5m-1778793100,Down,0.5,20.0,,,,,,
1778793100000000,POST_BID,post_initial_bid,btc-updown-5m-1778793100,Down,0.5,20.0,,,,,,
1778793100000000,POST_BID,post_initial_bid,btc-updown-5m-1778793100,Up,0.5,20.0,,,,,,
1778793100000000,POST_BID,post_initial_bid,btc-updown-5m-1778793100,Up,0.5,20.0,,,,,,
1778793100000000,POST_BID,post_initial_bid,btc-updown-5m-1778793100,Down,0.5,20.0,,,,,,
1778793100000000,POST_BID,post_initial_bid,btc-updown-5m-1778793100,Up,0.5,20.0,,,,,,
1778793100000000,POST_BID,post_initial_bid,btc-updown-5m-1778793100,Up,0.5,20.0,,,,,,
1778793100000000,POST_BID,post_initial_bid,btc-updown-5m-1778793100,Up,0.5,20.0,,,,,,
1778793100000000,POST_BID,post_initial_bid,btc-updown-5m-1778793100,Up,0.5,20.0,,,,,,
1778793100000000,POST_BID,post_initial_bid,btc-updown-5m-1778793100,Up,0.5,20.0,,,,,,
1778793100000000,FILL,maker_bid_hit,btc-updown-5m-1778793100,Down,0.5,20.0,20.0,,,,,
1778793100000000,FILL,maker_bid_hit,btc-updown-5m-1778793100,Down,0.5,20.0,20.0,,,,,
1778793100000000,FILL,maker_bid_hit,btc-updown-5m-1778793100,Down,0.5,20.0,20.0,,,,,
1778793100000000,FILL,maker_bid_hit,btc-updown-5m-1778793100,Up,0.5,20.0,20.0,,,,,
1778793100000000,FILL,maker_bid_hit,btc-updown-5m-1778793100,Up,0.5,20.0,20.0,,,,,
1778793100000000,FILL,maker_bid_hit,btc-updown-5m-1778793100,Down,0.5,20.0,20.0,,,,,
1778793100000000,FILL,maker_bid_hit,btc-updown-5m-1778793100,Up,0.5,20.0,20.0,,,,,
1778793100000000,FILL,maker_bid_hit,btc-updown-5m-1778793100,Up,0.5,20.0,20.0,,,,,
1778793400000000,LOG_SLUG_COMPLETE,slug_resolved,btc-updown-5m-1778793100,,,,,Down,-8.016,,,
1778793400000000,POST_BID,post_initial_bid,btc-updown-5m-1778793400,Down,0.5,20.0,,,,,,
1778793400000000,POST_BID,post_initial_bid,btc-updown-5m-1778793400,Down,0.5,20.0,,,,,,
1778793400000000,POST_BID,post_initial_bid,btc-updown-5m-1778793400,Down,0.5,20.0,,,,,,
1778793400000000,POST_BID,post_initial_bid,btc-updown-5m-1778793400,Down,0.5,20.0,,,,,,
1778793400000000,POST_BID,post_initial_bid,btc-updown-5m-1778793400,Up,0.5,20.0,,,,,,
1778793400000000,POST_BID,post_initial_bid,btc-updown-5m-1778793400,Down,0.5,20.0,,,,,,
1778793400000000,POST_BID,post_initial_bid,btc-updown-5m-1778793400,Up,0.5,20.0,,,,,,
1778793400000000,POST_BID,post_initial_bid,btc-updown-5m-1778793400,Up,0.5,20.0,,,,,,
1778793400000000,POST_BID,post_initial_bid,btc-updown-5m-1778793400,Up,0.5,20.0,,,,,,
1778793400000000,POST_BID,post_initial_bid,btc-updown-5m-1778793400,Down,0.5,20.0,,,,,,
1778793400000000,POST_BID,post_initial_bid,btc-updown-5m-1778793400,Up,0.5,20.0,,,,,,
1778793400000000,POST_BID,post_initial_bid,btc-updown-5m-1778793400,Down,0.5,20.0,,,,,,
1778793400000000,POST_BID,post_initial_bid,btc-updown-5m-1778793400,Down,0.5,20.0,,,,,,
1778793400000000,POST_BID,post_initial_bid,btc-updown-5m-1778793400,Down,0.5,20.0,,,,,,
1778793400000000,POST_BID,post_initial_bid,btc-updown-5m-1778793400,Up,0.5,20.0,,,,,,
1778793400000000,POST_BID,post_initial_bid,btc-updown-5m-1778793400,Up,0.5,20.0,,,,,,
1778793400000000,POST_BID,post_initial_bid,btc-updown-5m-1778793400,Up,0.5,20.0,,,,,,
1778793400000000,POST_BID,post_initial_bid,btc-updown-5m-1778793400,Up,0.5,20.0,,,,,,
1778793400000000,POST_BID,post_initial_bid,btc-updown-5m-1778793400,Down,0.5,20.0,,,,,,
1778793400000000,POST_BID,post_initial_bid,btc-updown-5m-1778793400,Up,0.5,20.0,,,,,,
1778793400000000,POST_BID,post_initial_bid,btc-updown-5m-1778793400,Down,0.5,20.0,,,,,,
1778793400000000,POST_BID,post_initial_bid,btc-updown-5m-1778793400,Down,0.5,20.0,,,,,,
1778793400000000,POST_BID,post_initial_bid,btc-updown-5m-1778793400,Down,0.5,20.0,,,,,,
1778793400000000,POST_BID,post_initial_bid,btc-updown-5m-1778793400,Down,0.5,20.0,,,,,,
1778793400000000,POST_BID,post_initial_bid,btc-updown-5m-1778793400,Up,0.5,20.0,,,,,,
1778793400000000,POST_BID,post_initial_bid,btc-updown-5m-1778793400,Down,0.5,20.0,,,,,,
1778793400000000,POST_BID,post_initial_bid,btc-updown-5m-1778793400,Down,0.5,20.0,,,,,,
1778793400000000,POST_BID,post_initial_bid,btc-updown-5m-1778793400,Down,0.5,20.0,,,,,,
1778793400000000,POST_BID,post_initial_bid,btc-updown-5m-1778793400,Up,0.5,20.0,,,,,,
1778793400000000,POST_BID,post_initial_bid,btc-updown-5m-1778793400,Down,0.5,20.0,,,,,,
1778793400000000,POST_BID,post_initial_bid,btc-updown-5m-1778793400,Up,0.5,20.0,,,,,,
1778793400000000,POST_BID,post_initial_bid,btc-updown-5m-1778793400,Down,0.5,20.0,,,,,,
1778793400000000,POST_BID,post_initial_bid,btc-updown-5m-1778793400,Down,0.5,20.0,,,,,,
1778793400000000,POST_BID,post_initial_bid,btc-updown-5m-1778793400,Up,0.5,20.0,,,,,,
1778793400000000,POST_BID,post_initial_bid,btc-updown-5m-1778793400,Down,0.5,20.0,,,,,,
1778793400000000,POST_BID,post_initial_bid,btc-updown-5m-1778793400,Down,0.5,20.0,,,,,,
1778793400000000,POST_BID,post_initial_bid,btc-updown-5m-1778793400,Down,0.5,20.0,,,,,,
1778793400000000,POST_BID,post_initial_bid,btc-updown-5m-1778793400,Up,0.5,20.0,,,,,,
1778793400000000,POST_BID,post_initial_bid,btc-updown-5m-1778793400,Up,0.5,20.0,,,,,,
1778793400000000,POST_BID,post_initial_bid,btc-updown-5m-1778793400,Down,0.5,20.0,,,,,,
1778793400000000,POST_BID,post_initial_bid,btc-updown-5m-1778793400,Down,0.5,20.0,,,,,,
1778793400000000,POST_BID,post_initial_bid,btc-updown-5m-1778793400,Down,0.5,20.0,,,,,,
1778793400000000,POST_BID,post_initial_bid,btc-updown-5m-1778793400,Up,0.5,20.0,,,,,,
1778793400000000,POST_BID,post_initial_bid,btc-updown-5m-1778793400,Up,0.5,20.0,,,,,,
1778793400000000,POST_BID,post_initial_bid,btc-updown-5m-1778793400,Up,0.5,20.0,,,,,,
1778793400000000,POST_BID,post_initial_bid,btc-updown-5m-1778793400,Up,0.5,20.0,,,,,,
1778793400000000,POST_BID,post_initial_bid,btc-updown-5m-1778793400,Down,0.5,20.0,,,,,,
1778793400000000,POST_BID,post_initial_bid,btc-updown-5m-1778793400,Up,0.5,20.0,,,,,,
1778793400000000,POST_BID,post_initial_bid,btc-updown-5m-1778793400,Down,0.5,20.0,,,,,,
1778793400000000,POST_BID,post_initial_bid,btc-updown-5m-1778793400,Up,0.5,20.0,,,,,,
1778793400000000,POST_BID,post_initial_bid,btc-updown-5m-1778793400,Down,0.5,20.0,,,,,,
1778793400000000,POST_BID,post_initial_bid,btc-updown-5m-1778793400,Down,0.5,20.0,,,,,,
1778793400000000,POST_BID,post_initial_bid,btc-updown-5m-1778793400,Up,0.5,20.0,,,,,,
1778793400000000,POST_BID,post_initial_bid,btc-updown-5m-1778793400,Up,0.5,20.0,,,,,,
1778793400000000,POST_BID,post_initial_bid,btc-updown-5m-1778793400,Up,0.5,20.0,,,,,,
1778793400000000,POST_BID,post_initial_bid,btc-updown-5m-1778793400,Down,0.5,20.0,,,,,,
1778793400000000,POST_BID,post_initial_bid,btc-updown-5m-1778793400,Up,0.5,20.0,,,,,,
1778793400000000,POST_BID,post_initial_bid,btc-updown-5m-1778793400,Down,0.5,20.0,,,,,,
1778793400000000,POST_BID,post_initial_bid,btc-updown-5m-1778793400,Down,0.5,20.0,,,,,,
1778793400000000,POST_BID,post_initial_bid,btc-updown-5m-1778793400,Up,0.5,20.0,,,,,,
1778793400000000,POST_BID,post_initial_bid,btc-updown-5m-1778793400,Down,0.5,20.0,,,,,,
1778793400000000,POST_BID,post_initial_bid,btc-updown-5m-1778793400,Down,0.5,20.0,,,,,,
1778793400000000,POST_BID,post_initial_bid,btc-updown-5m-1778793400,Down,0.5,20.0,,,,,,
1778793400000000,POST_BID,post_initial_bid,btc-updown-5m-1778793400,Down,0.5,20.0,,,,,,
1778793400000000,POST_BID,post_initial_bid,btc-updown-5m-1778793400,Down,0.5,20.0,,,,,,
1778793400000000,POST_BID,post_initial_bid,btc-updown-5m-1778793400,Down,0.5,20.0,,,,,,
1778793400000000,POST_BID,post_initial_bid,btc-updown-5m-1778793400,Up,0.5,20.0,,,,,,
1778793400000000,POST_BID,post_initial_bid,btc-updown-5m-1778793400,Up,0.5,20.0,,,,,,
1778793400000000,POST_BID,post_initial_bid,btc-updown-5m-1778793400,Down,0.5,20.0,,,,,,
1778793400000000,POST_BID,post_initial_bid,btc-updown-5m-1778793400,Down,0.5,20.0,,,,,,
1778793400000000,POST_BID,post_initial_bid,btc-updown-5m-1778793400,Up,0.5,20.0,,,,,,
1778793400000000,POST_BID,post_initial_bid,btc-updown-5m-1778793400,Down,0.5,20.0,,,,,,
1778793400000000,POST_BID,post_initial_bid,btc-updown-5m-1778793400,Up,0.5,20.0,,,,,,
1778793400000000,FILL,maker_bid_hit,btc-updown-5m-1778793400,Up,0.5,20.0,20.0,,,,,
1778793400000000,FILL,maker_bid_hit,btc-updown-5m-1778793400,Up,0.5,20.0,20.0,,,,,
1778793400000000,FILL,maker_bid_hit,btc-updown-5m-1778793400,Down,0.5,20.0,20.0,,,,,
1778793400000000,FILL,maker_bid_hit,btc-updown-5m-1778793400,Up,0.5,20.0,20.0,,,,,
1778793400000000,FILL,maker_bid_hit,btc-updown-5m-1778793400,Down,0.5,20.0,20.0,,,,,
1778793400000000,FILL,maker_bid_hit,btc-updown-5m-1778793400,Up,0.5,20.0,20.0,,,,,
1778793400000000,FILL,maker_bid_hit,btc-updown-5m-1778793400,Up,0.5,20.0,20.0,,,,,
1778793400000000,FILL,maker_bid_hit,btc-updown-5m-1778793400,Down,0.5,20.0,20.0,,,,,
1778793400000000,FILL,maker_bid_hit,btc-updown-5m-1778793400,Up,0.5,20.0,20.0,,,,,
1778793400000000,FILL,maker_bid_hit,btc-updown-5m-1778793400,Up,0.5,20.0,20.0,,,,,
1778793400000000,FILL,maker_bid_hit,btc-updown-5m-1778793400,Up,0.5,20.0,20.0,,,,,
1778793400000000,FILL,maker_bid_hit,btc-updown-5m-1778793400,Down,0.5,20.0,20.0,,,,,
1778793400000000,FILL,maker_bid_hit,btc-updown-5m-1778793400,Up,0.5,20.0,20.0,,,,,
1778793400000000,FILL,maker_bid_hit,btc-updown-5m-1778793400,Up,0.5,20.0,20.0,,,,,
1778793400000000,FILL,maker_bid_hit,btc-updown-5m-1778793400,Down,0.5,20.0,20.0,,,,,
1778793400000000,FILL,maker_bid_hit,btc-updown-5m-1778793400,Down,0.5,20.0,20.0,,,,,
1778793400000000,FILL,maker_bid_hit,btc-updown-5m-1778793400,Down,0.5,20.0,20.0,,,,,
1778793400000000,FILL,maker_bid_hit,btc-updown-5m-1778793400,Up,0.5,20.0,20.0,,,,,
1778793700000000,LOG_SLUG_COMPLETE,slug_resolved,btc-updown-5m-1778793400,,,,,Up,-4.3436,,,
1778793700000000,POST_BID,post_initial_bid,btc-updown-5m-1778793700,Down,0.5,20.0,,,,,,
1778793700000000,POST_BID,post_initial_bid,btc-updown-5m-1778793700,Down,0.5,20.0,,,,,,
1778793700000000,POST_BID,post_initial_bid,btc-updown-5m-1778793700,Down,0.5,20.0,,,,,,
1778793700000000,POST_BID,post_initial_bid,btc-updown-5m-1778793700,Down,0.5,20.0,,,,,,
1778793700000000,POST_BID,post_initial_bid,btc-updown-5m-1778793700,Down,0.5,20.0,,,,,,
1778793700000000,POST_BID,post_initial_bid,btc-updown-5m-1778793700,Down,0.5,20.0,,,,,,
1778793700000000,POST_BID,post_initial_bid,btc-updown-5m-1778793700,Down,0.5,20.0,,,,,,
1778793700000000,POST_BID,post_initial_bid,btc-updown-5m-1778793700,Up,0.5,20.0,,,,,,
1778793700000000,POST_BID,post_initial_bid,btc-updown-5m-1778793700,Down,0.5,20.0,,,,,,
1778793700000000,POST_BID,post_initial_bid,btc-updown-5m-1778793700,Up,0.5,20.0,,,,,,
1778793700000000,POST_BID,post_initial_bid,btc-updown-5m-1778793700,Up,0.5,20.0,,,,,,
1778793700000000,POST_BID,post_initial_bid,btc-updown-5m-1778793700,Up,0.5,20.0,,,,,,
1778793700000000,POST_BID,post_initial_bid,btc-updown-5m-1778793700,Down,0.5,20.0,,,,,,
1778793700000000,POST_BID,post_initial_bid,btc-updown-5m-1778793700,Down,0.5,20.0,,,,,,
1778793700000000,POST_BID,post_initial_bid,btc-updown-5m-1778793700,Down,0.5,20.0,,,,,,
1778793700000000,POST_BID,post_initial_bid,btc-updown-5m-1778793700,Down,0.5,20.0,,,,,,
1778793700000000,POST_BID,post_initial_bid,btc-updown-5m-1778793700,Up,0.5,20.0,,,,,,
1778793700000000,POST_BID,post_initial_bid,btc-updown-5m-1778793700,Down,0.5,20.0,,,,,,
1778793700000000,POST_BID,post_initial_bid,btc-updown-5m-1778793700,Down,0.5,20.0,,,,,,
1778793700000000,POST_BID,post_initial_bid,btc-updown-5m-1778793700,Down,0.5,20.0,,,,,,
1778793700000000,POST_BID,post_initial_bid,btc-updown-5m-1778793700,Up,0.5,20.0,,,,,,
1778793700000000,POST_BID,post_initial_bid,btc-updown-5m-1778793700,Down,0.5,20.0,,,,,,
1778793700000000,POST_BID,post_initial_bid,btc-updown-5m-1778793700,Up,0.5,20.0,,,,,,
1778793700000000,POST_BID,post_initial_bid,btc-updown-5m-1778793700,Up,0.5,20.0,,,,,,
1778793700000000,POST_BID,post_initial_bid,btc-updown-5m-1778793700,Up,0.5,20.0,,,,,,
1778793700000000,POST_BID,post_initial_bid,btc-updown-5m-1778793700,Up,0.5,20.0,,,,,,
1778793700000000,POST_BID,post_initial_bid,btc-updown-5m-1778793700,Up,0.5,20.0,,,,,,
1778793700000000,POST_BID,post_initial_bid,btc-updown-5m-1778793700,Up,0.5,20.0,,,,,,
1778793700000000,POST_BID,post_initial_bid,btc-updown-5m-1778793700,Up,0.5,20.0,,,,,,
1778793700000000,POST_BID,post_initial_bid,btc-updown-5m-1778793700,Down,0.5,20.0,,,,,,
1778793700000000,POST_BID,post_initial_bid,btc-updown-5m-1778793700,Down,0.5,20.0,,,,,,
1778793700000000,POST_BID,post_initial_bid,btc-updown-5m-1778793700,Up,0.5,20.0,,,,,,
1778793700000000,POST_BID,post_initial_bid,btc-updown-5m-1778793700,Down,0.5,20.0,,,,,,
1778793700000000,POST_BID,post_initial_bid,btc-updown-5m-1778793700,Down,0.5,20.0,,,,,,
1778793700000000,POST_BID,post_initial_bid,btc-updown-5m-1778793700,Up,0.5,20.0,,,,,,
1778793700000000,POST_BID,post_initial_bid,btc-updown-5m-1778793700,Up,0.5,20.0,,,,,,
1778793700000000,POST_BID,post_initial_bid,btc-updown-5m-1778793700,Up,0.5,20.0,,,,,,
1778793700000000,POST_BID,post_initial_bid,btc-updown-5m-1778793700,Down,0.5,20.0,,,,,,
1778793700000000,POST_BID,post_initial_bid,btc-updown-5m-1778793700,Down,0.5,20.0,,,,,,
1778793700000000,POST_BID,post_initial_bid,btc-updown-5m-1778793700,Up,0.5,20.0,,,,,,
1778793700000000,POST_BID,post_initial_bid,btc-updown-5m-1778793700,Down,0.5,20.0,,,,,,
1778793700000000,POST_BID,post_initial_bid,btc-updown-5m-1778793700,Up,0.5,20.0,,,,,,
1778793700000000,POST_BID,post_initial_bid,btc-updown-5m-1778793700,Up,0.5,20.0,,,,,,
1778793700000000,POST_BID,post_initial_bid,btc-updown-5m-1778793700,Up,0.5,20.0,,,,,,
1778793700000000,POST_BID,post_initial_bid,btc-updown-5m-1778793700,Up,0.5,20.0,,,,,,
1778793700000000,POST_BID,post_initial_bid,btc-updown-5m-1778793700,Up,0.5,20.0,,,,,,
1778793700000000,POST_BID,post_initial_bid,btc-updown-5m-1778793700,Up,0.5,20.0,,,,,,
1778793700000000,POST_BID,post_initial_bid,btc-updown-5m-1778793700,Down,0.5,20.0,,,,,,
1778793700000000,POST_BID,post_initial_bid,btc-updown-5m-1778793700,Up,0.5,20.0,,,,,,
1778793700000000,POST_BID,post_initial_bid,btc-updown-5m-1778793700,Up,0.5,20.0,,,,,,
1778793700000000,POST_BID,post_initial_bid,btc-updown-5m-1778793700,Up,0.5,20.0,,,,,,
1778793700000000,POST_BID,post_initial_bid,btc-updown-5m-1778793700,Down,0.5,20.0,,,,,,
1778793700000000,POST_BID,post_initial_bid,btc-updown-5m-1778793700,Up,0.5,20.0,,,,,,
1778793700000000,POST_BID,post_initial_bid,btc-updown-5m-1778793700,Up,0.5,20.0,,,,,,
1778793700000000,POST_BID,post_initial_bid,btc-updown-5m-1778793700,Up,0.5,20.0,,,,,,
1778793700000000,POST_BID,post_initial_bid,btc-updown-5m-1778793700,Down,0.5,20.0,,,,,,
1778793700000000,POST_BID,post_initial_bid,btc-updown-5m-1778793700,Down,0.5,20.0,,,,,,
1778793700000000,POST_BID,post_initial_bid,btc-updown-5m-1778793700,Up,0.5,20.0,,,,,,
1778793700000000,POST_BID,post_initial_bid,btc-updown-5m-1778793700,Up,0.5,20.0,,,,,,
1778793700000000,POST_BID,post_initial_bid,btc-updown-5m-1778793700,Up,0.5,20.0,,,,,,
1778793700000000,POST_BID,post_initial_bid,btc-updown-5m-1778793700,Up,0.5,20.0,,,,,,
1778793700000000,POST_BID,post_initial_bid,btc-updown-5m-1778793700,Down,0.5,20.0,,,,,,
1778793700000000,POST_BID,post_initial_bid,btc-updown-5m-1778793700,Up,0.5,20.0,,,,,,
1778793700000000,POST_BID,post_initial_bid,btc-updown-5m-1778793700,Down,0.5,20.0,,,,,,
1778793700000000,POST_BID,post_initial_bid,btc-updown-5m-1778793700,Up,0.5,20.0,,,,,,
1778793700000000,POST_BID,post_initial_bid,btc-updown-5m-1778793700,Up,0.5,20.0,,,,,,
1778793700000000,POST_BID,post_initial_bid,btc-updown-5m-1778793700,Down,0.5,20.0,,,,,,
1778793700000000,POST_BID,post_initial_bid,btc-updown-5m-1778793700,Down,0.5,20.0,,,,,,
1778793700000000,POST_BID,post_initial_bid,btc-updown-5m-1778793700,Down,0.5,20.0,,,,,,
1778793700000000,POST_BID,post_initial_bid,btc-updown-5m-1778793700,Up,0.5,20.0,,,,,,
1778793700000000,POST_BID,post_initial_bid,btc-updown-5m-1778793700,Up,0.5,20.0,,,,,,
1778793700000000,POST_BID,post_initial_bid,btc-updown-5m-1778793700,Down,0.5,20.0,,,,,,
1778793700000000,POST_BID,post_initial_bid,btc-updown-5m-1778793700,Down,0.5,20.0,,,,,,
1778793700000000,POST_BID,post_initial_bid,btc-updown-5m-1778793700,Up,0.5,20.0,,,,,,
1778793700000000,POST_BID,post_initial_bid,btc-updown-5m-1778793700,Down,0.5,20.0,,,,,,
1778793700000000,POST_BID,post_initial_bid,btc-updown-5m-1778793700,Up,0.5,20.0,,,,,,
1778793700000000,POST_BID,post_initial_bid,btc-updown-5m-1778793700,Up,0.5,20.0,,,,,,
1778793700000000,POST_BID,post_initial_bid,btc-updown-5m-1778793700,Up,0.5,20.0,,,,,,
1778793700000000,POST_BID,post_initial_bid,btc-updown-5m-1778793700,Up,0.5,20.0,,,,,,
1778793700000000,POST_BID,post_initial_bid,btc-updown-5m-1778793700,Down,0.5,20.0,,,,,,
1778793700000000,POST_BID,post_initial_bid,btc-updown-5m-1778793700,Down,0.5,20.0,,,,,,
1778793700000000,POST_BID,post_initial_bid,btc-updown-5m-1778793700,Down,0.5,20.0,,,,,,
1778793700000000,POST_BID,post_initial_bid,btc-updown-5m-1778793700,Up,0.5,20.0,,,,,,
1778793700000000,POST_BID,post_initial_bid,btc-updown-5m-1778793700,Up,0.5,20.0,,,,,,
1778793700000000,POST_BID,post_initial_bid,btc-updown-5m-1778793700,Up,0.5,20.0,,,,,,
1778793700000000,POST_BID,post_initial_bid,btc-updown-5m-1778793700,Up,0.5,20.0,,,,,,
1778793700000000,POST_BID,post_initial_bid,btc-updown-5m-1778793700,Down,0.5,20.0,,,,,,
1778793700000000,POST_BID,post_initial_bid,btc-updown-5m-1778793700,Up,0.5,20.0,,,,,,
1778793700000000,POST_BID,post_initial_bid,btc-updown-5m-1778793700,Down,0.5,20.0,,,,,,
1778793700000000,FILL,maker_bid_hit,btc-updown-5m-1778793700,Up,0.5,20.0,20.0,,,,,
1778793700000000,FILL,maker_bid_hit,btc-updown-5m-1778793700,Down,0.5,20.0,20.0,,,,,
1778793700000000,FILL,maker_bid_hit,btc-updown-5m-1778793700,Down,0.5,20.0,20.0,,,,,
1778793700000000,FILL,maker_bid_hit,btc-updown-5m-1778793700,Up,0.5,20.0,20.0,,,,,
1778793700000000,FILL,maker_bid_hit,btc-updown-5m-1778793700,Up,0.5,20.0,20.0,,,,,
1778793700000000,FILL,maker_bid_hit,btc-updown-5m-1778793700,Up,0.5,20.0,20.0,,,,,
1778793700000000,FILL,maker_bid_hit,btc-updown-5m-1778793700,Up,0.5,20.0,20.0,,,,,
1778793700000000,FILL,maker_bid_hit,btc-updown-5m-1778793700,Down,0.5,20.0,20.0,,,,,
1778793700000000,FILL,maker_bid_hit,btc-updown-5m-1778793700,Down,0.5,20.0,20.0,,,,,
1778793700000000,FILL,maker_bid_hit,btc-updown-5m-1778793700,Up,0.5,20.0,20.0,,,,,
1778793700000000,FILL,maker_bid_hit,btc-updown-5m-1778793700,Down,0.5,20.0,20.0,,,,,
1778793700000000,FILL,maker_bid_hit,btc-updown-5m-1778793700,Down,0.5,20.0,20.0,,,,,
1778794000000000,LOG_SLUG_COMPLETE,slug_resolved,btc-updown-5m-1778793700,,,,,Down,-4.9802,,,
